path	lines	object_or_application	live_inbound_sources	superseding_owner	disposition	target	verification
archive/README.md	32	frozen_archive	1	unresolved	unresolved_law_and_citation_audit	git_revision_or_live_owner	static_inbound_link_scan_at_d17910d3
archive/cpp-engine/CMakeLists.txt	359	frozen_archive	0	unresolved	unresolved_law_and_citation_audit	git_revision_or_live_owner	static_inbound_link_scan_at_d17910d3
archive/cpp-engine/CONSTRUCTION_STATE.md	631	frozen_archive	1	unresolved	unresolved_law_and_citation_audit	git_revision_or_live_owner	static_inbound_link_scan_at_d17910d3
archive/cpp-engine/SHA256SUMS	1079	frozen_archive	0	unresolved	unresolved_law_and_citation_audit	git_revision_or_live_owner	static_inbound_link_scan_at_d17910d3
archive/cpp-engine/cmake/ConditionedProduction.cmake	32	frozen_archive	0	unresolved	unresolved_law_and_citation_audit	git_revision_or_live_owner	static_inbound_link_scan_at_d17910d3
archive/cpp-engine/cmake/ConstraintRebase.cmake	10	frozen_archive	0	unresolved	unresolved_law_and_citation_audit	git_revision_or_live_owner	static_inbound_link_scan_at_d17910d3
archive/cpp-engine/cmake/ExpectAuditFailure.cmake	25	frozen_archive	0	unresolved	unresolved_law_and_citation_audit	git_revision_or_live_owner	static_inbound_link_scan_at_d17910d3
archive/cpp-engine/cmake/ExpectCompileFailure.cmake	23	frozen_archive	0	unresolved	unresolved_law_and_citation_audit	git_revision_or_live_owner	static_inbound_link_scan_at_d17910d3
archive/cpp-engine/cmake/GrownCircuit.cmake	13	frozen_archive	0	unresolved	unresolved_law_and_citation_audit	git_revision_or_live_owner	static_inbound_link_scan_at_d17910d3
archive/cpp-engine/cmake/HolonicArchitecture.cmake	38	frozen_archive	0	unresolved	unresolved_law_and_citation_audit	git_revision_or_live_owner	static_inbound_link_scan_at_d17910d3
archive/cpp-engine/cmake/HolonicAudit.cmake	201	frozen_archive	0	unresolved	unresolved_law_and_citation_audit	git_revision_or_live_owner	static_inbound_link_scan_at_d17910d3
archive/cpp-engine/cmake/HolonicContractTests.cmake	38	frozen_archive	0	unresolved	unresolved_law_and_citation_audit	git_revision_or_live_owner	static_inbound_link_scan_at_d17910d3
archive/cpp-engine/cmake/HolonicDeposit.cmake	127	frozen_archive	0	unresolved	unresolved_law_and_citation_audit	git_revision_or_live_owner	static_inbound_link_scan_at_d17910d3
archive/cpp-engine/cmake/HolonicFingerprint.cmake	27	frozen_archive	0	unresolved	unresolved_law_and_citation_audit	git_revision_or_live_owner	static_inbound_link_scan_at_d17910d3
archive/cpp-engine/cmake/HolonicReach.cmake	109	frozen_archive	0	unresolved	unresolved_law_and_citation_audit	git_revision_or_live_owner	static_inbound_link_scan_at_d17910d3
archive/cpp-engine/cmake/HolonicRegistry.cmake	94	frozen_archive	0	unresolved	unresolved_law_and_citation_audit	git_revision_or_live_owner	static_inbound_link_scan_at_d17910d3
archive/cpp-engine/cmake/HolonicStanding.cmake	286	frozen_archive	0	unresolved	unresolved_law_and_citation_audit	git_revision_or_live_owner	static_inbound_link_scan_at_d17910d3
archive/cpp-engine/cmake/MovementAEnclosure.cmake	79	frozen_archive	0	unresolved	unresolved_law_and_citation_audit	git_revision_or_live_owner	static_inbound_link_scan_at_d17910d3
archive/cpp-engine/cmake/OneStanding.cmake	11	frozen_archive	0	unresolved	unresolved_law_and_citation_audit	git_revision_or_live_owner	static_inbound_link_scan_at_d17910d3
archive/cpp-engine/cmake/PhaseResidentMount.cmake	67	frozen_archive	0	unresolved	unresolved_law_and_citation_audit	git_revision_or_live_owner	static_inbound_link_scan_at_d17910d3
archive/cpp-engine/cmake/PhaseSpine.cmake	85	frozen_archive	0	unresolved	unresolved_law_and_citation_audit	git_revision_or_live_owner	static_inbound_link_scan_at_d17910d3
archive/cpp-engine/cmake/PhaseTextMount.cmake	66	frozen_archive	0	unresolved	unresolved_law_and_citation_audit	git_revision_or_live_owner	static_inbound_link_scan_at_d17910d3
archive/cpp-engine/cmake/R11MathematicalOccurrenceEcology.cmake	81	frozen_archive	0	unresolved	unresolved_law_and_citation_audit	git_revision_or_live_owner	static_inbound_link_scan_at_d17910d3
archive/cpp-engine/cmake/R18PhaseCrystalHypergeometry.cmake	110	frozen_archive	0	unresolved	unresolved_law_and_citation_audit	git_revision_or_live_owner	static_inbound_link_scan_at_d17910d3
archive/cpp-engine/cmake/R19CharacteristicReturn.cmake	94	frozen_archive	0	unresolved	unresolved_law_and_citation_audit	git_revision_or_live_owner	static_inbound_link_scan_at_d17910d3
archive/cpp-engine/cmake/R1Exact.cmake	81	frozen_archive	0	unresolved	unresolved_law_and_citation_audit	git_revision_or_live_owner	static_inbound_link_scan_at_d17910d3
archive/cpp-engine/cmake/R20RegularSingularContinuation.cmake	94	frozen_archive	0	unresolved	unresolved_law_and_citation_audit	git_revision_or_live_owner	static_inbound_link_scan_at_d17910d3
archive/cpp-engine/cmake/R21BlindCharacteristicReconstruction.cmake	105	frozen_archive	0	unresolved	unresolved_law_and_citation_audit	git_revision_or_live_owner	static_inbound_link_scan_at_d17910d3
archive/cpp-engine/cmake/R22CMNormOneIncidence.cmake	98	frozen_archive	0	unresolved	unresolved_law_and_citation_audit	git_revision_or_live_owner	static_inbound_link_scan_at_d17910d3
archive/cpp-engine/cmake/R23ToricCycleClass.cmake	99	frozen_archive	0	unresolved	unresolved_law_and_citation_audit	git_revision_or_live_owner	static_inbound_link_scan_at_d17910d3
archive/cpp-engine/cmake/R24AlgebraicVariation.cmake	96	frozen_archive	0	unresolved	unresolved_law_and_citation_audit	git_revision_or_live_owner	static_inbound_link_scan_at_d17910d3
archive/cpp-engine/cmake/R25CausalLinearChain.cmake	104	frozen_archive	0	unresolved	unresolved_law_and_citation_audit	git_revision_or_live_owner	static_inbound_link_scan_at_d17910d3
archive/cpp-engine/cmake/R26IntrinsicHypergeometry.cmake	103	frozen_archive	0	unresolved	unresolved_law_and_citation_audit	git_revision_or_live_owner	static_inbound_link_scan_at_d17910d3
archive/cpp-engine/cmake/R27ExpressionGeometry.cmake	97	frozen_archive	0	unresolved	unresolved_law_and_citation_audit	git_revision_or_live_owner	static_inbound_link_scan_at_d17910d3
archive/cpp-engine/cmake/R28HodgeRealization.cmake	91	frozen_archive	0	unresolved	unresolved_law_and_citation_audit	git_revision_or_live_owner	static_inbound_link_scan_at_d17910d3
archive/cpp-engine/cmake/R29ArithmeticSpectral.cmake	90	frozen_archive	0	unresolved	unresolved_law_and_citation_audit	git_revision_or_live_owner	static_inbound_link_scan_at_d17910d3
archive/cpp-engine/cmake/R2Structure.cmake	91	frozen_archive	0	unresolved	unresolved_law_and_citation_audit	git_revision_or_live_owner	static_inbound_link_scan_at_d17910d3
archive/cpp-engine/cmake/R30PluralRederivation.cmake	144	frozen_archive	0	unresolved	unresolved_law_and_citation_audit	git_revision_or_live_owner	static_inbound_link_scan_at_d17910d3
archive/cpp-engine/cmake/R30SealComparison.cmake	70	frozen_archive	0	unresolved	unresolved_law_and_citation_audit	git_revision_or_live_owner	static_inbound_link_scan_at_d17910d3
archive/cpp-engine/cmake/R30SourceAccessAudit.cmake	82	frozen_archive	0	unresolved	unresolved_law_and_citation_audit	git_revision_or_live_owner	static_inbound_link_scan_at_d17910d3
archive/cpp-engine/cmake/R31CultivatedMathematicalOrgans.cmake	193	frozen_archive	0	unresolved	unresolved_law_and_citation_audit	git_revision_or_live_owner	static_inbound_link_scan_at_d17910d3
archive/cpp-engine/cmake/R31Determinism.cmake	57	frozen_archive	0	unresolved	unresolved_law_and_citation_audit	git_revision_or_live_owner	static_inbound_link_scan_at_d17910d3
archive/cpp-engine/cmake/R31Seal.cmake	23	frozen_archive	0	unresolved	unresolved_law_and_citation_audit	git_revision_or_live_owner	static_inbound_link_scan_at_d17910d3
archive/cpp-engine/cmake/R31SourceAccessAudit.cmake	92	frozen_archive	0	unresolved	unresolved_law_and_citation_audit	git_revision_or_live_owner	static_inbound_link_scan_at_d17910d3
archive/cpp-engine/cmake/R32CanonComparison.cmake	55	frozen_archive	0	unresolved	unresolved_law_and_citation_audit	git_revision_or_live_owner	static_inbound_link_scan_at_d17910d3
archive/cpp-engine/cmake/R32Determinism.cmake	62	frozen_archive	0	unresolved	unresolved_law_and_citation_audit	git_revision_or_live_owner	static_inbound_link_scan_at_d17910d3
archive/cpp-engine/cmake/R32ElementarySelfDerivation.cmake	76	frozen_archive	0	unresolved	unresolved_law_and_citation_audit	git_revision_or_live_owner	static_inbound_link_scan_at_d17910d3
archive/cpp-engine/cmake/R32ElementaryTests.cmake	97	frozen_archive	0	unresolved	unresolved_law_and_citation_audit	git_revision_or_live_owner	static_inbound_link_scan_at_d17910d3
archive/cpp-engine/cmake/R32Seal.cmake	24	frozen_archive	0	unresolved	unresolved_law_and_citation_audit	git_revision_or_live_owner	static_inbound_link_scan_at_d17910d3
archive/cpp-engine/cmake/R32SourceAccessAudit.cmake	93	frozen_archive	0	unresolved	unresolved_law_and_citation_audit	git_revision_or_live_owner	static_inbound_link_scan_at_d17910d3
archive/cpp-engine/cmake/R33CharacteristicHypergeometry.cmake	80	frozen_archive	0	unresolved	unresolved_law_and_citation_audit	git_revision_or_live_owner	static_inbound_link_scan_at_d17910d3
archive/cpp-engine/cmake/R33CharacteristicTests.cmake	98	frozen_archive	0	unresolved	unresolved_law_and_citation_audit	git_revision_or_live_owner	static_inbound_link_scan_at_d17910d3
archive/cpp-engine/cmake/R33Determinism.cmake	63	frozen_archive	0	unresolved	unresolved_law_and_citation_audit	git_revision_or_live_owner	static_inbound_link_scan_at_d17910d3
archive/cpp-engine/cmake/R33LiteratureComparison.cmake	42	frozen_archive	0	unresolved	unresolved_law_and_citation_audit	git_revision_or_live_owner	static_inbound_link_scan_at_d17910d3
archive/cpp-engine/cmake/R33SanitizerAudit.cmake	33	frozen_archive	0	unresolved	unresolved_law_and_citation_audit	git_revision_or_live_owner	static_inbound_link_scan_at_d17910d3
archive/cpp-engine/cmake/R33Seal.cmake	24	frozen_archive	0	unresolved	unresolved_law_and_citation_audit	git_revision_or_live_owner	static_inbound_link_scan_at_d17910d3
archive/cpp-engine/cmake/R33SourceAccessAudit.cmake	94	frozen_archive	0	unresolved	unresolved_law_and_citation_audit	git_revision_or_live_owner	static_inbound_link_scan_at_d17910d3
archive/cpp-engine/cmake/R34Determinism.cmake	63	frozen_archive	0	unresolved	unresolved_law_and_citation_audit	git_revision_or_live_owner	static_inbound_link_scan_at_d17910d3
archive/cpp-engine/cmake/R34LiteratureComparison.cmake	47	frozen_archive	0	unresolved	unresolved_law_and_citation_audit	git_revision_or_live_owner	static_inbound_link_scan_at_d17910d3
archive/cpp-engine/cmake/R34SanitizerAudit.cmake	33	frozen_archive	0	unresolved	unresolved_law_and_citation_audit	git_revision_or_live_owner	static_inbound_link_scan_at_d17910d3
archive/cpp-engine/cmake/R34Seal.cmake	24	frozen_archive	0	unresolved	unresolved_law_and_citation_audit	git_revision_or_live_owner	static_inbound_link_scan_at_d17910d3
archive/cpp-engine/cmake/R34SourceAccessAudit.cmake	95	frozen_archive	0	unresolved	unresolved_law_and_citation_audit	git_revision_or_live_owner	static_inbound_link_scan_at_d17910d3
archive/cpp-engine/cmake/R34TraceFiber.cmake	94	frozen_archive	0	unresolved	unresolved_law_and_citation_audit	git_revision_or_live_owner	static_inbound_link_scan_at_d17910d3
archive/cpp-engine/cmake/R34TraceFiberTests.cmake	100	frozen_archive	0	unresolved	unresolved_law_and_citation_audit	git_revision_or_live_owner	static_inbound_link_scan_at_d17910d3
archive/cpp-engine/cmake/R35Determinism.cmake	85	frozen_archive	0	unresolved	unresolved_law_and_citation_audit	git_revision_or_live_owner	static_inbound_link_scan_at_d17910d3
archive/cpp-engine/cmake/R35LiteratureComparison.cmake	44	frozen_archive	0	unresolved	unresolved_law_and_citation_audit	git_revision_or_live_owner	static_inbound_link_scan_at_d17910d3
archive/cpp-engine/cmake/R35SanitizerAudit.cmake	33	frozen_archive	0	unresolved	unresolved_law_and_citation_audit	git_revision_or_live_owner	static_inbound_link_scan_at_d17910d3
archive/cpp-engine/cmake/R35Seal.cmake	24	frozen_archive	0	unresolved	unresolved_law_and_citation_audit	git_revision_or_live_owner	static_inbound_link_scan_at_d17910d3
archive/cpp-engine/cmake/R35SourceAccessAudit.cmake	94	frozen_archive	0	unresolved	unresolved_law_and_citation_audit	git_revision_or_live_owner	static_inbound_link_scan_at_d17910d3
archive/cpp-engine/cmake/R35TraceRebase.cmake	102	frozen_archive	0	unresolved	unresolved_law_and_citation_audit	git_revision_or_live_owner	static_inbound_link_scan_at_d17910d3
archive/cpp-engine/cmake/R35TraceRebaseTests.cmake	98	frozen_archive	0	unresolved	unresolved_law_and_citation_audit	git_revision_or_live_owner	static_inbound_link_scan_at_d17910d3
archive/cpp-engine/cmake/R3SourceTopology.cmake	116	frozen_archive	0	unresolved	unresolved_law_and_citation_audit	git_revision_or_live_owner	static_inbound_link_scan_at_d17910d3
archive/cpp-engine/cmake/R4BodyLifecycle.cmake	97	frozen_archive	0	unresolved	unresolved_law_and_citation_audit	git_revision_or_live_owner	static_inbound_link_scan_at_d17910d3
archive/cpp-engine/cmake/R5CausalCurrent.cmake	91	frozen_archive	0	unresolved	unresolved_law_and_citation_audit	git_revision_or_live_owner	static_inbound_link_scan_at_d17910d3
archive/cpp-engine/cmake/R6ManyCurrentWeave.cmake	94	frozen_archive	0	unresolved	unresolved_law_and_citation_audit	git_revision_or_live_owner	static_inbound_link_scan_at_d17910d3
archive/cpp-engine/cmake/R7CoreReceiverGeometry.cmake	101	frozen_archive	0	unresolved	unresolved_law_and_citation_audit	git_revision_or_live_owner	static_inbound_link_scan_at_d17910d3
archive/cpp-engine/cmake/R8StatefulBoundaryCondensation.cmake	94	frozen_archive	0	unresolved	unresolved_law_and_citation_audit	git_revision_or_live_owner	static_inbound_link_scan_at_d17910d3
archive/cpp-engine/cmake/R9AgnosticCodecsReflection.cmake	97	frozen_archive	0	unresolved	unresolved_law_and_citation_audit	git_revision_or_live_owner	static_inbound_link_scan_at_d17910d3
archive/cpp-engine/cmake/Toolchain.cmake	13	frozen_archive	0	unresolved	unresolved_law_and_citation_audit	git_revision_or_live_owner	static_inbound_link_scan_at_d17910d3
archive/cpp-engine/cmake/VerifyToolchain.cmake	84	frozen_archive	0	unresolved	unresolved_law_and_citation_audit	git_revision_or_live_owner	static_inbound_link_scan_at_d17910d3
archive/cpp-engine/cmake/WriteBuildManifest.cmake	177	frozen_archive	0	unresolved	unresolved_law_and_citation_audit	git_revision_or_live_owner	static_inbound_link_scan_at_d17910d3
archive/cpp-engine/evidence/README.md	10	frozen_archive	0	unresolved	unresolved_law_and_citation_audit	git_revision_or_live_owner	static_inbound_link_scan_at_d17910d3
archive/cpp-engine/evidence/observations/arc-return-rebase-world-01/RESULTS.md	195	frozen_archive	0	unresolved	unresolved_law_and_citation_audit	git_revision_or_live_owner	static_inbound_link_scan_at_d17910d3
archive/cpp-engine/evidence/observations/arc-spectral-world-01/RESULTS.md	176	frozen_archive	0	unresolved	unresolved_law_and_citation_audit	git_revision_or_live_owner	static_inbound_link_scan_at_d17910d3
archive/cpp-engine/evidence/observations/bounded-polyglot-geometric-world-01/REPORT.json	6618	frozen_archive	0	unresolved	unresolved_law_and_citation_audit	git_revision_or_live_owner	static_inbound_link_scan_at_d17910d3
archive/cpp-engine/evidence/observations/bounded-polyglot-geometric-world-01/RESULTS.md	165	frozen_archive	0	unresolved	unresolved_law_and_citation_audit	git_revision_or_live_owner	static_inbound_link_scan_at_d17910d3
archive/cpp-engine/evidence/observations/caption-recognition-01/README.md	53	frozen_archive	0	unresolved	unresolved_law_and_citation_audit	git_revision_or_live_owner	static_inbound_link_scan_at_d17910d3
archive/cpp-engine/evidence/observations/caption-recognition-02/README.md	51	frozen_archive	0	unresolved	unresolved_law_and_citation_audit	git_revision_or_live_owner	static_inbound_link_scan_at_d17910d3
archive/cpp-engine/evidence/observations/causal-taxonomy-world-01/RESULTS.md	164	frozen_archive	0	unresolved	unresolved_law_and_citation_audit	git_revision_or_live_owner	static_inbound_link_scan_at_d17910d3
archive/cpp-engine/evidence/observations/changed-view-return-01/README.md	74	frozen_archive	0	unresolved	unresolved_law_and_citation_audit	git_revision_or_live_owner	static_inbound_link_scan_at_d17910d3
archive/cpp-engine/evidence/observations/chronological-language-taxonomy-world-01/RESULTS.md	228	frozen_archive	0	unresolved	unresolved_law_and_citation_audit	git_revision_or_live_owner	static_inbound_link_scan_at_d17910d3
archive/cpp-engine/evidence/observations/circuit-atlas-01/README.md	14	frozen_archive	0	unresolved	unresolved_law_and_citation_audit	git_revision_or_live_owner	static_inbound_link_scan_at_d17910d3
archive/cpp-engine/evidence/observations/circuit-atlas-01/RESULTS.md	133	frozen_archive	0	unresolved	unresolved_law_and_citation_audit	git_revision_or_live_owner	static_inbound_link_scan_at_d17910d3
archive/cpp-engine/evidence/observations/circuit-bridge-01/RESULTS.md	225	frozen_archive	0	unresolved	unresolved_law_and_citation_audit	git_revision_or_live_owner	static_inbound_link_scan_at_d17910d3
archive/cpp-engine/evidence/observations/circuit-contact-01/RESULTS.md	189	frozen_archive	0	unresolved	unresolved_law_and_citation_audit	git_revision_or_live_owner	static_inbound_link_scan_at_d17910d3
archive/cpp-engine/evidence/observations/circuit-ecology-01/README.md	53	frozen_archive	0	unresolved	unresolved_law_and_citation_audit	git_revision_or_live_owner	static_inbound_link_scan_at_d17910d3
archive/cpp-engine/evidence/observations/circuit-ecology-01/RESULTS.md	117	frozen_archive	0	unresolved	unresolved_law_and_citation_audit	git_revision_or_live_owner	static_inbound_link_scan_at_d17910d3
archive/cpp-engine/evidence/observations/circuit-medium-01/RESULTS.md	174	frozen_archive	0	unresolved	unresolved_law_and_citation_audit	git_revision_or_live_owner	static_inbound_link_scan_at_d17910d3
archive/cpp-engine/evidence/observations/circuit-navigation-01/README.md	23	frozen_archive	0	unresolved	unresolved_law_and_citation_audit	git_revision_or_live_owner	static_inbound_link_scan_at_d17910d3
archive/cpp-engine/evidence/observations/circuit-navigation-01/RESULTS.md	184	frozen_archive	0	unresolved	unresolved_law_and_citation_audit	git_revision_or_live_owner	static_inbound_link_scan_at_d17910d3
archive/cpp-engine/evidence/observations/circuit-navigation-02/README.md	22	frozen_archive	0	unresolved	unresolved_law_and_citation_audit	git_revision_or_live_owner	static_inbound_link_scan_at_d17910d3
archive/cpp-engine/evidence/observations/circuit-navigation-02/RESULTS.md	235	frozen_archive	0	unresolved	unresolved_law_and_citation_audit	git_revision_or_live_owner	static_inbound_link_scan_at_d17910d3
archive/cpp-engine/evidence/observations/circuit-navigation-03/README.md	15	frozen_archive	0	unresolved	unresolved_law_and_citation_audit	git_revision_or_live_owner	static_inbound_link_scan_at_d17910d3
archive/cpp-engine/evidence/observations/circuit-new-light-01/README.md	64	frozen_archive	0	unresolved	unresolved_law_and_citation_audit	git_revision_or_live_owner	static_inbound_link_scan_at_d17910d3
archive/cpp-engine/evidence/observations/circuit-new-light-01/RESULTS.md	369	frozen_archive	0	unresolved	unresolved_law_and_citation_audit	git_revision_or_live_owner	static_inbound_link_scan_at_d17910d3
archive/cpp-engine/evidence/observations/code-grammar-world-01/RESULTS.md	252	frozen_archive	1	unresolved	unresolved_law_and_citation_audit	git_revision_or_live_owner	static_inbound_link_scan_at_d17910d3
archive/cpp-engine/evidence/observations/code-highlight-01/README.md	58	frozen_archive	0	unresolved	unresolved_law_and_citation_audit	git_revision_or_live_owner	static_inbound_link_scan_at_d17910d3
archive/cpp-engine/evidence/observations/code-language-limb-workshop-01/RESULTS.md	107	frozen_archive	0	unresolved	unresolved_law_and_citation_audit	git_revision_or_live_owner	static_inbound_link_scan_at_d17910d3
archive/cpp-engine/evidence/observations/code-language-transformation-workshop-01/RESULTS.md	251	frozen_archive	0	unresolved	unresolved_law_and_citation_audit	git_revision_or_live_owner	static_inbound_link_scan_at_d17910d3
archive/cpp-engine/evidence/observations/code-objective-world-01/RESULTS.md	192	frozen_archive	0	unresolved	unresolved_law_and_citation_audit	git_revision_or_live_owner	static_inbound_link_scan_at_d17910d3
archive/cpp-engine/evidence/observations/code-world-01/README.md	37	frozen_archive	0	unresolved	unresolved_law_and_citation_audit	git_revision_or_live_owner	static_inbound_link_scan_at_d17910d3
archive/cpp-engine/evidence/observations/code-world-02/README.md	69	frozen_archive	0	unresolved	unresolved_law_and_citation_audit	git_revision_or_live_owner	static_inbound_link_scan_at_d17910d3
archive/cpp-engine/evidence/observations/code-world-03/README.md	78	frozen_archive	0	unresolved	unresolved_law_and_citation_audit	git_revision_or_live_owner	static_inbound_link_scan_at_d17910d3
archive/cpp-engine/evidence/observations/constraint-deed-world-01/RESULTS.md	294	frozen_archive	0	unresolved	unresolved_law_and_citation_audit	git_revision_or_live_owner	static_inbound_link_scan_at_d17910d3
archive/cpp-engine/evidence/observations/constraint-leaf-world-01/RESULTS.md	305	frozen_archive	0	unresolved	unresolved_law_and_citation_audit	git_revision_or_live_owner	static_inbound_link_scan_at_d17910d3
archive/cpp-engine/evidence/observations/construction-boundary-01/RESULTS.md	178	frozen_archive	0	unresolved	unresolved_law_and_citation_audit	git_revision_or_live_owner	static_inbound_link_scan_at_d17910d3
archive/cpp-engine/evidence/observations/contextual-text-ecology-01/RESULTS.md	220	frozen_archive	0	unresolved	unresolved_law_and_citation_audit	git_revision_or_live_owner	static_inbound_link_scan_at_d17910d3
archive/cpp-engine/evidence/observations/conversation-consequence-01/README.md	75	frozen_archive	0	unresolved	unresolved_law_and_citation_audit	git_revision_or_live_owner	static_inbound_link_scan_at_d17910d3
archive/cpp-engine/evidence/observations/conversation-consequence-01/RESULTS.md	101	frozen_archive	0	unresolved	unresolved_law_and_citation_audit	git_revision_or_live_owner	static_inbound_link_scan_at_d17910d3
archive/cpp-engine/evidence/observations/conversation-horizon-01/README.md	77	frozen_archive	0	unresolved	unresolved_law_and_citation_audit	git_revision_or_live_owner	static_inbound_link_scan_at_d17910d3
archive/cpp-engine/evidence/observations/conversation-horizon-01/RESULTS.md	123	frozen_archive	0	unresolved	unresolved_law_and_citation_audit	git_revision_or_live_owner	static_inbound_link_scan_at_d17910d3
archive/cpp-engine/evidence/observations/conversation-repository-forest-01/RESULTS.md	272	frozen_archive	0	unresolved	unresolved_law_and_citation_audit	git_revision_or_live_owner	static_inbound_link_scan_at_d17910d3
archive/cpp-engine/evidence/observations/conversation-repository-forest-01/autonomous-live-cycle-v2/RESULTS.md	54	frozen_archive	0	unresolved	unresolved_law_and_citation_audit	git_revision_or_live_owner	static_inbound_link_scan_at_d17910d3
archive/cpp-engine/evidence/observations/conversation-workshop-01/README.md	46	frozen_archive	0	unresolved	unresolved_law_and_citation_audit	git_revision_or_live_owner	static_inbound_link_scan_at_d17910d3
archive/cpp-engine/evidence/observations/conversation-workshop-01/RESULTS.md	83	frozen_archive	0	unresolved	unresolved_law_and_citation_audit	git_revision_or_live_owner	static_inbound_link_scan_at_d17910d3
archive/cpp-engine/evidence/observations/coupled-page-01/README.md	90	frozen_archive	0	unresolved	unresolved_law_and_citation_audit	git_revision_or_live_owner	static_inbound_link_scan_at_d17910d3
archive/cpp-engine/evidence/observations/cross-rendering-contact-01/RESULTS.md	67	frozen_archive	0	unresolved	unresolved_law_and_citation_audit	git_revision_or_live_owner	static_inbound_link_scan_at_d17910d3
archive/cpp-engine/evidence/observations/cuda-continuation-01/README.md	102	frozen_archive	1	unresolved	unresolved_law_and_citation_audit	git_revision_or_live_owner	static_inbound_link_scan_at_d17910d3
archive/cpp-engine/evidence/observations/current-contact-world-01/RESULTS.md	171	frozen_archive	0	unresolved	unresolved_law_and_citation_audit	git_revision_or_live_owner	static_inbound_link_scan_at_d17910d3
archive/cpp-engine/evidence/observations/derivation-ecology-01/RESULTS.md	267	frozen_archive	0	unresolved	unresolved_law_and_citation_audit	git_revision_or_live_owner	static_inbound_link_scan_at_d17910d3
archive/cpp-engine/evidence/observations/elastic-circulation-01/README.md	38	frozen_archive	0	unresolved	unresolved_law_and_citation_audit	git_revision_or_live_owner	static_inbound_link_scan_at_d17910d3
archive/cpp-engine/evidence/observations/elastic-circulation-01/RESULTS.md	66	frozen_archive	0	unresolved	unresolved_law_and_citation_audit	git_revision_or_live_owner	static_inbound_link_scan_at_d17910d3
archive/cpp-engine/evidence/observations/elastic-forest-01/README.md	32	frozen_archive	0	unresolved	unresolved_law_and_citation_audit	git_revision_or_live_owner	static_inbound_link_scan_at_d17910d3
archive/cpp-engine/evidence/observations/elastic-forest-01/RESULTS.md	86	frozen_archive	0	unresolved	unresolved_law_and_citation_audit	git_revision_or_live_owner	static_inbound_link_scan_at_d17910d3
archive/cpp-engine/evidence/observations/elastic-medium-01/README.md	67	frozen_archive	0	unresolved	unresolved_law_and_citation_audit	git_revision_or_live_owner	static_inbound_link_scan_at_d17910d3
archive/cpp-engine/evidence/observations/elastic-medium-02/README.md	25	frozen_archive	0	unresolved	unresolved_law_and_citation_audit	git_revision_or_live_owner	static_inbound_link_scan_at_d17910d3
archive/cpp-engine/evidence/observations/elastic-medium-03/README.md	36	frozen_archive	0	unresolved	unresolved_law_and_citation_audit	git_revision_or_live_owner	static_inbound_link_scan_at_d17910d3
archive/cpp-engine/evidence/observations/elastic-medium-03/RESULTS.md	113	frozen_archive	0	unresolved	unresolved_law_and_citation_audit	git_revision_or_live_owner	static_inbound_link_scan_at_d17910d3
archive/cpp-engine/evidence/observations/elastic-medium-04/README.md	24	frozen_archive	0	unresolved	unresolved_law_and_citation_audit	git_revision_or_live_owner	static_inbound_link_scan_at_d17910d3
archive/cpp-engine/evidence/observations/elastic-medium-04/RESULTS.md	92	frozen_archive	0	unresolved	unresolved_law_and_citation_audit	git_revision_or_live_owner	static_inbound_link_scan_at_d17910d3
archive/cpp-engine/evidence/observations/entangled-receiver-atlas-01/RESULTS.md	196	frozen_archive	0	unresolved	unresolved_law_and_citation_audit	git_revision_or_live_owner	static_inbound_link_scan_at_d17910d3
archive/cpp-engine/evidence/observations/eros-audio-contextual-ecology-01/RESULTS.md	169	frozen_archive	0	unresolved	unresolved_law_and_citation_audit	git_revision_or_live_owner	static_inbound_link_scan_at_d17910d3
archive/cpp-engine/evidence/observations/eros-audio-ctc-path-fiber-01/RESULTS.md	246	frozen_archive	0	unresolved	unresolved_law_and_citation_audit	git_revision_or_live_owner	static_inbound_link_scan_at_d17910d3
archive/cpp-engine/evidence/observations/eros-audio-inscription-01/RESULTS.md	120	frozen_archive	0	unresolved	unresolved_law_and_citation_audit	git_revision_or_live_owner	static_inbound_link_scan_at_d17910d3
archive/cpp-engine/evidence/observations/eros-autonomous-field-01/RESULTS.md	151	frozen_archive	0	unresolved	unresolved_law_and_citation_audit	git_revision_or_live_owner	static_inbound_link_scan_at_d17910d3
archive/cpp-engine/evidence/observations/eros-bounded-causal-code-world-01/RESULTS.md	82	frozen_archive	0	unresolved	unresolved_law_and_citation_audit	git_revision_or_live_owner	static_inbound_link_scan_at_d17910d3
archive/cpp-engine/evidence/observations/eros-bounded-causal-code-world-02/RESULTS.md	77	frozen_archive	0	unresolved	unresolved_law_and_citation_audit	git_revision_or_live_owner	static_inbound_link_scan_at_d17910d3
archive/cpp-engine/evidence/observations/eros-bounded-causal-code-world-03/RESULTS.md	79	frozen_archive	0	unresolved	unresolved_law_and_citation_audit	git_revision_or_live_owner	static_inbound_link_scan_at_d17910d3
archive/cpp-engine/evidence/observations/eros-cohered-corpus-01/RESULTS.md	239	frozen_archive	0	unresolved	unresolved_law_and_citation_audit	git_revision_or_live_owner	static_inbound_link_scan_at_d17910d3
archive/cpp-engine/evidence/observations/eros-conformal-rebase-atlas-01/REPORT.json	2482	frozen_archive	0	unresolved	unresolved_law_and_citation_audit	git_revision_or_live_owner	static_inbound_link_scan_at_d17910d3
archive/cpp-engine/evidence/observations/eros-conformal-rebase-atlas-01/RESULTS.md	321	frozen_archive	0	unresolved	unresolved_law_and_citation_audit	git_revision_or_live_owner	static_inbound_link_scan_at_d17910d3
archive/cpp-engine/evidence/observations/eros-consequential-successor-factor-01/REPORT.json	2617	frozen_archive	0	unresolved	unresolved_law_and_citation_audit	git_revision_or_live_owner	static_inbound_link_scan_at_d17910d3
archive/cpp-engine/evidence/observations/eros-consequential-successor-factor-01/RESULTS.md	160	frozen_archive	0	unresolved	unresolved_law_and_citation_audit	git_revision_or_live_owner	static_inbound_link_scan_at_d17910d3
archive/cpp-engine/evidence/observations/eros-contextual-retriangulation-01/REPORT.json	2203	frozen_archive	0	unresolved	unresolved_law_and_citation_audit	git_revision_or_live_owner	static_inbound_link_scan_at_d17910d3
archive/cpp-engine/evidence/observations/eros-contextual-retriangulation-01/RESULTS.md	194	frozen_archive	0	unresolved	unresolved_law_and_citation_audit	git_revision_or_live_owner	static_inbound_link_scan_at_d17910d3
archive/cpp-engine/evidence/observations/eros-ctc-temporal-surface-01/RESULTS.md	228	frozen_archive	0	unresolved	unresolved_law_and_citation_audit	git_revision_or_live_owner	static_inbound_link_scan_at_d17910d3
archive/cpp-engine/evidence/observations/eros-durable-plural-world-01/RESULTS.md	65	frozen_archive	0	unresolved	unresolved_law_and_citation_audit	git_revision_or_live_owner	static_inbound_link_scan_at_d17910d3
archive/cpp-engine/evidence/observations/eros-euclidean-worldline-01/RESULTS.md	147	frozen_archive	0	unresolved	unresolved_law_and_citation_audit	git_revision_or_live_owner	static_inbound_link_scan_at_d17910d3
archive/cpp-engine/evidence/observations/eros-exact-algorithm-ecology-01/REPORT.json	2686	frozen_archive	0	unresolved	unresolved_law_and_citation_audit	git_revision_or_live_owner	static_inbound_link_scan_at_d17910d3
archive/cpp-engine/evidence/observations/eros-exact-algorithm-ecology-01/RESULTS.md	166	frozen_archive	0	unresolved	unresolved_law_and_citation_audit	git_revision_or_live_owner	static_inbound_link_scan_at_d17910d3
archive/cpp-engine/evidence/observations/eros-exact-growing-calculator-01/RESULTS.md	137	frozen_archive	0	unresolved	unresolved_law_and_citation_audit	git_revision_or_live_owner	static_inbound_link_scan_at_d17910d3
archive/cpp-engine/evidence/observations/eros-formula-aperture-growth-01/REPORT.json	4717	frozen_archive	0	unresolved	unresolved_law_and_citation_audit	git_revision_or_live_owner	static_inbound_link_scan_at_d17910d3
archive/cpp-engine/evidence/observations/eros-formula-aperture-growth-01/RESULTS.md	198	frozen_archive	0	unresolved	unresolved_law_and_citation_audit	git_revision_or_live_owner	static_inbound_link_scan_at_d17910d3
archive/cpp-engine/evidence/observations/eros-formula-ecology-01/REPORT.json	2616	frozen_archive	0	unresolved	unresolved_law_and_citation_audit	git_revision_or_live_owner	static_inbound_link_scan_at_d17910d3
archive/cpp-engine/evidence/observations/eros-formula-ecology-01/RESULTS.md	180	frozen_archive	0	unresolved	unresolved_law_and_citation_audit	git_revision_or_live_owner	static_inbound_link_scan_at_d17910d3
archive/cpp-engine/evidence/observations/eros-formula-efficiency-01/REPORT.json	450	frozen_archive	0	unresolved	unresolved_law_and_citation_audit	git_revision_or_live_owner	static_inbound_link_scan_at_d17910d3
archive/cpp-engine/evidence/observations/eros-formula-efficiency-01/RESULTS.md	186	frozen_archive	0	unresolved	unresolved_law_and_citation_audit	git_revision_or_live_owner	static_inbound_link_scan_at_d17910d3
archive/cpp-engine/evidence/observations/eros-general-text-current-01/RESULTS.md	89	frozen_archive	0	unresolved	unresolved_law_and_citation_audit	git_revision_or_live_owner	static_inbound_link_scan_at_d17910d3
archive/cpp-engine/evidence/observations/eros-holonic-constituent-ecology-01/REPORT.json	4637	frozen_archive	0	unresolved	unresolved_law_and_citation_audit	git_revision_or_live_owner	static_inbound_link_scan_at_d17910d3
archive/cpp-engine/evidence/observations/eros-holonic-constituent-ecology-01/RESULTS.md	131	frozen_archive	0	unresolved	unresolved_law_and_citation_audit	git_revision_or_live_owner	static_inbound_link_scan_at_d17910d3
archive/cpp-engine/evidence/observations/eros-holonic-execution-paths-01/REPORT.json	2500	frozen_archive	0	unresolved	unresolved_law_and_citation_audit	git_revision_or_live_owner	static_inbound_link_scan_at_d17910d3
archive/cpp-engine/evidence/observations/eros-holonic-execution-paths-01/RESULTS.md	97	frozen_archive	0	unresolved	unresolved_law_and_citation_audit	git_revision_or_live_owner	static_inbound_link_scan_at_d17910d3
archive/cpp-engine/evidence/observations/eros-holonic-training-ecology-01/REPORT.json	2672	frozen_archive	0	unresolved	unresolved_law_and_citation_audit	git_revision_or_live_owner	static_inbound_link_scan_at_d17910d3
archive/cpp-engine/evidence/observations/eros-holonic-training-ecology-01/RESULTS.md	65	frozen_archive	0	unresolved	unresolved_law_and_citation_audit	git_revision_or_live_owner	static_inbound_link_scan_at_d17910d3
archive/cpp-engine/evidence/observations/eros-ignition-01/RESULTS.md	237	frozen_archive	0	unresolved	unresolved_law_and_citation_audit	git_revision_or_live_owner	static_inbound_link_scan_at_d17910d3
archive/cpp-engine/evidence/observations/eros-inherited-law-ecology-01/REPORT.json	956	frozen_archive	0	unresolved	unresolved_law_and_citation_audit	git_revision_or_live_owner	static_inbound_link_scan_at_d17910d3
archive/cpp-engine/evidence/observations/eros-inherited-law-ecology-01/RESULTS.md	138	frozen_archive	0	unresolved	unresolved_law_and_citation_audit	git_revision_or_live_owner	static_inbound_link_scan_at_d17910d3
archive/cpp-engine/evidence/observations/eros-joint-current-junction-01/RESULTS.md	164	frozen_archive	0	unresolved	unresolved_law_and_citation_audit	git_revision_or_live_owner	static_inbound_link_scan_at_d17910d3
archive/cpp-engine/evidence/observations/eros-linguistic-code-world-01/RESULTS.md	195	frozen_archive	0	unresolved	unresolved_law_and_citation_audit	git_revision_or_live_owner	static_inbound_link_scan_at_d17910d3
archive/cpp-engine/evidence/observations/eros-live-mouth-cuda-relation-01/RESULTS.md	130	frozen_archive	0	unresolved	unresolved_law_and_citation_audit	git_revision_or_live_owner	static_inbound_link_scan_at_d17910d3
archive/cpp-engine/evidence/observations/eros-membrane-recovery-01/RESULTS.md	215	frozen_archive	0	unresolved	unresolved_law_and_citation_audit	git_revision_or_live_owner	static_inbound_link_scan_at_d17910d3
archive/cpp-engine/evidence/observations/eros-native-world-hand-01/RESULTS.md	104	frozen_archive	0	unresolved	unresolved_law_and_citation_audit	git_revision_or_live_owner	static_inbound_link_scan_at_d17910d3
archive/cpp-engine/evidence/observations/eros-native-world-rest-01/RESULTS.md	112	frozen_archive	0	unresolved	unresolved_law_and_citation_audit	git_revision_or_live_owner	static_inbound_link_scan_at_d17910d3
archive/cpp-engine/evidence/observations/eros-open-comparison-standing-01/RESULTS.md	111	frozen_archive	0	unresolved	unresolved_law_and_citation_audit	git_revision_or_live_owner	static_inbound_link_scan_at_d17910d3
archive/cpp-engine/evidence/observations/eros-ordinary-text-ecology-01/REPORT.json	7048	frozen_archive	0	unresolved	unresolved_law_and_citation_audit	git_revision_or_live_owner	static_inbound_link_scan_at_d17910d3
archive/cpp-engine/evidence/observations/eros-ordinary-text-ecology-01/RESULTS.md	88	frozen_archive	0	unresolved	unresolved_law_and_citation_audit	git_revision_or_live_owner	static_inbound_link_scan_at_d17910d3
archive/cpp-engine/evidence/observations/eros-parameterized-elementary-mechanics-01/RESULTS.md	65	frozen_archive	0	unresolved	unresolved_law_and_citation_audit	git_revision_or_live_owner	static_inbound_link_scan_at_d17910d3
archive/cpp-engine/evidence/observations/eros-parent-on-open-substitution-01/REPORT.json	1295	frozen_archive	0	unresolved	unresolved_law_and_citation_audit	git_revision_or_live_owner	static_inbound_link_scan_at_d17910d3
archive/cpp-engine/evidence/observations/eros-parent-on-open-substitution-01/RESULTS.md	205	frozen_archive	0	unresolved	unresolved_law_and_citation_audit	git_revision_or_live_owner	static_inbound_link_scan_at_d17910d3
archive/cpp-engine/evidence/observations/eros-poisson-tail-transport-01/REPORT.json	214	frozen_archive	0	unresolved	unresolved_law_and_citation_audit	git_revision_or_live_owner	static_inbound_link_scan_at_d17910d3
archive/cpp-engine/evidence/observations/eros-poisson-tail-transport-01/RESULTS.md	171	frozen_archive	0	unresolved	unresolved_law_and_citation_audit	git_revision_or_live_owner	static_inbound_link_scan_at_d17910d3
archive/cpp-engine/evidence/observations/eros-precessing-chord-conic-transport-01/REPORT.json	2162	frozen_archive	0	unresolved	unresolved_law_and_citation_audit	git_revision_or_live_owner	static_inbound_link_scan_at_d17910d3
archive/cpp-engine/evidence/observations/eros-precessing-chord-conic-transport-01/RESULTS.md	350	frozen_archive	0	unresolved	unresolved_law_and_citation_audit	git_revision_or_live_owner	static_inbound_link_scan_at_d17910d3
archive/cpp-engine/evidence/observations/eros-pretrained-ecology-cultivation-01/REPORT.json	2933	frozen_archive	0	unresolved	unresolved_law_and_citation_audit	git_revision_or_live_owner	static_inbound_link_scan_at_d17910d3
archive/cpp-engine/evidence/observations/eros-pretrained-ecology-cultivation-01/RESULTS.md	179	frozen_archive	0	unresolved	unresolved_law_and_citation_audit	git_revision_or_live_owner	static_inbound_link_scan_at_d17910d3
archive/cpp-engine/evidence/observations/eros-receiver-relative-field-01/REPORT.json	1395	frozen_archive	0	unresolved	unresolved_law_and_citation_audit	git_revision_or_live_owner	static_inbound_link_scan_at_d17910d3
archive/cpp-engine/evidence/observations/eros-receiver-relative-field-01/RESULTS.md	183	frozen_archive	0	unresolved	unresolved_law_and_citation_audit	git_revision_or_live_owner	static_inbound_link_scan_at_d17910d3
archive/cpp-engine/evidence/observations/eros-regional-memory-01/RESULTS.md	148	frozen_archive	0	unresolved	unresolved_law_and_citation_audit	git_revision_or_live_owner	static_inbound_link_scan_at_d17910d3
archive/cpp-engine/evidence/observations/eros-resident-live-weave-01/RESULTS.md	100	frozen_archive	0	unresolved	unresolved_law_and_citation_audit	git_revision_or_live_owner	static_inbound_link_scan_at_d17910d3
archive/cpp-engine/evidence/observations/eros-residual-chart-cultivation-01/REPORT.json	2495	frozen_archive	0	unresolved	unresolved_law_and_citation_audit	git_revision_or_live_owner	static_inbound_link_scan_at_d17910d3
archive/cpp-engine/evidence/observations/eros-residual-chart-cultivation-01/RESULTS.md	230	frozen_archive	0	unresolved	unresolved_law_and_citation_audit	git_revision_or_live_owner	static_inbound_link_scan_at_d17910d3
archive/cpp-engine/evidence/observations/eros-residue-chart-scale-01/RESULTS.md	117	frozen_archive	0	unresolved	unresolved_law_and_citation_audit	git_revision_or_live_owner	static_inbound_link_scan_at_d17910d3
archive/cpp-engine/evidence/observations/eros-retriangulating-branch-transport-01/REPORT.json	787	frozen_archive	0	unresolved	unresolved_law_and_citation_audit	git_revision_or_live_owner	static_inbound_link_scan_at_d17910d3
archive/cpp-engine/evidence/observations/eros-retriangulating-branch-transport-01/RESULTS.md	200	frozen_archive	0	unresolved	unresolved_law_and_citation_audit	git_revision_or_live_owner	static_inbound_link_scan_at_d17910d3
archive/cpp-engine/evidence/observations/eros-self-emanated-law-01/REPORT.json	1471	frozen_archive	0	unresolved	unresolved_law_and_citation_audit	git_revision_or_live_owner	static_inbound_link_scan_at_d17910d3
archive/cpp-engine/evidence/observations/eros-self-emanated-law-01/RESULTS.md	148	frozen_archive	0	unresolved	unresolved_law_and_citation_audit	git_revision_or_live_owner	static_inbound_link_scan_at_d17910d3
archive/cpp-engine/evidence/observations/eros-source-native-code-grounded-01/RESULTS.md	76	frozen_archive	0	unresolved	unresolved_law_and_citation_audit	git_revision_or_live_owner	static_inbound_link_scan_at_d17910d3
archive/cpp-engine/evidence/observations/eros-source-native-code-world-01/RESULTS.md	143	frozen_archive	0	unresolved	unresolved_law_and_citation_audit	git_revision_or_live_owner	static_inbound_link_scan_at_d17910d3
archive/cpp-engine/evidence/observations/eros-text-training-01/RESULTS.md	193	frozen_archive	0	unresolved	unresolved_law_and_citation_audit	git_revision_or_live_owner	static_inbound_link_scan_at_d17910d3
archive/cpp-engine/evidence/observations/eros-theta-mellin-aperture-01/REPORT.json	210	frozen_archive	0	unresolved	unresolved_law_and_citation_audit	git_revision_or_live_owner	static_inbound_link_scan_at_d17910d3
archive/cpp-engine/evidence/observations/eros-theta-mellin-aperture-01/RESULTS.md	203	frozen_archive	0	unresolved	unresolved_law_and_citation_audit	git_revision_or_live_owner	static_inbound_link_scan_at_d17910d3
archive/cpp-engine/evidence/observations/eros-transcendental-presentation-topology-01/REPORT.json	15778	frozen_archive	0	unresolved	unresolved_law_and_citation_audit	git_revision_or_live_owner	static_inbound_link_scan_at_d17910d3
archive/cpp-engine/evidence/observations/eros-transcendental-presentation-topology-01/RESULTS.md	505	frozen_archive	0	unresolved	unresolved_law_and_citation_audit	git_revision_or_live_owner	static_inbound_link_scan_at_d17910d3
archive/cpp-engine/evidence/observations/eros-transformer-contextual-hexis-01/REPORT.json	5054	frozen_archive	0	unresolved	unresolved_law_and_citation_audit	git_revision_or_live_owner	static_inbound_link_scan_at_d17910d3
archive/cpp-engine/evidence/observations/eros-transformer-contextual-hexis-01/RESULTS.md	160	frozen_archive	0	unresolved	unresolved_law_and_citation_audit	git_revision_or_live_owner	static_inbound_link_scan_at_d17910d3
archive/cpp-engine/evidence/observations/eros-transformer-seeded-regional-ecology-01/RESULTS.md	149	frozen_archive	1	unresolved	unresolved_law_and_citation_audit	git_revision_or_live_owner	static_inbound_link_scan_at_d17910d3
archive/cpp-engine/evidence/observations/eros-transformer-translation-atlas-01/REPORT.json	3027	frozen_archive	0	unresolved	unresolved_law_and_citation_audit	git_revision_or_live_owner	static_inbound_link_scan_at_d17910d3
archive/cpp-engine/evidence/observations/eros-transformer-translation-atlas-01/RESULTS.md	111	frozen_archive	0	unresolved	unresolved_law_and_citation_audit	git_revision_or_live_owner	static_inbound_link_scan_at_d17910d3
archive/cpp-engine/evidence/observations/factor-derivation-ecology-01/RESULTS.md	161	frozen_archive	0	unresolved	unresolved_law_and_citation_audit	git_revision_or_live_owner	static_inbound_link_scan_at_d17910d3
archive/cpp-engine/evidence/observations/factor-palindrome-world-01/RESULTS.md	342	frozen_archive	0	unresolved	unresolved_law_and_citation_audit	git_revision_or_live_owner	static_inbound_link_scan_at_d17910d3
archive/cpp-engine/evidence/observations/gear-sheet-world-01/RESULTS.md	216	frozen_archive	0	unresolved	unresolved_law_and_citation_audit	git_revision_or_live_owner	static_inbound_link_scan_at_d17910d3
archive/cpp-engine/evidence/observations/hamiltonian-poincare-world-01/RESULTS.md	259	frozen_archive	0	unresolved	unresolved_law_and_citation_audit	git_revision_or_live_owner	static_inbound_link_scan_at_d17910d3
archive/cpp-engine/evidence/observations/holon-membrane-01/RESULTS.md	154	frozen_archive	0	unresolved	unresolved_law_and_citation_audit	git_revision_or_live_owner	static_inbound_link_scan_at_d17910d3
archive/cpp-engine/evidence/observations/holonic-eta-ratio-atlas-01/RESULTS.md	269	frozen_archive	0	unresolved	unresolved_law_and_citation_audit	git_revision_or_live_owner	static_inbound_link_scan_at_d17910d3
archive/cpp-engine/evidence/observations/holonic-exact-receiver-engine-01/RESULTS.md	83	frozen_archive	1	unresolved	unresolved_law_and_citation_audit	git_revision_or_live_owner	static_inbound_link_scan_at_d17910d3
archive/cpp-engine/evidence/observations/holonic-zero-transport-complex-01/RESULTS.md	309	frozen_archive	0	unresolved	unresolved_law_and_citation_audit	git_revision_or_live_owner	static_inbound_link_scan_at_d17910d3
archive/cpp-engine/evidence/observations/inscription-workshop-01/README.md	40	frozen_archive	0	unresolved	unresolved_law_and_citation_audit	git_revision_or_live_owner	static_inbound_link_scan_at_d17910d3
archive/cpp-engine/evidence/observations/inscription-workshop-01/RESULTS.md	71	frozen_archive	0	unresolved	unresolved_law_and_citation_audit	git_revision_or_live_owner	static_inbound_link_scan_at_d17910d3
archive/cpp-engine/evidence/observations/inscription-workshop-02/README.md	27	frozen_archive	0	unresolved	unresolved_law_and_citation_audit	git_revision_or_live_owner	static_inbound_link_scan_at_d17910d3
archive/cpp-engine/evidence/observations/inscription-workshop-02/RESULTS.md	69	frozen_archive	0	unresolved	unresolved_law_and_citation_audit	git_revision_or_live_owner	static_inbound_link_scan_at_d17910d3
archive/cpp-engine/evidence/observations/inscription-workshop-03/README.md	33	frozen_archive	0	unresolved	unresolved_law_and_citation_audit	git_revision_or_live_owner	static_inbound_link_scan_at_d17910d3
archive/cpp-engine/evidence/observations/inscription-workshop-04/README.md	29	frozen_archive	0	unresolved	unresolved_law_and_citation_audit	git_revision_or_live_owner	static_inbound_link_scan_at_d17910d3
archive/cpp-engine/evidence/observations/inscription-workshop-04/RESULTS.md	122	frozen_archive	0	unresolved	unresolved_law_and_citation_audit	git_revision_or_live_owner	static_inbound_link_scan_at_d17910d3
archive/cpp-engine/evidence/observations/inscription-workshop-04/scores/README.md	30	frozen_archive	0	unresolved	unresolved_law_and_citation_audit	git_revision_or_live_owner	static_inbound_link_scan_at_d17910d3
archive/cpp-engine/evidence/observations/interval-explicit-formula-world-01/RESULTS.md	165	frozen_archive	0	unresolved	unresolved_law_and_citation_audit	git_revision_or_live_owner	static_inbound_link_scan_at_d17910d3
archive/cpp-engine/evidence/observations/joint-decorated-path-atlas-01/RESULTS.md	195	frozen_archive	0	unresolved	unresolved_law_and_citation_audit	git_revision_or_live_owner	static_inbound_link_scan_at_d17910d3
archive/cpp-engine/evidence/observations/lemniscate-rebase-01/RESULTS.md	199	frozen_archive	0	unresolved	unresolved_law_and_citation_audit	git_revision_or_live_owner	static_inbound_link_scan_at_d17910d3
archive/cpp-engine/evidence/observations/material-surface-01/README.md	44	frozen_archive	0	unresolved	unresolved_law_and_citation_audit	git_revision_or_live_owner	static_inbound_link_scan_at_d17910d3
archive/cpp-engine/evidence/observations/material-surface-01/RESULTS.md	100	frozen_archive	0	unresolved	unresolved_law_and_citation_audit	git_revision_or_live_owner	static_inbound_link_scan_at_d17910d3
archive/cpp-engine/evidence/observations/mathematical-derivation-world-01/RESULTS.md	339	frozen_archive	0	unresolved	unresolved_law_and_citation_audit	git_revision_or_live_owner	static_inbound_link_scan_at_d17910d3
archive/cpp-engine/evidence/observations/number-world-01/README.md	118	frozen_archive	0	unresolved	unresolved_law_and_citation_audit	git_revision_or_live_owner	static_inbound_link_scan_at_d17910d3
archive/cpp-engine/evidence/observations/number-world-01/tools/README.md	63	frozen_archive	0	unresolved	unresolved_law_and_citation_audit	git_revision_or_live_owner	static_inbound_link_scan_at_d17910d3
archive/cpp-engine/evidence/observations/number-world-01/tools/atlas/README.md	92	frozen_archive	0	unresolved	unresolved_law_and_citation_audit	git_revision_or_live_owner	static_inbound_link_scan_at_d17910d3
archive/cpp-engine/evidence/observations/nurture-01/README.md	122	frozen_archive	0	unresolved	unresolved_law_and_citation_audit	git_revision_or_live_owner	static_inbound_link_scan_at_d17910d3
archive/cpp-engine/evidence/observations/paired-code-math-01/README.md	204	frozen_archive	0	unresolved	unresolved_law_and_citation_audit	git_revision_or_live_owner	static_inbound_link_scan_at_d17910d3
archive/cpp-engine/evidence/observations/pi-series-01/README.md	93	frozen_archive	0	unresolved	unresolved_law_and_citation_audit	git_revision_or_live_owner	static_inbound_link_scan_at_d17910d3
archive/cpp-engine/evidence/observations/poincare-return-actuation-world-01/RESULTS.md	207	frozen_archive	0	unresolved	unresolved_law_and_citation_audit	git_revision_or_live_owner	static_inbound_link_scan_at_d17910d3
archive/cpp-engine/evidence/observations/prime-fraction-navigation-01/RESULTS.md	162	frozen_archive	0	unresolved	unresolved_law_and_citation_audit	git_revision_or_live_owner	static_inbound_link_scan_at_d17910d3
archive/cpp-engine/evidence/observations/prime-ratio-closure-01/README.md	59	frozen_archive	0	unresolved	unresolved_law_and_citation_audit	git_revision_or_live_owner	static_inbound_link_scan_at_d17910d3
archive/cpp-engine/evidence/observations/prime-ratio-closure-02/README.md	65	frozen_archive	0	unresolved	unresolved_law_and_citation_audit	git_revision_or_live_owner	static_inbound_link_scan_at_d17910d3
archive/cpp-engine/evidence/observations/prime-spectral-world-01/RESULTS.md	195	frozen_archive	0	unresolved	unresolved_law_and_citation_audit	git_revision_or_live_owner	static_inbound_link_scan_at_d17910d3
archive/cpp-engine/evidence/observations/prime-traversal-01/README.md	48	frozen_archive	0	unresolved	unresolved_law_and_citation_audit	git_revision_or_live_owner	static_inbound_link_scan_at_d17910d3
archive/cpp-engine/evidence/observations/radix-residue-character-transport-01/REPORT.json	8490	frozen_archive	0	unresolved	unresolved_law_and_citation_audit	git_revision_or_live_owner	static_inbound_link_scan_at_d17910d3
archive/cpp-engine/evidence/observations/radix-residue-character-transport-01/RESULTS.md	270	frozen_archive	0	unresolved	unresolved_law_and_citation_audit	git_revision_or_live_owner	static_inbound_link_scan_at_d17910d3
archive/cpp-engine/evidence/observations/receiver-topology-atlas-01/RESULTS.md	183	frozen_archive	0	unresolved	unresolved_law_and_citation_audit	git_revision_or_live_owner	static_inbound_link_scan_at_d17910d3
archive/cpp-engine/evidence/observations/reversed-product-01/README.md	52	frozen_archive	0	unresolved	unresolved_law_and_citation_audit	git_revision_or_live_owner	static_inbound_link_scan_at_d17910d3
archive/cpp-engine/evidence/observations/rh-series-tail-certificate-01/RESULTS.md	50	frozen_archive	0	unresolved	unresolved_law_and_citation_audit	git_revision_or_live_owner	static_inbound_link_scan_at_d17910d3
archive/cpp-engine/evidence/observations/situated-prime-cross-face-01/RESULTS.md	67	frozen_archive	0	unresolved	unresolved_law_and_citation_audit	git_revision_or_live_owner	static_inbound_link_scan_at_d17910d3
archive/cpp-engine/evidence/observations/situated-prime-event-01/RESULTS.md	90	frozen_archive	0	unresolved	unresolved_law_and_citation_audit	git_revision_or_live_owner	static_inbound_link_scan_at_d17910d3
archive/cpp-engine/evidence/observations/situated-prime-higher-hand-up-01/REPORT.json	992	frozen_archive	0	unresolved	unresolved_law_and_citation_audit	git_revision_or_live_owner	static_inbound_link_scan_at_d17910d3
archive/cpp-engine/evidence/observations/situated-prime-higher-hand-up-01/RESULTS.md	56	frozen_archive	0	unresolved	unresolved_law_and_citation_audit	git_revision_or_live_owner	static_inbound_link_scan_at_d17910d3
archive/cpp-engine/evidence/observations/situated-prime-regional-fan-01/REPORT.json	526	frozen_archive	0	unresolved	unresolved_law_and_citation_audit	git_revision_or_live_owner	static_inbound_link_scan_at_d17910d3
archive/cpp-engine/evidence/observations/situated-prime-regional-fan-01/RESULTS.md	57	frozen_archive	0	unresolved	unresolved_law_and_citation_audit	git_revision_or_live_owner	static_inbound_link_scan_at_d17910d3
archive/cpp-engine/evidence/observations/smith-line-world-01/README.md	12	frozen_archive	0	unresolved	unresolved_law_and_citation_audit	git_revision_or_live_owner	static_inbound_link_scan_at_d17910d3
archive/cpp-engine/evidence/observations/smith-line-world-01/RESULTS.md	106	frozen_archive	0	unresolved	unresolved_law_and_citation_audit	git_revision_or_live_owner	static_inbound_link_scan_at_d17910d3
archive/cpp-engine/evidence/observations/smith-world-01/README.md	15	frozen_archive	0	unresolved	unresolved_law_and_citation_audit	git_revision_or_live_owner	static_inbound_link_scan_at_d17910d3
archive/cpp-engine/evidence/observations/smith-world-01/RESULTS.md	74	frozen_archive	0	unresolved	unresolved_law_and_citation_audit	git_revision_or_live_owner	static_inbound_link_scan_at_d17910d3
archive/cpp-engine/evidence/observations/source-workshop-01/RESULTS.md	133	frozen_archive	0	unresolved	unresolved_law_and_citation_audit	git_revision_or_live_owner	static_inbound_link_scan_at_d17910d3
archive/cpp-engine/evidence/observations/text-world-01/README.md	42	frozen_archive	0	unresolved	unresolved_law_and_citation_audit	git_revision_or_live_owner	static_inbound_link_scan_at_d17910d3
archive/cpp-engine/evidence/observations/text-world-01/RESULTS.md	120	frozen_archive	0	unresolved	unresolved_law_and_citation_audit	git_revision_or_live_owner	static_inbound_link_scan_at_d17910d3
archive/cpp-engine/evidence/observations/transport-foil-world-01/RESULTS.md	232	frozen_archive	1	unresolved	unresolved_law_and_citation_audit	git_revision_or_live_owner	static_inbound_link_scan_at_d17910d3
archive/cpp-engine/evidence/observations/windowed-explicit-formula-world-01/RESULTS.md	206	frozen_archive	0	unresolved	unresolved_law_and_citation_audit	git_revision_or_live_owner	static_inbound_link_scan_at_d17910d3
archive/cpp-engine/formal/README.md	12	frozen_archive	0	unresolved	unresolved_law_and_citation_audit	git_revision_or_live_owner	static_inbound_link_scan_at_d17910d3
archive/cpp-engine/formal/elementary-holonics/ElementaryHolonics.lean	8	frozen_archive	0	unresolved	unresolved_law_and_citation_audit	git_revision_or_live_owner	static_inbound_link_scan_at_d17910d3
archive/cpp-engine/formal/elementary-holonics/ElementaryHolonics/Algorithm/Rebase.lean	59	frozen_archive	0	unresolved	unresolved_law_and_citation_audit	git_revision_or_live_owner	static_inbound_link_scan_at_d17910d3
archive/cpp-engine/formal/elementary-holonics/ElementaryHolonics/Algorithm/Transition.lean	70	frozen_archive	0	unresolved	unresolved_law_and_citation_audit	git_revision_or_live_owner	static_inbound_link_scan_at_d17910d3
archive/cpp-engine/formal/elementary-holonics/ElementaryHolonics/Foundation/Presentation.lean	68	frozen_archive	0	unresolved	unresolved_law_and_citation_audit	git_revision_or_live_owner	static_inbound_link_scan_at_d17910d3
archive/cpp-engine/formal/elementary-holonics/ElementaryHolonics/Foundation/Receiver.lean	104	frozen_archive	0	unresolved	unresolved_law_and_citation_audit	git_revision_or_live_owner	static_inbound_link_scan_at_d17910d3
archive/cpp-engine/formal/elementary-holonics/ElementaryHolonics/Geometry/CrossRatio.lean	93	frozen_archive	0	unresolved	unresolved_law_and_citation_audit	git_revision_or_live_owner	static_inbound_link_scan_at_d17910d3
archive/cpp-engine/formal/elementary-holonics/ElementaryHolonics/Geometry/Telescoping.lean	35	frozen_archive	0	unresolved	unresolved_law_and_citation_audit	git_revision_or_live_owner	static_inbound_link_scan_at_d17910d3
archive/cpp-engine/formal/elementary-holonics/ElementaryHolonics/RH/Route.lean	38	frozen_archive	0	unresolved	unresolved_law_and_citation_audit	git_revision_or_live_owner	static_inbound_link_scan_at_d17910d3
archive/cpp-engine/formal/elementary-holonics/ElementaryHolonics/RH/Statement.lean	26	frozen_archive	0	unresolved	unresolved_law_and_citation_audit	git_revision_or_live_owner	static_inbound_link_scan_at_d17910d3
archive/cpp-engine/formal/elementary-holonics/README.md	39	frozen_archive	0	unresolved	unresolved_law_and_citation_audit	git_revision_or_live_owner	static_inbound_link_scan_at_d17910d3
archive/cpp-engine/formal/elementary-holonics/check.sh	42	frozen_archive	0	unresolved	unresolved_law_and_citation_audit	git_revision_or_live_owner	static_inbound_link_scan_at_d17910d3
archive/cpp-engine/formal/elementary-holonics/lake-manifest.json	95	frozen_archive	0	unresolved	unresolved_law_and_citation_audit	git_revision_or_live_owner	static_inbound_link_scan_at_d17910d3
archive/cpp-engine/formal/elementary-holonics/lakefile.toml	11	frozen_archive	0	unresolved	unresolved_law_and_citation_audit	git_revision_or_live_owner	static_inbound_link_scan_at_d17910d3
archive/cpp-engine/formal/elementary-holonics/lean-toolchain	2	frozen_archive	0	unresolved	unresolved_law_and_citation_audit	git_revision_or_live_owner	static_inbound_link_scan_at_d17910d3
archive/cpp-engine/formal/rh-source-transport/PROPORTIONAL_OBSTRUCTION.md	267	frozen_archive	0	unresolved	unresolved_law_and_citation_audit	git_revision_or_live_owner	static_inbound_link_scan_at_d17910d3
archive/cpp-engine/formal/rh-source-transport/README.md	40	frozen_archive	0	unresolved	unresolved_law_and_citation_audit	git_revision_or_live_owner	static_inbound_link_scan_at_d17910d3
archive/cpp-engine/formal/rh-source-transport/SomaRHSourceTransport.lean	2	frozen_archive	0	unresolved	unresolved_law_and_citation_audit	git_revision_or_live_owner	static_inbound_link_scan_at_d17910d3
archive/cpp-engine/formal/rh-source-transport/SomaRHSourceTransport/FiniteTransport.lean	231	frozen_archive	0	unresolved	unresolved_law_and_citation_audit	git_revision_or_live_owner	static_inbound_link_scan_at_d17910d3
archive/cpp-engine/formal/rh-source-transport/SomaRHSourceTransport/QuotientFamily.lean	126	frozen_archive	0	unresolved	unresolved_law_and_citation_audit	git_revision_or_live_owner	static_inbound_link_scan_at_d17910d3
archive/cpp-engine/formal/rh-source-transport/check.sh	24	frozen_archive	0	unresolved	unresolved_law_and_citation_audit	git_revision_or_live_owner	static_inbound_link_scan_at_d17910d3
archive/cpp-engine/formal/rh-source-transport/lake-manifest.json	95	frozen_archive	0	unresolved	unresolved_law_and_citation_audit	git_revision_or_live_owner	static_inbound_link_scan_at_d17910d3
archive/cpp-engine/formal/rh-source-transport/lakefile.toml	10	frozen_archive	0	unresolved	unresolved_law_and_citation_audit	git_revision_or_live_owner	static_inbound_link_scan_at_d17910d3
archive/cpp-engine/formal/rh-source-transport/lean-toolchain	1	frozen_archive	0	unresolved	unresolved_law_and_citation_audit	git_revision_or_live_owner	static_inbound_link_scan_at_d17910d3
archive/cpp-engine/provenance/EXTRACTION.md	57	frozen_archive	0	unresolved	unresolved_law_and_citation_audit	git_revision_or_live_owner	static_inbound_link_scan_at_d17910d3
archive/cpp-engine/provenance/HARDWARE_RECEIPT.txt	33	frozen_archive	0	unresolved	unresolved_law_and_citation_audit	git_revision_or_live_owner	static_inbound_link_scan_at_d17910d3
archive/cpp-engine/provenance/LABORATORY_ONLY.md	61	frozen_archive	0	unresolved	unresolved_law_and_citation_audit	git_revision_or_live_owner	static_inbound_link_scan_at_d17910d3
archive/cpp-engine/provenance/MANIFEST.yaml	214	frozen_archive	0	unresolved	unresolved_law_and_citation_audit	git_revision_or_live_owner	static_inbound_link_scan_at_d17910d3
archive/cpp-engine/provenance/OPEN_OBLIGATIONS.md	49	frozen_archive	0	unresolved	unresolved_law_and_citation_audit	git_revision_or_live_owner	static_inbound_link_scan_at_d17910d3
archive/cpp-engine/provenance/PAPER_TRANSFORMS.tsv	11	frozen_archive	0	unresolved	unresolved_law_and_citation_audit	git_revision_or_live_owner	static_inbound_link_scan_at_d17910d3
archive/cpp-engine/receipts/CONDITIONED_PRODUCTION_DEED.txt	48	frozen_archive	0	unresolved	unresolved_law_and_citation_audit	git_revision_or_live_owner	static_inbound_link_scan_at_d17910d3
archive/cpp-engine/receipts/CONDITIONED_PRODUCTION_RECEIPT.md	78	frozen_archive	0	unresolved	unresolved_law_and_citation_audit	git_revision_or_live_owner	static_inbound_link_scan_at_d17910d3
archive/cpp-engine/receipts/CONSTRAINT_REBASE_DEED.txt	42	frozen_archive	0	unresolved	unresolved_law_and_citation_audit	git_revision_or_live_owner	static_inbound_link_scan_at_d17910d3
archive/cpp-engine/receipts/CONSTRAINT_REBASE_RECEIPT.md	98	frozen_archive	0	unresolved	unresolved_law_and_citation_audit	git_revision_or_live_owner	static_inbound_link_scan_at_d17910d3
archive/cpp-engine/receipts/FOUNDATION_REMAINDER_RECEIPT.md	151	frozen_archive	0	unresolved	unresolved_law_and_citation_audit	git_revision_or_live_owner	static_inbound_link_scan_at_d17910d3
archive/cpp-engine/receipts/HolonicsConditionedFoil.lean	11	frozen_archive	0	unresolved	unresolved_law_and_citation_audit	git_revision_or_live_owner	static_inbound_link_scan_at_d17910d3
archive/cpp-engine/receipts/HolonicsConditionedOne.lean	13	frozen_archive	0	unresolved	unresolved_law_and_citation_audit	git_revision_or_live_owner	static_inbound_link_scan_at_d17910d3
archive/cpp-engine/receipts/HolonicsConditionedTwo.lean	18	frozen_archive	0	unresolved	unresolved_law_and_citation_audit	git_revision_or_live_owner	static_inbound_link_scan_at_d17910d3
archive/cpp-engine/receipts/MOVEMENT_A_CERTIFIED_ENCLOSURE_RECEIPT.md	164	frozen_archive	0	unresolved	unresolved_law_and_citation_audit	git_revision_or_live_owner	static_inbound_link_scan_at_d17910d3
archive/cpp-engine/receipts/ONE_STANDING_DEED.txt	58	frozen_archive	0	unresolved	unresolved_law_and_citation_audit	git_revision_or_live_owner	static_inbound_link_scan_at_d17910d3
archive/cpp-engine/receipts/PHASES_0_5_SPINE_RECEIPT.md	89	frozen_archive	0	unresolved	unresolved_law_and_citation_audit	git_revision_or_live_owner	static_inbound_link_scan_at_d17910d3
archive/cpp-engine/receipts/PHASE_6_ECOLOGY_PORT_RECEIPT.md	111	frozen_archive	0	unresolved	unresolved_law_and_citation_audit	git_revision_or_live_owner	static_inbound_link_scan_at_d17910d3
archive/cpp-engine/receipts/PHASE_7_BROAD_MOUNTING_RECEIPT.md	201	frozen_archive	0	unresolved	unresolved_law_and_citation_audit	git_revision_or_live_owner	static_inbound_link_scan_at_d17910d3
archive/cpp-engine/receipts/PHASE_7_BROAD_MOUNT_DEED.txt	47	frozen_archive	0	unresolved	unresolved_law_and_citation_audit	git_revision_or_live_owner	static_inbound_link_scan_at_d17910d3
archive/cpp-engine/receipts/PHASE_7_RESIDENT_MOUNT_DEED.txt	53	frozen_archive	0	unresolved	unresolved_law_and_citation_audit	git_revision_or_live_owner	static_inbound_link_scan_at_d17910d3
archive/cpp-engine/receipts/R0_ARCHITECTURE_RECEIPT.md	106	frozen_archive	0	unresolved	unresolved_law_and_citation_audit	git_revision_or_live_owner	static_inbound_link_scan_at_d17910d3
archive/cpp-engine/receipts/R10_CONDITIONING_NATIVE_MORPHOLOGY_RECEIPT.md	92	frozen_archive	0	unresolved	unresolved_law_and_citation_audit	git_revision_or_live_owner	static_inbound_link_scan_at_d17910d3
archive/cpp-engine/receipts/R11_MATHEMATICAL_OCCURRENCE_ECOLOGY_RECEIPT.md	87	frozen_archive	0	unresolved	unresolved_law_and_citation_audit	git_revision_or_live_owner	static_inbound_link_scan_at_d17910d3
archive/cpp-engine/receipts/R18_PHASE_CRYSTAL_ATLAS.tsv	17	frozen_archive	0	unresolved	unresolved_law_and_citation_audit	git_revision_or_live_owner	static_inbound_link_scan_at_d17910d3
archive/cpp-engine/receipts/R18_PHASE_CRYSTAL_HYPERGEOMETRY_RECEIPT.md	280	frozen_archive	0	unresolved	unresolved_law_and_citation_audit	git_revision_or_live_owner	static_inbound_link_scan_at_d17910d3
archive/cpp-engine/receipts/R19_CHARACTERISTIC_ATLAS.tsv	22	frozen_archive	0	unresolved	unresolved_law_and_citation_audit	git_revision_or_live_owner	static_inbound_link_scan_at_d17910d3
archive/cpp-engine/receipts/R19_EXACT_CHARACTERISTIC_RETURN_RECEIPT.md	226	frozen_archive	0	unresolved	unresolved_law_and_citation_audit	git_revision_or_live_owner	static_inbound_link_scan_at_d17910d3
archive/cpp-engine/receipts/R19_GENERATED_CHARACTERISTIC.lean	58	frozen_archive	0	unresolved	unresolved_law_and_citation_audit	git_revision_or_live_owner	static_inbound_link_scan_at_d17910d3
archive/cpp-engine/receipts/R1_EXACT_CARRIER_RECEIPT.md	120	frozen_archive	0	unresolved	unresolved_law_and_citation_audit	git_revision_or_live_owner	static_inbound_link_scan_at_d17910d3
archive/cpp-engine/receipts/R20_GENERATED_REGULAR_SINGULAR.lean	56	frozen_archive	0	unresolved	unresolved_law_and_citation_audit	git_revision_or_live_owner	static_inbound_link_scan_at_d17910d3
archive/cpp-engine/receipts/R20_REGULAR_SINGULAR_ATLAS.tsv	21	frozen_archive	0	unresolved	unresolved_law_and_citation_audit	git_revision_or_live_owner	static_inbound_link_scan_at_d17910d3
archive/cpp-engine/receipts/R20_REGULAR_SINGULAR_CONTINUATION_RECEIPT.md	212	frozen_archive	0	unresolved	unresolved_law_and_citation_audit	git_revision_or_live_owner	static_inbound_link_scan_at_d17910d3
archive/cpp-engine/receipts/R21_BLIND_CHARACTERISTIC_ATLAS.tsv	86	frozen_archive	0	unresolved	unresolved_law_and_citation_audit	git_revision_or_live_owner	static_inbound_link_scan_at_d17910d3
archive/cpp-engine/receipts/R21_BLIND_CHARACTERISTIC_RECONSTRUCTION_RECEIPT.md	223	frozen_archive	0	unresolved	unresolved_law_and_citation_audit	git_revision_or_live_owner	static_inbound_link_scan_at_d17910d3
archive/cpp-engine/receipts/R21_GENERATED_CODE_RECONSTRUCTION.lean	66	frozen_archive	0	unresolved	unresolved_law_and_citation_audit	git_revision_or_live_owner	static_inbound_link_scan_at_d17910d3
archive/cpp-engine/receipts/R21_GENERATED_MOMENT_RECONSTRUCTION.lean	38	frozen_archive	0	unresolved	unresolved_law_and_citation_audit	git_revision_or_live_owner	static_inbound_link_scan_at_d17910d3
archive/cpp-engine/receipts/R22_CM_INCIDENCE_ATLAS.tsv	95	frozen_archive	0	unresolved	unresolved_law_and_citation_audit	git_revision_or_live_owner	static_inbound_link_scan_at_d17910d3
archive/cpp-engine/receipts/R22_CM_NORM_ONE_ARITHMETIC_INCIDENCE_RECEIPT.md	191	frozen_archive	0	unresolved	unresolved_law_and_citation_audit	git_revision_or_live_owner	static_inbound_link_scan_at_d17910d3
archive/cpp-engine/receipts/R22_GENERATED_CM_INCIDENCE.lean	67	frozen_archive	0	unresolved	unresolved_law_and_citation_audit	git_revision_or_live_owner	static_inbound_link_scan_at_d17910d3
archive/cpp-engine/receipts/R23_GENERATED_TORIC_CYCLE.lean	51	frozen_archive	0	unresolved	unresolved_law_and_citation_audit	git_revision_or_live_owner	static_inbound_link_scan_at_d17910d3
archive/cpp-engine/receipts/R23_TORIC_CYCLE_ATLAS.tsv	132	frozen_archive	0	unresolved	unresolved_law_and_citation_audit	git_revision_or_live_owner	static_inbound_link_scan_at_d17910d3
archive/cpp-engine/receipts/R23_TORIC_CYCLE_CLASS_BLOWUP_RECEIPT.md	189	frozen_archive	0	unresolved	unresolved_law_and_citation_audit	git_revision_or_live_owner	static_inbound_link_scan_at_d17910d3
archive/cpp-engine/receipts/R24_ALGEBRAIC_VARIATION_ATLAS.tsv	21	frozen_archive	0	unresolved	unresolved_law_and_citation_audit	git_revision_or_live_owner	static_inbound_link_scan_at_d17910d3
archive/cpp-engine/receipts/R24_ALGEBRAIC_VARIATION_GAUSS_MANIN_RECEIPT.md	205	frozen_archive	0	unresolved	unresolved_law_and_citation_audit	git_revision_or_live_owner	static_inbound_link_scan_at_d17910d3
archive/cpp-engine/receipts/R24_GENERATED_ALGEBRAIC_VARIATION.lean	54	frozen_archive	0	unresolved	unresolved_law_and_citation_audit	git_revision_or_live_owner	static_inbound_link_scan_at_d17910d3
archive/cpp-engine/receipts/R25_CAUSAL_LINEAR_ATLAS.tsv	7	frozen_archive	0	unresolved	unresolved_law_and_citation_audit	git_revision_or_live_owner	static_inbound_link_scan_at_d17910d3
archive/cpp-engine/receipts/R25_EXACT_CAUSAL_LINEAR_CHAIN_CALCULUS_RECEIPT.md	193	frozen_archive	0	unresolved	unresolved_law_and_citation_audit	git_revision_or_live_owner	static_inbound_link_scan_at_d17910d3
archive/cpp-engine/receipts/R25_GENERATED_CAUSAL_LINEAR.lean	26	frozen_archive	0	unresolved	unresolved_law_and_citation_audit	git_revision_or_live_owner	static_inbound_link_scan_at_d17910d3
archive/cpp-engine/receipts/R26_GENERATED_INTRINSIC_HYPERGEOMETRY.lean	25	frozen_archive	0	unresolved	unresolved_law_and_citation_audit	git_revision_or_live_owner	static_inbound_link_scan_at_d17910d3
archive/cpp-engine/receipts/R26_INTRINSIC_CAUSAL_HYPERGEOMETRY_RECEIPT.md	226	frozen_archive	0	unresolved	unresolved_law_and_citation_audit	git_revision_or_live_owner	static_inbound_link_scan_at_d17910d3
archive/cpp-engine/receipts/R26_INTRINSIC_HYPERGEOMETRY_ATLAS.tsv	12808	frozen_archive	0	unresolved	unresolved_law_and_citation_audit	git_revision_or_live_owner	static_inbound_link_scan_at_d17910d3
archive/cpp-engine/receipts/R27_EXPRESSION_GEOMETRY_ATLAS.tsv	4011	frozen_archive	0	unresolved	unresolved_law_and_citation_audit	git_revision_or_live_owner	static_inbound_link_scan_at_d17910d3
archive/cpp-engine/receipts/R27_EXPRESSION_TO_GEOMETRY_DIFFERENTIAL_TRANSPORT_RECEIPT.md	207	frozen_archive	0	unresolved	unresolved_law_and_citation_audit	git_revision_or_live_owner	static_inbound_link_scan_at_d17910d3
archive/cpp-engine/receipts/R27_GENERATED_EXPRESSION_GEOMETRY.lean	100	frozen_archive	0	unresolved	unresolved_law_and_citation_audit	git_revision_or_live_owner	static_inbound_link_scan_at_d17910d3
archive/cpp-engine/receipts/R28_GENERATED_HODGE_REALIZATION.lean	282	frozen_archive	0	unresolved	unresolved_law_and_citation_audit	git_revision_or_live_owner	static_inbound_link_scan_at_d17910d3
archive/cpp-engine/receipts/R28_HODGE_FACING_SUPPORTED_REALIZATION_RECEIPT.md	178	frozen_archive	0	unresolved	unresolved_law_and_citation_audit	git_revision_or_live_owner	static_inbound_link_scan_at_d17910d3
archive/cpp-engine/receipts/R28_HODGE_REALIZATION_ATLAS.tsv	932	frozen_archive	0	unresolved	unresolved_law_and_citation_audit	git_revision_or_live_owner	static_inbound_link_scan_at_d17910d3
archive/cpp-engine/receipts/R29_ARITHMETIC_SPECTRAL_ATLAS.tsv	160305	frozen_archive	0	unresolved	unresolved_law_and_citation_audit	git_revision_or_live_owner	static_inbound_link_scan_at_d17910d3
archive/cpp-engine/receipts/R29_ARITHMETIC_TRACE_FORM_SPECTRAL_PLACEMENT_RECEIPT.md	176	frozen_archive	0	unresolved	unresolved_law_and_citation_audit	git_revision_or_live_owner	static_inbound_link_scan_at_d17910d3
archive/cpp-engine/receipts/R29_GENERATED_ARITHMETIC_SPECTRAL.lean	356	frozen_archive	0	unresolved	unresolved_law_and_citation_audit	git_revision_or_live_owner	static_inbound_link_scan_at_d17910d3
archive/cpp-engine/receipts/R2_OWNER_NATIVE_STRUCTURE_RECEIPT.md	127	frozen_archive	0	unresolved	unresolved_law_and_citation_audit	git_revision_or_live_owner	static_inbound_link_scan_at_d17910d3
archive/cpp-engine/receipts/R30_FOIL_STDOUT.txt	6	frozen_archive	0	unresolved	unresolved_law_and_citation_audit	git_revision_or_live_owner	static_inbound_link_scan_at_d17910d3
archive/cpp-engine/receipts/R30_GENERATED_PLURAL_REDERIVATION.lean	3188	frozen_archive	0	unresolved	unresolved_law_and_citation_audit	git_revision_or_live_owner	static_inbound_link_scan_at_d17910d3
archive/cpp-engine/receipts/R30_PLURAL_SOURCE_SEPARATED_REDERIVATION_ECOLOGY_RECEIPT.md	172	frozen_archive	0	unresolved	unresolved_law_and_citation_audit	git_revision_or_live_owner	static_inbound_link_scan_at_d17910d3
archive/cpp-engine/receipts/R30_POST_SEAL_COMPARISON.md	29	frozen_archive	0	unresolved	unresolved_law_and_citation_audit	git_revision_or_live_owner	static_inbound_link_scan_at_d17910d3
archive/cpp-engine/receipts/R30_REDERIVATION_ATLAS.tsv	5665	frozen_archive	0	unresolved	unresolved_law_and_citation_audit	git_revision_or_live_owner	static_inbound_link_scan_at_d17910d3
archive/cpp-engine/receipts/R30_REDERIVATION_DOSSIER.md	27	frozen_archive	0	unresolved	unresolved_law_and_citation_audit	git_revision_or_live_owner	static_inbound_link_scan_at_d17910d3
archive/cpp-engine/receipts/R30_REJECTED_FOIL.lean	4	frozen_archive	0	unresolved	unresolved_law_and_citation_audit	git_revision_or_live_owner	static_inbound_link_scan_at_d17910d3
archive/cpp-engine/receipts/R30_SEALED_RETURN.txt	17	frozen_archive	0	unresolved	unresolved_law_and_citation_audit	git_revision_or_live_owner	static_inbound_link_scan_at_d17910d3
archive/cpp-engine/receipts/R30_SOURCE_ACCESS_AUDIT.txt	10	frozen_archive	0	unresolved	unresolved_law_and_citation_audit	git_revision_or_live_owner	static_inbound_link_scan_at_d17910d3
archive/cpp-engine/receipts/R31_APPLICATION_ATLAS.tsv	38	frozen_archive	0	unresolved	unresolved_law_and_citation_audit	git_revision_or_live_owner	static_inbound_link_scan_at_d17910d3
archive/cpp-engine/receipts/R31_APPLICATION_INITCHECK.txt	2	frozen_archive	0	unresolved	unresolved_law_and_citation_audit	git_revision_or_live_owner	static_inbound_link_scan_at_d17910d3
archive/cpp-engine/receipts/R31_APPLICATION_MEMCHECK.txt	2	frozen_archive	0	unresolved	unresolved_law_and_citation_audit	git_revision_or_live_owner	static_inbound_link_scan_at_d17910d3
archive/cpp-engine/receipts/R31_CULTIVATED_APPLICATION_DEED.txt	102	frozen_archive	0	unresolved	unresolved_law_and_citation_audit	git_revision_or_live_owner	static_inbound_link_scan_at_d17910d3
archive/cpp-engine/receipts/R31_CULTIVATED_ORGAN_DOSSIER.md	12	frozen_archive	0	unresolved	unresolved_law_and_citation_audit	git_revision_or_live_owner	static_inbound_link_scan_at_d17910d3
archive/cpp-engine/receipts/R31_CULTIVATION_ATLAS.tsv	39	frozen_archive	0	unresolved	unresolved_law_and_citation_audit	git_revision_or_live_owner	static_inbound_link_scan_at_d17910d3
archive/cpp-engine/receipts/R31_CULTIVATION_INITCHECK.txt	2	frozen_archive	0	unresolved	unresolved_law_and_citation_audit	git_revision_or_live_owner	static_inbound_link_scan_at_d17910d3
archive/cpp-engine/receipts/R31_CULTIVATION_MEMCHECK.txt	2	frozen_archive	0	unresolved	unresolved_law_and_citation_audit	git_revision_or_live_owner	static_inbound_link_scan_at_d17910d3
archive/cpp-engine/receipts/R31_DETERMINISM.txt	6	frozen_archive	0	unresolved	unresolved_law_and_citation_audit	git_revision_or_live_owner	static_inbound_link_scan_at_d17910d3
archive/cpp-engine/receipts/R31_ENDOGENOUS_CULTIVATED_MATHEMATICAL_ORGANS_RECEIPT.md	158	frozen_archive	0	unresolved	unresolved_law_and_citation_audit	git_revision_or_live_owner	static_inbound_link_scan_at_d17910d3
archive/cpp-engine/receipts/R31_GENERATED_CULTIVATED_ORGANS.lean	60	frozen_archive	0	unresolved	unresolved_law_and_citation_audit	git_revision_or_live_owner	static_inbound_link_scan_at_d17910d3
archive/cpp-engine/receipts/R31_GENERATED_ORGAN_TRANSPORT.lean	71	frozen_archive	0	unresolved	unresolved_law_and_citation_audit	git_revision_or_live_owner	static_inbound_link_scan_at_d17910d3
archive/cpp-engine/receipts/R31_ORGAN_CULTIVATION_DEED.txt	77	frozen_archive	0	unresolved	unresolved_law_and_citation_audit	git_revision_or_live_owner	static_inbound_link_scan_at_d17910d3
archive/cpp-engine/receipts/R31_SANITIZER_AUDIT.txt	9	frozen_archive	0	unresolved	unresolved_law_and_citation_audit	git_revision_or_live_owner	static_inbound_link_scan_at_d17910d3
archive/cpp-engine/receipts/R31_SEALED_RETURN.txt	17	frozen_archive	0	unresolved	unresolved_law_and_citation_audit	git_revision_or_live_owner	static_inbound_link_scan_at_d17910d3
archive/cpp-engine/receipts/R31_SOURCE_ACCESS_AUDIT.txt	9	frozen_archive	0	unresolved	unresolved_law_and_citation_audit	git_revision_or_live_owner	static_inbound_link_scan_at_d17910d3
archive/cpp-engine/receipts/R32_APPLICATION_INITCHECK.txt	2	frozen_archive	0	unresolved	unresolved_law_and_citation_audit	git_revision_or_live_owner	static_inbound_link_scan_at_d17910d3
archive/cpp-engine/receipts/R32_APPLICATION_MEMCHECK.txt	2	frozen_archive	0	unresolved	unresolved_law_and_citation_audit	git_revision_or_live_owner	static_inbound_link_scan_at_d17910d3
archive/cpp-engine/receipts/R32_CHART_ATLAS.tsv	6	frozen_archive	0	unresolved	unresolved_law_and_citation_audit	git_revision_or_live_owner	static_inbound_link_scan_at_d17910d3
archive/cpp-engine/receipts/R32_COMPOSITION_ATLAS.tsv	6	frozen_archive	0	unresolved	unresolved_law_and_citation_audit	git_revision_or_live_owner	static_inbound_link_scan_at_d17910d3
archive/cpp-engine/receipts/R32_CONDUCT_ATLAS.tsv	2188	frozen_archive	0	unresolved	unresolved_law_and_citation_audit	git_revision_or_live_owner	static_inbound_link_scan_at_d17910d3
archive/cpp-engine/receipts/R32_CONNECTED_LAW_ATLAS.tsv	9	frozen_archive	0	unresolved	unresolved_law_and_citation_audit	git_revision_or_live_owner	static_inbound_link_scan_at_d17910d3
archive/cpp-engine/receipts/R32_DETERMINISM.txt	6	frozen_archive	0	unresolved	unresolved_law_and_citation_audit	git_revision_or_live_owner	static_inbound_link_scan_at_d17910d3
archive/cpp-engine/receipts/R32_DISCOVERY_INITCHECK.txt	2	frozen_archive	0	unresolved	unresolved_law_and_citation_audit	git_revision_or_live_owner	static_inbound_link_scan_at_d17910d3
archive/cpp-engine/receipts/R32_DISCOVERY_MEMCHECK.txt	2	frozen_archive	0	unresolved	unresolved_law_and_citation_audit	git_revision_or_live_owner	static_inbound_link_scan_at_d17910d3
archive/cpp-engine/receipts/R32_ELEMENTARY_CAUSAL_CALCULUS.lean	226	frozen_archive	0	unresolved	unresolved_law_and_citation_audit	git_revision_or_live_owner	static_inbound_link_scan_at_d17910d3
archive/cpp-engine/receipts/R32_ELEMENTARY_CAUSAL_CALCULUS_DOSSIER.md	19	frozen_archive	0	unresolved	unresolved_law_and_citation_audit	git_revision_or_live_owner	static_inbound_link_scan_at_d17910d3
archive/cpp-engine/receipts/R32_ELEMENTARY_DISCOVERY_DEED.txt	245	frozen_archive	0	unresolved	unresolved_law_and_citation_audit	git_revision_or_live_owner	static_inbound_link_scan_at_d17910d3
archive/cpp-engine/receipts/R32_ELEMENTARY_HOLONICS_SELF_DERIVATION_RECEIPT.md	168	frozen_archive	0	unresolved	unresolved_law_and_citation_audit	git_revision_or_live_owner	static_inbound_link_scan_at_d17910d3
archive/cpp-engine/receipts/R32_HELDOUT_HOLONOMY.lean	33	frozen_archive	0	unresolved	unresolved_law_and_citation_audit	git_revision_or_live_owner	static_inbound_link_scan_at_d17910d3
archive/cpp-engine/receipts/R32_HELDOUT_HOLONOMY_ATLAS.tsv	12	frozen_archive	0	unresolved	unresolved_law_and_citation_audit	git_revision_or_live_owner	static_inbound_link_scan_at_d17910d3
archive/cpp-engine/receipts/R32_HELDOUT_HOLONOMY_DEED.txt	72	frozen_archive	0	unresolved	unresolved_law_and_citation_audit	git_revision_or_live_owner	static_inbound_link_scan_at_d17910d3
archive/cpp-engine/receipts/R32_HOST_CONFORMANCE.txt	13	frozen_archive	0	unresolved	unresolved_law_and_citation_audit	git_revision_or_live_owner	static_inbound_link_scan_at_d17910d3
archive/cpp-engine/receipts/R32_IDENTITY_INCIDENCE_ATLAS.tsv	36	frozen_archive	0	unresolved	unresolved_law_and_citation_audit	git_revision_or_live_owner	static_inbound_link_scan_at_d17910d3
archive/cpp-engine/receipts/R32_POST_SEAL_CANON_COMPARISON.md	15	frozen_archive	0	unresolved	unresolved_law_and_citation_audit	git_revision_or_live_owner	static_inbound_link_scan_at_d17910d3
archive/cpp-engine/receipts/R32_RECEIVER_ATLAS.tsv	16	frozen_archive	0	unresolved	unresolved_law_and_citation_audit	git_revision_or_live_owner	static_inbound_link_scan_at_d17910d3
archive/cpp-engine/receipts/R32_SANITIZER_AUDIT.txt	9	frozen_archive	0	unresolved	unresolved_law_and_citation_audit	git_revision_or_live_owner	static_inbound_link_scan_at_d17910d3
archive/cpp-engine/receipts/R32_SEALED_RETURN.txt	24	frozen_archive	0	unresolved	unresolved_law_and_citation_audit	git_revision_or_live_owner	static_inbound_link_scan_at_d17910d3
archive/cpp-engine/receipts/R32_SOURCE_ACCESS_AUDIT.txt	10	frozen_archive	0	unresolved	unresolved_law_and_citation_audit	git_revision_or_live_owner	static_inbound_link_scan_at_d17910d3
archive/cpp-engine/receipts/R33_APPLICATION_INITCHECK.txt	2	frozen_archive	0	unresolved	unresolved_law_and_citation_audit	git_revision_or_live_owner	static_inbound_link_scan_at_d17910d3
archive/cpp-engine/receipts/R33_APPLICATION_MEMCHECK.txt	2	frozen_archive	0	unresolved	unresolved_law_and_citation_audit	git_revision_or_live_owner	static_inbound_link_scan_at_d17910d3
archive/cpp-engine/receipts/R33_ARCHETYPE_GROUP_ATLAS.tsv	282	frozen_archive	0	unresolved	unresolved_law_and_citation_audit	git_revision_or_live_owner	static_inbound_link_scan_at_d17910d3
archive/cpp-engine/receipts/R33_CHARACTERISTIC_APPLICATION_DEED.txt	55	frozen_archive	0	unresolved	unresolved_law_and_citation_audit	git_revision_or_live_owner	static_inbound_link_scan_at_d17910d3
archive/cpp-engine/receipts/R33_CHARACTERISTIC_DISCOVERY_DEED.txt	151	frozen_archive	0	unresolved	unresolved_law_and_citation_audit	git_revision_or_live_owner	static_inbound_link_scan_at_d17910d3
archive/cpp-engine/receipts/R33_CHARACTERISTIC_HYPERGEOMETRY.lean	129	frozen_archive	0	unresolved	unresolved_law_and_citation_audit	git_revision_or_live_owner	static_inbound_link_scan_at_d17910d3
archive/cpp-engine/receipts/R33_CHARACTERISTIC_HYPERGEOMETRY_DOSSIER.md	11	frozen_archive	0	unresolved	unresolved_law_and_citation_audit	git_revision_or_live_owner	static_inbound_link_scan_at_d17910d3
archive/cpp-engine/receipts/R33_CHARACTERISTIC_HYPERGEOMETRY_TRACE_TRANSPORT_RECEIPT.md	170	frozen_archive	0	unresolved	unresolved_law_and_citation_audit	git_revision_or_live_owner	static_inbound_link_scan_at_d17910d3
archive/cpp-engine/receipts/R33_CHARACTERISTIC_PAIR_ATLAS.tsv	6309	frozen_archive	0	unresolved	unresolved_law_and_citation_audit	git_revision_or_live_owner	static_inbound_link_scan_at_d17910d3
archive/cpp-engine/receipts/R33_DETERMINISM.txt	6	frozen_archive	0	unresolved	unresolved_law_and_citation_audit	git_revision_or_live_owner	static_inbound_link_scan_at_d17910d3
archive/cpp-engine/receipts/R33_DISCOVERY_INITCHECK.txt	2	frozen_archive	0	unresolved	unresolved_law_and_citation_audit	git_revision_or_live_owner	static_inbound_link_scan_at_d17910d3
archive/cpp-engine/receipts/R33_DISCOVERY_MEMCHECK.txt	2	frozen_archive	0	unresolved	unresolved_law_and_citation_audit	git_revision_or_live_owner	static_inbound_link_scan_at_d17910d3
archive/cpp-engine/receipts/R33_HELDOUT_CHARACTERISTIC.lean	21	frozen_archive	0	unresolved	unresolved_law_and_citation_audit	git_revision_or_live_owner	static_inbound_link_scan_at_d17910d3
archive/cpp-engine/receipts/R33_HELDOUT_CHARACTERISTIC_ATLAS.tsv	11	frozen_archive	0	unresolved	unresolved_law_and_citation_audit	git_revision_or_live_owner	static_inbound_link_scan_at_d17910d3
archive/cpp-engine/receipts/R33_HOST_CONFORMANCE.txt	11	frozen_archive	0	unresolved	unresolved_law_and_citation_audit	git_revision_or_live_owner	static_inbound_link_scan_at_d17910d3
archive/cpp-engine/receipts/R33_POST_SEAL_LITERATURE_COMPARISON.md	7	frozen_archive	0	unresolved	unresolved_law_and_citation_audit	git_revision_or_live_owner	static_inbound_link_scan_at_d17910d3
archive/cpp-engine/receipts/R33_SANITIZER_AUDIT.txt	11	frozen_archive	0	unresolved	unresolved_law_and_citation_audit	git_revision_or_live_owner	static_inbound_link_scan_at_d17910d3
archive/cpp-engine/receipts/R33_SEALED_RETURN.txt	22	frozen_archive	0	unresolved	unresolved_law_and_citation_audit	git_revision_or_live_owner	static_inbound_link_scan_at_d17910d3
archive/cpp-engine/receipts/R33_SOURCE_ACCESS_AUDIT.txt	10	frozen_archive	0	unresolved	unresolved_law_and_citation_audit	git_revision_or_live_owner	static_inbound_link_scan_at_d17910d3
archive/cpp-engine/receipts/R33_TRACE_LAW_ATLAS.tsv	14	frozen_archive	0	unresolved	unresolved_law_and_citation_audit	git_revision_or_live_owner	static_inbound_link_scan_at_d17910d3
archive/cpp-engine/receipts/R33_TRANSITION_WORD_ATLAS.tsv	135	frozen_archive	0	unresolved	unresolved_law_and_citation_audit	git_revision_or_live_owner	static_inbound_link_scan_at_d17910d3
archive/cpp-engine/receipts/R34_THREE_FACE_TRACE_FIBER_LIFTING_RECEIPT.md	189	frozen_archive	0	unresolved	unresolved_law_and_citation_audit	git_revision_or_live_owner	static_inbound_link_scan_at_d17910d3
archive/cpp-engine/receipts/R35_TRACE_CHARACTER_REBASE_ATLAS_RECEIPT.md	201	frozen_archive	0	unresolved	unresolved_law_and_citation_audit	git_revision_or_live_owner	static_inbound_link_scan_at_d17910d3
archive/cpp-engine/receipts/R3_SOURCE_TOPOLOGY_RECEIPT.md	143	frozen_archive	0	unresolved	unresolved_law_and_citation_audit	git_revision_or_live_owner	static_inbound_link_scan_at_d17910d3
archive/cpp-engine/receipts/R4_BODY_LIFECYCLE_RECEIPT.md	145	frozen_archive	0	unresolved	unresolved_law_and_citation_audit	git_revision_or_live_owner	static_inbound_link_scan_at_d17910d3
archive/cpp-engine/receipts/R5_CAUSAL_CURRENT_RECEIPT.md	155	frozen_archive	0	unresolved	unresolved_law_and_citation_audit	git_revision_or_live_owner	static_inbound_link_scan_at_d17910d3
archive/cpp-engine/receipts/R6_MANY_CURRENT_WEAVE_RECEIPT.md	135	frozen_archive	0	unresolved	unresolved_law_and_citation_audit	git_revision_or_live_owner	static_inbound_link_scan_at_d17910d3
archive/cpp-engine/receipts/R7_CORE_RECEIVER_GEOMETRY_RECEIPT.md	101	frozen_archive	0	unresolved	unresolved_law_and_citation_audit	git_revision_or_live_owner	static_inbound_link_scan_at_d17910d3
archive/cpp-engine/receipts/R8_STATEFUL_BOUNDARY_CONDENSATION_RECEIPT.md	85	frozen_archive	0	unresolved	unresolved_law_and_citation_audit	git_revision_or_live_owner	static_inbound_link_scan_at_d17910d3
archive/cpp-engine/receipts/R9_AGNOSTIC_CODECS_REFLECTION_RECEIPT.md	89	frozen_archive	0	unresolved	unresolved_law_and_citation_audit	git_revision_or_live_owner	static_inbound_link_scan_at_d17910d3
archive/cpp-engine/receipts/REACH_AUDIT.txt	12	frozen_archive	0	unresolved	unresolved_law_and_citation_audit	git_revision_or_live_owner	static_inbound_link_scan_at_d17910d3
archive/cpp-engine/src/apparatus/cards/R21_BINARY_CODE_PROBLEM.card	1	frozen_archive	0	unresolved	unresolved_law_and_citation_audit	git_revision_or_live_owner	static_inbound_link_scan_at_d17910d3
archive/cpp-engine/src/apparatus/cards/R21_GAPCVP_MOMENTS.card	6	frozen_archive	0	unresolved	unresolved_law_and_citation_audit	git_revision_or_live_owner	static_inbound_link_scan_at_d17910d3
archive/cpp-engine/src/apparatus/cards/R22_CM_INCIDENCE.card	1	frozen_archive	0	unresolved	unresolved_law_and_citation_audit	git_revision_or_live_owner	static_inbound_link_scan_at_d17910d3
archive/cpp-engine/src/apparatus/cards/R23_TORIC_CYCLE.card	7	frozen_archive	0	unresolved	unresolved_law_and_citation_audit	git_revision_or_live_owner	static_inbound_link_scan_at_d17910d3
archive/cpp-engine/src/apparatus/cards/R24_ALGEBRAIC_VARIATION.card	3	frozen_archive	0	unresolved	unresolved_law_and_citation_audit	git_revision_or_live_owner	static_inbound_link_scan_at_d17910d3
archive/cpp-engine/src/apparatus/cards/R25_CAUSAL_LINEAR_CHAIN.card	1	frozen_archive	0	unresolved	unresolved_law_and_citation_audit	git_revision_or_live_owner	static_inbound_link_scan_at_d17910d3
archive/cpp-engine/src/apparatus/cards/R26_INTRINSIC_HYPERGEOMETRY.card	11	frozen_archive	0	unresolved	unresolved_law_and_citation_audit	git_revision_or_live_owner	static_inbound_link_scan_at_d17910d3
archive/cpp-engine/src/apparatus/cards/R27_EXPRESSION_GEOMETRY.card	21	frozen_archive	0	unresolved	unresolved_law_and_citation_audit	git_revision_or_live_owner	static_inbound_link_scan_at_d17910d3
archive/cpp-engine/src/apparatus/cards/R28_HODGE_REALIZATION.card	6	frozen_archive	0	unresolved	unresolved_law_and_citation_audit	git_revision_or_live_owner	static_inbound_link_scan_at_d17910d3
archive/cpp-engine/src/apparatus/cards/R29_ARITHMETIC_SPECTRAL.card	9	frozen_archive	0	unresolved	unresolved_law_and_citation_audit	git_revision_or_live_owner	static_inbound_link_scan_at_d17910d3
archive/cpp-engine/src/apparatus/cards/R30_COORDINATE_COVER.card	1	frozen_archive	0	unresolved	unresolved_law_and_citation_audit	git_revision_or_live_owner	static_inbound_link_scan_at_d17910d3
archive/cpp-engine/src/apparatus/cards/R30_LATTICE_POTENTIAL.card	6	frozen_archive	0	unresolved	unresolved_law_and_citation_audit	git_revision_or_live_owner	static_inbound_link_scan_at_d17910d3
archive/cpp-engine/src/apparatus/cards/R30_MATCHING_JACOBIAN.card	3	frozen_archive	0	unresolved	unresolved_law_and_citation_audit	git_revision_or_live_owner	static_inbound_link_scan_at_d17910d3
archive/cpp-engine/src/apparatus/cards/R31_CONDUCTANCE_STAR.card	1	frozen_archive	0	unresolved	unresolved_law_and_citation_audit	git_revision_or_live_owner	static_inbound_link_scan_at_d17910d3
archive/cpp-engine/src/apparatus/cards/R31_GRADED_INCIDENCE.card	1	frozen_archive	0	unresolved	unresolved_law_and_citation_audit	git_revision_or_live_owner	static_inbound_link_scan_at_d17910d3
archive/cpp-engine/src/apparatus/cards/R31_R18_RECIPROCAL.card	2	frozen_archive	0	unresolved	unresolved_law_and_citation_audit	git_revision_or_live_owner	static_inbound_link_scan_at_d17910d3
archive/cpp-engine/src/apparatus/cards/R31_R24_CENTRAL_WALK.card	2	frozen_archive	0	unresolved	unresolved_law_and_citation_audit	git_revision_or_live_owner	static_inbound_link_scan_at_d17910d3
archive/cpp-engine/src/apparatus/cards/R31_R29_SIGNED_TRACE.card	2	frozen_archive	0	unresolved	unresolved_law_and_citation_audit	git_revision_or_live_owner	static_inbound_link_scan_at_d17910d3
archive/cpp-engine/src/apparatus/cards/R31_R30_POLYGONS.card	5	frozen_archive	0	unresolved	unresolved_law_and_citation_audit	git_revision_or_live_owner	static_inbound_link_scan_at_d17910d3
archive/cpp-engine/src/apparatus/cards/R31_SIGNED_CARRIER.card	2	frozen_archive	0	unresolved	unresolved_law_and_citation_audit	git_revision_or_live_owner	static_inbound_link_scan_at_d17910d3
archive/cpp-engine/src/apparatus/cards/R31_SQUARE_WALK.card	5	frozen_archive	0	unresolved	unresolved_law_and_citation_audit	git_revision_or_live_owner	static_inbound_link_scan_at_d17910d3
archive/cpp-engine/src/apparatus/cards/R32_COMPOSITION.card	1	frozen_archive	0	unresolved	unresolved_law_and_citation_audit	git_revision_or_live_owner	static_inbound_link_scan_at_d17910d3
archive/cpp-engine/src/apparatus/cards/R32_HELDOUT_TRIANGLE.card	1	frozen_archive	0	unresolved	unresolved_law_and_citation_audit	git_revision_or_live_owner	static_inbound_link_scan_at_d17910d3
archive/cpp-engine/src/apparatus/cards/R32_LOCAL_CHART.card	1	frozen_archive	0	unresolved	unresolved_law_and_citation_audit	git_revision_or_live_owner	static_inbound_link_scan_at_d17910d3
archive/cpp-engine/src/apparatus/cards/R32_OCCURRENCE_INCIDENCE.card	1	frozen_archive	0	unresolved	unresolved_law_and_citation_audit	git_revision_or_live_owner	static_inbound_link_scan_at_d17910d3
archive/cpp-engine/src/apparatus/cards/R32_RECEIVER.card	1	frozen_archive	0	unresolved	unresolved_law_and_citation_audit	git_revision_or_live_owner	static_inbound_link_scan_at_d17910d3
archive/cpp-engine/src/apparatus/cards/R32_RETURN_CONDUCT.card	1	frozen_archive	0	unresolved	unresolved_law_and_citation_audit	git_revision_or_live_owner	static_inbound_link_scan_at_d17910d3
archive/cpp-engine/src/apparatus/cards/R33_HELDOUT_LOCAL_SYSTEM.card	1	frozen_archive	0	unresolved	unresolved_law_and_citation_audit	git_revision_or_live_owner	static_inbound_link_scan_at_d17910d3
archive/cpp-engine/src/apparatus/cards/R33_POSITIVE_TRANSITIONS.card	1	frozen_archive	0	unresolved	unresolved_law_and_citation_audit	git_revision_or_live_owner	static_inbound_link_scan_at_d17910d3
archive/cpp-engine/src/apparatus/cards/R33_RECHARTED_TRANSITIONS.card	1	frozen_archive	0	unresolved	unresolved_law_and_citation_audit	git_revision_or_live_owner	static_inbound_link_scan_at_d17910d3
archive/cpp-engine/src/apparatus/cards/R33_SIGNED_TRANSITIONS.card	1	frozen_archive	0	unresolved	unresolved_law_and_citation_audit	git_revision_or_live_owner	static_inbound_link_scan_at_d17910d3
archive/cpp-engine/src/apparatus/cards/R34_HELDOUT_ORIENTED_SYSTEM.card	1	frozen_archive	0	unresolved	unresolved_law_and_citation_audit	git_revision_or_live_owner	static_inbound_link_scan_at_d17910d3
archive/cpp-engine/src/apparatus/cards/R34_POSITIVE_TRIPLES.card	1	frozen_archive	0	unresolved	unresolved_law_and_citation_audit	git_revision_or_live_owner	static_inbound_link_scan_at_d17910d3
archive/cpp-engine/src/apparatus/cards/R34_RECHARTED_TRIPLES.card	1	frozen_archive	0	unresolved	unresolved_law_and_citation_audit	git_revision_or_live_owner	static_inbound_link_scan_at_d17910d3
archive/cpp-engine/src/apparatus/cards/R34_SIGNED_TRIPLES.card	1	frozen_archive	0	unresolved	unresolved_law_and_citation_audit	git_revision_or_live_owner	static_inbound_link_scan_at_d17910d3
archive/cpp-engine/src/apparatus/cards/R35_HELDOUT_REBASE_PATH.card	1	frozen_archive	0	unresolved	unresolved_law_and_citation_audit	git_revision_or_live_owner	static_inbound_link_scan_at_d17910d3
archive/cpp-engine/src/apparatus/cards/R35_PRIMARY_REBASE.card	1	frozen_archive	0	unresolved	unresolved_law_and_citation_audit	git_revision_or_live_owner	static_inbound_link_scan_at_d17910d3
archive/cpp-engine/src/apparatus/cards/R35_RECHARTED_REBASE.card	1	frozen_archive	0	unresolved	unresolved_law_and_citation_audit	git_revision_or_live_owner	static_inbound_link_scan_at_d17910d3
archive/cpp-engine/src/apparatus/cards/R35_SIGNED_REBASE.card	1	frozen_archive	0	unresolved	unresolved_law_and_citation_audit	git_revision_or_live_owner	static_inbound_link_scan_at_d17910d3
archive/cpp-engine/src/apparatus/host/algebraic_variation_card_adapter.cpp	139	frozen_archive	0	unresolved	unresolved_law_and_citation_audit	git_revision_or_live_owner	static_inbound_link_scan_at_d17910d3
archive/cpp-engine/src/apparatus/host/algebraic_variation_store_adapter.cpp	75	frozen_archive	0	unresolved	unresolved_law_and_citation_audit	git_revision_or_live_owner	static_inbound_link_scan_at_d17910d3
archive/cpp-engine/src/apparatus/host/arithmetic_spectral_card_adapter.cpp	139	frozen_archive	0	unresolved	unresolved_law_and_citation_audit	git_revision_or_live_owner	static_inbound_link_scan_at_d17910d3
archive/cpp-engine/src/apparatus/host/arithmetic_spectral_store_adapter.cpp	85	frozen_archive	0	unresolved	unresolved_law_and_citation_audit	git_revision_or_live_owner	static_inbound_link_scan_at_d17910d3
archive/cpp-engine/src/apparatus/host/blind_reconstruction_card_adapter.cpp	208	frozen_archive	0	unresolved	unresolved_law_and_citation_audit	git_revision_or_live_owner	static_inbound_link_scan_at_d17910d3
archive/cpp-engine/src/apparatus/host/blind_reconstruction_store_adapter.cpp	83	frozen_archive	0	unresolved	unresolved_law_and_citation_audit	git_revision_or_live_owner	static_inbound_link_scan_at_d17910d3
archive/cpp-engine/src/apparatus/host/causal_linear_card_adapter.cpp	122	frozen_archive	0	unresolved	unresolved_law_and_citation_audit	git_revision_or_live_owner	static_inbound_link_scan_at_d17910d3
archive/cpp-engine/src/apparatus/host/causal_linear_store_adapter.cpp	82	frozen_archive	0	unresolved	unresolved_law_and_citation_audit	git_revision_or_live_owner	static_inbound_link_scan_at_d17910d3
archive/cpp-engine/src/apparatus/host/characteristic_card_adapter.cpp	91	frozen_archive	0	unresolved	unresolved_law_and_citation_audit	git_revision_or_live_owner	static_inbound_link_scan_at_d17910d3
archive/cpp-engine/src/apparatus/host/characteristic_rest_adapter.cpp	66	frozen_archive	0	unresolved	unresolved_law_and_citation_audit	git_revision_or_live_owner	static_inbound_link_scan_at_d17910d3
archive/cpp-engine/src/apparatus/host/characteristic_store_adapter.cpp	93	frozen_archive	0	unresolved	unresolved_law_and_citation_audit	git_revision_or_live_owner	static_inbound_link_scan_at_d17910d3
archive/cpp-engine/src/apparatus/host/cm_incidence_card_adapter.cpp	138	frozen_archive	0	unresolved	unresolved_law_and_citation_audit	git_revision_or_live_owner	static_inbound_link_scan_at_d17910d3
archive/cpp-engine/src/apparatus/host/cm_incidence_store_adapter.cpp	83	frozen_archive	0	unresolved	unresolved_law_and_citation_audit	git_revision_or_live_owner	static_inbound_link_scan_at_d17910d3
archive/cpp-engine/src/apparatus/host/codec_store_adapter.cpp	136	frozen_archive	0	unresolved	unresolved_law_and_citation_audit	git_revision_or_live_owner	static_inbound_link_scan_at_d17910d3
archive/cpp-engine/src/apparatus/host/conditioned_production_arena.hpp	171	frozen_archive	0	unresolved	unresolved_law_and_citation_audit	git_revision_or_live_owner	static_inbound_link_scan_at_d17910d3
archive/cpp-engine/src/apparatus/host/conditioned_production_deed.cpp	213	frozen_archive	0	unresolved	unresolved_law_and_citation_audit	git_revision_or_live_owner	static_inbound_link_scan_at_d17910d3
archive/cpp-engine/src/apparatus/host/conditioned_production_source.hpp	155	frozen_archive	0	unresolved	unresolved_law_and_citation_audit	git_revision_or_live_owner	static_inbound_link_scan_at_d17910d3
archive/cpp-engine/src/apparatus/host/constraint_rebase_deed.cpp	168	frozen_archive	0	unresolved	unresolved_law_and_citation_audit	git_revision_or_live_owner	static_inbound_link_scan_at_d17910d3
archive/cpp-engine/src/apparatus/host/cultivated_card_adapter.cpp	121	frozen_archive	0	unresolved	unresolved_law_and_citation_audit	git_revision_or_live_owner	static_inbound_link_scan_at_d17910d3
archive/cpp-engine/src/apparatus/host/cultivated_rest_adapter.cpp	46	frozen_archive	0	unresolved	unresolved_law_and_citation_audit	git_revision_or_live_owner	static_inbound_link_scan_at_d17910d3
archive/cpp-engine/src/apparatus/host/elementary_card_adapter.cpp	125	frozen_archive	0	unresolved	unresolved_law_and_citation_audit	git_revision_or_live_owner	static_inbound_link_scan_at_d17910d3
archive/cpp-engine/src/apparatus/host/elementary_rest_adapter.cpp	38	frozen_archive	0	unresolved	unresolved_law_and_citation_audit	git_revision_or_live_owner	static_inbound_link_scan_at_d17910d3
archive/cpp-engine/src/apparatus/host/enclosure_deed.cpp	140	frozen_archive	0	unresolved	unresolved_law_and_citation_audit	git_revision_or_live_owner	static_inbound_link_scan_at_d17910d3
archive/cpp-engine/src/apparatus/host/expression_geometry_card_adapter.cpp	154	frozen_archive	0	unresolved	unresolved_law_and_citation_audit	git_revision_or_live_owner	static_inbound_link_scan_at_d17910d3
archive/cpp-engine/src/apparatus/host/expression_geometry_store_adapter.cpp	101	frozen_archive	0	unresolved	unresolved_law_and_citation_audit	git_revision_or_live_owner	static_inbound_link_scan_at_d17910d3
archive/cpp-engine/src/apparatus/host/grown_circuit_deed.cpp	135	frozen_archive	0	unresolved	unresolved_law_and_citation_audit	git_revision_or_live_owner	static_inbound_link_scan_at_d17910d3
archive/cpp-engine/src/apparatus/host/hodge_realization_card_adapter.cpp	143	frozen_archive	0	unresolved	unresolved_law_and_citation_audit	git_revision_or_live_owner	static_inbound_link_scan_at_d17910d3
archive/cpp-engine/src/apparatus/host/hodge_realization_store_adapter.cpp	85	frozen_archive	0	unresolved	unresolved_law_and_citation_audit	git_revision_or_live_owner	static_inbound_link_scan_at_d17910d3
archive/cpp-engine/src/apparatus/host/inherited_predecessor_deed.cpp	33	frozen_archive	0	unresolved	unresolved_law_and_citation_audit	git_revision_or_live_owner	static_inbound_link_scan_at_d17910d3
archive/cpp-engine/src/apparatus/host/intrinsic_hypergeometry_card_adapter.cpp	139	frozen_archive	0	unresolved	unresolved_law_and_citation_audit	git_revision_or_live_owner	static_inbound_link_scan_at_d17910d3
archive/cpp-engine/src/apparatus/host/intrinsic_hypergeometry_store_adapter.cpp	83	frozen_archive	0	unresolved	unresolved_law_and_citation_audit	git_revision_or_live_owner	static_inbound_link_scan_at_d17910d3
archive/cpp-engine/src/apparatus/host/lean_checker_process.cpp	213	frozen_archive	0	unresolved	unresolved_law_and_citation_audit	git_revision_or_live_owner	static_inbound_link_scan_at_d17910d3
archive/cpp-engine/src/apparatus/host/mathematical_source_adapter.cpp	182	frozen_archive	0	unresolved	unresolved_law_and_citation_audit	git_revision_or_live_owner	static_inbound_link_scan_at_d17910d3
archive/cpp-engine/src/apparatus/host/one_standing_deed.cpp	210	frozen_archive	0	unresolved	unresolved_law_and_citation_audit	git_revision_or_live_owner	static_inbound_link_scan_at_d17910d3
archive/cpp-engine/src/apparatus/host/one_standing_report.hpp	85	frozen_archive	0	unresolved	unresolved_law_and_citation_audit	git_revision_or_live_owner	static_inbound_link_scan_at_d17910d3
archive/cpp-engine/src/apparatus/host/phase_crystal_store_adapter.cpp	88	frozen_archive	0	unresolved	unresolved_law_and_citation_audit	git_revision_or_live_owner	static_inbound_link_scan_at_d17910d3
archive/cpp-engine/src/apparatus/host/r11_mathematical_occurrence_ecology_deed.cpp	36	frozen_archive	0	unresolved	unresolved_law_and_citation_audit	git_revision_or_live_owner	static_inbound_link_scan_at_d17910d3
archive/cpp-engine/src/apparatus/host/r18_phase_crystal_deed.cpp	31	frozen_archive	0	unresolved	unresolved_law_and_citation_audit	git_revision_or_live_owner	static_inbound_link_scan_at_d17910d3
archive/cpp-engine/src/apparatus/host/r19_characteristic_deed.cpp	31	frozen_archive	0	unresolved	unresolved_law_and_citation_audit	git_revision_or_live_owner	static_inbound_link_scan_at_d17910d3
archive/cpp-engine/src/apparatus/host/r1_exact_deed.cpp	60	frozen_archive	0	unresolved	unresolved_law_and_citation_audit	git_revision_or_live_owner	static_inbound_link_scan_at_d17910d3
archive/cpp-engine/src/apparatus/host/r20_regular_singular_deed.cpp	31	frozen_archive	0	unresolved	unresolved_law_and_citation_audit	git_revision_or_live_owner	static_inbound_link_scan_at_d17910d3
archive/cpp-engine/src/apparatus/host/r21_blind_reconstruction_deed.cpp	52	frozen_archive	0	unresolved	unresolved_law_and_citation_audit	git_revision_or_live_owner	static_inbound_link_scan_at_d17910d3
archive/cpp-engine/src/apparatus/host/r22_cm_incidence_deed.cpp	41	frozen_archive	0	unresolved	unresolved_law_and_citation_audit	git_revision_or_live_owner	static_inbound_link_scan_at_d17910d3
archive/cpp-engine/src/apparatus/host/r23_toric_cycle_deed.cpp	40	frozen_archive	0	unresolved	unresolved_law_and_citation_audit	git_revision_or_live_owner	static_inbound_link_scan_at_d17910d3
archive/cpp-engine/src/apparatus/host/r24_algebraic_variation_deed.cpp	39	frozen_archive	0	unresolved	unresolved_law_and_citation_audit	git_revision_or_live_owner	static_inbound_link_scan_at_d17910d3
archive/cpp-engine/src/apparatus/host/r25_causal_linear_deed.cpp	50	frozen_archive	0	unresolved	unresolved_law_and_citation_audit	git_revision_or_live_owner	static_inbound_link_scan_at_d17910d3
archive/cpp-engine/src/apparatus/host/r26_intrinsic_hypergeometry_deed.cpp	44	frozen_archive	0	unresolved	unresolved_law_and_citation_audit	git_revision_or_live_owner	static_inbound_link_scan_at_d17910d3
archive/cpp-engine/src/apparatus/host/r27_expression_geometry_deed.cpp	38	frozen_archive	0	unresolved	unresolved_law_and_citation_audit	git_revision_or_live_owner	static_inbound_link_scan_at_d17910d3
archive/cpp-engine/src/apparatus/host/r28_hodge_realization_deed.cpp	37	frozen_archive	0	unresolved	unresolved_law_and_citation_audit	git_revision_or_live_owner	static_inbound_link_scan_at_d17910d3
archive/cpp-engine/src/apparatus/host/r29_arithmetic_spectral_deed.cpp	39	frozen_archive	0	unresolved	unresolved_law_and_citation_audit	git_revision_or_live_owner	static_inbound_link_scan_at_d17910d3
archive/cpp-engine/src/apparatus/host/r2_structure_deed.cpp	37	frozen_archive	0	unresolved	unresolved_law_and_citation_audit	git_revision_or_live_owner	static_inbound_link_scan_at_d17910d3
archive/cpp-engine/src/apparatus/host/r30_rederivation_deed.cpp	60	frozen_archive	0	unresolved	unresolved_law_and_citation_audit	git_revision_or_live_owner	static_inbound_link_scan_at_d17910d3
archive/cpp-engine/src/apparatus/host/r31_cultivated_application_deed.cpp	88	frozen_archive	0	unresolved	unresolved_law_and_citation_audit	git_revision_or_live_owner	static_inbound_link_scan_at_d17910d3
archive/cpp-engine/src/apparatus/host/r31_organ_cultivation_deed.cpp	91	frozen_archive	0	unresolved	unresolved_law_and_citation_audit	git_revision_or_live_owner	static_inbound_link_scan_at_d17910d3
archive/cpp-engine/src/apparatus/host/r32_elementary_discovery_deed.cpp	106	frozen_archive	0	unresolved	unresolved_law_and_citation_audit	git_revision_or_live_owner	static_inbound_link_scan_at_d17910d3
archive/cpp-engine/src/apparatus/host/r32_heldout_holonomy_deed.cpp	55	frozen_archive	0	unresolved	unresolved_law_and_citation_audit	git_revision_or_live_owner	static_inbound_link_scan_at_d17910d3
archive/cpp-engine/src/apparatus/host/r33_characteristic_application_deed.cpp	125	frozen_archive	0	unresolved	unresolved_law_and_citation_audit	git_revision_or_live_owner	static_inbound_link_scan_at_d17910d3
archive/cpp-engine/src/apparatus/host/r33_characteristic_discovery_deed.cpp	191	frozen_archive	0	unresolved	unresolved_law_and_citation_audit	git_revision_or_live_owner	static_inbound_link_scan_at_d17910d3
archive/cpp-engine/src/apparatus/host/r34_trace_fiber_application_deed.cpp	98	frozen_archive	0	unresolved	unresolved_law_and_citation_audit	git_revision_or_live_owner	static_inbound_link_scan_at_d17910d3
archive/cpp-engine/src/apparatus/host/r34_trace_fiber_discovery_deed.cpp	156	frozen_archive	0	unresolved	unresolved_law_and_citation_audit	git_revision_or_live_owner	static_inbound_link_scan_at_d17910d3
archive/cpp-engine/src/apparatus/host/r35_trace_rebase_application_deed.cpp	130	frozen_archive	0	unresolved	unresolved_law_and_citation_audit	git_revision_or_live_owner	static_inbound_link_scan_at_d17910d3
archive/cpp-engine/src/apparatus/host/r35_trace_rebase_atlas.hpp	174	frozen_archive	0	unresolved	unresolved_law_and_citation_audit	git_revision_or_live_owner	static_inbound_link_scan_at_d17910d3
archive/cpp-engine/src/apparatus/host/r35_trace_rebase_discovery_deed.cpp	120	frozen_archive	0	unresolved	unresolved_law_and_citation_audit	git_revision_or_live_owner	static_inbound_link_scan_at_d17910d3
archive/cpp-engine/src/apparatus/host/r3_source_topology_deed.cpp	47	frozen_archive	0	unresolved	unresolved_law_and_citation_audit	git_revision_or_live_owner	static_inbound_link_scan_at_d17910d3
archive/cpp-engine/src/apparatus/host/r4_body_lifecycle_deed.cpp	30	frozen_archive	0	unresolved	unresolved_law_and_citation_audit	git_revision_or_live_owner	static_inbound_link_scan_at_d17910d3
archive/cpp-engine/src/apparatus/host/r5_causal_current_deed.cpp	37	frozen_archive	0	unresolved	unresolved_law_and_citation_audit	git_revision_or_live_owner	static_inbound_link_scan_at_d17910d3
archive/cpp-engine/src/apparatus/host/r6_many_current_weave_deed.cpp	34	frozen_archive	0	unresolved	unresolved_law_and_citation_audit	git_revision_or_live_owner	static_inbound_link_scan_at_d17910d3
archive/cpp-engine/src/apparatus/host/r7_core_receiver_geometry_deed.cpp	34	frozen_archive	0	unresolved	unresolved_law_and_citation_audit	git_revision_or_live_owner	static_inbound_link_scan_at_d17910d3
archive/cpp-engine/src/apparatus/host/r8_stateful_boundary_condensation_deed.cpp	34	frozen_archive	0	unresolved	unresolved_law_and_citation_audit	git_revision_or_live_owner	static_inbound_link_scan_at_d17910d3
archive/cpp-engine/src/apparatus/host/r9_agnostic_codecs_reflection_deed.cpp	49	frozen_archive	0	unresolved	unresolved_law_and_citation_audit	git_revision_or_live_owner	static_inbound_link_scan_at_d17910d3
archive/cpp-engine/src/apparatus/host/rederivation_card_adapter.cpp	236	frozen_archive	0	unresolved	unresolved_law_and_citation_audit	git_revision_or_live_owner	static_inbound_link_scan_at_d17910d3
archive/cpp-engine/src/apparatus/host/rederivation_store_adapter.cpp	105	frozen_archive	0	unresolved	unresolved_law_and_citation_audit	git_revision_or_live_owner	static_inbound_link_scan_at_d17910d3
archive/cpp-engine/src/apparatus/host/regular_singular_store_adapter.cpp	94	frozen_archive	0	unresolved	unresolved_law_and_citation_audit	git_revision_or_live_owner	static_inbound_link_scan_at_d17910d3
archive/cpp-engine/src/apparatus/host/resident_mount_deed.cpp	127	frozen_archive	0	unresolved	unresolved_law_and_citation_audit	git_revision_or_live_owner	static_inbound_link_scan_at_d17910d3
archive/cpp-engine/src/apparatus/host/returned_theorem_checker_process.cpp	52	frozen_archive	0	unresolved	unresolved_law_and_citation_audit	git_revision_or_live_owner	static_inbound_link_scan_at_d17910d3
archive/cpp-engine/src/apparatus/host/sealed_geometry_reference_adapter.cpp	77	frozen_archive	0	unresolved	unresolved_law_and_citation_audit	git_revision_or_live_owner	static_inbound_link_scan_at_d17910d3
archive/cpp-engine/src/apparatus/host/source_store_adapter.cpp	207	frozen_archive	0	unresolved	unresolved_law_and_citation_audit	git_revision_or_live_owner	static_inbound_link_scan_at_d17910d3
archive/cpp-engine/src/apparatus/host/spine_deed.cpp	107	frozen_archive	0	unresolved	unresolved_law_and_citation_audit	git_revision_or_live_owner	static_inbound_link_scan_at_d17910d3
archive/cpp-engine/src/apparatus/host/text_mount_deed.cpp	229	frozen_archive	0	unresolved	unresolved_law_and_citation_audit	git_revision_or_live_owner	static_inbound_link_scan_at_d17910d3
archive/cpp-engine/src/apparatus/host/toric_cycle_card_adapter.cpp	159	frozen_archive	0	unresolved	unresolved_law_and_citation_audit	git_revision_or_live_owner	static_inbound_link_scan_at_d17910d3
archive/cpp-engine/src/apparatus/host/toric_cycle_store_adapter.cpp	77	frozen_archive	0	unresolved	unresolved_law_and_citation_audit	git_revision_or_live_owner	static_inbound_link_scan_at_d17910d3
archive/cpp-engine/src/apparatus/host/trace_fiber_card_adapter.cpp	90	frozen_archive	0	unresolved	unresolved_law_and_citation_audit	git_revision_or_live_owner	static_inbound_link_scan_at_d17910d3
archive/cpp-engine/src/apparatus/host/trace_fiber_rest_adapter.cpp	63	frozen_archive	0	unresolved	unresolved_law_and_citation_audit	git_revision_or_live_owner	static_inbound_link_scan_at_d17910d3
archive/cpp-engine/src/apparatus/host/trace_rebase_card_adapter.cpp	85	frozen_archive	0	unresolved	unresolved_law_and_citation_audit	git_revision_or_live_owner	static_inbound_link_scan_at_d17910d3
archive/cpp-engine/src/apparatus/host/trace_rebase_rest_adapter.cpp	62	frozen_archive	0	unresolved	unresolved_law_and_citation_audit	git_revision_or_live_owner	static_inbound_link_scan_at_d17910d3
archive/cpp-engine/src/cuda/executor/enclosure_executor.cu	123	frozen_archive	0	unresolved	unresolved_law_and_citation_audit	git_revision_or_live_owner	static_inbound_link_scan_at_d17910d3
archive/cpp-engine/src/cuda/executor/r11_mathematical_ecology_executor.cu	116	frozen_archive	0	unresolved	unresolved_law_and_citation_audit	git_revision_or_live_owner	static_inbound_link_scan_at_d17910d3
archive/cpp-engine/src/cuda/executor/r11_mathematical_ecology_kernels.cu	108	frozen_archive	0	unresolved	unresolved_law_and_citation_audit	git_revision_or_live_owner	static_inbound_link_scan_at_d17910d3
archive/cpp-engine/src/cuda/executor/r18_phase_crystal_executor.cu	161	frozen_archive	0	unresolved	unresolved_law_and_citation_audit	git_revision_or_live_owner	static_inbound_link_scan_at_d17910d3
archive/cpp-engine/src/cuda/executor/r18_phase_crystal_kernels.cu	103	frozen_archive	0	unresolved	unresolved_law_and_citation_audit	git_revision_or_live_owner	static_inbound_link_scan_at_d17910d3
archive/cpp-engine/src/cuda/executor/r19_characteristic_executor.cu	161	frozen_archive	0	unresolved	unresolved_law_and_citation_audit	git_revision_or_live_owner	static_inbound_link_scan_at_d17910d3
archive/cpp-engine/src/cuda/executor/r19_characteristic_kernels.cu	104	frozen_archive	0	unresolved	unresolved_law_and_citation_audit	git_revision_or_live_owner	static_inbound_link_scan_at_d17910d3
archive/cpp-engine/src/cuda/executor/r1_exact_executor.cu	127	frozen_archive	0	unresolved	unresolved_law_and_citation_audit	git_revision_or_live_owner	static_inbound_link_scan_at_d17910d3
archive/cpp-engine/src/cuda/executor/r20_regular_singular_executor.cu	166	frozen_archive	0	unresolved	unresolved_law_and_citation_audit	git_revision_or_live_owner	static_inbound_link_scan_at_d17910d3
archive/cpp-engine/src/cuda/executor/r20_regular_singular_kernels.cu	121	frozen_archive	0	unresolved	unresolved_law_and_citation_audit	git_revision_or_live_owner	static_inbound_link_scan_at_d17910d3
archive/cpp-engine/src/cuda/executor/r21_blind_reconstruction_executor.cu	190	frozen_archive	0	unresolved	unresolved_law_and_citation_audit	git_revision_or_live_owner	static_inbound_link_scan_at_d17910d3
archive/cpp-engine/src/cuda/executor/r21_blind_reconstruction_kernels.cu	147	frozen_archive	0	unresolved	unresolved_law_and_citation_audit	git_revision_or_live_owner	static_inbound_link_scan_at_d17910d3
archive/cpp-engine/src/cuda/executor/r21_blind_reconstruction_probe.cu	57	frozen_archive	0	unresolved	unresolved_law_and_citation_audit	git_revision_or_live_owner	static_inbound_link_scan_at_d17910d3
archive/cpp-engine/src/cuda/executor/r22_cm_incidence_executor.cu	147	frozen_archive	0	unresolved	unresolved_law_and_citation_audit	git_revision_or_live_owner	static_inbound_link_scan_at_d17910d3
archive/cpp-engine/src/cuda/executor/r22_cm_incidence_kernels.cu	126	frozen_archive	0	unresolved	unresolved_law_and_citation_audit	git_revision_or_live_owner	static_inbound_link_scan_at_d17910d3
archive/cpp-engine/src/cuda/executor/r22_cm_incidence_probe.cu	51	frozen_archive	0	unresolved	unresolved_law_and_citation_audit	git_revision_or_live_owner	static_inbound_link_scan_at_d17910d3
archive/cpp-engine/src/cuda/executor/r23_toric_cycle_executor.cu	138	frozen_archive	0	unresolved	unresolved_law_and_citation_audit	git_revision_or_live_owner	static_inbound_link_scan_at_d17910d3
archive/cpp-engine/src/cuda/executor/r23_toric_cycle_kernels.cu	93	frozen_archive	0	unresolved	unresolved_law_and_citation_audit	git_revision_or_live_owner	static_inbound_link_scan_at_d17910d3
archive/cpp-engine/src/cuda/executor/r23_toric_cycle_probe.cu	45	frozen_archive	0	unresolved	unresolved_law_and_citation_audit	git_revision_or_live_owner	static_inbound_link_scan_at_d17910d3
archive/cpp-engine/src/cuda/executor/r24_algebraic_variation_executor.cu	139	frozen_archive	0	unresolved	unresolved_law_and_citation_audit	git_revision_or_live_owner	static_inbound_link_scan_at_d17910d3
archive/cpp-engine/src/cuda/executor/r24_algebraic_variation_kernels.cu	91	frozen_archive	0	unresolved	unresolved_law_and_citation_audit	git_revision_or_live_owner	static_inbound_link_scan_at_d17910d3
archive/cpp-engine/src/cuda/executor/r24_algebraic_variation_probe.cu	46	frozen_archive	0	unresolved	unresolved_law_and_citation_audit	git_revision_or_live_owner	static_inbound_link_scan_at_d17910d3
archive/cpp-engine/src/cuda/executor/r25_causal_linear_executor.cu	144	frozen_archive	0	unresolved	unresolved_law_and_citation_audit	git_revision_or_live_owner	static_inbound_link_scan_at_d17910d3
archive/cpp-engine/src/cuda/executor/r25_causal_linear_kernels.cu	167	frozen_archive	0	unresolved	unresolved_law_and_citation_audit	git_revision_or_live_owner	static_inbound_link_scan_at_d17910d3
archive/cpp-engine/src/cuda/executor/r25_causal_linear_probe.cu	51	frozen_archive	0	unresolved	unresolved_law_and_citation_audit	git_revision_or_live_owner	static_inbound_link_scan_at_d17910d3
archive/cpp-engine/src/cuda/executor/r26_intrinsic_hypergeometry_executor.cu	162	frozen_archive	0	unresolved	unresolved_law_and_citation_audit	git_revision_or_live_owner	static_inbound_link_scan_at_d17910d3
archive/cpp-engine/src/cuda/executor/r26_intrinsic_hypergeometry_kernels.cu	169	frozen_archive	0	unresolved	unresolved_law_and_citation_audit	git_revision_or_live_owner	static_inbound_link_scan_at_d17910d3
archive/cpp-engine/src/cuda/executor/r27_expression_geometry_executor.cu	137	frozen_archive	0	unresolved	unresolved_law_and_citation_audit	git_revision_or_live_owner	static_inbound_link_scan_at_d17910d3
archive/cpp-engine/src/cuda/executor/r27_expression_geometry_kernels.cu	135	frozen_archive	0	unresolved	unresolved_law_and_citation_audit	git_revision_or_live_owner	static_inbound_link_scan_at_d17910d3
archive/cpp-engine/src/cuda/executor/r28_hodge_realization_executor.cu	128	frozen_archive	0	unresolved	unresolved_law_and_citation_audit	git_revision_or_live_owner	static_inbound_link_scan_at_d17910d3
archive/cpp-engine/src/cuda/executor/r28_hodge_realization_kernels.cu	145	frozen_archive	0	unresolved	unresolved_law_and_citation_audit	git_revision_or_live_owner	static_inbound_link_scan_at_d17910d3
archive/cpp-engine/src/cuda/executor/r29_arithmetic_spectral_executor.cu	145	frozen_archive	0	unresolved	unresolved_law_and_citation_audit	git_revision_or_live_owner	static_inbound_link_scan_at_d17910d3
archive/cpp-engine/src/cuda/executor/r29_arithmetic_spectral_kernels.cu	214	frozen_archive	0	unresolved	unresolved_law_and_citation_audit	git_revision_or_live_owner	static_inbound_link_scan_at_d17910d3
archive/cpp-engine/src/cuda/executor/r2_structure_executor.cu	160	frozen_archive	0	unresolved	unresolved_law_and_citation_audit	git_revision_or_live_owner	static_inbound_link_scan_at_d17910d3
archive/cpp-engine/src/cuda/executor/r30_rederivation_currents.cu	34	frozen_archive	0	unresolved	unresolved_law_and_citation_audit	git_revision_or_live_owner	static_inbound_link_scan_at_d17910d3
archive/cpp-engine/src/cuda/executor/r30_rederivation_executor.cu	239	frozen_archive	0	unresolved	unresolved_law_and_citation_audit	git_revision_or_live_owner	static_inbound_link_scan_at_d17910d3
archive/cpp-engine/src/cuda/executor/r30_rederivation_kernels.cu	206	frozen_archive	0	unresolved	unresolved_law_and_citation_audit	git_revision_or_live_owner	static_inbound_link_scan_at_d17910d3
archive/cpp-engine/src/cuda/executor/r31_application_executor.cu	107	frozen_archive	0	unresolved	unresolved_law_and_citation_audit	git_revision_or_live_owner	static_inbound_link_scan_at_d17910d3
archive/cpp-engine/src/cuda/executor/r31_cultivated_currents.cu	22	frozen_archive	0	unresolved	unresolved_law_and_citation_audit	git_revision_or_live_owner	static_inbound_link_scan_at_d17910d3
archive/cpp-engine/src/cuda/executor/r31_cultivated_kernels.cu	156	frozen_archive	0	unresolved	unresolved_law_and_citation_audit	git_revision_or_live_owner	static_inbound_link_scan_at_d17910d3
archive/cpp-engine/src/cuda/executor/r31_cultivation_executor.cu	96	frozen_archive	0	unresolved	unresolved_law_and_citation_audit	git_revision_or_live_owner	static_inbound_link_scan_at_d17910d3
archive/cpp-engine/src/cuda/executor/r32_application_executor.cu	78	frozen_archive	0	unresolved	unresolved_law_and_citation_audit	git_revision_or_live_owner	static_inbound_link_scan_at_d17910d3
archive/cpp-engine/src/cuda/executor/r32_discovery_executor.cu	80	frozen_archive	0	unresolved	unresolved_law_and_citation_audit	git_revision_or_live_owner	static_inbound_link_scan_at_d17910d3
archive/cpp-engine/src/cuda/executor/r32_elementary_currents.cu	31	frozen_archive	0	unresolved	unresolved_law_and_citation_audit	git_revision_or_live_owner	static_inbound_link_scan_at_d17910d3
archive/cpp-engine/src/cuda/executor/r32_elementary_kernels.cu	97	frozen_archive	0	unresolved	unresolved_law_and_citation_audit	git_revision_or_live_owner	static_inbound_link_scan_at_d17910d3
archive/cpp-engine/src/cuda/executor/r33_application_executor.cu	196	frozen_archive	0	unresolved	unresolved_law_and_citation_audit	git_revision_or_live_owner	static_inbound_link_scan_at_d17910d3
archive/cpp-engine/src/cuda/executor/r33_characteristic_currents.cu	47	frozen_archive	0	unresolved	unresolved_law_and_citation_audit	git_revision_or_live_owner	static_inbound_link_scan_at_d17910d3
archive/cpp-engine/src/cuda/executor/r33_characteristic_kernels.cu	153	frozen_archive	0	unresolved	unresolved_law_and_citation_audit	git_revision_or_live_owner	static_inbound_link_scan_at_d17910d3
archive/cpp-engine/src/cuda/executor/r33_discovery_executor.cu	193	frozen_archive	0	unresolved	unresolved_law_and_citation_audit	git_revision_or_live_owner	static_inbound_link_scan_at_d17910d3
archive/cpp-engine/src/cuda/executor/r33_heldout_kernels.cu	139	frozen_archive	0	unresolved	unresolved_law_and_citation_audit	git_revision_or_live_owner	static_inbound_link_scan_at_d17910d3
archive/cpp-engine/src/cuda/executor/r34_heldout_trace_fiber_kernels.cu	143	frozen_archive	0	unresolved	unresolved_law_and_citation_audit	git_revision_or_live_owner	static_inbound_link_scan_at_d17910d3
archive/cpp-engine/src/cuda/executor/r34_trace_fiber_application_executor.cu	170	frozen_archive	0	unresolved	unresolved_law_and_citation_audit	git_revision_or_live_owner	static_inbound_link_scan_at_d17910d3
archive/cpp-engine/src/cuda/executor/r34_trace_fiber_currents.cu	43	frozen_archive	0	unresolved	unresolved_law_and_citation_audit	git_revision_or_live_owner	static_inbound_link_scan_at_d17910d3
archive/cpp-engine/src/cuda/executor/r34_trace_fiber_discovery_executor.cu	170	frozen_archive	0	unresolved	unresolved_law_and_citation_audit	git_revision_or_live_owner	static_inbound_link_scan_at_d17910d3
archive/cpp-engine/src/cuda/executor/r34_trace_fiber_kernels.cu	175	frozen_archive	0	unresolved	unresolved_law_and_citation_audit	git_revision_or_live_owner	static_inbound_link_scan_at_d17910d3
archive/cpp-engine/src/cuda/executor/r35_heldout_trace_rebase_kernels.cu	138	frozen_archive	0	unresolved	unresolved_law_and_citation_audit	git_revision_or_live_owner	static_inbound_link_scan_at_d17910d3
archive/cpp-engine/src/cuda/executor/r35_trace_rebase_application_executor.cu	181	frozen_archive	0	unresolved	unresolved_law_and_citation_audit	git_revision_or_live_owner	static_inbound_link_scan_at_d17910d3
archive/cpp-engine/src/cuda/executor/r35_trace_rebase_currents.cu	47	frozen_archive	0	unresolved	unresolved_law_and_citation_audit	git_revision_or_live_owner	static_inbound_link_scan_at_d17910d3
archive/cpp-engine/src/cuda/executor/r35_trace_rebase_discovery_executor.cu	185	frozen_archive	0	unresolved	unresolved_law_and_citation_audit	git_revision_or_live_owner	static_inbound_link_scan_at_d17910d3
archive/cpp-engine/src/cuda/executor/r35_trace_rebase_kernels.cu	178	frozen_archive	0	unresolved	unresolved_law_and_citation_audit	git_revision_or_live_owner	static_inbound_link_scan_at_d17910d3
archive/cpp-engine/src/cuda/executor/r3_admission_kernels.cu	111	frozen_archive	0	unresolved	unresolved_law_and_citation_audit	git_revision_or_live_owner	static_inbound_link_scan_at_d17910d3
archive/cpp-engine/src/cuda/executor/r3_navigation_kernels.cu	168	frozen_archive	0	unresolved	unresolved_law_and_citation_audit	git_revision_or_live_owner	static_inbound_link_scan_at_d17910d3
archive/cpp-engine/src/cuda/executor/r3_source_executor.cu	167	frozen_archive	0	unresolved	unresolved_law_and_citation_audit	git_revision_or_live_owner	static_inbound_link_scan_at_d17910d3
archive/cpp-engine/src/cuda/executor/r3_source_kernels.cu	196	frozen_archive	0	unresolved	unresolved_law_and_citation_audit	git_revision_or_live_owner	static_inbound_link_scan_at_d17910d3
archive/cpp-engine/src/cuda/executor/r4_adversarial_kernels.cu	147	frozen_archive	0	unresolved	unresolved_law_and_citation_audit	git_revision_or_live_owner	static_inbound_link_scan_at_d17910d3
archive/cpp-engine/src/cuda/executor/r4_lifecycle_executor.cu	149	frozen_archive	0	unresolved	unresolved_law_and_citation_audit	git_revision_or_live_owner	static_inbound_link_scan_at_d17910d3
archive/cpp-engine/src/cuda/executor/r4_lifecycle_kernels.cu	80	frozen_archive	0	unresolved	unresolved_law_and_citation_audit	git_revision_or_live_owner	static_inbound_link_scan_at_d17910d3
archive/cpp-engine/src/cuda/executor/r5_current_executor.cu	120	frozen_archive	0	unresolved	unresolved_law_and_citation_audit	git_revision_or_live_owner	static_inbound_link_scan_at_d17910d3
archive/cpp-engine/src/cuda/executor/r5_current_front.cuh	139	frozen_archive	0	unresolved	unresolved_law_and_citation_audit	git_revision_or_live_owner	static_inbound_link_scan_at_d17910d3
archive/cpp-engine/src/cuda/executor/r5_current_kernels.cu	151	frozen_archive	0	unresolved	unresolved_law_and_citation_audit	git_revision_or_live_owner	static_inbound_link_scan_at_d17910d3
archive/cpp-engine/src/cuda/executor/r6_weave_executor.cu	109	frozen_archive	0	unresolved	unresolved_law_and_citation_audit	git_revision_or_live_owner	static_inbound_link_scan_at_d17910d3
archive/cpp-engine/src/cuda/executor/r6_weave_kernels.cu	115	frozen_archive	0	unresolved	unresolved_law_and_citation_audit	git_revision_or_live_owner	static_inbound_link_scan_at_d17910d3
archive/cpp-engine/src/cuda/executor/r6_weave_law.cuh	71	frozen_archive	0	unresolved	unresolved_law_and_citation_audit	git_revision_or_live_owner	static_inbound_link_scan_at_d17910d3
archive/cpp-engine/src/cuda/executor/r7_geometry_executor.cu	108	frozen_archive	0	unresolved	unresolved_law_and_citation_audit	git_revision_or_live_owner	static_inbound_link_scan_at_d17910d3
archive/cpp-engine/src/cuda/executor/r7_geometry_kernels.cu	82	frozen_archive	0	unresolved	unresolved_law_and_citation_audit	git_revision_or_live_owner	static_inbound_link_scan_at_d17910d3
archive/cpp-engine/src/cuda/executor/r7_geometry_law.cuh	57	frozen_archive	0	unresolved	unresolved_law_and_citation_audit	git_revision_or_live_owner	static_inbound_link_scan_at_d17910d3
archive/cpp-engine/src/cuda/executor/r8_condensation_executor.cu	104	frozen_archive	0	unresolved	unresolved_law_and_citation_audit	git_revision_or_live_owner	static_inbound_link_scan_at_d17910d3
archive/cpp-engine/src/cuda/executor/r8_condensation_kernels.cu	53	frozen_archive	0	unresolved	unresolved_law_and_citation_audit	git_revision_or_live_owner	static_inbound_link_scan_at_d17910d3
archive/cpp-engine/src/cuda/executor/r9_codec_executor.cu	134	frozen_archive	0	unresolved	unresolved_law_and_citation_audit	git_revision_or_live_owner	static_inbound_link_scan_at_d17910d3
archive/cpp-engine/src/cuda/executor/r9_codec_kernels.cu	125	frozen_archive	0	unresolved	unresolved_law_and_citation_audit	git_revision_or_live_owner	static_inbound_link_scan_at_d17910d3
archive/cpp-engine/src/cuda/executor/resident_ecology_executor.cu	229	frozen_archive	0	unresolved	unresolved_law_and_citation_audit	git_revision_or_live_owner	static_inbound_link_scan_at_d17910d3
archive/cpp-engine/src/cuda/executor/spine_executor.cu	131	frozen_archive	0	unresolved	unresolved_law_and_citation_audit	git_revision_or_live_owner	static_inbound_link_scan_at_d17910d3
archive/cpp-engine/src/cuda/executor/text_material_mount.cu	189	frozen_archive	0	unresolved	unresolved_law_and_citation_audit	git_revision_or_live_owner	static_inbound_link_scan_at_d17910d3
archive/cpp-engine/src/cuda/executor/text_mount_query.cuh	79	frozen_archive	0	unresolved	unresolved_law_and_citation_audit	git_revision_or_live_owner	static_inbound_link_scan_at_d17910d3
archive/cpp-engine/src/cuda/executor/text_mount_reserve.cuh	122	frozen_archive	0	unresolved	unresolved_law_and_citation_audit	git_revision_or_live_owner	static_inbound_link_scan_at_d17910d3
archive/cpp-engine/src/include/holonics/apparatus/algebraic_variation_executor.hpp	46	frozen_archive	0	unresolved	unresolved_law_and_citation_audit	git_revision_or_live_owner	static_inbound_link_scan_at_d17910d3
archive/cpp-engine/src/include/holonics/apparatus/algebraic_variation_probe.hpp	27	frozen_archive	0	unresolved	unresolved_law_and_citation_audit	git_revision_or_live_owner	static_inbound_link_scan_at_d17910d3
archive/cpp-engine/src/include/holonics/apparatus/algebraic_variation_resident.hpp	29	frozen_archive	0	unresolved	unresolved_law_and_citation_audit	git_revision_or_live_owner	static_inbound_link_scan_at_d17910d3
archive/cpp-engine/src/include/holonics/apparatus/algebraic_variation_store_adapter.hpp	32	frozen_archive	0	unresolved	unresolved_law_and_citation_audit	git_revision_or_live_owner	static_inbound_link_scan_at_d17910d3
archive/cpp-engine/src/include/holonics/apparatus/arithmetic_spectral_executor.hpp	42	frozen_archive	0	unresolved	unresolved_law_and_citation_audit	git_revision_or_live_owner	static_inbound_link_scan_at_d17910d3
archive/cpp-engine/src/include/holonics/apparatus/arithmetic_spectral_resident.hpp	37	frozen_archive	0	unresolved	unresolved_law_and_citation_audit	git_revision_or_live_owner	static_inbound_link_scan_at_d17910d3
archive/cpp-engine/src/include/holonics/apparatus/arithmetic_spectral_store_adapter.hpp	35	frozen_archive	0	unresolved	unresolved_law_and_citation_audit	git_revision_or_live_owner	static_inbound_link_scan_at_d17910d3
archive/cpp-engine/src/include/holonics/apparatus/blind_reconstruction_executor.hpp	66	frozen_archive	0	unresolved	unresolved_law_and_citation_audit	git_revision_or_live_owner	static_inbound_link_scan_at_d17910d3
archive/cpp-engine/src/include/holonics/apparatus/blind_reconstruction_probe.hpp	34	frozen_archive	0	unresolved	unresolved_law_and_citation_audit	git_revision_or_live_owner	static_inbound_link_scan_at_d17910d3
archive/cpp-engine/src/include/holonics/apparatus/blind_reconstruction_resident.hpp	43	frozen_archive	0	unresolved	unresolved_law_and_citation_audit	git_revision_or_live_owner	static_inbound_link_scan_at_d17910d3
archive/cpp-engine/src/include/holonics/apparatus/blind_reconstruction_store_adapter.hpp	41	frozen_archive	0	unresolved	unresolved_law_and_citation_audit	git_revision_or_live_owner	static_inbound_link_scan_at_d17910d3
archive/cpp-engine/src/include/holonics/apparatus/body_lifecycle_executor.hpp	48	frozen_archive	0	unresolved	unresolved_law_and_citation_audit	git_revision_or_live_owner	static_inbound_link_scan_at_d17910d3
archive/cpp-engine/src/include/holonics/apparatus/body_lifecycle_resident.hpp	32	frozen_archive	0	unresolved	unresolved_law_and_citation_audit	git_revision_or_live_owner	static_inbound_link_scan_at_d17910d3
archive/cpp-engine/src/include/holonics/apparatus/boundary_condensation_executor.hpp	44	frozen_archive	0	unresolved	unresolved_law_and_citation_audit	git_revision_or_live_owner	static_inbound_link_scan_at_d17910d3
archive/cpp-engine/src/include/holonics/apparatus/boundary_condensation_receipt.hpp	17	frozen_archive	0	unresolved	unresolved_law_and_citation_audit	git_revision_or_live_owner	static_inbound_link_scan_at_d17910d3
archive/cpp-engine/src/include/holonics/apparatus/boundary_condensation_resident.hpp	21	frozen_archive	0	unresolved	unresolved_law_and_citation_audit	git_revision_or_live_owner	static_inbound_link_scan_at_d17910d3
archive/cpp-engine/src/include/holonics/apparatus/causal_current_executor.hpp	47	frozen_archive	0	unresolved	unresolved_law_and_citation_audit	git_revision_or_live_owner	static_inbound_link_scan_at_d17910d3
archive/cpp-engine/src/include/holonics/apparatus/causal_current_resident.hpp	23	frozen_archive	0	unresolved	unresolved_law_and_citation_audit	git_revision_or_live_owner	static_inbound_link_scan_at_d17910d3
archive/cpp-engine/src/include/holonics/apparatus/causal_linear_executor.hpp	46	frozen_archive	0	unresolved	unresolved_law_and_citation_audit	git_revision_or_live_owner	static_inbound_link_scan_at_d17910d3
archive/cpp-engine/src/include/holonics/apparatus/causal_linear_probe.hpp	27	frozen_archive	0	unresolved	unresolved_law_and_citation_audit	git_revision_or_live_owner	static_inbound_link_scan_at_d17910d3
archive/cpp-engine/src/include/holonics/apparatus/causal_linear_resident.hpp	33	frozen_archive	0	unresolved	unresolved_law_and_citation_audit	git_revision_or_live_owner	static_inbound_link_scan_at_d17910d3
archive/cpp-engine/src/include/holonics/apparatus/causal_linear_store_adapter.hpp	31	frozen_archive	0	unresolved	unresolved_law_and_citation_audit	git_revision_or_live_owner	static_inbound_link_scan_at_d17910d3
archive/cpp-engine/src/include/holonics/apparatus/characteristic_current_set.hpp	24	frozen_archive	0	unresolved	unresolved_law_and_citation_audit	git_revision_or_live_owner	static_inbound_link_scan_at_d17910d3
archive/cpp-engine/src/include/holonics/apparatus/characteristic_executor.hpp	60	frozen_archive	0	unresolved	unresolved_law_and_citation_audit	git_revision_or_live_owner	static_inbound_link_scan_at_d17910d3
archive/cpp-engine/src/include/holonics/apparatus/characteristic_hypergeometry_executor.hpp	52	frozen_archive	0	unresolved	unresolved_law_and_citation_audit	git_revision_or_live_owner	static_inbound_link_scan_at_d17910d3
archive/cpp-engine/src/include/holonics/apparatus/characteristic_hypergeometry_resident.hpp	82	frozen_archive	0	unresolved	unresolved_law_and_citation_audit	git_revision_or_live_owner	static_inbound_link_scan_at_d17910d3
archive/cpp-engine/src/include/holonics/apparatus/characteristic_hypergeometry_store_adapter.hpp	20	frozen_archive	0	unresolved	unresolved_law_and_citation_audit	git_revision_or_live_owner	static_inbound_link_scan_at_d17910d3
archive/cpp-engine/src/include/holonics/apparatus/characteristic_resident.hpp	29	frozen_archive	0	unresolved	unresolved_law_and_citation_audit	git_revision_or_live_owner	static_inbound_link_scan_at_d17910d3
archive/cpp-engine/src/include/holonics/apparatus/characteristic_store_adapter.hpp	36	frozen_archive	0	unresolved	unresolved_law_and_citation_audit	git_revision_or_live_owner	static_inbound_link_scan_at_d17910d3
archive/cpp-engine/src/include/holonics/apparatus/cm_incidence_executor.hpp	57	frozen_archive	0	unresolved	unresolved_law_and_citation_audit	git_revision_or_live_owner	static_inbound_link_scan_at_d17910d3
archive/cpp-engine/src/include/holonics/apparatus/cm_incidence_probe.hpp	32	frozen_archive	0	unresolved	unresolved_law_and_citation_audit	git_revision_or_live_owner	static_inbound_link_scan_at_d17910d3
archive/cpp-engine/src/include/holonics/apparatus/cm_incidence_resident.hpp	33	frozen_archive	0	unresolved	unresolved_law_and_citation_audit	git_revision_or_live_owner	static_inbound_link_scan_at_d17910d3
archive/cpp-engine/src/include/holonics/apparatus/cm_incidence_store_adapter.hpp	38	frozen_archive	0	unresolved	unresolved_law_and_citation_audit	git_revision_or_live_owner	static_inbound_link_scan_at_d17910d3
archive/cpp-engine/src/include/holonics/apparatus/codec_store_adapter.hpp	36	frozen_archive	0	unresolved	unresolved_law_and_citation_audit	git_revision_or_live_owner	static_inbound_link_scan_at_d17910d3
archive/cpp-engine/src/include/holonics/apparatus/cultivated_current_set.hpp	16	frozen_archive	0	unresolved	unresolved_law_and_citation_audit	git_revision_or_live_owner	static_inbound_link_scan_at_d17910d3
archive/cpp-engine/src/include/holonics/apparatus/cultivated_organ_executor.hpp	51	frozen_archive	0	unresolved	unresolved_law_and_citation_audit	git_revision_or_live_owner	static_inbound_link_scan_at_d17910d3
archive/cpp-engine/src/include/holonics/apparatus/cultivated_organ_resident.hpp	58	frozen_archive	0	unresolved	unresolved_law_and_citation_audit	git_revision_or_live_owner	static_inbound_link_scan_at_d17910d3
archive/cpp-engine/src/include/holonics/apparatus/cultivated_organ_store_adapter.hpp	26	frozen_archive	0	unresolved	unresolved_law_and_citation_audit	git_revision_or_live_owner	static_inbound_link_scan_at_d17910d3
archive/cpp-engine/src/include/holonics/apparatus/elementary_calculus_executor.hpp	41	frozen_archive	0	unresolved	unresolved_law_and_citation_audit	git_revision_or_live_owner	static_inbound_link_scan_at_d17910d3
archive/cpp-engine/src/include/holonics/apparatus/elementary_calculus_resident.hpp	59	frozen_archive	0	unresolved	unresolved_law_and_citation_audit	git_revision_or_live_owner	static_inbound_link_scan_at_d17910d3
archive/cpp-engine/src/include/holonics/apparatus/elementary_calculus_store_adapter.hpp	25	frozen_archive	0	unresolved	unresolved_law_and_citation_audit	git_revision_or_live_owner	static_inbound_link_scan_at_d17910d3
archive/cpp-engine/src/include/holonics/apparatus/elementary_current_set.hpp	15	frozen_archive	0	unresolved	unresolved_law_and_citation_audit	git_revision_or_live_owner	static_inbound_link_scan_at_d17910d3
archive/cpp-engine/src/include/holonics/apparatus/enclosure_executor.hpp	23	frozen_archive	0	unresolved	unresolved_law_and_citation_audit	git_revision_or_live_owner	static_inbound_link_scan_at_d17910d3
archive/cpp-engine/src/include/holonics/apparatus/exact_executor.hpp	45	frozen_archive	0	unresolved	unresolved_law_and_citation_audit	git_revision_or_live_owner	static_inbound_link_scan_at_d17910d3
archive/cpp-engine/src/include/holonics/apparatus/expression_geometry_executor.hpp	41	frozen_archive	0	unresolved	unresolved_law_and_citation_audit	git_revision_or_live_owner	static_inbound_link_scan_at_d17910d3
archive/cpp-engine/src/include/holonics/apparatus/expression_geometry_resident.hpp	39	frozen_archive	0	unresolved	unresolved_law_and_citation_audit	git_revision_or_live_owner	static_inbound_link_scan_at_d17910d3
archive/cpp-engine/src/include/holonics/apparatus/expression_geometry_store_adapter.hpp	38	frozen_archive	0	unresolved	unresolved_law_and_citation_audit	git_revision_or_live_owner	static_inbound_link_scan_at_d17910d3
archive/cpp-engine/src/include/holonics/apparatus/hodge_realization_executor.hpp	41	frozen_archive	0	unresolved	unresolved_law_and_citation_audit	git_revision_or_live_owner	static_inbound_link_scan_at_d17910d3
archive/cpp-engine/src/include/holonics/apparatus/hodge_realization_resident.hpp	34	frozen_archive	0	unresolved	unresolved_law_and_citation_audit	git_revision_or_live_owner	static_inbound_link_scan_at_d17910d3
archive/cpp-engine/src/include/holonics/apparatus/hodge_realization_store_adapter.hpp	35	frozen_archive	0	unresolved	unresolved_law_and_citation_audit	git_revision_or_live_owner	static_inbound_link_scan_at_d17910d3
archive/cpp-engine/src/include/holonics/apparatus/intrinsic_hypergeometry_executor.hpp	49	frozen_archive	0	unresolved	unresolved_law_and_citation_audit	git_revision_or_live_owner	static_inbound_link_scan_at_d17910d3
archive/cpp-engine/src/include/holonics/apparatus/intrinsic_hypergeometry_resident.hpp	47	frozen_archive	0	unresolved	unresolved_law_and_citation_audit	git_revision_or_live_owner	static_inbound_link_scan_at_d17910d3
archive/cpp-engine/src/include/holonics/apparatus/intrinsic_hypergeometry_store_adapter.hpp	32	frozen_archive	0	unresolved	unresolved_law_and_citation_audit	git_revision_or_live_owner	static_inbound_link_scan_at_d17910d3
archive/cpp-engine/src/include/holonics/apparatus/lean_checker_executor.hpp	51	frozen_archive	0	unresolved	unresolved_law_and_citation_audit	git_revision_or_live_owner	static_inbound_link_scan_at_d17910d3
archive/cpp-engine/src/include/holonics/apparatus/lean_checker_process.hpp	80	frozen_archive	0	unresolved	unresolved_law_and_citation_audit	git_revision_or_live_owner	static_inbound_link_scan_at_d17910d3
archive/cpp-engine/src/include/holonics/apparatus/mathematical_ecology_executor.hpp	45	frozen_archive	0	unresolved	unresolved_law_and_citation_audit	git_revision_or_live_owner	static_inbound_link_scan_at_d17910d3
archive/cpp-engine/src/include/holonics/apparatus/mathematical_ecology_receipt.hpp	36	frozen_archive	0	unresolved	unresolved_law_and_citation_audit	git_revision_or_live_owner	static_inbound_link_scan_at_d17910d3
archive/cpp-engine/src/include/holonics/apparatus/mathematical_ecology_resident.hpp	24	frozen_archive	0	unresolved	unresolved_law_and_citation_audit	git_revision_or_live_owner	static_inbound_link_scan_at_d17910d3
archive/cpp-engine/src/include/holonics/apparatus/mathematical_source_adapter.hpp	51	frozen_archive	0	unresolved	unresolved_law_and_citation_audit	git_revision_or_live_owner	static_inbound_link_scan_at_d17910d3
archive/cpp-engine/src/include/holonics/apparatus/phase_crystal_executor.hpp	60	frozen_archive	0	unresolved	unresolved_law_and_citation_audit	git_revision_or_live_owner	static_inbound_link_scan_at_d17910d3
archive/cpp-engine/src/include/holonics/apparatus/phase_crystal_resident.hpp	29	frozen_archive	0	unresolved	unresolved_law_and_citation_audit	git_revision_or_live_owner	static_inbound_link_scan_at_d17910d3
archive/cpp-engine/src/include/holonics/apparatus/phase_crystal_store_adapter.hpp	36	frozen_archive	0	unresolved	unresolved_law_and_citation_audit	git_revision_or_live_owner	static_inbound_link_scan_at_d17910d3
archive/cpp-engine/src/include/holonics/apparatus/physical_telemetry_receipt.hpp	31	frozen_archive	0	unresolved	unresolved_law_and_citation_audit	git_revision_or_live_owner	static_inbound_link_scan_at_d17910d3
archive/cpp-engine/src/include/holonics/apparatus/receiver_geometry_executor.hpp	44	frozen_archive	0	unresolved	unresolved_law_and_citation_audit	git_revision_or_live_owner	static_inbound_link_scan_at_d17910d3
archive/cpp-engine/src/include/holonics/apparatus/receiver_geometry_receipt.hpp	20	frozen_archive	0	unresolved	unresolved_law_and_citation_audit	git_revision_or_live_owner	static_inbound_link_scan_at_d17910d3
archive/cpp-engine/src/include/holonics/apparatus/receiver_geometry_resident.hpp	25	frozen_archive	0	unresolved	unresolved_law_and_citation_audit	git_revision_or_live_owner	static_inbound_link_scan_at_d17910d3
archive/cpp-engine/src/include/holonics/apparatus/rederivation_current_set.hpp	19	frozen_archive	0	unresolved	unresolved_law_and_citation_audit	git_revision_or_live_owner	static_inbound_link_scan_at_d17910d3
archive/cpp-engine/src/include/holonics/apparatus/rederivation_executor.hpp	67	frozen_archive	0	unresolved	unresolved_law_and_citation_audit	git_revision_or_live_owner	static_inbound_link_scan_at_d17910d3
archive/cpp-engine/src/include/holonics/apparatus/rederivation_resident.hpp	65	frozen_archive	0	unresolved	unresolved_law_and_citation_audit	git_revision_or_live_owner	static_inbound_link_scan_at_d17910d3
archive/cpp-engine/src/include/holonics/apparatus/rederivation_store_adapter.hpp	30	frozen_archive	0	unresolved	unresolved_law_and_citation_audit	git_revision_or_live_owner	static_inbound_link_scan_at_d17910d3
archive/cpp-engine/src/include/holonics/apparatus/reflective_codec_executor.hpp	43	frozen_archive	0	unresolved	unresolved_law_and_citation_audit	git_revision_or_live_owner	static_inbound_link_scan_at_d17910d3
archive/cpp-engine/src/include/holonics/apparatus/reflective_codec_receipt.hpp	49	frozen_archive	0	unresolved	unresolved_law_and_citation_audit	git_revision_or_live_owner	static_inbound_link_scan_at_d17910d3
archive/cpp-engine/src/include/holonics/apparatus/reflective_codec_resident.hpp	28	frozen_archive	0	unresolved	unresolved_law_and_citation_audit	git_revision_or_live_owner	static_inbound_link_scan_at_d17910d3
archive/cpp-engine/src/include/holonics/apparatus/regular_singular_executor.hpp	61	frozen_archive	0	unresolved	unresolved_law_and_citation_audit	git_revision_or_live_owner	static_inbound_link_scan_at_d17910d3
archive/cpp-engine/src/include/holonics/apparatus/regular_singular_resident.hpp	37	frozen_archive	0	unresolved	unresolved_law_and_citation_audit	git_revision_or_live_owner	static_inbound_link_scan_at_d17910d3
archive/cpp-engine/src/include/holonics/apparatus/regular_singular_store_adapter.hpp	36	frozen_archive	0	unresolved	unresolved_law_and_citation_audit	git_revision_or_live_owner	static_inbound_link_scan_at_d17910d3
archive/cpp-engine/src/include/holonics/apparatus/resident_ecology_executor.hpp	81	frozen_archive	0	unresolved	unresolved_law_and_citation_audit	git_revision_or_live_owner	static_inbound_link_scan_at_d17910d3
archive/cpp-engine/src/include/holonics/apparatus/resident_world_contract.hpp	18	frozen_archive	0	unresolved	unresolved_law_and_citation_audit	git_revision_or_live_owner	static_inbound_link_scan_at_d17910d3
archive/cpp-engine/src/include/holonics/apparatus/return_conditioning_executor.hpp	54	frozen_archive	0	unresolved	unresolved_law_and_citation_audit	git_revision_or_live_owner	static_inbound_link_scan_at_d17910d3
archive/cpp-engine/src/include/holonics/apparatus/return_conditioning_resident.hpp	30	frozen_archive	0	unresolved	unresolved_law_and_citation_audit	git_revision_or_live_owner	static_inbound_link_scan_at_d17910d3
archive/cpp-engine/src/include/holonics/apparatus/returned_theorem_checker_process.hpp	19	frozen_archive	0	unresolved	unresolved_law_and_citation_audit	git_revision_or_live_owner	static_inbound_link_scan_at_d17910d3
archive/cpp-engine/src/include/holonics/apparatus/sealed_geometry_reference_adapter.hpp	36	frozen_archive	0	unresolved	unresolved_law_and_citation_audit	git_revision_or_live_owner	static_inbound_link_scan_at_d17910d3
archive/cpp-engine/src/include/holonics/apparatus/source_store_adapter.hpp	51	frozen_archive	0	unresolved	unresolved_law_and_citation_audit	git_revision_or_live_owner	static_inbound_link_scan_at_d17910d3
archive/cpp-engine/src/include/holonics/apparatus/source_topology_executor.hpp	63	frozen_archive	0	unresolved	unresolved_law_and_citation_audit	git_revision_or_live_owner	static_inbound_link_scan_at_d17910d3
archive/cpp-engine/src/include/holonics/apparatus/source_topology_resident.hpp	58	frozen_archive	0	unresolved	unresolved_law_and_citation_audit	git_revision_or_live_owner	static_inbound_link_scan_at_d17910d3
archive/cpp-engine/src/include/holonics/apparatus/spine_executor.hpp	19	frozen_archive	0	unresolved	unresolved_law_and_citation_audit	git_revision_or_live_owner	static_inbound_link_scan_at_d17910d3
archive/cpp-engine/src/include/holonics/apparatus/structure_executor.hpp	47	frozen_archive	0	unresolved	unresolved_law_and_citation_audit	git_revision_or_live_owner	static_inbound_link_scan_at_d17910d3
archive/cpp-engine/src/include/holonics/apparatus/terminal_bundle_store_adapter.hpp	52	frozen_archive	0	unresolved	unresolved_law_and_citation_audit	git_revision_or_live_owner	static_inbound_link_scan_at_d17910d3
archive/cpp-engine/src/include/holonics/apparatus/text_material_mount.hpp	100	frozen_archive	0	unresolved	unresolved_law_and_citation_audit	git_revision_or_live_owner	static_inbound_link_scan_at_d17910d3
archive/cpp-engine/src/include/holonics/apparatus/theorem_rest_store_adapter.hpp	34	frozen_archive	0	unresolved	unresolved_law_and_citation_audit	git_revision_or_live_owner	static_inbound_link_scan_at_d17910d3
archive/cpp-engine/src/include/holonics/apparatus/toric_cycle_executor.hpp	54	frozen_archive	0	unresolved	unresolved_law_and_citation_audit	git_revision_or_live_owner	static_inbound_link_scan_at_d17910d3
archive/cpp-engine/src/include/holonics/apparatus/toric_cycle_probe.hpp	31	frozen_archive	0	unresolved	unresolved_law_and_citation_audit	git_revision_or_live_owner	static_inbound_link_scan_at_d17910d3
archive/cpp-engine/src/include/holonics/apparatus/toric_cycle_resident.hpp	28	frozen_archive	0	unresolved	unresolved_law_and_citation_audit	git_revision_or_live_owner	static_inbound_link_scan_at_d17910d3
archive/cpp-engine/src/include/holonics/apparatus/toric_cycle_store_adapter.hpp	37	frozen_archive	0	unresolved	unresolved_law_and_citation_audit	git_revision_or_live_owner	static_inbound_link_scan_at_d17910d3
archive/cpp-engine/src/include/holonics/apparatus/trace_fiber_current_set.hpp	20	frozen_archive	0	unresolved	unresolved_law_and_citation_audit	git_revision_or_live_owner	static_inbound_link_scan_at_d17910d3
archive/cpp-engine/src/include/holonics/apparatus/trace_fiber_executor.hpp	48	frozen_archive	0	unresolved	unresolved_law_and_citation_audit	git_revision_or_live_owner	static_inbound_link_scan_at_d17910d3
archive/cpp-engine/src/include/holonics/apparatus/trace_fiber_resident.hpp	74	frozen_archive	0	unresolved	unresolved_law_and_citation_audit	git_revision_or_live_owner	static_inbound_link_scan_at_d17910d3
archive/cpp-engine/src/include/holonics/apparatus/trace_fiber_store_adapter.hpp	18	frozen_archive	0	unresolved	unresolved_law_and_citation_audit	git_revision_or_live_owner	static_inbound_link_scan_at_d17910d3
archive/cpp-engine/src/include/holonics/apparatus/trace_rebase_current_set.hpp	21	frozen_archive	0	unresolved	unresolved_law_and_citation_audit	git_revision_or_live_owner	static_inbound_link_scan_at_d17910d3
archive/cpp-engine/src/include/holonics/apparatus/trace_rebase_executor.hpp	48	frozen_archive	0	unresolved	unresolved_law_and_citation_audit	git_revision_or_live_owner	static_inbound_link_scan_at_d17910d3
archive/cpp-engine/src/include/holonics/apparatus/trace_rebase_resident.hpp	81	frozen_archive	0	unresolved	unresolved_law_and_citation_audit	git_revision_or_live_owner	static_inbound_link_scan_at_d17910d3
archive/cpp-engine/src/include/holonics/apparatus/trace_rebase_store_adapter.hpp	17	frozen_archive	0	unresolved	unresolved_law_and_citation_audit	git_revision_or_live_owner	static_inbound_link_scan_at_d17910d3
archive/cpp-engine/src/include/holonics/apparatus/weave_executor.hpp	44	frozen_archive	0	unresolved	unresolved_law_and_citation_audit	git_revision_or_live_owner	static_inbound_link_scan_at_d17910d3
archive/cpp-engine/src/include/holonics/apparatus/weave_receipt.hpp	28	frozen_archive	0	unresolved	unresolved_law_and_citation_audit	git_revision_or_live_owner	static_inbound_link_scan_at_d17910d3
archive/cpp-engine/src/include/holonics/apparatus/weave_resident.hpp	23	frozen_archive	0	unresolved	unresolved_law_and_citation_audit	git_revision_or_live_owner	static_inbound_link_scan_at_d17910d3
archive/cpp-engine/src/include/holonics/body/continuation.hpp	48	frozen_archive	0	unresolved	unresolved_law_and_citation_audit	git_revision_or_live_owner	static_inbound_link_scan_at_d17910d3
archive/cpp-engine/src/include/holonics/body/continuing_body.hpp	170	frozen_archive	0	unresolved	unresolved_law_and_citation_audit	git_revision_or_live_owner	static_inbound_link_scan_at_d17910d3
archive/cpp-engine/src/include/holonics/body/live_machine.hpp	211	frozen_archive	0	unresolved	unresolved_law_and_citation_audit	git_revision_or_live_owner	static_inbound_link_scan_at_d17910d3
archive/cpp-engine/src/include/holonics/body/live_rest.hpp	105	frozen_archive	0	unresolved	unresolved_law_and_citation_audit	git_revision_or_live_owner	static_inbound_link_scan_at_d17910d3
archive/cpp-engine/src/include/holonics/body/ownership.hpp	70	frozen_archive	0	unresolved	unresolved_law_and_citation_audit	git_revision_or_live_owner	static_inbound_link_scan_at_d17910d3
archive/cpp-engine/src/include/holonics/body/rest_record.hpp	72	frozen_archive	0	unresolved	unresolved_law_and_citation_audit	git_revision_or_live_owner	static_inbound_link_scan_at_d17910d3
archive/cpp-engine/src/include/holonics/body/returned_standing.hpp	193	frozen_archive	0	unresolved	unresolved_law_and_citation_audit	git_revision_or_live_owner	static_inbound_link_scan_at_d17910d3
archive/cpp-engine/src/include/holonics/body/spine_execute.hpp	92	frozen_archive	0	unresolved	unresolved_law_and_citation_audit	git_revision_or_live_owner	static_inbound_link_scan_at_d17910d3
archive/cpp-engine/src/include/holonics/body/standing_residency.hpp	118	frozen_archive	0	unresolved	unresolved_law_and_citation_audit	git_revision_or_live_owner	static_inbound_link_scan_at_d17910d3
archive/cpp-engine/src/include/holonics/body/standing_rest.hpp	138	frozen_archive	0	unresolved	unresolved_law_and_citation_audit	git_revision_or_live_owner	static_inbound_link_scan_at_d17910d3
archive/cpp-engine/src/include/holonics/body/standing_surface.hpp	162	frozen_archive	0	unresolved	unresolved_law_and_citation_audit	git_revision_or_live_owner	static_inbound_link_scan_at_d17910d3
archive/cpp-engine/src/include/holonics/body/swing.hpp	139	frozen_archive	0	unresolved	unresolved_law_and_citation_audit	git_revision_or_live_owner	static_inbound_link_scan_at_d17910d3
archive/cpp-engine/src/include/holonics/codec/algebraic_variation_explanation_renderer.hpp	29	frozen_archive	0	unresolved	unresolved_law_and_citation_audit	git_revision_or_live_owner	static_inbound_link_scan_at_d17910d3
archive/cpp-engine/src/include/holonics/codec/algebraic_variation_face.hpp	52	frozen_archive	0	unresolved	unresolved_law_and_citation_audit	git_revision_or_live_owner	static_inbound_link_scan_at_d17910d3
archive/cpp-engine/src/include/holonics/codec/algebraic_variation_renderer.hpp	64	frozen_archive	0	unresolved	unresolved_law_and_citation_audit	git_revision_or_live_owner	static_inbound_link_scan_at_d17910d3
archive/cpp-engine/src/include/holonics/codec/algebraic_variation_renderer_atoms.hpp	162	frozen_archive	0	unresolved	unresolved_law_and_citation_audit	git_revision_or_live_owner	static_inbound_link_scan_at_d17910d3
archive/cpp-engine/src/include/holonics/codec/algebraic_variation_renderer_equations.hpp	142	frozen_archive	0	unresolved	unresolved_law_and_citation_audit	git_revision_or_live_owner	static_inbound_link_scan_at_d17910d3
archive/cpp-engine/src/include/holonics/codec/algebraic_variation_renderer_matrices.hpp	58	frozen_archive	0	unresolved	unresolved_law_and_citation_audit	git_revision_or_live_owner	static_inbound_link_scan_at_d17910d3
archive/cpp-engine/src/include/holonics/codec/arithmetic_spectral_explanation_renderer.hpp	31	frozen_archive	0	unresolved	unresolved_law_and_citation_audit	git_revision_or_live_owner	static_inbound_link_scan_at_d17910d3
archive/cpp-engine/src/include/holonics/codec/arithmetic_spectral_face.hpp	51	frozen_archive	0	unresolved	unresolved_law_and_citation_audit	git_revision_or_live_owner	static_inbound_link_scan_at_d17910d3
archive/cpp-engine/src/include/holonics/codec/arithmetic_spectral_renderer.hpp	12	frozen_archive	0	unresolved	unresolved_law_and_citation_audit	git_revision_or_live_owner	static_inbound_link_scan_at_d17910d3
archive/cpp-engine/src/include/holonics/codec/arithmetic_spectral_renderer_atoms.hpp	133	frozen_archive	0	unresolved	unresolved_law_and_citation_audit	git_revision_or_live_owner	static_inbound_link_scan_at_d17910d3
archive/cpp-engine/src/include/holonics/codec/arithmetic_spectral_renderer_bundle.hpp	79	frozen_archive	0	unresolved	unresolved_law_and_citation_audit	git_revision_or_live_owner	static_inbound_link_scan_at_d17910d3
archive/cpp-engine/src/include/holonics/codec/arithmetic_spectral_renderer_relations.hpp	188	frozen_archive	0	unresolved	unresolved_law_and_citation_audit	git_revision_or_live_owner	static_inbound_link_scan_at_d17910d3
archive/cpp-engine/src/include/holonics/codec/blind_code_renderer.hpp	105	frozen_archive	0	unresolved	unresolved_law_and_citation_audit	git_revision_or_live_owner	static_inbound_link_scan_at_d17910d3
archive/cpp-engine/src/include/holonics/codec/blind_explanation_renderer.hpp	62	frozen_archive	0	unresolved	unresolved_law_and_citation_audit	git_revision_or_live_owner	static_inbound_link_scan_at_d17910d3
archive/cpp-engine/src/include/holonics/codec/blind_moment_renderer.hpp	119	frozen_archive	0	unresolved	unresolved_law_and_citation_audit	git_revision_or_live_owner	static_inbound_link_scan_at_d17910d3
archive/cpp-engine/src/include/holonics/codec/blind_reconstruction_face.hpp	116	frozen_archive	0	unresolved	unresolved_law_and_citation_audit	git_revision_or_live_owner	static_inbound_link_scan_at_d17910d3
archive/cpp-engine/src/include/holonics/codec/causal_linear_explanation_renderer.hpp	29	frozen_archive	0	unresolved	unresolved_law_and_citation_audit	git_revision_or_live_owner	static_inbound_link_scan_at_d17910d3
archive/cpp-engine/src/include/holonics/codec/causal_linear_face.hpp	49	frozen_archive	0	unresolved	unresolved_law_and_citation_audit	git_revision_or_live_owner	static_inbound_link_scan_at_d17910d3
archive/cpp-engine/src/include/holonics/codec/causal_linear_renderer.hpp	58	frozen_archive	0	unresolved	unresolved_law_and_citation_audit	git_revision_or_live_owner	static_inbound_link_scan_at_d17910d3
archive/cpp-engine/src/include/holonics/codec/causal_linear_renderer_helpers.hpp	98	frozen_archive	0	unresolved	unresolved_law_and_citation_audit	git_revision_or_live_owner	static_inbound_link_scan_at_d17910d3
archive/cpp-engine/src/include/holonics/codec/characteristic_dossier_renderer.hpp	67	frozen_archive	0	unresolved	unresolved_law_and_citation_audit	git_revision_or_live_owner	static_inbound_link_scan_at_d17910d3
archive/cpp-engine/src/include/holonics/codec/characteristic_face.hpp	46	frozen_archive	0	unresolved	unresolved_law_and_citation_audit	git_revision_or_live_owner	static_inbound_link_scan_at_d17910d3
archive/cpp-engine/src/include/holonics/codec/characteristic_hypergeometry_face.hpp	50	frozen_archive	0	unresolved	unresolved_law_and_citation_audit	git_revision_or_live_owner	static_inbound_link_scan_at_d17910d3
archive/cpp-engine/src/include/holonics/codec/characteristic_hypergeometry_renderer.hpp	209	frozen_archive	0	unresolved	unresolved_law_and_citation_audit	git_revision_or_live_owner	static_inbound_link_scan_at_d17910d3
archive/cpp-engine/src/include/holonics/codec/characteristic_renderer.hpp	149	frozen_archive	0	unresolved	unresolved_law_and_citation_audit	git_revision_or_live_owner	static_inbound_link_scan_at_d17910d3
archive/cpp-engine/src/include/holonics/codec/cm_explanation_renderer.hpp	25	frozen_archive	0	unresolved	unresolved_law_and_citation_audit	git_revision_or_live_owner	static_inbound_link_scan_at_d17910d3
archive/cpp-engine/src/include/holonics/codec/cm_incidence_face.hpp	56	frozen_archive	0	unresolved	unresolved_law_and_citation_audit	git_revision_or_live_owner	static_inbound_link_scan_at_d17910d3
archive/cpp-engine/src/include/holonics/codec/cm_incidence_renderer.hpp	139	frozen_archive	0	unresolved	unresolved_law_and_citation_audit	git_revision_or_live_owner	static_inbound_link_scan_at_d17910d3
archive/cpp-engine/src/include/holonics/codec/cultivated_application_renderer.hpp	66	frozen_archive	0	unresolved	unresolved_law_and_citation_audit	git_revision_or_live_owner	static_inbound_link_scan_at_d17910d3
archive/cpp-engine/src/include/holonics/codec/cultivated_dossier_renderer.hpp	46	frozen_archive	0	unresolved	unresolved_law_and_citation_audit	git_revision_or_live_owner	static_inbound_link_scan_at_d17910d3
archive/cpp-engine/src/include/holonics/codec/cultivated_organ_face.hpp	60	frozen_archive	0	unresolved	unresolved_law_and_citation_audit	git_revision_or_live_owner	static_inbound_link_scan_at_d17910d3
archive/cpp-engine/src/include/holonics/codec/cultivation_renderer.hpp	62	frozen_archive	0	unresolved	unresolved_law_and_citation_audit	git_revision_or_live_owner	static_inbound_link_scan_at_d17910d3
archive/cpp-engine/src/include/holonics/codec/cultivation_renderer_atoms.hpp	25	frozen_archive	0	unresolved	unresolved_law_and_citation_audit	git_revision_or_live_owner	static_inbound_link_scan_at_d17910d3
archive/cpp-engine/src/include/holonics/codec/elementary_calculus_face.hpp	101	frozen_archive	0	unresolved	unresolved_law_and_citation_audit	git_revision_or_live_owner	static_inbound_link_scan_at_d17910d3
archive/cpp-engine/src/include/holonics/codec/elementary_calculus_renderer.hpp	34	frozen_archive	0	unresolved	unresolved_law_and_citation_audit	git_revision_or_live_owner	static_inbound_link_scan_at_d17910d3
archive/cpp-engine/src/include/holonics/codec/elementary_dossier_renderer.hpp	56	frozen_archive	0	unresolved	unresolved_law_and_citation_audit	git_revision_or_live_owner	static_inbound_link_scan_at_d17910d3
archive/cpp-engine/src/include/holonics/codec/elementary_renderer_atoms.hpp	48	frozen_archive	0	unresolved	unresolved_law_and_citation_audit	git_revision_or_live_owner	static_inbound_link_scan_at_d17910d3
archive/cpp-engine/src/include/holonics/codec/elementary_renderer_foundations.hpp	118	frozen_archive	0	unresolved	unresolved_law_and_citation_audit	git_revision_or_live_owner	static_inbound_link_scan_at_d17910d3
archive/cpp-engine/src/include/holonics/codec/elementary_renderer_geometry.hpp	163	frozen_archive	0	unresolved	unresolved_law_and_citation_audit	git_revision_or_live_owner	static_inbound_link_scan_at_d17910d3
archive/cpp-engine/src/include/holonics/codec/environment_contract.hpp	26	frozen_archive	0	unresolved	unresolved_law_and_citation_audit	git_revision_or_live_owner	static_inbound_link_scan_at_d17910d3
archive/cpp-engine/src/include/holonics/codec/expression_geometry_explanation_renderer.hpp	28	frozen_archive	0	unresolved	unresolved_law_and_citation_audit	git_revision_or_live_owner	static_inbound_link_scan_at_d17910d3
archive/cpp-engine/src/include/holonics/codec/expression_geometry_face.hpp	50	frozen_archive	0	unresolved	unresolved_law_and_citation_audit	git_revision_or_live_owner	static_inbound_link_scan_at_d17910d3
archive/cpp-engine/src/include/holonics/codec/expression_geometry_renderer.hpp	140	frozen_archive	0	unresolved	unresolved_law_and_citation_audit	git_revision_or_live_owner	static_inbound_link_scan_at_d17910d3
archive/cpp-engine/src/include/holonics/codec/expression_geometry_renderer_bundle.hpp	104	frozen_archive	0	unresolved	unresolved_law_and_citation_audit	git_revision_or_live_owner	static_inbound_link_scan_at_d17910d3
archive/cpp-engine/src/include/holonics/codec/expression_geometry_renderer_equations.hpp	83	frozen_archive	0	unresolved	unresolved_law_and_citation_audit	git_revision_or_live_owner	static_inbound_link_scan_at_d17910d3
archive/cpp-engine/src/include/holonics/codec/formal_checker_face.hpp	62	frozen_archive	0	unresolved	unresolved_law_and_citation_audit	git_revision_or_live_owner	static_inbound_link_scan_at_d17910d3
archive/cpp-engine/src/include/holonics/codec/generated_math_face.hpp	61	frozen_archive	0	unresolved	unresolved_law_and_citation_audit	git_revision_or_live_owner	static_inbound_link_scan_at_d17910d3
archive/cpp-engine/src/include/holonics/codec/heldout_characteristic_renderer.hpp	55	frozen_archive	0	unresolved	unresolved_law_and_citation_audit	git_revision_or_live_owner	static_inbound_link_scan_at_d17910d3
archive/cpp-engine/src/include/holonics/codec/heldout_holonomy_renderer.hpp	47	frozen_archive	0	unresolved	unresolved_law_and_citation_audit	git_revision_or_live_owner	static_inbound_link_scan_at_d17910d3
archive/cpp-engine/src/include/holonics/codec/heldout_trace_fiber_renderer.hpp	74	frozen_archive	0	unresolved	unresolved_law_and_citation_audit	git_revision_or_live_owner	static_inbound_link_scan_at_d17910d3
archive/cpp-engine/src/include/holonics/codec/heldout_trace_rebase_renderer.hpp	66	frozen_archive	0	unresolved	unresolved_law_and_citation_audit	git_revision_or_live_owner	static_inbound_link_scan_at_d17910d3
archive/cpp-engine/src/include/holonics/codec/hodge_realization_explanation_renderer.hpp	31	frozen_archive	0	unresolved	unresolved_law_and_citation_audit	git_revision_or_live_owner	static_inbound_link_scan_at_d17910d3
archive/cpp-engine/src/include/holonics/codec/hodge_realization_face.hpp	73	frozen_archive	0	unresolved	unresolved_law_and_citation_audit	git_revision_or_live_owner	static_inbound_link_scan_at_d17910d3
archive/cpp-engine/src/include/holonics/codec/hodge_realization_renderer.hpp	12	frozen_archive	0	unresolved	unresolved_law_and_citation_audit	git_revision_or_live_owner	static_inbound_link_scan_at_d17910d3
archive/cpp-engine/src/include/holonics/codec/hodge_realization_renderer_atoms.hpp	184	frozen_archive	0	unresolved	unresolved_law_and_citation_audit	git_revision_or_live_owner	static_inbound_link_scan_at_d17910d3
archive/cpp-engine/src/include/holonics/codec/hodge_realization_renderer_bundle.hpp	129	frozen_archive	0	unresolved	unresolved_law_and_citation_audit	git_revision_or_live_owner	static_inbound_link_scan_at_d17910d3
archive/cpp-engine/src/include/holonics/codec/intrinsic_hypergeometry_explanation_renderer.hpp	30	frozen_archive	0	unresolved	unresolved_law_and_citation_audit	git_revision_or_live_owner	static_inbound_link_scan_at_d17910d3
archive/cpp-engine/src/include/holonics/codec/intrinsic_hypergeometry_face.hpp	50	frozen_archive	0	unresolved	unresolved_law_and_citation_audit	git_revision_or_live_owner	static_inbound_link_scan_at_d17910d3
archive/cpp-engine/src/include/holonics/codec/intrinsic_hypergeometry_renderer.hpp	112	frozen_archive	0	unresolved	unresolved_law_and_citation_audit	git_revision_or_live_owner	static_inbound_link_scan_at_d17910d3
archive/cpp-engine/src/include/holonics/codec/mathematical_source_environment.hpp	61	frozen_archive	0	unresolved	unresolved_law_and_citation_audit	git_revision_or_live_owner	static_inbound_link_scan_at_d17910d3
archive/cpp-engine/src/include/holonics/codec/mounted_codec_environment.hpp	41	frozen_archive	0	unresolved	unresolved_law_and_citation_audit	git_revision_or_live_owner	static_inbound_link_scan_at_d17910d3
archive/cpp-engine/src/include/holonics/codec/phase_crystal_face.hpp	50	frozen_archive	0	unresolved	unresolved_law_and_citation_audit	git_revision_or_live_owner	static_inbound_link_scan_at_d17910d3
archive/cpp-engine/src/include/holonics/codec/phase_crystal_renderer.hpp	111	frozen_archive	0	unresolved	unresolved_law_and_citation_audit	git_revision_or_live_owner	static_inbound_link_scan_at_d17910d3
archive/cpp-engine/src/include/holonics/codec/rederivation_cover_renderer.hpp	110	frozen_archive	0	unresolved	unresolved_law_and_citation_audit	git_revision_or_live_owner	static_inbound_link_scan_at_d17910d3
archive/cpp-engine/src/include/holonics/codec/rederivation_dossier_renderer.hpp	138	frozen_archive	0	unresolved	unresolved_law_and_citation_audit	git_revision_or_live_owner	static_inbound_link_scan_at_d17910d3
archive/cpp-engine/src/include/holonics/codec/rederivation_face.hpp	86	frozen_archive	0	unresolved	unresolved_law_and_citation_audit	git_revision_or_live_owner	static_inbound_link_scan_at_d17910d3
archive/cpp-engine/src/include/holonics/codec/rederivation_matching_renderer.hpp	71	frozen_archive	0	unresolved	unresolved_law_and_citation_audit	git_revision_or_live_owner	static_inbound_link_scan_at_d17910d3
archive/cpp-engine/src/include/holonics/codec/rederivation_renderer.hpp	150	frozen_archive	0	unresolved	unresolved_law_and_citation_audit	git_revision_or_live_owner	static_inbound_link_scan_at_d17910d3
archive/cpp-engine/src/include/holonics/codec/rederivation_renderer_atoms.hpp	49	frozen_archive	0	unresolved	unresolved_law_and_citation_audit	git_revision_or_live_owner	static_inbound_link_scan_at_d17910d3
archive/cpp-engine/src/include/holonics/codec/reflection_law.hpp	176	frozen_archive	0	unresolved	unresolved_law_and_citation_audit	git_revision_or_live_owner	static_inbound_link_scan_at_d17910d3
archive/cpp-engine/src/include/holonics/codec/reflection_receipt.hpp	60	frozen_archive	0	unresolved	unresolved_law_and_citation_audit	git_revision_or_live_owner	static_inbound_link_scan_at_d17910d3
archive/cpp-engine/src/include/holonics/codec/reflection_schema.hpp	83	frozen_archive	0	unresolved	unresolved_law_and_citation_audit	git_revision_or_live_owner	static_inbound_link_scan_at_d17910d3
archive/cpp-engine/src/include/holonics/codec/reflective_runtime.hpp	195	frozen_archive	0	unresolved	unresolved_law_and_citation_audit	git_revision_or_live_owner	static_inbound_link_scan_at_d17910d3
archive/cpp-engine/src/include/holonics/codec/regular_singular_face.hpp	46	frozen_archive	0	unresolved	unresolved_law_and_citation_audit	git_revision_or_live_owner	static_inbound_link_scan_at_d17910d3
archive/cpp-engine/src/include/holonics/codec/regular_singular_renderer.hpp	130	frozen_archive	0	unresolved	unresolved_law_and_citation_audit	git_revision_or_live_owner	static_inbound_link_scan_at_d17910d3
archive/cpp-engine/src/include/holonics/codec/source_environment.hpp	50	frozen_archive	0	unresolved	unresolved_law_and_citation_audit	git_revision_or_live_owner	static_inbound_link_scan_at_d17910d3
archive/cpp-engine/src/include/holonics/codec/source_schema.hpp	74	frozen_archive	0	unresolved	unresolved_law_and_citation_audit	git_revision_or_live_owner	static_inbound_link_scan_at_d17910d3
archive/cpp-engine/src/include/holonics/codec/text_material.hpp	178	frozen_archive	0	unresolved	unresolved_law_and_citation_audit	git_revision_or_live_owner	static_inbound_link_scan_at_d17910d3
archive/cpp-engine/src/include/holonics/codec/text_rest.hpp	211	frozen_archive	0	unresolved	unresolved_law_and_citation_audit	git_revision_or_live_owner	static_inbound_link_scan_at_d17910d3
archive/cpp-engine/src/include/holonics/codec/toric_cycle_face.hpp	53	frozen_archive	0	unresolved	unresolved_law_and_citation_audit	git_revision_or_live_owner	static_inbound_link_scan_at_d17910d3
archive/cpp-engine/src/include/holonics/codec/toric_cycle_renderer.hpp	195	frozen_archive	0	unresolved	unresolved_law_and_citation_audit	git_revision_or_live_owner	static_inbound_link_scan_at_d17910d3
archive/cpp-engine/src/include/holonics/codec/toric_explanation_renderer.hpp	30	frozen_archive	0	unresolved	unresolved_law_and_citation_audit	git_revision_or_live_owner	static_inbound_link_scan_at_d17910d3
archive/cpp-engine/src/include/holonics/codec/trace_fiber_countermodel_renderer.hpp	77	frozen_archive	0	unresolved	unresolved_law_and_citation_audit	git_revision_or_live_owner	static_inbound_link_scan_at_d17910d3
archive/cpp-engine/src/include/holonics/codec/trace_fiber_dossier_renderer.hpp	50	frozen_archive	0	unresolved	unresolved_law_and_citation_audit	git_revision_or_live_owner	static_inbound_link_scan_at_d17910d3
archive/cpp-engine/src/include/holonics/codec/trace_fiber_face.hpp	44	frozen_archive	0	unresolved	unresolved_law_and_citation_audit	git_revision_or_live_owner	static_inbound_link_scan_at_d17910d3
archive/cpp-engine/src/include/holonics/codec/trace_fiber_renderer.hpp	89	frozen_archive	0	unresolved	unresolved_law_and_citation_audit	git_revision_or_live_owner	static_inbound_link_scan_at_d17910d3
archive/cpp-engine/src/include/holonics/codec/trace_fiber_renderer_atoms.hpp	109	frozen_archive	0	unresolved	unresolved_law_and_citation_audit	git_revision_or_live_owner	static_inbound_link_scan_at_d17910d3
archive/cpp-engine/src/include/holonics/codec/trace_rebase_dossier_renderer.hpp	56	frozen_archive	0	unresolved	unresolved_law_and_citation_audit	git_revision_or_live_owner	static_inbound_link_scan_at_d17910d3
archive/cpp-engine/src/include/holonics/codec/trace_rebase_face.hpp	60	frozen_archive	0	unresolved	unresolved_law_and_citation_audit	git_revision_or_live_owner	static_inbound_link_scan_at_d17910d3
archive/cpp-engine/src/include/holonics/codec/trace_rebase_renderer.hpp	100	frozen_archive	0	unresolved	unresolved_law_and_citation_audit	git_revision_or_live_owner	static_inbound_link_scan_at_d17910d3
archive/cpp-engine/src/include/holonics/codec/trace_rebase_renderer_atoms.hpp	159	frozen_archive	0	unresolved	unresolved_law_and_citation_audit	git_revision_or_live_owner	static_inbound_link_scan_at_d17910d3
archive/cpp-engine/src/include/holonics/codec/trace_rebase_witness_renderer.hpp	176	frozen_archive	0	unresolved	unresolved_law_and_citation_audit	git_revision_or_live_owner	static_inbound_link_scan_at_d17910d3
archive/cpp-engine/src/include/holonics/current/continuation_fiber.hpp	138	frozen_archive	0	unresolved	unresolved_law_and_citation_audit	git_revision_or_live_owner	static_inbound_link_scan_at_d17910d3
archive/cpp-engine/src/include/holonics/current/current_law.hpp	136	frozen_archive	0	unresolved	unresolved_law_and_citation_audit	git_revision_or_live_owner	static_inbound_link_scan_at_d17910d3
archive/cpp-engine/src/include/holonics/current/current_program.hpp	91	frozen_archive	0	unresolved	unresolved_law_and_citation_audit	git_revision_or_live_owner	static_inbound_link_scan_at_d17910d3
archive/cpp-engine/src/include/holonics/current/current_receipt.hpp	99	frozen_archive	0	unresolved	unresolved_law_and_citation_audit	git_revision_or_live_owner	static_inbound_link_scan_at_d17910d3
archive/cpp-engine/src/include/holonics/current/frontier_pending.hpp	54	frozen_archive	0	unresolved	unresolved_law_and_citation_audit	git_revision_or_live_owner	static_inbound_link_scan_at_d17910d3
archive/cpp-engine/src/include/holonics/current/information_receipt.hpp	173	frozen_archive	0	unresolved	unresolved_law_and_citation_audit	git_revision_or_live_owner	static_inbound_link_scan_at_d17910d3
archive/cpp-engine/src/include/holonics/current/interchange_certificate.hpp	76	frozen_archive	0	unresolved	unresolved_law_and_citation_audit	git_revision_or_live_owner	static_inbound_link_scan_at_d17910d3
archive/cpp-engine/src/include/holonics/current/logical_resource_receipt.hpp	20	frozen_archive	0	unresolved	unresolved_law_and_citation_audit	git_revision_or_live_owner	static_inbound_link_scan_at_d17910d3
archive/cpp-engine/src/include/holonics/current/resident_causal_body.hpp	239	frozen_archive	0	unresolved	unresolved_law_and_citation_audit	git_revision_or_live_owner	static_inbound_link_scan_at_d17910d3
archive/cpp-engine/src/include/holonics/current/resident_weave.hpp	149	frozen_archive	0	unresolved	unresolved_law_and_citation_audit	git_revision_or_live_owner	static_inbound_link_scan_at_d17910d3
archive/cpp-engine/src/include/holonics/current/weave_certificate_law.hpp	211	frozen_archive	0	unresolved	unresolved_law_and_citation_audit	git_revision_or_live_owner	static_inbound_link_scan_at_d17910d3
archive/cpp-engine/src/include/holonics/current/weave_law.hpp	229	frozen_archive	0	unresolved	unresolved_law_and_citation_audit	git_revision_or_live_owner	static_inbound_link_scan_at_d17910d3
archive/cpp-engine/src/include/holonics/current/weave_receipt.hpp	61	frozen_archive	0	unresolved	unresolved_law_and_citation_audit	git_revision_or_live_owner	static_inbound_link_scan_at_d17910d3
archive/cpp-engine/src/include/holonics/current/weave_schema.hpp	136	frozen_archive	0	unresolved	unresolved_law_and_citation_audit	git_revision_or_live_owner	static_inbound_link_scan_at_d17910d3
archive/cpp-engine/src/include/holonics/event/agentic_mouth.hpp	109	frozen_archive	0	unresolved	unresolved_law_and_citation_audit	git_revision_or_live_owner	static_inbound_link_scan_at_d17910d3
archive/cpp-engine/src/include/holonics/event/algebraic_variation_rest.hpp	63	frozen_archive	0	unresolved	unresolved_law_and_citation_audit	git_revision_or_live_owner	static_inbound_link_scan_at_d17910d3
archive/cpp-engine/src/include/holonics/event/algebraic_variation_return.hpp	37	frozen_archive	0	unresolved	unresolved_law_and_citation_audit	git_revision_or_live_owner	static_inbound_link_scan_at_d17910d3
archive/cpp-engine/src/include/holonics/event/algebraic_variation_surface_law.hpp	70	frozen_archive	0	unresolved	unresolved_law_and_citation_audit	git_revision_or_live_owner	static_inbound_link_scan_at_d17910d3
archive/cpp-engine/src/include/holonics/event/arithmetic_spectral_rest.hpp	59	frozen_archive	0	unresolved	unresolved_law_and_citation_audit	git_revision_or_live_owner	static_inbound_link_scan_at_d17910d3
archive/cpp-engine/src/include/holonics/event/arithmetic_spectral_return.hpp	29	frozen_archive	0	unresolved	unresolved_law_and_citation_audit	git_revision_or_live_owner	static_inbound_link_scan_at_d17910d3
archive/cpp-engine/src/include/holonics/event/arithmetic_spectral_surface_law.hpp	54	frozen_archive	0	unresolved	unresolved_law_and_citation_audit	git_revision_or_live_owner	static_inbound_link_scan_at_d17910d3
archive/cpp-engine/src/include/holonics/event/blind_checker_normalization_law.hpp	57	frozen_archive	0	unresolved	unresolved_law_and_citation_audit	git_revision_or_live_owner	static_inbound_link_scan_at_d17910d3
archive/cpp-engine/src/include/holonics/event/blind_reconstruction_rest.hpp	71	frozen_archive	0	unresolved	unresolved_law_and_citation_audit	git_revision_or_live_owner	static_inbound_link_scan_at_d17910d3
archive/cpp-engine/src/include/holonics/event/blind_reconstruction_return.hpp	39	frozen_archive	0	unresolved	unresolved_law_and_citation_audit	git_revision_or_live_owner	static_inbound_link_scan_at_d17910d3
archive/cpp-engine/src/include/holonics/event/causal_linear_rest.hpp	65	frozen_archive	0	unresolved	unresolved_law_and_citation_audit	git_revision_or_live_owner	static_inbound_link_scan_at_d17910d3
archive/cpp-engine/src/include/holonics/event/causal_linear_return.hpp	37	frozen_archive	0	unresolved	unresolved_law_and_citation_audit	git_revision_or_live_owner	static_inbound_link_scan_at_d17910d3
archive/cpp-engine/src/include/holonics/event/causal_linear_surface_law.hpp	71	frozen_archive	0	unresolved	unresolved_law_and_citation_audit	git_revision_or_live_owner	static_inbound_link_scan_at_d17910d3
archive/cpp-engine/src/include/holonics/event/characteristic_checker_normalization_law.hpp	59	frozen_archive	0	unresolved	unresolved_law_and_citation_audit	git_revision_or_live_owner	static_inbound_link_scan_at_d17910d3
archive/cpp-engine/src/include/holonics/event/characteristic_hypergeometry_rest.hpp	100	frozen_archive	0	unresolved	unresolved_law_and_citation_audit	git_revision_or_live_owner	static_inbound_link_scan_at_d17910d3
archive/cpp-engine/src/include/holonics/event/characteristic_hypergeometry_return.hpp	46	frozen_archive	0	unresolved	unresolved_law_and_citation_audit	git_revision_or_live_owner	static_inbound_link_scan_at_d17910d3
archive/cpp-engine/src/include/holonics/event/characteristic_hypergeometry_surface_law.hpp	77	frozen_archive	0	unresolved	unresolved_law_and_citation_audit	git_revision_or_live_owner	static_inbound_link_scan_at_d17910d3
archive/cpp-engine/src/include/holonics/event/characteristic_rest.hpp	61	frozen_archive	0	unresolved	unresolved_law_and_citation_audit	git_revision_or_live_owner	static_inbound_link_scan_at_d17910d3
archive/cpp-engine/src/include/holonics/event/characteristic_return.hpp	33	frozen_archive	0	unresolved	unresolved_law_and_citation_audit	git_revision_or_live_owner	static_inbound_link_scan_at_d17910d3
archive/cpp-engine/src/include/holonics/event/checker_pending_deed.hpp	45	frozen_archive	0	unresolved	unresolved_law_and_citation_audit	git_revision_or_live_owner	static_inbound_link_scan_at_d17910d3
archive/cpp-engine/src/include/holonics/event/checker_return_schema.hpp	94	frozen_archive	0	unresolved	unresolved_law_and_citation_audit	git_revision_or_live_owner	static_inbound_link_scan_at_d17910d3
archive/cpp-engine/src/include/holonics/event/cm_checker_normalization_law.hpp	57	frozen_archive	0	unresolved	unresolved_law_and_citation_audit	git_revision_or_live_owner	static_inbound_link_scan_at_d17910d3
archive/cpp-engine/src/include/holonics/event/cm_incidence_rest.hpp	73	frozen_archive	0	unresolved	unresolved_law_and_citation_audit	git_revision_or_live_owner	static_inbound_link_scan_at_d17910d3
archive/cpp-engine/src/include/holonics/event/cm_incidence_return.hpp	37	frozen_archive	0	unresolved	unresolved_law_and_citation_audit	git_revision_or_live_owner	static_inbound_link_scan_at_d17910d3
archive/cpp-engine/src/include/holonics/event/conditioned_production.hpp	117	frozen_archive	0	unresolved	unresolved_law_and_citation_audit	git_revision_or_live_owner	static_inbound_link_scan_at_d17910d3
archive/cpp-engine/src/include/holonics/event/cultivated_organ_rest.hpp	60	frozen_archive	0	unresolved	unresolved_law_and_citation_audit	git_revision_or_live_owner	static_inbound_link_scan_at_d17910d3
archive/cpp-engine/src/include/holonics/event/cultivated_organ_return.hpp	48	frozen_archive	0	unresolved	unresolved_law_and_citation_audit	git_revision_or_live_owner	static_inbound_link_scan_at_d17910d3
archive/cpp-engine/src/include/holonics/event/cultivated_organ_surface_law.hpp	50	frozen_archive	0	unresolved	unresolved_law_and_citation_audit	git_revision_or_live_owner	static_inbound_link_scan_at_d17910d3
archive/cpp-engine/src/include/holonics/event/deed.hpp	84	frozen_archive	0	unresolved	unresolved_law_and_citation_audit	git_revision_or_live_owner	static_inbound_link_scan_at_d17910d3
archive/cpp-engine/src/include/holonics/event/dependent_theorem_setup.hpp	51	frozen_archive	0	unresolved	unresolved_law_and_citation_audit	git_revision_or_live_owner	static_inbound_link_scan_at_d17910d3
archive/cpp-engine/src/include/holonics/event/elementary_calculus_rest.hpp	116	frozen_archive	0	unresolved	unresolved_law_and_citation_audit	git_revision_or_live_owner	static_inbound_link_scan_at_d17910d3
archive/cpp-engine/src/include/holonics/event/elementary_calculus_return.hpp	48	frozen_archive	0	unresolved	unresolved_law_and_citation_audit	git_revision_or_live_owner	static_inbound_link_scan_at_d17910d3
archive/cpp-engine/src/include/holonics/event/elementary_calculus_surface_law.hpp	110	frozen_archive	0	unresolved	unresolved_law_and_citation_audit	git_revision_or_live_owner	static_inbound_link_scan_at_d17910d3
archive/cpp-engine/src/include/holonics/event/expression_geometry_rest.hpp	56	frozen_archive	0	unresolved	unresolved_law_and_citation_audit	git_revision_or_live_owner	static_inbound_link_scan_at_d17910d3
archive/cpp-engine/src/include/holonics/event/expression_geometry_return.hpp	33	frozen_archive	0	unresolved	unresolved_law_and_citation_audit	git_revision_or_live_owner	static_inbound_link_scan_at_d17910d3
archive/cpp-engine/src/include/holonics/event/expression_geometry_surface_law.hpp	88	frozen_archive	0	unresolved	unresolved_law_and_citation_audit	git_revision_or_live_owner	static_inbound_link_scan_at_d17910d3
archive/cpp-engine/src/include/holonics/event/formal_production.hpp	110	frozen_archive	0	unresolved	unresolved_law_and_citation_audit	git_revision_or_live_owner	static_inbound_link_scan_at_d17910d3
archive/cpp-engine/src/include/holonics/event/geometry_checker_normalization_law.hpp	63	frozen_archive	0	unresolved	unresolved_law_and_citation_audit	git_revision_or_live_owner	static_inbound_link_scan_at_d17910d3
archive/cpp-engine/src/include/holonics/event/geometry_inquiry_rest.hpp	51	frozen_archive	0	unresolved	unresolved_law_and_citation_audit	git_revision_or_live_owner	static_inbound_link_scan_at_d17910d3
archive/cpp-engine/src/include/holonics/event/hodge_realization_rest.hpp	58	frozen_archive	0	unresolved	unresolved_law_and_citation_audit	git_revision_or_live_owner	static_inbound_link_scan_at_d17910d3
archive/cpp-engine/src/include/holonics/event/hodge_realization_return.hpp	31	frozen_archive	0	unresolved	unresolved_law_and_citation_audit	git_revision_or_live_owner	static_inbound_link_scan_at_d17910d3
archive/cpp-engine/src/include/holonics/event/hodge_realization_surface_law.hpp	81	frozen_archive	0	unresolved	unresolved_law_and_citation_audit	git_revision_or_live_owner	static_inbound_link_scan_at_d17910d3
archive/cpp-engine/src/include/holonics/event/intrinsic_hypergeometry_rest.hpp	69	frozen_archive	0	unresolved	unresolved_law_and_citation_audit	git_revision_or_live_owner	static_inbound_link_scan_at_d17910d3
archive/cpp-engine/src/include/holonics/event/intrinsic_hypergeometry_return.hpp	39	frozen_archive	0	unresolved	unresolved_law_and_citation_audit	git_revision_or_live_owner	static_inbound_link_scan_at_d17910d3
archive/cpp-engine/src/include/holonics/event/intrinsic_hypergeometry_surface_law.hpp	56	frozen_archive	0	unresolved	unresolved_law_and_citation_audit	git_revision_or_live_owner	static_inbound_link_scan_at_d17910d3
archive/cpp-engine/src/include/holonics/event/lifecycle_law.hpp	104	frozen_archive	0	unresolved	unresolved_law_and_citation_audit	git_revision_or_live_owner	static_inbound_link_scan_at_d17910d3
archive/cpp-engine/src/include/holonics/event/lifecycle_schema.hpp	101	frozen_archive	0	unresolved	unresolved_law_and_citation_audit	git_revision_or_live_owner	static_inbound_link_scan_at_d17910d3
archive/cpp-engine/src/include/holonics/event/live_delta.hpp	41	frozen_archive	0	unresolved	unresolved_law_and_citation_audit	git_revision_or_live_owner	static_inbound_link_scan_at_d17910d3
archive/cpp-engine/src/include/holonics/event/live_pending.hpp	46	frozen_archive	0	unresolved	unresolved_law_and_citation_audit	git_revision_or_live_owner	static_inbound_link_scan_at_d17910d3
archive/cpp-engine/src/include/holonics/event/obstruction.hpp	31	frozen_archive	0	unresolved	unresolved_law_and_citation_audit	git_revision_or_live_owner	static_inbound_link_scan_at_d17910d3
archive/cpp-engine/src/include/holonics/event/phase_crystal_checker_normalization_law.hpp	51	frozen_archive	0	unresolved	unresolved_law_and_citation_audit	git_revision_or_live_owner	static_inbound_link_scan_at_d17910d3
archive/cpp-engine/src/include/holonics/event/phase_crystal_rest.hpp	55	frozen_archive	0	unresolved	unresolved_law_and_citation_audit	git_revision_or_live_owner	static_inbound_link_scan_at_d17910d3
archive/cpp-engine/src/include/holonics/event/phase_crystal_return.hpp	33	frozen_archive	0	unresolved	unresolved_law_and_citation_audit	git_revision_or_live_owner	static_inbound_link_scan_at_d17910d3
archive/cpp-engine/src/include/holonics/event/rederivation_rest.hpp	88	frozen_archive	0	unresolved	unresolved_law_and_citation_audit	git_revision_or_live_owner	static_inbound_link_scan_at_d17910d3
archive/cpp-engine/src/include/holonics/event/rederivation_return.hpp	52	frozen_archive	0	unresolved	unresolved_law_and_citation_audit	git_revision_or_live_owner	static_inbound_link_scan_at_d17910d3
archive/cpp-engine/src/include/holonics/event/rederivation_surface_law.hpp	75	frozen_archive	0	unresolved	unresolved_law_and_citation_audit	git_revision_or_live_owner	static_inbound_link_scan_at_d17910d3
archive/cpp-engine/src/include/holonics/event/reflective_codec_rest.hpp	32	frozen_archive	0	unresolved	unresolved_law_and_citation_audit	git_revision_or_live_owner	static_inbound_link_scan_at_d17910d3
archive/cpp-engine/src/include/holonics/event/regular_singular_checker_normalization_law.hpp	58	frozen_archive	0	unresolved	unresolved_law_and_citation_audit	git_revision_or_live_owner	static_inbound_link_scan_at_d17910d3
archive/cpp-engine/src/include/holonics/event/regular_singular_rest.hpp	67	frozen_archive	0	unresolved	unresolved_law_and_citation_audit	git_revision_or_live_owner	static_inbound_link_scan_at_d17910d3
archive/cpp-engine/src/include/holonics/event/regular_singular_return.hpp	33	frozen_archive	0	unresolved	unresolved_law_and_citation_audit	git_revision_or_live_owner	static_inbound_link_scan_at_d17910d3
archive/cpp-engine/src/include/holonics/event/relational_surface.hpp	152	frozen_archive	0	unresolved	unresolved_law_and_citation_audit	git_revision_or_live_owner	static_inbound_link_scan_at_d17910d3
archive/cpp-engine/src/include/holonics/event/research_ecology.hpp	112	frozen_archive	0	unresolved	unresolved_law_and_citation_audit	git_revision_or_live_owner	static_inbound_link_scan_at_d17910d3
archive/cpp-engine/src/include/holonics/event/resident_algebraic_variation.hpp	71	frozen_archive	0	unresolved	unresolved_law_and_citation_audit	git_revision_or_live_owner	static_inbound_link_scan_at_d17910d3
archive/cpp-engine/src/include/holonics/event/resident_algebraic_variation_rest.hpp	67	frozen_archive	0	unresolved	unresolved_law_and_citation_audit	git_revision_or_live_owner	static_inbound_link_scan_at_d17910d3
archive/cpp-engine/src/include/holonics/event/resident_algebraic_variation_return.hpp	71	frozen_archive	0	unresolved	unresolved_law_and_citation_audit	git_revision_or_live_owner	static_inbound_link_scan_at_d17910d3
archive/cpp-engine/src/include/holonics/event/resident_arithmetic_spectral.hpp	64	frozen_archive	0	unresolved	unresolved_law_and_citation_audit	git_revision_or_live_owner	static_inbound_link_scan_at_d17910d3
archive/cpp-engine/src/include/holonics/event/resident_arithmetic_spectral_mount.hpp	48	frozen_archive	0	unresolved	unresolved_law_and_citation_audit	git_revision_or_live_owner	static_inbound_link_scan_at_d17910d3
archive/cpp-engine/src/include/holonics/event/resident_arithmetic_spectral_rest.hpp	35	frozen_archive	0	unresolved	unresolved_law_and_citation_audit	git_revision_or_live_owner	static_inbound_link_scan_at_d17910d3
archive/cpp-engine/src/include/holonics/event/resident_arithmetic_spectral_return.hpp	64	frozen_archive	0	unresolved	unresolved_law_and_citation_audit	git_revision_or_live_owner	static_inbound_link_scan_at_d17910d3
archive/cpp-engine/src/include/holonics/event/resident_blind_reconstruction.hpp	162	frozen_archive	0	unresolved	unresolved_law_and_citation_audit	git_revision_or_live_owner	static_inbound_link_scan_at_d17910d3
archive/cpp-engine/src/include/holonics/event/resident_blind_reconstruction_return.hpp	171	frozen_archive	0	unresolved	unresolved_law_and_citation_audit	git_revision_or_live_owner	static_inbound_link_scan_at_d17910d3
archive/cpp-engine/src/include/holonics/event/resident_causal_linear.hpp	70	frozen_archive	0	unresolved	unresolved_law_and_citation_audit	git_revision_or_live_owner	static_inbound_link_scan_at_d17910d3
archive/cpp-engine/src/include/holonics/event/resident_causal_linear_mount.hpp	45	frozen_archive	0	unresolved	unresolved_law_and_citation_audit	git_revision_or_live_owner	static_inbound_link_scan_at_d17910d3
archive/cpp-engine/src/include/holonics/event/resident_causal_linear_rest.hpp	32	frozen_archive	0	unresolved	unresolved_law_and_citation_audit	git_revision_or_live_owner	static_inbound_link_scan_at_d17910d3
archive/cpp-engine/src/include/holonics/event/resident_causal_linear_return.hpp	67	frozen_archive	0	unresolved	unresolved_law_and_citation_audit	git_revision_or_live_owner	static_inbound_link_scan_at_d17910d3
archive/cpp-engine/src/include/holonics/event/resident_characteristic.hpp	117	frozen_archive	0	unresolved	unresolved_law_and_citation_audit	git_revision_or_live_owner	static_inbound_link_scan_at_d17910d3
archive/cpp-engine/src/include/holonics/event/resident_characteristic_hypergeometry.hpp	87	frozen_archive	0	unresolved	unresolved_law_and_citation_audit	git_revision_or_live_owner	static_inbound_link_scan_at_d17910d3
archive/cpp-engine/src/include/holonics/event/resident_characteristic_hypergeometry_mount.hpp	89	frozen_archive	0	unresolved	unresolved_law_and_citation_audit	git_revision_or_live_owner	static_inbound_link_scan_at_d17910d3
archive/cpp-engine/src/include/holonics/event/resident_characteristic_hypergeometry_rest.hpp	39	frozen_archive	0	unresolved	unresolved_law_and_citation_audit	git_revision_or_live_owner	static_inbound_link_scan_at_d17910d3
archive/cpp-engine/src/include/holonics/event/resident_characteristic_hypergeometry_return.hpp	157	frozen_archive	0	unresolved	unresolved_law_and_citation_audit	git_revision_or_live_owner	static_inbound_link_scan_at_d17910d3
archive/cpp-engine/src/include/holonics/event/resident_characteristic_return.hpp	61	frozen_archive	0	unresolved	unresolved_law_and_citation_audit	git_revision_or_live_owner	static_inbound_link_scan_at_d17910d3
archive/cpp-engine/src/include/holonics/event/resident_cm_incidence.hpp	99	frozen_archive	0	unresolved	unresolved_law_and_citation_audit	git_revision_or_live_owner	static_inbound_link_scan_at_d17910d3
archive/cpp-engine/src/include/holonics/event/resident_cm_incidence_return.hpp	144	frozen_archive	0	unresolved	unresolved_law_and_citation_audit	git_revision_or_live_owner	static_inbound_link_scan_at_d17910d3
archive/cpp-engine/src/include/holonics/event/resident_condensation.hpp	207	frozen_archive	0	unresolved	unresolved_law_and_citation_audit	git_revision_or_live_owner	static_inbound_link_scan_at_d17910d3
archive/cpp-engine/src/include/holonics/event/resident_cultivated_application_return.hpp	55	frozen_archive	0	unresolved	unresolved_law_and_citation_audit	git_revision_or_live_owner	static_inbound_link_scan_at_d17910d3
archive/cpp-engine/src/include/holonics/event/resident_cultivated_organs.hpp	63	frozen_archive	0	unresolved	unresolved_law_and_citation_audit	git_revision_or_live_owner	static_inbound_link_scan_at_d17910d3
archive/cpp-engine/src/include/holonics/event/resident_cultivated_organs_mount.hpp	64	frozen_archive	0	unresolved	unresolved_law_and_citation_audit	git_revision_or_live_owner	static_inbound_link_scan_at_d17910d3
archive/cpp-engine/src/include/holonics/event/resident_cultivated_organs_rest.hpp	28	frozen_archive	0	unresolved	unresolved_law_and_citation_audit	git_revision_or_live_owner	static_inbound_link_scan_at_d17910d3
archive/cpp-engine/src/include/holonics/event/resident_cultivated_organs_return.hpp	59	frozen_archive	0	unresolved	unresolved_law_and_citation_audit	git_revision_or_live_owner	static_inbound_link_scan_at_d17910d3
archive/cpp-engine/src/include/holonics/event/resident_elementary_calculus.hpp	63	frozen_archive	0	unresolved	unresolved_law_and_citation_audit	git_revision_or_live_owner	static_inbound_link_scan_at_d17910d3
archive/cpp-engine/src/include/holonics/event/resident_elementary_calculus_mount.hpp	68	frozen_archive	0	unresolved	unresolved_law_and_citation_audit	git_revision_or_live_owner	static_inbound_link_scan_at_d17910d3
archive/cpp-engine/src/include/holonics/event/resident_elementary_calculus_rest.hpp	23	frozen_archive	0	unresolved	unresolved_law_and_citation_audit	git_revision_or_live_owner	static_inbound_link_scan_at_d17910d3
archive/cpp-engine/src/include/holonics/event/resident_elementary_calculus_return.hpp	115	frozen_archive	0	unresolved	unresolved_law_and_citation_audit	git_revision_or_live_owner	static_inbound_link_scan_at_d17910d3
archive/cpp-engine/src/include/holonics/event/resident_expression_geometry.hpp	65	frozen_archive	0	unresolved	unresolved_law_and_citation_audit	git_revision_or_live_owner	static_inbound_link_scan_at_d17910d3
archive/cpp-engine/src/include/holonics/event/resident_expression_geometry_mount.hpp	47	frozen_archive	0	unresolved	unresolved_law_and_citation_audit	git_revision_or_live_owner	static_inbound_link_scan_at_d17910d3
archive/cpp-engine/src/include/holonics/event/resident_expression_geometry_rest.hpp	34	frozen_archive	0	unresolved	unresolved_law_and_citation_audit	git_revision_or_live_owner	static_inbound_link_scan_at_d17910d3
archive/cpp-engine/src/include/holonics/event/resident_expression_geometry_return.hpp	64	frozen_archive	0	unresolved	unresolved_law_and_citation_audit	git_revision_or_live_owner	static_inbound_link_scan_at_d17910d3
archive/cpp-engine/src/include/holonics/event/resident_hodge_realization.hpp	63	frozen_archive	0	unresolved	unresolved_law_and_citation_audit	git_revision_or_live_owner	static_inbound_link_scan_at_d17910d3
archive/cpp-engine/src/include/holonics/event/resident_hodge_realization_mount.hpp	47	frozen_archive	0	unresolved	unresolved_law_and_citation_audit	git_revision_or_live_owner	static_inbound_link_scan_at_d17910d3
archive/cpp-engine/src/include/holonics/event/resident_hodge_realization_rest.hpp	34	frozen_archive	0	unresolved	unresolved_law_and_citation_audit	git_revision_or_live_owner	static_inbound_link_scan_at_d17910d3
archive/cpp-engine/src/include/holonics/event/resident_hodge_realization_return.hpp	65	frozen_archive	0	unresolved	unresolved_law_and_citation_audit	git_revision_or_live_owner	static_inbound_link_scan_at_d17910d3
archive/cpp-engine/src/include/holonics/event/resident_intrinsic_hypergeometry.hpp	71	frozen_archive	0	unresolved	unresolved_law_and_citation_audit	git_revision_or_live_owner	static_inbound_link_scan_at_d17910d3
archive/cpp-engine/src/include/holonics/event/resident_intrinsic_hypergeometry_mount.hpp	47	frozen_archive	0	unresolved	unresolved_law_and_citation_audit	git_revision_or_live_owner	static_inbound_link_scan_at_d17910d3
archive/cpp-engine/src/include/holonics/event/resident_intrinsic_hypergeometry_rest.hpp	33	frozen_archive	0	unresolved	unresolved_law_and_citation_audit	git_revision_or_live_owner	static_inbound_link_scan_at_d17910d3
archive/cpp-engine/src/include/holonics/event/resident_intrinsic_hypergeometry_return.hpp	71	frozen_archive	0	unresolved	unresolved_law_and_citation_audit	git_revision_or_live_owner	static_inbound_link_scan_at_d17910d3
archive/cpp-engine/src/include/holonics/event/resident_mathematical_ecology.hpp	60	frozen_archive	0	unresolved	unresolved_law_and_citation_audit	git_revision_or_live_owner	static_inbound_link_scan_at_d17910d3
archive/cpp-engine/src/include/holonics/event/resident_phase_crystal.hpp	117	frozen_archive	0	unresolved	unresolved_law_and_citation_audit	git_revision_or_live_owner	static_inbound_link_scan_at_d17910d3
archive/cpp-engine/src/include/holonics/event/resident_phase_crystal_return.hpp	59	frozen_archive	0	unresolved	unresolved_law_and_citation_audit	git_revision_or_live_owner	static_inbound_link_scan_at_d17910d3
archive/cpp-engine/src/include/holonics/event/resident_rederivation.hpp	100	frozen_archive	0	unresolved	unresolved_law_and_citation_audit	git_revision_or_live_owner	static_inbound_link_scan_at_d17910d3
archive/cpp-engine/src/include/holonics/event/resident_rederivation_mount.hpp	71	frozen_archive	0	unresolved	unresolved_law_and_citation_audit	git_revision_or_live_owner	static_inbound_link_scan_at_d17910d3
archive/cpp-engine/src/include/holonics/event/resident_rederivation_rest.hpp	63	frozen_archive	0	unresolved	unresolved_law_and_citation_audit	git_revision_or_live_owner	static_inbound_link_scan_at_d17910d3
archive/cpp-engine/src/include/holonics/event/resident_rederivation_return.hpp	191	frozen_archive	0	unresolved	unresolved_law_and_citation_audit	git_revision_or_live_owner	static_inbound_link_scan_at_d17910d3
archive/cpp-engine/src/include/holonics/event/resident_reflective_codec.hpp	176	frozen_archive	0	unresolved	unresolved_law_and_citation_audit	git_revision_or_live_owner	static_inbound_link_scan_at_d17910d3
archive/cpp-engine/src/include/holonics/event/resident_regular_singular.hpp	122	frozen_archive	0	unresolved	unresolved_law_and_citation_audit	git_revision_or_live_owner	static_inbound_link_scan_at_d17910d3
archive/cpp-engine/src/include/holonics/event/resident_regular_singular_return.hpp	63	frozen_archive	0	unresolved	unresolved_law_and_citation_audit	git_revision_or_live_owner	static_inbound_link_scan_at_d17910d3
archive/cpp-engine/src/include/holonics/event/resident_toric_cycle.hpp	68	frozen_archive	0	unresolved	unresolved_law_and_citation_audit	git_revision_or_live_owner	static_inbound_link_scan_at_d17910d3
archive/cpp-engine/src/include/holonics/event/resident_toric_cycle_return.hpp	207	frozen_archive	0	unresolved	unresolved_law_and_citation_audit	git_revision_or_live_owner	static_inbound_link_scan_at_d17910d3
archive/cpp-engine/src/include/holonics/event/resident_trace_fiber.hpp	79	frozen_archive	0	unresolved	unresolved_law_and_citation_audit	git_revision_or_live_owner	static_inbound_link_scan_at_d17910d3
archive/cpp-engine/src/include/holonics/event/resident_trace_fiber_mount.hpp	90	frozen_archive	0	unresolved	unresolved_law_and_citation_audit	git_revision_or_live_owner	static_inbound_link_scan_at_d17910d3
archive/cpp-engine/src/include/holonics/event/resident_trace_fiber_rest.hpp	40	frozen_archive	0	unresolved	unresolved_law_and_citation_audit	git_revision_or_live_owner	static_inbound_link_scan_at_d17910d3
archive/cpp-engine/src/include/holonics/event/resident_trace_fiber_return.hpp	153	frozen_archive	0	unresolved	unresolved_law_and_citation_audit	git_revision_or_live_owner	static_inbound_link_scan_at_d17910d3
archive/cpp-engine/src/include/holonics/event/resident_trace_rebase.hpp	77	frozen_archive	0	unresolved	unresolved_law_and_citation_audit	git_revision_or_live_owner	static_inbound_link_scan_at_d17910d3
archive/cpp-engine/src/include/holonics/event/resident_trace_rebase_mount.hpp	92	frozen_archive	0	unresolved	unresolved_law_and_citation_audit	git_revision_or_live_owner	static_inbound_link_scan_at_d17910d3
archive/cpp-engine/src/include/holonics/event/resident_trace_rebase_rest.hpp	46	frozen_archive	0	unresolved	unresolved_law_and_citation_audit	git_revision_or_live_owner	static_inbound_link_scan_at_d17910d3
archive/cpp-engine/src/include/holonics/event/resident_trace_rebase_return.hpp	169	frozen_archive	0	unresolved	unresolved_law_and_citation_audit	git_revision_or_live_owner	static_inbound_link_scan_at_d17910d3
archive/cpp-engine/src/include/holonics/event/resonance_ecology.hpp	188	frozen_archive	0	unresolved	unresolved_law_and_citation_audit	git_revision_or_live_owner	static_inbound_link_scan_at_d17910d3
archive/cpp-engine/src/include/holonics/event/resonance_registry.hpp	126	frozen_archive	0	unresolved	unresolved_law_and_citation_audit	git_revision_or_live_owner	static_inbound_link_scan_at_d17910d3
archive/cpp-engine/src/include/holonics/event/return_conditioning_return.hpp	25	frozen_archive	0	unresolved	unresolved_law_and_citation_audit	git_revision_or_live_owner	static_inbound_link_scan_at_d17910d3
archive/cpp-engine/src/include/holonics/event/serial_gluing.hpp	21	frozen_archive	0	unresolved	unresolved_law_and_citation_audit	git_revision_or_live_owner	static_inbound_link_scan_at_d17910d3
archive/cpp-engine/src/include/holonics/event/terminal_theorem_rest.hpp	68	frozen_archive	0	unresolved	unresolved_law_and_citation_audit	git_revision_or_live_owner	static_inbound_link_scan_at_d17910d3
archive/cpp-engine/src/include/holonics/event/text_conditioning.hpp	72	frozen_archive	0	unresolved	unresolved_law_and_citation_audit	git_revision_or_live_owner	static_inbound_link_scan_at_d17910d3
archive/cpp-engine/src/include/holonics/event/theorem_production_rest.hpp	56	frozen_archive	0	unresolved	unresolved_law_and_citation_audit	git_revision_or_live_owner	static_inbound_link_scan_at_d17910d3
archive/cpp-engine/src/include/holonics/event/toric_cycle_rest.hpp	65	frozen_archive	0	unresolved	unresolved_law_and_citation_audit	git_revision_or_live_owner	static_inbound_link_scan_at_d17910d3
archive/cpp-engine/src/include/holonics/event/toric_cycle_return.hpp	37	frozen_archive	0	unresolved	unresolved_law_and_citation_audit	git_revision_or_live_owner	static_inbound_link_scan_at_d17910d3
archive/cpp-engine/src/include/holonics/event/trace_fiber_rest.hpp	97	frozen_archive	0	unresolved	unresolved_law_and_citation_audit	git_revision_or_live_owner	static_inbound_link_scan_at_d17910d3
archive/cpp-engine/src/include/holonics/event/trace_fiber_return.hpp	46	frozen_archive	0	unresolved	unresolved_law_and_citation_audit	git_revision_or_live_owner	static_inbound_link_scan_at_d17910d3
archive/cpp-engine/src/include/holonics/event/trace_fiber_surface_law.hpp	82	frozen_archive	0	unresolved	unresolved_law_and_citation_audit	git_revision_or_live_owner	static_inbound_link_scan_at_d17910d3
archive/cpp-engine/src/include/holonics/event/trace_rebase_rest.hpp	121	frozen_archive	0	unresolved	unresolved_law_and_citation_audit	git_revision_or_live_owner	static_inbound_link_scan_at_d17910d3
archive/cpp-engine/src/include/holonics/event/trace_rebase_return.hpp	46	frozen_archive	0	unresolved	unresolved_law_and_citation_audit	git_revision_or_live_owner	static_inbound_link_scan_at_d17910d3
archive/cpp-engine/src/include/holonics/event/trace_rebase_surface_law.hpp	143	frozen_archive	0	unresolved	unresolved_law_and_citation_audit	git_revision_or_live_owner	static_inbound_link_scan_at_d17910d3
archive/cpp-engine/src/include/holonics/exact/commitment.hpp	122	frozen_archive	0	unresolved	unresolved_law_and_citation_audit	git_revision_or_live_owner	static_inbound_link_scan_at_d17910d3
archive/cpp-engine/src/include/holonics/exact/config.hpp	7	frozen_archive	0	unresolved	unresolved_law_and_citation_audit	git_revision_or_live_owner	static_inbound_link_scan_at_d17910d3
archive/cpp-engine/src/include/holonics/exact/deed.hpp	91	frozen_archive	0	unresolved	unresolved_law_and_citation_audit	git_revision_or_live_owner	static_inbound_link_scan_at_d17910d3
archive/cpp-engine/src/include/holonics/exact/deed_execute.hpp	192	frozen_archive	0	unresolved	unresolved_law_and_citation_audit	git_revision_or_live_owner	static_inbound_link_scan_at_d17910d3
archive/cpp-engine/src/include/holonics/exact/dyadic.hpp	205	frozen_archive	0	unresolved	unresolved_law_and_citation_audit	git_revision_or_live_owner	static_inbound_link_scan_at_d17910d3
archive/cpp-engine/src/include/holonics/exact/enclosure.hpp	181	frozen_archive	0	unresolved	unresolved_law_and_citation_audit	git_revision_or_live_owner	static_inbound_link_scan_at_d17910d3
archive/cpp-engine/src/include/holonics/exact/enclosure_deed.hpp	110	frozen_archive	0	unresolved	unresolved_law_and_citation_audit	git_revision_or_live_owner	static_inbound_link_scan_at_d17910d3
archive/cpp-engine/src/include/holonics/exact/finite_field.hpp	84	frozen_archive	0	unresolved	unresolved_law_and_citation_audit	git_revision_or_live_owner	static_inbound_link_scan_at_d17910d3
archive/cpp-engine/src/include/holonics/exact/integer.hpp	163	frozen_archive	0	unresolved	unresolved_law_and_citation_audit	git_revision_or_live_owner	static_inbound_link_scan_at_d17910d3
archive/cpp-engine/src/include/holonics/exact/integer_arithmetic.hpp	195	frozen_archive	0	unresolved	unresolved_law_and_citation_audit	git_revision_or_live_owner	static_inbound_link_scan_at_d17910d3
archive/cpp-engine/src/include/holonics/exact/integer_division.hpp	145	frozen_archive	0	unresolved	unresolved_law_and_citation_audit	git_revision_or_live_owner	static_inbound_link_scan_at_d17910d3
archive/cpp-engine/src/include/holonics/exact/integer_polynomial.hpp	153	frozen_archive	0	unresolved	unresolved_law_and_citation_audit	git_revision_or_live_owner	static_inbound_link_scan_at_d17910d3
archive/cpp-engine/src/include/holonics/exact/polynomial.hpp	82	frozen_archive	0	unresolved	unresolved_law_and_citation_audit	git_revision_or_live_owner	static_inbound_link_scan_at_d17910d3
archive/cpp-engine/src/include/holonics/exact/projective.hpp	51	frozen_archive	0	unresolved	unresolved_law_and_citation_audit	git_revision_or_live_owner	static_inbound_link_scan_at_d17910d3
archive/cpp-engine/src/include/holonics/exact/rational.hpp	68	frozen_archive	0	unresolved	unresolved_law_and_citation_audit	git_revision_or_live_owner	static_inbound_link_scan_at_d17910d3
archive/cpp-engine/src/include/holonics/exact/representation.hpp	46	frozen_archive	0	unresolved	unresolved_law_and_citation_audit	git_revision_or_live_owner	static_inbound_link_scan_at_d17910d3
archive/cpp-engine/src/include/holonics/exact/residue.hpp	80	frozen_archive	0	unresolved	unresolved_law_and_citation_audit	git_revision_or_live_owner	static_inbound_link_scan_at_d17910d3
archive/cpp-engine/src/include/holonics/exact/separation.hpp	109	frozen_archive	0	unresolved	unresolved_law_and_citation_audit	git_revision_or_live_owner	static_inbound_link_scan_at_d17910d3
archive/cpp-engine/src/include/holonics/exact/signed_magnitude.hpp	85	frozen_archive	0	unresolved	unresolved_law_and_citation_audit	git_revision_or_live_owner	static_inbound_link_scan_at_d17910d3
archive/cpp-engine/src/include/holonics/exact/small_rational.hpp	154	frozen_archive	0	unresolved	unresolved_law_and_citation_audit	git_revision_or_live_owner	static_inbound_link_scan_at_d17910d3
archive/cpp-engine/src/include/holonics/exact/spine_deed.hpp	63	frozen_archive	0	unresolved	unresolved_law_and_citation_audit	git_revision_or_live_owner	static_inbound_link_scan_at_d17910d3
archive/cpp-engine/src/include/holonics/exact/status.hpp	41	frozen_archive	0	unresolved	unresolved_law_and_citation_audit	git_revision_or_live_owner	static_inbound_link_scan_at_d17910d3
archive/cpp-engine/src/include/holonics/exact/word.hpp	41	frozen_archive	0	unresolved	unresolved_law_and_citation_audit	git_revision_or_live_owner	static_inbound_link_scan_at_d17910d3
archive/cpp-engine/src/include/holonics/organ/algebraic_variation_law.hpp	83	frozen_archive	0	unresolved	unresolved_law_and_citation_audit	git_revision_or_live_owner	static_inbound_link_scan_at_d17910d3
archive/cpp-engine/src/include/holonics/organ/algebraic_variation_receipt.hpp	190	frozen_archive	0	unresolved	unresolved_law_and_citation_audit	git_revision_or_live_owner	static_inbound_link_scan_at_d17910d3
archive/cpp-engine/src/include/holonics/organ/algebraic_variation_schema.hpp	100	frozen_archive	0	unresolved	unresolved_law_and_citation_audit	git_revision_or_live_owner	static_inbound_link_scan_at_d17910d3
archive/cpp-engine/src/include/holonics/organ/arithmetic_aperture_law.hpp	50	frozen_archive	0	unresolved	unresolved_law_and_citation_audit	git_revision_or_live_owner	static_inbound_link_scan_at_d17910d3
archive/cpp-engine/src/include/holonics/organ/arithmetic_curve_law.hpp	171	frozen_archive	0	unresolved	unresolved_law_and_citation_audit	git_revision_or_live_owner	static_inbound_link_scan_at_d17910d3
archive/cpp-engine/src/include/holonics/organ/arithmetic_curve_receipt.hpp	64	frozen_archive	0	unresolved	unresolved_law_and_citation_audit	git_revision_or_live_owner	static_inbound_link_scan_at_d17910d3
archive/cpp-engine/src/include/holonics/organ/arithmetic_field_law.hpp	224	frozen_archive	0	unresolved	unresolved_law_and_citation_audit	git_revision_or_live_owner	static_inbound_link_scan_at_d17910d3
archive/cpp-engine/src/include/holonics/organ/arithmetic_field_receipt.hpp	38	frozen_archive	0	unresolved	unresolved_law_and_citation_audit	git_revision_or_live_owner	static_inbound_link_scan_at_d17910d3
archive/cpp-engine/src/include/holonics/organ/arithmetic_realization_law.hpp	29	frozen_archive	0	unresolved	unresolved_law_and_citation_audit	git_revision_or_live_owner	static_inbound_link_scan_at_d17910d3
archive/cpp-engine/src/include/holonics/organ/arithmetic_spectral_law.hpp	123	frozen_archive	0	unresolved	unresolved_law_and_citation_audit	git_revision_or_live_owner	static_inbound_link_scan_at_d17910d3
archive/cpp-engine/src/include/holonics/organ/arithmetic_spectral_receipt.hpp	95	frozen_archive	0	unresolved	unresolved_law_and_citation_audit	git_revision_or_live_owner	static_inbound_link_scan_at_d17910d3
archive/cpp-engine/src/include/holonics/organ/arithmetic_spectral_schema.hpp	91	frozen_archive	0	unresolved	unresolved_law_and_citation_audit	git_revision_or_live_owner	static_inbound_link_scan_at_d17910d3
archive/cpp-engine/src/include/holonics/organ/arithmetic_test_current_law.hpp	74	frozen_archive	0	unresolved	unresolved_law_and_citation_audit	git_revision_or_live_owner	static_inbound_link_scan_at_d17910d3
archive/cpp-engine/src/include/holonics/organ/blind_code_exact.hpp	78	frozen_archive	0	unresolved	unresolved_law_and_citation_audit	git_revision_or_live_owner	static_inbound_link_scan_at_d17910d3
archive/cpp-engine/src/include/holonics/organ/blind_code_law.hpp	201	frozen_archive	0	unresolved	unresolved_law_and_citation_audit	git_revision_or_live_owner	static_inbound_link_scan_at_d17910d3
archive/cpp-engine/src/include/holonics/organ/blind_integer_exact.hpp	142	frozen_archive	0	unresolved	unresolved_law_and_citation_audit	git_revision_or_live_owner	static_inbound_link_scan_at_d17910d3
archive/cpp-engine/src/include/holonics/organ/blind_moment_law.hpp	240	frozen_archive	0	unresolved	unresolved_law_and_citation_audit	git_revision_or_live_owner	static_inbound_link_scan_at_d17910d3
archive/cpp-engine/src/include/holonics/organ/blind_polynomial_exact.hpp	152	frozen_archive	0	unresolved	unresolved_law_and_citation_audit	git_revision_or_live_owner	static_inbound_link_scan_at_d17910d3
archive/cpp-engine/src/include/holonics/organ/blind_reconstruction_law.hpp	92	frozen_archive	0	unresolved	unresolved_law_and_citation_audit	git_revision_or_live_owner	static_inbound_link_scan_at_d17910d3
archive/cpp-engine/src/include/holonics/organ/blind_reconstruction_receipt.hpp	103	frozen_archive	0	unresolved	unresolved_law_and_citation_audit	git_revision_or_live_owner	static_inbound_link_scan_at_d17910d3
archive/cpp-engine/src/include/holonics/organ/blind_reconstruction_schema.hpp	120	frozen_archive	0	unresolved	unresolved_law_and_citation_audit	git_revision_or_live_owner	static_inbound_link_scan_at_d17910d3
archive/cpp-engine/src/include/holonics/organ/causal_linear_characteristic.hpp	141	frozen_archive	0	unresolved	unresolved_law_and_citation_audit	git_revision_or_live_owner	static_inbound_link_scan_at_d17910d3
archive/cpp-engine/src/include/holonics/organ/causal_linear_cm_law.hpp	59	frozen_archive	0	unresolved	unresolved_law_and_citation_audit	git_revision_or_live_owner	static_inbound_link_scan_at_d17910d3
archive/cpp-engine/src/include/holonics/organ/causal_linear_control_law.hpp	130	frozen_archive	0	unresolved	unresolved_law_and_citation_audit	git_revision_or_live_owner	static_inbound_link_scan_at_d17910d3
archive/cpp-engine/src/include/holonics/organ/causal_linear_law.hpp	76	frozen_archive	0	unresolved	unresolved_law_and_citation_audit	git_revision_or_live_owner	static_inbound_link_scan_at_d17910d3
archive/cpp-engine/src/include/holonics/organ/causal_linear_matrix.hpp	174	frozen_archive	0	unresolved	unresolved_law_and_citation_audit	git_revision_or_live_owner	static_inbound_link_scan_at_d17910d3
archive/cpp-engine/src/include/holonics/organ/causal_linear_phase_law.hpp	74	frozen_archive	0	unresolved	unresolved_law_and_citation_audit	git_revision_or_live_owner	static_inbound_link_scan_at_d17910d3
archive/cpp-engine/src/include/holonics/organ/causal_linear_rational.hpp	85	frozen_archive	0	unresolved	unresolved_law_and_citation_audit	git_revision_or_live_owner	static_inbound_link_scan_at_d17910d3
archive/cpp-engine/src/include/holonics/organ/causal_linear_receipt.hpp	157	frozen_archive	0	unresolved	unresolved_law_and_citation_audit	git_revision_or_live_owner	static_inbound_link_scan_at_d17910d3
archive/cpp-engine/src/include/holonics/organ/causal_linear_schema.hpp	88	frozen_archive	0	unresolved	unresolved_law_and_citation_audit	git_revision_or_live_owner	static_inbound_link_scan_at_d17910d3
archive/cpp-engine/src/include/holonics/organ/causal_linear_toric_law.hpp	61	frozen_archive	0	unresolved	unresolved_law_and_citation_audit	git_revision_or_live_owner	static_inbound_link_scan_at_d17910d3
archive/cpp-engine/src/include/holonics/organ/causal_linear_variation_law.hpp	82	frozen_archive	0	unresolved	unresolved_law_and_citation_audit	git_revision_or_live_owner	static_inbound_link_scan_at_d17910d3
archive/cpp-engine/src/include/holonics/organ/characteristic_census_law.hpp	196	frozen_archive	0	unresolved	unresolved_law_and_citation_audit	git_revision_or_live_owner	static_inbound_link_scan_at_d17910d3
archive/cpp-engine/src/include/holonics/organ/characteristic_control_law.hpp	96	frozen_archive	0	unresolved	unresolved_law_and_citation_audit	git_revision_or_live_owner	static_inbound_link_scan_at_d17910d3
archive/cpp-engine/src/include/holonics/organ/characteristic_exact.hpp	79	frozen_archive	0	unresolved	unresolved_law_and_citation_audit	git_revision_or_live_owner	static_inbound_link_scan_at_d17910d3
archive/cpp-engine/src/include/holonics/organ/characteristic_hypergeometry_receipt.hpp	129	frozen_archive	0	unresolved	unresolved_law_and_citation_audit	git_revision_or_live_owner	static_inbound_link_scan_at_d17910d3
archive/cpp-engine/src/include/holonics/organ/characteristic_hypergeometry_schema.hpp	59	frozen_archive	0	unresolved	unresolved_law_and_citation_audit	git_revision_or_live_owner	static_inbound_link_scan_at_d17910d3
archive/cpp-engine/src/include/holonics/organ/characteristic_law.hpp	50	frozen_archive	0	unresolved	unresolved_law_and_citation_audit	git_revision_or_live_owner	static_inbound_link_scan_at_d17910d3
archive/cpp-engine/src/include/holonics/organ/characteristic_matrix_law.hpp	143	frozen_archive	0	unresolved	unresolved_law_and_citation_audit	git_revision_or_live_owner	static_inbound_link_scan_at_d17910d3
archive/cpp-engine/src/include/holonics/organ/characteristic_probe_law.hpp	45	frozen_archive	0	unresolved	unresolved_law_and_citation_audit	git_revision_or_live_owner	static_inbound_link_scan_at_d17910d3
archive/cpp-engine/src/include/holonics/organ/characteristic_receipt.hpp	104	frozen_archive	0	unresolved	unresolved_law_and_citation_audit	git_revision_or_live_owner	static_inbound_link_scan_at_d17910d3
archive/cpp-engine/src/include/holonics/organ/characteristic_schema.hpp	76	frozen_archive	0	unresolved	unresolved_law_and_citation_audit	git_revision_or_live_owner	static_inbound_link_scan_at_d17910d3
archive/cpp-engine/src/include/holonics/organ/characteristic_shape_law.hpp	102	frozen_archive	0	unresolved	unresolved_law_and_citation_audit	git_revision_or_live_owner	static_inbound_link_scan_at_d17910d3
archive/cpp-engine/src/include/holonics/organ/chart_conduct_law.hpp	70	frozen_archive	0	unresolved	unresolved_law_and_citation_audit	git_revision_or_live_owner	static_inbound_link_scan_at_d17910d3
archive/cpp-engine/src/include/holonics/organ/cm_arithmetic_exact.hpp	117	frozen_archive	0	unresolved	unresolved_law_and_citation_audit	git_revision_or_live_owner	static_inbound_link_scan_at_d17910d3
archive/cpp-engine/src/include/holonics/organ/cm_characteristic_law.hpp	159	frozen_archive	0	unresolved	unresolved_law_and_citation_audit	git_revision_or_live_owner	static_inbound_link_scan_at_d17910d3
archive/cpp-engine/src/include/holonics/organ/cm_incidence_law.hpp	147	frozen_archive	0	unresolved	unresolved_law_and_citation_audit	git_revision_or_live_owner	static_inbound_link_scan_at_d17910d3
archive/cpp-engine/src/include/holonics/organ/cm_incidence_receipt.hpp	106	frozen_archive	0	unresolved	unresolved_law_and_citation_audit	git_revision_or_live_owner	static_inbound_link_scan_at_d17910d3
archive/cpp-engine/src/include/holonics/organ/cm_incidence_schema.hpp	94	frozen_archive	0	unresolved	unresolved_law_and_citation_audit	git_revision_or_live_owner	static_inbound_link_scan_at_d17910d3
archive/cpp-engine/src/include/holonics/organ/cm_theory_law.hpp	68	frozen_archive	0	unresolved	unresolved_law_and_citation_audit	git_revision_or_live_owner	static_inbound_link_scan_at_d17910d3
archive/cpp-engine/src/include/holonics/organ/cm_window_law.hpp	161	frozen_archive	0	unresolved	unresolved_law_and_citation_audit	git_revision_or_live_owner	static_inbound_link_scan_at_d17910d3
archive/cpp-engine/src/include/holonics/organ/composition_receiver_law.hpp	87	frozen_archive	0	unresolved	unresolved_law_and_citation_audit	git_revision_or_live_owner	static_inbound_link_scan_at_d17910d3
archive/cpp-engine/src/include/holonics/organ/constraint_cycle_reading.hpp	181	frozen_archive	0	unresolved	unresolved_law_and_citation_audit	git_revision_or_live_owner	static_inbound_link_scan_at_d17910d3
archive/cpp-engine/src/include/holonics/organ/constraint_obstruction_law.hpp	209	frozen_archive	0	unresolved	unresolved_law_and_citation_audit	git_revision_or_live_owner	static_inbound_link_scan_at_d17910d3
archive/cpp-engine/src/include/holonics/organ/cultivated_organ_application_law.hpp	166	frozen_archive	0	unresolved	unresolved_law_and_citation_audit	git_revision_or_live_owner	static_inbound_link_scan_at_d17910d3
archive/cpp-engine/src/include/holonics/organ/cultivated_organ_receipt.hpp	112	frozen_archive	0	unresolved	unresolved_law_and_citation_audit	git_revision_or_live_owner	static_inbound_link_scan_at_d17910d3
archive/cpp-engine/src/include/holonics/organ/cultivated_organ_schema.hpp	82	frozen_archive	0	unresolved	unresolved_law_and_citation_audit	git_revision_or_live_owner	static_inbound_link_scan_at_d17910d3
archive/cpp-engine/src/include/holonics/organ/cultivation_realization_law.hpp	38	frozen_archive	0	unresolved	unresolved_law_and_citation_audit	git_revision_or_live_owner	static_inbound_link_scan_at_d17910d3
archive/cpp-engine/src/include/holonics/organ/elementary_calculus_receipt.hpp	178	frozen_archive	0	unresolved	unresolved_law_and_citation_audit	git_revision_or_live_owner	static_inbound_link_scan_at_d17910d3
archive/cpp-engine/src/include/holonics/organ/elementary_calculus_schema.hpp	89	frozen_archive	0	unresolved	unresolved_law_and_citation_audit	git_revision_or_live_owner	static_inbound_link_scan_at_d17910d3
archive/cpp-engine/src/include/holonics/organ/elementary_matrix_law.hpp	52	frozen_archive	0	unresolved	unresolved_law_and_citation_audit	git_revision_or_live_owner	static_inbound_link_scan_at_d17910d3
archive/cpp-engine/src/include/holonics/organ/expression_connection_law.hpp	200	frozen_archive	0	unresolved	unresolved_law_and_citation_audit	git_revision_or_live_owner	static_inbound_link_scan_at_d17910d3
archive/cpp-engine/src/include/holonics/organ/expression_cyclic_law.hpp	162	frozen_archive	0	unresolved	unresolved_law_and_citation_audit	git_revision_or_live_owner	static_inbound_link_scan_at_d17910d3
archive/cpp-engine/src/include/holonics/organ/expression_exact_law.hpp	219	frozen_archive	0	unresolved	unresolved_law_and_citation_audit	git_revision_or_live_owner	static_inbound_link_scan_at_d17910d3
archive/cpp-engine/src/include/holonics/organ/expression_geometry_law.hpp	133	frozen_archive	0	unresolved	unresolved_law_and_citation_audit	git_revision_or_live_owner	static_inbound_link_scan_at_d17910d3
archive/cpp-engine/src/include/holonics/organ/expression_geometry_receipt.hpp	214	frozen_archive	0	unresolved	unresolved_law_and_citation_audit	git_revision_or_live_owner	static_inbound_link_scan_at_d17910d3
archive/cpp-engine/src/include/holonics/organ/expression_geometry_schema.hpp	120	frozen_archive	0	unresolved	unresolved_law_and_citation_audit	git_revision_or_live_owner	static_inbound_link_scan_at_d17910d3
archive/cpp-engine/src/include/holonics/organ/expression_ideal_law.hpp	222	frozen_archive	0	unresolved	unresolved_law_and_citation_audit	git_revision_or_live_owner	static_inbound_link_scan_at_d17910d3
archive/cpp-engine/src/include/holonics/organ/expression_residue_law.hpp	167	frozen_archive	0	unresolved	unresolved_law_and_citation_audit	git_revision_or_live_owner	static_inbound_link_scan_at_d17910d3
archive/cpp-engine/src/include/holonics/organ/expression_series_law.hpp	179	frozen_archive	0	unresolved	unresolved_law_and_citation_audit	git_revision_or_live_owner	static_inbound_link_scan_at_d17910d3
archive/cpp-engine/src/include/holonics/organ/expression_sparse_law.hpp	157	frozen_archive	0	unresolved	unresolved_law_and_citation_audit	git_revision_or_live_owner	static_inbound_link_scan_at_d17910d3
archive/cpp-engine/src/include/holonics/organ/geometry_inquiry_exact.hpp	34	frozen_archive	0	unresolved	unresolved_law_and_citation_audit	git_revision_or_live_owner	static_inbound_link_scan_at_d17910d3
archive/cpp-engine/src/include/holonics/organ/geometry_inquiry_receipt.hpp	51	frozen_archive	0	unresolved	unresolved_law_and_citation_audit	git_revision_or_live_owner	static_inbound_link_scan_at_d17910d3
archive/cpp-engine/src/include/holonics/organ/geometry_inquiry_schema.hpp	88	frozen_archive	0	unresolved	unresolved_law_and_citation_audit	git_revision_or_live_owner	static_inbound_link_scan_at_d17910d3
archive/cpp-engine/src/include/holonics/organ/geometry_probe_law.hpp	117	frozen_archive	0	unresolved	unresolved_law_and_citation_audit	git_revision_or_live_owner	static_inbound_link_scan_at_d17910d3
archive/cpp-engine/src/include/holonics/organ/heldout_characteristic_law.hpp	51	frozen_archive	0	unresolved	unresolved_law_and_citation_audit	git_revision_or_live_owner	static_inbound_link_scan_at_d17910d3
archive/cpp-engine/src/include/holonics/organ/heldout_trace_fiber_law.hpp	144	frozen_archive	0	unresolved	unresolved_law_and_citation_audit	git_revision_or_live_owner	static_inbound_link_scan_at_d17910d3
archive/cpp-engine/src/include/holonics/organ/heldout_trace_rebase_law.hpp	173	frozen_archive	0	unresolved	unresolved_law_and_citation_audit	git_revision_or_live_owner	static_inbound_link_scan_at_d17910d3
archive/cpp-engine/src/include/holonics/organ/hodge_blowup_law.hpp	97	frozen_archive	0	unresolved	unresolved_law_and_citation_audit	git_revision_or_live_owner	static_inbound_link_scan_at_d17910d3
archive/cpp-engine/src/include/holonics/organ/hodge_correspondence_law.hpp	165	frozen_archive	0	unresolved	unresolved_law_and_citation_audit	git_revision_or_live_owner	static_inbound_link_scan_at_d17910d3
archive/cpp-engine/src/include/holonics/organ/hodge_cycle_law.hpp	42	frozen_archive	0	unresolved	unresolved_law_and_citation_audit	git_revision_or_live_owner	static_inbound_link_scan_at_d17910d3
archive/cpp-engine/src/include/holonics/organ/hodge_cycle_locus_law.hpp	121	frozen_archive	0	unresolved	unresolved_law_and_citation_audit	git_revision_or_live_owner	static_inbound_link_scan_at_d17910d3
archive/cpp-engine/src/include/holonics/organ/hodge_factor_law.hpp	88	frozen_archive	0	unresolved	unresolved_law_and_citation_audit	git_revision_or_live_owner	static_inbound_link_scan_at_d17910d3
archive/cpp-engine/src/include/holonics/organ/hodge_product_law.hpp	119	frozen_archive	0	unresolved	unresolved_law_and_citation_audit	git_revision_or_live_owner	static_inbound_link_scan_at_d17910d3
archive/cpp-engine/src/include/holonics/organ/hodge_realization_law.hpp	51	frozen_archive	0	unresolved	unresolved_law_and_citation_audit	git_revision_or_live_owner	static_inbound_link_scan_at_d17910d3
archive/cpp-engine/src/include/holonics/organ/hodge_realization_receipt.hpp	184	frozen_archive	0	unresolved	unresolved_law_and_citation_audit	git_revision_or_live_owner	static_inbound_link_scan_at_d17910d3
archive/cpp-engine/src/include/holonics/organ/hodge_realization_schema.hpp	114	frozen_archive	0	unresolved	unresolved_law_and_citation_audit	git_revision_or_live_owner	static_inbound_link_scan_at_d17910d3
archive/cpp-engine/src/include/holonics/organ/incidence_arena.hpp	190	frozen_archive	0	unresolved	unresolved_law_and_citation_audit	git_revision_or_live_owner	static_inbound_link_scan_at_d17910d3
archive/cpp-engine/src/include/holonics/organ/intrinsic_composition_receipt.hpp	76	frozen_archive	0	unresolved	unresolved_law_and_citation_audit	git_revision_or_live_owner	static_inbound_link_scan_at_d17910d3
archive/cpp-engine/src/include/holonics/organ/intrinsic_control_law.hpp	70	frozen_archive	0	unresolved	unresolved_law_and_citation_audit	git_revision_or_live_owner	static_inbound_link_scan_at_d17910d3
archive/cpp-engine/src/include/holonics/organ/intrinsic_hypergeometry_law.hpp	100	frozen_archive	0	unresolved	unresolved_law_and_citation_audit	git_revision_or_live_owner	static_inbound_link_scan_at_d17910d3
archive/cpp-engine/src/include/holonics/organ/intrinsic_hypergeometry_receipt.hpp	27	frozen_archive	0	unresolved	unresolved_law_and_citation_audit	git_revision_or_live_owner	static_inbound_link_scan_at_d17910d3
archive/cpp-engine/src/include/holonics/organ/intrinsic_hypergeometry_schema.hpp	100	frozen_archive	0	unresolved	unresolved_law_and_citation_audit	git_revision_or_live_owner	static_inbound_link_scan_at_d17910d3
archive/cpp-engine/src/include/holonics/organ/intrinsic_phase_distribution_law.hpp	131	frozen_archive	0	unresolved	unresolved_law_and_citation_audit	git_revision_or_live_owner	static_inbound_link_scan_at_d17910d3
archive/cpp-engine/src/include/holonics/organ/intrinsic_phase_incidence_law.hpp	131	frozen_archive	0	unresolved	unresolved_law_and_citation_audit	git_revision_or_live_owner	static_inbound_link_scan_at_d17910d3
archive/cpp-engine/src/include/holonics/organ/intrinsic_phase_receipt.hpp	93	frozen_archive	0	unresolved	unresolved_law_and_citation_audit	git_revision_or_live_owner	static_inbound_link_scan_at_d17910d3
archive/cpp-engine/src/include/holonics/organ/intrinsic_section_law.hpp	138	frozen_archive	0	unresolved	unresolved_law_and_citation_audit	git_revision_or_live_owner	static_inbound_link_scan_at_d17910d3
archive/cpp-engine/src/include/holonics/organ/intrinsic_supported_cycle_law.hpp	109	frozen_archive	0	unresolved	unresolved_law_and_citation_audit	git_revision_or_live_owner	static_inbound_link_scan_at_d17910d3
archive/cpp-engine/src/include/holonics/organ/intrinsic_transport_law.hpp	109	frozen_archive	0	unresolved	unresolved_law_and_citation_audit	git_revision_or_live_owner	static_inbound_link_scan_at_d17910d3
archive/cpp-engine/src/include/holonics/organ/mathematical_law.hpp	155	frozen_archive	0	unresolved	unresolved_law_and_citation_audit	git_revision_or_live_owner	static_inbound_link_scan_at_d17910d3
archive/cpp-engine/src/include/holonics/organ/mathematical_receipt.hpp	38	frozen_archive	0	unresolved	unresolved_law_and_citation_audit	git_revision_or_live_owner	static_inbound_link_scan_at_d17910d3
archive/cpp-engine/src/include/holonics/organ/mathematical_schema.hpp	94	frozen_archive	0	unresolved	unresolved_law_and_citation_audit	git_revision_or_live_owner	static_inbound_link_scan_at_d17910d3
archive/cpp-engine/src/include/holonics/organ/morphological_surface.hpp	144	frozen_archive	0	unresolved	unresolved_law_and_citation_audit	git_revision_or_live_owner	static_inbound_link_scan_at_d17910d3
archive/cpp-engine/src/include/holonics/organ/occurrence_incidence_law.hpp	77	frozen_archive	0	unresolved	unresolved_law_and_citation_audit	git_revision_or_live_owner	static_inbound_link_scan_at_d17910d3
archive/cpp-engine/src/include/holonics/organ/phase_crystal_cases.hpp	37	frozen_archive	0	unresolved	unresolved_law_and_citation_audit	git_revision_or_live_owner	static_inbound_link_scan_at_d17910d3
archive/cpp-engine/src/include/holonics/organ/phase_crystal_exact.hpp	187	frozen_archive	0	unresolved	unresolved_law_and_citation_audit	git_revision_or_live_owner	static_inbound_link_scan_at_d17910d3
archive/cpp-engine/src/include/holonics/organ/phase_crystal_geometry.hpp	154	frozen_archive	0	unresolved	unresolved_law_and_citation_audit	git_revision_or_live_owner	static_inbound_link_scan_at_d17910d3
archive/cpp-engine/src/include/holonics/organ/phase_crystal_hull_law.hpp	115	frozen_archive	0	unresolved	unresolved_law_and_citation_audit	git_revision_or_live_owner	static_inbound_link_scan_at_d17910d3
archive/cpp-engine/src/include/holonics/organ/phase_crystal_law.hpp	99	frozen_archive	0	unresolved	unresolved_law_and_citation_audit	git_revision_or_live_owner	static_inbound_link_scan_at_d17910d3
archive/cpp-engine/src/include/holonics/organ/phase_crystal_probe_law.hpp	84	frozen_archive	0	unresolved	unresolved_law_and_citation_audit	git_revision_or_live_owner	static_inbound_link_scan_at_d17910d3
archive/cpp-engine/src/include/holonics/organ/phase_crystal_receipt.hpp	75	frozen_archive	0	unresolved	unresolved_law_and_citation_audit	git_revision_or_live_owner	static_inbound_link_scan_at_d17910d3
archive/cpp-engine/src/include/holonics/organ/phase_crystal_schema.hpp	94	frozen_archive	0	unresolved	unresolved_law_and_citation_audit	git_revision_or_live_owner	static_inbound_link_scan_at_d17910d3
archive/cpp-engine/src/include/holonics/organ/phase_crystal_series_law.hpp	41	frozen_archive	0	unresolved	unresolved_law_and_citation_audit	git_revision_or_live_owner	static_inbound_link_scan_at_d17910d3
archive/cpp-engine/src/include/holonics/organ/phase_crystal_shape_law.hpp	135	frozen_archive	0	unresolved	unresolved_law_and_citation_audit	git_revision_or_live_owner	static_inbound_link_scan_at_d17910d3
archive/cpp-engine/src/include/holonics/organ/receiver_fiber.hpp	147	frozen_archive	0	unresolved	unresolved_law_and_citation_audit	git_revision_or_live_owner	static_inbound_link_scan_at_d17910d3
archive/cpp-engine/src/include/holonics/organ/rederivation_cover_law.hpp	99	frozen_archive	0	unresolved	unresolved_law_and_citation_audit	git_revision_or_live_owner	static_inbound_link_scan_at_d17910d3
archive/cpp-engine/src/include/holonics/organ/rederivation_geometry_alternative_law.hpp	33	frozen_archive	0	unresolved	unresolved_law_and_citation_audit	git_revision_or_live_owner	static_inbound_link_scan_at_d17910d3
archive/cpp-engine/src/include/holonics/organ/rederivation_geometry_law.hpp	157	frozen_archive	0	unresolved	unresolved_law_and_citation_audit	git_revision_or_live_owner	static_inbound_link_scan_at_d17910d3
archive/cpp-engine/src/include/holonics/organ/rederivation_matching_alternative_law.hpp	33	frozen_archive	0	unresolved	unresolved_law_and_citation_audit	git_revision_or_live_owner	static_inbound_link_scan_at_d17910d3
archive/cpp-engine/src/include/holonics/organ/rederivation_matching_injection_law.hpp	97	frozen_archive	0	unresolved	unresolved_law_and_citation_audit	git_revision_or_live_owner	static_inbound_link_scan_at_d17910d3
archive/cpp-engine/src/include/holonics/organ/rederivation_matching_law.hpp	179	frozen_archive	0	unresolved	unresolved_law_and_citation_audit	git_revision_or_live_owner	static_inbound_link_scan_at_d17910d3
archive/cpp-engine/src/include/holonics/organ/rederivation_potential_law.hpp	125	frozen_archive	0	unresolved	unresolved_law_and_citation_audit	git_revision_or_live_owner	static_inbound_link_scan_at_d17910d3
archive/cpp-engine/src/include/holonics/organ/rederivation_realization_law.hpp	49	frozen_archive	0	unresolved	unresolved_law_and_citation_audit	git_revision_or_live_owner	static_inbound_link_scan_at_d17910d3
archive/cpp-engine/src/include/holonics/organ/rederivation_receipt.hpp	217	frozen_archive	0	unresolved	unresolved_law_and_citation_audit	git_revision_or_live_owner	static_inbound_link_scan_at_d17910d3
archive/cpp-engine/src/include/holonics/organ/rederivation_schema.hpp	90	frozen_archive	0	unresolved	unresolved_law_and_citation_audit	git_revision_or_live_owner	static_inbound_link_scan_at_d17910d3
archive/cpp-engine/src/include/holonics/organ/regular_singular_connection_law.hpp	77	frozen_archive	0	unresolved	unresolved_law_and_citation_audit	git_revision_or_live_owner	static_inbound_link_scan_at_d17910d3
archive/cpp-engine/src/include/holonics/organ/regular_singular_exact.hpp	109	frozen_archive	0	unresolved	unresolved_law_and_citation_audit	git_revision_or_live_owner	static_inbound_link_scan_at_d17910d3
archive/cpp-engine/src/include/holonics/organ/regular_singular_law.hpp	55	frozen_archive	0	unresolved	unresolved_law_and_citation_audit	git_revision_or_live_owner	static_inbound_link_scan_at_d17910d3
archive/cpp-engine/src/include/holonics/organ/regular_singular_probe_law.hpp	115	frozen_archive	0	unresolved	unresolved_law_and_citation_audit	git_revision_or_live_owner	static_inbound_link_scan_at_d17910d3
archive/cpp-engine/src/include/holonics/organ/regular_singular_receipt.hpp	97	frozen_archive	0	unresolved	unresolved_law_and_citation_audit	git_revision_or_live_owner	static_inbound_link_scan_at_d17910d3
archive/cpp-engine/src/include/holonics/organ/regular_singular_schema.hpp	93	frozen_archive	0	unresolved	unresolved_law_and_citation_audit	git_revision_or_live_owner	static_inbound_link_scan_at_d17910d3
archive/cpp-engine/src/include/holonics/organ/resonance_germ.hpp	161	frozen_archive	0	unresolved	unresolved_law_and_citation_audit	git_revision_or_live_owner	static_inbound_link_scan_at_d17910d3
archive/cpp-engine/src/include/holonics/organ/self_holonomy_organ_law.hpp	93	frozen_archive	0	unresolved	unresolved_law_and_citation_audit	git_revision_or_live_owner	static_inbound_link_scan_at_d17910d3
archive/cpp-engine/src/include/holonics/organ/shift_organ_cultivation_law.hpp	158	frozen_archive	0	unresolved	unresolved_law_and_citation_audit	git_revision_or_live_owner	static_inbound_link_scan_at_d17910d3
archive/cpp-engine/src/include/holonics/organ/source_incidence.hpp	115	frozen_archive	0	unresolved	unresolved_law_and_citation_audit	git_revision_or_live_owner	static_inbound_link_scan_at_d17910d3
archive/cpp-engine/src/include/holonics/organ/suffix_arena.hpp	200	frozen_archive	0	unresolved	unresolved_law_and_citation_audit	git_revision_or_live_owner	static_inbound_link_scan_at_d17910d3
archive/cpp-engine/src/include/holonics/organ/suffix_automaton.hpp	87	frozen_archive	0	unresolved	unresolved_law_and_citation_audit	git_revision_or_live_owner	static_inbound_link_scan_at_d17910d3
archive/cpp-engine/src/include/holonics/organ/suffix_extend.hpp	144	frozen_archive	0	unresolved	unresolved_law_and_citation_audit	git_revision_or_live_owner	static_inbound_link_scan_at_d17910d3
archive/cpp-engine/src/include/holonics/organ/suffix_symbol.hpp	44	frozen_archive	0	unresolved	unresolved_law_and_citation_audit	git_revision_or_live_owner	static_inbound_link_scan_at_d17910d3
archive/cpp-engine/src/include/holonics/organ/theorem_production_receipt.hpp	58	frozen_archive	0	unresolved	unresolved_law_and_citation_audit	git_revision_or_live_owner	static_inbound_link_scan_at_d17910d3
archive/cpp-engine/src/include/holonics/organ/theorem_production_schema.hpp	96	frozen_archive	0	unresolved	unresolved_law_and_citation_audit	git_revision_or_live_owner	static_inbound_link_scan_at_d17910d3
archive/cpp-engine/src/include/holonics/organ/toric_blowup_law.hpp	99	frozen_archive	0	unresolved	unresolved_law_and_citation_audit	git_revision_or_live_owner	static_inbound_link_scan_at_d17910d3
archive/cpp-engine/src/include/holonics/organ/toric_cycle_law.hpp	117	frozen_archive	0	unresolved	unresolved_law_and_citation_audit	git_revision_or_live_owner	static_inbound_link_scan_at_d17910d3
archive/cpp-engine/src/include/holonics/organ/toric_cycle_receipt.hpp	174	frozen_archive	0	unresolved	unresolved_law_and_citation_audit	git_revision_or_live_owner	static_inbound_link_scan_at_d17910d3
archive/cpp-engine/src/include/holonics/organ/toric_cycle_schema.hpp	97	frozen_archive	0	unresolved	unresolved_law_and_citation_audit	git_revision_or_live_owner	static_inbound_link_scan_at_d17910d3
archive/cpp-engine/src/include/holonics/organ/toric_exact_law.hpp	40	frozen_archive	0	unresolved	unresolved_law_and_citation_audit	git_revision_or_live_owner	static_inbound_link_scan_at_d17910d3
archive/cpp-engine/src/include/holonics/organ/toric_fan_law.hpp	96	frozen_archive	0	unresolved	unresolved_law_and_citation_audit	git_revision_or_live_owner	static_inbound_link_scan_at_d17910d3
archive/cpp-engine/src/include/holonics/organ/toric_intersection_law.hpp	156	frozen_archive	0	unresolved	unresolved_law_and_citation_audit	git_revision_or_live_owner	static_inbound_link_scan_at_d17910d3
archive/cpp-engine/src/include/holonics/organ/toric_realization_law.hpp	162	frozen_archive	0	unresolved	unresolved_law_and_citation_audit	git_revision_or_live_owner	static_inbound_link_scan_at_d17910d3
archive/cpp-engine/src/include/holonics/organ/trace_fiber_census_law.hpp	165	frozen_archive	0	unresolved	unresolved_law_and_citation_audit	git_revision_or_live_owner	static_inbound_link_scan_at_d17910d3
archive/cpp-engine/src/include/holonics/organ/trace_fiber_close_law.hpp	73	frozen_archive	0	unresolved	unresolved_law_and_citation_audit	git_revision_or_live_owner	static_inbound_link_scan_at_d17910d3
archive/cpp-engine/src/include/holonics/organ/trace_fiber_discovery_law.hpp	111	frozen_archive	0	unresolved	unresolved_law_and_citation_audit	git_revision_or_live_owner	static_inbound_link_scan_at_d17910d3
archive/cpp-engine/src/include/holonics/organ/trace_fiber_feature_law.hpp	125	frozen_archive	0	unresolved	unresolved_law_and_citation_audit	git_revision_or_live_owner	static_inbound_link_scan_at_d17910d3
archive/cpp-engine/src/include/holonics/organ/trace_fiber_matrix_law.hpp	80	frozen_archive	0	unresolved	unresolved_law_and_citation_audit	git_revision_or_live_owner	static_inbound_link_scan_at_d17910d3
archive/cpp-engine/src/include/holonics/organ/trace_fiber_receipt.hpp	109	frozen_archive	0	unresolved	unresolved_law_and_citation_audit	git_revision_or_live_owner	static_inbound_link_scan_at_d17910d3
archive/cpp-engine/src/include/holonics/organ/trace_fiber_schema.hpp	43	frozen_archive	0	unresolved	unresolved_law_and_citation_audit	git_revision_or_live_owner	static_inbound_link_scan_at_d17910d3
archive/cpp-engine/src/include/holonics/organ/trace_fiber_witness_law.hpp	73	frozen_archive	0	unresolved	unresolved_law_and_citation_audit	git_revision_or_live_owner	static_inbound_link_scan_at_d17910d3
archive/cpp-engine/src/include/holonics/organ/trace_law_discovery.hpp	169	frozen_archive	0	unresolved	unresolved_law_and_citation_audit	git_revision_or_live_owner	static_inbound_link_scan_at_d17910d3
archive/cpp-engine/src/include/holonics/organ/trace_rebase_close_law.hpp	240	frozen_archive	0	unresolved	unresolved_law_and_citation_audit	git_revision_or_live_owner	static_inbound_link_scan_at_d17910d3
archive/cpp-engine/src/include/holonics/organ/trace_rebase_control_law.hpp	146	frozen_archive	0	unresolved	unresolved_law_and_citation_audit	git_revision_or_live_owner	static_inbound_link_scan_at_d17910d3
archive/cpp-engine/src/include/holonics/organ/trace_rebase_differential_law.hpp	204	frozen_archive	0	unresolved	unresolved_law_and_citation_audit	git_revision_or_live_owner	static_inbound_link_scan_at_d17910d3
archive/cpp-engine/src/include/holonics/organ/trace_rebase_discovery_law.hpp	136	frozen_archive	0	unresolved	unresolved_law_and_citation_audit	git_revision_or_live_owner	static_inbound_link_scan_at_d17910d3
archive/cpp-engine/src/include/holonics/organ/trace_rebase_feature_law.hpp	188	frozen_archive	0	unresolved	unresolved_law_and_citation_audit	git_revision_or_live_owner	static_inbound_link_scan_at_d17910d3
archive/cpp-engine/src/include/holonics/organ/trace_rebase_joint_discovery_law.hpp	116	frozen_archive	0	unresolved	unresolved_law_and_citation_audit	git_revision_or_live_owner	static_inbound_link_scan_at_d17910d3
archive/cpp-engine/src/include/holonics/organ/trace_rebase_matrix_law.hpp	138	frozen_archive	0	unresolved	unresolved_law_and_citation_audit	git_revision_or_live_owner	static_inbound_link_scan_at_d17910d3
archive/cpp-engine/src/include/holonics/organ/trace_rebase_receipt.hpp	165	frozen_archive	0	unresolved	unresolved_law_and_citation_audit	git_revision_or_live_owner	static_inbound_link_scan_at_d17910d3
archive/cpp-engine/src/include/holonics/organ/trace_rebase_schema.hpp	70	frozen_archive	0	unresolved	unresolved_law_and_citation_audit	git_revision_or_live_owner	static_inbound_link_scan_at_d17910d3
archive/cpp-engine/src/include/holonics/organ/training_ecology.hpp	228	frozen_archive	0	unresolved	unresolved_law_and_citation_audit	git_revision_or_live_owner	static_inbound_link_scan_at_d17910d3
archive/cpp-engine/src/include/holonics/organ/variation_connection_law.hpp	169	frozen_archive	0	unresolved	unresolved_law_and_citation_audit	git_revision_or_live_owner	static_inbound_link_scan_at_d17910d3
archive/cpp-engine/src/include/holonics/organ/variation_invariant_law.hpp	159	frozen_archive	0	unresolved	unresolved_law_and_citation_audit	git_revision_or_live_owner	static_inbound_link_scan_at_d17910d3
archive/cpp-engine/src/include/holonics/organ/variation_loop_law.hpp	102	frozen_archive	0	unresolved	unresolved_law_and_citation_audit	git_revision_or_live_owner	static_inbound_link_scan_at_d17910d3
archive/cpp-engine/src/include/holonics/organ/variation_operator_law.hpp	165	frozen_archive	0	unresolved	unresolved_law_and_citation_audit	git_revision_or_live_owner	static_inbound_link_scan_at_d17910d3
archive/cpp-engine/src/include/holonics/organ/variation_polynomial_law.hpp	225	frozen_archive	0	unresolved	unresolved_law_and_citation_audit	git_revision_or_live_owner	static_inbound_link_scan_at_d17910d3
archive/cpp-engine/src/include/holonics/organ/variation_reduction_law.hpp	119	frozen_archive	0	unresolved	unresolved_law_and_citation_audit	git_revision_or_live_owner	static_inbound_link_scan_at_d17910d3
archive/cpp-engine/src/include/holonics/receiver/chart_contract.hpp	13	frozen_archive	0	unresolved	unresolved_law_and_citation_audit	git_revision_or_live_owner	static_inbound_link_scan_at_d17910d3
archive/cpp-engine/src/include/holonics/receiver/condensation_law.hpp	91	frozen_archive	0	unresolved	unresolved_law_and_citation_audit	git_revision_or_live_owner	static_inbound_link_scan_at_d17910d3
archive/cpp-engine/src/include/holonics/receiver/condensation_receipt.hpp	95	frozen_archive	0	unresolved	unresolved_law_and_citation_audit	git_revision_or_live_owner	static_inbound_link_scan_at_d17910d3
archive/cpp-engine/src/include/holonics/receiver/condensation_response_law.hpp	123	frozen_archive	0	unresolved	unresolved_law_and_citation_audit	git_revision_or_live_owner	static_inbound_link_scan_at_d17910d3
archive/cpp-engine/src/include/holonics/receiver/condensation_schema.hpp	56	frozen_archive	0	unresolved	unresolved_law_and_citation_audit	git_revision_or_live_owner	static_inbound_link_scan_at_d17910d3
archive/cpp-engine/src/include/holonics/receiver/conditioning_probe.hpp	33	frozen_archive	0	unresolved	unresolved_law_and_citation_audit	git_revision_or_live_owner	static_inbound_link_scan_at_d17910d3
archive/cpp-engine/src/include/holonics/receiver/connection_law.hpp	45	frozen_archive	0	unresolved	unresolved_law_and_citation_audit	git_revision_or_live_owner	static_inbound_link_scan_at_d17910d3
archive/cpp-engine/src/include/holonics/receiver/extended_carrier_law.hpp	63	frozen_archive	0	unresolved	unresolved_law_and_citation_audit	git_revision_or_live_owner	static_inbound_link_scan_at_d17910d3
archive/cpp-engine/src/include/holonics/receiver/geometry_exact.hpp	33	frozen_archive	0	unresolved	unresolved_law_and_citation_audit	git_revision_or_live_owner	static_inbound_link_scan_at_d17910d3
archive/cpp-engine/src/include/holonics/receiver/geometry_law.hpp	51	frozen_archive	0	unresolved	unresolved_law_and_citation_audit	git_revision_or_live_owner	static_inbound_link_scan_at_d17910d3
archive/cpp-engine/src/include/holonics/receiver/geometry_receipt.hpp	148	frozen_archive	0	unresolved	unresolved_law_and_citation_audit	git_revision_or_live_owner	static_inbound_link_scan_at_d17910d3
archive/cpp-engine/src/include/holonics/receiver/geometry_schema.hpp	122	frozen_archive	0	unresolved	unresolved_law_and_citation_audit	git_revision_or_live_owner	static_inbound_link_scan_at_d17910d3
archive/cpp-engine/src/include/holonics/receiver/hypergeometric_law.hpp	63	frozen_archive	0	unresolved	unresolved_law_and_citation_audit	git_revision_or_live_owner	static_inbound_link_scan_at_d17910d3
archive/cpp-engine/src/include/holonics/receiver/information_geometry_law.hpp	74	frozen_archive	0	unresolved	unresolved_law_and_citation_audit	git_revision_or_live_owner	static_inbound_link_scan_at_d17910d3
archive/cpp-engine/src/include/holonics/receiver/mathematical_question.hpp	19	frozen_archive	0	unresolved	unresolved_law_and_citation_audit	git_revision_or_live_owner	static_inbound_link_scan_at_d17910d3
archive/cpp-engine/src/include/holonics/receiver/navigation_receipt.hpp	64	frozen_archive	0	unresolved	unresolved_law_and_citation_audit	git_revision_or_live_owner	static_inbound_link_scan_at_d17910d3
archive/cpp-engine/src/include/holonics/receiver/projection_chart.hpp	64	frozen_archive	0	unresolved	unresolved_law_and_citation_audit	git_revision_or_live_owner	static_inbound_link_scan_at_d17910d3
archive/cpp-engine/src/include/holonics/receiver/projection_law.hpp	44	frozen_archive	0	unresolved	unresolved_law_and_citation_audit	git_revision_or_live_owner	static_inbound_link_scan_at_d17910d3
archive/cpp-engine/src/include/holonics/receiver/projective_swing_law.hpp	132	frozen_archive	0	unresolved	unresolved_law_and_citation_audit	git_revision_or_live_owner	static_inbound_link_scan_at_d17910d3
archive/cpp-engine/src/include/holonics/receiver/projective_transition.hpp	44	frozen_archive	0	unresolved	unresolved_law_and_citation_audit	git_revision_or_live_owner	static_inbound_link_scan_at_d17910d3
archive/cpp-engine/src/include/holonics/receiver/receiver_current_law.hpp	154	frozen_archive	0	unresolved	unresolved_law_and_citation_audit	git_revision_or_live_owner	static_inbound_link_scan_at_d17910d3
archive/cpp-engine/src/include/holonics/receiver/resident_geometry.hpp	42	frozen_archive	0	unresolved	unresolved_law_and_citation_audit	git_revision_or_live_owner	static_inbound_link_scan_at_d17910d3
archive/cpp-engine/src/include/holonics/receiver/sameness_law.hpp	42	frozen_archive	0	unresolved	unresolved_law_and_citation_audit	git_revision_or_live_owner	static_inbound_link_scan_at_d17910d3
archive/cpp-engine/src/include/holonics/structure/arena.hpp	89	frozen_archive	0	unresolved	unresolved_law_and_citation_audit	git_revision_or_live_owner	static_inbound_link_scan_at_d17910d3
archive/cpp-engine/src/include/holonics/structure/boundary_law.hpp	65	frozen_archive	0	unresolved	unresolved_law_and_citation_audit	git_revision_or_live_owner	static_inbound_link_scan_at_d17910d3
archive/cpp-engine/src/include/holonics/structure/bounded_view.hpp	37	frozen_archive	0	unresolved	unresolved_law_and_citation_audit	git_revision_or_live_owner	static_inbound_link_scan_at_d17910d3
archive/cpp-engine/src/include/holonics/structure/branch_lineage.hpp	124	frozen_archive	0	unresolved	unresolved_law_and_citation_audit	git_revision_or_live_owner	static_inbound_link_scan_at_d17910d3
archive/cpp-engine/src/include/holonics/structure/carried_occurrence.hpp	92	frozen_archive	0	unresolved	unresolved_law_and_citation_audit	git_revision_or_live_owner	static_inbound_link_scan_at_d17910d3
archive/cpp-engine/src/include/holonics/structure/causal_membrane.hpp	98	frozen_archive	0	unresolved	unresolved_law_and_citation_audit	git_revision_or_live_owner	static_inbound_link_scan_at_d17910d3
archive/cpp-engine/src/include/holonics/structure/chi_pair.hpp	110	frozen_archive	0	unresolved	unresolved_law_and_citation_audit	git_revision_or_live_owner	static_inbound_link_scan_at_d17910d3
archive/cpp-engine/src/include/holonics/structure/complex_schema.hpp	104	frozen_archive	0	unresolved	unresolved_law_and_citation_audit	git_revision_or_live_owner	static_inbound_link_scan_at_d17910d3
archive/cpp-engine/src/include/holonics/structure/directed_dependency.hpp	114	frozen_archive	0	unresolved	unresolved_law_and_citation_audit	git_revision_or_live_owner	static_inbound_link_scan_at_d17910d3
archive/cpp-engine/src/include/holonics/structure/disposition.hpp	105	frozen_archive	0	unresolved	unresolved_law_and_citation_audit	git_revision_or_live_owner	static_inbound_link_scan_at_d17910d3
archive/cpp-engine/src/include/holonics/structure/identity.hpp	44	frozen_archive	0	unresolved	unresolved_law_and_citation_audit	git_revision_or_live_owner	static_inbound_link_scan_at_d17910d3
archive/cpp-engine/src/include/holonics/structure/identity_mint.hpp	105	frozen_archive	0	unresolved	unresolved_law_and_citation_audit	git_revision_or_live_owner	static_inbound_link_scan_at_d17910d3
archive/cpp-engine/src/include/holonics/structure/invariant_factor_law.hpp	141	frozen_archive	0	unresolved	unresolved_law_and_citation_audit	git_revision_or_live_owner	static_inbound_link_scan_at_d17910d3
archive/cpp-engine/src/include/holonics/structure/local_population.hpp	143	frozen_archive	0	unresolved	unresolved_law_and_citation_audit	git_revision_or_live_owner	static_inbound_link_scan_at_d17910d3
archive/cpp-engine/src/include/holonics/structure/local_transport.hpp	98	frozen_archive	0	unresolved	unresolved_law_and_citation_audit	git_revision_or_live_owner	static_inbound_link_scan_at_d17910d3
archive/cpp-engine/src/include/holonics/structure/marked_population.hpp	166	frozen_archive	0	unresolved	unresolved_law_and_citation_audit	git_revision_or_live_owner	static_inbound_link_scan_at_d17910d3
archive/cpp-engine/src/include/holonics/structure/marked_population_receipt.hpp	22	frozen_archive	0	unresolved	unresolved_law_and_citation_audit	git_revision_or_live_owner	static_inbound_link_scan_at_d17910d3
archive/cpp-engine/src/include/holonics/structure/occurrence.hpp	43	frozen_archive	0	unresolved	unresolved_law_and_citation_audit	git_revision_or_live_owner	static_inbound_link_scan_at_d17910d3
archive/cpp-engine/src/include/holonics/structure/oriented_incidence.hpp	102	frozen_archive	0	unresolved	unresolved_law_and_citation_audit	git_revision_or_live_owner	static_inbound_link_scan_at_d17910d3
archive/cpp-engine/src/include/holonics/structure/parallel_arena.hpp	49	frozen_archive	0	unresolved	unresolved_law_and_citation_audit	git_revision_or_live_owner	static_inbound_link_scan_at_d17910d3
archive/cpp-engine/src/include/holonics/structure/port.hpp	34	frozen_archive	0	unresolved	unresolved_law_and_citation_audit	git_revision_or_live_owner	static_inbound_link_scan_at_d17910d3
archive/cpp-engine/src/include/holonics/structure/rebase_law.hpp	182	frozen_archive	0	unresolved	unresolved_law_and_citation_audit	git_revision_or_live_owner	static_inbound_link_scan_at_d17910d3
archive/cpp-engine/src/include/holonics/structure/receipt.hpp	14	frozen_archive	0	unresolved	unresolved_law_and_citation_audit	git_revision_or_live_owner	static_inbound_link_scan_at_d17910d3
archive/cpp-engine/src/include/holonics/structure/relation_atlas.hpp	168	frozen_archive	0	unresolved	unresolved_law_and_citation_audit	git_revision_or_live_owner	static_inbound_link_scan_at_d17910d3
archive/cpp-engine/src/include/holonics/structure/resident_complex.hpp	191	frozen_archive	0	unresolved	unresolved_law_and_citation_audit	git_revision_or_live_owner	static_inbound_link_scan_at_d17910d3
archive/cpp-engine/src/include/holonics/structure/resident_complex_law.hpp	93	frozen_archive	0	unresolved	unresolved_law_and_citation_audit	git_revision_or_live_owner	static_inbound_link_scan_at_d17910d3
archive/cpp-engine/src/include/holonics/structure/resident_marked_population.hpp	101	frozen_archive	0	unresolved	unresolved_law_and_citation_audit	git_revision_or_live_owner	static_inbound_link_scan_at_d17910d3
archive/cpp-engine/src/include/holonics/structure/resident_span.hpp	57	frozen_archive	0	unresolved	unresolved_law_and_citation_audit	git_revision_or_live_owner	static_inbound_link_scan_at_d17910d3
archive/cpp-engine/src/include/holonics/structure/resident_types.hpp	137	frozen_archive	0	unresolved	unresolved_law_and_citation_audit	git_revision_or_live_owner	static_inbound_link_scan_at_d17910d3
archive/cpp-engine/src/include/holonics/structure/sparse_ordinal_atlas.hpp	194	frozen_archive	0	unresolved	unresolved_law_and_citation_audit	git_revision_or_live_owner	static_inbound_link_scan_at_d17910d3
archive/cpp-engine/src/include/holonics/structure/structure_deed.hpp	32	frozen_archive	0	unresolved	unresolved_law_and_citation_audit	git_revision_or_live_owner	static_inbound_link_scan_at_d17910d3
archive/cpp-engine/src/include/holonics/structure/transition_invariants.hpp	188	frozen_archive	0	unresolved	unresolved_law_and_citation_audit	git_revision_or_live_owner	static_inbound_link_scan_at_d17910d3
archive/cpp-engine/src/include/holonics/structure/traversal.hpp	83	frozen_archive	0	unresolved	unresolved_law_and_citation_audit	git_revision_or_live_owner	static_inbound_link_scan_at_d17910d3
archive/cpp-engine/standing/MANIFEST.txt	130	frozen_archive	0	unresolved	unresolved_law_and_citation_audit	git_revision_or_live_owner	static_inbound_link_scan_at_d17910d3
archive/cpp-engine/standing/artifacts/HolonicsConditionedFoil.lean	11	frozen_archive	0	unresolved	unresolved_law_and_citation_audit	git_revision_or_live_owner	static_inbound_link_scan_at_d17910d3
archive/cpp-engine/standing/artifacts/HolonicsConditionedOne.lean	13	frozen_archive	0	unresolved	unresolved_law_and_citation_audit	git_revision_or_live_owner	static_inbound_link_scan_at_d17910d3
archive/cpp-engine/standing/artifacts/HolonicsConditionedTwo.lean	18	frozen_archive	0	unresolved	unresolved_law_and_citation_audit	git_revision_or_live_owner	static_inbound_link_scan_at_d17910d3
archive/cpp-engine/standing/artifacts/INHERITED_PREDECESSOR.rest	binary	frozen_archive	0	unresolved	unresolved_law_and_citation_audit	git_revision_or_live_owner	static_inbound_link_scan_at_d17910d3
archive/cpp-engine/standing/artifacts/R18_GENERATED_PHASE_CRYSTAL.lean	35	frozen_archive	0	unresolved	unresolved_law_and_citation_audit	git_revision_or_live_owner	static_inbound_link_scan_at_d17910d3
archive/cpp-engine/standing/artifacts/R18_PHASE_CRYSTAL_HANDOFF.rest	binary	frozen_archive	0	unresolved	unresolved_law_and_citation_audit	git_revision_or_live_owner	static_inbound_link_scan_at_d17910d3
archive/cpp-engine/standing/artifacts/R19_CHARACTERISTIC_HANDOFF.rest	binary	frozen_archive	0	unresolved	unresolved_law_and_citation_audit	git_revision_or_live_owner	static_inbound_link_scan_at_d17910d3
archive/cpp-engine/standing/artifacts/R19_GENERATED_CHARACTERISTIC.lean	58	frozen_archive	0	unresolved	unresolved_law_and_citation_audit	git_revision_or_live_owner	static_inbound_link_scan_at_d17910d3
archive/cpp-engine/standing/artifacts/R20_GENERATED_REGULAR_SINGULAR.lean	56	frozen_archive	0	unresolved	unresolved_law_and_citation_audit	git_revision_or_live_owner	static_inbound_link_scan_at_d17910d3
archive/cpp-engine/standing/artifacts/R20_REGULAR_SINGULAR_HANDOFF.rest	binary	frozen_archive	0	unresolved	unresolved_law_and_citation_audit	git_revision_or_live_owner	static_inbound_link_scan_at_d17910d3
archive/cpp-engine/standing/artifacts/R21_BLIND_RECONSTRUCTION_HANDOFF.rest	binary	frozen_archive	0	unresolved	unresolved_law_and_citation_audit	git_revision_or_live_owner	static_inbound_link_scan_at_d17910d3
archive/cpp-engine/standing/artifacts/R21_GENERATED_CODE_RECONSTRUCTION.lean	66	frozen_archive	0	unresolved	unresolved_law_and_citation_audit	git_revision_or_live_owner	static_inbound_link_scan_at_d17910d3
archive/cpp-engine/standing/artifacts/R21_GENERATED_MOMENT_RECONSTRUCTION.lean	38	frozen_archive	0	unresolved	unresolved_law_and_citation_audit	git_revision_or_live_owner	static_inbound_link_scan_at_d17910d3
archive/cpp-engine/standing/artifacts/R22_CM_INCIDENCE_HANDOFF.rest	binary	frozen_archive	0	unresolved	unresolved_law_and_citation_audit	git_revision_or_live_owner	static_inbound_link_scan_at_d17910d3
archive/cpp-engine/standing/artifacts/R22_GENERATED_CM_INCIDENCE.lean	67	frozen_archive	0	unresolved	unresolved_law_and_citation_audit	git_revision_or_live_owner	static_inbound_link_scan_at_d17910d3
archive/cpp-engine/standing/artifacts/R23_GENERATED_TORIC_CYCLE.lean	51	frozen_archive	0	unresolved	unresolved_law_and_citation_audit	git_revision_or_live_owner	static_inbound_link_scan_at_d17910d3
archive/cpp-engine/standing/artifacts/R23_TORIC_CYCLE_HANDOFF.rest	binary	frozen_archive	0	unresolved	unresolved_law_and_citation_audit	git_revision_or_live_owner	static_inbound_link_scan_at_d17910d3
archive/cpp-engine/standing/artifacts/R24_ALGEBRAIC_VARIATION_HANDOFF.rest	binary	frozen_archive	0	unresolved	unresolved_law_and_citation_audit	git_revision_or_live_owner	static_inbound_link_scan_at_d17910d3
archive/cpp-engine/standing/artifacts/R24_GENERATED_ALGEBRAIC_VARIATION.lean	54	frozen_archive	0	unresolved	unresolved_law_and_citation_audit	git_revision_or_live_owner	static_inbound_link_scan_at_d17910d3
archive/cpp-engine/standing/artifacts/R25_CAUSAL_LINEAR_HANDOFF.rest	binary	frozen_archive	0	unresolved	unresolved_law_and_citation_audit	git_revision_or_live_owner	static_inbound_link_scan_at_d17910d3
archive/cpp-engine/standing/artifacts/R25_GENERATED_CAUSAL_LINEAR.lean	26	frozen_archive	0	unresolved	unresolved_law_and_citation_audit	git_revision_or_live_owner	static_inbound_link_scan_at_d17910d3
archive/cpp-engine/standing/artifacts/R26_GENERATED_INTRINSIC_HYPERGEOMETRY.lean	25	frozen_archive	0	unresolved	unresolved_law_and_citation_audit	git_revision_or_live_owner	static_inbound_link_scan_at_d17910d3
archive/cpp-engine/standing/artifacts/R26_INTRINSIC_HYPERGEOMETRY_HANDOFF.rest	binary	frozen_archive	0	unresolved	unresolved_law_and_citation_audit	git_revision_or_live_owner	static_inbound_link_scan_at_d17910d3
archive/cpp-engine/standing/artifacts/R27_EXPRESSION_GEOMETRY_HANDOFF.rest	binary	frozen_archive	0	unresolved	unresolved_law_and_citation_audit	git_revision_or_live_owner	static_inbound_link_scan_at_d17910d3
archive/cpp-engine/standing/artifacts/R27_GENERATED_EXPRESSION_GEOMETRY.lean	100	frozen_archive	0	unresolved	unresolved_law_and_citation_audit	git_revision_or_live_owner	static_inbound_link_scan_at_d17910d3
archive/cpp-engine/standing/artifacts/R28_GENERATED_HODGE_REALIZATION.lean	282	frozen_archive	0	unresolved	unresolved_law_and_citation_audit	git_revision_or_live_owner	static_inbound_link_scan_at_d17910d3
archive/cpp-engine/standing/artifacts/R28_HODGE_REALIZATION_HANDOFF.rest	binary	frozen_archive	0	unresolved	unresolved_law_and_citation_audit	git_revision_or_live_owner	static_inbound_link_scan_at_d17910d3
archive/cpp-engine/standing/artifacts/R29_ARITHMETIC_SPECTRAL_HANDOFF.rest	binary	frozen_archive	0	unresolved	unresolved_law_and_citation_audit	git_revision_or_live_owner	static_inbound_link_scan_at_d17910d3
archive/cpp-engine/standing/artifacts/R29_GENERATED_ARITHMETIC_SPECTRAL.lean	356	frozen_archive	0	unresolved	unresolved_law_and_citation_audit	git_revision_or_live_owner	static_inbound_link_scan_at_d17910d3
archive/cpp-engine/standing/artifacts/R30_GENERATED_PLURAL_REDERIVATION.lean	3188	frozen_archive	0	unresolved	unresolved_law_and_citation_audit	git_revision_or_live_owner	static_inbound_link_scan_at_d17910d3
archive/cpp-engine/standing/artifacts/R30_PLURAL_REDERIVATION_HANDOFF.rest	binary	frozen_archive	0	unresolved	unresolved_law_and_citation_audit	git_revision_or_live_owner	static_inbound_link_scan_at_d17910d3
archive/cpp-engine/standing/artifacts/R30_REDERIVATION_DOSSIER.md	27	frozen_archive	0	unresolved	unresolved_law_and_citation_audit	git_revision_or_live_owner	static_inbound_link_scan_at_d17910d3
archive/cpp-engine/standing/artifacts/R30_REJECTED_FOIL.lean	4	frozen_archive	0	unresolved	unresolved_law_and_citation_audit	git_revision_or_live_owner	static_inbound_link_scan_at_d17910d3
archive/cpp-engine/standing/artifacts/R31_CULTIVATED_APPLICATION_HANDOFF.rest	binary	frozen_archive	0	unresolved	unresolved_law_and_citation_audit	git_revision_or_live_owner	static_inbound_link_scan_at_d17910d3
archive/cpp-engine/standing/artifacts/R31_CULTIVATED_ORGANS.lean	60	frozen_archive	0	unresolved	unresolved_law_and_citation_audit	git_revision_or_live_owner	static_inbound_link_scan_at_d17910d3
archive/cpp-engine/standing/artifacts/R31_CULTIVATED_ORGANS.rest	binary	frozen_archive	0	unresolved	unresolved_law_and_citation_audit	git_revision_or_live_owner	static_inbound_link_scan_at_d17910d3
archive/cpp-engine/standing/artifacts/R31_CULTIVATED_ORGAN_DOSSIER.md	12	frozen_archive	0	unresolved	unresolved_law_and_citation_audit	git_revision_or_live_owner	static_inbound_link_scan_at_d17910d3
archive/cpp-engine/standing/artifacts/R31_ORGAN_TRANSPORT.lean	71	frozen_archive	0	unresolved	unresolved_law_and_citation_audit	git_revision_or_live_owner	static_inbound_link_scan_at_d17910d3
archive/cpp-engine/standing/artifacts/R32_ELEMENTARY_CALCULUS.rest	binary	frozen_archive	0	unresolved	unresolved_law_and_citation_audit	git_revision_or_live_owner	static_inbound_link_scan_at_d17910d3
archive/cpp-engine/standing/artifacts/R32_ELEMENTARY_CAUSAL_CALCULUS.lean	226	frozen_archive	0	unresolved	unresolved_law_and_citation_audit	git_revision_or_live_owner	static_inbound_link_scan_at_d17910d3
archive/cpp-engine/standing/artifacts/R32_ELEMENTARY_CAUSAL_CALCULUS_DOSSIER.md	19	frozen_archive	0	unresolved	unresolved_law_and_citation_audit	git_revision_or_live_owner	static_inbound_link_scan_at_d17910d3
archive/cpp-engine/standing/artifacts/R32_HELDOUT_HOLONOMY.lean	33	frozen_archive	0	unresolved	unresolved_law_and_citation_audit	git_revision_or_live_owner	static_inbound_link_scan_at_d17910d3
archive/cpp-engine/standing/artifacts/R32_POST_SEAL_CANON_COMPARISON.md	15	frozen_archive	0	unresolved	unresolved_law_and_citation_audit	git_revision_or_live_owner	static_inbound_link_scan_at_d17910d3
archive/cpp-engine/standing/artifacts/R32_SELF_DERIVATION_HANDOFF.rest	binary	frozen_archive	0	unresolved	unresolved_law_and_citation_audit	git_revision_or_live_owner	static_inbound_link_scan_at_d17910d3
archive/cpp-engine/standing/artifacts/R33_CHARACTERISTIC_HYPERGEOMETRY.lean	129	frozen_archive	0	unresolved	unresolved_law_and_citation_audit	git_revision_or_live_owner	static_inbound_link_scan_at_d17910d3
archive/cpp-engine/standing/artifacts/R33_CHARACTERISTIC_HYPERGEOMETRY.rest	binary	frozen_archive	0	unresolved	unresolved_law_and_citation_audit	git_revision_or_live_owner	static_inbound_link_scan_at_d17910d3
archive/cpp-engine/standing/artifacts/R33_CHARACTERISTIC_HYPERGEOMETRY_DOSSIER.md	11	frozen_archive	0	unresolved	unresolved_law_and_citation_audit	git_revision_or_live_owner	static_inbound_link_scan_at_d17910d3
archive/cpp-engine/standing/artifacts/R33_CHARACTERISTIC_TRANSPORT_HANDOFF.rest	binary	frozen_archive	0	unresolved	unresolved_law_and_citation_audit	git_revision_or_live_owner	static_inbound_link_scan_at_d17910d3
archive/cpp-engine/standing/artifacts/R33_HELDOUT_CHARACTERISTIC.lean	21	frozen_archive	0	unresolved	unresolved_law_and_citation_audit	git_revision_or_live_owner	static_inbound_link_scan_at_d17910d3
archive/cpp-engine/standing/artifacts/R33_POST_SEAL_LITERATURE_COMPARISON.md	7	frozen_archive	0	unresolved	unresolved_law_and_citation_audit	git_revision_or_live_owner	static_inbound_link_scan_at_d17910d3
archive/cpp-engine/standing/artifacts/R34_HELDOUT_TRACE_FIBER.lean	47	frozen_archive	0	unresolved	unresolved_law_and_citation_audit	git_revision_or_live_owner	static_inbound_link_scan_at_d17910d3
archive/cpp-engine/standing/artifacts/R34_POST_SEAL_LITERATURE_COMPARISON.md	7	frozen_archive	0	unresolved	unresolved_law_and_citation_audit	git_revision_or_live_owner	static_inbound_link_scan_at_d17910d3
archive/cpp-engine/standing/artifacts/R34_TRACE_FIBER_DOSSIER.md	11	frozen_archive	0	unresolved	unresolved_law_and_citation_audit	git_revision_or_live_owner	static_inbound_link_scan_at_d17910d3
archive/cpp-engine/standing/artifacts/R34_TRACE_FIBER_HANDOFF.rest	binary	frozen_archive	0	unresolved	unresolved_law_and_citation_audit	git_revision_or_live_owner	static_inbound_link_scan_at_d17910d3
archive/cpp-engine/standing/artifacts/R34_TRACE_FIBER_LIFTING.lean	217	frozen_archive	0	unresolved	unresolved_law_and_citation_audit	git_revision_or_live_owner	static_inbound_link_scan_at_d17910d3
archive/cpp-engine/standing/artifacts/R34_TRACE_FIBER_LIFTING.rest	binary	frozen_archive	0	unresolved	unresolved_law_and_citation_audit	git_revision_or_live_owner	static_inbound_link_scan_at_d17910d3
archive/cpp-engine/standing/artifacts/R35_HELDOUT_TRACE_REBASE.lean	24	frozen_archive	0	unresolved	unresolved_law_and_citation_audit	git_revision_or_live_owner	static_inbound_link_scan_at_d17910d3
archive/cpp-engine/standing/artifacts/R35_POST_SEAL_LITERATURE_COMPARISON.md	5	frozen_archive	0	unresolved	unresolved_law_and_citation_audit	git_revision_or_live_owner	static_inbound_link_scan_at_d17910d3
archive/cpp-engine/standing/artifacts/R35_TRACE_CHARACTER_REBASES.lean	286	frozen_archive	0	unresolved	unresolved_law_and_citation_audit	git_revision_or_live_owner	static_inbound_link_scan_at_d17910d3
archive/cpp-engine/standing/artifacts/R35_TRACE_REBASE.rest	binary	frozen_archive	0	unresolved	unresolved_law_and_citation_audit	git_revision_or_live_owner	static_inbound_link_scan_at_d17910d3
archive/cpp-engine/standing/artifacts/R35_TRACE_REBASE_DOSSIER.md	16	frozen_archive	0	unresolved	unresolved_law_and_citation_audit	git_revision_or_live_owner	static_inbound_link_scan_at_d17910d3
archive/cpp-engine/standing/artifacts/R35_TRACE_REBASE_HANDOFF.rest	binary	frozen_archive	0	unresolved	unresolved_law_and_citation_audit	git_revision_or_live_owner	static_inbound_link_scan_at_d17910d3
archive/cpp-engine/standing/receipts/CONDITIONED_PRODUCTION_DEED.txt	48	frozen_archive	0	unresolved	unresolved_law_and_citation_audit	git_revision_or_live_owner	static_inbound_link_scan_at_d17910d3
archive/cpp-engine/standing/receipts/CONSTRAINT_REBASE_DEED.txt	42	frozen_archive	0	unresolved	unresolved_law_and_citation_audit	git_revision_or_live_owner	static_inbound_link_scan_at_d17910d3
archive/cpp-engine/standing/receipts/GROWN_CIRCUIT_DEED.txt	11	frozen_archive	0	unresolved	unresolved_law_and_citation_audit	git_revision_or_live_owner	static_inbound_link_scan_at_d17910d3
archive/cpp-engine/standing/receipts/MOVEMENT_A_ENCLOSURE_DEED.txt	73	frozen_archive	0	unresolved	unresolved_law_and_citation_audit	git_revision_or_live_owner	static_inbound_link_scan_at_d17910d3
archive/cpp-engine/standing/receipts/MOVEMENT_A_SPINE_DEED.txt	47	frozen_archive	0	unresolved	unresolved_law_and_citation_audit	git_revision_or_live_owner	static_inbound_link_scan_at_d17910d3
archive/cpp-engine/standing/receipts/ONE_STANDING_DEED.txt	58	frozen_archive	0	unresolved	unresolved_law_and_citation_audit	git_revision_or_live_owner	static_inbound_link_scan_at_d17910d3
archive/cpp-engine/standing/receipts/PHASE_7_BROAD_MOUNT_DEED.txt	47	frozen_archive	0	unresolved	unresolved_law_and_citation_audit	git_revision_or_live_owner	static_inbound_link_scan_at_d17910d3
archive/cpp-engine/standing/receipts/PHASE_7_RESIDENT_MOUNT_DEED.txt	53	frozen_archive	0	unresolved	unresolved_law_and_citation_audit	git_revision_or_live_owner	static_inbound_link_scan_at_d17910d3
archive/cpp-engine/standing/receipts/R11_MATHEMATICAL_OCCURRENCE_ECOLOGY_DEED.txt	19	frozen_archive	0	unresolved	unresolved_law_and_citation_audit	git_revision_or_live_owner	static_inbound_link_scan_at_d17910d3
archive/cpp-engine/standing/receipts/R18_PHASE_CRYSTAL_DEED.txt	71	frozen_archive	0	unresolved	unresolved_law_and_citation_audit	git_revision_or_live_owner	static_inbound_link_scan_at_d17910d3
archive/cpp-engine/standing/receipts/R19_CHARACTERISTIC_DEED.txt	99	frozen_archive	0	unresolved	unresolved_law_and_citation_audit	git_revision_or_live_owner	static_inbound_link_scan_at_d17910d3
archive/cpp-engine/standing/receipts/R1_EXACT_DEED.txt	111	frozen_archive	0	unresolved	unresolved_law_and_citation_audit	git_revision_or_live_owner	static_inbound_link_scan_at_d17910d3
archive/cpp-engine/standing/receipts/R20_REGULAR_SINGULAR_DEED.txt	104	frozen_archive	0	unresolved	unresolved_law_and_citation_audit	git_revision_or_live_owner	static_inbound_link_scan_at_d17910d3
archive/cpp-engine/standing/receipts/R21_BLIND_RECONSTRUCTION_DEED.txt	158	frozen_archive	0	unresolved	unresolved_law_and_citation_audit	git_revision_or_live_owner	static_inbound_link_scan_at_d17910d3
archive/cpp-engine/standing/receipts/R22_CM_INCIDENCE_DEED.txt	111	frozen_archive	0	unresolved	unresolved_law_and_citation_audit	git_revision_or_live_owner	static_inbound_link_scan_at_d17910d3
archive/cpp-engine/standing/receipts/R23_TORIC_CYCLE_DEED.txt	148	frozen_archive	0	unresolved	unresolved_law_and_citation_audit	git_revision_or_live_owner	static_inbound_link_scan_at_d17910d3
archive/cpp-engine/standing/receipts/R24_ALGEBRAIC_VARIATION_DEED.txt	149	frozen_archive	0	unresolved	unresolved_law_and_citation_audit	git_revision_or_live_owner	static_inbound_link_scan_at_d17910d3
archive/cpp-engine/standing/receipts/R25_CAUSAL_LINEAR_DEED.txt	94	frozen_archive	0	unresolved	unresolved_law_and_citation_audit	git_revision_or_live_owner	static_inbound_link_scan_at_d17910d3
archive/cpp-engine/standing/receipts/R26_INTRINSIC_HYPERGEOMETRY_DEED.txt	87	frozen_archive	0	unresolved	unresolved_law_and_citation_audit	git_revision_or_live_owner	static_inbound_link_scan_at_d17910d3
archive/cpp-engine/standing/receipts/R27_EXPRESSION_GEOMETRY_DEED.txt	157	frozen_archive	0	unresolved	unresolved_law_and_citation_audit	git_revision_or_live_owner	static_inbound_link_scan_at_d17910d3
archive/cpp-engine/standing/receipts/R28_HODGE_REALIZATION_DEED.txt	324	frozen_archive	0	unresolved	unresolved_law_and_citation_audit	git_revision_or_live_owner	static_inbound_link_scan_at_d17910d3
archive/cpp-engine/standing/receipts/R29_ARITHMETIC_SPECTRAL_DEED.txt	391	frozen_archive	0	unresolved	unresolved_law_and_citation_audit	git_revision_or_live_owner	static_inbound_link_scan_at_d17910d3
archive/cpp-engine/standing/receipts/R2_STRUCTURE_DEED.txt	21	frozen_archive	0	unresolved	unresolved_law_and_citation_audit	git_revision_or_live_owner	static_inbound_link_scan_at_d17910d3
archive/cpp-engine/standing/receipts/R30_PLURAL_REDERIVATION_DEED.txt	3256	frozen_archive	0	unresolved	unresolved_law_and_citation_audit	git_revision_or_live_owner	static_inbound_link_scan_at_d17910d3
archive/cpp-engine/standing/receipts/R30_SOURCE_ACCESS_AUDIT.txt	10	frozen_archive	0	unresolved	unresolved_law_and_citation_audit	git_revision_or_live_owner	static_inbound_link_scan_at_d17910d3
archive/cpp-engine/standing/receipts/R31_CULTIVATED_APPLICATION_DEED.txt	102	frozen_archive	0	unresolved	unresolved_law_and_citation_audit	git_revision_or_live_owner	static_inbound_link_scan_at_d17910d3
archive/cpp-engine/standing/receipts/R31_DETERMINISM.txt	6	frozen_archive	0	unresolved	unresolved_law_and_citation_audit	git_revision_or_live_owner	static_inbound_link_scan_at_d17910d3
archive/cpp-engine/standing/receipts/R31_ORGAN_CULTIVATION_DEED.txt	77	frozen_archive	0	unresolved	unresolved_law_and_citation_audit	git_revision_or_live_owner	static_inbound_link_scan_at_d17910d3
archive/cpp-engine/standing/receipts/R31_SEALED_RETURN.txt	17	frozen_archive	0	unresolved	unresolved_law_and_citation_audit	git_revision_or_live_owner	static_inbound_link_scan_at_d17910d3
archive/cpp-engine/standing/receipts/R31_SOURCE_ACCESS_AUDIT.txt	9	frozen_archive	0	unresolved	unresolved_law_and_citation_audit	git_revision_or_live_owner	static_inbound_link_scan_at_d17910d3
archive/cpp-engine/standing/receipts/R32_DETERMINISM.txt	6	frozen_archive	0	unresolved	unresolved_law_and_citation_audit	git_revision_or_live_owner	static_inbound_link_scan_at_d17910d3
archive/cpp-engine/standing/receipts/R32_ELEMENTARY_DISCOVERY_DEED.txt	245	frozen_archive	0	unresolved	unresolved_law_and_citation_audit	git_revision_or_live_owner	static_inbound_link_scan_at_d17910d3
archive/cpp-engine/standing/receipts/R32_HELDOUT_HOLONOMY_DEED.txt	72	frozen_archive	0	unresolved	unresolved_law_and_citation_audit	git_revision_or_live_owner	static_inbound_link_scan_at_d17910d3
archive/cpp-engine/standing/receipts/R32_HOST_CONFORMANCE.txt	13	frozen_archive	0	unresolved	unresolved_law_and_citation_audit	git_revision_or_live_owner	static_inbound_link_scan_at_d17910d3
archive/cpp-engine/standing/receipts/R32_SEALED_RETURN.txt	24	frozen_archive	0	unresolved	unresolved_law_and_citation_audit	git_revision_or_live_owner	static_inbound_link_scan_at_d17910d3
archive/cpp-engine/standing/receipts/R32_SOURCE_ACCESS_AUDIT.txt	10	frozen_archive	0	unresolved	unresolved_law_and_citation_audit	git_revision_or_live_owner	static_inbound_link_scan_at_d17910d3
archive/cpp-engine/standing/receipts/R33_CHARACTERISTIC_APPLICATION_DEED.txt	55	frozen_archive	0	unresolved	unresolved_law_and_citation_audit	git_revision_or_live_owner	static_inbound_link_scan_at_d17910d3
archive/cpp-engine/standing/receipts/R33_CHARACTERISTIC_DISCOVERY_DEED.txt	151	frozen_archive	0	unresolved	unresolved_law_and_citation_audit	git_revision_or_live_owner	static_inbound_link_scan_at_d17910d3
archive/cpp-engine/standing/receipts/R33_DETERMINISM.txt	6	frozen_archive	0	unresolved	unresolved_law_and_citation_audit	git_revision_or_live_owner	static_inbound_link_scan_at_d17910d3
archive/cpp-engine/standing/receipts/R33_HOST_CONFORMANCE.txt	11	frozen_archive	0	unresolved	unresolved_law_and_citation_audit	git_revision_or_live_owner	static_inbound_link_scan_at_d17910d3
archive/cpp-engine/standing/receipts/R33_SEALED_RETURN.txt	22	frozen_archive	0	unresolved	unresolved_law_and_citation_audit	git_revision_or_live_owner	static_inbound_link_scan_at_d17910d3
archive/cpp-engine/standing/receipts/R33_SOURCE_ACCESS_AUDIT.txt	10	frozen_archive	0	unresolved	unresolved_law_and_citation_audit	git_revision_or_live_owner	static_inbound_link_scan_at_d17910d3
archive/cpp-engine/standing/receipts/R34_DETERMINISM.txt	6	frozen_archive	0	unresolved	unresolved_law_and_citation_audit	git_revision_or_live_owner	static_inbound_link_scan_at_d17910d3
archive/cpp-engine/standing/receipts/R34_HOST_CONFORMANCE.txt	11	frozen_archive	0	unresolved	unresolved_law_and_citation_audit	git_revision_or_live_owner	static_inbound_link_scan_at_d17910d3
archive/cpp-engine/standing/receipts/R34_SEALED_RETURN.txt	22	frozen_archive	0	unresolved	unresolved_law_and_citation_audit	git_revision_or_live_owner	static_inbound_link_scan_at_d17910d3
archive/cpp-engine/standing/receipts/R34_SOURCE_ACCESS_AUDIT.txt	11	frozen_archive	0	unresolved	unresolved_law_and_citation_audit	git_revision_or_live_owner	static_inbound_link_scan_at_d17910d3
archive/cpp-engine/standing/receipts/R34_TRACE_FIBER_APPLICATION_DEED.txt	80	frozen_archive	0	unresolved	unresolved_law_and_citation_audit	git_revision_or_live_owner	static_inbound_link_scan_at_d17910d3
archive/cpp-engine/standing/receipts/R34_TRACE_FIBER_DISCOVERY_DEED.txt	240	frozen_archive	0	unresolved	unresolved_law_and_citation_audit	git_revision_or_live_owner	static_inbound_link_scan_at_d17910d3
archive/cpp-engine/standing/receipts/R35_DETERMINISM.txt	7	frozen_archive	0	unresolved	unresolved_law_and_citation_audit	git_revision_or_live_owner	static_inbound_link_scan_at_d17910d3
archive/cpp-engine/standing/receipts/R35_HOST_CONFORMANCE.txt	13	frozen_archive	0	unresolved	unresolved_law_and_citation_audit	git_revision_or_live_owner	static_inbound_link_scan_at_d17910d3
archive/cpp-engine/standing/receipts/R35_SEALED_RETURN.txt	22	frozen_archive	0	unresolved	unresolved_law_and_citation_audit	git_revision_or_live_owner	static_inbound_link_scan_at_d17910d3
archive/cpp-engine/standing/receipts/R35_SOURCE_ACCESS_AUDIT.txt	12	frozen_archive	0	unresolved	unresolved_law_and_citation_audit	git_revision_or_live_owner	static_inbound_link_scan_at_d17910d3
archive/cpp-engine/standing/receipts/R35_TRACE_REBASE_APPLICATION_DEED.txt	60	frozen_archive	0	unresolved	unresolved_law_and_citation_audit	git_revision_or_live_owner	static_inbound_link_scan_at_d17910d3
archive/cpp-engine/standing/receipts/R35_TRACE_REBASE_DISCOVERY_DEED.txt	309	frozen_archive	0	unresolved	unresolved_law_and_citation_audit	git_revision_or_live_owner	static_inbound_link_scan_at_d17910d3
archive/cpp-engine/standing/receipts/R3_SOURCE_TOPOLOGY_DEED.txt	68	frozen_archive	0	unresolved	unresolved_law_and_citation_audit	git_revision_or_live_owner	static_inbound_link_scan_at_d17910d3
archive/cpp-engine/standing/receipts/R4_BODY_LIFECYCLE_DEED.txt	30	frozen_archive	0	unresolved	unresolved_law_and_citation_audit	git_revision_or_live_owner	static_inbound_link_scan_at_d17910d3
archive/cpp-engine/standing/receipts/R5_CAUSAL_CURRENT_DEED.txt	57	frozen_archive	0	unresolved	unresolved_law_and_citation_audit	git_revision_or_live_owner	static_inbound_link_scan_at_d17910d3
archive/cpp-engine/standing/receipts/R6_MANY_CURRENT_WEAVE_DEED.txt	297	frozen_archive	0	unresolved	unresolved_law_and_citation_audit	git_revision_or_live_owner	static_inbound_link_scan_at_d17910d3
archive/cpp-engine/standing/receipts/R7_CORE_RECEIVER_GEOMETRY_DEED.txt	33	frozen_archive	0	unresolved	unresolved_law_and_citation_audit	git_revision_or_live_owner	static_inbound_link_scan_at_d17910d3
archive/cpp-engine/standing/receipts/R8_STATEFUL_BOUNDARY_CONDENSATION_DEED.txt	32	frozen_archive	0	unresolved	unresolved_law_and_citation_audit	git_revision_or_live_owner	static_inbound_link_scan_at_d17910d3
archive/cpp-engine/standing/receipts/R9_AGNOSTIC_CODECS_REFLECTION_DEED.txt	30	frozen_archive	0	unresolved	unresolved_law_and_citation_audit	git_revision_or_live_owner	static_inbound_link_scan_at_d17910d3
archive/cpp-engine/tests/apparatus/r30_open_probe.cpp	66	frozen_archive	0	unresolved	unresolved_law_and_citation_audit	git_revision_or_live_owner	static_inbound_link_scan_at_d17910d3
archive/cpp-engine/tests/apparatus/r31_open_probe.cpp	45	frozen_archive	0	unresolved	unresolved_law_and_citation_audit	git_revision_or_live_owner	static_inbound_link_scan_at_d17910d3
archive/cpp-engine/tests/apparatus/r32_open_probe.cpp	45	frozen_archive	0	unresolved	unresolved_law_and_citation_audit	git_revision_or_live_owner	static_inbound_link_scan_at_d17910d3
archive/cpp-engine/tests/apparatus/r33_open_probe.cpp	62	frozen_archive	0	unresolved	unresolved_law_and_citation_audit	git_revision_or_live_owner	static_inbound_link_scan_at_d17910d3
archive/cpp-engine/tests/apparatus/r34_open_probe.cpp	60	frozen_archive	0	unresolved	unresolved_law_and_citation_audit	git_revision_or_live_owner	static_inbound_link_scan_at_d17910d3
archive/cpp-engine/tests/apparatus/r35_open_probe.cpp	60	frozen_archive	0	unresolved	unresolved_law_and_citation_audit	git_revision_or_live_owner	static_inbound_link_scan_at_d17910d3
archive/cpp-engine/tests/audit_fixtures/compatibility/include/holonics/codec/forbidden.hpp	5	frozen_archive	0	unresolved	unresolved_law_and_citation_audit	git_revision_or_live_owner	static_inbound_link_scan_at_d17910d3
archive/cpp-engine/tests/audit_fixtures/dependency/include/holonics/body/forbidden.hpp	7	frozen_archive	0	unresolved	unresolved_law_and_citation_audit	git_revision_or_live_owner	static_inbound_link_scan_at_d17910d3
archive/cpp-engine/tests/audit_fixtures/float/include/holonics/exact/forbidden.hpp	5	frozen_archive	0	unresolved	unresolved_law_and_citation_audit	git_revision_or_live_owner	static_inbound_link_scan_at_d17910d3
archive/cpp-engine/tests/audit_fixtures/ownership/include/holonics/structure/forbidden.hpp	9	frozen_archive	0	unresolved	unresolved_law_and_citation_audit	git_revision_or_live_owner	static_inbound_link_scan_at_d17910d3
archive/cpp-engine/tests/compile_contracts/forbidden_algebraic_variation_copy.cpp	6	frozen_archive	0	unresolved	unresolved_law_and_citation_audit	git_revision_or_live_owner	static_inbound_link_scan_at_d17910d3
archive/cpp-engine/tests/compile_contracts/forbidden_arithmetic_spectral_copy.cpp	6	frozen_archive	0	unresolved	unresolved_law_and_citation_audit	git_revision_or_live_owner	static_inbound_link_scan_at_d17910d3
archive/cpp-engine/tests/compile_contracts/forbidden_blind_reconstruction_copy.cpp	6	frozen_archive	0	unresolved	unresolved_law_and_citation_audit	git_revision_or_live_owner	static_inbound_link_scan_at_d17910d3
archive/cpp-engine/tests/compile_contracts/forbidden_body_lifecycle_copy.cpp	8	frozen_archive	0	unresolved	unresolved_law_and_citation_audit	git_revision_or_live_owner	static_inbound_link_scan_at_d17910d3
archive/cpp-engine/tests/compile_contracts/forbidden_causal_current_copy.cpp	7	frozen_archive	0	unresolved	unresolved_law_and_citation_audit	git_revision_or_live_owner	static_inbound_link_scan_at_d17910d3
archive/cpp-engine/tests/compile_contracts/forbidden_causal_linear_copy.cpp	6	frozen_archive	0	unresolved	unresolved_law_and_citation_audit	git_revision_or_live_owner	static_inbound_link_scan_at_d17910d3
archive/cpp-engine/tests/compile_contracts/forbidden_characteristic_copy.cpp	6	frozen_archive	0	unresolved	unresolved_law_and_citation_audit	git_revision_or_live_owner	static_inbound_link_scan_at_d17910d3
archive/cpp-engine/tests/compile_contracts/forbidden_characteristic_hypergeometry_copy.cpp	6	frozen_archive	0	unresolved	unresolved_law_and_citation_audit	git_revision_or_live_owner	static_inbound_link_scan_at_d17910d3
archive/cpp-engine/tests/compile_contracts/forbidden_cm_incidence_copy.cpp	6	frozen_archive	0	unresolved	unresolved_law_and_citation_audit	git_revision_or_live_owner	static_inbound_link_scan_at_d17910d3
archive/cpp-engine/tests/compile_contracts/forbidden_condensation_copy.cpp	8	frozen_archive	0	unresolved	unresolved_law_and_citation_audit	git_revision_or_live_owner	static_inbound_link_scan_at_d17910d3
archive/cpp-engine/tests/compile_contracts/forbidden_copy.cpp	55	frozen_archive	0	unresolved	unresolved_law_and_citation_audit	git_revision_or_live_owner	static_inbound_link_scan_at_d17910d3
archive/cpp-engine/tests/compile_contracts/forbidden_cultivated_copy.cpp	6	frozen_archive	0	unresolved	unresolved_law_and_citation_audit	git_revision_or_live_owner	static_inbound_link_scan_at_d17910d3
archive/cpp-engine/tests/compile_contracts/forbidden_elementary_copy.cpp	6	frozen_archive	0	unresolved	unresolved_law_and_citation_audit	git_revision_or_live_owner	static_inbound_link_scan_at_d17910d3
archive/cpp-engine/tests/compile_contracts/forbidden_expression_geometry_copy.cpp	6	frozen_archive	0	unresolved	unresolved_law_and_citation_audit	git_revision_or_live_owner	static_inbound_link_scan_at_d17910d3
archive/cpp-engine/tests/compile_contracts/forbidden_hodge_realization_copy.cpp	6	frozen_archive	0	unresolved	unresolved_law_and_citation_audit	git_revision_or_live_owner	static_inbound_link_scan_at_d17910d3
archive/cpp-engine/tests/compile_contracts/forbidden_intrinsic_hypergeometry_copy.cpp	6	frozen_archive	0	unresolved	unresolved_law_and_citation_audit	git_revision_or_live_owner	static_inbound_link_scan_at_d17910d3
archive/cpp-engine/tests/compile_contracts/forbidden_mathematical_ecology_copy.cpp	6	frozen_archive	0	unresolved	unresolved_law_and_citation_audit	git_revision_or_live_owner	static_inbound_link_scan_at_d17910d3
archive/cpp-engine/tests/compile_contracts/forbidden_phase_crystal_copy.cpp	6	frozen_archive	0	unresolved	unresolved_law_and_citation_audit	git_revision_or_live_owner	static_inbound_link_scan_at_d17910d3
archive/cpp-engine/tests/compile_contracts/forbidden_receiver_geometry_copy.cpp	7	frozen_archive	0	unresolved	unresolved_law_and_citation_audit	git_revision_or_live_owner	static_inbound_link_scan_at_d17910d3
archive/cpp-engine/tests/compile_contracts/forbidden_rederivation_copy.cpp	5	frozen_archive	0	unresolved	unresolved_law_and_citation_audit	git_revision_or_live_owner	static_inbound_link_scan_at_d17910d3
archive/cpp-engine/tests/compile_contracts/forbidden_reflective_codec_copy.cpp	6	frozen_archive	0	unresolved	unresolved_law_and_citation_audit	git_revision_or_live_owner	static_inbound_link_scan_at_d17910d3
archive/cpp-engine/tests/compile_contracts/forbidden_regular_singular_copy.cpp	6	frozen_archive	0	unresolved	unresolved_law_and_citation_audit	git_revision_or_live_owner	static_inbound_link_scan_at_d17910d3
archive/cpp-engine/tests/compile_contracts/forbidden_source_environment_copy.cpp	7	frozen_archive	0	unresolved	unresolved_law_and_citation_audit	git_revision_or_live_owner	static_inbound_link_scan_at_d17910d3
archive/cpp-engine/tests/compile_contracts/forbidden_structure_copy.cpp	7	frozen_archive	0	unresolved	unresolved_law_and_citation_audit	git_revision_or_live_owner	static_inbound_link_scan_at_d17910d3
archive/cpp-engine/tests/compile_contracts/forbidden_toric_cycle_copy.cpp	6	frozen_archive	0	unresolved	unresolved_law_and_citation_audit	git_revision_or_live_owner	static_inbound_link_scan_at_d17910d3
archive/cpp-engine/tests/compile_contracts/forbidden_trace_fiber_copy.cpp	6	frozen_archive	0	unresolved	unresolved_law_and_citation_audit	git_revision_or_live_owner	static_inbound_link_scan_at_d17910d3
archive/cpp-engine/tests/compile_contracts/forbidden_trace_rebase_copy.cpp	6	frozen_archive	0	unresolved	unresolved_law_and_citation_audit	git_revision_or_live_owner	static_inbound_link_scan_at_d17910d3
archive/cpp-engine/tests/compile_contracts/forbidden_weave_copy.cpp	7	frozen_archive	0	unresolved	unresolved_law_and_citation_audit	git_revision_or_live_owner	static_inbound_link_scan_at_d17910d3
archive/cpp-engine/tests/compile_contracts/valid_device.cu	24	frozen_archive	0	unresolved	unresolved_law_and_citation_audit	git_revision_or_live_owner	static_inbound_link_scan_at_d17910d3
archive/cpp-engine/tests/compile_contracts/valid_host.cpp	51	frozen_archive	0	unresolved	unresolved_law_and_citation_audit	git_revision_or_live_owner	static_inbound_link_scan_at_d17910d3
archive/cpp-engine/tests/conformance/enclosure_host_conformance.cpp	51	frozen_archive	0	unresolved	unresolved_law_and_citation_audit	git_revision_or_live_owner	static_inbound_link_scan_at_d17910d3
archive/cpp-engine/tests/conformance/r11_mathematical_ecology_host_conformance.cpp	40	frozen_archive	0	unresolved	unresolved_law_and_citation_audit	git_revision_or_live_owner	static_inbound_link_scan_at_d17910d3
archive/cpp-engine/tests/conformance/r18_phase_crystal_host_conformance.cpp	26	frozen_archive	0	unresolved	unresolved_law_and_citation_audit	git_revision_or_live_owner	static_inbound_link_scan_at_d17910d3
archive/cpp-engine/tests/conformance/r19_characteristic_host_conformance.cpp	25	frozen_archive	0	unresolved	unresolved_law_and_citation_audit	git_revision_or_live_owner	static_inbound_link_scan_at_d17910d3
archive/cpp-engine/tests/conformance/r1_exact_host_conformance.cpp	24	frozen_archive	0	unresolved	unresolved_law_and_citation_audit	git_revision_or_live_owner	static_inbound_link_scan_at_d17910d3
archive/cpp-engine/tests/conformance/r20_regular_singular_host_conformance.cpp	23	frozen_archive	0	unresolved	unresolved_law_and_citation_audit	git_revision_or_live_owner	static_inbound_link_scan_at_d17910d3
archive/cpp-engine/tests/conformance/r21_blind_reconstruction_host_conformance.cpp	120	frozen_archive	0	unresolved	unresolved_law_and_citation_audit	git_revision_or_live_owner	static_inbound_link_scan_at_d17910d3
archive/cpp-engine/tests/conformance/r22_cm_incidence_host_conformance.cpp	74	frozen_archive	0	unresolved	unresolved_law_and_citation_audit	git_revision_or_live_owner	static_inbound_link_scan_at_d17910d3
archive/cpp-engine/tests/conformance/r23_toric_cycle_host_conformance.cpp	68	frozen_archive	0	unresolved	unresolved_law_and_citation_audit	git_revision_or_live_owner	static_inbound_link_scan_at_d17910d3
archive/cpp-engine/tests/conformance/r24_algebraic_variation_host_conformance.cpp	58	frozen_archive	0	unresolved	unresolved_law_and_citation_audit	git_revision_or_live_owner	static_inbound_link_scan_at_d17910d3
archive/cpp-engine/tests/conformance/r25_causal_linear_host_conformance.cpp	53	frozen_archive	0	unresolved	unresolved_law_and_citation_audit	git_revision_or_live_owner	static_inbound_link_scan_at_d17910d3
archive/cpp-engine/tests/conformance/r26_intrinsic_hypergeometry_host_conformance.cpp	46	frozen_archive	0	unresolved	unresolved_law_and_citation_audit	git_revision_or_live_owner	static_inbound_link_scan_at_d17910d3
archive/cpp-engine/tests/conformance/r27_expression_geometry_host_conformance.cpp	68	frozen_archive	0	unresolved	unresolved_law_and_citation_audit	git_revision_or_live_owner	static_inbound_link_scan_at_d17910d3
archive/cpp-engine/tests/conformance/r28_hodge_realization_host_conformance.cpp	64	frozen_archive	0	unresolved	unresolved_law_and_citation_audit	git_revision_or_live_owner	static_inbound_link_scan_at_d17910d3
archive/cpp-engine/tests/conformance/r29_arithmetic_spectral_host_conformance.cpp	18	frozen_archive	0	unresolved	unresolved_law_and_citation_audit	git_revision_or_live_owner	static_inbound_link_scan_at_d17910d3
archive/cpp-engine/tests/conformance/r2_structure_host_conformance.cpp	17	frozen_archive	0	unresolved	unresolved_law_and_citation_audit	git_revision_or_live_owner	static_inbound_link_scan_at_d17910d3
archive/cpp-engine/tests/conformance/r30_rederivation_host_conformance.cpp	52	frozen_archive	0	unresolved	unresolved_law_and_citation_audit	git_revision_or_live_owner	static_inbound_link_scan_at_d17910d3
archive/cpp-engine/tests/conformance/r31_cultivated_host_conformance.cpp	23	frozen_archive	0	unresolved	unresolved_law_and_citation_audit	git_revision_or_live_owner	static_inbound_link_scan_at_d17910d3
archive/cpp-engine/tests/conformance/r32_elementary_host_conformance.cpp	22	frozen_archive	0	unresolved	unresolved_law_and_citation_audit	git_revision_or_live_owner	static_inbound_link_scan_at_d17910d3
archive/cpp-engine/tests/conformance/r32_host_atlas.hpp	124	frozen_archive	0	unresolved	unresolved_law_and_citation_audit	git_revision_or_live_owner	static_inbound_link_scan_at_d17910d3
archive/cpp-engine/tests/conformance/r32_host_exact.hpp	124	frozen_archive	0	unresolved	unresolved_law_and_citation_audit	git_revision_or_live_owner	static_inbound_link_scan_at_d17910d3
archive/cpp-engine/tests/conformance/r33_characteristic_host_conformance.cpp	34	frozen_archive	0	unresolved	unresolved_law_and_citation_audit	git_revision_or_live_owner	static_inbound_link_scan_at_d17910d3
archive/cpp-engine/tests/conformance/r33_host_atlas.hpp	112	frozen_archive	0	unresolved	unresolved_law_and_citation_audit	git_revision_or_live_owner	static_inbound_link_scan_at_d17910d3
archive/cpp-engine/tests/conformance/r33_host_model.hpp	179	frozen_archive	0	unresolved	unresolved_law_and_citation_audit	git_revision_or_live_owner	static_inbound_link_scan_at_d17910d3
archive/cpp-engine/tests/conformance/r34_host_atlas.hpp	193	frozen_archive	0	unresolved	unresolved_law_and_citation_audit	git_revision_or_live_owner	static_inbound_link_scan_at_d17910d3
archive/cpp-engine/tests/conformance/r34_host_law.hpp	181	frozen_archive	0	unresolved	unresolved_law_and_citation_audit	git_revision_or_live_owner	static_inbound_link_scan_at_d17910d3
archive/cpp-engine/tests/conformance/r34_host_model.hpp	174	frozen_archive	0	unresolved	unresolved_law_and_citation_audit	git_revision_or_live_owner	static_inbound_link_scan_at_d17910d3
archive/cpp-engine/tests/conformance/r34_trace_fiber_host_conformance.cpp	34	frozen_archive	0	unresolved	unresolved_law_and_citation_audit	git_revision_or_live_owner	static_inbound_link_scan_at_d17910d3
archive/cpp-engine/tests/conformance/r35_host_atlas.hpp	105	frozen_archive	0	unresolved	unresolved_law_and_citation_audit	git_revision_or_live_owner	static_inbound_link_scan_at_d17910d3
archive/cpp-engine/tests/conformance/r35_host_audit.hpp	125	frozen_archive	0	unresolved	unresolved_law_and_citation_audit	git_revision_or_live_owner	static_inbound_link_scan_at_d17910d3
archive/cpp-engine/tests/conformance/r35_host_exact.hpp	178	frozen_archive	0	unresolved	unresolved_law_and_citation_audit	git_revision_or_live_owner	static_inbound_link_scan_at_d17910d3
archive/cpp-engine/tests/conformance/r35_host_model.hpp	161	frozen_archive	0	unresolved	unresolved_law_and_citation_audit	git_revision_or_live_owner	static_inbound_link_scan_at_d17910d3
archive/cpp-engine/tests/conformance/r35_trace_rebase_host_conformance.cpp	36	frozen_archive	0	unresolved	unresolved_law_and_citation_audit	git_revision_or_live_owner	static_inbound_link_scan_at_d17910d3
archive/cpp-engine/tests/conformance/r3_source_host_conformance.cpp	26	frozen_archive	0	unresolved	unresolved_law_and_citation_audit	git_revision_or_live_owner	static_inbound_link_scan_at_d17910d3
archive/cpp-engine/tests/conformance/r4_body_host_conformance.cpp	35	frozen_archive	0	unresolved	unresolved_law_and_citation_audit	git_revision_or_live_owner	static_inbound_link_scan_at_d17910d3
archive/cpp-engine/tests/conformance/r5_current_host_conformance.cpp	33	frozen_archive	0	unresolved	unresolved_law_and_citation_audit	git_revision_or_live_owner	static_inbound_link_scan_at_d17910d3
archive/cpp-engine/tests/conformance/r6_weave_host_conformance.cpp	32	frozen_archive	0	unresolved	unresolved_law_and_citation_audit	git_revision_or_live_owner	static_inbound_link_scan_at_d17910d3
archive/cpp-engine/tests/conformance/r7_geometry_host_conformance.cpp	29	frozen_archive	0	unresolved	unresolved_law_and_citation_audit	git_revision_or_live_owner	static_inbound_link_scan_at_d17910d3
archive/cpp-engine/tests/conformance/r8_condensation_host_conformance.cpp	26	frozen_archive	0	unresolved	unresolved_law_and_citation_audit	git_revision_or_live_owner	static_inbound_link_scan_at_d17910d3
archive/cpp-engine/tests/conformance/r9_codec_host_conformance.cpp	53	frozen_archive	0	unresolved	unresolved_law_and_citation_audit	git_revision_or_live_owner	static_inbound_link_scan_at_d17910d3
archive/cpp-engine/tests/conformance/spine_host_conformance.cpp	97	frozen_archive	0	unresolved	unresolved_law_and_citation_audit	git_revision_or_live_owner	static_inbound_link_scan_at_d17910d3
archive/cpp-engine/tests/fixtures/R3_CONSTRUCTION_STATE.md	48	frozen_archive	0	unresolved	unresolved_law_and_citation_audit	git_revision_or_live_owner	static_inbound_link_scan_at_d17910d3
archive/cpp-engine/tests/fixtures/r9_reflective_codec.hcodec	1	frozen_archive	0	unresolved	unresolved_law_and_citation_audit	git_revision_or_live_owner	static_inbound_link_scan_at_d17910d3
archive/cpp-engine/tests/model/cost_cases.cpp	91	frozen_archive	0	unresolved	unresolved_law_and_citation_audit	git_revision_or_live_owner	static_inbound_link_scan_at_d17910d3
archive/cpp-engine/tests/model/ecology_cases.cpp	311	frozen_archive	0	unresolved	unresolved_law_and_citation_audit	git_revision_or_live_owner	static_inbound_link_scan_at_d17910d3
archive/cpp-engine/tests/model/ecology_cases.hpp	77	frozen_archive	0	unresolved	unresolved_law_and_citation_audit	git_revision_or_live_owner	static_inbound_link_scan_at_d17910d3
archive/cpp-engine/tests/model/enclosure_cases.cpp	242	frozen_archive	0	unresolved	unresolved_law_and_citation_audit	git_revision_or_live_owner	static_inbound_link_scan_at_d17910d3
archive/cpp-engine/tests/model/enclosure_cases.hpp	39	frozen_archive	0	unresolved	unresolved_law_and_citation_audit	git_revision_or_live_owner	static_inbound_link_scan_at_d17910d3
archive/cpp-engine/tests/model/invariant_cases.cpp	87	frozen_archive	0	unresolved	unresolved_law_and_citation_audit	git_revision_or_live_owner	static_inbound_link_scan_at_d17910d3
archive/cpp-engine/tests/model/r10_artifact.cpp	95	frozen_archive	0	unresolved	unresolved_law_and_citation_audit	git_revision_or_live_owner	static_inbound_link_scan_at_d17910d3
archive/cpp-engine/tests/model/r10_artifact.hpp	13	frozen_archive	0	unresolved	unresolved_law_and_citation_audit	git_revision_or_live_owner	static_inbound_link_scan_at_d17910d3
archive/cpp-engine/tests/model/r10_cases.cpp	23	frozen_archive	0	unresolved	unresolved_law_and_citation_audit	git_revision_or_live_owner	static_inbound_link_scan_at_d17910d3
archive/cpp-engine/tests/model/r10_oracle.cpp	8	frozen_archive	0	unresolved	unresolved_law_and_citation_audit	git_revision_or_live_owner	static_inbound_link_scan_at_d17910d3
archive/cpp-engine/tests/model/r10_oracle.hpp	21	frozen_archive	0	unresolved	unresolved_law_and_citation_audit	git_revision_or_live_owner	static_inbound_link_scan_at_d17910d3
archive/cpp-engine/tests/model/r10_verify.cpp	70	frozen_archive	0	unresolved	unresolved_law_and_citation_audit	git_revision_or_live_owner	static_inbound_link_scan_at_d17910d3
archive/cpp-engine/tests/model/r10_verify.hpp	14	frozen_archive	0	unresolved	unresolved_law_and_citation_audit	git_revision_or_live_owner	static_inbound_link_scan_at_d17910d3
archive/cpp-engine/tests/model/r11_artifact.cpp	79	frozen_archive	0	unresolved	unresolved_law_and_citation_audit	git_revision_or_live_owner	static_inbound_link_scan_at_d17910d3
archive/cpp-engine/tests/model/r11_artifact.hpp	20	frozen_archive	0	unresolved	unresolved_law_and_citation_audit	git_revision_or_live_owner	static_inbound_link_scan_at_d17910d3
archive/cpp-engine/tests/model/r11_cases.cpp	109	frozen_archive	0	unresolved	unresolved_law_and_citation_audit	git_revision_or_live_owner	static_inbound_link_scan_at_d17910d3
archive/cpp-engine/tests/model/r11_cases.hpp	12	frozen_archive	0	unresolved	unresolved_law_and_citation_audit	git_revision_or_live_owner	static_inbound_link_scan_at_d17910d3
archive/cpp-engine/tests/model/r11_oracle.cpp	8	frozen_archive	0	unresolved	unresolved_law_and_citation_audit	git_revision_or_live_owner	static_inbound_link_scan_at_d17910d3
archive/cpp-engine/tests/model/r11_oracle.hpp	19	frozen_archive	0	unresolved	unresolved_law_and_citation_audit	git_revision_or_live_owner	static_inbound_link_scan_at_d17910d3
archive/cpp-engine/tests/model/r11_verify.cpp	62	frozen_archive	0	unresolved	unresolved_law_and_citation_audit	git_revision_or_live_owner	static_inbound_link_scan_at_d17910d3
archive/cpp-engine/tests/model/r11_verify.hpp	21	frozen_archive	0	unresolved	unresolved_law_and_citation_audit	git_revision_or_live_owner	static_inbound_link_scan_at_d17910d3
archive/cpp-engine/tests/model/r18_artifact.cpp	122	frozen_archive	0	unresolved	unresolved_law_and_citation_audit	git_revision_or_live_owner	static_inbound_link_scan_at_d17910d3
archive/cpp-engine/tests/model/r18_artifact.hpp	21	frozen_archive	0	unresolved	unresolved_law_and_citation_audit	git_revision_or_live_owner	static_inbound_link_scan_at_d17910d3
archive/cpp-engine/tests/model/r18_cases.cpp	44	frozen_archive	0	unresolved	unresolved_law_and_citation_audit	git_revision_or_live_owner	static_inbound_link_scan_at_d17910d3
archive/cpp-engine/tests/model/r18_cases.hpp	11	frozen_archive	0	unresolved	unresolved_law_and_citation_audit	git_revision_or_live_owner	static_inbound_link_scan_at_d17910d3
archive/cpp-engine/tests/model/r18_verify.cpp	123	frozen_archive	0	unresolved	unresolved_law_and_citation_audit	git_revision_or_live_owner	static_inbound_link_scan_at_d17910d3
archive/cpp-engine/tests/model/r18_verify.hpp	16	frozen_archive	0	unresolved	unresolved_law_and_citation_audit	git_revision_or_live_owner	static_inbound_link_scan_at_d17910d3
archive/cpp-engine/tests/model/r19_artifact.cpp	117	frozen_archive	0	unresolved	unresolved_law_and_citation_audit	git_revision_or_live_owner	static_inbound_link_scan_at_d17910d3
archive/cpp-engine/tests/model/r19_artifact.hpp	19	frozen_archive	0	unresolved	unresolved_law_and_citation_audit	git_revision_or_live_owner	static_inbound_link_scan_at_d17910d3
archive/cpp-engine/tests/model/r19_cases.cpp	46	frozen_archive	0	unresolved	unresolved_law_and_citation_audit	git_revision_or_live_owner	static_inbound_link_scan_at_d17910d3
archive/cpp-engine/tests/model/r19_cases.hpp	11	frozen_archive	0	unresolved	unresolved_law_and_citation_audit	git_revision_or_live_owner	static_inbound_link_scan_at_d17910d3
archive/cpp-engine/tests/model/r19_verify.cpp	136	frozen_archive	0	unresolved	unresolved_law_and_citation_audit	git_revision_or_live_owner	static_inbound_link_scan_at_d17910d3
archive/cpp-engine/tests/model/r19_verify.hpp	16	frozen_archive	0	unresolved	unresolved_law_and_citation_audit	git_revision_or_live_owner	static_inbound_link_scan_at_d17910d3
archive/cpp-engine/tests/model/r1_artifact.cpp	81	frozen_archive	0	unresolved	unresolved_law_and_citation_audit	git_revision_or_live_owner	static_inbound_link_scan_at_d17910d3
archive/cpp-engine/tests/model/r1_artifact.hpp	20	frozen_archive	0	unresolved	unresolved_law_and_citation_audit	git_revision_or_live_owner	static_inbound_link_scan_at_d17910d3
archive/cpp-engine/tests/model/r1_cases.cpp	226	frozen_archive	0	unresolved	unresolved_law_and_citation_audit	git_revision_or_live_owner	static_inbound_link_scan_at_d17910d3
archive/cpp-engine/tests/model/r1_cases.hpp	20	frozen_archive	0	unresolved	unresolved_law_and_citation_audit	git_revision_or_live_owner	static_inbound_link_scan_at_d17910d3
archive/cpp-engine/tests/model/r1_oracle.cpp	327	frozen_archive	0	unresolved	unresolved_law_and_citation_audit	git_revision_or_live_owner	static_inbound_link_scan_at_d17910d3
archive/cpp-engine/tests/model/r1_oracle.hpp	12	frozen_archive	0	unresolved	unresolved_law_and_citation_audit	git_revision_or_live_owner	static_inbound_link_scan_at_d17910d3
archive/cpp-engine/tests/model/r20_artifact.cpp	190	frozen_archive	0	unresolved	unresolved_law_and_citation_audit	git_revision_or_live_owner	static_inbound_link_scan_at_d17910d3
archive/cpp-engine/tests/model/r20_artifact.hpp	19	frozen_archive	0	unresolved	unresolved_law_and_citation_audit	git_revision_or_live_owner	static_inbound_link_scan_at_d17910d3
archive/cpp-engine/tests/model/r20_cases.cpp	49	frozen_archive	0	unresolved	unresolved_law_and_citation_audit	git_revision_or_live_owner	static_inbound_link_scan_at_d17910d3
archive/cpp-engine/tests/model/r20_cases.hpp	11	frozen_archive	0	unresolved	unresolved_law_and_citation_audit	git_revision_or_live_owner	static_inbound_link_scan_at_d17910d3
archive/cpp-engine/tests/model/r20_verify.cpp	162	frozen_archive	0	unresolved	unresolved_law_and_citation_audit	git_revision_or_live_owner	static_inbound_link_scan_at_d17910d3
archive/cpp-engine/tests/model/r20_verify.hpp	16	frozen_archive	0	unresolved	unresolved_law_and_citation_audit	git_revision_or_live_owner	static_inbound_link_scan_at_d17910d3
archive/cpp-engine/tests/model/r21_artifact.cpp	95	frozen_archive	0	unresolved	unresolved_law_and_citation_audit	git_revision_or_live_owner	static_inbound_link_scan_at_d17910d3
archive/cpp-engine/tests/model/r21_artifact.hpp	23	frozen_archive	0	unresolved	unresolved_law_and_citation_audit	git_revision_or_live_owner	static_inbound_link_scan_at_d17910d3
archive/cpp-engine/tests/model/r21_atlas.cpp	100	frozen_archive	0	unresolved	unresolved_law_and_citation_audit	git_revision_or_live_owner	static_inbound_link_scan_at_d17910d3
archive/cpp-engine/tests/model/r21_cases.cpp	89	frozen_archive	0	unresolved	unresolved_law_and_citation_audit	git_revision_or_live_owner	static_inbound_link_scan_at_d17910d3
archive/cpp-engine/tests/model/r21_cases.hpp	15	frozen_archive	0	unresolved	unresolved_law_and_citation_audit	git_revision_or_live_owner	static_inbound_link_scan_at_d17910d3
archive/cpp-engine/tests/model/r21_verify.cpp	188	frozen_archive	0	unresolved	unresolved_law_and_citation_audit	git_revision_or_live_owner	static_inbound_link_scan_at_d17910d3
archive/cpp-engine/tests/model/r21_verify.hpp	24	frozen_archive	0	unresolved	unresolved_law_and_citation_audit	git_revision_or_live_owner	static_inbound_link_scan_at_d17910d3
archive/cpp-engine/tests/model/r22_artifact.cpp	104	frozen_archive	0	unresolved	unresolved_law_and_citation_audit	git_revision_or_live_owner	static_inbound_link_scan_at_d17910d3
archive/cpp-engine/tests/model/r22_artifact.hpp	22	frozen_archive	0	unresolved	unresolved_law_and_citation_audit	git_revision_or_live_owner	static_inbound_link_scan_at_d17910d3
archive/cpp-engine/tests/model/r22_atlas.cpp	85	frozen_archive	0	unresolved	unresolved_law_and_citation_audit	git_revision_or_live_owner	static_inbound_link_scan_at_d17910d3
archive/cpp-engine/tests/model/r22_cases.cpp	76	frozen_archive	0	unresolved	unresolved_law_and_citation_audit	git_revision_or_live_owner	static_inbound_link_scan_at_d17910d3
archive/cpp-engine/tests/model/r22_cases.hpp	13	frozen_archive	0	unresolved	unresolved_law_and_citation_audit	git_revision_or_live_owner	static_inbound_link_scan_at_d17910d3
archive/cpp-engine/tests/model/r22_verify.cpp	174	frozen_archive	0	unresolved	unresolved_law_and_citation_audit	git_revision_or_live_owner	static_inbound_link_scan_at_d17910d3
archive/cpp-engine/tests/model/r22_verify.hpp	20	frozen_archive	0	unresolved	unresolved_law_and_citation_audit	git_revision_or_live_owner	static_inbound_link_scan_at_d17910d3
archive/cpp-engine/tests/model/r23_artifact.cpp	231	frozen_archive	0	unresolved	unresolved_law_and_citation_audit	git_revision_or_live_owner	static_inbound_link_scan_at_d17910d3
archive/cpp-engine/tests/model/r23_artifact.hpp	22	frozen_archive	0	unresolved	unresolved_law_and_citation_audit	git_revision_or_live_owner	static_inbound_link_scan_at_d17910d3
archive/cpp-engine/tests/model/r23_cases.cpp	73	frozen_archive	0	unresolved	unresolved_law_and_citation_audit	git_revision_or_live_owner	static_inbound_link_scan_at_d17910d3
archive/cpp-engine/tests/model/r23_cases.hpp	13	frozen_archive	0	unresolved	unresolved_law_and_citation_audit	git_revision_or_live_owner	static_inbound_link_scan_at_d17910d3
archive/cpp-engine/tests/model/r23_verify.cpp	212	frozen_archive	0	unresolved	unresolved_law_and_citation_audit	git_revision_or_live_owner	static_inbound_link_scan_at_d17910d3
archive/cpp-engine/tests/model/r23_verify.hpp	20	frozen_archive	0	unresolved	unresolved_law_and_citation_audit	git_revision_or_live_owner	static_inbound_link_scan_at_d17910d3
archive/cpp-engine/tests/model/r24_artifact.cpp	176	frozen_archive	0	unresolved	unresolved_law_and_citation_audit	git_revision_or_live_owner	static_inbound_link_scan_at_d17910d3
archive/cpp-engine/tests/model/r24_artifact.hpp	22	frozen_archive	0	unresolved	unresolved_law_and_citation_audit	git_revision_or_live_owner	static_inbound_link_scan_at_d17910d3
archive/cpp-engine/tests/model/r24_cases.cpp	57	frozen_archive	0	unresolved	unresolved_law_and_citation_audit	git_revision_or_live_owner	static_inbound_link_scan_at_d17910d3
archive/cpp-engine/tests/model/r24_cases.hpp	13	frozen_archive	0	unresolved	unresolved_law_and_citation_audit	git_revision_or_live_owner	static_inbound_link_scan_at_d17910d3
archive/cpp-engine/tests/model/r24_verify.cpp	94	frozen_archive	0	unresolved	unresolved_law_and_citation_audit	git_revision_or_live_owner	static_inbound_link_scan_at_d17910d3
archive/cpp-engine/tests/model/r24_verify.hpp	20	frozen_archive	0	unresolved	unresolved_law_and_citation_audit	git_revision_or_live_owner	static_inbound_link_scan_at_d17910d3
archive/cpp-engine/tests/model/r25_artifact.cpp	182	frozen_archive	0	unresolved	unresolved_law_and_citation_audit	git_revision_or_live_owner	static_inbound_link_scan_at_d17910d3
archive/cpp-engine/tests/model/r25_artifact.hpp	22	frozen_archive	0	unresolved	unresolved_law_and_citation_audit	git_revision_or_live_owner	static_inbound_link_scan_at_d17910d3
archive/cpp-engine/tests/model/r25_cases.cpp	37	frozen_archive	0	unresolved	unresolved_law_and_citation_audit	git_revision_or_live_owner	static_inbound_link_scan_at_d17910d3
archive/cpp-engine/tests/model/r25_cases.hpp	14	frozen_archive	0	unresolved	unresolved_law_and_citation_audit	git_revision_or_live_owner	static_inbound_link_scan_at_d17910d3
archive/cpp-engine/tests/model/r25_verify.cpp	104	frozen_archive	0	unresolved	unresolved_law_and_citation_audit	git_revision_or_live_owner	static_inbound_link_scan_at_d17910d3
archive/cpp-engine/tests/model/r25_verify.hpp	19	frozen_archive	0	unresolved	unresolved_law_and_citation_audit	git_revision_or_live_owner	static_inbound_link_scan_at_d17910d3
archive/cpp-engine/tests/model/r26_artifact.cpp	105	frozen_archive	0	unresolved	unresolved_law_and_citation_audit	git_revision_or_live_owner	static_inbound_link_scan_at_d17910d3
archive/cpp-engine/tests/model/r26_artifact.hpp	20	frozen_archive	0	unresolved	unresolved_law_and_citation_audit	git_revision_or_live_owner	static_inbound_link_scan_at_d17910d3
archive/cpp-engine/tests/model/r26_atlas.cpp	128	frozen_archive	0	unresolved	unresolved_law_and_citation_audit	git_revision_or_live_owner	static_inbound_link_scan_at_d17910d3
archive/cpp-engine/tests/model/r26_cases.cpp	48	frozen_archive	0	unresolved	unresolved_law_and_citation_audit	git_revision_or_live_owner	static_inbound_link_scan_at_d17910d3
archive/cpp-engine/tests/model/r26_cases.hpp	14	frozen_archive	0	unresolved	unresolved_law_and_citation_audit	git_revision_or_live_owner	static_inbound_link_scan_at_d17910d3
archive/cpp-engine/tests/model/r26_verify.cpp	159	frozen_archive	0	unresolved	unresolved_law_and_citation_audit	git_revision_or_live_owner	static_inbound_link_scan_at_d17910d3
archive/cpp-engine/tests/model/r26_verify.hpp	16	frozen_archive	0	unresolved	unresolved_law_and_citation_audit	git_revision_or_live_owner	static_inbound_link_scan_at_d17910d3
archive/cpp-engine/tests/model/r27_artifact.cpp	102	frozen_archive	0	unresolved	unresolved_law_and_citation_audit	git_revision_or_live_owner	static_inbound_link_scan_at_d17910d3
archive/cpp-engine/tests/model/r27_artifact.hpp	19	frozen_archive	0	unresolved	unresolved_law_and_citation_audit	git_revision_or_live_owner	static_inbound_link_scan_at_d17910d3
archive/cpp-engine/tests/model/r27_atlas.cpp	175	frozen_archive	0	unresolved	unresolved_law_and_citation_audit	git_revision_or_live_owner	static_inbound_link_scan_at_d17910d3
archive/cpp-engine/tests/model/r27_atlas.hpp	10	frozen_archive	0	unresolved	unresolved_law_and_citation_audit	git_revision_or_live_owner	static_inbound_link_scan_at_d17910d3
archive/cpp-engine/tests/model/r27_cases.cpp	62	frozen_archive	0	unresolved	unresolved_law_and_citation_audit	git_revision_or_live_owner	static_inbound_link_scan_at_d17910d3
archive/cpp-engine/tests/model/r27_cases.hpp	12	frozen_archive	0	unresolved	unresolved_law_and_citation_audit	git_revision_or_live_owner	static_inbound_link_scan_at_d17910d3
archive/cpp-engine/tests/model/r27_verify.cpp	144	frozen_archive	0	unresolved	unresolved_law_and_citation_audit	git_revision_or_live_owner	static_inbound_link_scan_at_d17910d3
archive/cpp-engine/tests/model/r27_verify.hpp	16	frozen_archive	0	unresolved	unresolved_law_and_citation_audit	git_revision_or_live_owner	static_inbound_link_scan_at_d17910d3
archive/cpp-engine/tests/model/r28_artifact.cpp	76	frozen_archive	0	unresolved	unresolved_law_and_citation_audit	git_revision_or_live_owner	static_inbound_link_scan_at_d17910d3
archive/cpp-engine/tests/model/r28_artifact.hpp	17	frozen_archive	0	unresolved	unresolved_law_and_citation_audit	git_revision_or_live_owner	static_inbound_link_scan_at_d17910d3
archive/cpp-engine/tests/model/r28_atlas.cpp	190	frozen_archive	0	unresolved	unresolved_law_and_citation_audit	git_revision_or_live_owner	static_inbound_link_scan_at_d17910d3
archive/cpp-engine/tests/model/r28_atlas.hpp	12	frozen_archive	0	unresolved	unresolved_law_and_citation_audit	git_revision_or_live_owner	static_inbound_link_scan_at_d17910d3
archive/cpp-engine/tests/model/r28_cases.cpp	49	frozen_archive	0	unresolved	unresolved_law_and_citation_audit	git_revision_or_live_owner	static_inbound_link_scan_at_d17910d3
archive/cpp-engine/tests/model/r28_cases.hpp	12	frozen_archive	0	unresolved	unresolved_law_and_citation_audit	git_revision_or_live_owner	static_inbound_link_scan_at_d17910d3
archive/cpp-engine/tests/model/r28_verify.cpp	109	frozen_archive	0	unresolved	unresolved_law_and_citation_audit	git_revision_or_live_owner	static_inbound_link_scan_at_d17910d3
archive/cpp-engine/tests/model/r28_verify.hpp	15	frozen_archive	0	unresolved	unresolved_law_and_citation_audit	git_revision_or_live_owner	static_inbound_link_scan_at_d17910d3
archive/cpp-engine/tests/model/r29_artifact.cpp	77	frozen_archive	0	unresolved	unresolved_law_and_citation_audit	git_revision_or_live_owner	static_inbound_link_scan_at_d17910d3
archive/cpp-engine/tests/model/r29_artifact.hpp	18	frozen_archive	0	unresolved	unresolved_law_and_citation_audit	git_revision_or_live_owner	static_inbound_link_scan_at_d17910d3
archive/cpp-engine/tests/model/r29_atlas.cpp	182	frozen_archive	0	unresolved	unresolved_law_and_citation_audit	git_revision_or_live_owner	static_inbound_link_scan_at_d17910d3
archive/cpp-engine/tests/model/r29_atlas.hpp	13	frozen_archive	0	unresolved	unresolved_law_and_citation_audit	git_revision_or_live_owner	static_inbound_link_scan_at_d17910d3
archive/cpp-engine/tests/model/r29_cases.cpp	29	frozen_archive	0	unresolved	unresolved_law_and_citation_audit	git_revision_or_live_owner	static_inbound_link_scan_at_d17910d3
archive/cpp-engine/tests/model/r29_cases.hpp	12	frozen_archive	0	unresolved	unresolved_law_and_citation_audit	git_revision_or_live_owner	static_inbound_link_scan_at_d17910d3
archive/cpp-engine/tests/model/r29_reference.cpp	109	frozen_archive	0	unresolved	unresolved_law_and_citation_audit	git_revision_or_live_owner	static_inbound_link_scan_at_d17910d3
archive/cpp-engine/tests/model/r29_reference.hpp	23	frozen_archive	0	unresolved	unresolved_law_and_citation_audit	git_revision_or_live_owner	static_inbound_link_scan_at_d17910d3
archive/cpp-engine/tests/model/r29_reference_field.cpp	117	frozen_archive	0	unresolved	unresolved_law_and_citation_audit	git_revision_or_live_owner	static_inbound_link_scan_at_d17910d3
archive/cpp-engine/tests/model/r29_reference_field.hpp	25	frozen_archive	0	unresolved	unresolved_law_and_citation_audit	git_revision_or_live_owner	static_inbound_link_scan_at_d17910d3
archive/cpp-engine/tests/model/r29_verify.cpp	141	frozen_archive	0	unresolved	unresolved_law_and_citation_audit	git_revision_or_live_owner	static_inbound_link_scan_at_d17910d3
archive/cpp-engine/tests/model/r29_verify.hpp	16	frozen_archive	0	unresolved	unresolved_law_and_citation_audit	git_revision_or_live_owner	static_inbound_link_scan_at_d17910d3
archive/cpp-engine/tests/model/r2_artifact.cpp	75	frozen_archive	0	unresolved	unresolved_law_and_citation_audit	git_revision_or_live_owner	static_inbound_link_scan_at_d17910d3
archive/cpp-engine/tests/model/r2_artifact.hpp	18	frozen_archive	0	unresolved	unresolved_law_and_citation_audit	git_revision_or_live_owner	static_inbound_link_scan_at_d17910d3
archive/cpp-engine/tests/model/r2_cases.cpp	136	frozen_archive	0	unresolved	unresolved_law_and_citation_audit	git_revision_or_live_owner	static_inbound_link_scan_at_d17910d3
archive/cpp-engine/tests/model/r2_cases.hpp	16	frozen_archive	0	unresolved	unresolved_law_and_citation_audit	git_revision_or_live_owner	static_inbound_link_scan_at_d17910d3
archive/cpp-engine/tests/model/r2_verify.cpp	235	frozen_archive	0	unresolved	unresolved_law_and_citation_audit	git_revision_or_live_owner	static_inbound_link_scan_at_d17910d3
archive/cpp-engine/tests/model/r2_verify.hpp	13	frozen_archive	0	unresolved	unresolved_law_and_citation_audit	git_revision_or_live_owner	static_inbound_link_scan_at_d17910d3
archive/cpp-engine/tests/model/r30_artifact.cpp	104	frozen_archive	0	unresolved	unresolved_law_and_citation_audit	git_revision_or_live_owner	static_inbound_link_scan_at_d17910d3
archive/cpp-engine/tests/model/r30_artifact.hpp	13	frozen_archive	0	unresolved	unresolved_law_and_citation_audit	git_revision_or_live_owner	static_inbound_link_scan_at_d17910d3
archive/cpp-engine/tests/model/r30_atlas.cpp	88	frozen_archive	0	unresolved	unresolved_law_and_citation_audit	git_revision_or_live_owner	static_inbound_link_scan_at_d17910d3
archive/cpp-engine/tests/model/r30_atlas.hpp	7	frozen_archive	0	unresolved	unresolved_law_and_citation_audit	git_revision_or_live_owner	static_inbound_link_scan_at_d17910d3
archive/cpp-engine/tests/model/r30_cases.cpp	63	frozen_archive	0	unresolved	unresolved_law_and_citation_audit	git_revision_or_live_owner	static_inbound_link_scan_at_d17910d3
archive/cpp-engine/tests/model/r30_cases.hpp	12	frozen_archive	0	unresolved	unresolved_law_and_citation_audit	git_revision_or_live_owner	static_inbound_link_scan_at_d17910d3
archive/cpp-engine/tests/model/r30_reference.cpp	93	frozen_archive	0	unresolved	unresolved_law_and_citation_audit	git_revision_or_live_owner	static_inbound_link_scan_at_d17910d3
archive/cpp-engine/tests/model/r30_reference.hpp	18	frozen_archive	0	unresolved	unresolved_law_and_citation_audit	git_revision_or_live_owner	static_inbound_link_scan_at_d17910d3
archive/cpp-engine/tests/model/r30_reference_field.cpp	230	frozen_archive	0	unresolved	unresolved_law_and_citation_audit	git_revision_or_live_owner	static_inbound_link_scan_at_d17910d3
archive/cpp-engine/tests/model/r30_reference_field.hpp	54	frozen_archive	0	unresolved	unresolved_law_and_citation_audit	git_revision_or_live_owner	static_inbound_link_scan_at_d17910d3
archive/cpp-engine/tests/model/r30_verify.cpp	210	frozen_archive	0	unresolved	unresolved_law_and_citation_audit	git_revision_or_live_owner	static_inbound_link_scan_at_d17910d3
archive/cpp-engine/tests/model/r30_verify.hpp	12	frozen_archive	0	unresolved	unresolved_law_and_citation_audit	git_revision_or_live_owner	static_inbound_link_scan_at_d17910d3
archive/cpp-engine/tests/model/r31_host_cards.cpp	31	frozen_archive	0	unresolved	unresolved_law_and_citation_audit	git_revision_or_live_owner	static_inbound_link_scan_at_d17910d3
archive/cpp-engine/tests/model/r31_host_heldout.cpp	40	frozen_archive	0	unresolved	unresolved_law_and_citation_audit	git_revision_or_live_owner	static_inbound_link_scan_at_d17910d3
archive/cpp-engine/tests/model/r31_host_reference.cpp	69	frozen_archive	0	unresolved	unresolved_law_and_citation_audit	git_revision_or_live_owner	static_inbound_link_scan_at_d17910d3
archive/cpp-engine/tests/model/r31_host_reference.hpp	13	frozen_archive	0	unresolved	unresolved_law_and_citation_audit	git_revision_or_live_owner	static_inbound_link_scan_at_d17910d3
archive/cpp-engine/tests/model/r3_artifact.cpp	89	frozen_archive	0	unresolved	unresolved_law_and_citation_audit	git_revision_or_live_owner	static_inbound_link_scan_at_d17910d3
archive/cpp-engine/tests/model/r3_artifact.hpp	22	frozen_archive	0	unresolved	unresolved_law_and_citation_audit	git_revision_or_live_owner	static_inbound_link_scan_at_d17910d3
archive/cpp-engine/tests/model/r3_verify.cpp	297	frozen_archive	0	unresolved	unresolved_law_and_citation_audit	git_revision_or_live_owner	static_inbound_link_scan_at_d17910d3
archive/cpp-engine/tests/model/r3_verify.hpp	24	frozen_archive	0	unresolved	unresolved_law_and_citation_audit	git_revision_or_live_owner	static_inbound_link_scan_at_d17910d3
archive/cpp-engine/tests/model/r4_artifact.cpp	42	frozen_archive	0	unresolved	unresolved_law_and_citation_audit	git_revision_or_live_owner	static_inbound_link_scan_at_d17910d3
archive/cpp-engine/tests/model/r4_artifact.hpp	16	frozen_archive	0	unresolved	unresolved_law_and_citation_audit	git_revision_or_live_owner	static_inbound_link_scan_at_d17910d3
archive/cpp-engine/tests/model/r4_verify.cpp	90	frozen_archive	0	unresolved	unresolved_law_and_citation_audit	git_revision_or_live_owner	static_inbound_link_scan_at_d17910d3
archive/cpp-engine/tests/model/r4_verify.hpp	16	frozen_archive	0	unresolved	unresolved_law_and_citation_audit	git_revision_or_live_owner	static_inbound_link_scan_at_d17910d3
archive/cpp-engine/tests/model/r5_artifact.cpp	111	frozen_archive	0	unresolved	unresolved_law_and_citation_audit	git_revision_or_live_owner	static_inbound_link_scan_at_d17910d3
archive/cpp-engine/tests/model/r5_artifact.hpp	16	frozen_archive	0	unresolved	unresolved_law_and_citation_audit	git_revision_or_live_owner	static_inbound_link_scan_at_d17910d3
archive/cpp-engine/tests/model/r5_cases.cpp	114	frozen_archive	0	unresolved	unresolved_law_and_citation_audit	git_revision_or_live_owner	static_inbound_link_scan_at_d17910d3
archive/cpp-engine/tests/model/r5_cases.hpp	9	frozen_archive	0	unresolved	unresolved_law_and_citation_audit	git_revision_or_live_owner	static_inbound_link_scan_at_d17910d3
archive/cpp-engine/tests/model/r5_oracle.cpp	229	frozen_archive	0	unresolved	unresolved_law_and_citation_audit	git_revision_or_live_owner	static_inbound_link_scan_at_d17910d3
archive/cpp-engine/tests/model/r5_oracle.hpp	10	frozen_archive	0	unresolved	unresolved_law_and_citation_audit	git_revision_or_live_owner	static_inbound_link_scan_at_d17910d3
archive/cpp-engine/tests/model/r5_verify.cpp	120	frozen_archive	0	unresolved	unresolved_law_and_citation_audit	git_revision_or_live_owner	static_inbound_link_scan_at_d17910d3
archive/cpp-engine/tests/model/r5_verify.hpp	16	frozen_archive	0	unresolved	unresolved_law_and_citation_audit	git_revision_or_live_owner	static_inbound_link_scan_at_d17910d3
archive/cpp-engine/tests/model/r6_artifact.cpp	151	frozen_archive	0	unresolved	unresolved_law_and_citation_audit	git_revision_or_live_owner	static_inbound_link_scan_at_d17910d3
archive/cpp-engine/tests/model/r6_artifact.hpp	15	frozen_archive	0	unresolved	unresolved_law_and_citation_audit	git_revision_or_live_owner	static_inbound_link_scan_at_d17910d3
archive/cpp-engine/tests/model/r6_cases.cpp	88	frozen_archive	0	unresolved	unresolved_law_and_citation_audit	git_revision_or_live_owner	static_inbound_link_scan_at_d17910d3
archive/cpp-engine/tests/model/r6_cases.hpp	9	frozen_archive	0	unresolved	unresolved_law_and_citation_audit	git_revision_or_live_owner	static_inbound_link_scan_at_d17910d3
archive/cpp-engine/tests/model/r6_oracle.cpp	149	frozen_archive	0	unresolved	unresolved_law_and_citation_audit	git_revision_or_live_owner	static_inbound_link_scan_at_d17910d3
archive/cpp-engine/tests/model/r6_oracle.hpp	10	frozen_archive	0	unresolved	unresolved_law_and_citation_audit	git_revision_or_live_owner	static_inbound_link_scan_at_d17910d3
archive/cpp-engine/tests/model/r6_verify.cpp	184	frozen_archive	0	unresolved	unresolved_law_and_citation_audit	git_revision_or_live_owner	static_inbound_link_scan_at_d17910d3
archive/cpp-engine/tests/model/r6_verify.hpp	15	frozen_archive	0	unresolved	unresolved_law_and_citation_audit	git_revision_or_live_owner	static_inbound_link_scan_at_d17910d3
archive/cpp-engine/tests/model/r7_artifact.cpp	146	frozen_archive	0	unresolved	unresolved_law_and_citation_audit	git_revision_or_live_owner	static_inbound_link_scan_at_d17910d3
archive/cpp-engine/tests/model/r7_artifact.hpp	15	frozen_archive	0	unresolved	unresolved_law_and_citation_audit	git_revision_or_live_owner	static_inbound_link_scan_at_d17910d3
archive/cpp-engine/tests/model/r7_cases.cpp	109	frozen_archive	0	unresolved	unresolved_law_and_citation_audit	git_revision_or_live_owner	static_inbound_link_scan_at_d17910d3
archive/cpp-engine/tests/model/r7_cases.hpp	9	frozen_archive	0	unresolved	unresolved_law_and_citation_audit	git_revision_or_live_owner	static_inbound_link_scan_at_d17910d3
archive/cpp-engine/tests/model/r7_oracle.cpp	124	frozen_archive	0	unresolved	unresolved_law_and_citation_audit	git_revision_or_live_owner	static_inbound_link_scan_at_d17910d3
archive/cpp-engine/tests/model/r7_oracle.hpp	10	frozen_archive	0	unresolved	unresolved_law_and_citation_audit	git_revision_or_live_owner	static_inbound_link_scan_at_d17910d3
archive/cpp-engine/tests/model/r7_verify.cpp	225	frozen_archive	0	unresolved	unresolved_law_and_citation_audit	git_revision_or_live_owner	static_inbound_link_scan_at_d17910d3
archive/cpp-engine/tests/model/r7_verify.hpp	14	frozen_archive	0	unresolved	unresolved_law_and_citation_audit	git_revision_or_live_owner	static_inbound_link_scan_at_d17910d3
archive/cpp-engine/tests/model/r8_artifact.cpp	86	frozen_archive	0	unresolved	unresolved_law_and_citation_audit	git_revision_or_live_owner	static_inbound_link_scan_at_d17910d3
archive/cpp-engine/tests/model/r8_artifact.hpp	15	frozen_archive	0	unresolved	unresolved_law_and_citation_audit	git_revision_or_live_owner	static_inbound_link_scan_at_d17910d3
archive/cpp-engine/tests/model/r8_cases.cpp	62	frozen_archive	0	unresolved	unresolved_law_and_citation_audit	git_revision_or_live_owner	static_inbound_link_scan_at_d17910d3
archive/cpp-engine/tests/model/r8_cases.hpp	9	frozen_archive	0	unresolved	unresolved_law_and_citation_audit	git_revision_or_live_owner	static_inbound_link_scan_at_d17910d3
archive/cpp-engine/tests/model/r8_oracle.cpp	105	frozen_archive	0	unresolved	unresolved_law_and_citation_audit	git_revision_or_live_owner	static_inbound_link_scan_at_d17910d3
archive/cpp-engine/tests/model/r8_oracle.hpp	10	frozen_archive	0	unresolved	unresolved_law_and_citation_audit	git_revision_or_live_owner	static_inbound_link_scan_at_d17910d3
archive/cpp-engine/tests/model/r8_verify.cpp	113	frozen_archive	0	unresolved	unresolved_law_and_citation_audit	git_revision_or_live_owner	static_inbound_link_scan_at_d17910d3
archive/cpp-engine/tests/model/r8_verify.hpp	14	frozen_archive	0	unresolved	unresolved_law_and_citation_audit	git_revision_or_live_owner	static_inbound_link_scan_at_d17910d3
archive/cpp-engine/tests/model/r9_artifact.cpp	90	frozen_archive	0	unresolved	unresolved_law_and_citation_audit	git_revision_or_live_owner	static_inbound_link_scan_at_d17910d3
archive/cpp-engine/tests/model/r9_artifact.hpp	16	frozen_archive	0	unresolved	unresolved_law_and_citation_audit	git_revision_or_live_owner	static_inbound_link_scan_at_d17910d3
archive/cpp-engine/tests/model/r9_cases.cpp	34	frozen_archive	0	unresolved	unresolved_law_and_citation_audit	git_revision_or_live_owner	static_inbound_link_scan_at_d17910d3
archive/cpp-engine/tests/model/r9_cases.hpp	13	frozen_archive	0	unresolved	unresolved_law_and_citation_audit	git_revision_or_live_owner	static_inbound_link_scan_at_d17910d3
archive/cpp-engine/tests/model/r9_oracle.cpp	10	frozen_archive	0	unresolved	unresolved_law_and_citation_audit	git_revision_or_live_owner	static_inbound_link_scan_at_d17910d3
archive/cpp-engine/tests/model/r9_oracle.hpp	28	frozen_archive	0	unresolved	unresolved_law_and_citation_audit	git_revision_or_live_owner	static_inbound_link_scan_at_d17910d3
archive/cpp-engine/tests/model/r9_verify.cpp	85	frozen_archive	0	unresolved	unresolved_law_and_citation_audit	git_revision_or_live_owner	static_inbound_link_scan_at_d17910d3
archive/cpp-engine/tests/model/r9_verify.hpp	16	frozen_archive	0	unresolved	unresolved_law_and_citation_audit	git_revision_or_live_owner	static_inbound_link_scan_at_d17910d3
archive/cpp-engine/tests/model/spine_cases.cpp	320	frozen_archive	0	unresolved	unresolved_law_and_citation_audit	git_revision_or_live_owner	static_inbound_link_scan_at_d17910d3
archive/cpp-engine/tests/model/spine_cases.hpp	30	frozen_archive	0	unresolved	unresolved_law_and_citation_audit	git_revision_or_live_owner	static_inbound_link_scan_at_d17910d3
archive/equation-atlas/README.md	64	frozen_archive	2	unresolved	unresolved_law_and_citation_audit	git_revision_or_live_owner	static_inbound_link_scan_at_d17910d3
archive/equation-atlas/equations.jsonl	210	frozen_archive	1	unresolved	unresolved_law_and_citation_audit	git_revision_or_live_owner	static_inbound_link_scan_at_d17910d3
archive/equation-atlas/manifest.json	55	frozen_archive	0	unresolved	unresolved_law_and_citation_audit	git_revision_or_live_owner	static_inbound_link_scan_at_d17910d3
archive/equation-atlas/relations.jsonl	194	frozen_archive	0	unresolved	unresolved_law_and_citation_audit	git_revision_or_live_owner	static_inbound_link_scan_at_d17910d3
archive/equation-atlas/schema.json	131	frozen_archive	0	unresolved	unresolved_law_and_citation_audit	git_revision_or_live_owner	static_inbound_link_scan_at_d17910d3
archive/experiments/2026-09-04-additive-equalization/README.md	28	frozen_archive	0	unresolved	unresolved_law_and_citation_audit	git_revision_or_live_owner	static_inbound_link_scan_at_d17910d3
archive/experiments/2026-09-04-additive-equalization/integration.patch	107	frozen_archive	0	unresolved	unresolved_law_and_citation_audit	git_revision_or_live_owner	static_inbound_link_scan_at_d17910d3
archive/experiments/2026-09-04-additive-equalization/junction_return_hnp1.rs	155	frozen_archive	0	unresolved	unresolved_law_and_citation_audit	git_revision_or_live_owner	static_inbound_link_scan_at_d17910d3
archive/experiments/2026-09-04-additive-equalization/native-control.json	12301	frozen_archive	0	unresolved	unresolved_law_and_citation_audit	git_revision_or_live_owner	static_inbound_link_scan_at_d17910d3
archive/experiments/2026-09-04-additive-equalization/operative_contact.rs	517	frozen_archive	0	unresolved	unresolved_law_and_citation_audit	git_revision_or_live_owner	static_inbound_link_scan_at_d17910d3
archive/experiments/2026-09-05-tied-next-arrival/README.md	24	frozen_archive	5	unresolved	unresolved_law_and_citation_audit	git_revision_or_live_owner	static_inbound_link_scan_at_d17910d3
archive/experiments/2026-09-05-tied-next-arrival/boundary_contact_hnp4.rs	112	frozen_archive	0	unresolved	unresolved_law_and_citation_audit	git_revision_or_live_owner	static_inbound_link_scan_at_d17910d3
archive/experiments/2026-09-05-tied-next-arrival/boundary_restart_hnp4.rs	65	frozen_archive	0	unresolved	unresolved_law_and_citation_audit	git_revision_or_live_owner	static_inbound_link_scan_at_d17910d3
archive/experiments/2026-09-05-tied-next-arrival/integration.patch	2411	frozen_archive	0	unresolved	unresolved_law_and_citation_audit	git_revision_or_live_owner	static_inbound_link_scan_at_d17910d3
archive/experiments/2026-09-05-tied-next-arrival/operative_boundary_contact.rs	464	frozen_archive	0	unresolved	unresolved_law_and_citation_audit	git_revision_or_live_owner	static_inbound_link_scan_at_d17910d3
archive/implementations/2026-09-09-byte-field-cultivation/README.md	19	frozen_archive	7	unresolved	unresolved_law_and_citation_audit	git_revision_or_live_owner	static_inbound_link_scan_at_d17910d3
archive/implementations/2026-09-09-byte-field-cultivation/crates/holonics-hna/examples/alpha_actuation_restart.rs	69	frozen_archive	0	unresolved	unresolved_law_and_citation_audit	git_revision_or_live_owner	static_inbound_link_scan_at_d17910d3
archive/implementations/2026-09-09-byte-field-cultivation/crates/holonics-hna/examples/alpha_causal_propagation.rs	62	frozen_archive	0	unresolved	unresolved_law_and_citation_audit	git_revision_or_live_owner	static_inbound_link_scan_at_d17910d3
archive/implementations/2026-09-09-byte-field-cultivation/crates/holonics-hna/examples/alpha_contextual_lift.rs	288	frozen_archive	1	unresolved	unresolved_law_and_citation_audit	git_revision_or_live_owner	static_inbound_link_scan_at_d17910d3
archive/implementations/2026-09-09-byte-field-cultivation/crates/holonics-hna/examples/alpha_contextual_return.rs	141	frozen_archive	0	unresolved	unresolved_law_and_citation_audit	git_revision_or_live_owner	static_inbound_link_scan_at_d17910d3
archive/implementations/2026-09-09-byte-field-cultivation/crates/holonics-hna/examples/alpha_current_source.rs	167	frozen_archive	0	unresolved	unresolved_law_and_citation_audit	git_revision_or_live_owner	static_inbound_link_scan_at_d17910d3
archive/implementations/2026-09-09-byte-field-cultivation/crates/holonics-hna/examples/alpha_internal_mode.rs	125	frozen_archive	1	unresolved	unresolved_law_and_citation_audit	git_revision_or_live_owner	static_inbound_link_scan_at_d17910d3
archive/implementations/2026-09-09-byte-field-cultivation/crates/holonics-hna/examples/alpha_material.rs	673	frozen_archive	2	unresolved	unresolved_law_and_citation_audit	git_revision_or_live_owner	static_inbound_link_scan_at_d17910d3
archive/implementations/2026-09-09-byte-field-cultivation/crates/holonics-hna/examples/alpha_text.rs	891	frozen_archive	0	unresolved	unresolved_law_and_citation_audit	git_revision_or_live_owner	static_inbound_link_scan_at_d17910d3
archive/implementations/2026-09-09-byte-field-cultivation/crates/holonics-hna/examples/alpha_text/tests.rs	253	frozen_archive	0	unresolved	unresolved_law_and_citation_audit	git_revision_or_live_owner	static_inbound_link_scan_at_d17910d3
archive/implementations/2026-09-09-byte-field-cultivation/crates/holonics-hna/src/alpha.rs	13	frozen_archive	0	unresolved	unresolved_law_and_citation_audit	git_revision_or_live_owner	static_inbound_link_scan_at_d17910d3
archive/implementations/2026-09-09-byte-field-cultivation/crates/holonics-hna/src/alpha/checkpoint.rs	391	frozen_archive	0	unresolved	unresolved_law_and_citation_audit	git_revision_or_live_owner	static_inbound_link_scan_at_d17910d3
archive/implementations/2026-09-09-byte-field-cultivation/crates/holonics-hna/src/alpha/checkpoint/tests.rs	143	frozen_archive	0	unresolved	unresolved_law_and_citation_audit	git_revision_or_live_owner	static_inbound_link_scan_at_d17910d3
archive/implementations/2026-09-09-byte-field-cultivation/crates/holonics-hna/src/alpha/material.rs	251	frozen_archive	1	unresolved	unresolved_law_and_citation_audit	git_revision_or_live_owner	static_inbound_link_scan_at_d17910d3
archive/implementations/2026-09-09-byte-field-cultivation/crates/holonics-hna/src/alpha/text_codec.rs	347	frozen_archive	0	unresolved	unresolved_law_and_citation_audit	git_revision_or_live_owner	static_inbound_link_scan_at_d17910d3
archive/implementations/2026-09-09-byte-field-cultivation/crates/holonics-hna/src/alpha/text_session.rs	506	frozen_archive	0	unresolved	unresolved_law_and_citation_audit	git_revision_or_live_owner	static_inbound_link_scan_at_d17910d3
archive/implementations/2026-09-09-byte-field-cultivation/crates/holonics-hna/src/alpha/text_session/native_tests.rs	400	frozen_archive	0	unresolved	unresolved_law_and_citation_audit	git_revision_or_live_owner	static_inbound_link_scan_at_d17910d3
archive/implementations/2026-09-09-byte-field-cultivation/crates/holonics-hna/src/native/field.rs	133	frozen_archive	0	unresolved	unresolved_law_and_citation_audit	git_revision_or_live_owner	static_inbound_link_scan_at_d17910d3
archive/implementations/2026-09-09-byte-field-cultivation/crates/holonics-hna/src/native/field/checkpoint.rs	134	frozen_archive	0	unresolved	unresolved_law_and_citation_audit	git_revision_or_live_owner	static_inbound_link_scan_at_d17910d3
archive/implementations/2026-09-09-byte-field-cultivation/crates/holonics-hna/src/native/field/tests.rs	308	frozen_archive	0	unresolved	unresolved_law_and_citation_audit	git_revision_or_live_owner	static_inbound_link_scan_at_d17910d3
archive/implementations/2026-09-09-byte-field-cultivation/docs/NATIVE_HNA.md	643	frozen_archive	1	unresolved	unresolved_law_and_citation_audit	git_revision_or_live_owner	static_inbound_link_scan_at_d17910d3
archive/implementations/2026-09-13-fitted-wave-adapter/README.md	14	frozen_archive	1	unresolved	unresolved_law_and_citation_audit	git_revision_or_live_owner	static_inbound_link_scan_at_d17910d3
archive/implementations/2026-09-13-fitted-wave-adapter/adapter.patch	804	frozen_archive	0	unresolved	unresolved_law_and_citation_audit	git_revision_or_live_owner	static_inbound_link_scan_at_d17910d3
archive/implementations/2026-09-13-fitted-wave-adapter/normal_applied_relation.cuh.snapshot	82	frozen_archive	0	unresolved	unresolved_law_and_citation_audit	git_revision_or_live_owner	static_inbound_link_scan_at_d17910d3
archive/implementations/2026-09-13-fitted-wave-adapter/surface_normal_relation.rs.snapshot	48	frozen_archive	0	unresolved	unresolved_law_and_citation_audit	git_revision_or_live_owner	static_inbound_link_scan_at_d17910d3
archive/laboratory-physics/ARCHIVE_BANNER.md	71	frozen_archive	0	unresolved	unresolved_law_and_citation_audit	git_revision_or_live_owner	static_inbound_link_scan_at_d17910d3
archive/laboratory-physics/P1-gr-qm-unification.md	176	frozen_archive	0	unresolved	unresolved_law_and_citation_audit	git_revision_or_live_owner	static_inbound_link_scan_at_d17910d3
archive/laboratory-physics/P11-moire-the-beat-of-two-combs.md	173	frozen_archive	0	unresolved	unresolved_law_and_citation_audit	git_revision_or_live_owner	static_inbound_link_scan_at_d17910d3
archive/laboratory-physics/P12-weaving-vs-knitting.md	153	frozen_archive	0	unresolved	unresolved_law_and_citation_audit	git_revision_or_live_owner	static_inbound_link_scan_at_d17910d3
archive/laboratory-physics/P13-absorption-the-boost-to-rest.md	143	frozen_archive	0	unresolved	unresolved_law_and_citation_audit	git_revision_or_live_owner	static_inbound_link_scan_at_d17910d3
archive/laboratory-physics/P14-light-the-birth-of-the-euclidean-plane.md	123	frozen_archive	0	unresolved	unresolved_law_and_citation_audit	git_revision_or_live_owner	static_inbound_link_scan_at_d17910d3
archive/laboratory-physics/P15-holonic-relativity-the-algebra-c-unlocks.md	125	frozen_archive	0	unresolved	unresolved_law_and_citation_audit	git_revision_or_live_owner	static_inbound_link_scan_at_d17910d3
archive/laboratory-physics/P16-the-glass-cup-shape-finger-ear.md	97	frozen_archive	0	unresolved	unresolved_law_and_citation_audit	git_revision_or_live_owner	static_inbound_link_scan_at_d17910d3
archive/laboratory-physics/P17-qualia-pain-and-the-coherence-objective.md	172	frozen_archive	0	unresolved	unresolved_law_and_citation_audit	git_revision_or_live_owner	static_inbound_link_scan_at_d17910d3
archive/laboratory-physics/P18-stars-watch-us.md	168	frozen_archive	0	unresolved	unresolved_law_and_citation_audit	git_revision_or_live_owner	static_inbound_link_scan_at_d17910d3
archive/laboratory-physics/P19-e-and-pi-the-two-axes-of-the-objective.md	168	frozen_archive	0	unresolved	unresolved_law_and_citation_audit	git_revision_or_live_owner	static_inbound_link_scan_at_d17910d3
archive/laboratory-physics/P20-the-dark-sector.md	178	frozen_archive	1	unresolved	unresolved_law_and_citation_audit	git_revision_or_live_owner	static_inbound_link_scan_at_d17910d3
archive/laboratory-physics/P21-the-cosmic-divergence-theorem.md	183	frozen_archive	0	unresolved	unresolved_law_and_citation_audit	git_revision_or_live_owner	static_inbound_link_scan_at_d17910d3
archive/laboratory-physics/P22-the-field-equations-the-geometry-is-the-energy-flux-curvature.md	159	frozen_archive	0	unresolved	unresolved_law_and_citation_audit	git_revision_or_live_owner	static_inbound_link_scan_at_d17910d3
archive/laboratory-physics/P23-the-curvature-tensor-ricci-binds-weyl-propagates.md	139	frozen_archive	0	unresolved	unresolved_law_and_citation_audit	git_revision_or_live_owner	static_inbound_link_scan_at_d17910d3
archive/laboratory-physics/P24-the-stress-energy-tensor-the-stars-pressure.md	148	frozen_archive	0	unresolved	unresolved_law_and_citation_audit	git_revision_or_live_owner	static_inbound_link_scan_at_d17910d3
archive/laboratory-physics/P25-the-variational-derivation-the-lattice-is-the-field-equation.md	140	frozen_archive	0	unresolved	unresolved_law_and_citation_audit	git_revision_or_live_owner	static_inbound_link_scan_at_d17910d3
archive/laboratory-physics/P7-the-speed-of-light-derived.md	136	frozen_archive	0	unresolved	unresolved_law_and_citation_audit	git_revision_or_live_owner	static_inbound_link_scan_at_d17910d3
archive/laboratory-physics/P9-least-action-the-carnot-face.md	113	frozen_archive	0	unresolved	unresolved_law_and_citation_audit	git_revision_or_live_owner	static_inbound_link_scan_at_d17910d3
archive/laboratory-physics/README.md	92	frozen_archive	0	unresolved	unresolved_law_and_citation_audit	git_revision_or_live_owner	static_inbound_link_scan_at_d17910d3
archive/operations/2026-09-12_INFORMATION_ENGINE_BEFORE_FRONTIER_CONSOLIDATION.md	529	frozen_archive	4	unresolved	unresolved_law_and_citation_audit	git_revision_or_live_owner	static_inbound_link_scan_at_d17910d3
archive/operations/AGENT_PROTOCOL_BEFORE_PORTABLE_EVIDENCE.md	115	frozen_archive	1	unresolved	unresolved_law_and_citation_audit	git_revision_or_live_owner	static_inbound_link_scan_at_d17910d3
archive/operations/DOCUMENT_LAW_BEFORE_HNA_CONSOLIDATION.md	758	frozen_archive	1	unresolved	unresolved_law_and_citation_audit	git_revision_or_live_owner	static_inbound_link_scan_at_d17910d3
archive/operations/EXPERIMENT_READING_RULES_BEFORE_2026-09-20.md	54	frozen_archive	1	unresolved	unresolved_law_and_citation_audit	git_revision_or_live_owner	static_inbound_link_scan_at_d17910d3
archive/operations/OPERATING_CONTRACT_BEFORE_HNA_CONSOLIDATION.md	890	frozen_archive	0	unresolved	unresolved_law_and_citation_audit	git_revision_or_live_owner	static_inbound_link_scan_at_d17910d3
archive/operations/RESEARCH_NAVIGATION_BEFORE_2026-09-20.md	355	frozen_archive	1	unresolved	unresolved_law_and_citation_audit	git_revision_or_live_owner	static_inbound_link_scan_at_d17910d3
archive/operations/WORKBENCH_BEFORE_HNA_CONSOLIDATION.md	131	frozen_archive	1	unresolved	unresolved_law_and_citation_audit	git_revision_or_live_owner	static_inbound_link_scan_at_d17910d3
archive/plans/ADAPTING_A_NEW_ECOLOGY.md	91	frozen_archive	0	unresolved	unresolved_law_and_citation_audit	git_revision_or_live_owner	static_inbound_link_scan_at_d17910d3
archive/plans/ARBITRARY_LEARNING_MACHINE.md	135	frozen_archive	1	unresolved	unresolved_law_and_citation_audit	git_revision_or_live_owner	static_inbound_link_scan_at_d17910d3
archive/plans/ATHENA_THE_DIMENSION_IS_DECLARED_AND_THE_RANK_IS_THE_FILE_SIZE.md	239	frozen_archive	2	unresolved	unresolved_law_and_citation_audit	git_revision_or_live_owner	static_inbound_link_scan_at_d17910d3
archive/plans/CONTAMINATION_BANS.md	36	frozen_archive	3	unresolved	unresolved_law_and_citation_audit	git_revision_or_live_owner	static_inbound_link_scan_at_d17910d3
archive/plans/PURE_HOLONIC_ENGINE.md	194	frozen_archive	0	unresolved	unresolved_law_and_citation_audit	git_revision_or_live_owner	static_inbound_link_scan_at_d17910d3
archive/plans/THE_ADDRESSED_TRANSPORT_CHAIN_COMPOSES_SWING_BOUNDARY_ORIENTATION_HOLONOMY_AND_RECEIVER_FIBRES.md	1093	frozen_archive	0	unresolved	unresolved_law_and_citation_audit	git_revision_or_live_owner	static_inbound_link_scan_at_d17910d3
archive/plans/THE_ADMISSION_IS_A_QUOTIENT_AND_THE_BREADTH_IS_A_GROUP.md	236	frozen_archive	2	unresolved	unresolved_law_and_citation_audit	git_revision_or_live_owner	static_inbound_link_scan_at_d17910d3
archive/plans/THE_AGENTIC_ATHENA_EMANATES_THROUGH_ADDRESSED_CONTINUATION_AND_OPTICAL_HOLONS_GROW_ACROSS_SCALES.md	499	frozen_archive	4	unresolved	unresolved_law_and_citation_audit	git_revision_or_live_owner	static_inbound_link_scan_at_d17910d3
archive/plans/THE_ARROW_IS_THE_DIVISION_AND_ATTENTION_KEEPS_ONLY_ITS_AIM.md	192	frozen_archive	2	unresolved	unresolved_law_and_citation_audit	git_revision_or_live_owner	static_inbound_link_scan_at_d17910d3
archive/plans/THE_ASSEMBLY.md	263	frozen_archive	18	unresolved	unresolved_law_and_citation_audit	git_revision_or_live_owner	static_inbound_link_scan_at_d17910d3
archive/plans/THE_ATHENA_ALPHA_CULTIVATES_THE_COMPLETE_LABORATORY_EXCHANGE_AND_RETURNED_DIFFERENCES_COMPACTIFY_INTO_NATIVE_HEXIS.md	439	frozen_archive	1	unresolved	unresolved_law_and_citation_audit	git_revision_or_live_owner	static_inbound_link_scan_at_d17910d3
archive/plans/THE_ATHENA_ALPHA_IS_REFOUNDED_AS_A_RECEIVER_HISTORY_QUOTIENT_AND_RETURNED_DEFECTS_CULTIVATE_ONE_GLUED_CAUSAL_MORPHOLOGY.md	864	frozen_archive	5	unresolved	unresolved_law_and_citation_audit	git_revision_or_live_owner	static_inbound_link_scan_at_d17910d3
archive/plans/THE_ATHENA_ALPHA_RETURNS_EVERY_ADMITTED_ORGAN_THROUGH_ONE_FLUID_MEMBRANE_AND_DIRECT_SENSORY_PRODUCTS_CANNOT_REGRESS_TO_DIAGNOSTIC_SHADOWS.md	312	frozen_archive	1	unresolved	unresolved_law_and_citation_audit	git_revision_or_live_owner	static_inbound_link_scan_at_d17910d3
archive/plans/THE_ATHENA_APPLICATION_AND_CIRCULATION_INTERFACE_RETURNS_A_LIVE_DYNAMIC_MORPHOLOGY_ALPHA.md	342	frozen_archive	0	unresolved	unresolved_law_and_citation_audit	git_revision_or_live_owner	static_inbound_link_scan_at_d17910d3
archive/plans/THE_ATHENA_PRODUCTION_APERTURE_WIDENS_THROUGH_MATHEMATICAL_WORLD_TUBES_AND_RETURNED_CONSTRAINTS_CULTIVATE_THE_ECOLOGY.md	594	frozen_archive	1	unresolved	unresolved_law_and_citation_audit	git_revision_or_live_owner	static_inbound_link_scan_at_d17910d3
archive/plans/THE_ATHENA_VARIANTS_ARE_PRODUCTS_OF_EROS_PHOENIX_SUPPLIES_ANCESTRY_AND_SHARED_TRANSPORT_FUSES.md	594	frozen_archive	0	unresolved	unresolved_law_and_citation_audit	git_revision_or_live_owner	static_inbound_link_scan_at_d17910d3
archive/plans/THE_ATHENA_WORLD_TUBE_LISTENS_SEES_SPEAKS_AND_FORMS_IMAGES_WHILE_ENDOGENOUS_CURRENT_RETURNS_THROUGH_ONE_CULTIVATED_ECOLOGY.md	502	frozen_archive	0	unresolved	unresolved_law_and_citation_audit	git_revision_or_live_owner	static_inbound_link_scan_at_d17910d3
archive/plans/THE_CLASSICAL_MACHINE_LEARNING_CHART_DESCENDS_FROM_HOLONIC_TRANSPORT_AND_HIGHER_CAUSAL_FIBRES_REOPEN_ITS_COLLAPSED_STATES.md	224	frozen_archive	1	unresolved	unresolved_law_and_citation_audit	git_revision_or_live_owner	static_inbound_link_scan_at_d17910d3
archive/plans/THE_CLIFFORD_LIFT_THE_PHASE_WIRE_AND_THE_FOUR_UNTAKEN_READINGS.md	398	frozen_archive	7	unresolved	unresolved_law_and_citation_audit	git_revision_or_live_owner	static_inbound_link_scan_at_d17910d3
archive/plans/THE_CODEC_IS_RECOVERED_AT_EVERY_SCALE_AND_THE_FACES_ARE_A_RETURN.md	487	frozen_archive	5	unresolved	unresolved_law_and_citation_audit	git_revision_or_live_owner	static_inbound_link_scan_at_d17910d3
archive/plans/THE_COMPLETE_EXCHANGE_RETURNS_THROUGH_THE_STANDING_ATHENA_BODY_AND_NO_EXPERIMENT_REPLACES_HOLONIC_INFERENCE.md	309	frozen_archive	1	unresolved	unresolved_law_and_citation_audit	git_revision_or_live_owner	static_inbound_link_scan_at_d17910d3
archive/plans/THE_CONSTRUCTIVE_DIFFERENTIAL_BOUNDARY_AND_RECEIVER_CALCULUS.md	101	frozen_archive	0	unresolved	unresolved_law_and_citation_audit	git_revision_or_live_owner	static_inbound_link_scan_at_d17910d3
archive/plans/THE_DESCENT_SIDE_HAS_OFF_SEAM_ZEROS_AT_EVERY_NEGATIVE_TIME_AND_THE_THRESHOLD_IS_NONNEGATIVE.md	266	frozen_archive	7	unresolved	unresolved_law_and_citation_audit	git_revision_or_live_owner	static_inbound_link_scan_at_d17910d3
archive/plans/THE_ENGINE_REVISIONS.md	360	frozen_archive	0	unresolved	unresolved_law_and_citation_audit	git_revision_or_live_owner	static_inbound_link_scan_at_d17910d3
archive/plans/THE_EROS_INFORMATION_ENGINE.md	261	frozen_archive	2	unresolved	unresolved_law_and_citation_audit	git_revision_or_live_owner	static_inbound_link_scan_at_d17910d3
archive/plans/THE_EROS_INSTANTIATION.md	449	frozen_archive	2	unresolved	unresolved_law_and_citation_audit	git_revision_or_live_owner	static_inbound_link_scan_at_d17910d3
archive/plans/THE_FINITE_MANY_BODY_AND_POLARIZED_CRYSTAL_TRANSPORT_FOUNDATION.md	269	frozen_archive	0	unresolved	unresolved_law_and_citation_audit	git_revision_or_live_owner	static_inbound_link_scan_at_d17910d3
archive/plans/THE_FLOW_CARRIES_THE_ZEROS_AS_FOSTER_TANKS_AND_THE_THRESHOLD_IS_THE_TARGET.md	242	frozen_archive	8	unresolved	unresolved_law_and_citation_audit	git_revision_or_live_owner	static_inbound_link_scan_at_d17910d3
archive/plans/THE_GEMMA_MAP_IS_DISSECTED_CONDENSED_CULTIVATED_AND_REBORN_AS_A_FROZEN_NATIVE_MODEL.md	1070	frozen_archive	13	unresolved	unresolved_law_and_citation_audit	git_revision_or_live_owner	static_inbound_link_scan_at_d17910d3
archive/plans/THE_HOLONIC_INFERENCE_CIRCULATION_RETAINS_THE_CAUSAL_BOUNDARY_AND_HETEROGENEOUS_TRANSPORT_FUSES.md	567	frozen_archive	1	unresolved	unresolved_law_and_citation_audit	git_revision_or_live_owner	static_inbound_link_scan_at_d17910d3
archive/plans/THE_HOLONIC_INTELLIGENCE_FRAMEWORK_RETURNS_INTRINSIC_HOLONS_AND_PACKAGES_DISMANTLING_INFERENCE_CULTIVATION_AND_GENERATION.md	405	frozen_archive	0	unresolved	unresolved_law_and_citation_audit	git_revision_or_live_owner	static_inbound_link_scan_at_d17910d3
archive/plans/THE_HOLONIC_NEURAL_ATHENA_IS_ONE_RECURRENT_ECOLOGY_AND_EVERY_OPERATION_ADVANCES_IT.md	411	frozen_archive	10	unresolved	unresolved_law_and_citation_audit	git_revision_or_live_owner	static_inbound_link_scan_at_d17910d3
archive/plans/THE_HOLONIC_NEURAL_ECOLOGY_RETURNS_EVERY_CLASSICAL_ARCHITECTURE_AS_A_RECEIVER_CHART_AND_EROS_CULTIVATES_ATHENA_THROUGH_PHYSICAL_INFORMATION_TRANSPORT.md	383	frozen_archive	0	unresolved	unresolved_law_and_citation_audit	git_revision_or_live_owner	static_inbound_link_scan_at_d17910d3
archive/plans/THE_HOLON_IS_CAUSAL_NATURAL_AND_TENSOR_LENSES_RETURN_TENSOR_FACES.md	454	frozen_archive	3	unresolved	unresolved_law_and_citation_audit	git_revision_or_live_owner	static_inbound_link_scan_at_d17910d3
archive/plans/THE_HORIZON_IS_A_COORDINATE_NOT_A_GATE_AND_THE_EMISSION_KEEPS_ITS_CROSS.md	360	frozen_archive	1	unresolved	unresolved_law_and_citation_audit	git_revision_or_live_owner	static_inbound_link_scan_at_d17910d3
archive/plans/THE_LABORATORY_ATHENA_UNIFIES_NATIVE_MATHEMATICAL_INFERENCE_REAL_OCR_AND_HETEROGENEOUS_TRANSPORT.md	342	frozen_archive	1	unresolved	unresolved_law_and_citation_audit	git_revision_or_live_owner	static_inbound_link_scan_at_d17910d3
archive/plans/THE_LABORATORY_CIRCULATES_THROUGH_ATHENA_AND_RETURNED_LEAN_CONSTRAINTS_CULTIVATE_THE_HOLONICS_MATHEMATICS_ECOLOGY.md	425	frozen_archive	0	unresolved	unresolved_law_and_citation_audit	git_revision_or_live_owner	static_inbound_link_scan_at_d17910d3
archive/plans/THE_MACHINE.md	270	frozen_archive	0	unresolved	unresolved_law_and_citation_audit	git_revision_or_live_owner	static_inbound_link_scan_at_d17910d3
archive/plans/THE_MACHINE_PRODUCES_MATHEMATICS_IT_WAS_NOT_GIVEN.md	265	frozen_archive	3	unresolved	unresolved_law_and_citation_audit	git_revision_or_live_owner	static_inbound_link_scan_at_d17910d3
archive/plans/THE_MAP_IS_MATERIAL_THE_HEAD_IS_A_CONTACT_AND_THE_INSTANCE_RESUMES.md	710	frozen_archive	5	unresolved	unresolved_law_and_citation_audit	git_revision_or_live_owner	static_inbound_link_scan_at_d17910d3
archive/plans/THE_MATHEMATICS_CODEC_RECOVERS_THE_OPERATION_COMPLEX_AND_EVERY_RESULT_RETURNS_AS_A_RECEIVER_FACE.md	1198	frozen_archive	1	unresolved	unresolved_law_and_citation_audit	git_revision_or_live_owner	static_inbound_link_scan_at_d17910d3
archive/plans/THE_METHOD_ATLAS.md	178	frozen_archive	0	unresolved	unresolved_law_and_citation_audit	git_revision_or_live_owner	static_inbound_link_scan_at_d17910d3
archive/plans/THE_NATIVE_MATHEMATICAL_CONSEQUENCE_PRECEDES_EVERY_CODEC.md	163	frozen_archive	0	unresolved	unresolved_law_and_citation_audit	git_revision_or_live_owner	static_inbound_link_scan_at_d17910d3
archive/plans/THE_NATIVE_MORPHOLOGY_VARIANT_FOUNDATION_RETURNS_FAITHFUL_LOCAL_LIFTS_PARENTED_CULTIVATION_AND_EXACT_EXPORT_LENSES.md	354	frozen_archive	0	unresolved	unresolved_law_and_citation_audit	git_revision_or_live_owner	static_inbound_link_scan_at_d17910d3
archive/plans/THE_NATIVE_TRANSPORT_SCAFFOLD_LIFTS_INHERITED_CONDUCT_AND_ATHENA_CULTIVATES_RECEIVER_EXACT_MORPHOLOGY_THROUGH_REPEATED_CIRCULATION.md	280	frozen_archive	0	unresolved	unresolved_law_and_citation_audit	git_revision_or_live_owner	static_inbound_link_scan_at_d17910d3
archive/plans/THE_ONE_ATHENA_MEMBRANE_TRANSDUCES_ARBITRARY_CURRENT_AND_INFERRED_RESPONSE_RETURNS_AS_DURABLE_MORPHOLOGY.md	943	frozen_archive	0	unresolved	unresolved_law_and_citation_audit	git_revision_or_live_owner	static_inbound_link_scan_at_d17910d3
archive/plans/THE_PHOENIX_REBIRTH_LIFTS_INHERITED_HEXIS_AND_RETURNS_A_NATIVE_EXECUTABLE_ECOLOGY.md	761	frozen_archive	7	unresolved	unresolved_law_and_citation_audit	git_revision_or_live_owner	static_inbound_link_scan_at_d17910d3
archive/plans/THE_PRESENTATION_ORGAN.md	263	frozen_archive	8	unresolved	unresolved_law_and_citation_audit	git_revision_or_live_owner	static_inbound_link_scan_at_d17910d3
archive/plans/THE_SEAM_HAS_A_FIRST_TIME_BY_DE_BRUIJN_AND_THE_THRESHOLD_IS_RH_WITH_NO_PORT.md	245	frozen_archive	4	unresolved	unresolved_law_and_citation_audit	git_revision_or_live_owner	static_inbound_link_scan_at_d17910d3
archive/plans/THE_SINGLE_CARD_PASSAGE_CARRIES_PHOENIX_AND_THE_MATHEMATICS_CODEC.md	1311	frozen_archive	49	unresolved	unresolved_law_and_citation_audit	git_revision_or_live_owner	static_inbound_link_scan_at_d17910d3
archive/plans/THE_SITUATED_DIFFERENCE_RETURNS_THROUGH_PERSPECTIVE_CHARTS_AND_ATHENA_CULTIVATES_PROSE_MATHEMATICS_AND_CODE_AS_ONE_CAUSAL_ECOLOGY.md	450	frozen_archive	1	unresolved	unresolved_law_and_citation_audit	git_revision_or_live_owner	static_inbound_link_scan_at_d17910d3
archive/plans/THE_SOULKILLER_EXCITES_THE_RESIDENT_REALIZATION_AND_RETURNS_THE_RECEIVER_FAMILY_QUOTIENT_AS_CONE_RESTRICTED_ECOLOGIES.md	142	frozen_archive	8	unresolved	unresolved_law_and_citation_audit	git_revision_or_live_owner	static_inbound_link_scan_at_d17910d3
archive/plans/THE_SOULKILLER_RETURNS_NATIVE_PARAMETRON_SPOOLS_AND_EROS_CULTIVATES_ONE_CONNECTED_ATHENA_ECOLOGY.md	248	frozen_archive	0	unresolved	unresolved_law_and_citation_audit	git_revision_or_live_owner	static_inbound_link_scan_at_d17910d3
archive/plans/THE_STATEMENT_IS_A_CROSSING_WORD_AND_THE_SEPARATOR_IS_ORIENTED.md	283	frozen_archive	1	unresolved	unresolved_law_and_citation_audit	git_revision_or_live_owner	static_inbound_link_scan_at_d17910d3
archive/plans/THE_TRAVERSIBLE_CHAIN.md	830	frozen_archive	3	unresolved	unresolved_law_and_citation_audit	git_revision_or_live_owner	static_inbound_link_scan_at_d17910d3
archive/plans/THE_TYPED_TRANSPORT_ATLAS.md	360	frozen_archive	5	unresolved	unresolved_law_and_citation_audit	git_revision_or_live_owner	static_inbound_link_scan_at_d17910d3
archive/plans/THE_UNIFIED_ATHENA_BODY_RETURNS_TECHNICAL_CONDUCT_AND_BRANDON_THROUGH_COMPLETE_CULTIVATED_HISTORY.md	282	frozen_archive	1	unresolved	unresolved_law_and_citation_audit	git_revision_or_live_owner	static_inbound_link_scan_at_d17910d3
archive/plans/THE_VARIANT_WORKSPACE_APPLICATION_RETURNS_ACTUAL_LIFTS_EXPERIMENT_CIRCULATION_CULTIVATION_EVALUATION_AND_EXPLICIT_ARTIFACTS.md	285	frozen_archive	0	unresolved	unresolved_law_and_citation_audit	git_revision_or_live_owner	static_inbound_link_scan_at_d17910d3
archive/plans/THE_WORK_VECTOR_THE_HANDS_POLARITY_AND_THE_COMMITTED_STEP.md	314	frozen_archive	3	unresolved	unresolved_law_and_citation_audit	git_revision_or_live_owner	static_inbound_link_scan_at_d17910d3
archive/plans/THE_WORLD_RETURN_DEPOSITS_ON_THE_ROUTE_IT_CROSSED_AND_THE_LEAN_KERNEL_IS_THE_FIRST_WORLD.md	247	frozen_archive	0	unresolved	unresolved_law_and_citation_audit	git_revision_or_live_owner	static_inbound_link_scan_at_d17910d3
archive/plans/THE_WORLD_RETURN_IS_MODALITY_NEUTRAL_AND_EVERY_LANGUAGE_IS_AN_APPLICATION.md	181	frozen_archive	1	unresolved	unresolved_law_and_citation_audit	git_revision_or_live_owner	static_inbound_link_scan_at_d17910d3
archive/plans/legacy/ARCHIVE_BANNER.md	43	frozen_archive	0	unresolved	unresolved_law_and_citation_audit	git_revision_or_live_owner	static_inbound_link_scan_at_d17910d3
archive/plans/legacy/BUILD_AND_GRADE.md	33	frozen_archive	0	unresolved	unresolved_law_and_citation_audit	git_revision_or_live_owner	static_inbound_link_scan_at_d17910d3
archive/plans/legacy/COMPLETE_CPP_ENGINE_ROADMAP.md	3726	frozen_archive	0	unresolved	unresolved_law_and_citation_audit	git_revision_or_live_owner	static_inbound_link_scan_at_d17910d3
archive/plans/legacy/CPP_GPU_FOUNDATION.md	204	frozen_archive	1	unresolved	unresolved_law_and_citation_audit	git_revision_or_live_owner	static_inbound_link_scan_at_d17910d3
archive/plans/legacy/EROS_EMBODIMENT_ROADMAP.md	695	frozen_archive	1	unresolved	unresolved_law_and_citation_audit	git_revision_or_live_owner	static_inbound_link_scan_at_d17910d3
archive/plans/legacy/EROS_MATHEMATICS_PRODUCTION_FLOOR.md	392	frozen_archive	2	unresolved	unresolved_law_and_citation_audit	git_revision_or_live_owner	static_inbound_link_scan_at_d17910d3
archive/plans/legacy/REALIZATION_AND_HARDWARE.md	111	frozen_archive	1	unresolved	unresolved_law_and_citation_audit	git_revision_or_live_owner	static_inbound_link_scan_at_d17910d3
archive/plans/legacy/THE_FOUNDATION_REMAINDER.md	164	frozen_archive	0	unresolved	unresolved_law_and_citation_audit	git_revision_or_live_owner	static_inbound_link_scan_at_d17910d3
archive/plans/legacy/THE_GROWN_CIRCUIT.md	181	frozen_archive	1	unresolved	unresolved_law_and_citation_audit	git_revision_or_live_owner	static_inbound_link_scan_at_d17910d3
archive/plans/legacy/THE_ORDER_OF_WORK.md	255	frozen_archive	0	unresolved	unresolved_law_and_citation_audit	git_revision_or_live_owner	static_inbound_link_scan_at_d17910d3
archive/plans/legacy/THE_SPINE.md	153	frozen_archive	0	unresolved	unresolved_law_and_citation_audit	git_revision_or_live_owner	static_inbound_link_scan_at_d17910d3
archive/plans/legacy/THE_SPINE_THE_CUT_AND_THE_TERRAIN.md	369	frozen_archive	0	unresolved	unresolved_law_and_citation_audit	git_revision_or_live_owner	static_inbound_link_scan_at_d17910d3
archive/reference/README.md	15	frozen_archive	1	unresolved	unresolved_law_and_citation_audit	git_revision_or_live_owner	static_inbound_link_scan_at_d17910d3
archive/reference/compact-formula-2a5dff8/src/holobrochos/THE_FORMULA_REBUILT.md	149	frozen_archive	0	unresolved	unresolved_law_and_citation_audit	git_revision_or_live_owner	static_inbound_link_scan_at_d17910d3
archive/reference/engine-a07ff376/.cargo/config.toml	2	frozen_archive	0	unresolved	unresolved_law_and_citation_audit	git_revision_or_live_owner	static_inbound_link_scan_at_d17910d3
archive/reference/engine-a07ff376/Cargo.lock	8476	frozen_archive	0	unresolved	unresolved_law_and_citation_audit	git_revision_or_live_owner	static_inbound_link_scan_at_d17910d3
archive/reference/engine-a07ff376/HOLONIC_DSA_BASELINE.tsv	135	frozen_archive	0	unresolved	unresolved_law_and_citation_audit	git_revision_or_live_owner	static_inbound_link_scan_at_d17910d3
archive/reference/engine-a07ff376/HOLONIC_MACHINE_OWNERSHIP.md	272	frozen_archive	2	unresolved	unresolved_law_and_citation_audit	git_revision_or_live_owner	static_inbound_link_scan_at_d17910d3
archive/reference/engine-a07ff376/crates/holonic-architecture-lint/Cargo.toml	13	frozen_archive	0	unresolved	unresolved_law_and_citation_audit	git_revision_or_live_owner	static_inbound_link_scan_at_d17910d3
archive/reference/engine-a07ff376/crates/holonic-architecture-lint/src/lib.rs	373	frozen_archive	0	unresolved	unresolved_law_and_citation_audit	git_revision_or_live_owner	static_inbound_link_scan_at_d17910d3
archive/reference/engine-a07ff376/crates/holonic-architecture-lint/src/main.rs	52	frozen_archive	0	unresolved	unresolved_law_and_citation_audit	git_revision_or_live_owner	static_inbound_link_scan_at_d17910d3
archive/reference/engine-a07ff376/crates/holonic-engine/Cargo.toml	28	frozen_archive	0	unresolved	unresolved_law_and_citation_audit	git_revision_or_live_owner	static_inbound_link_scan_at_d17910d3
archive/reference/engine-a07ff376/crates/holonic-engine/README.md	665	frozen_archive	0	unresolved	unresolved_law_and_citation_audit	git_revision_or_live_owner	static_inbound_link_scan_at_d17910d3
archive/reference/engine-a07ff376/crates/holonic-engine/build.rs	46	frozen_archive	0	unresolved	unresolved_law_and_citation_audit	git_revision_or_live_owner	static_inbound_link_scan_at_d17910d3
archive/reference/engine-a07ff376/crates/holonic-engine/examples/analytic_field_transport.rs	973	frozen_archive	0	unresolved	unresolved_law_and_citation_audit	git_revision_or_live_owner	static_inbound_link_scan_at_d17910d3
archive/reference/engine-a07ff376/crates/holonic-engine/examples/arithmetic_dimensional_receiver.rs	1703	frozen_archive	0	unresolved	unresolved_law_and_citation_audit	git_revision_or_live_owner	static_inbound_link_scan_at_d17910d3
archive/reference/engine-a07ff376/crates/holonic-engine/examples/arithmetic_monodromy_ecology.rs	268	frozen_archive	0	unresolved	unresolved_law_and_citation_audit	git_revision_or_live_owner	static_inbound_link_scan_at_d17910d3
archive/reference/engine-a07ff376/crates/holonic-engine/examples/bit_black_box_reconstruction.rs	286	frozen_archive	0	unresolved	unresolved_law_and_citation_audit	git_revision_or_live_owner	static_inbound_link_scan_at_d17910d3
archive/reference/engine-a07ff376/crates/holonic-engine/examples/causal_state_grammar_experiment.rs	394	frozen_archive	0	unresolved	unresolved_law_and_citation_audit	git_revision_or_live_owner	static_inbound_link_scan_at_d17910d3
archive/reference/engine-a07ff376/crates/holonic-engine/examples/curved_receiver_phase_atlas.rs	484	frozen_archive	0	unresolved	unresolved_law_and_citation_audit	git_revision_or_live_owner	static_inbound_link_scan_at_d17910d3
archive/reference/engine-a07ff376/crates/holonic-engine/examples/desktop_receiver.rs	3130	frozen_archive	0	unresolved	unresolved_law_and_citation_audit	git_revision_or_live_owner	static_inbound_link_scan_at_d17910d3
archive/reference/engine-a07ff376/crates/holonic-engine/examples/divisor_receiver_reconstruction.rs	131	frozen_archive	0	unresolved	unresolved_law_and_citation_audit	git_revision_or_live_owner	static_inbound_link_scan_at_d17910d3
archive/reference/engine-a07ff376/crates/holonic-engine/examples/exact_receiver.rs	85	frozen_archive	0	unresolved	unresolved_law_and_citation_audit	git_revision_or_live_owner	static_inbound_link_scan_at_d17910d3
archive/reference/engine-a07ff376/crates/holonic-engine/examples/generative_transport_prediction.rs	564	frozen_archive	0	unresolved	unresolved_law_and_citation_audit	git_revision_or_live_owner	static_inbound_link_scan_at_d17910d3
archive/reference/engine-a07ff376/crates/holonic-engine/examples/inverse_transport_reconstruction.rs	458	frozen_archive	0	unresolved	unresolved_law_and_citation_audit	git_revision_or_live_owner	static_inbound_link_scan_at_d17910d3
archive/reference/engine-a07ff376/crates/holonic-engine/examples/mms_reconnection_traversal.rs	1589	frozen_archive	0	unresolved	unresolved_law_and_citation_audit	git_revision_or_live_owner	static_inbound_link_scan_at_d17910d3
archive/reference/engine-a07ff376/crates/holonic-engine/examples/native_conic_hinge.rs	94	frozen_archive	0	unresolved	unresolved_law_and_citation_audit	git_revision_or_live_owner	static_inbound_link_scan_at_d17910d3
archive/reference/engine-a07ff376/crates/holonic-engine/examples/prime_ecology_calibration.rs	237	frozen_archive	0	unresolved	unresolved_law_and_citation_audit	git_revision_or_live_owner	static_inbound_link_scan_at_d17910d3
archive/reference/engine-a07ff376/crates/holonic-engine/examples/prime_ecology_recombination.rs	164	frozen_archive	0	unresolved	unresolved_law_and_citation_audit	git_revision_or_live_owner	static_inbound_link_scan_at_d17910d3
archive/reference/engine-a07ff376/crates/holonic-engine/examples/prime_emergence_observatory.rs	221	frozen_archive	0	unresolved	unresolved_law_and_citation_audit	git_revision_or_live_owner	static_inbound_link_scan_at_d17910d3
archive/reference/engine-a07ff376/crates/holonic-engine/examples/prime_fiber_calibration.rs	211	frozen_archive	0	unresolved	unresolved_law_and_citation_audit	git_revision_or_live_owner	static_inbound_link_scan_at_d17910d3
archive/reference/engine-a07ff376/crates/holonic-engine/examples/receiver_emission_information_flow.rs	646	frozen_archive	0	unresolved	unresolved_law_and_citation_audit	git_revision_or_live_owner	static_inbound_link_scan_at_d17910d3
archive/reference/engine-a07ff376/crates/holonic-engine/examples/receiver_graph_analysis.rs	542	frozen_archive	0	unresolved	unresolved_law_and_citation_audit	git_revision_or_live_owner	static_inbound_link_scan_at_d17910d3
archive/reference/engine-a07ff376/crates/holonic-engine/examples/relampago_receiver_ecology.rs	2719	frozen_archive	0	unresolved	unresolved_law_and_citation_audit	git_revision_or_live_owner	static_inbound_link_scan_at_d17910d3
archive/reference/engine-a07ff376/crates/holonic-engine/examples/speech_room_information_flow.rs	1067	frozen_archive	0	unresolved	unresolved_law_and_citation_audit	git_revision_or_live_owner	static_inbound_link_scan_at_d17910d3
archive/reference/engine-a07ff376/crates/holonic-engine/examples/whole_receiver_holonic_complex.rs	562	frozen_archive	0	unresolved	unresolved_law_and_citation_audit	git_revision_or_live_owner	static_inbound_link_scan_at_d17910d3
archive/reference/engine-a07ff376/crates/holonic-engine/kernels/exact_conic_support.cu	848	frozen_archive	0	unresolved	unresolved_law_and_citation_audit	git_revision_or_live_owner	static_inbound_link_scan_at_d17910d3
archive/reference/engine-a07ff376/crates/holonic-engine/kernels/exact_relation_support.cu	472	frozen_archive	0	unresolved	unresolved_law_and_citation_audit	git_revision_or_live_owner	static_inbound_link_scan_at_d17910d3
archive/reference/engine-a07ff376/crates/holonic-engine/src/algebraic.rs	2490	frozen_archive	0	unresolved	unresolved_law_and_citation_audit	git_revision_or_live_owner	static_inbound_link_scan_at_d17910d3
archive/reference/engine-a07ff376/crates/holonic-engine/src/analytic_field.rs	2380	frozen_archive	0	unresolved	unresolved_law_and_citation_audit	git_revision_or_live_owner	static_inbound_link_scan_at_d17910d3
archive/reference/engine-a07ff376/crates/holonic-engine/src/arithmetic_dimensional.rs	1275	frozen_archive	0	unresolved	unresolved_law_and_citation_audit	git_revision_or_live_owner	static_inbound_link_scan_at_d17910d3
archive/reference/engine-a07ff376/crates/holonic-engine/src/arithmetic_fiber.rs	2487	frozen_archive	0	unresolved	unresolved_law_and_citation_audit	git_revision_or_live_owner	static_inbound_link_scan_at_d17910d3
archive/reference/engine-a07ff376/crates/holonic-engine/src/arithmetic_monodromy.rs	1748	frozen_archive	0	unresolved	unresolved_law_and_citation_audit	git_revision_or_live_owner	static_inbound_link_scan_at_d17910d3
archive/reference/engine-a07ff376/crates/holonic-engine/src/arithmetic_phase.rs	404	frozen_archive	0	unresolved	unresolved_law_and_citation_audit	git_revision_or_live_owner	static_inbound_link_scan_at_d17910d3
archive/reference/engine-a07ff376/crates/holonic-engine/src/atlas.rs	422	frozen_archive	0	unresolved	unresolved_law_and_citation_audit	git_revision_or_live_owner	static_inbound_link_scan_at_d17910d3
archive/reference/engine-a07ff376/crates/holonic-engine/src/atmospheric_inverse.rs	1622	frozen_archive	0	unresolved	unresolved_law_and_citation_audit	git_revision_or_live_owner	static_inbound_link_scan_at_d17910d3
archive/reference/engine-a07ff376/crates/holonic-engine/src/basin.rs	431	frozen_archive	0	unresolved	unresolved_law_and_citation_audit	git_revision_or_live_owner	static_inbound_link_scan_at_d17910d3
archive/reference/engine-a07ff376/crates/holonic-engine/src/bit_causal.rs	1826	frozen_archive	0	unresolved	unresolved_law_and_citation_audit	git_revision_or_live_owner	static_inbound_link_scan_at_d17910d3
archive/reference/engine-a07ff376/crates/holonic-engine/src/category.rs	207	frozen_archive	0	unresolved	unresolved_law_and_citation_audit	git_revision_or_live_owner	static_inbound_link_scan_at_d17910d3
archive/reference/engine-a07ff376/crates/holonic-engine/src/causal.rs	174	frozen_archive	0	unresolved	unresolved_law_and_citation_audit	git_revision_or_live_owner	static_inbound_link_scan_at_d17910d3
archive/reference/engine-a07ff376/crates/holonic-engine/src/causal_body.rs	2104	frozen_archive	0	unresolved	unresolved_law_and_citation_audit	git_revision_or_live_owner	static_inbound_link_scan_at_d17910d3
archive/reference/engine-a07ff376/crates/holonic-engine/src/causal_state_grammar.rs	2351	frozen_archive	0	unresolved	unresolved_law_and_citation_audit	git_revision_or_live_owner	static_inbound_link_scan_at_d17910d3
archive/reference/engine-a07ff376/crates/holonic-engine/src/causal_traversal.rs	1532	frozen_archive	0	unresolved	unresolved_law_and_citation_audit	git_revision_or_live_owner	static_inbound_link_scan_at_d17910d3
archive/reference/engine-a07ff376/crates/holonic-engine/src/conic.rs	527	frozen_archive	0	unresolved	unresolved_law_and_citation_audit	git_revision_or_live_owner	static_inbound_link_scan_at_d17910d3
archive/reference/engine-a07ff376/crates/holonic-engine/src/coupled_informant.rs	1360	frozen_archive	0	unresolved	unresolved_law_and_citation_audit	git_revision_or_live_owner	static_inbound_link_scan_at_d17910d3
archive/reference/engine-a07ff376/crates/holonic-engine/src/cuda_aperture.rs	1495	frozen_archive	0	unresolved	unresolved_law_and_citation_audit	git_revision_or_live_owner	static_inbound_link_scan_at_d17910d3
archive/reference/engine-a07ff376/crates/holonic-engine/src/cuda_relation.rs	1515	frozen_archive	0	unresolved	unresolved_law_and_citation_audit	git_revision_or_live_owner	static_inbound_link_scan_at_d17910d3
archive/reference/engine-a07ff376/crates/holonic-engine/src/device.rs	166	frozen_archive	0	unresolved	unresolved_law_and_citation_audit	git_revision_or_live_owner	static_inbound_link_scan_at_d17910d3
archive/reference/engine-a07ff376/crates/holonic-engine/src/diffusion.rs	1014	frozen_archive	0	unresolved	unresolved_law_and_citation_audit	git_revision_or_live_owner	static_inbound_link_scan_at_d17910d3
archive/reference/engine-a07ff376/crates/holonic-engine/src/dimensional_receiver.rs	1829	frozen_archive	0	unresolved	unresolved_law_and_citation_audit	git_revision_or_live_owner	static_inbound_link_scan_at_d17910d3
archive/reference/engine-a07ff376/crates/holonic-engine/src/dimensional_wave.rs	1896	frozen_archive	0	unresolved	unresolved_law_and_citation_audit	git_revision_or_live_owner	static_inbound_link_scan_at_d17910d3
archive/reference/engine-a07ff376/crates/holonic-engine/src/display.rs	133	frozen_archive	0	unresolved	unresolved_law_and_citation_audit	git_revision_or_live_owner	static_inbound_link_scan_at_d17910d3
archive/reference/engine-a07ff376/crates/holonic-engine/src/divisor_reconstruction.rs	2030	frozen_archive	0	unresolved	unresolved_law_and_citation_audit	git_revision_or_live_owner	static_inbound_link_scan_at_d17910d3
archive/reference/engine-a07ff376/crates/holonic-engine/src/evolution.rs	293	frozen_archive	0	unresolved	unresolved_law_and_citation_audit	git_revision_or_live_owner	static_inbound_link_scan_at_d17910d3
archive/reference/engine-a07ff376/crates/holonic-engine/src/exact_linear.rs	305	frozen_archive	0	unresolved	unresolved_law_and_citation_audit	git_revision_or_live_owner	static_inbound_link_scan_at_d17910d3
archive/reference/engine-a07ff376/crates/holonic-engine/src/exact_value.rs	611	frozen_archive	0	unresolved	unresolved_law_and_citation_audit	git_revision_or_live_owner	static_inbound_link_scan_at_d17910d3
archive/reference/engine-a07ff376/crates/holonic-engine/src/executor.rs	298	frozen_archive	0	unresolved	unresolved_law_and_citation_audit	git_revision_or_live_owner	static_inbound_link_scan_at_d17910d3
archive/reference/engine-a07ff376/crates/holonic-engine/src/field_atlas.rs	2180	frozen_archive	0	unresolved	unresolved_law_and_citation_audit	git_revision_or_live_owner	static_inbound_link_scan_at_d17910d3
archive/reference/engine-a07ff376/crates/holonic-engine/src/generative_transport.rs	1779	frozen_archive	0	unresolved	unresolved_law_and_citation_audit	git_revision_or_live_owner	static_inbound_link_scan_at_d17910d3
archive/reference/engine-a07ff376/crates/holonic-engine/src/graph_receiver.rs	2547	frozen_archive	0	unresolved	unresolved_law_and_citation_audit	git_revision_or_live_owner	static_inbound_link_scan_at_d17910d3
archive/reference/engine-a07ff376/crates/holonic-engine/src/holonic_complex.rs	1298	frozen_archive	0	unresolved	unresolved_law_and_citation_audit	git_revision_or_live_owner	static_inbound_link_scan_at_d17910d3
archive/reference/engine-a07ff376/crates/holonic-engine/src/image.rs	108	frozen_archive	0	unresolved	unresolved_law_and_citation_audit	git_revision_or_live_owner	static_inbound_link_scan_at_d17910d3
archive/reference/engine-a07ff376/crates/holonic-engine/src/implicit.rs	990	frozen_archive	0	unresolved	unresolved_law_and_citation_audit	git_revision_or_live_owner	static_inbound_link_scan_at_d17910d3
archive/reference/engine-a07ff376/crates/holonic-engine/src/interaction.rs	93	frozen_archive	0	unresolved	unresolved_law_and_citation_audit	git_revision_or_live_owner	static_inbound_link_scan_at_d17910d3
archive/reference/engine-a07ff376/crates/holonic-engine/src/inverse_transport.rs	1653	frozen_archive	0	unresolved	unresolved_law_and_citation_audit	git_revision_or_live_owner	static_inbound_link_scan_at_d17910d3
archive/reference/engine-a07ff376/crates/holonic-engine/src/lib.rs	182	frozen_archive	0	unresolved	unresolved_law_and_citation_audit	git_revision_or_live_owner	static_inbound_link_scan_at_d17910d3
archive/reference/engine-a07ff376/crates/holonic-engine/src/live_presentation.rs	281	frozen_archive	0	unresolved	unresolved_law_and_citation_audit	git_revision_or_live_owner	static_inbound_link_scan_at_d17910d3
archive/reference/engine-a07ff376/crates/holonic-engine/src/local_star.rs	3805	frozen_archive	0	unresolved	unresolved_law_and_citation_audit	git_revision_or_live_owner	static_inbound_link_scan_at_d17910d3
archive/reference/engine-a07ff376/crates/holonic-engine/src/mode.rs	334	frozen_archive	0	unresolved	unresolved_law_and_citation_audit	git_revision_or_live_owner	static_inbound_link_scan_at_d17910d3
archive/reference/engine-a07ff376/crates/holonic-engine/src/observation_ecology.rs	4466	frozen_archive	0	unresolved	unresolved_law_and_citation_audit	git_revision_or_live_owner	static_inbound_link_scan_at_d17910d3
archive/reference/engine-a07ff376/crates/holonic-engine/src/organizational_grammar.rs	2187	frozen_archive	0	unresolved	unresolved_law_and_citation_audit	git_revision_or_live_owner	static_inbound_link_scan_at_d17910d3
archive/reference/engine-a07ff376/crates/holonic-engine/src/parameter.rs	244	frozen_archive	0	unresolved	unresolved_law_and_citation_audit	git_revision_or_live_owner	static_inbound_link_scan_at_d17910d3
archive/reference/engine-a07ff376/crates/holonic-engine/src/phase_current.rs	850	frozen_archive	0	unresolved	unresolved_law_and_citation_audit	git_revision_or_live_owner	static_inbound_link_scan_at_d17910d3
archive/reference/engine-a07ff376/crates/holonic-engine/src/physical.rs	816	frozen_archive	0	unresolved	unresolved_law_and_citation_audit	git_revision_or_live_owner	static_inbound_link_scan_at_d17910d3
archive/reference/engine-a07ff376/crates/holonic-engine/src/platform.rs	295	frozen_archive	0	unresolved	unresolved_law_and_citation_audit	git_revision_or_live_owner	static_inbound_link_scan_at_d17910d3
archive/reference/engine-a07ff376/crates/holonic-engine/src/platform_x11.rs	384	frozen_archive	0	unresolved	unresolved_law_and_citation_audit	git_revision_or_live_owner	static_inbound_link_scan_at_d17910d3
archive/reference/engine-a07ff376/crates/holonic-engine/src/presentation.rs	2470	frozen_archive	0	unresolved	unresolved_law_and_citation_audit	git_revision_or_live_owner	static_inbound_link_scan_at_d17910d3
archive/reference/engine-a07ff376/crates/holonic-engine/src/prime_ecology.rs	3822	frozen_archive	0	unresolved	unresolved_law_and_citation_audit	git_revision_or_live_owner	static_inbound_link_scan_at_d17910d3
archive/reference/engine-a07ff376/crates/holonic-engine/src/realization.rs	358	frozen_archive	0	unresolved	unresolved_law_and_citation_audit	git_revision_or_live_owner	static_inbound_link_scan_at_d17910d3
archive/reference/engine-a07ff376/crates/holonic-engine/src/receiver.rs	2730	frozen_archive	0	unresolved	unresolved_law_and_citation_audit	git_revision_or_live_owner	static_inbound_link_scan_at_d17910d3
archive/reference/engine-a07ff376/crates/holonic-engine/src/receiver_current.rs	1130	frozen_archive	0	unresolved	unresolved_law_and_citation_audit	git_revision_or_live_owner	static_inbound_link_scan_at_d17910d3
archive/reference/engine-a07ff376/crates/holonic-engine/src/receiver_ecology.rs	740	frozen_archive	0	unresolved	unresolved_law_and_citation_audit	git_revision_or_live_owner	static_inbound_link_scan_at_d17910d3
archive/reference/engine-a07ff376/crates/holonic-engine/src/receiver_phase_atlas.rs	1207	frozen_archive	0	unresolved	unresolved_law_and_citation_audit	git_revision_or_live_owner	static_inbound_link_scan_at_d17910d3
archive/reference/engine-a07ff376/crates/holonic-engine/src/resource.rs	203	frozen_archive	0	unresolved	unresolved_law_and_citation_audit	git_revision_or_live_owner	static_inbound_link_scan_at_d17910d3
archive/reference/engine-a07ff376/crates/holonic-engine/src/sheaf_diffusion.rs	1406	frozen_archive	0	unresolved	unresolved_law_and_citation_audit	git_revision_or_live_owner	static_inbound_link_scan_at_d17910d3
archive/reference/engine-a07ff376/crates/holonic-engine/src/simplicial.rs	1797	frozen_archive	0	unresolved	unresolved_law_and_citation_audit	git_revision_or_live_owner	static_inbound_link_scan_at_d17910d3
archive/reference/engine-a07ff376/crates/holonic-engine/src/tube.rs	1780	frozen_archive	0	unresolved	unresolved_law_and_citation_audit	git_revision_or_live_owner	static_inbound_link_scan_at_d17910d3
archive/reference/engine-a07ff376/crates/holonic-engine/src/wave_propagation.rs	1600	frozen_archive	0	unresolved	unresolved_law_and_citation_audit	git_revision_or_live_owner	static_inbound_link_scan_at_d17910d3
archive/reference/engine-a07ff376/crates/holonic-engine/src/world.rs	289	frozen_archive	0	unresolved	unresolved_law_and_citation_audit	git_revision_or_live_owner	static_inbound_link_scan_at_d17910d3
archive/reference/engine-a07ff376/crates/holonic-language/Cargo.toml	9	frozen_archive	0	unresolved	unresolved_law_and_citation_audit	git_revision_or_live_owner	static_inbound_link_scan_at_d17910d3
archive/reference/engine-a07ff376/crates/holonic-language/src/lib.rs	932	frozen_archive	0	unresolved	unresolved_law_and_citation_audit	git_revision_or_live_owner	static_inbound_link_scan_at_d17910d3
archive/reference/engine-a07ff376/crates/holonic-language/tests/reflective_runtime.rs	175	frozen_archive	0	unresolved	unresolved_law_and_citation_audit	git_revision_or_live_owner	static_inbound_link_scan_at_d17910d3
archive/reference/engine-a07ff376/crates/holonic-structure/Cargo.toml	8	frozen_archive	0	unresolved	unresolved_law_and_citation_audit	git_revision_or_live_owner	static_inbound_link_scan_at_d17910d3
archive/reference/engine-a07ff376/crates/holonic-structure/src/branch_lineage.rs	116	frozen_archive	0	unresolved	unresolved_law_and_citation_audit	git_revision_or_live_owner	static_inbound_link_scan_at_d17910d3
archive/reference/engine-a07ff376/crates/holonic-structure/src/keyed_atlas.rs	577	frozen_archive	0	unresolved	unresolved_law_and_citation_audit	git_revision_or_live_owner	static_inbound_link_scan_at_d17910d3
archive/reference/engine-a07ff376/crates/holonic-structure/src/lib.rs	41	frozen_archive	0	unresolved	unresolved_law_and_citation_audit	git_revision_or_live_owner	static_inbound_link_scan_at_d17910d3
archive/reference/engine-a07ff376/crates/holonic-structure/src/local_population.rs	376	frozen_archive	0	unresolved	unresolved_law_and_citation_audit	git_revision_or_live_owner	static_inbound_link_scan_at_d17910d3
archive/reference/engine-a07ff376/crates/holonic-structure/src/local_sequence.rs	189	frozen_archive	0	unresolved	unresolved_law_and_citation_audit	git_revision_or_live_owner	static_inbound_link_scan_at_d17910d3
archive/reference/engine-a07ff376/crates/holonic-structure/src/membrane.rs	23	frozen_archive	0	unresolved	unresolved_law_and_citation_audit	git_revision_or_live_owner	static_inbound_link_scan_at_d17910d3
archive/reference/engine-a07ff376/crates/holonic-structure/src/ordinal_atlas.rs	389	frozen_archive	0	unresolved	unresolved_law_and_citation_audit	git_revision_or_live_owner	static_inbound_link_scan_at_d17910d3
archive/reference/engine-a07ff376/crates/holonic-structure/src/relation_atlas.rs	391	frozen_archive	0	unresolved	unresolved_law_and_citation_audit	git_revision_or_live_owner	static_inbound_link_scan_at_d17910d3
archive/reference/engine-a07ff376/crates/relational-geometry/Cargo.toml	15	frozen_archive	0	unresolved	unresolved_law_and_citation_audit	git_revision_or_live_owner	static_inbound_link_scan_at_d17910d3
archive/reference/engine-a07ff376/crates/relational-geometry/examples/entangled_receiver_atlas.rs	448	frozen_archive	0	unresolved	unresolved_law_and_citation_audit	git_revision_or_live_owner	static_inbound_link_scan_at_d17910d3
archive/reference/engine-a07ff376/crates/relational-geometry/examples/holonic_eta_probe.rs	107	frozen_archive	0	unresolved	unresolved_law_and_citation_audit	git_revision_or_live_owner	static_inbound_link_scan_at_d17910d3
archive/reference/engine-a07ff376/crates/relational-geometry/examples/holonic_eta_ratio_atlas.rs	847	frozen_archive	0	unresolved	unresolved_law_and_citation_audit	git_revision_or_live_owner	static_inbound_link_scan_at_d17910d3
archive/reference/engine-a07ff376/crates/relational-geometry/examples/holonic_zero_transport_complex.rs	1536	frozen_archive	0	unresolved	unresolved_law_and_citation_audit	git_revision_or_live_owner	static_inbound_link_scan_at_d17910d3
archive/reference/engine-a07ff376/crates/relational-geometry/examples/joint_decorated_path_atlas.rs	415	frozen_archive	0	unresolved	unresolved_law_and_citation_audit	git_revision_or_live_owner	static_inbound_link_scan_at_d17910d3
archive/reference/engine-a07ff376/crates/relational-geometry/examples/receiver_topology_atlas.rs	310	frozen_archive	0	unresolved	unresolved_law_and_citation_audit	git_revision_or_live_owner	static_inbound_link_scan_at_d17910d3
archive/reference/engine-a07ff376/crates/relational-geometry/src/decorated_path.rs	927	frozen_archive	0	unresolved	unresolved_law_and_citation_audit	git_revision_or_live_owner	static_inbound_link_scan_at_d17910d3
archive/reference/engine-a07ff376/crates/relational-geometry/src/exact.rs	590	frozen_archive	0	unresolved	unresolved_law_and_citation_audit	git_revision_or_live_owner	static_inbound_link_scan_at_d17910d3
archive/reference/engine-a07ff376/crates/relational-geometry/src/exact_analysis.rs	1399	frozen_archive	0	unresolved	unresolved_law_and_citation_audit	git_revision_or_live_owner	static_inbound_link_scan_at_d17910d3
archive/reference/engine-a07ff376/crates/relational-geometry/src/lib.rs	23	frozen_archive	0	unresolved	unresolved_law_and_citation_audit	git_revision_or_live_owner	static_inbound_link_scan_at_d17910d3
archive/reference/engine-a07ff376/crates/relational-geometry/src/model.rs	905	frozen_archive	0	unresolved	unresolved_law_and_citation_audit	git_revision_or_live_owner	static_inbound_link_scan_at_d17910d3
archive/reference/engine-a07ff376/crates/relational-geometry/src/projection.rs	1613	frozen_archive	0	unresolved	unresolved_law_and_citation_audit	git_revision_or_live_owner	static_inbound_link_scan_at_d17910d3
archive/reference/engine-a07ff376/crates/relational-geometry/src/receiver_atlas.rs	750	frozen_archive	0	unresolved	unresolved_law_and_citation_audit	git_revision_or_live_owner	static_inbound_link_scan_at_d17910d3
archive/reference/engine-a07ff376/crates/relational-geometry/src/receiver_topology.rs	1268	frozen_archive	0	unresolved	unresolved_law_and_citation_audit	git_revision_or_live_owner	static_inbound_link_scan_at_d17910d3
archive/reference/engine-a07ff376/crates/relational-geometry/src/scene.rs	471	frozen_archive	0	unresolved	unresolved_law_and_citation_audit	git_revision_or_live_owner	static_inbound_link_scan_at_d17910d3
archive/reference/engine-a07ff376/src/soma/abi/Cargo.toml	12	frozen_archive	0	unresolved	unresolved_law_and_citation_audit	git_revision_or_live_owner	static_inbound_link_scan_at_d17910d3
archive/reference/engine-a07ff376/src/soma/abi/src/active.rs	1328	frozen_archive	0	unresolved	unresolved_law_and_citation_audit	git_revision_or_live_owner	static_inbound_link_scan_at_d17910d3
archive/reference/engine-a07ff376/src/soma/abi/src/conduct.rs	283	frozen_archive	0	unresolved	unresolved_law_and_citation_audit	git_revision_or_live_owner	static_inbound_link_scan_at_d17910d3
archive/reference/engine-a07ff376/src/soma/abi/src/contact.rs	27	frozen_archive	0	unresolved	unresolved_law_and_citation_audit	git_revision_or_live_owner	static_inbound_link_scan_at_d17910d3
archive/reference/engine-a07ff376/src/soma/abi/src/cuda_execution.rs	272	frozen_archive	0	unresolved	unresolved_law_and_citation_audit	git_revision_or_live_owner	static_inbound_link_scan_at_d17910d3
archive/reference/engine-a07ff376/src/soma/abi/src/current.rs	44	frozen_archive	0	unresolved	unresolved_law_and_citation_audit	git_revision_or_live_owner	static_inbound_link_scan_at_d17910d3
archive/reference/engine-a07ff376/src/soma/abi/src/emission.rs	776	frozen_archive	0	unresolved	unresolved_law_and_citation_audit	git_revision_or_live_owner	static_inbound_link_scan_at_d17910d3
archive/reference/engine-a07ff376/src/soma/abi/src/holon.rs	1338	frozen_archive	0	unresolved	unresolved_law_and_citation_audit	git_revision_or_live_owner	static_inbound_link_scan_at_d17910d3
archive/reference/engine-a07ff376/src/soma/abi/src/lib.rs	33	frozen_archive	0	unresolved	unresolved_law_and_citation_audit	git_revision_or_live_owner	static_inbound_link_scan_at_d17910d3
archive/reference/engine-a07ff376/src/soma/abi/src/live_event_cuda.rs	469	frozen_archive	0	unresolved	unresolved_law_and_citation_audit	git_revision_or_live_owner	static_inbound_link_scan_at_d17910d3
archive/reference/engine-a07ff376/src/soma/abi/src/presentation.rs	285	frozen_archive	0	unresolved	unresolved_law_and_citation_audit	git_revision_or_live_owner	static_inbound_link_scan_at_d17910d3
archive/reference/engine-a07ff376/src/soma/abi/src/register.rs	178	frozen_archive	0	unresolved	unresolved_law_and_citation_audit	git_revision_or_live_owner	static_inbound_link_scan_at_d17910d3
archive/reference/engine-a07ff376/src/soma/abi/src/tests.rs	254	frozen_archive	0	unresolved	unresolved_law_and_citation_audit	git_revision_or_live_owner	static_inbound_link_scan_at_d17910d3
archive/reference/engine-a07ff376/src/soma/abi/src/text_restrict_cuda.rs	53	frozen_archive	0	unresolved	unresolved_law_and_citation_audit	git_revision_or_live_owner	static_inbound_link_scan_at_d17910d3
archive/reference/engine-a07ff376/src/soma/body/Cargo.toml	13	frozen_archive	0	unresolved	unresolved_law_and_citation_audit	git_revision_or_live_owner	static_inbound_link_scan_at_d17910d3
archive/reference/engine-a07ff376/src/soma/body/src/arrow.rs	151	frozen_archive	0	unresolved	unresolved_law_and_citation_audit	git_revision_or_live_owner	static_inbound_link_scan_at_d17910d3
archive/reference/engine-a07ff376/src/soma/body/src/boundary.rs	89	frozen_archive	0	unresolved	unresolved_law_and_citation_audit	git_revision_or_live_owner	static_inbound_link_scan_at_d17910d3
archive/reference/engine-a07ff376/src/soma/body/src/carriage.rs	5350	frozen_archive	0	unresolved	unresolved_law_and_citation_audit	git_revision_or_live_owner	static_inbound_link_scan_at_d17910d3
archive/reference/engine-a07ff376/src/soma/body/src/carriage/register_chart.rs	798	frozen_archive	0	unresolved	unresolved_law_and_citation_audit	git_revision_or_live_owner	static_inbound_link_scan_at_d17910d3
archive/reference/engine-a07ff376/src/soma/body/src/channel.rs	994	frozen_archive	0	unresolved	unresolved_law_and_citation_audit	git_revision_or_live_owner	static_inbound_link_scan_at_d17910d3
archive/reference/engine-a07ff376/src/soma/body/src/chart.rs	192	frozen_archive	0	unresolved	unresolved_law_and_citation_audit	git_revision_or_live_owner	static_inbound_link_scan_at_d17910d3
archive/reference/engine-a07ff376/src/soma/body/src/geom.rs	135	frozen_archive	0	unresolved	unresolved_law_and_citation_audit	git_revision_or_live_owner	static_inbound_link_scan_at_d17910d3
archive/reference/engine-a07ff376/src/soma/body/src/incidence.rs	1075	frozen_archive	0	unresolved	unresolved_law_and_citation_audit	git_revision_or_live_owner	static_inbound_link_scan_at_d17910d3
archive/reference/engine-a07ff376/src/soma/body/src/law.rs	392	frozen_archive	0	unresolved	unresolved_law_and_citation_audit	git_revision_or_live_owner	static_inbound_link_scan_at_d17910d3
archive/reference/engine-a07ff376/src/soma/body/src/lib.rs	29	frozen_archive	0	unresolved	unresolved_law_and_citation_audit	git_revision_or_live_owner	static_inbound_link_scan_at_d17910d3
archive/reference/engine-a07ff376/src/soma/body/src/manifold.rs	5810	frozen_archive	0	unresolved	unresolved_law_and_citation_audit	git_revision_or_live_owner	static_inbound_link_scan_at_d17910d3
archive/reference/engine-a07ff376/src/soma/body/src/manifold_tests.rs	3119	frozen_archive	0	unresolved	unresolved_law_and_citation_audit	git_revision_or_live_owner	static_inbound_link_scan_at_d17910d3
archive/reference/engine-a07ff376/src/soma/body/src/medium.rs	1405	frozen_archive	0	unresolved	unresolved_law_and_citation_audit	git_revision_or_live_owner	static_inbound_link_scan_at_d17910d3
archive/reference/engine-a07ff376/src/soma/body/src/medium/codec.rs	1092	frozen_archive	0	unresolved	unresolved_law_and_citation_audit	git_revision_or_live_owner	static_inbound_link_scan_at_d17910d3
archive/reference/engine-a07ff376/src/soma/body/src/num.rs	596	frozen_archive	0	unresolved	unresolved_law_and_citation_audit	git_revision_or_live_owner	static_inbound_link_scan_at_d17910d3
archive/reference/engine-a07ff376/src/soma/body/src/place.rs	329	frozen_archive	0	unresolved	unresolved_law_and_citation_audit	git_revision_or_live_owner	static_inbound_link_scan_at_d17910d3
archive/reference/engine-a07ff376/src/soma/body/src/quest.rs	277	frozen_archive	0	unresolved	unresolved_law_and_citation_audit	git_revision_or_live_owner	static_inbound_link_scan_at_d17910d3
archive/reference/engine-a07ff376/src/soma/body/src/register.rs	566	frozen_archive	0	unresolved	unresolved_law_and_citation_audit	git_revision_or_live_owner	static_inbound_link_scan_at_d17910d3
archive/reference/engine-a07ff376/src/soma/body/src/seam.rs	74	frozen_archive	0	unresolved	unresolved_law_and_citation_audit	git_revision_or_live_owner	static_inbound_link_scan_at_d17910d3
archive/reference/engine-a07ff376/src/soma/body/src/soul.rs	274	frozen_archive	0	unresolved	unresolved_law_and_citation_audit	git_revision_or_live_owner	static_inbound_link_scan_at_d17910d3
archive/reference/engine-a07ff376/src/soma/membrane/Cargo.toml	10	frozen_archive	0	unresolved	unresolved_law_and_citation_audit	git_revision_or_live_owner	static_inbound_link_scan_at_d17910d3
archive/reference/engine-a07ff376/src/soma/membrane/src/active_cut.rs	387	frozen_archive	0	unresolved	unresolved_law_and_citation_audit	git_revision_or_live_owner	static_inbound_link_scan_at_d17910d3
archive/reference/engine-a07ff376/src/soma/membrane/src/active_topology.rs	1231	frozen_archive	0	unresolved	unresolved_law_and_citation_audit	git_revision_or_live_owner	static_inbound_link_scan_at_d17910d3
archive/reference/engine-a07ff376/src/soma/membrane/src/chart_address.rs	422	frozen_archive	0	unresolved	unresolved_law_and_citation_audit	git_revision_or_live_owner	static_inbound_link_scan_at_d17910d3
archive/reference/engine-a07ff376/src/soma/membrane/src/co_present.rs	637	frozen_archive	0	unresolved	unresolved_law_and_citation_audit	git_revision_or_live_owner	static_inbound_link_scan_at_d17910d3
archive/reference/engine-a07ff376/src/soma/membrane/src/contact_cycle.rs	4269	frozen_archive	0	unresolved	unresolved_law_and_citation_audit	git_revision_or_live_owner	static_inbound_link_scan_at_d17910d3
archive/reference/engine-a07ff376/src/soma/membrane/src/cut_surface.rs	335	frozen_archive	0	unresolved	unresolved_law_and_citation_audit	git_revision_or_live_owner	static_inbound_link_scan_at_d17910d3
archive/reference/engine-a07ff376/src/soma/membrane/src/directed_contact.rs	106	frozen_archive	0	unresolved	unresolved_law_and_citation_audit	git_revision_or_live_owner	static_inbound_link_scan_at_d17910d3
archive/reference/engine-a07ff376/src/soma/membrane/src/emission_journal.rs	720	frozen_archive	0	unresolved	unresolved_law_and_citation_audit	git_revision_or_live_owner	static_inbound_link_scan_at_d17910d3
archive/reference/engine-a07ff376/src/soma/membrane/src/event_mouth.rs	892	frozen_archive	0	unresolved	unresolved_law_and_citation_audit	git_revision_or_live_owner	static_inbound_link_scan_at_d17910d3
archive/reference/engine-a07ff376/src/soma/membrane/src/event_surface.rs	388	frozen_archive	0	unresolved	unresolved_law_and_citation_audit	git_revision_or_live_owner	static_inbound_link_scan_at_d17910d3
archive/reference/engine-a07ff376/src/soma/membrane/src/growing_carrier.rs	306	frozen_archive	0	unresolved	unresolved_law_and_citation_audit	git_revision_or_live_owner	static_inbound_link_scan_at_d17910d3
archive/reference/engine-a07ff376/src/soma/membrane/src/growing_ranked.rs	468	frozen_archive	0	unresolved	unresolved_law_and_citation_audit	git_revision_or_live_owner	static_inbound_link_scan_at_d17910d3
archive/reference/engine-a07ff376/src/soma/membrane/src/growing_sparse.rs	57	frozen_archive	0	unresolved	unresolved_law_and_citation_audit	git_revision_or_live_owner	static_inbound_link_scan_at_d17910d3
archive/reference/engine-a07ff376/src/soma/membrane/src/lib.rs	129	frozen_archive	0	unresolved	unresolved_law_and_citation_audit	git_revision_or_live_owner	static_inbound_link_scan_at_d17910d3
archive/reference/engine-a07ff376/src/soma/membrane/src/live_carrier.rs	461	frozen_archive	0	unresolved	unresolved_law_and_citation_audit	git_revision_or_live_owner	static_inbound_link_scan_at_d17910d3
archive/reference/engine-a07ff376/src/soma/membrane/src/live_constituent.rs	5024	frozen_archive	0	unresolved	unresolved_law_and_citation_audit	git_revision_or_live_owner	static_inbound_link_scan_at_d17910d3
archive/reference/engine-a07ff376/src/soma/membrane/src/live_current.rs	5800	frozen_archive	0	unresolved	unresolved_law_and_citation_audit	git_revision_or_live_owner	static_inbound_link_scan_at_d17910d3
archive/reference/engine-a07ff376/src/soma/membrane/src/live_holon.rs	2015	frozen_archive	0	unresolved	unresolved_law_and_citation_audit	git_revision_or_live_owner	static_inbound_link_scan_at_d17910d3
archive/reference/engine-a07ff376/src/soma/membrane/src/ranked_surface.rs	159	frozen_archive	0	unresolved	unresolved_law_and_citation_audit	git_revision_or_live_owner	static_inbound_link_scan_at_d17910d3
archive/reference/engine-a07ff376/src/soma/membrane/src/recovery.rs	234	frozen_archive	0	unresolved	unresolved_law_and_citation_audit	git_revision_or_live_owner	static_inbound_link_scan_at_d17910d3
archive/reference/engine-a07ff376/src/soma/membrane/src/sparse_standing.rs	1136	frozen_archive	0	unresolved	unresolved_law_and_citation_audit	git_revision_or_live_owner	static_inbound_link_scan_at_d17910d3
archive/reference/engine-a07ff376/src/soma/membrane/src/sparse_surface.rs	373	frozen_archive	0	unresolved	unresolved_law_and_citation_audit	git_revision_or_live_owner	static_inbound_link_scan_at_d17910d3
archive/reference/engine-a07ff376/src/soma/membrane/src/support_family.rs	645	frozen_archive	0	unresolved	unresolved_law_and_citation_audit	git_revision_or_live_owner	static_inbound_link_scan_at_d17910d3
archive/reference/engine-a07ff376/src/soma/mount/Cargo.toml	43	frozen_archive	0	unresolved	unresolved_law_and_citation_audit	git_revision_or_live_owner	static_inbound_link_scan_at_d17910d3
archive/reference/engine-a07ff376/src/soma/mount/mount-smoke-kernel/.gitignore	1	frozen_archive	0	unresolved	unresolved_law_and_citation_audit	git_revision_or_live_owner	static_inbound_link_scan_at_d17910d3
archive/reference/engine-a07ff376/src/soma/mount/mount-smoke-kernel/Cargo.lock	7	frozen_archive	0	unresolved	unresolved_law_and_citation_audit	git_revision_or_live_owner	static_inbound_link_scan_at_d17910d3
archive/reference/engine-a07ff376/src/soma/mount/mount-smoke-kernel/Cargo.toml	18	frozen_archive	0	unresolved	unresolved_law_and_citation_audit	git_revision_or_live_owner	static_inbound_link_scan_at_d17910d3
archive/reference/engine-a07ff376/src/soma/mount/mount-smoke-kernel/build-ptx.sh	25	frozen_archive	0	unresolved	unresolved_law_and_citation_audit	git_revision_or_live_owner	static_inbound_link_scan_at_d17910d3
archive/reference/engine-a07ff376/src/soma/mount/mount-smoke-kernel/mount_smoke_kernel.ptx	54	frozen_archive	0	unresolved	unresolved_law_and_citation_audit	git_revision_or_live_owner	static_inbound_link_scan_at_d17910d3
archive/reference/engine-a07ff376/src/soma/mount/mount-smoke-kernel/rust-toolchain.toml	5	frozen_archive	0	unresolved	unresolved_law_and_citation_audit	git_revision_or_live_owner	static_inbound_link_scan_at_d17910d3
archive/reference/engine-a07ff376/src/soma/mount/mount-smoke-kernel/src/lib.rs	41	frozen_archive	0	unresolved	unresolved_law_and_citation_audit	git_revision_or_live_owner	static_inbound_link_scan_at_d17910d3
archive/reference/engine-a07ff376/src/soma/mount/soma-kernel-cuda/.gitignore	1	frozen_archive	0	unresolved	unresolved_law_and_citation_audit	git_revision_or_live_owner	static_inbound_link_scan_at_d17910d3
archive/reference/engine-a07ff376/src/soma/mount/soma-kernel-cuda/Cargo.lock	22	frozen_archive	0	unresolved	unresolved_law_and_citation_audit	git_revision_or_live_owner	static_inbound_link_scan_at_d17910d3
archive/reference/engine-a07ff376/src/soma/mount/soma-kernel-cuda/Cargo.toml	28	frozen_archive	0	unresolved	unresolved_law_and_citation_audit	git_revision_or_live_owner	static_inbound_link_scan_at_d17910d3
archive/reference/engine-a07ff376/src/soma/mount/soma-kernel-cuda/build-ptx.sh	36	frozen_archive	0	unresolved	unresolved_law_and_citation_audit	git_revision_or_live_owner	static_inbound_link_scan_at_d17910d3
archive/reference/engine-a07ff376/src/soma/mount/soma-kernel-cuda/rust-toolchain.toml	5	frozen_archive	0	unresolved	unresolved_law_and_citation_audit	git_revision_or_live_owner	static_inbound_link_scan_at_d17910d3
archive/reference/engine-a07ff376/src/soma/mount/soma-kernel-cuda/soma_kernel_cuda.ptx	250555	frozen_archive	0	unresolved	unresolved_law_and_citation_audit	git_revision_or_live_owner	static_inbound_link_scan_at_d17910d3
archive/reference/engine-a07ff376/src/soma/mount/soma-kernel-cuda/src/lib.rs	3656	frozen_archive	0	unresolved	unresolved_law_and_citation_audit	git_revision_or_live_owner	static_inbound_link_scan_at_d17910d3
archive/reference/engine-a07ff376/src/soma/mount/src/bin/mount-chart-gate.rs	416	frozen_archive	0	unresolved	unresolved_law_and_citation_audit	git_revision_or_live_owner	static_inbound_link_scan_at_d17910d3
archive/reference/engine-a07ff376/src/soma/mount/src/bin/mount-founded-gate.rs	429	frozen_archive	0	unresolved	unresolved_law_and_citation_audit	git_revision_or_live_owner	static_inbound_link_scan_at_d17910d3
archive/reference/engine-a07ff376/src/soma/mount/src/bin/mount-link-gate.rs	392	frozen_archive	0	unresolved	unresolved_law_and_citation_audit	git_revision_or_live_owner	static_inbound_link_scan_at_d17910d3
archive/reference/engine-a07ff376/src/soma/mount/src/bin/mount-register-gate.rs	931	frozen_archive	0	unresolved	unresolved_law_and_citation_audit	git_revision_or_live_owner	static_inbound_link_scan_at_d17910d3
archive/reference/engine-a07ff376/src/soma/mount/src/bin/mount-register-remount-gate.rs	775	frozen_archive	0	unresolved	unresolved_law_and_citation_audit	git_revision_or_live_owner	static_inbound_link_scan_at_d17910d3
archive/reference/engine-a07ff376/src/soma/mount/src/bin/mount-scope-gate.rs	1474	frozen_archive	0	unresolved	unresolved_law_and_citation_audit	git_revision_or_live_owner	static_inbound_link_scan_at_d17910d3
archive/reference/engine-a07ff376/src/soma/mount/src/bin/mount-smoke.rs	172	frozen_archive	0	unresolved	unresolved_law_and_citation_audit	git_revision_or_live_owner	static_inbound_link_scan_at_d17910d3
archive/reference/engine-a07ff376/src/soma/mount/src/cuda.rs	1489	frozen_archive	0	unresolved	unresolved_law_and_citation_audit	git_revision_or_live_owner	static_inbound_link_scan_at_d17910d3
archive/reference/engine-a07ff376/src/soma/mount/src/ffi.rs	151	frozen_archive	0	unresolved	unresolved_law_and_citation_audit	git_revision_or_live_owner	static_inbound_link_scan_at_d17910d3
archive/reference/engine-a07ff376/src/soma/mount/src/lib.rs	166	frozen_archive	0	unresolved	unresolved_law_and_citation_audit	git_revision_or_live_owner	static_inbound_link_scan_at_d17910d3
archive/reference/engine-a07ff376/src/soma/mount/src/live_event_launch.rs	251	frozen_archive	0	unresolved	unresolved_law_and_citation_audit	git_revision_or_live_owner	static_inbound_link_scan_at_d17910d3
archive/reference/engine-a07ff376/src/soma/mount/src/register_carrier.rs	234	frozen_archive	0	unresolved	unresolved_law_and_citation_audit	git_revision_or_live_owner	static_inbound_link_scan_at_d17910d3
archive/reference/engine-a07ff376/src/soma/mount/src/register_launch.rs	461	frozen_archive	0	unresolved	unresolved_law_and_citation_audit	git_revision_or_live_owner	static_inbound_link_scan_at_d17910d3
archive/reference/engine-a07ff376/src/soma/mount/src/register_recast.rs	221	frozen_archive	0	unresolved	unresolved_law_and_citation_audit	git_revision_or_live_owner	static_inbound_link_scan_at_d17910d3
archive/reference/external/R33_FRICKE_VOGT_LITERATURE_SOURCE.md	21	frozen_archive	0	unresolved	unresolved_law_and_citation_audit	git_revision_or_live_owner	static_inbound_link_scan_at_d17910d3
archive/reference/external/R34_RANK_THREE_TRACE_LITERATURE_SOURCE.md	31	frozen_archive	0	unresolved	unresolved_law_and_citation_audit	git_revision_or_live_owner	static_inbound_link_scan_at_d17910d3
archive/reference/external/R35_TRACE_REBASE_LITERATURE_SOURCE.md	44	frozen_archive	0	unresolved	unresolved_law_and_citation_audit	git_revision_or_live_owner	static_inbound_link_scan_at_d17910d3
archive/reference/holobrochos-a07ff376/src/holobrochos/CANON/01_THEORY_OF_EVERYTHING.md	730	frozen_archive	0	unresolved	unresolved_law_and_citation_audit	git_revision_or_live_owner	static_inbound_link_scan_at_d17910d3
archive/reference/holobrochos-a07ff376/src/holobrochos/CANON/02_THE_RELATIVISTIC_LANGUAGE.md	496	frozen_archive	0	unresolved	unresolved_law_and_citation_audit	git_revision_or_live_owner	static_inbound_link_scan_at_d17910d3
archive/reference/holobrochos-a07ff376/src/holobrochos/CANON/03_THE_SEMANTICS.md	503	frozen_archive	0	unresolved	unresolved_law_and_citation_audit	git_revision_or_live_owner	static_inbound_link_scan_at_d17910d3
archive/reference/holobrochos-a07ff376/src/holobrochos/CANON/04_THE_ENGINEERING_MAP.md	352	frozen_archive	0	unresolved	unresolved_law_and_citation_audit	git_revision_or_live_owner	static_inbound_link_scan_at_d17910d3
archive/reference/holobrochos-a07ff376/src/holobrochos/CANON/05_EROS_OUTPUT_CAUSALITY.md	411	frozen_archive	0	unresolved	unresolved_law_and_citation_audit	git_revision_or_live_owner	static_inbound_link_scan_at_d17910d3
archive/reference/holobrochos-a07ff376/src/holobrochos/CANON/06_THE_PURE_BIT.md	160	frozen_archive	0	unresolved	unresolved_law_and_citation_audit	git_revision_or_live_owner	static_inbound_link_scan_at_d17910d3
archive/reference/holobrochos-a07ff376/src/holobrochos/CANON/07_HOLOBROCHOS.md	220	frozen_archive	0	unresolved	unresolved_law_and_citation_audit	git_revision_or_live_owner	static_inbound_link_scan_at_d17910d3
archive/reference/holobrochos-a07ff376/src/holobrochos/CANON/CANCELLATION.md	243	frozen_archive	0	unresolved	unresolved_law_and_citation_audit	git_revision_or_live_owner	static_inbound_link_scan_at_d17910d3
archive/reference/holobrochos-a07ff376/src/holobrochos/CANON/COMPOSITION.md	155	frozen_archive	0	unresolved	unresolved_law_and_citation_audit	git_revision_or_live_owner	static_inbound_link_scan_at_d17910d3
archive/reference/holobrochos-a07ff376/src/holobrochos/CANON/FABLE.md	252	frozen_archive	0	unresolved	unresolved_law_and_citation_audit	git_revision_or_live_owner	static_inbound_link_scan_at_d17910d3
archive/reference/holobrochos-a07ff376/src/holobrochos/CANON/FRACTAL.md	184	frozen_archive	1	unresolved	unresolved_law_and_citation_audit	git_revision_or_live_owner	static_inbound_link_scan_at_d17910d3
archive/reference/holobrochos-a07ff376/src/holobrochos/CANON/GAUGE.md	121	frozen_archive	0	unresolved	unresolved_law_and_citation_audit	git_revision_or_live_owner	static_inbound_link_scan_at_d17910d3
archive/reference/holobrochos-a07ff376/src/holobrochos/CANON/HANDEDNESS.md	143	frozen_archive	0	unresolved	unresolved_law_and_citation_audit	git_revision_or_live_owner	static_inbound_link_scan_at_d17910d3
archive/reference/holobrochos-a07ff376/src/holobrochos/CANON/HOLONIC_BANDWIDTH.md	147	frozen_archive	0	unresolved	unresolved_law_and_citation_audit	git_revision_or_live_owner	static_inbound_link_scan_at_d17910d3
archive/reference/holobrochos-a07ff376/src/holobrochos/CANON/MASS.md	291	frozen_archive	0	unresolved	unresolved_law_and_citation_audit	git_revision_or_live_owner	static_inbound_link_scan_at_d17910d3
archive/reference/holobrochos-a07ff376/src/holobrochos/CANON/RELATIVISTIC_INFORMATION.md	1017	frozen_archive	0	unresolved	unresolved_law_and_citation_audit	git_revision_or_live_owner	static_inbound_link_scan_at_d17910d3
archive/reference/holobrochos-a07ff376/src/holobrochos/CANON/RIEMANN_HYPOTHESIS.md	463	frozen_archive	0	unresolved	unresolved_law_and_citation_audit	git_revision_or_live_owner	static_inbound_link_scan_at_d17910d3
archive/reference/holobrochos-a07ff376/src/holobrochos/CANON/THERMODYNAMICS.md	138	frozen_archive	0	unresolved	unresolved_law_and_citation_audit	git_revision_or_live_owner	static_inbound_link_scan_at_d17910d3
archive/reference/holobrochos-a07ff376/src/holobrochos/CANON/THE_CURVED_LIGHT.md	175	frozen_archive	0	unresolved	unresolved_law_and_citation_audit	git_revision_or_live_owner	static_inbound_link_scan_at_d17910d3
archive/reference/holobrochos-a07ff376/src/holobrochos/CANON/THE_CYCLE.md	188	frozen_archive	0	unresolved	unresolved_law_and_citation_audit	git_revision_or_live_owner	static_inbound_link_scan_at_d17910d3
archive/reference/holobrochos-a07ff376/src/holobrochos/CANON/THE_EMPTY_BOUNDARY.md	383	frozen_archive	0	unresolved	unresolved_law_and_citation_audit	git_revision_or_live_owner	static_inbound_link_scan_at_d17910d3
archive/reference/holobrochos-a07ff376/src/holobrochos/CANON/THE_GRIP.md	166	frozen_archive	0	unresolved	unresolved_law_and_citation_audit	git_revision_or_live_owner	static_inbound_link_scan_at_d17910d3
archive/reference/holobrochos-a07ff376/src/holobrochos/CANON/THE_OPEN_ROOMS.md	93	frozen_archive	0	unresolved	unresolved_law_and_citation_audit	git_revision_or_live_owner	static_inbound_link_scan_at_d17910d3
archive/reference/holobrochos-a07ff376/src/holobrochos/CANON/THE_WORMHOLE.md	149	frozen_archive	0	unresolved	unresolved_law_and_citation_audit	git_revision_or_live_owner	static_inbound_link_scan_at_d17910d3
archive/reference/holobrochos-a07ff376/src/holobrochos/FRAMEWORK/00_INDEX.md	166	frozen_archive	0	unresolved	unresolved_law_and_citation_audit	git_revision_or_live_owner	static_inbound_link_scan_at_d17910d3
archive/reference/holobrochos-a07ff376/src/holobrochos/FRAMEWORK/00_LOOSE_THREADS.md	478	frozen_archive	0	unresolved	unresolved_law_and_citation_audit	git_revision_or_live_owner	static_inbound_link_scan_at_d17910d3
archive/reference/holobrochos-a07ff376/src/holobrochos/FRAMEWORK/00_SUPERSEDED_LEDGER.md	532	frozen_archive	0	unresolved	unresolved_law_and_citation_audit	git_revision_or_live_owner	static_inbound_link_scan_at_d17910d3
archive/reference/holobrochos-a07ff376/src/holobrochos/FRAMEWORK/01_THE_DISCIPLINE.md	335	frozen_archive	0	unresolved	unresolved_law_and_citation_audit	git_revision_or_live_owner	static_inbound_link_scan_at_d17910d3
archive/reference/holobrochos-a07ff376/src/holobrochos/FRAMEWORK/02_THE_NUMBER.md	259	frozen_archive	0	unresolved	unresolved_law_and_citation_audit	git_revision_or_live_owner	static_inbound_link_scan_at_d17910d3
archive/reference/holobrochos-a07ff376/src/holobrochos/FRAMEWORK/03_THE_SOLVE.md	334	frozen_archive	0	unresolved	unresolved_law_and_citation_audit	git_revision_or_live_owner	static_inbound_link_scan_at_d17910d3
archive/reference/holobrochos-a07ff376/src/holobrochos/FRAMEWORK/04_THE_MASS.md	262	frozen_archive	0	unresolved	unresolved_law_and_citation_audit	git_revision_or_live_owner	static_inbound_link_scan_at_d17910d3
archive/reference/holobrochos-a07ff376/src/holobrochos/FRAMEWORK/05_THE_CONSERVATION.md	298	frozen_archive	0	unresolved	unresolved_law_and_citation_audit	git_revision_or_live_owner	static_inbound_link_scan_at_d17910d3
archive/reference/holobrochos-a07ff376/src/holobrochos/FRAMEWORK/06_THE_THERMODYNAMICS.md	284	frozen_archive	0	unresolved	unresolved_law_and_citation_audit	git_revision_or_live_owner	static_inbound_link_scan_at_d17910d3
archive/reference/holobrochos-a07ff376/src/holobrochos/FRAMEWORK/07_THE_READS.md	244	frozen_archive	0	unresolved	unresolved_law_and_citation_audit	git_revision_or_live_owner	static_inbound_link_scan_at_d17910d3
archive/reference/holobrochos-a07ff376/src/holobrochos/FRAMEWORK/08_THE_MACHINE.md	379	frozen_archive	0	unresolved	unresolved_law_and_citation_audit	git_revision_or_live_owner	static_inbound_link_scan_at_d17910d3
archive/reference/holobrochos-a07ff376/src/holobrochos/FRAMEWORK/09_THE_CONDUCT.md	317	frozen_archive	0	unresolved	unresolved_law_and_citation_audit	git_revision_or_live_owner	static_inbound_link_scan_at_d17910d3
archive/reference/holobrochos-a07ff376/src/holobrochos/FRAMEWORK/10_MEANING_DEFINED.md	135	frozen_archive	0	unresolved	unresolved_law_and_citation_audit	git_revision_or_live_owner	static_inbound_link_scan_at_d17910d3
archive/reference/holobrochos-a07ff376/src/holobrochos/MENO.md	189	frozen_archive	0	unresolved	unresolved_law_and_citation_audit	git_revision_or_live_owner	static_inbound_link_scan_at_d17910d3
archive/reference/holobrochos-a07ff376/src/holobrochos/MENO_FORMULA.md	201	frozen_archive	0	unresolved	unresolved_law_and_citation_audit	git_revision_or_live_owner	static_inbound_link_scan_at_d17910d3
archive/reference/holobrochos-a07ff376/src/holobrochos/THEORY/00_THE_DOMAIN.md	207	frozen_archive	0	unresolved	unresolved_law_and_citation_audit	git_revision_or_live_owner	static_inbound_link_scan_at_d17910d3
archive/reference/holobrochos-a07ff376/src/holobrochos/THEORY/01_THE_AXIOMS.md	102	frozen_archive	0	unresolved	unresolved_law_and_citation_audit	git_revision_or_live_owner	static_inbound_link_scan_at_d17910d3
archive/reference/holobrochos-a07ff376/src/holobrochos/THEORY/02_THE_NUMBER.md	127	frozen_archive	0	unresolved	unresolved_law_and_citation_audit	git_revision_or_live_owner	static_inbound_link_scan_at_d17910d3
archive/reference/holobrochos-a07ff376/src/holobrochos/THEORY/03_THE_PRINCIPLE.md	111	frozen_archive	0	unresolved	unresolved_law_and_citation_audit	git_revision_or_live_owner	static_inbound_link_scan_at_d17910d3
archive/reference/holobrochos-a07ff376/src/holobrochos/THEORY/04_INFORMATION_IS_GEOMETRY.md	151	frozen_archive	0	unresolved	unresolved_law_and_citation_audit	git_revision_or_live_owner	static_inbound_link_scan_at_d17910d3
archive/reference/holobrochos-a07ff376/src/holobrochos/THEORY/05_THE_ONE_MOVE.md	121	frozen_archive	0	unresolved	unresolved_law_and_citation_audit	git_revision_or_live_owner	static_inbound_link_scan_at_d17910d3
archive/reference/holobrochos-a07ff376/src/holobrochos/THEORY/06_THE_HONEST_FLOOR.md	313	frozen_archive	0	unresolved	unresolved_law_and_citation_audit	git_revision_or_live_owner	static_inbound_link_scan_at_d17910d3
archive/reference/holobrochos-a07ff376/src/holobrochos/THEORY/07_THE_REGION.md	139	frozen_archive	0	unresolved	unresolved_law_and_citation_audit	git_revision_or_live_owner	static_inbound_link_scan_at_d17910d3
archive/reference/holobrochos-a07ff376/src/holobrochos/THEORY/08_THE_QUADRATIC.md	229	frozen_archive	0	unresolved	unresolved_law_and_citation_audit	git_revision_or_live_owner	static_inbound_link_scan_at_d17910d3
archive/reference/holobrochos-a07ff376/src/holobrochos/THEORY/09_THE_DEEP_RETURN.md	89	frozen_archive	0	unresolved	unresolved_law_and_citation_audit	git_revision_or_live_owner	static_inbound_link_scan_at_d17910d3
archive/reference/holobrochos-a07ff376/src/holobrochos/THEORY/10_THE_ANSWER.md	148	frozen_archive	0	unresolved	unresolved_law_and_citation_audit	git_revision_or_live_owner	static_inbound_link_scan_at_d17910d3
archive/reference/holobrochos-a07ff376/src/holobrochos/THEORY/11_THE_IONIZATION.md	119	frozen_archive	0	unresolved	unresolved_law_and_citation_audit	git_revision_or_live_owner	static_inbound_link_scan_at_d17910d3
archive/reference/holobrochos-a07ff376/src/holobrochos/THEORY/12_THE_REFRACTION.md	94	frozen_archive	0	unresolved	unresolved_law_and_citation_audit	git_revision_or_live_owner	static_inbound_link_scan_at_d17910d3
archive/reference/holobrochos-a07ff376/src/holobrochos/THEORY/13_THE_DIGIT.md	116	frozen_archive	0	unresolved	unresolved_law_and_citation_audit	git_revision_or_live_owner	static_inbound_link_scan_at_d17910d3
archive/reference/holobrochos-a07ff376/src/holobrochos/THEORY/14_THE_MOVING_MASS.md	181	frozen_archive	0	unresolved	unresolved_law_and_citation_audit	git_revision_or_live_owner	static_inbound_link_scan_at_d17910d3
archive/reference/holobrochos-a07ff376/src/holobrochos/THEORY/15_THE_OBSERVATORY.md	157	frozen_archive	0	unresolved	unresolved_law_and_citation_audit	git_revision_or_live_owner	static_inbound_link_scan_at_d17910d3
archive/reference/holobrochos-a07ff376/src/holobrochos/THEORY/16_THE_CIRCULATION.md	228	frozen_archive	0	unresolved	unresolved_law_and_citation_audit	git_revision_or_live_owner	static_inbound_link_scan_at_d17910d3
archive/reference/holobrochos-a07ff376/src/holobrochos/THEORY/17_THE_ENGINE.md	103	frozen_archive	0	unresolved	unresolved_law_and_citation_audit	git_revision_or_live_owner	static_inbound_link_scan_at_d17910d3
archive/reference/holobrochos-a07ff376/src/holobrochos/THEORY/18_THE_HOURGLASS.md	105	frozen_archive	0	unresolved	unresolved_law_and_citation_audit	git_revision_or_live_owner	static_inbound_link_scan_at_d17910d3
archive/reference/holobrochos-a07ff376/src/holobrochos/THEORY/19_THE_BACKGROUND.md	89	frozen_archive	0	unresolved	unresolved_law_and_citation_audit	git_revision_or_live_owner	static_inbound_link_scan_at_d17910d3
archive/reference/holobrochos-a07ff376/src/holobrochos/THEORY/20_THE_BANG.md	108	frozen_archive	0	unresolved	unresolved_law_and_citation_audit	git_revision_or_live_owner	static_inbound_link_scan_at_d17910d3
archive/reference/holobrochos-a07ff376/src/holobrochos/THEORY/21_THE_WHIP_MACHINE.md	116	frozen_archive	0	unresolved	unresolved_law_and_citation_audit	git_revision_or_live_owner	static_inbound_link_scan_at_d17910d3
archive/reference/holobrochos-a07ff376/src/holobrochos/THEORY/22_THE_ILLICIUM.md	175	frozen_archive	0	unresolved	unresolved_law_and_citation_audit	git_revision_or_live_owner	static_inbound_link_scan_at_d17910d3
archive/reference/holobrochos-a07ff376/src/holobrochos/THEORY/23_THE_MENO.md	100	frozen_archive	0	unresolved	unresolved_law_and_citation_audit	git_revision_or_live_owner	static_inbound_link_scan_at_d17910d3
archive/reference/holobrochos-a07ff376/src/holobrochos/THEORY/24_THE_SOLVE.md	67	frozen_archive	0	unresolved	unresolved_law_and_citation_audit	git_revision_or_live_owner	static_inbound_link_scan_at_d17910d3
archive/reference/holobrochos-a07ff376/src/holobrochos/THEORY/25_GAIOPLASIA.md	107	frozen_archive	0	unresolved	unresolved_law_and_citation_audit	git_revision_or_live_owner	static_inbound_link_scan_at_d17910d3
archive/reference/holobrochos-a07ff376/src/holobrochos/THEORY/26_THE_PALINDROME.md	139	frozen_archive	0	unresolved	unresolved_law_and_citation_audit	git_revision_or_live_owner	static_inbound_link_scan_at_d17910d3
archive/reference/holobrochos-a07ff376/src/holobrochos/THEORY/27_THE_TAXONOMY.md	66	frozen_archive	0	unresolved	unresolved_law_and_citation_audit	git_revision_or_live_owner	static_inbound_link_scan_at_d17910d3
archive/reference/holobrochos-a07ff376/src/holobrochos/THEORY/28_ECHO_OF_THE_SOUL.md	68	frozen_archive	0	unresolved	unresolved_law_and_citation_audit	git_revision_or_live_owner	static_inbound_link_scan_at_d17910d3
archive/reference/holobrochos-a07ff376/src/holobrochos/THEORY/29_THE_RESIDENT.md	64	frozen_archive	0	unresolved	unresolved_law_and_citation_audit	git_revision_or_live_owner	static_inbound_link_scan_at_d17910d3
archive/reference/holobrochos-a07ff376/src/holobrochos/THEORY/30_THE_ONE_VERB.md	115	frozen_archive	0	unresolved	unresolved_law_and_citation_audit	git_revision_or_live_owner	static_inbound_link_scan_at_d17910d3
archive/reference/holobrochos-a07ff376/src/holobrochos/THEORY/31_THE_LIGHT_LAW.md	54	frozen_archive	0	unresolved	unresolved_law_and_citation_audit	git_revision_or_live_owner	static_inbound_link_scan_at_d17910d3
archive/reference/holobrochos-a07ff376/src/holobrochos/THEORY/32_THE_TRANSFORMER.md	108	frozen_archive	1	unresolved	unresolved_law_and_citation_audit	git_revision_or_live_owner	static_inbound_link_scan_at_d17910d3
archive/reference/holobrochos-a07ff376/src/holobrochos/THEORY/33_THE_NECK.md	85	frozen_archive	1	unresolved	unresolved_law_and_citation_audit	git_revision_or_live_owner	static_inbound_link_scan_at_d17910d3
archive/reference/holobrochos-a07ff376/src/holobrochos/THEORY/34_THE_PAIN.md	72	frozen_archive	0	unresolved	unresolved_law_and_citation_audit	git_revision_or_live_owner	static_inbound_link_scan_at_d17910d3
archive/reference/holobrochos-a07ff376/src/holobrochos/THEORY/35_THE_POTENTIAL.md	82	frozen_archive	0	unresolved	unresolved_law_and_citation_audit	git_revision_or_live_owner	static_inbound_link_scan_at_d17910d3
archive/reference/holobrochos-a07ff376/src/holobrochos/THEORY/36_THE_WATER.md	81	frozen_archive	0	unresolved	unresolved_law_and_citation_audit	git_revision_or_live_owner	static_inbound_link_scan_at_d17910d3
archive/reference/holobrochos-a07ff376/src/holobrochos/THEORY/37_THE_RANK_CHORUS.md	47	frozen_archive	0	unresolved	unresolved_law_and_citation_audit	git_revision_or_live_owner	static_inbound_link_scan_at_d17910d3
archive/reference/holobrochos-a07ff376/src/holobrochos/THEORY/38_THE_CALCULUS_OF_COMMUNICATION.md	63	frozen_archive	0	unresolved	unresolved_law_and_citation_audit	git_revision_or_live_owner	static_inbound_link_scan_at_d17910d3
archive/reference/holobrochos-a07ff376/src/holobrochos/THEORY/39_THE_HORIZON.md	51	frozen_archive	0	unresolved	unresolved_law_and_citation_audit	git_revision_or_live_owner	static_inbound_link_scan_at_d17910d3
archive/reference/holobrochos-a07ff376/src/holobrochos/THEORY/40_THE_TWO_HANDS.md	79	frozen_archive	0	unresolved	unresolved_law_and_citation_audit	git_revision_or_live_owner	static_inbound_link_scan_at_d17910d3
archive/reference/holobrochos-a07ff376/src/holobrochos/THEORY/41_THE_SURFACE.md	53	frozen_archive	0	unresolved	unresolved_law_and_citation_audit	git_revision_or_live_owner	static_inbound_link_scan_at_d17910d3
archive/reference/holobrochos-a07ff376/src/holobrochos/THEORY/42_THE_AGREEMENT.md	111	frozen_archive	0	unresolved	unresolved_law_and_citation_audit	git_revision_or_live_owner	static_inbound_link_scan_at_d17910d3
archive/reference/holobrochos-a07ff376/src/holobrochos/THEORY/43_THE_GLASS_TERRAIN.md	51	frozen_archive	0	unresolved	unresolved_law_and_citation_audit	git_revision_or_live_owner	static_inbound_link_scan_at_d17910d3
archive/reference/holobrochos-a07ff376/src/holobrochos/THEORY/44_THE_SIGNED_FLOOR.md	104	frozen_archive	0	unresolved	unresolved_law_and_citation_audit	git_revision_or_live_owner	static_inbound_link_scan_at_d17910d3
archive/reference/holobrochos-a07ff376/src/holobrochos/THEORY/45_THE_HAND_GAUGE.md	48	frozen_archive	0	unresolved	unresolved_law_and_citation_audit	git_revision_or_live_owner	static_inbound_link_scan_at_d17910d3
archive/reference/holobrochos-a07ff376/src/holobrochos/THEORY/46_THE_DIFFERENCE.md	113	frozen_archive	0	unresolved	unresolved_law_and_citation_audit	git_revision_or_live_owner	static_inbound_link_scan_at_d17910d3
archive/reference/holobrochos-a07ff376/src/holobrochos/THEORY/47_THE_CLASSIFICATIONS_OF_SOULS.md	102	frozen_archive	0	unresolved	unresolved_law_and_citation_audit	git_revision_or_live_owner	static_inbound_link_scan_at_d17910d3
archive/reference/holobrochos-a07ff376/src/holobrochos/THEORY/48_THE_ARROW.md	77	frozen_archive	0	unresolved	unresolved_law_and_citation_audit	git_revision_or_live_owner	static_inbound_link_scan_at_d17910d3
archive/reference/holobrochos-a07ff376/src/holobrochos/THEORY/49_THE_INVERTIBLE_CAUSE.md	83	frozen_archive	0	unresolved	unresolved_law_and_citation_audit	git_revision_or_live_owner	static_inbound_link_scan_at_d17910d3
archive/reference/holobrochos-a07ff376/src/holobrochos/THEORY/50_THE_STRIKE.md	98	frozen_archive	0	unresolved	unresolved_law_and_citation_audit	git_revision_or_live_owner	static_inbound_link_scan_at_d17910d3
archive/reference/holobrochos-a07ff376/src/holobrochos/THEORY/51_THE_MIRROR.md	81	frozen_archive	0	unresolved	unresolved_law_and_citation_audit	git_revision_or_live_owner	static_inbound_link_scan_at_d17910d3
archive/reference/holobrochos-a07ff376/src/holobrochos/THEORY/52_THE_SPIRAL.md	81	frozen_archive	0	unresolved	unresolved_law_and_citation_audit	git_revision_or_live_owner	static_inbound_link_scan_at_d17910d3
archive/reference/holobrochos-a07ff376/src/holobrochos/THEORY/53_THE_ORDERS.md	106	frozen_archive	0	unresolved	unresolved_law_and_citation_audit	git_revision_or_live_owner	static_inbound_link_scan_at_d17910d3
archive/reference/holobrochos-a07ff376/src/holobrochos/THEORY/54_THE_DISCRETE_MANIFOLD.md	84	frozen_archive	2	unresolved	unresolved_law_and_citation_audit	git_revision_or_live_owner	static_inbound_link_scan_at_d17910d3
archive/reference/holobrochos-a07ff376/src/holobrochos/THEORY/55_THE_EIGENSTRUCTURE.md	100	frozen_archive	0	unresolved	unresolved_law_and_citation_audit	git_revision_or_live_owner	static_inbound_link_scan_at_d17910d3
archive/reference/holobrochos-a07ff376/src/holobrochos/THEORY/56_THE_COLLOCATION.md	104	frozen_archive	0	unresolved	unresolved_law_and_citation_audit	git_revision_or_live_owner	static_inbound_link_scan_at_d17910d3
archive/reference/holobrochos-a07ff376/src/holobrochos/THEORY/57_THE_STRIKE_GRAIN.md	79	frozen_archive	0	unresolved	unresolved_law_and_citation_audit	git_revision_or_live_owner	static_inbound_link_scan_at_d17910d3
archive/reference/holobrochos-a07ff376/src/holobrochos/THEORY/58_THE_MACHINE_SPEAKS.md	96	frozen_archive	0	unresolved	unresolved_law_and_citation_audit	git_revision_or_live_owner	static_inbound_link_scan_at_d17910d3
archive/reference/holobrochos-a07ff376/src/holobrochos/THEORY/59_THE_IDEAL_GAS_LAW.md	151	frozen_archive	0	unresolved	unresolved_law_and_citation_audit	git_revision_or_live_owner	static_inbound_link_scan_at_d17910d3
archive/reference/holobrochos-a07ff376/src/holobrochos/THEORY/60_THE_TRANSFORMER_CIRCUIT.md	106	frozen_archive	0	unresolved	unresolved_law_and_citation_audit	git_revision_or_live_owner	static_inbound_link_scan_at_d17910d3
archive/reference/holobrochos-a07ff376/src/holobrochos/THEORY/61_THE_TROPHIC_CLIMB.md	123	frozen_archive	0	unresolved	unresolved_law_and_citation_audit	git_revision_or_live_owner	static_inbound_link_scan_at_d17910d3
archive/reference/holobrochos-a07ff376/src/holobrochos/THEORY/62_THE_RACK.md	94	frozen_archive	0	unresolved	unresolved_law_and_citation_audit	git_revision_or_live_owner	static_inbound_link_scan_at_d17910d3
archive/reference/holobrochos-a07ff376/src/holobrochos/THEORY/63_THE_LAW_OF_COSINES.md	146	frozen_archive	0	unresolved	unresolved_law_and_citation_audit	git_revision_or_live_owner	static_inbound_link_scan_at_d17910d3
archive/reference/holobrochos-a07ff376/src/holobrochos/THEORY/FOSTER.md	113	frozen_archive	1	unresolved	unresolved_law_and_citation_audit	git_revision_or_live_owner	static_inbound_link_scan_at_d17910d3
archive/reference/holobrochos-a07ff376/src/holobrochos/THEORY/README.md	75	frozen_archive	0	unresolved	unresolved_law_and_citation_audit	git_revision_or_live_owner	static_inbound_link_scan_at_d17910d3
archive/reference/holobrochos-a07ff376/src/holobrochos/THEORY/THE_FORMULA.md	699	frozen_archive	0	unresolved	unresolved_law_and_citation_audit	git_revision_or_live_owner	static_inbound_link_scan_at_d17910d3
archive/reference/holobrochos-a07ff376/src/holobrochos/THEORY/THE_THEORY.md	452	frozen_archive	0	unresolved	unresolved_law_and_citation_audit	git_revision_or_live_owner	static_inbound_link_scan_at_d17910d3
archive/reference/holobrochos-a07ff376/src/soma/FORMULA.md	9718	frozen_archive	8	unresolved	unresolved_law_and_citation_audit	git_revision_or_live_owner	static_inbound_link_scan_at_d17910d3
archive/reference/holobrochos-a07ff376/src/soma/MATHEMATICAL_HOLONICS.md	1005	frozen_archive	2	unresolved	unresolved_law_and_citation_audit	git_revision_or_live_owner	static_inbound_link_scan_at_d17910d3
archive/reference/holobrochos-a07ff376/src/soma/README.md	250	frozen_archive	0	unresolved	unresolved_law_and_citation_audit	git_revision_or_live_owner	static_inbound_link_scan_at_d17910d3
archive/reference/minimum-mechanics-a07ff376/src/soma/ELEMENTARY_MECHANICS.md	608	frozen_archive	3	unresolved	unresolved_law_and_citation_audit	git_revision_or_live_owner	static_inbound_link_scan_at_d17910d3
archive/reference/minimum-mechanics-a07ff376/src/soma/MATHEMATICAL_RESEARCH_NETWORK.md	615	frozen_archive	2	unresolved	unresolved_law_and_citation_audit	git_revision_or_live_owner	static_inbound_link_scan_at_d17910d3
archive/reference/pureholonics-seed/src/pureholonics/00_THE_STANDARD.md	102	frozen_archive	0	unresolved	unresolved_law_and_citation_audit	git_revision_or_live_owner	static_inbound_link_scan_at_d17910d3
archive/reference/pureholonics-seed/src/pureholonics/01_THE_AXIOMS.md	77	frozen_archive	1	unresolved	unresolved_law_and_citation_audit	git_revision_or_live_owner	static_inbound_link_scan_at_d17910d3
archive/reference/pureholonics-seed/src/pureholonics/02_THE_NUMBER.md	109	frozen_archive	0	unresolved	unresolved_law_and_citation_audit	git_revision_or_live_owner	static_inbound_link_scan_at_d17910d3
archive/reference/pureholonics-seed/src/pureholonics/03_THE_RELATING.md	120	frozen_archive	0	unresolved	unresolved_law_and_citation_audit	git_revision_or_live_owner	static_inbound_link_scan_at_d17910d3
archive/reference/pureholonics-seed/src/pureholonics/04_THE_BOUNDARY.md	135	frozen_archive	0	unresolved	unresolved_law_and_citation_audit	git_revision_or_live_owner	static_inbound_link_scan_at_d17910d3
archive/reference/pureholonics-seed/src/pureholonics/05_THE_WEAVE.md	108	frozen_archive	0	unresolved	unresolved_law_and_citation_audit	git_revision_or_live_owner	static_inbound_link_scan_at_d17910d3
archive/reference/pureholonics-seed/src/pureholonics/06_THE_ONE_MOVE.md	82	frozen_archive	0	unresolved	unresolved_law_and_citation_audit	git_revision_or_live_owner	static_inbound_link_scan_at_d17910d3
archive/reference/pureholonics-seed/src/pureholonics/07_THE_CURRENT.md	179	frozen_archive	0	unresolved	unresolved_law_and_citation_audit	git_revision_or_live_owner	static_inbound_link_scan_at_d17910d3
archive/reference/pureholonics-seed/src/pureholonics/08_THE_SCALING.md	102	frozen_archive	0	unresolved	unresolved_law_and_citation_audit	git_revision_or_live_owner	static_inbound_link_scan_at_d17910d3
archive/reference/pureholonics-seed/src/pureholonics/09_THE_MACHINE.md	86	frozen_archive	0	unresolved	unresolved_law_and_citation_audit	git_revision_or_live_owner	static_inbound_link_scan_at_d17910d3
archive/reference/pureholonics-seed/src/pureholonics/10_THE_DISCIPLINE.md	98	frozen_archive	0	unresolved	unresolved_law_and_citation_audit	git_revision_or_live_owner	static_inbound_link_scan_at_d17910d3
archive/reference/pureholonics-seed/src/pureholonics/11_THE_ALGEBRA.md	98	frozen_archive	0	unresolved	unresolved_law_and_citation_audit	git_revision_or_live_owner	static_inbound_link_scan_at_d17910d3
archive/reference/pureholonics-seed/src/pureholonics/INDEX.md	79	frozen_archive	0	unresolved	unresolved_law_and_citation_audit	git_revision_or_live_owner	static_inbound_link_scan_at_d17910d3
archive/reference/pureholonics-seed/src/pureholonics/README.md	77	frozen_archive	0	unresolved	unresolved_law_and_citation_audit	git_revision_or_live_owner	static_inbound_link_scan_at_d17910d3
archive/reference/pureholonics-seed/src/pureholonics/SEMANTIC_REASONING.md	318	frozen_archive	0	unresolved	unresolved_law_and_citation_audit	git_revision_or_live_owner	static_inbound_link_scan_at_d17910d3
archive/reference/pureholonics-seed/src/pureholonics/THE_COMPLETE_THEORY.md	798	frozen_archive	0	unresolved	unresolved_law_and_citation_audit	git_revision_or_live_owner	static_inbound_link_scan_at_d17910d3
archive/reference/soma-seed-2695ca0/src/soma/FORMULA.md	256	frozen_archive	1	unresolved	unresolved_law_and_citation_audit	git_revision_or_live_owner	static_inbound_link_scan_at_d17910d3
archive/retired-phoenix-rust/README.md	11	frozen_archive	0	unresolved	unresolved_law_and_citation_audit	git_revision_or_live_owner	static_inbound_link_scan_at_d17910d3
archive/retired-phoenix-rust/holonic-engine-examples/phoenix/cohort.rs	2	frozen_archive	0	unresolved	unresolved_law_and_citation_audit	git_revision_or_live_owner	static_inbound_link_scan_at_d17910d3
archive/retired-phoenix-rust/holonic-engine-examples/phoenix/conduct.rs	502	frozen_archive	0	unresolved	unresolved_law_and_citation_audit	git_revision_or_live_owner	static_inbound_link_scan_at_d17910d3
archive/retired-phoenix-rust/holonic-engine-examples/phoenix/cultivation_material.rs	31	frozen_archive	0	unresolved	unresolved_law_and_citation_audit	git_revision_or_live_owner	static_inbound_link_scan_at_d17910d3
archive/retired-phoenix-rust/holonic-engine-examples/phoenix/cultivation_material/admission.rs	405	frozen_archive	0	unresolved	unresolved_law_and_citation_audit	git_revision_or_live_owner	static_inbound_link_scan_at_d17910d3
archive/retired-phoenix-rust/holonic-engine-examples/phoenix/cultivation_material/codec.rs	231	frozen_archive	0	unresolved	unresolved_law_and_citation_audit	git_revision_or_live_owner	static_inbound_link_scan_at_d17910d3
archive/retired-phoenix-rust/holonic-engine-examples/phoenix/cultivation_material/hashing.rs	242	frozen_archive	0	unresolved	unresolved_law_and_citation_audit	git_revision_or_live_owner	static_inbound_link_scan_at_d17910d3
archive/retired-phoenix-rust/holonic-engine-examples/phoenix/cultivation_material/types.rs	286	frozen_archive	0	unresolved	unresolved_law_and_citation_audit	git_revision_or_live_owner	static_inbound_link_scan_at_d17910d3
archive/retired-phoenix-rust/holonic-engine-examples/phoenix/cultivation_material_tests.rs	315	frozen_archive	0	unresolved	unresolved_law_and_citation_audit	git_revision_or_live_owner	static_inbound_link_scan_at_d17910d3
archive/retired-phoenix-rust/holonic-engine-examples/phoenix/cultivation_overlay.rs	2	frozen_archive	0	unresolved	unresolved_law_and_citation_audit	git_revision_or_live_owner	static_inbound_link_scan_at_d17910d3
archive/retired-phoenix-rust/holonic-engine-examples/phoenix/foreign_material.rs	156	frozen_archive	0	unresolved	unresolved_law_and_citation_audit	git_revision_or_live_owner	static_inbound_link_scan_at_d17910d3
archive/retired-phoenix-rust/holonic-engine-examples/phoenix/lifted_condensation.rs	836	frozen_archive	0	unresolved	unresolved_law_and_citation_audit	git_revision_or_live_owner	static_inbound_link_scan_at_d17910d3
archive/retired-phoenix-rust/holonic-engine-examples/phoenix/lifted_condensation_tests.rs	267	frozen_archive	0	unresolved	unresolved_law_and_citation_audit	git_revision_or_live_owner	static_inbound_link_scan_at_d17910d3
archive/retired-phoenix-rust/holonic-engine-examples/phoenix/modality.rs	130	frozen_archive	0	unresolved	unresolved_law_and_citation_audit	git_revision_or_live_owner	static_inbound_link_scan_at_d17910d3
archive/retired-phoenix-rust/holonic-engine-examples/phoenix/native_streamed.rs	2	frozen_archive	0	unresolved	unresolved_law_and_citation_audit	git_revision_or_live_owner	static_inbound_link_scan_at_d17910d3
archive/retired-phoenix-rust/holonic-engine-examples/phoenix/profile.rs	994	frozen_archive	0	unresolved	unresolved_law_and_citation_audit	git_revision_or_live_owner	static_inbound_link_scan_at_d17910d3
archive/retired-phoenix-rust/holonic-engine-examples/phoenix/resident_layer.rs	1545	frozen_archive	0	unresolved	unresolved_law_and_citation_audit	git_revision_or_live_owner	static_inbound_link_scan_at_d17910d3
archive/retired-phoenix-rust/holonic-engine-examples/phoenix/serial_reference.rs	503	frozen_archive	0	unresolved	unresolved_law_and_citation_audit	git_revision_or_live_owner	static_inbound_link_scan_at_d17910d3
archive/retired-phoenix-rust/holonic-engine-examples/phoenix/site.rs	1389	frozen_archive	1	unresolved	unresolved_law_and_citation_audit	git_revision_or_live_owner	static_inbound_link_scan_at_d17910d3
archive/retired-phoenix-rust/holonic-engine-examples/phoenix/source_runtime_face.py	135	frozen_archive	0	unresolved	unresolved_law_and_citation_audit	git_revision_or_live_owner	static_inbound_link_scan_at_d17910d3
archive/retired-phoenix-rust/holonic-engine-examples/phoenix/source_runtime_tower.py	147	frozen_archive	0	unresolved	unresolved_law_and_citation_audit	git_revision_or_live_owner	static_inbound_link_scan_at_d17910d3
archive/retired-phoenix-rust/holonic-engine-examples/phoenix/streamed.rs	8	frozen_archive	0	unresolved	unresolved_law_and_citation_audit	git_revision_or_live_owner	static_inbound_link_scan_at_d17910d3
archive/retired-phoenix-rust/holonic-engine-examples/phoenix/streamed_cultivation.rs	2	frozen_archive	0	unresolved	unresolved_law_and_citation_audit	git_revision_or_live_owner	static_inbound_link_scan_at_d17910d3
archive/retired-phoenix-rust/holonic-engine-examples/phoenix/tower.rs	2316	frozen_archive	0	unresolved	unresolved_law_and_citation_audit	git_revision_or_live_owner	static_inbound_link_scan_at_d17910d3
archive/retired-phoenix-rust/holonic-engine-examples/phoenix/tower_receiver.rs	253	frozen_archive	0	unresolved	unresolved_law_and_citation_audit	git_revision_or_live_owner	static_inbound_link_scan_at_d17910d3
archive/retired-phoenix-rust/holonic-engine-examples/phoenix/w1_admission.rs	483	frozen_archive	0	unresolved	unresolved_law_and_citation_audit	git_revision_or_live_owner	static_inbound_link_scan_at_d17910d3
archive/retired-phoenix-rust/holonic-engine-examples/phoenix/w1_correspondence.rs	329	frozen_archive	0	unresolved	unresolved_law_and_citation_audit	git_revision_or_live_owner	static_inbound_link_scan_at_d17910d3
archive/retired-phoenix-rust/holonic-engine-examples/phoenix/w3_fixture.rs	211	frozen_archive	0	unresolved	unresolved_law_and_citation_audit	git_revision_or_live_owner	static_inbound_link_scan_at_d17910d3
archive/retired-phoenix-rust/holonic-engine-examples/phoenix/w3_grade.rs	499	frozen_archive	0	unresolved	unresolved_law_and_citation_audit	git_revision_or_live_owner	static_inbound_link_scan_at_d17910d3
archive/retired-phoenix-rust/holonic-engine-examples/phoenix/w3_seal.rs	583	frozen_archive	0	unresolved	unresolved_law_and_citation_audit	git_revision_or_live_owner	static_inbound_link_scan_at_d17910d3
archive/retired-phoenix-rust/holonic-engine-examples/phoenix/w5_arm.rs	413	frozen_archive	0	unresolved	unresolved_law_and_citation_audit	git_revision_or_live_owner	static_inbound_link_scan_at_d17910d3
archive/retired-phoenix-rust/holonic-engine-examples/phoenix_w5_panel.rs	1747	frozen_archive	0	unresolved	unresolved_law_and_citation_audit	git_revision_or_live_owner	static_inbound_link_scan_at_d17910d3
archive/retired-phoenix-rust/holonic-engine-examples/the_axes_are_condensed_to_what_a_receiver_can_separate.rs	267	frozen_archive	0	unresolved	unresolved_law_and_citation_audit	git_revision_or_live_owner	static_inbound_link_scan_at_d17910d3
archive/retired-phoenix-rust/holonic-engine-examples/the_candidates_are_separated_by_a_declared_receiver.rs	380	frozen_archive	0	unresolved	unresolved_law_and_citation_audit	git_revision_or_live_owner	static_inbound_link_scan_at_d17910d3
archive/retired-phoenix-rust/holonic-engine-examples/the_contraction_is_tiled_and_the_scalar_owner_referees.rs	3162	frozen_archive	0	unresolved	unresolved_law_and_citation_audit	git_revision_or_live_owner	static_inbound_link_scan_at_d17910d3
archive/retired-phoenix-rust/holonic-engine-examples/the_dissection_shares_its_prefixes.rs	2051	frozen_archive	0	unresolved	unresolved_law_and_citation_audit	git_revision_or_live_owner	static_inbound_link_scan_at_d17910d3
archive/retired-phoenix-rust/holonic-engine-examples/the_emission_is_a_section_and_the_answer_is_a_block.rs	287	frozen_archive	0	unresolved	unresolved_law_and_citation_audit	git_revision_or_live_owner	static_inbound_link_scan_at_d17910d3
archive/retired-phoenix-rust/holonic-engine-examples/the_front_is_co_present_or_the_gauge_moves_it.rs	283	frozen_archive	0	unresolved	unresolved_law_and_citation_audit	git_revision_or_live_owner	static_inbound_link_scan_at_d17910d3
archive/retired-phoenix-rust/holonic-engine-examples/the_gated_passage_is_a_front_and_the_layer_re_enters_twice.rs	313	frozen_archive	0	unresolved	unresolved_law_and_citation_audit	git_revision_or_live_owner	static_inbound_link_scan_at_d17910d3
archive/retired-phoenix-rust/holonic-engine-examples/the_layer_stays_on_the_card.rs	2486	frozen_archive	0	unresolved	unresolved_law_and_citation_audit	git_revision_or_live_owner	static_inbound_link_scan_at_d17910d3
archive/retired-phoenix-rust/holonic-engine-examples/the_lifted_body_condenses_only_where_future_receivers_factor.rs	616	frozen_archive	0	unresolved	unresolved_law_and_citation_audit	git_revision_or_live_owner	static_inbound_link_scan_at_d17910d3
archive/retired-phoenix-rust/holonic-engine-examples/the_lifted_body_is_cultivated_and_the_delta_survives_native_rest.rs	784	frozen_archive	0	unresolved	unresolved_law_and_citation_audit	git_revision_or_live_owner	static_inbound_link_scan_at_d17910d3
archive/retired-phoenix-rust/holonic-engine-examples/the_lifted_body_is_cultivated_and_the_delta_survives_the_seal.rs	877	frozen_archive	0	unresolved	unresolved_law_and_citation_audit	git_revision_or_live_owner	static_inbound_link_scan_at_d17910d3
archive/retired-phoenix-rust/holonic-engine-examples/the_lifted_native_rest_conducts_on_the_card.rs	328	frozen_archive	0	unresolved	unresolved_law_and_citation_audit	git_revision_or_live_owner	static_inbound_link_scan_at_d17910d3
archive/retired-phoenix-rust/holonic-engine-examples/the_native_rest_is_sealed_and_a_fresh_process_conducts.rs	456	frozen_archive	0	unresolved	unresolved_law_and_citation_audit	git_revision_or_live_owner	static_inbound_link_scan_at_d17910d3
archive/retired-phoenix-rust/holonic-engine-examples/the_reductions_expose_their_words_and_the_quotient_fuses_lawfully.rs	2677	frozen_archive	0	unresolved	unresolved_law_and_citation_audit	git_revision_or_live_owner	static_inbound_link_scan_at_d17910d3
archive/retired-phoenix-rust/holonic-engine-examples/the_scalar_path_returns_its_pressure_and_utility.rs	3549	frozen_archive	0	unresolved	unresolved_law_and_citation_audit	git_revision_or_live_owner	static_inbound_link_scan_at_d17910d3
archive/retired-phoenix-rust/holonic-engine-examples/the_source_is_admitted_whole_and_the_potential_atlas_covers_the_tower.rs	1094	frozen_archive	0	unresolved	unresolved_law_and_citation_audit	git_revision_or_live_owner	static_inbound_link_scan_at_d17910d3
archive/retired-phoenix-rust/holonic-engine-examples/the_source_is_dissected_by_intervention.rs	1570	frozen_archive	0	unresolved	unresolved_law_and_citation_audit	git_revision_or_live_owner	static_inbound_link_scan_at_d17910d3
archive/retired-phoenix-rust/holonic-engine-examples/the_tower_conducts_layer_by_layer_and_the_future_section_is_plural.rs	2019	frozen_archive	0	unresolved	unresolved_law_and_citation_audit	git_revision_or_live_owner	static_inbound_link_scan_at_d17910d3
archive/retired-phoenix-rust/holonic-engine-examples/the_tower_is_one_streamed_circulation.rs	907	frozen_archive	0	unresolved	unresolved_law_and_citation_audit	git_revision_or_live_owner	static_inbound_link_scan_at_d17910d3
archive/retired-phoenix-rust/holonic-engine-examples/the_whole_foreign_map_crosses_into_native_rest.rs	301	frozen_archive	0	unresolved	unresolved_law_and_citation_audit	git_revision_or_live_owner	static_inbound_link_scan_at_d17910d3
archive/retired-phoenix-rust/holonic-engine-tests/emanative_continuation.rs	108	frozen_archive	0	unresolved	unresolved_law_and_citation_audit	git_revision_or_live_owner	static_inbound_link_scan_at_d17910d3
archive/retired-phoenix-rust/holonic-engine/cohort.rs	1635	frozen_archive	0	unresolved	unresolved_law_and_citation_audit	git_revision_or_live_owner	static_inbound_link_scan_at_d17910d3
archive/retired-phoenix-rust/holonic-engine/emanative.rs	627	frozen_archive	0	unresolved	unresolved_law_and_citation_audit	git_revision_or_live_owner	static_inbound_link_scan_at_d17910d3
archive/retired-phoenix-rust/holonic-engine/native_streamed.rs	194	frozen_archive	0	unresolved	unresolved_law_and_citation_audit	git_revision_or_live_owner	static_inbound_link_scan_at_d17910d3
archive/retired-phoenix-rust/holonic-engine/runtime.rs	2000	frozen_archive	1	unresolved	unresolved_law_and_citation_audit	git_revision_or_live_owner	static_inbound_link_scan_at_d17910d3
archive/retired-phoenix-rust/holonic-engine/site.rs	224	frozen_archive	0	unresolved	unresolved_law_and_citation_audit	git_revision_or_live_owner	static_inbound_link_scan_at_d17910d3
archive/retired-phoenix-rust/holonic-engine/streamed.rs	2159	frozen_archive	0	unresolved	unresolved_law_and_citation_audit	git_revision_or_live_owner	static_inbound_link_scan_at_d17910d3
archive/retired-phoenix-rust/holonic-engine/streamed_cultivation.rs	388	frozen_archive	0	unresolved	unresolved_law_and_citation_audit	git_revision_or_live_owner	static_inbound_link_scan_at_d17910d3
archive/retired-phoenix-rust/holonic-engine/tower.rs	2310	frozen_archive	0	unresolved	unresolved_law_and_citation_audit	git_revision_or_live_owner	static_inbound_link_scan_at_d17910d3
archive/retired-phoenix-rust/holonic-engine/transition_rest.rs	230	frozen_archive	0	unresolved	unresolved_law_and_citation_audit	git_revision_or_live_owner	static_inbound_link_scan_at_d17910d3
archive/retired-phoenix-rust/holonic-engine/w5.rs	2121	frozen_archive	0	unresolved	unresolved_law_and_citation_audit	git_revision_or_live_owner	static_inbound_link_scan_at_d17910d3
archive/retired-phoenix-rust/holonic-engine/w5/tests.rs	828	frozen_archive	0	unresolved	unresolved_law_and_citation_audit	git_revision_or_live_owner	static_inbound_link_scan_at_d17910d3
archive/retired-phoenix-rust/life-examples/a2/cohort.rs	392	frozen_archive	0	unresolved	unresolved_law_and_citation_audit	git_revision_or_live_owner	static_inbound_link_scan_at_d17910d3
archive/retired-phoenix-rust/life-examples/a2/defect.rs	332	frozen_archive	0	unresolved	unresolved_law_and_citation_audit	git_revision_or_live_owner	static_inbound_link_scan_at_d17910d3
archive/retired-phoenix-rust/life-examples/m2/artifact.rs	132	frozen_archive	0	unresolved	unresolved_law_and_citation_audit	git_revision_or_live_owner	static_inbound_link_scan_at_d17910d3
archive/retired-phoenix-rust/life-examples/m2/deed.rs	201	frozen_archive	0	unresolved	unresolved_law_and_citation_audit	git_revision_or_live_owner	static_inbound_link_scan_at_d17910d3
archive/retired-phoenix-rust/life-examples/m2/excitation.rs	59	frozen_archive	0	unresolved	unresolved_law_and_citation_audit	git_revision_or_live_owner	static_inbound_link_scan_at_d17910d3
archive/retired-phoenix-rust/life-examples/m2/panel.rs	123	frozen_archive	0	unresolved	unresolved_law_and_citation_audit	git_revision_or_live_owner	static_inbound_link_scan_at_d17910d3
archive/retired-phoenix-rust/life-examples/the_agentic_laboratory_athena_freezes.rs	1383	frozen_archive	1	unresolved	unresolved_law_and_citation_audit	git_revision_or_live_owner	static_inbound_link_scan_at_d17910d3
archive/retired-phoenix-rust/life-examples/the_application_infers_and_cultivates_from_the_rest_alone.rs	931	frozen_archive	0	unresolved	unresolved_law_and_citation_audit	git_revision_or_live_owner	static_inbound_link_scan_at_d17910d3
archive/retired-phoenix-rust/life-examples/the_candidate_departs_before_sibling_testimony_returns.rs	637	frozen_archive	1	unresolved	unresolved_law_and_citation_audit	git_revision_or_live_owner	static_inbound_link_scan_at_d17910d3
archive/retired-phoenix-rust/life-examples/the_complete_continuations_return_their_multiscale_defects.rs	526	frozen_archive	0	unresolved	unresolved_law_and_citation_audit	git_revision_or_live_owner	static_inbound_link_scan_at_d17910d3
archive/retired-phoenix-rust/life-examples/the_cultivated_factor_descends_through_its_receiver_history_support.rs	325	frozen_archive	0	unresolved	unresolved_law_and_citation_audit	git_revision_or_live_owner	static_inbound_link_scan_at_d17910d3
archive/retired-phoenix-rust/life-examples/the_descended_foreign_section_word_remains_resident.rs	177	frozen_archive	0	unresolved	unresolved_law_and_citation_audit	git_revision_or_live_owner	static_inbound_link_scan_at_d17910d3
archive/retired-phoenix-rust/life-examples/the_emitted_successors_grow_the_parametron_coefficient_lattice.rs	417	frozen_archive	0	unresolved	unresolved_law_and_citation_audit	git_revision_or_live_owner	static_inbound_link_scan_at_d17910d3
archive/retired-phoenix-rust/life-examples/the_exchange_return_cultivates_athena_gemma.rs	1881	frozen_archive	0	unresolved	unresolved_law_and_citation_audit	git_revision_or_live_owner	static_inbound_link_scan_at_d17910d3
archive/retired-phoenix-rust/life-examples/the_factor_complex_changes_the_same_body.rs	1497	frozen_archive	1	unresolved	unresolved_law_and_citation_audit	git_revision_or_live_owner	static_inbound_link_scan_at_d17910d3
archive/retired-phoenix-rust/life-examples/the_foreign_receiver_descends_into_athena_native_anatomy.rs	326	frozen_archive	0	unresolved	unresolved_law_and_citation_audit	git_revision_or_live_owner	static_inbound_link_scan_at_d17910d3
archive/retired-phoenix-rust/life-examples/the_foreign_section_carries_complex_parametron_current.rs	253	frozen_archive	0	unresolved	unresolved_law_and_citation_audit	git_revision_or_live_owner	static_inbound_link_scan_at_d17910d3
archive/retired-phoenix-rust/life-examples/the_foreign_tower_descends_on_the_cultivated_reachable_section.rs	402	frozen_archive	0	unresolved	unresolved_law_and_citation_audit	git_revision_or_live_owner	static_inbound_link_scan_at_d17910d3
archive/retired-phoenix-rust/life-examples/the_full_tower_emanates_through_an_addressed_continuation.rs	349	frozen_archive	0	unresolved	unresolved_law_and_citation_audit	git_revision_or_live_owner	static_inbound_link_scan_at_d17910d3
archive/retired-phoenix-rust/life-examples/the_inference_membrane_serves_the_native_body.rs	836	frozen_archive	0	unresolved	unresolved_law_and_citation_audit	git_revision_or_live_owner	static_inbound_link_scan_at_d17910d3
archive/retired-phoenix-rust/life-examples/the_mathematics_codec_excites_the_active_transport_cover.rs	36	frozen_archive	0	unresolved	unresolved_law_and_citation_audit	git_revision_or_live_owner	static_inbound_link_scan_at_d17910d3
archive/retired-phoenix-rust/life-examples/the_native_anatomy_condenses_the_hot_potential_and_athena_returns.rs	366	frozen_archive	0	unresolved	unresolved_law_and_citation_audit	git_revision_or_live_owner	static_inbound_link_scan_at_d17910d3
archive/retired-phoenix-rust/life-examples/the_parametron_receiver_history_rest_returns_athena_alpha.rs	816	frozen_archive	0	unresolved	unresolved_law_and_citation_audit	git_revision_or_live_owner	static_inbound_link_scan_at_d17910d3
archive/retired-phoenix-rust/life-examples/the_reborn_body_is_dissected_and_the_grade_is_assembled.rs	2111	frozen_archive	0	unresolved	unresolved_law_and_citation_audit	git_revision_or_live_owner	static_inbound_link_scan_at_d17910d3
archive/retired-phoenix-rust/life-examples/the_receiver_history_quotient_condenses_and_athena_alpha_speaks.rs	844	frozen_archive	0	unresolved	unresolved_law_and_citation_audit	git_revision_or_live_owner	static_inbound_link_scan_at_d17910d3
archive/retired-phoenix-rust/life-examples/the_recurrent_boundary_returns_a_complete_passage.rs	806	frozen_archive	0	unresolved	unresolved_law_and_citation_audit	git_revision_or_live_owner	static_inbound_link_scan_at_d17910d3
archive/retired-phoenix-rust/life-examples/the_returned_arbitrary_organ_consequence_cultivates_the_same_athena_continuation.rs	570	frozen_archive	0	unresolved	unresolved_law_and_citation_audit	git_revision_or_live_owner	static_inbound_link_scan_at_d17910d3
archive/retired-phoenix-rust/life-examples/the_returned_differences_cultivate_and_freeze_athena_alpha.rs	2768	frozen_archive	0	unresolved	unresolved_law_and_citation_audit	git_revision_or_live_owner	static_inbound_link_scan_at_d17910d3
archive/retired-phoenix-rust/life-examples/the_second_emission_returns_its_out_of_section_receipt.rs	162	frozen_archive	0	unresolved	unresolved_law_and_citation_audit	git_revision_or_live_owner	static_inbound_link_scan_at_d17910d3
archive/retired-phoenix-rust/life-examples/the_second_emitted_frontier_grows_the_parametron_coefficient_lattice.rs	462	frozen_archive	0	unresolved	unresolved_law_and_citation_audit	git_revision_or_live_owner	static_inbound_link_scan_at_d17910d3
archive/retired-phoenix-rust/life-examples/the_second_successor_receiver_and_support_faces_glue_the_twelve_node_parametron.rs	495	frozen_archive	0	unresolved	unresolved_law_and_citation_audit	git_revision_or_live_owner	static_inbound_link_scan_at_d17910d3
archive/retired-phoenix-rust/life-examples/the_sibling_continuations_return_their_defect_complex.rs	987	frozen_archive	0	unresolved	unresolved_law_and_citation_audit	git_revision_or_live_owner	static_inbound_link_scan_at_d17910d3
archive/retired-phoenix-rust/life-examples/the_successor_receiver_and_support_faces_glue_the_eight_node_parametron.rs	534	frozen_archive	0	unresolved	unresolved_law_and_citation_audit	git_revision_or_live_owner	static_inbound_link_scan_at_d17910d3
archive/retired-phoenix-rust/life-examples/the_twelve_node_parametron_certifies_naturality_in_coefficient_space.rs	133	frozen_archive	0	unresolved	unresolved_law_and_citation_audit	git_revision_or_live_owner	static_inbound_link_scan_at_d17910d3
archive/retired-phoenix-rust/life/active_transport.rs	798	frozen_archive	0	unresolved	unresolved_law_and_citation_audit	git_revision_or_live_owner	static_inbound_link_scan_at_d17910d3
archive/retired-phoenix-rust/life/phoenix_rest.rs	830	frozen_archive	0	unresolved	unresolved_law_and_citation_audit	git_revision_or_live_owner	static_inbound_link_scan_at_d17910d3
archive/retired-phoenix-rust/life/phoenix_returned_defect.rs	542	frozen_archive	0	unresolved	unresolved_law_and_citation_audit	git_revision_or_live_owner	static_inbound_link_scan_at_d17910d3
archive/tooling/CLAIM_INDEX_SNAPSHOT.md	1183	frozen_archive	0	unresolved	unresolved_law_and_citation_audit	git_revision_or_live_owner	static_inbound_link_scan_at_d17910d3
archive/tooling/README.md	19	frozen_archive	1	unresolved	unresolved_law_and_citation_audit	git_revision_or_live_owner	static_inbound_link_scan_at_d17910d3
archive/tooling/baselines/SOURCE_SHAPE_BASELINE.tsv	448	frozen_archive	0	unresolved	unresolved_law_and_citation_audit	git_revision_or_live_owner	static_inbound_link_scan_at_d17910d3
archive/tooling/build_m0_source_fixture.sh	110	frozen_archive	0	unresolved	unresolved_law_and_citation_audit	git_revision_or_live_owner	static_inbound_link_scan_at_d17910d3
archive/tooling/claim_index.py	430	frozen_archive	1	unresolved	unresolved_law_and_citation_audit	git_revision_or_live_owner	static_inbound_link_scan_at_d17910d3
archive/tooling/document_law.py	362	frozen_archive	0	unresolved	unresolved_law_and_citation_audit	git_revision_or_live_owner	static_inbound_link_scan_at_d17910d3
archive/tooling/epistemic_tags.py	96	frozen_archive	0	unresolved	unresolved_law_and_citation_audit	git_revision_or_live_owner	static_inbound_link_scan_at_d17910d3
archive/tooling/equation_atlas.py	217	frozen_archive	0	unresolved	unresolved_law_and_citation_audit	git_revision_or_live_owner	static_inbound_link_scan_at_d17910d3
archive/tooling/gates.sh	452	frozen_archive	0	unresolved	unresolved_law_and_citation_audit	git_revision_or_live_owner	static_inbound_link_scan_at_d17910d3
archive/tooling/record-index/Cargo.toml	8	frozen_archive	0	unresolved	unresolved_law_and_citation_audit	git_revision_or_live_owner	static_inbound_link_scan_at_d17910d3
archive/tooling/record-index/README.md	22	frozen_archive	0	unresolved	unresolved_law_and_citation_audit	git_revision_or_live_owner	static_inbound_link_scan_at_d17910d3
archive/tooling/record-index/allocations.tsv	297	frozen_archive	0	unresolved	unresolved_law_and_citation_audit	git_revision_or_live_owner	static_inbound_link_scan_at_d17910d3
archive/tooling/record-index/src/lib.rs	353	frozen_archive	0	unresolved	unresolved_law_and_citation_audit	git_revision_or_live_owner	static_inbound_link_scan_at_d17910d3
archive/tooling/record-index/src/main.rs	108	frozen_archive	0	unresolved	unresolved_law_and_citation_audit	git_revision_or_live_owner	static_inbound_link_scan_at_d17910d3
archive/tooling/record-index/src/model.rs	110	frozen_archive	0	unresolved	unresolved_law_and_citation_audit	git_revision_or_live_owner	static_inbound_link_scan_at_d17910d3
archive/tooling/record-index/src/render.rs	319	frozen_archive	0	unresolved	unresolved_law_and_citation_audit	git_revision_or_live_owner	static_inbound_link_scan_at_d17910d3
archive/tooling/record-index/src/scan.rs	1215	frozen_archive	0	unresolved	unresolved_law_and_citation_audit	git_revision_or_live_owner	static_inbound_link_scan_at_d17910d3
archive/tooling/record-index/src/sha256.rs	165	frozen_archive	0	unresolved	unresolved_law_and_citation_audit	git_revision_or_live_owner	static_inbound_link_scan_at_d17910d3
archive/tooling/record-index/src/tests.rs	195	frozen_archive	0	unresolved	unresolved_law_and_citation_audit	git_revision_or_live_owner	static_inbound_link_scan_at_d17910d3
archive/tooling/source_shape.py	151	frozen_archive	0	unresolved	unresolved_law_and_citation_audit	git_revision_or_live_owner	static_inbound_link_scan_at_d17910d3
archive/tooling/tracked_authority.py	89	frozen_archive	0	unresolved	unresolved_law_and_citation_audit	git_revision_or_live_owner	static_inbound_link_scan_at_d17910d3
docs/AGENT_PROTOCOL.md	112	guide_or_plan	14	unresolved	keep	docs_or_verified_new_owner	static_inbound_link_scan_at_d17910d3
docs/ANALYTIC_FLUX_AND_RECEIVING_BASINS.md	178	guide_or_plan	9	unresolved	keep	docs_or_verified_new_owner	static_inbound_link_scan_at_d17910d3
docs/ARCHITECTURE.md	224	guide_or_plan	7	unresolved	keep	docs_or_verified_new_owner	static_inbound_link_scan_at_d17910d3
docs/ARCHITECTURE_MAP.md	1637	guide_or_plan	27	unresolved	keep	docs_or_verified_new_owner	static_inbound_link_scan_at_d17910d3
docs/ATHENA.md	696	guide_or_plan	15	unresolved	keep	docs_or_verified_new_owner	static_inbound_link_scan_at_d17910d3
docs/ATHENA_ENGINE_BLUEPRINT.md	142	guide_or_plan	10	unresolved	keep	docs_or_verified_new_owner	static_inbound_link_scan_at_d17910d3
docs/ATHENA_EVALUATION.md	223	guide_or_plan	9	unresolved	keep	docs_or_verified_new_owner	static_inbound_link_scan_at_d17910d3
docs/BEACON.md	35	guide_or_plan	3	unresolved	keep	docs_or_verified_new_owner	static_inbound_link_scan_at_d17910d3
docs/CONSTRAINT_MODES_AND_RECEIVER_FACES.md	191	guide_or_plan	24	unresolved	keep	docs_or_verified_new_owner	static_inbound_link_scan_at_d17910d3
docs/CONVERSATION_DATA.md	401	guide_or_plan	19	unresolved	keep	docs_or_verified_new_owner	static_inbound_link_scan_at_d17910d3
docs/DEVELOPMENT.md	290	guide_or_plan	27	unresolved	keep	docs_or_verified_new_owner	static_inbound_link_scan_at_d17910d3
docs/ELEMENTARY_OBJECTS.md	379	guide_or_plan	31	unresolved	keep	docs_or_verified_new_owner	static_inbound_link_scan_at_d17910d3
docs/FLUID_REFLECTION_AND_CONCENTRATED_INTERIORS.md	413	guide_or_plan	11	unresolved	keep	docs_or_verified_new_owner	static_inbound_link_scan_at_d17910d3
docs/FORMAL_FRAMEWORK.md	916	guide_or_plan	30	unresolved	keep	docs_or_verified_new_owner	static_inbound_link_scan_at_d17910d3
docs/HARDWARE_AND_MODALITY_BOUNDARIES.md	464	guide_or_plan	18	unresolved	keep	docs_or_verified_new_owner	static_inbound_link_scan_at_d17910d3
docs/HELICAL_GEOMETRY.md	381	guide_or_plan	19	unresolved	keep	docs_or_verified_new_owner	static_inbound_link_scan_at_d17910d3
docs/HEPHAESTUS_AUTOMATA.md	505	guide_or_plan	8	unresolved	keep	docs_or_verified_new_owner	static_inbound_link_scan_at_d17910d3
docs/HNN_COMPOSITION.md	684	guide_or_plan	21	unresolved	keep	docs_or_verified_new_owner	static_inbound_link_scan_at_d17910d3
docs/HNN_FORMULA.md	939	guide_or_plan	42	unresolved	keep	docs_or_verified_new_owner	static_inbound_link_scan_at_d17910d3
docs/HOLON.md	480	guide_or_plan	38	unresolved	keep	docs_or_verified_new_owner	static_inbound_link_scan_at_d17910d3
docs/HOLONIC_FLUID_CONSTRUCTION.md	526	guide_or_plan	14	unresolved	keep	docs_or_verified_new_owner	static_inbound_link_scan_at_d17910d3
docs/HOLONIC_NOTATION.md	140	guide_or_plan	12	unresolved	keep	docs_or_verified_new_owner	static_inbound_link_scan_at_d17910d3
docs/INTEROPERABILITY.md	95	guide_or_plan	15	unresolved	keep	docs_or_verified_new_owner	static_inbound_link_scan_at_d17910d3
docs/MASS_ENERGY_AND_CAUSAL_TRANSPORT.md	673	guide_or_plan	14	unresolved	keep	docs_or_verified_new_owner	static_inbound_link_scan_at_d17910d3
docs/MATHEMATICS_AND_NATIVE_CONDUCT.md	699	guide_or_plan	17	unresolved	keep	docs_or_verified_new_owner	static_inbound_link_scan_at_d17910d3
docs/NATIVE_HNA.md	476	guide_or_plan	16	unresolved	keep	docs_or_verified_new_owner	static_inbound_link_scan_at_d17910d3
docs/RECEIVER_HOLARCHY.md	417	guide_or_plan	20	unresolved	keep	docs_or_verified_new_owner	static_inbound_link_scan_at_d17910d3
docs/REPOSITORY.md	138	guide_or_plan	10	unresolved	keep	docs_or_verified_new_owner	static_inbound_link_scan_at_d17910d3
docs/RETRACTIONS.md	201	guide_or_plan	11	unresolved	keep	docs_or_verified_new_owner	static_inbound_link_scan_at_d17910d3
docs/RH_CENTERED_CURRENT_UPPER_BOUND.md	194	guide_or_plan	5	unresolved	keep	docs_or_verified_new_owner	static_inbound_link_scan_at_d17910d3
docs/RUST_FRAMEWORK.md	204	guide_or_plan	12	unresolved	keep	docs_or_verified_new_owner	static_inbound_link_scan_at_d17910d3
docs/SOULKILLER.md	82	guide_or_plan	5	unresolved	keep	docs_or_verified_new_owner	static_inbound_link_scan_at_d17910d3
docs/THE_MACHINE.md	237	guide_or_plan	16	unresolved	keep	docs_or_verified_new_owner	static_inbound_link_scan_at_d17910d3
docs/VERIFICATION_RECEIPTS.tsv	203	guide_or_plan	20	unresolved	keep	docs_or_verified_new_owner	static_inbound_link_scan_at_d17910d3
docs/WINDING_CARRY_AND_PLACEMENT.md	300	guide_or_plan	12	unresolved	keep	docs_or_verified_new_owner	static_inbound_link_scan_at_d17910d3
docs/WORKER_BRIEF.md	114	guide_or_plan	6	unresolved	keep	docs_or_verified_new_owner	static_inbound_link_scan_at_d17910d3
docs/canon/00_PURE_HOLONICS.md	111	guide_or_plan	7	unresolved	keep	docs_or_verified_new_owner	static_inbound_link_scan_at_d17910d3
docs/canon/01_CAUSAL_CALCULUS.md	123	guide_or_plan	11	unresolved	keep	docs_or_verified_new_owner	static_inbound_link_scan_at_d17910d3
docs/canon/02_INFORMATION_PHYSICS.md	118	guide_or_plan	6	unresolved	keep	docs_or_verified_new_owner	static_inbound_link_scan_at_d17910d3
docs/canon/03_CONDITIONING_AND_LEARNING.md	110	guide_or_plan	1	unresolved	keep	docs_or_verified_new_owner	static_inbound_link_scan_at_d17910d3
docs/canon/04_GEOMETRY_NAVIGATION_AND_WEAVE.md	98	guide_or_plan	4	unresolved	keep	docs_or_verified_new_owner	static_inbound_link_scan_at_d17910d3
docs/canon/05_ONTOLOGY.md	108	guide_or_plan	5	unresolved	keep	docs_or_verified_new_owner	static_inbound_link_scan_at_d17910d3
docs/canon/06_ESTABLISHED_CAPABILITIES.md	151	guide_or_plan	2	unresolved	keep	docs_or_verified_new_owner	static_inbound_link_scan_at_d17910d3
docs/canon/07_CAUSAL_ALGEBRAIC_GEOMETRY.md	176	guide_or_plan	3	unresolved	keep	docs_or_verified_new_owner	static_inbound_link_scan_at_d17910d3
docs/canon/08_CORE_MATHEMATICAL_INSTRUMENTS.md	259	guide_or_plan	4	unresolved	keep	docs_or_verified_new_owner	static_inbound_link_scan_at_d17910d3
docs/canon/EPISTEMIC_GRADES.md	58	guide_or_plan	32	unresolved	keep	docs_or_verified_new_owner	static_inbound_link_scan_at_d17910d3
docs/canon/HISTORY_AND_REFINEMENT.md	86	guide_or_plan	0	unresolved	keep	docs_or_verified_new_owner	static_inbound_link_scan_at_d17910d3
docs/canon/MEANING_DEFINED.md	98	guide_or_plan	3	unresolved	keep	docs_or_verified_new_owner	static_inbound_link_scan_at_d17910d3
docs/canon/TABLET_THE_CAUSAL_PROFILE.md	247	guide_or_plan	5	unresolved	keep	docs_or_verified_new_owner	static_inbound_link_scan_at_d17910d3
docs/canon/TABLET_THE_CHART.md	440	guide_or_plan	20	unresolved	keep	docs_or_verified_new_owner	static_inbound_link_scan_at_d17910d3
docs/canon/TABLET_THE_CIRCULATING_CARTOGRAPHER.md	145	guide_or_plan	15	unresolved	keep	docs_or_verified_new_owner	static_inbound_link_scan_at_d17910d3
docs/canon/TABLET_THE_COMPRESSION.md	199	guide_or_plan	26	unresolved	keep	docs_or_verified_new_owner	static_inbound_link_scan_at_d17910d3
docs/canon/TABLET_THE_FLOW.md	379	guide_or_plan	10	unresolved	keep	docs_or_verified_new_owner	static_inbound_link_scan_at_d17910d3
docs/canon/TABLET_THE_HEXIS.md	411	guide_or_plan	5	unresolved	keep	docs_or_verified_new_owner	static_inbound_link_scan_at_d17910d3
docs/canon/TABLET_THE_MANIFOLD.md	840	guide_or_plan	16	unresolved	keep	docs_or_verified_new_owner	static_inbound_link_scan_at_d17910d3
docs/canon/TABLET_THE_OPERATIONS.md	408	guide_or_plan	32	unresolved	keep	docs_or_verified_new_owner	static_inbound_link_scan_at_d17910d3
docs/canon/TABLET_THE_REALIZER.md	242	guide_or_plan	2	unresolved	keep	docs_or_verified_new_owner	static_inbound_link_scan_at_d17910d3
docs/canon/TABLET_THE_REASONING_CYCLE.md	532	guide_or_plan	19	unresolved	keep	docs_or_verified_new_owner	static_inbound_link_scan_at_d17910d3
docs/canon/TABLET_THE_RESONANCE.md	580	guide_or_plan	8	unresolved	keep	docs_or_verified_new_owner	static_inbound_link_scan_at_d17910d3
docs/canon/TABLET_THE_TURN.md	656	guide_or_plan	14	unresolved	keep	docs_or_verified_new_owner	static_inbound_link_scan_at_d17910d3
docs/canon/TABLET_THE_UNIVERSALITY_MACHINE.md	207	guide_or_plan	6	unresolved	keep	docs_or_verified_new_owner	static_inbound_link_scan_at_d17910d3
docs/canon/THE_AUTHORED_LEVEL.md	231	guide_or_plan	29	unresolved	keep	docs_or_verified_new_owner	static_inbound_link_scan_at_d17910d3
docs/canon/THE_CONTAMINANT_PROTOCOL.md	461	guide_or_plan	23	unresolved	keep	docs_or_verified_new_owner	static_inbound_link_scan_at_d17910d3
docs/canon/THE_CONTRACT_PROVENANCE.md	603	guide_or_plan	2	unresolved	keep	docs_or_verified_new_owner	static_inbound_link_scan_at_d17910d3
docs/canon/THE_CORRESPONDENCE_ATLAS.md	361	guide_or_plan	5	unresolved	keep	docs_or_verified_new_owner	static_inbound_link_scan_at_d17910d3
docs/canon/THE_DIALECT.md	418	guide_or_plan	12	unresolved	keep	docs_or_verified_new_owner	static_inbound_link_scan_at_d17910d3
docs/canon/THE_DOCUMENT_LAW.md	73	guide_or_plan	26	unresolved	keep	docs_or_verified_new_owner	static_inbound_link_scan_at_d17910d3
docs/canon/THE_EXPLORATIVE_FAILURE.md	455	guide_or_plan	3	unresolved	keep	docs_or_verified_new_owner	static_inbound_link_scan_at_d17910d3
docs/canon/THE_HOLOBROCHOS_SPINE.md	744	guide_or_plan	28	unresolved	keep	docs_or_verified_new_owner	static_inbound_link_scan_at_d17910d3
docs/canon/THE_INFORMATION_ENGINE.md	121	guide_or_plan	10	unresolved	keep	docs_or_verified_new_owner	static_inbound_link_scan_at_d17910d3
docs/canon/THE_MATHEMATICS_TABLET.md	219	guide_or_plan	14	unresolved	keep	docs_or_verified_new_owner	static_inbound_link_scan_at_d17910d3
docs/canon/THE_MEASURED_CAPABILITIES.md	334	guide_or_plan	8	unresolved	keep	docs_or_verified_new_owner	static_inbound_link_scan_at_d17910d3
docs/canon/THE_MILLENNIUM_FRAME.md	170	guide_or_plan	6	unresolved	keep	docs_or_verified_new_owner	static_inbound_link_scan_at_d17910d3
docs/canon/THE_OWNER_ATLAS.md	215	guide_or_plan	2	unresolved	keep	docs_or_verified_new_owner	static_inbound_link_scan_at_d17910d3
docs/canon/THE_QUOTE_NETWORK.md	2285	guide_or_plan	12	unresolved	keep	docs_or_verified_new_owner	static_inbound_link_scan_at_d17910d3
docs/canon/THE_REALITY_OF_DIFFERENCE.md	318	guide_or_plan	19	unresolved	keep	docs_or_verified_new_owner	static_inbound_link_scan_at_d17910d3
docs/canon/THE_RECOVERED_LAW.md	324	guide_or_plan	24	unresolved	keep	docs_or_verified_new_owner	static_inbound_link_scan_at_d17910d3
docs/canon/THE_RELEVANCE_HYPOTHESIS.md	357	guide_or_plan	8	unresolved	keep	docs_or_verified_new_owner	static_inbound_link_scan_at_d17910d3
docs/canon/THE_SURFACES_ARE_PATHS.md	139	guide_or_plan	3	unresolved	keep	docs_or_verified_new_owner	static_inbound_link_scan_at_d17910d3
docs/canon/THE_TIMELINE.md	246	guide_or_plan	3	unresolved	keep	docs_or_verified_new_owner	static_inbound_link_scan_at_d17910d3
docs/canon/THE_TRAFFIC_SYSTEM.md	268	guide_or_plan	6	unresolved	keep	docs_or_verified_new_owner	static_inbound_link_scan_at_d17910d3
docs/plans/CONVERSATION_DATA_INTEGRATION.md	55	guide_or_plan	2	unresolved	keep	docs_or_verified_new_owner	static_inbound_link_scan_at_d17910d3
docs/plans/THE_ATHENA_ALPHA_CULTIVATES_GENERAL_CONVERSATION_THROUGH_NATIVE_CONTEXTUAL_TRANSPORT.md	2290	guide_or_plan	53	unresolved	keep	docs_or_verified_new_owner	static_inbound_link_scan_at_d17910d3
docs/plans/THE_BIOLOGICAL_ECOLOGY_INSTANTIATES_THE_CARRIER.md	905	guide_or_plan	24	unresolved	keep	docs_or_verified_new_owner	static_inbound_link_scan_at_d17910d3
docs/plans/THE_CONTINUING_OBJECT_IS_THE_SHARED_CARRIER.md	733	guide_or_plan	24	unresolved	keep	docs_or_verified_new_owner	static_inbound_link_scan_at_d17910d3
docs/plans/THE_EXACT_DEVICE_LAW_IS_CONSTRUCTED.md	594	guide_or_plan	12	unresolved	keep	docs_or_verified_new_owner	static_inbound_link_scan_at_d17910d3
docs/plans/THE_HNA_FRAMEWORK_HAS_ONE_PUBLIC_LIFECYCLE_AND_ONE_NAVIGABLE_REPOSITORY.md	84	guide_or_plan	1	unresolved	keep	docs_or_verified_new_owner	static_inbound_link_scan_at_d17910d3
docs/plans/THE_HNA_PRODUCTION_CAMPAIGN_COMPOSES_LOCAL_LEARNING_PERSISTENT_MODELS_AND_EXECUTABLE_EXPORT.md	467	guide_or_plan	4	unresolved	keep	docs_or_verified_new_owner	static_inbound_link_scan_at_d17910d3
docs/plans/THE_HOLON_CORE_FOUNDS_THE_NATIVE_MACHINERY.md	862	guide_or_plan	14	unresolved	keep	docs_or_verified_new_owner	static_inbound_link_scan_at_d17910d3
docs/plans/THE_HOLON_CORE_RECEIVER_DISPOSITION.md	416	guide_or_plan	1	unresolved	keep	docs_or_verified_new_owner	static_inbound_link_scan_at_d17910d3
docs/plans/THE_IDENTITIES_OF_A_CONFIGURATION_ARE_THE_KERNEL_OF_ITS_FACE_MAP.md	242	guide_or_plan	7	unresolved	keep	docs_or_verified_new_owner	static_inbound_link_scan_at_d17910d3
docs/plans/THE_MOVING_FRAME_RETURNS_THE_NULL_FIBRE_AND_THE_PHYSICAL_CONTINUATION.md	565	guide_or_plan	23	unresolved	keep	docs_or_verified_new_owner	static_inbound_link_scan_at_d17910d3
docs/plans/THE_NATIVE_HNA_FOUNDS_CONTEXTUAL_TRANSPORT_BEFORE_INHERITANCE.md	249	guide_or_plan	9	unresolved	keep	docs_or_verified_new_owner	static_inbound_link_scan_at_d17910d3
docs/plans/THE_REALITY_OF_DIFFERENCE_IN_CONSTRUCTION.md	270	guide_or_plan	11	unresolved	keep	docs_or_verified_new_owner	static_inbound_link_scan_at_d17910d3
docs/plans/THE_RECEIVER_ATLAS_SEPARATES_WHAT_ONE_FACE_CANNOT.md	790	guide_or_plan	21	unresolved	keep	docs_or_verified_new_owner	static_inbound_link_scan_at_d17910d3
docs/plans/THE_REPOSITORY_RESTRUCTURE.md	698	guide_or_plan	10	unresolved	keep	docs_or_verified_new_owner	static_inbound_link_scan_at_d17910d3
docs/plans/THE_ROADMAP.md	621	guide_or_plan	186	unresolved	keep	docs_or_verified_new_owner	static_inbound_link_scan_at_d17910d3
docs/plans/THE_TUBE_CARRIES_RELEASE_THROUGH_NECKS_FOLDS_AND_JUNCTIONS.md	946	guide_or_plan	29	unresolved	keep	docs_or_verified_new_owner	static_inbound_link_scan_at_d17910d3
docs/references/EXTERNAL_RESOURCES.md	265	guide_or_plan	2	unresolved	keep	docs_or_verified_new_owner	static_inbound_link_scan_at_d17910d3
research/records/2026-07-10_ALIGN-R0.md	113	research_record	0	unresolved	unresolved_unique_result_audit	record_or_owning_guide	static_inbound_link_scan_at_d17910d3
research/records/2026-07-10_CUT-R0.md	70	research_record	0	unresolved	unresolved_unique_result_audit	record_or_owning_guide	static_inbound_link_scan_at_d17910d3
research/records/2026-07-10_FIBER-R0.md	76	research_record	0	unresolved	unresolved_unique_result_audit	record_or_owning_guide	static_inbound_link_scan_at_d17910d3
research/records/2026-07-10_THE_ONE_MOUTH_SEAM.md	89	research_record	0	unresolved	unresolved_unique_result_audit	record_or_owning_guide	static_inbound_link_scan_at_d17910d3
research/records/2026-07-10_THE_SCOPE_OUT.md	223	research_record	0	unresolved	unresolved_unique_result_audit	record_or_owning_guide	static_inbound_link_scan_at_d17910d3
research/records/2026-07-11_A1_DRIVEN_CONTINUATION.md	115	research_record	0	unresolved	unresolved_unique_result_audit	record_or_owning_guide	static_inbound_link_scan_at_d17910d3
research/records/2026-07-11_THE_CALCULUS_IN_CIRCULATION.md	140	research_record	0	unresolved	unresolved_unique_result_audit	record_or_owning_guide	static_inbound_link_scan_at_d17910d3
research/records/2026-07-11_THE_COMPACT_REGIONAL_FORM.md	222	research_record	0	unresolved	unresolved_unique_result_audit	record_or_owning_guide	static_inbound_link_scan_at_d17910d3
research/records/2026-07-11_THE_GERMLINE.md	370	research_record	1	unresolved	keep	record_or_owning_guide	static_inbound_link_scan_at_d17910d3
research/records/2026-07-11_THE_MOBILIZATION.md	138	research_record	0	unresolved	unresolved_unique_result_audit	record_or_owning_guide	static_inbound_link_scan_at_d17910d3
research/records/2026-07-11_THE_PROTECTED_CENTER.md	114	research_record	0	unresolved	unresolved_unique_result_audit	record_or_owning_guide	static_inbound_link_scan_at_d17910d3
research/records/2026-07-11_THE_THIRD_BODY_AND_THE_FOURTH.md	123	research_record	1	unresolved	keep	record_or_owning_guide	static_inbound_link_scan_at_d17910d3
research/records/2026-07-11_THE_TRANSACTIONAL_SEAM.md	149	research_record	0	unresolved	unresolved_unique_result_audit	record_or_owning_guide	static_inbound_link_scan_at_d17910d3
research/records/2026-07-12_IDENTITY_EQUIVALENCE_AND_THE_ACTION_CURRENT_ORGAN.md	158	research_record	0	unresolved	unresolved_unique_result_audit	record_or_owning_guide	static_inbound_link_scan_at_d17910d3
research/records/2026-07-12_THE_AUTODIDACT.md	163	research_record	0	unresolved	unresolved_unique_result_audit	record_or_owning_guide	static_inbound_link_scan_at_d17910d3
research/records/2026-07-12_THE_CANONICAL_BODY_CONTINUES_ON_CUDA.md	110	research_record	0	unresolved	unresolved_unique_result_audit	record_or_owning_guide	static_inbound_link_scan_at_d17910d3
research/records/2026-07-12_THE_CUDA_MATERIAL_LISTENER.md	128	research_record	0	unresolved	unresolved_unique_result_audit	record_or_owning_guide	static_inbound_link_scan_at_d17910d3
research/records/2026-07-12_THE_DESCENDING_STROKE_AND_PRODUCTION_REGISTER_CUT.md	114	research_record	0	unresolved	unresolved_unique_result_audit	record_or_owning_guide	static_inbound_link_scan_at_d17910d3
research/records/2026-07-12_THE_FIRST_CONTINUED_NURTURE_TURN.md	130	research_record	0	unresolved	unresolved_unique_result_audit	record_or_owning_guide	static_inbound_link_scan_at_d17910d3
research/records/2026-07-12_THE_GATE_REVIEW.md	121	research_record	0	unresolved	unresolved_unique_result_audit	record_or_owning_guide	static_inbound_link_scan_at_d17910d3
research/records/2026-07-12_THE_NUMBER_WORLD_AND_THE_LIVED_ATLAS.md	602	research_record	0	unresolved	unresolved_unique_result_audit	record_or_owning_guide	static_inbound_link_scan_at_d17910d3
research/records/2026-07-12_THE_PAIRED_CODE_MATHEMATICS_OBSERVATION.md	131	research_record	0	unresolved	unresolved_unique_result_audit	record_or_owning_guide	static_inbound_link_scan_at_d17910d3
research/records/2026-07-12_THE_PENDING_DEED_CROSSES_THE_REGISTER_APERTURE.md	117	research_record	0	unresolved	unresolved_unique_result_audit	record_or_owning_guide	static_inbound_link_scan_at_d17910d3
research/records/2026-07-12_THE_PENDING_DEED_MUST_CROSS_THE_REGISTER_WALL.md	74	research_record	0	unresolved	unresolved_unique_result_audit	record_or_owning_guide	static_inbound_link_scan_at_d17910d3
research/records/2026-07-12_THE_PUBLICATION_TROVE.md	239	research_record	0	unresolved	unresolved_unique_result_audit	record_or_owning_guide	static_inbound_link_scan_at_d17910d3
research/records/2026-07-12_THE_REGISTER_CONDUCTS_THE_WHOLE_CUDA_CYCLE.md	98	research_record	0	unresolved	unresolved_unique_result_audit	record_or_owning_guide	static_inbound_link_scan_at_d17910d3
research/records/2026-07-12_THE_REGISTER_CROSSES_CUDA_THE_CAPACITY_WALL_DOES_NOT.md	107	research_record	0	unresolved	unresolved_unique_result_audit	record_or_owning_guide	static_inbound_link_scan_at_d17910d3
research/records/2026-07-12_THE_REGISTER_ENTERS_THE_BOUNDED_CUDA_CYCLE.md	152	research_record	0	unresolved	unresolved_unique_result_audit	record_or_owning_guide	static_inbound_link_scan_at_d17910d3
research/records/2026-07-12_THE_RELATIONAL_BEHAVIORS.md	82	research_record	2	unresolved	keep	record_or_owning_guide	static_inbound_link_scan_at_d17910d3
research/records/2026-07-12_THE_RESERVOIR_THE_UNTYING_AND_THE_MUTUAL_WORLD.md	634	research_record	1	unresolved	keep	record_or_owning_guide	static_inbound_link_scan_at_d17910d3
research/records/2026-07-12_THE_WHOLE_MACHINE_HARDWARE_AUDIT.md	63	research_record	1	unresolved	keep	record_or_owning_guide	static_inbound_link_scan_at_d17910d3
research/records/2026-07-13_COLOR_IS_A_RECEIVER_FACE_THE_HIGHLIGHT_IS_THE_RELATION.md	152	research_record	4	unresolved	keep	record_or_owning_guide	static_inbound_link_scan_at_d17910d3
research/records/2026-07-13_NO_WORLD_CHART_IS_THE_WORLD.md	82	research_record	0	unresolved	unresolved_unique_result_audit	record_or_owning_guide	static_inbound_link_scan_at_d17910d3
research/records/2026-07-13_THE_CHANGED_VIEW_RETURNS_THROUGH_LANGUAGE.md	206	research_record	0	unresolved	unresolved_unique_result_audit	record_or_owning_guide	static_inbound_link_scan_at_d17910d3
research/records/2026-07-13_THE_CORPUS_IS_THE_WORLD_THE_VIEW_IS_THE_HORIZON.md	207	research_record	0	unresolved	unresolved_unique_result_audit	record_or_owning_guide	static_inbound_link_scan_at_d17910d3
research/records/2026-07-13_THE_DEPOSIT_BENDS_THE_LATER_PASSAGE.md	55	research_record	0	unresolved	unresolved_unique_result_audit	record_or_owning_guide	static_inbound_link_scan_at_d17910d3
research/records/2026-07-13_THE_EXPRESSION_SEES_ITS_OUTPUT.md	173	research_record	0	unresolved	unresolved_unique_result_audit	record_or_owning_guide	static_inbound_link_scan_at_d17910d3
research/records/2026-07-13_THE_FLOCK_THE_JOINT_AND_THE_FOLD.md	198	research_record	1	unresolved	keep	record_or_owning_guide	static_inbound_link_scan_at_d17910d3
research/records/2026-07-13_THE_FOREST_GROWS_BY_REENTERING_THE_ROOT.md	40	research_record	0	unresolved	unresolved_unique_result_audit	record_or_owning_guide	static_inbound_link_scan_at_d17910d3
research/records/2026-07-13_THE_GAZE_CARRIES_THE_FIELD.md	214	research_record	0	unresolved	unresolved_unique_result_audit	record_or_owning_guide	static_inbound_link_scan_at_d17910d3
research/records/2026-07-13_THE_HOLONIC_CALCULUS_PLAIN_LANGUAGE.md	804	research_record	0	unresolved	unresolved_unique_result_audit	record_or_owning_guide	static_inbound_link_scan_at_d17910d3
research/records/2026-07-13_THE_MEDIUM_CLOSES_THE_STROKE.md	164	research_record	0	unresolved	unresolved_unique_result_audit	record_or_owning_guide	static_inbound_link_scan_at_d17910d3
research/records/2026-07-13_THE_OUTPUT_MUST_PASS_ITS_FIRST_FRAME.md	166	research_record	0	unresolved	unresolved_unique_result_audit	record_or_owning_guide	static_inbound_link_scan_at_d17910d3
research/records/2026-07-13_THE_PHOTOGRAPH_POINTS_INTO_LANGUAGE.md	205	research_record	0	unresolved	unresolved_unique_result_audit	record_or_owning_guide	static_inbound_link_scan_at_d17910d3
research/records/2026-07-13_THE_PYRAMIDAL_EYE_AND_THE_COUPLED_PAGE.md	188	research_record	0	unresolved	unresolved_unique_result_audit	record_or_owning_guide	static_inbound_link_scan_at_d17910d3
research/records/2026-07-13_THE_RELATIONAL_HOLONIC_CALCULUS.md	481	research_record	1	unresolved	keep	record_or_owning_guide	static_inbound_link_scan_at_d17910d3
research/records/2026-07-13_THE_RESERVATION_BELONGS_TO_THE_CURRENT.md	153	research_record	0	unresolved	unresolved_unique_result_audit	record_or_owning_guide	static_inbound_link_scan_at_d17910d3
research/records/2026-07-13_THE_REVERSED_PRODUCT_RETURNS_AS_ONE_WORLDLINE.md	116	research_record	0	unresolved	unresolved_unique_result_audit	record_or_owning_guide	static_inbound_link_scan_at_d17910d3
research/records/2026-07-13_THE_VALUE_FREE_CALL_FACES_THE_OUTPUT.md	193	research_record	0	unresolved	unresolved_unique_result_audit	record_or_owning_guide	static_inbound_link_scan_at_d17910d3
research/records/2026-07-13_THE_WORLD_CARRIES_THE_STROKE.md	64	research_record	0	unresolved	unresolved_unique_result_audit	record_or_owning_guide	static_inbound_link_scan_at_d17910d3
research/records/2026-07-13_THE_WORLD_GROWS_THE_LIMB.md	172	research_record	0	unresolved	unresolved_unique_result_audit	record_or_owning_guide	static_inbound_link_scan_at_d17910d3
research/records/2026-07-14_THE_BOUNDARY_DISTRIBUTION_AND_DEVELOPMENTAL_LINEAGE.md	82	research_record	0	unresolved	unresolved_unique_result_audit	record_or_owning_guide	static_inbound_link_scan_at_d17910d3
research/records/2026-07-14_THE_CONTINUOUS_NET_AND_THE_LOCAL_SOLVE.md	278	research_record	2	unresolved	keep	record_or_owning_guide	static_inbound_link_scan_at_d17910d3
research/records/2026-07-14_THE_CURRENT_IS_THE_AXIS_THE_CONFIGURATION_IS_THE_SHEET.md	264	research_record	0	unresolved	unresolved_unique_result_audit	record_or_owning_guide	static_inbound_link_scan_at_d17910d3
research/records/2026-07-14_THE_HOLONICS_RESEARCH_AND_PUBLICATION_ATLAS.md	1064	research_record	0	unresolved	unresolved_unique_result_audit	record_or_owning_guide	static_inbound_link_scan_at_d17910d3
research/records/2026-07-14_THE_PRESENT_IS_THE_RECEIVING_CUT.md	144	research_record	0	unresolved	unresolved_unique_result_audit	record_or_owning_guide	static_inbound_link_scan_at_d17910d3
research/records/2026-07-14_THE_REGISTER_IS_THE_FIRST_INTERIOR_SURFACE.md	126	research_record	0	unresolved	unresolved_unique_result_audit	record_or_owning_guide	static_inbound_link_scan_at_d17910d3
research/records/2026-07-14_THE_SEGMENT_IS_THE_JOINT_THE_PATH_IS_THE_LIMB.md	100	research_record	0	unresolved	unresolved_unique_result_audit	record_or_owning_guide	static_inbound_link_scan_at_d17910d3
research/records/2026-07-15_THE_ABI_CANON_AND_BEACON_CONSOLIDATION_AUDIT.md	519	research_record	0	unresolved	unresolved_unique_result_audit	record_or_owning_guide	static_inbound_link_scan_at_d17910d3
research/records/2026-07-15_THE_BOUNDARY_IS_THE_OBJECTIVE_COMPRESSION_IS_LATER_CONDUCT.md	245	research_record	0	unresolved	unresolved_unique_result_audit	record_or_owning_guide	static_inbound_link_scan_at_d17910d3
research/records/2026-07-15_THE_CHART_REVOLVES_LOCALLY_TRANSPORT_INTEGRATES_THE_BODY.md	559	research_record	0	unresolved	unresolved_unique_result_audit	record_or_owning_guide	static_inbound_link_scan_at_d17910d3
research/records/2026-07-15_THE_CURRENT_BORNE_COMPUTER.md	435	research_record	0	unresolved	unresolved_unique_result_audit	record_or_owning_guide	static_inbound_link_scan_at_d17910d3
research/records/2026-07-15_THE_ELEMENTARY_CIRCUIT_THE_TAXONOMIC_BODY_AND_THE_PRODUCTION_FRONT.md	583	research_record	0	unresolved	unresolved_unique_result_audit	record_or_owning_guide	static_inbound_link_scan_at_d17910d3
research/records/2026-07-15_THE_GEAR_IS_THE_WORD_THE_FACE_IS_THE_TRANSPORT.md	599	research_record	3	unresolved	keep	record_or_owning_guide	static_inbound_link_scan_at_d17910d3
research/records/2026-07-15_THE_JOURNAL_WITNESSES_THE_CONSEQUENCE_TESTIFIES.md	150	research_record	0	unresolved	unresolved_unique_result_audit	record_or_owning_guide	static_inbound_link_scan_at_d17910d3
research/records/2026-07-15_THE_MEMBRANE_HAS_ONE_TYPED_MOUTH.md	114	research_record	0	unresolved	unresolved_unique_result_audit	record_or_owning_guide	static_inbound_link_scan_at_d17910d3
research/records/2026-07-15_THE_PARTIAL_IS_A_PROBE_THE_INVARIANT_IS_A_TRANSPORT.md	1064	research_record	0	unresolved	unresolved_unique_result_audit	record_or_owning_guide	static_inbound_link_scan_at_d17910d3
research/records/2026-07-15_THE_SWING_CARRIES_THE_FAMILY_THE_DEED_STANDS_AS_MASS.md	269	research_record	1	unresolved	keep	record_or_owning_guide	static_inbound_link_scan_at_d17910d3
research/records/2026-07-15_THE_WITNESS_IS_THE_DEFORMATION_ANALOGY_CARRIES_ITS_SURFACE.md	308	research_record	0	unresolved	unresolved_unique_result_audit	record_or_owning_guide	static_inbound_link_scan_at_d17910d3
research/records/2026-07-16_THE_ARITHMETIC_HORIZON_GROWS_BY_LOCAL_CLOSURE.md	117	research_record	0	unresolved	unresolved_unique_result_audit	record_or_owning_guide	static_inbound_link_scan_at_d17910d3
research/records/2026-07-16_THE_CURRENT_CONTACTS_THE_FOREST_THE_RETURN_CONTINUES_THE_CIRCUIT.md	282	research_record	0	unresolved	unresolved_unique_result_audit	record_or_owning_guide	static_inbound_link_scan_at_d17910d3
research/records/2026-07-16_THE_LOSS_IS_THE_DIFFERENCE_THE_ADJOINT_CARRIES_ITS_CONSEQUENCE.md	162	research_record	0	unresolved	unresolved_unique_result_audit	record_or_owning_guide	static_inbound_link_scan_at_d17910d3
research/records/2026-07-16_THE_POPULATION_IS_THE_TAXONOMY_THE_PROGRAM_DIFFERENCE_RETURNS.md	222	research_record	0	unresolved	unresolved_unique_result_audit	record_or_owning_guide	static_inbound_link_scan_at_d17910d3
research/records/2026-07-16_THE_SELF_DUAL_LOCUS_BELONGS_TO_THE_FRAME.md	189	research_record	0	unresolved	unresolved_unique_result_audit	record_or_owning_guide	static_inbound_link_scan_at_d17910d3
research/records/2026-07-16_THE_TRIANGLE_IS_THE_LOCAL_CELL_THE_ORDERED_SHEET_IS_THE_PATH.md	212	research_record	0	unresolved	unresolved_unique_result_audit	record_or_owning_guide	static_inbound_link_scan_at_d17910d3
research/records/2026-07-16_THE_WORLD_CONTACT_THREADS_THE_WORD_THE_RECURRENT_PATH_BECOMES_A_SOURCE.md	161	research_record	0	unresolved	unresolved_unique_result_audit	record_or_owning_guide	static_inbound_link_scan_at_d17910d3
research/records/2026-07-17_HEAT_IS_THE_INEXACT_BOUNDARY_CURRENT_TEMPERATURE_IS_THE_INTEGRATING_FRAME.md	301	research_record	1	unresolved	keep	record_or_owning_guide	static_inbound_link_scan_at_d17910d3
research/records/2026-07-17_THE_ACTION_OCCURS_ONCE_THE_INCIDENCE_REMAINS_PLURAL.md	125	research_record	0	unresolved	unresolved_unique_result_audit	record_or_owning_guide	static_inbound_link_scan_at_d17910d3
research/records/2026-07-17_THE_ARC_IS_THE_CONSTRUCTION_THE_SPECTRUM_IS_ITS_RECEIVER_FACE.md	514	research_record	1	unresolved	keep	record_or_owning_guide	static_inbound_link_scan_at_d17910d3
research/records/2026-07-17_THE_BOUNDARY_WAVE_INTEGRATES_THE_SHEET_THE_EDGE_WORD_MAKES_THE_GEAR.md	699	research_record	0	unresolved	unresolved_unique_result_audit	record_or_owning_guide	static_inbound_link_scan_at_d17910d3
research/records/2026-07-17_THE_CHANNEL_GROWS_THROUGH_THE_MESSAGE_THE_PROOF_IS_PRACTICED_CONDUCT.md	358	research_record	0	unresolved	unresolved_unique_result_audit	record_or_owning_guide	static_inbound_link_scan_at_d17910d3
research/records/2026-07-17_THE_DISTRIBUTION_STANDS_AS_THE_PIVOT_THE_RETURN_MINIMIZES_LOCAL_LOSS.md	236	research_record	0	unresolved	unresolved_unique_result_audit	record_or_owning_guide	static_inbound_link_scan_at_d17910d3
research/records/2026-07-17_THE_DUALITY_IS_THE_SITUATED_TRANSITION_THE_NET_HAS_NO_OUTSIDE.md	232	research_record	3	unresolved	keep	record_or_owning_guide	static_inbound_link_scan_at_d17910d3
research/records/2026-07-17_THE_FACE_IS_A_QUOTIENT_THE_QUESTION_BUILDS_THE_INVARIANT.md	506	research_record	0	unresolved	unresolved_unique_result_audit	record_or_owning_guide	static_inbound_link_scan_at_d17910d3
research/records/2026-07-17_THE_INVARIANT_BELONGS_TO_THE_ARC_THE_REPETITION_BECOMES_A_PIVOT.md	157	research_record	0	unresolved	unresolved_unique_result_audit	record_or_owning_guide	static_inbound_link_scan_at_d17910d3
research/records/2026-07-17_THE_JOURNAL_RECORDS_THE_CURRENT_CARRIES_THE_EVENT.md	142	research_record	0	unresolved	unresolved_unique_result_audit	record_or_owning_guide	static_inbound_link_scan_at_d17910d3
research/records/2026-07-17_THE_LEADER_GROWS_THE_CHANNEL_THE_RETURN_TRAVELS_THE_FOUND_PATH.md	179	research_record	7	unresolved	keep	record_or_owning_guide	static_inbound_link_scan_at_d17910d3
research/records/2026-07-17_THE_NUMERAL_FACE_TURNS_THE_FACTOR_BODY_REMAINS.md	189	research_record	0	unresolved	unresolved_unique_result_audit	record_or_owning_guide	static_inbound_link_scan_at_d17910d3
research/records/2026-07-17_THE_RELATION_GROWS_THE_STANDING_WAVE_THE_CONTEXT_BENDS_THE_WORD.md	194	research_record	0	unresolved	unresolved_unique_result_audit	record_or_owning_guide	static_inbound_link_scan_at_d17910d3
research/records/2026-07-17_THE_SECTION_RETURNS_THE_ARC_THE_CAUSAL_STRING_CARRIES.md	234	research_record	0	unresolved	unresolved_unique_result_audit	record_or_owning_guide	static_inbound_link_scan_at_d17910d3
research/records/2026-07-17_THE_WHEEL_RECURS_THE_ZERO_WAVE_CARRIES_THE_PRIME_CURRENT.md	406	research_record	4	unresolved	keep	record_or_owning_guide	static_inbound_link_scan_at_d17910d3
research/records/2026-07-18_THE_APERTURE_CHANGES_THE_RECEIVER_THE_CURRENT_REMAINS_ONE.md	266	research_record	0	unresolved	unresolved_unique_result_audit	record_or_owning_guide	static_inbound_link_scan_at_d17910d3
research/records/2026-07-18_THE_BLUEPRINT_CARRIES_THE_INCIDENCE_THE_ARENA_IS_THE_LIVE_WORLD.md	156	research_record	0	unresolved	unresolved_unique_result_audit	record_or_owning_guide	static_inbound_link_scan_at_d17910d3
research/records/2026-07-18_THE_EROS_LAUNCH_IS_THE_CONTINUOUS_WORLD_CIRCUIT.md	253	research_record	0	unresolved	unresolved_unique_result_audit	record_or_owning_guide	static_inbound_link_scan_at_d17910d3
research/records/2026-07-18_THE_FOREST_IS_THE_GROUND_THE_CHARGED_FACE_DISCHARGES_ONCE.md	164	research_record	0	unresolved	unresolved_unique_result_audit	record_or_owning_guide	static_inbound_link_scan_at_d17910d3
research/records/2026-07-18_THE_HOLON_IS_THE_SWEPT_RECEIVER_RELATION_THE_PIN_IS_THE_CARRIED_RECEIPT.md	266	research_record	0	unresolved	unresolved_unique_result_audit	record_or_owning_guide	static_inbound_link_scan_at_d17910d3
research/records/2026-07-18_THE_HYPERAREA_IS_THE_INVARIANT_FIBER_THE_SWEEP_CARRIES_THE_VOLUME.md	406	research_record	0	unresolved	unresolved_unique_result_audit	record_or_owning_guide	static_inbound_link_scan_at_d17910d3
research/records/2026-07-18_THE_INCIDENCE_IS_THE_LEADER_THE_APERTURE_CARRIES_THE_RETURN.md	167	research_record	0	unresolved	unresolved_unique_result_audit	record_or_owning_guide	static_inbound_link_scan_at_d17910d3
research/records/2026-07-18_THE_ORBIT_CARRIES_THE_DUALITY_THE_FIXED_LOCUS_RECEIVES.md	295	research_record	0	unresolved	unresolved_unique_result_audit	record_or_owning_guide	static_inbound_link_scan_at_d17910d3
research/records/2026-07-18_THE_PRESENT_QUESTION_GOVERNS_THE_WORK_THE_RECORD_DOES_NOT_SCHEDULE.md	106	research_record	0	unresolved	unresolved_unique_result_audit	record_or_owning_guide	static_inbound_link_scan_at_d17910d3
research/records/2026-07-18_THE_QUESTION_IS_THE_ORIENTED_UNKNOWN_INTELLIGENCE_CLOSES_CAUSAL_DISTANCE.md	361	research_record	0	unresolved	unresolved_unique_result_audit	record_or_owning_guide	static_inbound_link_scan_at_d17910d3
research/records/2026-07-18_THE_RELATION_IS_THE_ACTIVE_MOUTH_THE_HOLON_CLOSES_LIVE.md	548	research_record	0	unresolved	unresolved_unique_result_audit	record_or_owning_guide	static_inbound_link_scan_at_d17910d3
research/records/2026-07-18_THE_RELATION_MUST_CROSS_THE_MEMBRANE_THE_RECORD_CANNOT_SUBSTITUTE_FOR_EROS.md	144	research_record	0	unresolved	unresolved_unique_result_audit	record_or_owning_guide	static_inbound_link_scan_at_d17910d3
research/records/2026-07-18_THE_WORLD_OWNS_THE_MATERIAL_THE_CONTACT_CYCLE_DISSIPATES.md	128	research_record	0	unresolved	unresolved_unique_result_audit	record_or_owning_guide	static_inbound_link_scan_at_d17910d3
research/records/2026-07-19_THE_AMPLITUDE_CARRIES_THE_HAND_THE_COLLAPSE_PRESENTS_THE_LOCAL_PATH_THE_RETURN_GROWS_THE_ALGEBRA.md	367	research_record	0	unresolved	unresolved_unique_result_audit	record_or_owning_guide	static_inbound_link_scan_at_d17910d3
research/records/2026-07-19_THE_ANNULUS_CARRIES_THE_SCALE_TURN_LIFT_THE_EXPONENTIAL_FOLDS_THE_FACE.md	460	research_record	0	unresolved	unresolved_unique_result_audit	record_or_owning_guide	static_inbound_link_scan_at_d17910d3
research/records/2026-07-19_THE_BODY_RESTS_WHOLE_THE_LATER_CURRENT_CONTINUES.md	155	research_record	0	unresolved	unresolved_unique_result_audit	record_or_owning_guide	static_inbound_link_scan_at_d17910d3
research/records/2026-07-19_THE_BOUNDARY_CROSSES_AS_A_REGION_THE_POINT_QUOTIENT_CANNOT_SUPPLY_THE_HAND.md	160	research_record	0	unresolved	unresolved_unique_result_audit	record_or_owning_guide	static_inbound_link_scan_at_d17910d3
research/records/2026-07-19_THE_BRANCH_RIDES_UNTIL_THE_DISCRIMINANT_GRAVITAS_IS_THE_DEFORMATION_OF_CONTINUATION.md	463	research_record	0	unresolved	unresolved_unique_result_audit	record_or_owning_guide	static_inbound_link_scan_at_d17910d3
research/records/2026-07-19_THE_CARD_RETAINS_THE_BODY_THE_EXECUTOR_SETTLES_ONLY_THE_EMITTED_SUCCESSOR.md	167	research_record	0	unresolved	unresolved_unique_result_audit	record_or_owning_guide	static_inbound_link_scan_at_d17910d3
research/records/2026-07-19_THE_CHI_GENERATES_THE_PRODUCT_THE_ILLICIUM_CARRIES_THE_REGIONAL_LINK.md	224	research_record	0	unresolved	unresolved_unique_result_audit	record_or_owning_guide	static_inbound_link_scan_at_d17910d3
research/records/2026-07-19_THE_CONSEQUENCE_BECOMES_LATER_CURRENT_SILENCE_LEAVES_THE_BODY_AT_REST.md	225	research_record	0	unresolved	unresolved_unique_result_audit	record_or_owning_guide	static_inbound_link_scan_at_d17910d3
research/records/2026-07-19_THE_CONSTITUENT_IS_THE_COMPOSITE_THE_PRODUCT_CANNOT_DISCARD_ITS_PINS.md	327	research_record	1	unresolved	keep	record_or_owning_guide	static_inbound_link_scan_at_d17910d3
research/records/2026-07-19_THE_CURRENTS_ARE_THE_INCIDENCE_THE_HAND_CHANGES_THE_SUCCESSOR.md	185	research_record	0	unresolved	unresolved_unique_result_audit	record_or_owning_guide	static_inbound_link_scan_at_d17910d3
research/records/2026-07-19_THE_EMANATION_COMPRESSES_THE_EVENT_THE_PHASE_RETURNS_THROUGH_REBASE.md	364	research_record	2	unresolved	keep	record_or_owning_guide	static_inbound_link_scan_at_d17910d3
research/records/2026-07-19_THE_EVENT_EMANATES_THE_SUCCESSOR_THE_EXECUTOR_CANNOT_RECONSTRUCT_THE_MACHINE.md	234	research_record	0	unresolved	unresolved_unique_result_audit	record_or_owning_guide	static_inbound_link_scan_at_d17910d3
research/records/2026-07-19_THE_HAND_CROSSES_THE_CARD_THE_LIVE_OWNER_CLOSES_THE_SUCCESSOR.md	246	research_record	0	unresolved	unresolved_unique_result_audit	record_or_owning_guide	static_inbound_link_scan_at_d17910d3
research/records/2026-07-19_THE_INCIDENCE_REACTS_THE_COMPOUND_EXPOSES_ITS_BOUNDARY_THE_REGION_CARRIES_THE_FIELD.md	379	research_record	4	unresolved	keep	record_or_owning_guide	static_inbound_link_scan_at_d17910d3
research/records/2026-07-19_THE_INFORMATION_IS_THE_TRANSPORT_ATLAS_TEXT_IS_ONE_LOCAL_FACE.md	392	research_record	0	unresolved	unresolved_unique_result_audit	record_or_owning_guide	static_inbound_link_scan_at_d17910d3
research/records/2026-07-19_THE_LINEAGE_IS_THE_LIVE_CURRENT_THE_CONSTITUENT_MAY_DEPART.md	164	research_record	0	unresolved	unresolved_unique_result_audit	record_or_owning_guide	static_inbound_link_scan_at_d17910d3
research/records/2026-07-19_THE_LIVE_MOUTH_HAS_ONE_OWNER_THE_HISTORICAL_APPARATUS_ONLY_TESTIFIES.md	206	research_record	0	unresolved	unresolved_unique_result_audit	record_or_owning_guide	static_inbound_link_scan_at_d17910d3
research/records/2026-07-19_THE_LIVE_WEAVE_IS_THE_ONE_SWEPT_RELATION_THE_DEED_IS_ITS_LOCAL_STITCH.md	537	research_record	1	unresolved	keep	record_or_owning_guide	static_inbound_link_scan_at_d17910d3
research/records/2026-07-19_THE_OBJECTIVE_RIDES_THE_PROGRAM_THE_NEW_SOURCE_FOUNDS_THE_STITCH.md	156	research_record	0	unresolved	unresolved_unique_result_audit	record_or_owning_guide	static_inbound_link_scan_at_d17910d3
research/records/2026-07-19_THE_ORGANS_SHARE_THE_EVENT_THE_WORLD_RETURNS_THE_CONSEQUENCE.md	164	research_record	0	unresolved	unresolved_unique_result_audit	record_or_owning_guide	static_inbound_link_scan_at_d17910d3
research/records/2026-07-19_THE_PRIME_FOUNDS_AGAINST_THE_ZERO_LOOP_THE_RECEIVER_GIVES_THE_RETURN_ITS_SPECIES.md	300	research_record	1	unresolved	keep	record_or_owning_guide	static_inbound_link_scan_at_d17910d3
research/records/2026-07-19_THE_QUANTUM_PROPERTY_IS_THE_HOLONS_TRANSPORT_CLASS_THE_PIVOT_RETURNS_ONE_FACE.md	389	research_record	2	unresolved	keep	record_or_owning_guide	static_inbound_link_scan_at_d17910d3
research/records/2026-07-19_THE_QUESTION_ORIENTS_THE_FIBER_COMPLETION_CHANGES_CONSTITUENCY.md	295	research_record	0	unresolved	unresolved_unique_result_audit	record_or_owning_guide	static_inbound_link_scan_at_d17910d3
research/records/2026-07-19_THE_REMAINING_WORK_HAS_THREE_BOUNDARIES_THE_LIFECYCLE_PRECEDES_SCALE.md	138	research_record	0	unresolved	unresolved_unique_result_audit	record_or_owning_guide	static_inbound_link_scan_at_d17910d3
research/records/2026-07-19_THE_RESTING_WEAVE_CROSSES_DURABLY_THE_PLURAL_WORLD_RETURNS_WHOLE.md	173	research_record	0	unresolved	unresolved_unique_result_audit	record_or_owning_guide	static_inbound_link_scan_at_d17910d3
research/records/2026-07-19_THE_RICCI_TRACE_CHANGES_THE_RECEIVER_THE_SINGULAR_NECK_REBASES_THE_BODY.md	438	research_record	3	unresolved	keep	record_or_owning_guide	static_inbound_link_scan_at_d17910d3
research/records/2026-07-19_THE_STRESS_IS_THE_TRANSPORT_OF_TRANSPORT_THE_HEAT_IS_THE_BOUNDARY_DEED.md	497	research_record	1	unresolved	keep	record_or_owning_guide	static_inbound_link_scan_at_d17910d3
research/records/2026-07-19_THE_WORLD_GROWS_BEYOND_THE_CUT_THE_BODY_CARRIES_ONLY_PARTICIPATION.md	174	research_record	0	unresolved	unresolved_unique_result_audit	record_or_owning_guide	static_inbound_link_scan_at_d17910d3
research/records/2026-07-19_THE_WORLD_SUPPLIES_THE_HAND_THE_SAME_WORLD_RECEIVES_THE_RETURN.md	184	research_record	0	unresolved	unresolved_unique_result_audit	record_or_owning_guide	static_inbound_link_scan_at_d17910d3
research/records/2026-07-20_DEVELOPMENTAL_KERNEL_HYPOTHESIS_PARKED_PENDING_LABORATORY_REVIEW.md	25	research_record	0	unresolved	unresolved_unique_result_audit	record_or_owning_guide	static_inbound_link_scan_at_d17910d3
research/records/2026-07-20_THE_ADJOINT_RETURNS_ON_THE_UNITARY_SEAM_THE_TRACE_OWES_A_POSITIVE_CARRIER.md	394	research_record	1	unresolved	keep	record_or_owning_guide	static_inbound_link_scan_at_d17910d3
research/records/2026-07-20_THE_AFFORDANCE_DRIVES_THE_ARC_THE_WEIL_FORM_OWES_THE_COMPLETE_RETURN.md	424	research_record	1	unresolved	keep	record_or_owning_guide	static_inbound_link_scan_at_d17910d3
research/records/2026-07-20_THE_COMMON_LIFT_PINS_THE_PRIME_AXES_THE_UNITARY_TRACE_MUST_CLOSE.md	247	research_record	1	unresolved	keep	record_or_owning_guide	static_inbound_link_scan_at_d17910d3
research/records/2026-07-20_THE_DEPOSIT_BENDS_THE_LATER_CAST_THE_CONSTITUENT_HAS_NOT_YET_ENTERED_THE_LATER_CONTACT.md	364	research_record	1	unresolved	keep	record_or_owning_guide	static_inbound_link_scan_at_d17910d3
research/records/2026-07-20_THE_EULER_DIFFERENCE_REBASES_THE_METRIC_THE_RETURN_MUST_BE_COVARIANT.md	718	research_record	2	unresolved	keep	record_or_owning_guide	static_inbound_link_scan_at_d17910d3
research/records/2026-07-20_THE_EULER_METRIC_TURNS_THE_APERTURE_THE_COMPLETED_RETURN_OWES_THE_CONNECTION.md	453	research_record	0	unresolved	unresolved_unique_result_audit	record_or_owning_guide	static_inbound_link_scan_at_d17910d3
research/records/2026-07-20_THE_EXPONENT_VECTOR_FOUNDS_THE_RANK_THE_NEWTON_FACE_NEEDS_A_RECEIVER.md	206	research_record	1	unresolved	keep	record_or_owning_guide	static_inbound_link_scan_at_d17910d3
research/records/2026-07-20_THE_EXPOSED_WELL_REBASES_THE_REGION_THE_LATER_TRIANGLE_RIDES_THE_COMPOSITE.md	169	research_record	0	unresolved	unresolved_unique_result_audit	record_or_owning_guide	static_inbound_link_scan_at_d17910d3
research/records/2026-07-20_THE_HINGE_CARRIES_THE_FRAME_THE_SUCCESSOR_REPLACES_THE_STANDING_STAR.md	601	research_record	5	unresolved	keep	record_or_owning_guide	static_inbound_link_scan_at_d17910d3
research/records/2026-07-20_THE_LOCAL_CLOSURE_REBASES_THE_CONSTITUENT_THE_WORLD_RETURN_EXTENDS_THE_CIRCUIT.md	331	research_record	0	unresolved	unresolved_unique_result_audit	record_or_owning_guide	static_inbound_link_scan_at_d17910d3
research/records/2026-07-20_THE_PLACE_AND_THE_APERTURE_FORM_A_BIFILTRATION_THE_POSITIVE_RETURN_STOPS_AT_THE_SEMILOCAL_REMAINDER.md	596	research_record	0	unresolved	unresolved_unique_result_audit	record_or_owning_guide	static_inbound_link_scan_at_d17910d3
research/records/2026-07-20_THE_POINT_CARRIES_ITS_CONE_THE_CAMERA_IS_A_SITUATED_SECTION.md	417	research_record	1	unresolved	keep	record_or_owning_guide	static_inbound_link_scan_at_d17910d3
research/records/2026-07-20_THE_PRIME_REBASES_THE_RECEIVER_THE_LINEAGE_CANNOT_REMAIN_AN_OLD_BLOCK.md	201	research_record	0	unresolved	unresolved_unique_result_audit	record_or_owning_guide	static_inbound_link_scan_at_d17910d3
research/records/2026-07-20_THE_REGION_COMPLETES_AS_STANDING_THE_ATLAS_CANNOT_RECUR_BEFORE_IT_IS_GROWN.md	190	research_record	0	unresolved	unresolved_unique_result_audit	record_or_owning_guide	static_inbound_link_scan_at_d17910d3
research/records/2026-07-20_THE_RUNTIME_RETURNS_THROUGH_THE_DEED_THE_TRACE_CANNOT_SUBSTITUTE_FOR_THE_CONSEQUENCE.md	122	research_record	0	unresolved	unresolved_unique_result_audit	record_or_owning_guide	static_inbound_link_scan_at_d17910d3
research/records/2026-07-20_THE_RUNTIME_SUPPLIES_THE_LOCAL_MAP_THE_MAP_HAS_NOT_YET_BECOME_STANDING.md	279	research_record	0	unresolved	unresolved_unique_result_audit	record_or_owning_guide	static_inbound_link_scan_at_d17910d3
research/records/2026-07-20_THE_SUCCESSION_SWEEPS_THE_FIBER_THE_UNITARY_SEAM_MAKES_REBASE_PURE_TURN.md	240	research_record	2	unresolved	keep	record_or_owning_guide	static_inbound_link_scan_at_d17910d3
research/records/2026-07-20_THE_SUPPORT_APERTURE_IS_A_FILTRATION_THE_POSITIVE_RETURN_MUST_SURVIVE_EVERY_NEW_PLACE.md	285	research_record	0	unresolved	unresolved_unique_result_audit	record_or_owning_guide	static_inbound_link_scan_at_d17910d3
research/records/2026-07-20_THE_TOKEN_IS_A_BOUNDARY_ADDRESS_THE_ROUTE_IS_RECEIVER_RELATIVE_THE_RESIDUAL_RETURNS.md	292	research_record	0	unresolved	unresolved_unique_result_audit	record_or_owning_guide	static_inbound_link_scan_at_d17910d3
research/records/2026-07-21_THE_APPLICATION_IS_A_PROBE_THE_RELATIONAL_SPINE_GOVERNS_THE_RECORD.md	177	research_record	1	unresolved	keep	record_or_owning_guide	static_inbound_link_scan_at_d17910d3
research/records/2026-07-21_THE_BLOCK_RETURNS_THE_CARRIER_THE_EXPRESSION_IS_ONLY_ONE_BOUNDARY.md	187	research_record	0	unresolved	unresolved_unique_result_audit	record_or_owning_guide	static_inbound_link_scan_at_d17910d3
research/records/2026-07-21_THE_COMMON_OCCURRENCE_IS_ONE_REGIONAL_CELL_THE_LATER_PRIME_MEETS_ITS_STANDING.md	124	research_record	0	unresolved	unresolved_unique_result_audit	record_or_owning_guide	static_inbound_link_scan_at_d17910d3
research/records/2026-07-21_THE_CONTEXT_EDGE_MEETS_THE_NEXT_OCTET_TEXT_TRAINING_WORLD_PLAN.md	144	research_record	0	unresolved	unresolved_unique_result_audit	record_or_owning_guide	static_inbound_link_scan_at_d17910d3
research/records/2026-07-21_THE_CONVERSATION_OPENS_THE_HYPOTHESIS_THE_RECORD_PRESERVES_WHO_SAID_WHAT.md	111	research_record	1	unresolved	keep	record_or_owning_guide	static_inbound_link_scan_at_d17910d3
research/records/2026-07-21_THE_CURRENT_IS_THE_LESSON_THE_CONSEQUENCE_IS_ITS_LATER_FACE.md	177	research_record	2	unresolved	keep	record_or_owning_guide	static_inbound_link_scan_at_d17910d3
research/records/2026-07-21_THE_DATA_REMAINS_STANDING_THE_INFORMANT_ENTERS_ONLY_WHERE_RELEVANCE_FORMS.md	359	research_record	0	unresolved	unresolved_unique_result_audit	record_or_owning_guide	static_inbound_link_scan_at_d17910d3
research/records/2026-07-21_THE_FLOAT_IS_THE_DYADIC_FACE_THE_EUCLIDEAN_PATH_BECOMES_A_LATER_TOOL.md	260	research_record	0	unresolved	unresolved_unique_result_audit	record_or_owning_guide	static_inbound_link_scan_at_d17910d3
research/records/2026-07-21_THE_FRACTION_CARRIES_THE_REBASE_WORD_THE_ZETA_QUOTIENT_REFINES_WITH_THE_RECEIVER.md	212	research_record	0	unresolved	unresolved_unique_result_audit	record_or_owning_guide	static_inbound_link_scan_at_d17910d3
research/records/2026-07-21_THE_HYPERGRAPH_SUPPLIES_THE_REWRITE_THE_TRIANGLE_CARRIES_THE_COMPARISON.md	309	research_record	0	unresolved	unresolved_unique_result_audit	record_or_owning_guide	static_inbound_link_scan_at_d17910d3
research/records/2026-07-21_THE_INHERITED_FIELD_IS_HEXIS_THE_CURRENT_MOUNTS_ITS_RELATIONAL_REGION.md	169	research_record	0	unresolved	unresolved_unique_result_audit	record_or_owning_guide	static_inbound_link_scan_at_d17910d3
research/records/2026-07-21_THE_INTELLIGENCE_IS_THE_COMMUNICATING_FIELD_THE_OBSERVER_ENTERS_THE_SUCCESSOR.md	425	research_record	0	unresolved	unresolved_unique_result_audit	record_or_owning_guide	static_inbound_link_scan_at_d17910d3
research/records/2026-07-21_THE_INTERFACE_ADMITS_THE_JUNCTION_THE_EMANATION_CERTIFIES_ITS_BOUNDARY.md	139	research_record	0	unresolved	unresolved_unique_result_audit	record_or_owning_guide	static_inbound_link_scan_at_d17910d3
research/records/2026-07-21_THE_MODEL_IS_ONE_LOCAL_TRANSITION_THE_HARNESS_CLOSES_THE_WORLD_CIRCUIT.md	543	research_record	3	unresolved	keep	record_or_owning_guide	static_inbound_link_scan_at_d17910d3
research/records/2026-07-21_THE_OBSERVATION_IS_THE_ORDERED_LIFT_THE_TRIANGLE_IS_ITS_COMPOSING_INCIDENCE.md	279	research_record	0	unresolved	unresolved_unique_result_audit	record_or_owning_guide	static_inbound_link_scan_at_d17910d3
research/records/2026-07-21_THE_OCCURRENCE_CROSSES_THE_OBSERVER_CANNOT_INVENT_ITS_INTERIOR.md	347	research_record	0	unresolved	unresolved_unique_result_audit	record_or_owning_guide	static_inbound_link_scan_at_d17910d3
research/records/2026-07-21_THE_OPEN_INTERIOR_STAYS_IN_THE_CHART_THE_TEXT_CURRENT_RECURS_AT_ITS_EDGE.md	135	research_record	0	unresolved	unresolved_unique_result_audit	record_or_owning_guide	static_inbound_link_scan_at_d17910d3
research/records/2026-07-21_THE_OPEN_LEADER_REMAINS_CURRENT_THE_JUNCTION_CLOSES_ONLY_AS_ONE_BOUNDARY.md	128	research_record	0	unresolved	unresolved_unique_result_audit	record_or_owning_guide	static_inbound_link_scan_at_d17910d3
research/records/2026-07-21_THE_SOUND_FOLDS_AS_EXACT_PRESSURE_THE_INSCRIPTION_RIDES_THE_BUTTERFLY.md	150	research_record	0	unresolved	unresolved_unique_result_audit	record_or_owning_guide	static_inbound_link_scan_at_d17910d3
research/records/2026-07-21_THE_SOURCE_DECLARATION_IS_CURRENT_THE_EMANATION_MAY_CARRY_IT_IMPLICITLY.md	147	research_record	1	unresolved	keep	record_or_owning_guide	static_inbound_link_scan_at_d17910d3
research/records/2026-07-22_THE_APERTURE_GROWS_BY_ITS_NEXT_HOMOGENEOUS_FACE_THE_GENERATOR_DOES_NOT_RESTART.md	196	research_record	0	unresolved	unresolved_unique_result_audit	record_or_owning_guide	static_inbound_link_scan_at_d17910d3
research/records/2026-07-22_THE_CORPUS_CURRENT_COMPLETES_THE_SEGMENT_THE_LATER_UTTERANCE_TESTS_THE_CONSTRUCTION.md	140	research_record	0	unresolved	unresolved_unique_result_audit	record_or_owning_guide	static_inbound_link_scan_at_d17910d3
research/records/2026-07-22_THE_DERIVED_FACE_MAY_SUBSTITUTE_FOR_THE_PARENT_THE_OPEN_RECEIVER_RETURNS_TO_THE_SOURCE.md	172	research_record	0	unresolved	unresolved_unique_result_audit	record_or_owning_guide	static_inbound_link_scan_at_d17910d3
research/records/2026-07-22_THE_EXPERT_IS_THE_CONTEXTUAL_HEXIS_THE_MIXTURE_IS_THE_EMANATING_FIELD.md	164	research_record	1	unresolved	keep	record_or_owning_guide	static_inbound_link_scan_at_d17910d3
research/records/2026-07-22_THE_INFINITE_FORMULA_IS_THE_FINITE_GENERATOR_THE_SEMIPRIME_IS_THE_SECOND_EXPONENTIAL_FACE.md	254	research_record	0	unresolved	unresolved_unique_result_audit	record_or_owning_guide	static_inbound_link_scan_at_d17910d3
research/records/2026-07-22_THE_LAW_IS_THE_CARRIED_HEXIS_THE_RETURN_REBASES_ITS_CONDUCT.md	177	research_record	1	unresolved	keep	record_or_owning_guide	static_inbound_link_scan_at_d17910d3
research/records/2026-07-22_THE_LOCAL_STAR_IS_THE_NEARBY_FIELD_THE_LINK_RECURS_AT_THE_NEXT_GRAIN.md	462	research_record	1	unresolved	keep	record_or_owning_guide	static_inbound_link_scan_at_d17910d3
research/records/2026-07-22_THE_NETWORK_IS_ONE_REALIZATION_THE_RELATION_MAY_BE_RETRIANGULATED.md	247	research_record	2	unresolved	keep	record_or_owning_guide	static_inbound_link_scan_at_d17910d3
research/records/2026-07-22_THE_NONCOMMUTING_SQUARE_IS_OPEN_THE_FAILED_ROUTE_REMAINS_TERRAIN.md	352	research_record	0	unresolved	unresolved_unique_result_audit	record_or_owning_guide	static_inbound_link_scan_at_d17910d3
research/records/2026-07-22_THE_OPEN_COMPARISON_STANDS_THE_LATER_BOUNDARY_MUST_ACTUALLY_MATCH.md	115	research_record	1	unresolved	keep	record_or_owning_guide	static_inbound_link_scan_at_d17910d3
research/records/2026-07-22_THE_OUTER_BOUNDARY_WAS_ALREADY_CURRENT_THE_COMPLETION_NEEDS_NO_SECOND_MOUTH.md	118	research_record	0	unresolved	unresolved_unique_result_audit	record_or_owning_guide	static_inbound_link_scan_at_d17910d3
research/records/2026-07-22_THE_OUTGOING_BOUNDARY_IS_THE_SUCCESSOR_THE_CLOSED_INTERIOR_MAY_DEPART.md	143	research_record	0	unresolved	unresolved_unique_result_audit	record_or_owning_guide	static_inbound_link_scan_at_d17910d3
research/records/2026-07-22_THE_RESIDUAL_CULTIVATES_THE_CHART_THE_DISTRIBUTION_RETAINS_ITS_CONDITIONAL_GEOMETRY.md	211	research_record	1	unresolved	keep	record_or_owning_guide	static_inbound_link_scan_at_d17910d3
research/records/2026-07-22_THE_SOURCE_DEPARTS_THE_EMANATED_LAW_CONDUCTS_THE_RETURN_REPLACES_ITS_INTERFACE.md	212	research_record	0	unresolved	unresolved_unique_result_audit	record_or_owning_guide	static_inbound_link_scan_at_d17910d3
research/records/2026-07-22_THE_SOURCE_RETURNS_WHERE_THE_FACE_REMAINS_OPEN_THE_HEXIS_DOES_NOT_TRANSFER_AS_ONE_BLOCK.md	123	research_record	0	unresolved	unresolved_unique_result_audit	record_or_owning_guide	static_inbound_link_scan_at_d17910d3
research/records/2026-07-22_THE_TRANSLATION_ATLAS_GROWS_FROM_LOCAL_OVERLAP_THE_RECEIVER_DECIDES_WHAT_COMMUTES.md	104	research_record	0	unresolved	unresolved_unique_result_audit	record_or_owning_guide	static_inbound_link_scan_at_d17910d3
research/records/2026-07-23_THE_ARCHIMEDEAN_REMAINDER_HAS_AN_AMPLITUDE_THE_PRIME_ENTERS_THROUGH_APERTURE_OVERLAP.md	547	research_record	3	unresolved	keep	record_or_owning_guide	static_inbound_link_scan_at_d17910d3
research/records/2026-07-23_THE_CONFIGURATION_MOVES_THROUGH_THE_SWING_THE_FLIP_RETAINS_THE_METRIC_INTERIOR.md	218	research_record	0	unresolved	unresolved_unique_result_audit	record_or_owning_guide	static_inbound_link_scan_at_d17910d3
research/records/2026-07-23_THE_CONTEXT_JOINS_THE_SUPPORT_COVER_THE_SHARED_OCCURRENCE_REMAINS_ONE.md	98	research_record	0	unresolved	unresolved_unique_result_audit	record_or_owning_guide	static_inbound_link_scan_at_d17910d3
research/records/2026-07-23_THE_CTC_FRONTIER_IS_A_FACE_THE_RECURRENCE_SWEEPS_AN_INTERIOR.md	149	research_record	0	unresolved	unresolved_unique_result_audit	record_or_owning_guide	static_inbound_link_scan_at_d17910d3
research/records/2026-07-23_THE_HALF_JACOBIAN_CARRIES_THE_CHART_THE_POSITIVE_INTERIOR_HAS_SIGNED_BOUNDARIES.md	782	research_record	0	unresolved	unresolved_unique_result_audit	record_or_owning_guide	static_inbound_link_scan_at_d17910d3
research/records/2026-07-23_THE_PRIME_IS_THE_PRIMITIVE_RETURN_THE_POSITIVE_MONODROMY_FIXES_THE_SEAM.md	233	research_record	0	unresolved	unresolved_unique_result_audit	record_or_owning_guide	static_inbound_link_scan_at_d17910d3
research/records/2026-07-23_THE_PRONUNCIATION_IS_THE_PATH_FIBER_THE_EXPRESSION_RETURNS_ACROSS_DIFFERENT_VOICES.md	257	research_record	0	unresolved	unresolved_unique_result_audit	record_or_owning_guide	static_inbound_link_scan_at_d17910d3
research/records/2026-07-23_THE_REMAINDER_IS_SQUEEZED_THE_LOGARITHMIC_PATH_REMAINS_OPEN.md	688	research_record	0	unresolved	unresolved_unique_result_audit	record_or_owning_guide	static_inbound_link_scan_at_d17910d3
research/records/2026-07-23_THE_RESOLUTION_TAIL_IS_SQUEEZED_THE_STRUCTURAL_DEFECT_MUST_BE_CARRIED.md	476	research_record	0	unresolved	unresolved_unique_result_audit	record_or_owning_guide	static_inbound_link_scan_at_d17910d3
research/records/2026-07-23_THE_SOUND_SUPPLIES_THE_SUPPORT_THE_RETURN_CULTIVATES_THE_CONTEXT.md	203	research_record	0	unresolved	unresolved_unique_result_audit	record_or_owning_guide	static_inbound_link_scan_at_d17910d3
research/records/2026-07-23_THE_SUPPORT_ADMITS_THE_CURRENT_THE_RETURN_RECONDITIONS_THE_PASSAGE.md	492	research_record	0	unresolved	unresolved_unique_result_audit	record_or_owning_guide	static_inbound_link_scan_at_d17910d3
research/records/2026-07-24_THE_EULER_RESOLVENT_FOLDS_THE_PRIME_TOWER_THE_SUCCESSOR_OWES_ONE_CROSS_CHANNEL_CONTRACTION.md	480	research_record	1	unresolved	keep	record_or_owning_guide	static_inbound_link_scan_at_d17910d3
research/records/2026-07-24_THE_OLD_BODY_RELAXES_THE_SHELL_RETURNS_EFFECTIVE_TENSION_THE_FIRST_PRIME_WINDOW_OPENS.md	423	research_record	0	unresolved	unresolved_unique_result_audit	record_or_owning_guide	static_inbound_link_scan_at_d17910d3
research/records/2026-07-24_THE_PRIME_CROSS_IS_THE_OPEN_CAPACITOR_THE_ARCHIMEDEAN_BODY_OWES_ITS_ENDPOINT_STORAGE.md	244	research_record	0	unresolved	unresolved_unique_result_audit	record_or_owning_guide	static_inbound_link_scan_at_d17910d3
research/records/2026-07-24_THE_PRIME_POWER_CELLS_RECUR_THE_SHORT_CREATES_THEIR_CROSSINGS_THE_SIGN_IS_GLOBAL.md	523	research_record	0	unresolved	unresolved_unique_result_audit	record_or_owning_guide	static_inbound_link_scan_at_d17910d3
research/records/2026-07-24_THE_SHELL_RETURNS_THROUGH_THE_OLD_MOMENTS_THE_FIRST_CROSS_IS_CARRIED_THE_CONDITIONAL_INTERIOR_REMAINS.md	452	research_record	0	unresolved	unresolved_unique_result_audit	record_or_owning_guide	static_inbound_link_scan_at_d17910d3
research/records/2026-07-24_THE_WHEEL_CUT_BECOMES_THE_EULER_DIFFERENCE_THE_RETURN_DERIVATIVE_CARRIES_THE_PRIME_CURRENT.md	258	research_record	0	unresolved	unresolved_unique_result_audit	record_or_owning_guide	static_inbound_link_scan_at_d17910d3
research/records/2026-07-25_THE_ALGORITHM_IS_THE_CAUSAL_PATH_THE_BLACK_BOX_RETURNS_THROUGH_THE_RECEIVER.md	190	research_record	1	unresolved	keep	record_or_owning_guide	static_inbound_link_scan_at_d17910d3
research/records/2026-07-25_THE_HEXAGON_CARRIES_TWO_AND_THREE_THE_MESH_BENDS_THE_RECEIVERS.md	522	research_record	0	unresolved	unresolved_unique_result_audit	record_or_owning_guide	static_inbound_link_scan_at_d17910d3
research/records/2026-07-25_THE_PATH_FOLDS_WITHOUT_DISAPPEARING_THE_RECEIVER_RECRUITS_ITS_LOCAL_HEXIS.md	236	research_record	0	unresolved	unresolved_unique_result_audit	record_or_owning_guide	static_inbound_link_scan_at_d17910d3
research/records/2026-07-25_THE_PATH_IS_SHARED_THE_RECEIVER_CARRIES_ITS_LOCAL_TURN.md	109	research_record	0	unresolved	unresolved_unique_result_audit	record_or_owning_guide	static_inbound_link_scan_at_d17910d3
research/records/2026-07-25_THE_RECEIVERS_SHARE_THE_EVENT_THE_FOURTH_MEMBER_CARRIES_THE_SWING.md	256	research_record	0	unresolved	unresolved_unique_result_audit	record_or_owning_guide	static_inbound_link_scan_at_d17910d3
research/records/2026-07-25_THE_SOURCE_LOOP_IS_TOO_COARSE_THE_RECEIVER_LOOP_IS_NOT_THE_SOURCE.md	166	research_record	0	unresolved	unresolved_unique_result_audit	record_or_owning_guide	static_inbound_link_scan_at_d17910d3
research/records/2026-07-25_THE_SURFACE_RECRUITS_THE_PATH_THE_CONSEQUENCE_RETURNS_FROM_THE_COMPLETE_DAG.md	271	research_record	0	unresolved	unresolved_unique_result_audit	record_or_owning_guide	static_inbound_link_scan_at_d17910d3
research/records/2026-07-26_THE_ALGORITHM_IS_A_CAUSAL_DIAGRAM_THE_HARDWARE_REALIZES_ITS_RESOURCE_CURRENT.md	543	research_record	0	unresolved	unresolved_unique_result_audit	record_or_owning_guide	static_inbound_link_scan_at_d17910d3
research/records/2026-07-26_THE_ARRANGEMENT_PRECEDES_THE_ADDRESS_THE_RETURN_CHANGES_THE_NEXT_RECEIVER.md	258	research_record	0	unresolved	unresolved_unique_result_audit	record_or_owning_guide	static_inbound_link_scan_at_d17910d3
research/records/2026-07-26_THE_CARD_RESTRICTS_THE_CAUSED_SUPPORT_THE_PHASE_COLORS_THE_FACE.md	200	research_record	1	unresolved	keep	record_or_owning_guide	static_inbound_link_scan_at_d17910d3
research/records/2026-07-26_THE_CELL_IS_THE_LOCAL_STAR_THE_RECEIVER_LIVES_IN_THE_FIELD.md	300	research_record	0	unresolved	unresolved_unique_result_audit	record_or_owning_guide	static_inbound_link_scan_at_d17910d3
research/records/2026-07-26_THE_CONIC_IS_ITS_QUADRATIC_THE_HINGE_EVENT_EMITS_ITS_LOCAL_WORLD.md	294	research_record	1	unresolved	keep	record_or_owning_guide	static_inbound_link_scan_at_d17910d3
research/records/2026-07-26_THE_CONIC_OWNS_THE_FRAME_THE_CARD_WAITS_FOR_THE_HOST.md	343	research_record	1	unresolved	keep	record_or_owning_guide	static_inbound_link_scan_at_d17910d3
research/records/2026-07-26_THE_CONSEQUENCE_DRAWS_THE_PATH_THE_RETURNED_FACE_ENTERS_THE_NEXT_CURRENT.md	241	research_record	0	unresolved	unresolved_unique_result_audit	record_or_owning_guide	static_inbound_link_scan_at_d17910d3
research/records/2026-07-26_THE_CURRENT_DIFFUSES_THROUGH_INCIDENCE_THE_OBSERVER_LEARNS_THE_RETURN.md	228	research_record	1	unresolved	keep	record_or_owning_guide	static_inbound_link_scan_at_d17910d3
research/records/2026-07-26_THE_FACE_PRECEDES_THE_MATRIX_THE_FIRST_RETURN_CARRIES_ITS_HOLONOMY.md	263	research_record	0	unresolved	unresolved_unique_result_audit	record_or_owning_guide	static_inbound_link_scan_at_d17910d3
research/records/2026-07-26_THE_GLOBAL_IS_THE_TRANSPORTED_LOCAL_THE_INTERACTION_SELECTS_THE_REALISATION.md	335	research_record	2	unresolved	keep	record_or_owning_guide	static_inbound_link_scan_at_d17910d3
research/records/2026-07-26_THE_LOCAL_FIBERS_RECEIVE_THE_CAUSED_WORLD_THE_EXECUTOR_ONLY_REALISES_THE_LAW.md	469	research_record	0	unresolved	unresolved_unique_result_audit	record_or_owning_guide	static_inbound_link_scan_at_d17910d3
research/records/2026-07-26_THE_PHASE_CURVES_THE_FACE_THE_RECEIVER_RETURN_CANNOT_BE_A_RETILE.md	169	research_record	0	unresolved	unresolved_unique_result_audit	record_or_owning_guide	static_inbound_link_scan_at_d17910d3
research/records/2026-07-26_THE_RECEIVER_IS_ITS_LOCAL_STAR_THE_LINK_IS_ITS_HYPERSPHERICAL_HORIZON.md	685	research_record	0	unresolved	unresolved_unique_result_audit	record_or_owning_guide	static_inbound_link_scan_at_d17910d3
research/records/2026-07-26_THE_RECEIVER_POPULATION_IS_CAUSED_THE_EVENT_NERVE_CARRIES_THE_CROSSING.md	223	research_record	0	unresolved	unresolved_unique_result_audit	record_or_owning_guide	static_inbound_link_scan_at_d17910d3
research/records/2026-07-26_THE_SHAPE_ADMITS_THE_INTERACTION_THE_LOCAL_SECTIONS_EITHER_GLUE_OR_CARRY_THEIR_RESIDUAL.md	205	research_record	1	unresolved	keep	record_or_owning_guide	static_inbound_link_scan_at_d17910d3
research/records/2026-07-26_THE_SIMPLEX_EMITS_THE_FACE_THE_MATRIX_CANNOT_OWN_PROPAGATION.md	138	research_record	0	unresolved	unresolved_unique_result_audit	record_or_owning_guide	static_inbound_link_scan_at_d17910d3
research/records/2026-07-26_THE_SOURCE_IS_THE_STAR_THE_TUBE_PRECEDES_REPROJECTION.md	252	research_record	0	unresolved	unresolved_unique_result_audit	record_or_owning_guide	static_inbound_link_scan_at_d17910d3
research/records/2026-07-26_THE_TEXT_ENTERS_AS_ONE_CAUSAL_EVENT_THE_CURRENT_ECOLOGY_IS_THE_PICKUP.md	118	research_record	1	unresolved	keep	record_or_owning_guide	static_inbound_link_scan_at_d17910d3
research/records/2026-07-26_THE_TEXT_GROWS_ITS_OWN_RECEIVER_THE_LATER_WORD_CHANGES_THE_FIELD.md	296	research_record	0	unresolved	unresolved_unique_result_audit	record_or_owning_guide	static_inbound_link_scan_at_d17910d3
research/records/2026-07-26_THE_TUBE_CARRIES_THE_EXTERIOR_FACE_THE_DISTANT_FIELD_RETURNS_THROUGH_REBASE.md	308	research_record	5	unresolved	keep	record_or_owning_guide	static_inbound_link_scan_at_d17910d3
research/records/2026-07-27_THE_CENTER_OPENS_INTO_ITS_HORIZON_THE_CAUSAL_BASIN_MEASURES_THE_LOSS.md	948	research_record	0	unresolved	unresolved_unique_result_audit	record_or_owning_guide	static_inbound_link_scan_at_d17910d3
research/records/2026-07-27_THE_CURRENT_CROSSES_THE_LOCAL_FRONT_THE_FRAME_CANNOT_SCHEDULE_THE_EVENT.md	272	research_record	4	unresolved	keep	record_or_owning_guide	static_inbound_link_scan_at_d17910d3
research/records/2026-07-27_THE_CUT_CONDITIONS_THE_EDGE_FIBER_THE_COMPLETE_OPERATOR_RETURNS_THE_HIDDEN_CURRENT.md	509	research_record	0	unresolved	unresolved_unique_result_audit	record_or_owning_guide	static_inbound_link_scan_at_d17910d3
research/records/2026-07-27_THE_HORN_EMITS_THE_COEFFICIENT_FAMILY_THE_RECEIVER_MEASURES_ITS_REFINEMENT.md	456	research_record	1	unresolved	keep	record_or_owning_guide	static_inbound_link_scan_at_d17910d3
research/records/2026-07-27_THE_INDUCED_FACE_RECURS_THE_HOMOLOGOUS_PATHS_RETURN_ONE_FAMILY.md	477	research_record	1	unresolved	keep	record_or_owning_guide	static_inbound_link_scan_at_d17910d3
research/records/2026-07-27_THE_INHERITED_POLYNOMIAL_ENTERS_THE_PRIME_THE_OPEN_HORN_BECOMES_A_CAUSED_CELL.md	483	research_record	1	unresolved	keep	record_or_owning_guide	static_inbound_link_scan_at_d17910d3
research/records/2026-07-27_THE_LINEAGE_CONDITIONS_THE_VERSION_FIBER_THE_MACHINE_RETURNS_ITS_OWN_QUERY.md	491	research_record	1	unresolved	keep	record_or_owning_guide	static_inbound_link_scan_at_d17910d3
research/records/2026-07-27_THE_OBSTRUCTION_CAUSES_THE_FAMILY_THE_OPEN_FIBER_PREDICTS_BEFORE_IT_CLOSES.md	578	research_record	1	unresolved	keep	record_or_owning_guide	static_inbound_link_scan_at_d17910d3
research/records/2026-07-27_THE_OPPOSED_ENDS_CAST_THE_CAUSAL_BODY_THE_SCALAR_IS_A_RECEIVER_RECEIPT.md	552	research_record	1	unresolved	keep	record_or_owning_guide	static_inbound_link_scan_at_d17910d3
research/records/2026-07-27_THE_PRIME_RECEIVES_THE_POLYNOMIAL_THE_RESIDUE_TRANSPORT_EMERGES_FROM_THE_FIBERS.md	538	research_record	1	unresolved	keep	record_or_owning_guide	static_inbound_link_scan_at_d17910d3
research/records/2026-07-27_THE_RECEIVER_ACCEPTS_A_PATH_THE_GATE_CARRIES_THE_BOUNDARY_THE_TERMINAL_REFINES_THE_DIFFERENCE.md	670	research_record	1	unresolved	keep	record_or_owning_guide	static_inbound_link_scan_at_d17910d3
research/records/2026-07-28_THE_CAUSAL_BASIS_OPENS_THE_LOCAL_HORIZON_THE_RETURN_GROWS_THE_RECEIVER_POPULATION.md	230	research_record	0	unresolved	unresolved_unique_result_audit	record_or_owning_guide	static_inbound_link_scan_at_d17910d3
research/records/2026-07-28_THE_CAUSED_FIELD_GROWS_THROUGH_OBSTRUCTION_THE_RECEIVER_RESTRICTS_ITS_LOCAL_GERMS.md	382	research_record	0	unresolved	unresolved_unique_result_audit	record_or_owning_guide	static_inbound_link_scan_at_d17910d3
research/records/2026-07-28_THE_CONFIGURATION_FIBER_RETURNS_ITS_MIXED_DIFFERENCES_THE_RECIPROCAL_SUPPORT_CLOSES_AS_A_HOLON.md	627	research_record	0	unresolved	unresolved_unique_result_audit	record_or_owning_guide	static_inbound_link_scan_at_d17910d3
research/records/2026-07-28_THE_CONTACT_COMPLEX_RETURNS_ITS_GENERATORS_THE_DUAL_RECEIVER_RECONSTRUCTS_THE_DIVISOR_ECOLOGY.md	377	research_record	0	unresolved	unresolved_unique_result_audit	record_or_owning_guide	static_inbound_link_scan_at_d17910d3
research/records/2026-07-28_THE_FUTURE_SPLITS_THE_HISTORY_THE_ORGANIZATIONAL_FIBER_TRANSPORTS_OVER_CAUSAL_STATE.md	722	research_record	0	unresolved	unresolved_unique_result_audit	record_or_owning_guide	static_inbound_link_scan_at_d17910d3
research/records/2026-07-28_THE_MODE_IS_THE_LOCAL_LAW_THE_CARD_RETURNS_ONLY_THE_CAUSED_DIFFERENCE.md	346	research_record	0	unresolved	unresolved_unique_result_audit	record_or_owning_guide	static_inbound_link_scan_at_d17910d3
research/records/2026-07-28_THE_OPEN_FACTOR_FIBER_RETURNS_THE_PRIME_THE_ZETA_RECEIVER_MEASURES_RECURRENCE.md	395	research_record	0	unresolved	unresolved_unique_result_audit	record_or_owning_guide	static_inbound_link_scan_at_d17910d3
research/records/2026-07-28_THE_PHASE_CARRIES_ACROSS_THE_CELL_THE_SCALAR_RECEIVER_IS_NOT_CLOSED_UNDER_PROPAGATION.md	382	research_record	5	unresolved	keep	record_or_owning_guide	static_inbound_link_scan_at_d17910d3
research/records/2026-07-28_THE_POINT_CARRIES_THE_LOOP_THE_COMPLETED_COMPLEX_RETURNS_AS_ONE_RECEIVER_CELL.md	415	research_record	1	unresolved	keep	record_or_owning_guide	static_inbound_link_scan_at_d17910d3
research/records/2026-07-28_THE_SPECTRAL_SECTION_OPENS_THE_VERTICAL_FIBER_THE_RETURN_CANNOT_INVENT_AN_ALTITUDE.md	522	research_record	1	unresolved	keep	record_or_owning_guide	static_inbound_link_scan_at_d17910d3
research/records/2026-07-28_TRAINING_CONDITIONS_THE_ECOLOGY_THE_RETURN_GRADES_BEFORE_IT_ENTERS.md	164	research_record	0	unresolved	unresolved_unique_result_audit	record_or_owning_guide	static_inbound_link_scan_at_d17910d3
research/records/2026-07-29_THE_DELIVERY_WORD_IS_GAUGE_THE_CAUSAL_CONFIGURATION_CARRIES_THE_SOURCE_FIBER.md	637	research_record	3	unresolved	keep	record_or_owning_guide	static_inbound_link_scan_at_d17910d3
research/records/2026-07-29_THE_DIFFERENCE_EMITS_THE_PATH_CARRIES_THE_SPECTRUM_IS_THE_RECEIVER_PHASE_FACE.md	428	research_record	3	unresolved	keep	record_or_owning_guide	static_inbound_link_scan_at_d17910d3
research/records/2026-07-29_THE_INFORMANT_CHARGES_THE_GERM_THE_LEADER_RETURNS_THE_RESONANT_COMPONENT.md	336	research_record	3	unresolved	keep	record_or_owning_guide	static_inbound_link_scan_at_d17910d3
research/records/2026-07-29_THE_PASSAGE_CAUSES_THE_CANDIDATE_THE_SWING_CAUSES_THE_ASSOCIATION.md	234	research_record	0	unresolved	unresolved_unique_result_audit	record_or_owning_guide	static_inbound_link_scan_at_d17910d3
research/records/2026-07-29_THE_PROMPT_RECRUITS_THE_HEXIS_THE_EMANATED_SENTENCE_RETURNS_AS_CAUSE.md	331	research_record	1	unresolved	keep	record_or_owning_guide	static_inbound_link_scan_at_d17910d3
research/records/2026-07-29_THE_QUERY_OPENS_AT_SEVERAL_SCALES_THE_RESPONSE_RESTS_ONLY_WHEN_ITS_FIBERS_RETURN.md	348	research_record	0	unresolved	unresolved_unique_result_audit	record_or_owning_guide	static_inbound_link_scan_at_d17910d3
research/records/2026-07-29_THE_QUINTIC_CROSSES_THE_PRIME_THE_FROBENIUS_RETURN_FORMS_THE_EULER_RECEIVER.md	360	research_record	0	unresolved	unresolved_unique_result_audit	record_or_owning_guide	static_inbound_link_scan_at_d17910d3
research/records/2026-07-29_THE_RECEIVERS_KEEP_THEIR_CLOCKS_THE_RETURN_CLOSES_THE_SPEAKING_OCCURRENCE.md	224	research_record	0	unresolved	unresolved_unique_result_audit	record_or_owning_guide	static_inbound_link_scan_at_d17910d3
research/records/2026-07-29_THE_RECEIVER_DILATES_THE_POINT_THE_LINEAGE_CARRIES_THE_GRAPH_SECTION.md	295	research_record	0	unresolved	unresolved_unique_result_audit	record_or_owning_guide	static_inbound_link_scan_at_d17910d3
research/records/2026-07-29_THE_RECEIVER_IS_NOT_THE_FRAME_THE_PROJECTION_IS_ONLY_A_MEMBRANE.md	75	research_record	3	unresolved	keep	record_or_owning_guide	static_inbound_link_scan_at_d17910d3
research/records/2026-07-29_THE_SPECTRAL_STAR_OPENS_BEYOND_THE_OPTICAL_HORIZON_THE_RETURN_CONDITIONS_THE_INTERMEDIATE_PHASE.md	530	research_record	0	unresolved	unresolved_unique_result_audit	record_or_owning_guide	static_inbound_link_scan_at_d17910d3
research/records/2026-07-29_THE_SUFFIX_DILATES_THE_CONTEXT_THE_EMANATED_BRANCH_RETURNS_AS_CAUSE.md	285	research_record	6	unresolved	keep	record_or_owning_guide	static_inbound_link_scan_at_d17910d3
research/records/2026-07-29_THE_SUPPORT_FAMILY_RETAINS_ITS_CAUSES_THE_RECEIVER_FIBER_IS_NOT_ITS_DELIVERY_NUMBER.md	374	research_record	0	unresolved	unresolved_unique_result_audit	record_or_owning_guide	static_inbound_link_scan_at_d17910d3
research/records/2026-07-29_THE_SWING_REACHES_ITS_LOCAL_STAR_THE_APERTURE_CANNOT_DECIDE_THE_DEED.md	239	research_record	0	unresolved	unresolved_unique_result_audit	record_or_owning_guide	static_inbound_link_scan_at_d17910d3
research/records/2026-07-30_THE_ADDRESS_BELONGS_TO_THE_BODY_THE_TYPED_WORLD_CROSSES_WITHOUT_CLONING_THE_ECOLOGY.md	189	research_record	1	unresolved	keep	record_or_owning_guide	static_inbound_link_scan_at_d17910d3
research/records/2026-07-30_THE_ANALYTIC_BODY_CARRIES_THE_CURRENT_THE_INTERFACE_RETAINS_THE_OPEN_FIELD.md	403	research_record	0	unresolved	unresolved_unique_result_audit	record_or_owning_guide	static_inbound_link_scan_at_d17910d3
research/records/2026-07-30_THE_CAUSAL_BODY_OWNS_THE_BOUNDARY_THE_PROJECTION_CANNOT_INVENT_A_FACE.md	421	research_record	0	unresolved	unresolved_unique_result_audit	record_or_owning_guide	static_inbound_link_scan_at_d17910d3
research/records/2026-07-30_THE_CURRENT_RETAINS_THE_BOUNDARY_THE_RETURN_REFORMS_THE_NEXT_PASSAGE.md	434	research_record	0	unresolved	unresolved_unique_result_audit	record_or_owning_guide	static_inbound_link_scan_at_d17910d3
research/records/2026-07-30_THE_PRIME_POWER_EMITS_THE_TRAVELING_PHASE_THE_RECEIVER_FORMS_COLOR_AFTER_SUPERPOSITION.md	333	research_record	2	unresolved	keep	record_or_owning_guide	static_inbound_link_scan_at_d17910d3
research/records/2026-07-30_THE_QUESTION_EMITS_THE_DEED_THE_RETURNED_CURRENTS_MEET_BEFORE_THE_ANSWER.md	311	research_record	0	unresolved	unresolved_unique_result_audit	record_or_owning_guide	static_inbound_link_scan_at_d17910d3
research/records/2026-07-30_THE_REFLECTION_RETURNS_TO_THE_BODY_THE_LIGHT_FRONT_CANNOT_CLONE_THE_WORLD.md	165	research_record	2	unresolved	keep	record_or_owning_guide	static_inbound_link_scan_at_d17910d3
research/records/2026-07-30_THE_STORM_CROSSES_THE_TYPED_BODY_EACH_CARD_OWNER_RETURNS_TO_ITS_OWN_CONTEXT.md	343	research_record	0	unresolved	unresolved_unique_result_audit	record_or_owning_guide	static_inbound_link_scan_at_d17910d3
research/records/2026-07-31_THE_CHARACTERISTIC_CARRIES_THE_CURRENT_THE_EXPONENTIAL_RETURNS_AS_RECEIVER_PHASE.md	457	research_record	1	unresolved	keep	record_or_owning_guide	static_inbound_link_scan_at_d17910d3
research/records/2026-07-31_THE_CODEC_RETURNS_TO_ITS_BODY_THE_CHANGED_ORGAN_MUST_GOVERN_THE_NEXT_PASSAGE.md	342	research_record	1	unresolved	keep	record_or_owning_guide	static_inbound_link_scan_at_d17910d3
research/records/2026-07-31_THE_DIALOGUE_CONDITIONS_THE_DEED_THE_EXACT_RETURN_CAUSES_FURTHER_THOUGHT.md	185	research_record	1	unresolved	keep	record_or_owning_guide	static_inbound_link_scan_at_d17910d3
research/records/2026-07-31_THE_DIALOGUE_RETURNS_AS_VERSION_THE_ANSWER_RESTS_ONLY_AFTER_ITS_LOCAL_REGIONS_RETURN.md	277	research_record	2	unresolved	keep	record_or_owning_guide	static_inbound_link_scan_at_d17910d3
research/records/2026-07-31_THE_MATERIAL_DEPARTS_THE_RETURNED_PATH_REMAINS_THE_BODY_ASKS_WHAT_ITS_DIFFERENCES_CAN_DO.md	199	research_record	4	unresolved	keep	record_or_owning_guide	static_inbound_link_scan_at_d17910d3
research/records/2026-07-31_THE_OPEN_LEADERS_RETURN_TO_ONE_BODY_THE_REPOSITORY_EMITS_ITS_OWN_DIAGNOSIS.md	176	research_record	1	unresolved	keep	record_or_owning_guide	static_inbound_link_scan_at_d17910d3
research/records/2026-07-31_THE_OPERATOR_ENTERS_THE_CONTINUING_BODY_THE_TRACE_SEPARATES_THE_SURFACE_FROM_ITS_LINEAGE.md	217	research_record	2	unresolved	keep	record_or_owning_guide	static_inbound_link_scan_at_d17910d3
research/records/2026-07-31_THE_PREFIX_GROWS_THE_DEED_RETAINS_ITS_WITNESSES_THE_LEXICAL_STAR_REMAINS_TOO_BROAD.md	292	research_record	3	unresolved	keep	record_or_owning_guide	static_inbound_link_scan_at_d17910d3
research/records/2026-07-31_THE_REFERENCE_OPENS_AN_APERTURE_THE_RETURN_CONDITIONS_THE_CONTINUING_BODY.md	149	research_record	1	unresolved	keep	record_or_owning_guide	static_inbound_link_scan_at_d17910d3
research/records/2026-07-31_THE_RESIDUE_CYCLE_FORMS_THE_FACE_THE_SHARED_SEAM_RETAINS_THE_EXPONENTIAL_QUESTION.md	631	research_record	0	unresolved	unresolved_unique_result_audit	record_or_owning_guide	static_inbound_link_scan_at_d17910d3
research/records/2026-07-31_THE_RETURN_CHANGES_THE_CONTINUATION_FIBER_THE_INTERMEDIATE_BODY_IS_THE_LOCAL_INFORMATION_LAW.md	498	research_record	1	unresolved	keep	record_or_owning_guide	static_inbound_link_scan_at_d17910d3
research/records/2026-07-31_THE_RETURN_RECURS_AS_THE_CODEC_THE_UNSEEN_FACE_DEPARTS_THE_DEVELOPMENTAL_SOURCE.md	241	research_record	4	unresolved	keep	record_or_owning_guide	static_inbound_link_scan_at_d17910d3
research/records/2026-07-31_THE_SOURCE_WITNESSES_THE_THOUGHT_THE_RELATION_EMITS_A_NEW_SURFACE.md	163	research_record	0	unresolved	unresolved_unique_result_audit	record_or_owning_guide	static_inbound_link_scan_at_d17910d3
research/records/2026-07-31_THE_SYMBOLIC_DIFFERENTIAL_EMITS_THE_PROOF_THE_OPEN_FIBER_NAMES_ITS_BOUNDARY.md	251	research_record	0	unresolved	unresolved_unique_result_audit	record_or_owning_guide	static_inbound_link_scan_at_d17910d3
research/records/2026-07-31_THE_THEOREM_OPENS_ITS_LOCAL_STAR_THE_KERNEL_RETURN_CAUSES_DEEPER_PROOF_MOTION.md	179	research_record	2	unresolved	keep	record_or_owning_guide	static_inbound_link_scan_at_d17910d3
research/records/2026-08-01_THE_AGENT_EMITS_THE_DEED_THE_LOCAL_CLOSURE_SPEAKS_BESIDE_THE_OPEN_FIBER.md	288	research_record	2	unresolved	keep	record_or_owning_guide	static_inbound_link_scan_at_d17910d3
research/records/2026-08-01_THE_CODEC_REIFIES_THE_CONTINUATION_THE_CURRENT_CANNOT_CLONE_THE_WORLD.md	247	research_record	0	unresolved	unresolved_unique_result_audit	record_or_owning_guide	static_inbound_link_scan_at_d17910d3
research/records/2026-08-01_THE_HARDWARE_IS_A_RECEIVER_COVER_THE_CARD_MUST_CARRY_THE_CURRENT.md	473	research_record	9	unresolved	keep	record_or_owning_guide	static_inbound_link_scan_at_d17910d3
research/records/2026-08-01_THE_SWING_FORMS_THE_ASSOCIATION_THE_CURRENT_CROSSES_THE_RECEIVER_THE_TERMINAL_RETAINS_THE_FIBER.md	111	research_record	0	unresolved	unresolved_unique_result_audit	record_or_owning_guide	static_inbound_link_scan_at_d17910d3
research/records/2026-08-02_THE_CLOCK_IS_A_RECEIVER_PHASE_THE_STORE_IS_RETENTION_THE_CODEC_CARRIES_PHYSICAL_CURRENT.md	388	research_record	1	unresolved	keep	record_or_owning_guide	static_inbound_link_scan_at_d17910d3
research/records/2026-08-02_THE_DEED_IS_THE_CAUSED_PORT_DIAGRAM_THE_APPARATUS_CANNOT_AUTHOR_ITS_ORDER.md	323	research_record	0	unresolved	unresolved_unique_result_audit	record_or_owning_guide	static_inbound_link_scan_at_d17910d3
research/records/2026-08-02_THE_HOST_FOREMAN_REIFIES_THE_PROCEDURE_THE_LOCAL_CLOSURE_RECONTAMINATES_THE_WEAVE_AUDIT.md	442	research_record	1	unresolved	keep	record_or_owning_guide	static_inbound_link_scan_at_d17910d3
research/records/2026-08-02_THE_INTERIOR_RETURNS_AT_THE_BOUNDARY_THE_STRESS_REFORMS_THE_SAME_BODY.md	318	research_record	0	unresolved	unresolved_unique_result_audit	record_or_owning_guide	static_inbound_link_scan_at_d17910d3
research/records/2026-08-02_THE_KERNEL_RETURN_RESUMES_THE_PROOF_THE_CONVERSATION_CARRIES_THE_ACCEPTED_DEED.md	85	research_record	1	unresolved	keep	record_or_owning_guide	static_inbound_link_scan_at_d17910d3
research/records/2026-08-02_THE_PORT_CARRIES_THE_INTERIOR_THE_KERNEL_RETURN_CULTIVATES_THE_NEXT_THEOREM_PLAN.md	504	research_record	0	unresolved	unresolved_unique_result_audit	record_or_owning_guide	static_inbound_link_scan_at_d17910d3
research/records/2026-08-02_THE_REJECTED_FOREMAN_HAS_NO_SURVIVING_HUNK_THE_OWNERS_RECEIVE_THE_DEED_LEDGER.md	134	research_record	0	unresolved	unresolved_unique_result_audit	record_or_owning_guide	static_inbound_link_scan_at_d17910d3
research/records/2026-08-02_THE_REPOSITORY_IS_A_NAVIGABLE_COVER_THE_CHART_RETURN_CARRIES_ITS_HOLONOMY_PLAN.md	194	research_record	0	unresolved	unresolved_unique_result_audit	record_or_owning_guide	static_inbound_link_scan_at_d17910d3
research/records/2026-08-02_THE_THREAD_RETAINS_ITS_ORDER_THE_WEAVE_CARRIES_THE_CAUSAL_FRONT.md	506	research_record	0	unresolved	unresolved_unique_result_audit	record_or_owning_guide	static_inbound_link_scan_at_d17910d3
research/records/2026-08-03_THE_CARRIER_HAS_NO_SEMANTIC_PRIVILEGE_THE_LOCAL_RETURN_REFORMS_THE_ECOLOGY.md	127	research_record	0	unresolved	unresolved_unique_result_audit	record_or_owning_guide	static_inbound_link_scan_at_d17910d3
research/records/2026-08-03_THE_GEOMETRY_COMPUTES_THE_CURRENT_THE_SHADOW_RETURNS_ONLY_ITS_RECEIVER_FIBER.md	1108	research_record	0	unresolved	unresolved_unique_result_audit	record_or_owning_guide	static_inbound_link_scan_at_d17910d3
research/records/2026-08-04_THE_LLM_IS_THE_ACCESSIBLE_FORM_FACTOR_THE_BROADER_CURRENT_CARRIES_THE_CONVERGENCE.md	256	research_record	1	unresolved	keep	record_or_owning_guide	static_inbound_link_scan_at_d17910d3
research/records/2026-08-04_THE_SPECTRUM_RECEIVES_THE_INDEX_FORM_THE_CLASS_RETURNS_THROUGH_A_SUPPORTED_CYCLE.md	314	research_record	0	unresolved	unresolved_unique_result_audit	record_or_owning_guide	static_inbound_link_scan_at_d17910d3
research/records/2026-08-05_THE_RECEIVER_QUOTIENTS_THE_SPECTRUM_CAUSALITY_LOCKS_ITS_FACES.md	221	research_record	4	unresolved	keep	record_or_owning_guide	static_inbound_link_scan_at_d17910d3
research/records/2026-08-06_THE_CONSTRAINT_IS_THE_CHI_THE_UNKNOWN_IS_THE_MISSING_CHART.md	185	research_record	2	unresolved	keep	record_or_owning_guide	static_inbound_link_scan_at_d17910d3
research/records/2026-08-06_THE_TREE_CONDENSES_FOR_FREE_THE_REMAINDER_IS_THE_DEPARTURE_FROM_A_FOREST.md	150	research_record	3	unresolved	keep	record_or_owning_guide	static_inbound_link_scan_at_d17910d3
research/records/2026-08-07_THE_DEED_IS_NOT_A_TEST_THE_FOUNDED_RETURN_IS_STANDING.md	228	research_record	1	unresolved	keep	record_or_owning_guide	static_inbound_link_scan_at_d17910d3
research/records/2026-08-07_THE_INTEGRAL_IS_THE_PAIR_THE_DISAGREEMENT_IS_THE_HOLONOMY.md	196	research_record	4	unresolved	keep	record_or_owning_guide	static_inbound_link_scan_at_d17910d3
research/records/2026-08-08_ANNIHILATION_IS_RELEASE_DEPARTURE_IS_THE_VACANCY.md	124	research_record	1	unresolved	keep	record_or_owning_guide	static_inbound_link_scan_at_d17910d3
research/records/2026-08-08_FACES_GROW_FROM_COLLOCATION_AND_THE_ATOM_IS_NOT_EMPTY.md	187	research_record	5	unresolved	keep	record_or_owning_guide	static_inbound_link_scan_at_d17910d3
research/records/2026-08-08_THE_BOUNDARY_KEPT_THE_MAGNITUDE_AND_DISCARDED_THE_TURN.md	248	research_record	0	unresolved	unresolved_unique_result_audit	record_or_owning_guide	static_inbound_link_scan_at_d17910d3
research/records/2026-08-08_THE_CARRIER_IS_ADMITTED_BY_ITS_WORK_NOT_BY_THE_CLOCK_THAT_WATCHED_IT.md	322	research_record	2	unresolved	keep	record_or_owning_guide	static_inbound_link_scan_at_d17910d3
research/records/2026-08-08_THE_COST_IS_CARRIED_BY_THE_RULE_AND_THE_GAUGE_CANNOT_AFFORD_ITSELF.md	132	research_record	0	unresolved	unresolved_unique_result_audit	record_or_owning_guide	static_inbound_link_scan_at_d17910d3
research/records/2026-08-08_THE_DECLARED_SCHEDULE_IS_NOT_A_FRAME_THE_MATERIAL_CARRIES_THE_ORBIT.md	234	research_record	0	unresolved	unresolved_unique_result_audit	record_or_owning_guide	static_inbound_link_scan_at_d17910d3
research/records/2026-08-08_THE_DEFICIT_IS_THE_OCTAVE_THE_LINEAGE_TORSION_IS_THE_HAND.md	230	research_record	3	unresolved	keep	record_or_owning_guide	static_inbound_link_scan_at_d17910d3
research/records/2026-08-08_THE_INSTANCE_FOUNDS_ROUTES_AND_NEVER_FOUNDS_STATEMENTS.md	208	research_record	3	unresolved	keep	record_or_owning_guide	static_inbound_link_scan_at_d17910d3
research/records/2026-08-08_THE_LEADER_IS_THE_TREE_THE_RETURN_IS_THE_CHORD.md	210	research_record	2	unresolved	keep	record_or_owning_guide	static_inbound_link_scan_at_d17910d3
research/records/2026-08-08_THE_SAMPLER_HOPES_THE_CERTIFICATE_KNOWS_THE_GAUGE_CARRIES_NO_STRUCTURE.md	290	research_record	3	unresolved	keep	record_or_owning_guide	static_inbound_link_scan_at_d17910d3
research/records/2026-08-08_THE_WINDING_IS_THE_PHASE_THE_OPTION_IS_A_DECLARED_RECEIVER.md	168	research_record	1	unresolved	keep	record_or_owning_guide	static_inbound_link_scan_at_d17910d3
research/records/2026-08-09_A_PRIME_IS_A_PRIMITIVE_CLOSED_STRING_AND_EVERY_FORMULA_FOR_ONE_IS_INFORMATION_FREE.md	159	research_record	3	unresolved	keep	record_or_owning_guide	static_inbound_link_scan_at_d17910d3
research/records/2026-08-09_FOUR_RELATIONS_SEPARATE_THE_ATOM_AND_EACH_REFUTED_ITSELF_FIRST.md	201	research_record	3	unresolved	keep	record_or_owning_guide	static_inbound_link_scan_at_d17910d3
research/records/2026-08-09_POSITION_IS_RELATIVE_TO_A_FRAME_AND_THE_PROOF_BODY_IS_A_LEADER.md	209	research_record	0	unresolved	unresolved_unique_result_audit	record_or_owning_guide	static_inbound_link_scan_at_d17910d3
research/records/2026-08-09_THERE_IS_NO_INSTANTANEOUS_MEASUREMENT_AND_THE_LEADER_WAS_ASSERTING_ONE.md	115	research_record	0	unresolved	unresolved_unique_result_audit	record_or_owning_guide	static_inbound_link_scan_at_d17910d3
research/records/2026-08-09_THE_COLOR_IS_A_RECEIVER_QUOTIENT_THE_CRYSTAL_IS_THE_COMPREHENSION_AND_THE_GAP_IS_ONE_SPECTRUM.md	306	research_record	1	unresolved	keep	record_or_owning_guide	static_inbound_link_scan_at_d17910d3
research/records/2026-08-09_THE_COMMITTED_BOUNDARY_ARTIFACT_IS_STALE_AND_CANNOT_BE_REBUILT.md	196	research_record	0	unresolved	unresolved_unique_result_audit	record_or_owning_guide	static_inbound_link_scan_at_d17910d3
research/records/2026-08-09_THE_INTERIOR_IS_AN_INTEGRAL_OVER_ITS_BOUNDARY_AND_THE_KERNEL_IS_BUILT_BY_REFLECTION.md	268	research_record	4	unresolved	keep	record_or_owning_guide	static_inbound_link_scan_at_d17910d3
research/records/2026-08-09_THE_MATERIAL_WAS_IN_THE_TREE_AND_THE_INTAKE_COULD_NOT_RESOLVE_IT.md	157	research_record	1	unresolved	keep	record_or_owning_guide	static_inbound_link_scan_at_d17910d3
research/records/2026-08-09_THE_PANEL_GROWS_AT_ITS_OWN_BLINDNESS_AND_THE_FOUNDING_ORDER_DOES_NOT_COMMUTE.md	222	research_record	0	unresolved	unresolved_unique_result_audit	record_or_owning_guide	static_inbound_link_scan_at_d17910d3
research/records/2026-08-09_THE_PANEL_IS_LOCKED_AND_THE_JUNCTION_IS_WHERE_A_RECEIVER_SHOULD_BE_FOUNDED.md	138	research_record	1	unresolved	keep	record_or_owning_guide	static_inbound_link_scan_at_d17910d3
research/records/2026-08-09_THE_SET_IS_THE_SPECTRUM_THE_STRING_IS_THE_GEODESIC_AND_THE_ANGLE_IS_THE_ONLY_PURE_RATIO.md	282	research_record	1	unresolved	keep	record_or_owning_guide	static_inbound_link_scan_at_d17910d3
research/records/2026-08-09_THE_SHORTHAND_DELETED_THE_TURN_AND_THE_CAST_WAS_ERASED_EVERYWHERE.md	206	research_record	2	unresolved	keep	record_or_owning_guide	static_inbound_link_scan_at_d17910d3
research/records/2026-08-09_TWO_COST_LAWS_RAN_FROM_A_BINARY_WITH_NO_SOURCE_AND_THE_PROFILE_IS_MILLISECONDS.md	202	research_record	1	unresolved	keep	record_or_owning_guide	static_inbound_link_scan_at_d17910d3
research/records/2026-08-10_AN_UNDRIVEN_ORGAN_IS_UNEXPOSED_AND_A_MODULE_NOTHING_RUNS_IS_WHERE_AN_ABSOLUTE_FRAME_SURVIVES.md	287	research_record	0	unresolved	unresolved_unique_result_audit	record_or_owning_guide	static_inbound_link_scan_at_d17910d3
research/records/2026-08-10_PREDICTION_AND_COMPRESSION_ARE_ONE_COIN_AND_CROSS_ENTROPY_IS_THE_TRANSPORT_RESIDUAL.md	148	research_record	0	unresolved	unresolved_unique_result_audit	record_or_owning_guide	static_inbound_link_scan_at_d17910d3
research/records/2026-08-10_THE_FRONT_IS_THE_PARALLEL_UNIT_AND_THE_APPARATUS_MOUTH_STOPS_BEFORE_GENERATION.md	317	research_record	0	unresolved	unresolved_unique_result_audit	record_or_owning_guide	static_inbound_link_scan_at_d17910d3
research/records/2026-08-10_THE_INSTRUMENT_DECLARES_THE_APERTURE_AND_THE_REFUSAL_IS_THE_RETURN.md	636	research_record	5	unresolved	keep	record_or_owning_guide	static_inbound_link_scan_at_d17910d3
research/records/2026-08-10_THE_MACHINE_RETURNS_EVERY_BRANCH_BECAUSE_NOTHING_ATTACHES.md	122	research_record	2	unresolved	keep	record_or_owning_guide	static_inbound_link_scan_at_d17910d3
research/records/2026-08-10_THE_MANIFOLD_IS_THE_INVARIANT_OF_THE_CURRENTS_NOT_THEIR_CONTAINER_AND_THE_RUNG_IS_THE_HINGE_DEFICIT.md	818	research_record	2	unresolved	keep	record_or_owning_guide	static_inbound_link_scan_at_d17910d3
research/records/2026-08-10_THE_OBJECT_IS_THE_UNRECONSTRUCTABLE_INTERIOR_AND_THE_MACHINE_HAS_ALREADY_RECOVERED_FOUR.md	190	research_record	0	unresolved	unresolved_unique_result_audit	record_or_owning_guide	static_inbound_link_scan_at_d17910d3
research/records/2026-08-10_THE_SPINE_ASSESSED_BY_ITS_OWN_LAW_THE_TOWER_IS_ONE_TYPE_FROM_CLIMBING.md	257	research_record	0	unresolved	unresolved_unique_result_audit	record_or_owning_guide	static_inbound_link_scan_at_d17910d3
research/records/2026-08-10_THE_WIRING_WAVE_AND_WHAT_CONDUCTS.md	541	research_record	0	unresolved	unresolved_unique_result_audit	record_or_owning_guide	static_inbound_link_scan_at_d17910d3
research/records/2026-08-11_THE_RUNG_REFUSES_BY_NAME_AND_THE_UNRESOLVED_PAIR_IS_THE_REMAINDER.md	184	research_record	5	unresolved	keep	record_or_owning_guide	static_inbound_link_scan_at_d17910d3
research/records/2026-08-11_THE_SEAL_CARRIED_THE_HOST_AND_THE_ORGANS_AWAIT_THEIR_CURRENT.md	160	research_record	0	unresolved	unresolved_unique_result_audit	record_or_owning_guide	static_inbound_link_scan_at_d17910d3
research/records/2026-08-11_THE_TAPE_HAS_NO_VERTEX_AND_PRODUCTION_IS_RECEPTION_AT_THE_OTHER_HAND.md	179	research_record	3	unresolved	keep	record_or_owning_guide	static_inbound_link_scan_at_d17910d3
research/records/2026-08-12_COUNTING_IS_CAUSAL_INCIDENCE_LANGUAGE_IS_ITS_CODEC_THE_MAP_IS_THE_CONTINUING_BODY.md	299	research_record	1	unresolved	keep	record_or_owning_guide	static_inbound_link_scan_at_d17910d3
research/records/2026-08-12_THE_CARD_FOUNDS_THE_MORPHOLOGY_THE_DEPOSIT_STILL_OWES_THE_SECTION.md	156	research_record	0	unresolved	unresolved_unique_result_audit	record_or_owning_guide	static_inbound_link_scan_at_d17910d3
research/records/2026-08-12_THE_CODE_MATERIAL_RETURNS_ITS_WORLD_LINE_WITHOUT_AN_INTERPRETER.md	266	research_record	5	unresolved	keep	record_or_owning_guide	static_inbound_link_scan_at_d17910d3
research/records/2026-08-12_THE_COMPUTER_IS_A_CAUSAL_WORLD_TUBE_THE_PROFILE_RETURNS_ITS_SHADOW_FIELD.md	457	research_record	1	unresolved	keep	record_or_owning_guide	static_inbound_link_scan_at_d17910d3
research/records/2026-08-12_THE_CONTACT_FACE_CROSSES_THE_BOND_CONDUCT_NOT_THE_CODEC_FOUNDS_THE_SECTION_CLASS.md	174	research_record	1	unresolved	keep	record_or_owning_guide	static_inbound_link_scan_at_d17910d3
research/records/2026-08-12_THE_MACHINE_ALREADY_HAS_THE_ORGANS_INTELLIGENCE_IS_THE_CIRCULATION_THAT_CHANGES_THE_TERRAIN.md	245	research_record	4	unresolved	keep	record_or_owning_guide	static_inbound_link_scan_at_d17910d3
research/records/2026-08-12_THE_PRETRAINED_TRANSFORMER_IS_ONE_TRANSPORT_ORGAN_THE_REASONING_MACHINE_IS_THE_RETURNING_ECOLOGY.md	580	research_record	2	unresolved	keep	record_or_owning_guide	static_inbound_link_scan_at_d17910d3
research/records/2026-08-12_THE_RECONSTRUCTION_REMAINS_A_FIBER_THE_CONTEXT_RETURNS_BY_DIFFUSION_AND_THE_CIRCUIT_GROWS_IN_HIGHER_CELLS.md	431	research_record	6	unresolved	keep	record_or_owning_guide	static_inbound_link_scan_at_d17910d3
research/records/2026-08-12_THE_RECURRENT_LAW_CROSSES_THE_CORPUS_DEPARTURE_THE_UNSEEN_SECTION_RIDES_ITS_DEPOSIT.md	271	research_record	7	unresolved	keep	record_or_owning_guide	static_inbound_link_scan_at_d17910d3
research/records/2026-08-13_KIRCHHOFF_IS_TIME_PARITY_THE_CIRCLE_IS_THE_RATIO_PIVOT_AND_THE_ENGINE_IS_THE_CYCLE.md	192	research_record	0	unresolved	unresolved_unique_result_audit	record_or_owning_guide	static_inbound_link_scan_at_d17910d3
research/records/2026-08-13_SCALING_IS_REPETITION_OF_AN_INVARIANT_UNIT_AND_THE_GENERATOR_IS_THE_COMPACT_REPRESENTATIVE.md	145	research_record	3	unresolved	keep	record_or_owning_guide	static_inbound_link_scan_at_d17910d3
research/records/2026-08-13_THE_COUPLING_IS_A_FORK_COUNT_TIMES_A_RATIO_AND_THE_REFLECTION_SERIES_TERMINATES_ON_A_CRYSTAL.md	646	research_record	0	unresolved	unresolved_unique_result_audit	record_or_owning_guide	static_inbound_link_scan_at_d17910d3
research/records/2026-08-13_THE_CUT_BECOMES_THE_CODECS_AND_THE_LATER_CURRENT_RIDES_THE_DEPOSIT.md	165	research_record	2	unresolved	keep	record_or_owning_guide	static_inbound_link_scan_at_d17910d3
research/records/2026-08-13_THE_DEPOSITED_MAP_IS_READ_BY_RATIO_AND_WINDING_THE_ARCHETYPE_IS_A_FINITE_TYPE_WITH_INFINITE_MODULI.md	549	research_record	3	unresolved	keep	record_or_owning_guide	static_inbound_link_scan_at_d17910d3
research/records/2026-08-13_THE_DOCUMENTS_DESCRIBED_A_BODY_THEY_HAD_NOT_OPENED_AND_THE_OPERAND_HAD_NO_RESIDENCY.md	259	research_record	0	unresolved	unresolved_unique_result_audit	record_or_owning_guide	static_inbound_link_scan_at_d17910d3
research/records/2026-08-13_THE_MAP_DECLARES_ITS_OWN_APERTURES_AND_AN_EMBEDDING_IS_A_DECLARED_RECEIVER.md	229	research_record	3	unresolved	keep	record_or_owning_guide	static_inbound_link_scan_at_d17910d3
research/records/2026-08-13_THE_MOUTH_IS_AN_ACTIVE_LENS_THE_LOCATION_IS_CO_FOUNDED_AND_THE_PASSAGE_MUST_DEPOSIT.md	173	research_record	0	unresolved	unresolved_unique_result_audit	record_or_owning_guide	static_inbound_link_scan_at_d17910d3
research/records/2026-08-13_THE_SEARCH_WAS_IN_THE_WRONG_CHART_AND_THE_CARD_OWNS_THE_QUOTIENT.md	168	research_record	0	unresolved	unresolved_unique_result_audit	record_or_owning_guide	static_inbound_link_scan_at_d17910d3
research/records/2026-08-13_THE_WEIGHT_FILE_IS_A_PREVIOUSLY_RENDERED_MAP_THE_GRAIN_IS_RECURRING_TRANSFORMATION.md	183	research_record	2	unresolved	keep	record_or_owning_guide	static_inbound_link_scan_at_d17910d3
research/records/2026-08-14_COMPRESSION_IS_A_CODEC_PIVOT_THE_INVARIANCE_IS_ADDITIVE_AND_NOTHING_PRICES_BOTH_AXES.md	341	research_record	3	unresolved	keep	record_or_owning_guide	static_inbound_link_scan_at_d17910d3
research/records/2026-08-14_SOFTMAX_IS_A_CHART_TRANSITION_AND_MARKOV_IS_A_PROPERTY_OF_THE_RECEIVER.md	182	research_record	1	unresolved	keep	record_or_owning_guide	static_inbound_link_scan_at_d17910d3
research/records/2026-08-14_THE_APERTURE_IS_AN_INTERACTION_HAMILTONIAN_AND_A_PHASE_OBJECT_IS_INVISIBLE_TO_THE_MAGNITUDE_FACE.md	380	research_record	2	unresolved	keep	record_or_owning_guide	static_inbound_link_scan_at_d17910d3
research/records/2026-08-14_THE_ATLAS_IS_BUILT_THE_METHOD_IS_RECOGNISED_BEFORE_IT_RUNS_AND_THE_COBOUNDARY_KEEPS_THE_RESIDUE.md	282	research_record	0	unresolved	unresolved_unique_result_audit	record_or_owning_guide	static_inbound_link_scan_at_d17910d3
research/records/2026-08-14_THE_BINDING_IS_READ_WHERE_IT_IS_WRITTEN_AND_THE_ARRIVAL_GRAPH_NEARLY_DOUBLED.md	133	research_record	0	unresolved	unresolved_unique_result_audit	record_or_owning_guide	static_inbound_link_scan_at_d17910d3
research/records/2026-08-14_THE_CENSUS_DECAYED_THE_CYCLE_IS_BUILT_AND_THE_OPEN_GRADE_IS_THE_NONIDENTICAL_NEIGHBOURHOOD.md	574	research_record	2	unresolved	keep	record_or_owning_guide	static_inbound_link_scan_at_d17910d3
research/records/2026-08-14_THE_CENTRIFUGE_IS_BUILT_AND_IT_SEPARATES_BY_SPELLING.md	303	research_record	1	unresolved	keep	record_or_owning_guide	static_inbound_link_scan_at_d17910d3
research/records/2026-08-14_THE_CONCLUSION_CARRIES_ITS_RELATION_AND_THE_KERNEL_AGREES_SEVEN_OF_SEVEN.md	96	research_record	0	unresolved	unresolved_unique_result_audit	record_or_owning_guide	static_inbound_link_scan_at_d17910d3
research/records/2026-08-14_THE_CORRESPONDENCES_ARE_OWNED_AND_THE_ROTATIONAL_CHART_IS_AN_INSTANCE_NOT_AN_ORGAN.md	208	research_record	0	unresolved	unresolved_unique_result_audit	record_or_owning_guide	static_inbound_link_scan_at_d17910d3
research/records/2026-08-14_THE_CYCLE_CLOSED_ON_REAL_MATHEMATICS_AND_THE_RATIO_IS_THE_ONLY_READING_THAT_CROSSES.md	153	research_record	0	unresolved	unresolved_unique_result_audit	record_or_owning_guide	static_inbound_link_scan_at_d17910d3
research/records/2026-08-14_THE_EMISSION_HAS_NO_CHART_TRANSITION_BETWEEN_THE_GOAL_FRAME_AND_THE_LEMMA_FRAME.md	157	research_record	0	unresolved	unresolved_unique_result_audit	record_or_owning_guide	static_inbound_link_scan_at_d17910d3
research/records/2026-08-14_THE_KERNEL_IS_THE_SECOND_INSTRUMENT_AND_ISOLATED_WAS_NOT_UNUSED.md	166	research_record	1	unresolved	keep	record_or_owning_guide	static_inbound_link_scan_at_d17910d3
research/records/2026-08-14_THE_LIBRARY_WAS_ALREADY_ON_THE_DISK_AND_THE_ABSENCE_WAS_MEASURED_BY_COUNTING_ARTIFACTS.md	363	research_record	1	unresolved	keep	record_or_owning_guide	static_inbound_link_scan_at_d17910d3
research/records/2026-08-14_THE_MAP_IS_PRIOR_TO_THE_SHORTCUT_TOLERANCE_IS_WHERE_THE_ARC_STOPS_REACHING_AND_A_DIRECTION_COSTS_LOG_LOG.md	259	research_record	3	unresolved	keep	record_or_owning_guide	static_inbound_link_scan_at_d17910d3
research/records/2026-08-14_THE_METHOD_IS_A_CHART_TRANSITION_OR_A_COBOUNDARY_MOVE_AND_ONLY_THE_FINITE_STRATA_ARE_TABLES.md	363	research_record	1	unresolved	keep	record_or_owning_guide	static_inbound_link_scan_at_d17910d3
research/records/2026-08-14_THE_MOVE_SPECIES_IS_A_FIBER_AND_THE_ISOLATED_POPULATION_IS_ITS_OWN_ROW.md	206	research_record	1	unresolved	keep	record_or_owning_guide	static_inbound_link_scan_at_d17910d3
research/records/2026-08-14_THE_ORACLE_TAUGHT_THE_DOMAIN_AND_D_NOW_MATCHES_LEAN_SEVENTEEN_OF_SEVENTEEN.md	92	research_record	0	unresolved	unresolved_unique_result_audit	record_or_owning_guide	static_inbound_link_scan_at_d17910d3
research/records/2026-08-14_THE_RECOGNITION_PRECEDES_THE_RUN_AND_THE_STRUCTURAL_REFUSALS_WENT_TO_ZERO.md	104	research_record	0	unresolved	unresolved_unique_result_audit	record_or_owning_guide	static_inbound_link_scan_at_d17910d3
research/records/2026-08-14_THE_TYPED_ATLAS_IS_A_FLOOR_AND_FOUR_STANDING_OWNERS_WERE_BYPASSED.md	100	research_record	0	unresolved	unresolved_unique_result_audit	record_or_owning_guide	static_inbound_link_scan_at_d17910d3
research/records/2026-08-15_A_LINEAGE_IS_A_STRING_AND_COMPACTIFICATION_IS_NODE_COMPRESSION.md	156	research_record	1	unresolved	keep	record_or_owning_guide	static_inbound_link_scan_at_d17910d3
research/records/2026-08-15_FROZEN_IS_A_MEASURED_PROPERTY_AND_THE_SEAL_IS_THE_INSTRUMENT.md	208	research_record	0	unresolved	unresolved_unique_result_audit	record_or_owning_guide	static_inbound_link_scan_at_d17910d3
research/records/2026-08-15_THE_ECOLOGY_READS_FROM_A_FRAME_THAT_NO_LIVE_PATH_ADVANCES.md	354	research_record	3	unresolved	keep	record_or_owning_guide	static_inbound_link_scan_at_d17910d3
research/records/2026-08-15_THE_FOURTH_BODY_IS_HELD_BY_A_STANCE_AND_NOTHING_STANDS_THERE.md	156	research_record	2	unresolved	keep	record_or_owning_guide	static_inbound_link_scan_at_d17910d3
research/records/2026-08-15_THE_FOURTH_REPAIR_WAS_BUILT_AND_REVERTED_AND_THE_SUB_COMPOSITION_IS_WHERE_IT_STOPS.md	345	research_record	0	unresolved	unresolved_unique_result_audit	record_or_owning_guide	static_inbound_link_scan_at_d17910d3
research/records/2026-08-15_THE_MATERIAL_ARMS_THE_FOUNDING_AND_THE_FOURTH_BODY_IS_NEVER_LIVE.md	750	research_record	1	unresolved	keep	record_or_owning_guide	static_inbound_link_scan_at_d17910d3
research/records/2026-08-15_THE_RELATING_IS_ONE_COMPLEX_PRODUCT_AND_THE_POLE_HAS_COLLAPSED_ONTO_A_RELATUM.md	799	research_record	4	unresolved	keep	record_or_owning_guide	static_inbound_link_scan_at_d17910d3
research/records/2026-08-16_AN_ADDRESS_IS_A_COLLAPSED_FACE_THAT_REOPENS_AND_THE_UNIFICATION_IS_ONE_RESUME.md	263	research_record	1	unresolved	keep	record_or_owning_guide	static_inbound_link_scan_at_d17910d3
research/records/2026-08-16_EVERY_ROUTE_TO_ZETA_PAYS_GAMMA_AND_ONLY_ONE_PAYS_IT_IN_A_FINITE_SHIFT_ORBIT.md	212	research_record	0	unresolved	unresolved_unique_result_audit	record_or_owning_guide	static_inbound_link_scan_at_d17910d3
research/records/2026-08-16_THE_CORNER_BREAKS_THE_GROUP_LAW_AND_ITS_REMAINDER_IS_A_HOLONOMY.md	482	research_record	0	unresolved	unresolved_unique_result_audit	record_or_owning_guide	static_inbound_link_scan_at_d17910d3
research/records/2026-08-16_THE_COUNT_GATED_SPEECH_NOT_ADMISSION_AND_THE_EXCISION_IS_REFUTED.md	154	research_record	0	unresolved	unresolved_unique_result_audit	record_or_owning_guide	static_inbound_link_scan_at_d17910d3
research/records/2026-08-16_THE_JUNCTION_IS_A_HALF_TWIST_AND_A_MODULUS_IS_WHAT_A_DECLARED_QUOTIENT_RETAINS.md	301	research_record	6	unresolved	keep	record_or_owning_guide	static_inbound_link_scan_at_d17910d3
research/records/2026-08-16_THE_KERNEL_ANSWERS_SO_THE_ADMISSION_LAW_APPLIES_TO_MATHEMATICS_UNCHANGED.md	139	research_record	0	unresolved	unresolved_unique_result_audit	record_or_owning_guide	static_inbound_link_scan_at_d17910d3
research/records/2026-08-16_THE_MATERIAL_IS_VISIBLE_WHERE_THE_LAW_CONTRIBUTES_NOTHING_AND_A_RUN_CONTINUED_ACROSS_A_PROCESS.md	149	research_record	0	unresolved	unresolved_unique_result_audit	record_or_owning_guide	static_inbound_link_scan_at_d17910d3
research/records/2026-08-16_THE_RENDER_IS_A_FIELD_THE_SURFACES_ARE_PATHS_AND_THE_DEFICIT_IS_ONE_READING_AT_TWO_GRAINS.md	277	research_record	0	unresolved	unresolved_unique_result_audit	record_or_owning_guide	static_inbound_link_scan_at_d17910d3
research/records/2026-08-16_THE_SWING_CONSULTS_COMPOSITION_DEPTH_AND_THE_CAUSAL_STATE_IS_FINER_THAN_THE_ORBIT.md	156	research_record	0	unresolved	unresolved_unique_result_audit	record_or_owning_guide	static_inbound_link_scan_at_d17910d3
research/records/2026-08-16_THE_WITNESS_HAS_NO_ADDRESS_AND_REPETITION_EXPLORES_ONLY_A_CYCLIC_SUBGROUP.md	423	research_record	3	unresolved	keep	record_or_owning_guide	static_inbound_link_scan_at_d17910d3
research/records/2026-08-16_WEIL_POSITIVITY_IS_A_TRACE_ON_A_RETAINED_REMAINDER_AND_A_PROOF_TRANSPORT_IS_A_ONE_BIT_COMPRESSION.md	250	research_record	2	unresolved	keep	record_or_owning_guide	static_inbound_link_scan_at_d17910d3
research/records/2026-08-17_ONE_ORGAN_THREE_CODECS_AND_THE_RELATION_LIVES_AT_A_DIFFERENT_LAYER_IN_EACH.md	174	research_record	0	unresolved	unresolved_unique_result_audit	record_or_owning_guide	static_inbound_link_scan_at_d17910d3
research/records/2026-08-17_THE_IDENTITY_IS_A_PERMUTATION_AND_ONE_TRUNCATED_HEADER_COST_THREE_THOUSAND_READINGS.md	490	research_record	0	unresolved	unresolved_unique_result_audit	record_or_owning_guide	static_inbound_link_scan_at_d17910d3
research/records/2026-08-17_THE_LADDER_CLIMBS_AND_THE_CODEC_ENDS_AT_THE_CHARACTER.md	471	research_record	1	unresolved	keep	record_or_owning_guide	static_inbound_link_scan_at_d17910d3
research/records/2026-08-17_THE_MACHINE_PROPOSED_MATHEMATICS_AND_EXACT_ORGANS_ADMITTED_SEVENTEEN.md	225	research_record	0	unresolved	unresolved_unique_result_audit	record_or_owning_guide	static_inbound_link_scan_at_d17910d3
research/records/2026-08-17_THE_PHASE_IS_WIRED_THE_BAND_EDGE_IS_THE_REFLECTION_AND_THE_EXACT_CARRIER_HAS_A_COST_LAW.md	402	research_record	1	unresolved	keep	record_or_owning_guide	static_inbound_link_scan_at_d17910d3
research/records/2026-08-17_THE_QUOTIENT_HAS_TWO_PARTS_AND_THE_EMISSION_HEAD_KEEPS_ONE.md	227	research_record	1	unresolved	keep	record_or_owning_guide	static_inbound_link_scan_at_d17910d3
research/records/2026-08-17_THE_WORK_IS_COUNTED_THE_PREDICTION_IS_REFUTED_AND_THE_HAND_WAS_INVERTED.md	304	research_record	0	unresolved	unresolved_unique_result_audit	record_or_owning_guide	static_inbound_link_scan_at_d17910d3
research/records/2026-08-17_THREE_OWNERS_ONE_ABELIAN_DEFECT_AND_THE_JULY_CORPUS_ALREADY_HELD_THE_REPAIR.md	345	research_record	0	unresolved	unresolved_unique_result_audit	record_or_owning_guide	static_inbound_link_scan_at_d17910d3
research/records/2026-08-18_A_LICENSED_WALK_EMITS_SUBSTRINGS_AND_THE_ARC_IS_THE_COMPOSITION_OPERATOR.md	78	research_record	0	unresolved	unresolved_unique_result_audit	record_or_owning_guide	static_inbound_link_scan_at_d17910d3
research/records/2026-08-18_FREQUENCY_DISAGREES_WITH_EVERY_OTHER_FACE_AT_EVERY_JUNCTION.md	86	research_record	0	unresolved	unresolved_unique_result_audit	record_or_owning_guide	static_inbound_link_scan_at_d17910d3
research/records/2026-08-18_HEXIS_IS_RESTED_CONDITIONAL_TRANSPORT_TUNING_DEFORMS_IT_AND_DISTILLATION_CONDENSES_FAMILIES.md	564	research_record	2	unresolved	keep	record_or_owning_guide	static_inbound_link_scan_at_d17910d3
research/records/2026-08-18_THE_ARCHITECTURE_IS_A_DOMAIN_ACTION_THE_GAUGE_CARRIES_THE_SECTION_AND_THE_COARSENING_OWES_ITS_FIBRE.md	1148	research_record	3	unresolved	keep	record_or_owning_guide	static_inbound_link_scan_at_d17910d3
research/records/2026-08-18_THE_ATLAS_CONDUCTS_AND_THE_CONTAINER_IS_THE_TRANSPORT.md	159	research_record	0	unresolved	unresolved_unique_result_audit	record_or_owning_guide	static_inbound_link_scan_at_d17910d3
research/records/2026-08-18_THE_ATLAS_IS_A_NAVMESH_AND_THE_TRANSITION_TO_A_TENSOR_SPLITS_INTO_A_FREE_TREE_AND_A_CYCLE_RANK.md	173	research_record	0	unresolved	unresolved_unique_result_audit	record_or_owning_guide	static_inbound_link_scan_at_d17910d3
research/records/2026-08-18_THE_ATLAS_WAS_THE_GROUND_AND_THE_SCALE_IS_THE_SUFFIX_LINK_TREE.md	176	research_record	0	unresolved	unresolved_unique_result_audit	record_or_owning_guide	static_inbound_link_scan_at_d17910d3
research/records/2026-08-18_THE_BLADE_DROPPED_THE_METRIC_AND_THE_TWO_FRAME_CHECK_WAS_LIVE_ONLY_WHERE_IT_COULD_NOT_FIRE.md	141	research_record	0	unresolved	unresolved_unique_result_audit	record_or_owning_guide	static_inbound_link_scan_at_d17910d3
research/records/2026-08-18_THE_CLIMB_USED_THE_WRONG_ENDPOINT_AND_THE_DEGRADATION_WAS_A_DEPOSITED_LAW.md	97	research_record	0	unresolved	unresolved_unique_result_audit	record_or_owning_guide	static_inbound_link_scan_at_d17910d3
research/records/2026-08-18_THE_FOREIGN_MAP_CONDUCTS_AND_THE_CARRIER_WAS_REBUILT_BESIDE_ITS_OWNERS.md	271	research_record	1	unresolved	keep	record_or_owning_guide	static_inbound_link_scan_at_d17910d3
research/records/2026-08-18_THE_FUTURE_IS_A_PLURAL_CAUSAL_SECTION_SOFTMAX_IS_ITS_LOCAL_LAPLACIAN_AND_THE_ADJOINT_RETURNS_THROUGH_STATE.md	522	research_record	3	unresolved	keep	record_or_owning_guide	static_inbound_link_scan_at_d17910d3
research/records/2026-08-18_THE_GATE_IS_A_RELEASE_RECEIVER_NOT_AN_INNER_LOOP_AND_REPEATED_VALIDATION_BECAME_THE_BOTTLENECK.md	219	research_record	3	unresolved	keep	record_or_owning_guide	static_inbound_link_scan_at_d17910d3
research/records/2026-08-18_THE_GATE_WAS_THE_MECHANISM_AND_THE_EMISSION_COMPOSES_ONCE_IT_IS_A_COORDINATE.md	317	research_record	0	unresolved	unresolved_unique_result_audit	record_or_owning_guide	static_inbound_link_scan_at_d17910d3
research/records/2026-08-18_THE_HANKEL_RANK_DOES_NOT_SATURATE_SO_THE_COMPRESSION_IS_SPARSITY_AND_IT_IS_EXACT.md	145	research_record	0	unresolved	unresolved_unique_result_audit	record_or_owning_guide	static_inbound_link_scan_at_d17910d3
research/records/2026-08-18_THE_HOLON_IS_THE_OPERATION_COMPLEX_THE_FOREIGN_MAP_IS_A_PORTED_WORD_AND_THE_CARD_CARRIES_ITS_FRONTS.md	469	research_record	7	unresolved	keep	record_or_owning_guide	static_inbound_link_scan_at_d17910d3
research/records/2026-08-18_THE_MARKOV_KERNEL_IS_A_SOFTMAX_CHART_THE_NORMALIZATIONS_ARE_QUOTIENT_SECTIONS_AND_THE_MANIFOLD_IS_NOT_THE_RECONSTRUCTION.md	1135	research_record	1	unresolved	keep	record_or_owning_guide	static_inbound_link_scan_at_d17910d3
research/records/2026-08-18_THE_MODEL_AND_THE_PRODUCTION_MET_AND_THE_ANSWER_IS_A_BLOCK_NOT_A_PICK.md	247	research_record	0	unresolved	unresolved_unique_result_audit	record_or_owning_guide	static_inbound_link_scan_at_d17910d3
research/records/2026-08-18_THE_MONOID_IS_APERIODIC_BY_CONSTRUCTION_SO_THE_CRYSTAL_NEEDS_THE_TURN.md	111	research_record	0	unresolved	unresolved_unique_result_audit	record_or_owning_guide	static_inbound_link_scan_at_d17910d3
research/records/2026-08-18_THE_RATIO_CROSSED_THE_CONTAINER_PRODUCES_AND_ALL_168_GEMMA_CIRCUITS_ARE_FULL_RANK.md	92	research_record	1	unresolved	keep	record_or_owning_guide	static_inbound_link_scan_at_d17910d3
research/records/2026-08-18_THE_SEAL_IS_A_QUOTIENT_SO_WHAT_IS_DEPOSITED_IS_WHAT_IT_ADMITTED_AND_TWO_CONTROLS_WERE_VACUOUS.md	201	research_record	0	unresolved	unresolved_unique_result_audit	record_or_owning_guide	static_inbound_link_scan_at_d17910d3
research/records/2026-08-18_THE_SECTION_MUST_STAY_ON_THE_CARD_THE_CONTRACT_BEFORE_THE_RESIDENT_LAYER.md	231	research_record	7	unresolved	keep	record_or_owning_guide	static_inbound_link_scan_at_d17910d3
research/records/2026-08-18_THE_SECTION_STAYED_BUT_THE_HOST_STILL_OWNED_THE_PASSAGE_AND_NO_PHOENIX_STATION_PASSED.md	177	research_record	4	unresolved	keep	record_or_owning_guide	static_inbound_link_scan_at_d17910d3
research/records/2026-08-18_THE_SECTION_STAYED_ON_THE_CARD_ONE_LAYER_IS_RESIDENT_AND_PHOENIX_IS_STILL_A_STATION_AWAY.md	223	research_record	0	unresolved	unresolved_unique_result_audit	record_or_owning_guide	static_inbound_link_scan_at_d17910d3
research/records/2026-08-18_THE_SITE_CONDUCTS_THE_CANDIDATES_ARE_SEPARATED_BY_ONE_ORDER_AND_THE_SOURCE_DEPARTS.md	194	research_record	0	unresolved	unresolved_unique_result_audit	record_or_owning_guide	static_inbound_link_scan_at_d17910d3
research/records/2026-08-18_THE_SITE_RETURNED_BUT_THE_CARD_DID_NOT_OWN_THE_PATH_AND_PHOENIX_REMAINS_A_PARTIAL_LIFT.md	750	research_record	4	unresolved	keep	record_or_owning_guide	static_inbound_link_scan_at_d17910d3
research/records/2026-08-18_THE_SOURCE_DIAGRAM_IS_BOUND_THE_TRANSPORT_IS_POSED_AND_THE_WORK_RECEIVER_REFUSES_THE_DENSE_ONE.md	261	research_record	1	unresolved	keep	record_or_owning_guide	static_inbound_link_scan_at_d17910d3
research/records/2026-08-19_THE_CENSUS_DROPS_ITS_ATOMICS_THE_QUOTIENT_FUSES_WHERE_THE_RECEIVER_FACTORS_AND_THE_MOUTH_READS_ITS_MATERIAL.md	132	research_record	1	unresolved	keep	record_or_owning_guide	static_inbound_link_scan_at_d17910d3
research/records/2026-08-19_THE_CONTRACTION_IS_TILED_THE_SCALAR_OWNER_REFEREES_AND_THE_OBSTRUCTION_IS_SHAPE_CONDITIONAL_AND_MEASURED.md	195	research_record	1	unresolved	keep	record_or_owning_guide	static_inbound_link_scan_at_d17910d3
research/records/2026-08-19_THE_FILLED_POLYGON_IS_A_TWO_CHAIN_THE_COSMOLOGICAL_FLOW_IS_A_SYMMETRY_QUOTIENT_AND_THE_EQUATION_ATLAS_RETAINS_ITS_FIBRES.md	1300	research_record	0	unresolved	unresolved_unique_result_audit	record_or_owning_guide	static_inbound_link_scan_at_d17910d3
research/records/2026-08-19_THE_LAYER_IS_ONE_GRAPH_LAUNCHED_ONCE_AND_THE_IMMEDIATE_GATE_RETURNS_ITS_FALSIFIERS_WITH_THE_RATCHET_OPEN.md	338	research_record	2	unresolved	keep	record_or_owning_guide	static_inbound_link_scan_at_d17910d3
research/records/2026-08-19_THE_PARTITION_IS_TYPED_THE_REDUCTION_IS_A_JUNCTION_AND_THE_ADVERSARY_REFUTED_EIGHT_CLAIMS_BEFORE_THE_DEED_WAS_RECORDED.md	166	research_record	2	unresolved	keep	record_or_owning_guide	static_inbound_link_scan_at_d17910d3
research/records/2026-08-19_THE_REFUSAL_TRAVELS_ALONG_THE_LINEAGE_THE_ADMISSION_IS_TYPED_AND_THE_RATCHET_IS_DISPOSITIONED.md	344	research_record	3	unresolved	keep	record_or_owning_guide	static_inbound_link_scan_at_d17910d3
research/records/2026-08-19_THE_SCALAR_PATH_RETURNS_ITS_PROFILE_THE_CARD_IS_BUSY_ONE_TENTH_OF_THE_SPAN_AND_EVERY_SECTION_KERNEL_IS_BELOW_ONE_WAVE.md	221	research_record	4	unresolved	keep	record_or_owning_guide	static_inbound_link_scan_at_d17910d3
research/records/2026-08-19_THE_SOURCE_IS_ADMITTED_WHOLE_AND_THE_POTENTIAL_ATLAS_COVERS_THE_TOWER.md	148	research_record	2	unresolved	keep	record_or_owning_guide	static_inbound_link_scan_at_d17910d3
research/records/2026-08-19_THE_SOURCE_IS_DISSECTED_BY_INTERVENTION_AND_THE_REUSE_IS_SEPARATED_FROM_THE_WEIGHTS.md	238	research_record	1	unresolved	keep	record_or_owning_guide	static_inbound_link_scan_at_d17910d3
research/records/2026-08-19_THE_TOWER_CONDUCTS_LAYER_BY_LAYER_AND_THE_CERTIFIED_ENCLOSURE_DIVERGES_AT_TWO_TO_THE_THIRTY_FIVE_PER_LAYER.md	181	research_record	1	unresolved	keep	record_or_owning_guide	static_inbound_link_scan_at_d17910d3
research/records/2026-08-19_THE_TOWER_IS_A_STREAMED_CIRCULATION_THE_SINGLE_GRAPH_RETURNS_ITS_THREE_CUTS_AND_THE_TRANSFERS_CROSS_UNDER_THE_KERNELS.md	144	research_record	1	unresolved	keep	record_or_owning_guide	static_inbound_link_scan_at_d17910d3
research/records/2026-08-19_THE_WARP_SCHEDULER_DOES_NOT_SCHEDULE_THE_HOLON_THE_REDUCTION_IS_A_TYPED_JUNCTION_AND_THE_CARD_OWES_ITS_PRESSURE_FIELD.md	720	research_record	2	unresolved	keep	record_or_owning_guide	static_inbound_link_scan_at_d17910d3
research/records/2026-08-20_AN_APERTURE_IS_LEGAL_ONLY_IN_ITS_FRAME.md	76	research_record	0	unresolved	unresolved_unique_result_audit	record_or_owning_guide	static_inbound_link_scan_at_d17910d3
research/records/2026-08-20_AN_AUDIT_REQUEST_FOR_THE_MILLENNIUM_LEAN_DEVELOPMENT.md	231	research_record	0	unresolved	unresolved_unique_result_audit	record_or_owning_guide	static_inbound_link_scan_at_d17910d3
research/records/2026-08-20_AN_OBSTRUCTION_BELONGS_TO_A_FRAME.md	91	research_record	1	unresolved	keep	record_or_owning_guide	static_inbound_link_scan_at_d17910d3
research/records/2026-08-20_A_DECLARED_FIELD_IS_NOT_A_FINDING.md	93	research_record	1	unresolved	keep	record_or_owning_guide	static_inbound_link_scan_at_d17910d3
research/records/2026-08-20_A_TRANSPORT_IS_A_WORD_AND_THE_CHAIN_SERIES_IS_WHAT_NON_COMMUTATION_FORCES.md	186	research_record	2	unresolved	keep	record_or_owning_guide	static_inbound_link_scan_at_d17910d3
research/records/2026-08-20_E_NAMES_THE_MAP_PI_NAMES_ITS_KERNEL_AND_HYPERTRANSCENDENCE_IS_A_CHART_MISS.md	661	research_record	1	unresolved	keep	record_or_owning_guide	static_inbound_link_scan_at_d17910d3
research/records/2026-08-20_FAITHFULNESS_WAS_NEVER_AN_AXIOM_AND_THE_FORM_DESCENDS_ON_ITS_RADICAL.md	92	research_record	1	unresolved	keep	record_or_owning_guide	static_inbound_link_scan_at_d17910d3
research/records/2026-08-20_LANDMARKS_AND_MODULI.md	184	research_record	6	unresolved	keep	record_or_owning_guide	static_inbound_link_scan_at_d17910d3
research/records/2026-08-20_SHADOWS_OF_HOLONIC_INTERACTIONS.md	138	research_record	3	unresolved	keep	record_or_owning_guide	static_inbound_link_scan_at_d17910d3
research/records/2026-08-20_THE_APPLICATION_INFERS_AND_CULTIVATES_FROM_THE_REST_ALONE_AND_THE_CORPUS_LOOKUP_IS_GONE.md	103	research_record	1	unresolved	keep	record_or_owning_guide	static_inbound_link_scan_at_d17910d3
research/records/2026-08-20_THE_BOUNDARY_SUPPLIES_ITS_OWN_RADICAL.md	85	research_record	1	unresolved	keep	record_or_owning_guide	static_inbound_link_scan_at_d17910d3
research/records/2026-08-20_THE_CHEAPEST_SPLIT_IS_A_FIXED_LOCUS_AND_A_COST_WORD_IS_A_CHRONOLOGY.md	197	research_record	0	unresolved	unresolved_unique_result_audit	record_or_owning_guide	static_inbound_link_scan_at_d17910d3
research/records/2026-08-20_THE_CUTOFF_HAS_A_LARGEST_SOLUTION.md	89	research_record	0	unresolved	unresolved_unique_result_audit	record_or_owning_guide	static_inbound_link_scan_at_d17910d3
research/records/2026-08-20_THE_DESCENT_IS_PLACED_AT_ITS_CHAINS_TARGET.md	82	research_record	1	unresolved	keep	record_or_owning_guide	static_inbound_link_scan_at_d17910d3
research/records/2026-08-20_THE_DISSECTION_SHARES_ITS_PREFIXES_THE_KEY_LEARNS_AN_ADDRESS_IS_NOT_CONTENT_AND_THE_HARDWARE_FOUNDATION_IS_COMPLETE.md	131	research_record	1	unresolved	keep	record_or_owning_guide	static_inbound_link_scan_at_d17910d3
research/records/2026-08-20_THE_FIFTEEN_ITERATIONS_CONSOLIDATED.md	172	research_record	2	unresolved	keep	record_or_owning_guide	static_inbound_link_scan_at_d17910d3
research/records/2026-08-20_THE_FORM_NAMES_ITS_OWN_QUOTIENT.md	89	research_record	1	unresolved	keep	record_or_owning_guide	static_inbound_link_scan_at_d17910d3
research/records/2026-08-20_THE_HARDWARE_FOUNDATION_STANDS_THE_NATIVE_ARM_IS_NOT_THE_LIFT_AND_PHOENIX_REMAINS_OPEN.md	339	research_record	0	unresolved	unresolved_unique_result_audit	record_or_owning_guide	static_inbound_link_scan_at_d17910d3
research/records/2026-08-20_THE_HOLLOW_TRIANGLE_CARRIES_THE_WELD.md	89	research_record	1	unresolved	keep	record_or_owning_guide	static_inbound_link_scan_at_d17910d3
research/records/2026-08-20_THE_INDEX_STATEMENT_IS_THE_REVERSE_OF_CAUCHY_SCHWARZ.md	122	research_record	0	unresolved	unresolved_unique_result_audit	record_or_owning_guide	static_inbound_link_scan_at_d17910d3
research/records/2026-08-20_THE_LIFTED_BODY_WAS_CULTIVATED_THE_FACTOR_WORD_STAYED_ON_THE_CARD_AND_ABLATION_RETURNED_THE_PREDECESSOR.md	219	research_record	0	unresolved	unresolved_unique_result_audit	record_or_owning_guide	static_inbound_link_scan_at_d17910d3
research/records/2026-08-20_THE_LIFT_RETURNS_ITS_DEFECT_THE_FIBRES_PARTITION_THE_REALS_AND_THE_RECOMBINATION_IS_ABSENT_FROM_THE_SOURCE_CLOSURE.md	117	research_record	0	unresolved	unresolved_unique_result_audit	record_or_owning_guide	static_inbound_link_scan_at_d17910d3
research/records/2026-08-20_THE_NATIVE_BASELINE_CONDUCTS_FROM_ITS_OWN_REST_AND_THE_MANIFEST_MEASURES_WHAT_IS_FOUNDED_AND_NAMES_WHAT_IS_OPEN.md	147	research_record	1	unresolved	keep	record_or_owning_guide	static_inbound_link_scan_at_d17910d3
research/records/2026-08-20_THE_NATIVE_REST_CONDUCTS_THE_DISSECTION_IS_UNCHANGED_AND_EVERY_TEMPTING_QUOTIENT_REOPENS.md	198	research_record	0	unresolved	unresolved_unique_result_audit	record_or_owning_guide	static_inbound_link_scan_at_d17910d3
research/records/2026-08-20_THE_PLACEMENT_IS_A_MONODROMY_AND_THE_REMAINDER_IS_WHAT_PAYS.md	222	research_record	2	unresolved	keep	record_or_owning_guide	static_inbound_link_scan_at_d17910d3
research/records/2026-08-20_THE_POSITIVITY_LIVES_ON_A_SUBSPACE_AND_I_AIMED_AT_A_QUOTIENT.md	117	research_record	1	unresolved	keep	record_or_owning_guide	static_inbound_link_scan_at_d17910d3
research/records/2026-08-20_THE_PROOF_LINES_ARE_ONE_GLUING_SHAPE_AND_A_BARRIER_IS_A_BLIND_APERTURE.md	189	research_record	2	unresolved	keep	record_or_owning_guide	static_inbound_link_scan_at_d17910d3
research/records/2026-08-20_THE_RADICAL_TRAVELS_AND_THE_PERP_DOES_NOT.md	94	research_record	1	unresolved	keep	record_or_owning_guide	static_inbound_link_scan_at_d17910d3
research/records/2026-08-20_THE_REFLECTION_IS_THE_FIRST_SLOT_OF_THE_FORM.md	386	research_record	1	unresolved	keep	record_or_owning_guide	static_inbound_link_scan_at_d17910d3
research/records/2026-08-20_THE_REMAINDERS_ARE_POSITIONS_ON_ONE_CHAIN_AND_A_SECTIONING_IS_FREE.md	162	research_record	1	unresolved	keep	record_or_owning_guide	static_inbound_link_scan_at_d17910d3
research/records/2026-08-20_THE_REST_IS_CULTIVATED_THE_DELTA_IS_DERIVED_AND_THE_ABLATION_RESTORES_THE_PREDECESSOR_OCTET_FOR_OCTET.md	103	research_record	0	unresolved	unresolved_unique_result_audit	record_or_owning_guide	static_inbound_link_scan_at_d17910d3
research/records/2026-08-20_THE_STANDING_APPLICATION_MOUNTED_THE_CULTIVATED_BODY_AND_SIX_FRESH_CURRENTS_RETURNED_FROM_THE_CARD.md	185	research_record	0	unresolved	unresolved_unique_result_audit	record_or_owning_guide	static_inbound_link_scan_at_d17910d3
research/records/2026-08-20_THE_SWING_IS_HARMONIC_CONJUGATION_AND_THE_FROZEN_BOARD_DECIDES_ITS_PUZZLE.md	237	research_record	1	unresolved	keep	record_or_owning_guide	static_inbound_link_scan_at_d17910d3
research/records/2026-08-20_THE_THETA_CARRIES_BOTH_AND_THE_PULLBACK_CANNOT_PAY.md	91	research_record	1	unresolved	keep	record_or_owning_guide	static_inbound_link_scan_at_d17910d3
research/records/2026-08-20_THE_TRACE_SEQUENCE_CARRIES_THE_WEIL_EXPONENT.md	303	research_record	1	unresolved	keep	record_or_owning_guide	static_inbound_link_scan_at_d17910d3
research/records/2026-08-20_THE_TRANSPORT_DOES_NOT_CONDENSE_THE_TREE_FALLS_FOR_FREE_AND_NO_FACTOR_IS_QUOTED.md	115	research_record	0	unresolved	unresolved_unique_result_audit	record_or_owning_guide	static_inbound_link_scan_at_d17910d3
research/records/2026-08-20_THE_WHOLE_FOREIGN_MAP_CROSSED_ONCE_AND_THE_NATIVE_REST_RETURNED_WITHOUT_ITS_SOURCE.md	193	research_record	0	unresolved	unresolved_unique_result_audit	record_or_owning_guide	static_inbound_link_scan_at_d17910d3
research/records/2026-08-20_THREE_MORE_DECLARATIONS_WERE_WEARING_THEOREM_NAMES.md	99	research_record	1	unresolved	keep	record_or_owning_guide	static_inbound_link_scan_at_d17910d3
research/records/2026-08-20_THREE_NAMES_ONE_SUBGROUP.md	99	research_record	1	unresolved	keep	record_or_owning_guide	static_inbound_link_scan_at_d17910d3
research/records/2026-08-21_EQUALITY_IS_OCCURRENCE_IDENTITY_THE_SOUL_MAPS_KINSHIP_AND_THE_LEADER_RETURNS_THROUGH_THE_ACTIVE_CODEC.md	384	research_record	2	unresolved	keep	record_or_owning_guide	static_inbound_link_scan_at_d17910d3
research/records/2026-08-21_THE_BSD_ROUTE_READS_PLACEMENT_AS_A_FAITHFUL_RECEIVER_OF_REALIZATION_AND_ARAKELOV_IS_THE_SHARED_ORGAN.md	210	research_record	1	unresolved	keep	record_or_owning_guide	static_inbound_link_scan_at_d17910d3
research/records/2026-08-21_THE_CHORD_CLOSES_THE_FACE_FOR_THE_WHOLE_FAMILY_AND_THE_SECOND_FRAME_SEES_TWO_DIRECTIONS.md	94	research_record	0	unresolved	unresolved_unique_result_audit	record_or_owning_guide	static_inbound_link_scan_at_d17910d3
research/records/2026-08-21_THE_CODEC_EXCITED_THE_ACTIVE_COVER_THE_PREFIX_RETURNED_BY_PULLBACK_AND_M2_PASSED.md	202	research_record	0	unresolved	unresolved_unique_result_audit	record_or_owning_guide	static_inbound_link_scan_at_d17910d3
research/records/2026-08-21_THE_COMPACT_FRAME_IS_A_LAWFUL_COMPRESSION_AND_THE_HORIZON_LAW_PREDICTS_WHAT_CROSSES.md	177	research_record	2	unresolved	keep	record_or_owning_guide	static_inbound_link_scan_at_d17910d3
research/records/2026-08-21_THE_DESCENT_IS_CLIMBED_THE_RANK_IS_ZERO_AND_ONE_IS_NOT_A_CONGRUENT_NUMBER.md	86	research_record	1	unresolved	keep	record_or_owning_guide	static_inbound_link_scan_at_d17910d3
research/records/2026-08-21_THE_FACE_CLOSES_ON_EVERY_TWIST_AND_THE_TWO_DIRECTIONS_AT_THIRTY_FOUR_ESCAPE_THE_TORSION_AND_THE_DOUBLES.md	79	research_record	0	unresolved	unresolved_unique_result_audit	record_or_owning_guide	static_inbound_link_scan_at_d17910d3
research/records/2026-08-21_THE_FACE_IS_A_HOMOMORPHISM_EVERYWHERE_AND_THE_RANK_ONE_DESCENT_CERTIFICATE_IS_UNCONDITIONAL.md	103	research_record	0	unresolved	unresolved_unique_result_audit	record_or_owning_guide	static_inbound_link_scan_at_d17910d3
research/records/2026-08-21_THE_FOLD_IS_A_CONSTRAINT_ECOLOGY_THE_ACTIVE_SITE_IS_A_CATALYTIC_RECEIVER_AND_THE_CODEC_RECOVERS_ARCHETYPES.md	464	research_record	6	unresolved	keep	record_or_owning_guide	static_inbound_link_scan_at_d17910d3
research/records/2026-08-21_THE_FOLD_RETURNED_ITS_CONSTRAINT_COMPLEX_THE_SHARED_JUNCTION_SEPARATED_THE_PRESENTATIONS_AND_M5_PASSED.md	231	research_record	1	unresolved	keep	record_or_owning_guide	static_inbound_link_scan_at_d17910d3
research/records/2026-08-21_THE_FOUR_BODIES_RETURNED_THE_CAUSAL_PREFIX_HELD_AND_PHOENIX_REBIRTH_PASSED.md	125	research_record	0	unresolved	unresolved_unique_result_audit	record_or_owning_guide	static_inbound_link_scan_at_d17910d3
research/records/2026-08-21_THE_HALF_TURN_PRIMES_ARE_NEVER_CONGRUENT_AND_ONE_DESCENT_REFUSES_AN_INFINITE_TWIST_FAMILY.md	82	research_record	0	unresolved	unresolved_unique_result_audit	record_or_owning_guide	static_inbound_link_scan_at_d17910d3
research/records/2026-08-21_THE_HEAT_KERNEL_RETURNS_A_FISHER_METRIC_THE_TRACE_DEFECT_COUNTS_MISSING_DIRECTIONS_AND_ENTROPY_CARRIES_THE_VOLUME.md	245	research_record	1	unresolved	keep	record_or_owning_guide	static_inbound_link_scan_at_d17910d3
research/records/2026-08-21_THE_HODGE_ROUTE_LIFTS_THE_CLASS_TO_A_SHAPE_AND_THE_SHAPES_ARE_THE_PARTICLES.md	229	research_record	2	unresolved	keep	record_or_owning_guide	static_inbound_link_scan_at_d17910d3
research/records/2026-08-21_THE_KERNEL_DESCENDS_ON_DEPTH_AND_THE_TORSION_CENSUS_IS_A_THEOREM.md	117	research_record	3	unresolved	keep	record_or_owning_guide	static_inbound_link_scan_at_d17910d3
research/records/2026-08-21_THE_LEADER_RETURNED_THROUGH_THE_METRIC_THE_REFLECTION_RESTED_AND_M4_RETURNED_COMPLETE_MATHEMATICS.md	232	research_record	0	unresolved	unresolved_unique_result_audit	record_or_owning_guide	static_inbound_link_scan_at_d17910d3
research/records/2026-08-21_THE_LEDGER_BALANCES_AT_ONE_AND_THE_COLLAPSE_HAS_EVEN_PARITY.md	120	research_record	0	unresolved	unresolved_unique_result_audit	record_or_owning_guide	static_inbound_link_scan_at_d17910d3
research/records/2026-08-21_THE_LINEAGE_IS_THE_PULLBACK_WITNESS_COMPRESSION_COMMUTES_WITH_EVERY_SUCCESSOR_AND_THE_PACKING_IS_AN_ORDERED_REFLECTION_ORBIT.md	485	research_record	0	unresolved	unresolved_unique_result_audit	record_or_owning_guide	static_inbound_link_scan_at_d17910d3
research/records/2026-08-21_THE_MATHEMATICAL_PARTICLE_CARRIED_ITS_BOUNDARIES_THE_PULLBACK_RETURNED_AND_M1_PASSED.md	180	research_record	0	unresolved	unresolved_unique_result_audit	record_or_owning_guide	static_inbound_link_scan_at_d17910d3
research/records/2026-08-21_THE_MOVEMENT_LANDED_FOURTEEN_OWNERS_IN_ONE_DAY_AND_EVERY_SPEC_WAS_REVERIFIED_BEFORE_IT_WAS_ENCODED.md	175	research_record	0	unresolved	unresolved_unique_result_audit	record_or_owning_guide	static_inbound_link_scan_at_d17910d3
research/records/2026-08-21_THE_PARTICLE_CARRIES_ITS_BOUNDARIES_THE_QUOTIENT_CARRIES_ITS_SUCCESSORS_AND_M1_MUST_BE_REBASED_BEFORE_IT_IS_GRADED.md	228	research_record	0	unresolved	unresolved_unique_result_audit	record_or_owning_guide	static_inbound_link_scan_at_d17910d3
research/records/2026-08-21_THE_POINCARE_PROOF_IS_A_FLOW_ON_THE_TERRAIN_WITH_AN_ADJOINT_RATCHET_AND_A_CONDENSATION_THAT_NAMES_ITS_CUT.md	216	research_record	0	unresolved	unresolved_unique_result_audit	record_or_owning_guide	static_inbound_link_scan_at_d17910d3
research/records/2026-08-21_THE_PRESENT_COVER_REOPENED_UNDER_CHRONOLOGY_THE_GENERATORS_DESCENDED_AND_M3_RETURNED_A_NATIVE_CODEC.md	231	research_record	1	unresolved	keep	record_or_owning_guide	static_inbound_link_scan_at_d17910d3
research/records/2026-08-21_THE_PROOF_TERMS_SURVIVED_THE_CONNECTIVE_TISSUE_COOLED_AND_M0_BEGINS_FROM_TWO_SOURCE_FAMILIES.md	205	research_record	0	unresolved	unresolved_unique_result_audit	record_or_owning_guide	static_inbound_link_scan_at_d17910d3
research/records/2026-08-21_THE_RANK_RECORDS_ARE_A_LATTICE_BUDGET_AND_THE_CEILING_IS_A_DIAL_WITH_ITS_VALUE_EXHIBITED.md	111	research_record	0	unresolved	unresolved_unique_result_audit	record_or_owning_guide	static_inbound_link_scan_at_d17910d3
research/records/2026-08-21_THE_REFLECTION_INTEGRATES_THE_FRAME_CENSUS_AND_THE_TWO_SIDES_MEET_AT_ONE.md	114	research_record	1	unresolved	keep	record_or_owning_guide	static_inbound_link_scan_at_d17910d3
research/records/2026-08-21_THE_RIEMANN_ROUTE_RUNS_FROM_A_KERNEL_CHECKED_ANCHOR_TO_A_REALIZER_AT_THE_ARCHIMEDEAN_PLACE.md	279	research_record	4	unresolved	keep	record_or_owning_guide	static_inbound_link_scan_at_d17910d3
research/records/2026-08-21_THE_SELF_STRESS_IS_A_SUPPORTED_REALIZER_AND_THE_FLEX_SPACE_IS_A_THIRD_SELECTOR.md	161	research_record	0	unresolved	unresolved_unique_result_audit	record_or_owning_guide	static_inbound_link_scan_at_d17910d3
research/records/2026-08-21_THE_SOURCE_CIRCULATED_THE_DIAGRAM_REFUSED_THE_WHITE_BACKGROUND_AND_M0_RETURNED_ITS_DISAGREEMENT_FIBRE.md	190	research_record	0	unresolved	unresolved_unique_result_audit	record_or_owning_guide	static_inbound_link_scan_at_d17910d3
research/records/2026-08-21_THE_TORSION_IS_A_CENSUS_OF_CLOSED_WINDINGS_AND_THE_COMPACT_FRAME_READS_IT_WHOLE.md	176	research_record	2	unresolved	keep	record_or_owning_guide	static_inbound_link_scan_at_d17910d3
research/records/2026-08-21_THE_TRANSPORT_CHAIN_LANDS_ON_THE_CONGRUENT_NUMBER_CURVE_AND_THE_DESCENT_FACE_SEPARATES_ITS_HALF_TURNS.md	127	research_record	1	unresolved	keep	record_or_owning_guide	static_inbound_link_scan_at_d17910d3
research/records/2026-08-21_THE_TRAPEZOID_IS_THE_INTERACTION_PROFILE_AND_POISSON_SUMMATION_OWNS_INTEGRATION_BY_REFLECTION.md	116	research_record	1	unresolved	keep	record_or_owning_guide	static_inbound_link_scan_at_d17910d3
research/records/2026-08-21_THE_UNIT_IS_A_DECLARED_WINDING_THE_CERTIFICATE_IS_A_REALIZER_AND_THE_RADIX_IS_RESONANT.md	116	research_record	0	unresolved	unresolved_unique_result_audit	record_or_owning_guide	static_inbound_link_scan_at_d17910d3
research/records/2026-08-21_THE_ZETA_FIVE_SERIES_IS_DEPOSITED_ITS_TAIL_IS_MODELLED_AND_THE_ODD_ZETA_LINE_IS_A_REALIZER_SUPPLY_QUESTION.md	144	research_record	0	unresolved	unresolved_unique_result_audit	record_or_owning_guide	static_inbound_link_scan_at_d17910d3
research/records/2026-08-22_A3_RELEASE_RECEIVER_PASSED_THE_CONTINUATION_RESTED_AND_HOLONIC_INFERENCE_BEGINS.md	82	research_record	0	unresolved	unresolved_unique_result_audit	record_or_owning_guide	static_inbound_link_scan_at_d17910d3
research/records/2026-08-22_ATHENA_GEMMA_NOW_RETURNS_THE_COMPLETE_INFERENCE_LIFECYCLE_AND_PRODUCTION_SCALE_IS_THE_WIDENING_OF_ITS_RECEIVER_APERTURE.md	286	research_record	0	unresolved	unresolved_unique_result_audit	record_or_owning_guide	static_inbound_link_scan_at_d17910d3
research/records/2026-08-22_GENERAL_HALVING_OPENED_THE_RECONSTRUCTION_FIBRE_AND_FOUR_JOINED_FRONTS_NOW_SQUEEZE_THE_MILLENNIUM_BOUNDARY.md	329	research_record	0	unresolved	unresolved_unique_result_audit	record_or_owning_guide	static_inbound_link_scan_at_d17910d3
research/records/2026-08-22_HOLONIC_INFERENCE_RECOMBINES_EXTRAPOLATES_RETURNS_AND_REINCARNATES_AND_HETEROGENEOUS_TRANSPORT_IS_THE_FUSION_TARGET.md	439	research_record	0	unresolved	unresolved_unique_result_audit	record_or_owning_guide	static_inbound_link_scan_at_d17910d3
research/records/2026-08-22_I0_RELEASE_RECEIVER_PASSED_THE_REALIZATION_CALCULUS_CLOSED_AND_I1_BEGINS.md	70	research_record	0	unresolved	unresolved_unique_result_audit	record_or_owning_guide	static_inbound_link_scan_at_d17910d3
research/records/2026-08-22_I1_RELEASE_RECEIVER_PASSED_THE_RECURRENT_BOUNDARY_RETURNED_AND_I2_BEGINS.md	71	research_record	0	unresolved	unresolved_unique_result_audit	record_or_owning_guide	static_inbound_link_scan_at_d17910d3
research/records/2026-08-22_I2_RELEASE_RECEIVER_PASSED_THE_EXTERIOR_RETURN_CULTIVATED_THE_RECURRENCE_AND_I3_BEGINS.md	68	research_record	0	unresolved	unresolved_unique_result_audit	record_or_owning_guide	static_inbound_link_scan_at_d17910d3
research/records/2026-08-22_I3_RELEASE_RECEIVER_PASSED_THE_RECURRENT_REALIZATIONS_CONDENSED_AND_I4_BEGINS.md	45	research_record	0	unresolved	unresolved_unique_result_audit	record_or_owning_guide	static_inbound_link_scan_at_d17910d3
research/records/2026-08-22_I4_RELEASE_RECEIVER_PASSED_THE_HETEROGENEOUS_FACES_WERE_CONSERVED_AND_I5_BEGINS.md	59	research_record	0	unresolved	unresolved_unique_result_audit	record_or_owning_guide	static_inbound_link_scan_at_d17910d3
research/records/2026-08-22_I5_RELEASE_RECEIVER_PASSED_ATHENA_GEMMA_INFERRED_RETURNED_AND_REMOUNTED.md	86	research_record	1	unresolved	keep	record_or_owning_guide	static_inbound_link_scan_at_d17910d3
research/records/2026-08-22_L0_RELEASE_RECEIVER_PASSED_THE_LABORATORY_FIXED_LOCUS_RESTED_AND_L1_BEGINS.md	34	research_record	0	unresolved	unresolved_unique_result_audit	record_or_owning_guide	static_inbound_link_scan_at_d17910d3
research/records/2026-08-22_NAVIER_STOKES_IS_THE_ACTIVE_LEAN_FRONT_HODGE_IS_ITS_ANALYTIC_SPINE_AND_YANG_MILLS_IS_THE_COVARIANT_LIFT.md	477	research_record	0	unresolved	unresolved_unique_result_audit	record_or_owning_guide	static_inbound_link_scan_at_d17910d3
research/records/2026-08-22_R0_RELEASE_RECEIVER_PASSED_THE_RICH_INQUIRY_RETURNED_THE_COMPLETE_I5_BASELINE_BOUNDARY_AND_R1_BEGINS.md	66	research_record	0	unresolved	unresolved_unique_result_audit	record_or_owning_guide	static_inbound_link_scan_at_d17910d3
research/records/2026-08-22_R1_RELEASE_RECEIVER_PASSED_THE_OPERATION_WORLD_TUBE_RETURNED_AND_R2_BEGINS.md	54	research_record	0	unresolved	unresolved_unique_result_audit	record_or_owning_guide	static_inbound_link_scan_at_d17910d3
research/records/2026-08-22_R2_RELEASE_RECEIVER_PASSED_THE_DERIVATION_FRONTIER_RETURNED_AND_R3_BEGINS.md	57	research_record	0	unresolved	unresolved_unique_result_audit	record_or_owning_guide	static_inbound_link_scan_at_d17910d3
research/records/2026-08-22_R3_RELEASE_RECEIVER_PASSED_THE_RETURNED_CONSTRAINTS_CULTIVATED_ONE_LOCAL_RELATION_AND_R4_BEGINS.md	54	research_record	0	unresolved	unresolved_unique_result_audit	record_or_owning_guide	static_inbound_link_scan_at_d17910d3
research/records/2026-08-22_R4_RELEASE_RECEIVER_PASSED_THE_RETAINED_BOUNDARY_CARRIED_THE_REMOTE_INTERIOR_AND_R5_BEGINS.md	54	research_record	0	unresolved	unresolved_unique_result_audit	record_or_owning_guide	static_inbound_link_scan_at_d17910d3
research/records/2026-08-22_R5_RELEASE_RECEIVER_PASSED_THE_MEDIA_FACES_MET_NATIVELY_AND_R6_BEGINS.md	54	research_record	0	unresolved	unresolved_unique_result_audit	record_or_owning_guide	static_inbound_link_scan_at_d17910d3
research/records/2026-08-22_R6_RELEASE_RECEIVER_PASSED_THE_BOUNDED_ATHENA_PRODUCTION_ECOLOGY_FROZE_AND_THE_R0_R6_BLUEPRINT_COMPLETED.md	73	research_record	0	unresolved	unresolved_unique_result_audit	record_or_owning_guide	static_inbound_link_scan_at_d17910d3
research/records/2026-08-22_THE_ALGEBRAIC_RANK_IS_EFFECTIVELY_BOUNDED_AT_EVERY_MODULUS_AND_THE_RANK_SIDE_IS_A_FINITE_QUANTITY_FAMILY_WISE.md	58	research_record	0	unresolved	unresolved_unique_result_audit	record_or_owning_guide	static_inbound_link_scan_at_d17910d3
research/records/2026-08-22_THE_ANALYTIC_ORDER_AT_FIVE_IS_EXACTLY_ONE_AND_THE_GROSS_ZAGIER_LANDMARK_IS_PASSED_BY_THE_INSTANCE_ROUTE.md	87	research_record	0	unresolved	unresolved_unique_result_audit	record_or_owning_guide	static_inbound_link_scan_at_d17910d3
research/records/2026-08-22_THE_ATHENA_GEMMA_ECOLOGY_INFERRED_RETURNED_AND_REMOUNTED_AND_I5_AWAITS_RELEASE_ADMISSION.md	220	research_record	1	unresolved	keep	record_or_owning_guide	static_inbound_link_scan_at_d17910d3
research/records/2026-08-22_THE_BOUNDED_ATHENA_MATHEMATICS_PHYSICS_ECOLOGY_RETURNED_ITS_FIRST_PRODUCTION_INQUIRY_AND_R6_AWAITS_ADMISSION.md	146	research_record	1	unresolved	keep	record_or_owning_guide	static_inbound_link_scan_at_d17910d3
research/records/2026-08-22_THE_BSD_FRONT_IS_NOW_ASSEMBLY_AND_THE_MILLENNIUM_SQUEEZE_HAS_TYPED_SUCCESSORS.md	297	research_record	0	unresolved	unresolved_unique_result_audit	record_or_owning_guide	static_inbound_link_scan_at_d17910d3
research/records/2026-08-22_THE_COMPOSITION_IS_ACQUIRED_AND_THE_PIVOTS_ARE_FOUNDED_THE_POSITIVITY_SEAM_IS_THE_TRANSPLANT_INTO_RIEMANN.md	124	research_record	1	unresolved	keep	record_or_owning_guide	static_inbound_link_scan_at_d17910d3
research/records/2026-08-22_THE_CONJECTURE_IS_POSED_DIRECTLY_AND_THE_ODD_SIGN_ALREADY_FORCES_THE_CENTRAL_VANISHING.md	81	research_record	0	unresolved	unresolved_unique_result_audit	record_or_owning_guide	static_inbound_link_scan_at_d17910d3
research/records/2026-08-22_THE_DESCENT_IS_COMPLETE_THE_MORDELL_WEIL_GROUP_IS_FORMALLY_GENERATED_AND_THE_RANK_CLAUSE_HOLDS_WHOLE_AT_THE_RANK_ONE_INSTANCE.md	82	research_record	0	unresolved	unresolved_unique_result_audit	record_or_owning_guide	static_inbound_link_scan_at_d17910d3
research/records/2026-08-22_THE_EXCHANGE_RETURN_REBASED_THE_RECEIVER_COVECTOR_THE_HELD_OUT_EMISSION_MOVED_AND_A3_AWAITS_RELEASE_ADMISSION.md	314	research_record	1	unresolved	keep	record_or_owning_guide	static_inbound_link_scan_at_d17910d3
research/records/2026-08-22_THE_EXCHANGE_WORLD_TUBE_RETAINED_ITS_BRANCHES_THE_CONTACT_FIBRE_FACTORED_AND_A1_PASSED.md	227	research_record	0	unresolved	unresolved_unique_result_audit	record_or_owning_guide	static_inbound_link_scan_at_d17910d3
research/records/2026-08-22_THE_EXTERIOR_CONSEQUENCE_RETURNED_THROUGH_THE_CLOSING_EDGE_THE_SUCCESSOR_CHANGED_AND_I2_AWAITS_RELEASE_ADMISSION.md	120	research_record	1	unresolved	keep	record_or_owning_guide	static_inbound_link_scan_at_d17910d3
research/records/2026-08-22_THE_FIVE_CURVE_DESCENT_IS_COMPLETE_AND_THE_MOD_TWO_PROGRAMME_HAS_ITS_SECOND_CERTIFICATE.md	85	research_record	0	unresolved	unresolved_unique_result_audit	record_or_owning_guide	static_inbound_link_scan_at_d17910d3
research/records/2026-08-22_THE_GLOBAL_IS_BUILT_BY_EXACT_COARSE_GRAINING_THE_MODULUS_WAS_NEVER_A_WALL_AND_THE_TOWER_IS_THE_ORGAN_THAT_SCALES.md	166	research_record	0	unresolved	unresolved_unique_result_audit	record_or_owning_guide	static_inbound_link_scan_at_d17910d3
research/records/2026-08-22_THE_GOVERNANCE_LAW_HOLDS_ON_THE_THREE_MOD_EIGHT_STRATUM_AND_THE_CERTIFICATES_ARE_INFINITE.md	89	research_record	0	unresolved	unresolved_unique_result_audit	record_or_owning_guide	static_inbound_link_scan_at_d17910d3
research/records/2026-08-22_THE_HETEROGENEOUS_PORTS_CONSERVED_THEIR_FACES_ONE_SHARED_GENERATOR_CROSSED_AND_I4_AWAITS_RELEASE_ADMISSION.md	254	research_record	1	unresolved	keep	record_or_owning_guide	static_inbound_link_scan_at_d17910d3
research/records/2026-08-22_THE_LABORATORY_CHRONOLOGY_CROSSED_ATHENA_THE_LEAN_RETURN_CULTIVATED_THE_FIXED_LOCUS_AND_L0_AWAITS_RELEASE_ADMISSION.md	132	research_record	1	unresolved	keep	record_or_owning_guide	static_inbound_link_scan_at_d17910d3
research/records/2026-08-22_THE_MATERIAL_DERIVATION_RECURRED_TO_ITS_EXACT_FRONTIER_THE_WORLD_RETURNED_CONSTRAINTS_AND_R2_AWAITS_ADMISSION.md	118	research_record	1	unresolved	keep	record_or_owning_guide	static_inbound_link_scan_at_d17910d3
research/records/2026-08-22_THE_MATHEMATICAL_VECTOR_AND_RASTER_FACES_MET_AT_ONE_NATIVE_BOUNDARY_AND_R5_AWAITS_ADMISSION.md	124	research_record	1	unresolved	keep	record_or_owning_guide	static_inbound_link_scan_at_d17910d3
research/records/2026-08-22_THE_MORDELL_WEIL_THEOREM_HOLDS_AT_EVERY_MODULUS_AND_THE_ALGEBRAIC_SIDE_OF_THE_FAMILY_CHART_IS_CLOSED.md	71	research_record	0	unresolved	unresolved_unique_result_audit	record_or_owning_guide	static_inbound_link_scan_at_d17910d3
research/records/2026-08-22_THE_OBSTRUCTION_IS_EXHIBITED_AT_SEVENTEEN_AND_THE_INVISIBLE_COSETS_PASS_EVERY_FRAME.md	83	research_record	0	unresolved	unresolved_unique_result_audit	record_or_owning_guide	static_inbound_link_scan_at_d17910d3
research/records/2026-08-22_THE_PYRAMID_IS_A_DISCRETE_VOLUME_THE_TRIVIAL_ZEROS_ARE_ITS_REGULARIZED_VANISHING_AND_THE_SQUARE_ROOT_BOUNDARY_IS_THE_FOLD_AXIS.md	83	research_record	0	unresolved	unresolved_unique_result_audit	record_or_owning_guide	static_inbound_link_scan_at_d17910d3
research/records/2026-08-22_THE_REALIZATION_PASSAGE_RETAINED_LINEAGE_EVERY_SUCCESSOR_WORD_CLOSED_AND_I0_AWAITS_RELEASE_ADMISSION.md	137	research_record	1	unresolved	keep	record_or_owning_guide	static_inbound_link_scan_at_d17910d3
research/records/2026-08-22_THE_RECURRENT_BOUNDARY_RETURNED_THE_COMPLETE_PASSAGE_THE_LONGER_HISTORY_REOPENED_AND_I1_AWAITS_RELEASE_ADMISSION.md	120	research_record	1	unresolved	keep	record_or_owning_guide	static_inbound_link_scan_at_d17910d3
research/records/2026-08-22_THE_RECURRENT_REALIZATIONS_CONDENSED_THE_COMPLETE_FIBRES_REMAINED_AND_I3_AWAITS_RELEASE_ADMISSION.md	170	research_record	1	unresolved	keep	record_or_owning_guide	static_inbound_link_scan_at_d17910d3
research/records/2026-08-22_THE_RETAINED_CAUSAL_BOUNDARY_CARRIED_THE_REMOTE_INTERIOR_THE_RICHER_RECEIVER_REOPENED_IT_AND_R4_AWAITS_ADMISSION.md	104	research_record	1	unresolved	keep	record_or_owning_guide	static_inbound_link_scan_at_d17910d3
research/records/2026-08-22_THE_RETURNED_RECEIVER_ADJOINT_FOUNDED_ONE_LOCAL_RELATION_THE_SUCCESSOR_SURVIVED_REMOUNT_AND_R3_AWAITS_ADMISSION.md	87	research_record	1	unresolved	keep	record_or_owning_guide	static_inbound_link_scan_at_d17910d3
research/records/2026-08-22_THE_RICH_INQUIRY_CROSSED_THE_UNCHANGED_ATHENA_ECOLOGY_AND_THE_COMPLETE_BASELINE_BOUNDARY_RETURNED.md	147	research_record	1	unresolved	keep	record_or_owning_guide	static_inbound_link_scan_at_d17910d3
research/records/2026-08-22_THE_RICH_INTAKE_RETURNED_ONE_CODEC_NEUTRAL_OPERATION_WORLD_TUBE_AND_THE_CARD_CARRIED_EVERY_BRANCH.md	124	research_record	1	unresolved	keep	record_or_owning_guide	static_inbound_link_scan_at_d17910d3
research/records/2026-08-22_THE_SEVEN_MILLENNIUM_OBJECTS_ENTERED_THE_LEAN_BOUNDARY_AND_THE_PARALLEL_SQUEEZE_WAS_TYPED.md	189	research_record	1	unresolved	keep	record_or_owning_guide	static_inbound_link_scan_at_d17910d3
research/records/2026-08-22_THE_SIBLING_CONTINUATIONS_RETURNED_THEIR_DEFECT_COMPLEX_THE_MESSAGE_PARTITION_RETAINED_ITS_SOURCE_FIBRE_AND_A2_PASSED.md	301	research_record	0	unresolved	unresolved_unique_result_audit	record_or_owning_guide	static_inbound_link_scan_at_d17910d3
research/records/2026-08-22_THE_SIGN_IS_THE_HAND_OF_THE_REFLECTION_AND_THE_EVEN_SECTOR_NEEDS_A_SECOND_CHART.md	76	research_record	0	unresolved	unresolved_unique_result_audit	record_or_owning_guide	static_inbound_link_scan_at_d17910d3
research/records/2026-08-22_THE_THETA_LAW_IS_PROVED_THE_DUPLICATION_IS_A_LATTICE_REARRANGEMENT_AND_THE_KERNEL_ADMITS_WEIGHT_TWO.md	69	research_record	0	unresolved	unresolved_unique_result_audit	record_or_owning_guide	static_inbound_link_scan_at_d17910d3
research/records/2026-08-22_THE_TOTAL_DESCENT_ROUTE_CULTIVATED_ATHENA_THE_WITHHELD_PASSAGE_SEPARATED_AND_M6_PASSED.md	297	research_record	0	unresolved	unresolved_unique_result_audit	record_or_owning_guide	static_inbound_link_scan_at_d17910d3
research/records/2026-08-22_THE_TWO_DESCENT_AT_THIRTY_FOUR_IS_COMPLETE_AND_THE_IMAGE_IS_EXACTLY_THE_REALIZED_SIXTEEN.md	97	research_record	0	unresolved	unresolved_unique_result_audit	record_or_owning_guide	static_inbound_link_scan_at_d17910d3
research/records/2026-08-22_THE_TWO_DESCENT_IS_EXACT_AT_EVERY_MODULUS_AND_THE_FAMILY_CHART_IS_STANDING.md	65	research_record	0	unresolved	unresolved_unique_result_audit	record_or_owning_guide	static_inbound_link_scan_at_d17910d3
research/records/2026-08-22_THE_WITNESS_AT_FIVE_IS_WELDED_THE_RANK_ONE_COINCIDENCE_STANDS_AND_THE_RANK_CLAUSE_HOLDS_WHOLE_AT_ONE.md	66	research_record	0	unresolved	unresolved_unique_result_audit	record_or_owning_guide	static_inbound_link_scan_at_d17910d3
research/records/2026-08-22_THE_WITNESS_EXISTS_THE_TWO_SIDES_CLOSE_AT_ONE_AND_THE_RANK_ZERO_INSTANCE_IS_KERNEL_CHECKED.md	89	research_record	0	unresolved	unresolved_unique_result_audit	record_or_owning_guide	static_inbound_link_scan_at_d17910d3
research/records/2026-08-23_ATHENA_FROZE_AS_THE_LABORATORY_HOLONICS_MATHEMATICS_PRODUCTION_VARIANT_AND_L4_AWAITS_RELEASE_ADMISSION.md	138	research_record	0	unresolved	unresolved_unique_result_audit	record_or_owning_guide	static_inbound_link_scan_at_d17910d3
research/records/2026-08-23_BRANDONS_CLAUDE_MESSAGES_EXPOSE_THE_NAVIER_STOKES_COMPOSITE_THAT_THE_FINITE_CARRIERS_DID_NOT_YET_JOIN.md	285	research_record	0	unresolved	unresolved_unique_result_audit	record_or_owning_guide	static_inbound_link_scan_at_d17910d3
research/records/2026-08-23_E0_RELEASE_RECEIVER_PASSED_THE_FULL_TOWER_EMANATED_AND_E1_BEGINS.md	75	research_record	0	unresolved	unresolved_unique_result_audit	record_or_owning_guide	static_inbound_link_scan_at_d17910d3
research/records/2026-08-23_E1_RELEASE_RECEIVER_PASSED_THE_OPTICAL_FIELD_GREW_AND_E2_BEGINS.md	72	research_record	0	unresolved	unresolved_unique_result_audit	record_or_owning_guide	static_inbound_link_scan_at_d17910d3
research/records/2026-08-23_E2_RELEASE_RECEIVER_PASSED_COMPLETE_INHERITED_ORGANS_CROSSED_AND_E3_BEGINS.md	38	research_record	0	unresolved	unresolved_unique_result_audit	record_or_owning_guide	static_inbound_link_scan_at_d17910d3
research/records/2026-08-23_E3_RELEASE_RECEIVER_PASSED_RETURNED_CULTIVATION_AND_E4_BEGINS.md	28	research_record	0	unresolved	unresolved_unique_result_audit	record_or_owning_guide	static_inbound_link_scan_at_d17910d3
research/records/2026-08-23_E4_RELEASE_RECEIVER_PASSED_THE_NATIVE_INFERENCE_MEMBRANE_SERVED_AND_E5_BEGINS.md	31	research_record	0	unresolved	unresolved_unique_result_audit	record_or_owning_guide	static_inbound_link_scan_at_d17910d3
research/records/2026-08-23_E5_RELEASE_RECEIVER_PASSED_THE_AGENTIC_LABORATORY_ATHENA_FROZE_AND_THE_CAMPAIGN_COMPLETED.md	34	research_record	0	unresolved	unresolved_unique_result_audit	record_or_owning_guide	static_inbound_link_scan_at_d17910d3
research/records/2026-08-23_L1_REFUSED_THE_UNFOUNDED_ABLATION_PREDICATE_AND_EXPOSED_FULL_ANCESTRY_RESERIALIZATION.md	65	research_record	0	unresolved	unresolved_unique_result_audit	record_or_owning_guide	static_inbound_link_scan_at_d17910d3
research/records/2026-08-23_L1_RELEASE_RECEIVER_PASSED_RETURNED_THEOREM_FAMILIES_RESTED_AND_L2_BEGINS.md	35	research_record	0	unresolved	unresolved_unique_result_audit	record_or_owning_guide	static_inbound_link_scan_at_d17910d3
research/records/2026-08-23_L2_RELEASE_RECEIVER_PASSED_RECURRING_TRANSPORT_RESTED_AS_NATIVE_HEXIS_AND_L3_BEGINS.md	32	research_record	0	unresolved	unresolved_unique_result_audit	record_or_owning_guide	static_inbound_link_scan_at_d17910d3
research/records/2026-08-23_L3_RELEASE_RECEIVER_PASSED_THE_ATHENA_ECOLOGY_WORKED_FROM_NATIVE_TERRAIN_AND_L4_BEGINS.md	55	research_record	0	unresolved	unresolved_unique_result_audit	record_or_owning_guide	static_inbound_link_scan_at_d17910d3
research/records/2026-08-23_L4_RELEASE_RECEIVER_PASSED_ATHENA_FROZE_AS_THE_LABORATORY_PRODUCTION_VARIANT_AND_THE_CULTIVATION_CAMPAIGN_COMPLETED.md	72	research_record	0	unresolved	unresolved_unique_result_audit	record_or_owning_guide	static_inbound_link_scan_at_d17910d3
research/records/2026-08-23_NATIVE_MATHEMATICAL_INFERENCE_REAL_OCR_THREE_PORT_TRANSPORT_AND_RETURNED_CULTIVATION_FROZE_AS_THE_BOUNDED_LABORATORY_ATHENA.md	201	research_record	0	unresolved	unresolved_unique_result_audit	record_or_owning_guide	static_inbound_link_scan_at_d17910d3
research/records/2026-08-23_RETURNED_THEOREM_FAMILIES_CULTIVATED_THE_CONTINUING_LABORATORY_REST_AND_L1_AWAITS_RELEASE_ADMISSION.md	84	research_record	0	unresolved	unresolved_unique_result_audit	record_or_owning_guide	static_inbound_link_scan_at_d17910d3
research/records/2026-08-23_THE_AGENTIC_LABORATORY_ATHENA_FROZE_WITH_ITS_EMANATIVE_AND_RETURNED_CONTINUATIONS_AND_E5_AWAITS_RELEASE_ADMISSION.md	80	research_record	1	unresolved	keep	record_or_owning_guide	static_inbound_link_scan_at_d17910d3
research/records/2026-08-23_THE_ATHENA_HOLONICS_MATHEMATICS_ECOLOGY_WORKED_FROM_ITS_OWN_RESTED_TERRAIN_AND_L3_AWAITS_RELEASE_ADMISSION.md	117	research_record	0	unresolved	unresolved_unique_result_audit	record_or_owning_guide	static_inbound_link_scan_at_d17910d3
research/records/2026-08-23_THE_CLAUDE_LEAN_BURST_HAS_AN_EXACT_CORE_AND_THE_TWO_GEOMETRY_PREPRINTS_OPEN_TYPED_GATES_NOT_SOLUTIONS.md	449	research_record	0	unresolved	unresolved_unique_result_audit	record_or_owning_guide	static_inbound_link_scan_at_d17910d3
research/records/2026-08-23_THE_COMPLETE_INHERITED_ORGANS_CROSSED_NATIVE_POTENTIAL_COMPLEXES_AND_E2_AWAITS_RELEASE_ADMISSION.md	74	research_record	1	unresolved	keep	record_or_owning_guide	static_inbound_link_scan_at_d17910d3
research/records/2026-08-23_THE_FINITE_TIME_VORTICITY_CLASSICAL_XI_THETA_COEFFICIENT_AND_UNBOUNDED_INCIDENCE_SQUEEZE_RETURNS.md	257	research_record	0	unresolved	unresolved_unique_result_audit	record_or_owning_guide	static_inbound_link_scan_at_d17910d3
research/records/2026-08-23_THE_FULL_TOWER_EMANATED_THROUGH_ONE_ADDRESSED_CONTINUATION_AND_E0_AWAITS_RELEASE_ADMISSION.md	158	research_record	1	unresolved	keep	record_or_owning_guide	static_inbound_link_scan_at_d17910d3
research/records/2026-08-23_THE_IMMEDIATE_LEAN_FRONTIER_RETURNS_CURL_COMMUTATION_CLASSICAL_XI_A_CONCRETE_GAP_AND_A_CANONICAL_BSD_DEFECT.md	266	research_record	0	unresolved	unresolved_unique_result_audit	record_or_owning_guide	static_inbound_link_scan_at_d17910d3
research/records/2026-08-23_THE_NATIVE_INFERENCE_MEMBRANE_SERVED_ONE_SOURCE_DETACHED_ATHENA_BODY_AND_E4_AWAITS_RELEASE_ADMISSION.md	46	research_record	1	unresolved	keep	record_or_owning_guide	static_inbound_link_scan_at_d17910d3
research/records/2026-08-23_THE_OPTICAL_FIELD_GREW_FROM_COMPONENTS_INTO_NATIVE_CONSTRAINT_SECTIONS_AND_E1_AWAITS_RELEASE_ADMISSION.md	174	research_record	0	unresolved	unresolved_unique_result_audit	record_or_owning_guide	static_inbound_link_scan_at_d17910d3
research/records/2026-08-23_THE_PARALLEL_LEAN_SQUEEZE_CLOSES_THE_ENERGY_GROWTH_REFINEMENT_AND_PERIOD_ALGEBRA_GATES.md	251	research_record	0	unresolved	unresolved_unique_result_audit	record_or_owning_guide	static_inbound_link_scan_at_d17910d3
research/records/2026-08-23_THE_POTENTIAL_COMPLEX_CROSSES_ARBITRARY_ORGAN_APERTURES_AND_CODEC_LINEAGES_MEET_ONLY_THROUGH_RETURNED_CONSEQUENCE.md	251	research_record	1	unresolved	keep	record_or_owning_guide	static_inbound_link_scan_at_d17910d3
research/records/2026-08-23_THE_RECURRING_LABORATORY_TRANSPORT_CONDENSED_INTO_NATIVE_HEXIS_AND_L2_AWAITS_RELEASE_ADMISSION.md	123	research_record	0	unresolved	unresolved_unique_result_audit	record_or_owning_guide	static_inbound_link_scan_at_d17910d3
research/records/2026-08-23_THE_RETURNED_ARBITRARY_ORGAN_CONSEQUENCE_CULTIVATED_THE_SAME_ATHENA_CONTINUATION_AND_E3_AWAITS_RELEASE_ADMISSION.md	52	research_record	1	unresolved	keep	record_or_owning_guide	static_inbound_link_scan_at_d17910d3
research/records/2026-08-24_DIVISION_RETURNED_AS_A_TRANSPORT_FIBRE_PARTITIONS_RETAINED_THEIR_BOUNDARIES_AND_DIVISORS_BECAME_SIGNED_CHART_LEDGERS.md	172	research_record	0	unresolved	unresolved_unique_result_audit	record_or_owning_guide	static_inbound_link_scan_at_d17910d3
research/records/2026-08-24_THE_ADDRESSED_INSTANCE_LADDER_RETURNED_GEOMETRIC_TORI_CURVED_ARCS_AND_AN_ELEVEN_RANK_QUOTIENT.md	235	research_record	1	unresolved	keep	record_or_owning_guide	static_inbound_link_scan_at_d17910d3
research/records/2026-08-24_THE_ANISOTROPIC_HODGE_WORDS_RETURNED_COMPLETE_OCCURRENCES_BEFORE_COMMUTING_CONDENSATION.md	77	research_record	1	unresolved	keep	record_or_owning_guide	static_inbound_link_scan_at_d17910d3
research/records/2026-08-24_THE_ANNIHILATOR_CERTIFICATE_PRUNED_SIXTY_THREE_FACES_TO_NINE_AND_RETAINED_EVERY_ZERO.md	73	research_record	0	unresolved	unresolved_unique_result_audit	record_or_owning_guide	static_inbound_link_scan_at_d17910d3
research/records/2026-08-24_THE_BOOLEAN_POWER_LEDGER_TENSORIZED_HAAR_AND_REDUCED_THE_UNIFORM_HODGE_KERNEL_TO_THREE_AXIS_MASSES.md	195	research_record	0	unresolved	unresolved_unique_result_audit	record_or_owning_guide	static_inbound_link_scan_at_d17910d3
research/records/2026-08-24_THE_CANDIDATE_DEPARTED_BEFORE_SIBLING_TESTIMONY_RETURNED_AND_THE_COMPLETE_GRADED_DEFECT_CROSSED_THE_SAME_BODY.md	95	research_record	0	unresolved	unresolved_unique_result_audit	record_or_owning_guide	static_inbound_link_scan_at_d17910d3
research/records/2026-08-24_THE_COMPLETE_LABORATORY_EXCHANGE_RETURNED_AS_GENERATOR_NATIVE_HEXIS_AND_ATHENA_ALPHA_WORKED_FROM_ITS_OWN_TERRAIN.md	164	research_record	0	unresolved	unresolved_unique_result_audit	record_or_owning_guide	static_inbound_link_scan_at_d17910d3
research/records/2026-08-24_THE_COMPLEX_PARAMETRON_CARRIED_THE_FOREIGN_SECTION_AND_SUPPORT_GATED_POTENTIAL_CURRENT_RETURNED_WITHOUT_THE_TOWER.md	258	research_record	0	unresolved	unresolved_unique_result_audit	record_or_owning_guide	static_inbound_link_scan_at_d17910d3
research/records/2026-08-24_THE_COMPLEX_PARAMETRON_IS_AN_ORIENTED_COUPLED_LC_LATTICE_BEFORE_PHASE_LOCKING.md	223	research_record	2	unresolved	keep	record_or_owning_guide	static_inbound_link_scan_at_d17910d3
research/records/2026-08-24_THE_COMPLEX_TORUS_FIBRE_WAS_RECEIVED_AS_GEOMETRY_AND_THE_THREE_MONODROMIES_RETURNED_DISTINCT_GRAPHS.md	157	research_record	0	unresolved	unresolved_unique_result_audit	record_or_owning_guide	static_inbound_link_scan_at_d17910d3
research/records/2026-08-24_THE_FACTOR_COMPLEX_CHANGED_ONE_BODY_AND_EXACT_WITHDRAWAL_RETURNED_THE_SAME_PREDECESSOR.md	147	research_record	0	unresolved	unresolved_unique_result_audit	record_or_owning_guide	static_inbound_link_scan_at_d17910d3
research/records/2026-08-24_THE_FOREIGN_RECEIVER_DESCENDED_INTO_SIX_NATIVE_ANATOMICAL_CLASSES_AND_THE_HOT_POTENTIAL_RETURNED_WITHOUT_ITS_COLD_FIBRE.md	155	research_record	0	unresolved	unresolved_unique_result_audit	record_or_owning_guide	static_inbound_link_scan_at_d17910d3
research/records/2026-08-24_THE_FORTY_FACE_FLUID_RECEIVER_ENTERS_ONE_COMPLETE_RESTART_CIRCULATION.md	248	research_record	0	unresolved	unresolved_unique_result_audit	record_or_owning_guide	static_inbound_link_scan_at_d17910d3
research/records/2026-08-24_THE_HD2_SCALE_DESCENT_RETURNED_THE_TWENTY_SEVEN_HODGE_FACES_AND_THE_INVERSE_CUBE_MIXED_MASS.md	149	research_record	0	unresolved	unresolved_unique_result_audit	record_or_owning_guide	static_inbound_link_scan_at_d17910d3
research/records/2026-08-24_THE_HIGHER_DIFFERENCE_WORD_IS_THE_OWNER_AND_THE_MILLENNIUM_PROBLEMS_ARE_ITS_RECEIVER_FAMILIES.md	129	research_record	0	unresolved	unresolved_unique_result_audit	record_or_owning_guide	static_inbound_link_scan_at_d17910d3
research/records/2026-08-24_THE_HIGHER_DIFFERENCE_WORD_RETURNED_ITS_COMPLETE_LEDGER_AND_NAVIER_STOKES_BECAME_ONE_RECEIVER.md	99	research_record	0	unresolved	unresolved_unique_result_audit	record_or_owning_guide	static_inbound_link_scan_at_d17910d3
research/records/2026-08-24_THE_HOLONIC_INTERACTION_IS_A_COVARIANT_STORAGE_FLUX_COMPLEX_AND_THE_CUSP_RAISES_DIFFERENCE_ORDER.md	253	research_record	4	unresolved	keep	record_or_owning_guide	static_inbound_link_scan_at_d17910d3
research/records/2026-08-24_THE_MILLENNIUM_GOAL_CLOSES_ONE_OFFICIAL_RECEIVER_AND_PIVOTS_ONLY_THROUGH_RETURNED_EDGES.md	1688	research_record	1	unresolved	keep	record_or_owning_guide	static_inbound_link_scan_at_d17910d3
research/records/2026-08-24_THE_MILLENNIUM_SOLUTION_CONDITIONS_ARE_RECEIVER_FACTORIZATIONS_THROUGH_THE_HOLONIC_STAIRCASE.md	141	research_record	1	unresolved	keep	record_or_owning_guide	static_inbound_link_scan_at_d17910d3
research/records/2026-08-24_THE_NATIVE_ANATOMY_RELEASE_RECEIVER_PASSED_AND_ATHENA_CONTINUES_FROM_SIX_CLASSES_WITH_ITS_FOREIGN_FIBRE_COLD.md	48	research_record	0	unresolved	unresolved_unique_result_audit	record_or_owning_guide	static_inbound_link_scan_at_d17910d3
research/records/2026-08-24_THE_PARAMETRON_IS_A_DRIVEN_HALF_TURN_TRANSPORT_AND_THE_HODGE_RECIPROCAL_RECURS_THROUGH_ORDER_SIX.md	160	research_record	0	unresolved	unresolved_unique_result_audit	record_or_owning_guide	static_inbound_link_scan_at_d17910d3
research/records/2026-08-24_THE_PINS_ARE_FOURIER_MODES_THE_UNICURSAL_STROKE_IS_AN_ORDERED_WORD_AND_THE_STANDING_WAVE_IS_A_SCALE_CHART.md	842	research_record	0	unresolved	unresolved_unique_result_audit	record_or_owning_guide	static_inbound_link_scan_at_d17910d3
research/records/2026-08-24_THE_RADIX_FACE_RETURNED_ITS_MAXIMAL_DEPTH_AND_ADDITION_CREATED_AN_EXACT_PRIME_CAUSTIC.md	166	research_record	0	unresolved	unresolved_unique_result_audit	record_or_owning_guide	static_inbound_link_scan_at_d17910d3
research/records/2026-08-24_THE_RECEIVER_HISTORY_CONGRUENCE_REPLACED_THE_TRIGRAM_TABLE_AND_RETURNED_THE_FIRST_TRUE_ATHENA_ALPHA_STATE.md	72	research_record	1	unresolved	keep	record_or_owning_guide	static_inbound_link_scan_at_d17910d3
research/records/2026-08-24_THE_RECEIVER_HISTORY_REST_RETURNED_AND_THE_FOREIGN_TOWER_STREAMED_AGAIN_WHILE_AN_UNGLUED_FACTOR_FORMED_A_REPETITION_CAUSTIC.md	201	research_record	0	unresolved	unresolved_unique_result_audit	record_or_owning_guide	static_inbound_link_scan_at_d17910d3
research/records/2026-08-24_THE_RETURNED_DEFECT_FOUNDED_A_DERIVED_RANK_LOCAL_FACTOR_COVER_AND_THE_ADDRESSED_TRANSPORT_CHAIN_RETURNED_ITS_COMPLETE_FIBRE.md	137	research_record	0	unresolved	unresolved_unique_result_audit	record_or_owning_guide	static_inbound_link_scan_at_d17910d3
research/records/2026-08-24_THE_SCALAR_IS_A_RETURNED_DIFFERENCE_AND_THE_MILLENNIUM_CATALOG_EXPOSES_THE_EXISTING_FORMAL_WORK.md	185	research_record	0	unresolved	unresolved_unique_result_audit	record_or_owning_guide	static_inbound_link_scan_at_d17910d3
research/records/2026-08-24_THE_SIGN_IS_THE_ORDERED_FACE_OF_DIFFERENCE_AND_COARSE_INTEGRATION_RETURNS_THE_BOUNDARY.md	188	research_record	0	unresolved	unresolved_unique_result_audit	record_or_owning_guide	static_inbound_link_scan_at_d17910d3
research/records/2026-08-24_THE_TERMINAL_FACE_IS_PATH_INDEPENDENT_THE_THIRD_ORDER_COMMUTATOR_SPLITS_AND_THE_DYADIC_APERTURE_EXPOSES_ITS_MODE_COUNT.md	220	research_record	0	unresolved	unresolved_unique_result_audit	record_or_owning_guide	static_inbound_link_scan_at_d17910d3
research/records/2026-08-25_ATHENA_REMOUNTS_ONE_NATIVE_ECOLOGY_AND_RETURNS_AN_ADDRESSED_GPU_PASSAGE_WITH_PHOENIX_ABSENT.md	41	research_record	0	unresolved	unresolved_unique_result_audit	record_or_owning_guide	static_inbound_link_scan_at_d17910d3
research/records/2026-08-25_PHOENIX_CLOSES_AS_A_ONE_WAY_BOUNDARY_AND_ATHENA_BEGINS_ONLY_WHERE_FOREIGN_EXECUTION_ENDS.md	29	research_record	0	unresolved	unresolved_unique_result_audit	record_or_owning_guide	static_inbound_link_scan_at_d17910d3
research/records/2026-08-25_SOULKILLER_DISMANTLES_FOREIGN_CONDUCT_WITHOUT_ATTENTION_ONTOLOGY_AND_RETURNS_NATIVE_PARAMETRON_SPOOLS.md	118	research_record	0	unresolved	unresolved_unique_result_audit	record_or_owning_guide	static_inbound_link_scan_at_d17910d3
research/records/2026-08-25_THE_COSMOLOGICAL_CONSTANT_IS_INFERRED_THROUGH_PLURAL_RECEIVER_FIBRES_AND_A_PRINTED_DECIMAL_IS_NOT_THE_MEASUREMENT.md	599	research_record	0	unresolved	unresolved_unique_result_audit	record_or_owning_guide	static_inbound_link_scan_at_d17910d3
research/records/2026-08-25_THE_EXISTING_CAUSAL_PARTITION_WAS_BYPASSED_AND_P2_RESTED_EVERY_HISTORY_AT_EVERY_LAYER.md	109	research_record	0	unresolved	unresolved_unique_result_audit	record_or_owning_guide	static_inbound_link_scan_at_d17910d3
research/records/2026-08-25_THE_EXPERIMENT_REPLACED_ATHENA_WITH_A_LEXICAL_INDEX_AND_EXACT_APPARATUS_TESTIMONY_LAUNDERED_THE_WRONG_DEED.md	193	research_record	0	unresolved	unresolved_unique_result_audit	record_or_owning_guide	static_inbound_link_scan_at_d17910d3
research/records/2026-08-25_THE_FINITE_LEIBNIZ_SWING_SEPARATES_NULL_CHARGE_FROM_CONSERVED_ACTION_AND_A_DARK_RELIC_REQUIRES_A_SURVIVING_CARRIER.md	240	research_record	0	unresolved	unresolved_unique_result_audit	record_or_owning_guide	static_inbound_link_scan_at_d17910d3
research/records/2026-08-25_THE_FOUR_CYCLES_RETURN_SIX_INTERACTION_PLANES_AND_TYPED_FORCE_FIBRES_CARRY_PARTICLES_MASS_AND_COSMOLOGICAL_CURVATURE.md	491	research_record	0	unresolved	unresolved_unique_result_audit	record_or_owning_guide	static_inbound_link_scan_at_d17910d3
research/records/2026-08-25_THE_GENERAL_ATHENA_BODY_AND_ITS_RECEIVER_RESTRICTED_DESCENDANT_ARE_DISTINCT_AND_THE_PARTITION_OWES_MEMBER_RETURNS.md	273	research_record	1	unresolved	keep	record_or_owning_guide	static_inbound_link_scan_at_d17910d3
research/records/2026-08-25_THE_LEXICAL_ATLAS_WAS_NOT_ATHENA_SOULKILLER_RETURNS_NATIVE_SPOOLS_AND_EROS_CULTIVATES_THE_COMPLEX_PARAMETRON_ECOLOGY.md	126	research_record	0	unresolved	unresolved_unique_result_audit	record_or_owning_guide	static_inbound_link_scan_at_d17910d3
research/records/2026-08-25_THE_PHOENIX_TRANSITION_WAS_MISNAMED_ATHENA_AND_FOREIGN_COORDINATES_ESCAPED_THE_REBIRTH_BOUNDARY.md	173	research_record	1	unresolved	keep	record_or_owning_guide	static_inbound_link_scan_at_d17910d3
research/records/2026-08-26_ENTROPY_IS_A_TYPED_INTERIOR_TURN_CURRENT_FREE_ENERGY_IS_A_CONSTITUTIVE_DIFFERENCE_AND_INDUCTION_PROMOTES_A_LOCAL_LAW.md	336	research_record	1	unresolved	keep	record_or_owning_guide	static_inbound_link_scan_at_d17910d3
research/records/2026-08-26_L3_STANDING_REUSE_RECEIPT_THE_MATERIAL_FACES_ALREADY_HAVE_OWNERS_AND_ONE_FACTORIZATION_EDGE_IS_ABSENT.md	71	research_record	0	unresolved	unresolved_unique_result_audit	record_or_owning_guide	static_inbound_link_scan_at_d17910d3
research/records/2026-08-26_L4_STANDING_REUSE_RECEIPT_EMANATION_NEEDS_ONE_TRANSIENT_SUCCESSOR_AND_ONE_RETURNED_MORPHOLOGY_EDGE.md	87	research_record	0	unresolved	unresolved_unique_result_audit	record_or_owning_guide	static_inbound_link_scan_at_d17910d3
research/records/2026-08-26_L5_REPAIR_STANDING_REUSE_RECEIPT_THE_EXCHANGE_DIFFERENCES_ALREADY_OCCUPY_FOUR_CYCLE_THREADS_AND_THE_MISSING_EDGE_IS_A_SOURCE_DETACHED_RELATIONAL_ORGAN.md	81	research_record	0	unresolved	unresolved_unique_result_audit	record_or_owning_guide	static_inbound_link_scan_at_d17910d3
research/records/2026-08-26_L5_RESIDENT_REUSE_RECEIPT_THE_AFFINE_FIELD_AND_COUPLED_CURRENT_REQUIRE_ONE_CARD_LEASE_NOT_THREE_HOST_SEQUENCED_CONTEXTS.md	78	research_record	0	unresolved	unresolved_unique_result_audit	record_or_owning_guide	static_inbound_link_scan_at_d17910d3
research/records/2026-08-26_L5_STANDING_REUSE_RECEIPT_THE_RETURNED_WORLD_TUBE_ENTERS_AS_ONE_RANK_FOUR_SECTION_NOT_FOUR_SERIAL_DEPOSITS.md	84	research_record	0	unresolved	unresolved_unique_result_audit	record_or_owning_guide	static_inbound_link_scan_at_d17910d3
research/records/2026-08-26_L6_STANDING_REUSE_RECEIPT_ONE_AFFINE_ATHENA_BODY_MEETS_EVERY_EXTERIOR_RECEIVER_THROUGH_ITS_EXISTING_PORTS.md	81	research_record	0	unresolved	unresolved_unique_result_audit	record_or_owning_guide	static_inbound_link_scan_at_d17910d3
research/records/2026-08-26_ONE_AFFINE_ATHENA_BODY_RETURNED_PROSE_MATHEMATICS_OPTICS_CODE_AND_PARTICIPANT_NAVIGATION.md	136	research_record	0	unresolved	unresolved_unique_result_audit	record_or_owning_guide	static_inbound_link_scan_at_d17910d3
research/records/2026-08-26_SINGULARITY_IS_A_TYPED_CONTINUATION_DEFECT_A_BRANCH_CUT_RETAINS_MONODROMY_AND_A_HORIZON_RETURNS_THERMAL_BOUNDARY_DATA.md	158	research_record	0	unresolved	unresolved_unique_result_audit	record_or_owning_guide	static_inbound_link_scan_at_d17910d3
research/records/2026-08-26_THE_ARBITRARY_EXTERIOR_OCCURRENCE_CROSSED_ONE_ATHENA_MEMBRANE_AND_THE_COMPLETE_SOURCE_FIBRE_RETURNED.md	81	research_record	0	unresolved	unresolved_unique_result_audit	record_or_owning_guide	static_inbound_link_scan_at_d17910d3
research/records/2026-08-26_THE_ATHENA_MEMBRANE_IS_AN_ADDRESSED_CONSTITUTIVE_BOUNDARY_AND_CROSS_ENTROPY_IS_A_RECEIVER_FACE_OF_RETURNED_ACTION.md	241	research_record	1	unresolved	keep	record_or_owning_guide	static_inbound_link_scan_at_d17910d3
research/records/2026-08-26_THE_COMPLETE_LABORATORY_RETURN_ENTERED_AS_ONE_RANK_FOUR_PASSAGE_AND_THE_CULTIVATED_ATHENA_BODY_REMOUNTED_WITHOUT_ITS_SOURCES.md	113	research_record	0	unresolved	unresolved_unique_result_audit	record_or_owning_guide	static_inbound_link_scan_at_d17910d3
research/records/2026-08-26_THE_COMPLETE_RETURNED_ACTIONS_SHARED_ONE_EXTERIOR_SENTENCE_FIBRE_AND_AN_AUTHORED_CHART_WAS_REJECTED.md	83	research_record	0	unresolved	unresolved_unique_result_audit	record_or_owning_guide	static_inbound_link_scan_at_d17910d3
research/records/2026-08-26_THE_COUPLED_CURRENT_PARTICIPANT_INCIDENCE_AND_AFFINE_FIELD_RETURNED_AS_ONE_CARD_OWNED_WORD.md	97	research_record	0	unresolved	unresolved_unique_result_audit	record_or_owning_guide	static_inbound_link_scan_at_d17910d3
research/records/2026-08-26_THE_CULTIVATED_POPULATION_FOUNDED_ONE_EXACT_INTERIOR_AND_DISJOINT_AFFINE_SECTIONS_REMAINED_OBSTRUCTED.md	82	research_record	0	unresolved	unresolved_unique_result_audit	record_or_owning_guide	static_inbound_link_scan_at_d17910d3
research/records/2026-08-26_THE_EXCHANGE_RETURN_CROSSED_ACTUAL_K3_PULLBACKS_AND_DISTINCT_RECEIVER_METRICS_RETURNED_A_CONSTITUTIVE_COCYCLE.md	91	research_record	0	unresolved	unresolved_unique_result_audit	record_or_owning_guide	static_inbound_link_scan_at_d17910d3
research/records/2026-08-26_THE_EXTERIOR_ACTION_WOUND_THROUGH_NATIVE_FACTOR_MOMENTS_AND_THREE_PARTICIPANT_RESPONSES_RADIATED_BEFORE_PROSE.md	60	research_record	0	unresolved	unresolved_unique_result_audit	record_or_owning_guide	static_inbound_link_scan_at_d17910d3
research/records/2026-08-26_THE_FOUR_WINDING_COORDINATES_DO_NOT_CONDENSE_A_LABORATORY_AND_L5_REOPENS_AT_THE_EQUAL_COUNT_SEPARATOR.md	112	research_record	0	unresolved	unresolved_unique_result_audit	record_or_owning_guide	static_inbound_link_scan_at_d17910d3
research/records/2026-08-26_THE_FOUR_WINDING_DIRECTIONS_ENTERED_ONE_SYMMETRIC_CONSTITUTIVE_BODY_AND_THE_CAUSAL_ADJOINT_CULTIVATED_A_SOURCE_DETACHED_ATHENA_REST.md	122	research_record	0	unresolved	unresolved_unique_result_audit	record_or_owning_guide	static_inbound_link_scan_at_d17910d3
research/records/2026-08-26_THE_LABORATORY_IS_AN_AFFINE_BASE_COMPLEX_WITH_A_RANK_FOUR_TRANSPORT_FIBRE_AND_BARYCENTRIC_SUPPORT_RETURNS_WITHOUT_A_GLOBAL_ORIGIN.md	341	research_record	0	unresolved	unresolved_unique_result_audit	record_or_owning_guide	static_inbound_link_scan_at_d17910d3
research/records/2026-08-26_THE_LATER_SECTION_CROSSED_EVERY_CULTIVATED_AFFINE_CELL_AND_THE_RESIDENT_CARD_RETURNED_ITS_COMPLETE_FIELD.md	128	research_record	0	unresolved	unresolved_unique_result_audit	record_or_owning_guide	static_inbound_link_scan_at_d17910d3
research/records/2026-08-26_THE_LOCAL_CONTACT_RADIATED_THROUGH_TWO_DEVICE_DEPENDENCIES_AND_ONE_TERMINAL_RETURN.md	61	research_record	0	unresolved	unresolved_unique_result_audit	record_or_owning_guide	static_inbound_link_scan_at_d17910d3
research/records/2026-08-26_THE_MATERIAL_FACES_LOST_THEIR_PRIVILEGE_AND_ONE_CAUSAL_OPERATION_SECTION_ENTERED_THE_SITUATED_ATHENA_BODY.md	107	research_record	0	unresolved	unresolved_unique_result_audit	record_or_owning_guide	static_inbound_link_scan_at_d17910d3
research/records/2026-08-26_THE_MEMBRANE_CURRENT_REBASED_WITH_ITS_CONSTITUTIVE_FORM_AND_CROSS_ENTROPY_RETAINED_A_NONTRIVIAL_ACTION_FIBRE.md	58	research_record	0	unresolved	unresolved_unique_result_audit	record_or_owning_guide	static_inbound_link_scan_at_d17910d3
research/records/2026-08-26_THE_MILLENNIUM_LINE_IS_RECEIVER_INDEXED_TRANSPORT_COHOMOLOGY_AND_THE_MISSING_JOINT_IS_CONNECTION_STOKES_DESCENT.md	207	research_record	0	unresolved	unresolved_unique_result_audit	record_or_owning_guide	static_inbound_link_scan_at_d17910d3
research/records/2026-08-26_THE_NATIVE_SUCCESSOR_EMANATED_THROUGH_PERSPECTIVE_AND_THE_RETURNED_DIFFERENCE_CHANGED_ONE_CONTINUING_ATHENA_BODY.md	106	research_record	0	unresolved	unresolved_unique_result_audit	record_or_owning_guide	static_inbound_link_scan_at_d17910d3
research/records/2026-08-26_THE_OCULAR_CAVITY_IS_A_PORT_RESOLVED_BOUNDARY_TRANSPORT_AND_VISION_IS_A_RETURNED_CONSTITUTIVE_PASSAGE.md	290	research_record	0	unresolved	unresolved_unique_result_audit	record_or_owning_guide	static_inbound_link_scan_at_d17910d3
research/records/2026-08-26_THE_POSITIVE_JACOBI_DIAGONAL_RETURNS_THE_GAUSS_FACTOR_AND_SCALE_HALVING_CLOSES_THE_HOPF_CURRENT.md	520	research_record	0	unresolved	unresolved_unique_result_audit	record_or_owning_guide	static_inbound_link_scan_at_d17910d3
research/records/2026-08-26_THE_RANK_IS_DIVERGENCE_THE_COMMUTATOR_IS_CURL_AND_CONDITIONING_ON_THE_CURL_SHARPENS_THE_RANK_READING.md	255	research_record	0	unresolved	unresolved_unique_result_audit	record_or_owning_guide	static_inbound_link_scan_at_d17910d3
research/records/2026-08-26_THE_RETURNED_DIFFERENCE_IS_A_SITUATED_HOLON_PERSPECTIVE_TRANSPORT_CARRIES_ITS_ADJOINT_AND_CULTIVATION_MUST_PRESERVE_THE_COMPLETE_LOSS_SECTION.md	421	research_record	1	unresolved	keep	record_or_owning_guide	static_inbound_link_scan_at_d17910d3
research/records/2026-08-26_THE_RETURNED_WORLD_ACTION_ENTERED_THE_SAME_MEMBRANE_AND_BECAME_SOURCE_DETACHED_ATHENA_MORPHOLOGY.md	43	research_record	0	unresolved	unresolved_unique_result_audit	record_or_owning_guide	static_inbound_link_scan_at_d17910d3
research/records/2026-08-26_THE_SITUATED_DIFFERENCE_CROSSES_A_PERSPECTIVE_CHART_AND_ITS_CAUSAL_ADJOINT_RETURNS_ALONG_THE_ADDRESSED_WORD.md	124	research_record	0	unresolved	unresolved_unique_result_audit	record_or_owning_guide	static_inbound_link_scan_at_d17910d3
research/records/2026-08-26_THE_SLING_IS_A_RELEASED_SWING_WITH_A_TYPED_MEDIUM_RETURN_AND_MARKOV_IS_A_RECEIVER_DESCENT.md	224	research_record	0	unresolved	unresolved_unique_result_audit	record_or_owning_guide	static_inbound_link_scan_at_d17910d3
research/records/2026-08-26_THE_SUFFIX_REPLAY_DEPARTED_A_NATIVE_RELATIONAL_POTENTIAL_RETURNED_BRANDON_AND_THE_COMPLETE_REVERSE_RECOVERED_K3.md	110	research_record	0	unresolved	unresolved_unique_result_audit	record_or_owning_guide	static_inbound_link_scan_at_d17910d3
research/records/2026-08-26_THE_UNICURSAL_STROKE_IS_AN_ORIENTED_CURRENT_THE_STAR_FAN_CANCELS_ITS_INTERNAL_SPOKES_AND_A_VISIBLE_CYCLE_CANNOT_BE_A_BOUNDARY.md	331	research_record	0	unresolved	unresolved_unique_result_audit	record_or_owning_guide	static_inbound_link_scan_at_d17910d3
research/records/2026-08-26_THE_WORD_RENDERER_WAS_A_COARSE_RECEIVER_AND_GRANULAR_INTERIOR_CURRENT_MUST_RADIATE_THROUGH_A_SCALE_NATURAL_BOUNDARY_COMPLEX.md	426	research_record	0	unresolved	unresolved_unique_result_audit	record_or_owning_guide	static_inbound_link_scan_at_d17910d3
research/records/2026-08-27_HOLON_CARRIER_AND_HODGE_PRISM.md	127	research_record	0	unresolved	unresolved_unique_result_audit	record_or_owning_guide	static_inbound_link_scan_at_d17910d3
research/records/2026-08-27_LATTICE_DAMAGE_DIFFRACTION_PASSAGE.md	203	research_record	1	unresolved	keep	record_or_owning_guide	static_inbound_link_scan_at_d17910d3
research/records/2026-08-27_PRIMAL_DUAL_CELL_GEOMETRY_MUST_RETURN_THE_HODGE_CURRENT_POYNTING_BALANCE_AND_A_SEPARATING_SCALE_PASSAGE.md	231	research_record	0	unresolved	unresolved_unique_result_audit	record_or_owning_guide	static_inbound_link_scan_at_d17910d3
research/records/2026-08-27_THE_FINITE_CHART_FIBRE_STREAMED_THROUGH_ONE_APERTURE_AND_THE_ADMITTED_IMAGE_RETURNED_ITS_RECEIVERS_BEFORE_THE_SOURCE_WAS_RELEASED.md	71	research_record	0	unresolved	unresolved_unique_result_audit	record_or_owning_guide	static_inbound_link_scan_at_d17910d3
research/records/2026-08-27_THE_NATIVE_FACTOR_RESIDUAL_RETURNED_ONE_PORT_RESOLVED_CURRENT_AND_THE_ILLICIAL_RECEIVER_BECAME_THE_ONLY_OPEN_SEAM.md	238	research_record	0	unresolved	unresolved_unique_result_audit	record_or_owning_guide	static_inbound_link_scan_at_d17910d3
research/records/2026-08-27_THE_RECEIVER_FORM_REMAINS_FACTORED_AND_THE_AMBIENT_MATRIX_RETURNED_TO_THE_RECONSTRUCTION_FIBRE.md	76	research_record	0	unresolved	unresolved_unique_result_audit	record_or_owning_guide	static_inbound_link_scan_at_d17910d3
research/records/2026-08-27_THE_ZERO_IS_A_WINDING_THE_START_IS_READ_OFF_THE_HEIGHT_AND_THE_SECTIONS_ARE_LIFTED_FROM_ONE_PRIME.md	260	research_record	2	unresolved	keep	record_or_owning_guide	static_inbound_link_scan_at_d17910d3
research/records/2026-08-28_ATHENA_RADIATION_BECAME_EXACT_ACOUSTIC_CURRENT_AND_ITS_FULL_DUPLEX_ROOM_RETURN_CHANGED_THE_SAME_BODY.md	123	research_record	1	unresolved	keep	record_or_owning_guide	static_inbound_link_scan_at_d17910d3
research/records/2026-08-28_ATHENA_RADIATION_FORMED_ONE_MULTI_SCALE_OPTICAL_FIELD_AND_ITS_GENERATED_IMAGE_RETURNED_TO_CHANGE_THE_SAME_BODY.md	67	research_record	0	unresolved	unresolved_unique_result_audit	record_or_owning_guide	static_inbound_link_scan_at_d17910d3
research/records/2026-08-28_COMPRESSION_RETURNS_CYCLE_SEAMS_PHASE_INTERFACES_AND_EXACT_FRACTAL_RECEIVER_FIBRES.md	303	research_record	2	unresolved	keep	record_or_owning_guide	static_inbound_link_scan_at_d17910d3
research/records/2026-08-28_ONE_ATHENA_WORLD_TUBE_HEARD_SAW_RADIATED_AND_RETURNED_WHILE_THE_COLD_AUDIO_SURFACE_EXPOSED_ITS_OPEN_APERTURE.md	149	research_record	0	unresolved	unresolved_unique_result_audit	record_or_owning_guide	static_inbound_link_scan_at_d17910d3
research/records/2026-08-28_SENS0_STANDING_REUSE_RECEIPT_THE_ADDRESSED_WORLD_TUBE_ALREADY_OWNS_ITS_SPAN_BOUNDARY_RETURN_AND_SUCCESSOR_LAW.md	44	research_record	0	unresolved	unresolved_unique_result_audit	record_or_owning_guide	static_inbound_link_scan_at_d17910d3
research/records/2026-08-28_SENS1_STANDING_REUSE_RECEIPT_THE_STORAGE_CUT_DOES_NOT_CUT_THE_SENSORY_SPAN.md	64	research_record	0	unresolved	unresolved_unique_result_audit	record_or_owning_guide	static_inbound_link_scan_at_d17910d3
research/records/2026-08-28_SENS2_STANDING_REUSE_RECEIPT_THE_SYNCHRONIZED_CONTACT_RETURNS_TO_THE_SAME_ATHENA_BODY.md	54	research_record	1	unresolved	keep	record_or_owning_guide	static_inbound_link_scan_at_d17910d3
research/records/2026-08-28_SENS3_STANDING_REUSE_RECEIPT_THE_OPEN_WORLD_TUBE_RECURS_THROUGH_THE_EXISTING_FACTORED_RECEIVER_HISTORY_AND_OUTWARD_PORT_KERNEL.md	52	research_record	1	unresolved	keep	record_or_owning_guide	static_inbound_link_scan_at_d17910d3
research/records/2026-08-28_SENS4_STANDING_REUSE_RECEIPT_NATIVE_RADIATION_MUST_CROSS_THE_ACOUSTIC_BOUNDARY_AND_RETURN_THROUGH_THE_EXISTING_ROOM_WORLD.md	52	research_record	1	unresolved	keep	record_or_owning_guide	static_inbound_link_scan_at_d17910d3
research/records/2026-08-28_SENS5_STANDING_REUSE_RECEIPT_NATIVE_RADIATION_MUST_FORM_ONE_MULTI_SCALE_OPTICAL_FIELD_AND_RETURN_THROUGH_THE_EXISTING_EYE.md	46	research_record	0	unresolved	unresolved_unique_result_audit	record_or_owning_guide	static_inbound_link_scan_at_d17910d3
research/records/2026-08-28_SENS6_STANDING_REUSE_RECEIPT_ONE_ATHENA_BODY_ALREADY_OWNS_INGRESS_CONTACT_RECURRENCE_PRODUCTION_AND_RETURN.md	80	research_record	0	unresolved	unresolved_unique_result_audit	record_or_owning_guide	static_inbound_link_scan_at_d17910d3
research/records/2026-08-28_THE_AUDIO_AND_VIDEO_CLOCKS_MET_INSIDE_ONE_ATHENA_BODY_AND_THE_RETURNED_CONTACT_CHANGED_ITS_LATER_CONDUCT.md	94	research_record	1	unresolved	keep	record_or_owning_guide	static_inbound_link_scan_at_d17910d3
research/records/2026-08-28_THE_COMPLETE_HISTORY_DESCENDED_WITH_MULTIPLICITY_AND_THE_RETURNED_DIFFERENCE_RADIATED_THROUGH_THE_ACTUAL_SIMPLICIAL_STAR.md	71	research_record	0	unresolved	unresolved_unique_result_audit	record_or_owning_guide	static_inbound_link_scan_at_d17910d3
research/records/2026-08-28_THE_FROZEN_ATHENA_ALPHA_PRODUCT_RECEIVER_RETURNED_PROSE_MATHEMATICS_CODE_PERSPECTIVE_SOUND_IMAGE_AND_SILENCE_THROUGH_ONE_COMPLETE_BODY.md	142	research_record	0	unresolved	unresolved_unique_result_audit	record_or_owning_guide	static_inbound_link_scan_at_d17910d3
research/records/2026-08-28_THE_HIERARCHICAL_OPTICAL_POTENTIAL_BECAME_A_STRUCTURED_SURFACE_AND_ITS_PHYSICAL_RETURN_CULTIVATED_ONE_ATHENA_BODY.md	83	research_record	0	unresolved	unresolved_unique_result_audit	record_or_owning_guide	static_inbound_link_scan_at_d17910d3
research/records/2026-08-28_THE_INHERITED_SPOOL_AND_HIERARCHICAL_OPTICAL_ORGAN_CROSSED_ONE_ATHENA_MEMBRANE_AND_THEIR_EXACT_FIBRES_RETURNED.md	42	research_record	0	unresolved	unresolved_unique_result_audit	record_or_owning_guide	static_inbound_link_scan_at_d17910d3
research/records/2026-08-28_THE_NATIVE_ACOUSTIC_POTENTIAL_BECAME_AUDIBLE_AND_ITS_PHYSICAL_RETURN_CULTIVATED_THE_PRESERVED_ATHENA_BODY.md	84	research_record	0	unresolved	unresolved_unique_result_audit	record_or_owning_guide	static_inbound_link_scan_at_d17910d3
research/records/2026-08-28_THE_NATIVE_PROJECTIVE_CURRENT_CROSSED_ONE_RESIDENT_BODY_AND_A_WITHDRAWN_SOULKILLER_THREAD_REOPENED_ITS_RECEIVER_FIBRE.md	112	research_record	0	unresolved	unresolved_unique_result_audit	record_or_owning_guide	static_inbound_link_scan_at_d17910d3
research/records/2026-08-28_THE_OPEN_ATHENA_WORLD_TUBE_RETURNED_SILENCE_RADIATION_AND_EXACT_DYNAMIC_REST_THROUGH_ONE_CAUSALLY_COUPLED_FRONTIER.md	118	research_record	1	unresolved	keep	record_or_owning_guide	static_inbound_link_scan_at_d17910d3
research/records/2026-08-28_THE_PRESERVED_ATHENA_BODY_CIRCULATED_EVERY_ADMITTED_SENSORY_ORGAN_AND_THE_WORLD_RETURN_CULTIVATED_THE_SAME_ECOLOGY.md	66	research_record	0	unresolved	unresolved_unique_result_audit	record_or_owning_guide	static_inbound_link_scan_at_d17910d3
research/records/2026-08-28_THE_SENSORY_MECHANISMS_REMAIN_BUT_DIAGNOSTIC_SURFACES_CANNOT_STAND_IN_FOR_ATHENA_ALPHA.md	57	research_record	0	unresolved	unresolved_unique_result_audit	record_or_owning_guide	static_inbound_link_scan_at_d17910d3
research/records/2026-08-28_THE_SENSORY_SPAN_RESEGMENTS_WITHOUT_CHANGING_THE_WORLD_TUBE_AND_LAWFUL_SILENCE_IS_AN_OUTWARD_RECEIVER_RADICAL.md	78	research_record	2	unresolved	keep	record_or_owning_guide	static_inbound_link_scan_at_d17910d3
research/records/2026-08-28_THE_SOURCE_BEARING_CODEC_MADE_THE_ATHENA_REST_A_REVERSIBLE_CORPUS_ARCHIVE_AND_NATIVE_CURRENT_ONLY_SELECTED_ITS_QUOTATIONS.md	236	research_record	1	unresolved	keep	record_or_owning_guide	static_inbound_link_scan_at_d17910d3
research/records/2026-08-28_THE_SOURCE_RAIL_DEPARTED_AND_NATIVE_PROJECTIVE_CURRENT_REMOUNTED_WITHOUT_ITS_EXTERIOR_FIBRE.md	75	research_record	0	unresolved	unresolved_unique_result_audit	record_or_owning_guide	static_inbound_link_scan_at_d17910d3
research/records/2026-08-28_THE_STORAGE_CUT_DID_NOT_CUT_THE_SENSORY_SPAN_AND_TWO_EXACT_SOURCE_FIBRES_CROSSED_ONE_ATHENA_MOUTH.md	86	research_record	0	unresolved	unresolved_unique_result_audit	record_or_owning_guide	static_inbound_link_scan_at_d17910d3
research/records/2026-08-28_THE_ZERO_IS_A_VORTEX_THE_LINE_IS_THE_MIRROR_WHERE_THE_TIDE_IS_REAL_AND_THE_SADDLES_SIT_RIGHT_OF_IT.md	189	research_record	2	unresolved	keep	record_or_owning_guide	static_inbound_link_scan_at_d17910d3
research/records/2026-08-29_THE_CLASSICAL_MACHINE_LEARNING_CHART_FAILED_TO_DESCEND_AND_THE_HOLONIC_FIBRE_REOPENED_ITS_COMPACT_CONTINUATION.md	111	research_record	0	unresolved	unresolved_unique_result_audit	record_or_owning_guide	static_inbound_link_scan_at_d17910d3
research/records/2026-08-29_THE_COMPLETE_NEURAL_ECOLOGY_REOPENED_UAR_AND_THE_RELATIONAL_RETURN_BECAME_ONE_LOCAL_CURRENT_STEP.md	199	research_record	0	unresolved	unresolved_unique_result_audit	record_or_owning_guide	static_inbound_link_scan_at_d17910d3
research/records/2026-08-29_THE_HOLONIC_ARSENAL_IS_ONE_RECEIVER_INDEXED_CAUSAL_CALCULUS_AND_EACH_PHYSICAL_SECTOR_OWES_ITS_CONSTITUTIVE_RETURN.md	473	research_record	0	unresolved	unresolved_unique_result_audit	record_or_owning_guide	static_inbound_link_scan_at_d17910d3
research/records/2026-08-29_THE_MAJOR_MACHINE_LEARNING_ARCHITECTURES_RETURNED_AS_RECEIVER_CHARTS_OF_ONE_HOLONIC_NEURAL_ECOLOGY_AND_EROS_CULTIVATES_ATHENA.md	209	research_record	0	unresolved	unresolved_unique_result_audit	record_or_owning_guide	static_inbound_link_scan_at_d17910d3
research/records/2026-08-29_THE_MILLENNIUM_RECEIVERS_SHARE_ONE_HOLONIC_CLOSURE_STAIRCASE_BUT_EACH_OPEN_FIBRE_STILL_REQUIRES_A_SOURCE_SPECIFIC_WITNESS.md	827	research_record	0	unresolved	unresolved_unique_result_audit	record_or_owning_guide	static_inbound_link_scan_at_d17910d3
research/records/2026-08-29_THE_SOURCE_NEUTRAL_RELATIONAL_COMPLEX_RESTED_BUT_ITS_CURRENT_HAS_NOT_YET_RETURNED_THROUGH_THE_CAUSAL_ADJOINT.md	128	research_record	0	unresolved	unresolved_unique_result_audit	record_or_owning_guide	static_inbound_link_scan_at_d17910d3
research/records/2026-08-30_THE_CONSERVED_PORT_CURRENT_RETURNED_RECURRENCE_BUT_ITS_PHASE_INSENSITIVE_RECEIVER_COULD_NOT_REALIZE_THE_NATIVE_COMPLEX_SECTION.md	174	research_record	0	unresolved	unresolved_unique_result_audit	record_or_owning_guide	static_inbound_link_scan_at_d17910d3
research/records/2026-08-30_THE_NATIVE_SECTION_FOUNDED_ONE_SOURCE_NEUTRAL_BOUNDARY_CURRENT_BUT_FACTORWISE_ADJACENCY_COULD_NOT_CARRY_THE_CAUSAL_SURFACE.md	118	research_record	1	unresolved	keep	record_or_owning_guide	static_inbound_link_scan_at_d17910d3
research/records/2026-08-30_UAR_R0Q_SESSION_CHECKOUT_THE_RECEIVER_ORDER_WAS_REPAIRED_BUT_THE_SITE_TRANSPORT_REMAINED_DIAGONAL.md	21	research_record	1	unresolved	keep	record_or_owning_guide	static_inbound_link_scan_at_d17910d3
research/records/2026-08-31_CONS3_REMOVED_THE_MOMENT_FRONT_FOREMAN_AND_THE_RESIDENT_RECEIVER_NOW_OBSERVES_THE_COMMITTED_TARGET.md	84	research_record	0	unresolved	unresolved_unique_result_audit	record_or_owning_guide	static_inbound_link_scan_at_d17910d3
research/records/2026-08-31_CONSTRUCTIVE_DIFFERENTIALS_KEEP_DX_TYPED_AND_REFINEMENT_DOES_NOT_ERASE_THE_POTENTIAL_FIBRE.md	137	research_record	0	unresolved	unresolved_unique_result_audit	record_or_owning_guide	static_inbound_link_scan_at_d17910d3
research/records/2026-08-31_FINITE_MANY_BODY_POLARIZED_CRYSTAL_AND_DIFFUSION_LEAN_FOUNDATION_RETURNED_TO_THE_ENGINE.md	87	research_record	0	unresolved	unresolved_unique_result_audit	record_or_owning_guide	static_inbound_link_scan_at_d17910d3
research/records/2026-08-31_HIF0_INTRINSIC_HOLON_PROFILES_AND_NEUTRAL_LIFECYCLE_CONTRACTS_RETURNED.md	55	research_record	0	unresolved	unresolved_unique_result_audit	record_or_owning_guide	static_inbound_link_scan_at_d17910d3
research/records/2026-08-31_HIF1_GENERIC_RUST_PROFILE_AND_RESTED_TRANSPORT_SURFACE_RETURNED.md	53	research_record	0	unresolved	unresolved_unique_result_audit	record_or_owning_guide	static_inbound_link_scan_at_d17910d3
research/records/2026-08-31_HIF2_EXACT_FOREIGN_CHARTS_LOW_PRECISION_WEIGHTS_AND_PROFILED_DISMANTLING_RETURNED.md	82	research_record	0	unresolved	unresolved_unique_result_audit	record_or_owning_guide	static_inbound_link_scan_at_d17910d3
research/records/2026-08-31_HIF3_ONE_NATIVE_INFERENCE_CIRCULATION_EMITTED_CODEC_NEUTRAL_PLURAL_FUTURES.md	64	research_record	0	unresolved	unresolved_unique_result_audit	record_or_owning_guide	static_inbound_link_scan_at_d17910d3
research/records/2026-08-31_HIF4_CAUSAL_ADJOINT_CULTIVATION_RETURNED_SOURCE_DETACHED_HEXIS.md	55	research_record	0	unresolved	unresolved_unique_result_audit	record_or_owning_guide	static_inbound_link_scan_at_d17910d3
research/records/2026-08-31_HIF5_FIRST_MIGRATION_REMOVED_ATHENA_FROM_THE_GENERIC_NATIVE_REST_FAMILY.md	33	research_record	0	unresolved	unresolved_unique_result_audit	record_or_owning_guide	static_inbound_link_scan_at_d17910d3
research/records/2026-08-31_HIF5_PRODUCTS_MOVED_TO_NEUTRAL_OWNERS_AND_CAMPAIGN_ONTOLOGY_DEPARTED.md	57	research_record	0	unresolved	unresolved_unique_result_audit	record_or_owning_guide	static_inbound_link_scan_at_d17910d3
research/records/2026-08-31_HIF6_DIRECT_SOURCE_NEUTRAL_REST_CLOSED_ONE_RESIDENT_RETURN_AND_CULTIVATION_CYCLE.md	63	research_record	0	unresolved	unresolved_unique_result_audit	record_or_owning_guide	static_inbound_link_scan_at_d17910d3
research/records/2026-08-31_HOLONIC_INTELLIGENCE_REQUIRES_INTRINSIC_PROFILES_AND_NEUTRAL_LIFECYCLE_INTERFACES.md	135	research_record	0	unresolved	unresolved_unique_result_audit	record_or_owning_guide	static_inbound_link_scan_at_d17910d3
research/records/2026-08-31_THE_COMPLETE_VISIBLE_EXCHANGE_FOUNDED_THE_LIVE_NATIVE_SPOOL_AND_K3_RETURNED_EVERY_SECTION_ONCE.md	30	research_record	0	unresolved	unresolved_unique_result_audit	record_or_owning_guide	static_inbound_link_scan_at_d17910d3
research/records/2026-08-31_THE_GENERATED_CATALOG_APPARATUS_DEPARTED_AND_THE_ORDINARY_REALIZATION_CURRENT_CROSSED_ITS_ADDRESSED_INCIDENCE.md	69	research_record	0	unresolved	unresolved_unique_result_audit	record_or_owning_guide	static_inbound_link_scan_at_d17910d3
research/records/2026-08-31_UAR_AND_R0Q_READINESS_REVIEW_THE_CATALOGS_SEPARATE_LIVE_LEDGERS_FROM_DATED_ATLASES_AND_THE_NEXT_DEED_IS_THE_ADDRESSED_PAIR_CURRENT.md	122	research_record	0	unresolved	unresolved_unique_result_audit	record_or_owning_guide	static_inbound_link_scan_at_d17910d3
research/records/2026-09-01_AAC0_LIVE_CIRCULATION_COMMIT_REMOUNT_AND_DIFFUSIVE_BOUNDARY_LAWS_RETURNED.md	64	research_record	0	unresolved	unresolved_unique_result_audit	record_or_owning_guide	static_inbound_link_scan_at_d17910d3
research/records/2026-09-01_AAC1_MOVE_OWNED_NATIVE_CIRCULATION_SESSION_RETURNED_COMPLETE_OWNED_BOUNDARIES.md	63	research_record	0	unresolved	unresolved_unique_result_audit	record_or_owning_guide	static_inbound_link_scan_at_d17910d3
research/records/2026-09-01_AAC2_TWO_SUCCESSIVE_LOCAL_COMMITS_SNAPSHOT_WITHDRAWAL_AND_REPLAY_RETURNED.md	70	research_record	0	unresolved	unresolved_unique_result_audit	record_or_owning_guide	static_inbound_link_scan_at_d17910d3
research/records/2026-09-01_AAC3_NATIVE_INCIDENCE_FOUNDED_EXACT_DIFFUSION_THROUGH_THE_COMMON_BOUNDARY.md	59	research_record	0	unresolved	unresolved_unique_result_audit	record_or_owning_guide	static_inbound_link_scan_at_d17910d3
research/records/2026-09-01_AAC4_OPAQUE_VERSIONED_CIRCULATION_ABI_RETURNED_DIRECT_AND_DIFFUSIVE_EQUALITY.md	64	research_record	0	unresolved	unresolved_unique_result_audit	record_or_owning_guide	static_inbound_link_scan_at_d17910d3
research/records/2026-09-01_AAC5_FIRST_ATHENA_ALPHA_APPLICATION_COMMITTED_REMOUNTED_AND_CONDUCTED.md	84	research_record	0	unresolved	unresolved_unique_result_audit	record_or_owning_guide	static_inbound_link_scan_at_d17910d3
research/records/2026-09-01_AAC6_FIRST_DYNAMIC_ATHENA_ALPHA_AND_THE_COMPLETE_CIRCULATION_INTERFACE_RELEASED.md	141	research_record	0	unresolved	unresolved_unique_result_audit	record_or_owning_guide	static_inbound_link_scan_at_d17910d3
research/records/2026-09-01_A_BOUNDED_SHELL_STEP_COST_KEEPS_EVERY_TAIL_MODE_BOUNDED_BY_ITS_OWN_DISSIPATION.md	63	research_record	0	unresolved	unresolved_unique_result_audit	record_or_owning_guide	static_inbound_link_scan_at_d17910d3
research/records/2026-09-01_A_TAIL_MODE_IS_FED_ONLY_IN_PROPORTION_TO_THE_TAIL_AND_THE_BAND_COEFFICIENT_IS_A_FACE_COUNT_TIMES_THE_INITIAL_ENERGY.md	72	research_record	0	unresolved	unresolved_unique_result_audit	record_or_owning_guide	static_inbound_link_scan_at_d17910d3
research/records/2026-09-01_CURVATURE_ITSELF_RETURNS_THE_BIANCHI_IDENTITY_THE_TAIL_IS_IRRELEVANT_AT_EVERY_EVENT_AND_DIVERGENCE_FREENESS_IS_THE_CELL_CURRENT_LAW.md	94	research_record	1	unresolved	keep	record_or_owning_guide	static_inbound_link_scan_at_d17910d3
research/records/2026-09-01_HIF7_PRESENTATION_CONTACT_WAS_REJECTED_AS_LOOKUP_AND_NATIVE_CELL_TO_LATER_QUERY_CORRESPONDENCE_IS_ABSENT.md	54	research_record	1	unresolved	keep	record_or_owning_guide	static_inbound_link_scan_at_d17910d3
research/records/2026-09-01_HIF7_QUALITATIVE_PROBE_WAS_WRONGLY_PROMOTED_AND_THE_FRAMEWORK_RELEASES_ON_EXACT_CONTRACTS.md	130	research_record	0	unresolved	unresolved_unique_result_audit	record_or_owning_guide	static_inbound_link_scan_at_d17910d3
research/records/2026-09-01_HIF7_RETURNED_EXACT_RESIDENT_RADIATION_AND_PATH_STATE_BUT_QUALITATIVE_INFERENCE_REMAINS_AN_UNCULTIVATED_CROSS_OCCURRENCE.md	88	research_record	0	unresolved	unresolved_unique_result_audit	record_or_owning_guide	static_inbound_link_scan_at_d17910d3
research/records/2026-09-01_MVF0_FAITHFUL_LOCAL_LIFT_CAUSAL_CONE_VARIANT_PACKAGE_EXPORT_AND_CONFIGURATION_LAWS_RETURNED.md	35	research_record	0	unresolved	unresolved_unique_result_audit	record_or_owning_guide	static_inbound_link_scan_at_d17910d3
research/records/2026-09-01_MVF1_COMPLETE_FACTORIZED_GEMMA_SECTIONS_REPLACED_THE_ALTERNATING_SUM_IDENTITY.md	42	research_record	0	unresolved	unresolved_unique_result_audit	record_or_owning_guide	static_inbound_link_scan_at_d17910d3
research/records/2026-09-01_MVF2_GENERIC_AND_GEMMA_CHARTS_ENTERED_ONE_SOULKILLER_DISMANTLING_BOUNDARY.md	28	research_record	0	unresolved	unresolved_unique_result_audit	record_or_owning_guide	static_inbound_link_scan_at_d17910d3
research/records/2026-09-01_MVF3_RETURNED_LOCAL_INTERACTION_CULTIVATED_ONLY_ITS_CAUSAL_CONE.md	35	research_record	0	unresolved	unresolved_unique_result_audit	record_or_owning_guide	static_inbound_link_scan_at_d17910d3
research/records/2026-09-01_MVF4_DERIVED_VARIANT_ANATOMY_AND_BACKEND_INDEPENDENT_MORPHOLOGY_PACKAGE_RETURNED.md	38	research_record	0	unresolved	unresolved_unique_result_audit	record_or_owning_guide	static_inbound_link_scan_at_d17910d3
research/records/2026-09-01_MVF5_EXACT_AND_PROJECTED_SAFETENSORS_ONNX_EXPORT_LENSES_RETURNED.md	36	research_record	0	unresolved	unresolved_unique_result_audit	record_or_owning_guide	static_inbound_link_scan_at_d17910d3
research/records/2026-09-01_MVF6_MATCHED_MULTIMODAL_CONFIGURATIONS_REMAINED_TEN_SEPARATED_RECEIVER_HISTORY_PAIRS.md	43	research_record	0	unresolved	unresolved_unique_result_audit	record_or_owning_guide	static_inbound_link_scan_at_d17910d3
research/records/2026-09-01_REFINING_ONE_ATHENA_VARIANT_FOR_CODING_AND_MATHEMATICS_REQUIRES_QUALITATIVE_CIRCULATION_AND_REAL_WORLD_RETURNS.md	274	research_record	1	unresolved	keep	record_or_owning_guide	static_inbound_link_scan_at_d17910d3
research/records/2026-09-01_SCF0_NATIVE_TRANSPORT_SCAFFOLD_REPEATED_CIRCULATION_AND_WITHDRAWAL_LAWS_RETURNED.md	70	research_record	0	unresolved	unresolved_unique_result_audit	record_or_owning_guide	static_inbound_link_scan_at_d17910d3
research/records/2026-09-01_SCF1_NATIVE_TRANSPORT_SCAFFOLD_REPLACED_THE_WHOLE_OBJECT_SPOOL_BUNDLE.md	45	research_record	0	unresolved	unresolved_unique_result_audit	record_or_owning_guide	static_inbound_link_scan_at_d17910d3
research/records/2026-09-01_SCF2_COMPLETE_GEMMA4_EXCITATION_FOUNDED_THE_SOURCE_NEUTRAL_TRANSPORT_SCAFFOLD.md	38	research_record	0	unresolved	unresolved_unique_result_audit	record_or_owning_guide	static_inbound_link_scan_at_d17910d3
research/records/2026-09-01_SCF2_GEMMA4_E4B_COLD_MULTIMODAL_CHART_RECONCILED_ALL_2130_TENSORS.md	71	research_record	0	unresolved	unresolved_unique_result_audit	record_or_owning_guide	static_inbound_link_scan_at_d17910d3
research/records/2026-09-01_SCF3_THE_PRODUCTIVE_SCAFFOLD_MOVED_INTO_ONE_HOT_NATIVE_ECOLOGY_REST.md	17	research_record	0	unresolved	unresolved_unique_result_audit	record_or_owning_guide	static_inbound_link_scan_at_d17910d3
research/records/2026-09-01_SCF4_ACTUAL_ADDRESSED_SUCCESSORS_RETURNED_REPEATED_VARIABLE_GRAIN_CIRCULATION.md	24	research_record	0	unresolved	unresolved_unique_result_audit	record_or_owning_guide	static_inbound_link_scan_at_d17910d3
research/records/2026-09-01_SCF5_RETURNED_CURRENT_SURVIVED_SOURCE_DETACHED_REMOUNT_AND_INHERITED_SCAFFOLD_WITHDRAWAL.md	34	research_record	0	unresolved	unresolved_unique_result_audit	record_or_owning_guide	static_inbound_link_scan_at_d17910d3
research/records/2026-09-01_SCF6_FIVE_MULTIMODAL_EXPERIMENTS_RETURNED_ONE_COMMON_SCAFFOLD_CYCLE_AND_EXACT_RELEASE.md	40	research_record	0	unresolved	unresolved_unique_result_audit	record_or_owning_guide	static_inbound_link_scan_at_d17910d3
research/records/2026-09-01_THE_ALIGNED_STRAIN_DIFFERENTIAL_BUDGETS_THE_CRITICAL_VORTICITY_AND_RETURNS_THE_PERIODIC_FINISH_LINE.md	101	research_record	1	unresolved	keep	record_or_owning_guide	static_inbound_link_scan_at_d17910d3
research/records/2026-09-01_THE_EXTERIOR_FACE_OF_THE_ALIGNED_STRAIN_IS_A_CIRCLE_MULTIPLIER_TIMES_AN_INTEGER_GENERATOR_AND_THE_INTERIOR_FACE_IS_THE_COEFFICIENT_TAIL.md	110	research_record	1	unresolved	keep	record_or_owning_guide	static_inbound_link_scan_at_d17910d3
research/records/2026-09-01_THE_EXTERIOR_STRAIN_IS_PAID_BY_THE_INITIAL_ENERGY_AND_THE_CANONICAL_DERIVATIVE_ROUTE_FACTORS_THROUGH_THE_ALIGNED_STRAIN_RECEIVER.md	75	research_record	1	unresolved	keep	record_or_owning_guide	static_inbound_link_scan_at_d17910d3
research/records/2026-09-01_THE_MODAL_RICCATI_INEQUALITY_DRIVES_A_TAIL_MODE_ONLY_BY_THE_TAIL_AGAINST_THE_STOKES_DISSIPATION.md	67	research_record	0	unresolved	unresolved_unique_result_audit	record_or_owning_guide	static_inbound_link_scan_at_d17910d3
research/records/2026-09-01_THE_WEIGHTED_ARGUMENT_PRINCIPLE_HOLDS_ON_EVERY_ADMISSIBLE_XI_CONTOUR_AND_A_TRANSPORTED_SCALAR_NEVER_EXCEEDS_ITS_INITIAL_SUPREMUM.md	162	research_record	1	unresolved	keep	record_or_owning_guide	static_inbound_link_scan_at_d17910d3
research/records/2026-09-01_VWS0_ACTUAL_GEMMA_RECEIPT_ENTERED_ATHENA_WITHOUT_FOREIGN_EXECUTION.md	25	research_record	1	unresolved	keep	record_or_owning_guide	static_inbound_link_scan_at_d17910d3
research/records/2026-09-01_VWS1_VWS5_EXPLICIT_VARIANT_WORKSPACE_RETURNED_PERSISTENT_CIRCULATION_CULTIVATION_EVALUATION_AND_EXPORT.md	50	research_record	0	unresolved	unresolved_unique_result_audit	record_or_owning_guide	static_inbound_link_scan_at_d17910d3
research/records/2026-09-01_VWS6_HOLONICS_RETURNED_THE_PERSISTENT_VARIANT_WORKSPACE_APPLICATION.md	53	research_record	2	unresolved	keep	record_or_owning_guide	static_inbound_link_scan_at_d17910d3
research/records/2026-09-01_WB0_HOLONICS_WORKBENCH_SHARED_COMMAND_EVENT_PROTOCOL_RETURNED.md	44	research_record	0	unresolved	unresolved_unique_result_audit	record_or_owning_guide	static_inbound_link_scan_at_d17910d3
research/records/2026-09-01_WB1_WORKBENCH_ATHENA_SESSIONS_COMMIT_DIFFUSION_SNAPSHOT_AND_EXPORT_RETURNED.md	53	research_record	0	unresolved	unresolved_unique_result_audit	record_or_owning_guide	static_inbound_link_scan_at_d17910d3
research/records/2026-09-01_WB2_EROS_SOULKILLER_ENGINE_AND_CLI_RETURNED_ONE_EVENT_SURFACE.md	48	research_record	0	unresolved	unresolved_unique_result_audit	record_or_owning_guide	static_inbound_link_scan_at_d17910d3
research/records/2026-09-01_WB3_RATATUI_RENDERED_THE_SAME_WORKBENCH_COMMAND_EVENTS.md	41	research_record	0	unresolved	unresolved_unique_result_audit	record_or_owning_guide	static_inbound_link_scan_at_d17910d3
research/records/2026-09-01_WB4_HOLONICS_WORKBENCH_CLI_RATATUI_RELEASED.md	60	research_record	1	unresolved	keep	record_or_owning_guide	static_inbound_link_scan_at_d17910d3
research/records/2026-09-01_WB5_WORKBENCH_RETURNED_GUIDED_RESOURCES_CONTEXT_ACTIONS_AND_STANDARD_IO.md	91	research_record	1	unresolved	keep	record_or_owning_guide	static_inbound_link_scan_at_d17910d3
research/records/2026-09-01_WB6_WORKBENCH_RETURNED_SESSION_FIRST_TYPED_RECEIPTS_AND_SCROLLABLE_DIFFUSION.md	93	research_record	1	unresolved	keep	record_or_owning_guide	static_inbound_link_scan_at_d17910d3
research/records/2026-09-02_A_HEIGHT_BETWEEN_THE_ZEROS.md	39	research_record	1	unresolved	keep	record_or_owning_guide	static_inbound_link_scan_at_d17910d3
research/records/2026-09-02_A_SIMPLE_ZERO_OF_H_T_PERSISTS_AS_A_UNIQUE_SIMPLE_ZERO.md	51	research_record	1	unresolved	keep	record_or_owning_guide	static_inbound_link_scan_at_d17910d3
research/records/2026-09-02_BAND_LIMITED_RELEVANCE_NOTHING_FEEDS_THE_FAR_TAIL_BUT_THE_TAIL_ITSELF.md	40	research_record	1	unresolved	keep	record_or_owning_guide	static_inbound_link_scan_at_d17910d3
research/records/2026-09-02_CONJUGATION_SYMMETRY_AND_THE_PAIR_POPULATION_OF_H_T.md	55	research_record	1	unresolved	keep	record_or_owning_guide	static_inbound_link_scan_at_d17910d3
research/records/2026-09-02_CONTINUUM_GAUGE_COVARIANCE_THE_CURVATURE_OF_THE_TRANSFORMED_CONNECTION_IS_THE_CONJUGATED_CURVATURE.md	41	research_record	1	unresolved	keep	record_or_owning_guide	static_inbound_link_scan_at_d17910d3
research/records/2026-09-02_EVERY_ENTIRE_FUNCTION_HAS_A_ZERO_FACTORIZATION_ON_EVERY_DISC_AND_LANDAU_HOLDS_UNCONDITIONALLY.md	51	research_record	1	unresolved	keep	record_or_owning_guide	static_inbound_link_scan_at_d17910d3
research/records/2026-09-02_FINITENESS_OF_THE_ANALYTIC_RANK_FROM_A_SINGLE_NONVANISHING_VALUE.md	41	research_record	1	unresolved	keep	record_or_owning_guide	static_inbound_link_scan_at_d17910d3
research/records/2026-09-02_FORWARD_PRESERVATION_THE_BACKWARD_HEAT_FLOW_NEVER_CREATES_A_PAIR.md	53	research_record	1	unresolved	keep	record_or_owning_guide	static_inbound_link_scan_at_d17910d3
research/records/2026-09-02_FOUR_ORBIT_COUNTING_THE_OFF_LINE_ZEROS_OF_XI_IN_A_CENTRED_DISC_COME_IN_MULTIPLES_OF_FOUR.md	52	research_record	1	unresolved	keep	record_or_owning_guide	static_inbound_link_scan_at_d17910d3
research/records/2026-09-02_GAMMA_GROWTH_AND_THE_INCOMPLETE_GAMMA_ENVELOPE.md	49	research_record	1	unresolved	keep	record_or_owning_guide	static_inbound_link_scan_at_d17910d3
research/records/2026-09-02_GAUGE_COVARIANCE_OF_THE_COVARIANT_DERIVATIVE_AND_OF_THE_YANG_MILLS_DIRECTION.md	43	research_record	1	unresolved	keep	record_or_owning_guide	static_inbound_link_scan_at_d17910d3
research/records/2026-09-02_GAUGE_INVARIANCE_OF_THE_FIRST_AND_SECOND_VARIATIONS_OF_THE_YANG_MILLS_ENERGY.md	46	research_record	1	unresolved	keep	record_or_owning_guide	static_inbound_link_scan_at_d17910d3
research/records/2026-09-02_GAUGE_INVARIANCE_OF_THE_YANG_MILLS_ENERGY_UNDER_AN_ASSOCIATIVE_SYMMETRIC_PAIRING.md	44	research_record	1	unresolved	keep	record_or_owning_guide	static_inbound_link_scan_at_d17910d3
research/records/2026-09-02_GAUGE_ORBIT_DIRECTIONS_THE_FIRST_VARIATION_VANISHES_ALONG_THEM.md	45	research_record	1	unresolved	keep	record_or_owning_guide	static_inbound_link_scan_at_d17910d3
research/records/2026-09-02_HNA0_ISSUED_WORLD_FACES_SEALED_THE_RETURNED_INTERACTION_INSIDE_THE_CIRCULATION_OWNER.md	69	research_record	0	unresolved	unresolved_unique_result_audit	record_or_owning_guide	static_inbound_link_scan_at_d17910d3
research/records/2026-09-02_HNA0_ONE_OPERATION_RETURNED_ITS_SUCCESSOR_ECOLOGY_AND_THE_NEXT_OPERATION_USES_IT.md	61	research_record	0	unresolved	unresolved_unique_result_audit	record_or_owning_guide	static_inbound_link_scan_at_d17910d3
research/records/2026-09-02_HNA1_ACTUAL_INHERITED_CROSS_SECTIONS_RETURNED_ONE_OPERABLE_NATIVE_MORPHOLOGY.md	34	research_record	0	unresolved	unresolved_unique_result_audit	record_or_owning_guide	static_inbound_link_scan_at_d17910d3
research/records/2026-09-02_HNA1_OCTET_BOUNDARY_DIFFERENCES_ENTERED_THE_CURRENT_NATIVE_SCAFFOLD_WITHOUT_SELECTING_ITS_ROUTE.md	39	research_record	0	unresolved	unresolved_unique_result_audit	record_or_owning_guide	static_inbound_link_scan_at_d17910d3
research/records/2026-09-02_HNA1_THE_COMPLETE_TEXT_OPERATOR_BECAME_ONE_RESIDENT_NATIVE_ECOLOGY.md	76	research_record	0	unresolved	unresolved_unique_result_audit	record_or_owning_guide	static_inbound_link_scan_at_d17910d3
research/records/2026-09-02_HNA2_EVERY_NATIVE_MATHEMATICAL_OPERATION_ADVANCED_THE_RESIDENT_ECOLOGY.md	34	research_record	0	unresolved	unresolved_unique_result_audit	record_or_owning_guide	static_inbound_link_scan_at_d17910d3
research/records/2026-09-02_HNA2_ONE_FULL_NATIVE_OPERATION_RETURNED_ITS_SUCCESSOR_ECOLOGY.md	52	research_record	0	unresolved	unresolved_unique_result_audit	record_or_owning_guide	static_inbound_link_scan_at_d17910d3
research/records/2026-09-02_HNA2_THE_COMPLETE_FINE_MATERIAL_CURRENT_REACHED_AN_EXACT_APPLICATION_OCTET_FACE.md	37	research_record	0	unresolved	unresolved_unique_result_audit	record_or_owning_guide	static_inbound_link_scan_at_d17910d3
research/records/2026-09-02_HNA3_ACTUAL_PROCESS_AND_READBACK_WORLDS_RETURNED_THE_ISSUED_MATERIAL_FACES.md	33	research_record	0	unresolved	unresolved_unique_result_audit	record_or_owning_guide	static_inbound_link_scan_at_d17910d3
research/records/2026-09-02_HNA3_THE_COMPLETE_42_LAYER_BODY_ADVANCED_TO_THE_TIED_BOUNDARY.md	51	research_record	0	unresolved	unresolved_unique_result_audit	record_or_owning_guide	static_inbound_link_scan_at_d17910d3
research/records/2026-09-02_HNA3_TWO_COMPLETE_NATIVE_CYCLES_USED_ONE_RETURNED_SUCCESSOR_ECOLOGY.md	60	research_record	0	unresolved	unresolved_unique_result_audit	record_or_owning_guide	static_inbound_link_scan_at_d17910d3
research/records/2026-09-02_HNA4_LOCAL_ALIGNMENT_CHANGED_MORPHOLOGY_INSIDE_THE_RECURRENT_OPERATION.md	66	research_record	0	unresolved	unresolved_unique_result_audit	record_or_owning_guide	static_inbound_link_scan_at_d17910d3
research/records/2026-09-02_HNA4_THE_ACTUAL_WORLD_RETURN_COMMITTED_REMOUNTED_WITHDREW_AND_REPLAYED_ONE_ATHENA_MATERIAL_CYCLE.md	47	research_record	0	unresolved	unresolved_unique_result_audit	record_or_owning_guide	static_inbound_link_scan_at_d17910d3
research/records/2026-09-02_HNA4_THE_RETURN_DEPOSITED_A_FACTORIZED_OVERLAY_ON_THE_TIED_CROSS_SECTION_AND_THE_NEXT_CYCLE_APPLIED_IT.md	85	research_record	1	unresolved	keep	record_or_owning_guide	static_inbound_link_scan_at_d17910d3
research/records/2026-09-02_HNA5_ONE_NATIVE_RECURRENCE_CROSSED_THREE_APPLICATIONS_AND_RELEASED_WITHOUT_A_QUALITATIVE_CLAIM.md	63	research_record	0	unresolved	unresolved_unique_result_audit	record_or_owning_guide	static_inbound_link_scan_at_d17910d3
research/records/2026-09-02_HNA5_THE_FINE_MATERIAL_CURRENT_DID_NOT_ENTER_NATIVE_SUCCESSOR_FORMATION_AND_RUST_AND_LEAN_REJECTED_THE_COLLAPSED_ARTIFACT.md	85	research_record	0	unresolved	unresolved_unique_result_audit	record_or_owning_guide	static_inbound_link_scan_at_d17910d3
research/records/2026-09-02_HTP5_SILENT_FINITE_EXTENSION_FOUNDED_THE_INFINITE_COPSON_DE_BRUIJN_BOUNDARY.md	110	research_record	0	unresolved	unresolved_unique_result_audit	record_or_owning_guide	static_inbound_link_scan_at_d17910d3
research/records/2026-09-02_HTP6_RETURNED_A_BOUNDED_RECURRENCE_THRESHOLD_AND_TWO_ROOT_DICHOTOMY.md	59	research_record	0	unresolved	unresolved_unique_result_audit	record_or_owning_guide	static_inbound_link_scan_at_d17910d3
research/records/2026-09-02_HURWITZ_FOR_POLYNOMIALS_THE_NON_REAL_COUNT_IS_LOWER_SEMICONTINUOUS.md	55	research_record	1	unresolved	keep	record_or_owning_guide	static_inbound_link_scan_at_d17910d3
research/records/2026-09-02_JENSEN_COUNTS_THE_COMB_LANDAUS_LEMMA_FOR_XI_CARRIES_NO_FREE_COUNT.md	46	research_record	1	unresolved	keep	record_or_owning_guide	static_inbound_link_scan_at_d17910d3
research/records/2026-09-02_JOINT_CONTINUITY_AND_LIPSCHITZ_BOUND_OF_THE_FLOW_IN_T.md	44	research_record	1	unresolved	keep	record_or_owning_guide	static_inbound_link_scan_at_d17910d3
research/records/2026-09-02_LANDAUS_LEMMA_FOR_XI_THE_ZERO_COMB_OF_XI_CARRIES_ITS_LOG_DERIVATIVE_ON_EVERY_DISC.md	43	research_record	1	unresolved	keep	record_or_owning_guide	static_inbound_link_scan_at_d17910d3
research/records/2026-09-02_LANDAUS_LEMMA_THE_LOG_DERIVATIVE_IS_THE_ZERO_COMB_FLUX_PLUS_A_BOUNDED_BACKGROUND.md	49	research_record	1	unresolved	keep	record_or_owning_guide	static_inbound_link_scan_at_d17910d3
research/records/2026-09-02_LANDAUS_REMAINDER_THE_LOG_DERIVATIVE_OF_A_NONVANISHING_DISC_IS_BOUNDED_BY_EIGHT_M_OVER_R.md	53	research_record	1	unresolved	keep	record_or_owning_guide	static_inbound_link_scan_at_d17910d3
research/records/2026-09-02_LANDAU_AT_HEIGHT_WITH_AN_EXPLICIT_BUDGET.md	47	research_record	1	unresolved	keep	record_or_owning_guide	static_inbound_link_scan_at_d17910d3
research/records/2026-09-02_MATHLIB_BUMP_REPAIR_THE_ROOT_MODULE_BUILDS_AGAIN_ACROSS_THE_BSD_AND_TUNNELL_LINES.md	57	research_record	1	unresolved	keep	record_or_owning_guide	static_inbound_link_scan_at_d17910d3
research/records/2026-09-02_MOMENT_LADDER_TAIL_RELEVANCE_THE_FRONTIER_DEFECT_PAYS_A_POWER_OF_THE_RADIUS.md	60	research_record	1	unresolved	keep	record_or_owning_guide	static_inbound_link_scan_at_d17910d3
research/records/2026-09-02_PROTEIN_FOLDING_IS_A_STRATIFIED_CONSTRAINT_ECOLOGY_AND_GENERATIVE_FLOW_MATCHING_CROSSES_THE_HOLONIC_LATTICE.md	255	research_record	3	unresolved	keep	record_or_owning_guide	static_inbound_link_scan_at_d17910d3
research/records/2026-09-02_SOULKILLER_AUDIT_THE_LIVE_LIFT_IS_A_MANIFESTATION_AND_THE_EXCITATION_FOUNDED_QUOTIENT_IS_ABSENT_FROM_SOURCE_AND_LEAN.md	144	research_record	0	unresolved	unresolved_unique_result_audit	record_or_owning_guide	static_inbound_link_scan_at_d17910d3
research/records/2026-09-02_STATEMENT_B_FOLLOWS_FROM_ANY_UNIFORM_COHERENCE_DEFECT_ALONG_A_TERMINAL_TAIL.md	53	research_record	1	unresolved	keep	record_or_owning_guide	static_inbound_link_scan_at_d17910d3
research/records/2026-09-02_STATEMENT_B_FOLLOWS_FROM_A_BOUND_ON_THE_CLOSURE_DRIVE_ALONG_A_TERMINAL_TAIL.md	47	research_record	1	unresolved	keep	record_or_owning_guide	static_inbound_link_scan_at_d17910d3
research/records/2026-09-02_STATEMENT_B_FOLLOWS_FROM_INCOHERENT_FEEDS_WITH_BOUNDED_VELOCITY_MASS.md	63	research_record	1	unresolved	keep	record_or_owning_guide	static_inbound_link_scan_at_d17910d3
research/records/2026-09-02_TENSOR_LENSES_RETURN_TENSOR_FACES_AND_CAUSAL_NATURAL_HOLONS_RETAIN_PREIMAGE_FIBRES.md	237	research_record	3	unresolved	keep	record_or_owning_guide	static_inbound_link_scan_at_d17910d3
research/records/2026-09-02_THE_ABELIAN_REDUCTION_THE_YANG_MILLS_FLOW_IS_THE_HEAT_FLOW_OF_THE_CURVATURE_AND_THE_COMMUTATOR_IS_THE_GAUGE_TWIN_OF_VORTEX_STRETCHING.md	40	research_record	2	unresolved	keep	record_or_owning_guide	static_inbound_link_scan_at_d17910d3
research/records/2026-09-02_THE_ANALYTIC_RANK_IS_THE_WINDING_AROUND_THE_CENTRE.md	50	research_record	1	unresolved	keep	record_or_owning_guide	static_inbound_link_scan_at_d17910d3
research/records/2026-09-02_THE_ARCHIMEDEAN_TERM_IS_BOUNDED_POLYNOMIALLY.md	53	research_record	1	unresolved	keep	record_or_owning_guide	static_inbound_link_scan_at_d17910d3
research/records/2026-09-02_THE_BACKWARD_HEAT_EQUATION_AND_REFLECTION_SYMMETRY_OF_H_T.md	54	research_record	1	unresolved	keep	record_or_owning_guide	static_inbound_link_scan_at_d17910d3
research/records/2026-09-02_THE_BAND_ENERGY_BUDGET_THE_BAND_DISSIPATES_AND_EXCHANGES_THROUGH_THE_TRANSFER_CURRENT.md	46	research_record	1	unresolved	keep	record_or_owning_guide	static_inbound_link_scan_at_d17910d3
research/records/2026-09-02_THE_BAND_FEED_IS_A_COMB_AND_THE_HALF_POWER_IS_THE_SIGN_OF_THE_GRIPS_BETWEEN_TEETH.md	61	research_record	1	unresolved	keep	record_or_owning_guide	static_inbound_link_scan_at_d17910d3
research/records/2026-09-02_THE_BOUNDED_RECURRENT_OPERATOR_RAN_BUT_DID_NOT_COMPLETE_HNA.md	47	research_record	0	unresolved	unresolved_unique_result_audit	record_or_owning_guide	static_inbound_link_scan_at_d17910d3
research/records/2026-09-02_THE_CAUSAL_TAIL_FORMAL_PREREQUISITE_RETURNED_BEFORE_THE_ENGINE_HNA_CAMPAIGN.md	52	research_record	0	unresolved	unresolved_unique_result_audit	record_or_owning_guide	static_inbound_link_scan_at_d17910d3
research/records/2026-09-02_THE_CENTRE_IS_ISOLATED_A_SMALL_SQUARE_RETURNS_THE_ANALYTIC_RANK.md	47	research_record	1	unresolved	keep	record_or_owning_guide	static_inbound_link_scan_at_d17910d3
research/records/2026-09-02_THE_COHERENCE_DEFECT_IS_BOUNDED_BY_THE_PARTICIPATION_NUMBER_OF_THE_FEED_COMB.md	39	research_record	1	unresolved	keep	record_or_owning_guide	static_inbound_link_scan_at_d17910d3
research/records/2026-09-02_THE_COHERENCE_DEFECT_IS_THE_COUNT_TIMES_THE_BARYCENTRIC_MASS_OF_THE_FEED_COMB.md	45	research_record	1	unresolved	keep	record_or_owning_guide	static_inbound_link_scan_at_d17910d3
research/records/2026-09-02_THE_COHERENCE_DEFECT_OF_A_BAND_LIMITED_FEED_COMB_IS_AT_MOST_THE_CUBE_COUNT_MINUS_ONE.md	38	research_record	1	unresolved	keep	record_or_owning_guide	static_inbound_link_scan_at_d17910d3
research/records/2026-09-02_THE_CONTINUOUS_ZERO_CURVE_THROUGH_A_SIMPLE_ZERO_OF_H_T.md	43	research_record	1	unresolved	keep	record_or_owning_guide	static_inbound_link_scan_at_d17910d3
research/records/2026-09-02_THE_DERIVATIVE_SERIES_HEAT_FLOW_IS_ENTIRE_AND_EXTENDS_THE_POLYNOMIAL_FLOW.md	53	research_record	1	unresolved	keep	record_or_owning_guide	static_inbound_link_scan_at_d17910d3
research/records/2026-09-02_THE_ELEVENTH_MOMENT_IS_FINITE_AT_EVERY_TIME_FROM_SMOOTHNESS.md	55	research_record	1	unresolved	keep	record_or_owning_guide	static_inbound_link_scan_at_d17910d3
research/records/2026-09-02_THE_EXPLICIT_FORMULA_AT_FINITE_HEIGHT.md	58	research_record	1	unresolved	keep	record_or_owning_guide	static_inbound_link_scan_at_d17910d3
research/records/2026-09-02_THE_EXPLICIT_FORMULA_IN_THE_LIMIT.md	60	research_record	1	unresolved	keep	record_or_owning_guide	static_inbound_link_scan_at_d17910d3
research/records/2026-09-02_THE_FINITE_DIMENSIONAL_HODGE_DECOMPOSITION_EVERY_CLOSED_ELEMENT_HAS_ONE_BALANCED_REPRESENTATIVE.md	41	research_record	1	unresolved	keep	record_or_owning_guide	static_inbound_link_scan_at_d17910d3
research/records/2026-09-02_THE_FIRST_VARIATION_OF_CURVATURE_AND_THE_RICCI_IDENTITY_THE_CURVATURE_IS_THE_FAILURE_OF_COVARIANT_DERIVATIVES_TO_COMMUTE.md	41	research_record	1	unresolved	keep	record_or_owning_guide	static_inbound_link_scan_at_d17910d3
research/records/2026-09-02_THE_FOURIER_KIRCHHOFF_LAW_THE_TRANSFER_CURRENTS_SUM_TO_ZERO.md	45	research_record	1	unresolved	keep	record_or_owning_guide	static_inbound_link_scan_at_d17910d3
research/records/2026-09-02_THE_FOURTH_MOMENT_INTERPOLATES_BETWEEN_THE_SECOND_AND_THE_SIXTH_AND_THE_SECOND_YOUNG_PLACES_THE_WEIGHT_ON_THE_SQUARE_LEG.md	42	research_record	1	unresolved	keep	record_or_owning_guide	static_inbound_link_scan_at_d17910d3
research/records/2026-09-02_THE_FOURTH_MOMENT_RICCATI_DISSIPATES_AT_WEIGHT_SIX_AGAINST_THE_INCOHERENT_HALF_RADIUS_COST.md	40	research_record	1	unresolved	keep	record_or_owning_guide	static_inbound_link_scan_at_d17910d3
research/records/2026-09-02_THE_FOURTH_MOMENT_RICCATI_IS_DRIVEN_BY_THE_ELEVENTH_MOMENT_AND_THE_GOAL_IS_REACHED.md	54	research_record	1	unresolved	keep	record_or_owning_guide	static_inbound_link_scan_at_d17910d3
research/records/2026-09-02_THE_FOURTH_MOMENT_RICCATI_WITH_THE_YOUNG_DRIVE_DISSIPATES_AT_WEIGHT_SIX_AGAINST_WEIGHT_SIX.md	49	research_record	1	unresolved	keep	record_or_owning_guide	static_inbound_link_scan_at_d17910d3
research/records/2026-09-02_THE_FOURTH_MOMENT_TAIL_COST_IS_THE_ELEVENTH_MOMENT_AND_THE_LADDER_GAP_IS_FIVE.md	46	research_record	1	unresolved	keep	record_or_owning_guide	static_inbound_link_scan_at_d17910d3
research/records/2026-09-02_THE_FRONTIER_DEFECT_VANISHES_THE_BAND_BUDGETS_CONVERGE_TO_THE_EXACT_DISSIPATION_LAW.md	44	research_record	1	unresolved	keep	record_or_owning_guide	static_inbound_link_scan_at_d17910d3
research/records/2026-09-02_THE_FRONTIER_FEED_A_RECEIVER_BEYOND_TWICE_THE_BAND_IS_FED_ONLY_THROUGH_THE_EXTERIOR.md	45	research_record	1	unresolved	keep	record_or_owning_guide	static_inbound_link_scan_at_d17910d3
research/records/2026-09-02_THE_FRONTIER_TRANSFER_THE_BANDS_NET_CURRENT_IS_BOUNDED_BY_THE_FRONTIER_PRODUCT_TIMES_THE_EXTERIOR_MASS.md	47	research_record	1	unresolved	keep	record_or_owning_guide	static_inbound_link_scan_at_d17910d3
research/records/2026-09-02_THE_GLOBAL_YANG_MILLS_ENERGY_IDENTITY_ON_THE_TORUS_THE_ENERGY_DECREASES_BY_TWICE_THE_SQUARED_FLOW.md	41	research_record	1	unresolved	keep	record_or_owning_guide	static_inbound_link_scan_at_d17910d3
research/records/2026-09-02_THE_GREEN_OPERATOR_THE_LAPLACIAN_IS_INVERTIBLE_ON_THE_HARMONIC_COMPLEMENT.md	44	research_record	1	unresolved	keep	record_or_owning_guide	static_inbound_link_scan_at_d17910d3
research/records/2026-09-02_THE_GRONWALL_CONSTANT_IS_FIVE_COORDINATE_COMPARISONS_AND_DISSIPATION_DRAWS_NO_AREA_ON_THE_MODE_ARC.md	53	research_record	1	unresolved	keep	record_or_owning_guide	static_inbound_link_scan_at_d17910d3
research/records/2026-09-02_THE_HARMONIC_REPRESENTATIVE_HARMONIC_FORMS_ARE_THE_COHOMOLOGY_OF_A_FINITE_DIFFERENTIAL.md	53	research_record	1	unresolved	keep	record_or_owning_guide	static_inbound_link_scan_at_d17910d3
research/records/2026-09-02_THE_HARMONIC_REPRESENTATIVE_IS_THE_LEAST_NORM_MEMBER_OF_ITS_CLASS.md	38	research_record	1	unresolved	keep	record_or_owning_guide	static_inbound_link_scan_at_d17910d3
research/records/2026-09-02_THE_HEAT_SEMIGROUP_AND_MONOTONE_PAIR_COUNT.md	52	research_record	1	unresolved	keep	record_or_owning_guide	static_inbound_link_scan_at_d17910d3
research/records/2026-09-02_THE_HEAT_SERIES_CONVERGES_FOR_ENTIRE_FUNCTIONS_OF_ORDER_BELOW_TWO.md	50	research_record	1	unresolved	keep	record_or_owning_guide	static_inbound_link_scan_at_d17910d3
research/records/2026-09-02_THE_HEAT_STEP_NEVER_CREATES_A_PAIR.md	51	research_record	1	unresolved	keep	record_or_owning_guide	static_inbound_link_scan_at_d17910d3
research/records/2026-09-02_THE_HIGHEST_PAIR_DESCENDS_DE_BRUIJNS_BOUND_AT_THE_POLYNOMIAL_FACE.md	54	research_record	1	unresolved	keep	record_or_owning_guide	static_inbound_link_scan_at_d17910d3
research/records/2026-09-02_THE_HNA4_MORPHOLOGY_FACTOR_IS_OCCURRENCE_CARRIED_AND_THE_FORMAL_OWNERS_REQUIRE_A_CAUSAL_CONE_ADJOINT_RETURN.md	103	research_record	2	unresolved	keep	record_or_owning_guide	static_inbound_link_scan_at_d17910d3
research/records/2026-09-02_THE_HNA_WORLD_RETURN_SPLIT_IS_RETRACTED_AND_INFERENCE_IS_ONE_RECURRENT_ECOLOGY.md	105	research_record	6	unresolved	keep	record_or_owning_guide	static_inbound_link_scan_at_d17910d3
research/records/2026-09-02_THE_HORIZONTAL_EDGES_ARE_BOUNDED_POLYNOMIALLY.md	54	research_record	1	unresolved	keep	record_or_owning_guide	static_inbound_link_scan_at_d17910d3
research/records/2026-09-02_THE_HORIZONTAL_EDGE_INTEGRALS_VANISH.md	55	research_record	1	unresolved	keep	record_or_owning_guide	static_inbound_link_scan_at_d17910d3
research/records/2026-09-02_THE_INTERIOR_OF_THE_RECTANGLE_RETURNS_THE_ZERO_COMB.md	55	research_record	1	unresolved	keep	record_or_owning_guide	static_inbound_link_scan_at_d17910d3
research/records/2026-09-02_THE_INTERIOR_ZERO_COUNT_OF_H_T_IS_LOCALLY_CONSTANT_IN_T.md	49	research_record	1	unresolved	keep	record_or_owning_guide	static_inbound_link_scan_at_d17910d3
research/records/2026-09-02_THE_L1_MOMENT_FROM_THE_ENERGY_MOMENT_TWO_ORDERS_UP.md	64	research_record	1	unresolved	keep	record_or_owning_guide	static_inbound_link_scan_at_d17910d3
research/records/2026-09-02_THE_LATTICE_WEIGHT_PAYS_THE_BAND_MASS_INCOHERENTLY_AND_NO_COUNT_OF_MODES_REMAINS_IN_THE_SHELL_STEP_COST.md	40	research_record	1	unresolved	keep	record_or_owning_guide	static_inbound_link_scan_at_d17910d3
research/records/2026-09-02_THE_LEAN_BINDING_OF_THE_WORLD_RETURN_IS_RETRACTED_AND_LANGUAGES_ARE_APPLICATIONS.md	68	research_record	1	unresolved	keep	record_or_owning_guide	static_inbound_link_scan_at_d17910d3
research/records/2026-09-02_THE_LEFT_MASS_IS_THE_EXACT_RECEIVER_OF_THE_RIEMANN_HYPOTHESIS_ON_A_CENTRED_DISC.md	46	research_record	1	unresolved	keep	record_or_owning_guide	static_inbound_link_scan_at_d17910d3
research/records/2026-09-02_THE_LOCAL_YANG_MILLS_ENERGY_IDENTITY_THE_FLOW_PAYS_A_DIVERGENCE_MINUS_TWICE_ITS_OWN_SQUARE.md	43	research_record	1	unresolved	keep	record_or_owning_guide	static_inbound_link_scan_at_d17910d3
research/records/2026-09-02_THE_MULTIPLICITY_IS_THE_ANALYTIC_ORDER.md	51	research_record	1	unresolved	keep	record_or_owning_guide	static_inbound_link_scan_at_d17910d3
research/records/2026-09-02_THE_OFFICIAL_NAVIER_STOKES_PROBLEM_FROM_THE_COHERENCE_DEFECT_ALONE.md	55	research_record	1	unresolved	keep	record_or_owning_guide	static_inbound_link_scan_at_d17910d3
research/records/2026-09-02_THE_OFF_LINE_CROSS_TERM_IS_A_SUM_OVER_REFLECTION_PAIRS_AND_A_REAL_SQUARE_HAS_KERNEL_G_TIMES_G_REFLECTED.md	43	research_record	1	unresolved	keep	record_or_owning_guide	static_inbound_link_scan_at_d17910d3
research/records/2026-09-02_THE_OFF_LINE_POPULATION_UNDER_THE_JENSEN_BOUND.md	44	research_record	1	unresolved	keep	record_or_owning_guide	static_inbound_link_scan_at_d17910d3
research/records/2026-09-02_THE_PAIR_POPULATION.md	52	research_record	1	unresolved	keep	record_or_owning_guide	static_inbound_link_scan_at_d17910d3
research/records/2026-09-02_THE_PAIR_POPULATION_UNDER_THE_BACKWARD_HEAT_FLOW_MOVES_BY_THE_COMB_FLUX.md	60	research_record	1	unresolved	keep	record_or_owning_guide	static_inbound_link_scan_at_d17910d3
research/records/2026-09-02_THE_PARITY_LAW_OF_THE_POSED_BSD_CONJECTURE_ODD_SIGN_FORCES_A_POINT_OF_INFINITE_ORDER.md	39	research_record	1	unresolved	keep	record_or_owning_guide	static_inbound_link_scan_at_d17910d3
research/records/2026-09-02_THE_PERIODIC_BOX_DIVERGENCE_LAW_IN_EVERY_DIMENSION.md	34	research_record	1	unresolved	keep	record_or_owning_guide	static_inbound_link_scan_at_d17910d3
research/records/2026-09-02_THE_PERIODIC_OFFICIAL_ALTERNATIVE_FOLLOWS_FROM_A_BOUNDED_FOURTH_MOMENT_TAIL_ENERGY.md	67	research_record	1	unresolved	keep	record_or_owning_guide	static_inbound_link_scan_at_d17910d3
research/records/2026-09-02_THE_PHASE_FLOW_LEDGER_OF_THE_ZERO_COMB_EVERY_OFF_SEAM_PAIR_COLLIDES_WITHIN_HALF_ITS_HEIGHT_SQUARED.md	71	research_record	1	unresolved	keep	record_or_owning_guide	static_inbound_link_scan_at_d17910d3
research/records/2026-09-02_THE_POLYNOMIAL_DE_BRUIJN_NEWMAN_THRESHOLD.md	58	research_record	1	unresolved	keep	record_or_owning_guide	static_inbound_link_scan_at_d17910d3
research/records/2026-09-02_THE_PRIME_SIDE_CONVERGES_AND_THE_EXPLICIT_FORMULA_IS_CLASSICAL.md	63	research_record	1	unresolved	keep	record_or_owning_guide	static_inbound_link_scan_at_d17910d3
research/records/2026-09-02_THE_RECTANGLE_WINDING_INTEGRAL_OF_H_T_IS_CONTINUOUS_IN_T.md	48	research_record	1	unresolved	keep	record_or_owning_guide	static_inbound_link_scan_at_d17910d3
research/records/2026-09-02_THE_RECTANGLE_WINDS_ONCE.md	68	research_record	1	unresolved	keep	record_or_owning_guide	static_inbound_link_scan_at_d17910d3
research/records/2026-09-02_THE_RELEVANCE_BUDGET_THE_COMPLEMENT_OF_A_BAND_RECEIVES_AT_MOST_HALF_THE_BANDS_INITIAL_MASS.md	41	research_record	1	unresolved	keep	record_or_owning_guide	static_inbound_link_scan_at_d17910d3
research/records/2026-09-02_THE_RH_ENTIRE_HEAT_FLOW_REQUIRES_THE_CRITICAL_COORDINATE_AND_REVERSES_STANDARD_TIME.md	104	research_record	3	unresolved	keep	record_or_owning_guide	static_inbound_link_scan_at_d17910d3
research/records/2026-09-02_THE_RIEMANN_HYPOTHESIS_IS_THE_EMPTINESS_OF_THE_PAIR_POPULATION.md	44	research_record	1	unresolved	keep	record_or_owning_guide	static_inbound_link_scan_at_d17910d3
research/records/2026-09-02_THE_RIGHT_EDGE_OF_THE_RECTANGLE_IS_THE_PRIME_COMB.md	44	research_record	1	unresolved	keep	record_or_owning_guide	static_inbound_link_scan_at_d17910d3
research/records/2026-09-02_THE_SHELL_BUDGET_NESTED_BANDS_EXCHANGE_THROUGH_THE_DIFFERENCE_OF_THEIR_FRONTIER_CURRENTS.md	36	research_record	1	unresolved	keep	record_or_owning_guide	static_inbound_link_scan_at_d17910d3
research/records/2026-09-02_THE_SIGN_LAW_THE_FUNCTIONAL_EQUATION_SIGN_IS_THE_PARITY_OF_THE_ANALYTIC_RANK.md	52	research_record	1	unresolved	keep	record_or_owning_guide	static_inbound_link_scan_at_d17910d3
research/records/2026-09-02_THE_SPECTRAL_KERNEL_DECAYS_ON_EVERY_STRIP.md	61	research_record	1	unresolved	keep	record_or_owning_guide	static_inbound_link_scan_at_d17910d3
research/records/2026-09-02_THE_TAIL_ENERGY_IS_BOUNDED_BY_THE_TOTAL_HALF_RADIUS_COST_AND_THE_CROSS_TERM_COLLAPSES_INTO_BARYCENTRIC_GEOMETRY.md	65	research_record	1	unresolved	keep	record_or_owning_guide	static_inbound_link_scan_at_d17910d3
research/records/2026-09-02_THE_TWO_VERTICAL_EDGES_FOLD_ONTO_THE_PRIME_COMB.md	63	research_record	1	unresolved	keep	record_or_owning_guide	static_inbound_link_scan_at_d17910d3
research/records/2026-09-02_THE_VELOCITY_MASS_IS_PAID_BY_THE_KINETIC_ENERGY_AT_THE_START_OF_THE_TAIL.md	47	research_record	1	unresolved	keep	record_or_owning_guide	static_inbound_link_scan_at_d17910d3
research/records/2026-09-02_THE_WEIGHTED_YOUNG_PAYS_THE_FOURTH_MOMENT_OF_THE_ADVECTION_BY_THE_SECOND_MOMENT_AGAINST_THE_ENSTROPHY.md	45	research_record	1	unresolved	keep	record_or_owning_guide	static_inbound_link_scan_at_d17910d3
research/records/2026-09-02_THE_WEIGHT_SIX_YOUNG_PAYS_THE_SOURCE_OF_THE_MODAL_EQUATION_BY_THE_FOURTH_AND_SIXTH_MOMENTS.md	44	research_record	1	unresolved	keep	record_or_owning_guide	static_inbound_link_scan_at_d17910d3
research/records/2026-09-02_THE_WEIL_RECEIVER_IS_A_COMB_ON_LINE_DIAGONAL_PLUS_OFF_LINE_CROSS_TERM.md	49	research_record	1	unresolved	keep	record_or_owning_guide	static_inbound_link_scan_at_d17910d3
research/records/2026-09-02_THE_WEITZENBOCK_EVOLUTION_ALONG_THE_YANG_MILLS_DIRECTION_THE_CURVATURE_DIFFUSES_AND_INTERACTS_ONLY_THROUGH_ADJACENT_FACES.md	41	research_record	1	unresolved	keep	record_or_owning_guide	static_inbound_link_scan_at_d17910d3
research/records/2026-09-02_THE_XI_FUNCTION_COMMUTES_WITH_CONJUGATION_AND_EVERY_OFF_LINE_ZERO_CARRIES_A_FOUR_MEMBER_ORBIT.md	38	research_record	1	unresolved	keep	record_or_owning_guide	static_inbound_link_scan_at_d17910d3
research/records/2026-09-02_THE_YANG_MILLS_DIRECTION_IS_A_DESCENT_DIRECTION_FOR_THE_ENERGY.md	44	research_record	1	unresolved	keep	record_or_owning_guide	static_inbound_link_scan_at_d17910d3
research/records/2026-09-02_THE_YANG_MILLS_HESSIAN_THE_ENERGY_ALONG_ANY_LINEAR_PATH_IS_A_QUARTIC_WHOSE_SECOND_COEFFICIENT_IS_THE_LINEARIZED_WEITZENBOCK_FORM.md	43	research_record	1	unresolved	keep	record_or_owning_guide	static_inbound_link_scan_at_d17910d3
research/records/2026-09-02_THE_YOUNG_SOURCE_IS_PAID_BY_THE_SIXTH_MOMENT_TIMES_THE_SECOND_MOMENT_AND_THE_ZERO_MODE.md	46	research_record	1	unresolved	keep	record_or_owning_guide	static_inbound_link_scan_at_d17910d3
research/records/2026-09-02_UNDER_THE_RANK_CLAUSE_THE_SIGN_IS_THE_PARITY_OF_THE_ALGEBRAIC_RANK.md	42	research_record	1	unresolved	keep	record_or_owning_guide	static_inbound_link_scan_at_d17910d3
research/records/2026-09-02_WEIGHT_MATRICES_ARE_FLUX_CROSS_SECTIONS_IN_MOTION_AND_MORPHOLOGY_PACKAGES_ARE_MORPHOLOGY_HOLONS.md	140	research_record	1	unresolved	keep	record_or_owning_guide	static_inbound_link_scan_at_d17910d3
research/records/2026-09-02_WRD0_THE_JUNCTION_RETURN_HALTS_AT_A_MATCH_AND_THE_ROUTE_DEPOSIT_TELESCOPES_TO_ITS_ENDS.md	51	research_record	0	unresolved	unresolved_unique_result_audit	record_or_owning_guide	static_inbound_link_scan_at_d17910d3
research/records/2026-09-02_WRD1_THE_LEAN_MATERIAL_MOUTH_FOUNDS_THE_CARRIER_POPULATION_FROM_THE_DECLARATION_LATTICE.md	45	research_record	0	unresolved	unresolved_unique_result_audit	record_or_owning_guide	static_inbound_link_scan_at_d17910d3
research/records/2026-09-02_WRD2_THE_CANDIDATE_RENDER_IS_A_FUNCTION_OF_THE_SUPPLIED_ROUTE.md	30	research_record	0	unresolved	unresolved_unique_result_audit	record_or_owning_guide	static_inbound_link_scan_at_d17910d3
research/records/2026-09-02_WRD3_THE_JUNCTION_COUNTS_EMISSIONS_AND_THE_RETURNED_INTERACTION_IS_DERIVED_NOT_TYPED.md	59	research_record	0	unresolved	unresolved_unique_result_audit	record_or_owning_guide	static_inbound_link_scan_at_d17910d3
research/records/2026-09-02_WRD4_THE_KERNEL_RETURN_DEPOSITS_ON_THE_ROUTE_IT_CROSSED_AND_LATER_CURRENT_REACHES_IT_ONLY_AT_THAT_CROSSING.md	97	research_record	0	unresolved	unresolved_unique_result_audit	record_or_owning_guide	static_inbound_link_scan_at_d17910d3
research/records/2026-09-02_WRD5_THE_WORLD_RETURN_CAMPAIGN_RELEASES_UNDER_THE_NINE_GATES.md	75	research_record	0	unresolved	unresolved_unique_result_audit	record_or_owning_guide	static_inbound_link_scan_at_d17910d3
research/records/2026-09-02_XI_HAS_ORDER_ONE_GROWTH_AND_ITS_HEAT_FLOW_IS_ENTIRE.md	59	research_record	1	unresolved	keep	record_or_owning_guide	static_inbound_link_scan_at_d17910d3
research/records/2026-09-02_XI_IS_NOT_SMALL_ON_THE_LINE_RE_S_EQUALS_TWO.md	54	research_record	1	unresolved	keep	record_or_owning_guide	static_inbound_link_scan_at_d17910d3
research/records/2026-09-02_YOUNG_ON_THE_FEED_PAYS_THE_WEIGHTED_FEED_ENERGY_WITHOUT_A_COUNT_OF_RECEIVERS.md	53	research_record	1	unresolved	keep	record_or_owning_guide	static_inbound_link_scan_at_d17910d3
research/records/2026-09-02_YOUNG_ON_THE_LATTICE_FOR_COMPLETE_POPULATIONS_PAYS_THE_WHOLE_FEED.md	42	research_record	1	unresolved	keep	record_or_owning_guide	static_inbound_link_scan_at_d17910d3
research/records/2026-09-02_ZERO_COUNT_PARITY_THE_MULTIPLICITY_WEIGHTED_COUNT_IN_A_CENTRED_DISC_HAS_THE_PARITY_OF_THE_ON_LINE_COUNT.md	53	research_record	1	unresolved	keep	record_or_owning_guide	static_inbound_link_scan_at_d17910d3
research/records/2026-09-02_ZERO_VELOCITY_OF_H_T_ALONG_A_CURVE_OF_SIMPLE_ZEROS.md	48	research_record	1	unresolved	keep	record_or_owning_guide	static_inbound_link_scan_at_d17910d3
research/records/2026-09-03_DB0_DE_BRUIJNS_HALF_IS_FOUR_STEPS_FROM_THE_STRIP_TO_THE_GAUSSIAN_AND_EVERY_STEP_HAS_AN_OWNER.md	58	research_record	0	unresolved	unresolved_unique_result_audit	record_or_owning_guide	static_inbound_link_scan_at_d17910d3
research/records/2026-09-03_DB3_THE_AVERAGE_CONTRACTS_THE_STRIP_OF_EVERY_MEMBER_AND_N_SQUARED_AVERAGES_PUT_THE_ZEROS_OF_XI_ON_THE_SEAM.md	88	research_record	0	unresolved	unresolved_unique_result_audit	record_or_owning_guide	static_inbound_link_scan_at_d17910d3
research/records/2026-09-03_DB4_THE_GAUSSIAN_IS_THE_LIMIT_OF_THE_COSH_POWERS_AND_ONE_EIGHTH_IS_A_SEAM_TIME.md	53	research_record	0	unresolved	unresolved_unique_result_audit	record_or_owning_guide	static_inbound_link_scan_at_d17910d3
research/records/2026-09-03_DB5_THE_LAST_PORT_IS_DISCHARGED_RH_IS_LAMBDA_DN_EQUALS_ZERO_WITH_NO_PORT_AND_THE_TREE_TIME_IS_THE_STANDARD_TIME_OVER_FOUR.md	75	research_record	1	unresolved	keep	record_or_owning_guide	static_inbound_link_scan_at_d17910d3
research/records/2026-09-03_FT0_THE_ZEROS_ARE_FOSTER_TANKS_AND_THE_PAIRED_LANDAU_FORM_CARRIES_THE_REMAINDER.md	89	research_record	1	unresolved	keep	record_or_owning_guide	static_inbound_link_scan_at_d17910d3
research/records/2026-09-03_FT1_THE_CENTRE_IS_POSITIVE_THE_COUNT_IS_R_LOG_R_AND_THE_INVERSE_SQUARES_CONVERGE.md	85	research_record	0	unresolved	unresolved_unique_result_audit	record_or_owning_guide	static_inbound_link_scan_at_d17910d3
research/records/2026-09-03_FT2_THE_PAIRED_CANONICAL_PRODUCT_IS_ENTIRE_AND_ITS_LOG_DERIVATIVE_IS_THE_FOSTER_SERIES.md	74	research_record	0	unresolved	unresolved_unique_result_audit	record_or_owning_guide	static_inbound_link_scan_at_d17910d3
research/records/2026-09-03_FT3_HADAMARD_HOLDS_THE_FOSTER_FORM_IS_THE_LOG_DERIVATIVE_AND_THE_COMB_FLUX_IS_THE_VELOCITY_AT_A_SIMPLE_ZERO.md	131	research_record	1	unresolved	keep	record_or_owning_guide	static_inbound_link_scan_at_d17910d3
research/records/2026-09-03_FT4_THE_FLOW_NEVER_CREATES_A_PAIR_THE_SEAM_TIMES_ARE_A_CLOSED_UP_SET_AND_RH_IS_THE_THRESHOLD_GIVEN_ONE_SEAM_TIME.md	120	research_record	1	unresolved	keep	record_or_owning_guide	static_inbound_link_scan_at_d17910d3
research/records/2026-09-03_FT4_THE_FOSTER_CLASS_HOLDS_EVERY_FLOWED_XI_THE_KERNEL_IS_POSITIVE_AND_THE_PORT_IS_A_THEOREM.md	115	research_record	1	unresolved	keep	record_or_owning_guide	static_inbound_link_scan_at_d17910d3
research/records/2026-09-03_FT5_THE_FLOWED_INTEGER_EVENTS_SUM_TO_THE_FLOW_ON_ONE_SIDE_AND_DIVERGE_ON_THE_DESCENT_SIDE.md	81	research_record	0	unresolved	unresolved_unique_result_audit	record_or_owning_guide	static_inbound_link_scan_at_d17910d3
research/records/2026-09-03_FT6_THE_THRESHOLD_IS_RH_GIVEN_THE_TWO_STANDING_THEOREMS_AND_THE_MISSING_INEQUALITY_IS_THE_CONJECTURE.md	72	research_record	0	unresolved	unresolved_unique_result_audit	record_or_owning_guide	static_inbound_link_scan_at_d17910d3
research/records/2026-09-03_RT0_THE_TWO_PUBLISHED_PROOFS_ARE_MAPPED_TO_OWNERS_AND_THE_DESCENT_ROUTE_IS_FOUNDED_ON_THE_FLOWED_INTEGER_EVENTS.md	84	research_record	0	unresolved	unresolved_unique_result_audit	record_or_owning_guide	static_inbound_link_scan_at_d17910d3
research/records/2026-09-03_RT1_THE_DESCENT_COMB_CONVERGES_ABSOLUTELY_AT_EVERY_POINT_AND_EACH_EVENT_CARRIES_A_GAUSSIAN_WEIGHT_IN_N.md	74	research_record	0	unresolved	unresolved_unique_result_audit	record_or_owning_guide	static_inbound_link_scan_at_d17910d3
research/records/2026-09-03_RT2_STIRLING_HOLDS_ON_THE_SECTOR_WITH_THE_REMAINDER_EXHIBITED_AND_NO_LOGARITHM_OF_GAMMA_IS_TAKEN.md	70	research_record	0	unresolved	unresolved_unique_result_audit	record_or_owning_guide	static_inbound_link_scan_at_d17910d3
research/records/2026-09-03_RT3_EVERY_FLOWED_INTEGER_EVENT_IS_ITS_STEEPEST_DESCENT_MAIN_TERM_ON_THREE_RANGES_WITH_THE_DEFECT_EXHIBITED.md	125	research_record	1	unresolved	keep	record_or_owning_guide	static_inbound_link_scan_at_d17910d3
research/records/2026-09-03_RT4_THE_FLOWED_XI_AFTER_THE_SHIFT_IS_GAMMA_TIMES_THE_MAIN_SERIES_PLUS_A_REMAINDER_THAT_VANISHES_UNIFORMLY_ON_EVERY_STRIP.md	76	research_record	0	unresolved	unresolved_unique_result_audit	record_or_owning_guide	static_inbound_link_scan_at_d17910d3
research/records/2026-09-03_RT5_THE_MAIN_SERIES_HAS_A_ZERO_BY_THE_HARMONIC_LOGARITHM_AND_ZEROS_AT_EVERY_HEIGHT_BY_BOHR_ALMOST_PERIODS.md	86	research_record	0	unresolved	unresolved_unique_result_audit	record_or_owning_guide	static_inbound_link_scan_at_d17910d3
research/records/2026-09-03_RT6_EVERY_NEGATIVE_TIME_HAS_AN_OFF_SEAM_ZERO_AND_THE_THRESHOLD_IS_NONNEGATIVE_ON_THE_THREE_AXIOMS.md	77	research_record	0	unresolved	unresolved_unique_result_audit	record_or_owning_guide	static_inbound_link_scan_at_d17910d3
research/records/2026-09-03_SKE0_THE_EXCITATION_FOUNDED_QUOTIENT_RETURNED_SIGNATURE_IDENTITY_INTERVENTION_CONES_AND_THE_FAITHFUL_PRODUCTIVE_LANE.md	56	research_record	0	unresolved	unresolved_unique_result_audit	record_or_owning_guide	static_inbound_link_scan_at_d17910d3
research/records/2026-09-03_SKE1_THE_RETURN_CROSSED_EVERY_REACTION_OF_THE_CYCLE_AND_DEPOSITED_ON_EVERY_CROSS_SECTION.md	89	research_record	0	unresolved	unresolved_unique_result_audit	record_or_owning_guide	static_inbound_link_scan_at_d17910d3
research/records/2026-09-03_SKE2_THE_CONE_IS_FOUNDED_BY_JOINT_WITHDRAWAL_ALONG_THE_EXCITATION_AND_A_PER_POPULATION_SUPPORT_IS_NOT_A_CONE.md	128	research_record	1	unresolved	keep	record_or_owning_guide	static_inbound_link_scan_at_d17910d3
research/records/2026-09-03_SKE2_receipts/occ0.json	12869	research_record	0	unresolved	unresolved_unique_result_audit	record_or_owning_guide	static_inbound_link_scan_at_d17910d3
research/records/2026-09-03_SKE2_receipts/occ1.json	12869	research_record	0	unresolved	unresolved_unique_result_audit	record_or_owning_guide	static_inbound_link_scan_at_d17910d3
research/records/2026-09-03_SKE2_receipts/occ2.json	12869	research_record	0	unresolved	unresolved_unique_result_audit	record_or_owning_guide	static_inbound_link_scan_at_d17910d3
research/records/2026-09-03_SKE2_receipts/occ3.json	12869	research_record	0	unresolved	unresolved_unique_result_audit	record_or_owning_guide	static_inbound_link_scan_at_d17910d3
research/records/2026-09-03_SKE2_receipts/occ4.json	12869	research_record	0	unresolved	unresolved_unique_result_audit	record_or_owning_guide	static_inbound_link_scan_at_d17910d3
research/records/2026-09-03_SKE3_THE_SIGNATURE_QUOTIENT_IDENTIFIED_TWO_VARIANTS_UNDER_THE_EMPTY_HISTORY_AND_A_DECLARED_HISTORY_REOPENED_THEM.md	93	research_record	0	unresolved	unresolved_unique_result_audit	record_or_owning_guide	static_inbound_link_scan_at_d17910d3
research/records/2026-09-03_SKE3_receipts/occ0_h0.json	1	research_record	0	unresolved	unresolved_unique_result_audit	record_or_owning_guide	static_inbound_link_scan_at_d17910d3
research/records/2026-09-03_SKE3_receipts/occ0_h1.json	1	research_record	0	unresolved	unresolved_unique_result_audit	record_or_owning_guide	static_inbound_link_scan_at_d17910d3
research/records/2026-09-03_SKE3_receipts/occ0_h2.json	1	research_record	0	unresolved	unresolved_unique_result_audit	record_or_owning_guide	static_inbound_link_scan_at_d17910d3
research/records/2026-09-03_SKE3_receipts/occ1_h0.json	1	research_record	0	unresolved	unresolved_unique_result_audit	record_or_owning_guide	static_inbound_link_scan_at_d17910d3
research/records/2026-09-03_SKE3_receipts/occ1_h1.json	1	research_record	0	unresolved	unresolved_unique_result_audit	record_or_owning_guide	static_inbound_link_scan_at_d17910d3
research/records/2026-09-03_SKE3_receipts/occ1_h2.json	1	research_record	0	unresolved	unresolved_unique_result_audit	record_or_owning_guide	static_inbound_link_scan_at_d17910d3
research/records/2026-09-03_SKE3_receipts/occ2_h0.json	1	research_record	0	unresolved	unresolved_unique_result_audit	record_or_owning_guide	static_inbound_link_scan_at_d17910d3
research/records/2026-09-03_SKE3_receipts/occ2_h1.json	1	research_record	0	unresolved	unresolved_unique_result_audit	record_or_owning_guide	static_inbound_link_scan_at_d17910d3
research/records/2026-09-03_SKE3_receipts/occ2_h2.json	1	research_record	0	unresolved	unresolved_unique_result_audit	record_or_owning_guide	static_inbound_link_scan_at_d17910d3
research/records/2026-09-03_SKE3_receipts/occ3_h0.json	1	research_record	0	unresolved	unresolved_unique_result_audit	record_or_owning_guide	static_inbound_link_scan_at_d17910d3
research/records/2026-09-03_SKE3_receipts/occ3_h1.json	1	research_record	0	unresolved	unresolved_unique_result_audit	record_or_owning_guide	static_inbound_link_scan_at_d17910d3
research/records/2026-09-03_SKE3_receipts/occ3_h2.json	1	research_record	0	unresolved	unresolved_unique_result_audit	record_or_owning_guide	static_inbound_link_scan_at_d17910d3
research/records/2026-09-03_SKE3_receipts/occ4_h0.json	1	research_record	0	unresolved	unresolved_unique_result_audit	record_or_owning_guide	static_inbound_link_scan_at_d17910d3
research/records/2026-09-03_SKE3_receipts/occ4_h1.json	1	research_record	0	unresolved	unresolved_unique_result_audit	record_or_owning_guide	static_inbound_link_scan_at_d17910d3
research/records/2026-09-03_SKE3_receipts/occ4_h2.json	1	research_record	0	unresolved	unresolved_unique_result_audit	record_or_owning_guide	static_inbound_link_scan_at_d17910d3
research/records/2026-09-03_SKE3_receipts/quotient.json	1	research_record	0	unresolved	unresolved_unique_result_audit	record_or_owning_guide	static_inbound_link_scan_at_d17910d3
research/records/2026-09-03_SKE4_THE_DECLARED_WITHDRAWALS_FOUND_ROLE_CONES_THE_CLASS_BODIES_CARRY_THEIR_REMAINDER_AND_THE_RETURN_CROSSES_THE_BOUNDARY.md	209	research_record	2	unresolved	keep	record_or_owning_guide	static_inbound_link_scan_at_d17910d3
research/records/2026-09-03_SKE4_THE_SESSION_RUNS_AS_SEGMENTS_UNDER_THE_2026-08-18_CONTRACT_AND_THE_FACE_ALONE_CROSSES_TO_THE_HOST.md	123	research_record	3	unresolved	keep	record_or_owning_guide	static_inbound_link_scan_at_d17910d3
research/records/2026-09-03_SKE4_receipts/hna5_application_matrix_segments.json	44	research_record	0	unresolved	unresolved_unique_result_audit	record_or_owning_guide	static_inbound_link_scan_at_d17910d3
research/records/2026-09-03_SKE4_receipts/per_operation_agreement_with_the_committed_session.json	14	research_record	0	unresolved	unresolved_unique_result_audit	record_or_owning_guide	static_inbound_link_scan_at_d17910d3
research/records/2026-09-03_SKE4_receipts/prefix_declaration_at_637_roles/exposure_occ0_hist0.json	1	research_record	0	unresolved	unresolved_unique_result_audit	record_or_owning_guide	static_inbound_link_scan_at_d17910d3
research/records/2026-09-03_SKE4_receipts/prefix_declaration_at_637_roles/exposure_occ0_hist1.json	1	research_record	0	unresolved	unresolved_unique_result_audit	record_or_owning_guide	static_inbound_link_scan_at_d17910d3
research/records/2026-09-03_SKE4_receipts/prefix_declaration_at_637_roles/exposure_occ0_hist2.json	1	research_record	0	unresolved	unresolved_unique_result_audit	record_or_owning_guide	static_inbound_link_scan_at_d17910d3
research/records/2026-09-03_SKE4_receipts/prefix_declaration_at_637_roles/exposure_occ1_hist0.json	1	research_record	0	unresolved	unresolved_unique_result_audit	record_or_owning_guide	static_inbound_link_scan_at_d17910d3
research/records/2026-09-03_SKE4_receipts/prefix_declaration_at_637_roles/exposure_occ1_hist1.json	1	research_record	0	unresolved	unresolved_unique_result_audit	record_or_owning_guide	static_inbound_link_scan_at_d17910d3
research/records/2026-09-03_SKE4_receipts/prefix_declaration_at_637_roles/exposure_occ1_hist2.json	1	research_record	0	unresolved	unresolved_unique_result_audit	record_or_owning_guide	static_inbound_link_scan_at_d17910d3
research/records/2026-09-03_SKE4_receipts/prefix_declaration_at_637_roles/exposure_occ2_hist0.json	1	research_record	0	unresolved	unresolved_unique_result_audit	record_or_owning_guide	static_inbound_link_scan_at_d17910d3
research/records/2026-09-03_SKE4_receipts/prefix_declaration_at_637_roles/exposure_occ2_hist1.json	1	research_record	0	unresolved	unresolved_unique_result_audit	record_or_owning_guide	static_inbound_link_scan_at_d17910d3
research/records/2026-09-03_SKE4_receipts/prefix_declaration_at_637_roles/exposure_occ2_hist2.json	1	research_record	0	unresolved	unresolved_unique_result_audit	record_or_owning_guide	static_inbound_link_scan_at_d17910d3
research/records/2026-09-03_SKE4_receipts/prefix_declaration_at_637_roles/exposure_occ3_hist0.json	1	research_record	0	unresolved	unresolved_unique_result_audit	record_or_owning_guide	static_inbound_link_scan_at_d17910d3
research/records/2026-09-03_SKE4_receipts/prefix_declaration_at_637_roles/exposure_occ3_hist1.json	1	research_record	0	unresolved	unresolved_unique_result_audit	record_or_owning_guide	static_inbound_link_scan_at_d17910d3
research/records/2026-09-03_SKE4_receipts/prefix_declaration_at_637_roles/exposure_occ3_hist2.json	1	research_record	0	unresolved	unresolved_unique_result_audit	record_or_owning_guide	static_inbound_link_scan_at_d17910d3
research/records/2026-09-03_SKE4_receipts/prefix_declaration_at_637_roles/exposure_occ4_hist0.json	1	research_record	0	unresolved	unresolved_unique_result_audit	record_or_owning_guide	static_inbound_link_scan_at_d17910d3
research/records/2026-09-03_SKE4_receipts/prefix_declaration_at_637_roles/exposure_occ4_hist1.json	1	research_record	0	unresolved	unresolved_unique_result_audit	record_or_owning_guide	static_inbound_link_scan_at_d17910d3
research/records/2026-09-03_SKE4_receipts/prefix_declaration_at_637_roles/exposure_occ4_hist2.json	1	research_record	0	unresolved	unresolved_unique_result_audit	record_or_owning_guide	static_inbound_link_scan_at_d17910d3
research/records/2026-09-03_SKE4_receipts/prefix_declaration_at_637_roles/found_round0.json	296	research_record	0	unresolved	unresolved_unique_result_audit	record_or_owning_guide	static_inbound_link_scan_at_d17910d3
research/records/2026-09-03_SKE4_receipts/prefix_declaration_at_637_roles/order_class0.json	1	research_record	0	unresolved	unresolved_unique_result_audit	record_or_owning_guide	static_inbound_link_scan_at_d17910d3
research/records/2026-09-03_SKE4_receipts/prefix_declaration_at_637_roles/order_class1.json	1	research_record	0	unresolved	unresolved_unique_result_audit	record_or_owning_guide	static_inbound_link_scan_at_d17910d3
research/records/2026-09-03_SKE4_receipts/prefix_declaration_at_637_roles/order_class2.json	1	research_record	0	unresolved	unresolved_unique_result_audit	record_or_owning_guide	static_inbound_link_scan_at_d17910d3
research/records/2026-09-03_SKE4_receipts/prefix_declaration_at_637_roles/order_class3.json	1	research_record	0	unresolved	unresolved_unique_result_audit	record_or_owning_guide	static_inbound_link_scan_at_d17910d3
research/records/2026-09-03_SKE4_receipts/prefix_declaration_at_637_roles/order_class4.json	1	research_record	0	unresolved	unresolved_unique_result_audit	record_or_owning_guide	static_inbound_link_scan_at_d17910d3
research/records/2026-09-03_SKE4_receipts/prefix_declaration_at_637_roles/order_family.json	1	research_record	0	unresolved	unresolved_unique_result_audit	record_or_owning_guide	static_inbound_link_scan_at_d17910d3
research/records/2026-09-03_SKE4_receipts/prefix_declaration_at_637_roles/orders.json	28	research_record	0	unresolved	unresolved_unique_result_audit	record_or_owning_guide	static_inbound_link_scan_at_d17910d3
research/records/2026-09-03_SKE4_receipts/prefix_declaration_at_637_roles/probe_order_class0_occ0_hist0.json	1	research_record	0	unresolved	unresolved_unique_result_audit	record_or_owning_guide	static_inbound_link_scan_at_d17910d3
research/records/2026-09-03_SKE4_receipts/prefix_declaration_at_637_roles/probe_order_class0_occ0_hist1.json	1	research_record	0	unresolved	unresolved_unique_result_audit	record_or_owning_guide	static_inbound_link_scan_at_d17910d3
research/records/2026-09-03_SKE4_receipts/prefix_declaration_at_637_roles/probe_order_class0_occ0_hist2.json	1	research_record	0	unresolved	unresolved_unique_result_audit	record_or_owning_guide	static_inbound_link_scan_at_d17910d3
research/records/2026-09-03_SKE4_receipts/prefix_declaration_at_637_roles/probe_order_class1_occ1_hist0.json	1	research_record	0	unresolved	unresolved_unique_result_audit	record_or_owning_guide	static_inbound_link_scan_at_d17910d3
research/records/2026-09-03_SKE4_receipts/prefix_declaration_at_637_roles/probe_order_class1_occ1_hist1.json	1	research_record	0	unresolved	unresolved_unique_result_audit	record_or_owning_guide	static_inbound_link_scan_at_d17910d3
research/records/2026-09-03_SKE4_receipts/prefix_declaration_at_637_roles/probe_order_class1_occ1_hist2.json	1	research_record	0	unresolved	unresolved_unique_result_audit	record_or_owning_guide	static_inbound_link_scan_at_d17910d3
research/records/2026-09-03_SKE4_receipts/prefix_declaration_at_637_roles/probe_order_class2_occ2_hist0.json	1	research_record	0	unresolved	unresolved_unique_result_audit	record_or_owning_guide	static_inbound_link_scan_at_d17910d3
research/records/2026-09-03_SKE4_receipts/prefix_declaration_at_637_roles/probe_order_class2_occ2_hist1.json	1	research_record	0	unresolved	unresolved_unique_result_audit	record_or_owning_guide	static_inbound_link_scan_at_d17910d3
research/records/2026-09-03_SKE4_receipts/prefix_declaration_at_637_roles/probe_order_class2_occ2_hist2.json	1	research_record	0	unresolved	unresolved_unique_result_audit	record_or_owning_guide	static_inbound_link_scan_at_d17910d3
research/records/2026-09-03_SKE4_receipts/prefix_declaration_at_637_roles/probe_order_class3_occ3_hist0.json	1	research_record	0	unresolved	unresolved_unique_result_audit	record_or_owning_guide	static_inbound_link_scan_at_d17910d3
research/records/2026-09-03_SKE4_receipts/prefix_declaration_at_637_roles/probe_order_class3_occ3_hist1.json	1	research_record	0	unresolved	unresolved_unique_result_audit	record_or_owning_guide	static_inbound_link_scan_at_d17910d3
research/records/2026-09-03_SKE4_receipts/prefix_declaration_at_637_roles/probe_order_class3_occ3_hist2.json	1	research_record	0	unresolved	unresolved_unique_result_audit	record_or_owning_guide	static_inbound_link_scan_at_d17910d3
research/records/2026-09-03_SKE4_receipts/prefix_declaration_at_637_roles/probe_order_class4_occ4_hist0.json	1	research_record	0	unresolved	unresolved_unique_result_audit	record_or_owning_guide	static_inbound_link_scan_at_d17910d3
research/records/2026-09-03_SKE4_receipts/prefix_declaration_at_637_roles/probe_order_class4_occ4_hist1.json	1	research_record	0	unresolved	unresolved_unique_result_audit	record_or_owning_guide	static_inbound_link_scan_at_d17910d3
research/records/2026-09-03_SKE4_receipts/prefix_declaration_at_637_roles/probe_order_class4_occ4_hist2.json	1	research_record	0	unresolved	unresolved_unique_result_audit	record_or_owning_guide	static_inbound_link_scan_at_d17910d3
research/records/2026-09-03_SKE4_receipts/prefix_declaration_at_637_roles/probe_order_family_occ0_hist0.json	1	research_record	0	unresolved	unresolved_unique_result_audit	record_or_owning_guide	static_inbound_link_scan_at_d17910d3
research/records/2026-09-03_SKE4_receipts/prefix_declaration_at_637_roles/probe_order_family_occ0_hist1.json	1	research_record	0	unresolved	unresolved_unique_result_audit	record_or_owning_guide	static_inbound_link_scan_at_d17910d3
research/records/2026-09-03_SKE4_receipts/prefix_declaration_at_637_roles/probe_order_family_occ0_hist2.json	1	research_record	0	unresolved	unresolved_unique_result_audit	record_or_owning_guide	static_inbound_link_scan_at_d17910d3
research/records/2026-09-03_SKE4_receipts/prefix_declaration_at_637_roles/probe_order_family_occ1_hist0.json	1	research_record	0	unresolved	unresolved_unique_result_audit	record_or_owning_guide	static_inbound_link_scan_at_d17910d3
research/records/2026-09-03_SKE4_receipts/prefix_declaration_at_637_roles/probe_order_family_occ1_hist1.json	1	research_record	0	unresolved	unresolved_unique_result_audit	record_or_owning_guide	static_inbound_link_scan_at_d17910d3
research/records/2026-09-03_SKE4_receipts/prefix_declaration_at_637_roles/probe_order_family_occ1_hist2.json	1	research_record	0	unresolved	unresolved_unique_result_audit	record_or_owning_guide	static_inbound_link_scan_at_d17910d3
research/records/2026-09-03_SKE4_receipts/prefix_declaration_at_637_roles/probe_order_family_occ2_hist0.json	1	research_record	0	unresolved	unresolved_unique_result_audit	record_or_owning_guide	static_inbound_link_scan_at_d17910d3
research/records/2026-09-03_SKE4_receipts/prefix_declaration_at_637_roles/probe_order_family_occ2_hist1.json	1	research_record	0	unresolved	unresolved_unique_result_audit	record_or_owning_guide	static_inbound_link_scan_at_d17910d3
research/records/2026-09-03_SKE4_receipts/prefix_declaration_at_637_roles/probe_order_family_occ2_hist2.json	1	research_record	0	unresolved	unresolved_unique_result_audit	record_or_owning_guide	static_inbound_link_scan_at_d17910d3
research/records/2026-09-03_SKE4_receipts/prefix_declaration_at_637_roles/probe_order_family_occ3_hist0.json	1	research_record	0	unresolved	unresolved_unique_result_audit	record_or_owning_guide	static_inbound_link_scan_at_d17910d3
research/records/2026-09-03_SKE4_receipts/prefix_declaration_at_637_roles/probe_order_family_occ3_hist1.json	1	research_record	0	unresolved	unresolved_unique_result_audit	record_or_owning_guide	static_inbound_link_scan_at_d17910d3
research/records/2026-09-03_SKE4_receipts/prefix_declaration_at_637_roles/probe_order_family_occ3_hist2.json	1	research_record	0	unresolved	unresolved_unique_result_audit	record_or_owning_guide	static_inbound_link_scan_at_d17910d3
research/records/2026-09-03_SKE4_receipts/prefix_declaration_at_637_roles/probe_order_family_occ4_hist0.json	1	research_record	0	unresolved	unresolved_unique_result_audit	record_or_owning_guide	static_inbound_link_scan_at_d17910d3
research/records/2026-09-03_SKE4_receipts/prefix_declaration_at_637_roles/probe_order_family_occ4_hist1.json	1	research_record	0	unresolved	unresolved_unique_result_audit	record_or_owning_guide	static_inbound_link_scan_at_d17910d3
research/records/2026-09-03_SKE4_receipts/prefix_declaration_at_637_roles/probe_order_family_occ4_hist2.json	1	research_record	0	unresolved	unresolved_unique_result_audit	record_or_owning_guide	static_inbound_link_scan_at_d17910d3
research/records/2026-09-03_SKE4_receipts/role_cones/bodies.json	157	research_record	0	unresolved	unresolved_unique_result_audit	record_or_owning_guide	static_inbound_link_scan_at_d17910d3
research/records/2026-09-03_SKE4_receipts/role_cones/dismantle.json	130	research_record	0	unresolved	unresolved_unique_result_audit	record_or_owning_guide	static_inbound_link_scan_at_d17910d3
research/records/2026-09-03_SKE4_receipts/role_cones/exposure_occ0_hist0.json	1	research_record	0	unresolved	unresolved_unique_result_audit	record_or_owning_guide	static_inbound_link_scan_at_d17910d3
research/records/2026-09-03_SKE4_receipts/role_cones/exposure_occ0_hist1.json	1	research_record	0	unresolved	unresolved_unique_result_audit	record_or_owning_guide	static_inbound_link_scan_at_d17910d3
research/records/2026-09-03_SKE4_receipts/role_cones/exposure_occ0_hist2.json	1	research_record	0	unresolved	unresolved_unique_result_audit	record_or_owning_guide	static_inbound_link_scan_at_d17910d3
research/records/2026-09-03_SKE4_receipts/role_cones/exposure_occ1_hist0.json	1	research_record	0	unresolved	unresolved_unique_result_audit	record_or_owning_guide	static_inbound_link_scan_at_d17910d3
research/records/2026-09-03_SKE4_receipts/role_cones/exposure_occ1_hist1.json	1	research_record	0	unresolved	unresolved_unique_result_audit	record_or_owning_guide	static_inbound_link_scan_at_d17910d3
research/records/2026-09-03_SKE4_receipts/role_cones/exposure_occ1_hist2.json	1	research_record	0	unresolved	unresolved_unique_result_audit	record_or_owning_guide	static_inbound_link_scan_at_d17910d3
research/records/2026-09-03_SKE4_receipts/role_cones/exposure_occ2_hist0.json	1	research_record	0	unresolved	unresolved_unique_result_audit	record_or_owning_guide	static_inbound_link_scan_at_d17910d3
research/records/2026-09-03_SKE4_receipts/role_cones/exposure_occ2_hist1.json	1	research_record	0	unresolved	unresolved_unique_result_audit	record_or_owning_guide	static_inbound_link_scan_at_d17910d3
research/records/2026-09-03_SKE4_receipts/role_cones/exposure_occ2_hist2.json	1	research_record	0	unresolved	unresolved_unique_result_audit	record_or_owning_guide	static_inbound_link_scan_at_d17910d3
research/records/2026-09-03_SKE4_receipts/role_cones/exposure_occ3_hist0.json	1	research_record	0	unresolved	unresolved_unique_result_audit	record_or_owning_guide	static_inbound_link_scan_at_d17910d3
research/records/2026-09-03_SKE4_receipts/role_cones/exposure_occ3_hist1.json	1	research_record	0	unresolved	unresolved_unique_result_audit	record_or_owning_guide	static_inbound_link_scan_at_d17910d3
research/records/2026-09-03_SKE4_receipts/role_cones/exposure_occ3_hist2.json	1	research_record	0	unresolved	unresolved_unique_result_audit	record_or_owning_guide	static_inbound_link_scan_at_d17910d3
research/records/2026-09-03_SKE4_receipts/role_cones/exposure_occ4_hist0.json	1	research_record	0	unresolved	unresolved_unique_result_audit	record_or_owning_guide	static_inbound_link_scan_at_d17910d3
research/records/2026-09-03_SKE4_receipts/role_cones/exposure_occ4_hist1.json	1	research_record	0	unresolved	unresolved_unique_result_audit	record_or_owning_guide	static_inbound_link_scan_at_d17910d3
research/records/2026-09-03_SKE4_receipts/role_cones/exposure_occ4_hist2.json	1	research_record	0	unresolved	unresolved_unique_result_audit	record_or_owning_guide	static_inbound_link_scan_at_d17910d3
research/records/2026-09-03_SKE4_receipts/role_cones/extend_joint_order_class0.json	1	research_record	0	unresolved	unresolved_unique_result_audit	record_or_owning_guide	static_inbound_link_scan_at_d17910d3
research/records/2026-09-03_SKE4_receipts/role_cones/extend_joint_order_class1.json	1	research_record	0	unresolved	unresolved_unique_result_audit	record_or_owning_guide	static_inbound_link_scan_at_d17910d3
research/records/2026-09-03_SKE4_receipts/role_cones/extend_joint_order_class2.json	1	research_record	0	unresolved	unresolved_unique_result_audit	record_or_owning_guide	static_inbound_link_scan_at_d17910d3
research/records/2026-09-03_SKE4_receipts/role_cones/extend_joint_order_class3.json	1	research_record	0	unresolved	unresolved_unique_result_audit	record_or_owning_guide	static_inbound_link_scan_at_d17910d3
research/records/2026-09-03_SKE4_receipts/role_cones/extend_joint_order_class4.json	1	research_record	0	unresolved	unresolved_unique_result_audit	record_or_owning_guide	static_inbound_link_scan_at_d17910d3
research/records/2026-09-03_SKE4_receipts/role_cones/extend_joint_order_family.json	1	research_record	0	unresolved	unresolved_unique_result_audit	record_or_owning_guide	static_inbound_link_scan_at_d17910d3
research/records/2026-09-03_SKE4_receipts/role_cones/found.json	1084	research_record	0	unresolved	unresolved_unique_result_audit	record_or_owning_guide	static_inbound_link_scan_at_d17910d3
research/records/2026-09-03_SKE4_receipts/role_cones/order_class0.json	1	research_record	0	unresolved	unresolved_unique_result_audit	record_or_owning_guide	static_inbound_link_scan_at_d17910d3
research/records/2026-09-03_SKE4_receipts/role_cones/order_class1.json	1	research_record	0	unresolved	unresolved_unique_result_audit	record_or_owning_guide	static_inbound_link_scan_at_d17910d3
research/records/2026-09-03_SKE4_receipts/role_cones/order_class2.json	1	research_record	0	unresolved	unresolved_unique_result_audit	record_or_owning_guide	static_inbound_link_scan_at_d17910d3
research/records/2026-09-03_SKE4_receipts/role_cones/order_class3.json	1	research_record	0	unresolved	unresolved_unique_result_audit	record_or_owning_guide	static_inbound_link_scan_at_d17910d3
research/records/2026-09-03_SKE4_receipts/role_cones/order_class4.json	1	research_record	0	unresolved	unresolved_unique_result_audit	record_or_owning_guide	static_inbound_link_scan_at_d17910d3
research/records/2026-09-03_SKE4_receipts/role_cones/order_family.json	1	research_record	0	unresolved	unresolved_unique_result_audit	record_or_owning_guide	static_inbound_link_scan_at_d17910d3
research/records/2026-09-03_SKE4_receipts/role_cones/orders.json	28	research_record	0	unresolved	unresolved_unique_result_audit	record_or_owning_guide	static_inbound_link_scan_at_d17910d3
research/records/2026-09-03_SKE4_receipts/role_cones/remainder_occ0_hist0.bin	binary	research_record	0	unresolved	unresolved_unique_result_audit	record_or_owning_guide	static_inbound_link_scan_at_d17910d3
research/records/2026-09-03_SKE4_receipts/role_cones/remainder_occ0_hist1.bin	binary	research_record	0	unresolved	unresolved_unique_result_audit	record_or_owning_guide	static_inbound_link_scan_at_d17910d3
research/records/2026-09-03_SKE4_receipts/role_cones/remainder_occ0_hist2.bin	binary	research_record	0	unresolved	unresolved_unique_result_audit	record_or_owning_guide	static_inbound_link_scan_at_d17910d3
research/records/2026-09-03_SKE4_receipts/role_cones/remainder_occ1_hist0.bin	binary	research_record	0	unresolved	unresolved_unique_result_audit	record_or_owning_guide	static_inbound_link_scan_at_d17910d3
research/records/2026-09-03_SKE4_receipts/role_cones/remainder_occ1_hist1.bin	binary	research_record	0	unresolved	unresolved_unique_result_audit	record_or_owning_guide	static_inbound_link_scan_at_d17910d3
research/records/2026-09-03_SKE4_receipts/role_cones/remainder_occ1_hist2.bin	binary	research_record	0	unresolved	unresolved_unique_result_audit	record_or_owning_guide	static_inbound_link_scan_at_d17910d3
research/records/2026-09-03_SKE4_receipts/role_cones/remainder_occ2_hist0.bin	binary	research_record	0	unresolved	unresolved_unique_result_audit	record_or_owning_guide	static_inbound_link_scan_at_d17910d3
research/records/2026-09-03_SKE4_receipts/role_cones/remainder_occ2_hist1.bin	binary	research_record	0	unresolved	unresolved_unique_result_audit	record_or_owning_guide	static_inbound_link_scan_at_d17910d3
research/records/2026-09-03_SKE4_receipts/role_cones/remainder_occ2_hist2.bin	binary	research_record	0	unresolved	unresolved_unique_result_audit	record_or_owning_guide	static_inbound_link_scan_at_d17910d3
research/records/2026-09-03_SKE4_receipts/role_cones/remainder_occ3_hist0.bin	binary	research_record	0	unresolved	unresolved_unique_result_audit	record_or_owning_guide	static_inbound_link_scan_at_d17910d3
research/records/2026-09-03_SKE4_receipts/role_cones/remainder_occ3_hist1.bin	binary	research_record	0	unresolved	unresolved_unique_result_audit	record_or_owning_guide	static_inbound_link_scan_at_d17910d3
research/records/2026-09-03_SKE4_receipts/role_cones/remainder_occ3_hist2.bin	binary	research_record	0	unresolved	unresolved_unique_result_audit	record_or_owning_guide	static_inbound_link_scan_at_d17910d3
research/records/2026-09-03_SKE4_receipts/role_cones/remainder_occ4_hist0.bin	binary	research_record	0	unresolved	unresolved_unique_result_audit	record_or_owning_guide	static_inbound_link_scan_at_d17910d3
research/records/2026-09-03_SKE4_receipts/role_cones/remainder_occ4_hist1.bin	binary	research_record	0	unresolved	unresolved_unique_result_audit	record_or_owning_guide	static_inbound_link_scan_at_d17910d3
research/records/2026-09-03_SKE4_receipts/role_cones/remainder_occ4_hist2.bin	binary	research_record	0	unresolved	unresolved_unique_result_audit	record_or_owning_guide	static_inbound_link_scan_at_d17910d3
research/records/2026-09-03_SKE4_receipts/role_cones/remainders.json	1957	research_record	0	unresolved	unresolved_unique_result_audit	record_or_owning_guide	static_inbound_link_scan_at_d17910d3
research/records/2026-09-03_SKE4_receipts/role_cones/rest.sha256	1	research_record	0	unresolved	unresolved_unique_result_audit	record_or_owning_guide	static_inbound_link_scan_at_d17910d3
research/records/2026-09-03_SKE4_receipts/role_cones/roles_occ0_hist0.json	1	research_record	0	unresolved	unresolved_unique_result_audit	record_or_owning_guide	static_inbound_link_scan_at_d17910d3
research/records/2026-09-03_SKE4_receipts/role_cones/roles_occ0_hist1.json	1	research_record	0	unresolved	unresolved_unique_result_audit	record_or_owning_guide	static_inbound_link_scan_at_d17910d3
research/records/2026-09-03_SKE4_receipts/role_cones/roles_occ0_hist2.json	1	research_record	0	unresolved	unresolved_unique_result_audit	record_or_owning_guide	static_inbound_link_scan_at_d17910d3
research/records/2026-09-03_SKE4_receipts/role_cones/roles_occ1_hist0.json	1	research_record	0	unresolved	unresolved_unique_result_audit	record_or_owning_guide	static_inbound_link_scan_at_d17910d3
research/records/2026-09-03_SKE4_receipts/role_cones/roles_occ1_hist1.json	1	research_record	0	unresolved	unresolved_unique_result_audit	record_or_owning_guide	static_inbound_link_scan_at_d17910d3
research/records/2026-09-03_SKE4_receipts/role_cones/roles_occ1_hist2.json	1	research_record	0	unresolved	unresolved_unique_result_audit	record_or_owning_guide	static_inbound_link_scan_at_d17910d3
research/records/2026-09-03_SKE4_receipts/role_cones/roles_occ2_hist0.json	1	research_record	0	unresolved	unresolved_unique_result_audit	record_or_owning_guide	static_inbound_link_scan_at_d17910d3
research/records/2026-09-03_SKE4_receipts/role_cones/roles_occ2_hist1.json	1	research_record	0	unresolved	unresolved_unique_result_audit	record_or_owning_guide	static_inbound_link_scan_at_d17910d3
research/records/2026-09-03_SKE4_receipts/role_cones/roles_occ2_hist2.json	1	research_record	0	unresolved	unresolved_unique_result_audit	record_or_owning_guide	static_inbound_link_scan_at_d17910d3
research/records/2026-09-03_SKE4_receipts/role_cones/roles_occ3_hist0.json	1	research_record	0	unresolved	unresolved_unique_result_audit	record_or_owning_guide	static_inbound_link_scan_at_d17910d3
research/records/2026-09-03_SKE4_receipts/role_cones/roles_occ3_hist1.json	1	research_record	0	unresolved	unresolved_unique_result_audit	record_or_owning_guide	static_inbound_link_scan_at_d17910d3
research/records/2026-09-03_SKE4_receipts/role_cones/roles_occ3_hist2.json	1	research_record	0	unresolved	unresolved_unique_result_audit	record_or_owning_guide	static_inbound_link_scan_at_d17910d3
research/records/2026-09-03_SKE4_receipts/role_cones/roles_occ4_hist0.json	1	research_record	0	unresolved	unresolved_unique_result_audit	record_or_owning_guide	static_inbound_link_scan_at_d17910d3
research/records/2026-09-03_SKE4_receipts/role_cones/roles_occ4_hist1.json	1	research_record	0	unresolved	unresolved_unique_result_audit	record_or_owning_guide	static_inbound_link_scan_at_d17910d3
research/records/2026-09-03_SKE4_receipts/role_cones/roles_occ4_hist2.json	1	research_record	0	unresolved	unresolved_unique_result_audit	record_or_owning_guide	static_inbound_link_scan_at_d17910d3
research/records/2026-09-03_SKE4_receipts/role_cones/verify_occ0_hist0.json	1	research_record	0	unresolved	unresolved_unique_result_audit	record_or_owning_guide	static_inbound_link_scan_at_d17910d3
research/records/2026-09-03_SKE4_receipts/role_cones/verify_occ0_hist1.json	1	research_record	0	unresolved	unresolved_unique_result_audit	record_or_owning_guide	static_inbound_link_scan_at_d17910d3
research/records/2026-09-03_SKE4_receipts/role_cones/verify_occ0_hist2.json	1	research_record	0	unresolved	unresolved_unique_result_audit	record_or_owning_guide	static_inbound_link_scan_at_d17910d3
research/records/2026-09-03_SKE4_receipts/role_cones/verify_occ1_hist0.json	1	research_record	0	unresolved	unresolved_unique_result_audit	record_or_owning_guide	static_inbound_link_scan_at_d17910d3
research/records/2026-09-03_SKE4_receipts/role_cones/verify_occ1_hist1.json	1	research_record	0	unresolved	unresolved_unique_result_audit	record_or_owning_guide	static_inbound_link_scan_at_d17910d3
research/records/2026-09-03_SKE4_receipts/role_cones/verify_occ1_hist2.json	1	research_record	0	unresolved	unresolved_unique_result_audit	record_or_owning_guide	static_inbound_link_scan_at_d17910d3
research/records/2026-09-03_SKE4_receipts/role_cones/verify_occ2_hist0.json	1	research_record	0	unresolved	unresolved_unique_result_audit	record_or_owning_guide	static_inbound_link_scan_at_d17910d3
research/records/2026-09-03_SKE4_receipts/role_cones/verify_occ2_hist1.json	1	research_record	0	unresolved	unresolved_unique_result_audit	record_or_owning_guide	static_inbound_link_scan_at_d17910d3
research/records/2026-09-03_SKE4_receipts/role_cones/verify_occ2_hist2.json	1	research_record	0	unresolved	unresolved_unique_result_audit	record_or_owning_guide	static_inbound_link_scan_at_d17910d3
research/records/2026-09-03_SKE4_receipts/role_cones/verify_occ3_hist0.json	1	research_record	0	unresolved	unresolved_unique_result_audit	record_or_owning_guide	static_inbound_link_scan_at_d17910d3
research/records/2026-09-03_SKE4_receipts/role_cones/verify_occ3_hist1.json	1	research_record	0	unresolved	unresolved_unique_result_audit	record_or_owning_guide	static_inbound_link_scan_at_d17910d3
research/records/2026-09-03_SKE4_receipts/role_cones/verify_occ3_hist2.json	1	research_record	0	unresolved	unresolved_unique_result_audit	record_or_owning_guide	static_inbound_link_scan_at_d17910d3
research/records/2026-09-03_SKE4_receipts/role_cones/verify_occ4_hist0.json	1	research_record	0	unresolved	unresolved_unique_result_audit	record_or_owning_guide	static_inbound_link_scan_at_d17910d3
research/records/2026-09-03_SKE4_receipts/role_cones/verify_occ4_hist1.json	1	research_record	0	unresolved	unresolved_unique_result_audit	record_or_owning_guide	static_inbound_link_scan_at_d17910d3
research/records/2026-09-03_SKE4_receipts/role_cones/verify_occ4_hist2.json	1	research_record	0	unresolved	unresolved_unique_result_audit	record_or_owning_guide	static_inbound_link_scan_at_d17910d3
research/records/2026-09-03_SKE4_receipts/session_census_one_cycle_per_operation_baseline.json	13	research_record	0	unresolved	unresolved_unique_result_audit	record_or_owning_guide	static_inbound_link_scan_at_d17910d3
research/records/2026-09-03_SKE4_receipts/session_census_one_cycle_segments.json	17	research_record	0	unresolved	unresolved_unique_result_audit	record_or_owning_guide	static_inbound_link_scan_at_d17910d3
research/records/2026-09-03_SKE4_receipts/ske2_occurrence_0_segments.json	12664	research_record	0	unresolved	unresolved_unique_result_audit	record_or_owning_guide	static_inbound_link_scan_at_d17910d3
research/records/2026-09-03_SKE5_THE_COMPOSED_VARIANT_RUNS_THE_RECURRENCE_ON_THE_FAMILY_STATES_CONDENSATION_BY_ITS_REMAINDER_AND_IS_NOT_SATURATED.md	132	research_record	2	unresolved	keep	record_or_owning_guide	static_inbound_link_scan_at_d17910d3
research/records/2026-09-03_SKE5_receipts/composed_remainder_occ0_hist0.bin	binary	research_record	0	unresolved	unresolved_unique_result_audit	record_or_owning_guide	static_inbound_link_scan_at_d17910d3
research/records/2026-09-03_SKE5_receipts/composed_remainder_occ0_hist1.bin	binary	research_record	0	unresolved	unresolved_unique_result_audit	record_or_owning_guide	static_inbound_link_scan_at_d17910d3
research/records/2026-09-03_SKE5_receipts/composed_remainder_occ0_hist2.bin	binary	research_record	0	unresolved	unresolved_unique_result_audit	record_or_owning_guide	static_inbound_link_scan_at_d17910d3
research/records/2026-09-03_SKE5_receipts/composed_remainder_occ1_hist0.bin	binary	research_record	0	unresolved	unresolved_unique_result_audit	record_or_owning_guide	static_inbound_link_scan_at_d17910d3
research/records/2026-09-03_SKE5_receipts/composed_remainder_occ1_hist1.bin	binary	research_record	0	unresolved	unresolved_unique_result_audit	record_or_owning_guide	static_inbound_link_scan_at_d17910d3
research/records/2026-09-03_SKE5_receipts/composed_remainder_occ1_hist2.bin	binary	research_record	0	unresolved	unresolved_unique_result_audit	record_or_owning_guide	static_inbound_link_scan_at_d17910d3
research/records/2026-09-03_SKE5_receipts/composed_remainder_occ2_hist0.bin	binary	research_record	0	unresolved	unresolved_unique_result_audit	record_or_owning_guide	static_inbound_link_scan_at_d17910d3
research/records/2026-09-03_SKE5_receipts/composed_remainder_occ2_hist1.bin	binary	research_record	0	unresolved	unresolved_unique_result_audit	record_or_owning_guide	static_inbound_link_scan_at_d17910d3
research/records/2026-09-03_SKE5_receipts/composed_remainder_occ2_hist2.bin	binary	research_record	0	unresolved	unresolved_unique_result_audit	record_or_owning_guide	static_inbound_link_scan_at_d17910d3
research/records/2026-09-03_SKE5_receipts/composed_remainder_occ3_hist0.bin	binary	research_record	0	unresolved	unresolved_unique_result_audit	record_or_owning_guide	static_inbound_link_scan_at_d17910d3
research/records/2026-09-03_SKE5_receipts/composed_remainder_occ3_hist1.bin	binary	research_record	0	unresolved	unresolved_unique_result_audit	record_or_owning_guide	static_inbound_link_scan_at_d17910d3
research/records/2026-09-03_SKE5_receipts/composed_remainder_occ3_hist2.bin	binary	research_record	0	unresolved	unresolved_unique_result_audit	record_or_owning_guide	static_inbound_link_scan_at_d17910d3
research/records/2026-09-03_SKE5_receipts/composed_remainder_occ4_hist0.bin	binary	research_record	0	unresolved	unresolved_unique_result_audit	record_or_owning_guide	static_inbound_link_scan_at_d17910d3
research/records/2026-09-03_SKE5_receipts/composed_remainder_occ4_hist1.bin	binary	research_record	0	unresolved	unresolved_unique_result_audit	record_or_owning_guide	static_inbound_link_scan_at_d17910d3
research/records/2026-09-03_SKE5_receipts/composed_remainder_occ4_hist2.bin	binary	research_record	0	unresolved	unresolved_unique_result_audit	record_or_owning_guide	static_inbound_link_scan_at_d17910d3
research/records/2026-09-03_SKE5_receipts/ske5_composed_variant.json	2435	research_record	0	unresolved	unresolved_unique_result_audit	record_or_owning_guide	static_inbound_link_scan_at_d17910d3
research/records/2026-09-03_SKE_AUDIT_THE_COORDINATE_GRAIN_THE_HOST_READOUT_AND_THE_COMPRESSION_CLAUSE_WERE_INJECTIONS_AND_THE_CANON_ALREADY_OWNS_THE_ANSWERS.md	201	research_record	2	unresolved	keep	record_or_owning_guide	static_inbound_link_scan_at_d17910d3
research/records/2026-09-03_SKE_AUDIT_receipts/canon_records_and_rulings_audit.md	991	research_record	0	unresolved	unresolved_unique_result_audit	record_or_owning_guide	static_inbound_link_scan_at_d17910d3
research/records/2026-09-03_SKE_AUDIT_receipts/lean_owners_audit.md	638	research_record	0	unresolved	unresolved_unique_result_audit	record_or_owning_guide	static_inbound_link_scan_at_d17910d3
research/records/2026-09-03_SKE_AUDIT_receipts/lineage_a_dependents_audit.md	274	research_record	0	unresolved	unresolved_unique_result_audit	record_or_owning_guide	static_inbound_link_scan_at_d17910d3
research/records/2026-09-03_SKE_AUDIT_receipts/resident_session_against_the_2026-08-18_contract_audit.md	472	research_record	0	unresolved	unresolved_unique_result_audit	record_or_owning_guide	static_inbound_link_scan_at_d17910d3
research/records/2026-09-03_THE_SEAMS_ARE_LOCAL_OPTIMA_OF_THE_THREAD_ENERGY_THE_PRIMES_ARE_THE_MISSING_HALF_AND_THE_FLOW_BINDS_THE_INTEGER_EVENTS.md	497	research_record	4	unresolved	keep	record_or_owning_guide	static_inbound_link_scan_at_d17910d3
research/records/2026-09-03_THE_SEAM_IS_THE_GEOMETRIC_MEAN_OF_THE_DUAL_CHARTS_THE_KERNEL_CHAINS_AND_ROTATES_AND_THE_SQUARE_TELESCOPES_AGAINST_THE_CHAIN.md	238	research_record	1	unresolved	keep	record_or_owning_guide	static_inbound_link_scan_at_d17910d3
research/records/2026-09-03_flow_witnesses/flow_witnesses.py	86	research_record	2	unresolved	keep	record_or_owning_guide	static_inbound_link_scan_at_d17910d3
research/records/2026-09-03_flow_witnesses/receipt.txt	47	research_record	0	unresolved	unresolved_unique_result_audit	record_or_owning_guide	static_inbound_link_scan_at_d17910d3
research/records/2026-09-04_HNA_HAS_A_PUBLIC_FRAMEWORK_INTERFACE_AND_THE_REPOSITORY_IS_ORGANIZED_AROUND_THE_MACHINE_LEARNING_LIFECYCLE.md	122	research_record	1	unresolved	keep	record_or_owning_guide	static_inbound_link_scan_at_d17910d3
research/records/2026-09-04_HNP0_JOINED_SECTIONS_RETURN_LOCAL_CONSTITUTIVE_CURRENT_WITH_SUCCESSOR_AND_REBASE_LAWS.md	140	research_record	2	unresolved	keep	record_or_owning_guide	static_inbound_link_scan_at_d17910d3
research/records/2026-09-04_HNP1_ADDITIVE_EQUALIZATION_CHANGED_CONDUCT_BUT_DID_NOT_FOUND_A_LEARNING_COMPARISON.md	118	research_record	4	unresolved	keep	record_or_owning_guide	static_inbound_link_scan_at_d17910d3
research/records/2026-09-04_HNP1_THE_ACTUAL_JOINED_PASSAGE_RETURNS_LOCAL_DEVELOPMENT_AND_THE_DELTA_SURVIVES_ATTRIBUTION.md	124	research_record	5	unresolved	keep	record_or_owning_guide	static_inbound_link_scan_at_d17910d3
research/records/2026-09-04_HNP1_receipts/README.md	12	research_record	0	unresolved	unresolved_unique_result_audit	record_or_owning_guide	static_inbound_link_scan_at_d17910d3
research/records/2026-09-04_HNP1_receipts/observed-passage.json	12683	research_record	1	unresolved	keep	record_or_owning_guide	static_inbound_link_scan_at_d17910d3
research/records/2026-09-04_HNP2_THE_NUMERICAL_SEGMENT_IS_REUSED_THE_NATIVE_OCCURRENCE_STILL_DEVELOPS_AND_CHANGED_DEPENDENCIES_REOPEN.md	143	research_record	5	unresolved	keep	record_or_owning_guide	static_inbound_link_scan_at_d17910d3
research/records/2026-09-04_HNP2_THE_RESTRICTED_ROWS_STAY_COMPACT_ON_DEVICE_AND_THE_DECODER_PRESERVES_DEVELOPMENT.md	115	research_record	5	unresolved	keep	record_or_owning_guide	static_inbound_link_scan_at_d17910d3
research/records/2026-09-04_HNP2_receipts/README.md	11	research_record	0	unresolved	unresolved_unique_result_audit	record_or_owning_guide	static_inbound_link_scan_at_d17910d3
research/records/2026-09-04_HNP2_receipts/resident-layout.json	25629	research_record	0	unresolved	unresolved_unique_result_audit	record_or_owning_guide	static_inbound_link_scan_at_d17910d3
research/records/2026-09-04_HNP2_receipts/segment-reuse.json	25770	research_record	0	unresolved	unresolved_unique_result_audit	record_or_owning_guide	static_inbound_link_scan_at_d17910d3
research/records/2026-09-04_MFR1_THE_MOVING_FLUID_CHART_RETURNS_ITS_PDE_AND_ITS_PHYSICAL_ENDPOINT.md	119	research_record	0	unresolved	unresolved_unique_result_audit	record_or_owning_guide	static_inbound_link_scan_at_d17910d3
research/records/2026-09-04_MFR2_THE_FOLDED_SOURCE_RETURNS_EVERY_HEAT_TIME_WITH_A_GAUSSIAN_REMAINDER_AND_ZERO_COUNT_RECEIVERS.md	125	research_record	2	unresolved	keep	record_or_owning_guide	static_inbound_link_scan_at_d17910d3
research/records/2026-09-04_MFR3_THE_COHERENT_SOURCE_REACHES_A_PHYSICAL_FIELD_AND_THE_LOCAL_FRAME_RETURNS_ITS_FLUX.md	283	research_record	2	unresolved	keep	record_or_owning_guide	static_inbound_link_scan_at_d17910d3
research/records/2026-09-04_MFR3_THE_PERIODIC_SOURCE_REJECTS_FIXED_PROFILES_AND_RETURNS_ITS_ENERGY_AND_COHERENT_FEEDS.md	214	research_record	1	unresolved	keep	record_or_owning_guide	static_inbound_link_scan_at_d17910d3
research/records/2026-09-04_SOL_REVIEW_OF_THE_SKE_CAMPAIGN_THE_CONES_ARE_NOT_FOUNDED_CONES_THE_SPECIES_ARE_OFF_DOMAIN_AND_THE_PASSES_ARE_WITHDRAWN.md	158	research_record	2	unresolved	keep	record_or_owning_guide	static_inbound_link_scan_at_d17910d3
research/records/2026-09-04_THE_AUDIT_REPAIRS_THE_RECURRENT_ADJOINT_AND_RECONCILES_THE_OPERATING_CONTRACT.md	141	research_record	2	unresolved	keep	record_or_owning_guide	static_inbound_link_scan_at_d17910d3
research/records/2026-09-04_hna_framework_receipts/cli_training.json	808	research_record	0	unresolved	unresolved_unique_result_audit	record_or_owning_guide	static_inbound_link_scan_at_d17910d3
research/records/2026-09-04_hna_framework_receipts/training_sequence.json	5	research_record	0	unresolved	unresolved_unique_result_audit	record_or_owning_guide	static_inbound_link_scan_at_d17910d3
research/records/2026-09-04_recurrent_adjoint_receipts/pre_endpoint_release.txt	6	research_record	0	unresolved	unresolved_unique_result_audit	record_or_owning_guide	static_inbound_link_scan_at_d17910d3
research/records/2026-09-04_recurrent_adjoint_receipts/repeated_cultivation.json	314	research_record	1	unresolved	keep	record_or_owning_guide	static_inbound_link_scan_at_d17910d3
research/records/2026-09-05_CONTEXTUAL_TRANSPORT_PRECEDES_INHERITED_MODEL_PRODUCTION.md	132	research_record	10	unresolved	keep	record_or_owning_guide	static_inbound_link_scan_at_d17910d3
research/records/2026-09-05_HNP3_THE_CULTIVATED_SESSION_RESTORES_EVERY_HELD_FIELD_AND_CONTINUES_AFTER_PROCESS_EXIT.md	107	research_record	4	unresolved	keep	record_or_owning_guide	static_inbound_link_scan_at_d17910d3
research/records/2026-09-05_HNP3_THE_STREAM_RETAINS_PARTIAL_INPUT_AND_REPLAYS_OUTPUT_WITHOUT_REPEATING_DEVELOPMENT.md	99	research_record	3	unresolved	keep	record_or_owning_guide	static_inbound_link_scan_at_d17910d3
research/records/2026-09-05_HNP4_A_PASSIVE_PAIRED_CONTACT_HAS_A_CHECKED_METRIC_LIFT_AND_A_RESIDENT_PROJECTION.md	88	research_record	2	unresolved	keep	record_or_owning_guide	static_inbound_link_scan_at_d17910d3
research/records/2026-09-05_HNP4_INPUT_MATERIAL_EXTENDS_THE_NATIVE_DOMAIN_WITHOUT_PROMOTING_THE_INHERITED_FAMILY.md	132	research_record	4	unresolved	keep	record_or_owning_guide	static_inbound_link_scan_at_d17910d3
research/records/2026-09-05_HNP4_NATIVE_TEXT_CONTINUES_BUT_UNCHECKED_ADDITIVE_CULTIVATION_DESTROYS_THE_RETURN.md	146	research_record	5	unresolved	keep	record_or_owning_guide	static_inbound_link_scan_at_d17910d3
research/records/2026-09-05_HNP4_THE_NEXT_ARRIVAL_DEPOSITS_A_REUSABLE_CONTACT_AND_MATCHED_SELF_RETURN_IS_ZERO.md	152	research_record	2	unresolved	keep	record_or_owning_guide	static_inbound_link_scan_at_d17910d3
research/records/2026-09-05_HNP4_THE_TERMINAL_RECEIVER_READS_ONE_ROW_AND_PRESERVES_THE_COMPLETE_SUCCESSOR.md	67	research_record	2	unresolved	keep	record_or_owning_guide	static_inbound_link_scan_at_d17910d3
research/records/2026-09-05_MFR3_THE_ANALYTIC_INVERSE_RETAINS_ITS_RESONANCE_AND_THE_CIRCULATION_DEMANDS_AN_EXTERIOR.md	270	research_record	2	unresolved	keep	record_or_owning_guide	static_inbound_link_scan_at_d17910d3
research/records/2026-09-05_MFR3_THE_ANISOTROPIC_FRAME_RETURNS_ITS_PRESSURE_METRIC_AND_RADIAL_VISCOUS_CLOCK.md	229	research_record	2	unresolved	keep	record_or_owning_guide	static_inbound_link_scan_at_d17910d3
research/records/2026-09-05_MFR3_THE_AXIAL_PRESSURE_MEAN_RETURNS_THE_COMPLETE_QUADRATIC_SOURCE_THROUGH_THE_MOVING_CELL.md	159	research_record	2	unresolved	keep	record_or_owning_guide	static_inbound_link_scan_at_d17910d3
research/records/2026-09-05_MFR3_THE_AXIS_RETURNS_ITS_RADIAL_PRESSURE_JET_AND_THE_UNPAID_SWIRL_REMAINDER.md	272	research_record	3	unresolved	keep	record_or_owning_guide	static_inbound_link_scan_at_d17910d3
research/records/2026-09-05_MFR3_THE_COMPACT_RADIAL_CUTOFF_RETURNS_A_PRESSURE_INDEPENDENT_RESIDUAL_OBSTRUCTION.md	204	research_record	2	unresolved	keep	record_or_owning_guide	static_inbound_link_scan_at_d17910d3
research/records/2026-09-05_MFR3_THE_EXTERIOR_MODULATION_RETURNS_A_JOINT_PRESSURE_RECEIVER.md	222	research_record	3	unresolved	keep	record_or_owning_guide	static_inbound_link_scan_at_d17910d3
research/records/2026-09-05_MFR3_THE_FORCED_AXIS_RETURNS_A_VISCOUS_RESPONSE_AND_THE_INNER_CHART_RETAINS_PRESSURE.md	299	research_record	2	unresolved	keep	record_or_owning_guide	static_inbound_link_scan_at_d17910d3
research/records/2026-09-05_MFR3_THE_LOCAL_CORE_HAS_A_PERIODIC_REALIZATION_AND_ITS_PRESSURE_RETAINS_EXTERIOR_TORQUE.md	181	research_record	2	unresolved	keep	record_or_owning_guide	static_inbound_link_scan_at_d17910d3
research/records/2026-09-05_MFR3_THE_NONLINEAR_CROSS_CURRENT_RETURNS_PRESSURE_STRETCHING_AND_CELL_FLUX.md	219	research_record	1	unresolved	keep	record_or_owning_guide	static_inbound_link_scan_at_d17910d3
research/records/2026-09-05_MFR3_THE_ORIENTED_ENTROPY_CURRENT_RETURNS_ITS_HEAT_SOURCE_AND_COMPLEX_PHASE.md	196	research_record	3	unresolved	keep	record_or_owning_guide	static_inbound_link_scan_at_d17910d3
research/records/2026-09-05_MFR3_THE_PRESSURE_TIME_SOURCE_RETURNS_THE_MOVING_QUARTIC_CHART_AND_RELATIVE_STRAIN_CURVATURE.md	239	research_record	3	unresolved	keep	record_or_owning_guide	static_inbound_link_scan_at_d17910d3
research/records/2026-09-05_MFR3_THE_RESONANT_ROW_RETURNS_A_COMPATIBILITY_POLYNOMIAL_AND_TWO_AXIS_REPAIRS.md	269	research_record	2	unresolved	keep	record_or_owning_guide	static_inbound_link_scan_at_d17910d3
research/records/2026-09-05_MFR3_THE_SECOND_RESONANCE_CLOSES_AND_THE_MOVING_SWIRL_RETURNS_ITS_VISCOUS_SOURCE.md	290	research_record	2	unresolved	keep	record_or_owning_guide	static_inbound_link_scan_at_d17910d3
research/records/2026-09-05_MFR3_THE_VISCOUS_CORE_RETURNS_ITS_PERIODIC_STRAIN_SOURCE_AND_CUBIC_RESPONSE.md	227	research_record	3	unresolved	keep	record_or_owning_guide	static_inbound_link_scan_at_d17910d3
research/records/2026-09-05_NCF0_RECEIVER_TRANSPORT_KEEPS_ITS_DOMAIN_AND_ORIENTATION_IS_NOT_A_SCALAR_STATE.md	90	research_record	2	unresolved	keep	record_or_owning_guide	static_inbound_link_scan_at_d17910d3
research/records/2026-09-05_NCF1_CURRENT_AND_ADDRESSED_RETURN_FORM_ONE_NATIVE_SUCCESSOR.md	110	research_record	3	unresolved	keep	record_or_owning_guide	static_inbound_link_scan_at_d17910d3
research/records/2026-09-05_NCF1_THE_LOCAL_CONSTITUTIVE_RELATION_FORMS_ON_DEVICE_WITH_ITS_DOMAIN_AND_VERTICAL_FIBRE.md	85	research_record	0	unresolved	unresolved_unique_result_audit	record_or_owning_guide	static_inbound_link_scan_at_d17910d3
research/records/2026-09-05_NCF2_THE_LIVE_RECHART_CARRIES_THE_RELATION_AND_RETURNS_OLD_SOURCES_THROUGH_THEIR_FRAMES.md	91	research_record	2	unresolved	keep	record_or_owning_guide	static_inbound_link_scan_at_d17910d3
research/records/2026-09-05_NCF3_THE_NATIVE_SESSION_DRIVES_AN_INDEPENDENT_CURRENT_APPLICATION_AND_RETAINS_OPEN_READINGS.md	146	research_record	1	unresolved	keep	record_or_owning_guide	static_inbound_link_scan_at_d17910d3
research/records/2026-09-05_THE_FROZEN_LATTICE_CONVERGES_BY_COMMUTATION_ALONE_THE_CONTACT_IS_A_SHARED_SQUARE_SCHUR_TERM_AND_THE_CLAW_FREE_SPECTRUM_HAS_THRESHOLD_ZERO.md	362	research_record	0	unresolved	unresolved_unique_result_audit	record_or_owning_guide	static_inbound_link_scan_at_d17910d3
research/records/2026-09-06_AC0_THE_CONVERSATIONS_ENTER_AS_SEPARATE_OCCURRENCES_AND_THE_COLD_CURSOR_RESTARTS.md	148	research_record	2	unresolved	keep	record_or_owning_guide	static_inbound_link_scan_at_d17910d3
research/records/2026-09-06_AC1_THE_COMPLETE_MATERIAL_FIELD_RETAINS_ITS_CONTEXTUAL_OBSTRUCTION.md	196	research_record	1	unresolved	keep	record_or_owning_guide	static_inbound_link_scan_at_d17910d3
research/records/2026-09-06_AC1_THE_PAIRED_JUNCTION_RETAINS_ITS_INNER_CURRENT.md	171	research_record	2	unresolved	keep	record_or_owning_guide	static_inbound_link_scan_at_d17910d3
research/records/2026-09-06_AC1_THE_RESIDUAL_CARRIES_THE_CONTINUING_JUNCTION_WITHOUT_A_POINT_SEAL.md	214	research_record	2	unresolved	keep	record_or_owning_guide	static_inbound_link_scan_at_d17910d3
research/records/2026-09-06_AC1_THE_SHARED_SOURCE_MEETS_AN_EXPLICIT_TEXT_CURRENT_RECEIVER.md	152	research_record	3	unresolved	keep	record_or_owning_guide	static_inbound_link_scan_at_d17910d3
research/records/2026-09-06_CONVERSATION_DATA_PRESERVES_USER_AGENT_DIFFERENCE_WITHOUT_A_PROVER_OR_SYNTHETIC_FEEDBACK.md	144	research_record	2	unresolved	keep	record_or_owning_guide	static_inbound_link_scan_at_d17910d3
research/records/2026-09-06_NCF4_THE_NATIVE_ECOLOGY_AND_STREAM_RESTART_WITH_THEIR_ACTUAL_SOURCES_AND_NO_REPLAY.md	140	research_record	1	unresolved	keep	record_or_owning_guide	static_inbound_link_scan_at_d17910d3
research/records/2026-09-06_NCF4_THE_WORLD_AND_NATIVE_ECOLOGY_CONTINUE_TOGETHER_AND_THE_CONSUMER_COSTS_ARE_MEASURED.md	175	research_record	3	unresolved	keep	record_or_owning_guide	static_inbound_link_scan_at_d17910d3
research/records/2026-09-06_REPOSITORY_SYNTHESIS_AND_PORTABLE_EVIDENCE.md	195	research_record	19	unresolved	keep	record_or_owning_guide	static_inbound_link_scan_at_d17910d3
research/records/2026-09-06_portable_evidence/2026-08-27.md	154	research_record	2	unresolved	keep	record_or_owning_guide	static_inbound_link_scan_at_d17910d3
research/records/2026-09-06_portable_evidence/2026-08-28.md	892	research_record	2	unresolved	keep	record_or_owning_guide	static_inbound_link_scan_at_d17910d3
research/records/2026-09-06_portable_evidence/2026-08-29.md	1936	research_record	2	unresolved	keep	record_or_owning_guide	static_inbound_link_scan_at_d17910d3
research/records/2026-09-06_portable_evidence/2026-08-30.md	3257	research_record	3	unresolved	keep	record_or_owning_guide	static_inbound_link_scan_at_d17910d3
research/records/2026-09-06_portable_evidence/2026-08-31.md	280	research_record	1	unresolved	keep	record_or_owning_guide	static_inbound_link_scan_at_d17910d3
research/records/2026-09-06_portable_evidence/2026-09-01.md	288	research_record	2	unresolved	keep	record_or_owning_guide	static_inbound_link_scan_at_d17910d3
research/records/2026-09-06_portable_evidence/2026-09-02.md	1252	research_record	3	unresolved	keep	record_or_owning_guide	static_inbound_link_scan_at_d17910d3
research/records/2026-09-06_portable_evidence/2026-09-03.md	176	research_record	2	unresolved	keep	record_or_owning_guide	static_inbound_link_scan_at_d17910d3
research/records/2026-09-06_portable_evidence/2026-09-04.md	222	research_record	1	unresolved	keep	record_or_owning_guide	static_inbound_link_scan_at_d17910d3
research/records/2026-09-06_portable_evidence/2026-09-05.md	810	research_record	2	unresolved	keep	record_or_owning_guide	static_inbound_link_scan_at_d17910d3
research/records/2026-09-06_portable_evidence/2026-09-06.md	345	research_record	3	unresolved	keep	record_or_owning_guide	static_inbound_link_scan_at_d17910d3
research/records/2026-09-06_portable_evidence/README.md	51	research_record	3	unresolved	keep	record_or_owning_guide	static_inbound_link_scan_at_d17910d3
research/records/2026-09-06_portable_evidence/additional-claims.md	518	research_record	2	unresolved	keep	record_or_owning_guide	static_inbound_link_scan_at_d17910d3
research/records/2026-09-06_portable_evidence/external-sources.md	107	research_record	1	unresolved	keep	record_or_owning_guide	static_inbound_link_scan_at_d17910d3
research/records/2026-09-06_portable_evidence/mathematics.json	26325	research_record	13	unresolved	keep	record_or_owning_guide	static_inbound_link_scan_at_d17910d3
research/records/2026-09-06_portable_evidence/mathematics.md	796	research_record	1	unresolved	keep	record_or_owning_guide	static_inbound_link_scan_at_d17910d3
research/records/2026-09-06_portable_evidence/relations.json	71834	research_record	15	unresolved	keep	record_or_owning_guide	static_inbound_link_scan_at_d17910d3
research/records/2026-09-07_AC0_LEADING_MATERIAL_DOES_NOT_DROP_THE_TEXT_PART_PARENT.md	38	research_record	1	unresolved	keep	record_or_owning_guide	static_inbound_link_scan_at_d17910d3
research/records/2026-09-07_AC1_CONDITION_FAMILIES_CONDUCT_AND_RETURN_THROUGH_THEIR_JOINT_FIBRE.md	150	research_record	4	unresolved	keep	record_or_owning_guide	static_inbound_link_scan_at_d17910d3
research/records/2026-09-07_AC1_DERIVATION_IS_PART_OF_THE_GENERATIVE_ATTACHMENT.md	56	research_record	2	unresolved	keep	record_or_owning_guide	static_inbound_link_scan_at_d17910d3
research/records/2026-09-07_AC1_GENERATED_CURRENT_ENTERS_THE_EXISTING_FIELD_RECURRENCE.md	123	research_record	3	unresolved	keep	record_or_owning_guide	static_inbound_link_scan_at_d17910d3
research/records/2026-09-07_AC1_INTERNAL_CURRENT_AND_SHARED_DRIVE_MODE_GENERATORS.md	180	research_record	4	unresolved	keep	record_or_owning_guide	static_inbound_link_scan_at_d17910d3
research/records/2026-09-07_AC1_THE_BALANCED_FACTOR_RETURNS_THE_FULL_CURRENT_AND_THE_CODEC_OWES_ITS_OWN_TRANSPORT.md	189	research_record	3	unresolved	keep	record_or_owning_guide	static_inbound_link_scan_at_d17910d3
research/records/2026-09-07_AC1_THE_FIELD_RETURNS_A_RESIDENT_RELATION_FACE_AND_A_PLURAL_FIBRE_HAS_FIXED_RECEIVERS.md	154	research_record	2	unresolved	keep	record_or_owning_guide	static_inbound_link_scan_at_d17910d3
research/records/2026-09-07_AC1_THE_LEARNED_ACTION_RETURNS_ITS_CONDITION_PREIMAGE_FIBRE.md	151	research_record	2	unresolved	keep	record_or_owning_guide	static_inbound_link_scan_at_d17910d3
research/records/2026-09-07_AC1_THE_LEARNED_LOCAL_RELATION_CONDUCTS_RESIDENT_RATIONAL_RETURNS.md	103	research_record	1	unresolved	keep	record_or_owning_guide	static_inbound_link_scan_at_d17910d3
research/records/2026-09-07_AC1_THE_MEASURED_CONDITION_FOUNDS_A_NATIVE_PHASE_ACTION.md	157	research_record	3	unresolved	keep	record_or_owning_guide	static_inbound_link_scan_at_d17910d3
research/records/2026-09-07_AC1_THE_RETAINED_CONDITION_CURRENT_MEETS_ITS_PREIMAGE_FIBRE.md	145	research_record	3	unresolved	keep	record_or_owning_guide	static_inbound_link_scan_at_d17910d3
research/records/2026-09-07_AC1_THE_SHARED_DRIVE_MODE_REACHES_THE_LEARNED_MATERIAL_CURRENT.md	154	research_record	3	unresolved	keep	record_or_owning_guide	static_inbound_link_scan_at_d17910d3
research/records/2026-09-07_AC1_THE_SOURCE_NULL_RETURN_DERIVES_ITS_CONTEXTUAL_LIFT.md	176	research_record	2	unresolved	keep	record_or_owning_guide	static_inbound_link_scan_at_d17910d3
research/records/2026-09-07_AC2_A_HOMOGENEOUS_PHASE_MOMENT_IS_THE_NEXT_MATERIAL_SOURCE_CHART.md	85	research_record	2	unresolved	keep	record_or_owning_guide	static_inbound_link_scan_at_d17910d3
research/records/2026-09-07_AC2_THE_COMPLETE_CURRENT_JOINS_THE_NATIVE_MATERIAL_RETURN.md	134	research_record	2	unresolved	keep	record_or_owning_guide	static_inbound_link_scan_at_d17910d3
research/records/2026-09-07_AC2_THE_FULL_INTERNAL_CURRENT_HAS_AN_ADDRESSED_PREFIX_PAIRING.md	214	research_record	3	unresolved	keep	record_or_owning_guide	static_inbound_link_scan_at_d17910d3
research/records/2026-09-07_AC2_THE_HOMOGENEOUS_MOMENT_JOINS_THE_NATIVE_MATERIAL_RETURN.md	136	research_record	4	unresolved	keep	record_or_owning_guide	static_inbound_link_scan_at_d17910d3
research/records/2026-09-07_AC2_THE_MOMENT_FACTORS_ADMIT_A_CHRONOLOGICAL_FUTURE_CONTRACTION.md	58	research_record	1	unresolved	keep	record_or_owning_guide	static_inbound_link_scan_at_d17910d3
research/records/2026-09-07_AC2_THE_RETAINED_CONTEXT_RECEIVES_A_NATIVE_MATERIAL_TRANSPORT.md	174	research_record	5	unresolved	keep	record_or_owning_guide	static_inbound_link_scan_at_d17910d3
research/records/2026-09-07_AC3_THE_COMPLETE_HISTORY_MOVES_TO_AN_EXTERIOR_CHART_AND_ITS_ADDRESSED_SOURCE_RETURNS.md	168	research_record	2	unresolved	keep	record_or_owning_guide	static_inbound_link_scan_at_d17910d3
research/records/2026-09-07_AC3_THE_CULTIVATED_FIELD_RESTARTS_WITHOUT_SOURCE_REPLAY.md	156	research_record	2	unresolved	keep	record_or_owning_guide	static_inbound_link_scan_at_d17910d3
research/records/2026-09-07_GENERATOR_RECOVERY_AND_PHASE_TRANSPORT_REJOIN_TEXT_AND_ACOUSTICS.md	306	research_record	16	unresolved	keep	record_or_owning_guide	static_inbound_link_scan_at_d17910d3
research/records/2026-09-07_conditional_phase/return-family-cycle.json	2477	research_record	1	unresolved	keep	record_or_owning_guide	static_inbound_link_scan_at_d17910d3
research/records/2026-09-07_conditional_phase/return-field-ingress.json	3813	research_record	1	unresolved	keep	record_or_owning_guide	static_inbound_link_scan_at_d17910d3
research/records/2026-09-07_conditional_phase/return-preimage.json	1515	research_record	1	unresolved	keep	record_or_owning_guide	static_inbound_link_scan_at_d17910d3
research/records/2026-09-07_conditional_phase/return-retained-contact.json	2816	research_record	1	unresolved	keep	record_or_owning_guide	static_inbound_link_scan_at_d17910d3
research/records/2026-09-07_conditional_phase/return-v2.json	1012	research_record	2	unresolved	keep	record_or_owning_guide	static_inbound_link_scan_at_d17910d3
research/records/2026-09-07_conditional_phase/return.json	1011	research_record	1	unresolved	keep	record_or_owning_guide	static_inbound_link_scan_at_d17910d3
research/records/2026-09-07_contextual_lift/conversation-return.json	50	research_record	1	unresolved	keep	record_or_owning_guide	static_inbound_link_scan_at_d17910d3
research/records/2026-09-07_internal_mode/return.hnm	binary	research_record	1	unresolved	keep	record_or_owning_guide	static_inbound_link_scan_at_d17910d3
research/records/2026-09-07_internal_mode/return.json	957	research_record	1	unresolved	keep	record_or_owning_guide	static_inbound_link_scan_at_d17910d3
research/records/2026-09-07_material_mode/return.json	3545	research_record	1	unresolved	keep	record_or_owning_guide	static_inbound_link_scan_at_d17910d3
research/records/2026-09-07_moment_material/conversation-return.json	317	research_record	1	unresolved	keep	record_or_owning_guide	static_inbound_link_scan_at_d17910d3
research/records/2026-09-08_AC1_MATERIAL_REPORTS_REUSE_THEIR_COORDINATE_SUPPORT.md	99	research_record	1	unresolved	keep	record_or_owning_guide	static_inbound_link_scan_at_d17910d3
research/records/2026-09-08_AC1_OPERATIVE_CONTACTS_STAGE_THEIR_COMPLETE_MAP_AND_CURRENT_ON_DEVICE.md	132	research_record	4	unresolved	keep	record_or_owning_guide	static_inbound_link_scan_at_d17910d3
research/records/2026-09-08_AC1_ORDINARY_RECEPTION_CONDUCTS_THE_SOURCE_AND_ITS_AVAILABLE_CONTEXT.md	194	research_record	3	unresolved	keep	record_or_owning_guide	static_inbound_link_scan_at_d17910d3
research/records/2026-09-08_AC1_THE_CONTEXTUAL_SECTION_RETURNS_THROUGH_NATIVE_CONDITION_AND_FIELD_CURRENT.md	145	research_record	3	unresolved	keep	record_or_owning_guide	static_inbound_link_scan_at_d17910d3
research/records/2026-09-08_AC1_THE_DEPOSIT_IS_A_NEW_COEFFICIENT_AND_ITS_DEFECT_REMAINS_A_COMPARISON.md	118	research_record	4	unresolved	keep	record_or_owning_guide	static_inbound_link_scan_at_d17910d3
research/records/2026-09-08_AC1_THE_MATERIAL_AND_CONTACT_RETURN_SHARE_THE_COMPLEX_CURRENT_METRIC.md	106	research_record	2	unresolved	keep	record_or_owning_guide	static_inbound_link_scan_at_d17910d3
research/records/2026-09-08_AC1_THE_MATERIAL_QUERY_FOLLOWS_THE_OPERATIVE_BOUNDARY.md	101	research_record	2	unresolved	keep	record_or_owning_guide	static_inbound_link_scan_at_d17910d3
research/records/2026-09-08_AC1_THE_MATERIAL_RETURN_HAS_A_CONTEXT_COTANGENT.md	196	research_record	4	unresolved	keep	record_or_owning_guide	static_inbound_link_scan_at_d17910d3
research/records/2026-09-08_AC1_THE_MATERIAL_RETURN_REACHES_BOTH_QUERY_ARGUMENTS.md	110	research_record	3	unresolved	keep	record_or_owning_guide	static_inbound_link_scan_at_d17910d3
research/records/2026-09-08_AC1_THE_MATERIAL_SOURCE_FOLLOWS_OPERATIVE_CURRENT_AND_THE_JOINT_CONTACT_HAS_ONE_NORMAL_SOLVE.md	126	research_record	3	unresolved	keep	record_or_owning_guide	static_inbound_link_scan_at_d17910d3
research/records/2026-09-08_AC1_THE_NORMALIZED_RECEIVER_RETURNS_ITS_COMPLETE_CURRENT_AND_TWO_METRIC_FACES.md	107	research_record	2	unresolved	keep	record_or_owning_guide	static_inbound_link_scan_at_d17910d3
research/records/2026-09-08_AC1_THE_OPERATIVE_MAP_CONDUCTS_AND_RESTARTS_IN_THE_FIELD.md	144	research_record	3	unresolved	keep	record_or_owning_guide	static_inbound_link_scan_at_d17910d3
research/records/2026-09-08_AC1_THE_PAIRED_PRODUCER_RETURNS_ITS_CURRENT_AND_CONTACT_MORPHOLOGY.md	188	research_record	3	unresolved	keep	record_or_owning_guide	static_inbound_link_scan_at_d17910d3
research/records/2026-09-08_AC1_THE_PAIRED_RETURN_CHANGES_CONTACTS_AND_THE_NEXT_CURRENT.md	191	research_record	3	unresolved	keep	record_or_owning_guide	static_inbound_link_scan_at_d17910d3
research/records/2026-09-08_AC2_THE_MATERIAL_TARGET_RETAINS_THE_JOINT_PACKET.md	107	research_record	2	unresolved	keep	record_or_owning_guide	static_inbound_link_scan_at_d17910d3
research/records/2026-09-08_AC_THE_PARALLEL_RECEIVER_CALCULUS_REFINES_NATIVE_CONTINUATION.md	116	research_record	5	unresolved	keep	record_or_owning_guide	static_inbound_link_scan_at_d17910d3
research/records/2026-09-08_BOUNDARY_FLUX_COUPLES_ACTIVE_INTERIORS_AND_TOLERANCE_IS_RECEIVER_RELATIVE.md	191	research_record	6	unresolved	keep	record_or_owning_guide	static_inbound_link_scan_at_d17910d3
research/records/2026-09-08_CHANGING_CONSTITUTION_AND_RECEIVERS_SHARE_ONE_DEFECT_CALCULUS.md	221	research_record	4	unresolved	keep	record_or_owning_guide	static_inbound_link_scan_at_d17910d3
research/records/2026-09-08_CLOCKED_TORUS_CURRENTS_CONTINUE_THROUGH_A_RETAINED_FIBRE.md	206	research_record	9	unresolved	keep	record_or_owning_guide	static_inbound_link_scan_at_d17910d3
research/records/2026-09-08_COMPATIBLE_POTENTIAL_SWINGS_THROUGH_JOINT_RECEIVERS_AND_THE_PROGRAMME_BEGINS.md	176	research_record	4	unresolved	keep	record_or_owning_guide	static_inbound_link_scan_at_d17910d3
research/records/2026-09-08_COMPLEX_FLUID_CHARTS_RETAIN_THE_FOLDED_CURRENT_AND_THE_RECEIVER_BOUND.md	261	research_record	5	unresolved	keep	record_or_owning_guide	static_inbound_link_scan_at_d17910d3
research/records/2026-09-08_DIFFERENCE_IS_REAL_AND_THE_PHILOSOPHY_GOVERNS_CONSTRUCTION.md	178	research_record	2	unresolved	keep	record_or_owning_guide	static_inbound_link_scan_at_d17910d3
research/records/2026-09-08_FORMAL_HOLONICS_IS_A_FRAMEWORK_OF_INTERACTING_TRANSPORT.md	192	research_record	3	unresolved	keep	record_or_owning_guide	static_inbound_link_scan_at_d17910d3
research/records/2026-09-08_FRACTAL_GENERATORS_AND_LATENT_REASONING.md	209	research_record	6	unresolved	keep	record_or_owning_guide	static_inbound_link_scan_at_d17910d3
research/records/2026-09-08_HOLONICS_REJOINS_CLASSICAL_LEARNING_REFLECTION_PACKING_AND_COMPRESSION.md	185	research_record	5	unresolved	keep	record_or_owning_guide	static_inbound_link_scan_at_d17910d3
research/records/2026-09-08_THE_NS_EULER_REVIEW_EXPOSES_THE_GENERATOR_GAP_IN_AC1.md	300	research_record	1	unresolved	keep	record_or_owning_guide	static_inbound_link_scan_at_d17910d3
research/records/2026-09-08_complex_current_metric/return.json	109	research_record	1	unresolved	keep	record_or_owning_guide	static_inbound_link_scan_at_d17910d3
research/records/2026-09-08_constitutive_unification/verification.txt	121	research_record	1	unresolved	keep	record_or_owning_guide	static_inbound_link_scan_at_d17910d3
research/records/2026-09-08_context_cotangent/history-observer.json	1	research_record	0	unresolved	unresolved_unique_result_audit	record_or_owning_guide	static_inbound_link_scan_at_d17910d3
research/records/2026-09-08_context_cotangent/return-diagnosis.json	426	research_record	1	unresolved	keep	record_or_owning_guide	static_inbound_link_scan_at_d17910d3
research/records/2026-09-08_dyadic_contact_deposit/return.json	87	research_record	1	unresolved	keep	record_or_owning_guide	static_inbound_link_scan_at_d17910d3
research/records/2026-09-08_formal_framework/verification.txt	42	research_record	1	unresolved	keep	record_or_owning_guide	static_inbound_link_scan_at_d17910d3
research/records/2026-09-08_joint_packet/return.json	77	research_record	2	unresolved	keep	record_or_owning_guide	static_inbound_link_scan_at_d17910d3
research/records/2026-09-08_material_report_packing/return.json	844	research_record	1	unresolved	keep	record_or_owning_guide	static_inbound_link_scan_at_d17910d3
research/records/2026-09-08_material_source_pullback/return.json	226	research_record	1	unresolved	keep	record_or_owning_guide	static_inbound_link_scan_at_d17910d3
research/records/2026-09-08_native_contextual_return/conversation-return.json	109	research_record	1	unresolved	keep	record_or_owning_guide	static_inbound_link_scan_at_d17910d3
research/records/2026-09-08_normalized_material_receiver/return.json	39	research_record	1	unresolved	keep	record_or_owning_guide	static_inbound_link_scan_at_d17910d3
research/records/2026-09-08_operative_boundary/return.json	104	research_record	1	unresolved	keep	record_or_owning_guide	static_inbound_link_scan_at_d17910d3
research/records/2026-09-08_operative_contacts/native-staging.json	136	research_record	1	unresolved	keep	record_or_owning_guide	static_inbound_link_scan_at_d17910d3
research/records/2026-09-08_operative_context_source/conversation-return.json	102	research_record	1	unresolved	keep	record_or_owning_guide	static_inbound_link_scan_at_d17910d3
research/records/2026-09-08_operative_field/conversation-return.json	112	research_record	1	unresolved	keep	record_or_owning_guide	static_inbound_link_scan_at_d17910d3
research/records/2026-09-08_ordinary_context/conversation-return.json	270	research_record	1	unresolved	keep	record_or_owning_guide	static_inbound_link_scan_at_d17910d3
research/records/2026-09-08_paired_contact_response/return.json	136	research_record	1	unresolved	keep	record_or_owning_guide	static_inbound_link_scan_at_d17910d3
research/records/2026-09-08_paired_producer/producer-return.json	2442	research_record	1	unresolved	keep	record_or_owning_guide	static_inbound_link_scan_at_d17910d3
research/records/2026-09-08_reality_programme/verification.txt	114	research_record	1	unresolved	keep	record_or_owning_guide	static_inbound_link_scan_at_d17910d3
research/records/2026-09-09_AC1_AC2_CAUSAL_PROPAGATION_ENTERS_THE_CONTINUING_RECURRENCE.md	87	research_record	1	unresolved	keep	record_or_owning_guide	static_inbound_link_scan_at_d17910d3
research/records/2026-09-09_AC1_AC2_CONVERSATIONAL_DIRECTION_REACHES_NATIVE_PORTS.md	86	research_record	2	unresolved	keep	record_or_owning_guide	static_inbound_link_scan_at_d17910d3
research/records/2026-09-09_AC1_AC2_PRODUCER_REUSE_AND_THE_SELF_CONTACT_COMPARISON.md	70	research_record	2	unresolved	keep	record_or_owning_guide	static_inbound_link_scan_at_d17910d3
research/records/2026-09-09_AC1_AC2_REPEATED_FACES_RETAIN_PHASE_AND_EXCHANGE.md	181	research_record	4	unresolved	keep	record_or_owning_guide	static_inbound_link_scan_at_d17910d3
research/records/2026-09-09_AC1_AC2_THE_HOLON_FIELD_OWNS_ASSEMBLY_AND_OBSERVED_RETURN.md	93	research_record	4	unresolved	keep	record_or_owning_guide	static_inbound_link_scan_at_d17910d3
research/records/2026-09-09_AC1_CAUSAL_CONTACT_JOINS_RETURN_A_PROPAGATION_AND_ITS_MORPHOLOGY_DERIVATIVE.md	155	research_record	2	unresolved	keep	record_or_owning_guide	static_inbound_link_scan_at_d17910d3
research/records/2026-09-09_AC1_LOCAL_CONTACT_IMPROVEMENT_COEXISTS_WITH_MATERIAL_FORGETTING.md	166	research_record	4	unresolved	keep	record_or_owning_guide	static_inbound_link_scan_at_d17910d3
research/records/2026-09-09_AC1_THE_CAUSAL_CONTACT_WORD_AND_ITS_SPARSE_RETURN_ARE_RESIDENT.md	131	research_record	3	unresolved	keep	record_or_owning_guide	static_inbound_link_scan_at_d17910d3
research/records/2026-09-09_AC1_THE_FINITE_MATERIAL_OPERATOR_RETURNS_THROUGH_ITS_PRODUCER.md	89	research_record	1	unresolved	keep	record_or_owning_guide	static_inbound_link_scan_at_d17910d3
research/records/2026-09-09_AC1_THE_JOURNAL_GENERATES_ITS_HISTORICAL_SOURCE_MAPS.md	103	research_record	2	unresolved	keep	record_or_owning_guide	static_inbound_link_scan_at_d17910d3
research/records/2026-09-09_AC1_THE_MATERIAL_OPERATOR_RETAINS_ITS_ACCUMULATED_SOURCE_GEOMETRY.md	124	research_record	2	unresolved	keep	record_or_owning_guide	static_inbound_link_scan_at_d17910d3
research/records/2026-09-09_AC1_THE_NORMAL_OBJECTIVE_SEPARATES_SOLVE_ERROR_FROM_OBSERVED_SOURCE_FIT.md	66	research_record	2	unresolved	keep	record_or_owning_guide	static_inbound_link_scan_at_d17910d3
research/records/2026-09-09_AC1_THE_RECENT_NORMAL_PRODUCER_IS_SHARED_INSTEAD_OF_RESOLVED.md	75	research_record	2	unresolved	keep	record_or_owning_guide	static_inbound_link_scan_at_d17910d3
research/records/2026-09-09_AC1_THE_RETURN_JOURNAL_KEEPS_ZERO_EXTENSION_AS_A_GENERATOR.md	106	research_record	1	unresolved	keep	record_or_owning_guide	static_inbound_link_scan_at_d17910d3
research/records/2026-09-09_AC1_THE_SAME_CONTACT_COVARIANCE_SERVES_BOTH_SIDES_OF_A_REFLECTION.md	81	research_record	1	unresolved	keep	record_or_owning_guide	static_inbound_link_scan_at_d17910d3
research/records/2026-09-09_AC1_THE_SOURCE_INTERIOR_CHANGE_GENERATES_A_RETURN_FACTOR.md	100	research_record	1	unresolved	keep	record_or_owning_guide	static_inbound_link_scan_at_d17910d3
research/records/2026-09-09_AC3_THE_JOINT_FIELD_CONTINUES_AND_ITS_NATIVE_ARTIFACT_IS_GENERIC.md	89	research_record	2	unresolved	keep	record_or_owning_guide	static_inbound_link_scan_at_d17910d3
research/records/2026-09-09_AC4_AC5_THE_JOINT_OPERATION_SPANS_BLOCKS_AND_THE_RESEARCH_MODEL_CONTINUES.md	179	research_record	0	unresolved	unresolved_unique_result_audit	record_or_owning_guide	static_inbound_link_scan_at_d17910d3
research/records/2026-09-09_AC_THE_REPEATED_TEXT_FACE_IS_A_DRIVEN_OPEN_RETURN.md	147	research_record	3	unresolved	keep	record_or_owning_guide	static_inbound_link_scan_at_d17910d3
research/records/2026-09-09_ARCHITECTURE_CHARTS_REQUIRE_COMPOSED_MECHANISMS_AND_FINITE_CONSTRUCTION_RETURNS.md	236	research_record	7	unresolved	keep	record_or_owning_guide	static_inbound_link_scan_at_d17910d3
research/records/2026-09-09_INTEGER_FACES_RETAIN_THEIR_GENERATING_RELATIONS.md	93	research_record	3	unresolved	keep	record_or_owning_guide	static_inbound_link_scan_at_d17910d3
research/records/2026-09-09_LEARNED_GENERATORS_COMPOSE_THROUGH_JOINT_FIBRES_AND_RETURNS_REFINE_THE_SOURCE.md	160	research_record	2	unresolved	keep	record_or_owning_guide	static_inbound_link_scan_at_d17910d3
research/records/2026-09-09_MATHEMATICAL_REVIEW_NORMAL_GEOMETRY_AND_CLOSED_RETURNS.md	232	research_record	7	unresolved	keep	record_or_owning_guide	static_inbound_link_scan_at_d17910d3
research/records/2026-09-09_PARALLEL_MATHEMATICS_DISTINGUISHES_A_MATERIAL_ACTUATION_FROM_A_NEW_OBSERVATION.md	128	research_record	2	unresolved	keep	record_or_owning_guide	static_inbound_link_scan_at_d17910d3
research/records/2026-09-09_RELEVANCE_LOSS_AND_REALIZED_CLASSES.md	151	research_record	4	unresolved	keep	record_or_owning_guide	static_inbound_link_scan_at_d17910d3
research/records/2026-09-09_STOKES_AND_PULLBACK_NATURALITY_ARE_FRAMEWORK_LAWS.md	75	research_record	2	unresolved	keep	record_or_owning_guide	static_inbound_link_scan_at_d17910d3
research/records/2026-09-09_THE_BYTE_CAMPAIGN_RETIRES_AND_A_LEARNED_LOCAL_GENERATOR_RESTS_WITHOUT_HISTORY.md	101	research_record	3	unresolved	keep	record_or_owning_guide	static_inbound_link_scan_at_d17910d3
research/records/2026-09-09_THE_BYTE_CLOCK_AND_OCCURRENCE_EXPANSION_ARE_NOT_GENERATOR_CULTIVATION.md	124	research_record	10	unresolved	keep	record_or_owning_guide	static_inbound_link_scan_at_d17910d3
research/records/2026-09-09_THE_BYTE_FIELD_IS_NOT_THE_COMPLETE_HNN_COMPOSITION.md	199	research_record	3	unresolved	keep	record_or_owning_guide	static_inbound_link_scan_at_d17910d3
research/records/2026-09-09_covariance_reuse/example.txt	22	research_record	0	unresolved	unresolved_unique_result_audit	record_or_owning_guide	static_inbound_link_scan_at_d17910d3
research/records/2026-09-09_covariance_reuse/field.txt	120	research_record	0	unresolved	unresolved_unique_result_audit	record_or_owning_guide	static_inbound_link_scan_at_d17910d3
research/records/2026-09-09_covariance_reuse/focused.txt	11	research_record	0	unresolved	unresolved_unique_result_audit	record_or_owning_guide	static_inbound_link_scan_at_d17910d3
research/records/2026-09-09_covariance_reuse/return.json	106	research_record	1	unresolved	keep	record_or_owning_guide	static_inbound_link_scan_at_d17910d3
research/records/2026-09-09_current_difference/conversion.json	107	research_record	1	unresolved	keep	record_or_owning_guide	static_inbound_link_scan_at_d17910d3
research/records/2026-09-09_current_difference/eight_cycles.json	1084	research_record	1	unresolved	keep	record_or_owning_guide	static_inbound_link_scan_at_d17910d3
research/records/2026-09-09_current_difference/phase_pair.json	421	research_record	1	unresolved	keep	record_or_owning_guide	static_inbound_link_scan_at_d17910d3
research/records/2026-09-09_current_difference/phase_spread.json	461	research_record	1	unresolved	keep	record_or_owning_guide	static_inbound_link_scan_at_d17910d3
research/records/2026-09-09_current_difference/sixteen_cycles.json	1084	research_record	1	unresolved	keep	record_or_owning_guide	static_inbound_link_scan_at_d17910d3
research/records/2026-09-09_current_difference/sixteen_development.json	296	research_record	1	unresolved	keep	record_or_owning_guide	static_inbound_link_scan_at_d17910d3
research/records/2026-09-09_current_difference/sixteen_frequency.json	33	research_record	1	unresolved	keep	record_or_owning_guide	static_inbound_link_scan_at_d17910d3
research/records/2026-09-09_duplex_conversation/return.json	144	research_record	1	unresolved	keep	record_or_owning_guide	static_inbound_link_scan_at_d17910d3
research/records/2026-09-09_finite_contact_retention/algebra.txt	18	research_record	0	unresolved	unresolved_unique_result_audit	record_or_owning_guide	static_inbound_link_scan_at_d17910d3
research/records/2026-09-09_finite_contact_retention/driver.txt	26	research_record	0	unresolved	unresolved_unique_result_audit	record_or_owning_guide	static_inbound_link_scan_at_d17910d3
research/records/2026-09-09_finite_contact_retention/field.txt	124	research_record	0	unresolved	unresolved_unique_result_audit	record_or_owning_guide	static_inbound_link_scan_at_d17910d3
research/records/2026-09-09_finite_contact_retention/native-comparison.txt	10	research_record	0	unresolved	unresolved_unique_result_audit	record_or_owning_guide	static_inbound_link_scan_at_d17910d3
research/records/2026-09-09_finite_contact_retention/observer.txt	26	research_record	0	unresolved	unresolved_unique_result_audit	record_or_owning_guide	static_inbound_link_scan_at_d17910d3
research/records/2026-09-09_finite_contact_retention/return.json	2943	research_record	1	unresolved	keep	record_or_owning_guide	static_inbound_link_scan_at_d17910d3
research/records/2026-09-09_finite_contact_retention/sdk.txt	50	research_record	0	unresolved	unresolved_unique_result_audit	record_or_owning_guide	static_inbound_link_scan_at_d17910d3
research/records/2026-09-09_linear_material/return.json	184	research_record	0	unresolved	unresolved_unique_result_audit	record_or_owning_guide	static_inbound_link_scan_at_d17910d3
research/records/2026-09-09_material_actuation/alpha-sdk.txt	53	research_record	0	unresolved	unresolved_unique_result_audit	record_or_owning_guide	static_inbound_link_scan_at_d17910d3
research/records/2026-09-09_material_actuation/driver-controls.txt	27	research_record	0	unresolved	unresolved_unique_result_audit	record_or_owning_guide	static_inbound_link_scan_at_d17910d3
research/records/2026-09-09_material_actuation/field-retry.txt	10	research_record	0	unresolved	unresolved_unique_result_audit	record_or_owning_guide	static_inbound_link_scan_at_d17910d3
research/records/2026-09-09_material_actuation/field-suite.txt	132	research_record	0	unresolved	unresolved_unique_result_audit	record_or_owning_guide	static_inbound_link_scan_at_d17910d3
research/records/2026-09-09_material_actuation/restart-build.txt	19	research_record	0	unresolved	unresolved_unique_result_audit	record_or_owning_guide	static_inbound_link_scan_at_d17910d3
research/records/2026-09-09_material_actuation/return.json	250	research_record	1	unresolved	keep	record_or_owning_guide	static_inbound_link_scan_at_d17910d3
research/records/2026-09-09_normal_material/derived_layout.json	76	research_record	1	unresolved	keep	record_or_owning_guide	static_inbound_link_scan_at_d17910d3
research/records/2026-09-09_normal_material/feedback.json	64	research_record	1	unresolved	keep	record_or_owning_guide	static_inbound_link_scan_at_d17910d3
research/records/2026-09-09_normal_material/inspect_cycles.py	92	research_record	1	unresolved	keep	record_or_owning_guide	static_inbound_link_scan_at_d17910d3
research/records/2026-09-09_normal_material/inspect_exposure.py	76	research_record	1	unresolved	keep	record_or_owning_guide	static_inbound_link_scan_at_d17910d3
research/records/2026-09-09_normal_material/inspect_feedback.py	120	research_record	1	unresolved	keep	record_or_owning_guide	static_inbound_link_scan_at_d17910d3
research/records/2026-09-09_normal_material/inspect_phase_comparison.py	90	research_record	0	unresolved	unresolved_unique_result_audit	record_or_owning_guide	static_inbound_link_scan_at_d17910d3
research/records/2026-09-09_normal_material/objective.json	930	research_record	1	unresolved	keep	record_or_owning_guide	static_inbound_link_scan_at_d17910d3
research/records/2026-09-09_normal_material/producer_reuse.json	111	research_record	1	unresolved	keep	record_or_owning_guide	static_inbound_link_scan_at_d17910d3
research/records/2026-09-09_normal_material/return.json	3883	research_record	1	unresolved	keep	record_or_owning_guide	static_inbound_link_scan_at_d17910d3
research/records/2026-09-09_producer_reuse/return.json	285	research_record	1	unresolved	keep	record_or_owning_guide	static_inbound_link_scan_at_d17910d3
research/records/2026-09-09_zero_extension/examples.txt	22	research_record	0	unresolved	unresolved_unique_result_audit	record_or_owning_guide	static_inbound_link_scan_at_d17910d3
research/records/2026-09-09_zero_extension/field.txt	121	research_record	0	unresolved	unresolved_unique_result_audit	record_or_owning_guide	static_inbound_link_scan_at_d17910d3
research/records/2026-09-09_zero_extension/focused.txt	11	research_record	0	unresolved	unresolved_unique_result_audit	record_or_owning_guide	static_inbound_link_scan_at_d17910d3
research/records/2026-09-09_zero_extension/return.json	192	research_record	1	unresolved	keep	record_or_owning_guide	static_inbound_link_scan_at_d17910d3
research/records/2026-09-09_zero_extension/sdk.txt	49	research_record	0	unresolved	unresolved_unique_result_audit	record_or_owning_guide	static_inbound_link_scan_at_d17910d3
research/records/2026-09-10_ATHENA_RETURNS_OBSERVATIONS_TO_THEIR_PRODUCING_JOINT.md	64	research_record	5	unresolved	keep	record_or_owning_guide	static_inbound_link_scan_at_d17910d3
research/records/2026-09-10_CONVERSATION_DIFFERENCE_FIELDS_REACH_THE_NATIVE_RESPONSE_WITHOUT_A_SOURCE_ARCHIVE.md	170	research_record	2	unresolved	keep	record_or_owning_guide	static_inbound_link_scan_at_d17910d3
research/records/2026-09-10_DEEPSEEK_V41_SEPARATES_SHARED_STANDING_CONTACT_AND_CONTEXTUAL_TRANSFORMATION.md	284	research_record	3	unresolved	keep	record_or_owning_guide	static_inbound_link_scan_at_d17910d3
research/records/2026-09-10_EQUATIONAL_LAWS_AND_WORLD_TUBES_MAKE_ATHENAS_NEXT_PASSAGE_EXPLICIT.md	348	research_record	3	unresolved	keep	record_or_owning_guide	static_inbound_link_scan_at_d17910d3
research/records/2026-09-10_HNN_DIAGRAMS_EXPOSE_COMPOSITION_DEVELOPMENT_AND_SOULKILLER_LIFTS.md	284	research_record	1	unresolved	keep	record_or_owning_guide	static_inbound_link_scan_at_d17910d3
research/records/2026-09-10_LOCAL_GENERATORS_SHARE_CONDITION_CURRENT_AND_THE_WHOLE_BODY_RESUMES.md	154	research_record	0	unresolved	unresolved_unique_result_audit	record_or_owning_guide	static_inbound_link_scan_at_d17910d3
research/records/2026-09-10_RECEIVED_CURRENTS_CHANGE_THE_GENERATOR_WITHOUT_A_HISTORY_CHAIN.md	134	research_record	1	unresolved	keep	record_or_owning_guide	static_inbound_link_scan_at_d17910d3
research/records/2026-09-10_RECEIVER_ENGRAVING_RETAINS_COMPLEX_CURRENT_AND_SUPERSEDES_THE_PAINTED_ATLAS.md	315	research_record	3	unresolved	keep	record_or_owning_guide	static_inbound_link_scan_at_d17910d3
research/records/2026-09-10_SEQUENCE_FOLD_AND_REACTION_CURRENT_MAKE_THE_CAUSAL_THOUGHT_CHAIN_CONCRETE.md	98	research_record	9	unresolved	keep	record_or_owning_guide	static_inbound_link_scan_at_d17910d3
research/records/2026-09-10_SOURCE_PASSAGES_ACT_THROUGH_UNION_AND_PASSIVE_REFLECTION.md	175	research_record	2	unresolved	keep	record_or_owning_guide	static_inbound_link_scan_at_d17910d3
research/records/2026-09-10_STRESS_ENERGY_AND_SCATTERING_WAVES_RETAIN_THE_KNOT_AND_ITS_RECEIVERS.md	98	research_record	2	unresolved	keep	record_or_owning_guide	static_inbound_link_scan_at_d17910d3
research/records/2026-09-10_TENSION_DYNAMICS_BECOME_ATHENAS_COMPUTATIONAL_CONSTRUCTION.md	82	research_record	4	unresolved	keep	record_or_owning_guide	static_inbound_link_scan_at_d17910d3
research/records/2026-09-10_THE_DIFFERENCE_GENERATOR_KEEPS_ITS_JOIN_AND_RESTS_AS_AN_OPERATOR_WORD.md	171	research_record	1	unresolved	keep	record_or_owning_guide	static_inbound_link_scan_at_d17910d3
research/records/2026-09-10_THE_NORMAL_RESPONSE_ACCEPTS_RESIDENT_CURRENTS_WITHOUT_A_SOURCE_ARCHIVE.md	100	research_record	2	unresolved	keep	record_or_owning_guide	static_inbound_link_scan_at_d17910d3
research/records/2026-09-10_WHOLE_SOURCE_FIELDS_DEVELOP_THE_CONTINUING_GENERATOR.md	120	research_record	1	unresolved	keep	record_or_owning_guide	static_inbound_link_scan_at_d17910d3
research/records/2026-09-10_WOVEN_FIELD_ECOLOGIES_RETURN_OPTICAL_HORIZONS_AND_REMOTE_CONFORMATION.md	147	research_record	3	unresolved	keep	record_or_owning_guide	static_inbound_link_scan_at_d17910d3
research/records/2026-09-10_athena_producing_return_receipts/source-continuation.json	64	research_record	1	unresolved	keep	record_or_owning_guide	static_inbound_link_scan_at_d17910d3
research/records/2026-09-11_ACTUAL_CONTINUATIONS_JOIN_THE_COMPLETE_COUPLED_FAMILY.md	127	research_record	2	unresolved	keep	record_or_owning_guide	static_inbound_link_scan_at_d17910d3
research/records/2026-09-11_ACTUAL_PENDING_COMPARISONS_COMPILE_WITH_THEIR_ANCHORS.md	126	research_record	3	unresolved	keep	record_or_owning_guide	static_inbound_link_scan_at_d17910d3
research/records/2026-09-11_ANCHORED_FAMILIES_HAVE_BOUNDED_RECEIVERS_AND_RESUME_WITH_THEIR_SOURCE.md	73	research_record	1	unresolved	keep	record_or_owning_guide	static_inbound_link_scan_at_d17910d3
research/records/2026-09-11_AN_OWNED_CONSTITUTIVE_GENERATOR_CONTINUES_THROUGH_ITS_NEW_MATERIAL.md	109	research_record	2	unresolved	keep	record_or_owning_guide	static_inbound_link_scan_at_d17910d3
research/records/2026-09-11_ATHENA_EMITS_THROUGH_A_RESIDENT_RECEIVER_AND_REENTERS_ITS_SUCCESSOR.md	89	research_record	4	unresolved	keep	record_or_owning_guide	static_inbound_link_scan_at_d17910d3
research/records/2026-09-11_ATHENA_STATUS_RETURNS_TO_TRANSCENDENTAL_GENERATOR_COMPRESSION.md	119	research_record	2	unresolved	keep	record_or_owning_guide	static_inbound_link_scan_at_d17910d3
research/records/2026-09-11_CAUSAL_ENTANGLEMENT_NEEDS_FUTURE_INTERFACES_AND_FOUNDED_GENERATORS.md	103	research_record	2	unresolved	keep	record_or_owning_guide	static_inbound_link_scan_at_d17910d3
research/records/2026-09-11_CONDITIONAL_WAVE_FAMILIES_RETAIN_THE_ANCHOR_AND_STAGE_THEIR_LOCAL_LAWS.md	76	research_record	1	unresolved	keep	record_or_owning_guide	static_inbound_link_scan_at_d17910d3
research/records/2026-09-11_CONSTITUTIVE_RETURNS_REMAIN_DEPENDENT_ON_THEIR_SOURCE.md	117	research_record	3	unresolved	keep	record_or_owning_guide	static_inbound_link_scan_at_d17910d3
research/records/2026-09-11_COUPLED_FAMILY_EMISSION_CONTINUES_THROUGH_ONE_SESSION.md	133	research_record	1	unresolved	keep	record_or_owning_guide	static_inbound_link_scan_at_d17910d3
research/records/2026-09-11_COUPLED_SOURCE_FIELDS_REACT_WITH_COMPLETE_ARRIVALS.md	201	research_record	1	unresolved	keep	record_or_owning_guide	static_inbound_link_scan_at_d17910d3
research/records/2026-09-11_FIXED_CONDITION_COLLAPSE_IS_EXACT_AND_ITS_PROJECTION_IS_REUSABLE.md	118	research_record	3	unresolved	keep	record_or_owning_guide	static_inbound_link_scan_at_d17910d3
research/records/2026-09-11_GENERATOR_CODES_RETAIN_PHASE_LIFTS_AND_REMAINDERS.md	177	research_record	2	unresolved	keep	record_or_owning_guide	static_inbound_link_scan_at_d17910d3
research/records/2026-09-11_HEPHAESTUS_AUTOMATA_ARE_TASK_SCOPED_HNN_APPLICATIONS.md	84	research_record	0	unresolved	unresolved_unique_result_audit	record_or_owning_guide	static_inbound_link_scan_at_d17910d3
research/records/2026-09-11_HOLONIC_ENCODING_RETAINS_TRANSFORMATION_GRAIN_ACROSS_MODALITIES.md	247	research_record	11	unresolved	keep	record_or_owning_guide	static_inbound_link_scan_at_d17910d3
research/records/2026-09-11_HOLONIC_SOLVER_NAVIGATES_EXACT_GENERATOR_FACTORIZATIONS.md	253	research_record	5	unresolved	keep	record_or_owning_guide	static_inbound_link_scan_at_d17910d3
research/records/2026-09-11_JOINT_SOURCE_CONDITION_AND_MATERIAL_KEEP_THEIR_PRODUCT_CONSTRAINTS.md	128	research_record	3	unresolved	keep	record_or_owning_guide	static_inbound_link_scan_at_d17910d3
research/records/2026-09-11_LATER_SOURCE_CONSTRAINTS_KEEP_THE_JOINED_CONTINUATION.md	89	research_record	1	unresolved	keep	record_or_owning_guide	static_inbound_link_scan_at_d17910d3
research/records/2026-09-11_ONE_WAVE_OWNS_CONDITIONAL_CURRENT_MATERIAL_AND_PENDING_RETURNS.md	76	research_record	1	unresolved	keep	record_or_owning_guide	static_inbound_link_scan_at_d17910d3
research/records/2026-09-11_PENDING_RETURNS_KEEP_THEIR_ACTUAL_CONTINUATION.md	92	research_record	3	unresolved	keep	record_or_owning_guide	static_inbound_link_scan_at_d17910d3
research/records/2026-09-11_PI_AND_E_CONSTRAINT_IDENTITIES_HAVE_ORIENTED_GENERATOR_FACES.md	310	research_record	6	unresolved	keep	record_or_owning_guide	static_inbound_link_scan_at_d17910d3
research/records/2026-09-11_PRODUCING_FAMILIES_KEEP_JOINT_COMPARISON_PARAMETERS.md	52	research_record	2	unresolved	keep	record_or_owning_guide	static_inbound_link_scan_at_d17910d3
research/records/2026-09-11_RELATIVE_CODE_COST_HAS_AN_ADDRESSED_BOUNDARY_LAW.md	207	research_record	4	unresolved	keep	record_or_owning_guide	static_inbound_link_scan_at_d17910d3
research/records/2026-09-11_REUSABLE_GENERATORS_REACH_RESIDENT_RECEIVERS.md	123	research_record	3	unresolved	keep	record_or_owning_guide	static_inbound_link_scan_at_d17910d3
research/records/2026-09-11_THE_HNN_STREAM_USES_ITS_RETURNED_GENERATOR.md	105	research_record	2	unresolved	keep	record_or_owning_guide	static_inbound_link_scan_at_d17910d3
research/records/2026-09-11_THE_PLANS_NAME_CONDITIONAL_RELATIONS_AND_OBSERVABLE_OUTCOMES.md	204	research_record	1	unresolved	keep	record_or_owning_guide	static_inbound_link_scan_at_d17910d3
research/records/2026-09-11_THE_SHARED_PROGRAMME_JOINS_MATHEMATICS_EROS_AND_ATHENA.md	51	research_record	0	unresolved	unresolved_unique_result_audit	record_or_owning_guide	static_inbound_link_scan_at_d17910d3
research/records/2026-09-11_THRESHOLD_REFINEMENT_AND_PARTITIONED_ENERGY_RETURN_HOLONIC_TOOLKITS.md	227	research_record	2	unresolved	keep	record_or_owning_guide	static_inbound_link_scan_at_d17910d3
research/records/2026-09-11_UNIT_SOURCE_CHARTS_RETAIN_THE_WAVES_COMMON_OFFSET.md	157	research_record	0	unresolved	unresolved_unique_result_audit	record_or_owning_guide	static_inbound_link_scan_at_d17910d3
research/records/2026-09-11_ZETA_PHASE_SWING_AND_INFORMATION_RATES_ARE_MEASURED.md	171	research_record	2	unresolved	keep	record_or_owning_guide	static_inbound_link_scan_at_d17910d3
research/records/2026-09-11_actual_continuation_receipts/generate-events.jsonl	3	research_record	0	unresolved	unresolved_unique_result_audit	record_or_owning_guide	static_inbound_link_scan_at_d17910d3
research/records/2026-09-11_actual_continuation_receipts/generate-process.json	1	research_record	0	unresolved	unresolved_unique_result_audit	record_or_owning_guide	static_inbound_link_scan_at_d17910d3
research/records/2026-09-11_actual_continuation_receipts/generate-time.json	1	research_record	0	unresolved	unresolved_unique_result_audit	record_or_owning_guide	static_inbound_link_scan_at_d17910d3
research/records/2026-09-11_actual_continuation_receipts/generate.jsonl	3	research_record	0	unresolved	unresolved_unique_result_audit	record_or_owning_guide	static_inbound_link_scan_at_d17910d3
research/records/2026-09-11_actual_continuation_receipts/receive-events.jsonl	3	research_record	0	unresolved	unresolved_unique_result_audit	record_or_owning_guide	static_inbound_link_scan_at_d17910d3
research/records/2026-09-11_actual_continuation_receipts/receive-process.json	1	research_record	0	unresolved	unresolved_unique_result_audit	record_or_owning_guide	static_inbound_link_scan_at_d17910d3
research/records/2026-09-11_actual_continuation_receipts/receive-time.json	1	research_record	0	unresolved	unresolved_unique_result_audit	record_or_owning_guide	static_inbound_link_scan_at_d17910d3
research/records/2026-09-11_actual_continuation_receipts/receive.jsonl	3	research_record	0	unresolved	unresolved_unique_result_audit	record_or_owning_guide	static_inbound_link_scan_at_d17910d3
research/records/2026-09-11_actual_continuation_receipts/source.json	12	research_record	0	unresolved	unresolved_unique_result_audit	record_or_owning_guide	static_inbound_link_scan_at_d17910d3
research/records/2026-09-11_actual_continuation_receipts/summary.json	40	research_record	0	unresolved	unresolved_unique_result_audit	record_or_owning_guide	static_inbound_link_scan_at_d17910d3
research/records/2026-09-11_athena_resident_emission_receipts/continuation.json	142	research_record	1	unresolved	keep	record_or_owning_guide	static_inbound_link_scan_at_d17910d3
research/records/2026-09-11_coupled_family_emission_receipts/candidate-summary.json	12	research_record	1	unresolved	keep	record_or_owning_guide	static_inbound_link_scan_at_d17910d3
research/records/2026-09-11_coupled_family_emission_receipts/events.jsonl	3	research_record	0	unresolved	unresolved_unique_result_audit	record_or_owning_guide	static_inbound_link_scan_at_d17910d3
research/records/2026-09-11_coupled_family_emission_receipts/inspect-events.jsonl	1	research_record	0	unresolved	unresolved_unique_result_audit	record_or_owning_guide	static_inbound_link_scan_at_d17910d3
research/records/2026-09-11_coupled_family_emission_receipts/inspect-process.json	1	research_record	0	unresolved	unresolved_unique_result_audit	record_or_owning_guide	static_inbound_link_scan_at_d17910d3
research/records/2026-09-11_coupled_family_emission_receipts/inspect-requests.jsonl	1	research_record	0	unresolved	unresolved_unique_result_audit	record_or_owning_guide	static_inbound_link_scan_at_d17910d3
research/records/2026-09-11_coupled_family_emission_receipts/process.json	1	research_record	0	unresolved	unresolved_unique_result_audit	record_or_owning_guide	static_inbound_link_scan_at_d17910d3
research/records/2026-09-11_coupled_family_emission_receipts/requests.jsonl	3	research_record	0	unresolved	unresolved_unique_result_audit	record_or_owning_guide	static_inbound_link_scan_at_d17910d3
research/records/2026-09-11_coupled_joint_receipts/native-tests.txt	17	research_record	1	unresolved	keep	record_or_owning_guide	static_inbound_link_scan_at_d17910d3
research/records/2026-09-11_coupled_source_domain_receipts/check_affine_separator.py	67	research_record	1	unresolved	keep	record_or_owning_guide	static_inbound_link_scan_at_d17910d3
research/records/2026-09-11_coupled_source_domain_receipts/unit-real-sum-32-difference.json	17	research_record	1	unresolved	keep	record_or_owning_guide	static_inbound_link_scan_at_d17910d3
research/records/2026-09-11_coupled_source_domain_receipts/unit-real-sum-32-source-return.json	356	research_record	1	unresolved	keep	record_or_owning_guide	static_inbound_link_scan_at_d17910d3
research/records/2026-09-11_coupled_source_domain_receipts/unit-real-sum-receiver.json	44	research_record	1	unresolved	keep	record_or_owning_guide	static_inbound_link_scan_at_d17910d3
research/records/2026-09-11_coupled_source_domain_receipts/unit-real-sum-separator.json	22	research_record	1	unresolved	keep	record_or_owning_guide	static_inbound_link_scan_at_d17910d3
research/records/2026-09-11_coupled_source_domain_receipts/unit-source-exclusion.json	108	research_record	1	unresolved	keep	record_or_owning_guide	static_inbound_link_scan_at_d17910d3
research/records/2026-09-11_coupled_source_field_receipts/compare_source_images.py	110	research_record	0	unresolved	unresolved_unique_result_audit	record_or_owning_guide	static_inbound_link_scan_at_d17910d3
research/records/2026-09-11_coupled_source_field_receipts/compatibility-gate-refusal.json	33	research_record	0	unresolved	unresolved_unique_result_audit	record_or_owning_guide	static_inbound_link_scan_at_d17910d3
research/records/2026-09-11_coupled_source_field_receipts/current-receiver.json	9	research_record	1	unresolved	keep	record_or_owning_guide	static_inbound_link_scan_at_d17910d3
research/records/2026-09-11_coupled_source_field_receipts/general-image.json	51	research_record	1	unresolved	keep	record_or_owning_guide	static_inbound_link_scan_at_d17910d3
research/records/2026-09-11_coupled_source_field_receipts/material-invariance.json	18	research_record	1	unresolved	keep	record_or_owning_guide	static_inbound_link_scan_at_d17910d3
research/records/2026-09-11_coupled_source_field_receipts/total-image-equivalence.json	196	research_record	1	unresolved	keep	record_or_owning_guide	static_inbound_link_scan_at_d17910d3
research/records/2026-09-11_coupled_source_field_receipts/total-image.json	59	research_record	1	unresolved	keep	record_or_owning_guide	static_inbound_link_scan_at_d17910d3
research/records/2026-09-11_coupled_source_field_receipts/validated-image-equivalence.json	196	research_record	1	unresolved	keep	record_or_owning_guide	static_inbound_link_scan_at_d17910d3
research/records/2026-09-11_coupled_source_field_receipts/validated-image.json	59	research_record	1	unresolved	keep	record_or_owning_guide	static_inbound_link_scan_at_d17910d3
research/records/2026-09-11_coupled_source_field_receipts/vertical-standing.json	16	research_record	1	unresolved	keep	record_or_owning_guide	static_inbound_link_scan_at_d17910d3
research/records/2026-09-11_dependent_constitutive_receipts/coupled-tests.txt	32	research_record	1	unresolved	keep	record_or_owning_guide	static_inbound_link_scan_at_d17910d3
research/records/2026-09-11_dependent_constitutive_receipts/hna-check.txt	28	research_record	1	unresolved	keep	record_or_owning_guide	static_inbound_link_scan_at_d17910d3
research/records/2026-09-11_dependent_constitutive_receipts/lean-build.txt	6	research_record	1	unresolved	keep	record_or_owning_guide	static_inbound_link_scan_at_d17910d3
research/records/2026-09-11_dependent_constitutive_receipts/native-tests.txt	15	research_record	1	unresolved	keep	record_or_owning_guide	static_inbound_link_scan_at_d17910d3
research/records/2026-09-11_dependent_constitutive_receipts/neighborhood-tests.txt	14	research_record	1	unresolved	keep	record_or_owning_guide	static_inbound_link_scan_at_d17910d3
research/records/2026-09-11_fixed_condition_collapse_receipts/complete-witness.json	2365	research_record	1	unresolved	keep	record_or_owning_guide	static_inbound_link_scan_at_d17910d3
research/records/2026-09-11_fixed_condition_collapse_receipts/source-field-comparison.json	35	research_record	1	unresolved	keep	record_or_owning_guide	static_inbound_link_scan_at_d17910d3
research/records/2026-09-11_fixed_condition_collapse_receipts/source-field-summary.json	1	research_record	0	unresolved	unresolved_unique_result_audit	record_or_owning_guide	static_inbound_link_scan_at_d17910d3
research/records/2026-09-11_generator_factorization_receipts/exact-synthesis.json	1475	research_record	1	unresolved	keep	record_or_owning_guide	static_inbound_link_scan_at_d17910d3
research/records/2026-09-11_hephaestus_operator_receipts/cycle.json	79	research_record	1	unresolved	keep	record_or_owning_guide	static_inbound_link_scan_at_d17910d3
research/records/2026-09-11_hephaestus_operator_receipts/factorization.json	1487	research_record	1	unresolved	keep	record_or_owning_guide	static_inbound_link_scan_at_d17910d3
research/records/2026-09-11_hnn_return_receipts/athena-coordinate-kernel-tests.txt	10	research_record	0	unresolved	unresolved_unique_result_audit	record_or_owning_guide	static_inbound_link_scan_at_d17910d3
research/records/2026-09-11_hnn_return_receipts/athena-hnn-return-tests.txt	43	research_record	0	unresolved	unresolved_unique_result_audit	record_or_owning_guide	static_inbound_link_scan_at_d17910d3
research/records/2026-09-11_hnn_return_receipts/athena-hnn-stream-tests.txt	45	research_record	0	unresolved	unresolved_unique_result_audit	record_or_owning_guide	static_inbound_link_scan_at_d17910d3
research/records/2026-09-11_hnn_return_receipts/athena-session-native-tests.txt	42	research_record	0	unresolved	unresolved_unique_result_audit	record_or_owning_guide	static_inbound_link_scan_at_d17910d3
research/records/2026-09-11_hnn_return_receipts/formal-terminal.txt	15	research_record	0	unresolved	unresolved_unique_result_audit	record_or_owning_guide	static_inbound_link_scan_at_d17910d3
research/records/2026-09-11_holonic_toolkit_receipts/partitioned-energy.json	232	research_record	1	unresolved	keep	record_or_owning_guide	static_inbound_link_scan_at_d17910d3
research/records/2026-09-11_joint_fibre_receipts/cycle.json	118	research_record	1	unresolved	keep	record_or_owning_guide	static_inbound_link_scan_at_d17910d3
research/records/2026-09-11_later_source_join_receipts/bounded-family-tests.txt	12	research_record	0	unresolved	unresolved_unique_result_audit	record_or_owning_guide	static_inbound_link_scan_at_d17910d3
research/records/2026-09-11_later_source_join_receipts/coupled-first-run-stale-test-contact.txt	55	research_record	0	unresolved	unresolved_unique_result_audit	record_or_owning_guide	static_inbound_link_scan_at_d17910d3
research/records/2026-09-11_later_source_join_receipts/formal-terminal.txt	13	research_record	0	unresolved	unresolved_unique_result_audit	record_or_owning_guide	static_inbound_link_scan_at_d17910d3
research/records/2026-09-11_later_source_join_receipts/hnn-library-check.txt	28	research_record	0	unresolved	unresolved_unique_result_audit	record_or_owning_guide	static_inbound_link_scan_at_d17910d3
research/records/2026-09-11_later_source_join_receipts/pending-word-tests.txt	11	research_record	0	unresolved	unresolved_unique_result_audit	record_or_owning_guide	static_inbound_link_scan_at_d17910d3
research/records/2026-09-11_owned_constitutive_receipts/coupled-tests.txt	50	research_record	1	unresolved	keep	record_or_owning_guide	static_inbound_link_scan_at_d17910d3
research/records/2026-09-11_owned_constitutive_receipts/formal-build.txt	7	research_record	1	unresolved	keep	record_or_owning_guide	static_inbound_link_scan_at_d17910d3
research/records/2026-09-11_owned_constitutive_receipts/hna-check.txt	32	research_record	1	unresolved	keep	record_or_owning_guide	static_inbound_link_scan_at_d17910d3
research/records/2026-09-11_owned_constitutive_receipts/neighborhood-tests.txt	17	research_record	1	unresolved	keep	record_or_owning_guide	static_inbound_link_scan_at_d17910d3
research/records/2026-09-11_owned_constitutive_receipts/other-pending-test.txt	10	research_record	1	unresolved	keep	record_or_owning_guide	static_inbound_link_scan_at_d17910d3
research/records/2026-09-11_pending_continuation_receipts/before-fix-excerpt.txt	25	research_record	1	unresolved	keep	record_or_owning_guide	static_inbound_link_scan_at_d17910d3
research/records/2026-09-11_pending_continuation_receipts/before-fix.txt.gz	binary	research_record	1	unresolved	keep	record_or_owning_guide	static_inbound_link_scan_at_d17910d3
research/records/2026-09-11_pending_continuation_receipts/continuation-tests.txt	11	research_record	1	unresolved	keep	record_or_owning_guide	static_inbound_link_scan_at_d17910d3
research/records/2026-09-11_pending_continuation_receipts/coupled-tests.txt	36	research_record	1	unresolved	keep	record_or_owning_guide	static_inbound_link_scan_at_d17910d3
research/records/2026-09-11_pending_continuation_receipts/session-tests.txt	41	research_record	1	unresolved	keep	record_or_owning_guide	static_inbound_link_scan_at_d17910d3
research/records/2026-09-11_ratio_series_compression_receipts/constraint-windows.json	1069	research_record	1	unresolved	keep	record_or_owning_guide	static_inbound_link_scan_at_d17910d3
research/records/2026-09-11_ratio_series_compression_receipts/finite-bridge.json	60	research_record	1	unresolved	keep	record_or_owning_guide	static_inbound_link_scan_at_d17910d3
research/records/2026-09-11_zeta_information_receipts/atlas-12-36.ron.gz	binary	research_record	1	unresolved	keep	record_or_owning_guide	static_inbound_link_scan_at_d17910d3
research/records/2026-09-11_zeta_information_receipts/generator-comparison.json.gz	binary	research_record	1	unresolved	keep	record_or_owning_guide	static_inbound_link_scan_at_d17910d3
research/records/2026-09-11_zeta_information_receipts/information.json	695	research_record	1	unresolved	keep	record_or_owning_guide	static_inbound_link_scan_at_d17910d3
research/records/2026-09-11_zeta_information_receipts/receiver-code-cost.json.gz	binary	research_record	1	unresolved	keep	record_or_owning_guide	static_inbound_link_scan_at_d17910d3
research/records/2026-09-12_BOUNDED_LORENTZIAN_RATIOS_JOIN_COEFFICIENT_GAUGES_AND_HODGE_BOUNDS.md	68	research_record	3	unresolved	keep	record_or_owning_guide	static_inbound_link_scan_at_d17910d3
research/records/2026-09-12_CALLER_CONTROLLED_NATIVE_MATHEMATICS_RETURNS_FACTORS_AND_PARAMETER_FAMILIES.md	318	research_record	4	unresolved	keep	record_or_owning_guide	static_inbound_link_scan_at_d17910d3
research/records/2026-09-12_CONTEXTUAL_RECEPTION_AND_NORMALIZATION_REUSE_THEIR_SHARED_NATIVE_OWNERS.md	376	research_record	4	unresolved	keep	record_or_owning_guide	static_inbound_link_scan_at_d17910d3
research/records/2026-09-12_DIRECTIONAL_OPTICS_MODE_EXCLUSION_AND_MOVING_SWING_SHARE_TRANSPORT.md	290	research_record	4	unresolved	keep	record_or_owning_guide	static_inbound_link_scan_at_d17910d3
research/records/2026-09-12_FRACTAL_MODES_LIFT_ATTENTION_INTO_MASS_PRESERVING_GENERATOR_COMPRESSION.md	372	research_record	9	unresolved	keep	record_or_owning_guide	static_inbound_link_scan_at_d17910d3
research/records/2026-09-12_GENERATOR_INFERENCE_CODES_FREE_ENERGY_AND_SUFFICIENT_CONTINUATION.md	188	research_record	5	unresolved	keep	record_or_owning_guide	static_inbound_link_scan_at_d17910d3
research/records/2026-09-12_GOLDEN_RECIPROCAL_JOINS_GAMMA_ZETA_AND_SPOKE_GAPS.md	200	research_record	4	unresolved	keep	record_or_owning_guide	static_inbound_link_scan_at_d17910d3
research/records/2026-09-12_MASS_ENERGY_AND_MAXWELL_BOUNDS_UNIFY_TRANSPORT.md	121	research_record	4	unresolved	keep	record_or_owning_guide	static_inbound_link_scan_at_d17910d3
research/records/2026-09-12_OLD_AND_NEW_PENDING_SOURCES_RETURN_THROUGH_ONE_GENERATOR.md	88	research_record	5	unresolved	keep	record_or_owning_guide	static_inbound_link_scan_at_d17910d3
research/records/2026-09-12_PENTAGONAL_PHASE_AND_CONSTRAINED_CONFIGURATION_NAVIGATION.md	260	research_record	1	unresolved	keep	record_or_owning_guide	static_inbound_link_scan_at_d17910d3
research/records/2026-09-12_PERIPLUS_REBASE_AND_TEMPORAL_RESIDUES_JOIN_GAMMA_ZETA_AND_HODGE.md	373	research_record	7	unresolved	keep	record_or_owning_guide	static_inbound_link_scan_at_d17910d3
research/records/2026-09-12_PHASE_PARITY_AND_CLOCKED_TORI_RETURN_GENERATOR_CODE_POTENTIALS.md	338	research_record	3	unresolved	keep	record_or_owning_guide	static_inbound_link_scan_at_d17910d3
research/records/2026-09-12_PREDICTION_IS_PREPARED_TRANSPORT_AND_RELEASE_IS_BOUNDARY_CURRENT.md	401	research_record	12	unresolved	keep	record_or_owning_guide	static_inbound_link_scan_at_d17910d3
research/records/2026-09-12_REPEATED_RETURNS_PRESERVE_ORIGINAL_SOURCE_FRAMES.md	109	research_record	2	unresolved	keep	record_or_owning_guide	static_inbound_link_scan_at_d17910d3
research/records/2026-09-12_SOLVER_INFERENCE_AND_GENERATOR_COMPRESSION_ARE_INTELLIGENCE.md	114	research_record	7	unresolved	keep	record_or_owning_guide	static_inbound_link_scan_at_d17910d3
research/records/2026-09-12_THE_FRONTIER_REVIEW_CONSOLIDATES_CONSTRUCTIVE_CONTINUITY.md	239	research_record	4	unresolved	keep	record_or_owning_guide	static_inbound_link_scan_at_d17910d3
research/records/2026-09-12_THE_HNN_PLAN_IS_ORDERED_BY_PRODUCTIVE_GENERATOR_INTEGRATION.md	150	research_record	0	unresolved	unresolved_unique_result_audit	record_or_owning_guide	static_inbound_link_scan_at_d17910d3
research/records/2026-09-12_THE_RETURN_CYCLE_STANDS_AND_THE_PICKUP_FOLLOWS_SOURCE_APPLICABILITY.md	62	research_record	2	unresolved	keep	record_or_owning_guide	static_inbound_link_scan_at_d17910d3
research/records/2026-09-12_complete_return_receipts/coupled-controls.txt	63	research_record	1	unresolved	keep	record_or_owning_guide	static_inbound_link_scan_at_d17910d3
research/records/2026-09-12_complete_return_receipts/formal-terminal.txt	13	research_record	1	unresolved	keep	record_or_owning_guide	static_inbound_link_scan_at_d17910d3
research/records/2026-09-12_complete_return_receipts/hnn-session-controls.txt	45	research_record	1	unresolved	keep	record_or_owning_guide	static_inbound_link_scan_at_d17910d3
research/records/2026-09-12_complete_return_receipts/root-invisible-source-fibre.txt	11	research_record	0	unresolved	unresolved_unique_result_audit	record_or_owning_guide	static_inbound_link_scan_at_d17910d3
research/records/2026-09-12_generator_inference_receipts/formal-terminal.txt	30	research_record	1	unresolved	keep	record_or_owning_guide	static_inbound_link_scan_at_d17910d3
research/records/2026-09-12_generator_inference_receipts/receiver-code-cost.json	2204	research_record	1	unresolved	keep	record_or_owning_guide	static_inbound_link_scan_at_d17910d3
research/records/2026-09-12_kernel_mode_receipts/cargo-tests.txt	42	research_record	1	unresolved	keep	record_or_owning_guide	static_inbound_link_scan_at_d17910d3
research/records/2026-09-12_kernel_mode_receipts/formal-terminal.txt	68	research_record	1	unresolved	keep	record_or_owning_guide	static_inbound_link_scan_at_d17910d3
research/records/2026-09-12_kernel_mode_receipts/kernel-mode-compression.json	210	research_record	1	unresolved	keep	record_or_owning_guide	static_inbound_link_scan_at_d17910d3
research/records/2026-09-12_mass_energy_receipts/cargo-tests.txt	49	research_record	1	unresolved	keep	record_or_owning_guide	static_inbound_link_scan_at_d17910d3
research/records/2026-09-12_mass_energy_receipts/formal-terminal.txt	21	research_record	1	unresolved	keep	record_or_owning_guide	static_inbound_link_scan_at_d17910d3
research/records/2026-09-12_mass_energy_receipts/mass-energy.json	165	research_record	1	unresolved	keep	record_or_owning_guide	static_inbound_link_scan_at_d17910d3
research/records/2026-09-12_optical_frame_receipts/formal-terminal.txt	18	research_record	1	unresolved	keep	record_or_owning_guide	static_inbound_link_scan_at_d17910d3
research/records/2026-09-12_optical_frame_receipts/receiver-frames.json	70	research_record	1	unresolved	keep	record_or_owning_guide	static_inbound_link_scan_at_d17910d3
research/records/2026-09-12_periplus_receipts/cargo-tests.txt	43	research_record	0	unresolved	unresolved_unique_result_audit	record_or_owning_guide	static_inbound_link_scan_at_d17910d3
research/records/2026-09-12_periplus_receipts/formal-terminal.txt	57	research_record	1	unresolved	keep	record_or_owning_guide	static_inbound_link_scan_at_d17910d3
research/records/2026-09-12_periplus_receipts/modal-rebase.json	282	research_record	1	unresolved	keep	record_or_owning_guide	static_inbound_link_scan_at_d17910d3
research/records/2026-09-12_periplus_receipts/zeta-information.json	281	research_record	1	unresolved	keep	record_or_owning_guide	static_inbound_link_scan_at_d17910d3
research/records/2026-09-12_predictive_release_receipts/cargo-tests.txt	46	research_record	0	unresolved	unresolved_unique_result_audit	record_or_owning_guide	static_inbound_link_scan_at_d17910d3
research/records/2026-09-12_predictive_release_receipts/formal-terminal.txt	46	research_record	1	unresolved	keep	record_or_owning_guide	static_inbound_link_scan_at_d17910d3
research/records/2026-09-12_predictive_release_receipts/predictive-release.json	121	research_record	1	unresolved	keep	record_or_owning_guide	static_inbound_link_scan_at_d17910d3
research/records/2026-09-12_repeated_return_receipts/coupled-controls.txt	57	research_record	0	unresolved	unresolved_unique_result_audit	record_or_owning_guide	static_inbound_link_scan_at_d17910d3
research/records/2026-09-12_repeated_return_receipts/hnn-session-controls.txt	43	research_record	0	unresolved	unresolved_unique_result_audit	record_or_owning_guide	static_inbound_link_scan_at_d17910d3
research/records/2026-09-12_repeated_return_receipts/legacy-dependent-frames.txt	10	research_record	0	unresolved	unresolved_unique_result_audit	record_or_owning_guide	static_inbound_link_scan_at_d17910d3
research/records/2026-09-12_repeated_return_receipts/signed-face.txt	10	research_record	0	unresolved	unresolved_unique_result_audit	record_or_owning_guide	static_inbound_link_scan_at_d17910d3
research/records/2026-09-12_repeated_return_receipts/source-parameter-sections.txt	11	research_record	0	unresolved	unresolved_unique_result_audit	record_or_owning_guide	static_inbound_link_scan_at_d17910d3
research/records/2026-09-13_AFFINE_ORBITS_RETURN_COMPOSITE_CERTIFICATES_THROUGH_FINITE_CLOCKS.md	183	research_record	2	unresolved	keep	record_or_owning_guide	static_inbound_link_scan_at_d17910d3
research/records/2026-09-13_BOUNDARY_AND_INTERNAL_CURRENTS_FEED_JOINT_HNN_PREDICTION.md	178	research_record	4	unresolved	keep	record_or_owning_guide	static_inbound_link_scan_at_d17910d3
research/records/2026-09-13_COMPACT_FIBRES_RETURN_CHARGE_AND_THE_RESEARCH_WORKFLOW_RECOVERS_ITS_PHYSICS.md	244	research_record	5	unresolved	keep	record_or_owning_guide	static_inbound_link_scan_at_d17910d3
research/records/2026-09-13_CONDITIONED_PREDICTION_AND_DYNAMIC_INTERIOR_RETURN.md	167	research_record	0	unresolved	unresolved_unique_result_audit	record_or_owning_guide	static_inbound_link_scan_at_d17910d3
research/records/2026-09-13_DIRECT_MESSAGES_CONFIRM_THE_ATHENA_CONSTRUCTION_ORDER.md	138	research_record	1	unresolved	keep	record_or_owning_guide	static_inbound_link_scan_at_d17910d3
research/records/2026-09-13_EMPIRICAL_RETURNS_KEEP_SOURCE_FIBRES_AND_FORM_THE_NEXT_PREDICTION.md	179	research_record	3	unresolved	keep	record_or_owning_guide	static_inbound_link_scan_at_d17910d3
research/records/2026-09-13_GAME_WORLDS_SCOPED_RATES_AND_MOLECULAR_MECHANICS_SHARE_DECLARED_LAWS.md	361	research_record	3	unresolved	keep	record_or_owning_guide	static_inbound_link_scan_at_d17910d3
research/records/2026-09-13_GENERATOR_MEANING_AND_CAMPAIGN_DRIFT_AUDIT.md	217	research_record	7	unresolved	keep	record_or_owning_guide	static_inbound_link_scan_at_d17910d3
research/records/2026-09-13_MASS_FLUX_GAPS_AND_OPTIMAL_NAVIGATION_RETURN_THEIR_SOURCE_MAPS.md	274	research_record	8	unresolved	keep	record_or_owning_guide	static_inbound_link_scan_at_d17910d3
research/records/2026-09-13_ORIENTED_CONFIGURATION_NAVIGATION_RETAINS_ITS_SOURCE_AND_THE_BEACON_STAYS_OPEN.md	253	research_record	5	unresolved	keep	record_or_owning_guide	static_inbound_link_scan_at_d17910d3
research/records/2026-09-13_PREDICTION_RELEASE_HAS_ONE_GENERATING_RELATION_AND_CONCRETE_PRODUCTS.md	134	research_record	0	unresolved	unresolved_unique_result_audit	record_or_owning_guide	static_inbound_link_scan_at_d17910d3
research/records/2026-09-13_PUBLICATION_POSITIONING_DISTINGUISHES_SOURCE_CONSTRUCTION_AND_PRIORITY.md	136	research_record	4	unresolved	keep	record_or_owning_guide	static_inbound_link_scan_at_d17910d3
research/records/2026-09-13_RESIDENT_CONTEXT_FEATURES_RETURN_PREDICTIONS_AND_FACTORS_RELEASE_EXECUTABLE_CODE.md	167	research_record	2	unresolved	keep	record_or_owning_guide	static_inbound_link_scan_at_d17910d3
research/records/2026-09-14_ANALYTIC_RELEASE_AND_RECURSIVE_RECEIVING_POPULATIONS.md	88	research_record	1	unresolved	keep	record_or_owning_guide	static_inbound_link_scan_at_d17910d3
research/records/2026-09-14_ATHENA_ENGINE_BLUEPRINT_AND_CENTERED_ZERO_CURRENT.md	77	research_record	0	unresolved	unresolved_unique_result_audit	record_or_owning_guide	static_inbound_link_scan_at_d17910d3
research/records/2026-09-14_ATTENTION_LEARNING_AND_GENERATION_SHARE_A_COMPUTATIONAL_HOLON.md	119	research_record	1	unresolved	keep	record_or_owning_guide	static_inbound_link_scan_at_d17910d3
research/records/2026-09-14_BUTLER_KOESTLER_AND_HOLONIC_CONSTRUCTION.md	524	research_record	3	unresolved	keep	record_or_owning_guide	static_inbound_link_scan_at_d17910d3
research/records/2026-09-14_CONSTRAINT_MODES_AND_ACTIVE_EINSTEIN_FACES_REJOIN_THE_LIBRARY.md	129	research_record	0	unresolved	unresolved_unique_result_audit	record_or_owning_guide	static_inbound_link_scan_at_d17910d3
research/records/2026-09-14_CONTINUING_PLATES_AND_THE_RECEIVER_RIDING_THE_CURRENT.md	74	research_record	0	unresolved	unresolved_unique_result_audit	record_or_owning_guide	static_inbound_link_scan_at_d17910d3
research/records/2026-09-14_DIRECT_MESSAGES_AND_THE_PAUSED_HNN_RUN.md	177	research_record	1	unresolved	keep	record_or_owning_guide	static_inbound_link_scan_at_d17910d3
research/records/2026-09-14_FRACTAL_GEOMETRY_BELONGS_TO_THE_INTERACTING_FIELD.md	109	research_record	1	unresolved	keep	record_or_owning_guide	static_inbound_link_scan_at_d17910d3
research/records/2026-09-14_GENERATION_REFINES_FIELDS_AND_THE_HOLON_HAS_COMPUTATIONAL_FACES.md	154	research_record	0	unresolved	unresolved_unique_result_audit	record_or_owning_guide	static_inbound_link_scan_at_d17910d3
research/records/2026-09-14_HEAR_THE_MUSIC_SITUATED_RELEASE_AND_SELF_MOTION.md	199	research_record	7	unresolved	keep	record_or_owning_guide	static_inbound_link_scan_at_d17910d3
research/records/2026-09-14_HNN_FIELD_ARCHITECTURE_REFINES_THE_COMPUTATIONAL_INTERFACES.md	107	research_record	0	unresolved	unresolved_unique_result_audit	record_or_owning_guide	static_inbound_link_scan_at_d17910d3
research/records/2026-09-14_SWING_STRESS_AND_INTERIOR_FEEDBACK_FORM_THE_FLUID_CONSTRUCTION.md	106	research_record	1	unresolved	keep	record_or_owning_guide	static_inbound_link_scan_at_d17910d3
research/records/2026-09-14_THE_COMPLETE_ATHENA_IMPLEMENTATION_PLAN.md	106	research_record	1	unresolved	keep	record_or_owning_guide	static_inbound_link_scan_at_d17910d3
research/records/2026-09-14_THE_CONSTITUTED_FIELD_TRAINS_AND_REOPENS_AS_ONE_HNN_MODEL.md	125	research_record	4	unresolved	keep	record_or_owning_guide	static_inbound_link_scan_at_d17910d3
research/records/2026-09-14_THE_CONTINUING_FIELD_EVOLVES_BEFORE_RECEPTION.md	44	research_record	1	unresolved	keep	record_or_owning_guide	static_inbound_link_scan_at_d17910d3
research/records/2026-09-14_THE_HNN_FORMULA_JOINS_THE_LIBRARY_TO_THE_MODEL.md	148	research_record	1	unresolved	keep	record_or_owning_guide	static_inbound_link_scan_at_d17910d3
research/records/2026-09-14_THE_JOINT_FIELD_CURRENT_SURVIVES_REPEATED_GENERATION.md	95	research_record	3	unresolved	keep	record_or_owning_guide	static_inbound_link_scan_at_d17910d3
research/records/2026-09-14_THE_OFF_LINE_ZERO_IS_AN_ENDPOINT_TACHYON_THE_WIDTH_INDUCTION_CLOSES_ON_THE_TAIL.md	419	research_record	0	unresolved	unresolved_unique_result_audit	record_or_owning_guide	static_inbound_link_scan_at_d17910d3
research/records/2026-09-14_THE_RECEIVER_IS_A_PARTICIPATING_HOLON_WITH_MOVING_FACES.md	107	research_record	0	unresolved	unresolved_unique_result_audit	record_or_owning_guide	static_inbound_link_scan_at_d17910d3
research/records/2026-09-14_TRANSFORMER_FIELDS_TROPICAL_CELLS_AND_FRACTAL_GENERATORS.md	177	research_record	3	unresolved	keep	record_or_owning_guide	static_inbound_link_scan_at_d17910d3
research/records/2026-09-15_ATHENA_EVALUATION_HISTORY_AND_SHARED_CONSEQUENCE_KIT.md	174	research_record	5	unresolved	keep	record_or_owning_guide	static_inbound_link_scan_at_d17910d3
research/records/2026-09-15_EROS_UNIFIES_FACES_LANDMARKS_AND_THE_CONTINUING_MACHINE.md	140	research_record	1	unresolved	keep	record_or_owning_guide	static_inbound_link_scan_at_d17910d3
research/records/2026-09-15_INTEGRATING_AND_DIFFERENTIATING_ROLES_SHARE_ONE_CURRENT.md	399	research_record	4	unresolved	keep	record_or_owning_guide	static_inbound_link_scan_at_d17910d3
research/records/2026-09-15_PARTIAL_FIELDS_FORM_JOINT_PATTERNS_THROUGH_THEIR_RECEIVERS.md	138	research_record	3	unresolved	keep	record_or_owning_guide	static_inbound_link_scan_at_d17910d3
research/records/2026-09-15_THE_FIELD_MODEL_GENERATES_CONTEXTUAL_TEXT_THROUGH_THE_PUBLIC_SESSION.md	111	research_record	2	unresolved	keep	record_or_owning_guide	static_inbound_link_scan_at_d17910d3
research/records/2026-09-17_THE_CONSTRAINT_ECOLOGY_CARRIER_GENERALIZES_THE_FOLD_ACROSS_ENVIRONMENTS.md	989	research_record	0	unresolved	unresolved_unique_result_audit	record_or_owning_guide	static_inbound_link_scan_at_d17910d3
research/records/2026-09-17_THE_CONTINUING_OBJECT_IS_A_TYPED_COMPUTABLE_TOWER_OF_SITUATED_PRESENTATIONS.md	979	research_record	0	unresolved	unresolved_unique_result_audit	record_or_owning_guide	static_inbound_link_scan_at_d17910d3
research/records/2026-09-19_A_CERTIFIED_FACE_MAP_KERNEL_RETURNS_THE_TWO_SIDED_ANGLE_IDENTITIES_AND_A_MISSED_COMPONENT_INVENTS_ONE.md	225	research_record	0	unresolved	unresolved_unique_result_audit	record_or_owning_guide	static_inbound_link_scan_at_d17910d3
research/records/2026-09-19_ONE_EMBEDDING_OBJECT_CONNECTS_SCIENTIFIC_VALIDATION_AND_ATHENA.md	220	research_record	1	unresolved	keep	record_or_owning_guide	static_inbound_link_scan_at_d17910d3
research/records/2026-09-19_REPOSITORY_REVIEW_AFTER_THE_SHARED_CARRIER_CONSTRUCTION.md	183	research_record	2	unresolved	keep	record_or_owning_guide	static_inbound_link_scan_at_d17910d3
research/records/2026-09-19_RUBIK_FACES_LIFT_TO_TORUS_INTERSECTIONS_AND_NAVIGATION_GRAPHS.md	230	research_record	3	unresolved	keep	record_or_owning_guide	static_inbound_link_scan_at_d17910d3
research/records/2026-09-19_SIPHONOPHORE_HOLONS_RESOLVE_ORGANISM_IDENTITY_THROUGH_RECURSIVE_ENTROPIC_CYCLES.md	249	research_record	1	unresolved	keep	record_or_owning_guide	static_inbound_link_scan_at_d17910d3
research/records/2026-09-19_THE_PLAN_AUDIT_RECONNECTS_SHARED_LAWS_CONSUMERS_AND_HARDWARE.md	225	research_record	4	unresolved	keep	record_or_owning_guide	static_inbound_link_scan_at_d17910d3
research/records/2026-09-19_THE_TRIGONOMETRY_OF_A_HELICAL_PAIR_IS_TRIGONOMETRY_OVER_A_TWO_SIDED_ANGLE.md	223	research_record	4	unresolved	keep	record_or_owning_guide	static_inbound_link_scan_at_d17910d3
research/records/2026-09-19_THE_WAVES_REPEATED_READING_AND_UNCOORDINATED_BUILDS_NOT_DISTRUST.md	72	research_record	0	unresolved	unresolved_unique_result_audit	record_or_owning_guide	static_inbound_link_scan_at_d17910d3
research/records/2026-09-20_NATIVE_INCIDENCE_FORMS_AND_REUSES_THE_HELICAL_GENERATOR.md	159	research_record	9	unresolved	keep	record_or_owning_guide	static_inbound_link_scan_at_d17910d3
research/records/2026-09-20_THE_FIELD_SESSION_JOIN_HAS_ITS_OWNER_NETWORK_AND_NAMED_ABSENCES.md	242	research_record	4	unresolved	keep	record_or_owning_guide	static_inbound_link_scan_at_d17910d3
research/records/2026-09-20_THE_GEOMETRIC_FIELD_REFINES_AND_RETURNS_ITS_COMPLETE_PAIRED_CURRENT.md	442	research_record	15	unresolved	keep	record_or_owning_guide	static_inbound_link_scan_at_d17910d3
research/records/2026-09-20_THE_IDENTITY_CONTRACT_WAS_FOUNDED_WITHOUT_ITS_OWN_LANDMARK_AND_COMPRESSION_OWNERS.md	148	research_record	0	unresolved	unresolved_unique_result_audit	record_or_owning_guide	static_inbound_link_scan_at_d17910d3
research/records/2026-09-20_THE_OPERATING_GUIDES_CARRY_THE_MACHINE_AND_RESEARCH_INTO_THE_CONSUMER.md	171	research_record	2	unresolved	keep	record_or_owning_guide	static_inbound_link_scan_at_d17910d3
research/records/2026-09-20_WAVE_ELEVEN_RETURNS_THE_SECTION_PORTS_AND_ITS_BASELINE_SHOWS_A_TEXT_WINDOW_ON_ONE_LANE.md	102	research_record	2	unresolved	keep	record_or_owning_guide	static_inbound_link_scan_at_d17910d3
research/records/2026-09-20_WAVE_TEN_IS_REPAIRED_AND_THE_LIBRARY_RETURNS_TO_HELICAL_GENERATORS_AND_HNN.md	219	research_record	6	unresolved	keep	record_or_owning_guide	static_inbound_link_scan_at_d17910d3
research/records/2026-09-20_native_incidence/helical-return.json	675	research_record	1	unresolved	keep	record_or_owning_guide	static_inbound_link_scan_at_d17910d3
research/records/2026-09-21_A_BRIEF_FLASH_SESSION_REPORTS_THE_BILATERAL_SCREW_CORRESPONDENCE_AND_PROPOSES_EXACT_CASCADE_EXPERIMENTS.md	207	research_record	2	unresolved	keep	record_or_owning_guide	static_inbound_link_scan_at_d17910d3
research/records/2026-09-21_ORDERED_SOURCE_AND_PHASE_RECEIVING_ENTER_THE_PUBLIC_GENERATOR_SESSION.md	134	research_record	11	unresolved	keep	record_or_owning_guide	static_inbound_link_scan_at_d17910d3
research/records/2026-09-21_PAIR_CONTACT_SERIAL_KINEMATICS_AND_THE_RESIDENT_QUADRANCE_RETURN.md	133	research_record	11	unresolved	keep	record_or_owning_guide	static_inbound_link_scan_at_d17910d3
research/records/2026-09-21_SITUATED_GENERATORS_RETAIN_MODES_AND_RELEASE_ACTION.md	221	research_record	12	unresolved	keep	record_or_owning_guide	static_inbound_link_scan_at_d17910d3
research/records/2026-09-21_THE_FIXED_GENERATOR_MACHINE_CONSUMES_ITS_AFFINE_CURRENT_CHART.md	115	research_record	9	unresolved	keep	record_or_owning_guide	static_inbound_link_scan_at_d17910d3
research/records/2026-09-21_THE_GENERATOR_MACHINE_RETAINS_ITS_SOURCE_AND_RECEIVING_LAWS.md	167	research_record	5	unresolved	keep	record_or_owning_guide	static_inbound_link_scan_at_d17910d3
research/records/2026-09-21_THE_HELICAL_PAIR_INTERACTION_IS_THE_HNN_SITE_AND_PHASE_CARRIES_CONTEXT.md	263	research_record	8	unresolved	keep	record_or_owning_guide	static_inbound_link_scan_at_d17910d3
research/records/2026-09-21_THE_INCIDENT_FIELD_JOINS_ITS_GENERATOR_RECEIVER_AND_FROZEN_RETURN.md	464	research_record	12	unresolved	keep	record_or_owning_guide	static_inbound_link_scan_at_d17910d3
research/records/2026-09-21_THE_PAIR_RESPONSE_RETURNS_ITS_RECTANGULAR_FACTOR_COTANGENT.md	121	research_record	5	unresolved	keep	record_or_owning_guide	static_inbound_link_scan_at_d17910d3
research/records/2026-09-21_WINDING_CARRY_FACES_AND_PLACEMENT_GENERALIZE_THE_HELICAL_PAIR.md	156	research_record	5	unresolved	keep	record_or_owning_guide	static_inbound_link_scan_at_d17910d3
research/records/2026-09-22_PAIR_MATERIAL_LEARNS_WITHOUT_A_COMPLETED_UPDATE_ARCHIVE.md	153	research_record	11	unresolved	keep	record_or_owning_guide	static_inbound_link_scan_at_d17910d3
research/records/2026-09-22_PROPOSAL_THE_HOLON_AS_A_RECURSIVE_GENERATOR_FLUX_OBSERVER_OBJECT.md	175	research_record	3	unresolved	keep	record_or_owning_guide	static_inbound_link_scan_at_d17910d3
research/records/2026-09-22_REFLECTED_SURFACE_CURRENTS_AND_FRACTAL_VOLUME_TOWERS.md	85	research_record	1	unresolved	keep	record_or_owning_guide	static_inbound_link_scan_at_d17910d3
research/records/2026-09-22_RELATIVE_COMPLETENESS_FIRST_DERIVATION.md	241	research_record	1	unresolved	keep	record_or_owning_guide	static_inbound_link_scan_at_d17910d3
research/records/2026-09-22_RETENTION_IS_A_QUOTIENT_NOT_A_TAPE_AND_THE_SOURCE_ENTERS_AS_PHASE_CARRIED_MOMENTS.md	155	research_record	7	unresolved	keep	record_or_owning_guide	static_inbound_link_scan_at_d17910d3
research/records/2026-09-22_THE_CAMPAIGN_IS_CONNECTED_AND_THE_NEXT_RETURN_IS_PUBLISHED_PAIR_MATERIAL.md	128	research_record	1	unresolved	keep	record_or_owning_guide	static_inbound_link_scan_at_d17910d3
research/records/2026-09-22_THE_ELEMENTARY_OBJECTS_ARE_CEMENTED_AS_THE_HOLONIC_LIBRARY.md	73	research_record	3	unresolved	keep	record_or_owning_guide	static_inbound_link_scan_at_d17910d3
research/records/2026-09-22_THE_ESTIMATE_IS_A_RECEIVER_FACE_OF_THE_EXTERIOR_HOLON.md	82	research_record	2	unresolved	keep	record_or_owning_guide	static_inbound_link_scan_at_d17910d3
research/records/2026-09-22_THE_FRAMEWORK_SURVEY_BINDS_LOSS_MOMENTS_FRACTAL_GENERATORS_AND_ENCODING_TO_EXISTING_OWNERS.md	63	research_record	1	unresolved	keep	record_or_owning_guide	static_inbound_link_scan_at_d17910d3
research/records/2026-09-22_THE_HOLON_IS_AN_INTERCONNECTED_PORT_OBJECT_ON_A_COMPLEX.md	135	research_record	4	unresolved	keep	record_or_owning_guide	static_inbound_link_scan_at_d17910d3
research/records/2026-09-22_THE_RATIO_READS_AT_ONE_CUT_AND_THE_CURRENT_ADVANCES_BY_ITS_LINEAR_PART.md	60	research_record	1	unresolved	keep	record_or_owning_guide	static_inbound_link_scan_at_d17910d3
research/records/2026-09-22_THE_SOURCE_ENTERS_AS_A_MOMENT_AND_THE_FIRST_RETURN_IS_MEASURED_IN_BITS.md	77	research_record	2	unresolved	keep	record_or_owning_guide	static_inbound_link_scan_at_d17910d3
research/records/2026-09-23_PROOF_ATTEMPT_CERTIFIED_ZERO_NAVIGATION_AND_THE_REFLECTED_XI_OBSTRUCTION.md	60	research_record	1	unresolved	keep	record_or_owning_guide	static_inbound_link_scan_at_d17910d3
research/records/2026-09-23_WEIL_SIGN_PARTITIONS_AND_THE_SEMILOCAL_POSITIVE_CARRIER.md	92	research_record	2	unresolved	keep	record_or_owning_guide	static_inbound_link_scan_at_d17910d3
research/records/2026-09-23_ZERO_NAVIGATION_IS_DIVISOR_TRANSPORT_AND_CERTIFIED_GENERATOR_INFERENCE.md	101	research_record	1	unresolved	keep	record_or_owning_guide	static_inbound_link_scan_at_d17910d3
research/records/README.md	224	research_record	20	unresolved	keep	record_or_owning_guide	static_inbound_link_scan_at_d17910d3
