kind	head	detail	form	witness
symmetry	Nonnegg	degree 4 order 2 abelian true	[2 1 4 3]	
symmetry	jacobiSum	degree 2 order 2 abelian true	[2 1]	
symmetry	legendreSym	degree 2 order 2 abelian true	[2 1]	
symmetry	qrSign	degree 2 order 2 abelian true	[2 1]	
transport	Algebra.discr	symmetry 0 substitution 0 arity 0	Algebra.discr x0 x1 = discr x2	
transport	Algebra.norm	symmetry 0 substitution 0 arity 0	Algebra.norm x0 x1 = p 	
transport	B.F	symmetry 0 substitution 0 arity 0	B.F x0 = 0 	
transport	B.F	symmetry 0 substitution 0 arity 0	B.F x0 = LSeries x1 x0	
transport	Carmichael	symmetry 0 substitution 0 arity 0	Carmichael x0 = Nat.lcm x1 x2	
transport	Carmichael	symmetry 0 substitution 0 arity 0	Carmichael x0 = exponent x1 x2	
transport	Carmichael	symmetry 0 substitution 0 arity 0	Carmichael x0 = s.lcm x1	
transport	ComplexEmbedding.conjugate	symmetry 0 substitution 0 arity 0	ComplexEmbedding.conjugate x0 = embedding x1	
transport	CyclotomicRing	symmetry 0 substitution 0 arity 0	CyclotomicRing x0 x1 x2 = adjoin x1 x3	
transport	C₁	symmetry 0 substitution 0 arity 0	C₁  = C₂ 	
transport	D2	symmetry 0 substitution 0 arity 0	D2 x0 = 0 	
transport	E	symmetry 0 substitution 0 arity 0	E  = maximalRealSubfield x0	
transport	F.aeval	symmetry 0 substitution 0 arity 0	F.aeval x0 = 0 	
transport	Fintype.card	symmetry 0 substitution 1 arity 0	Fintype.card x0 = Fintype.card x1	
transport	Fintype.card	symmetry 0 substitution 1 arity 0	Fintype.card x0 = finrank x1 x2	
transport	F₁	symmetry 0 substitution 0 arity 0	F₁  = F₂ 	
transport	Ideal.span	symmetry 0 substitution 1 arity 0	Ideal.span x0 = Ideal.span x1	
transport	Ideal.span	symmetry 0 substitution 1 arity 0	Ideal.span x0 = v.asIdeal.map x1	
transport	InfinitePlace.mk	symmetry 0 substitution 0 arity 0	InfinitePlace.mk x0 = v 	
transport	Int.gcd	symmetry 0 substitution 0 arity 0	Int.gcd x0 x1 = 1 	
transport	Int.padicValuation	symmetry 0 substitution 0 arity 0	Int.padicValuation x0 x0 = exp x1	
transport	IsCyclotomicExtension	symmetry 0 substitution 1 arity 0	IsCyclotomicExtension x0 x1 x2 = IsCyclotomicExtension x3 x1 x2	
transport	J	symmetry 0 substitution 6 arity 0	J x0 = 0 	
transport	J	symmetry 0 substitution 6 arity 0	J x0 = 1 	
transport	J	symmetry 0 substitution 6 arity 0	J x0 = J x1	
transport	J	symmetry 0 substitution 6 arity 0	J x0 = χ x1	
transport	J	symmetry 0 substitution 6 arity 0	J x0 = χ₄ x1	
transport	J	symmetry 0 substitution 6 arity 0	J x0 = χ₈ x1	
transport	L	symmetry 0 substitution 0 arity 0	L x0 x1 = riemannZeta x1	
transport	LFunction	symmetry 0 substitution 0 arity 0	LFunction x0 = riemannZeta 	
transport	LFunction	symmetry 0 substitution 0 arity 0	LFunction x0 x1 = 0 	
transport	LFunction	symmetry 0 substitution 0 arity 0	LFunction x0 x1 = LSeries x2 x1	
transport	LFunction	symmetry 0 substitution 0 arity 0	LFunction x0 x1 = expZeta x2 x1	
transport	LSeries	symmetry 0 substitution 1 arity 0	LSeries x0 = 0 	
transport	LSeries	symmetry 0 substitution 1 arity 0	LSeries x0 = 1 	
transport	LSeries	symmetry 0 substitution 1 arity 0	LSeries x0 x1 = LSeries x2 x1	
transport	LSeries	symmetry 0 substitution 1 arity 0	LSeries x0 x1 = a 	
transport	Module.finrank	symmetry 0 substitution 1 arity 0	Module.finrank x0 x1 = Module.finrank x2 x3	
transport	Module.finrank	symmetry 0 substitution 1 arity 0	Module.finrank x0 x1 = k.totient 	
transport	Module.finrank	symmetry 0 substitution 1 arity 0	Module.finrank x0 x1 = rank x2	
transport	Module.rank	symmetry 0 substitution 0 arity 0	Module.rank x0 x1 = 0 	
transport	Module.rank	symmetry 0 substitution 0 arity 0	Module.rank x0 x1 = 1 	
transport	MonoidHom.mker	symmetry 0 substitution 0 arity 0	MonoidHom.mker x0 = unitary x1	
transport	Nat.card	symmetry 0 substitution 2 arity 0	Nat.card x0 = Ideal.ramificationIdxIn x1 x2	
transport	Nat.card	symmetry 0 substitution 2 arity 0	Nat.card x0 = Nat.card x1	
transport	Nat.card	symmetry 0 substitution 2 arity 0	Nat.card x0 = if x1 x2 x3 x4 x5 x6 x7	
transport	Nat.card	symmetry 0 substitution 2 arity 0	Nat.card x0 = n.totient 	
transport	Nonnegg	symmetry 1 substitution 0 arity 0	Nonnegg x0 x1 x2 x3 = Nonnegg x1 x0 x3 x2	
transport	NumberField.InfinitePlace.nrRealPlaces	symmetry 0 substitution 0 arity 0	NumberField.InfinitePlace.nrRealPlaces x0 = 0 	
transport	NumberField.classNumber	symmetry 0 substitution 0 arity 0	NumberField.classNumber x0 = 1 	
transport	P	symmetry 0 substitution 0 arity 0	P  = span x0	
transport	P.f	symmetry 0 substitution 0 arity 0	P.f  = O x0 x1	
transport	P.symm.Λ	symmetry 0 substitution 0 arity 0	P.symm.Λ  = mellin x0	
transport	P.Λ	symmetry 0 substitution 0 arity 0	P.Λ  = mellin x0	
transport	Padic.withValUniformEquiv	symmetry 0 substitution 0 arity 0	Padic.withValUniformEquiv x0 x1 = WithVal.equiv x2 x1	
transport	RankOne.hom	symmetry 0 substitution 1 arity 0	RankOne.hom x0 x1 = RankOne.hom x2 x1	
transport	Rat.padicValuation	symmetry 0 substitution 0 arity 0	Rat.padicValuation x0 x0 = exp x1	
transport	Rat.padicValuation	symmetry 0 substitution 0 arity 0	Rat.padicValuation x0 x1 = Int.padicValuation x0 x2	
transport	Real.sqrt	symmetry 0 substitution 0 arity 0	Real.sqrt  = o x0 x1	
transport	RingHom.ker	symmetry 0 substitution 0 arity 0	RingHom.ker x0 = Ideal.span x1	
transport	RingHom.ker	symmetry 0 substitution 0 arity 0	RingHom.ker x0 = maximalIdeal x1 x2	
transport	Submodule.span	symmetry 0 substitution 0 arity 0	Submodule.span x0 x1 = mixedEmbedding.integerLattice x2	
transport	Units.complexEmbedding	symmetry 0 substitution 0 arity 0	Units.complexEmbedding x0 x1 = φ x1	
transport	Valued.v	symmetry 0 substitution 1 arity 0	Valued.v x0 = Valued.v x1	
transport	ZMod.cast	symmetry 0 substitution 0 arity 0	ZMod.cast x0 = toZModPow x1 x2	
transport	a	symmetry 0 substitution 0 arity 0	a  = 1 	
transport	a	symmetry 0 substitution 0 arity 0	a  = b 	
transport	a.natDegree	symmetry 0 substitution 0 arity 0	a.natDegree  = 0 	
transport	absNorm	symmetry 0 substitution 0 arity 0	absNorm x0 = p 	
transport	abscissaOfAbsConv	symmetry 0 substitution 3 arity 0	abscissaOfAbsConv x0 = 1 	
transport	abscissaOfAbsConv	symmetry 0 substitution 3 arity 0	abscissaOfAbsConv x0 = abscissaOfAbsConv x1	
transport	addValuationDef	symmetry 0 substitution 0 arity 0	addValuationDef x0 = 0 	
transport	adicAbv	symmetry 0 substitution 0 arity 0	adicAbv x0 x1 = toNNReal x2 x3	
transport	adjoin	symmetry 0 substitution 2 arity 0	adjoin x0 x1 = adjoin x0 x2	
transport	aeval	symmetry 0 substitution 0 arity 0	aeval x0 x1 = 0 	
transport	algebraMap	symmetry 0 substitution 1 arity 0	algebraMap x0 x1 x2 = Algebra.norm x1 x3	
transport	algebraMap	symmetry 0 substitution 1 arity 0	algebraMap x0 x1 x2 = Ideal.Quotient.mk x3 x4	
transport	algebraMap	symmetry 0 substitution 1 arity 0	algebraMap x0 x1 x2 = algebraMap x3 x1 x4	
transport	algebraMap	symmetry 0 substitution 1 arity 0	algebraMap x0 x1 x2 = x 	
transport	algebraMap	symmetry 0 substitution 1 arity 0	algebraMap x0 x1 x2 x1 x3 = x 	
transport	algebraMap	symmetry 0 substitution 1 arity 0	algebraMap x0 x1 x2 x3 = x 	
transport	b	symmetry 0 substitution 0 arity 0	b  = c 	
transport	basisMatrix	symmetry 0 substitution 0 arity 0	basisMatrix x0 = Algebra.embeddingsMatrixReindex x1 x2 x3 x4	
transport	basisOfFractionalIdeal	symmetry 0 substitution 0 arity 0	basisOfFractionalIdeal x0 x1 x2 = fractionalIdealBasis x0 x3 x2	
transport	bernoulli	symmetry 0 substitution 0 arity 0	bernoulli x0 = 0 	
transport	bernoulli	symmetry 0 substitution 0 arity 0	bernoulli x0 = 1 	
transport	bernoulliFourierCoeff	symmetry 0 substitution 0 arity 0	bernoulliFourierCoeff x0 x1 = 0 	
transport	bernoulliFun	symmetry 0 substitution 1 arity 0	bernoulliFun x0 x1 = 1 	
transport	bernoulliFun	symmetry 0 substitution 1 arity 0	bernoulliFun x0 x1 = bernoulli x0	
transport	bernoulliFun	symmetry 0 substitution 1 arity 0	bernoulliFun x0 x1 = bernoulliFun x0 x2	
transport	c	symmetry 0 substitution 0 arity 0	c  = modularCyclotomicCharacter x0 x1 x2	
transport	c	symmetry 0 substitution 0 arity 0	c  = χ₀ x0 x1	
transport	card	symmetry 0 substitution 0 arity 0	card x0 = nrRealPlaces x1	
transport	changeLevel	symmetry 0 substitution 1 arity 0	changeLevel x0 x1 = 1 	
transport	changeLevel	symmetry 0 substitution 1 arity 0	changeLevel x0 x1 = MulChar.ofUnitHom x2	
transport	changeLevel	symmetry 0 substitution 1 arity 0	changeLevel x0 x1 = changeLevel x2 x3	
transport	changeLevel	symmetry 0 substitution 1 arity 0	changeLevel x0 x1 = χ 	
transport	closure	symmetry 0 substitution 0 arity 0	closure x0 = ᵐ x1 x2 x0	
transport	commMap	symmetry 0 substitution 0 arity 0	commMap x0 x1 = mixedEmbedding x0 x2	
transport	complEDS	symmetry 0 substitution 0 arity 0	complEDS x0 x1 x2 x3 x4 = 0 	
transport	complEDS	symmetry 0 substitution 0 arity 0	complEDS x0 x1 x2 x3 x4 = 1 	
transport	complEDS₂	symmetry 0 substitution 1 arity 0	complEDS₂ x0 x1 x2 x3 = 2 	
transport	complEDS₂	symmetry 0 substitution 1 arity 0	complEDS₂ x0 x1 x2 x3 = b 	
transport	complEDS₂	symmetry 0 substitution 1 arity 0	complEDS₂ x0 x1 x2 x3 = complEDS₂ x0 x1 x2 x4	
transport	complEDS₂	symmetry 0 substitution 1 arity 0	complEDS₂ x0 x1 x2 x3 = d 	
transport	completeBasis	symmetry 0 substitution 0 arity 0	completeBasis x0 x1 = expMap.symm x2	
transport	completedCosZeta	symmetry 0 substitution 1 arity 0	completedCosZeta x0 x1 = completedCosZeta x2 x1	
transport	completedCosZeta	symmetry 0 substitution 1 arity 0	completedCosZeta x0 x1 = completedHurwitzZetaEven x0 x2	
transport	completedCosZeta	symmetry 0 substitution 1 arity 0	completedCosZeta x0 x1 = completedRiemannZeta x1	
transport	completedCosZeta₀	symmetry 0 substitution 1 arity 0	completedCosZeta₀ x0 x1 = completedCosZeta₀ x2 x1	
transport	completedCosZeta₀	symmetry 0 substitution 1 arity 0	completedCosZeta₀ x0 x1 = completedHurwitzZetaEven₀ x0 x2	
transport	completedCosZeta₀	symmetry 0 substitution 1 arity 0	completedCosZeta₀ x0 x1 = completedRiemannZeta₀ x1	
transport	completedHurwitzZetaEven	symmetry 0 substitution 1 arity 0	completedHurwitzZetaEven x0 x1 = completedCosZeta x0 x2	
transport	completedHurwitzZetaEven	symmetry 0 substitution 1 arity 0	completedHurwitzZetaEven x0 x1 = completedHurwitzZetaEven x2 x1	
transport	completedHurwitzZetaEven	symmetry 0 substitution 1 arity 0	completedHurwitzZetaEven x0 x1 = completedRiemannZeta x1	
transport	completedHurwitzZetaEven₀	symmetry 0 substitution 1 arity 0	completedHurwitzZetaEven₀ x0 x1 = completedCosZeta₀ x0 x2	
transport	completedHurwitzZetaEven₀	symmetry 0 substitution 1 arity 0	completedHurwitzZetaEven₀ x0 x1 = completedHurwitzZetaEven₀ x2 x1	
transport	completedHurwitzZetaEven₀	symmetry 0 substitution 1 arity 0	completedHurwitzZetaEven₀ x0 x1 = completedRiemannZeta₀ x1	
transport	completedHurwitzZetaOdd	symmetry 0 substitution 0 arity 0	completedHurwitzZetaOdd x0 x1 = completedSinZeta x0 x2	
transport	completedLFunction	symmetry 0 substitution 0 arity 0	completedLFunction x0 = completedRiemannZeta 	
transport	completedLFunction	symmetry 0 substitution 0 arity 0	completedLFunction x0 x1 = 0 	
transport	completedRiemannZeta	symmetry 0 substitution 1 arity 0	completedRiemannZeta x0 = completedRiemannZeta x1	
transport	completedRiemannZeta₀	symmetry 0 substitution 1 arity 0	completedRiemannZeta₀ x0 = completedRiemannZeta₀ x1	
transport	completedSinZeta	symmetry 0 substitution 0 arity 0	completedSinZeta x0 x1 = completedHurwitzZetaOdd x0 x2	
transport	complexConj	symmetry 0 substitution 0 arity 0	complexConj x0 x1 = x 	
transport	conductor	symmetry 0 substitution 0 arity 0	conductor x0 = 1 	
transport	conj	symmetry 0 substitution 0 arity 0	conj x0 = jacobiTheta₂ x1 x2	
transport	conj	symmetry 0 substitution 0 arity 0	conj x0 = x x1	
transport	cons	symmetry 0 substitution 0 arity 0	cons x0 x1 x2 = divisors x0	
transport	const	symmetry 0 substitution 0 arity 0	const x0 x1 = n 	
transport	convergent	symmetry 0 substitution 0 arity 0	convergent x0 x1 = 0 	
transport	convergent	symmetry 0 substitution 0 arity 0	convergent x0 x1 = ξ 	
transport	convexBodySumFun	symmetry 0 substitution 1 arity 0	convexBodySumFun x0 = convexBodySumFun x1	
transport	cosKernel	symmetry 0 substitution 1 arity 0	cosKernel x0 x1 = 0 	
transport	cosKernel	symmetry 0 substitution 1 arity 0	cosKernel x0 x1 = cosKernel x2 x1	
transport	cosZeta	symmetry 0 substitution 1 arity 0	cosZeta x0 = riemannZeta 	
transport	cosZeta	symmetry 0 substitution 1 arity 0	cosZeta x0 x1 = 0 	
transport	cosZeta	symmetry 0 substitution 1 arity 0	cosZeta x0 x1 = cosZeta x2 x1	
transport	cuspFunction	symmetry 0 substitution 0 arity 0	cuspFunction x0 x1 x2 = 0 	
transport	cuspFunction	symmetry 0 substitution 0 arity 0	cuspFunction x0 x1 x2 = f x3	
transport	cuspFunction	symmetry 0 substitution 0 arity 0	cuspFunction x0 x1 x2 = valueAtInfty x1	
transport	cyclotomicCharacter.toFun	symmetry 0 substitution 0 arity 0	cyclotomicCharacter.toFun x0 x1 = PadicInt.ofIntSeq x2 x3	
transport	denom	symmetry 0 substitution 0 arity 0	denom x0 x1 = 1 	
transport	deriv	symmetry 0 substitution 1 arity 0	deriv x0 x1 = deriv x2 x1	
transport	discr	symmetry 0 substitution 2 arity 0	discr x0 = 1 	
transport	discr	symmetry 0 substitution 2 arity 0	discr x0 = discr x1	
transport	discr	symmetry 0 substitution 2 arity 0	discr x0 x1 x2 = discr x0 x3 x2	
transport	e	symmetry 0 substitution 0 arity 0	e x0 = 1 	
transport	eisensteinSeries_SIF	symmetry 0 substitution 0 arity 0	eisensteinSeries_SIF x0 x1 x2 = eisensteinSeries x0 x1 x2	
transport	embedding	symmetry 0 substitution 0 arity 0	embedding x0 = φ 	
transport	emultiplicity	symmetry 0 substitution 2 arity 0	emultiplicity x0 x1 = 1 	
transport	emultiplicity	symmetry 0 substitution 2 arity 0	emultiplicity x0 x1 = emultiplicity x0 x2	
transport	emultiplicity	symmetry 0 substitution 2 arity 0	emultiplicity x0 x1 = emultiplicity x2 x3	
transport	equivInfinitePlace	symmetry 0 substitution 0 arity 0	equivInfinitePlace x0 x1 = w.comap x2	
transport	equivMaximalRealSubfield	symmetry 0 substitution 0 arity 0	equivMaximalRealSubfield x0 x1 x2 = algebraMap x0 x1 x2	
transport	eta_q	symmetry 0 substitution 0 arity 0	eta_q x0 x1 = cexp x2	
transport	eulerMascheroniSeq	symmetry 0 substitution 0 arity 0	eulerMascheroniSeq x0 = 0 	
transport	evenKernel	symmetry 0 substitution 1 arity 0	evenKernel x0 = cosKernel x0	
transport	evenKernel	symmetry 0 substitution 1 arity 0	evenKernel x0 x1 = 0 	
transport	evenKernel	symmetry 0 substitution 1 arity 0	evenKernel x0 x1 = evenKernel x2 x1	
transport	exp	symmetry 0 substitution 0 arity 0	exp x0 = L x1 x2	
transport	exp	symmetry 0 substitution 0 arity 0	exp x0 = riemannZeta x1	
transport	expMap	symmetry 0 substitution 0 arity 0	expMap x0 = normAtAllPlaces x1	
transport	expMap	symmetry 0 substitution 0 arity 0	expMap x0 x1 = Real.exp x2	
transport	expMapBasis	symmetry 0 substitution 0 arity 0	expMapBasis x0 = expMap x1	
transport	expZeta	symmetry 0 substitution 0 arity 0	expZeta x0 = riemannZeta 	
transport	exponent	symmetry 0 substitution 0 arity 0	exponent x0 = sInf x1	
transport	extensionEmbedding	symmetry 0 substitution 0 arity 0	extensionEmbedding x0 x1 = v.embedding x1	
transport	extensionEmbeddingOfIsReal	symmetry 0 substitution 0 arity 0	extensionEmbeddingOfIsReal x0 x1 = embedding_of_isReal x0 x1	
transport	f	symmetry 0 substitution 3 arity 0	f  = 0 	
transport	f	symmetry 0 substitution 3 arity 0	f  = Function.const x0 x1	
transport	f	symmetry 0 substitution 3 arity 0	f  = g 	
transport	f	symmetry 0 substitution 3 arity 0	f x0 = 0 	
transport	f	symmetry 0 substitution 3 arity 0	f x0 = 1 	
transport	f	symmetry 0 substitution 3 arity 0	f x0 = complEDS x1 x2 x3 x4 x5	
transport	f	symmetry 0 substitution 3 arity 0	f x0 = complEDS₂ x1 x2 x3 x4	
transport	f	symmetry 0 substitution 3 arity 0	f x0 = f x1	
transport	f	symmetry 0 substitution 3 arity 0	f x0 = g x0	
transport	f	symmetry 0 substitution 3 arity 0	f x0 = normEDS x1 x2 x3 x4	
transport	f	symmetry 0 substitution 3 arity 0	f x0 = preNormEDS x1 x2 x3 x4	
transport	f.norm	symmetry 0 substitution 0 arity 0	f.norm  = g.norm 	
transport	f.pmul	symmetry 0 substitution 0 arity 0	f.pmul x0 = g.pmul x1	
transport	f.ppow	symmetry 0 substitution 0 arity 0	f.ppow x0 = f 	
transport	f.ppow	symmetry 0 substitution 0 arity 0	f.ppow x0 = f.pmul x1	
transport	f.ppow	symmetry 0 substitution 0 arity 0	f.ppow x0 = ζ 	
transport	f.toFun	symmetry 0 substitution 0 arity 0	f.toFun  = f 	
transport	f_int	symmetry 0 substitution 0 arity 0	f_int x0 x1 x2 x3 = f_nat x0 x1 x2 x4	
transport	f_int	symmetry 0 substitution 0 arity 0	f_int x0 x1 x2 x3 = f_nat x0 x4 x2 x5	
transport	factoredNumbers	symmetry 0 substitution 1 arity 0	factoredNumbers x0 = factoredNumbers x1	
transport	fermatNumber	symmetry 0 substitution 0 arity 0	fermatNumber x0 = 17 	
transport	fermatNumber	symmetry 0 substitution 0 arity 0	fermatNumber x0 = 3 	
transport	fermatNumber	symmetry 0 substitution 0 arity 0	fermatNumber x0 = 5 	
transport	finGcdMap	symmetry 0 substitution 0 arity 0	finGcdMap x0 = r 	
transport	finrank	symmetry 0 substitution 4 arity 0	finrank x0 x1 = Units.rank x2	
transport	finrank	symmetry 0 substitution 4 arity 0	finrank x0 x1 = finrank x0 x2	
transport	finrank	symmetry 0 substitution 4 arity 0	finrank x0 x1 = finrank x2 x3	
transport	finrank	symmetry 0 substitution 4 arity 0	finrank x0 x1 = n.totient 	
transport	finrank	symmetry 0 substitution 4 arity 0	finrank x0 x1 = nrRealPlaces x1	
transport	fromZetaAut	symmetry 0 substitution 0 arity 0	fromZetaAut x0 x1 x2 = μ 	
transport	g	symmetry 0 substitution 0 arity 0	g x0 x1 = 0 	
transport	gammaFactor	symmetry 0 substitution 0 arity 0	gammaFactor x0 x1 = Gammaℝ x1	
transport	gammaFactor	symmetry 0 substitution 0 arity 0	gammaFactor x0 x1 = Gammaℝ x2	
transport	gaussSum	symmetry 0 substitution 0 arity 0	gaussSum x0 x1 = 0 	
transport	harmonic	symmetry 0 substitution 0 arity 0	harmonic x0 = 0 	
transport	hurwitzEvenFEPair	symmetry 0 substitution 1 arity 0	hurwitzEvenFEPair x0 = hurwitzEvenFEPair x1	
transport	hurwitzZeta	symmetry 0 substitution 0 arity 0	hurwitzZeta x0 = riemannZeta 	
transport	hurwitzZetaEven	symmetry 0 substitution 1 arity 0	hurwitzZetaEven x0 = riemannZeta 	
transport	hurwitzZetaEven	symmetry 0 substitution 1 arity 0	hurwitzZetaEven x0 x1 = 0 	
transport	hurwitzZetaEven	symmetry 0 substitution 1 arity 0	hurwitzZetaEven x0 x1 = hurwitzZetaEven x2 x1	
transport	hurwitzZetaOdd	symmetry 0 substitution 0 arity 0	hurwitzZetaOdd x0 x1 = 0 	
transport	hζ.integralPowerBasis.dim	symmetry 0 substitution 0 arity 0	hζ.integralPowerBasis.dim  = φ x0	
transport	hζ.integralPowerBasis.gen	symmetry 0 substitution 0 arity 0	hζ.integralPowerBasis.gen  = hζ.toInteger 	
transport	hζ.integralPowerBasisOfPrimePow.dim	symmetry 0 substitution 0 arity 0	hζ.integralPowerBasisOfPrimePow.dim  = φ x0	
transport	hζ.integralPowerBasisOfPrimePow.gen	symmetry 0 substitution 0 arity 0	hζ.integralPowerBasisOfPrimePow.gen  = hζ.toInteger 	
transport	hζ.toInteger.1	symmetry 0 substitution 0 arity 0	hζ.toInteger.1  = ζ 	
transport	hμ.autToPow	symmetry 0 substitution 0 arity 0	hμ.autToPow x0 x1 = modularCyclotomicCharacter x2 x3 x1	
transport	i	symmetry 0 substitution 0 arity 0	i  = j 	
transport	id	symmetry 0 substitution 0 arity 0	id x0 = x 	
transport	image	symmetry 0 substitution 0 arity 0	image x0 x1 = n.divisors 	
transport	inertiaDeg	symmetry 0 substitution 3 arity 0	inertiaDeg x0 x1 = 0 	
transport	inertiaDeg	symmetry 0 substitution 3 arity 0	inertiaDeg x0 x1 = 1 	
transport	inertiaDeg	symmetry 0 substitution 3 arity 0	inertiaDeg x0 x1 = finrank x2 x3	
transport	inertiaDeg	symmetry 0 substitution 3 arity 0	inertiaDeg x0 x1 = inertiaDeg x0 x2	
transport	inertiaDeg	symmetry 0 substitution 3 arity 0	inertiaDeg x0 x1 = natDegree x2	
transport	inertiaDeg	symmetry 0 substitution 3 arity 0	inertiaDeg x0 x1 = orderOf x2	
transport	inertiaDegIn	symmetry 0 substitution 0 arity 0	inertiaDegIn x0 x1 = inertiaDeg x0 x2	
transport	inftyValuation	symmetry 0 substitution 0 arity 0	inftyValuation x0 x1 = 1 	
transport	inftyValuation	symmetry 0 substitution 0 arity 0	inftyValuation x0 x1 = exp x2	
transport	inftyValuation	symmetry 0 substitution 0 arity 0	inftyValuation x0 x1 = inftyValuationDef x0 x1	
transport	inftyValuationDef	symmetry 0 substitution 0 arity 0	inftyValuationDef x0 x1 = 0 	
transport	inftyValuationDef	symmetry 0 substitution 0 arity 0	inftyValuationDef x0 x1 = 1 	
transport	inftyValuationDef	symmetry 0 substitution 0 arity 0	inftyValuationDef x0 x1 = exp x2	
transport	insert	symmetry 0 substitution 0 arity 0	insert x0 x1 = divisors x0	
transport	intEquiv	symmetry 0 substitution 0 arity 0	intEquiv x0 x1 = ringOfIntegersEquiv x1	
transport	intNorm	symmetry 0 substitution 0 arity 0	intNorm x0 x1 = mixedEmbedding.norm x2	
transport	integralBasis	symmetry 0 substitution 0 arity 0	integralBasis x0 x1 = algebraMap x2 x0 x3	
transport	jacobiSum	symmetry 1 substitution 0 arity 0	jacobiSum x0 x1 = f x2	
transport	jacobiSum	symmetry 1 substitution 0 arity 0	jacobiSum x0 x1 = jacobiSum x1 x0	
transport	jacobiSym	symmetry 0 substitution 0 arity 0	jacobiSym  = fastJacobiSym 	
transport	jacobiTheta	symmetry 0 substitution 2 arity 0	jacobiTheta x0 = jacobiTheta x1	
transport	jacobiTheta	symmetry 0 substitution 2 arity 0	jacobiTheta x0 = jacobiTheta₂ x1 x0	
transport	jacobiTheta₂	symmetry 0 substitution 3 arity 0	jacobiTheta₂ x0 x1 = 0 	
transport	jacobiTheta₂	symmetry 0 substitution 3 arity 0	jacobiTheta₂ x0 x1 = jacobiTheta₂ x0 x2	
transport	jacobiTheta₂	symmetry 0 substitution 3 arity 0	jacobiTheta₂ x0 x1 = jacobiTheta₂ x2 x1	
transport	jacobiTheta₂_fderiv	symmetry 0 substitution 0 arity 0	jacobiTheta₂_fderiv x0 x1 = 0 	
transport	legendreSym	symmetry 1 substitution 1 arity 0	legendreSym  = fastLegendreSym 	
transport	legendreSym	symmetry 1 substitution 1 arity 0	legendreSym x0 x1 = 0 	
transport	legendreSym	symmetry 1 substitution 1 arity 0	legendreSym x0 x1 = 1 	
transport	legendreSym	symmetry 1 substitution 1 arity 0	legendreSym x0 x1 = J x2	
transport	legendreSym	symmetry 1 substitution 1 arity 0	legendreSym x0 x1 = legendreSym x0 x2	
transport	legendreSym	symmetry 1 substitution 1 arity 0	legendreSym x0 x1 = legendreSym x1 x0	
transport	legendreSym	symmetry 1 substitution 1 arity 0	legendreSym x0 x1 = χ₄ x0	
transport	legendreSym	symmetry 1 substitution 1 arity 0	legendreSym x0 x1 = χ₈ x0	
transport	lift	symmetry 0 substitution 0 arity 0	lift x0 = g 	
transport	lift	symmetry 0 substitution 0 arity 0	lift x0 x1 = z 	
transport	lift	symmetry 0 substitution 0 arity 0	lift x0 x1 x2 = φ x3	
transport	limNthHom	symmetry 0 substitution 0 arity 0	limNthHom x0 x1 = 0 	
transport	limNthHom	symmetry 0 substitution 0 arity 0	limNthHom x0 x1 = 1 	
transport	log	symmetry 0 substitution 0 arity 0	log x0 = Real.log x0	
transport	logEmbedding	symmetry 0 substitution 0 arity 0	logEmbedding x0 x1 = basisUnitLattice x0 x2	
transport	logEmbeddingEquiv	symmetry 0 substitution 0 arity 0	logEmbeddingEquiv x0 x1 = logEmbedding x0 x2	
transport	logEmbeddingQuot	symmetry 0 substitution 0 arity 0	logEmbeddingQuot x0 x1 = logEmbedding x0 x2	
transport	logHeight	symmetry 0 substitution 1 arity 0	logHeight x0 = log x1	
transport	logHeight	symmetry 0 substitution 1 arity 0	logHeight x0 = logHeight x1	
transport	logHeight₁	symmetry 0 substitution 1 arity 0	logHeight₁ x0 = 0 	
transport	logHeight₁	symmetry 0 substitution 1 arity 0	logHeight₁ x0 = log x1	
transport	logHeight₁	symmetry 0 substitution 1 arity 0	logHeight₁ x0 = logHeight₁ x1	
transport	logMap	symmetry 0 substitution 4 arity 0	logMap x0 = 0 	
transport	logMap	symmetry 0 substitution 4 arity 0	logMap x0 = logEmbedding x1 x2	
transport	logMap	symmetry 0 substitution 4 arity 0	logMap x0 = logMap x1	
transport	mahler	symmetry 0 substitution 0 arity 0	mahler x0 x1 = Ring.choose x1 x0	
transport	mahler	symmetry 0 substitution 0 arity 0	mahler x0 x1 = n.choose x0	
transport	map	symmetry 0 substitution 0 arity 0	map x0 x1 x2 = g x3	
transport	max	symmetry 0 substitution 0 arity 0	max x0 x1 = log x2 x3	
transport	maximalIdeal	symmetry 0 substitution 0 arity 0	maximalIdeal x0 = v 	
transport	maximalIdeal	symmetry 0 substitution 0 arity 0	maximalIdeal x0 x1 = Ideal.span x2	
transport	mersenne	symmetry 0 substitution 0 arity 0	mersenne x0 = 0 	
transport	minpoly	symmetry 0 substitution 1 arity 0	minpoly x0 x1 = minpoly x0 x2	
transport	mixedEmbedding	symmetry 0 substitution 0 arity 0	mixedEmbedding x0 x1 = ringEquiv_mixedSpace x0 x2	
transport	mixedEmbedding.norm	symmetry 0 substitution 4 arity 0	mixedEmbedding.norm x0 = 1 	
transport	mixedEmbedding.norm	symmetry 0 substitution 4 arity 0	mixedEmbedding.norm x0 = mixedEmbedding.norm x1	
transport	mk	symmetry 0 substitution 1 arity 0	mk x0 = mk x1	
transport	mk	symmetry 0 substitution 1 arity 0	mk x0 = w 	
transport	mulHeight	symmetry 0 substitution 2 arity 0	mulHeight x0 = 1 	
transport	mulHeight	symmetry 0 substitution 2 arity 0	mulHeight x0 = mulHeight x1	
transport	mulHeight₁	symmetry 0 substitution 1 arity 0	mulHeight₁ x0 = 1 	
transport	mulHeight₁	symmetry 0 substitution 1 arity 0	mulHeight₁ x0 = mulHeight₁ x1	
transport	mult	symmetry 0 substitution 1 arity 0	mult x0 = 1 	
transport	mult	symmetry 0 substitution 1 arity 0	mult x0 = 2 	
transport	mult	symmetry 0 substitution 1 arity 0	mult x0 = mult x1	
transport	n	symmetry 0 substitution 0 arity 0	n  = 0 	
transport	n.divisors.map	symmetry 0 substitution 0 arity 0	n.divisors.map x0 = n.divisorsAntidiagonal 	
transport	n.divisors.sup	symmetry 0 substitution 0 arity 0	n.divisors.sup x0 = n 	
transport	n.divisorsAntidiagonalList.reverse	symmetry 0 substitution 0 arity 0	n.divisorsAntidiagonalList.reverse  = n.divisorsAntidiagonalList.map x0	
transport	n.divisorsAntidiagonalList.toFinset	symmetry 0 substitution 0 arity 0	n.divisorsAntidiagonalList.toFinset  = n.divisorsAntidiagonal 	
transport	natToArithmeticFunction	symmetry 0 substitution 0 arity 0	natToArithmeticFunction x0 = f 	
transport	norm	symmetry 0 substitution 1 arity 0	norm x0 = 0 	
transport	norm	symmetry 0 substitution 1 arity 0	norm x0 = 1 	
transport	norm	symmetry 0 substitution 1 arity 0	norm x0 = padicNorm x1 x2	
transport	norm	symmetry 0 substitution 1 arity 0	norm x0 x1 = 1 	
transport	norm	symmetry 0 substitution 1 arity 0	norm x0 x1 = 2 	
transport	norm	symmetry 0 substitution 1 arity 0	norm x0 x1 = Algebra.norm x0 x2	
transport	norm	symmetry 0 substitution 1 arity 0	norm x0 x1 = ite x2 x3 x4	
transport	norm	symmetry 0 substitution 1 arity 0	norm x0 x1 = n.minFac 	
transport	norm	symmetry 0 substitution 1 arity 0	norm x0 x1 = norm x0 x2	
transport	norm	symmetry 0 substitution 1 arity 0	norm x0 x1 = p 	
transport	normAtAllPlaces	symmetry 0 substitution 3 arity 0	normAtAllPlaces x0 = normAtAllPlaces x1	
transport	normAtAllPlaces	symmetry 0 substitution 3 arity 0	normAtAllPlaces x0 = x 	
transport	normAtAllPlaces	symmetry 0 substitution 3 arity 0	normAtAllPlaces x0 x1 = normAtPlace x1 x0	
transport	normAtAllPlaces	symmetry 0 substitution 3 arity 0	normAtAllPlaces x0 x1 = w x2	
transport	normAtComplexPlaces	symmetry 0 substitution 1 arity 0	normAtComplexPlaces x0 = normAtAllPlaces x1	
transport	normAtComplexPlaces	symmetry 0 substitution 1 arity 0	normAtComplexPlaces x0 = normAtComplexPlaces x1	
transport	normAtComplexPlaces	symmetry 0 substitution 1 arity 0	normAtComplexPlaces x0 = x 	
transport	normAtComplexPlaces	symmetry 0 substitution 1 arity 0	normAtComplexPlaces x0 x1 = x.1 x1	
transport	normAtPlace	symmetry 0 substitution 2 arity 0	normAtPlace x0 x1 = normAtPlace x0 x2	
transport	normAtPlace	symmetry 0 substitution 2 arity 0	normAtPlace x0 x1 = w x2	
transport	normAtPlace	symmetry 0 substitution 2 arity 0	normAtPlace x0 x1 = x x0	
transport	normEDS	symmetry 0 substitution 0 arity 0	normEDS x0 x1 x2 x3 = 0 	
transport	normEDS	symmetry 0 substitution 0 arity 0	normEDS x0 x1 x2 x3 = 1 	
transport	normEDS	symmetry 0 substitution 0 arity 0	normEDS x0 x1 x2 x3 = b 	
transport	normEDS	symmetry 0 substitution 0 arity 0	normEDS x0 x1 x2 x3 = c 	
transport	normalizedFactors	symmetry 0 substitution 0 arity 0	normalizedFactors x0 = Multiset.map x1 x2 x3	
transport	nrComplexPlaces	symmetry 0 substitution 0 arity 0	nrComplexPlaces x0 = 0 	
transport	nrRealPlaces	symmetry 0 substitution 0 arity 0	nrRealPlaces x0 = 0 	
transport	nrRealPlaces	symmetry 0 substitution 0 arity 0	nrRealPlaces x0 = 1 	
transport	nthHom	symmetry 0 substitution 0 arity 0	nthHom x0 x1 = 0 	
transport	oddKernel	symmetry 0 substitution 0 arity 0	oddKernel x0 x1 = 0 	
transport	ofInt	symmetry 0 substitution 0 arity 0	ofInt x0 = f 	
transport	ofRootOfUnity	symmetry 0 substitution 0 arity 0	ofRootOfUnity x0 x1 x2 = ζ 	
transport	ofUnitHom	symmetry 0 substitution 0 arity 0	ofUnitHom x0 = equivToUnitHom.symm x0	
transport	orbitRelEquiv	symmetry 0 substitution 0 arity 0	orbitRelEquiv x0 = comap x1 x2	
transport	orderOf	symmetry 0 substitution 0 arity 0	orderOf x0 = 2 	
transport	p.maxPowDiv	symmetry 0 substitution 0 arity 0	p.maxPowDiv x0 = emultiplicity x1 x0	
transport	p.maxPowDiv	symmetry 0 substitution 0 arity 0	p.maxPowDiv x0 = multiplicity x1 x0	
transport	padic	symmetry 0 substitution 0 arity 0	padic x0 x1 = padicNorm x0 x1	
transport	padicIntEquiv	symmetry 0 substitution 0 arity 0	padicIntEquiv x0 x1 = adicCompletion.padicEquiv x0 x1	
transport	padicNorm	symmetry 0 substitution 5 arity 0	padicNorm x0 x1 = 0 	
transport	padicNorm	symmetry 0 substitution 5 arity 0	padicNorm x0 x1 = 1 	
transport	padicNorm	symmetry 0 substitution 5 arity 0	padicNorm x0 x1 = max x2 x3	
transport	padicNorm	symmetry 0 substitution 5 arity 0	padicNorm x0 x1 = padicNorm x0 x2	
transport	padicNormE	symmetry 0 substitution 0 arity 0	padicNormE x0 = padicNorm x1 x2	
transport	padicValInt	symmetry 0 substitution 0 arity 0	padicValInt x0 x0 = 1 	
transport	padicValInt	symmetry 0 substitution 0 arity 0	padicValInt x0 x1 = 0 	
transport	padicValInt	symmetry 0 substitution 0 arity 0	padicValInt x0 x1 = multiplicity x2 x1	
transport	padicValInt	symmetry 0 substitution 0 arity 0	padicValInt x0 x1 = padicValNat x0 x1	
transport	padicValNat	symmetry 0 substitution 1 arity 0	padicValNat x0 x0 = 1 	
transport	padicValNat	symmetry 0 substitution 1 arity 0	padicValNat x0 x1 = 0 	
transport	padicValNat	symmetry 0 substitution 1 arity 0	padicValNat x0 x1 = emultiplicity x0 x1	
transport	padicValNat	symmetry 0 substitution 1 arity 0	padicValNat x0 x1 = m 	
transport	padicValNat	symmetry 0 substitution 1 arity 0	padicValNat x0 x1 = multiplicity x0 x1	
transport	padicValNat	symmetry 0 substitution 1 arity 0	padicValNat x0 x1 = n 	
transport	padicValNat	symmetry 0 substitution 1 arity 0	padicValNat x0 x1 = padicValNat x0 x2	
transport	padicValRat	symmetry 0 substitution 2 arity 0	padicValRat x0 x0 = 1 	
transport	padicValRat	symmetry 0 substitution 2 arity 0	padicValRat x0 x1 = 0 	
transport	padicValRat	symmetry 0 substitution 2 arity 0	padicValRat x0 x1 = min x2 x3	
transport	padicValRat	symmetry 0 substitution 2 arity 0	padicValRat x0 x1 = multiplicity x2 x3	
transport	padicValRat	symmetry 0 substitution 2 arity 0	padicValRat x0 x1 = padicValInt x0 x1	
transport	padicValRat	symmetry 0 substitution 2 arity 0	padicValRat x0 x1 = padicValNat x0 x1	
transport	padicValRat	symmetry 0 substitution 2 arity 0	padicValRat x0 x1 = padicValRat x0 x2	
transport	pdiv	symmetry 0 substitution 0 arity 0	pdiv x0 x1 = f 	
transport	place	symmetry 0 substitution 1 arity 0	place x0 = place x1	
transport	pmul	symmetry 0 substitution 1 arity 0	pmul x0 x1 = pmul x2 x3	
transport	pow	symmetry 0 substitution 0 arity 0	pow x0 = id 	
transport	pow	symmetry 0 substitution 0 arity 0	pow x0 = ζ 	
transport	preNormEDS	symmetry 0 substitution 0 arity 0	preNormEDS x0 x1 x2 x3 = 0 	
transport	preNormEDS	symmetry 0 substitution 0 arity 0	preNormEDS x0 x1 x2 x3 = 1 	
transport	preNormEDS	symmetry 0 substitution 0 arity 0	preNormEDS x0 x1 x2 x3 = c 	
transport	preNormEDS	symmetry 0 substitution 0 arity 0	preNormEDS x0 x1 x2 x3 = d 	
transport	preimageOfMemIntegerSet	symmetry 0 substitution 0 arity 0	preimageOfMemIntegerSet x0 = x 	
transport	primeCounting	symmetry 0 substitution 0 arity 0	primeCounting x0 = 0 	
transport	primesBelow	symmetry 0 substitution 0 arity 0	primesBelow x0 = if x1 x2 x3 x4 x5 x6 x7 x4	
transport	proj	symmetry 0 substitution 0 arity 0	proj x0 x1 = x x0	
transport	q	symmetry 0 substitution 0 arity 0	q  = 0 	
transport	qrSign	symmetry 1 substitution 0 arity 0	qrSign x0 x1 = qrSign x1 x0	
transport	quadraticChar	symmetry 0 substitution 1 arity 0	quadraticChar x0 x1 = 0 	
transport	quadraticChar	symmetry 0 substitution 1 arity 0	quadraticChar x0 x1 = 1 	
transport	quadraticChar	symmetry 0 substitution 1 arity 0	quadraticChar x0 x1 = quadraticChar x2 x3	
transport	quadraticChar	symmetry 0 substitution 1 arity 0	quadraticChar x0 x1 = χ₄ x2	
transport	quadraticChar	symmetry 0 substitution 1 arity 0	quadraticChar x0 x1 = χ₈ x2	
transport	quadraticCharFun	symmetry 0 substitution 0 arity 0	quadraticCharFun x0 x1 = 0 	
transport	quadraticCharFun	symmetry 0 substitution 0 arity 0	quadraticCharFun x0 x1 = 1 	
transport	quotIntNorm	symmetry 0 substitution 0 arity 0	quotIntNorm x0 = intNorm x1	
transport	quotientToQuotientRangePowQuotSucc	symmetry 0 substitution 0 arity 0	quotientToQuotientRangePowQuotSucc x0 x1 x2 x3 = Submodule.Quotient.mk x4	
transport	quotientToQuotientRangePowQuotSuccAux	symmetry 0 substitution 0 arity 0	quotientToQuotientRangePowQuotSuccAux x0 x1 x2 x3 = Submodule.Quotient.mk x4	
transport	ramificationIdx	symmetry 0 substitution 3 arity 0	ramificationIdx x0 x1 x2 = 0 	
transport	ramificationIdx	symmetry 0 substitution 3 arity 0	ramificationIdx x0 x1 x2 = 1 	
transport	ramificationIdx	symmetry 0 substitution 3 arity 0	ramificationIdx x0 x1 x2 = Nat.find x3	
transport	ramificationIdx	symmetry 0 substitution 3 arity 0	ramificationIdx x0 x1 x2 = multiplicity x2 x3	
transport	ramificationIdx	symmetry 0 substitution 3 arity 0	ramificationIdx x0 x1 x2 = multiplicity x3 x4	
transport	ramificationIdx	symmetry 0 substitution 3 arity 0	ramificationIdx x0 x1 x2 = n 	
transport	ramificationIdx	symmetry 0 substitution 3 arity 0	ramificationIdx x0 x1 x2 = ramificationIdx x0 x1 x3	
transport	ramificationIdx	symmetry 0 substitution 3 arity 0	ramificationIdx x0 x1 x2 = ramificationIdx x3 x1 x4	
transport	ramificationIdxIn	symmetry 0 substitution 0 arity 0	ramificationIdxIn x0 x1 = ramificationIdx x2 x0 x3	
transport	realSpaceToLogSpace	symmetry 0 substitution 0 arity 0	realSpaceToLogSpace x0 = 0 	
transport	realSpaceToLogSpace	symmetry 0 substitution 0 arity 0	realSpaceToLogSpace x0 = basisUnitLattice x1 x2	
transport	realSpaceToLogSpace	symmetry 0 substitution 0 arity 0	realSpaceToLogSpace x0 = logMap x1	
transport	regOfFamily	symmetry 0 substitution 0 arity 0	regOfFamily x0 = 0 	
transport	regOfFamily	symmetry 0 substitution 0 arity 0	regOfFamily x0 = ZLattice.covolume x1	
transport	regulator	symmetry 0 substitution 0 arity 0	regulator x0 = regOfFamily x1	
transport	residueClass	symmetry 0 substitution 0 arity 0	residueClass x0 x1 = 0 	
transport	riemannZeta	symmetry 0 substitution 0 arity 0	riemannZeta x0 = 0 	
transport	rootNumber	symmetry 0 substitution 0 arity 0	rootNumber x0 = 1 	
transport	rootsOfUnity	symmetry 0 substitution 0 arity 0	rootsOfUnity x0 x1 = torsion x2	
transport	rootsOfUnityMapQuot	symmetry 0 substitution 0 arity 0	rootsOfUnityMapQuot x0 x1 x2 = Ideal.Quotient.mk x0 x3	
transport	s	symmetry 0 substitution 0 arity 0	s  = t 	
transport	sModNatTR	symmetry 0 substitution 0 arity 0	sModNatTR x0 x1 = sModNat x0 x1	
transport	sModNat_aux	symmetry 0 substitution 0 arity 0	sModNat_aux x0 x1 x2 = sModNat x1 x2	
transport	setGcd	symmetry 0 substitution 1 arity 0	setGcd x0 = setGcd x1	
transport	sinKernel	symmetry 0 substitution 0 arity 0	sinKernel x0 x1 = 0 	
transport	sinZeta	symmetry 0 substitution 0 arity 0	sinZeta x0 x1 = 0 	
transport	smoothNumbers	symmetry 0 substitution 0 arity 0	smoothNumbers x0 = factoredNumbers x1	
transport	strictPeriods	symmetry 0 substitution 0 arity 0	strictPeriods x0 = AddSubgroup.zmultiples x1	
transport	strictWidthInfty	symmetry 0 substitution 0 arity 0	strictWidthInfty x0 = 1 	
transport	strictWidthInfty	symmetry 0 substitution 0 arity 0	strictWidthInfty x0 = N 	
transport	t	symmetry 0 substitution 0 arity 0	t  = 1 	
transport	term	symmetry 0 substitution 1 arity 0	term x0 x1 x2 = 0 	
transport	term	symmetry 0 substitution 1 arity 0	term x0 x1 x2 = term x3 x1 x2	
transport	toArithmeticFunction	symmetry 0 substitution 0 arity 0	toArithmeticFunction x0 = f 	
transport	toNNReal	symmetry 0 substitution 0 arity 0	toNNReal x0 x1 = adicAbv x2 x3	
transport	toUnitHom	symmetry 0 substitution 0 arity 0	toUnitHom x0 = equivToUnitHom x0	
transport	toZMod	symmetry 0 substitution 0 arity 0	toZMod x0 = residueField.toRingHom.comp x1	
transport	torsionMapQuot	symmetry 0 substitution 0 arity 0	torsionMapQuot x0 x1 = Ideal.Quotient.mk x0 x2	
transport	torsionOrder	symmetry 0 substitution 0 arity 0	torsionOrder x0 = 2 	
transport	v	symmetry 0 substitution 0 arity 0	v x0 = n 	
transport	v	symmetry 0 substitution 0 arity 0	v x0 = v.1 x0	
transport	v	symmetry 0 substitution 0 arity 0	v x0 = v.val x0	
transport	valuation	symmetry 0 substitution 0 arity 0	valuation x0 = 0 	
transport	valuation	symmetry 0 substitution 0 arity 0	valuation x0 = 1 	
transport	valuation	symmetry 0 substitution 0 arity 0	valuation x0 = padicValInt x1 x2	
transport	valuation	symmetry 0 substitution 0 arity 0	valuation x0 = padicValNat x1 x2	
transport	valuation	symmetry 0 substitution 0 arity 0	valuation x0 = padicValRat x1 x2	
transport	valueAtInfty	symmetry 0 substitution 0 arity 0	valueAtInfty x0 = 0 	
transport	volume	symmetry 0 substitution 2 arity 0	volume x0 = 0 	
transport	volume	symmetry 0 substitution 2 arity 0	volume x0 = 1 	
transport	volume	symmetry 0 substitution 2 arity 0	volume x0 = volume x1	
transport	v₁	symmetry 0 substitution 0 arity 0	v₁  = v₂ 	
transport	w	symmetry 0 substitution 1 arity 0	w x0 = v x1	
transport	w	symmetry 0 substitution 1 arity 0	w x0 = w x1	
transport	w.comap	symmetry 0 substitution 0 arity 0	w.comap x0 = v 	
transport	w.comap	symmetry 0 substitution 0 arity 0	w.comap x0 = w 	
transport	w.comap	symmetry 0 substitution 0 arity 0	w.comap x0 x1 = w x2	
transport	x	symmetry 0 substitution 0 arity 0	x  = y 	
transport	x.norm	symmetry 0 substitution 0 arity 0	x.norm  = y.norm 	
transport	x.zmodRepr	symmetry 0 substitution 0 arity 0	x.zmodRepr  = 0 	
transport	xn	symmetry 0 substitution 0 arity 0	xn x0 x1 = 1 	
transport	xn	symmetry 0 substitution 0 arity 0	xn x0 x1 = a 	
transport	yn	symmetry 0 substitution 0 arity 0	yn x0 x1 = 0 	
transport	yn	symmetry 0 substitution 0 arity 0	yn x0 x1 = 1 	
transport	z	symmetry 0 substitution 0 arity 0	z  = soln 	
transport	z.divisorsAntidiag.map	symmetry 0 substitution 0 arity 0	z.divisorsAntidiag.map x0 x1 = z.divisorsAntidiag 	
transport	zmodRepr	symmetry 0 substitution 0 arity 0	zmodRepr x0 = n 	
transport	zmodRepr	symmetry 0 substitution 0 arity 0	zmodRepr x0 = ofNat x1	
transport	zmodRepr	symmetry 0 substitution 0 arity 0	zmodRepr x0 = y 	
transport	Λ	symmetry 0 substitution 1 arity 0	Λ x0 = 0 	
transport	Λ	symmetry 0 substitution 1 arity 0	Λ x0 = Real.log x0	
transport	Λ	symmetry 0 substitution 1 arity 0	Λ x0 = if x1 x0 x2 x3 x4 x5 x6	
transport	Λ	symmetry 0 substitution 1 arity 0	Λ x0 = Λ x1	
transport	Ω	symmetry 0 substitution 0 arity 0	Ω x0 = 0 	
transport	Ω	symmetry 0 substitution 0 arity 0	Ω x0 = 1 	
transport	Ω	symmetry 0 substitution 0 arity 0	Ω x0 = k 	
transport	Ω	symmetry 0 substitution 0 arity 0	Ω x0 = n.primeFactorsList.length 	
transport	ζ	symmetry 0 substitution 0 arity 0	ζ x0 = 1 	
transport	θ	symmetry 0 substitution 0 arity 0	θ x0 = 0 	
transport	θ	symmetry 0 substitution 0 arity 0	θ x0 = log x1	
transport	κ	symmetry 0 substitution 0 arity 0	κ  = addChar_of_value_at_one x0 x1	
transport	μ	symmetry 0 substitution 0 arity 0	μ x0 = 0 	
transport	μ	symmetry 0 substitution 0 arity 0	μ x0 = 1 	
transport	σ	symmetry 0 substitution 0 arity 0	σ  = τ 	
transport	σ	symmetry 0 substitution 0 arity 0	σ x0 = starRingEnd x1	
transport	σ	symmetry 0 substitution 0 arity 0	σ x0 = x 	
transport	σ	symmetry 0 substitution 0 arity 0	σ x0 x1 = 1 	
transport	σ₁	symmetry 0 substitution 0 arity 0	σ₁  = σ₂ 	
transport	φ	symmetry 0 substitution 0 arity 0	φ x0 = conj x1	
transport	φ	symmetry 0 substitution 0 arity 0	φ x0 = star x1	
transport	φ.1.comp	symmetry 0 substitution 0 arity 0	φ.1.comp x0 = ψ 	
transport	χ	symmetry 0 substitution 1 arity 0	χ  = 1 	
transport	χ	symmetry 0 substitution 1 arity 0	χ  = changeLevel x0 x1	
transport	χ	symmetry 0 substitution 1 arity 0	χ x0 = 0 	
transport	χ	symmetry 0 substitution 1 arity 0	χ x0 = 1 	
transport	χ	symmetry 0 substitution 1 arity 0	χ x0 = toArithmeticFunction x1 x0	
transport	χ	symmetry 0 substitution 1 arity 0	χ x0 = χ x1	
transport	χ	symmetry 0 substitution 1 arity 0	χ x0 = χ.toUnitHom x1	
transport	χ.primitive_mul	symmetry 0 substitution 0 arity 0	χ.primitive_mul x0 = primitiveCharacter x1	
transport	χ.toMonoidHom	symmetry 0 substitution 0 arity 0	χ.toMonoidHom x0 = χ x0	
transport	χ₀	symmetry 0 substitution 0 arity 0	χ₀ x0 x1 = 1 	
transport	χ₄	symmetry 0 substitution 2 arity 0	χ₄ x0 = 1 	
transport	χ₄	symmetry 0 substitution 2 arity 0	χ₄ x0 = χ₄ x1	
transport	χ₈	symmetry 0 substitution 2 arity 0	χ₈ x0 = χ₈ x1	
transport	ψ	symmetry 0 substitution 1 arity 0	ψ x0 = 0 	
transport	ψ	symmetry 0 substitution 1 arity 0	ψ x0 = ψ x1	
transport	ψ.toUnitHom	symmetry 0 substitution 0 arity 0	ψ.toUnitHom x0 = 1 	
transport	ω	symmetry 0 substitution 0 arity 0	ω x0 = 0 	
transport	ω	symmetry 0 substitution 0 arity 0	ω x0 = 1 	
transport	ω	symmetry 0 substitution 0 arity 0	ω x0 = n.primeFactorsList.dedup.length 	
transport	𝒑.inertiaDegIn	symmetry 0 substitution 0 arity 0	𝒑.inertiaDegIn x0 = 1 	
transport	𝒑.inertiaDegIn	symmetry 0 substitution 0 arity 0	𝒑.inertiaDegIn x0 = orderOf x1	
transport	𝒑.ramificationIdxIn	symmetry 0 substitution 0 arity 0	𝒑.ramificationIdxIn x0 = 1 	
transport	𝒢.periods	symmetry 0 substitution 0 arity 0	𝒢.periods  = AddSubgroup.zmultiples x0	
transport	𝒢.relIndex	symmetry 0 substitution 0 arity 0	𝒢.relIndex x0 = 2 	
transport	𝒢.strictPeriods	symmetry 0 substitution 0 arity 0	𝒢.strictPeriods  = AddSubgroup.zmultiples x0	
transport	𝒢.strictPeriods	symmetry 0 substitution 0 arity 0	𝒢.strictPeriods  = 𝒢.periods 	
edge	Algebra.discr	discr	Algebra.discr x0 x1 = discr x2	
edge	B.F	0	B.F x0 = 0 	
edge	B.F	LSeries	B.F x0 = LSeries x1 x0	
edge	Carmichael	Nat.lcm	Carmichael x0 = Nat.lcm x1 x2	
edge	Carmichael	exponent	Carmichael x0 = exponent x1 x2	
edge	Carmichael	s.lcm	Carmichael x0 = s.lcm x1	
edge	ComplexEmbedding.conjugate	embedding	ComplexEmbedding.conjugate x0 = embedding x1	
edge	CyclotomicRing	adjoin	CyclotomicRing x0 x1 x2 = adjoin x1 x3	
edge	D2	0	D2 x0 = 0 	
edge	F.aeval	0	F.aeval x0 = 0 	
edge	Fintype.card	finrank	Fintype.card x0 = finrank x1 x2	
edge	Ideal.span	v.asIdeal.map	Ideal.span x0 = v.asIdeal.map x1	
edge	Int.gcd	1	Int.gcd x0 x1 = 1 	
edge	Int.padicValuation	exp	Int.padicValuation x0 x0 = exp x1	
edge	J	0	J x0 = 0 	
edge	J	1	J x0 = 1 	
edge	J	χ₄	J x0 = χ₄ x1	
edge	J	χ₈	J x0 = χ₈ x1	
edge	L	riemannZeta	L x0 x1 = riemannZeta x1	
edge	LFunction	0	LFunction x0 x1 = 0 	
edge	LFunction	LSeries	LFunction x0 x1 = LSeries x2 x1	
edge	LFunction	expZeta	LFunction x0 x1 = expZeta x2 x1	
edge	LSeries	0	LSeries x0 = 0 	
edge	LSeries	1	LSeries x0 = 1 	
edge	Module.finrank	k.totient	Module.finrank x0 x1 = k.totient 	
edge	Module.finrank	rank	Module.finrank x0 x1 = rank x2	
edge	Module.rank	0	Module.rank x0 x1 = 0 	
edge	Module.rank	1	Module.rank x0 x1 = 1 	
edge	MonoidHom.mker	unitary	MonoidHom.mker x0 = unitary x1	
edge	Nat.card	Ideal.ramificationIdxIn	Nat.card x0 = Ideal.ramificationIdxIn x1 x2	
edge	Nat.card	if	Nat.card x0 = if x1 x2 x3 x4 x5 x6 x7	
edge	Nat.card	n.totient	Nat.card x0 = n.totient 	
edge	NumberField.InfinitePlace.nrRealPlaces	0	NumberField.InfinitePlace.nrRealPlaces x0 = 0 	
edge	NumberField.classNumber	1	NumberField.classNumber x0 = 1 	
edge	P.f	O	P.f  = O x0 x1	
edge	P.symm.Λ	mellin	P.symm.Λ  = mellin x0	
edge	P.Λ	mellin	P.Λ  = mellin x0	
edge	Padic.withValUniformEquiv	WithVal.equiv	Padic.withValUniformEquiv x0 x1 = WithVal.equiv x2 x1	
edge	Rat.padicValuation	Int.padicValuation	Rat.padicValuation x0 x1 = Int.padicValuation x0 x2	
edge	Rat.padicValuation	exp	Rat.padicValuation x0 x0 = exp x1	
edge	Real.sqrt	o	Real.sqrt  = o x0 x1	
edge	RingHom.ker	Ideal.span	RingHom.ker x0 = Ideal.span x1	
edge	RingHom.ker	maximalIdeal	RingHom.ker x0 = maximalIdeal x1 x2	
edge	Submodule.span	mixedEmbedding.integerLattice	Submodule.span x0 x1 = mixedEmbedding.integerLattice x2	
edge	ZMod.cast	toZModPow	ZMod.cast x0 = toZModPow x1 x2	
edge	a.natDegree	0	a.natDegree  = 0 	
edge	abscissaOfAbsConv	1	abscissaOfAbsConv x0 = 1 	
edge	addValuationDef	0	addValuationDef x0 = 0 	
edge	adicAbv	toNNReal	adicAbv x0 x1 = toNNReal x2 x3	
edge	aeval	0	aeval x0 x1 = 0 	
edge	algebraMap	Algebra.norm	algebraMap x0 x1 x2 = Algebra.norm x1 x3	
edge	algebraMap	Ideal.Quotient.mk	algebraMap x0 x1 x2 = Ideal.Quotient.mk x3 x4	
edge	basisMatrix	Algebra.embeddingsMatrixReindex	basisMatrix x0 = Algebra.embeddingsMatrixReindex x1 x2 x3 x4	
edge	basisOfFractionalIdeal	fractionalIdealBasis	basisOfFractionalIdeal x0 x1 x2 = fractionalIdealBasis x0 x3 x2	
edge	bernoulli	0	bernoulli x0 = 0 	
edge	bernoulli	1	bernoulli x0 = 1 	
edge	bernoulliFourierCoeff	0	bernoulliFourierCoeff x0 x1 = 0 	
edge	bernoulliFun	1	bernoulliFun x0 x1 = 1 	
edge	bernoulliFun	bernoulli	bernoulliFun x0 x1 = bernoulli x0	
edge	card	nrRealPlaces	card x0 = nrRealPlaces x1	
edge	changeLevel	1	changeLevel x0 x1 = 1 	
edge	changeLevel	MulChar.ofUnitHom	changeLevel x0 x1 = MulChar.ofUnitHom x2	
edge	closure	ᵐ	closure x0 = ᵐ x1 x2 x0	
edge	commMap	mixedEmbedding	commMap x0 x1 = mixedEmbedding x0 x2	
edge	complEDS	0	complEDS x0 x1 x2 x3 x4 = 0 	
edge	complEDS	1	complEDS x0 x1 x2 x3 x4 = 1 	
edge	complEDS₂	2	complEDS₂ x0 x1 x2 x3 = 2 	
edge	completeBasis	expMap.symm	completeBasis x0 x1 = expMap.symm x2	
edge	completedCosZeta	completedHurwitzZetaEven	completedCosZeta x0 x1 = completedHurwitzZetaEven x0 x2	
edge	completedCosZeta	completedRiemannZeta	completedCosZeta x0 x1 = completedRiemannZeta x1	
edge	completedCosZeta₀	completedHurwitzZetaEven₀	completedCosZeta₀ x0 x1 = completedHurwitzZetaEven₀ x0 x2	
edge	completedCosZeta₀	completedRiemannZeta₀	completedCosZeta₀ x0 x1 = completedRiemannZeta₀ x1	
edge	completedHurwitzZetaEven	completedCosZeta	completedHurwitzZetaEven x0 x1 = completedCosZeta x0 x2	
edge	completedHurwitzZetaEven	completedRiemannZeta	completedHurwitzZetaEven x0 x1 = completedRiemannZeta x1	
edge	completedHurwitzZetaEven₀	completedCosZeta₀	completedHurwitzZetaEven₀ x0 x1 = completedCosZeta₀ x0 x2	
edge	completedHurwitzZetaEven₀	completedRiemannZeta₀	completedHurwitzZetaEven₀ x0 x1 = completedRiemannZeta₀ x1	
edge	completedHurwitzZetaOdd	completedSinZeta	completedHurwitzZetaOdd x0 x1 = completedSinZeta x0 x2	
edge	completedLFunction	0	completedLFunction x0 x1 = 0 	
edge	completedLFunction	completedRiemannZeta	completedLFunction x0 = completedRiemannZeta 	
edge	completedSinZeta	completedHurwitzZetaOdd	completedSinZeta x0 x1 = completedHurwitzZetaOdd x0 x2	
edge	conductor	1	conductor x0 = 1 	
edge	conj	jacobiTheta₂	conj x0 = jacobiTheta₂ x1 x2	
edge	cons	divisors	cons x0 x1 x2 = divisors x0	
edge	convergent	0	convergent x0 x1 = 0 	
edge	cosKernel	0	cosKernel x0 x1 = 0 	
edge	cosZeta	0	cosZeta x0 x1 = 0 	
edge	cosZeta	riemannZeta	cosZeta x0 = riemannZeta 	
edge	cuspFunction	0	cuspFunction x0 x1 x2 = 0 	
edge	cuspFunction	valueAtInfty	cuspFunction x0 x1 x2 = valueAtInfty x1	
edge	cyclotomicCharacter.toFun	PadicInt.ofIntSeq	cyclotomicCharacter.toFun x0 x1 = PadicInt.ofIntSeq x2 x3	
edge	denom	1	denom x0 x1 = 1 	
edge	discr	1	discr x0 = 1 	
edge	e	1	e x0 = 1 	
edge	eisensteinSeries_SIF	eisensteinSeries	eisensteinSeries_SIF x0 x1 x2 = eisensteinSeries x0 x1 x2	
edge	emultiplicity	1	emultiplicity x0 x1 = 1 	
edge	equivInfinitePlace	w.comap	equivInfinitePlace x0 x1 = w.comap x2	
edge	equivMaximalRealSubfield	algebraMap	equivMaximalRealSubfield x0 x1 x2 = algebraMap x0 x1 x2	
edge	eta_q	cexp	eta_q x0 x1 = cexp x2	
edge	eulerMascheroniSeq	0	eulerMascheroniSeq x0 = 0 	
edge	evenKernel	0	evenKernel x0 x1 = 0 	
edge	evenKernel	cosKernel	evenKernel x0 = cosKernel x0	
edge	exp	L	exp x0 = L x1 x2	
edge	exp	riemannZeta	exp x0 = riemannZeta x1	
edge	expMap	Real.exp	expMap x0 x1 = Real.exp x2	
edge	expMap	normAtAllPlaces	expMap x0 = normAtAllPlaces x1	
edge	expMapBasis	expMap	expMapBasis x0 = expMap x1	
edge	expZeta	riemannZeta	expZeta x0 = riemannZeta 	
edge	exponent	sInf	exponent x0 = sInf x1	
edge	extensionEmbedding	v.embedding	extensionEmbedding x0 x1 = v.embedding x1	
edge	extensionEmbeddingOfIsReal	embedding_of_isReal	extensionEmbeddingOfIsReal x0 x1 = embedding_of_isReal x0 x1	
edge	f.norm	g.norm	f.norm  = g.norm 	
edge	f.pmul	g.pmul	f.pmul x0 = g.pmul x1	
edge	f.ppow	f.pmul	f.ppow x0 = f.pmul x1	
edge	f.ppow	ζ	f.ppow x0 = ζ 	
edge	f_int	f_nat	f_int x0 x1 x2 x3 = f_nat x0 x1 x2 x4	
edge	f_int	f_nat	f_int x0 x1 x2 x3 = f_nat x0 x4 x2 x5	
edge	fermatNumber	17	fermatNumber x0 = 17 	
edge	fermatNumber	3	fermatNumber x0 = 3 	
edge	fermatNumber	5	fermatNumber x0 = 5 	
edge	finrank	Units.rank	finrank x0 x1 = Units.rank x2	
edge	finrank	n.totient	finrank x0 x1 = n.totient 	
edge	finrank	nrRealPlaces	finrank x0 x1 = nrRealPlaces x1	
edge	gammaFactor	Gammaℝ	gammaFactor x0 x1 = Gammaℝ x1	
edge	gammaFactor	Gammaℝ	gammaFactor x0 x1 = Gammaℝ x2	
edge	gaussSum	0	gaussSum x0 x1 = 0 	
edge	harmonic	0	harmonic x0 = 0 	
edge	hurwitzZeta	riemannZeta	hurwitzZeta x0 = riemannZeta 	
edge	hurwitzZetaEven	0	hurwitzZetaEven x0 x1 = 0 	
edge	hurwitzZetaEven	riemannZeta	hurwitzZetaEven x0 = riemannZeta 	
edge	hurwitzZetaOdd	0	hurwitzZetaOdd x0 x1 = 0 	
edge	hζ.integralPowerBasis.dim	φ	hζ.integralPowerBasis.dim  = φ x0	
edge	hζ.integralPowerBasis.gen	hζ.toInteger	hζ.integralPowerBasis.gen  = hζ.toInteger 	
edge	hζ.integralPowerBasisOfPrimePow.dim	φ	hζ.integralPowerBasisOfPrimePow.dim  = φ x0	
edge	hζ.integralPowerBasisOfPrimePow.gen	hζ.toInteger	hζ.integralPowerBasisOfPrimePow.gen  = hζ.toInteger 	
edge	hμ.autToPow	modularCyclotomicCharacter	hμ.autToPow x0 x1 = modularCyclotomicCharacter x2 x3 x1	
edge	i	j	i  = j 	
edge	image	n.divisors	image x0 x1 = n.divisors 	
edge	inertiaDeg	0	inertiaDeg x0 x1 = 0 	
edge	inertiaDeg	1	inertiaDeg x0 x1 = 1 	
edge	inertiaDeg	finrank	inertiaDeg x0 x1 = finrank x2 x3	
edge	inertiaDeg	natDegree	inertiaDeg x0 x1 = natDegree x2	
edge	inertiaDeg	orderOf	inertiaDeg x0 x1 = orderOf x2	
edge	inertiaDegIn	inertiaDeg	inertiaDegIn x0 x1 = inertiaDeg x0 x2	
edge	inftyValuation	1	inftyValuation x0 x1 = 1 	
edge	inftyValuation	exp	inftyValuation x0 x1 = exp x2	
edge	inftyValuation	inftyValuationDef	inftyValuation x0 x1 = inftyValuationDef x0 x1	
edge	inftyValuationDef	0	inftyValuationDef x0 x1 = 0 	
edge	inftyValuationDef	1	inftyValuationDef x0 x1 = 1 	
edge	inftyValuationDef	exp	inftyValuationDef x0 x1 = exp x2	
edge	insert	divisors	insert x0 x1 = divisors x0	
edge	intEquiv	ringOfIntegersEquiv	intEquiv x0 x1 = ringOfIntegersEquiv x1	
edge	intNorm	mixedEmbedding.norm	intNorm x0 x1 = mixedEmbedding.norm x2	
edge	integralBasis	algebraMap	integralBasis x0 x1 = algebraMap x2 x0 x3	
edge	jacobiSym	fastJacobiSym	jacobiSym  = fastJacobiSym 	
edge	jacobiTheta	jacobiTheta₂	jacobiTheta x0 = jacobiTheta₂ x1 x0	
edge	jacobiTheta₂	0	jacobiTheta₂ x0 x1 = 0 	
edge	jacobiTheta₂_fderiv	0	jacobiTheta₂_fderiv x0 x1 = 0 	
edge	legendreSym	0	legendreSym x0 x1 = 0 	
edge	legendreSym	1	legendreSym x0 x1 = 1 	
edge	legendreSym	J	legendreSym x0 x1 = J x2	
edge	legendreSym	fastLegendreSym	legendreSym  = fastLegendreSym 	
edge	legendreSym	χ₄	legendreSym x0 x1 = χ₄ x0	
edge	legendreSym	χ₈	legendreSym x0 x1 = χ₈ x0	
edge	limNthHom	0	limNthHom x0 x1 = 0 	
edge	limNthHom	1	limNthHom x0 x1 = 1 	
edge	log	Real.log	log x0 = Real.log x0	
edge	logEmbedding	basisUnitLattice	logEmbedding x0 x1 = basisUnitLattice x0 x2	
edge	logEmbeddingEquiv	logEmbedding	logEmbeddingEquiv x0 x1 = logEmbedding x0 x2	
edge	logEmbeddingQuot	logEmbedding	logEmbeddingQuot x0 x1 = logEmbedding x0 x2	
edge	logHeight	log	logHeight x0 = log x1	
edge	logHeight₁	0	logHeight₁ x0 = 0 	
edge	logHeight₁	log	logHeight₁ x0 = log x1	
edge	logMap	0	logMap x0 = 0 	
edge	logMap	logEmbedding	logMap x0 = logEmbedding x1 x2	
edge	mahler	Ring.choose	mahler x0 x1 = Ring.choose x1 x0	
edge	mahler	n.choose	mahler x0 x1 = n.choose x0	
edge	max	log	max x0 x1 = log x2 x3	
edge	maximalIdeal	Ideal.span	maximalIdeal x0 x1 = Ideal.span x2	
edge	mersenne	0	mersenne x0 = 0 	
edge	mixedEmbedding	ringEquiv_mixedSpace	mixedEmbedding x0 x1 = ringEquiv_mixedSpace x0 x2	
edge	mixedEmbedding.norm	1	mixedEmbedding.norm x0 = 1 	
edge	mulHeight	1	mulHeight x0 = 1 	
edge	mulHeight₁	1	mulHeight₁ x0 = 1 	
edge	mult	1	mult x0 = 1 	
edge	mult	2	mult x0 = 2 	
edge	n.divisors.map	n.divisorsAntidiagonal	n.divisors.map x0 = n.divisorsAntidiagonal 	
edge	n.divisorsAntidiagonalList.reverse	n.divisorsAntidiagonalList.map	n.divisorsAntidiagonalList.reverse  = n.divisorsAntidiagonalList.map x0	
edge	n.divisorsAntidiagonalList.toFinset	n.divisorsAntidiagonal	n.divisorsAntidiagonalList.toFinset  = n.divisorsAntidiagonal 	
edge	norm	0	norm x0 = 0 	
edge	norm	1	norm x0 = 1 	
edge	norm	1	norm x0 x1 = 1 	
edge	norm	2	norm x0 x1 = 2 	
edge	norm	Algebra.norm	norm x0 x1 = Algebra.norm x0 x2	
edge	norm	ite	norm x0 x1 = ite x2 x3 x4	
edge	norm	n.minFac	norm x0 x1 = n.minFac 	
edge	norm	padicNorm	norm x0 = padicNorm x1 x2	
edge	normAtAllPlaces	normAtPlace	normAtAllPlaces x0 x1 = normAtPlace x1 x0	
edge	normAtComplexPlaces	normAtAllPlaces	normAtComplexPlaces x0 = normAtAllPlaces x1	
edge	normAtComplexPlaces	x.1	normAtComplexPlaces x0 x1 = x.1 x1	
edge	normEDS	0	normEDS x0 x1 x2 x3 = 0 	
edge	normEDS	1	normEDS x0 x1 x2 x3 = 1 	
edge	normalizedFactors	Multiset.map	normalizedFactors x0 = Multiset.map x1 x2 x3	
edge	nrComplexPlaces	0	nrComplexPlaces x0 = 0 	
edge	nrRealPlaces	0	nrRealPlaces x0 = 0 	
edge	nrRealPlaces	1	nrRealPlaces x0 = 1 	
edge	nthHom	0	nthHom x0 x1 = 0 	
edge	oddKernel	0	oddKernel x0 x1 = 0 	
edge	ofUnitHom	equivToUnitHom.symm	ofUnitHom x0 = equivToUnitHom.symm x0	
edge	orbitRelEquiv	comap	orbitRelEquiv x0 = comap x1 x2	
edge	orderOf	2	orderOf x0 = 2 	
edge	p.maxPowDiv	emultiplicity	p.maxPowDiv x0 = emultiplicity x1 x0	
edge	p.maxPowDiv	multiplicity	p.maxPowDiv x0 = multiplicity x1 x0	
edge	padic	padicNorm	padic x0 x1 = padicNorm x0 x1	
edge	padicIntEquiv	adicCompletion.padicEquiv	padicIntEquiv x0 x1 = adicCompletion.padicEquiv x0 x1	
edge	padicNorm	0	padicNorm x0 x1 = 0 	
edge	padicNorm	1	padicNorm x0 x1 = 1 	
edge	padicNorm	max	padicNorm x0 x1 = max x2 x3	
edge	padicNormE	padicNorm	padicNormE x0 = padicNorm x1 x2	
edge	padicValInt	0	padicValInt x0 x1 = 0 	
edge	padicValInt	1	padicValInt x0 x0 = 1 	
edge	padicValInt	multiplicity	padicValInt x0 x1 = multiplicity x2 x1	
edge	padicValInt	padicValNat	padicValInt x0 x1 = padicValNat x0 x1	
edge	padicValNat	0	padicValNat x0 x1 = 0 	
edge	padicValNat	1	padicValNat x0 x0 = 1 	
edge	padicValNat	emultiplicity	padicValNat x0 x1 = emultiplicity x0 x1	
edge	padicValNat	multiplicity	padicValNat x0 x1 = multiplicity x0 x1	
edge	padicValRat	0	padicValRat x0 x1 = 0 	
edge	padicValRat	1	padicValRat x0 x0 = 1 	
edge	padicValRat	min	padicValRat x0 x1 = min x2 x3	
edge	padicValRat	multiplicity	padicValRat x0 x1 = multiplicity x2 x3	
edge	padicValRat	padicValInt	padicValRat x0 x1 = padicValInt x0 x1	
edge	padicValRat	padicValNat	padicValRat x0 x1 = padicValNat x0 x1	
edge	pow	id	pow x0 = id 	
edge	pow	ζ	pow x0 = ζ 	
edge	preNormEDS	0	preNormEDS x0 x1 x2 x3 = 0 	
edge	preNormEDS	1	preNormEDS x0 x1 x2 x3 = 1 	
edge	primeCounting	0	primeCounting x0 = 0 	
edge	primesBelow	if	primesBelow x0 = if x1 x2 x3 x4 x5 x6 x7 x4	
edge	proj	x	proj x0 x1 = x x0	
edge	quadraticChar	0	quadraticChar x0 x1 = 0 	
edge	quadraticChar	1	quadraticChar x0 x1 = 1 	
edge	quadraticChar	χ₄	quadraticChar x0 x1 = χ₄ x2	
edge	quadraticChar	χ₈	quadraticChar x0 x1 = χ₈ x2	
edge	quadraticCharFun	0	quadraticCharFun x0 x1 = 0 	
edge	quadraticCharFun	1	quadraticCharFun x0 x1 = 1 	
edge	quotIntNorm	intNorm	quotIntNorm x0 = intNorm x1	
edge	quotientToQuotientRangePowQuotSucc	Submodule.Quotient.mk	quotientToQuotientRangePowQuotSucc x0 x1 x2 x3 = Submodule.Quotient.mk x4	
edge	quotientToQuotientRangePowQuotSuccAux	Submodule.Quotient.mk	quotientToQuotientRangePowQuotSuccAux x0 x1 x2 x3 = Submodule.Quotient.mk x4	
edge	ramificationIdx	0	ramificationIdx x0 x1 x2 = 0 	
edge	ramificationIdx	1	ramificationIdx x0 x1 x2 = 1 	
edge	ramificationIdx	Nat.find	ramificationIdx x0 x1 x2 = Nat.find x3	
edge	ramificationIdx	multiplicity	ramificationIdx x0 x1 x2 = multiplicity x2 x3	
edge	ramificationIdx	multiplicity	ramificationIdx x0 x1 x2 = multiplicity x3 x4	
edge	ramificationIdxIn	ramificationIdx	ramificationIdxIn x0 x1 = ramificationIdx x2 x0 x3	
edge	realSpaceToLogSpace	0	realSpaceToLogSpace x0 = 0 	
edge	realSpaceToLogSpace	basisUnitLattice	realSpaceToLogSpace x0 = basisUnitLattice x1 x2	
edge	realSpaceToLogSpace	logMap	realSpaceToLogSpace x0 = logMap x1	
edge	regOfFamily	0	regOfFamily x0 = 0 	
edge	regOfFamily	ZLattice.covolume	regOfFamily x0 = ZLattice.covolume x1	
edge	regulator	regOfFamily	regulator x0 = regOfFamily x1	
edge	residueClass	0	residueClass x0 x1 = 0 	
edge	riemannZeta	0	riemannZeta x0 = 0 	
edge	rootNumber	1	rootNumber x0 = 1 	
edge	rootsOfUnity	torsion	rootsOfUnity x0 x1 = torsion x2	
edge	rootsOfUnityMapQuot	Ideal.Quotient.mk	rootsOfUnityMapQuot x0 x1 x2 = Ideal.Quotient.mk x0 x3	
edge	sModNatTR	sModNat	sModNatTR x0 x1 = sModNat x0 x1	
edge	sModNat_aux	sModNat	sModNat_aux x0 x1 x2 = sModNat x1 x2	
edge	sinKernel	0	sinKernel x0 x1 = 0 	
edge	sinZeta	0	sinZeta x0 x1 = 0 	
edge	smoothNumbers	factoredNumbers	smoothNumbers x0 = factoredNumbers x1	
edge	strictPeriods	AddSubgroup.zmultiples	strictPeriods x0 = AddSubgroup.zmultiples x1	
edge	strictWidthInfty	1	strictWidthInfty x0 = 1 	
edge	term	0	term x0 x1 x2 = 0 	
edge	toNNReal	adicAbv	toNNReal x0 x1 = adicAbv x2 x3	
edge	toUnitHom	equivToUnitHom	toUnitHom x0 = equivToUnitHom x0	
edge	toZMod	residueField.toRingHom.comp	toZMod x0 = residueField.toRingHom.comp x1	
edge	torsionMapQuot	Ideal.Quotient.mk	torsionMapQuot x0 x1 = Ideal.Quotient.mk x0 x2	
edge	torsionOrder	2	torsionOrder x0 = 2 	
edge	valuation	0	valuation x0 = 0 	
edge	valuation	1	valuation x0 = 1 	
edge	valuation	padicValInt	valuation x0 = padicValInt x1 x2	
edge	valuation	padicValNat	valuation x0 = padicValNat x1 x2	
edge	valuation	padicValRat	valuation x0 = padicValRat x1 x2	
edge	valueAtInfty	0	valueAtInfty x0 = 0 	
edge	volume	0	volume x0 = 0 	
edge	volume	1	volume x0 = 1 	
edge	x.norm	y.norm	x.norm  = y.norm 	
edge	x.zmodRepr	0	x.zmodRepr  = 0 	
edge	xn	1	xn x0 x1 = 1 	
edge	yn	0	yn x0 x1 = 0 	
edge	yn	1	yn x0 x1 = 1 	
edge	z.divisorsAntidiag.map	z.divisorsAntidiag	z.divisorsAntidiag.map x0 x1 = z.divisorsAntidiag 	
edge	zmodRepr	ofNat	zmodRepr x0 = ofNat x1	
edge	Λ	0	Λ x0 = 0 	
edge	Λ	Real.log	Λ x0 = Real.log x0	
edge	Λ	if	Λ x0 = if x1 x0 x2 x3 x4 x5 x6	
edge	Ω	0	Ω x0 = 0 	
edge	Ω	1	Ω x0 = 1 	
edge	Ω	n.primeFactorsList.length	Ω x0 = n.primeFactorsList.length 	
edge	ζ	1	ζ x0 = 1 	
edge	θ	0	θ x0 = 0 	
edge	θ	log	θ x0 = log x1	
edge	μ	0	μ x0 = 0 	
edge	μ	1	μ x0 = 1 	
edge	σ	1	σ x0 x1 = 1 	
edge	σ	starRingEnd	σ x0 = starRingEnd x1	
edge	χ.primitive_mul	primitiveCharacter	χ.primitive_mul x0 = primitiveCharacter x1	
edge	χ₀	1	χ₀ x0 x1 = 1 	
edge	χ₄	1	χ₄ x0 = 1 	
edge	ψ	0	ψ x0 = 0 	
edge	ψ.toUnitHom	1	ψ.toUnitHom x0 = 1 	
edge	ω	0	ω x0 = 0 	
edge	ω	1	ω x0 = 1 	
edge	ω	n.primeFactorsList.dedup.length	ω x0 = n.primeFactorsList.dedup.length 	
edge	𝒑.inertiaDegIn	1	𝒑.inertiaDegIn x0 = 1 	
edge	𝒑.inertiaDegIn	orderOf	𝒑.inertiaDegIn x0 = orderOf x1	
edge	𝒑.ramificationIdxIn	1	𝒑.ramificationIdxIn x0 = 1 	
edge	𝒢.periods	AddSubgroup.zmultiples	𝒢.periods  = AddSubgroup.zmultiples x0	
edge	𝒢.relIndex	2	𝒢.relIndex x0 = 2 	
edge	𝒢.strictPeriods	AddSubgroup.zmultiples	𝒢.strictPeriods  = AddSubgroup.zmultiples x0	
edge	𝒢.strictPeriods	𝒢.periods	𝒢.strictPeriods  = 𝒢.periods 	
identity	Algebra.discr		Algebra.discr x0 x1 = discr x2	{ι : Type*} [Fintype ι] [DecidableEq ι] (b : Basis ι ℤ (𝓞 K)) : Algebra.discr ℤ b = discr K
identity	Algebra.norm		Algebra.norm x0 x1 = p 	[IsCyclotomicExtension {p ^ (k + 1)} ℚ K] (hζ : IsPrimitiveRoot ζ (p ^ (k + 1))) (hodd : p ≠ 2) : Algebra.norm ℤ (hζ.toInteger - 1) = p
identity	B.F		B.F x0 = 0 	(B : BadChar N) : B.F (-2 : ℝ) = 0
identity	B.F		B.F x0 = LSeries x1 x0	(B : BadChar N) {s : ℂ} (hs : 1 < s.re) : B.F s = LSeries B.χ.zetaMul s
identity	Carmichael		Carmichael x0 = Nat.lcm x1 x2	(a b : ℕ) : Carmichael (Nat.lcm a b) = Nat.lcm (Carmichael a) (Carmichael b)
identity	Carmichael		Carmichael x0 = Nat.lcm x1 x2	{a b : ℕ} (h : Coprime a b) : Carmichael (a * b) = Nat.lcm (Carmichael a) (Carmichael b)
identity	Carmichael		Carmichael x0 = exponent x1 x2	(n : ℕ) [NeZero n] : Carmichael n = exponent (ZMod n)ˣ
identity	Carmichael		Carmichael x0 = s.lcm x1	{α : Type*} (s : Finset α) (f : α → ℕ) : Carmichael (s.lcm f) = s.lcm (Carmichael ∘ f)
identity	Carmichael		Carmichael x0 = s.lcm x1	{α : Type*} {s : Finset α} {f : α → ℕ} (h : Set.Pairwise s <| Coprime.onFun f) : Carmichael (s.prod f) = s.lcm (Carmichael ∘ f)
identity	ComplexEmbedding.conjugate		ComplexEmbedding.conjugate x0 = embedding x1	{w : InfinitePlace K} (h : IsReal w) : ComplexEmbedding.conjugate (embedding w) = embedding w
identity	CyclotomicRing		CyclotomicRing x0 x1 x2 = adjoin x1 x3	{μ : CyclotomicField n K} (h : IsPrimitiveRoot μ n) : CyclotomicRing n A K = adjoin A ({μ} : Set (CyclotomicField n K))
identity	C₁		C₁  = C₂ 	(C₁ C₂ : Subalgebra A B) [h₁ : IsCyclotomicExtension S A C₁] [h₂ : IsCyclotomicExtension S A C₂] : C₁ = C₂
identity	D2		D2 x0 = 0 	: D2 1 = 0
identity	D2		D2 x0 = 0 	: D2 ModularGroup.T = 0
identity	E		E  = maximalRealSubfield x0	(E : Subfield K) [IsTotallyReal E] [IsQuadraticExtension E K] : E = maximalRealSubfield K
identity	F.aeval		F.aeval x0 = 0 	: F.aeval ncs.lim = 0
identity	F.aeval		F.aeval x0 = 0 	: F.aeval soln = 0
identity	Fintype.card		Fintype.card x0 = Fintype.card x1	[NumberField K] : Fintype.card (InfinitePlace K⁺) = Fintype.card (InfinitePlace K)
identity	Fintype.card		Fintype.card x0 = finrank x1 x2	: Fintype.card (K →+* A) = finrank ℚ K
identity	F₁		F₁  = F₂ 	(F₁ F₂ : IntermediateField K L) [h₁ : IsCyclotomicExtension S K F₁] [h₂ : IsCyclotomicExtension S K F₂] : F₁ = F₂
identity	Ideal.span		Ideal.span x0 = Ideal.span x1	: Ideal.span {(setGcd s : ℤ)} = Ideal.span (((↑) : ℕ → ℤ) '' s)
identity	Ideal.span		Ideal.span x0 = v.asIdeal.map x1	(v : HeightOneSpectrum R) : Ideal.span {(natGenerator v : ℤ)} = v.asIdeal.map (IsIntegralClosure.intEquiv R)
identity	InfinitePlace.mk		InfinitePlace.mk x0 = v 	: InfinitePlace.mk (w.embedding.comp (algebraMap K L)) = v
identity	Int.gcd		Int.gcd x0 x1 = 1 	{m n : ℤ} (h : Int.gcd m n = 1) (hm : m % 2 = 0) (hn : n % 2 = 1) : Int.gcd (m ^ 2 - n ^ 2) (2 * m * n) = 1
identity	Int.gcd		Int.gcd x0 x1 = 1 	{m n : ℤ} (h : Int.gcd m n = 1) (hm : m % 2 = 0) (hn : n % 2 = 1) : Int.gcd (m ^ 2 - n ^ 2) (m ^ 2 + n ^ 2) = 1
identity	Int.gcd		Int.gcd x0 x1 = 1 	(hc : Int.gcd x y = 1) : Int.gcd y z = 1
identity	Int.padicValuation		Int.padicValuation x0 x0 = exp x1	(p : ℕ) [Fact p.Prime] : Int.padicValuation p p = exp (-1)
identity	IsCyclotomicExtension		IsCyclotomicExtension x0 x1 x2 = IsCyclotomicExtension x3 x1 x2	: IsCyclotomicExtension S A B = IsCyclotomicExtension (S \ {0}) A B
identity	J		J x0 = 0 	{b : ℕ} (hb : 1 < b) : J(0 | b) = 0
identity	J		J x0 = 1 	(b : ℕ) : J(1 | b) = 1
identity	J		J x0 = 1 	{a : ℤ} {b : ℕ} (h : a.gcd b = 1) : J(a ^ 2 | b) = 1
identity	J		J x0 = 1 	(a : ℤ) : J(a | 0) = 1
identity	J		J x0 = 1 	(a : ℤ) : J(a | 1) = 1
identity	J		J x0 = J x1	{a : ℤ} {b : ℕ} (ha4 : a % 4 = 0) (hb2 : b % 2 = 1) : J(a / 4 | b) = J(a | b)
identity	J		J x0 = J x1	(a : ℤ) (b : ℕ) : J(a | b) = J(a % b | b)
identity	J		J x0 = J x1	(a : ℕ) {b : ℕ} (hb : Odd b) : J(a | b) = J(a | b % (4 * a))
identity	J		J x0 = J x1	(a : ℤ) {b : ℕ} (hb : Odd b) : J(a | b) = J(a | b % (4 * a.natAbs))
identity	J		J x0 = J x1	{a b : ℕ} (ha : Odd a) (hb : b % 4 = 1) : J(a | b) = J(b | a)
identity	J		J x0 = J x1	{a₁ a₂ : ℤ} {b : ℕ} (h : a₁ % b = a₂ % b) : J(a₁ | b) = J(a₂ | b)
identity	J		J x0 = χ x1	(a : ℤ) {R : Type*} [Semiring R] (χ : R →* ℤ) (hp : ∀ (p : ℕ) (pp : p.Prime), p ≠ 2 → @legendreSym p ⟨pp⟩ a = χ p) {b : ℕ} (hb : Odd b) : J(a | b) = χ b
identity	J		J x0 = χ₄ x1	{b : ℕ} (hb : Odd b) : J(-1 | b) = χ₄ b
identity	J		J x0 = χ₈ x1	{b : ℕ} (hb : Odd b) : J(2 | b) = χ₈ b
identity	L		L x0 x1 = riemannZeta x1	{s : ℂ} (hs : 1 < s.re) : L 1 s = riemannZeta s
identity	LFunction		LFunction x0 = riemannZeta 	{χ : DirichletCharacter ℂ 1} : LFunction χ = riemannZeta
identity	LFunction		LFunction x0 x1 = 0 	(hΦ : Φ.Even) (n : ℕ) : LFunction Φ (-(2 * (n + 1))) = 0
identity	LFunction		LFunction x0 x1 = 0 	(hΦ : Φ.Odd) (n : ℕ) : LFunction Φ (-(2 * n) - 1) = 0
identity	LFunction		LFunction x0 x1 = 0 	{χ : DirichletCharacter ℂ N} (hχ : Even χ) (n : ℕ) : LFunction χ (-(2 * (n + 1))) = 0
identity	LFunction		LFunction x0 x1 = 0 	{χ : DirichletCharacter ℂ N} (hχ : Odd χ) (n : ℕ) : LFunction χ (-(2 * n) - 1) = 0
identity	LFunction		LFunction x0 x1 = 0 	{χ : DirichletCharacter ℂ N} (hχ : Even χ) (n : ℕ) [NeZero n] : LFunction χ (-(2 * n)) = 0
identity	LFunction		LFunction x0 x1 = LSeries x2 x1	(Φ : ZMod N → ℂ) {s : ℂ} (hs : 1 < re s) : LFunction Φ s = LSeries (Φ ·) s
identity	LFunction		LFunction x0 x1 = LSeries x2 x1	(χ : DirichletCharacter ℂ N) {s : ℂ} (hs : 1 < re s) : LFunction χ s = LSeries (χ ·) s
identity	LFunction		LFunction x0 x1 = expZeta x2 x1	(j : ZMod N) (s : ℂ) (hjs : j ≠ 0 ∨ s ≠ 1) : LFunction (fun k ↦ 𝕖 (j * k)) s = expZeta (ZMod.toAddCircle j) s
identity	LSeries		LSeries x0 = 0 	: LSeries 0 = 0
identity	LSeries		LSeries x0 = 0 	{f : ℕ → ℂ} (h : abscissaOfAbsConv f = ⊤) : LSeries f = 0
identity	LSeries		LSeries x0 = 1 	: LSeries δ = 1
identity	LSeries		LSeries x0 x1 = LSeries x2 x1	{f g : ℕ → ℂ} (h : ∀ {n}, n ≠ 0 → f n = g n) (s : ℂ) : LSeries f s = LSeries g s
identity	LSeries		LSeries x0 x1 = a 	{f : ℕ → ℂ} {s a : ℂ} (h : LSeriesHasSum f s a) : LSeries f s = a
identity	Module.finrank		Module.finrank x0 x1 = Module.finrank x2 x3	: Module.finrank ℤ (𝓞 K) = Module.finrank ℚ K
identity	Module.finrank		Module.finrank x0 x1 = k.totient 	[NeZero k] [IsCyclotomicExtension {k} ℚ K] : Module.finrank ℚ K = k.totient
identity	Module.finrank		Module.finrank x0 x1 = rank x2	: Module.finrank ℤ (Additive ((𝓞 K)ˣ ⧸ (torsion K))) = rank K
identity	Module.rank		Module.rank x0 x1 = 0 	(hk : k < 0) : Module.rank ℂ (ModularForm Γ(1) k) = 0
identity	Module.rank		Module.rank x0 x1 = 1 	: Module.rank ℂ (ModularForm Γ(1) 0) = 1
identity	MonoidHom.mker		MonoidHom.mker x0 = unitary x1	{d : ℤ} : MonoidHom.mker (@normMonoidHom d) = unitary (ℤ√d)
identity	Nat.card		Nat.card x0 = Ideal.ramificationIdxIn x1 x2	[IsDedekindDomain R] [IsDedekindDomain S] [Module.Finite R S] [IsTorsionFree R S] (p : Ideal R) (hp : p ≠ ⊥) (P : Ideal S) [P.LiesOver p] [P.IsMaximal] [Algebra.IsSeparable (R ⧸ p) (S ⧸ P)] : Nat.card (P.toAddSubgroup.inertia G) = Ideal.ramificationIdxIn p S
identity	Nat.card		Nat.card x0 = Nat.card x1	: Nat.card (MulChar M R) = Nat.card Mˣ
identity	Nat.card		Nat.card x0 = Nat.card x1	(hJ : ClassGroup.mk0 J = C⁻¹) : Nat.card {I : (Ideal (𝓞 K))⁰ // absNorm (I : Ideal (𝓞 K)) ≤ s ∧ ClassGroup.mk0 I = C} = Nat.card {I : (Ideal (𝓞 K))⁰ // (J : Ideal (𝓞 K)) ∣ I ∧ IsPrincipal (I : Ideal (𝓞 K)) ∧ absNorm (I : Ideal (𝓞 K)) ≤ s * absNorm (J : Ideal (𝓞 K))}
identity	Nat.card		Nat.card x0 = if x1 x2 x3 x4 x5 x6 x7	[IsGalois k K] : Nat.card (Stab w) = if IsUnramified k w then 1 else 2
identity	Nat.card		Nat.card x0 = n.totient 	: Nat.card (DirichletCharacter R n) = n.totient
identity	Nonnegg		Nonnegg x0 x1 x2 x3 = Nonnegg x1 x0 x3 x2	{c d : ℕ} {x y : ℤ} : Nonnegg c d x y = Nonnegg d c y x
identity	NumberField.InfinitePlace.nrRealPlaces		NumberField.InfinitePlace.nrRealPlaces x0 = 0 	(hk : 2 < k) (hζ : IsPrimitiveRoot ζ k) : NumberField.InfinitePlace.nrRealPlaces K = 0
identity	NumberField.classNumber		NumberField.classNumber x0 = 1 	: NumberField.classNumber ℚ = 1
identity	P		P  = span x0	(P : Ideal (𝓞 K)) [hP₁ : P.IsPrime] [hP₂ : P.LiesOver 𝒑] : P = span {hζ.toInteger - 1}
identity	P.f		P.f  = O x0 x1	(r : ℝ) : P.f =O[atTop] (· ^ r)
identity	P.f		P.f  = O x0 x1	(r : ℝ) : P.f =O[𝓝[>] 0] (· ^ r)
identity	P.symm.Λ		P.symm.Λ  = mellin x0	: P.symm.Λ = mellin P.g
identity	P.Λ		P.Λ  = mellin x0	: P.Λ = mellin P.f
identity	Padic.withValUniformEquiv		Padic.withValUniformEquiv x0 x1 = WithVal.equiv x2 x1	(x : WithVal (Rat.padicValuation p)) : Padic.withValUniformEquiv (p := p) x = WithVal.equiv (Rat.padicValuation p) x
identity	RankOne.hom		RankOne.hom x0 x1 = RankOne.hom x2 x1	: RankOne.hom (PadicComplex.valued p).v = RankOne.hom (PadicAlgCl.valued p).v
identity	Rat.padicValuation		Rat.padicValuation x0 x0 = exp x1	(p : ℕ) [Fact p.Prime] : Rat.padicValuation p p = exp (-1)
identity	Rat.padicValuation		Rat.padicValuation x0 x1 = Int.padicValuation x0 x2	(p : ℕ) [Fact p.Prime] (x : ℤ) : Rat.padicValuation p (Int.cast x) = Int.padicValuation p x
identity	Real.sqrt		Real.sqrt  = o x0 x1	: Real.sqrt =o[atTop] (fun x ↦ x / log x ^ 2)
identity	RingHom.ker		RingHom.ker x0 = Ideal.span x1	(n : ℕ) : RingHom.ker (toZModPow n : ℤ_[p] →+* ZMod (p ^ n)) = Ideal.span {(p : ℤ_[p]) ^ n}
identity	RingHom.ker		RingHom.ker x0 = maximalIdeal x1 x2	: RingHom.ker (toZMod : ℤ_[p] →+* ZMod p) = maximalIdeal ℤ_[p]
identity	Submodule.span		Submodule.span x0 x1 = mixedEmbedding.integerLattice x2	: Submodule.span ℤ (Set.range (latticeBasis K)) = mixedEmbedding.integerLattice K
identity	Units.complexEmbedding		Units.complexEmbedding x0 x1 = φ x1	(φ : K →+* ℂ) (u : (𝓞 K)ˣ) : Units.complexEmbedding φ u = φ u
identity	Valued.v		Valued.v x0 = Valued.v x1	(x : PadicAlgCl p) : Valued.v (x : ℂ_[p]) = Valued.v x
identity	ZMod.cast		ZMod.cast x0 = toZModPow x1 x2	(m n : ℕ) (h : m ≤ n) (x : ℤ_[p]) : ZMod.cast (toZModPow n x) = toZModPow m x
identity	a		a  = 1 	(h₀ : d ≠ 0) {a : Solution₁ d} (ha : a.x = 1) : a = 1
identity	a		a  = b 	{a b : Solution₁ d} (ha : IsFundamental a) (hb : IsFundamental b) : a = b
identity	a.natDegree		a.natDegree  = 0 	{p q r : ℕ} {a b c : k[X]} {u v w : k} (heq : C u * a ^ p + C v * b ^ q + C w * c ^ r = 0) (hp : p ≠ 0) (hq : q ≠ 0) (hr : r ≠ 0) (hineq : q * r + r * p + p * q ≤ p * q * r) (chp : (p : k) ≠ 0) (chq : (q : k) ≠ 0) (chr : (r : k) ≠ 0) (ha : a ≠ 0) (hb : b ≠ 0) (hc : c ≠ 0) (hab : IsCoprime a b) (hu : u ≠ 0) (hv : v ≠ 0) (hw : w ≠ 0) : a.natDegree = 0
identity	absNorm		absNorm x0 = p 	: absNorm (span {hζ.toInteger - 1}) = p
identity	abscissaOfAbsConv		abscissaOfAbsConv x0 = 1 	: abscissaOfAbsConv 1 = 1
identity	abscissaOfAbsConv		abscissaOfAbsConv x0 = abscissaOfAbsConv x1	{f : ℕ → ℂ} : abscissaOfAbsConv (logMul f) = abscissaOfAbsConv f
identity	abscissaOfAbsConv		abscissaOfAbsConv x0 = abscissaOfAbsConv x1	{f : ℕ → ℂ} {m : ℕ} : abscissaOfAbsConv (logMul^[m] f) = abscissaOfAbsConv f
identity	abscissaOfAbsConv		abscissaOfAbsConv x0 = abscissaOfAbsConv x1	{f g : ℕ → ℂ} (h : f =ᶠ[atTop] g) : abscissaOfAbsConv f = abscissaOfAbsConv g
identity	addValuationDef		addValuationDef x0 = 0 	: addValuationDef (1 : ℚ_[p]) = 0
identity	adicAbv		adicAbv x0 x1 = toNNReal x2 x3	{x : K} : adicAbv v x = toNNReal (absNorm_ne_zero v) (v.valuation K x)
identity	adjoin		adjoin x0 x1 = adjoin x0 x2	[IsDomain B] {ζ : B} {n : ℕ} [NeZero n] (hζ : IsPrimitiveRoot ζ n) : adjoin A ((cyclotomic n A).rootSet B) = adjoin A {b : B | ∃ a : ℕ, a ∈ ({n} : Set ℕ) ∧ a ≠ 0 ∧ b ^ a = 1}
identity	adjoin		adjoin x0 x1 = adjoin x0 x2	{n : ℕ} [NeZero n] [IsDomain B] {ζ : B} (hζ : IsPrimitiveRoot ζ n) : adjoin A ((cyclotomic n A).rootSet B) = adjoin A {ζ}
identity	aeval		aeval x0 x1 = 0 	[IsDomain B] [NeZero (n : B)] : aeval (zeta n A B) (cyclotomic n A) = 0
identity	algebraMap		algebraMap x0 x1 x2 = Algebra.norm x1 x3	(x : 𝓞 K) : algebraMap _ K (norm K (algebraMap (𝓞 K) (𝓞 L) x)) = Algebra.norm K (algebraMap K L (algebraMap _ _ x))
identity	algebraMap		algebraMap x0 x1 x2 = Ideal.Quotient.mk x3 x4	(x : R) : algebraMap (R ⧸ p) (S ⧸ P ^ e) (Ideal.Quotient.mk p x) = Ideal.Quotient.mk (P ^ e) (f x)
identity	algebraMap		algebraMap x0 x1 x2 = Ideal.Quotient.mk x3 x4	[NeZero e] (x : R) : algebraMap (R ⧸ p) (S ⧸ P) (Ideal.Quotient.mk p x) = Ideal.Quotient.mk P (f x)
identity	algebraMap		algebraMap x0 x1 x2 = algebraMap x3 x1 x4	(x : maximalRealSubfield K) : algebraMap F K ((CMExtension.equivMaximalRealSubfield F K).symm x) = algebraMap (maximalRealSubfield K) K x
identity	algebraMap		algebraMap x0 x1 x2 = x 	(x : K) (hx) : algebraMap (𝓞 K) K ⟨x, hx⟩ = x
identity	algebraMap		algebraMap x0 x1 x2 x1 x3 = x 	(x : ℤ_[p]) : algebraMap ℤ_[p] ℚ_[p] x = x
identity	algebraMap		algebraMap x0 x1 x2 x3 = x 	(x : K) (v : InfinitePlace K) : algebraMap K (InfiniteAdeleRing K) x v = x
identity	b		b  = c 	{a : ℤ} {b c : ℤ√d} (ha : a ≠ 0) (h : ↑a * b = a * c) : b = c
identity	basisMatrix		basisMatrix x0 = Algebra.embeddingsMatrixReindex x1 x2 x3 x4	: basisMatrix K = Algebra.embeddingsMatrixReindex ℚ ℂ (integralBasis K ∘ (equivReindex K)) RingHom.equivRatAlgHom
identity	basisOfFractionalIdeal		basisOfFractionalIdeal x0 x1 x2 = fractionalIdealBasis x0 x3 x2	(I : (FractionalIdeal (𝓞 K)⁰ K)ˣ) (i : Free.ChooseBasisIndex ℤ I) : basisOfFractionalIdeal K I i = fractionalIdealBasis K I.1 i
identity	bernoulli		bernoulli x0 = 0 	{n : ℕ} (h_odd : Odd n) (hlt : 1 < n) : bernoulli n = 0
identity	bernoulli		bernoulli x0 = 1 	: bernoulli 0 = 1
identity	bernoulliFourierCoeff		bernoulliFourierCoeff x0 x1 = 0 	{n : ℤ} (hn : n ≠ 0) : bernoulliFourierCoeff 0 n = 0
identity	bernoulliFourierCoeff		bernoulliFourierCoeff x0 x1 = 0 	{k : ℕ} (hk : k ≠ 0) : bernoulliFourierCoeff k 0 = 0
identity	bernoulliFun		bernoulliFun x0 x1 = 1 	(x : ℝ) : bernoulliFun 0 x = 1
identity	bernoulliFun		bernoulliFun x0 x1 = bernoulli x0	(k : ℕ) : bernoulliFun k 0 = bernoulli k
identity	bernoulliFun		bernoulliFun x0 x1 = bernoulliFun x0 x2	{k : ℕ} (hk : k ≠ 1) : bernoulliFun k 1 = bernoulliFun k 0
identity	c		c  = modularCyclotomicCharacter x0 x1 x2	(g : L ≃+* L) {c : ZMod n} (hc : ∀ t ∈ rootsOfUnity n L, g t = t ^ c.val) : c = modularCyclotomicCharacter L hn g
identity	c		c  = χ₀ x0 x1	(g : L ≃+* L) (c : ZMod (Fintype.card (rootsOfUnity n L))) (hc : ∀ t : rootsOfUnity n L, g (t : Lˣ) = (t ^ c.val : Lˣ)) : c = χ₀ n g
identity	card		card x0 = nrRealPlaces x1	: card { φ : K →+* ℂ // ComplexEmbedding.IsReal φ } = nrRealPlaces K
identity	changeLevel		changeLevel x0 x1 = 1 	{d : ℕ} (h : d ∣ n) : changeLevel h (1 : DirichletCharacter R d) = 1
identity	changeLevel		changeLevel x0 x1 = MulChar.ofUnitHom x2	{m : ℕ} (hm : n ∣ m) : changeLevel hm χ = MulChar.ofUnitHom (χ.toUnitHom.comp (ZMod.unitsMap hm))
identity	changeLevel		changeLevel x0 x1 = changeLevel x2 x3	{m d : ℕ} (hm : n ∣ m) (hd : m ∣ d) : changeLevel (dvd_trans hm hd) χ = changeLevel hd (changeLevel hm χ)
identity	changeLevel		changeLevel x0 x1 = χ 	: changeLevel (dvd_refl n) χ = χ
identity	closure		closure x0 = ᵐ x1 x2 x0	: closure (paramSet K) =ᵐ[volume] interior (paramSet K)
identity	commMap		commMap x0 x1 = mixedEmbedding x0 x2	(x : K) : commMap K (canonicalEmbedding K x) = mixedEmbedding K x
identity	complEDS		complEDS x0 x1 x2 x3 x4 = 0 	: complEDS b c d k 0 = 0
identity	complEDS		complEDS x0 x1 x2 x3 x4 = 1 	: complEDS b c d k 1 = 1
identity	complEDS₂		complEDS₂ x0 x1 x2 x3 = 2 	: complEDS₂ b c d 0 = 2
identity	complEDS₂		complEDS₂ x0 x1 x2 x3 = b 	: complEDS₂ b c d 1 = b
identity	complEDS₂		complEDS₂ x0 x1 x2 x3 = complEDS₂ x0 x1 x2 x4	(k : ℤ) : complEDS₂ b c d (-k) = complEDS₂ b c d k
identity	complEDS₂		complEDS₂ x0 x1 x2 x3 = d 	: complEDS₂ b c d 2 = d
identity	completeBasis		completeBasis x0 x1 = expMap.symm x2	(i : {w : InfinitePlace K // w ≠ w₀}) : completeBasis K i = expMap.symm (normAtAllPlaces (mixedEmbedding K (fundSystem K (equivFinRank.symm i))))
identity	completedCosZeta		completedCosZeta x0 x1 = completedCosZeta x2 x1	(a : UnitAddCircle) (s : ℂ) : completedCosZeta (-a) s = completedCosZeta a s
identity	completedCosZeta		completedCosZeta x0 x1 = completedHurwitzZetaEven x0 x2	(a : UnitAddCircle) (s : ℂ) : completedCosZeta a (1 - s) = completedHurwitzZetaEven a s
identity	completedCosZeta		completedCosZeta x0 x1 = completedRiemannZeta x1	(s : ℂ) : completedCosZeta 0 s = completedRiemannZeta s
identity	completedCosZeta₀		completedCosZeta₀ x0 x1 = completedCosZeta₀ x2 x1	(a : UnitAddCircle) (s : ℂ) : completedCosZeta₀ (-a) s = completedCosZeta₀ a s
identity	completedCosZeta₀		completedCosZeta₀ x0 x1 = completedHurwitzZetaEven₀ x0 x2	(a : UnitAddCircle) (s : ℂ) : completedCosZeta₀ a (1 - s) = completedHurwitzZetaEven₀ a s
identity	completedCosZeta₀		completedCosZeta₀ x0 x1 = completedRiemannZeta₀ x1	(s : ℂ) : completedCosZeta₀ 0 s = completedRiemannZeta₀ s
identity	completedHurwitzZetaEven		completedHurwitzZetaEven x0 x1 = completedCosZeta x0 x2	(a : UnitAddCircle) (s : ℂ) : completedHurwitzZetaEven a (1 - s) = completedCosZeta a s
identity	completedHurwitzZetaEven		completedHurwitzZetaEven x0 x1 = completedHurwitzZetaEven x2 x1	(a : UnitAddCircle) (s : ℂ) : completedHurwitzZetaEven (-a) s = completedHurwitzZetaEven a s
identity	completedHurwitzZetaEven		completedHurwitzZetaEven x0 x1 = completedRiemannZeta x1	(s : ℂ) : completedHurwitzZetaEven 0 s = completedRiemannZeta s
identity	completedHurwitzZetaEven₀		completedHurwitzZetaEven₀ x0 x1 = completedCosZeta₀ x0 x2	(a : UnitAddCircle) (s : ℂ) : completedHurwitzZetaEven₀ a (1 - s) = completedCosZeta₀ a s
identity	completedHurwitzZetaEven₀		completedHurwitzZetaEven₀ x0 x1 = completedHurwitzZetaEven₀ x2 x1	(a : UnitAddCircle) (s : ℂ) : completedHurwitzZetaEven₀ (-a) s = completedHurwitzZetaEven₀ a s
identity	completedHurwitzZetaEven₀		completedHurwitzZetaEven₀ x0 x1 = completedRiemannZeta₀ x1	(s : ℂ) : completedHurwitzZetaEven₀ 0 s = completedRiemannZeta₀ s
identity	completedHurwitzZetaOdd		completedHurwitzZetaOdd x0 x1 = completedSinZeta x0 x2	(a : UnitAddCircle) (s : ℂ) : completedHurwitzZetaOdd a (1 - s) = completedSinZeta a s
identity	completedLFunction		completedLFunction x0 = completedRiemannZeta 	{χ : DirichletCharacter ℂ 1} : completedLFunction χ = completedRiemannZeta
identity	completedLFunction		completedLFunction x0 x1 = 0 	(s : ℂ) : completedLFunction (0 : ZMod N → ℂ) s = 0
identity	completedRiemannZeta		completedRiemannZeta x0 = completedRiemannZeta x1	(s : ℂ) : completedRiemannZeta (1 - s) = completedRiemannZeta s
identity	completedRiemannZeta₀		completedRiemannZeta₀ x0 = completedRiemannZeta₀ x1	(s : ℂ) : completedRiemannZeta₀ (1 - s) = completedRiemannZeta₀ s
identity	completedSinZeta		completedSinZeta x0 x1 = completedHurwitzZetaOdd x0 x2	(a : UnitAddCircle) (s : ℂ) : completedSinZeta a (1 - s) = completedHurwitzZetaOdd a s
identity	complexConj		complexConj x0 x1 = x 	(x : K) : complexConj K (complexConj K x) = x
identity	complexConj		complexConj x0 x1 = x 	(x : K⁺) : complexConj K x = x
identity	conductor		conductor x0 = 1 	(hn : n ≠ 0) : conductor (1 : DirichletCharacter R n) = 1
identity	conj		conj x0 = jacobiTheta₂ x1 x2	(z τ : ℂ) : conj (jacobiTheta₂ z τ) = jacobiTheta₂ (conj z) (-conj τ)
identity	conj		conj x0 = x x1	{x : ((K →+* ℂ) → ℂ)} (φ : K →+* ℂ) (hx : x ∈ Submodule.span ℝ (Set.range (canonicalEmbedding K))) : conj (x φ) = x (ComplexEmbedding.conjugate φ)
identity	cons		cons x0 x1 x2 = divisors x0	(h : n ≠ 0) : cons n (properDivisors n) self_notMem_properDivisors = divisors n
identity	const		const x0 x1 = n 	(n) (x : α → ℕ) : const n x = n
identity	convergent		convergent x0 x1 = 0 	(n : ℕ) : convergent 0 n = 0
identity	convergent		convergent x0 x1 = ξ 	{ξ : ℤ} (n : ℕ) : convergent ξ n = ξ
identity	convexBodySumFun		convexBodySumFun x0 = convexBodySumFun x1	(x : mixedSpace K) : convexBodySumFun (-x) = convexBodySumFun x
identity	cosKernel		cosKernel x0 x1 = 0 	(a : UnitAddCircle) {x : ℝ} (hx : x ≤ 0) : cosKernel a x = 0
identity	cosKernel		cosKernel x0 x1 = cosKernel x2 x1	(a : UnitAddCircle) (x : ℝ) : cosKernel (-a) x = cosKernel a x
identity	cosZeta		cosZeta x0 = riemannZeta 	: cosZeta 0 = riemannZeta
identity	cosZeta		cosZeta x0 x1 = 0 	(a : UnitAddCircle) (n : ℕ) : cosZeta a (-2 * (n + 1)) = 0
identity	cosZeta		cosZeta x0 x1 = cosZeta x2 x1	(a : UnitAddCircle) (s : ℂ) : cosZeta (-a) s = cosZeta a s
identity	cuspFunction		cuspFunction x0 x1 x2 = 0 	(hh : 0 < h) (hΓ : h ∈ Γ.strictPeriods) : cuspFunction h f 0 = 0
identity	cuspFunction		cuspFunction x0 x1 x2 = f x3	[SlashInvariantFormClass F Γ k] (τ : ℍ) (hΓ : h ∈ Γ.strictPeriods) (hh : h ≠ 0) : cuspFunction h f (𝕢 h τ) = f τ
identity	cuspFunction		cuspFunction x0 x1 x2 = valueAtInfty x1	[ModularFormClass F Γ k] [Γ.HasDetPlusMinusOne] [DiscreteTopology Γ] (hh : 0 < h) (hΓ : h ∈ Γ.strictPeriods) : cuspFunction h f 0 = valueAtInfty f
identity	cyclotomicCharacter.toFun		cyclotomicCharacter.toFun x0 x1 = PadicInt.ofIntSeq x2 x3	: cyclotomicCharacter.toFun p g = PadicInt.ofIntSeq _ (PadicInt.isCauSeq_padicNorm_of_pow_dvd_sub (aux g <| p ^ ·) _ fun i ↦ pow_dvd_aux_pow_sub_aux_pow g p i.le_succ)
identity	denom		denom x0 x1 = 1 	(τ : ℍ) : denom J τ = 1
identity	deriv		deriv x0 x1 = deriv x2 x1	(χ : DirichletCharacter ℂ N) {s : ℂ} (hs : 1 < s.re) : deriv (LFunction χ) s = deriv (LSeries (χ ·)) s
identity	discr		discr x0 = 1 	: discr ℚ = 1
identity	discr		discr x0 = discr x1	{L : Type*} [Field L] [NumberField L] (f : K ≃+* L) : discr K = discr L
identity	discr		discr x0 x1 x2 = discr x0 x3 x2	(hζ : IsPrimitiveRoot ζ n) : discr ℚ (hζ.powerBasis ℚ).basis = discr ℚ (hζ.subOnePowerBasis ℚ).basis
identity	e		e x0 = 1 	{p : Ideal S} [p.IsPrime] [IsNoetherianRing S] [IsUnramifiedAt R p] (hp : p ≠ ⊥) [IsDomain S] [EssFiniteType R S] : e(p|R) = 1
identity	eisensteinSeries_SIF		eisensteinSeries_SIF x0 x1 x2 = eisensteinSeries x0 x1 x2	(k : ℤ) (z : ℍ) : eisensteinSeries_SIF a k z = eisensteinSeries a k z
identity	embedding		embedding x0 = φ 	{φ : K →+* ℂ} (h : ComplexEmbedding.IsReal φ) : embedding (mk φ) = φ
identity	emultiplicity		emultiplicity x0 x1 = 1 	: emultiplicity (↑p) (∑ i ∈ range p, x ^ i * y ^ (p - 1 - i)) = 1
identity	emultiplicity		emultiplicity x0 x1 = emultiplicity x0 x2	{p : R} (hp : Prime p) {x y : R} (hxy : p ∣ x - y) (hx : ¬p ∣ x) {n : ℕ} (hn : ¬p ∣ n) : emultiplicity p (x ^ n - y ^ n) = emultiplicity p (x - y)
identity	emultiplicity		emultiplicity x0 x1 = emultiplicity x2 x3	(hI : IsMaximal I) (hI' : I ≠ ⊥) (hx : (conductor R x).comap (algebraMap R S) ⊔ I = ⊤) (hx' : IsIntegral R x) {J : Ideal S} (hJ : J ∈ normalizedFactors (I.map (algebraMap R S))) : emultiplicity J (I.map (algebraMap R S)) = emultiplicity (↑(normalizedFactorsMapEquivNormalizedFactorsMinPolyMk hI hI' hx hx' ⟨J, hJ⟩)) (Polynomial.map (Ideal.Quotient.mk I) (minpoly R x))
identity	equivInfinitePlace		equivInfinitePlace x0 x1 = w.comap x2	[NumberField K] (w : InfinitePlace K) : equivInfinitePlace K w = w.comap (algebraMap K⁺ K)
identity	equivMaximalRealSubfield		equivMaximalRealSubfield x0 x1 x2 = algebraMap x0 x1 x2	(x : F) : equivMaximalRealSubfield F K x = algebraMap F K x
identity	eta_q		eta_q x0 x1 = cexp x2	(n : ℕ) (z : ℂ) : eta_q n z = cexp (2 * π * I * (n + 1) * z)
identity	eulerMascheroniSeq		eulerMascheroniSeq x0 = 0 	: eulerMascheroniSeq 0 = 0
identity	evenKernel		evenKernel x0 = cosKernel x0	: evenKernel 0 = cosKernel 0
identity	evenKernel		evenKernel x0 x1 = 0 	(a : UnitAddCircle) {x : ℝ} (hx : x ≤ 0) : evenKernel a x = 0
identity	evenKernel		evenKernel x0 x1 = evenKernel x2 x1	(a : UnitAddCircle) (x : ℝ) : evenKernel (-a) x = evenKernel a x
identity	exp		exp x0 = L x1 x2	{s : ℂ} (hs : 1 < s.re) : exp (∑' p : Nat.Primes, -Complex.log (1 - p ^ (-s))) = L 1 s
identity	exp		exp x0 = riemannZeta x1	{s : ℂ} (hs : 1 < s.re) : exp (∑' p : Nat.Primes, -Complex.log (1 - p ^ (-s))) = riemannZeta s
identity	expMap		expMap x0 = normAtAllPlaces x1	(i : {w : InfinitePlace K // w ≠ w₀}) : expMap (completeBasis K i) = normAtAllPlaces (mixedEmbedding K (fundSystem K (equivFinRank.symm i)))
identity	expMap		expMap x0 x1 = Real.exp x2	(x : realSpace K) (w : InfinitePlace K) : expMap x w = Real.exp ((↑w.mult)⁻¹ * x w)
identity	expMapBasis		expMapBasis x0 = expMap x1	(x : realSpace K) : expMapBasis x = expMap ((completeBasis K).equivFun.symm x)
identity	expZeta		expZeta x0 = riemannZeta 	: expZeta 0 = riemannZeta
identity	exponent		exponent x0 = sInf x1	: exponent θ = sInf {d : ℕ | 0 < d ∧ (d : 𝓞 K) ∈ conductor ℤ θ}
identity	extensionEmbedding		extensionEmbedding x0 x1 = v.embedding x1	(x : K) : extensionEmbedding v x = v.embedding x
identity	extensionEmbeddingOfIsReal		extensionEmbeddingOfIsReal x0 x1 = embedding_of_isReal x0 x1	{v : InfinitePlace K} (hv : IsReal v) (x : K) : extensionEmbeddingOfIsReal hv x = embedding_of_isReal hv x
identity	f		f  = 0 	[𝒢.IsArithmetic] {k : ℤ} (hk : k < 0) (f : ModularForm 𝒢 k) : f = 0
identity	f		f  = Function.const x0 x1	(hk : k ≤ 0) (f : F) : f = Function.const ℍ (cuspFunction 1 f 0)
identity	f		f  = g 	[IsCyclotomicExtension S A B] [IsDomain B] {f g : B ≃ₐ[A] B} (H : ∀ n ∈ S, n ≠ 0 → ∃ r : B, IsPrimitiveRoot r n ∧ f r = g r) : f = g
identity	f		f x0 = 0 	{f : ArithmeticFunction R} : f 0 = 0
identity	f		f x0 = 0 	[MonoidWithZero R] {f : ArithmeticFunction R} (hf : IsMultiplicative f) {m n : ℕ} (hn : Squarefree n) (hmn : m ∣ n) (h_zero : f m = 0) : f n = 0
identity	f		f x0 = 1 	{f : ArithmeticFunction R} (h : f.IsMultiplicative) : f 1 = 1
identity	f		f x0 = 1 	{m : ℕ} (hpm : ¬ p ∣ m) : f m = 1
identity	f		f x0 = complEDS x1 x2 x3 x4 x5	(k n : ℤ) : f (complEDS b c d k n) = complEDS (f b) (f c) (f d) k n
identity	f		f x0 = complEDS₂ x1 x2 x3 x4	(n : ℤ) : f (complEDS₂ b c d n) = complEDS₂ (f b) (f c) (f d) n
identity	f		f x0 = f x1	(N : ℕ) (k n : ℤ) (f : SlashInvariantForm (Gamma N) k) (z : ℍ) : f (((ModularGroup.T ^ (N * n))) • z) = f z
identity	f		f x0 = f x1	(N : ℕ) (k n : ℤ) (f : SlashInvariantForm (Gamma N) k) (z : ℍ) : f ((N * n : ℝ) +ᵥ z) = f z
identity	f		f x0 = f x1	{Γ : Subgroup (GL (Fin 2) ℝ)} {k : ℤ} {F : Type*} [FunLike F ℍ ℂ] [SlashInvariantFormClass F Γ k] (f : F) (τ : ℍ) {h : ℝ} (hH : h ∈ Γ.strictPeriods) : f (h +ᵥ τ) = f τ
identity	f		f x0 = g x0	{f g : ℕ → ℂ} (hf : abscissaOfAbsConv f < ⊤) (hg : abscissaOfAbsConv g < ⊤) (h : (fun x : ℝ ↦ LSeries f x) =ᶠ[atTop] fun x ↦ LSeries g x) {n : ℕ} (hn : n ≠ 0) : f n = g n
identity	f		f x0 = normEDS x1 x2 x3 x4	(n : ℤ) : f (normEDS b c d n) = normEDS (f b) (f c) (f d) n
identity	f		f x0 = preNormEDS x1 x2 x3 x4	(n : ℤ) : f (preNormEDS b c d n) = preNormEDS (f b) (f c) (f d) n
identity	f.norm		f.norm  = g.norm 	{f g : PadicSeq p} (h : f + g ≈ 0) : f.norm = g.norm
identity	f.pmul		f.pmul x0 = g.pmul x1	[CommMonoidWithZero R] (f g : ArithmeticFunction R) : f.pmul g = g.pmul f
identity	f.ppow		f.ppow x0 = f 	{f : ArithmeticFunction R} : f.ppow 1 = f
identity	f.ppow		f.ppow x0 = f.pmul x1	{f : ArithmeticFunction R} {k : ℕ} : f.ppow (k + 1) = f.pmul (f.ppow k)
identity	f.ppow		f.ppow x0 = ζ 	{f : ArithmeticFunction R} : f.ppow 0 = ζ
identity	f.toFun		f.toFun  = f 	(f : ArithmeticFunction R) : f.toFun = f
identity	f_int		f_int x0 x1 x2 x3 = f_nat x0 x1 x2 x4	(k : ℕ) {a : ℝ} (ha : 0 ≤ a) (t : ℝ) (n : ℕ) : f_int k a t (Int.ofNat n) = f_nat k a t n
identity	f_int		f_int x0 x1 x2 x3 = f_nat x0 x4 x2 x5	(k : ℕ) {a : ℝ} (ha : a ≤ 1) (t : ℝ) (n : ℕ) : f_int k a t (Int.negSucc n) = f_nat k (1 - a) t n
identity	factoredNumbers		factoredNumbers x0 = factoredNumbers x1	(s : Finset ℕ) {N : ℕ} (hN : ¬ N.Prime) : factoredNumbers (insert N s) = factoredNumbers s
identity	fermatNumber		fermatNumber x0 = 17 	: fermatNumber 2 = 17
identity	fermatNumber		fermatNumber x0 = 3 	: fermatNumber 0 = 3
identity	fermatNumber		fermatNumber x0 = 5 	: fermatNumber 1 = 5
identity	finGcdMap		finGcdMap x0 = r 	{v : Fin 2 → ℤ} (hab : finGcdMap v = r) (A : SL(2, ℤ)) : finGcdMap (v ᵥ* A.1) = r
identity	finrank		finrank x0 x1 = Units.rank x2	: finrank ℝ (logSpace K) = Units.rank K
identity	finrank		finrank x0 x1 = Units.rank x2	: finrank ℤ (unitLattice K) = Units.rank K
identity	finrank		finrank x0 x1 = finrank x0 x2	(I : (FractionalIdeal (𝓞 K)⁰ K)ˣ) : finrank ℤ I = finrank ℤ (𝓞 K)
identity	finrank		finrank x0 x1 = finrank x2 x3	[IsDomain S] [IsDedekindDomain R] [Algebra K L] [Algebra R L] [IsScalarTower R K L] [IsScalarTower R S L] [hp : p.IsMaximal] [Module.Finite R S] : finrank (R ⧸ p) (S ⧸ map (algebraMap R S) p) = finrank K L
identity	finrank		finrank x0 x1 = finrank x2 x3	: finrank ℝ (euclidean.mixedSpace K) = finrank ℚ K
identity	finrank		finrank x0 x1 = finrank x2 x3	[NumberField K] : finrank ℝ (mixedSpace K) = finrank ℚ K
identity	finrank		finrank x0 x1 = n.totient 	(hirr : Irreducible (cyclotomic n K)) : finrank K L = n.totient
identity	finrank		finrank x0 x1 = nrRealPlaces x1	[NumberField K] [h : IsTotallyReal K] : finrank ℚ K = nrRealPlaces K
identity	fromZetaAut		fromZetaAut x0 x1 x2 = μ 	: fromZetaAut hμ h (zeta n K L) = μ
identity	g		g x0 x1 = 0 	(hz : z ∈ 𝒟ᵒ) (hg : g • z ∈ 𝒟ᵒ) : g 1 0 = 0
identity	gammaFactor		gammaFactor x0 x1 = Gammaℝ x1	{χ : DirichletCharacter ℂ N} (hχ : χ.Even) (s : ℂ) : gammaFactor χ s = Gammaℝ s
identity	gammaFactor		gammaFactor x0 x1 = Gammaℝ x2	{χ : DirichletCharacter ℂ N} (hχ : χ.Odd) (s : ℂ) : gammaFactor χ s = Gammaℝ (s + 1)
identity	gaussSum		gaussSum x0 x1 = 0 	[IsDomain R] {χ : DirichletCharacter R N} (hχ : IsPrimitive χ) (he : ¬IsPrimitive e) : gaussSum χ e = 0
identity	harmonic		harmonic x0 = 0 	: harmonic 0 = 0
identity	hurwitzEvenFEPair		hurwitzEvenFEPair x0 = hurwitzEvenFEPair x1	(a : UnitAddCircle) : hurwitzEvenFEPair (-a) = hurwitzEvenFEPair a
identity	hurwitzZeta		hurwitzZeta x0 = riemannZeta 	: hurwitzZeta 0 = riemannZeta
identity	hurwitzZetaEven		hurwitzZetaEven x0 = riemannZeta 	: hurwitzZetaEven 0 = riemannZeta
identity	hurwitzZetaEven		hurwitzZetaEven x0 x1 = 0 	(a : UnitAddCircle) (n : ℕ) : hurwitzZetaEven a (-2 * (n + 1)) = 0
identity	hurwitzZetaEven		hurwitzZetaEven x0 x1 = hurwitzZetaEven x2 x1	(a : UnitAddCircle) (s : ℂ) : hurwitzZetaEven (-a) s = hurwitzZetaEven a s
identity	hurwitzZetaOdd		hurwitzZetaOdd x0 x1 = 0 	(a : UnitAddCircle) (n : ℕ) : hurwitzZetaOdd a (-2 * n - 1) = 0
identity	hζ.integralPowerBasis.dim		hζ.integralPowerBasis.dim  = φ x0	[IsCyclotomicExtension {n} ℚ K] (hζ : IsPrimitiveRoot ζ n) : hζ.integralPowerBasis.dim = φ n
identity	hζ.integralPowerBasis.gen		hζ.integralPowerBasis.gen  = hζ.toInteger 	[hcycl : IsCyclotomicExtension {n} ℚ K] (hζ : IsPrimitiveRoot ζ n) : hζ.integralPowerBasis.gen = hζ.toInteger
identity	hζ.integralPowerBasisOfPrimePow.dim		hζ.integralPowerBasisOfPrimePow.dim  = φ x0	[hcycl : IsCyclotomicExtension {p ^ k} ℚ K] (hζ : IsPrimitiveRoot ζ (p ^ k)) : hζ.integralPowerBasisOfPrimePow.dim = φ (p ^ k)
identity	hζ.integralPowerBasisOfPrimePow.gen		hζ.integralPowerBasisOfPrimePow.gen  = hζ.toInteger 	[hcycl : IsCyclotomicExtension {p ^ k} ℚ K] (hζ : IsPrimitiveRoot ζ (p ^ k)) : hζ.integralPowerBasisOfPrimePow.gen = hζ.toInteger
identity	hζ.toInteger.1		hζ.toInteger.1  = ζ 	{k : ℕ} [NeZero k] (hζ : IsPrimitiveRoot ζ k) : hζ.toInteger.1 = ζ
identity	hμ.autToPow		hμ.autToPow x0 x1 = modularCyclotomicCharacter x2 x3 x1	(n : ℕ) [NeZero n] (R : Type*) [CommRing R] [Algebra R L] {μ : L} (hμ : IsPrimitiveRoot μ n) (g : Gal(L/R)) : hμ.autToPow R g = modularCyclotomicCharacter L hμ.card_rootsOfUnity g
identity	i		i  = j 	{i j n} (i2n : i ≤ 2 * n) (j2n : j ≤ 2 * n) (h : xn a1 i ≡ xn a1 j [MOD xn a1 n]) (ntriv : a = 2 → n = 1 → (i = 0 → j ≠ 2) ∧ (i = 2 → j ≠ 0)) : i = j
identity	id		id x0 = x 	{x : ℕ} : id x = x
identity	image		image x0 x1 = n.divisors 	(n : ℕ) : image (fun x : ℕ => n / x) n.divisors = n.divisors
identity	inertiaDeg		inertiaDeg x0 x1 = 0 	[hp : p.IsMaximal] [hQ : Subsingleton (S ⧸ P)] : inertiaDeg p P = 0
identity	inertiaDeg		inertiaDeg x0 x1 = 1 	: inertiaDeg 𝒑 (span {hζ.toInteger - 1}) = 1
identity	inertiaDeg		inertiaDeg x0 x1 = 1 	(P : Ideal (𝓞 K)) [hP₁ : P.IsPrime] [hP₂ : P.LiesOver 𝒑] : inertiaDeg 𝒑 P = 1
identity	inertiaDeg		inertiaDeg x0 x1 = finrank x2 x3	[P.LiesOver p] [p.IsMaximal] : inertiaDeg p P = finrank (R ⧸ p) (S ⧸ P)
identity	inertiaDeg		inertiaDeg x0 x1 = inertiaDeg x0 x2	(e : S ≃ₐ[R] S₁) (P : Ideal S₁) [p.IsMaximal] : inertiaDeg p (P.comap e) = inertiaDeg p P
identity	inertiaDeg		inertiaDeg x0 x1 = inertiaDeg x0 x2	[p.IsMaximal] (P : Ideal S) {E : Type*} [EquivLike E S S₁] [AlgEquivClass E R S S₁] (e : E) : inertiaDeg p (P.map e) = inertiaDeg p P
identity	inertiaDeg		inertiaDeg x0 x1 = inertiaDeg x0 x2	[p.IsMaximal] : inertiaDeg p P = inertiaDeg p Q
identity	inertiaDeg		inertiaDeg x0 x1 = natDegree x2	(hp : ¬ p ∣ exponent θ) {Q : (ZMod p)[X]} (hQ : Q ∈ monicFactorsMod θ p) : inertiaDeg (span {(p : ℤ)}) ((primesOverSpanEquivMonicFactorsMod hp).symm ⟨Q, hQ⟩ : Ideal (𝓞 K)) = natDegree Q
identity	inertiaDeg		inertiaDeg x0 x1 = natDegree x2	(hp : ¬ p ∣ exponent θ) {Q : ℤ[X]} (hQ : Q.map (Int.castRingHom (ZMod p)) ∈ monicFactorsMod θ p) : inertiaDeg (span {(p : ℤ)}) ((primesOverSpanEquivMonicFactorsMod hp).symm ⟨Q.map (Int.castRingHom (ZMod p)), hQ⟩ : Ideal (𝓞 K)) = natDegree (Q.map (Int.castRingHom (ZMod p)))
identity	inertiaDeg		inertiaDeg x0 x1 = orderOf x2	(hm : ¬ p ∣ m) : inertiaDeg 𝒑 P = orderOf (p : ZMod m)
identity	inertiaDegIn		inertiaDegIn x0 x1 = inertiaDeg x0 x2	[p.IsMaximal] : inertiaDegIn p B = inertiaDeg p P
identity	inftyValuation		inftyValuation x0 x1 = 1 	{k : Fq} (hk : k ≠ 0) : inftyValuation Fq (RatFunc.C k) = 1
identity	inftyValuation		inftyValuation x0 x1 = exp x2	: inftyValuation Fq (1 / RatFunc.X) = exp (-1)
identity	inftyValuation		inftyValuation x0 x1 = exp x2	(m : ℤ) : inftyValuation Fq (RatFunc.X ^ m) = exp m
identity	inftyValuation		inftyValuation x0 x1 = exp x2	: inftyValuation Fq RatFunc.X = exp 1
identity	inftyValuation		inftyValuation x0 x1 = inftyValuationDef x0 x1	{x : RatFunc Fq} : inftyValuation Fq x = inftyValuationDef Fq x
identity	inftyValuationDef		inftyValuationDef x0 x1 = 0 	: inftyValuationDef Fq 0 = 0
identity	inftyValuationDef		inftyValuationDef x0 x1 = 1 	: inftyValuationDef Fq 1 = 1
identity	inftyValuationDef		inftyValuationDef x0 x1 = exp x2	{p : Fq[X]} (hp : p ≠ 0) : inftyValuationDef Fq (algebraMap Fq[X] (RatFunc Fq) p) = exp (p.natDegree : ℤ)
identity	inftyValuationDef		inftyValuationDef x0 x1 = exp x2	{x : RatFunc Fq} (hx : x ≠ 0) : inftyValuationDef Fq x = exp x.intDegree
identity	insert		insert x0 x1 = divisors x0	(h : n ≠ 0) : insert n (properDivisors n) = divisors n
identity	intEquiv		intEquiv x0 x1 = ringOfIntegersEquiv x1	(x : 𝓞 ℚ) : intEquiv (𝓞 ℚ) x = ringOfIntegersEquiv x
identity	intNorm		intNorm x0 x1 = mixedEmbedding.norm x2	(a : idealSet K J) : intNorm (idealSetEquiv K J a).val = mixedEmbedding.norm (a : mixedSpace K)
identity	integralBasis		integralBasis x0 x1 = algebraMap x2 x0 x3	(i : Free.ChooseBasisIndex ℤ (𝓞 K)) : integralBasis K i = algebraMap (𝓞 K) K (RingOfIntegers.basis K i)
identity	jacobiSum		jacobiSum x0 x1 = f x2	{R'' : Type*} [CommRing R''] (χ ψ : MulChar R R') (f : R' →+* R'') : jacobiSum (χ.ringHomComp f) (ψ.ringHomComp f) = f (jacobiSum χ ψ)
identity	jacobiSum		jacobiSum x0 x1 = jacobiSum x1 x0	(χ ψ : MulChar R R') : jacobiSum χ ψ = jacobiSum ψ χ
identity	jacobiSym		jacobiSym  = fastJacobiSym 	: jacobiSym = fastJacobiSym
identity	jacobiTheta		jacobiTheta x0 = jacobiTheta x1	(τ : ℂ) : jacobiTheta (2 + τ) = jacobiTheta τ
identity	jacobiTheta		jacobiTheta x0 = jacobiTheta x1	(τ : ℍ) : jacobiTheta (ModularGroup.T ^ 2 • τ :) = jacobiTheta τ
identity	jacobiTheta		jacobiTheta x0 = jacobiTheta₂ x1 x0	(τ : ℂ) : jacobiTheta τ = jacobiTheta₂ 0 τ
identity	jacobiTheta₂		jacobiTheta₂ x0 x1 = 0 	(z : ℂ) {τ : ℂ} (hτ : im τ ≤ 0) : jacobiTheta₂ z τ = 0
identity	jacobiTheta₂		jacobiTheta₂ x0 x1 = jacobiTheta₂ x0 x2	(z τ : ℂ) : jacobiTheta₂ z (τ + 2) = jacobiTheta₂ z τ
identity	jacobiTheta₂		jacobiTheta₂ x0 x1 = jacobiTheta₂ x2 x1	(z τ : ℂ) : jacobiTheta₂ (-z) τ = jacobiTheta₂ z τ
identity	jacobiTheta₂		jacobiTheta₂ x0 x1 = jacobiTheta₂ x2 x1	(z τ : ℂ) : jacobiTheta₂ (z + 1) τ = jacobiTheta₂ z τ
identity	jacobiTheta₂_fderiv		jacobiTheta₂_fderiv x0 x1 = 0 	(z : ℂ) {τ : ℂ} (hτ : im τ ≤ 0) : jacobiTheta₂_fderiv z τ = 0
identity	legendreSym		legendreSym  = fastLegendreSym 	: legendreSym = fastLegendreSym
identity	legendreSym		legendreSym x0 x1 = 0 	: legendreSym p 0 = 0
identity	legendreSym		legendreSym x0 x1 = 1 	{p : ℕ} [Fact (mersenne p).Prime] (hp : 3 ≤ p) : legendreSym (mersenne p) 2 = 1
identity	legendreSym		legendreSym x0 x1 = 1 	{a : ℤ} (ha : (a : ZMod p) ≠ 0) : legendreSym p (a ^ 2) = 1
identity	legendreSym		legendreSym x0 x1 = 1 	: legendreSym p 1 = 1
identity	legendreSym		legendreSym x0 x1 = 1 	{p : ℕ} [Fact p.Prime] {a : ℤ} (ha : (a : ZMod p) ≠ 0) {x y : ZMod p} (hx : x ≠ 0) (hxy : x ^ 2 - a * y ^ 2 = 0) : legendreSym p a = 1
identity	legendreSym		legendreSym x0 x1 = J x2	(p : ℕ) [fp : Fact p.Prime] (a : ℤ) : legendreSym p a = J(a | p)
identity	legendreSym		legendreSym x0 x1 = legendreSym x0 x2	(a : ℤ) : legendreSym p a = legendreSym p (a % p)
identity	legendreSym		legendreSym x0 x1 = legendreSym x1 x0	(hp : p % 4 = 1) (hq : q ≠ 2) : legendreSym q p = legendreSym p q
identity	legendreSym		legendreSym x0 x1 = χ₄ x0	(hp : p ≠ 2) : legendreSym p (-1) = χ₄ p
identity	legendreSym		legendreSym x0 x1 = χ₈ x0	(hp : p ≠ 2) : legendreSym p 2 = χ₈ p
identity	lift		lift x0 = g 	(g : R →+* ℤ_[p]) (hg : ∀ n, (toZModPow n).comp g = f n) : lift f_compat = g
identity	lift		lift x0 x1 = z 	(z : ℤ_[p]) : lift zmod_cast_comp_toZModPow z = z
identity	lift		lift x0 x1 x2 = φ x3	[Algebra k K] [Algebra.IsAlgebraic k K] (φ : k →+* ℂ) (x : k) : lift K φ (algebraMap k K x) = φ x
identity	limNthHom		limNthHom x0 x1 = 0 	: limNthHom f_compat 0 = 0
identity	limNthHom		limNthHom x0 x1 = 1 	: limNthHom f_compat 1 = 1
identity	log		log x0 = Real.log x0	{n : ℕ} : log n = Real.log n
identity	logEmbedding		logEmbedding x0 x1 = basisUnitLattice x0 x2	(i : Fin (rank K)) : logEmbedding K (Additive.ofMul (fundSystem K i)) = basisUnitLattice K i
identity	logEmbeddingEquiv		logEmbeddingEquiv x0 x1 = logEmbedding x0 x2	(x : (𝓞 K)ˣ) : logEmbeddingEquiv K (Additive.ofMul (QuotientGroup.mk x)) = logEmbedding K (Additive.ofMul x)
identity	logEmbeddingQuot		logEmbeddingQuot x0 x1 = logEmbedding x0 x2	(x : (𝓞 K)ˣ) : logEmbeddingQuot K (Additive.ofMul (QuotientGroup.mk x)) = logEmbedding K (Additive.ofMul x)
identity	logHeight		logHeight x0 = log x1	(x : α →₀ K) : logHeight x = log (mulHeight x)
identity	logHeight		logHeight x0 = logHeight x1	(x : ι → K) {c : K} (hc : c ≠ 0) : logHeight (c • x) = logHeight x
identity	logHeight₁		logHeight₁ x0 = 0 	: logHeight₁ (0 : K) = 0
identity	logHeight₁		logHeight₁ x0 = 0 	: logHeight₁ (1 : K) = 0
identity	logHeight₁		logHeight₁ x0 = log x1	(x : K) : logHeight₁ x = log (mulHeight₁ x)
identity	logHeight₁		logHeight₁ x0 = logHeight₁ x1	(x : K) : logHeight₁ (x⁻¹) = logHeight₁ x
identity	logMap		logMap x0 = 0 	: logMap (0 : mixedSpace K) = 0
identity	logMap		logMap x0 = 0 	: logMap (1 : mixedSpace K) = 0
identity	logMap		logMap x0 = 0 	(c : ℝ) : logMap (c • (1 : mixedSpace K)) = 0
identity	logMap		logMap x0 = logEmbedding x1 x2	(u : (𝓞 K)ˣ) : logMap (mixedEmbedding K u) = logEmbedding K (Additive.ofMul u)
identity	logMap		logMap x0 = logMap x1	(hx : mixedEmbedding.norm x ≠ 0) {c : ℝ} (hc : c ≠ 0) : logMap (c • x) = logMap x
identity	logMap		logMap x0 = logMap x1	(x : mixedSpace K) : logMap (mixedSpaceOfRealSpace (normAtAllPlaces x)) = logMap x
identity	logMap		logMap x0 = logMap x1	{ζ : (𝓞 K)ˣ} (hζ : ζ ∈ torsion K) : logMap (ζ • x) = logMap x
identity	logMap		logMap x0 = logMap x1	(h : ∀ w, normAtPlace w x = normAtPlace w y) : logMap x = logMap y
identity	mahler		mahler x0 x1 = Ring.choose x1 x0	(k : ℕ) (x : ℤ_[p]) : mahler k x = Ring.choose x k
identity	mahler		mahler x0 x1 = n.choose x0	(k n : ℕ) : mahler k (n : ℤ_[p]) = n.choose k
identity	map		map x0 x1 x2 = g x3	{α β} (f : α → β) (g : Poly α) (v) : map f g v = g (v ∘ f)
identity	max		max x0 x1 = log x2 x3	(n : ℕ) [hp : Fact p.Prime] : max (log p n) (padicValNat p (n + 1)) = log p (n + 1)
identity	maximalIdeal		maximalIdeal x0 = v 	(v : HeightOneSpectrum (𝓞 K)) : maximalIdeal (mk v) = v
identity	maximalIdeal		maximalIdeal x0 x1 = Ideal.span x2	: maximalIdeal ℤ_[p] = Ideal.span {(p : ℤ_[p])}
identity	mersenne		mersenne x0 = 0 	: mersenne 0 = 0
identity	minpoly		minpoly x0 x1 = minpoly x0 x2	(x : 𝓞 K) : minpoly ℤ (x : K) = minpoly ℤ x
identity	mixedEmbedding		mixedEmbedding x0 x1 = ringEquiv_mixedSpace x0 x2	{x : K} : mixedEmbedding K x = ringEquiv_mixedSpace K (algebraMap K _ x)
identity	mixedEmbedding.norm		mixedEmbedding.norm x0 = 1 	(u : (𝓞 K)ˣ) : mixedEmbedding.norm (mixedEmbedding K u) = 1
identity	mixedEmbedding.norm		mixedEmbedding.norm x0 = mixedEmbedding.norm x1	(x : mixedSpace K) : mixedEmbedding.norm (mixedSpaceOfRealSpace (normAtAllPlaces x)) = mixedEmbedding.norm x
identity	mixedEmbedding.norm		mixedEmbedding.norm x0 = mixedEmbedding.norm x1	[NumberField K] (x : mixedSpace K) : mixedEmbedding.norm (negAt s x) = mixedEmbedding.norm x
identity	mixedEmbedding.norm		mixedEmbedding.norm x0 = mixedEmbedding.norm x1	(u : (𝓞 K)ˣ) (x : mixedSpace K) : mixedEmbedding.norm (u • x) = mixedEmbedding.norm x
identity	mixedEmbedding.norm		mixedEmbedding.norm x0 = mixedEmbedding.norm x1	{x y : mixedSpace K} (h : ∀ w, normAtPlace w x = normAtPlace w y) : mixedEmbedding.norm x = mixedEmbedding.norm y
identity	mk		mk x0 = mk x1	(φ : K →+* ℂ) : mk (ComplexEmbedding.conjugate φ) = mk φ
identity	mk		mk x0 = w 	(w : InfinitePlace K) : mk (embedding w) = w
identity	mk		mk x0 = w 	(w : FinitePlace K) : mk (maximalIdeal w) = w
identity	mulHeight		mulHeight x0 = 1 	: mulHeight (0 : ι → K) = 1
identity	mulHeight		mulHeight x0 = 1 	: mulHeight (1 : ι → K) = 1
identity	mulHeight		mulHeight x0 = mulHeight x1	(x : ι → K) {c : K} (hc : c ≠ 0) : mulHeight (c • x) = mulHeight x
identity	mulHeight		mulHeight x0 = mulHeight x1	{ι' : Type*} (e : ι ≃ ι') (x : ι' → K) : mulHeight (x ∘ e) = mulHeight x
identity	mulHeight₁		mulHeight₁ x0 = 1 	: mulHeight₁ (0 : K) = 1
identity	mulHeight₁		mulHeight₁ x0 = 1 	: mulHeight₁ (1 : K) = 1
identity	mulHeight₁		mulHeight₁ x0 = mulHeight₁ x1	(x : K) : mulHeight₁ (x⁻¹) = mulHeight₁ x
identity	mult		mult x0 = 1 	[IsTotallyReal K] (w : InfinitePlace K) : mult w = 1
identity	mult		mult x0 = 1 	(w : {w : InfinitePlace K // IsReal w}) : mult w.1 = 1
identity	mult		mult x0 = 2 	[IsTotallyComplex K] (w : InfinitePlace K) : mult w = 2
identity	mult		mult x0 = 2 	(w : {w : InfinitePlace K // IsComplex w}) : mult w.1 = 2
identity	mult		mult x0 = mult x1	(h : IsUnramified k w) : mult (w.comap (algebraMap k K)) = mult w
identity	n		n  = 0 	{n : ℤ} (hz : z ∈ 𝒟ᵒ) (hg : T ^ n • z ∈ 𝒟ᵒ) : n = 0
identity	n.divisors.map		n.divisors.map x0 = n.divisorsAntidiagonal 	: n.divisors.map ⟨fun d => (d, n / d), fun _ _ => congr_arg Prod.fst⟩ = n.divisorsAntidiagonal
identity	n.divisors.map		n.divisors.map x0 = n.divisorsAntidiagonal 	: n.divisors.map ⟨fun d => (n / d, d), fun _ _ => congr_arg Prod.snd⟩ = n.divisorsAntidiagonal
identity	n.divisors.sup		n.divisors.sup x0 = n 	(n : ℕ) : n.divisors.sup id = n
identity	n.divisorsAntidiagonalList.reverse		n.divisorsAntidiagonalList.reverse  = n.divisorsAntidiagonalList.map x0	(n : ℕ) : n.divisorsAntidiagonalList.reverse = n.divisorsAntidiagonalList.map .swap
identity	n.divisorsAntidiagonalList.toFinset		n.divisorsAntidiagonalList.toFinset  = n.divisorsAntidiagonal 	{n : ℕ} : n.divisorsAntidiagonalList.toFinset = n.divisorsAntidiagonal
identity	natToArithmeticFunction		natToArithmeticFunction x0 = f 	(f : ArithmeticFunction ℕ) : natToArithmeticFunction f = f
identity	norm		norm x0 = 0 	: norm (0 : ℤ√d) = 0
identity	norm		norm x0 = 1 	: norm (1 : PadicSeq p) = 1
identity	norm		norm x0 = 1 	: norm (1 : ℤ√d) = 1
identity	norm		norm x0 = padicNorm x1 x2	(q : ℚ) : norm (const (padicNorm p) q) = padicNorm p q
identity	norm		norm x0 x1 = 1 	[IsCyclotomicExtension {n} K L] (hn : n ≠ 2) (hirr : Irreducible (cyclotomic n K)) : norm K (zeta n K L) = 1
identity	norm		norm x0 x1 = 1 	[IsDomain L] [IsCyclotomicExtension {n} K L] (hn : n ≠ 2) (hirr : Irreducible (cyclotomic n K)) : norm K ζ = 1
identity	norm		norm x0 x1 = 2 	{k : ℕ} (hk : 2 ≤ k) [IsCyclotomicExtension {2 ^ k} K L] (hirr : Irreducible (cyclotomic (2 ^ k) K)) : norm K (zeta (2 ^ k) K L - 1) = 2
identity	norm		norm x0 x1 = 2 	{k : ℕ} (hζ : IsPrimitiveRoot ζ (2 ^ k)) (hk : 2 ≤ k) [H : IsCyclotomicExtension {2 ^ k} K L] (hirr : Irreducible (cyclotomic (2 ^ k) K)) : norm K (ζ - 1) = 2
identity	norm		norm x0 x1 = 2 	{k : ℕ} {K : Type*} [Field K] {ζ : K} [CharZero K] [IsCyclotomicExtension {2 ^ (k + 2)} ℚ K] (hζ : IsPrimitiveRoot ζ (2 ^ (k + 2))) : norm ℤ (hζ.toInteger - 1) = 2
identity	norm		norm x0 x1 = Algebra.norm x0 x2	(x : 𝓞 L) : norm K x = Algebra.norm K (x : L)
identity	norm		norm x0 x1 = ite x2 x3 x4	[IsDomain L] [IsCyclotomicExtension {n} K L] (hirr : Irreducible (cyclotomic n K)) : norm K ζ = ite (n = 2) (-1) 1
identity	norm		norm x0 x1 = n.minFac 	(hn : IsPrimePow n) [IsCyclotomicExtension {n} K L] (hirr : Irreducible (cyclotomic n K)) (h : n ≠ 2) : norm K (zeta n K L - 1) = n.minFac
identity	norm		norm x0 x1 = n.minFac 	(hn : IsPrimePow n) [IsCyclotomicExtension {n} K L] (hirr : Irreducible (cyclotomic n K)) (h : n ≠ 2) : norm K (ζ - 1) = n.minFac
identity	norm		norm x0 x1 = norm x0 x2	[Algebra F L] [FiniteDimensional F L] [IsScalarTower K F L] (x : 𝓞 L) : norm K (norm F x) = norm K x
identity	norm		norm x0 x1 = p 	{k : ℕ} [Fact p.Prime] [IsCyclotomicExtension {p ^ (k + 1)} K L] (hirr : Irreducible (cyclotomic (p ^ (k + 1)) K)) (h : p ≠ 2) : norm K (zeta (p ^ (k + 1)) K L - 1) = p
identity	norm		norm x0 x1 = p 	[Fact p.Prime] [IsCyclotomicExtension {p} K L] (hirr : Irreducible (cyclotomic p K)) (h : p ≠ 2) : norm K (zeta p K L - 1) = p
identity	norm		norm x0 x1 = p 	[hpri : Fact p.Prime] [hcyc : IsCyclotomicExtension {p} K L] (hζ : IsPrimitiveRoot ζ p) (hirr : Irreducible (cyclotomic p K)) (h : p ≠ 2) : norm K (ζ - 1) = p
identity	normAtAllPlaces		normAtAllPlaces x0 = normAtAllPlaces x1	(x : mixedSpace K) : normAtAllPlaces (fun w ↦ ‖x.1 w‖, x.2) = normAtAllPlaces x
identity	normAtAllPlaces		normAtAllPlaces x0 = normAtAllPlaces x1	(x : mixedSpace K) : normAtAllPlaces (mixedSpaceOfRealSpace (normAtAllPlaces x)) = normAtAllPlaces x
identity	normAtAllPlaces		normAtAllPlaces x0 = normAtAllPlaces x1	{x y : mixedSpace K} (h : normAtComplexPlaces x = normAtComplexPlaces y) : normAtAllPlaces x = normAtAllPlaces y
identity	normAtAllPlaces		normAtAllPlaces x0 = x 	{x : realSpace K} (hx : ∀ w, 0 ≤ x w) : normAtAllPlaces (mixedSpaceOfRealSpace x) = x
identity	normAtAllPlaces		normAtAllPlaces x0 x1 = normAtPlace x1 x0	(x : mixedSpace K) (w : InfinitePlace K) : normAtAllPlaces x w = normAtPlace w x
identity	normAtAllPlaces		normAtAllPlaces x0 x1 = w x2	(x : K) (w : InfinitePlace K) : normAtAllPlaces (mixedEmbedding K x) w = w x
identity	normAtComplexPlaces		normAtComplexPlaces x0 = normAtAllPlaces x1	(x : mixedSpace K) : normAtComplexPlaces (mixedSpaceOfRealSpace (normAtAllPlaces x)) = normAtAllPlaces x
identity	normAtComplexPlaces		normAtComplexPlaces x0 = normAtComplexPlaces x1	[NumberField K] (x : polarSpace K) : normAtComplexPlaces ((polarSpaceCoord K).symm x) = normAtComplexPlaces (mixedSpaceOfRealSpace x.1)
identity	normAtComplexPlaces		normAtComplexPlaces x0 = x 	{x : realSpace K} (hx : ∀ w, IsComplex w → 0 ≤ x w) : normAtComplexPlaces (mixedSpaceOfRealSpace x) = x
identity	normAtComplexPlaces		normAtComplexPlaces x0 x1 = x.1 x1	{x : mixedSpace K} (w : {w // IsReal w}) : normAtComplexPlaces x w = x.1 w
identity	normAtPlace		normAtPlace x0 x1 = normAtPlace x0 x2	(w : InfinitePlace K) (x : mixedSpace K) : normAtPlace w (-x) = normAtPlace w x
identity	normAtPlace		normAtPlace x0 x1 = normAtPlace x0 x2	(x : mixedSpace K) (w : InfinitePlace K) : normAtPlace w (negAt s x) = normAtPlace w x
identity	normAtPlace		normAtPlace x0 x1 = w x2	(w : InfinitePlace K) (x : K) : normAtPlace w (mixedEmbedding K x) = w x
identity	normAtPlace		normAtPlace x0 x1 = x x0	{x : realSpace K} {w : InfinitePlace K} (hx : 0 ≤ x w) : normAtPlace w (mixedSpaceOfRealSpace x) = x w
identity	normEDS		normEDS x0 x1 x2 x3 = 0 	: normEDS b c d 0 = 0
identity	normEDS		normEDS x0 x1 x2 x3 = 1 	: normEDS b c d 1 = 1
identity	normEDS		normEDS x0 x1 x2 x3 = b 	: normEDS b c d 2 = b
identity	normEDS		normEDS x0 x1 x2 x3 = c 	: normEDS b c d 3 = c
identity	normalizedFactors		normalizedFactors x0 = Multiset.map x1 x2 x3	(hI : IsMaximal I) (hI' : I ≠ ⊥) (hx : (conductor R x).comap (algebraMap R S) ⊔ I = ⊤) (hx' : IsIntegral R x) : normalizedFactors (I.map (algebraMap R S)) = Multiset.map (fun f => ((normalizedFactorsMapEquivNormalizedFactorsMinPolyMk hI hI' hx hx').symm f : Ideal S)) (normalizedFactors (Polynomial.map (Ideal.Quotient.mk I) (minpoly R x))).attach
identity	nrComplexPlaces		nrComplexPlaces x0 = 0 	(h : finrank ℚ K = 1) : nrComplexPlaces K = 0
identity	nrRealPlaces		nrRealPlaces x0 = 0 	[NumberField K] [h : IsTotallyComplex K] : nrRealPlaces K = 0
identity	nrRealPlaces		nrRealPlaces x0 = 1 	(h : finrank ℚ K = 1) : nrRealPlaces K = 1
identity	nthHom		nthHom x0 x1 = 0 	: nthHom f 0 = 0
identity	oddKernel		oddKernel x0 x1 = 0 	(x : ℝ) : oddKernel 0 x = 0
identity	oddKernel		oddKernel x0 x1 = 0 	(a : UnitAddCircle) {x : ℝ} (hx : x ≤ 0) : oddKernel a x = 0
identity	ofInt		ofInt x0 = f 	(f : ArithmeticFunction ℤ) : ofInt f = f
identity	ofRootOfUnity		ofRootOfUnity x0 x1 x2 = ζ 	{ζ : Rˣ} (hζ : ζ ∈ rootsOfUnity (Fintype.card Mˣ) R) {g : Mˣ} (hg : ∀ x, x ∈ Subgroup.zpowers g) : ofRootOfUnity hζ hg g = ζ
identity	ofUnitHom		ofUnitHom x0 = equivToUnitHom.symm x0	(χ : Rˣ →* R'ˣ) : ofUnitHom χ = equivToUnitHom.symm χ
identity	orbitRelEquiv		orbitRelEquiv x0 = comap x1 x2	[IsGalois k K] (w : InfinitePlace K) : orbitRelEquiv (Quotient.mk'' w) = comap w (algebraMap k K)
identity	orderOf		orderOf x0 = 2 	: orderOf (complexConj K) = 2
identity	orderOf		orderOf x0 = 2 	(hσ : IsConj φ σ) (hσ' : σ ≠ 1) : orderOf σ = 2
identity	p.maxPowDiv		p.maxPowDiv x0 = emultiplicity x1 x0	{p n : ℕ} (hp : 1 < p) (hn : n ≠ 0) : p.maxPowDiv n = emultiplicity p n
identity	p.maxPowDiv		p.maxPowDiv x0 = multiplicity x1 x0	{p n : ℕ} (hp : 1 < p) (hn : n ≠ 0) (h : FiniteMultiplicity p n) : p.maxPowDiv n = multiplicity p n
identity	padic		padic x0 x1 = padicNorm x0 x1	(p : ℕ) [Fact p.Prime] (r : ℚ) : padic p r = padicNorm p r
identity	padicIntEquiv		padicIntEquiv x0 x1 = adicCompletion.padicEquiv x0 x1	(v : HeightOneSpectrum R) (x : v.adicCompletionIntegers ℚ) : padicIntEquiv v x = adicCompletion.padicEquiv v x
identity	padicNorm		padicNorm x0 x1 = 0 	: padicNorm p 0 = 0
identity	padicNorm		padicNorm x0 x1 = 1 	: padicNorm p 1 = 1
identity	padicNorm		padicNorm x0 x1 = 1 	{q : ℕ} [p_prime : Fact p.Prime] [q_prime : Fact q.Prime] (neq : p ≠ q) : padicNorm p q = 1
identity	padicNorm		padicNorm x0 x1 = max x2 x3	{q r : ℚ} (hne : padicNorm p q ≠ padicNorm p r) : padicNorm p (q + r) = max (padicNorm p q) (padicNorm p r)
identity	padicNorm		padicNorm x0 x1 = padicNorm x0 x2	(q : ℚ) : padicNorm p (-q) = padicNorm p q
identity	padicNorm		padicNorm x0 x1 = padicNorm x0 x2	{f : PadicSeq p} (hf : ¬f ≈ 0) (v2 v3 : ℕ) : padicNorm p (f (stationaryPoint hf)) = padicNorm p (f (max (stationaryPoint hf) (max v2 v3)))
identity	padicNorm		padicNorm x0 x1 = padicNorm x0 x2	{f : PadicSeq p} (hf : ¬f ≈ 0) (v1 v3 : ℕ) : padicNorm p (f (stationaryPoint hf)) = padicNorm p (f (max v1 (max (stationaryPoint hf) v3)))
identity	padicNorm		padicNorm x0 x1 = padicNorm x0 x2	{f : PadicSeq p} (hf : ¬f ≈ 0) (v1 v2 : ℕ) : padicNorm p (f (stationaryPoint hf)) = padicNorm p (f (max v1 (max v2 (stationaryPoint hf))))
identity	padicNorm		padicNorm x0 x1 = padicNorm x0 x2	{f g : PadicSeq p} (hf : ¬f ≈ 0) (hg : ¬g ≈ 0) (hfg : f ≈ g) : padicNorm p (f (stationaryPoint hf)) = padicNorm p (g (stationaryPoint hg))
identity	padicNormE		padicNormE x0 = padicNorm x1 x2	(q : ℚ) : padicNormE (q : ℚ_[p]) = padicNorm p q
identity	padicValInt		padicValInt x0 x0 = 1 	(hp : 1 < p) : padicValInt p p = 1
identity	padicValInt		padicValInt x0 x1 = 0 	: padicValInt p 0 = 0
identity	padicValInt		padicValInt x0 x1 = 0 	: padicValInt p 1 = 0
identity	padicValInt		padicValInt x0 x1 = 0 	{z : ℤ} (h : ¬(p : ℤ) ∣ z) : padicValInt p z = 0
identity	padicValInt		padicValInt x0 x1 = multiplicity x2 x1	{z : ℤ} (hp : p ≠ 1) (hz : z ≠ 0) : padicValInt p z = multiplicity (p : ℤ) z
identity	padicValInt		padicValInt x0 x1 = padicValNat x0 x1	{n : ℕ} : padicValInt p n = padicValNat p n
identity	padicValNat		padicValNat x0 x0 = 1 	(hp : 1 < p) : padicValNat p p = 1
identity	padicValNat		padicValNat x0 x1 = 0 	{q : ℕ} [hp : Fact p.Prime] [hq : Fact q.Prime] (n : ℕ) (neq : p ≠ q) : padicValNat p (q ^ n) = 0
identity	padicValNat		padicValNat x0 x1 = 0 	: padicValNat p 0 = 0
identity	padicValNat		padicValNat x0 x1 = 0 	: padicValNat p 1 = 0
identity	padicValNat		padicValNat x0 x1 = 0 	{m k : ℕ} (hm : m ∈ Set.Ioo (p * k) (p * (k + 1))) : padicValNat p m = 0
identity	padicValNat		padicValNat x0 x1 = 0 	{n : ℕ} (h : ¬p ∣ n) : padicValNat p n = 0
identity	padicValNat		padicValNat x0 x1 = 0 	{q : ℕ} [hp : Fact p.Prime] [hq : Fact q.Prime] (neq : p ≠ q) : padicValNat p q = 0
identity	padicValNat		padicValNat x0 x1 = emultiplicity x0 x1	[hp : Fact p.Prime] {n : ℕ} (hn : n ≠ 0) : padicValNat p n = emultiplicity p n
identity	padicValNat		padicValNat x0 x1 = m 	{q : ℕ} [hp : Fact p.Prime] [hq : Fact q.Prime] (n m : ℕ) (neq : q ≠ p) : padicValNat q (p ^ n * q ^ m) = m
identity	padicValNat		padicValNat x0 x1 = multiplicity x0 x1	[hp : Fact p.Prime] {n : ℕ} (hn : n ≠ 0) : padicValNat p n = multiplicity p n
identity	padicValNat		padicValNat x0 x1 = n 	{q : ℕ} [hp : Fact p.Prime] [hq : Fact q.Prime] (n m : ℕ) (neq : p ≠ q) : padicValNat p (p ^ n * q ^ m) = n
identity	padicValNat		padicValNat x0 x1 = n 	(n : ℕ) : padicValNat p (p ^ n) = n
identity	padicValNat		padicValNat x0 x1 = padicValNat x0 x2	{m : ℕ} (cpm : Coprime p m) {b : ℕ} (dvd : m ∣ b) : padicValNat p (b / m) = padicValNat p b
identity	padicValRat		padicValRat x0 x0 = 1 	(hp : 1 < p) : padicValRat p p = 1
identity	padicValRat		padicValRat x0 x1 = 0 	: padicValRat p 0 = 0
identity	padicValRat		padicValRat x0 x1 = 0 	: padicValRat p 1 = 0
identity	padicValRat		padicValRat x0 x1 = min x2 x3	{q r : ℚ} (hqr : q + r ≠ 0) (hq : q ≠ 0) (hr : r ≠ 0) (hval : padicValRat p q ≠ padicValRat p r) : padicValRat p (q + r) = min (padicValRat p q) (padicValRat p r)
identity	padicValRat		padicValRat x0 x1 = multiplicity x2 x3	{z : ℤ} (hp : p ≠ 1) (hz : z ≠ 0) : padicValRat p (z : ℚ) = multiplicity (p : ℤ) z
identity	padicValRat		padicValRat x0 x1 = padicValInt x0 x1	{z : ℤ} : padicValRat p z = padicValInt p z
identity	padicValRat		padicValRat x0 x1 = padicValNat x0 x1	{n : ℕ} : padicValRat p n = padicValNat p n
identity	padicValRat		padicValRat x0 x1 = padicValRat x0 x2	(q : ℚ) : padicValRat p (-q) = padicValRat p q
identity	padicValRat		padicValRat x0 x1 = padicValRat x0 x2	{q r : ℚ} (hqr : q + r ≠ 0) (hq : q ≠ 0) (hr : r ≠ 0) (hval : padicValRat p q < padicValRat p r) : padicValRat p (q + r) = padicValRat p q
identity	pdiv		pdiv x0 x1 = f 	[DivisionSemiring R] (f : ArithmeticFunction R) : pdiv f zeta = f
identity	place		place x0 = place x1	(φ : K →+* ℂ) : place (conjugate φ) = place φ
identity	pmul		pmul x0 x1 = pmul x2 x3	[SemigroupWithZero R] (f₁ f₂ f₃ : ArithmeticFunction R) : pmul (pmul f₁ f₂) f₃ = pmul f₁ (pmul f₂ f₃)
identity	pow		pow x0 = id 	: pow 1 = id
identity	pow		pow x0 = ζ 	: pow 0 = ζ
identity	preNormEDS		preNormEDS x0 x1 x2 x3 = 0 	: preNormEDS b c d 0 = 0
identity	preNormEDS		preNormEDS x0 x1 x2 x3 = 1 	: preNormEDS b c d 1 = 1
identity	preNormEDS		preNormEDS x0 x1 x2 x3 = 1 	: preNormEDS b c d 2 = 1
identity	preNormEDS		preNormEDS x0 x1 x2 x3 = c 	: preNormEDS b c d 3 = c
identity	preNormEDS		preNormEDS x0 x1 x2 x3 = d 	: preNormEDS b c d 4 = d
identity	preimageOfMemIntegerSet		preimageOfMemIntegerSet x0 = x 	{x : (𝓞 K)} (hx : mixedEmbedding K (x : 𝓞 K) ∈ integerSet K) : preimageOfMemIntegerSet (⟨mixedEmbedding K (x : 𝓞 K), hx⟩) = x
identity	primeCounting		primeCounting x0 = 0 	: primeCounting 0 = 0
identity	primeCounting		primeCounting x0 = 0 	: primeCounting 1 = 0
identity	primesBelow		primesBelow x0 = if x1 x2 x3 x4 x5 x6 x7 x4	(n : ℕ) : primesBelow (n + 1) = if n.Prime then insert n (primesBelow n) else primesBelow n
identity	proj		proj x0 x1 = x x0	(i : α) (x) : proj i x = x i
identity	q		q  = 0 	{q : ℚ} (h : padicNorm p q = 0) : q = 0
identity	qrSign		qrSign x0 x1 = qrSign x1 x0	{m n : ℕ} (hm : Odd m) (hn : Odd n) : qrSign m n = qrSign n m
identity	quadraticChar		quadraticChar x0 x1 = 0 	: quadraticChar F 0 = 0
identity	quadraticChar		quadraticChar x0 x1 = 1 	{a : F} (ha : a ≠ 0) : quadraticChar F (a ^ 2) = 1
identity	quadraticChar		quadraticChar x0 x1 = 1 	(hF : ringChar F = 2) {a : F} (ha : a ≠ 0) : quadraticChar F a = 1
identity	quadraticChar		quadraticChar x0 x1 = quadraticChar x2 x3	[DecidableEq F] (hF : ringChar F ≠ 2) {p : ℕ} [Fact p.Prime] (hp₁ : p ≠ 2) (hp₂ : ringChar F ≠ p) : quadraticChar F p = quadraticChar (ZMod p) (χ₄ (Fintype.card F) * Fintype.card F)
identity	quadraticChar		quadraticChar x0 x1 = χ₄ x2	[DecidableEq F] (hF : ringChar F ≠ 2) : quadraticChar F (-1) = χ₄ (Fintype.card F)
identity	quadraticChar		quadraticChar x0 x1 = χ₈ x2	[DecidableEq F] (hF : ringChar F ≠ 2) : quadraticChar F 2 = χ₈ (Fintype.card F)
identity	quadraticCharFun		quadraticCharFun x0 x1 = 0 	: quadraticCharFun F 0 = 0
identity	quadraticCharFun		quadraticCharFun x0 x1 = 1 	: quadraticCharFun F 1 = 1
identity	quadraticCharFun		quadraticCharFun x0 x1 = 1 	(hF : ringChar F = 2) {a : F} (ha : a ≠ 0) : quadraticCharFun F a = 1
identity	quotIntNorm		quotIntNorm x0 = intNorm x1	(a : integerSet K) : quotIntNorm ⟦a⟧ = intNorm a
identity	quotientToQuotientRangePowQuotSucc		quotientToQuotientRangePowQuotSucc x0 x1 x2 x3 = Submodule.Quotient.mk x4	{i : ℕ} {a : S} (a_mem : a ∈ P ^ i) (x : S) : quotientToQuotientRangePowQuotSucc p P a_mem (Submodule.Quotient.mk x) = Submodule.Quotient.mk ⟨_, Ideal.mem_map_of_mem _ (Ideal.mul_mem_right x _ a_mem)⟩
identity	quotientToQuotientRangePowQuotSuccAux		quotientToQuotientRangePowQuotSuccAux x0 x1 x2 x3 = Submodule.Quotient.mk x4	{i : ℕ} {a : S} (a_mem : a ∈ P ^ i) (x : S) : quotientToQuotientRangePowQuotSuccAux p P a_mem (Submodule.Quotient.mk x) = Submodule.Quotient.mk ⟨_, Ideal.mem_map_of_mem _ (Ideal.mul_mem_right x _ a_mem)⟩
identity	ramificationIdx		ramificationIdx x0 x1 x2 = 0 	(h : ¬map f p ≤ P) : ramificationIdx f p P = 0
identity	ramificationIdx		ramificationIdx x0 x1 x2 = 1 	[Algebra R S] {p : Ideal R} {P : Ideal S} [P.IsPrime] [IsNoetherianRing S] (hpP : map (algebraMap R S) p ≤ P) (hp : P ≠ ⊥) (hp' : P.primeCompl ≤ nonZeroDivisors S) (H : p.map (algebraMap R (Localization.AtPrime P)) = maximalIdeal (Localization.AtPrime P)) : ramificationIdx (algebraMap R S) p P = 1
identity	ramificationIdx		ramificationIdx x0 x1 x2 = 1 	(hm : ¬ p ∣ m) : ramificationIdx (algebraMap ℤ (𝓞 K)) 𝒑 P = 1
identity	ramificationIdx		ramificationIdx x0 x1 x2 = 1 	[IsDedekindDomain S] (h₁ : map f p ≠ ⊤) (h₂ : map f p ≠ ⊥) : ramificationIdx f p (map f p) = 1
identity	ramificationIdx		ramificationIdx x0 x1 x2 = Nat.find x3	[DecidablePred fun n ↦ ∀ (k : ℕ), map f p ≤ P ^ k → k ≤ n] (h : ∃ n, ∀ k, map f p ≤ P ^ k → k ≤ n) : ramificationIdx f p P = Nat.find h
identity	ramificationIdx		ramificationIdx x0 x1 x2 = multiplicity x2 x3	(hp : map f p ≠ ⊥) (hP : P.IsPrime) : ramificationIdx f p P = multiplicity P (Ideal.map f p)
identity	ramificationIdx		ramificationIdx x0 x1 x2 = multiplicity x3 x4	(hp : ¬ p ∣ exponent θ) {Q : (ZMod p)[X]} (hQ : Q ∈ monicFactorsMod θ p) : ramificationIdx (algebraMap ℤ (𝓞 K)) (span {(p : ℤ)}) ((primesOverSpanEquivMonicFactorsMod hp).symm ⟨Q, hQ⟩ : Ideal (𝓞 K)) = multiplicity Q ((minpoly ℤ θ).map (Int.castRingHom (ZMod p)))
identity	ramificationIdx		ramificationIdx x0 x1 x2 = multiplicity x3 x4	(hp : ¬ p ∣ exponent θ) {Q : ℤ[X]} (hQ : Q.map (Int.castRingHom (ZMod p)) ∈ monicFactorsMod θ p) : ramificationIdx (algebraMap ℤ (𝓞 K)) (span {(p : ℤ)}) ((primesOverSpanEquivMonicFactorsMod hp).symm ⟨Q.map (Int.castRingHom (ZMod p)), hQ⟩ : Ideal (𝓞 K)) = multiplicity (Q.map (Int.castRingHom (ZMod p))) ((minpoly ℤ θ).map (Int.castRingHom (ZMod p)))
identity	ramificationIdx		ramificationIdx x0 x1 x2 = n 	{n : ℕ} (hle : map f p ≤ P ^ n) (hgt : ¬map f p ≤ P ^ (n + 1)) : ramificationIdx f p P = n
identity	ramificationIdx		ramificationIdx x0 x1 x2 = ramificationIdx x0 x1 x3	: ramificationIdx (algebraMap A B) p P = ramificationIdx (algebraMap A B) p Q
identity	ramificationIdx		ramificationIdx x0 x1 x2 = ramificationIdx x3 x1 x4	[Algebra R S] (e : S ≃ₐ[R] S₁) (P : Ideal S₁) : ramificationIdx (algebraMap R S) p (P.comap e) = ramificationIdx (algebraMap R S₁) p P
identity	ramificationIdx		ramificationIdx x0 x1 x2 = ramificationIdx x3 x1 x4	[Algebra R S] {E : Type*} [EquivLike E S S₁] [AlgEquivClass E R S S₁] (P : Ideal S) (e : E) : ramificationIdx (algebraMap R S₁) p (P.map e) = ramificationIdx (algebraMap R S) p P
identity	ramificationIdxIn		ramificationIdxIn x0 x1 = ramificationIdx x2 x0 x3	: ramificationIdxIn p B = ramificationIdx (algebraMap A B) p P
identity	realSpaceToLogSpace		realSpaceToLogSpace x0 = 0 	: realSpaceToLogSpace (completeFamily K w₀) = 0
identity	realSpaceToLogSpace		realSpaceToLogSpace x0 = basisUnitLattice x1 x2	(i : {w : InfinitePlace K // w ≠ w₀}) : realSpaceToLogSpace (completeFamily K i) = basisUnitLattice K (equivFinRank.symm i)
identity	realSpaceToLogSpace		realSpaceToLogSpace x0 = logMap x1	{x : K} (hx : x ≠ 0) : realSpaceToLogSpace (expMap.symm (normAtAllPlaces (mixedEmbedding K x))) = logMap (mixedEmbedding K x)
identity	regOfFamily		regOfFamily x0 = 0 	{u : Fin (rank K) → (𝓞 K)ˣ} (hu : ¬ IsMaxRank u) : regOfFamily u = 0
identity	regOfFamily		regOfFamily x0 = ZLattice.covolume x1	{u : Fin (rank K) → (𝓞 K)ˣ} (hu : IsMaxRank u) : regOfFamily u = ZLattice.covolume (span ℤ (Set.range (basisOfIsMaxRank hu)))
identity	regulator		regulator x0 = regOfFamily x1	: regulator K = regOfFamily (fundSystem K)
identity	residueClass		residueClass x0 x1 = 0 	: residueClass a 0 = 0
identity	riemannZeta		riemannZeta x0 = 0 	(n : ℕ) : riemannZeta (-2 * (n + 1)) = 0
identity	rootNumber		rootNumber x0 = 1 	(χ : DirichletCharacter ℂ 1) : rootNumber χ = 1
identity	rootsOfUnity		rootsOfUnity x0 x1 = torsion x2	: rootsOfUnity (torsionOrder K) (𝓞 K) = torsion K
identity	rootsOfUnityMapQuot		rootsOfUnityMapQuot x0 x1 x2 = Ideal.Quotient.mk x0 x3	(n : ℕ) {x : (𝓞 K)ˣ} (hx : x ∈ rootsOfUnity n (𝓞 K)) : rootsOfUnityMapQuot I n ⟨x, hx⟩ = Ideal.Quotient.mk I x
identity	s		s  = t 	{s t : ℝ} (hfm : f m = m ^ s) (hfn : f n = n ^ t) : s = t
identity	sModNatTR		sModNatTR x0 x1 = sModNat x0 x1	(q i : ℕ) : sModNatTR q i = sModNat q i
identity	sModNat_aux		sModNat_aux x0 x1 x2 = sModNat x1 x2	(q k : ℕ) : sModNat_aux (4 % q) q k = sModNat q k
identity	setGcd		setGcd x0 = setGcd x1	(h : setGcd s ∣ n) : setGcd (insert n s) = setGcd s
identity	sinKernel		sinKernel x0 x1 = 0 	(x : ℝ) : sinKernel 0 x = 0
identity	sinKernel		sinKernel x0 x1 = 0 	(a : UnitAddCircle) {x : ℝ} (hx : x ≤ 0) : sinKernel a x = 0
identity	sinZeta		sinZeta x0 x1 = 0 	(a : UnitAddCircle) (n : ℕ) : sinZeta a (-2 * n - 1) = 0
identity	smoothNumbers		smoothNumbers x0 = factoredNumbers x1	(n : ℕ) : smoothNumbers n = factoredNumbers (Finset.range n)
identity	smoothNumbers		smoothNumbers x0 = factoredNumbers x1	(n : ℕ) : smoothNumbers n = factoredNumbers n.primesBelow
identity	strictPeriods		strictPeriods x0 = AddSubgroup.zmultiples x1	(N : ℕ) : strictPeriods (Gamma0 N : Subgroup (GL (Fin 2) ℝ)) = AddSubgroup.zmultiples 1
identity	strictPeriods		strictPeriods x0 = AddSubgroup.zmultiples x1	(N : ℕ) : strictPeriods (Gamma1 N : Subgroup (GL (Fin 2) ℝ)) = AddSubgroup.zmultiples 1
identity	strictPeriods		strictPeriods x0 = AddSubgroup.zmultiples x1	{Γ : Subgroup SL(2, ℤ)} (hΓ : ModularGroup.T ∈ Γ) : strictPeriods (Γ : Subgroup (GL (Fin 2) ℝ)) = AddSubgroup.zmultiples 1
identity	strictPeriods		strictPeriods x0 = AddSubgroup.zmultiples x1	: strictPeriods 𝒮ℒ = AddSubgroup.zmultiples 1
identity	strictWidthInfty		strictWidthInfty x0 = 1 	(N : ℕ) : strictWidthInfty (Gamma0 N : Subgroup (GL (Fin 2) ℝ)) = 1
identity	strictWidthInfty		strictWidthInfty x0 = 1 	(N : ℕ) : strictWidthInfty (Gamma1 N : Subgroup (GL (Fin 2) ℝ)) = 1
identity	strictWidthInfty		strictWidthInfty x0 = 1 	{Γ : Subgroup SL(2, ℤ)} (hΓ : ModularGroup.T ∈ Γ) : strictWidthInfty (Γ : Subgroup (GL (Fin 2) ℝ)) = 1
identity	strictWidthInfty		strictWidthInfty x0 = 1 	: strictWidthInfty 𝒮ℒ = 1
identity	strictWidthInfty		strictWidthInfty x0 = N 	(N : ℕ) [NeZero N] : strictWidthInfty (Gamma N : Subgroup (GL (Fin 2) ℝ)) = N
identity	t		t  = 1 	{t : ℝ} (h : (w ·) ^ t = v) : t = 1
identity	term		term x0 x1 x2 = 0 	(f : ℕ → ℂ) (s : ℂ) : term f s 0 = 0
identity	term		term x0 x1 x2 = term x3 x1 x2	{f g : ℕ → ℂ} (h : ∀ {n}, n ≠ 0 → f n = g n) (s : ℂ) (n : ℕ) : term f s n = term g s n
identity	toArithmeticFunction		toArithmeticFunction x0 = f 	{R : Type*} [Zero R] (f : ArithmeticFunction R) : toArithmeticFunction f = f
identity	toNNReal		toNNReal x0 x1 = adicAbv x2 x3	(x : WithVal (v.valuation K)) : toNNReal (absNorm_ne_zero v) (Valued.v x) = adicAbv v x
identity	toUnitHom		toUnitHom x0 = equivToUnitHom x0	(χ : MulChar R R') : toUnitHom χ = equivToUnitHom χ
identity	toZMod		toZMod x0 = residueField.toRingHom.comp x1	: toZMod (p := p) = residueField.toRingHom.comp (IsLocalRing.residue _)
identity	torsionMapQuot		torsionMapQuot x0 x1 = Ideal.Quotient.mk x0 x2	{x : (𝓞 K)ˣ} (hx : x ∈ torsion K) : torsionMapQuot I ⟨x, hx⟩ = Ideal.Quotient.mk I x
identity	torsionOrder		torsionOrder x0 = 2 	(h : Odd (Module.finrank ℚ K)) : torsionOrder K = 2
identity	v		v x0 = n 	(v : InfinitePlace K) (n : ℕ) : v n = n
identity	v		v x0 = v.1 x0	(v : InfinitePlace K) (x : K) : v x = v.1 x
identity	v		v x0 = v.val x0	(v : FinitePlace K) (x : K) : v x = v.val x
identity	valuation		valuation x0 = 0 	: valuation (0 : ℚ_[p]) = 0
identity	valuation		valuation x0 = 0 	: valuation (0 : ℤ_[p]) = 0
identity	valuation		valuation x0 = 0 	: valuation (1 : ℚ_[p]) = 0
identity	valuation		valuation x0 = 0 	: valuation (1 : ℤ_[p]) = 0
identity	valuation		valuation x0 = 1 	: valuation (p : ℚ_[p]) = 1
identity	valuation		valuation x0 = 1 	: valuation (p : ℤ_[p]) = 1
identity	valuation		valuation x0 = padicValInt x1 x2	(n : ℤ) : valuation (n : ℚ_[p]) = padicValInt p n
identity	valuation		valuation x0 = padicValNat x1 x2	(n : ℕ) : valuation (n : ℚ_[p]) = padicValNat p n
identity	valuation		valuation x0 = padicValNat x1 x2	(n : ℕ) [n.AtLeastTwo] : valuation (ofNat(n) : ℚ_[p]) = padicValNat p n
identity	valuation		valuation x0 = padicValRat x1 x2	(q : ℚ) : valuation (q : ℚ_[p]) = padicValRat p q
identity	valueAtInfty		valueAtInfty x0 = 0 	{f : ℍ → ℂ} (hf : IsZeroAtImInfty f) : valueAtInfty f = 0
identity	volume		volume x0 = 0 	{B} (hB : B ≤ 0) : volume (convexBodySum K B) = 0
identity	volume		volume x0 = 0 	: volume (frontier (normLeOne K)) = 0
identity	volume		volume x0 = 0 	(w : {w // IsReal w}) : volume ({x : mixedSpace K | x.1 w = 0}) = 0
identity	volume		volume x0 = 0 	[NumberField K] (w : InfinitePlace K) : volume ({x : realSpace K | x w = 0}) = 0
identity	volume		volume x0 = 0 	: volume (⋃ (p : ℝ) (_hp : 2 < p), { x : ℝ | LiouvilleWith p x }) = 0
identity	volume		volume x0 = 0 	: volume { x : ℝ | Liouville x } = 0
identity	volume		volume x0 = 1 	: volume (fundamentalDomain (stdBasis K)) = 1
identity	volume		volume x0 = volume x1	: volume (interior (normLeOne K)) = volume (closure (normLeOne K))
identity	volume		volume x0 = volume x1	(hm : MeasurableSet A) : volume (negAt s '' (plusPart A)) = volume (plusPart A)
identity	v₁		v₁  = v₂ 	(v₁ v₂ : InfinitePlace K) (h : ∀ k, v₁ k = v₂ k) : v₁ = v₂
identity	w		w x0 = v x1	{v : InfinitePlace k} {w : InfinitePlace K} {f : k →+* K} (h : w.comap f = v) (x : k) : w (f x) = v x
identity	w		w x0 = w x1	(w : InfinitePlace K) (x : K) : w (complexConj K x) = w x
identity	w.comap		w.comap x0 = v 	: w.comap (algebraMap K L) = v
identity	w.comap		w.comap x0 = w 	(w : InfinitePlace K) : w.comap (RingHom.id K) = w
identity	w.comap		w.comap x0 x1 = w x2	(w : InfinitePlace K) (f : k →+* K) (x : k) : w.comap f x = w (f x)
identity	x		x  = y 	{x y : X q} (h₁ : x.1 = y.1) (h₂ : x.2 = y.2) : x = y
identity	x.norm		x.norm  = y.norm 	{d : ℤ} (hd : d ≤ 0) {x y : ℤ√d} (h : Associated x y) : x.norm = y.norm
identity	x.zmodRepr		x.zmodRepr  = 0 	{x : ℤ_[p]} (hx : (p : ℤ_[p]) ∣ x) : x.zmodRepr = 0
identity	xn		xn x0 x1 = 1 	: xn a1 0 = 1
identity	xn		xn x0 x1 = a 	: xn a1 1 = a
identity	yn		yn x0 x1 = 0 	: yn a1 0 = 0
identity	yn		yn x0 x1 = 1 	: yn a1 1 = 1
identity	z		z  = soln 	(z : ℤ_[p]) (hev : F.aeval z = 0) (hnlt : ‖z - a‖ < ‖F.derivative.aeval a‖) : z = soln
identity	z.divisorsAntidiag.map		z.divisorsAntidiag.map x0 x1 = z.divisorsAntidiag 	: z.divisorsAntidiag.map (Equiv.neg _).toEmbedding = z.divisorsAntidiag
identity	z.divisorsAntidiag.map		z.divisorsAntidiag.map x0 x1 = z.divisorsAntidiag 	: z.divisorsAntidiag.map (Equiv.prodComm _ _).toEmbedding = z.divisorsAntidiag
identity	zmodRepr		zmodRepr x0 = n 	{n : ℕ} (hn : n < p) : zmodRepr (n : ℤ_[p]) = n
identity	zmodRepr		zmodRepr x0 = ofNat x1	{n : ℕ} (hn : ofNat(n) < p) : zmodRepr (ofNat(n) : ℤ_[p]) = ofNat(n)
identity	zmodRepr		zmodRepr x0 = y 	(y : ℕ) (hy₁ : y < p) (hy₂ : x - y ∈ maximalIdeal ℤ_[p]) : zmodRepr x = y
identity	Λ		Λ x0 = 0 	: Λ 1 = 0
identity	Λ		Λ x0 = Real.log x0	{p : ℕ} (hp : p.Prime) : Λ p = Real.log p
identity	Λ		Λ x0 = if x1 x0 x2 x3 x4 x5 x6	{n : ℕ} : Λ n = if IsPrimePow n then Real.log (minFac n) else 0
identity	Λ		Λ x0 = Λ x1	{n k : ℕ} (hk : k ≠ 0) : Λ (n ^ k) = Λ n
identity	Ω		Ω x0 = 0 	: Ω 0 = 0
identity	Ω		Ω x0 = 0 	: Ω 1 = 0
identity	Ω		Ω x0 = 1 	{p : ℕ} (hp : p.Prime) : Ω p = 1
identity	Ω		Ω x0 = k 	{p k : ℕ} (hp : p.Prime) : Ω (p ^ k) = k
identity	Ω		Ω x0 = n.primeFactorsList.length 	{n : ℕ} : Ω n = n.primeFactorsList.length
identity	ζ		ζ x0 = 1 	{x : ℕ} (h : x ≠ 0) : ζ x = 1
identity	θ		θ x0 = 0 	{x : ℝ} (hx : x < 2) : θ x = 0
identity	θ		θ x0 = log x1	(x : ℝ) : θ x = log (primorial ⌊x⌋₊)
identity	κ		κ  = addChar_of_value_at_one x0 x1	{r : R} (hr : Tendsto (r ^ ·) atTop (𝓝 0)) {κ : AddChar ℤ_[p] R} (hκ : Continuous κ) (hκ' : κ 1 = 1 + r) : κ = addChar_of_value_at_one r hr
identity	μ		μ x0 = 0 	{n : ℕ} (h : ¬Squarefree n) : μ n = 0
identity	μ		μ x0 = 1 	: μ 1 = 1
identity	σ		σ  = τ 	{φ ψ : K →+* ℂ} {σ τ : K ≃ₐ[K⁺] K} (hφ : IsConj φ σ) (hψ : IsConj ψ τ) : σ = τ
identity	σ		σ x0 = starRingEnd x1	: σ J = starRingEnd ℂ
identity	σ		σ x0 = x 	(hσ : IsConj φ σ) (x : K) : σ (σ x) = x
identity	σ		σ x0 x1 = 1 	(k : ℕ) : σ k 1 = 1
identity	σ₁		σ₁  = σ₂ 	{σ₁ σ₂ : Gal(K/k)} (h₁ : IsConj φ σ₁) (h₂ : IsConj φ σ₂) : σ₁ = σ₂
identity	φ		φ x0 = conj x1	(φ : K →+* ℂ) (x : K) : φ (complexConj K x) = conj (φ x)
identity	φ		φ x0 = star x1	(h : IsConj φ σ) (x) : φ (σ x) = star (φ x)
identity	φ.1.comp		φ.1.comp x0 = ψ 	: φ.1.comp (algebraMap K L) = ψ
identity	χ		χ  = 1 	(hn : n = 1) : χ = 1
identity	χ		χ  = changeLevel x0 x1	{d : ℕ} (h : FactorsThrough χ d) : χ = changeLevel h.dvd h.χ₀
identity	χ		χ x0 = 0 	{R : Type*} [CommMonoidWithZero R] [Nontrivial R] (χ : MulChar R R') : χ (0 : R) = 0
identity	χ		χ x0 = 0 	{R : Type*} [CommSemiring R] [Nontrivial R] (χ : MulChar R R') : χ (ringChar R) = 0
identity	χ		χ x0 = 0 	(hn : n ≠ 1) : χ 0 = 0
identity	χ		χ x0 = 0 	(χ : MulChar R R') {a : R} (ha : ¬IsUnit a) : χ a = 0
identity	χ		χ x0 = 1 	{χ : MulChar R R'} {n : ℕ} (hn : Odd n) (hχ : χ ^ n = 1) : χ (-1) = 1
identity	χ		χ x0 = 1 	(χ : MulChar R R') : χ (1 : R) = 1
identity	χ		χ x0 = toArithmeticFunction x1 x0	{N : ℕ} {R : Type*} [CommMonoidWithZero R] (χ : DirichletCharacter R N) {n : ℕ} (hn : n ≠ 0) : χ n = toArithmeticFunction (χ ·) n
identity	χ		χ x0 = χ x1	(x : ZMod n) : χ (n - x) = χ (-x)
identity	χ		χ x0 = χ.toUnitHom x1	{a : ZMod n} (ha : IsUnit a) : χ a = χ.toUnitHom ha.unit
identity	χ.primitive_mul		χ.primitive_mul x0 = primitiveCharacter x1	{n m : ℕ} {χ : DirichletCharacter R n} {ψ : DirichletCharacter R m} : χ.primitive_mul ψ = primitiveCharacter (mul χ ψ)
identity	χ.toMonoidHom		χ.toMonoidHom x0 = χ x0	(χ : MulChar R R') (x : R) : χ.toMonoidHom x = χ x
identity	χ₀		χ₀ x0 x1 = 1 	: χ₀ n (RingEquiv.refl L) = 1
identity	χ₄		χ₄ x0 = 1 	{n : ℕ} (hn : n % 4 = 1) : χ₄ n = 1
identity	χ₄		χ₄ x0 = χ₄ x1	(n : ℕ) : χ₄ n = χ₄ (n % 4 : ℕ)
identity	χ₄		χ₄ x0 = χ₄ x1	(n : ℤ) : χ₄ n = χ₄ (n % 4 : ℤ)
identity	χ₈		χ₈ x0 = χ₈ x1	(n : ℕ) : χ₈ n = χ₈ (n % 8 : ℕ)
identity	χ₈		χ₈ x0 = χ₈ x1	(n : ℤ) : χ₈ n = χ₈ (n % 8 : ℤ)
identity	ψ		ψ x0 = 0 	{x : ℝ} (hx : x < 2) : ψ x = 0
identity	ψ		ψ x0 = ψ x1	(x : ZMod m) (hψ : ψ.Even) : ψ (-x) = ψ x
identity	ψ.toUnitHom		ψ.toUnitHom x0 = 1 	(hψ : ψ.Even) : ψ.toUnitHom (-1) = 1
identity	ω		ω x0 = 0 	: ω 0 = 0
identity	ω		ω x0 = 0 	: ω 1 = 0
identity	ω		ω x0 = 1 	{p k : ℕ} (hp : p.Prime) (hk : k ≠ 0) : ω (p ^ k) = 1
identity	ω		ω x0 = 1 	{p : ℕ} (hp : p.Prime) : ω p = 1
identity	ω		ω x0 = n.primeFactorsList.dedup.length 	{n : ℕ} : ω n = n.primeFactorsList.dedup.length
identity	𝒑.inertiaDegIn		𝒑.inertiaDegIn x0 = 1 	: 𝒑.inertiaDegIn (𝓞 K) = 1
identity	𝒑.inertiaDegIn		𝒑.inertiaDegIn x0 = orderOf x1	(hm : ¬ p ∣ m) : 𝒑.inertiaDegIn (𝓞 K) = orderOf (p : ZMod m)
identity	𝒑.ramificationIdxIn		𝒑.ramificationIdxIn x0 = 1 	(hm : ¬ p ∣ m) : 𝒑.ramificationIdxIn (𝓞 K) = 1
identity	𝒢.periods		𝒢.periods  = AddSubgroup.zmultiples x0	[DiscreteTopology 𝒢.periods] : 𝒢.periods = AddSubgroup.zmultiples 𝒢.widthInfty
identity	𝒢.relIndex		𝒢.relIndex x0 = 2 	{𝒢 : Subgroup (GL n R)} (h𝒢 : -1 ∉ 𝒢) : 𝒢.relIndex 𝒢.adjoinNegOne = 2
identity	𝒢.strictPeriods		𝒢.strictPeriods  = AddSubgroup.zmultiples x0	[DiscreteTopology 𝒢.strictPeriods] : 𝒢.strictPeriods = AddSubgroup.zmultiples 𝒢.strictWidthInfty
identity	𝒢.strictPeriods		𝒢.strictPeriods  = 𝒢.periods 	(h : 𝒢.IsRegularAtInfty) : 𝒢.strictPeriods = 𝒢.periods
