# Content addresses of the returns under `output/`, which git does not track.
# Regenerate: python3 tools/output_manifest.py
# Verify:     python3 tools/output_manifest.py --check
# 685 artifacts, 217735110 bytes.
sha256	bytes	path
318f5bdb9ba92f7d2a59d217e69fd56b0627389a6ed3429091b2787cdf520b5e	149	output/agentic-research-kernel/formal_carry-00000.lean
d0ef258733642415267c5f6fbae4d1d30be0a1526279bb9a27904474dec0f24f	164	output/agentic-research-kernel/formal_carry-00001.lean
ea4867d37f8ee753e2e8ce0215ab02b4b6ab64603a93a5f290cccf181b28592e	170	output/agentic-research-kernel/formal_carry-00002.lean
4dace6f9a38e994fb0a5a78ee2916f30f106c9bcedba8f79e29030e34cb815fb	174	output/agentic-research-kernel/formal_carry-00003.lean
08cd9f93032ccf442f03259f2c21406051332cd4f3110c51ccc543ee6faa3d9d	189	output/agentic-research-kernel/formal_carry-00004.lean
10154c110746f628a95dad99b9bd8a4169b1f23c84cc50b2af3fb4591f22ebcd	201	output/agentic-research-kernel/formal_carry-00005.lean
5dcf79352d05c08dd16e6a55cb0f2df6036944967bbe8083f702c56eb634ac7d	227	output/agentic-research-kernel/formal_carry-00006.lean
ddc21b309aa16d422e4b85abbffcc2daa033fde2cd93a450a16cd380db892579	681	output/analytic-field-transport/analytic_geometry.tsv
83262340c91016ea1d62679faa23508ea91c187f1c4f203ca187b888d55112f2	4842	output/analytic-field-transport/conservative_advection.tsv
bdd8173ed88bb3a2a692245bfce26fff519256d17304f3dc167475f138ad13b2	300	output/analytic-field-transport/cycle_holonomy.tsv
1498270cbd8d8ada5f2165cd4f783caf0f46965e89dbd3dc2e67e49d023b6cb8	319	output/analytic-field-transport/interface_optics.tsv
7e3c51510a991f710a946dd4a448ad75e027fdca2afb64ac64b7dfd527111d3d	4246	output/analytic-field-transport/interface_scattering.tsv
b749cbf23b08bb6a2a311f88a908f416428421f8f3955637311f86b7458233c8	20396	output/analytic-field-transport/receiver_contacts.tsv
cd7eeefa0b5138f0a726ddb601505e96003b734ec763a057f68c7e18f688570d	14758	output/analytic-field-transport/wave_sections.tsv
df28afb8e92b669a50d0a10ed8c264fb9847afd75ac783c500cdfc911f8b42c8	762	output/analytic-field-transport/wave_ticks.tsv
967bf9d11f59c749aa66c912c2cd6e6ac75d82fa88f5c5f2a80a7eec899b1c4f	2376016	output/arithmetic-dimensional-receiver/receiver-slice.ppm
9e4fef7f4fd64b94b1723f5551f712e216301a383d2f0882cf1afd2701c65d23	132373	output/arithmetic-dimensional-receiver/receiver-slice.tsv
3a3135b9620c44d4d849663aafd45f122530c138dca165f0565f77e8ec5a71b4	1323447	output/arithmetic-dimensional-receiver/receiver-wave.tsv
33f1e3db793fc0f7705b8c665dc6bf827cf49159ad9678a755a39fecea813afa	35640	output/eros_euclidean_worldline/checkpoint-machine-33f1e3db793fc0f7705b8c665dc6bf827cf49159ad9678a755a39fecea813afa.form
900d7d10b622787ebd5b383930876fefc9dec349a02ae8a6952fd42ef73cd9aa	3744	output/eros_euclidean_worldline/checkpoint-machine-900d7d10b622787ebd5b383930876fefc9dec349a02ae8a6952fd42ef73cd9aa.form
f89f886bf59a3f1974d690dfad8eddeeff544de33c70f18efe0fab1a995254dd	35000	output/eros_euclidean_worldline/checkpoint-machine-f89f886bf59a3f1974d690dfad8eddeeff544de33c70f18efe0fab1a995254dd.form
900d7d10b622787ebd5b383930876fefc9dec349a02ae8a6952fd42ef73cd9aa	3744	output/eros_euclidean_worldline/checkpoint-machine.form
00972aad35d65cd4641dc6f509014ae73e38c45f0a0c7406d3a54756f358544d	20	output/eros_euclidean_worldline/checkpoint-trajectory-00972aad35d65cd4641dc6f509014ae73e38c45f0a0c7406d3a54756f358544d.form
00972aad35d65cd4641dc6f509014ae73e38c45f0a0c7406d3a54756f358544d	20	output/eros_euclidean_worldline/checkpoint-trajectory.form
1723560c3a77a963ad2234147319ab2e5ef3fde8e5a4eef815714dff8530346b	10576	output/eros_euclidean_worldline/machine-rest-1723560c3a77a963ad2234147319ab2e5ef3fde8e5a4eef815714dff8530346b.form
26fca4d0eafe7c502b93bbbb1b9d45b6b88ca1484b7273da6557a68f245bd659	42188	output/eros_euclidean_worldline/machine-rest-26fca4d0eafe7c502b93bbbb1b9d45b6b88ca1484b7273da6557a68f245bd659.form
33f1e3db793fc0f7705b8c665dc6bf827cf49159ad9678a755a39fecea813afa	35640	output/eros_euclidean_worldline/machine-rest-33f1e3db793fc0f7705b8c665dc6bf827cf49159ad9678a755a39fecea813afa.form
5d8454b8c8dd0d021b30060d1bbeb596b173cf197ccbd7d2d8a251dd6405c08f	10544	output/eros_euclidean_worldline/machine-rest-5d8454b8c8dd0d021b30060d1bbeb596b173cf197ccbd7d2d8a251dd6405c08f.form
7b20a411f57349e94ab23f95f5694d7f06b4f2a9c85df0ebf3f8dd5e437f3643	27496	output/eros_euclidean_worldline/machine-rest-7b20a411f57349e94ab23f95f5694d7f06b4f2a9c85df0ebf3f8dd5e437f3643.form
7e9e35f31cb4c5054de95967e185a0f967ca8a3408da2c3b0f99de1af851f3d1	41832	output/eros_euclidean_worldline/machine-rest-7e9e35f31cb4c5054de95967e185a0f967ca8a3408da2c3b0f99de1af851f3d1.form
8adaa925afa7fcb174aaddf1659aecb2cd3ff1efff3d0745e54a9049cdcbca26	41400	output/eros_euclidean_worldline/machine-rest-8adaa925afa7fcb174aaddf1659aecb2cd3ff1efff3d0745e54a9049cdcbca26.form
900d7d10b622787ebd5b383930876fefc9dec349a02ae8a6952fd42ef73cd9aa	3744	output/eros_euclidean_worldline/machine-rest-900d7d10b622787ebd5b383930876fefc9dec349a02ae8a6952fd42ef73cd9aa.form
c60437040ce40a7c785f667e86e371b78ad8f7e82b375ff1eb26949759f95f20	60	output/eros_euclidean_worldline/machine-rest-c60437040ce40a7c785f667e86e371b78ad8f7e82b375ff1eb26949759f95f20.form
f89f886bf59a3f1974d690dfad8eddeeff544de33c70f18efe0fab1a995254dd	35000	output/eros_euclidean_worldline/machine-rest-f89f886bf59a3f1974d690dfad8eddeeff544de33c70f18efe0fab1a995254dd.form
26fca4d0eafe7c502b93bbbb1b9d45b6b88ca1484b7273da6557a68f245bd659	42188	output/eros_euclidean_worldline/machine-rest.form
bcc2bb821fca3659506a688483d7b6f50dba9143e34afa7dbefc35bbed6a5391	20	output/eros_exact_growing_calculator/checkpoint-arrival-bcc2bb821fca3659506a688483d7b6f50dba9143e34afa7dbefc35bbed6a5391.form
bcc2bb821fca3659506a688483d7b6f50dba9143e34afa7dbefc35bbed6a5391	20	output/eros_exact_growing_calculator/checkpoint-arrival.form
c6dd9aed0047468c22c48a054244e049dcfe893b3ff34e3667364a2cf7b48cfe	20	output/eros_exact_growing_calculator/checkpoint-context-c6dd9aed0047468c22c48a054244e049dcfe893b3ff34e3667364a2cf7b48cfe.form
c6dd9aed0047468c22c48a054244e049dcfe893b3ff34e3667364a2cf7b48cfe	20	output/eros_exact_growing_calculator/checkpoint-context.form
00972aad35d65cd4641dc6f509014ae73e38c45f0a0c7406d3a54756f358544d	20	output/eros_exact_growing_calculator/checkpoint-gcd-state-00972aad35d65cd4641dc6f509014ae73e38c45f0a0c7406d3a54756f358544d.form
00972aad35d65cd4641dc6f509014ae73e38c45f0a0c7406d3a54756f358544d	20	output/eros_exact_growing_calculator/checkpoint-gcd-state.form
4a93c5f061ad784459403072823c5aab3afa7deede2c8be94d4c1d0baa9b42a8	14568	output/eros_exact_growing_calculator/checkpoint-machine-4a93c5f061ad784459403072823c5aab3afa7deede2c8be94d4c1d0baa9b42a8.form
5eff16307b42c585ff1071684cd0d411fab355f841ec5cb36119bf07fc098fab	25888	output/eros_exact_growing_calculator/checkpoint-machine-5eff16307b42c585ff1071684cd0d411fab355f841ec5cb36119bf07fc098fab.form
85e2e3cd55eefba9655da470f4331c3362c5819981c040e00815a4be567c748c	20040	output/eros_exact_growing_calculator/checkpoint-machine-85e2e3cd55eefba9655da470f4331c3362c5819981c040e00815a4be567c748c.form
8b652e381c2842fa1f87e6c4b6b277c26a2214c91b3d629048ac0412cf970d3a	17956	output/eros_exact_growing_calculator/checkpoint-machine-8b652e381c2842fa1f87e6c4b6b277c26a2214c91b3d629048ac0412cf970d3a.form
8b652e381c2842fa1f87e6c4b6b277c26a2214c91b3d629048ac0412cf970d3a	17956	output/eros_exact_growing_calculator/checkpoint-machine.form
78e37ffc3784fa2da97c4ff50d09e8e3ef06295c6d5d498698c7827e76f95de6	20	output/eros_exact_growing_calculator/checkpoint-ratio-state-78e37ffc3784fa2da97c4ff50d09e8e3ef06295c6d5d498698c7827e76f95de6.form
78e37ffc3784fa2da97c4ff50d09e8e3ef06295c6d5d498698c7827e76f95de6	20	output/eros_exact_growing_calculator/checkpoint-ratio-state.form
1ed9dca29c3172aa2dfb66aa25a7c82745ea2492afe238e13e91ac4581ebd850	89375812	output/eros_formula_ecology/machine-rest-1ed9dca29c3172aa2dfb66aa25a7c82745ea2492afe238e13e91ac4581ebd850.form
2e9b741030e26bf44734e5c3f342cd3a110e0e9d5b5de9b02ae9dd9652eaece6	19133648	output/eros_formula_ecology/machine-rest-2e9b741030e26bf44734e5c3f342cd3a110e0e9d5b5de9b02ae9dd9652eaece6.form
51072970796672be82743c8d7bebd93ffc23e25ba46c5baad3974f30d1512fb4	2880	output/eros_formula_ecology/machine-rest-51072970796672be82743c8d7bebd93ffc23e25ba46c5baad3974f30d1512fb4.form
556e1194424fa8084cf339cc28cf87b070d3b4fe4bcce6df0b1ac69bf60c2965	1427036	output/eros_formula_ecology/machine-rest-556e1194424fa8084cf339cc28cf87b070d3b4fe4bcce6df0b1ac69bf60c2965.form
00972aad35d65cd4641dc6f509014ae73e38c45f0a0c7406d3a54756f358544d	20	output/eros_inherited_law_ecology/checkpoint-edge-0-00972aad35d65cd4641dc6f509014ae73e38c45f0a0c7406d3a54756f358544d.form
00972aad35d65cd4641dc6f509014ae73e38c45f0a0c7406d3a54756f358544d	20	output/eros_inherited_law_ecology/checkpoint-edge-0.form
78e37ffc3784fa2da97c4ff50d09e8e3ef06295c6d5d498698c7827e76f95de6	20	output/eros_inherited_law_ecology/checkpoint-edge-1-78e37ffc3784fa2da97c4ff50d09e8e3ef06295c6d5d498698c7827e76f95de6.form
78e37ffc3784fa2da97c4ff50d09e8e3ef06295c6d5d498698c7827e76f95de6	20	output/eros_inherited_law_ecology/checkpoint-edge-1.form
c6dd9aed0047468c22c48a054244e049dcfe893b3ff34e3667364a2cf7b48cfe	20	output/eros_inherited_law_ecology/checkpoint-edge-2-c6dd9aed0047468c22c48a054244e049dcfe893b3ff34e3667364a2cf7b48cfe.form
c6dd9aed0047468c22c48a054244e049dcfe893b3ff34e3667364a2cf7b48cfe	20	output/eros_inherited_law_ecology/checkpoint-edge-2.form
114a8f8cb3e8e48543e431ec3cd7089a6aaffc09bbb3c6b7cc655ffacc9d4b92	316	output/eros_inherited_law_ecology/checkpoint-law-114a8f8cb3e8e48543e431ec3cd7089a6aaffc09bbb3c6b7cc655ffacc9d4b92.form
9febc00b6f1c3070e4144519449068b7d8ca0bf898f512c9bbaeade160049fc7	316	output/eros_inherited_law_ecology/checkpoint-law-9febc00b6f1c3070e4144519449068b7d8ca0bf898f512c9bbaeade160049fc7.form
d32074e89e74e2cb3de65d0ffc3ee13363825f946a569071a21eacbe4fc90bbe	316	output/eros_inherited_law_ecology/checkpoint-law-d32074e89e74e2cb3de65d0ffc3ee13363825f946a569071a21eacbe4fc90bbe.form
9febc00b6f1c3070e4144519449068b7d8ca0bf898f512c9bbaeade160049fc7	316	output/eros_inherited_law_ecology/checkpoint-law.form
8f398105603b1cb30a9f9cf0dc0ca8cd42e32ef254f2392d324bfb52d3bededd	17688	output/eros_inherited_law_ecology/checkpoint-machine-8f398105603b1cb30a9f9cf0dc0ca8cd42e32ef254f2392d324bfb52d3bededd.form
d719bac797982dd8272e20f8a2b2ee83b37c90dc553df21e0ed8d1d21839d8a2	19596	output/eros_inherited_law_ecology/checkpoint-machine-d719bac797982dd8272e20f8a2b2ee83b37c90dc553df21e0ed8d1d21839d8a2.form
e27a6aea9cf5a58478f9aa1229f6f7f0a0d859854458a82e29adfcc087264f1a	18552	output/eros_inherited_law_ecology/checkpoint-machine-e27a6aea9cf5a58478f9aa1229f6f7f0a0d859854458a82e29adfcc087264f1a.form
e27a6aea9cf5a58478f9aa1229f6f7f0a0d859854458a82e29adfcc087264f1a	18552	output/eros_inherited_law_ecology/checkpoint-machine.form
bcc2bb821fca3659506a688483d7b6f50dba9143e34afa7dbefc35bbed6a5391	20	output/eros_inherited_law_ecology/checkpoint-residual-bcc2bb821fca3659506a688483d7b6f50dba9143e34afa7dbefc35bbed6a5391.form
bcc2bb821fca3659506a688483d7b6f50dba9143e34afa7dbefc35bbed6a5391	20	output/eros_inherited_law_ecology/checkpoint-residual.form
8f398105603b1cb30a9f9cf0dc0ca8cd42e32ef254f2392d324bfb52d3bededd	17688	output/eros_inherited_law_ecology/machine-rest-8f398105603b1cb30a9f9cf0dc0ca8cd42e32ef254f2392d324bfb52d3bededd.form
8f5cbab95b42515ea0a8bef14563f545a4a2fe19aec700aae1f4a5be30024ea0	26112	output/eros_inherited_law_ecology/machine-rest-8f5cbab95b42515ea0a8bef14563f545a4a2fe19aec700aae1f4a5be30024ea0.form
afe5bc803ece1f889f3177cea79c46df909926c1991ce128f00804cea90ce09a	29304	output/eros_inherited_law_ecology/machine-rest-afe5bc803ece1f889f3177cea79c46df909926c1991ce128f00804cea90ce09a.form
8f5cbab95b42515ea0a8bef14563f545a4a2fe19aec700aae1f4a5be30024ea0	26112	output/eros_inherited_law_ecology/machine-rest.form
5c5e1bd842710afb71a5f380cfb00adacee06333e383a8cf1b560b84eade84c3	989010	output/eros_mathematics_instance_rest/conditioned-rest-5c5e1bd842710afb71a5f380cfb00adacee06333e383a8cf1b560b84eade84c3.form
b503cfc1d5317744666f045306900665dfbf2d9308ce18f131b91c94d2de345b	989345	output/eros_mathematics_instance_rest/instance.holon
b68b73b398a6269bc5d5d086709f0efecfdac64c0509596f9aa0b945b200e162	10740	output/eros_receiver_relative_field/machine-rest-b68b73b398a6269bc5d5d086709f0efecfdac64c0509596f9aa0b945b200e162.form
b68b73b398a6269bc5d5d086709f0efecfdac64c0509596f9aa0b945b200e162	10740	output/eros_receiver_relative_field/machine-rest.form
016aa69b9a0eb6c5211f5b33eccd52f7cf8db5c62b4c60724ab5c4ed7ba9bc94	305008	output/eros_text_training/machine-rest-016aa69b9a0eb6c5211f5b33eccd52f7cf8db5c62b4c60724ab5c4ed7ba9bc94.form
01c1540a2d316fb0b3613ef3304135c600eed5a4a6b656cb59ef853e97df6ff0	213156	output/eros_text_training/machine-rest-01c1540a2d316fb0b3613ef3304135c600eed5a4a6b656cb59ef853e97df6ff0.form
01d07ed17b732d935094016299d0064a452bd687b0e9a77bebc501a447f0c59c	212436	output/eros_text_training/machine-rest-01d07ed17b732d935094016299d0064a452bd687b0e9a77bebc501a447f0c59c.form
026cd9524b1beae42e6385d72daa1ab83f79f986e2db7806827848782d203f59	112308	output/eros_text_training/machine-rest-026cd9524b1beae42e6385d72daa1ab83f79f986e2db7806827848782d203f59.form
028edcabda9820fc7f4e8fb40a8ecafb2f4bbe2ad86f2cdccc43ce8d7b2dcb28	25220	output/eros_text_training/machine-rest-028edcabda9820fc7f4e8fb40a8ecafb2f4bbe2ad86f2cdccc43ce8d7b2dcb28.form
031b77f3333747739824cb1b63cb3d6e375992b0c514c76690fae91c8302b8d4	249396	output/eros_text_training/machine-rest-031b77f3333747739824cb1b63cb3d6e375992b0c514c76690fae91c8302b8d4.form
03ed53e705f8f79b1a04c65c39abd9129c174ae7ced68edccab54885cf98c2a0	136120	output/eros_text_training/machine-rest-03ed53e705f8f79b1a04c65c39abd9129c174ae7ced68edccab54885cf98c2a0.form
04766557fa2ef7a862d4b78d78035be642d651389903ff0931fbce648717e5d3	338276	output/eros_text_training/machine-rest-04766557fa2ef7a862d4b78d78035be642d651389903ff0931fbce648717e5d3.form
0574aff2a931735d42cb631b72956254e918fb81b6a216cd69d82d8d42cc510d	132208	output/eros_text_training/machine-rest-0574aff2a931735d42cb631b72956254e918fb81b6a216cd69d82d8d42cc510d.form
059a91d7d17fe69a8fe6d7b7ccc6bca86f5e07b73b9adcbaa1e4e99a603c871e	314548	output/eros_text_training/machine-rest-059a91d7d17fe69a8fe6d7b7ccc6bca86f5e07b73b9adcbaa1e4e99a603c871e.form
05ec696b681d6341fc5ae872176a3af41f093efa85e98c164f8104d7f4c741bd	114848	output/eros_text_training/machine-rest-05ec696b681d6341fc5ae872176a3af41f093efa85e98c164f8104d7f4c741bd.form
05f44782b5e0a2dda3c936351ecdc49abbec8ebddfcc7bccd2efa2b91083a3a9	314548	output/eros_text_training/machine-rest-05f44782b5e0a2dda3c936351ecdc49abbec8ebddfcc7bccd2efa2b91083a3a9.form
063102d91b154286eba54dabf331bbd883665cde228b17cae7dd97782a00930b	31148	output/eros_text_training/machine-rest-063102d91b154286eba54dabf331bbd883665cde228b17cae7dd97782a00930b.form
067e1aa81dc8877f10e59789255ad39988f2414a05363c879f37cf200f60e4e0	207388	output/eros_text_training/machine-rest-067e1aa81dc8877f10e59789255ad39988f2414a05363c879f37cf200f60e4e0.form
06afa2f5af48c5db06ef8f3a8ec47eed0ccc4cdc341d948a2f48e34bb5b9b7a5	96500	output/eros_text_training/machine-rest-06afa2f5af48c5db06ef8f3a8ec47eed0ccc4cdc341d948a2f48e34bb5b9b7a5.form
06b85738e20263b27053b7608c3068f65aa5ea9f12ceeec7133ff31d95e854f1	338516	output/eros_text_training/machine-rest-06b85738e20263b27053b7608c3068f65aa5ea9f12ceeec7133ff31d95e854f1.form
0712ed59766cdb78365da75560ef1b1b031929c98c8de0ac7f0298b2e1831162	25220	output/eros_text_training/machine-rest-0712ed59766cdb78365da75560ef1b1b031929c98c8de0ac7f0298b2e1831162.form
07300d9fd82db16f41cfe0a3e43545b30d9217fa137149b92b90677107ad538a	115156	output/eros_text_training/machine-rest-07300d9fd82db16f41cfe0a3e43545b30d9217fa137149b92b90677107ad538a.form
08289ad86fce52cc895f99c07ba0a469fce6a0c129f9bae8b003c072999bf598	132088	output/eros_text_training/machine-rest-08289ad86fce52cc895f99c07ba0a469fce6a0c129f9bae8b003c072999bf598.form
099635708b7694c73f992e1cd6a0f3cd1b2e180ffdbd4437be0f5e31414e052d	136120	output/eros_text_training/machine-rest-099635708b7694c73f992e1cd6a0f3cd1b2e180ffdbd4437be0f5e31414e052d.form
09cd07e54a32b7843604e10cc7edda1a6bbe4f7770ed9bcf20a575c84ac04042	119384	output/eros_text_training/machine-rest-09cd07e54a32b7843604e10cc7edda1a6bbe4f7770ed9bcf20a575c84ac04042.form
0a42726c80ce1ae0a71695c3c87b8e87b3e199c0bb378d0e1e61839d1b876bc7	300988	output/eros_text_training/machine-rest-0a42726c80ce1ae0a71695c3c87b8e87b3e199c0bb378d0e1e61839d1b876bc7.form
0a5708821d93c5f4388f966c292b52e320ff5cafb2ac413e5057b678c7af1dec	305008	output/eros_text_training/machine-rest-0a5708821d93c5f4388f966c292b52e320ff5cafb2ac413e5057b678c7af1dec.form
0a9debd385874c2a5553f745c00f553887e4f1a1ebcc69e37a2076c4f10b8e02	112548	output/eros_text_training/machine-rest-0a9debd385874c2a5553f745c00f553887e4f1a1ebcc69e37a2076c4f10b8e02.form
0ad0da4ad85d955c3ec2e8114322849e7eed06b38dd29a568dc07c45789f5b7d	212376	output/eros_text_training/machine-rest-0ad0da4ad85d955c3ec2e8114322849e7eed06b38dd29a568dc07c45789f5b7d.form
0afdf255afcdf968a39f95f3062e366ac0d08488de2fbca86506604f7fa78812	114848	output/eros_text_training/machine-rest-0afdf255afcdf968a39f95f3062e366ac0d08488de2fbca86506604f7fa78812.form
0b8182298a351c5715ca36bbba5622604cd75a7313544eb864a73b472a217071	242944	output/eros_text_training/machine-rest-0b8182298a351c5715ca36bbba5622604cd75a7313544eb864a73b472a217071.form
0c1608fc0d5d70bc261b64186f869a0de59a050f4f245364c0f34879fab8b95a	314548	output/eros_text_training/machine-rest-0c1608fc0d5d70bc261b64186f869a0de59a050f4f245364c0f34879fab8b95a.form
0c8154ff3fd9c39bb7bf658ea07d10257218261e0181d4dd1d3c92799313e0ad	132028	output/eros_text_training/machine-rest-0c8154ff3fd9c39bb7bf658ea07d10257218261e0181d4dd1d3c92799313e0ad.form
0dbaa9979034234ab99d66e173a29c7141ff1e628068b5ebe86f85ee46187b31	119204	output/eros_text_training/machine-rest-0dbaa9979034234ab99d66e173a29c7141ff1e628068b5ebe86f85ee46187b31.form
0dfc1e7a9ac4d4c7fc4e8f70b4f9d49bdfb6d5b47e9c227be7bd1948b930a39f	241000	output/eros_text_training/machine-rest-0dfc1e7a9ac4d4c7fc4e8f70b4f9d49bdfb6d5b47e9c227be7bd1948b930a39f.form
0e56cf47f774e5f7f6560862c169cae9581ed3a617cc240faf718049b6ce1c3a	27768	output/eros_text_training/machine-rest-0e56cf47f774e5f7f6560862c169cae9581ed3a617cc240faf718049b6ce1c3a.form
0f1488dc7762c7ebc64e91a0f8f351dbb61d0539fc17ad1c76fee8cd35388a23	250952	output/eros_text_training/machine-rest-0f1488dc7762c7ebc64e91a0f8f351dbb61d0539fc17ad1c76fee8cd35388a23.form
0f7d693b37929471577cd1751702700fbc6771fc38fb23911277e8be11a5b293	305188	output/eros_text_training/machine-rest-0f7d693b37929471577cd1751702700fbc6771fc38fb23911277e8be11a5b293.form
0feb567ee99bbbc4f7f5bfbdf77cf2327cd25b0d1d226ae63af31778d90f50fe	136540	output/eros_text_training/machine-rest-0feb567ee99bbbc4f7f5bfbdf77cf2327cd25b0d1d226ae63af31778d90f50fe.form
102f75f31a10e4fe6022be582492e359ae9319ccefa5f51ba3937aa645d330ab	332404	output/eros_text_training/machine-rest-102f75f31a10e4fe6022be582492e359ae9319ccefa5f51ba3937aa645d330ab.form
108a1a359e986399fad9fd1539711a4ad7ab9c4dab7174d6826343adfbfd3632	112488	output/eros_text_training/machine-rest-108a1a359e986399fad9fd1539711a4ad7ab9c4dab7174d6826343adfbfd3632.form
11ea37cb3fc8ff8dcbe80480b38704596137fb76141d4d3e75fa68d7fd998ff4	212436	output/eros_text_training/machine-rest-11ea37cb3fc8ff8dcbe80480b38704596137fb76141d4d3e75fa68d7fd998ff4.form
12227535f99fc030a8d9e1f6beb30c1891febb302d69971541f34c2e47592920	212436	output/eros_text_training/machine-rest-12227535f99fc030a8d9e1f6beb30c1891febb302d69971541f34c2e47592920.form
1248157daa6874217889acd3123f4e65affdd69d758a4d589a718b6382aa5242	119204	output/eros_text_training/machine-rest-1248157daa6874217889acd3123f4e65affdd69d758a4d589a718b6382aa5242.form
1290548df843ee99756e111fb2f31ccdc8cec7f62cc4ed577fb1bc9c3d245949	213036	output/eros_text_training/machine-rest-1290548df843ee99756e111fb2f31ccdc8cec7f62cc4ed577fb1bc9c3d245949.form
12d08968193a22e46d384eb8038f1fa3bcb5f74bc0aab6e5119685a6b15dfe33	213096	output/eros_text_training/machine-rest-12d08968193a22e46d384eb8038f1fa3bcb5f74bc0aab6e5119685a6b15dfe33.form
13a068ab403a10403486bbbeb57eab775c4c39d874443b2299f5a4c35c7b5acb	27768	output/eros_text_training/machine-rest-13a068ab403a10403486bbbeb57eab775c4c39d874443b2299f5a4c35c7b5acb.form
14b56c9130179380fba199330be69eb983cb46f97d7883326284ff27d5fd16d7	132208	output/eros_text_training/machine-rest-14b56c9130179380fba199330be69eb983cb46f97d7883326284ff27d5fd16d7.form
14d0e1027047c37c416b3aae4c8852311e1aaeb2bc125b7ce7948406970276b0	25220	output/eros_text_training/machine-rest-14d0e1027047c37c416b3aae4c8852311e1aaeb2bc125b7ce7948406970276b0.form
14d1cfd37d7f29e92e7094046cb94782ac54d1e145fc1b0829336fb9c2d15018	316108	output/eros_text_training/machine-rest-14d1cfd37d7f29e92e7094046cb94782ac54d1e145fc1b0829336fb9c2d15018.form
1568752a05f0c99c787c006a90e5286942e11105e69749948c89bd246b932205	252304	output/eros_text_training/machine-rest-1568752a05f0c99c787c006a90e5286942e11105e69749948c89bd246b932205.form
16f0836fb41e3722fa128c50cb94a26851c5625abbcc851a006cd2e40e24f9c3	32056	output/eros_text_training/machine-rest-16f0836fb41e3722fa128c50cb94a26851c5625abbcc851a006cd2e40e24f9c3.form
171a398e0e65f72aeeb11c9011df74cb402ddb288c349b89e89eb2bbe44240c9	135432	output/eros_text_training/machine-rest-171a398e0e65f72aeeb11c9011df74cb402ddb288c349b89e89eb2bbe44240c9.form
172845305dfc84de6acdba1af0921521314cfdd327965f412f2fdb8fa269a776	119444	output/eros_text_training/machine-rest-172845305dfc84de6acdba1af0921521314cfdd327965f412f2fdb8fa269a776.form
17b4ccfd429ca2b2f48c1669936ca9bbbe3fc3c54a44c7d846a506f700903345	340200	output/eros_text_training/machine-rest-17b4ccfd429ca2b2f48c1669936ca9bbbe3fc3c54a44c7d846a506f700903345.form
1838360551cc6e31f3352bbc09d2d447249d1864ce8fda7221ca9942b2655745	316108	output/eros_text_training/machine-rest-1838360551cc6e31f3352bbc09d2d447249d1864ce8fda7221ca9942b2655745.form
18daa13da0b68a30c54eb1d91385119725f4b0aad8226430094e67f9b0e07ce7	302828	output/eros_text_training/machine-rest-18daa13da0b68a30c54eb1d91385119725f4b0aad8226430094e67f9b0e07ce7.form
18e3d4bb75495ea83ee0b7f88be8478014492bea28084ffd5d155007d7cd28e2	136696	output/eros_text_training/machine-rest-18e3d4bb75495ea83ee0b7f88be8478014492bea28084ffd5d155007d7cd28e2.form
18e81f91847fcad31735cfa5065d7a80e692719580c4871298eb4e741424c7f9	331000	output/eros_text_training/machine-rest-18e81f91847fcad31735cfa5065d7a80e692719580c4871298eb4e741424c7f9.form
18eb6f59f59383e05b99c45ef51d5a4c7db6e0c1c92b34d9aeb81db1046806e1	314908	output/eros_text_training/machine-rest-18eb6f59f59383e05b99c45ef51d5a4c7db6e0c1c92b34d9aeb81db1046806e1.form
18f65bddc936453a606783b513f3282b413ed48168075d7337effe5afbb0d5f9	338336	output/eros_text_training/machine-rest-18f65bddc936453a606783b513f3282b413ed48168075d7337effe5afbb0d5f9.form
193376a316852061ddf7b0b5314addd3d02b5e379e0bec6b113c8acac567e010	252304	output/eros_text_training/machine-rest-193376a316852061ddf7b0b5314addd3d02b5e379e0bec6b113c8acac567e010.form
196b4b997fcc0c90aff2271b939fca93d13b08df30fb75af4f9624259a9f8d31	316288	output/eros_text_training/machine-rest-196b4b997fcc0c90aff2271b939fca93d13b08df30fb75af4f9624259a9f8d31.form
19fca49180da8cd721dfdd46014d8b6d436cba6b25255819d536261194303776	113196	output/eros_text_training/machine-rest-19fca49180da8cd721dfdd46014d8b6d436cba6b25255819d536261194303776.form
1af61145cd9cafc4e822b0a9a4fe8b4e5daab52261ae76351938d8a2011f060e	31148	output/eros_text_training/machine-rest-1af61145cd9cafc4e822b0a9a4fe8b4e5daab52261ae76351938d8a2011f060e.form
1b24727b77ea69fec18aa52728fbec7604d59ca5d546c4c23f0101a3d168be97	302828	output/eros_text_training/machine-rest-1b24727b77ea69fec18aa52728fbec7604d59ca5d546c4c23f0101a3d168be97.form
1b513056771b80e270d9a87673b5a52b37ec988e6cde97aa7963a685244527b2	25220	output/eros_text_training/machine-rest-1b513056771b80e270d9a87673b5a52b37ec988e6cde97aa7963a685244527b2.form
1c5706ca1fb778a8afb737fea4af09ff7e3114df805e0cb04150a8ce626b2b30	213156	output/eros_text_training/machine-rest-1c5706ca1fb778a8afb737fea4af09ff7e3114df805e0cb04150a8ce626b2b30.form
1c6ce160eb6882d7d496e321341dbf6c1c046cd5f6a2f10cc97e27a9822f9125	136696	output/eros_text_training/machine-rest-1c6ce160eb6882d7d496e321341dbf6c1c046cd5f6a2f10cc97e27a9822f9125.form
1c7014a3eec4db63f633b3a98c77b279064f3269c46ea2436eff946bc36f356c	136480	output/eros_text_training/machine-rest-1c7014a3eec4db63f633b3a98c77b279064f3269c46ea2436eff946bc36f356c.form
1cef35c1a67686f279c791ab3e4560230c1df17aa1504bb0008798470f2b65d6	303228	output/eros_text_training/machine-rest-1cef35c1a67686f279c791ab3e4560230c1df17aa1504bb0008798470f2b65d6.form
1d2b152bd9390c6f175b1082100f9221dd9ff141cc193751806a5d75dc28538c	136120	output/eros_text_training/machine-rest-1d2b152bd9390c6f175b1082100f9221dd9ff141cc193751806a5d75dc28538c.form
1d6dc2edd2c1a6a514813b294b5f9df1e2399e947d7795dc30311d92511b4ad8	251192	output/eros_text_training/machine-rest-1d6dc2edd2c1a6a514813b294b5f9df1e2399e947d7795dc30311d92511b4ad8.form
1d938251fb53664420f07693762c08be1118a93eb04c8fd685c1b8d377cac680	112308	output/eros_text_training/machine-rest-1d938251fb53664420f07693762c08be1118a93eb04c8fd685c1b8d377cac680.form
1e770c3c70f9503cae1f4684798138bb625d0adddc75a3582c29c43b637b96c9	137056	output/eros_text_training/machine-rest-1e770c3c70f9503cae1f4684798138bb625d0adddc75a3582c29c43b637b96c9.form
1fb4eec5d88be9104a4e25d2117441eb02246a455d8c110f9f79fb0f64a0e718	115156	output/eros_text_training/machine-rest-1fb4eec5d88be9104a4e25d2117441eb02246a455d8c110f9f79fb0f64a0e718.form
201fd95c9b9a07b0b2dc4ac9715b3f89ba2f039b71afa27bd3aab0b45bee4f65	30044	output/eros_text_training/machine-rest-201fd95c9b9a07b0b2dc4ac9715b3f89ba2f039b71afa27bd3aab0b45bee4f65.form
2022cb4dd49ce42f99eb7e9e18da106d31ef8637e7a04756e000999b53656789	113384	output/eros_text_training/machine-rest-2022cb4dd49ce42f99eb7e9e18da106d31ef8637e7a04756e000999b53656789.form
2260e969c1a89cc7a0597373fa907dd6303b91f24dac2a7adc6bbe325d9a6628	252304	output/eros_text_training/machine-rest-2260e969c1a89cc7a0597373fa907dd6303b91f24dac2a7adc6bbe325d9a6628.form
22a1a015a8fd173447cc51c4f2a59901240177619e24e1f5fa7b82f3c2091a86	252124	output/eros_text_training/machine-rest-22a1a015a8fd173447cc51c4f2a59901240177619e24e1f5fa7b82f3c2091a86.form
238f8553993521bdb31c64c754dce3eedec1cfd0579efb141c852640c0b071b3	212436	output/eros_text_training/machine-rest-238f8553993521bdb31c64c754dce3eedec1cfd0579efb141c852640c0b071b3.form
24b588582630dcb535982ca4c592a7365c2d07252defd995beddc5c7bfe39159	136120	output/eros_text_training/machine-rest-24b588582630dcb535982ca4c592a7365c2d07252defd995beddc5c7bfe39159.form
251b8f2bccc744f61cde9cd81905f83a3ae6a2bf5a72c99c21e3a66161b4dc2e	314548	output/eros_text_training/machine-rest-251b8f2bccc744f61cde9cd81905f83a3ae6a2bf5a72c99c21e3a66161b4dc2e.form
258cfca668dd8fda5992111f00d4ccb1842a0a4cfb6f2d67eb68deff6577b5f1	314548	output/eros_text_training/machine-rest-258cfca668dd8fda5992111f00d4ccb1842a0a4cfb6f2d67eb68deff6577b5f1.form
25dc417b11c9ad60de8e60bbcd55d8dd038db55335ba998dcf2f63b51df2d079	331924	output/eros_text_training/machine-rest-25dc417b11c9ad60de8e60bbcd55d8dd038db55335ba998dcf2f63b51df2d079.form
26ab6eb7240e2f43a444581f0ee834fce48f8dd88a8de981c0ae62dad5e12db7	27828	output/eros_text_training/machine-rest-26ab6eb7240e2f43a444581f0ee834fce48f8dd88a8de981c0ae62dad5e12db7.form
26cf01e200b9082aa45ae1ef937bf3a3db2ca05a609f1c7a252ab90c0a9a7321	115276	output/eros_text_training/machine-rest-26cf01e200b9082aa45ae1ef937bf3a3db2ca05a609f1c7a252ab90c0a9a7321.form
270f8d8834823eb965fe9511ca67afd310cda386035ec6529221af9ea91220be	30044	output/eros_text_training/machine-rest-270f8d8834823eb965fe9511ca67afd310cda386035ec6529221af9ea91220be.form
27535612e3e32f66a147125d07f07e637495a9235ac84bf2224dbc9c23c86795	25220	output/eros_text_training/machine-rest-27535612e3e32f66a147125d07f07e637495a9235ac84bf2224dbc9c23c86795.form
276159134ee28db21247b604aa2690e054f689810bdb48dd0382eea4c175e485	312828	output/eros_text_training/machine-rest-276159134ee28db21247b604aa2690e054f689810bdb48dd0382eea4c175e485.form
277a8efc80b24923d7d76a39aa8ae6a3285066ef17aac9d9981da7918b8e201d	207328	output/eros_text_training/machine-rest-277a8efc80b24923d7d76a39aa8ae6a3285066ef17aac9d9981da7918b8e201d.form
28791a4acbe5ea97b7ec0120d565f6ee6f24a28569c00bcf112c961110351582	332104	output/eros_text_training/machine-rest-28791a4acbe5ea97b7ec0120d565f6ee6f24a28569c00bcf112c961110351582.form
290edb6cc14b119a2784bdfd0b0a231963a5fafb6ee0981ceef546ee834c4a81	31148	output/eros_text_training/machine-rest-290edb6cc14b119a2784bdfd0b0a231963a5fafb6ee0981ceef546ee834c4a81.form
29935dc2b19728d2527e385c9810b74d6885d75d18fe68580b375409529c0879	137536	output/eros_text_training/machine-rest-29935dc2b19728d2527e385c9810b74d6885d75d18fe68580b375409529c0879.form
2a35a5bbebc7463c07eee5108cc915b1b1b26ca8e1b9c964d468c9684dbe03e7	213156	output/eros_text_training/machine-rest-2a35a5bbebc7463c07eee5108cc915b1b1b26ca8e1b9c964d468c9684dbe03e7.form
2b1ebc583f4c54786a092e9a846ccc933446e76a2ec8cc4f2b6ead983d79514c	212436	output/eros_text_training/machine-rest-2b1ebc583f4c54786a092e9a846ccc933446e76a2ec8cc4f2b6ead983d79514c.form
2bc82644e98b6ed2d502f380fc9030e9f9caf1f59bdd653de952c701c5f3a743	213156	output/eros_text_training/machine-rest-2bc82644e98b6ed2d502f380fc9030e9f9caf1f59bdd653de952c701c5f3a743.form
2be6802a41a6894a5f9b441ade06bf8d06b2ebe3e7eef3878e0d1708be4fddf7	333988	output/eros_text_training/machine-rest-2be6802a41a6894a5f9b441ade06bf8d06b2ebe3e7eef3878e0d1708be4fddf7.form
2d7214dc98585f8baf08315b9c5aa82c68f01af14e7391a196a7a848d6dc002e	31192	output/eros_text_training/machine-rest-2d7214dc98585f8baf08315b9c5aa82c68f01af14e7391a196a7a848d6dc002e.form
2da9b0464ec088e0c3669d0e8b867fab2fc4c7a376e73a3024d0a7657e0a379a	32056	output/eros_text_training/machine-rest-2da9b0464ec088e0c3669d0e8b867fab2fc4c7a376e73a3024d0a7657e0a379a.form
2decd8dc2740b19f923fa38f7e386263bde35e548af99af7fdcf3c7be8a96fb3	27828	output/eros_text_training/machine-rest-2decd8dc2740b19f923fa38f7e386263bde35e548af99af7fdcf3c7be8a96fb3.form
2df2362dbe1defa1517569d20693ad9b47b8042b17cab7c7f350e266ff553c99	316288	output/eros_text_training/machine-rest-2df2362dbe1defa1517569d20693ad9b47b8042b17cab7c7f350e266ff553c99.form
2dfbb37cfbf6ba096f77264ffe1d70aab56108d29d3b41b293618a6891fc9f66	314548	output/eros_text_training/machine-rest-2dfbb37cfbf6ba096f77264ffe1d70aab56108d29d3b41b293618a6891fc9f66.form
2e2423bebb81e1d032328809ac192267746763bb3f1f76ea6cbc46445cafdeb6	302828	output/eros_text_training/machine-rest-2e2423bebb81e1d032328809ac192267746763bb3f1f76ea6cbc46445cafdeb6.form
2e2dbb5cc4044fa1d81c27621ab2f341995983af345595edffbb164177351bc9	213096	output/eros_text_training/machine-rest-2e2dbb5cc4044fa1d81c27621ab2f341995983af345595edffbb164177351bc9.form
2e624bd0462f9ae55cbfa3b54c6e07dd95b0f146c5fd25f5d293aeea24701783	119204	output/eros_text_training/machine-rest-2e624bd0462f9ae55cbfa3b54c6e07dd95b0f146c5fd25f5d293aeea24701783.form
2eeb954da09d53e08a86b23d98a78dc8799cd50e168f01abd39b991388e90582	213276	output/eros_text_training/machine-rest-2eeb954da09d53e08a86b23d98a78dc8799cd50e168f01abd39b991388e90582.form
2f675629c158e099f6d40af89a493f6a7e27a40c228063b1dbe7c83279f0047b	331984	output/eros_text_training/machine-rest-2f675629c158e099f6d40af89a493f6a7e27a40c228063b1dbe7c83279f0047b.form
2f689f3a5ab20e653b62d302f87e625c36a1e1d304622ecda7bd90713ca97b59	114428	output/eros_text_training/machine-rest-2f689f3a5ab20e653b62d302f87e625c36a1e1d304622ecda7bd90713ca97b59.form
2f6ba83bea1432efdbbf22f5e0c93c5037855a60c505718109f1eb1de7444cdf	133652	output/eros_text_training/machine-rest-2f6ba83bea1432efdbbf22f5e0c93c5037855a60c505718109f1eb1de7444cdf.form
2f9c45e338d5f2c148a300fbe4392c4dff0a58f2a2e074919360b0064d6a9cc9	212556	output/eros_text_training/machine-rest-2f9c45e338d5f2c148a300fbe4392c4dff0a58f2a2e074919360b0064d6a9cc9.form
31765ade2c0e3f8ebd8136e2ac0338606286490ca1fbf067ec835507487fb616	303428	output/eros_text_training/machine-rest-31765ade2c0e3f8ebd8136e2ac0338606286490ca1fbf067ec835507487fb616.form
32103f16ee6f2875932519874e1e5e7369c1dad9b0c3b08e156c59c3f8a05f13	316108	output/eros_text_training/machine-rest-32103f16ee6f2875932519874e1e5e7369c1dad9b0c3b08e156c59c3f8a05f13.form
324e7328c73c72c86a788f599a00cff0e87be698a8808fffcb70d26ac81c6865	249156	output/eros_text_training/machine-rest-324e7328c73c72c86a788f599a00cff0e87be698a8808fffcb70d26ac81c6865.form
3333a5b5ecb1b0f2b0fcc441e4c7b70fdfcf818d8e2407e14b14e057a61e3ebe	332104	output/eros_text_training/machine-rest-3333a5b5ecb1b0f2b0fcc441e4c7b70fdfcf818d8e2407e14b14e057a61e3ebe.form
333f95fe0ffc030405a76dbbb95a4789e1e5f03ba4e4ef19f7ef74369776ded3	314548	output/eros_text_training/machine-rest-333f95fe0ffc030405a76dbbb95a4789e1e5f03ba4e4ef19f7ef74369776ded3.form
34c39a1e79ce8d638c54d7d5805ca6d04a32209ff2da2248b29e4b042d578077	119444	output/eros_text_training/machine-rest-34c39a1e79ce8d638c54d7d5805ca6d04a32209ff2da2248b29e4b042d578077.form
34e2719c2d6c412b01d2898fd0c87cf5a71fbfd4e5844a375280c9c77c7c3f66	135552	output/eros_text_training/machine-rest-34e2719c2d6c412b01d2898fd0c87cf5a71fbfd4e5844a375280c9c77c7c3f66.form
359945589f903c7b88f3d541e2ddaf5fcb8cbaf61e2656620c974ab4a632ec98	114188	output/eros_text_training/machine-rest-359945589f903c7b88f3d541e2ddaf5fcb8cbaf61e2656620c974ab4a632ec98.form
3608102e0782a74fa5f522a8ccffb5e6f0c90d75a0d58f09a49a64fe989550b9	251012	output/eros_text_training/machine-rest-3608102e0782a74fa5f522a8ccffb5e6f0c90d75a0d58f09a49a64fe989550b9.form
3615190e5a127dda287d2d9331e41b274570386649b1fc891d4a790da8d6e905	212436	output/eros_text_training/machine-rest-3615190e5a127dda287d2d9331e41b274570386649b1fc891d4a790da8d6e905.form
36412b80a0223ab9fdb6ef7c0cce677c35e1b82bcbde82b2e44eeb1dd2b302e5	338516	output/eros_text_training/machine-rest-36412b80a0223ab9fdb6ef7c0cce677c35e1b82bcbde82b2e44eeb1dd2b302e5.form
3679b7ae764bfff7263dd9bb63153a46ef7081a82a9aff0fd7da6df4c8e473cb	112548	output/eros_text_training/machine-rest-3679b7ae764bfff7263dd9bb63153a46ef7081a82a9aff0fd7da6df4c8e473cb.form
3683d6b6402604f0525ba865abe60cebe67974dbeac325767c5d47512d89722b	32056	output/eros_text_training/machine-rest-3683d6b6402604f0525ba865abe60cebe67974dbeac325767c5d47512d89722b.form
36eaf9c69719bc14302cfb647eda96ab04b9814313db676d6ffa7db36bc1946e	333808	output/eros_text_training/machine-rest-36eaf9c69719bc14302cfb647eda96ab04b9814313db676d6ffa7db36bc1946e.form
371e5a59459d230615470f10f2d184538cde7a773f3e53e982b67f1e60c39e49	136696	output/eros_text_training/machine-rest-371e5a59459d230615470f10f2d184538cde7a773f3e53e982b67f1e60c39e49.form
3724d40cad35810c63cb10df6c66b72053e3339af9d2bc6596f50ebc96d37ab5	30044	output/eros_text_training/machine-rest-3724d40cad35810c63cb10df6c66b72053e3339af9d2bc6596f50ebc96d37ab5.form
3730665f97d30c629d8397d6537ef27d0725863f5537dcfa491764c5a71bf411	205488	output/eros_text_training/machine-rest-3730665f97d30c629d8397d6537ef27d0725863f5537dcfa491764c5a71bf411.form
37bc76356e3c60d03136e82ca714d698bedbbad2201fbf526d1db309b637d00d	132028	output/eros_text_training/machine-rest-37bc76356e3c60d03136e82ca714d698bedbbad2201fbf526d1db309b637d00d.form
37cdeb89b238b70234e4d5a01b4f07248cf1cc0ddc6867d1507a56748d16b3e0	30044	output/eros_text_training/machine-rest-37cdeb89b238b70234e4d5a01b4f07248cf1cc0ddc6867d1507a56748d16b3e0.form
384c1543fd41a5827b2d34d440a1fb48dc0b3b6887c650a8290f62ec1fd6bb1b	340140	output/eros_text_training/machine-rest-384c1543fd41a5827b2d34d440a1fb48dc0b3b6887c650a8290f62ec1fd6bb1b.form
386bd54ffdc56378a26cbee7b8796dfedabf9a36fee11c1c6ef5cd40f3ec2c75	135552	output/eros_text_training/machine-rest-386bd54ffdc56378a26cbee7b8796dfedabf9a36fee11c1c6ef5cd40f3ec2c75.form
392a1cb865dd4175818f5d9a385f192989d548f255f054f7a26357637ab8fd33	315208	output/eros_text_training/machine-rest-392a1cb865dd4175818f5d9a385f192989d548f255f054f7a26357637ab8fd33.form
3943fd58ee0891d7e5ebe0312d4f5ff6416d8f502f632f94cd9fefbfcdaf8372	119444	output/eros_text_training/machine-rest-3943fd58ee0891d7e5ebe0312d4f5ff6416d8f502f632f94cd9fefbfcdaf8372.form
3958e019f3ee031e7d28ea1b5a1aa166dc08faac7dad289e032980c644060ef3	316108	output/eros_text_training/machine-rest-3958e019f3ee031e7d28ea1b5a1aa166dc08faac7dad289e032980c644060ef3.form
3967c63fd8adbaaa96a18c420c442fb0a846b742cea31e171c88a7e010056838	32056	output/eros_text_training/machine-rest-3967c63fd8adbaaa96a18c420c442fb0a846b742cea31e171c88a7e010056838.form
397e30a40812ff2fb4e4d35d056b3e1b8433043e900aa0c2906bb6b8fc3d36a1	340500	output/eros_text_training/machine-rest-397e30a40812ff2fb4e4d35d056b3e1b8433043e900aa0c2906bb6b8fc3d36a1.form
3995249e678a288d9d60225596dc9e7cf5a7c0a8424c1c8fb7687f27dd374c94	303488	output/eros_text_training/machine-rest-3995249e678a288d9d60225596dc9e7cf5a7c0a8424c1c8fb7687f27dd374c94.form
3a544d7c17b3abbd849625931d73a6ae578d80cefb78f099d9d9340abe694deb	332224	output/eros_text_training/machine-rest-3a544d7c17b3abbd849625931d73a6ae578d80cefb78f099d9d9340abe694deb.form
3aa572237935c0cb8ad807d0174d91013d3927949322afb3d4475da89de9749e	316108	output/eros_text_training/machine-rest-3aa572237935c0cb8ad807d0174d91013d3927949322afb3d4475da89de9749e.form
3ac714c73440158b4e0d5ee7240b7500455d222ebafd24fd29f58c640cd43deb	333988	output/eros_text_training/machine-rest-3ac714c73440158b4e0d5ee7240b7500455d222ebafd24fd29f58c640cd43deb.form
3af3e715848e980c226750b0440824bc288c42af15022c1ef4b894273cc7d2bf	338336	output/eros_text_training/machine-rest-3af3e715848e980c226750b0440824bc288c42af15022c1ef4b894273cc7d2bf.form
3b0dce420d318def17434209e2355f9fdb34907d5beef599a24295964f89dd2b	30044	output/eros_text_training/machine-rest-3b0dce420d318def17434209e2355f9fdb34907d5beef599a24295964f89dd2b.form
3b1464f9c868ae0ca3470308e607abdf7bee1573ab769283d131487253b1c4b8	249336	output/eros_text_training/machine-rest-3b1464f9c868ae0ca3470308e607abdf7bee1573ab769283d131487253b1c4b8.form
3bb7ab8a5cec02a19aa488c956b687473b34bfa83160735f4d438815ec21a329	114188	output/eros_text_training/machine-rest-3bb7ab8a5cec02a19aa488c956b687473b34bfa83160735f4d438815ec21a329.form
3c745e6601dc0bf597e409ef245fd73c812974e361d4fdda0950c9135a38f439	137056	output/eros_text_training/machine-rest-3c745e6601dc0bf597e409ef245fd73c812974e361d4fdda0950c9135a38f439.form
3cce5f5e10e884d8adc86e9865dab445077d5647a1a0d25195962439a62d724b	213336	output/eros_text_training/machine-rest-3cce5f5e10e884d8adc86e9865dab445077d5647a1a0d25195962439a62d724b.form
3d02eb0a6d062cffceac1d18b477dc7b4096e48cb2e4534dc4fe89151382f160	252304	output/eros_text_training/machine-rest-3d02eb0a6d062cffceac1d18b477dc7b4096e48cb2e4534dc4fe89151382f160.form
3d2d21da35928920e2c234ad054752aa873ea14874f1ba4fa2b748a932e711ae	252304	output/eros_text_training/machine-rest-3d2d21da35928920e2c234ad054752aa873ea14874f1ba4fa2b748a932e711ae.form
3ed550f868c005d6202c3ca2d24a6a8e485214ed99b98ca3b222dc76b28db274	207388	output/eros_text_training/machine-rest-3ed550f868c005d6202c3ca2d24a6a8e485214ed99b98ca3b222dc76b28db274.form
3f89fd396aa193f49474b2aa0a53e061f0e0ab9b8e1f6c2cd9b0ef98aab26136	136120	output/eros_text_training/machine-rest-3f89fd396aa193f49474b2aa0a53e061f0e0ab9b8e1f6c2cd9b0ef98aab26136.form
3fefad6d19d0b95ca6eeef159ac8170f64eed9c727aabddd86d3e6fc64df7924	249336	output/eros_text_training/machine-rest-3fefad6d19d0b95ca6eeef159ac8170f64eed9c727aabddd86d3e6fc64df7924.form
41e211d77f82b4c395ef81a11ccaf5895c8bddde4ea07db0229f8395ac168ea0	137416	output/eros_text_training/machine-rest-41e211d77f82b4c395ef81a11ccaf5895c8bddde4ea07db0229f8395ac168ea0.form
420789955c52be56d06e370aacb6372f97e833c76a539fcb79eb0edccd13d8c4	213156	output/eros_text_training/machine-rest-420789955c52be56d06e370aacb6372f97e833c76a539fcb79eb0edccd13d8c4.form
42621c6c198ba646491adbeb1c70e5a5a4334c5786ee2bd5e8bb2649173696e9	115156	output/eros_text_training/machine-rest-42621c6c198ba646491adbeb1c70e5a5a4334c5786ee2bd5e8bb2649173696e9.form
428d31d3d71631ef5833c7698d3dabcca3962e47a0d5bb283ef8491cc2bc7932	332104	output/eros_text_training/machine-rest-428d31d3d71631ef5833c7698d3dabcca3962e47a0d5bb283ef8491cc2bc7932.form
42c8b7a2b8a4b7d119407676ee623dbf45e05f09a2dcc44bb01ca744f74e38eb	32356	output/eros_text_training/machine-rest-42c8b7a2b8a4b7d119407676ee623dbf45e05f09a2dcc44bb01ca744f74e38eb.form
42ca530f4920eddc2309d3d495310eec348e66587cfde0bb0e175c5faa7d89fb	302828	output/eros_text_training/machine-rest-42ca530f4920eddc2309d3d495310eec348e66587cfde0bb0e175c5faa7d89fb.form
43397736673cf411bc4a4f791842e52b337ec23cff813f325096c5031aa56277	25220	output/eros_text_training/machine-rest-43397736673cf411bc4a4f791842e52b337ec23cff813f325096c5031aa56277.form
433b451553dd1b335d506d8f1d03f65f7da0ed10c62565982b76762cc19d0dc7	331968	output/eros_text_training/machine-rest-433b451553dd1b335d506d8f1d03f65f7da0ed10c62565982b76762cc19d0dc7.form
43a376be78626acff3d39c07b9a3e6874739676d4185174c16dbc55b9b56a69c	132028	output/eros_text_training/machine-rest-43a376be78626acff3d39c07b9a3e6874739676d4185174c16dbc55b9b56a69c.form
4447e2f1c14bcabbcbb30ff588c1af471cdf2ad8c90e517ab75728d6b0ff43c4	112548	output/eros_text_training/machine-rest-4447e2f1c14bcabbcbb30ff588c1af471cdf2ad8c90e517ab75728d6b0ff43c4.form
4491af290b1ea0576fdace8874d91c183813c4c95582ccea3218a89db625107c	206948	output/eros_text_training/machine-rest-4491af290b1ea0576fdace8874d91c183813c4c95582ccea3218a89db625107c.form
44fa7f65d8afe025df5f8f7cd9f32f175a07e9e407d43c39ddea5345b1fe1858	340200	output/eros_text_training/machine-rest-44fa7f65d8afe025df5f8f7cd9f32f175a07e9e407d43c39ddea5345b1fe1858.form
4609b5d6c0770c3c733ed363539422ca74bf0f4cc1ae4906671e9cc7dfe3562d	135492	output/eros_text_training/machine-rest-4609b5d6c0770c3c733ed363539422ca74bf0f4cc1ae4906671e9cc7dfe3562d.form
46270a49a726eeafc6b9377e3302d2b628450f7e751a5d9268b4a71d475d7077	213096	output/eros_text_training/machine-rest-46270a49a726eeafc6b9377e3302d2b628450f7e751a5d9268b4a71d475d7077.form
465dbcfaf6df470e0e6854b5e800097f28c836ee89b8200db1539f7ab346e3bf	252064	output/eros_text_training/machine-rest-465dbcfaf6df470e0e6854b5e800097f28c836ee89b8200db1539f7ab346e3bf.form
46788565aad3087efd0cdbe5f3f272b5a67d7828ce0026bba120a8994462a9f6	119384	output/eros_text_training/machine-rest-46788565aad3087efd0cdbe5f3f272b5a67d7828ce0026bba120a8994462a9f6.form
469f4c6febd569f1b5bf3ce814e7b2620562b15db68eff8d6afed078f56d1462	207388	output/eros_text_training/machine-rest-469f4c6febd569f1b5bf3ce814e7b2620562b15db68eff8d6afed078f56d1462.form
46d590194a8425cf18fefd4d3590825c16f729a0efc4d2d05f173d711c88b928	115276	output/eros_text_training/machine-rest-46d590194a8425cf18fefd4d3590825c16f729a0efc4d2d05f173d711c88b928.form
47c2647b574c4634229dd5e0e8fadc899a886c1c2c18e6fbe80b35fb60279edf	132028	output/eros_text_training/machine-rest-47c2647b574c4634229dd5e0e8fadc899a886c1c2c18e6fbe80b35fb60279edf.form
49b531770c0c4d07f96370e0566375da68ae7848ffc311e9ccf3ce36a14e7006	207388	output/eros_text_training/machine-rest-49b531770c0c4d07f96370e0566375da68ae7848ffc311e9ccf3ce36a14e7006.form
4c2836ba85d67f8296066da949b074035201a41b88ce22371c1e3cd6fa2595dd	115276	output/eros_text_training/machine-rest-4c2836ba85d67f8296066da949b074035201a41b88ce22371c1e3cd6fa2595dd.form
4c3e10ff6f4ae92692371ab87ba68d6d3e580a61967d6a6305cf569c5f8f0277	333988	output/eros_text_training/machine-rest-4c3e10ff6f4ae92692371ab87ba68d6d3e580a61967d6a6305cf569c5f8f0277.form
4c6b6a9cdb2d0dd65167d3b58e6abf3bc8ef5fd96db615e2642fc11e0f802694	305008	output/eros_text_training/machine-rest-4c6b6a9cdb2d0dd65167d3b58e6abf3bc8ef5fd96db615e2642fc11e0f802694.form
4cfa9fed56a5bf48ef890e0ab74dbf69615ab3abc1cb2064b0c745b9eedb4789	333988	output/eros_text_training/machine-rest-4cfa9fed56a5bf48ef890e0ab74dbf69615ab3abc1cb2064b0c745b9eedb4789.form
4d289e81d090140209286eadd8ef0f310e817396cac8e1fe45ba2ed5e26e8249	213096	output/eros_text_training/machine-rest-4d289e81d090140209286eadd8ef0f310e817396cac8e1fe45ba2ed5e26e8249.form
4d4790cd52b270e845219fe6fd768ded558fd21ccbd9f54b98f6f9c36365b4c5	314488	output/eros_text_training/machine-rest-4d4790cd52b270e845219fe6fd768ded558fd21ccbd9f54b98f6f9c36365b4c5.form
4e00ea49f981b22ed5def43f8c977fa55eb8bfaba11f2df6ff8c703a15a737b3	338336	output/eros_text_training/machine-rest-4e00ea49f981b22ed5def43f8c977fa55eb8bfaba11f2df6ff8c703a15a737b3.form
4e4a1a88b2b61c9e81b8d312a311dd2dd4bef849ef3a50e2281143f8f7c84813	251012	output/eros_text_training/machine-rest-4e4a1a88b2b61c9e81b8d312a311dd2dd4bef849ef3a50e2281143f8f7c84813.form
4ed535b12fec25bbdc4de75105430219b12a5198baf81e569edad421cfb6cfb9	305008	output/eros_text_training/machine-rest-4ed535b12fec25bbdc4de75105430219b12a5198baf81e569edad421cfb6cfb9.form
4ee30b7288586e5edb840553746019764ea94db2e8e7313b45da76064506c8b3	114488	output/eros_text_training/machine-rest-4ee30b7288586e5edb840553746019764ea94db2e8e7313b45da76064506c8b3.form
4f2f9da7110f56580bb8e68675348d789405977c61858674050a5d8b6edab648	340200	output/eros_text_training/machine-rest-4f2f9da7110f56580bb8e68675348d789405977c61858674050a5d8b6edab648.form
4fd08c00baa28c51da1cba94af9f49896ec4c079d18eb6dd7adb54c2c3b5adde	213036	output/eros_text_training/machine-rest-4fd08c00baa28c51da1cba94af9f49896ec4c079d18eb6dd7adb54c2c3b5adde.form
502422e2fae141185f592ce6e8c0bddc08b9528b2c6cfb598eb034362b7885da	252124	output/eros_text_training/machine-rest-502422e2fae141185f592ce6e8c0bddc08b9528b2c6cfb598eb034362b7885da.form
506f5200d1b83b8ba9631dae9220f32df8e954842d2c4b98a4b9c7f63c37231f	314548	output/eros_text_training/machine-rest-506f5200d1b83b8ba9631dae9220f32df8e954842d2c4b98a4b9c7f63c37231f.form
50b512fe9a5b92054ce2b06da2d08c6669cca0843fa85a5d0f5597cc234174f5	302828	output/eros_text_training/machine-rest-50b512fe9a5b92054ce2b06da2d08c6669cca0843fa85a5d0f5597cc234174f5.form
51a5d85731d245feef8801a4f3f485c0a47f1bd641a6a0b8991381451eb9cefd	252124	output/eros_text_training/machine-rest-51a5d85731d245feef8801a4f3f485c0a47f1bd641a6a0b8991381451eb9cefd.form
527bc6449338d7ded9578aa810896121c3e5a34119c2dfbe715eeac31d97817b	212496	output/eros_text_training/machine-rest-527bc6449338d7ded9578aa810896121c3e5a34119c2dfbe715eeac31d97817b.form
528f09649d3553a7001c08e4fc1e32598c494483d336b65ad4619bc7eb6ca176	132028	output/eros_text_training/machine-rest-528f09649d3553a7001c08e4fc1e32598c494483d336b65ad4619bc7eb6ca176.form
53e746b8b963cef54e16c4e66dafbfeb04a21b22c141a57ce76a86a6cd23c7ed	332344	output/eros_text_training/machine-rest-53e746b8b963cef54e16c4e66dafbfeb04a21b22c141a57ce76a86a6cd23c7ed.form
54302c3140b18377dc9cae8ba5055e40c5f4e9be89b77822b2734be586ea7f87	25220	output/eros_text_training/machine-rest-54302c3140b18377dc9cae8ba5055e40c5f4e9be89b77822b2734be586ea7f87.form
54b38d0e96a079021ecb309e3d29d606a60fc495171f43537f15729740e20a0c	212496	output/eros_text_training/machine-rest-54b38d0e96a079021ecb309e3d29d606a60fc495171f43537f15729740e20a0c.form
54f14545d16861fcbe488047bb7c582ae565d6dc8a60283844c8a0822285e5ab	112368	output/eros_text_training/machine-rest-54f14545d16861fcbe488047bb7c582ae565d6dc8a60283844c8a0822285e5ab.form
559613839d81af221150847eee106e6b9027d5b59019682cd6bf3d74a8d7aaec	213156	output/eros_text_training/machine-rest-559613839d81af221150847eee106e6b9027d5b59019682cd6bf3d74a8d7aaec.form
55e886ad6e2ef4b381eeb43162ada3d08443f346e4d64754f42f56d9665ff491	332404	output/eros_text_training/machine-rest-55e886ad6e2ef4b381eeb43162ada3d08443f346e4d64754f42f56d9665ff491.form
566f61ff48ee865f36767f5373a54c2c8a651e33cc26e4fa5db623e7f85bdda5	251012	output/eros_text_training/machine-rest-566f61ff48ee865f36767f5373a54c2c8a651e33cc26e4fa5db623e7f85bdda5.form
57264d998d3205e355b5184db48ea82d83350a2a09055a2095dc6270da7ddee9	207328	output/eros_text_training/machine-rest-57264d998d3205e355b5184db48ea82d83350a2a09055a2095dc6270da7ddee9.form
5801d1195690a49a4b621bcc1d115f96d13eb594cf3242486e086ecf4688bedc	132208	output/eros_text_training/machine-rest-5801d1195690a49a4b621bcc1d115f96d13eb594cf3242486e086ecf4688bedc.form
583a3ea47658f060d8b2a288fccca3f8d2350d9bbb5a1b7589a944638fc9c70a	213156	output/eros_text_training/machine-rest-583a3ea47658f060d8b2a288fccca3f8d2350d9bbb5a1b7589a944638fc9c70a.form
584d6f145f2a47d35797303b12818c4acbbdfa97e57ac4958245b5df9515db6a	132208	output/eros_text_training/machine-rest-584d6f145f2a47d35797303b12818c4acbbdfa97e57ac4958245b5df9515db6a.form
594394efef21fdbdcf8db738eacd7287cb4e75b89dada9500b5ece6077a43535	24356	output/eros_text_training/machine-rest-594394efef21fdbdcf8db738eacd7287cb4e75b89dada9500b5ece6077a43535.form
59ada06426de7d287e5642dac629c01ef4bea424ee1a8b9f102320d9a2ba0f4c	207328	output/eros_text_training/machine-rest-59ada06426de7d287e5642dac629c01ef4bea424ee1a8b9f102320d9a2ba0f4c.form
59c963121c7e91b4be8769d151b6bc0a91866f614d5772e21df4fd8e9a7b4bdd	135432	output/eros_text_training/machine-rest-59c963121c7e91b4be8769d151b6bc0a91866f614d5772e21df4fd8e9a7b4bdd.form
5a635f5eda31a13881d1e0f199b7a0e1cbda10b1b28527189d90c61777922dea	305008	output/eros_text_training/machine-rest-5a635f5eda31a13881d1e0f199b7a0e1cbda10b1b28527189d90c61777922dea.form
5a7f7f438c7af4047322537baa3a43a4acf7716f22ef97d6a48509b6883a70cc	316288	output/eros_text_training/machine-rest-5a7f7f438c7af4047322537baa3a43a4acf7716f22ef97d6a48509b6883a70cc.form
5c1dfd6ea8c4c8e48bb7465d79732fb03f34fd001a9712ee3231ace245a550e0	314548	output/eros_text_training/machine-rest-5c1dfd6ea8c4c8e48bb7465d79732fb03f34fd001a9712ee3231ace245a550e0.form
5c6afb9053f9c604dc973e5568fd68aaa0b7d49aee2de5bf1ddb23db56800f1e	213156	output/eros_text_training/machine-rest-5c6afb9053f9c604dc973e5568fd68aaa0b7d49aee2de5bf1ddb23db56800f1e.form
5c914afb8127f80a1027d73663fccbf6a7c85d971bcd733d746f057a6100d2e7	112548	output/eros_text_training/machine-rest-5c914afb8127f80a1027d73663fccbf6a7c85d971bcd733d746f057a6100d2e7.form
5caf6d4c151dee1ad5c89ea3f3a81a6bb7140d1b78707ce66bb6724b81cea86d	249336	output/eros_text_training/machine-rest-5caf6d4c151dee1ad5c89ea3f3a81a6bb7140d1b78707ce66bb6724b81cea86d.form
5df968ae84c65bf321e1d24817f78b5a12c5fb6f6c2fe485369ab8a7deaaf595	333628	output/eros_text_training/machine-rest-5df968ae84c65bf321e1d24817f78b5a12c5fb6f6c2fe485369ab8a7deaaf595.form
5e883021059340a1da027b798c6a2a1a654021a134ad7049a8a272592d66f078	331984	output/eros_text_training/machine-rest-5e883021059340a1da027b798c6a2a1a654021a134ad7049a8a272592d66f078.form
5f543064dcbf3bc9fc234ed769107e6db890dd5c52e06c05427fcacddbb744bb	251192	output/eros_text_training/machine-rest-5f543064dcbf3bc9fc234ed769107e6db890dd5c52e06c05427fcacddbb744bb.form
5faee6d09984f3b1ee49d63a86505209b08d8eef23ed731fda94ccf3696ab21c	340320	output/eros_text_training/machine-rest-5faee6d09984f3b1ee49d63a86505209b08d8eef23ed731fda94ccf3696ab21c.form
5fcbd3c9e8558722673d5429cfeee8e727b9fca602fe0012b2a0bc0137394409	316108	output/eros_text_training/machine-rest-5fcbd3c9e8558722673d5429cfeee8e727b9fca602fe0012b2a0bc0137394409.form
6002eb55ad847256086fd65b9836e255ef57eefd9419249e2c010f3a8f4d7c56	193036	output/eros_text_training/machine-rest-6002eb55ad847256086fd65b9836e255ef57eefd9419249e2c010f3a8f4d7c56.form
609e808d681c4904ba066c6f83981c76f6a9cc875aadaa284a50a3f24fd2fe7d	111384	output/eros_text_training/machine-rest-609e808d681c4904ba066c6f83981c76f6a9cc875aadaa284a50a3f24fd2fe7d.form
60a569c8b303c3ae00106b484d75f1100c1e2f351de8006a9537c3ba898a940c	333688	output/eros_text_training/machine-rest-60a569c8b303c3ae00106b484d75f1100c1e2f351de8006a9537c3ba898a940c.form
616a3fd35f62af0c7cf9361ab3545ec3c2f9b9f08062d7c6203fc8d6876f2d34	340200	output/eros_text_training/machine-rest-616a3fd35f62af0c7cf9361ab3545ec3c2f9b9f08062d7c6203fc8d6876f2d34.form
61f6eb98059d4d0505aa627d5d189ce65aeeb793e59a95226c67afc6ffdcd244	302828	output/eros_text_training/machine-rest-61f6eb98059d4d0505aa627d5d189ce65aeeb793e59a95226c67afc6ffdcd244.form
622d60ada126a7ef918e72610ba7638d017aefed1b0cf2f6c93ec4034f9c1cda	242404	output/eros_text_training/machine-rest-622d60ada126a7ef918e72610ba7638d017aefed1b0cf2f6c93ec4034f9c1cda.form
6250e6fdd8084131bf7888d1986a868c98738c08b96b2e881dbdb9def29f631f	114916	output/eros_text_training/machine-rest-6250e6fdd8084131bf7888d1986a868c98738c08b96b2e881dbdb9def29f631f.form
62fd00e51161aa3193d5ff098bf8a2f41d5bd43acf4cf76b3d11254fe7c13d6e	213096	output/eros_text_training/machine-rest-62fd00e51161aa3193d5ff098bf8a2f41d5bd43acf4cf76b3d11254fe7c13d6e.form
634d51c03797876184f8d7446e9f866b7872ca89658dfc2ea4abf41759698e12	30044	output/eros_text_training/machine-rest-634d51c03797876184f8d7446e9f866b7872ca89658dfc2ea4abf41759698e12.form
636f151ec0f86eaed1b76d77791ee68a1eeda0e8dd4d7aefa377f10901e8bcab	27648	output/eros_text_training/machine-rest-636f151ec0f86eaed1b76d77791ee68a1eeda0e8dd4d7aefa377f10901e8bcab.form
64173cd4643af14e0cb172e1fe995788baf8c79d280ac2365d9f1bb62d37b95a	251012	output/eros_text_training/machine-rest-64173cd4643af14e0cb172e1fe995788baf8c79d280ac2365d9f1bb62d37b95a.form
6420a00b4fa80c5494f816bd6dfb8e38f5496c39a354d2cea960cfc192a4eecf	27828	output/eros_text_training/machine-rest-6420a00b4fa80c5494f816bd6dfb8e38f5496c39a354d2cea960cfc192a4eecf.form
64f52356e417fc9442de95bee6f5ed79c0350797e35620c0b2d3483e5d59a18a	249456	output/eros_text_training/machine-rest-64f52356e417fc9442de95bee6f5ed79c0350797e35620c0b2d3483e5d59a18a.form
659d06c26633213ef93d2d30ba41a7fd7d2fb149e5c3e71e4b56c42d2e97db1c	32056	output/eros_text_training/machine-rest-659d06c26633213ef93d2d30ba41a7fd7d2fb149e5c3e71e4b56c42d2e97db1c.form
65a200673f47f9a45cbe4bb721097348f5c4c1fbbfaf98633bf03cbf16ccbf27	242404	output/eros_text_training/machine-rest-65a200673f47f9a45cbe4bb721097348f5c4c1fbbfaf98633bf03cbf16ccbf27.form
65d303d62689625ef2045db3062df55428b90b31ff9ecab4313c119e90b210e1	251012	output/eros_text_training/machine-rest-65d303d62689625ef2045db3062df55428b90b31ff9ecab4313c119e90b210e1.form
6639999ced7b7c2e477408b4bca4e54409f76afb586c971f07fef0d8d10bb645	25220	output/eros_text_training/machine-rest-6639999ced7b7c2e477408b4bca4e54409f76afb586c971f07fef0d8d10bb645.form
66e71b1fd71cffee67a2be35734f4b333bfb150a6a27c2b5f6527f0812e44f26	114128	output/eros_text_training/machine-rest-66e71b1fd71cffee67a2be35734f4b333bfb150a6a27c2b5f6527f0812e44f26.form
670bba2492a9cf346938e12024ca2caed3bfd1d50fa6babcb75fa94d6874f090	243004	output/eros_text_training/machine-rest-670bba2492a9cf346938e12024ca2caed3bfd1d50fa6babcb75fa94d6874f090.form
670c32a9e44665e08f5088824982c672bcb034b2f04b35c8abd17c2682796e86	252124	output/eros_text_training/machine-rest-670c32a9e44665e08f5088824982c672bcb034b2f04b35c8abd17c2682796e86.form
67a4e3b0a1c2fe0dab0cdd548cf938f457d0a4c3f15d869b8364172629beba4f	135432	output/eros_text_training/machine-rest-67a4e3b0a1c2fe0dab0cdd548cf938f457d0a4c3f15d869b8364172629beba4f.form
67a6433645690cfb4f70e50619cb4848f69363d922f484379d0e8e3dd338e00e	316288	output/eros_text_training/machine-rest-67a6433645690cfb4f70e50619cb4848f69363d922f484379d0e8e3dd338e00e.form
69d63f48ebc23c11f512fc00688cab86fa6b1a6ce84541597d9f253edb4df365	119144	output/eros_text_training/machine-rest-69d63f48ebc23c11f512fc00688cab86fa6b1a6ce84541597d9f253edb4df365.form
69d945fd5200c2e5cff26fe2c3517ace084469be78b06e79342cf60087c30547	213156	output/eros_text_training/machine-rest-69d945fd5200c2e5cff26fe2c3517ace084469be78b06e79342cf60087c30547.form
69eec90002a8ed76ec6b6e894f703bf5ae438a46e64e046a9162a898bb7955c3	305428	output/eros_text_training/machine-rest-69eec90002a8ed76ec6b6e894f703bf5ae438a46e64e046a9162a898bb7955c3.form
6b7c1524de8dcf0ddef5c4d1cc8ea73b37211bc9738499221e4d0150194b0dc5	213156	output/eros_text_training/machine-rest-6b7c1524de8dcf0ddef5c4d1cc8ea73b37211bc9738499221e4d0150194b0dc5.form
6bb22920db5bfb0bd075ecb32bb05a378ba0d25262b21451239b59f08393a396	338516	output/eros_text_training/machine-rest-6bb22920db5bfb0bd075ecb32bb05a378ba0d25262b21451239b59f08393a396.form
6c2fc5cec4daacc6bf6126280983c4b5a6fa3c803c48e8ccdba83334e89acd43	305008	output/eros_text_training/machine-rest-6c2fc5cec4daacc6bf6126280983c4b5a6fa3c803c48e8ccdba83334e89acd43.form
6c84e351e7a349f65e2f36f6408e1121273cae19da5bcf08c7d36d6b8773f01b	119204	output/eros_text_training/machine-rest-6c84e351e7a349f65e2f36f6408e1121273cae19da5bcf08c7d36d6b8773f01b.form
6cbbfb3e59762bb6abd31fd5d610cf12e1d2ff4813ce90debdb953a1c051226f	249336	output/eros_text_training/machine-rest-6cbbfb3e59762bb6abd31fd5d610cf12e1d2ff4813ce90debdb953a1c051226f.form
6d42f68f90c405f880d37ef622e6ddf9c10bfe8c31511f4b1224c7e65f9dd5a7	338336	output/eros_text_training/machine-rest-6d42f68f90c405f880d37ef622e6ddf9c10bfe8c31511f4b1224c7e65f9dd5a7.form
6d55e2bc77b505f6e07bf02a0b16015b3562a0a10538cea4753f666d5323fd89	251192	output/eros_text_training/machine-rest-6d55e2bc77b505f6e07bf02a0b16015b3562a0a10538cea4753f666d5323fd89.form
6f09b2c430869cee1d5fcb799832eb957bc73a4655143c03075895b963f34851	110368	output/eros_text_training/machine-rest-6f09b2c430869cee1d5fcb799832eb957bc73a4655143c03075895b963f34851.form
703cb05e369bac290a4545f4f6fc433fa7264443a8ace3a5c8eca1faaaf4b22f	302828	output/eros_text_training/machine-rest-703cb05e369bac290a4545f4f6fc433fa7264443a8ace3a5c8eca1faaaf4b22f.form
706a2b685be88be58b083bf3bbb57282c44ebec04e17342d51329d1f2b5ba013	115276	output/eros_text_training/machine-rest-706a2b685be88be58b083bf3bbb57282c44ebec04e17342d51329d1f2b5ba013.form
7261cb501d83f16b486cf8683be59897f697c37fe7f0915862ef8feb483763d7	207388	output/eros_text_training/machine-rest-7261cb501d83f16b486cf8683be59897f697c37fe7f0915862ef8feb483763d7.form
728687b346d48b40430a8945bf472a60643e80c23752632c529e2b06e10d42e3	119444	output/eros_text_training/machine-rest-728687b346d48b40430a8945bf472a60643e80c23752632c529e2b06e10d42e3.form
72b0c546e894cee239f48c89b276d9fe01e9b9e7c5f73428d3e6361dae51f09c	333628	output/eros_text_training/machine-rest-72b0c546e894cee239f48c89b276d9fe01e9b9e7c5f73428d3e6361dae51f09c.form
73a62ec7e167a39b4abb2aca13447895f8c1a6c513b52176ad3145c07334442e	331984	output/eros_text_training/machine-rest-73a62ec7e167a39b4abb2aca13447895f8c1a6c513b52176ad3145c07334442e.form
747162331dfd5879348fc2abbd43370c2099abb643c30b1bb0617c0d53847aab	136480	output/eros_text_training/machine-rest-747162331dfd5879348fc2abbd43370c2099abb643c30b1bb0617c0d53847aab.form
7490a6192bdb0b0e6be847498c6ea3f10f4b8d86c24c92c71ca87625cbba89d7	304948	output/eros_text_training/machine-rest-7490a6192bdb0b0e6be847498c6ea3f10f4b8d86c24c92c71ca87625cbba89d7.form
74935d3261da8d9e25e8a64df69c68e7d1b7028aa105bcc749384670051d5861	136120	output/eros_text_training/machine-rest-74935d3261da8d9e25e8a64df69c68e7d1b7028aa105bcc749384670051d5861.form
74baa4d142e0fa53bb8da8143178da895ae67c50b57bfc18b73339d63218a745	213156	output/eros_text_training/machine-rest-74baa4d142e0fa53bb8da8143178da895ae67c50b57bfc18b73339d63218a745.form
74dc02f3e12352cea73c16ffe4db0a91c87a1253ce1a2f7cc1d557a9ce0ef539	340440	output/eros_text_training/machine-rest-74dc02f3e12352cea73c16ffe4db0a91c87a1253ce1a2f7cc1d557a9ce0ef539.form
75c06b63009d849d6fb94f97665bd5beb91500b5cd444a88221064a114b785aa	232136	output/eros_text_training/machine-rest-75c06b63009d849d6fb94f97665bd5beb91500b5cd444a88221064a114b785aa.form
764b94221636643c3c445ada41c85b4edd7129bcf03f39f7726c85c4be94aa39	213156	output/eros_text_training/machine-rest-764b94221636643c3c445ada41c85b4edd7129bcf03f39f7726c85c4be94aa39.form
7730fc5d6a68ad44c6ee0c62be5410054f6d4f4d561d64a0d5bd5f5f765fe176	333628	output/eros_text_training/machine-rest-7730fc5d6a68ad44c6ee0c62be5410054f6d4f4d561d64a0d5bd5f5f765fe176.form
77ad39664dd74acf3d702dcb0e79eaa6e71052a54ee40f9272e1555a32e33df8	132028	output/eros_text_training/machine-rest-77ad39664dd74acf3d702dcb0e79eaa6e71052a54ee40f9272e1555a32e33df8.form
7888dcd3e3b2ec70e66f15255fb57451c23ad331fb5df86151c0fb068594b977	114916	output/eros_text_training/machine-rest-7888dcd3e3b2ec70e66f15255fb57451c23ad331fb5df86151c0fb068594b977.form
78e2dbc948e0a7fc68f4bbecf8cf114d9e8194d2fbf96747b5cf7e126e8720d2	339396	output/eros_text_training/machine-rest-78e2dbc948e0a7fc68f4bbecf8cf114d9e8194d2fbf96747b5cf7e126e8720d2.form
7ab75775be7329a83200cf729add7c141ac9d9791964a540d5d62d40dabd929e	117304	output/eros_text_training/machine-rest-7ab75775be7329a83200cf729add7c141ac9d9791964a540d5d62d40dabd929e.form
7b30576228102f500aece9e94dc569ade4f4b564c9a7d1223535fe9e13e1ab50	207568	output/eros_text_training/machine-rest-7b30576228102f500aece9e94dc569ade4f4b564c9a7d1223535fe9e13e1ab50.form
7c3015517cb9a131678aaf0ec0cff1ac6cfd32e181ce84ff6585cb71238bb017	30044	output/eros_text_training/machine-rest-7c3015517cb9a131678aaf0ec0cff1ac6cfd32e181ce84ff6585cb71238bb017.form
7c54b7cbb2db2f69d76189ba30b89ffe9c85b947cd3dce2d709f33f91c9193db	135552	output/eros_text_training/machine-rest-7c54b7cbb2db2f69d76189ba30b89ffe9c85b947cd3dce2d709f33f91c9193db.form
7c6e2d0bfe1597dca0a98214bea55d935a712d6db5758dd913d8ce9831dd669c	115276	output/eros_text_training/machine-rest-7c6e2d0bfe1597dca0a98214bea55d935a712d6db5758dd913d8ce9831dd669c.form
7db59c6d78a36b1211bc0c789a504ce1a3b64f9156217b545a503b5e400cc4b0	135432	output/eros_text_training/machine-rest-7db59c6d78a36b1211bc0c789a504ce1a3b64f9156217b545a503b5e400cc4b0.form
7ec1774afc9361c81852c1c6390ed2c8bb742a0be7ad062759e57fb97b526e5a	32296	output/eros_text_training/machine-rest-7ec1774afc9361c81852c1c6390ed2c8bb742a0be7ad062759e57fb97b526e5a.form
7ecd08f5031de43f330530bb6f1a33a0049c0561d3877efdda6fd3769a793b73	252304	output/eros_text_training/machine-rest-7ecd08f5031de43f330530bb6f1a33a0049c0561d3877efdda6fd3769a793b73.form
7f34be06c50e7822e4ab1e250c00902606498109ab21b6683bb803125683f191	333688	output/eros_text_training/machine-rest-7f34be06c50e7822e4ab1e250c00902606498109ab21b6683bb803125683f191.form
810fa15bc5bac6c13f56ec61c48c6cf5497a2ca7d16389f2511d9af399d6744a	316288	output/eros_text_training/machine-rest-810fa15bc5bac6c13f56ec61c48c6cf5497a2ca7d16389f2511d9af399d6744a.form
81a23539c30af595b4a119fad5f3b2fefc425eee360a43b0737973c3ed5ebf27	119204	output/eros_text_training/machine-rest-81a23539c30af595b4a119fad5f3b2fefc425eee360a43b0737973c3ed5ebf27.form
822e7efc8809c6541c1526d3634bf6da2a95dd182d826ed8cf7f32b1365f2842	32356	output/eros_text_training/machine-rest-822e7efc8809c6541c1526d3634bf6da2a95dd182d826ed8cf7f32b1365f2842.form
8247405038046f5f41684d25a61f632491fc7191fe71ce6e94979f857505e463	213156	output/eros_text_training/machine-rest-8247405038046f5f41684d25a61f632491fc7191fe71ce6e94979f857505e463.form
82c78086bb5fc0b6ab121e4bd607cc0b79cf7f137a68051b8b99a97caf6d8cb7	114188	output/eros_text_training/machine-rest-82c78086bb5fc0b6ab121e4bd607cc0b79cf7f137a68051b8b99a97caf6d8cb7.form
82e1108de38bf55d11a3c9d68fb8d19fe198f0fc4016a2a255fdde9da216239e	30044	output/eros_text_training/machine-rest-82e1108de38bf55d11a3c9d68fb8d19fe198f0fc4016a2a255fdde9da216239e.form
82e7c8ee2f0887081c5baa7f07a324c5cf6457c3d6f3d91a037b80e1fce7c40a	26504	output/eros_text_training/machine-rest-82e7c8ee2f0887081c5baa7f07a324c5cf6457c3d6f3d91a037b80e1fce7c40a.form
8399b48321fa978b7fd040e243bdb6d5683fd407ccb3a038b32fe99e97c9e393	114428	output/eros_text_training/machine-rest-8399b48321fa978b7fd040e243bdb6d5683fd407ccb3a038b32fe99e97c9e393.form
839bbf20a73394d99b2717a24a5d290616fe16d920fa96064263ec8132d6a86c	333688	output/eros_text_training/machine-rest-839bbf20a73394d99b2717a24a5d290616fe16d920fa96064263ec8132d6a86c.form
83ed0dda905a22ab31d506effbb245db92536e5a0bf87e53dfaa58a543713066	132028	output/eros_text_training/machine-rest-83ed0dda905a22ab31d506effbb245db92536e5a0bf87e53dfaa58a543713066.form
83f2878771b8833b7b50f2495cc23e2f135bd6baeee9086f14f568181b8c46be	32056	output/eros_text_training/machine-rest-83f2878771b8833b7b50f2495cc23e2f135bd6baeee9086f14f568181b8c46be.form
84c6ef3b8c9ba0d62856338a23bad0265229cd98145ecdb8aa2d5f853b401609	31148	output/eros_text_training/machine-rest-84c6ef3b8c9ba0d62856338a23bad0265229cd98145ecdb8aa2d5f853b401609.form
84ef7ded81c141f5eee251d7739855d82875552ba347aa55e6b1e76b6445e48a	340320	output/eros_text_training/machine-rest-84ef7ded81c141f5eee251d7739855d82875552ba347aa55e6b1e76b6445e48a.form
857c094cfcdfd3245fb9e5824f2fb5a384a8c2d5ba40046fbff2c0036d75b4ff	136696	output/eros_text_training/machine-rest-857c094cfcdfd3245fb9e5824f2fb5a384a8c2d5ba40046fbff2c0036d75b4ff.form
86494b305d8f648e78cae62d66f1f7e4587c7fdb39db0bc4dee8b9229321c446	112548	output/eros_text_training/machine-rest-86494b305d8f648e78cae62d66f1f7e4587c7fdb39db0bc4dee8b9229321c446.form
8693383ef139feba99fb432019d60755fe7263caf4d148b07f55069bafad5fe4	137536	output/eros_text_training/machine-rest-8693383ef139feba99fb432019d60755fe7263caf4d148b07f55069bafad5fe4.form
871b6f0c1eed1a4d43d0de708ce28db20eb20f30435c870e73b164ef0f683990	251012	output/eros_text_training/machine-rest-871b6f0c1eed1a4d43d0de708ce28db20eb20f30435c870e73b164ef0f683990.form
87bc854502033f0b9021524193f9c345c82d97114f0916b1092128d40b2558b3	332104	output/eros_text_training/machine-rest-87bc854502033f0b9021524193f9c345c82d97114f0916b1092128d40b2558b3.form
88985b78e3bca714c99891bc6535e2fe34ca8a93f183486040b2ff71f564ba3b	212436	output/eros_text_training/machine-rest-88985b78e3bca714c99891bc6535e2fe34ca8a93f183486040b2ff71f564ba3b.form
89dd457b2193c6a792a58957ecca65074850feffe20effb8cc63e419b68bca3f	136636	output/eros_text_training/machine-rest-89dd457b2193c6a792a58957ecca65074850feffe20effb8cc63e419b68bca3f.form
8a471a7997b77bc120d5b2a1e1112a754a25a67cd94988b22d3bee8ac48d11cb	333988	output/eros_text_training/machine-rest-8a471a7997b77bc120d5b2a1e1112a754a25a67cd94988b22d3bee8ac48d11cb.form
8be9ebaae990ba3d3c546d5236fd24445f078e874a148523be981d22ae6c78b6	213036	output/eros_text_training/machine-rest-8be9ebaae990ba3d3c546d5236fd24445f078e874a148523be981d22ae6c78b6.form
8cc5df0cf67d5040da851f817cfbc71acb076654f6138cbbebeaaa878680bd44	338276	output/eros_text_training/machine-rest-8cc5df0cf67d5040da851f817cfbc71acb076654f6138cbbebeaaa878680bd44.form
8d370b26e1dde494afd0ab8c29c5af7e1c42b80508efc24f7cafb0849c1182af	32056	output/eros_text_training/machine-rest-8d370b26e1dde494afd0ab8c29c5af7e1c42b80508efc24f7cafb0849c1182af.form
8da7fbd9dc48a07fa92adc23609770d996527f2464208e0330a10add185dcedb	213096	output/eros_text_training/machine-rest-8da7fbd9dc48a07fa92adc23609770d996527f2464208e0330a10add185dcedb.form
8ddc58a8160001b9ef0047f065e60128adb729f5de83d9ba45da4a93ef23c69b	25340	output/eros_text_training/machine-rest-8ddc58a8160001b9ef0047f065e60128adb729f5de83d9ba45da4a93ef23c69b.form
8e6198677800e1eb52b9dada9d0c157917f64a0b0a2a912ff691291a5dd9de17	333928	output/eros_text_training/machine-rest-8e6198677800e1eb52b9dada9d0c157917f64a0b0a2a912ff691291a5dd9de17.form
8e68fa7c65b2423b75ba382e60fc11fdd27a8ccb0b87ef4ce28e9a30aa102f7f	137056	output/eros_text_training/machine-rest-8e68fa7c65b2423b75ba382e60fc11fdd27a8ccb0b87ef4ce28e9a30aa102f7f.form
8e92ba5dcba41f26404370a8e233f717aa4704a961d50c6728b983750ef33ddd	249096	output/eros_text_training/machine-rest-8e92ba5dcba41f26404370a8e233f717aa4704a961d50c6728b983750ef33ddd.form
8f75897e4aab95e9e320391ddcb3ee840532b5a738701e1eef461b5631c86bb2	25220	output/eros_text_training/machine-rest-8f75897e4aab95e9e320391ddcb3ee840532b5a738701e1eef461b5631c86bb2.form
8f8d05da425eb9611c451e8301ce3e9cb10d6566ce34c3ba7dabf4c5aa8bbfed	31148	output/eros_text_training/machine-rest-8f8d05da425eb9611c451e8301ce3e9cb10d6566ce34c3ba7dabf4c5aa8bbfed.form
8fe020da15e38187160721843b055e1c72bb0c13e4a8a79667de9aa647006e6e	336736	output/eros_text_training/machine-rest-8fe020da15e38187160721843b055e1c72bb0c13e4a8a79667de9aa647006e6e.form
9003c3af27320164a8a002f6585ef63d8eab24862730fbdd32f27ec22e5d4e53	112368	output/eros_text_training/machine-rest-9003c3af27320164a8a002f6585ef63d8eab24862730fbdd32f27ec22e5d4e53.form
902e7b0e4f3834259bdce8ad84607d918231761fe9f1bea0709de7b26576622f	112548	output/eros_text_training/machine-rest-902e7b0e4f3834259bdce8ad84607d918231761fe9f1bea0709de7b26576622f.form
91e2840c7eb178c3c96449846d938a6f565feb1e63484d705510053788cccda6	243004	output/eros_text_training/machine-rest-91e2840c7eb178c3c96449846d938a6f565feb1e63484d705510053788cccda6.form
936b2954115358a8e7fc869efa4cbc7affa38ba9321782f3ae1a4a0f33dea4a1	251140	output/eros_text_training/machine-rest-936b2954115358a8e7fc869efa4cbc7affa38ba9321782f3ae1a4a0f33dea4a1.form
93b4a1ac1bcdb9d9d72a491a959aa7129e0e69c624ae6f37edd2064edf6e63ec	114488	output/eros_text_training/machine-rest-93b4a1ac1bcdb9d9d72a491a959aa7129e0e69c624ae6f37edd2064edf6e63ec.form
942be3aff26a15fe772057d66759809a93f26963e4900bd1ab83c877c4022144	316228	output/eros_text_training/machine-rest-942be3aff26a15fe772057d66759809a93f26963e4900bd1ab83c877c4022144.form
95a7c7f642870db126d3e18628f18b7ef6753e953a71b4c82468ce5c897b5a73	333688	output/eros_text_training/machine-rest-95a7c7f642870db126d3e18628f18b7ef6753e953a71b4c82468ce5c897b5a73.form
960ce4a4d801b07bba27b07150d335a5ee065f4351ebf06a7863d8d520c6768c	135552	output/eros_text_training/machine-rest-960ce4a4d801b07bba27b07150d335a5ee065f4351ebf06a7863d8d520c6768c.form
96a4822757357a8e1b2dd826f280816f356df30b4f7045e6101b1543850b088a	135432	output/eros_text_training/machine-rest-96a4822757357a8e1b2dd826f280816f356df30b4f7045e6101b1543850b088a.form
976b745dcd812690b3636bb94f5004adf50b9a78b101e287f00db99d3c67ab1b	316228	output/eros_text_training/machine-rest-976b745dcd812690b3636bb94f5004adf50b9a78b101e287f00db99d3c67ab1b.form
9772f5da2b6f354766bc98008761afb7aff74468e864ac629b0403eef15e9c4d	114488	output/eros_text_training/machine-rest-9772f5da2b6f354766bc98008761afb7aff74468e864ac629b0403eef15e9c4d.form
97ff92b2623732fe12f1f59c88fa07f8bd35c5296ff6196bf2261d5025ce4c7c	27828	output/eros_text_training/machine-rest-97ff92b2623732fe12f1f59c88fa07f8bd35c5296ff6196bf2261d5025ce4c7c.form
980b20a1a63327f432e4da32d3090664ee7fb6e697e469f3b721bfa49a00b90a	242344	output/eros_text_training/machine-rest-980b20a1a63327f432e4da32d3090664ee7fb6e697e469f3b721bfa49a00b90a.form
9861729c3ca6b4c06081449d7beef61a1905d8a790d5b9e6e185e1ea141580f8	212436	output/eros_text_training/machine-rest-9861729c3ca6b4c06081449d7beef61a1905d8a790d5b9e6e185e1ea141580f8.form
990a39ff431a16a2be90991b4d736628fbbc46f8c1a041acf615993f05a2c423	242404	output/eros_text_training/machine-rest-990a39ff431a16a2be90991b4d736628fbbc46f8c1a041acf615993f05a2c423.form
9a687962d69450ffffa6c9093f713e26c4eff5e904fb5b123c7226f8235893b7	207388	output/eros_text_training/machine-rest-9a687962d69450ffffa6c9093f713e26c4eff5e904fb5b123c7226f8235893b7.form
9b36c784777a0420de4584e82f76d5c5e6e735de570fe4a31a37705aaa91b1b4	303488	output/eros_text_training/machine-rest-9b36c784777a0420de4584e82f76d5c5e6e735de570fe4a31a37705aaa91b1b4.form
9b64a786e81d47c74b1ca932ac2af3c9dd1b524994a87ef407703c16b864096e	27828	output/eros_text_training/machine-rest-9b64a786e81d47c74b1ca932ac2af3c9dd1b524994a87ef407703c16b864096e.form
9be59a6bdb18bd02c0a69ceffb7834d231d224c6ab6c9384de69288b92cb6a12	340140	output/eros_text_training/machine-rest-9be59a6bdb18bd02c0a69ceffb7834d231d224c6ab6c9384de69288b92cb6a12.form
9c98e16f759e2798a525fcd9af5ed18f006d7b295f51f9b69fd09e38057dd5de	302828	output/eros_text_training/machine-rest-9c98e16f759e2798a525fcd9af5ed18f006d7b295f51f9b69fd09e38057dd5de.form
9ccc6106d9c1abd4ba952515bf86aafa17a24b48a91621bd4e1206e16e95bae5	26504	output/eros_text_training/machine-rest-9ccc6106d9c1abd4ba952515bf86aafa17a24b48a91621bd4e1206e16e95bae5.form
9e655670f02ba5ff5692da019bbdc29a5573e77362a34a04942281375c0f43a3	112548	output/eros_text_training/machine-rest-9e655670f02ba5ff5692da019bbdc29a5573e77362a34a04942281375c0f43a3.form
9e81f8b93b7cc160ca19353ce358152df1be6bbde4f71b370a12299c7e6f2469	251192	output/eros_text_training/machine-rest-9e81f8b93b7cc160ca19353ce358152df1be6bbde4f71b370a12299c7e6f2469.form
9f98bbad4dad3bd60c6c5b5ccfdfe8a11a0a363a50b17f4594279c780bdd1026	340440	output/eros_text_training/machine-rest-9f98bbad4dad3bd60c6c5b5ccfdfe8a11a0a363a50b17f4594279c780bdd1026.form
a0898093bc98c462b519cb3a48c71fca2d91afff12e23d67170abe60c2e0d289	249336	output/eros_text_training/machine-rest-a0898093bc98c462b519cb3a48c71fca2d91afff12e23d67170abe60c2e0d289.form
a1b79f8bb9a18cf6f0c71bad340891f9107e246c4c12dad39779ad701cc7147e	27828	output/eros_text_training/machine-rest-a1b79f8bb9a18cf6f0c71bad340891f9107e246c4c12dad39779ad701cc7147e.form
a2adb144512891a5c1fca68268d4e736322509665c4b49139bd875ca14aed913	32056	output/eros_text_training/machine-rest-a2adb144512891a5c1fca68268d4e736322509665c4b49139bd875ca14aed913.form
a3ad45b7e38f37dda707dab3f104407d939f8b0bed66e36a4265f0dcf56b167e	112548	output/eros_text_training/machine-rest-a3ad45b7e38f37dda707dab3f104407d939f8b0bed66e36a4265f0dcf56b167e.form
a3bbde7046c71cd91e8af9d50b70b4e510c0aae4a7425bfd38135554df0df406	338516	output/eros_text_training/machine-rest-a3bbde7046c71cd91e8af9d50b70b4e510c0aae4a7425bfd38135554df0df406.form
a48df1ae1878dd772b7b317f34df187870296084b63352470510507309450ba1	252124	output/eros_text_training/machine-rest-a48df1ae1878dd772b7b317f34df187870296084b63352470510507309450ba1.form
a4c142bad5850c62b4755a4586644f08d6356c020b03c91152fefc3e4d36ca34	119444	output/eros_text_training/machine-rest-a4c142bad5850c62b4755a4586644f08d6356c020b03c91152fefc3e4d36ca34.form
a584f343a19e6de5845bd576ccd5bbda37f35ce0ce2d8798a4fc53d1b72bf10e	32056	output/eros_text_training/machine-rest-a584f343a19e6de5845bd576ccd5bbda37f35ce0ce2d8798a4fc53d1b72bf10e.form
a5964c24161ae0afb12df21622afa93cd13fd249ff3da1b8259236a97fa2a89c	242404	output/eros_text_training/machine-rest-a5964c24161ae0afb12df21622afa93cd13fd249ff3da1b8259236a97fa2a89c.form
a63655e339e6fe7ded11a261e868b8d121b7710cc7e3f00b5f796566a7102785	207628	output/eros_text_training/machine-rest-a63655e339e6fe7ded11a261e868b8d121b7710cc7e3f00b5f796566a7102785.form
a687568ee9520b3c5fa7e8693cbc44a6f331d733bf02f958afcc3f7d86385309	316048	output/eros_text_training/machine-rest-a687568ee9520b3c5fa7e8693cbc44a6f331d733bf02f958afcc3f7d86385309.form
a698cfc9d5218d317a3507ac410aeba42da187f05cc69ca36b42b6a5de41ea7f	213156	output/eros_text_training/machine-rest-a698cfc9d5218d317a3507ac410aeba42da187f05cc69ca36b42b6a5de41ea7f.form
a72b4178b0b8a51af2a983c99d9e38366839b41ffb03f22afd54723708c4be18	242884	output/eros_text_training/machine-rest-a72b4178b0b8a51af2a983c99d9e38366839b41ffb03f22afd54723708c4be18.form
a767315b52a88be56db039606cf8cc8f806b6f848e5379f01042ca2f1b270f9d	333688	output/eros_text_training/machine-rest-a767315b52a88be56db039606cf8cc8f806b6f848e5379f01042ca2f1b270f9d.form
a84f523c77175861302d4071d9938efcc9de3e6f71f1073a033826e61294961f	32356	output/eros_text_training/machine-rest-a84f523c77175861302d4071d9938efcc9de3e6f71f1073a033826e61294961f.form
a87b6e28a446a45e263549982dc79e22f20b6be50ae32c2c0f29bb789ef56ed0	305008	output/eros_text_training/machine-rest-a87b6e28a446a45e263549982dc79e22f20b6be50ae32c2c0f29bb789ef56ed0.form
a985cbb8c25719b018550bb81fd3807e6f0f226e624bad880cf8f65fed88647a	207568	output/eros_text_training/machine-rest-a985cbb8c25719b018550bb81fd3807e6f0f226e624bad880cf8f65fed88647a.form
aa7ccdde931f5f216f324c9682e3a555424e7fe1ad1fb1f02206074cdfb5052d	212436	output/eros_text_training/machine-rest-aa7ccdde931f5f216f324c9682e3a555424e7fe1ad1fb1f02206074cdfb5052d.form
aaa4212903dcdee406dd4d84ffae330ec517f91abae79d02d6dc844da3f6f2d3	115276	output/eros_text_training/machine-rest-aaa4212903dcdee406dd4d84ffae330ec517f91abae79d02d6dc844da3f6f2d3.form
ab03815d4fcc225159929a2fe99c19a325a83648eaab4a3226ca84e7b487e7f4	213096	output/eros_text_training/machine-rest-ab03815d4fcc225159929a2fe99c19a325a83648eaab4a3226ca84e7b487e7f4.form
ab4eea6a54338e930138355dc717bf1f2ff713e26558a144b664fd60b92caa33	27648	output/eros_text_training/machine-rest-ab4eea6a54338e930138355dc717bf1f2ff713e26558a144b664fd60b92caa33.form
ab6e53607bdad92a2d8d8c458f28a3c32185b4c0b6b6ac7b3e9a815b4886bd06	331984	output/eros_text_training/machine-rest-ab6e53607bdad92a2d8d8c458f28a3c32185b4c0b6b6ac7b3e9a815b4886bd06.form
ac68c9f1ee3200f35a5ec3c4372db73c59cd7f0ae6c259c738622827c559f22a	249156	output/eros_text_training/machine-rest-ac68c9f1ee3200f35a5ec3c4372db73c59cd7f0ae6c259c738622827c559f22a.form
aca1778600b7eb109217cb793d604e9e3ffefcdf9b7bba9f442127a6a8794b5a	135432	output/eros_text_training/machine-rest-aca1778600b7eb109217cb793d604e9e3ffefcdf9b7bba9f442127a6a8794b5a.form
acc3e30dbec7171619b3d4936310a482b51e7512d3b001456ad02c5cf2661207	340200	output/eros_text_training/machine-rest-acc3e30dbec7171619b3d4936310a482b51e7512d3b001456ad02c5cf2661207.form
af9a8f2a2c4fcbd56414466e0032252e94ec7dc7dfa8c5e963c0ac4b4e0ddbea	132208	output/eros_text_training/machine-rest-af9a8f2a2c4fcbd56414466e0032252e94ec7dc7dfa8c5e963c0ac4b4e0ddbea.form
b05dac504eff164044392f954f73b1599706fb0a728f511205dd88edba68844a	314548	output/eros_text_training/machine-rest-b05dac504eff164044392f954f73b1599706fb0a728f511205dd88edba68844a.form
b0bf21a9edad49246765eadd350475cba382d8477190440e0bc6eea9c27d50ab	135552	output/eros_text_training/machine-rest-b0bf21a9edad49246765eadd350475cba382d8477190440e0bc6eea9c27d50ab.form
b1bc97d5f0b13e79ff8d39bab22e7eda8c9b49c8bd2233a34571c4e37c6281c9	305188	output/eros_text_training/machine-rest-b1bc97d5f0b13e79ff8d39bab22e7eda8c9b49c8bd2233a34571c4e37c6281c9.form
b25013132edd032c66e7d6ea014528bfc464a5ae76d7c509d8780e61e1fff64d	305188	output/eros_text_training/machine-rest-b25013132edd032c66e7d6ea014528bfc464a5ae76d7c509d8780e61e1fff64d.form
b32db4975caa394849488a8122ca24b33e30cc81132894a1d85a704ac9de8bd7	212556	output/eros_text_training/machine-rest-b32db4975caa394849488a8122ca24b33e30cc81132894a1d85a704ac9de8bd7.form
b374449f9c7e44ed3f83b4f85ec875717b306f8eb868709ef7e62538c6ae7fbe	213096	output/eros_text_training/machine-rest-b374449f9c7e44ed3f83b4f85ec875717b306f8eb868709ef7e62538c6ae7fbe.form
b470b35c670075e478becc8fae203f328c95f2def65b8ba396f41a94026ca1c7	251012	output/eros_text_training/machine-rest-b470b35c670075e478becc8fae203f328c95f2def65b8ba396f41a94026ca1c7.form
b4c957c1cb22c554a18e00b1dc8a537c24fc3f9a4d5adc3b93f3c3c3fd754cc1	331984	output/eros_text_training/machine-rest-b4c957c1cb22c554a18e00b1dc8a537c24fc3f9a4d5adc3b93f3c3c3fd754cc1.form
b51e0077ff13eed860ed756753f34c91aed0456cd91e5d8a5a19012c549a07c2	242944	output/eros_text_training/machine-rest-b51e0077ff13eed860ed756753f34c91aed0456cd91e5d8a5a19012c549a07c2.form
b5597d709815c09280537e7c20dc21e4449507351ef04b1f36fd21e4376eebe3	340440	output/eros_text_training/machine-rest-b5597d709815c09280537e7c20dc21e4449507351ef04b1f36fd21e4376eebe3.form
b596ebae93c630ec460e95e40aa104753127e510d6e7c2b4fee03417ec10eff8	302768	output/eros_text_training/machine-rest-b596ebae93c630ec460e95e40aa104753127e510d6e7c2b4fee03417ec10eff8.form
b5d8ddce7b7ea20d23760cd5a269eb11c8fd974b85a7ce6137c248c6c68c99e9	114428	output/eros_text_training/machine-rest-b5d8ddce7b7ea20d23760cd5a269eb11c8fd974b85a7ce6137c248c6c68c99e9.form
b70ba3df2a3399117c7d4943f8c3509bfa233b90f2aad46f6e1fb2168fd22b7b	290504	output/eros_text_training/machine-rest-b70ba3df2a3399117c7d4943f8c3509bfa233b90f2aad46f6e1fb2168fd22b7b.form
b70f3bf550c6103ed3dba4c47508603cca5a441590ae54991af7a9fa162182f6	137536	output/eros_text_training/machine-rest-b70f3bf550c6103ed3dba4c47508603cca5a441590ae54991af7a9fa162182f6.form
b761c2ac764770c005b24054010a48a1a8f75143be7ea856f21c599ca1f626ad	25340	output/eros_text_training/machine-rest-b761c2ac764770c005b24054010a48a1a8f75143be7ea856f21c599ca1f626ad.form
b7b5d1193308297873a49941b856635ac3642fe4a51bfa3166c71e68fa7bd0f8	314432	output/eros_text_training/machine-rest-b7b5d1193308297873a49941b856635ac3642fe4a51bfa3166c71e68fa7bd0f8.form
b8e2f032bb596b6384dedd48d3606654976573e818c707f1dcb0b2aa392b6d7f	119504	output/eros_text_training/machine-rest-b8e2f032bb596b6384dedd48d3606654976573e818c707f1dcb0b2aa392b6d7f.form
b8f10c6651de0073a6bd29541914f6b8923bc7d8e898cdfaed8a2f8e49ba51ba	137056	output/eros_text_training/machine-rest-b8f10c6651de0073a6bd29541914f6b8923bc7d8e898cdfaed8a2f8e49ba51ba.form
b96d621eb44dc8df76c77b571c9c09884f8edde4227a803a651ebad0791e8ff7	340320	output/eros_text_training/machine-rest-b96d621eb44dc8df76c77b571c9c09884f8edde4227a803a651ebad0791e8ff7.form
ba48b4d1f279f902e83402d5577cc551409e72e27cb04950928de1fab31b7e2f	132208	output/eros_text_training/machine-rest-ba48b4d1f279f902e83402d5577cc551409e72e27cb04950928de1fab31b7e2f.form
ba7871d3959f6485673bb4692985de0218d6fc0e0b39b10edf14a5118b2af09e	119444	output/eros_text_training/machine-rest-ba7871d3959f6485673bb4692985de0218d6fc0e0b39b10edf14a5118b2af09e.form
ba86023f1e8a54a71df823f40d317bf07cb5cc7ed3aaf483acb06497e9260778	137056	output/eros_text_training/machine-rest-ba86023f1e8a54a71df823f40d317bf07cb5cc7ed3aaf483acb06497e9260778.form
baa9c8cc61b0a18e47310688af2ab5fec0a7ae7fb13effef7db3d1e48e201518	213156	output/eros_text_training/machine-rest-baa9c8cc61b0a18e47310688af2ab5fec0a7ae7fb13effef7db3d1e48e201518.form
bb5c2c79a68276658838771ed12111cf893f86f47e04ea098d97b59ba9deda3d	25220	output/eros_text_training/machine-rest-bb5c2c79a68276658838771ed12111cf893f86f47e04ea098d97b59ba9deda3d.form
bcc4373441edbe467cdbb0e1d746803107f2774434c20315a31ab873abf9170b	131224	output/eros_text_training/machine-rest-bcc4373441edbe467cdbb0e1d746803107f2774434c20315a31ab873abf9170b.form
bcce00dea53bb0b04844a5a19737bc3e1ff2a6b9278a1410a9c4ad4e971fbd45	314388	output/eros_text_training/machine-rest-bcce00dea53bb0b04844a5a19737bc3e1ff2a6b9278a1410a9c4ad4e971fbd45.form
bd03ebb4430435ae73a6dde5d2ca41a36376de1e2880a9a0e47ce6850686b4cb	212436	output/eros_text_training/machine-rest-bd03ebb4430435ae73a6dde5d2ca41a36376de1e2880a9a0e47ce6850686b4cb.form
bd5d26ee7ff6befac687d6a62defd365b0aa72339fdf8b4c2cef4e49586371ab	119444	output/eros_text_training/machine-rest-bd5d26ee7ff6befac687d6a62defd365b0aa72339fdf8b4c2cef4e49586371ab.form
bfc3ba354c9adff161d354ff7c6569e0b8be3c8dbf8109345e141ee74525eeb1	243004	output/eros_text_training/machine-rest-bfc3ba354c9adff161d354ff7c6569e0b8be3c8dbf8109345e141ee74525eeb1.form
c0de7ae6513adce70c74e1e14b95175d3aa126dda3c11ce71f3bd46ce49412c5	114428	output/eros_text_training/machine-rest-c0de7ae6513adce70c74e1e14b95175d3aa126dda3c11ce71f3bd46ce49412c5.form
c119185909d92b64c373e8f653854fad72b06e1ca738d9f4744ff6af5e014b7a	252304	output/eros_text_training/machine-rest-c119185909d92b64c373e8f653854fad72b06e1ca738d9f4744ff6af5e014b7a.form
c15d8ba00e77fa1e0e40a99529604a0cf6595ddd2834317230435ba9a938202e	137536	output/eros_text_training/machine-rest-c15d8ba00e77fa1e0e40a99529604a0cf6595ddd2834317230435ba9a938202e.form
c185e0f9d0e60d148c494d2896722548264e5f40642a939c07f06a0d2008cf07	252244	output/eros_text_training/machine-rest-c185e0f9d0e60d148c494d2896722548264e5f40642a939c07f06a0d2008cf07.form
c1cec2c1cdb4be5891b5d5ae7af58e897603ff64c96598e46f264abc5d847f8f	31148	output/eros_text_training/machine-rest-c1cec2c1cdb4be5891b5d5ae7af58e897603ff64c96598e46f264abc5d847f8f.form
c31f07aef1b872650307fa182e3d09583da19b87a778babf86faf1f87a81a6a6	112488	output/eros_text_training/machine-rest-c31f07aef1b872650307fa182e3d09583da19b87a778babf86faf1f87a81a6a6.form
c33dfe49565011290fb90670750b30fff3e54a636d493c23c4714d792a69a349	136120	output/eros_text_training/machine-rest-c33dfe49565011290fb90670750b30fff3e54a636d493c23c4714d792a69a349.form
c39230799be336c2b060961685bd2ea271b2db5ac2456505969384183bef3d79	316288	output/eros_text_training/machine-rest-c39230799be336c2b060961685bd2ea271b2db5ac2456505969384183bef3d79.form
c3ef6753f7a9da2cbb965c815f8cdaa37354e822bbd65900cf2a6e90f0786bfd	135432	output/eros_text_training/machine-rest-c3ef6753f7a9da2cbb965c815f8cdaa37354e822bbd65900cf2a6e90f0786bfd.form
c47662d9c72796211ee2686015266bf140dc2643f9bfa1cc878395e58c95e4c8	248932	output/eros_text_training/machine-rest-c47662d9c72796211ee2686015266bf140dc2643f9bfa1cc878395e58c95e4c8.form
c60437040ce40a7c785f667e86e371b78ad8f7e82b375ff1eb26949759f95f20	60	output/eros_text_training/machine-rest-c60437040ce40a7c785f667e86e371b78ad8f7e82b375ff1eb26949759f95f20.form
c69330cd95ef8e1e59fa4ce6a23ffb84db42d9dc8a26f3fbce33dca0cf8d81af	316108	output/eros_text_training/machine-rest-c69330cd95ef8e1e59fa4ce6a23ffb84db42d9dc8a26f3fbce33dca0cf8d81af.form
c770b6341d49b1af19a38ab2fcf60285ab6b528b5a2135c309d4237e5e12f859	251132	output/eros_text_training/machine-rest-c770b6341d49b1af19a38ab2fcf60285ab6b528b5a2135c309d4237e5e12f859.form
c7c8670141407d542ffe74a0f1a90c715a36d3e68fee7db332dadf55bd822568	213156	output/eros_text_training/machine-rest-c7c8670141407d542ffe74a0f1a90c715a36d3e68fee7db332dadf55bd822568.form
c8aeef07f6c4428a31cea141903e943a9494fe45f1165833dc8bd0931168a1ec	29984	output/eros_text_training/machine-rest-c8aeef07f6c4428a31cea141903e943a9494fe45f1165833dc8bd0931168a1ec.form
c949f8c593c3bbb3cefb92e9863b38303cc3025c96e3d7bad0015efb0897c8c8	305188	output/eros_text_training/machine-rest-c949f8c593c3bbb3cefb92e9863b38303cc3025c96e3d7bad0015efb0897c8c8.form
cac1aa5d37cf128680a5ce9c6e8a10839a0c0e7bc53d964213bd2b9acd9b911d	340200	output/eros_text_training/machine-rest-cac1aa5d37cf128680a5ce9c6e8a10839a0c0e7bc53d964213bd2b9acd9b911d.form
cbf607c0a7b69746d0f17270b7b7a5ae266a05d678fdf04bdd99c350456c7347	207388	output/eros_text_training/machine-rest-cbf607c0a7b69746d0f17270b7b7a5ae266a05d678fdf04bdd99c350456c7347.form
cc0f5d6a11f11f455b0a9b68fc75ef914c5b26d86f417751dfca0cbb54ae19e4	213276	output/eros_text_training/machine-rest-cc0f5d6a11f11f455b0a9b68fc75ef914c5b26d86f417751dfca0cbb54ae19e4.form
cc1c06e6196218278f27e340990f9ee87f8f35f8f165e2bf6b645ec985a4684b	25160	output/eros_text_training/machine-rest-cc1c06e6196218278f27e340990f9ee87f8f35f8f165e2bf6b645ec985a4684b.form
cc5cfcbdb1df81a58ba03a1c4e412c48cb43e1229ab2384db7c38dbc0f93ac2e	31996	output/eros_text_training/machine-rest-cc5cfcbdb1df81a58ba03a1c4e412c48cb43e1229ab2384db7c38dbc0f93ac2e.form
cc64ec53ed22fb5e46b10c38c614e55b18d22d5837b5854fae303a76399ee1b6	249336	output/eros_text_training/machine-rest-cc64ec53ed22fb5e46b10c38c614e55b18d22d5837b5854fae303a76399ee1b6.form
cccea7502141f103995a0594340fb48bf7a9fef6f5ae1799765114d2cdf362e4	30044	output/eros_text_training/machine-rest-cccea7502141f103995a0594340fb48bf7a9fef6f5ae1799765114d2cdf362e4.form
ccdf888ce51c9ad9f6f3163217583d1d5c604e26202820e71815fc507ef88274	252304	output/eros_text_training/machine-rest-ccdf888ce51c9ad9f6f3163217583d1d5c604e26202820e71815fc507ef88274.form
cf92d5b0c12a5e1dd21654b2e0c32f03d81e7adbc1d818a51a35bf85b7896110	114428	output/eros_text_training/machine-rest-cf92d5b0c12a5e1dd21654b2e0c32f03d81e7adbc1d818a51a35bf85b7896110.form
cfb14fdf1c6841de64b035aa9a521bfc1f77aa5ca80df2f7fa556e2862a4c965	136120	output/eros_text_training/machine-rest-cfb14fdf1c6841de64b035aa9a521bfc1f77aa5ca80df2f7fa556e2862a4c965.form
cfe76f836e367beef5a454714e04de62df7b7e3c3fe41f833be933901beb7a06	136696	output/eros_text_training/machine-rest-cfe76f836e367beef5a454714e04de62df7b7e3c3fe41f833be933901beb7a06.form
cffb824e3113cfde26cb607036f6f6f35dbcbbb380e99fc78d69e0cc4ff7ffc2	338516	output/eros_text_training/machine-rest-cffb824e3113cfde26cb607036f6f6f35dbcbbb380e99fc78d69e0cc4ff7ffc2.form
d0fd8ff1015a305dd6ccd47f8aee667d40ad8c24f9722beb0ba50bbe4abbbae7	314548	output/eros_text_training/machine-rest-d0fd8ff1015a305dd6ccd47f8aee667d40ad8c24f9722beb0ba50bbe4abbbae7.form
d10968815d8ae0d484fa99b81c96224455da6c6c8567894a545cc1de9bec5bda	27828	output/eros_text_training/machine-rest-d10968815d8ae0d484fa99b81c96224455da6c6c8567894a545cc1de9bec5bda.form
d145edc489cd280980d8be2ee538a7f10a42c7aa50d52a685846f93cdfeafbb3	340200	output/eros_text_training/machine-rest-d145edc489cd280980d8be2ee538a7f10a42c7aa50d52a685846f93cdfeafbb3.form
d19f16a3e1b186dffbc8b4dacac2a47d1e1c478d36c74d912c5f0448ee67e03a	132028	output/eros_text_training/machine-rest-d19f16a3e1b186dffbc8b4dacac2a47d1e1c478d36c74d912c5f0448ee67e03a.form
d20436c8ac76f0a7594beceadc64b05a5e84f6ea723bd03b716e9aab39bd2abb	114976	output/eros_text_training/machine-rest-d20436c8ac76f0a7594beceadc64b05a5e84f6ea723bd03b716e9aab39bd2abb.form
d2cdbc71de2fb3253b442fa8ad3fdcbec0ab5d0de75818b0c90c3bda91451f02	134616	output/eros_text_training/machine-rest-d2cdbc71de2fb3253b442fa8ad3fdcbec0ab5d0de75818b0c90c3bda91451f02.form
d355eb70a9e3fbdbe080adbf04710bd4bc21b63517cfd8e9cdfeb07be9a9eb69	250952	output/eros_text_training/machine-rest-d355eb70a9e3fbdbe080adbf04710bd4bc21b63517cfd8e9cdfeb07be9a9eb69.form
d3a8ac02bed753c0d1c86f2849cf0938f8816a5fbf0c46f984c433acf6f1e41e	26784	output/eros_text_training/machine-rest-d3a8ac02bed753c0d1c86f2849cf0938f8816a5fbf0c46f984c433acf6f1e41e.form
d3d906e00a7adbfde3b7f6c8edb86a3dfbd8d56ec6ab83bb660226998414f6dd	207388	output/eros_text_training/machine-rest-d3d906e00a7adbfde3b7f6c8edb86a3dfbd8d56ec6ab83bb660226998414f6dd.form
d3da2249f019c23ffb0d26dd3230cc2d5cecf9770662d24ef8cc4210124c51da	338276	output/eros_text_training/machine-rest-d3da2249f019c23ffb0d26dd3230cc2d5cecf9770662d24ef8cc4210124c51da.form
d3f5e52b88e5ade6968743982206fec6084b7989b700748630483a5c9a1d5d19	331984	output/eros_text_training/machine-rest-d3f5e52b88e5ade6968743982206fec6084b7989b700748630483a5c9a1d5d19.form
d516fb012d26c4972554166e216056d5d9d4b60f7ca2b135e77152d94377fbb3	119444	output/eros_text_training/machine-rest-d516fb012d26c4972554166e216056d5d9d4b60f7ca2b135e77152d94377fbb3.form
d5be10be10c6f40eae96ec880122f339a81fa3e15a2a74b794115cf00949bdc2	249156	output/eros_text_training/machine-rest-d5be10be10c6f40eae96ec880122f339a81fa3e15a2a74b794115cf00949bdc2.form
d6d86b87a8a3d81686d097fa5a2646bea1a223b9416df428a598c74579f67253	314848	output/eros_text_training/machine-rest-d6d86b87a8a3d81686d097fa5a2646bea1a223b9416df428a598c74579f67253.form
d6db2094bf544920f36ba796d23a922edb1062d00f108430c654a2ebe6b55fb6	211436	output/eros_text_training/machine-rest-d6db2094bf544920f36ba796d23a922edb1062d00f108430c654a2ebe6b55fb6.form
d708f523d6fae215c4b3ecadbd53340a81dc4837e338cc258a4372da83b6dce5	136120	output/eros_text_training/machine-rest-d708f523d6fae215c4b3ecadbd53340a81dc4837e338cc258a4372da83b6dce5.form
d7137def0c77ab5d50c4d060795ac29e91f447e8115564de73470035f96da295	207568	output/eros_text_training/machine-rest-d7137def0c77ab5d50c4d060795ac29e91f447e8115564de73470035f96da295.form
d74f4942afb8640038f788fc53c4c4aafa6e6c492bc4187e5aa8ecf46ba71eeb	115336	output/eros_text_training/machine-rest-d74f4942afb8640038f788fc53c4c4aafa6e6c492bc4187e5aa8ecf46ba71eeb.form
d7ad04f84851ef005462a539ae0591033c67efb693174435f036b94160fd39be	115276	output/eros_text_training/machine-rest-d7ad04f84851ef005462a539ae0591033c67efb693174435f036b94160fd39be.form
d7bf4312c6f0f27c17f452dbf5c204fabc35f5dcb48437214663e6a3ee06395e	112548	output/eros_text_training/machine-rest-d7bf4312c6f0f27c17f452dbf5c204fabc35f5dcb48437214663e6a3ee06395e.form
d8745e666fa78e83b8079ac48ab688188aa3c5ef725ee37360734320efafb228	211872	output/eros_text_training/machine-rest-d8745e666fa78e83b8079ac48ab688188aa3c5ef725ee37360734320efafb228.form
d8b0f10c353917df36582b03b9f1785325eb25de803efad57c02105d52fea321	135432	output/eros_text_training/machine-rest-d8b0f10c353917df36582b03b9f1785325eb25de803efad57c02105d52fea321.form
d92c11b96b7bd2d973c8907eda7c71c9a9ec0e829a6196d81864343000f8452c	136120	output/eros_text_training/machine-rest-d92c11b96b7bd2d973c8907eda7c71c9a9ec0e829a6196d81864343000f8452c.form
d97db9c7c9206ac239a56bd12c6c72bbd3f87fae1782314ba0b84c85476f8c67	314728	output/eros_text_training/machine-rest-d97db9c7c9206ac239a56bd12c6c72bbd3f87fae1782314ba0b84c85476f8c67.form
d9cd400d6aa37a00488fa49047231895450c692bb3a388d01e916bdf4264f389	303488	output/eros_text_training/machine-rest-d9cd400d6aa37a00488fa49047231895450c692bb3a388d01e916bdf4264f389.form
da5bf2fc4765ddf02e8e37d827a5bccd8fc0fa1c81b18a39bc28862987ed1f68	243004	output/eros_text_training/machine-rest-da5bf2fc4765ddf02e8e37d827a5bccd8fc0fa1c81b18a39bc28862987ed1f68.form
da88d22fcba626519c584310f67027272b23f00c02c5785b815d1437203665de	242404	output/eros_text_training/machine-rest-da88d22fcba626519c584310f67027272b23f00c02c5785b815d1437203665de.form
db5a3c79134ddbf2cdacd1887dcee7c528e880debd1f93ba37ecf7a713620c02	302828	output/eros_text_training/machine-rest-db5a3c79134ddbf2cdacd1887dcee7c528e880debd1f93ba37ecf7a713620c02.form
dbbd63aec3cd98c310b213d42a2c982fce98af33a1ca280689e6174f351d7cd9	302828	output/eros_text_training/machine-rest-dbbd63aec3cd98c310b213d42a2c982fce98af33a1ca280689e6174f351d7cd9.form
dc02ebb9c815e83ece7fcbd83cc3419618bc338922df8eccec1b5f1b1103828a	207568	output/eros_text_training/machine-rest-dc02ebb9c815e83ece7fcbd83cc3419618bc338922df8eccec1b5f1b1103828a.form
dd20017f01ae091f140e22a9e5c6639b555e8d3abf9473ebd07866429d3c7871	331924	output/eros_text_training/machine-rest-dd20017f01ae091f140e22a9e5c6639b555e8d3abf9473ebd07866429d3c7871.form
ddfaadc3c2510c4f3d843f528241677cc646dab622612120c8ea76b5daf0515b	136420	output/eros_text_training/machine-rest-ddfaadc3c2510c4f3d843f528241677cc646dab622612120c8ea76b5daf0515b.form
dec9c772edf7eb68731ae48816ebf24643c23bdf57fcc24e265cd4c4ee1cbcdd	135372	output/eros_text_training/machine-rest-dec9c772edf7eb68731ae48816ebf24643c23bdf57fcc24e265cd4c4ee1cbcdd.form
df99995d4ac73a704c503854a4b7e9866ed310b513339be7252d04efeee055d5	338516	output/eros_text_training/machine-rest-df99995d4ac73a704c503854a4b7e9866ed310b513339be7252d04efeee055d5.form
dfdda7828c2d4295d0c6583fa8d9ac6fc878b1e5b21e55902a92385216bb01ae	137536	output/eros_text_training/machine-rest-dfdda7828c2d4295d0c6583fa8d9ac6fc878b1e5b21e55902a92385216bb01ae.form
e032cdb90d9384b011a88ac22a6469ba8749850af2589ab562f443604fe2e2c1	112548	output/eros_text_training/machine-rest-e032cdb90d9384b011a88ac22a6469ba8749850af2589ab562f443604fe2e2c1.form
e06156710bc26e771ed77dfda19742fc48b2a2c1c507d1cf898fb04b5a6ea39f	251012	output/eros_text_training/machine-rest-e06156710bc26e771ed77dfda19742fc48b2a2c1c507d1cf898fb04b5a6ea39f.form
e0c9df2eaf4fb0c87fb72151f43351a9e659064e31621443d4dd352b41dafb49	136540	output/eros_text_training/machine-rest-e0c9df2eaf4fb0c87fb72151f43351a9e659064e31621443d4dd352b41dafb49.form
e2151dbffb67a9ee2a2abcdb941910109dc937eb5bf550f52363e90fa729382e	242944	output/eros_text_training/machine-rest-e2151dbffb67a9ee2a2abcdb941910109dc937eb5bf550f52363e90fa729382e.form
e363ff94cad4359843702df9a7343aca2b783af163989a13339df18132b3c604	30044	output/eros_text_training/machine-rest-e363ff94cad4359843702df9a7343aca2b783af163989a13339df18132b3c604.form
e45c8a5977a26c98df2adb36c9d714be3083177eac9928bc16130a8dc3495fca	303248	output/eros_text_training/machine-rest-e45c8a5977a26c98df2adb36c9d714be3083177eac9928bc16130a8dc3495fca.form
e4e4c55b6006391d5e7cab7c2c4a885d66f43c7cd494ea5937e890e1fa21c319	251012	output/eros_text_training/machine-rest-e4e4c55b6006391d5e7cab7c2c4a885d66f43c7cd494ea5937e890e1fa21c319.form
e571d5b65539803fddbbcfc4005900357f378e1e6f983379ad5716bf8fd16987	135552	output/eros_text_training/machine-rest-e571d5b65539803fddbbcfc4005900357f378e1e6f983379ad5716bf8fd16987.form
e5778c7ebaa71a9b22e71a25121971241b11a311713d6ac3ec070d84ff9b4a74	249336	output/eros_text_training/machine-rest-e5778c7ebaa71a9b22e71a25121971241b11a311713d6ac3ec070d84ff9b4a74.form
e57f13c03d1d8f05553ae7f034fdf81cd531fc8953cf213e662986e35bdb228f	302828	output/eros_text_training/machine-rest-e57f13c03d1d8f05553ae7f034fdf81cd531fc8953cf213e662986e35bdb228f.form
e59de3e90f9b20bd19215b1527afe17744be0b10667e98f273d6d8cce9a9d7f1	252304	output/eros_text_training/machine-rest-e59de3e90f9b20bd19215b1527afe17744be0b10667e98f273d6d8cce9a9d7f1.form
e5cb51b0e59129a0598fa25e1bcaf9defe583ccb4723ff571c86837b72e6923e	28420	output/eros_text_training/machine-rest-e5cb51b0e59129a0598fa25e1bcaf9defe583ccb4723ff571c86837b72e6923e.form
e6730f326e936ed70a4395d8be37fe4312fc3c4808e7a7227643a4e42479239c	132208	output/eros_text_training/machine-rest-e6730f326e936ed70a4395d8be37fe4312fc3c4808e7a7227643a4e42479239c.form
e6ac4a5ad0c82379a898aeb509098b45980bb109a28971e441813d7bf3167cb9	207388	output/eros_text_training/machine-rest-e6ac4a5ad0c82379a898aeb509098b45980bb109a28971e441813d7bf3167cb9.form
e75fb4aabbe6fc275524df85f33a2a42a24e1ae26508c7f94f0a53855a98e419	305008	output/eros_text_training/machine-rest-e75fb4aabbe6fc275524df85f33a2a42a24e1ae26508c7f94f0a53855a98e419.form
e77b261479dbb1009421e0809f3337377a12f7f21041066a5dea4aa83f89faf9	213096	output/eros_text_training/machine-rest-e77b261479dbb1009421e0809f3337377a12f7f21041066a5dea4aa83f89faf9.form
e7b4a769398c48a9e2e1787a62f18f2eacd99c30ea3556377173c3692d16bbc6	252304	output/eros_text_training/machine-rest-e7b4a769398c48a9e2e1787a62f18f2eacd99c30ea3556377173c3692d16bbc6.form
e7cbe4261c050182e6101cb0c7b5f5f7fed267f6aad69f8b8cc1b3f084c6b2a8	305008	output/eros_text_training/machine-rest-e7cbe4261c050182e6101cb0c7b5f5f7fed267f6aad69f8b8cc1b3f084c6b2a8.form
e9c6a6ed718e4a7008ece3703d8895243b04251814fcc4fafa8996443cf77e73	114976	output/eros_text_training/machine-rest-e9c6a6ed718e4a7008ece3703d8895243b04251814fcc4fafa8996443cf77e73.form
ea2bb6f678f4709ba14f263747357fce2762ae1c6f84a8682b51dd37a21fe4a5	32056	output/eros_text_training/machine-rest-ea2bb6f678f4709ba14f263747357fce2762ae1c6f84a8682b51dd37a21fe4a5.form
ea540b9cb4779ecfa54b2e7ec3ee295efbe3fe337e9857ec3a1956394b3941ba	305008	output/eros_text_training/machine-rest-ea540b9cb4779ecfa54b2e7ec3ee295efbe3fe337e9857ec3a1956394b3941ba.form
eaab435d2fc7fcd0f5247b0d4c4fc36dac074ea686c54b5889f05fd1763987c0	249156	output/eros_text_training/machine-rest-eaab435d2fc7fcd0f5247b0d4c4fc36dac074ea686c54b5889f05fd1763987c0.form
eaafe586522b695efe70735918f24f4f62b304323e4ce36ae295f176147ce005	114188	output/eros_text_training/machine-rest-eaafe586522b695efe70735918f24f4f62b304323e4ce36ae295f176147ce005.form
eb75da91c4ebae508e3e569fe34a690b2cde8159126e3cf8d4cbc07c16affac8	249096	output/eros_text_training/machine-rest-eb75da91c4ebae508e3e569fe34a690b2cde8159126e3cf8d4cbc07c16affac8.form
eb7eb5d69e3a35d893208b0b02294b607baf36d5b9654ff9bd9f6d4019c226ee	249636	output/eros_text_training/machine-rest-eb7eb5d69e3a35d893208b0b02294b607baf36d5b9654ff9bd9f6d4019c226ee.form
ebdc3ed860f267f67bc707cfe85aa87f977a74f1937f1aa51476f1ee625d838b	32056	output/eros_text_training/machine-rest-ebdc3ed860f267f67bc707cfe85aa87f977a74f1937f1aa51476f1ee625d838b.form
ecbf230e5616273cf490b850e6173a7c66769d1bea81a6d26fb0e6c5cb81299e	331984	output/eros_text_training/machine-rest-ecbf230e5616273cf490b850e6173a7c66769d1bea81a6d26fb0e6c5cb81299e.form
ee2d6b26a7d48018fb3bb772c6efa290632e9beff5d8ea6709ccfb062fb9eaed	338276	output/eros_text_training/machine-rest-ee2d6b26a7d48018fb3bb772c6efa290632e9beff5d8ea6709ccfb062fb9eaed.form
eeb89f6d00e3ed9a9a7a1ea57fa06e8b39695f4fded4fdb41513bec10d0af562	114428	output/eros_text_training/machine-rest-eeb89f6d00e3ed9a9a7a1ea57fa06e8b39695f4fded4fdb41513bec10d0af562.form
efbefd476e79968684690350d43006320545988d3628d0d31763efd9f4ec6a51	131968	output/eros_text_training/machine-rest-efbefd476e79968684690350d43006320545988d3628d0d31763efd9f4ec6a51.form
f01580170d726cfda09745ed080cd5ac08e18dd52ec936d84dbbd813ecd8f210	132028	output/eros_text_training/machine-rest-f01580170d726cfda09745ed080cd5ac08e18dd52ec936d84dbbd813ecd8f210.form
f01de43861858efaafc6455e962760be877d11f4a713d62ea7c891cda66913af	338276	output/eros_text_training/machine-rest-f01de43861858efaafc6455e962760be877d11f4a713d62ea7c891cda66913af.form
f0290940d108e0e5df66303bbfccf2e916a3ee638482eb298ea6e35e18052c9f	333928	output/eros_text_training/machine-rest-f0290940d108e0e5df66303bbfccf2e916a3ee638482eb298ea6e35e18052c9f.form
f03639fd4e9fdd2db3307dca32f5eb1abf7b4cef625f2fe8017d2f6a766cf9e9	27828	output/eros_text_training/machine-rest-f03639fd4e9fdd2db3307dca32f5eb1abf7b4cef625f2fe8017d2f6a766cf9e9.form
f0b39b3ccdde16ab5706f19956eaec4311427259519f517d3120e8ccef229891	213096	output/eros_text_training/machine-rest-f0b39b3ccdde16ab5706f19956eaec4311427259519f517d3120e8ccef229891.form
f16340be5f1c221d993a0959d777b7657196eab354a7d74c3438fd2b59d2064a	242344	output/eros_text_training/machine-rest-f16340be5f1c221d993a0959d777b7657196eab354a7d74c3438fd2b59d2064a.form
f2a44000779c9c332023c0d68813e6b20a7ce5037012d875cf17802a2e64b3ff	242404	output/eros_text_training/machine-rest-f2a44000779c9c332023c0d68813e6b20a7ce5037012d875cf17802a2e64b3ff.form
f2b62ba2eeb27c72bba979122723c7283b85d762be68fb30f910be50094794d4	251012	output/eros_text_training/machine-rest-f2b62ba2eeb27c72bba979122723c7283b85d762be68fb30f910be50094794d4.form
f2c54ec59c0eed8183f563fb657106b1fb29bf9e99946a0428e4e14be254a6bd	249336	output/eros_text_training/machine-rest-f2c54ec59c0eed8183f563fb657106b1fb29bf9e99946a0428e4e14be254a6bd.form
f37920f1a2f3ccfbe6496a46ba655928563a631075724653543cfc07cb3da737	213156	output/eros_text_training/machine-rest-f37920f1a2f3ccfbe6496a46ba655928563a631075724653543cfc07cb3da737.form
f3957002aa57d5d65ad475211abfb9473bf68b11408dac5cd7f78436a1503401	115276	output/eros_text_training/machine-rest-f3957002aa57d5d65ad475211abfb9473bf68b11408dac5cd7f78436a1503401.form
f3ab0202788d4430b179120e8f0bab8e02f8d5898ec13d64917c870338e60761	212436	output/eros_text_training/machine-rest-f3ab0202788d4430b179120e8f0bab8e02f8d5898ec13d64917c870338e60761.form
f4351701f86c7f1a472a14d5bc6cea80709302fd450aedf85c183c3e0b113c86	27828	output/eros_text_training/machine-rest-f4351701f86c7f1a472a14d5bc6cea80709302fd450aedf85c183c3e0b113c86.form
f5532b0f2fce5a7584848e7c004b9f5e616a3e12598e0e0f8fdd819a47ce67d3	212436	output/eros_text_training/machine-rest-f5532b0f2fce5a7584848e7c004b9f5e616a3e12598e0e0f8fdd819a47ce67d3.form
f56a1f66ede014db1492f17efc7b94a475ebfe5ed0f9e8e9f388a77fd8939e07	248112	output/eros_text_training/machine-rest-f56a1f66ede014db1492f17efc7b94a475ebfe5ed0f9e8e9f388a77fd8939e07.form
f60a52273f8c8660ddf4bbf1b539fb8dbcbdb675f2a7f1647a9d707e03e0635d	338516	output/eros_text_training/machine-rest-f60a52273f8c8660ddf4bbf1b539fb8dbcbdb675f2a7f1647a9d707e03e0635d.form
f62b775894badca316db83847218dd43a3c38ce7f47dff47cd1ecbb29bc960be	26504	output/eros_text_training/machine-rest-f62b775894badca316db83847218dd43a3c38ce7f47dff47cd1ecbb29bc960be.form
f6dc4b910dba47280b00c631b6475adac9b80d49f2da00d702fa16f4e5112024	333928	output/eros_text_training/machine-rest-f6dc4b910dba47280b00c631b6475adac9b80d49f2da00d702fa16f4e5112024.form
f6f348b2458b67a4c954c8a91b5ff95ce293aa3c39bcd7a6e8d2bc42115db8cb	114428	output/eros_text_training/machine-rest-f6f348b2458b67a4c954c8a91b5ff95ce293aa3c39bcd7a6e8d2bc42115db8cb.form
f780033de94d418ee7b963251ef0a66aef99f41f31729f5ba52ea6957f7c3c0e	314548	output/eros_text_training/machine-rest-f780033de94d418ee7b963251ef0a66aef99f41f31729f5ba52ea6957f7c3c0e.form
f7c49c6303e1c72a34a21d7fc429f5a62910be47d85b7ab3ad0b5b14d0cdfcad	136540	output/eros_text_training/machine-rest-f7c49c6303e1c72a34a21d7fc429f5a62910be47d85b7ab3ad0b5b14d0cdfcad.form
f80aa2bdf4ecbd9efe0edeedf1d185a7d7bc8ed1691f35c568daa85ee91c619b	316108	output/eros_text_training/machine-rest-f80aa2bdf4ecbd9efe0edeedf1d185a7d7bc8ed1691f35c568daa85ee91c619b.form
f846c37a981f6a77e69c77406582596ba917161973c5c3c44ec3cfa0b4c7731e	305008	output/eros_text_training/machine-rest-f846c37a981f6a77e69c77406582596ba917161973c5c3c44ec3cfa0b4c7731e.form
f89fe5546b3bb82b7be0bf083ca9ddfb42dc0279cd567a074cbeb5cc40bb0d1d	27768	output/eros_text_training/machine-rest-f89fe5546b3bb82b7be0bf083ca9ddfb42dc0279cd567a074cbeb5cc40bb0d1d.form
f926fc4c108c63dbcfc558a4aa623e233580c57aca7549e063fbd350d279ce86	136060	output/eros_text_training/machine-rest-f926fc4c108c63dbcfc558a4aa623e233580c57aca7549e063fbd350d279ce86.form
fa9a75ccd83b99368a36f231981f12df80e0c2fd18a295228bf2331981ee0cda	27588	output/eros_text_training/machine-rest-fa9a75ccd83b99368a36f231981f12df80e0c2fd18a295228bf2331981ee0cda.form
fb1a7e68d848e4ea9cfec985b590941dffa2a285c0562ca7e54c014a70eace09	115276	output/eros_text_training/machine-rest-fb1a7e68d848e4ea9cfec985b590941dffa2a285c0562ca7e54c014a70eace09.form
fb3bf5b487f7f13ef8e128845bcf8e23124f3efa9cc455803bd629b4b62b4fec	27828	output/eros_text_training/machine-rest-fb3bf5b487f7f13ef8e128845bcf8e23124f3efa9cc455803bd629b4b62b4fec.form
fb68cbfc5b63f724d91cf535ff4ce8e53e1fe61d64084f3dcd92256b4cf0ab2a	338516	output/eros_text_training/machine-rest-fb68cbfc5b63f724d91cf535ff4ce8e53e1fe61d64084f3dcd92256b4cf0ab2a.form
fb9564072f5b7deaaec737c13bc60d4a41a4589585e3d1175b34829eb145d090	25220	output/eros_text_training/machine-rest-fb9564072f5b7deaaec737c13bc60d4a41a4589585e3d1175b34829eb145d090.form
fbe31fe4e58ee266e7d37287633cfd3efa1a75ceb772fb9494195e30dfc749c2	112548	output/eros_text_training/machine-rest-fbe31fe4e58ee266e7d37287633cfd3efa1a75ceb772fb9494195e30dfc749c2.form
fd812d20f693b6b713527238bc22f835f0a5d122046f3a4c8ae8bbc64060d153	242404	output/eros_text_training/machine-rest-fd812d20f693b6b713527238bc22f835f0a5d122046f3a4c8ae8bbc64060d153.form
fe87bdb4d1414a045f46d9c46752443c75b93c57b16f39c7a15ff41c95899fe4	32296	output/eros_text_training/machine-rest-fe87bdb4d1414a045f46d9c46752443c75b93c57b16f39c7a15ff41c95899fe4.form
fef18a83fb20afd134d9e69359cbf92aaa78be9779b4f386a0faa804c0344db1	213156	output/eros_text_training/machine-rest-fef18a83fb20afd134d9e69359cbf92aaa78be9779b4f386a0faa804c0344db1.form
ff097f10aa255f6806d1092ed1dfada41b1296fba211535741d2986e13ab47e0	27648	output/eros_text_training/machine-rest-ff097f10aa255f6806d1092ed1dfada41b1296fba211535741d2986e13ab47e0.form
ff4905fe7f28c3cf464954bb1c0b84715e3c672795d64a96a261342b1190c932	135552	output/eros_text_training/machine-rest-ff4905fe7f28c3cf464954bb1c0b84715e3c672795d64a96a261342b1190c932.form
ffd3d34b4f1d2d3b6fbe375980c5436aff81e80827b073f179bbff7187f97b64	340140	output/eros_text_training/machine-rest-ffd3d34b4f1d2d3b6fbe375980c5436aff81e80827b073f179bbff7187f97b64.form
b70ba3df2a3399117c7d4943f8c3509bfa233b90f2aad46f6e1fb2168fd22b7b	290504	output/eros_text_training/machine-rest.form
da94ae7f21a564dbb865f5fa3e557651471a614ba6103c2e2d7552e737c09204	140	output/lean-kernel-witness/carrier_transport-00000.lean
b5bcb17bc21a94d8a6b301650d348b39f711c6bcc3206072f224a25b58d24545	147	output/lean-kernel-witness/carrier_transport-00001.lean
6cb04f762099755edea9d9c39e929e7bed93f8466810fc59c0bb75379e746817	149	output/lean-kernel-witness/carrier_transport-00002.lean
a2b122c69e0d9e7226c589d1897ab18eb1af7ab4923635072eb11b31e5b41219	81	output/lean-kernel-witness/every_receiver_agrees-00000.lean
5a6d94eca49e9477291c2a3bc23b09677e2745c2e254de6389ca565cbd6d4e88	86	output/lean-kernel-witness/every_receiver_agrees-00001.lean
61909e0dff8db93888c0eb194b3a8756e4ab0b8e063c4eef6ddb3f61b4735ac6	6922	output/lean-plural-route-control/KERNEL_VERDICTS.txt
bf9352e121451c3451c23e1161ade5d582d7f2341312832e824a31f5af84988d	133	output/lean-plural-route-control/carrier-transport-direct-00000.lean
b804665ba2b6da118e5b2bfb48231173b6c2263fdd8990f20c11dea763b0ed7c	132	output/lean-plural-route-control/carrier-transport-direct-00001.lean
f66ee550d2ba30120484356fd459b90a0d6d6e7680432237986574368212aa8d	127	output/lean-plural-route-control/carrier-transport-direct-00002.lean
0da0bb5645fea5e2aaf4779aae0f96f52f9b090e7334fff8ce2ab9f5980eb80b	148	output/lean-plural-route-control/carrier-transport-direct-00003.lean
d22b1b862c133a78a353fe4d6fd42b61dd143c73128658e23024f47beee11bf8	154	output/lean-plural-route-control/carrier-transport-direct-00004.lean
9c96a15e853f0c41383eac15156654c1b3c7b7940b780b40c36e68dad013724e	158	output/lean-plural-route-control/carrier-transport-direct-00005.lean
c3e0c57e2c7dd8047f1c8880a57af5def7cd1eb67b6c9f6c4917fd7565082b31	173	output/lean-plural-route-control/carrier-transport-direct-00006.lean
d5758f9256f42280af9eddf593fa034672b5e5c6c452a8c33988047e525c292a	157	output/lean-plural-route-control/carrier-transport-direct-00007.lean
c1009cd80070f5bd781b649b11cf9ca60f7f505fcc16a79e65a486db43949cc8	172	output/lean-plural-route-control/carrier-transport-direct-00008.lean
933e74ff7744fa3d32dee536507aa01a357b3aea36e81162c4560c8b2c233546	152	output/lean-plural-route-control/carrier-transport-direct-00009.lean
7c58245c0e1d32bfc99d70da08f33735d856400cfe4df1c61a2af9f8c007a7d8	167	output/lean-plural-route-control/carrier-transport-direct-00010.lean
904c8401883d40d2be53de23dd081a1491c3f870eba14a0c03475277f681a56c	185	output/lean-plural-route-control/carrier-transport-direct-00011.lean
bf0ce92515e6b305a64475524447cb3dcdb486adc13531775e4bca6f3fcaf4bd	211	output/lean-plural-route-control/carrier-transport-direct-00012.lean
6bc0d4e503ab317d1bdde41528ec1038fa427deae782264691804c84b920359e	143	output/lean-plural-route-control/carrier-transport-direct-00013.lean
c14381e0090dec26bb3abcc5f140597ccc71eb3c60e5ac37b8119a4ede43d2e7	149	output/lean-plural-route-control/carrier-transport-direct-00014.lean
06d417bc9222e4f15945d6d957b665e2b9f1abb906544ed8bc159f298e989ab0	153	output/lean-plural-route-control/carrier-transport-direct-00015.lean
630ce9db106ef7027dfe65b2c8d6da457fac8bc6453e934f30cd96134e02a62e	168	output/lean-plural-route-control/carrier-transport-direct-00016.lean
bf56f1d5ea087dcbd0003093e5deb459e336aad2fdf1bf3ce59032fff0c5c9a3	152	output/lean-plural-route-control/carrier-transport-direct-00017.lean
9d6d6376160cc0ceb7ac5fbd3620d2ddc8f42ac7409d05ec39eee30435993c02	167	output/lean-plural-route-control/carrier-transport-direct-00018.lean
dd7afba4c16c20e413095425b138495b0957709144345554b6ced3cfd3a60297	147	output/lean-plural-route-control/carrier-transport-direct-00019.lean
5369c2ed08e3567ebcc5c28c71ae59e62be4d81e6121ccca85b051e0468db5f0	162	output/lean-plural-route-control/carrier-transport-direct-00020.lean
22c784d44bce819ff8ad23376821f1f72c92a29ad9a2f8e46bd361e6bd5f1aa6	175	output/lean-plural-route-control/carrier-transport-direct-00021.lean
e4df7be8a1a93ee266e92f9b8bc016c909605ae47a95f4892a7b808e4eb61869	196	output/lean-plural-route-control/carrier-transport-direct-00022.lean
82b32cad45972b58fbc217476fec6d1b1f2ac4d2c80eb368ab1901b07ada1388	164	output/lean-plural-route-control/carrier-transport-direct-00023.lean
2a13716765172a4bc1a491e6c042fa6935eea660b92a2aa2abb9bd3a30c5b620	159	output/lean-plural-route-control/carrier-transport-direct-00024.lean
dd1b8d994e86b7e09a36b43e9ff2b7c9f945e1d38f858a0dbc2f08eba1eb9d81	193	output/lean-plural-route-control/carrier-transport-direct-00025.lean
86d365bf45daa029a7be1ab4e3287644b1237e5e453a05e992979b39abd8eefa	192	output/lean-plural-route-control/carrier-transport-direct-00026.lean
47eab49b495e4e137b64417be6354d160dbed207fd238d29c2457dbff6ec862c	187	output/lean-plural-route-control/carrier-transport-direct-00027.lean
1a3d5cd570bb2f48ddc42bfeae2f4573de9b34c02cb6f032f6120ce81eaf098a	193	output/lean-plural-route-control/carrier-transport-direct-00028.lean
2d51eb596d681d7971e22d53740ee8d203b8b3d4f266db4a52d9d2621df4a9a0	192	output/lean-plural-route-control/carrier-transport-direct-00029.lean
43f6f0c90cbb7992f1c3e027ec50bbacc0d8d6c834d2bd3488dddd8e8a278fcb	187	output/lean-plural-route-control/carrier-transport-direct-00030.lean
29a6dd56e1ebe96ff8cbd157f469ebcb7969f92f5a27bcbf237b5279ad6cce80	188	output/lean-plural-route-control/carrier-transport-relayed-00000.lean
d3f0a0a174b188e866f25c6d721fa982cbe4cd0492fd90ce8810a1c4dbe3b1ee	187	output/lean-plural-route-control/carrier-transport-relayed-00001.lean
a36f7f938b8d97d2eaa05dbe0294434d7d31fde45862f2edfbf033eaf31cfe24	182	output/lean-plural-route-control/carrier-transport-relayed-00002.lean
1b580c466870cc5326cc06527133b90adb6ff7e2a1a6597993473f11bfdaa754	201	output/lean-plural-route-control/carrier-transport-relayed-00003.lean
3fddeee2aadf3022b795fe2648958a16f2f143fa775b16c63629985acf8064cf	207	output/lean-plural-route-control/carrier-transport-relayed-00004.lean
20ca29bc15b86f70bd883090b1b5f7c424a2f8288ebbdc32815f32d30c370661	213	output/lean-plural-route-control/carrier-transport-relayed-00005.lean
224757dac8e59517aefd30d0d550d2e18d38ee0b303557a937fd718245a26c64	226	output/lean-plural-route-control/carrier-transport-relayed-00006.lean
6865739bf0b783f69c8c637795b1b4720d41dbaaec47a2e205338c1cfbc0ba69	212	output/lean-plural-route-control/carrier-transport-relayed-00007.lean
3e95e2e9b9a411af6be0e2a38e21dd7c682177b464d3fdcf6507efea6d3a7926	225	output/lean-plural-route-control/carrier-transport-relayed-00008.lean
d0f819297d92056e81a31b29694bd7dcf2049967eb845cc85613e787b4b751d5	207	output/lean-plural-route-control/carrier-transport-relayed-00009.lean
1e0d3361389030abf9b6049e82dce4c3231052207fe39492ba4bc435c91acb40	220	output/lean-plural-route-control/carrier-transport-relayed-00010.lean
5a62a91d4563e392719cbc579485a4cbad4554fc2caaab02fde91a0de18263dd	240	output/lean-plural-route-control/carrier-transport-relayed-00011.lean
48058f8cafcb8faf0ed2e891dcb7f379700ab919b45c7f29359373605446a908	266	output/lean-plural-route-control/carrier-transport-relayed-00012.lean
01f321f50d26722966f2d991392e0f17a548baad94aee89012fcf08309f1b052	196	output/lean-plural-route-control/carrier-transport-relayed-00013.lean
d5243a666eb4f76768690247150332143fc286eba365eb96143bdc6934f8483a	202	output/lean-plural-route-control/carrier-transport-relayed-00014.lean
ef2b5b2cfb803d22b62ad8a23e3ef78e663af7287266dcadd0747cd8e4e26c16	208	output/lean-plural-route-control/carrier-transport-relayed-00015.lean
9e539c427dca4f823d9509c1ee5efb7d4b029996d123d8be0fdb7b9b9335c3f4	221	output/lean-plural-route-control/carrier-transport-relayed-00016.lean
a0b908e75c5122e9d3cabffdd26ca48108fccafc024169c7bb149181190fba29	207	output/lean-plural-route-control/carrier-transport-relayed-00017.lean
f43748fbe9442cb6494e96d93bd5908e8f9c8de95ef8617a802190cdf4419eff	220	output/lean-plural-route-control/carrier-transport-relayed-00018.lean
c1dac83aa3f32dcc9e88276b6d1462ea8e33ddece631141d877e344c849b3446	202	output/lean-plural-route-control/carrier-transport-relayed-00019.lean
0d00833f0b94d55652fabb7cdf6691f9d088e5bdae6b9a0e5bb14d320b886791	215	output/lean-plural-route-control/carrier-transport-relayed-00020.lean
7f67bcef13824f7bcba9f54b7450501e4c18db9ec9c2b208373ed3b4fa93d6b5	230	output/lean-plural-route-control/carrier-transport-relayed-00021.lean
bb3f71a1159010affb4ea494d4314fa028b560800d3cab8ab6f672696c88afdc	251	output/lean-plural-route-control/carrier-transport-relayed-00022.lean
04be4b67786b4f0d1bf4078591413bb659e3ff9e1feed95550dc9d2078e0ddbd	246	output/lean-plural-route-control/carrier-transport-relayed-00023.lean
93b3a3d9e107e8fbaaa7cb80240716aeae859ca9dea3a77a7a960270ea9bae65	245	output/lean-plural-route-control/carrier-transport-relayed-00024.lean
633616a507f8c54ea43333088c4c628a2fa222a1ebd8d3490b28f842c78d654d	240	output/lean-plural-route-control/carrier-transport-relayed-00025.lean
de543ddc26abcd3958c76de1579ad22f77b865c49dd6bd13da0042a9c1f92eca	246	output/lean-plural-route-control/carrier-transport-relayed-00026.lean
d6c7d3eef330c41dbd0ec2d7ad29bffb0543ee858d489ed3871c8590f906df0c	245	output/lean-plural-route-control/carrier-transport-relayed-00027.lean
b0bdf4530bdb4dc1020549195e3a37d08c87a3970bedae4f608a99533ad7ef4c	240	output/lean-plural-route-control/carrier-transport-relayed-00028.lean
52e28ace54f1000089759e53e65a1135c9ed201a7fe398f85fb70d79bf1d51bb	126	output/lean-proof-production/carrier-transport-00000.lean
7da5f4bee0a16ad65141f31db4657b775a27f882a3e952c95bfcb265f018655c	125	output/lean-proof-production/carrier-transport-00001.lean
858723cbc7fe9b1cc6e8014589f99b647f1912f5e078cde14c5259998a8eecbc	120	output/lean-proof-production/carrier-transport-00002.lean
bdf88be1c14c57d52b74aa2ebff82c1e755613f702e63c1e850530d4031ebaea	141	output/lean-proof-production/carrier-transport-00003.lean
f594669ebd3ba6da69db2da6e86cb60e39a53ad9b4dfd0f49f834aee59effbd6	147	output/lean-proof-production/carrier-transport-00004.lean
43c04ca440586a918a0e2b237ac318ec2fd5748f8add6cfeb8c234cd6100bcd3	151	output/lean-proof-production/carrier-transport-00005.lean
08247471ee48dd3131731d8f1ec529dad2c6a5d5e2c48e3f7ef8c4601f626faa	166	output/lean-proof-production/carrier-transport-00006.lean
a0fbecf6eb0ca4b57de9766ed91930fa1f6a88c157ca19a74c0c7fcbef0369f0	150	output/lean-proof-production/carrier-transport-00007.lean
126eb1c2ebe2cd09f407173f6d10a598fc7fd4e45b2a98e789294cbaae4365a6	165	output/lean-proof-production/carrier-transport-00008.lean
4061d2c01d5f9812a3661205cf65809b1207c374e33d9cf5a27a7a1a0811df05	145	output/lean-proof-production/carrier-transport-00009.lean
ff43c9563a6650c317bc41c24ee0b140bac336ac90ad287f6b0ff7dfbf3ece12	160	output/lean-proof-production/carrier-transport-00010.lean
72c2d2d163d1f39f890bca770bcea47bc7431c719e413ede475b8a09e6b288c6	178	output/lean-proof-production/carrier-transport-00011.lean
1f617bdb9ed03c888df699fa1b3477cabe29c4f5b6c97a671aacec824782eeb2	204	output/lean-proof-production/carrier-transport-00012.lean
e314d380e61f80a68b2dda44151c7c32eb7450008e51765f10d1cd7b34089245	157	output/lean-proof-production/carrier-transport-00013.lean
2b8bb02a3c8d22ba78692f868c1380c575c0dfdabb0466865957899e5a4b65eb	142	output/lean-proof-production/carrier-transport-00014.lean
d20174cdcb7bba887b66ac5244549c2b8990adeb3a02d1f58d630fdb2ce624f4	146	output/lean-proof-production/carrier-transport-00015.lean
30acc689090d150d65a51d73aaccf1700206b5a1bd26a00746ce81bae1518dbc	161	output/lean-proof-production/carrier-transport-00016.lean
23b7a55b85d1fed5f929a6514e97d2c122a2fcce6d814d3f7fa8a55fb7c40057	145	output/lean-proof-production/carrier-transport-00017.lean
42fcadef411b1b747aba353d079ff315943db278fd138700e4d6acf2c5b60424	160	output/lean-proof-production/carrier-transport-00018.lean
ddf6aa2494fc5e4fd2f76d6fe9e67e14db1788840f454413dc60d1db8f6a1393	140	output/lean-proof-production/carrier-transport-00019.lean
586dc0e6f3b18377b115d4a53d44f94406b7d7dd31953a3191523751450890a2	155	output/lean-proof-production/carrier-transport-00020.lean
ca017391d4ccede7d7dbe0e493c8294850fd87e09d94527a38a160d9e44dfea2	168	output/lean-proof-production/carrier-transport-00021.lean
7554742f066f823808d398012d3a50b798fb409ab236b53de854ae346fe5ae41	189	output/lean-proof-production/carrier-transport-00022.lean
e314d380e61f80a68b2dda44151c7c32eb7450008e51765f10d1cd7b34089245	157	output/lean-proof-production/carrier-transport-00023.lean
a1c8055f782e10fd4105fa7a5476d65d7b298e9ace24c707ca3daf4bc32cea6c	152	output/lean-proof-production/carrier-transport-00024.lean
5ad088ab7f6b35a011b54f82cf6103f088a7221f57b4b62f587a06b1534f6f80	186	output/lean-proof-production/carrier-transport-00025.lean
c841f3017fb0a87833ca16261b82c265bec4c1691cf1f5260bc1c1cc4693a55c	185	output/lean-proof-production/carrier-transport-00026.lean
47174ee594f163b04422aff7e196347c6064aecea965cec66933736c4169d43f	180	output/lean-proof-production/carrier-transport-00027.lean
754bbf3c49dcd916839eb4757cccf49b7c65ac04669a278b426839481377a05c	186	output/lean-proof-production/carrier-transport-00028.lean
d92d4befad897786c49fffd564e93e6b491478da5d02a41b97be5ffd58a6d8aa	185	output/lean-proof-production/carrier-transport-00029.lean
7b854830085fecc8cc3d428bafee76b5d62da12b49048489a20e3777d415e855	180	output/lean-proof-production/carrier-transport-00030.lean
