species	head	statement	verdict	organ
group-implied	associator	associator x0 x1 x2 = associator x1 x2 x0	admitted	symmetric-pair-sum-3
group-implied	associator	associator x0 x1 x2 = associator x2 x0 x1	admitted	symmetric-pair-sum-3
group-implied	associator	associator x0 x1 x2 = associator x2 x1 x0	admitted	symmetric-pair-sum-3
organ-predicted:symmetric-pair-sum-3	B₁.tmul	B₁.tmul x0 x1 x2 = B₁.tmul x1 x0 x2	single-witness	symmetric-pair-sum-3
organ-predicted:symmetric-pair-sum-3	B₁.tmul	B₁.tmul x0 x1 x2 = B₁.tmul x1 x2 x0	single-witness	symmetric-pair-sum-3
organ-predicted:symmetric-pair-sum-3	B₁.tmul	B₁.tmul x0 x1 x2 = B₁.tmul x2 x0 x1	single-witness	symmetric-pair-sum-3
organ-predicted:symmetric-pair-sum-3	B₁.tmul	B₁.tmul x0 x1 x2 = B₁.tmul x2 x1 x0	single-witness	symmetric-pair-sum-3
organ-predicted:symmetric-pair-sum-3	B₂.baseChange	B₂.baseChange x0 x1 x2 = B₂.baseChange x1 x0 x2	single-witness	symmetric-pair-sum-3
organ-predicted:symmetric-pair-sum-3	B₂.baseChange	B₂.baseChange x0 x1 x2 = B₂.baseChange x1 x2 x0	single-witness	symmetric-pair-sum-3
organ-predicted:symmetric-pair-sum-3	B₂.baseChange	B₂.baseChange x0 x1 x2 = B₂.baseChange x2 x0 x1	single-witness	symmetric-pair-sum-3
organ-predicted:symmetric-pair-sum-3	B₂.baseChange	B₂.baseChange x0 x1 x2 = B₂.baseChange x2 x1 x0	single-witness	symmetric-pair-sum-3
organ-predicted:paired-separation-4	F	F x0 x1 x2 x3 = F x0 x1 x3 x2	admitted	symmetric-pair-sum-4;paired-separation-4
organ-predicted:symmetric-pair-sum-4	F	F x0 x1 x2 x3 = F x0 x2 x1 x3	conflicted	paired-separation-4
organ-predicted:symmetric-pair-sum-4	F	F x0 x1 x2 x3 = F x0 x2 x3 x1	conflicted	paired-separation-4
organ-predicted:symmetric-pair-sum-4	F	F x0 x1 x2 x3 = F x0 x3 x1 x2	conflicted	paired-separation-4
organ-predicted:symmetric-pair-sum-4	F	F x0 x1 x2 x3 = F x0 x3 x2 x1	conflicted	paired-separation-4
organ-predicted:paired-separation-4	F	F x0 x1 x2 x3 = F x1 x0 x3 x2	admitted	symmetric-pair-sum-4;paired-separation-4
organ-predicted:symmetric-pair-sum-4	F	F x0 x1 x2 x3 = F x1 x2 x0 x3	conflicted	paired-separation-4
organ-predicted:symmetric-pair-sum-4	F	F x0 x1 x2 x3 = F x1 x2 x3 x0	conflicted	paired-separation-4
organ-predicted:symmetric-pair-sum-4	F	F x0 x1 x2 x3 = F x1 x3 x0 x2	conflicted	paired-separation-4
organ-predicted:symmetric-pair-sum-4	F	F x0 x1 x2 x3 = F x1 x3 x2 x0	conflicted	paired-separation-4
organ-predicted:symmetric-pair-sum-4	F	F x0 x1 x2 x3 = F x2 x0 x1 x3	conflicted	paired-separation-4
organ-predicted:symmetric-pair-sum-4	F	F x0 x1 x2 x3 = F x2 x0 x3 x1	conflicted	paired-separation-4
organ-predicted:symmetric-pair-sum-4	F	F x0 x1 x2 x3 = F x2 x1 x0 x3	conflicted	paired-separation-4
organ-predicted:symmetric-pair-sum-4	F	F x0 x1 x2 x3 = F x2 x1 x3 x0	conflicted	paired-separation-4
organ-predicted:paired-separation-4	F	F x0 x1 x2 x3 = F x2 x3 x0 x1	admitted	symmetric-pair-sum-4;paired-separation-4
organ-predicted:paired-separation-4	F	F x0 x1 x2 x3 = F x2 x3 x1 x0	admitted	symmetric-pair-sum-4;paired-separation-4
organ-predicted:symmetric-pair-sum-4	F	F x0 x1 x2 x3 = F x3 x0 x1 x2	conflicted	paired-separation-4
organ-predicted:symmetric-pair-sum-4	F	F x0 x1 x2 x3 = F x3 x0 x2 x1	conflicted	paired-separation-4
organ-predicted:symmetric-pair-sum-4	F	F x0 x1 x2 x3 = F x3 x1 x0 x2	conflicted	paired-separation-4
organ-predicted:symmetric-pair-sum-4	F	F x0 x1 x2 x3 = F x3 x1 x2 x0	conflicted	paired-separation-4
organ-predicted:paired-separation-4	F	F x0 x1 x2 x3 = F x3 x2 x0 x1	admitted	symmetric-pair-sum-4;paired-separation-4
organ-predicted:paired-separation-4	F	F x0 x1 x2 x3 = F x3 x2 x1 x0	admitted	symmetric-pair-sum-4;paired-separation-4
organ-predicted:paired-separation-4	Nonnegg	Nonnegg x0 x1 x2 x3 = Nonnegg x0 x1 x3 x2	conflicted	cross-ratio
organ-predicted:symmetric-pair-sum-4	Nonnegg	Nonnegg x0 x1 x2 x3 = Nonnegg x0 x2 x1 x3	conflicted	paired-separation-4
organ-predicted:symmetric-pair-sum-4	Nonnegg	Nonnegg x0 x1 x2 x3 = Nonnegg x0 x2 x3 x1	conflicted	paired-separation-4
organ-predicted:symmetric-pair-sum-4	Nonnegg	Nonnegg x0 x1 x2 x3 = Nonnegg x0 x3 x1 x2	conflicted	paired-separation-4
organ-predicted:symmetric-pair-sum-4	Nonnegg	Nonnegg x0 x1 x2 x3 = Nonnegg x0 x3 x2 x1	conflicted	paired-separation-4
organ-predicted:paired-separation-4	Nonnegg	Nonnegg x0 x1 x2 x3 = Nonnegg x1 x0 x2 x3	conflicted	cross-ratio
organ-predicted:symmetric-pair-sum-4	Nonnegg	Nonnegg x0 x1 x2 x3 = Nonnegg x1 x2 x0 x3	conflicted	paired-separation-4
organ-predicted:symmetric-pair-sum-4	Nonnegg	Nonnegg x0 x1 x2 x3 = Nonnegg x1 x2 x3 x0	conflicted	paired-separation-4
organ-predicted:symmetric-pair-sum-4	Nonnegg	Nonnegg x0 x1 x2 x3 = Nonnegg x1 x3 x0 x2	conflicted	paired-separation-4
organ-predicted:symmetric-pair-sum-4	Nonnegg	Nonnegg x0 x1 x2 x3 = Nonnegg x1 x3 x2 x0	conflicted	paired-separation-4
organ-predicted:symmetric-pair-sum-4	Nonnegg	Nonnegg x0 x1 x2 x3 = Nonnegg x2 x0 x1 x3	conflicted	paired-separation-4
organ-predicted:symmetric-pair-sum-4	Nonnegg	Nonnegg x0 x1 x2 x3 = Nonnegg x2 x0 x3 x1	conflicted	paired-separation-4
organ-predicted:symmetric-pair-sum-4	Nonnegg	Nonnegg x0 x1 x2 x3 = Nonnegg x2 x1 x0 x3	conflicted	paired-separation-4
organ-predicted:symmetric-pair-sum-4	Nonnegg	Nonnegg x0 x1 x2 x3 = Nonnegg x2 x1 x3 x0	conflicted	paired-separation-4
organ-predicted:cross-ratio	Nonnegg	Nonnegg x0 x1 x2 x3 = Nonnegg x2 x3 x0 x1	admitted	symmetric-pair-sum-4;paired-separation-4;cross-ratio
organ-predicted:paired-separation-4	Nonnegg	Nonnegg x0 x1 x2 x3 = Nonnegg x2 x3 x1 x0	conflicted	cross-ratio
organ-predicted:symmetric-pair-sum-4	Nonnegg	Nonnegg x0 x1 x2 x3 = Nonnegg x3 x0 x1 x2	conflicted	paired-separation-4
organ-predicted:symmetric-pair-sum-4	Nonnegg	Nonnegg x0 x1 x2 x3 = Nonnegg x3 x0 x2 x1	conflicted	paired-separation-4
organ-predicted:symmetric-pair-sum-4	Nonnegg	Nonnegg x0 x1 x2 x3 = Nonnegg x3 x1 x0 x2	conflicted	paired-separation-4
organ-predicted:symmetric-pair-sum-4	Nonnegg	Nonnegg x0 x1 x2 x3 = Nonnegg x3 x1 x2 x0	conflicted	paired-separation-4
organ-predicted:paired-separation-4	Nonnegg	Nonnegg x0 x1 x2 x3 = Nonnegg x3 x2 x0 x1	conflicted	cross-ratio
organ-predicted:cross-ratio	Nonnegg	Nonnegg x0 x1 x2 x3 = Nonnegg x3 x2 x1 x0	admitted	symmetric-pair-sum-4;paired-separation-4;cross-ratio
organ-predicted:symmetric-pair-sum-3	affineSegment	affineSegment x0 x1 x2 = affineSegment x1 x0 x2	single-witness	symmetric-pair-sum-3
organ-predicted:symmetric-pair-sum-3	affineSegment	affineSegment x0 x1 x2 = affineSegment x1 x2 x0	single-witness	symmetric-pair-sum-3
organ-predicted:symmetric-pair-sum-3	affineSegment	affineSegment x0 x1 x2 = affineSegment x2 x0 x1	single-witness	symmetric-pair-sum-3
organ-predicted:symmetric-pair-sum-3	affineSegment	affineSegment x0 x1 x2 = affineSegment x2 x1 x0	single-witness	symmetric-pair-sum-3
organ-predicted:symmetric-pair-sum-4	associatedHom	associatedHom x0 x1 x2 x3 = associatedHom x0 x2 x1 x3	conflicted	paired-separation-4
organ-predicted:symmetric-pair-sum-4	associatedHom	associatedHom x0 x1 x2 x3 = associatedHom x0 x2 x3 x1	conflicted	paired-separation-4
organ-predicted:symmetric-pair-sum-4	associatedHom	associatedHom x0 x1 x2 x3 = associatedHom x0 x3 x1 x2	conflicted	paired-separation-4
organ-predicted:symmetric-pair-sum-4	associatedHom	associatedHom x0 x1 x2 x3 = associatedHom x0 x3 x2 x1	conflicted	paired-separation-4
organ-predicted:paired-separation-4	associatedHom	associatedHom x0 x1 x2 x3 = associatedHom x1 x0 x2 x3	admitted	symmetric-pair-sum-4;paired-separation-4
organ-predicted:paired-separation-4	associatedHom	associatedHom x0 x1 x2 x3 = associatedHom x1 x0 x3 x2	admitted	symmetric-pair-sum-4;paired-separation-4
organ-predicted:symmetric-pair-sum-4	associatedHom	associatedHom x0 x1 x2 x3 = associatedHom x1 x2 x0 x3	conflicted	paired-separation-4
organ-predicted:symmetric-pair-sum-4	associatedHom	associatedHom x0 x1 x2 x3 = associatedHom x1 x2 x3 x0	conflicted	paired-separation-4
organ-predicted:symmetric-pair-sum-4	associatedHom	associatedHom x0 x1 x2 x3 = associatedHom x1 x3 x0 x2	conflicted	paired-separation-4
organ-predicted:symmetric-pair-sum-4	associatedHom	associatedHom x0 x1 x2 x3 = associatedHom x1 x3 x2 x0	conflicted	paired-separation-4
organ-predicted:symmetric-pair-sum-4	associatedHom	associatedHom x0 x1 x2 x3 = associatedHom x2 x0 x1 x3	conflicted	paired-separation-4
organ-predicted:symmetric-pair-sum-4	associatedHom	associatedHom x0 x1 x2 x3 = associatedHom x2 x0 x3 x1	conflicted	paired-separation-4
organ-predicted:symmetric-pair-sum-4	associatedHom	associatedHom x0 x1 x2 x3 = associatedHom x2 x1 x0 x3	conflicted	paired-separation-4
organ-predicted:symmetric-pair-sum-4	associatedHom	associatedHom x0 x1 x2 x3 = associatedHom x2 x1 x3 x0	conflicted	paired-separation-4
organ-predicted:paired-separation-4	associatedHom	associatedHom x0 x1 x2 x3 = associatedHom x2 x3 x0 x1	admitted	symmetric-pair-sum-4;paired-separation-4
organ-predicted:paired-separation-4	associatedHom	associatedHom x0 x1 x2 x3 = associatedHom x2 x3 x1 x0	admitted	symmetric-pair-sum-4;paired-separation-4
organ-predicted:symmetric-pair-sum-4	associatedHom	associatedHom x0 x1 x2 x3 = associatedHom x3 x0 x1 x2	conflicted	paired-separation-4
organ-predicted:symmetric-pair-sum-4	associatedHom	associatedHom x0 x1 x2 x3 = associatedHom x3 x0 x2 x1	conflicted	paired-separation-4
organ-predicted:symmetric-pair-sum-4	associatedHom	associatedHom x0 x1 x2 x3 = associatedHom x3 x1 x0 x2	conflicted	paired-separation-4
organ-predicted:symmetric-pair-sum-4	associatedHom	associatedHom x0 x1 x2 x3 = associatedHom x3 x1 x2 x0	conflicted	paired-separation-4
organ-predicted:paired-separation-4	associatedHom	associatedHom x0 x1 x2 x3 = associatedHom x3 x2 x0 x1	admitted	symmetric-pair-sum-4;paired-separation-4
organ-predicted:paired-separation-4	associatedHom	associatedHom x0 x1 x2 x3 = associatedHom x3 x2 x1 x0	admitted	symmetric-pair-sum-4;paired-separation-4
organ-predicted:symmetric-pair-sum-3	bitwise	bitwise x0 x1 x2 = bitwise x1 x0 x2	single-witness	symmetric-pair-sum-3
organ-predicted:symmetric-pair-sum-3	bitwise	bitwise x0 x1 x2 = bitwise x1 x2 x0	single-witness	symmetric-pair-sum-3
organ-predicted:symmetric-pair-sum-3	bitwise	bitwise x0 x1 x2 = bitwise x2 x0 x1	single-witness	symmetric-pair-sum-3
organ-predicted:symmetric-pair-sum-3	bitwise	bitwise x0 x1 x2 = bitwise x2 x1 x0	single-witness	symmetric-pair-sum-3
organ-predicted:symmetric-pair-sum-3	convexJoin	convexJoin x0 x1 x2 = convexJoin x1 x0 x2	single-witness	symmetric-pair-sum-3
organ-predicted:symmetric-pair-sum-3	convexJoin	convexJoin x0 x1 x2 = convexJoin x1 x2 x0	single-witness	symmetric-pair-sum-3
organ-predicted:symmetric-pair-sum-3	convexJoin	convexJoin x0 x1 x2 = convexJoin x2 x0 x1	single-witness	symmetric-pair-sum-3
organ-predicted:symmetric-pair-sum-3	convexJoin	convexJoin x0 x1 x2 = convexJoin x2 x1 x0	single-witness	symmetric-pair-sum-3
organ-predicted:symmetric-pair-sum-3	covarianceBilin	covarianceBilin x0 x1 x2 = covarianceBilin x1 x0 x2	single-witness	symmetric-pair-sum-3
organ-predicted:symmetric-pair-sum-3	covarianceBilin	covarianceBilin x0 x1 x2 = covarianceBilin x1 x2 x0	single-witness	symmetric-pair-sum-3
organ-predicted:symmetric-pair-sum-3	covarianceBilin	covarianceBilin x0 x1 x2 = covarianceBilin x2 x0 x1	single-witness	symmetric-pair-sum-3
organ-predicted:symmetric-pair-sum-3	covarianceBilin	covarianceBilin x0 x1 x2 = covarianceBilin x2 x1 x0	single-witness	symmetric-pair-sum-3
organ-predicted:symmetric-pair-sum-3	covarianceBilinDual	covarianceBilinDual x0 x1 x2 = covarianceBilinDual x1 x0 x2	single-witness	symmetric-pair-sum-3
organ-predicted:symmetric-pair-sum-3	covarianceBilinDual	covarianceBilinDual x0 x1 x2 = covarianceBilinDual x1 x2 x0	single-witness	symmetric-pair-sum-3
organ-predicted:symmetric-pair-sum-3	covarianceBilinDual	covarianceBilinDual x0 x1 x2 = covarianceBilinDual x2 x0 x1	single-witness	symmetric-pair-sum-3
organ-predicted:symmetric-pair-sum-3	covarianceBilinDual	covarianceBilinDual x0 x1 x2 = covarianceBilinDual x2 x1 x0	single-witness	symmetric-pair-sum-3
organ-predicted:symmetric-pair-sum-3	coxeterWeight	coxeterWeight x0 x1 x2 = coxeterWeight x1 x0 x2	single-witness	symmetric-pair-sum-3
organ-predicted:symmetric-pair-sum-3	coxeterWeight	coxeterWeight x0 x1 x2 = coxeterWeight x1 x2 x0	single-witness	symmetric-pair-sum-3
organ-predicted:symmetric-pair-sum-3	coxeterWeight	coxeterWeight x0 x1 x2 = coxeterWeight x2 x0 x1	single-witness	symmetric-pair-sum-3
organ-predicted:symmetric-pair-sum-3	coxeterWeight	coxeterWeight x0 x1 x2 = coxeterWeight x2 x1 x0	single-witness	symmetric-pair-sum-3
organ-predicted:symmetric-pair-sum-3	edgeDensity	edgeDensity x0 x1 x2 = edgeDensity x1 x0 x2	single-witness	symmetric-pair-sum-3
organ-predicted:symmetric-pair-sum-3	edgeDensity	edgeDensity x0 x1 x2 = edgeDensity x1 x2 x0	single-witness	symmetric-pair-sum-3
organ-predicted:symmetric-pair-sum-3	edgeDensity	edgeDensity x0 x1 x2 = edgeDensity x2 x0 x1	single-witness	symmetric-pair-sum-3
organ-predicted:symmetric-pair-sum-3	edgeDensity	edgeDensity x0 x1 x2 = edgeDensity x2 x1 x0	single-witness	symmetric-pair-sum-3
organ-predicted:symmetric-pair-sum-4	mapAccumr₂	mapAccumr₂ x0 x1 x2 x3 = mapAccumr₂ x0 x1 x3 x2	conflicted	hypergeometric-partial-sum
organ-predicted:symmetric-pair-sum-4	mapAccumr₂	mapAccumr₂ x0 x1 x2 x3 = mapAccumr₂ x0 x2 x3 x1	conflicted	hypergeometric-partial-sum
organ-predicted:symmetric-pair-sum-4	mapAccumr₂	mapAccumr₂ x0 x1 x2 x3 = mapAccumr₂ x0 x3 x1 x2	conflicted	hypergeometric-partial-sum
organ-predicted:symmetric-pair-sum-4	mapAccumr₂	mapAccumr₂ x0 x1 x2 x3 = mapAccumr₂ x0 x3 x2 x1	conflicted	hypergeometric-partial-sum
organ-predicted:symmetric-pair-sum-4	mapAccumr₂	mapAccumr₂ x0 x1 x2 x3 = mapAccumr₂ x1 x0 x2 x3	conflicted	hypergeometric-partial-sum
organ-predicted:symmetric-pair-sum-4	mapAccumr₂	mapAccumr₂ x0 x1 x2 x3 = mapAccumr₂ x1 x0 x3 x2	conflicted	hypergeometric-partial-sum
organ-predicted:symmetric-pair-sum-4	mapAccumr₂	mapAccumr₂ x0 x1 x2 x3 = mapAccumr₂ x1 x2 x0 x3	conflicted	hypergeometric-partial-sum
organ-predicted:symmetric-pair-sum-4	mapAccumr₂	mapAccumr₂ x0 x1 x2 x3 = mapAccumr₂ x1 x2 x3 x0	conflicted	hypergeometric-partial-sum
organ-predicted:symmetric-pair-sum-4	mapAccumr₂	mapAccumr₂ x0 x1 x2 x3 = mapAccumr₂ x1 x3 x0 x2	conflicted	hypergeometric-partial-sum
organ-predicted:symmetric-pair-sum-4	mapAccumr₂	mapAccumr₂ x0 x1 x2 x3 = mapAccumr₂ x1 x3 x2 x0	conflicted	hypergeometric-partial-sum
organ-predicted:symmetric-pair-sum-4	mapAccumr₂	mapAccumr₂ x0 x1 x2 x3 = mapAccumr₂ x2 x0 x1 x3	conflicted	hypergeometric-partial-sum
organ-predicted:symmetric-pair-sum-4	mapAccumr₂	mapAccumr₂ x0 x1 x2 x3 = mapAccumr₂ x2 x0 x3 x1	conflicted	hypergeometric-partial-sum
organ-predicted:symmetric-pair-sum-4	mapAccumr₂	mapAccumr₂ x0 x1 x2 x3 = mapAccumr₂ x2 x1 x0 x3	conflicted	hypergeometric-partial-sum
organ-predicted:symmetric-pair-sum-4	mapAccumr₂	mapAccumr₂ x0 x1 x2 x3 = mapAccumr₂ x2 x1 x3 x0	conflicted	hypergeometric-partial-sum
organ-predicted:symmetric-pair-sum-4	mapAccumr₂	mapAccumr₂ x0 x1 x2 x3 = mapAccumr₂ x2 x3 x0 x1	conflicted	hypergeometric-partial-sum
organ-predicted:symmetric-pair-sum-4	mapAccumr₂	mapAccumr₂ x0 x1 x2 x3 = mapAccumr₂ x2 x3 x1 x0	conflicted	hypergeometric-partial-sum
organ-predicted:symmetric-pair-sum-4	mapAccumr₂	mapAccumr₂ x0 x1 x2 x3 = mapAccumr₂ x3 x0 x1 x2	conflicted	hypergeometric-partial-sum
organ-predicted:symmetric-pair-sum-4	mapAccumr₂	mapAccumr₂ x0 x1 x2 x3 = mapAccumr₂ x3 x0 x2 x1	conflicted	hypergeometric-partial-sum
organ-predicted:symmetric-pair-sum-4	mapAccumr₂	mapAccumr₂ x0 x1 x2 x3 = mapAccumr₂ x3 x1 x0 x2	conflicted	hypergeometric-partial-sum
organ-predicted:symmetric-pair-sum-4	mapAccumr₂	mapAccumr₂ x0 x1 x2 x3 = mapAccumr₂ x3 x1 x2 x0	conflicted	hypergeometric-partial-sum
organ-predicted:symmetric-pair-sum-4	mapAccumr₂	mapAccumr₂ x0 x1 x2 x3 = mapAccumr₂ x3 x2 x0 x1	conflicted	hypergeometric-partial-sum
organ-predicted:symmetric-pair-sum-4	mapAccumr₂	mapAccumr₂ x0 x1 x2 x3 = mapAccumr₂ x3 x2 x1 x0	conflicted	hypergeometric-partial-sum
organ-predicted:symmetric-pair-sum-3	map₂	map₂ x0 x1 x2 = map₂ x1 x0 x2	single-witness	symmetric-pair-sum-3
organ-predicted:symmetric-pair-sum-3	map₂	map₂ x0 x1 x2 = map₂ x1 x2 x0	single-witness	symmetric-pair-sum-3
organ-predicted:symmetric-pair-sum-3	map₂	map₂ x0 x1 x2 = map₂ x2 x0 x1	single-witness	symmetric-pair-sum-3
organ-predicted:symmetric-pair-sum-3	map₂	map₂ x0 x1 x2 = map₂ x2 x1 x0	single-witness	symmetric-pair-sum-3
organ-predicted:symmetric-pair-sum-3	midpoint	midpoint x0 x1 x2 = midpoint x1 x0 x2	single-witness	symmetric-pair-sum-3
organ-predicted:symmetric-pair-sum-3	midpoint	midpoint x0 x1 x2 = midpoint x1 x2 x0	single-witness	symmetric-pair-sum-3
organ-predicted:symmetric-pair-sum-3	midpoint	midpoint x0 x1 x2 = midpoint x2 x0 x1	single-witness	symmetric-pair-sum-3
organ-predicted:symmetric-pair-sum-3	midpoint	midpoint x0 x1 x2 = midpoint x2 x1 x0	single-witness	symmetric-pair-sum-3
organ-predicted:symmetric-pair-sum-3	openSegment	openSegment x0 x1 x2 = openSegment x1 x0 x2	single-witness	symmetric-pair-sum-3
organ-predicted:symmetric-pair-sum-3	openSegment	openSegment x0 x1 x2 = openSegment x1 x2 x0	single-witness	symmetric-pair-sum-3
organ-predicted:symmetric-pair-sum-3	openSegment	openSegment x0 x1 x2 = openSegment x2 x0 x1	single-witness	symmetric-pair-sum-3
organ-predicted:symmetric-pair-sum-3	openSegment	openSegment x0 x1 x2 = openSegment x2 x1 x0	single-witness	symmetric-pair-sum-3
organ-predicted:symmetric-pair-sum-4	ordinaryHypergeometricSeries	ordinaryHypergeometricSeries x0 x1 x2 x3 = ordinaryHypergeometricSeries x0 x1 x3 x2	conflicted	hypergeometric-partial-sum
organ-predicted:symmetric-pair-sum-4	ordinaryHypergeometricSeries	ordinaryHypergeometricSeries x0 x1 x2 x3 = ordinaryHypergeometricSeries x0 x2 x3 x1	conflicted	hypergeometric-partial-sum
organ-predicted:symmetric-pair-sum-4	ordinaryHypergeometricSeries	ordinaryHypergeometricSeries x0 x1 x2 x3 = ordinaryHypergeometricSeries x0 x3 x1 x2	conflicted	hypergeometric-partial-sum
organ-predicted:symmetric-pair-sum-4	ordinaryHypergeometricSeries	ordinaryHypergeometricSeries x0 x1 x2 x3 = ordinaryHypergeometricSeries x0 x3 x2 x1	conflicted	hypergeometric-partial-sum
organ-predicted:symmetric-pair-sum-4	ordinaryHypergeometricSeries	ordinaryHypergeometricSeries x0 x1 x2 x3 = ordinaryHypergeometricSeries x1 x0 x2 x3	conflicted	hypergeometric-partial-sum
organ-predicted:symmetric-pair-sum-4	ordinaryHypergeometricSeries	ordinaryHypergeometricSeries x0 x1 x2 x3 = ordinaryHypergeometricSeries x1 x0 x3 x2	conflicted	hypergeometric-partial-sum
organ-predicted:symmetric-pair-sum-4	ordinaryHypergeometricSeries	ordinaryHypergeometricSeries x0 x1 x2 x3 = ordinaryHypergeometricSeries x1 x2 x0 x3	conflicted	hypergeometric-partial-sum
organ-predicted:symmetric-pair-sum-4	ordinaryHypergeometricSeries	ordinaryHypergeometricSeries x0 x1 x2 x3 = ordinaryHypergeometricSeries x1 x2 x3 x0	conflicted	hypergeometric-partial-sum
organ-predicted:symmetric-pair-sum-4	ordinaryHypergeometricSeries	ordinaryHypergeometricSeries x0 x1 x2 x3 = ordinaryHypergeometricSeries x1 x3 x0 x2	conflicted	hypergeometric-partial-sum
organ-predicted:symmetric-pair-sum-4	ordinaryHypergeometricSeries	ordinaryHypergeometricSeries x0 x1 x2 x3 = ordinaryHypergeometricSeries x1 x3 x2 x0	conflicted	hypergeometric-partial-sum
organ-predicted:symmetric-pair-sum-4	ordinaryHypergeometricSeries	ordinaryHypergeometricSeries x0 x1 x2 x3 = ordinaryHypergeometricSeries x2 x0 x1 x3	conflicted	hypergeometric-partial-sum
organ-predicted:symmetric-pair-sum-4	ordinaryHypergeometricSeries	ordinaryHypergeometricSeries x0 x1 x2 x3 = ordinaryHypergeometricSeries x2 x0 x3 x1	conflicted	hypergeometric-partial-sum
organ-predicted:symmetric-pair-sum-4	ordinaryHypergeometricSeries	ordinaryHypergeometricSeries x0 x1 x2 x3 = ordinaryHypergeometricSeries x2 x1 x0 x3	conflicted	hypergeometric-partial-sum
organ-predicted:symmetric-pair-sum-4	ordinaryHypergeometricSeries	ordinaryHypergeometricSeries x0 x1 x2 x3 = ordinaryHypergeometricSeries x2 x1 x3 x0	conflicted	hypergeometric-partial-sum
organ-predicted:symmetric-pair-sum-4	ordinaryHypergeometricSeries	ordinaryHypergeometricSeries x0 x1 x2 x3 = ordinaryHypergeometricSeries x2 x3 x0 x1	conflicted	hypergeometric-partial-sum
organ-predicted:symmetric-pair-sum-4	ordinaryHypergeometricSeries	ordinaryHypergeometricSeries x0 x1 x2 x3 = ordinaryHypergeometricSeries x2 x3 x1 x0	conflicted	hypergeometric-partial-sum
organ-predicted:symmetric-pair-sum-4	ordinaryHypergeometricSeries	ordinaryHypergeometricSeries x0 x1 x2 x3 = ordinaryHypergeometricSeries x3 x0 x1 x2	conflicted	hypergeometric-partial-sum
organ-predicted:symmetric-pair-sum-4	ordinaryHypergeometricSeries	ordinaryHypergeometricSeries x0 x1 x2 x3 = ordinaryHypergeometricSeries x3 x0 x2 x1	conflicted	hypergeometric-partial-sum
organ-predicted:symmetric-pair-sum-4	ordinaryHypergeometricSeries	ordinaryHypergeometricSeries x0 x1 x2 x3 = ordinaryHypergeometricSeries x3 x1 x0 x2	conflicted	hypergeometric-partial-sum
organ-predicted:symmetric-pair-sum-4	ordinaryHypergeometricSeries	ordinaryHypergeometricSeries x0 x1 x2 x3 = ordinaryHypergeometricSeries x3 x1 x2 x0	conflicted	hypergeometric-partial-sum
organ-predicted:symmetric-pair-sum-4	ordinaryHypergeometricSeries	ordinaryHypergeometricSeries x0 x1 x2 x3 = ordinaryHypergeometricSeries x3 x2 x0 x1	conflicted	hypergeometric-partial-sum
organ-predicted:symmetric-pair-sum-4	ordinaryHypergeometricSeries	ordinaryHypergeometricSeries x0 x1 x2 x3 = ordinaryHypergeometricSeries x3 x2 x1 x0	conflicted	hypergeometric-partial-sum
organ-predicted:symmetric-pair-sum-3	polar	polar x0 x1 x2 = polar x1 x0 x2	single-witness	symmetric-pair-sum-3
organ-predicted:symmetric-pair-sum-3	polar	polar x0 x1 x2 = polar x1 x2 x0	single-witness	symmetric-pair-sum-3
organ-predicted:symmetric-pair-sum-3	polar	polar x0 x1 x2 = polar x2 x0 x1	single-witness	symmetric-pair-sum-3
organ-predicted:symmetric-pair-sum-3	polar	polar x0 x1 x2 = polar x2 x1 x0	single-witness	symmetric-pair-sum-3
organ-predicted:symmetric-pair-sum-3	riemannianEDist	riemannianEDist x0 x1 x2 = riemannianEDist x1 x0 x2	single-witness	symmetric-pair-sum-3
organ-predicted:symmetric-pair-sum-3	riemannianEDist	riemannianEDist x0 x1 x2 = riemannianEDist x1 x2 x0	single-witness	symmetric-pair-sum-3
organ-predicted:symmetric-pair-sum-3	riemannianEDist	riemannianEDist x0 x1 x2 = riemannianEDist x2 x0 x1	single-witness	symmetric-pair-sum-3
organ-predicted:symmetric-pair-sum-3	riemannianEDist	riemannianEDist x0 x1 x2 = riemannianEDist x2 x1 x0	single-witness	symmetric-pair-sum-3
organ-predicted:symmetric-pair-sum-3	single	single x0 x1 x2 = single x0 x2 x1	single-witness	symmetric-pair-sum-3
organ-predicted:symmetric-pair-sum-3	single	single x0 x1 x2 = single x1 x0 x2	single-witness	symmetric-pair-sum-3
organ-predicted:symmetric-pair-sum-3	single	single x0 x1 x2 = single x1 x2 x0	single-witness	symmetric-pair-sum-3
organ-predicted:symmetric-pair-sum-3	single	single x0 x1 x2 = single x2 x0 x1	single-witness	symmetric-pair-sum-3
organ-predicted:symmetric-pair-sum-3	slope	slope x0 x1 x2 = slope x1 x0 x2	single-witness	symmetric-pair-sum-3
organ-predicted:symmetric-pair-sum-3	slope	slope x0 x1 x2 = slope x1 x2 x0	single-witness	symmetric-pair-sum-3
organ-predicted:symmetric-pair-sum-3	slope	slope x0 x1 x2 = slope x2 x0 x1	single-witness	symmetric-pair-sum-3
organ-predicted:symmetric-pair-sum-3	slope	slope x0 x1 x2 = slope x2 x1 x0	single-witness	symmetric-pair-sum-3
organ-predicted:symmetric-pair-sum-3	swap	swap x0 x1 x2 = swap x1 x0 x2	single-witness	symmetric-pair-sum-3
organ-predicted:symmetric-pair-sum-3	swap	swap x0 x1 x2 = swap x1 x2 x0	single-witness	symmetric-pair-sum-3
organ-predicted:symmetric-pair-sum-3	swap	swap x0 x1 x2 = swap x2 x0 x1	single-witness	symmetric-pair-sum-3
organ-predicted:symmetric-pair-sum-3	swap	swap x0 x1 x2 = swap x2 x1 x0	single-witness	symmetric-pair-sum-3
organ-predicted:symmetric-pair-sum-3	swapCore	swapCore x0 x1 x2 = swapCore x0 x2 x1	conflicted	corner-cosine
organ-predicted:symmetric-pair-sum-3	swapCore	swapCore x0 x1 x2 = swapCore x1 x2 x0	conflicted	corner-cosine
organ-predicted:symmetric-pair-sum-3	swapCore	swapCore x0 x1 x2 = swapCore x2 x0 x1	conflicted	corner-cosine
organ-predicted:symmetric-pair-sum-3	swapCore	swapCore x0 x1 x2 = swapCore x2 x1 x0	conflicted	corner-cosine
composed	.single	.single ~> A   via C   [.single x0 x1 = C x1 then C x0 = A x0]	unreached	
composed	.single	.single ~> X   via C   [.single x0 x1 = C x1 then C x0 x1 = X ]	unreached	
composed	.single	.single ~> algebraMap   via C   [.single x0 x1 = C x1 then C  = algebraMap x0 x0 x1]	unreached	
composed	A.adjugateᴴ	A.adjugateᴴ ~> reindex   via adjugate   [A.adjugateᴴ  = adjugate x0 then adjugate x0 = reindex x1 x1 x2]	unreached	
composed	A.cRank.toNat	A.cRank.toNat ~> Fintype.card   via A.rank   [A.cRank.toNat  = A.rank  then A.rank  = Fintype.card x0]	unreached	
composed	A.cRank.toNat	A.cRank.toNat ~> finrank   via A.rank   [A.cRank.toNat  = A.rank  then A.rank  = finrank x0 x1]	unreached	
composed	A.cRank.toNat	A.cRank.toNat ~> Fintype.card   via Module.finrank   [A.cRank.toNat  = Module.finrank x0 x1 then Module.finrank x0 x1 = Fintype.card x2]	unreached	
composed	A.cRank.toNat	A.cRank.toNat ~> L.fixingSubgroup.index   via Module.finrank   [A.cRank.toNat  = Module.finrank x0 x1 then Module.finrank x0 x1 = L.fixingSubgroup.index ]	unreached	
composed	A.cRank.toNat	A.cRank.toNat ~> Nat.card   via Module.finrank   [A.cRank.toNat  = Module.finrank x0 x1 then Module.finrank x0 x1 = Nat.card x2]	unreached	
composed	A.cRank.toNat	A.cRank.toNat ~> f.natDegree   via Module.finrank   [A.cRank.toNat  = Module.finrank x0 x1 then Module.finrank x0 x1 = f.natDegree ]	unreached	
composed	A.cRank.toNat	A.cRank.toNat ~> k.totient   via Module.finrank   [A.cRank.toNat  = Module.finrank x0 x1 then Module.finrank x0 x1 = k.totient ]	unreached	
composed	A.cRank.toNat	A.cRank.toNat ~> pb.dim   via Module.finrank   [A.cRank.toNat  = Module.finrank x0 x1 then Module.finrank x0 x1 = pb.dim ]	unreached	
composed	A.cRank.toNat	A.cRank.toNat ~> rank   via Module.finrank   [A.cRank.toNat  = Module.finrank x0 x1 then Module.finrank x0 x1 = rank x2]	unreached	
composed	A.col	A.col ~> Pi.single   via of.symm   [A.col  = of.symm x0 then of.symm x0 = Pi.single x1 x2]	unreached	
composed	A.cramer	A.cramer ~> .ofMul   via Pi.single   [A.cramer x0 = Pi.single x1 x2 then Pi.single x0 x1 x2 x3 = .ofMul x4]	unreached	
composed	A.cramer	A.cramer ~> star   via Pi.single   [A.cramer x0 = Pi.single x1 x2 then Pi.single x0 x1 = star x2]	unreached	
composed	A.eRank.toNat	A.eRank.toNat ~> Fintype.card   via A.rank   [A.eRank.toNat  = A.rank  then A.rank  = Fintype.card x0]	unreached	
composed	A.eRank.toNat	A.eRank.toNat ~> finrank   via A.rank   [A.eRank.toNat  = A.rank  then A.rank  = finrank x0 x1]	unreached	
composed	A.eRank.toNat	A.eRank.toNat ~> Fintype.card   via Module.finrank   [A.eRank.toNat  = Module.finrank x0 x1 then Module.finrank x0 x1 = Fintype.card x2]	unreached	
composed	A.eRank.toNat	A.eRank.toNat ~> L.fixingSubgroup.index   via Module.finrank   [A.eRank.toNat  = Module.finrank x0 x1 then Module.finrank x0 x1 = L.fixingSubgroup.index ]	unreached	
composed	A.eRank.toNat	A.eRank.toNat ~> Nat.card   via Module.finrank   [A.eRank.toNat  = Module.finrank x0 x1 then Module.finrank x0 x1 = Nat.card x2]	unreached	
composed	A.eRank.toNat	A.eRank.toNat ~> f.natDegree   via Module.finrank   [A.eRank.toNat  = Module.finrank x0 x1 then Module.finrank x0 x1 = f.natDegree ]	unreached	
composed	A.eRank.toNat	A.eRank.toNat ~> k.totient   via Module.finrank   [A.eRank.toNat  = Module.finrank x0 x1 then Module.finrank x0 x1 = k.totient ]	unreached	
composed	A.eRank.toNat	A.eRank.toNat ~> pb.dim   via Module.finrank   [A.eRank.toNat  = Module.finrank x0 x1 then Module.finrank x0 x1 = pb.dim ]	unreached	
composed	A.eRank.toNat	A.eRank.toNat ~> rank   via Module.finrank   [A.eRank.toNat  = Module.finrank x0 x1 then Module.finrank x0 x1 = rank x2]	unreached	
composed	A.image	A.image ~> .map₂   via range   [A.image x0 = range x1 then range x0 = .map₂ x1 x2 x3]	unreached	
composed	A.image	A.image ~> .span   via range   [A.image x0 = range x1 then range x0 = .span x1 x2]	unreached	
composed	A.image	A.image ~> I.target   via range   [A.image x0 = range x1 then range x0 = I.target ]	unreached	
composed	A.image	A.image ~> Icc   via range   [A.image x0 = range x1 then range x0 = Icc x1 x2]	unreached	
composed	A.image	A.image ~> Ici   via range   [A.image x0 = range x1 then range x0 = Ici x1]	unreached	
composed	A.image	A.image ~> Ico   via range   [A.image x0 = range x1 then range  = Ico x0]	unreached	
composed	A.image	A.image ~> Iic   via range   [A.image x0 = range x1 then range x0 = Iic x1]	unreached	
composed	A.image	A.image ~> Iio   via range   [A.image x0 = range x1 then range x0 = Iio x1]	unreached	
composed	A.image	A.image ~> Ioi   via range   [A.image x0 = range x1 then range x0 = Ioi x1]	unreached	
composed	A.image	A.image ~> Ioo   via range   [A.image x0 = range x1 then range x0 = Ioo x1 x2]	unreached	
composed	A.image	A.image ~> K.map   via range   [A.image x0 = range x1 then range x0 = K.map x1]	unreached	
composed	A.image	A.image ~> S.pi   via range   [A.image x0 = range x1 then range x0 = S.pi x1]	unreached	
composed	A.image	A.image ~> Set.Ici   via range   [A.image x0 = range x1 then range x0 = Set.Ici x1]	unreached	
composed	A.image	A.image ~> Set.Iio   via range   [A.image x0 = range x1 then range x0 = Set.Iio x1]	unreached	
composed	A.image	A.image ~> Set.Ioi   via range   [A.image x0 = range x1 then range x0 = Set.Ioi x1]	unreached	
composed	A.image	A.image ~> Submodule.span   via range   [A.image x0 = range x1 then range x0 = Submodule.span x1 x2]	unreached	
composed	A.image	A.image ~> brange   via range   [A.image x0 = range x1 then range x0 = brange x1 x2]	unreached	
composed	A.image	A.image ~> closure   via range   [A.image x0 = range x1 then range x0 = closure x1]	unreached	
composed	A.image	A.image ~> comap   via range   [A.image x0 = range x1 then range x0 = comap x1 x2]	unreached	
composed	A.image	A.image ~> hs.extend   via range   [A.image x0 = range x1 then range x0 = hs.extend x1]	unreached	
composed	A.image	A.image ~> insert   via range   [A.image x0 = range x1 then range x0 = insert x1 x2]	unreached	
composed	A.image	A.image ~> ker   via range   [A.image x0 = range x1 then range x0 = ker x1]	unreached	
composed	A.image	A.image ~> map   via range   [A.image x0 = range x1 then range x0 = map x1 x2]	unreached	
composed	A.image	A.image ~> ofSection   via range   [A.image x0 = range x1 then range x0 = ofSection x1]	unreached	
composed	A.image	A.image ~> ofSimplex   via range   [A.image x0 = range x1 then range x0 = ofSimplex x1]	unreached	
composed	A.image	A.image ~> ofVectorSpaceIndex   via range   [A.image x0 = range x1 then range x0 = ofVectorSpaceIndex x1 x2]	unreached	
composed	A.image	A.image ~> pullbackDiagonal   via range   [A.image x0 = range x1 then range x0 = pullbackDiagonal x1]	unreached	
composed	A.image	A.image ~> univ   via range   [A.image x0 = range x1 then range x0 = univ ]	unreached	
composed	A.image	A.image ~> 𝒫   via range   [A.image x0 = range x1 then range x0 = 𝒫 x1 x2]	unreached	
composed	A.rank	A.rank ~> G.degree   via Fintype.card   [A.rank  = Fintype.card x0 then Fintype.card x0 = G.degree x1]	unreached	
composed	A.rank	A.rank ~> Module.finrank   via Fintype.card   [A.rank  = Fintype.card x0 then Fintype.card x0 = Module.finrank x1 x2]	unreached	
composed	A.rank	A.rank ~> Multiset.card   via Fintype.card   [A.rank  = Fintype.card x0 then Fintype.card x0 = Multiset.card x0]	unreached	
composed	A.rank	A.rank ~> Nat.card   via Fintype.card   [A.rank  = Fintype.card x0 then Fintype.card x0 = Nat.card x0]	unreached	
composed	A.rank	A.rank ~> Nat.choose   via Fintype.card   [A.rank  = Fintype.card x0 then Fintype.card x0 = Nat.choose x1 x2]	unreached	
composed	A.rank	A.rank ~> catalan   via Fintype.card   [A.rank  = Fintype.card x0 then Fintype.card x0 = catalan x1]	unreached	
composed	A.rank	A.rank ~> orderOf   via Fintype.card   [A.rank  = Fintype.card x0 then Fintype.card x0 = orderOf x1]	unreached	
composed	A.rank	A.rank ~> p.natDegree   via Fintype.card   [A.rank  = Fintype.card x0 then Fintype.card x0 = p.natDegree ]	unreached	
composed	A.rank	A.rank ~> s.encard   via Fintype.card   [A.rank  = Fintype.card x0 then Fintype.card x0 = s.encard ]	unreached	
composed	A.rank	A.rank ~> φ   via Fintype.card   [A.rank  = Fintype.card x0 then Fintype.card x0 x1 = φ x2]	unreached	
composed	A.rank	A.rank ~> Finset.card   via finrank   [A.rank  = finrank x0 x1 then finrank x0 x1 = Finset.card x2]	unreached	
composed	A.rank	A.rank ~> Module.rank   via finrank   [A.rank  = finrank x0 x1 then finrank x0 x1 = Module.rank x0 x1]	unreached	
composed	A.rank	A.rank ~> Nat.card   via finrank   [A.rank  = finrank x0 x1 then finrank x0 x1 = Nat.card x2]	unreached	
composed	A.rank	A.rank ~> Units.rank   via finrank   [A.rank  = finrank x0 x1 then finrank x0 x1 = Units.rank x2]	unreached	
composed	A.rank	A.rank ~> card   via finrank   [A.rank  = finrank x0 x1 then finrank x0 x1 = card x2]	unreached	
composed	A.rank	A.rank ~> if   via finrank   [A.rank  = finrank x0 x1 then finrank x0 x1 = if x2 x3 x4 x5 x6 x7]	unreached	
composed	A.rank	A.rank ~> n.totient   via finrank   [A.rank  = finrank x0 x1 then finrank x0 x1 = n.totient ]	unreached	
composed	A.rank	A.rank ~> natTrailingDegree   via finrank   [A.rank  = finrank x0 x1 then finrank x0 x1 = natTrailingDegree x2]	unreached	
composed	A.rank	A.rank ~> nrRealPlaces   via finrank   [A.rank  = finrank x0 x1 then finrank x0 x1 = nrRealPlaces x1]	unreached	
composed	A.rank	A.rank ~> relfinrank   via finrank   [A.rank  = finrank x0 x1 then finrank x0 x1 = relfinrank x2 x3]	unreached	
composed	A.rank	A.rank ~> s.card   via finrank   [A.rank  = finrank x0 x1 then finrank x0 x1 = s.card ]	unreached	
composed	A.rank	A.rank ~> s.toFinset.card   via finrank   [A.rank  = finrank x0 x1 then finrank x0 x1 = s.toFinset.card ]	unreached	
composed	A.rank	A.rank ~> φ.charpoly.rootMultiplicity   via finrank   [A.rank  = finrank x0 x1 then finrank x0 x1 = φ.charpoly.rootMultiplicity x2]	unreached	
composed	A.row	A.row ~> Pi.single   via of.symm   [A.row  = of.symm x0 then of.symm x0 = Pi.single x1 x2]	unreached	
composed	A.val.map	A.val.map ~> t   via smul   [A.val.map x0 x1 = smul x2 x3 x4 x5 then smul x0 x1 = t ]	unreached	
composed	A.val.map	A.val.map ~> G.map   via φ.app   [A.val.map x0 x1 = φ.app x2 x3 then φ.app x0 x1 = G.map x2 x3]	unreached	
composed	ACounit	ACounit ~> .id   via algebraMap   [ACounit x0 x1 x2 = algebraMap x0 x1 x3 then algebraMap x0 x0 = .id x1]	unreached	
composed	ACounit	ACounit ~> Algebra.intNorm   via algebraMap   [ACounit x0 x1 x2 = algebraMap x0 x1 x3 then algebraMap x0 x1 x2 = Algebra.intNorm x1 x3 x4]	unreached	
composed	ACounit	ACounit ~> Algebra.intTrace   via algebraMap   [ACounit x0 x1 x2 = algebraMap x0 x1 x3 then algebraMap x0 x1 x2 = Algebra.intTrace x1 x3 x4]	unreached	
composed	ACounit	ACounit ~> Algebra.norm   via algebraMap   [ACounit x0 x1 x2 = algebraMap x0 x1 x3 then algebraMap x0 x1 x2 = Algebra.norm x1 x3]	unreached	
composed	ACounit	ACounit ~> Algebra.trace   via algebraMap   [ACounit x0 x1 x2 = algebraMap x0 x1 x3 then algebraMap x0 x1 x2 = Algebra.trace x1 x3 x4]	unreached	
composed	ACounit	ACounit ~> B.form   via algebraMap   [ACounit x0 x1 x2 = algebraMap x0 x1 x3 then algebraMap x0 x1 x2 = B.form x3 x3]	unreached	
composed	ACounit	ACounit ~> C   via algebraMap   [ACounit x0 x1 x2 = algebraMap x0 x1 x3 then algebraMap x0 x0 x1 = C ]	unreached	
composed	ACounit	ACounit ~> CC   via algebraMap   [ACounit x0 x1 x2 = algebraMap x0 x1 x3 then algebraMap x0 x0 x1 x2 = CC x3]	unreached	
composed	ACounit	ACounit ~> DirectSum.of   via algebraMap   [ACounit x0 x1 x2 = algebraMap x0 x1 x3 then algebraMap x0 x1 x2 = DirectSum.of x3 x4 x5]	unreached	
composed	ACounit	ACounit ~> HahnSeries.C   via algebraMap   [ACounit x0 x1 x2 = algebraMap x0 x1 x3 then algebraMap x0 x0 x1 x2 = HahnSeries.C x2]	unreached	
composed	ACounit	ACounit ~> Ideal.Quotient.mk   via algebraMap   [ACounit x0 x1 x2 = algebraMap x0 x1 x3 then algebraMap x0 x1 x2 = Ideal.Quotient.mk x3 x4]	unreached	
composed	ACounit	ACounit ~> Int.castRingHom   via algebraMap   [ACounit x0 x1 x2 = algebraMap x0 x1 x3 then algebraMap x0 x1 = Int.castRingHom x1]	unreached	
composed	ACounit	ACounit ~> MvPolynomial.map   via algebraMap   [ACounit x0 x1 x2 = algebraMap x0 x1 x3 then algebraMap x0 x1 = MvPolynomial.map x2]	unreached	
composed	ACounit	ACounit ~> P.coxeterWeight   via algebraMap   [ACounit x0 x1 x2 = algebraMap x0 x1 x3 then algebraMap x0 x1 x2 = P.coxeterWeight x3 x4]	unreached	
composed	ACounit	ACounit ~> P.pairing   via algebraMap   [ACounit x0 x1 x2 = algebraMap x0 x1 x3 then algebraMap x0 x1 x2 = P.pairing x3 x4]	unreached	
composed	ACounit	ACounit ~> P.pairingIn   via algebraMap   [ACounit x0 x1 x2 = algebraMap x0 x1 x3 then algebraMap x0 x1 x2 = P.pairingIn x1 x3 x4]	unreached	
composed	ACounit	ACounit ~> P.toLinearMap   via algebraMap   [ACounit x0 x1 x2 = algebraMap x0 x1 x3 then algebraMap x0 x1 x2 = P.toLinearMap x3 x4]	unreached	
composed	ACounit	ACounit ~> PUnit.unit   via algebraMap   [ACounit x0 x1 x2 = algebraMap x0 x1 x3 then algebraMap x0 x1 x2 = PUnit.unit ]	unreached	
composed	ACounit	ACounit ~> Quotient.mk   via algebraMap   [ACounit x0 x1 x2 = algebraMap x0 x1 x3 then algebraMap x0 x1 = Quotient.mk x2]	unreached	
composed	ACounit	ACounit ~> RingHom.id   via algebraMap   [ACounit x0 x1 x2 = algebraMap x0 x1 x3 then algebraMap x0 x0 = RingHom.id x1]	unreached	
composed	ACounit	ACounit ~> Subfield.subtype   via algebraMap   [ACounit x0 x1 x2 = algebraMap x0 x1 x3 then algebraMap x0 x1 = Subfield.subtype x0]	unreached	
composed	ACounit	ACounit ~> T   via algebraMap   [ACounit x0 x1 x2 = algebraMap x0 x1 x3 then algebraMap x0 x1 x0 x2 x3 = T x4]	unreached	
composed	ACounit	ACounit ~> ULift.up   via algebraMap   [ACounit x0 x1 x2 = algebraMap x0 x1 x3 then algebraMap x0 x1 x2 = ULift.up x3]	unreached	
composed	ACounit	ACounit ~> W.Δ   via algebraMap   [ACounit x0 x1 x2 = algebraMap x0 x1 x3 then algebraMap x0 x1 x2 x3 = W.Δ ]	unreached	
composed	ACounit	ACounit ~> WithAbs.equiv   via algebraMap   [ACounit x0 x1 x2 = algebraMap x0 x1 x3 then algebraMap x0 x1 x2 = WithAbs.equiv x3 x4]	unreached	
composed	ACounit	ACounit ~> X   via algebraMap   [ACounit x0 x1 x2 = algebraMap x0 x1 x3 then algebraMap x0 x1 x2 x3 = X ]	unreached	
composed	ACounit	ACounit ~> aeval   via algebraMap   [ACounit x0 x1 x2 = algebraMap x0 x1 x3 then algebraMap x0 x1 x2 = aeval x3 x4]	unreached	
composed	ACounit	ACounit ~> diagonal   via algebraMap   [ACounit x0 x1 x2 = algebraMap x0 x1 x3 then algebraMap x0 x1 x2 = diagonal x3]	unreached	
composed	ACounit	ACounit ~> exp   via algebraMap   [ACounit x0 x1 x2 = algebraMap x0 x1 x3 then algebraMap x0 x1 x2 = exp x3]	unreached	
composed	ACounit	ACounit ~> fromZeroRingHom   via algebraMap   [ACounit x0 x1 x2 = algebraMap x0 x1 x3 then algebraMap x0 x1 = fromZeroRingHom x2 x3]	unreached	
composed	ACounit	ACounit ~> h.map   via algebraMap   [ACounit x0 x1 x2 = algebraMap x0 x1 x3 then algebraMap x0 x1 x2 = h.map x3]	unreached	
composed	ACounit	ACounit ~> includeLeftRingHom.comp   via algebraMap   [ACounit x0 x1 x2 = algebraMap x0 x1 x3 then algebraMap x0 x1 = includeLeftRingHom.comp x2]	unreached	
composed	ACounit	ACounit ~> inl   via algebraMap   [ACounit x0 x1 x2 = algebraMap x0 x1 x3 then algebraMap x0 x1 x2 = inl x3]	unreached	
composed	ACounit	ACounit ~> inlRingHom   via algebraMap   [ACounit x0 x1 x2 = algebraMap x0 x1 x3 then algebraMap x0 x1 = inlRingHom x0 x2]	unreached	
composed	ACounit	ACounit ~> map   via algebraMap   [ACounit x0 x1 x2 = algebraMap x0 x1 x3 then algebraMap x0 x1 = map x1 x2 x3]	unreached	
composed	ACounit	ACounit ~> mapRangeRingHom   via algebraMap   [ACounit x0 x1 x2 = algebraMap x0 x1 x3 then algebraMap x0 x1 x2 x1 = mapRangeRingHom x3 x4]	unreached	
composed	ACounit	ACounit ~> mapRingHom   via algebraMap   [ACounit x0 x1 x2 = algebraMap x0 x1 x3 then algebraMap x0 x1 x2 x1 = mapRingHom x3]	unreached	
composed	ACounit	ACounit ~> mk   via algebraMap   [ACounit x0 x1 x2 = algebraMap x0 x1 x3 then algebraMap x0 x0 x1 = mk x2 x3]	unreached	
composed	ACounit	ACounit ~> normalizedTrace   via algebraMap   [ACounit x0 x1 x2 = algebraMap x0 x1 x3 then algebraMap x0 x1 x2 = normalizedTrace x1 x3 x4]	unreached	
composed	ACounit	ACounit ~> of   via algebraMap   [ACounit x0 x1 x2 = algebraMap x0 x1 x3 then algebraMap x0 x1 = of x2]	unreached	
composed	ACounit	ACounit ~> ofPowerSeries   via algebraMap   [ACounit x0 x1 x2 = algebraMap x0 x1 x3 then algebraMap x0 x1 x0 x2 x3 = ofPowerSeries x4 x0 x3]	unreached	
composed	ACounit	ACounit ~> op   via algebraMap   [ACounit x0 x1 x2 = algebraMap x0 x1 x3 then algebraMap x0 x1 x2 = op x3]	unreached	
composed	ACounit	ACounit ~> p   via algebraMap   [ACounit x0 x1 x2 = algebraMap x0 x1 x3 then algebraMap x0 x1 x2 = p x3 x4]	unreached	
composed	ACounit	ACounit ~> residue   via algebraMap   [ACounit x0 x1 x2 = algebraMap x0 x1 x3 then algebraMap x0 x1 = residue x0]	unreached	
composed	ACounit	ACounit ~> star   via algebraMap   [ACounit x0 x1 x2 = algebraMap x0 x1 x3 then algebraMap x0 x1 x2 = star x3]	unreached	
composed	ACounit	ACounit ~> toLaurent   via algebraMap   [ACounit x0 x1 x2 = algebraMap x0 x1 x3 then algebraMap x0 x1 x0 x2 x3 = toLaurent x3]	unreached	
composed	ACounit	ACounit ~> toOpen   via algebraMap   [ACounit x0 x1 x2 = algebraMap x0 x1 x3 then algebraMap x0 x1 x2 = toOpen x0 x3 x2]	unreached	
composed	ACounit	ACounit ~> toStalk   via algebraMap   [ACounit x0 x1 x2 = algebraMap x0 x1 x3 then algebraMap x0 x1 x2 = toStalk x0 x3 x2]	unreached	
composed	ACounit	ACounit ~> y.val   via algebraMap   [ACounit x0 x1 x2 = algebraMap x0 x1 x3 then algebraMap x0 x1 x2 = y.val ]	unreached	
composed	ACounit	ACounit ~> η   via algebraMap   [ACounit x0 x1 x2 = algebraMap x0 x1 x3 then algebraMap x0 x1 x2 = η x3 x2]	unreached	
composed	ACounit	ACounit ~> χ   via algebraMap   [ACounit x0 x1 x2 = algebraMap x0 x1 x3 then algebraMap x0 x1 x2 = χ x3]	unreached	
composed	ACounit	ACounit ~> ϕ   via algebraMap   [ACounit x0 x1 x2 = algebraMap x0 x1 x3 then algebraMap x0 x1 x2 = ϕ x3]	unreached	
composed	Action.Hom.hom	Action.Hom.hom ~> Action.ρ   via ModuleCat.ofHom   [Action.Hom.hom x0 = ModuleCat.ofHom x1 then ModuleCat.ofHom x0 = Action.ρ x1 x2]	unreached	
composed	AddEquiv.finsuppUnique.symm	AddEquiv.finsuppUnique.symm ~> Matrix.of   via single   [AddEquiv.finsuppUnique.symm x0 = single x1 x0 then single x0 x1 x2 = Matrix.of x3]	unreached	
composed	AddEquiv.finsuppUnique.symm	AddEquiv.finsuppUnique.symm ~> PEquiv.refl   via single   [AddEquiv.finsuppUnique.symm x0 = single x1 x0 then single x0 x1 = PEquiv.refl x2]	unreached	
composed	AddEquiv.finsuppUnique.symm	AddEquiv.finsuppUnique.symm ~> Pi.single   via single   [AddEquiv.finsuppUnique.symm x0 = single x1 x0 then single x0 x1 x2 x3 = Pi.single x2 x3]	unreached	
composed	AddEquiv.finsuppUnique.symm	AddEquiv.finsuppUnique.symm ~> indicator   via single   [AddEquiv.finsuppUnique.symm x0 = single x1 x0 then single x0 x1 = indicator x2 x3]	unreached	
composed	AddEquiv.finsuppUnique.symm	AddEquiv.finsuppUnique.symm ~> ite   via single   [AddEquiv.finsuppUnique.symm x0 = single x1 x0 then single x0 x1 x2 x3 = ite x4 x2 x5]	unreached	
composed	AddEquiv.finsuppUnique.symm	AddEquiv.finsuppUnique.symm ~> none   via single   [AddEquiv.finsuppUnique.symm x0 = single x1 x0 then single x0 x1 x2 = none ]	unreached	
composed	AddEquiv.finsuppUnique.symm	AddEquiv.finsuppUnique.symm ~> ofNat   via single   [AddEquiv.finsuppUnique.symm x0 = single x1 x0 then single x0 x1 = ofNat x2]	unreached	
composed	AddEquiv.finsuppUnique.symm	AddEquiv.finsuppUnique.symm ~> pi   via single   [AddEquiv.finsuppUnique.symm x0 = single x1 x0 then single x0 x1 x2 = pi x3]	unreached	
composed	AddEquiv.finsuppUnique.symm	AddEquiv.finsuppUnique.symm ~> some   via single   [AddEquiv.finsuppUnique.symm x0 = single x1 x0 then single x0 x1 x0 = some x1]	unreached	
composed	AddEquiv.finsuppUnique.symm	AddEquiv.finsuppUnique.symm ~> updateCol   via single   [AddEquiv.finsuppUnique.symm x0 = single x1 x0 then single x0 x1 x2 = updateCol x3 x1 x4]	unreached	
composed	AddEquiv.finsuppUnique.symm	AddEquiv.finsuppUnique.symm ~> updateRow   via single   [AddEquiv.finsuppUnique.symm x0 = single x1 x0 then single x0 x1 x2 = updateRow x3 x0 x4]	unreached	
composed	AddEquiv.finsuppUnique.symm	AddEquiv.finsuppUnique.symm ~> vecMulVec   via single   [AddEquiv.finsuppUnique.symm x0 = single x1 x0 then single x0 x1 x2 = vecMulVec x3 x4]	unreached	
composed	AddMonoid.exponent	AddMonoid.exponent ~> Nat.card   via exponent   [AddMonoid.exponent x0 = exponent x1 then exponent x0 = Nat.card x0]	unreached	
composed	AddMonoid.exponent	AddMonoid.exponent ~> lcm   via exponent   [AddMonoid.exponent x0 = exponent x1 then exponent x0 = lcm x1 x2]	unreached	
composed	AddMonoid.exponent	AddMonoid.exponent ~> sInf   via exponent   [AddMonoid.exponent x0 = exponent x1 then exponent x0 = sInf x1]	unreached	
composed	AlgHom.comp	AlgHom.comp ~> .id   via map   [AlgHom.comp x0 x1 = map x2 then map x0 = .id ]	unreached	
composed	AlgHom.comp	AlgHom.comp ~> AddMonoidHom.id   via map   [AlgHom.comp x0 x1 = map x2 then map x0 = AddMonoidHom.id x1]	unreached	
composed	AlgHom.comp	AlgHom.comp ~> AdicCompletion.mk   via map   [AlgHom.comp x0 x1 = map x2 then map x0 x1 x2 = AdicCompletion.mk x0 x3 x4]	unreached	
composed	AlgHom.comp	AlgHom.comp ~> AlgHom.id   via map   [AlgHom.comp x0 x1 = map x2 then map x0 = AlgHom.id x1 x2]	unreached	
composed	AlgHom.comp	AlgHom.comp ~> AlgebraTensorModule.map   via map   [AlgHom.comp x0 x1 = map x2 then map x0 x1 = AlgebraTensorModule.map x2 x3]	unreached	
composed	AlgHom.comp	AlgHom.comp ~> B.proj   via map   [AlgHom.comp x0 x1 = map x2 then map x0 x1 x2 = B.proj x3]	unreached	
composed	AlgHom.comp	AlgHom.comp ~> C   via map   [AlgHom.comp x0 x1 = map x2 then map x0 x1 = C x2]	unreached	
composed	AlgHom.comp	AlgHom.comp ~> Coalgebra.TensorProduct.map   via map   [AlgHom.comp x0 x1 = map x2 then map x0 x1 = Coalgebra.TensorProduct.map x2 x3]	unreached	
composed	AlgHom.comp	AlgHom.comp ~> ContinuousMap.id   via map   [AlgHom.comp x0 x1 = map x2 then map x0 = ContinuousMap.id x1]	unreached	
composed	AlgHom.comp	AlgHom.comp ~> ContinuousMonoidHom.comp   via map   [AlgHom.comp x0 x1 = map x2 then map x0 = ContinuousMonoidHom.comp x1 x2]	unreached	
composed	AlgHom.comp	AlgHom.comp ~> F.map   via map   [AlgHom.comp x0 x1 = map x2 then map x0 x1 = F.map x1]	unreached	
composed	AlgHom.comp	AlgHom.comp ~> Functor.id   via map   [AlgHom.comp x0 x1 = map x2 then map x0 = Functor.id x1]	unreached	
composed	AlgHom.comp	AlgHom.comp ~> Ici   via map   [AlgHom.comp x0 x1 = map x2 then map x0 x1 = Ici x2]	unreached	
composed	AlgHom.comp	AlgHom.comp ~> Iic   via map   [AlgHom.comp x0 x1 = map x2 then map x0 x1 = Iic x2]	unreached	
composed	AlgHom.comp	AlgHom.comp ~> Iio   via map   [AlgHom.comp x0 x1 = map x2 then map x0 x1 = Iio x2]	unreached	
composed	AlgHom.comp	AlgHom.comp ~> Ioi   via map   [AlgHom.comp x0 x1 = map x2 then map x0 x1 = Ioi x2]	unreached	
composed	AlgHom.comp	AlgHom.comp ~> LinearMap.id   via map   [AlgHom.comp x0 x1 = map x2 then map x0 = LinearMap.id ]	unreached	
composed	AlgHom.comp	AlgHom.comp ~> LocalizedModule.mk   via map   [AlgHom.comp x0 x1 = map x2 then map x0 x1 x2 = LocalizedModule.mk x3 x4]	unreached	
composed	AlgHom.comp	AlgHom.comp ~> MonoidHom.id   via map   [AlgHom.comp x0 x1 = map x2 then map x0 = MonoidHom.id x1]	unreached	
composed	AlgHom.comp	AlgHom.comp ~> OrderHom.id   via map   [AlgHom.comp x0 x1 = map x2 then map x0 = OrderHom.id ]	unreached	
composed	AlgHom.comp	AlgHom.comp ~> OrderIso.refl   via map   [AlgHom.comp x0 x1 = map x2 then map x0 = OrderIso.refl x1]	unreached	
composed	AlgHom.comp	AlgHom.comp ~> OuterMeasure.ofFunction   via map   [AlgHom.comp x0 x1 = map x2 then map x0 x1 = OuterMeasure.ofFunction x2 x3]	unreached	
composed	AlgHom.comp	AlgHom.comp ~> Perfection.map   via map   [AlgHom.comp x0 x1 = map x2 then map x0 x1 x2 x3 = Perfection.map x0 x3]	unreached	
composed	AlgHom.comp	AlgHom.comp ~> Pi.single   via map   [AlgHom.comp x0 x1 = map x2 then map x0 x1 = Pi.single x2 x3]	unreached	
composed	AlgHom.comp	AlgHom.comp ~> RingHom.id   via map   [AlgHom.comp x0 x1 = map x2 then map x0 x1 = RingHom.id x2]	unreached	
composed	AlgHom.comp	AlgHom.comp ~> Sym2.mk   via map   [AlgHom.comp x0 x1 = map x2 then map x0 x1 = Sym2.mk x2]	unreached	
composed	AlgHom.comp	AlgHom.comp ~> TensorProduct.assoc   via map   [AlgHom.comp x0 x1 = map x2 then map x0 x1 x2 = TensorProduct.assoc x3 x4 x5 x6 x7]	unreached	
composed	AlgHom.comp	AlgHom.comp ~> TensorProduct.comm   via map   [AlgHom.comp x0 x1 = map x2 then map x0 x1 x2 = TensorProduct.comm x3 x4 x5 x6]	unreached	
composed	AlgHom.comp	AlgHom.comp ~> TensorProduct.map   via map   [AlgHom.comp x0 x1 = map x2 then map x0 x1 = TensorProduct.map x0 x1]	unreached	
composed	AlgHom.comp	AlgHom.comp ~> W   via map   [AlgHom.comp x0 x1 = map x2 then map x0 x1 = W x2]	unreached	
composed	AlgHom.comp	AlgHom.comp ~> X   via map   [AlgHom.comp x0 x1 = map x2 then map x0 x1 = X ]	unreached	
composed	AlgHom.comp	AlgHom.comp ~> a.map   via map   [AlgHom.comp x0 x1 = map x2 then map x0 x1 = a.map x2]	unreached	
composed	AlgHom.comp	AlgHom.comp ~> adjoin   via map   [AlgHom.comp x0 x1 = map x2 then map x0 x1 = adjoin x2 x3]	unreached	
composed	AlgHom.comp	AlgHom.comp ~> algebraMap   via map   [AlgHom.comp x0 x1 = map x2 then map x0 x1 x2 x3 = algebraMap x4 x0 x5]	unreached	
composed	AlgHom.comp	AlgHom.comp ~> append   via map   [AlgHom.comp x0 x1 = map x2 then map x0 x1 = append x2 x3]	unreached	
composed	AlgHom.comp	AlgHom.comp ~> atBot   via map   [AlgHom.comp x0 x1 = map x2 then map x0 x1 = atBot ]	unreached	
composed	AlgHom.comp	AlgHom.comp ~> atTop   via map   [AlgHom.comp x0 x1 = map x2 then map x0 x1 = atTop ]	unreached	
composed	AlgHom.comp	AlgHom.comp ~> baseChange   via map   [AlgHom.comp x0 x1 = map x2 then map x0 x1 = baseChange x2 x3 x4]	unreached	
composed	AlgHom.comp	AlgHom.comp ~> bind   via map   [AlgHom.comp x0 x1 = map x2 then map x0 x1 = bind x2 x3]	unreached	
composed	AlgHom.comp	AlgHom.comp ~> bind₁   via map   [AlgHom.comp x0 x1 = map x2 then map x0 x1 = bind₁ x2 x3]	unreached	
composed	AlgHom.comp	AlgHom.comp ~> bind₂   via map   [AlgHom.comp x0 x1 = map x2 then map x0 x1 = bind₂ x2 x3]	unreached	
composed	AlgHom.comp	AlgHom.comp ~> c.blocks   via map   [AlgHom.comp x0 x1 = map x2 then map x0 x1 = c.blocks ]	unreached	
composed	AlgHom.comp	AlgHom.comp ~> cobounded   via map   [AlgHom.comp x0 x1 = map x2 then map x0 x1 = cobounded x2]	unreached	
composed	AlgHom.comp	AlgHom.comp ~> coclosedCompact   via map   [AlgHom.comp x0 x1 = map x2 then map x0 x1 = coclosedCompact x2]	unreached	
composed	AlgHom.comp	AlgHom.comp ~> cocompact   via map   [AlgHom.comp x0 x1 = map x2 then map x0 x1 = cocompact x2]	unreached	
composed	AlgHom.comp	AlgHom.comp ~> comap   via map   [AlgHom.comp x0 x1 = map x2 then map x0 x1 = comap x0 x1]	unreached	
composed	AlgHom.comp	AlgHom.comp ~> cons   via map   [AlgHom.comp x0 x1 = map x2 then map x0 x1 = cons x2 x3]	unreached	
composed	AlgHom.comp	AlgHom.comp ~> const   via map   [AlgHom.comp x0 x1 = map x2 then map x0 x1 = const x2]	unreached	
composed	AlgHom.comp	AlgHom.comp ~> cyclotomic   via map   [AlgHom.comp x0 x1 = map x2 then map x0 x1 = cyclotomic x2 x3]	unreached	
composed	AlgHom.comp	AlgHom.comp ~> d   via map   [AlgHom.comp x0 x1 = map x2 then map x0 x1 = d x2]	unreached	
composed	AlgHom.comp	AlgHom.comp ~> esymm   via map   [AlgHom.comp x0 x1 = map x2 then map x0 x1 = esymm x2 x3 x4]	unreached	
composed	AlgHom.comp	AlgHom.comp ~> eval₂   via map   [AlgHom.comp x0 x1 = map x2 then map x0 x1 = eval₂ x2 x3 x4]	unreached	
composed	AlgHom.comp	AlgHom.comp ~> expand   via map   [AlgHom.comp x0 x1 = map x2 then map x0 x1 = expand x2 x3]	unreached	
composed	AlgHom.comp	AlgHom.comp ~> f   via map   [AlgHom.comp x0 x1 = map x2 then map x0 x1 = f x2]	unreached	
composed	AlgHom.comp	AlgHom.comp ~> f.lift   via map   [AlgHom.comp x0 x1 = map x2 then map x0 x1 = f.lift x2]	unreached	
composed	AlgHom.comp	AlgHom.comp ~> filterMap   via map   [AlgHom.comp x0 x1 = map x2 then map x0 x1 = filterMap x2 x3]	unreached	
composed	AlgHom.comp	AlgHom.comp ~> foldl   via map   [AlgHom.comp x0 x1 = map x2 then map x0 x1 = foldl x2 x3 x4]	unreached	
composed	AlgHom.comp	AlgHom.comp ~> hsymm   via map   [AlgHom.comp x0 x1 = map x2 then map x0 x1 = hsymm x2 x3 x4]	unreached	
composed	AlgHom.comp	AlgHom.comp ~> id   via map   [AlgHom.comp x0 x1 = map x2 then map x0 = id ]	unreached	
composed	AlgHom.comp	AlgHom.comp ~> inl   via map   [AlgHom.comp x0 x1 = map x2 then map x0 x1 = inl x2]	unreached	
composed	AlgHom.comp	AlgHom.comp ~> inr   via map   [AlgHom.comp x0 x1 = map x2 then map x0 x1 = inr x2]	unreached	
composed	AlgHom.comp	AlgHom.comp ~> invUnitsSub   via map   [AlgHom.comp x0 x1 = map x2 then map x0 x1 = invUnitsSub x2]	unreached	
composed	AlgHom.comp	AlgHom.comp ~> jacobson   via map   [AlgHom.comp x0 x1 = map x2 then map x0 x1 = jacobson x2 x3]	unreached	
composed	AlgHom.comp	AlgHom.comp ~> join   via map   [AlgHom.comp x0 x1 = map x2 then map x0 x1 = join x2]	unreached	
composed	AlgHom.comp	AlgHom.comp ~> l.map   via map   [AlgHom.comp x0 x1 = map x2 then map x0 x1 = l.map x0]	unreached	
composed	AlgHom.comp	AlgHom.comp ~> lift   via map   [AlgHom.comp x0 x1 = map x2 then map x0 x1 = lift x2 x1]	unreached	
composed	AlgHom.comp	AlgHom.comp ~> linearCombination   via map   [AlgHom.comp x0 x1 = map x2 then map x0 x1 x2 x3 = linearCombination x4 x5]	unreached	
composed	AlgHom.comp	AlgHom.comp ~> mapOfHomotopy   via map   [AlgHom.comp x0 x1 = map x2 then map x0 x1 x2 x3 x4 = mapOfHomotopy x5]	unreached	
composed	AlgHom.comp	AlgHom.comp ~> mapOfSurjective   via map   [AlgHom.comp x0 x1 = map x2 then map x0 x1 = mapOfSurjective x0 x1 x2 x3]	unreached	
composed	AlgHom.comp	AlgHom.comp ~> map₂   via map   [AlgHom.comp x0 x1 = map x2 then map x0 x1 = map₂ x2 x3 x4]	unreached	
composed	AlgHom.comp	AlgHom.comp ~> minpoly   via map   [AlgHom.comp x0 x1 = map x2 then map x0 x1 = minpoly x2 x3]	unreached	
composed	AlgHom.comp	AlgHom.comp ~> mk   via map   [AlgHom.comp x0 x1 = map x2 then map x0 x1 = mk x2]	unreached	
composed	AlgHom.comp	AlgHom.comp ~> mkMetric   via map   [AlgHom.comp x0 x1 = map x2 then map x0 x1 = mkMetric x2]	unreached	
composed	AlgHom.comp	AlgHom.comp ~> monomial   via map   [AlgHom.comp x0 x1 = map x2 then map x0 x1 = monomial x2 x3]	unreached	
composed	AlgHom.comp	AlgHom.comp ~> nil   via map   [AlgHom.comp x0 x1 = map x2 then map x0 x1 = nil ]	unreached	
composed	AlgHom.comp	AlgHom.comp ~> none   via map   [AlgHom.comp x0 x1 = map x2 then map x0 x1 = none ]	unreached	
composed	AlgHom.comp	AlgHom.comp ~> normalize   via map   [AlgHom.comp x0 x1 = map x2 then map x0 x1 = normalize x2]	unreached	
composed	AlgHom.comp	AlgHom.comp ~> o   via map   [AlgHom.comp x0 x1 = map x2 then map x0 x1 = o ]	unreached	
composed	AlgHom.comp	AlgHom.comp ~> of   via map   [AlgHom.comp x0 x1 = map x2 then map x0 x1 = of x2]	unreached	
composed	AlgHom.comp	AlgHom.comp ~> ofFn   via map   [AlgHom.comp x0 x1 = map x2 then map x0 x1 = ofFn x2]	unreached	
composed	AlgHom.comp	AlgHom.comp ~> ofFractionRing   via map   [AlgHom.comp x0 x1 = map x2 then map x0 x1 x2 = ofFractionRing x3]	unreached	
composed	AlgHom.comp	AlgHom.comp ~> ofList   via map   [AlgHom.comp x0 x1 = map x2 then map x0 x1 = ofList x2]	unreached	
composed	AlgHom.comp	AlgHom.comp ~> ofRealCLM   via map   [AlgHom.comp x0 x1 = map x2 then map x0 x1 = ofRealCLM ]	unreached	
composed	AlgHom.comp	AlgHom.comp ~> parallel   via map   [AlgHom.comp x0 x1 = map x2 then map x0 x1 = parallel x2]	unreached	
composed	AlgHom.comp	AlgHom.comp ~> permutations   via map   [AlgHom.comp x0 x1 = map x2 then map x0 x1 = permutations x2]	unreached	
composed	AlgHom.comp	AlgHom.comp ~> pmap   via map   [AlgHom.comp x0 x1 = map x2 then map x0 x1 = pmap x2 x3 x4]	unreached	
composed	AlgHom.comp	AlgHom.comp ~> prod   via map   [AlgHom.comp x0 x1 = map x2 then map x0 x1 = prod x2 x3]	unreached	
composed	AlgHom.comp	AlgHom.comp ~> prodMkLeft   via map   [AlgHom.comp x0 x1 = map x2 then map x0 x1 = prodMkLeft x2 x3]	unreached	
composed	AlgHom.comp	AlgHom.comp ~> prodMkRight   via map   [AlgHom.comp x0 x1 = map x2 then map x0 x1 = prodMkRight x2 x3]	unreached	
composed	AlgHom.comp	AlgHom.comp ~> pure   via map   [AlgHom.comp x0 x1 = map x2 then map x0 x1 = pure x2]	unreached	
composed	AlgHom.comp	AlgHom.comp ~> reCLM   via map   [AlgHom.comp x0 x1 = map x2 then map x0 x1 = reCLM ]	unreached	
composed	AlgHom.comp	AlgHom.comp ~> reindex   via map   [AlgHom.comp x0 x1 = map x2 then map x0 x1 = reindex x2 x3 x4 x5]	unreached	
composed	AlgHom.comp	AlgHom.comp ~> rename   via map   [AlgHom.comp x0 x1 = map x2 then map x0 x1 = rename x2 x3]	unreached	
composed	AlgHom.comp	AlgHom.comp ~> replicate   via map   [AlgHom.comp x0 x1 = map x2 then map x0 x1 = replicate x2 x3]	unreached	
composed	AlgHom.comp	AlgHom.comp ~> restrict   via map   [AlgHom.comp x0 x1 = map x2 then map x0 x1 = restrict x2 x1]	unreached	
composed	AlgHom.comp	AlgHom.comp ~> ret   via map   [AlgHom.comp x0 x1 = map x2 then map x0 x1 = ret x2]	unreached	
composed	AlgHom.comp	AlgHom.comp ~> reverseAux   via map   [AlgHom.comp x0 x1 = map x2 then map x0 x1 = reverseAux x2 x3]	unreached	
composed	AlgHom.comp	AlgHom.comp ~> root   via map   [AlgHom.comp x0 x1 = map x2 then map x0 x1 x2 x3 x4 = root x2]	unreached	
composed	AlgHom.comp	AlgHom.comp ~> s.sup   via map   [AlgHom.comp x0 x1 = map x2 then map x0 x1 = s.sup x2]	unreached	
composed	AlgHom.comp	AlgHom.comp ~> some   via map   [AlgHom.comp x0 x1 = map x2 then map x0 x1 = some x2]	unreached	
composed	AlgHom.comp	AlgHom.comp ~> span   via map   [AlgHom.comp x0 x1 = map x2 then map x0 x1 = span x2]	unreached	
composed	AlgHom.comp	AlgHom.comp ~> srange   via map   [AlgHom.comp x0 x1 = map x2 then map x0 x1 = srange x2]	unreached	
composed	AlgHom.comp	AlgHom.comp ~> subst   via map   [AlgHom.comp x0 x1 = map x2 then map x0 x1 = subst x2 x1]	unreached	
composed	AlgHom.comp	AlgHom.comp ~> tail   via map   [AlgHom.comp x0 x1 = map x2 then map x0 x1 = tail x2]	unreached	
composed	AlgHom.comp	AlgHom.comp ~> teichmuller   via map   [AlgHom.comp x0 x1 = map x2 then map x0 x1 = teichmuller x2 x3]	unreached	
composed	AlgHom.comp	AlgHom.comp ~> teichmullerFun   via map   [AlgHom.comp x0 x1 = map x2 then map x0 x1 = teichmullerFun x2 x3]	unreached	
composed	AlgHom.comp	AlgHom.comp ~> think   via map   [AlgHom.comp x0 x1 = map x2 then map x0 x1 = think x2]	unreached	
composed	AlgHom.comp	AlgHom.comp ~> univ.val   via map   [AlgHom.comp x0 x1 = map x2 then map x0 x1 = univ.val ]	unreached	
composed	AlgHom.comp	AlgHom.comp ~> updateCol   via map   [AlgHom.comp x0 x1 = map x2 then map x0 x1 = updateCol x2 x3 x4]	unreached	
composed	AlgHom.comp	AlgHom.comp ~> updateRow   via map   [AlgHom.comp x0 x1 = map x2 then map x0 x1 = updateRow x2 x3 x4]	unreached	
composed	AlgHom.comp	AlgHom.comp ~> verschiebung   via map   [AlgHom.comp x0 x1 = map x2 then map x0 x1 = verschiebung x2]	unreached	
composed	AlgHom.comp	AlgHom.comp ~> vertex   via map   [AlgHom.comp x0 x1 = map x2 then map x0 x1 x2 = vertex x3]	unreached	
composed	AlgHom.comp	AlgHom.comp ~> wittStructureRat   via map   [AlgHom.comp x0 x1 = map x2 then map x0 x1 = wittStructureRat x2 x3 x4]	unreached	
composed	AlgHom.comp	AlgHom.comp ~> x   via map   [AlgHom.comp x0 x1 = map x2 then map x0 x0 x1 x2 x3 = x ]	unreached	
composed	AlgHom.comp	AlgHom.comp ~> ι   via map   [AlgHom.comp x0 x1 = map x2 then map x0 x1 = ι x2 x3]	unreached	
composed	AlgHom.comp	AlgHom.comp ~> ιMulti   via map   [AlgHom.comp x0 x1 = map x2 then map x0 x1 = ιMulti x2 x3 x4]	unreached	
composed	AlgHom.comp	AlgHom.comp ~> μ.prod   via map   [AlgHom.comp x0 x1 = map x2 then map x0 x1 = μ.prod x2]	unreached	
composed	AlgHom.comp	AlgHom.comp ~> μ.withDensity   via map   [AlgHom.comp x0 x1 = map x2 then map x0 x1 = μ.withDensity x2]	unreached	
composed	AlgHom.comp	AlgHom.comp ~> ν.prod   via map   [AlgHom.comp x0 x1 = map x2 then map x0 x1 = ν.prod x2]	unreached	
composed	AlgHom.comp	AlgHom.comp ~> 𝓝   via map   [AlgHom.comp x0 x1 = map x2 then map x0 x1 = 𝓝 x2]	unreached	
composed	AlgHom.comp	AlgHom.comp ~> 𝓝ˢ   via map   [AlgHom.comp x0 x1 = map x2 then map x0 x1 = 𝓝ˢ x2]	unreached	
composed	AlgHom.comp	AlgHom.comp ~> 𝓟   via map   [AlgHom.comp x0 x1 = map x2 then map x0 x1 = 𝓟 x2]	unreached	
composed	AlgHom.range	AlgHom.range ~> LinearMap.range   via f.range   [AlgHom.range x0 = f.range  then f.range  = LinearMap.range x0]	unreached	
composed	AlgHom.range	AlgHom.range ~> Set.range   via f.range   [AlgHom.range x0 = f.range  then f.range  = Set.range x0]	unreached	
composed	Algebra.IsAlgebraic.algHomEquivAlgHomOfSplits	Algebra.IsAlgebraic.algHomEquivAlgHomOfSplits ~> .id   via algebraMap   [Algebra.IsAlgebraic.algHomEquivAlgHomOfSplits x0 x1 x2 x3 x4 = algebraMap x1 x0 x5 then algebraMap x0 x0 = .id x1]	unreached	
composed	Algebra.IsAlgebraic.algHomEquivAlgHomOfSplits	Algebra.IsAlgebraic.algHomEquivAlgHomOfSplits ~> Algebra.intNorm   via algebraMap   [Algebra.IsAlgebraic.algHomEquivAlgHomOfSplits x0 x1 x2 x3 x4 = algebraMap x1 x0 x5 then algebraMap x0 x1 x2 = Algebra.intNorm x1 x3 x4]	unreached	
composed	Algebra.IsAlgebraic.algHomEquivAlgHomOfSplits	Algebra.IsAlgebraic.algHomEquivAlgHomOfSplits ~> Algebra.intTrace   via algebraMap   [Algebra.IsAlgebraic.algHomEquivAlgHomOfSplits x0 x1 x2 x3 x4 = algebraMap x1 x0 x5 then algebraMap x0 x1 x2 = Algebra.intTrace x1 x3 x4]	unreached	
composed	Algebra.IsAlgebraic.algHomEquivAlgHomOfSplits	Algebra.IsAlgebraic.algHomEquivAlgHomOfSplits ~> Algebra.norm   via algebraMap   [Algebra.IsAlgebraic.algHomEquivAlgHomOfSplits x0 x1 x2 x3 x4 = algebraMap x1 x0 x5 then algebraMap x0 x1 x2 = Algebra.norm x1 x3]	unreached	
composed	Algebra.IsAlgebraic.algHomEquivAlgHomOfSplits	Algebra.IsAlgebraic.algHomEquivAlgHomOfSplits ~> Algebra.trace   via algebraMap   [Algebra.IsAlgebraic.algHomEquivAlgHomOfSplits x0 x1 x2 x3 x4 = algebraMap x1 x0 x5 then algebraMap x0 x1 x2 = Algebra.trace x1 x3 x4]	unreached	
composed	Algebra.IsAlgebraic.algHomEquivAlgHomOfSplits	Algebra.IsAlgebraic.algHomEquivAlgHomOfSplits ~> B.form   via algebraMap   [Algebra.IsAlgebraic.algHomEquivAlgHomOfSplits x0 x1 x2 x3 x4 = algebraMap x1 x0 x5 then algebraMap x0 x1 x2 = B.form x3 x3]	unreached	
composed	Algebra.IsAlgebraic.algHomEquivAlgHomOfSplits	Algebra.IsAlgebraic.algHomEquivAlgHomOfSplits ~> C   via algebraMap   [Algebra.IsAlgebraic.algHomEquivAlgHomOfSplits x0 x1 x2 x3 x4 = algebraMap x1 x0 x5 then algebraMap x0 x0 x1 = C ]	unreached	
composed	Algebra.IsAlgebraic.algHomEquivAlgHomOfSplits	Algebra.IsAlgebraic.algHomEquivAlgHomOfSplits ~> CC   via algebraMap   [Algebra.IsAlgebraic.algHomEquivAlgHomOfSplits x0 x1 x2 x3 x4 = algebraMap x1 x0 x5 then algebraMap x0 x0 x1 x2 = CC x3]	unreached	
composed	Algebra.IsAlgebraic.algHomEquivAlgHomOfSplits	Algebra.IsAlgebraic.algHomEquivAlgHomOfSplits ~> DirectSum.of   via algebraMap   [Algebra.IsAlgebraic.algHomEquivAlgHomOfSplits x0 x1 x2 x3 x4 = algebraMap x1 x0 x5 then algebraMap x0 x1 x2 = DirectSum.of x3 x4 x5]	unreached	
composed	Algebra.IsAlgebraic.algHomEquivAlgHomOfSplits	Algebra.IsAlgebraic.algHomEquivAlgHomOfSplits ~> HahnSeries.C   via algebraMap   [Algebra.IsAlgebraic.algHomEquivAlgHomOfSplits x0 x1 x2 x3 x4 = algebraMap x1 x0 x5 then algebraMap x0 x0 x1 x2 = HahnSeries.C x2]	unreached	
composed	Algebra.IsAlgebraic.algHomEquivAlgHomOfSplits	Algebra.IsAlgebraic.algHomEquivAlgHomOfSplits ~> Ideal.Quotient.mk   via algebraMap   [Algebra.IsAlgebraic.algHomEquivAlgHomOfSplits x0 x1 x2 x3 x4 = algebraMap x1 x0 x5 then algebraMap x0 x1 x2 = Ideal.Quotient.mk x3 x4]	unreached	
composed	Algebra.IsAlgebraic.algHomEquivAlgHomOfSplits	Algebra.IsAlgebraic.algHomEquivAlgHomOfSplits ~> Int.castRingHom   via algebraMap   [Algebra.IsAlgebraic.algHomEquivAlgHomOfSplits x0 x1 x2 x3 x4 = algebraMap x1 x0 x5 then algebraMap x0 x1 = Int.castRingHom x1]	unreached	
composed	Algebra.IsAlgebraic.algHomEquivAlgHomOfSplits	Algebra.IsAlgebraic.algHomEquivAlgHomOfSplits ~> MvPolynomial.map   via algebraMap   [Algebra.IsAlgebraic.algHomEquivAlgHomOfSplits x0 x1 x2 x3 x4 = algebraMap x1 x0 x5 then algebraMap x0 x1 = MvPolynomial.map x2]	unreached	
composed	Algebra.IsAlgebraic.algHomEquivAlgHomOfSplits	Algebra.IsAlgebraic.algHomEquivAlgHomOfSplits ~> P.coxeterWeight   via algebraMap   [Algebra.IsAlgebraic.algHomEquivAlgHomOfSplits x0 x1 x2 x3 x4 = algebraMap x1 x0 x5 then algebraMap x0 x1 x2 = P.coxeterWeight x3 x4]	unreached	
composed	Algebra.IsAlgebraic.algHomEquivAlgHomOfSplits	Algebra.IsAlgebraic.algHomEquivAlgHomOfSplits ~> P.pairing   via algebraMap   [Algebra.IsAlgebraic.algHomEquivAlgHomOfSplits x0 x1 x2 x3 x4 = algebraMap x1 x0 x5 then algebraMap x0 x1 x2 = P.pairing x3 x4]	unreached	
composed	Algebra.IsAlgebraic.algHomEquivAlgHomOfSplits	Algebra.IsAlgebraic.algHomEquivAlgHomOfSplits ~> P.pairingIn   via algebraMap   [Algebra.IsAlgebraic.algHomEquivAlgHomOfSplits x0 x1 x2 x3 x4 = algebraMap x1 x0 x5 then algebraMap x0 x1 x2 = P.pairingIn x1 x3 x4]	unreached	
composed	Algebra.IsAlgebraic.algHomEquivAlgHomOfSplits	Algebra.IsAlgebraic.algHomEquivAlgHomOfSplits ~> P.toLinearMap   via algebraMap   [Algebra.IsAlgebraic.algHomEquivAlgHomOfSplits x0 x1 x2 x3 x4 = algebraMap x1 x0 x5 then algebraMap x0 x1 x2 = P.toLinearMap x3 x4]	unreached	
composed	Algebra.IsAlgebraic.algHomEquivAlgHomOfSplits	Algebra.IsAlgebraic.algHomEquivAlgHomOfSplits ~> PUnit.unit   via algebraMap   [Algebra.IsAlgebraic.algHomEquivAlgHomOfSplits x0 x1 x2 x3 x4 = algebraMap x1 x0 x5 then algebraMap x0 x1 x2 = PUnit.unit ]	unreached	
composed	Algebra.IsAlgebraic.algHomEquivAlgHomOfSplits	Algebra.IsAlgebraic.algHomEquivAlgHomOfSplits ~> Quotient.mk   via algebraMap   [Algebra.IsAlgebraic.algHomEquivAlgHomOfSplits x0 x1 x2 x3 x4 = algebraMap x1 x0 x5 then algebraMap x0 x1 = Quotient.mk x2]	unreached	
composed	Algebra.IsAlgebraic.algHomEquivAlgHomOfSplits	Algebra.IsAlgebraic.algHomEquivAlgHomOfSplits ~> RingHom.id   via algebraMap   [Algebra.IsAlgebraic.algHomEquivAlgHomOfSplits x0 x1 x2 x3 x4 = algebraMap x1 x0 x5 then algebraMap x0 x0 = RingHom.id x1]	unreached	
composed	Algebra.IsAlgebraic.algHomEquivAlgHomOfSplits	Algebra.IsAlgebraic.algHomEquivAlgHomOfSplits ~> Subfield.subtype   via algebraMap   [Algebra.IsAlgebraic.algHomEquivAlgHomOfSplits x0 x1 x2 x3 x4 = algebraMap x1 x0 x5 then algebraMap x0 x1 = Subfield.subtype x0]	unreached	
composed	Algebra.IsAlgebraic.algHomEquivAlgHomOfSplits	Algebra.IsAlgebraic.algHomEquivAlgHomOfSplits ~> T   via algebraMap   [Algebra.IsAlgebraic.algHomEquivAlgHomOfSplits x0 x1 x2 x3 x4 = algebraMap x1 x0 x5 then algebraMap x0 x1 x0 x2 x3 = T x4]	unreached	
composed	Algebra.IsAlgebraic.algHomEquivAlgHomOfSplits	Algebra.IsAlgebraic.algHomEquivAlgHomOfSplits ~> ULift.up   via algebraMap   [Algebra.IsAlgebraic.algHomEquivAlgHomOfSplits x0 x1 x2 x3 x4 = algebraMap x1 x0 x5 then algebraMap x0 x1 x2 = ULift.up x3]	unreached	
composed	Algebra.IsAlgebraic.algHomEquivAlgHomOfSplits	Algebra.IsAlgebraic.algHomEquivAlgHomOfSplits ~> W.Δ   via algebraMap   [Algebra.IsAlgebraic.algHomEquivAlgHomOfSplits x0 x1 x2 x3 x4 = algebraMap x1 x0 x5 then algebraMap x0 x1 x2 x3 = W.Δ ]	unreached	
composed	Algebra.IsAlgebraic.algHomEquivAlgHomOfSplits	Algebra.IsAlgebraic.algHomEquivAlgHomOfSplits ~> WithAbs.equiv   via algebraMap   [Algebra.IsAlgebraic.algHomEquivAlgHomOfSplits x0 x1 x2 x3 x4 = algebraMap x1 x0 x5 then algebraMap x0 x1 x2 = WithAbs.equiv x3 x4]	unreached	
composed	Algebra.IsAlgebraic.algHomEquivAlgHomOfSplits	Algebra.IsAlgebraic.algHomEquivAlgHomOfSplits ~> X   via algebraMap   [Algebra.IsAlgebraic.algHomEquivAlgHomOfSplits x0 x1 x2 x3 x4 = algebraMap x1 x0 x5 then algebraMap x0 x1 x2 x3 = X ]	unreached	
composed	Algebra.IsAlgebraic.algHomEquivAlgHomOfSplits	Algebra.IsAlgebraic.algHomEquivAlgHomOfSplits ~> aeval   via algebraMap   [Algebra.IsAlgebraic.algHomEquivAlgHomOfSplits x0 x1 x2 x3 x4 = algebraMap x1 x0 x5 then algebraMap x0 x1 x2 = aeval x3 x4]	unreached	
composed	Algebra.IsAlgebraic.algHomEquivAlgHomOfSplits	Algebra.IsAlgebraic.algHomEquivAlgHomOfSplits ~> diagonal   via algebraMap   [Algebra.IsAlgebraic.algHomEquivAlgHomOfSplits x0 x1 x2 x3 x4 = algebraMap x1 x0 x5 then algebraMap x0 x1 x2 = diagonal x3]	unreached	
composed	Algebra.IsAlgebraic.algHomEquivAlgHomOfSplits	Algebra.IsAlgebraic.algHomEquivAlgHomOfSplits ~> exp   via algebraMap   [Algebra.IsAlgebraic.algHomEquivAlgHomOfSplits x0 x1 x2 x3 x4 = algebraMap x1 x0 x5 then algebraMap x0 x1 x2 = exp x3]	unreached	
composed	Algebra.IsAlgebraic.algHomEquivAlgHomOfSplits	Algebra.IsAlgebraic.algHomEquivAlgHomOfSplits ~> fromZeroRingHom   via algebraMap   [Algebra.IsAlgebraic.algHomEquivAlgHomOfSplits x0 x1 x2 x3 x4 = algebraMap x1 x0 x5 then algebraMap x0 x1 = fromZeroRingHom x2 x3]	unreached	
composed	Algebra.IsAlgebraic.algHomEquivAlgHomOfSplits	Algebra.IsAlgebraic.algHomEquivAlgHomOfSplits ~> h.map   via algebraMap   [Algebra.IsAlgebraic.algHomEquivAlgHomOfSplits x0 x1 x2 x3 x4 = algebraMap x1 x0 x5 then algebraMap x0 x1 x2 = h.map x3]	unreached	
composed	Algebra.IsAlgebraic.algHomEquivAlgHomOfSplits	Algebra.IsAlgebraic.algHomEquivAlgHomOfSplits ~> includeLeftRingHom.comp   via algebraMap   [Algebra.IsAlgebraic.algHomEquivAlgHomOfSplits x0 x1 x2 x3 x4 = algebraMap x1 x0 x5 then algebraMap x0 x1 = includeLeftRingHom.comp x2]	unreached	
composed	Algebra.IsAlgebraic.algHomEquivAlgHomOfSplits	Algebra.IsAlgebraic.algHomEquivAlgHomOfSplits ~> inl   via algebraMap   [Algebra.IsAlgebraic.algHomEquivAlgHomOfSplits x0 x1 x2 x3 x4 = algebraMap x1 x0 x5 then algebraMap x0 x1 x2 = inl x3]	unreached	
composed	Algebra.IsAlgebraic.algHomEquivAlgHomOfSplits	Algebra.IsAlgebraic.algHomEquivAlgHomOfSplits ~> inlRingHom   via algebraMap   [Algebra.IsAlgebraic.algHomEquivAlgHomOfSplits x0 x1 x2 x3 x4 = algebraMap x1 x0 x5 then algebraMap x0 x1 = inlRingHom x0 x2]	unreached	
composed	Algebra.IsAlgebraic.algHomEquivAlgHomOfSplits	Algebra.IsAlgebraic.algHomEquivAlgHomOfSplits ~> map   via algebraMap   [Algebra.IsAlgebraic.algHomEquivAlgHomOfSplits x0 x1 x2 x3 x4 = algebraMap x1 x0 x5 then algebraMap x0 x1 = map x1 x2 x3]	unreached	
composed	Algebra.IsAlgebraic.algHomEquivAlgHomOfSplits	Algebra.IsAlgebraic.algHomEquivAlgHomOfSplits ~> mapRangeRingHom   via algebraMap   [Algebra.IsAlgebraic.algHomEquivAlgHomOfSplits x0 x1 x2 x3 x4 = algebraMap x1 x0 x5 then algebraMap x0 x1 x2 x1 = mapRangeRingHom x3 x4]	unreached	
composed	Algebra.IsAlgebraic.algHomEquivAlgHomOfSplits	Algebra.IsAlgebraic.algHomEquivAlgHomOfSplits ~> mapRingHom   via algebraMap   [Algebra.IsAlgebraic.algHomEquivAlgHomOfSplits x0 x1 x2 x3 x4 = algebraMap x1 x0 x5 then algebraMap x0 x1 x2 x1 = mapRingHom x3]	unreached	
composed	Algebra.IsAlgebraic.algHomEquivAlgHomOfSplits	Algebra.IsAlgebraic.algHomEquivAlgHomOfSplits ~> mk   via algebraMap   [Algebra.IsAlgebraic.algHomEquivAlgHomOfSplits x0 x1 x2 x3 x4 = algebraMap x1 x0 x5 then algebraMap x0 x0 x1 = mk x2 x3]	unreached	
composed	Algebra.IsAlgebraic.algHomEquivAlgHomOfSplits	Algebra.IsAlgebraic.algHomEquivAlgHomOfSplits ~> normalizedTrace   via algebraMap   [Algebra.IsAlgebraic.algHomEquivAlgHomOfSplits x0 x1 x2 x3 x4 = algebraMap x1 x0 x5 then algebraMap x0 x1 x2 = normalizedTrace x1 x3 x4]	unreached	
composed	Algebra.IsAlgebraic.algHomEquivAlgHomOfSplits	Algebra.IsAlgebraic.algHomEquivAlgHomOfSplits ~> of   via algebraMap   [Algebra.IsAlgebraic.algHomEquivAlgHomOfSplits x0 x1 x2 x3 x4 = algebraMap x1 x0 x5 then algebraMap x0 x1 = of x2]	unreached	
composed	Algebra.IsAlgebraic.algHomEquivAlgHomOfSplits	Algebra.IsAlgebraic.algHomEquivAlgHomOfSplits ~> ofPowerSeries   via algebraMap   [Algebra.IsAlgebraic.algHomEquivAlgHomOfSplits x0 x1 x2 x3 x4 = algebraMap x1 x0 x5 then algebraMap x0 x1 x0 x2 x3 = ofPowerSeries x4 x0 x3]	unreached	
composed	Algebra.IsAlgebraic.algHomEquivAlgHomOfSplits	Algebra.IsAlgebraic.algHomEquivAlgHomOfSplits ~> op   via algebraMap   [Algebra.IsAlgebraic.algHomEquivAlgHomOfSplits x0 x1 x2 x3 x4 = algebraMap x1 x0 x5 then algebraMap x0 x1 x2 = op x3]	unreached	
composed	Algebra.IsAlgebraic.algHomEquivAlgHomOfSplits	Algebra.IsAlgebraic.algHomEquivAlgHomOfSplits ~> p   via algebraMap   [Algebra.IsAlgebraic.algHomEquivAlgHomOfSplits x0 x1 x2 x3 x4 = algebraMap x1 x0 x5 then algebraMap x0 x1 x2 = p x3 x4]	unreached	
composed	Algebra.IsAlgebraic.algHomEquivAlgHomOfSplits	Algebra.IsAlgebraic.algHomEquivAlgHomOfSplits ~> residue   via algebraMap   [Algebra.IsAlgebraic.algHomEquivAlgHomOfSplits x0 x1 x2 x3 x4 = algebraMap x1 x0 x5 then algebraMap x0 x1 = residue x0]	unreached	
composed	Algebra.IsAlgebraic.algHomEquivAlgHomOfSplits	Algebra.IsAlgebraic.algHomEquivAlgHomOfSplits ~> star   via algebraMap   [Algebra.IsAlgebraic.algHomEquivAlgHomOfSplits x0 x1 x2 x3 x4 = algebraMap x1 x0 x5 then algebraMap x0 x1 x2 = star x3]	unreached	
composed	Algebra.IsAlgebraic.algHomEquivAlgHomOfSplits	Algebra.IsAlgebraic.algHomEquivAlgHomOfSplits ~> toLaurent   via algebraMap   [Algebra.IsAlgebraic.algHomEquivAlgHomOfSplits x0 x1 x2 x3 x4 = algebraMap x1 x0 x5 then algebraMap x0 x1 x0 x2 x3 = toLaurent x3]	unreached	
composed	Algebra.IsAlgebraic.algHomEquivAlgHomOfSplits	Algebra.IsAlgebraic.algHomEquivAlgHomOfSplits ~> toOpen   via algebraMap   [Algebra.IsAlgebraic.algHomEquivAlgHomOfSplits x0 x1 x2 x3 x4 = algebraMap x1 x0 x5 then algebraMap x0 x1 x2 = toOpen x0 x3 x2]	unreached	
composed	Algebra.IsAlgebraic.algHomEquivAlgHomOfSplits	Algebra.IsAlgebraic.algHomEquivAlgHomOfSplits ~> toStalk   via algebraMap   [Algebra.IsAlgebraic.algHomEquivAlgHomOfSplits x0 x1 x2 x3 x4 = algebraMap x1 x0 x5 then algebraMap x0 x1 x2 = toStalk x0 x3 x2]	unreached	
composed	Algebra.IsAlgebraic.algHomEquivAlgHomOfSplits	Algebra.IsAlgebraic.algHomEquivAlgHomOfSplits ~> y.val   via algebraMap   [Algebra.IsAlgebraic.algHomEquivAlgHomOfSplits x0 x1 x2 x3 x4 = algebraMap x1 x0 x5 then algebraMap x0 x1 x2 = y.val ]	unreached	
composed	Algebra.IsAlgebraic.algHomEquivAlgHomOfSplits	Algebra.IsAlgebraic.algHomEquivAlgHomOfSplits ~> η   via algebraMap   [Algebra.IsAlgebraic.algHomEquivAlgHomOfSplits x0 x1 x2 x3 x4 = algebraMap x1 x0 x5 then algebraMap x0 x1 x2 = η x3 x2]	unreached	
composed	Algebra.IsAlgebraic.algHomEquivAlgHomOfSplits	Algebra.IsAlgebraic.algHomEquivAlgHomOfSplits ~> χ   via algebraMap   [Algebra.IsAlgebraic.algHomEquivAlgHomOfSplits x0 x1 x2 x3 x4 = algebraMap x1 x0 x5 then algebraMap x0 x1 x2 = χ x3]	unreached	
composed	Algebra.IsAlgebraic.algHomEquivAlgHomOfSplits	Algebra.IsAlgebraic.algHomEquivAlgHomOfSplits ~> ϕ   via algebraMap   [Algebra.IsAlgebraic.algHomEquivAlgHomOfSplits x0 x1 x2 x3 x4 = algebraMap x1 x0 x5 then algebraMap x0 x1 x2 = ϕ x3]	unreached	
composed	Algebra.discr	Algebra.discr ~> .id   via algebraMap   [Algebra.discr x0 x1 = algebraMap x2 x0 x3 then algebraMap x0 x0 = .id x1]	unreached	
composed	Algebra.discr	Algebra.discr ~> Algebra.intNorm   via algebraMap   [Algebra.discr x0 x1 = algebraMap x2 x0 x3 then algebraMap x0 x1 x2 = Algebra.intNorm x1 x3 x4]	unreached	
composed	Algebra.discr	Algebra.discr ~> Algebra.intTrace   via algebraMap   [Algebra.discr x0 x1 = algebraMap x2 x0 x3 then algebraMap x0 x1 x2 = Algebra.intTrace x1 x3 x4]	unreached	
composed	Algebra.discr	Algebra.discr ~> Algebra.norm   via algebraMap   [Algebra.discr x0 x1 = algebraMap x2 x0 x3 then algebraMap x0 x1 x2 = Algebra.norm x1 x3]	unreached	
composed	Algebra.discr	Algebra.discr ~> Algebra.trace   via algebraMap   [Algebra.discr x0 x1 = algebraMap x2 x0 x3 then algebraMap x0 x1 x2 = Algebra.trace x1 x3 x4]	unreached	
composed	Algebra.discr	Algebra.discr ~> B.form   via algebraMap   [Algebra.discr x0 x1 = algebraMap x2 x0 x3 then algebraMap x0 x1 x2 = B.form x3 x3]	unreached	
composed	Algebra.discr	Algebra.discr ~> C   via algebraMap   [Algebra.discr x0 x1 = algebraMap x2 x0 x3 then algebraMap x0 x0 x1 = C ]	unreached	
composed	Algebra.discr	Algebra.discr ~> CC   via algebraMap   [Algebra.discr x0 x1 = algebraMap x2 x0 x3 then algebraMap x0 x0 x1 x2 = CC x3]	unreached	
composed	Algebra.discr	Algebra.discr ~> DirectSum.of   via algebraMap   [Algebra.discr x0 x1 = algebraMap x2 x0 x3 then algebraMap x0 x1 x2 = DirectSum.of x3 x4 x5]	unreached	
composed	Algebra.discr	Algebra.discr ~> HahnSeries.C   via algebraMap   [Algebra.discr x0 x1 = algebraMap x2 x0 x3 then algebraMap x0 x0 x1 x2 = HahnSeries.C x2]	unreached	
composed	Algebra.discr	Algebra.discr ~> Ideal.Quotient.mk   via algebraMap   [Algebra.discr x0 x1 = algebraMap x2 x0 x3 then algebraMap x0 x1 x2 = Ideal.Quotient.mk x3 x4]	unreached	
composed	Algebra.discr	Algebra.discr ~> Int.castRingHom   via algebraMap   [Algebra.discr x0 x1 = algebraMap x2 x0 x3 then algebraMap x0 x1 = Int.castRingHom x1]	unreached	
composed	Algebra.discr	Algebra.discr ~> MvPolynomial.map   via algebraMap   [Algebra.discr x0 x1 = algebraMap x2 x0 x3 then algebraMap x0 x1 = MvPolynomial.map x2]	unreached	
composed	Algebra.discr	Algebra.discr ~> P.coxeterWeight   via algebraMap   [Algebra.discr x0 x1 = algebraMap x2 x0 x3 then algebraMap x0 x1 x2 = P.coxeterWeight x3 x4]	unreached	
composed	Algebra.discr	Algebra.discr ~> P.pairing   via algebraMap   [Algebra.discr x0 x1 = algebraMap x2 x0 x3 then algebraMap x0 x1 x2 = P.pairing x3 x4]	unreached	
composed	Algebra.discr	Algebra.discr ~> P.pairingIn   via algebraMap   [Algebra.discr x0 x1 = algebraMap x2 x0 x3 then algebraMap x0 x1 x2 = P.pairingIn x1 x3 x4]	unreached	
composed	Algebra.discr	Algebra.discr ~> P.toLinearMap   via algebraMap   [Algebra.discr x0 x1 = algebraMap x2 x0 x3 then algebraMap x0 x1 x2 = P.toLinearMap x3 x4]	unreached	
composed	Algebra.discr	Algebra.discr ~> PUnit.unit   via algebraMap   [Algebra.discr x0 x1 = algebraMap x2 x0 x3 then algebraMap x0 x1 x2 = PUnit.unit ]	unreached	
composed	Algebra.discr	Algebra.discr ~> Quotient.mk   via algebraMap   [Algebra.discr x0 x1 = algebraMap x2 x0 x3 then algebraMap x0 x1 = Quotient.mk x2]	unreached	
composed	Algebra.discr	Algebra.discr ~> RingHom.id   via algebraMap   [Algebra.discr x0 x1 = algebraMap x2 x0 x3 then algebraMap x0 x0 = RingHom.id x1]	unreached	
composed	Algebra.discr	Algebra.discr ~> Subfield.subtype   via algebraMap   [Algebra.discr x0 x1 = algebraMap x2 x0 x3 then algebraMap x0 x1 = Subfield.subtype x0]	unreached	
composed	Algebra.discr	Algebra.discr ~> T   via algebraMap   [Algebra.discr x0 x1 = algebraMap x2 x0 x3 then algebraMap x0 x1 x0 x2 x3 = T x4]	unreached	
composed	Algebra.discr	Algebra.discr ~> ULift.up   via algebraMap   [Algebra.discr x0 x1 = algebraMap x2 x0 x3 then algebraMap x0 x1 x2 = ULift.up x3]	unreached	
composed	Algebra.discr	Algebra.discr ~> W.Δ   via algebraMap   [Algebra.discr x0 x1 = algebraMap x2 x0 x3 then algebraMap x0 x1 x2 x3 = W.Δ ]	unreached	
composed	Algebra.discr	Algebra.discr ~> WithAbs.equiv   via algebraMap   [Algebra.discr x0 x1 = algebraMap x2 x0 x3 then algebraMap x0 x1 x2 = WithAbs.equiv x3 x4]	unreached	
composed	Algebra.discr	Algebra.discr ~> X   via algebraMap   [Algebra.discr x0 x1 = algebraMap x2 x0 x3 then algebraMap x0 x1 x2 x3 = X ]	unreached	
composed	Algebra.discr	Algebra.discr ~> aeval   via algebraMap   [Algebra.discr x0 x1 = algebraMap x2 x0 x3 then algebraMap x0 x1 x2 = aeval x3 x4]	unreached	
composed	Algebra.discr	Algebra.discr ~> diagonal   via algebraMap   [Algebra.discr x0 x1 = algebraMap x2 x0 x3 then algebraMap x0 x1 x2 = diagonal x3]	unreached	
composed	Algebra.discr	Algebra.discr ~> exp   via algebraMap   [Algebra.discr x0 x1 = algebraMap x2 x0 x3 then algebraMap x0 x1 x2 = exp x3]	unreached	
composed	Algebra.discr	Algebra.discr ~> fromZeroRingHom   via algebraMap   [Algebra.discr x0 x1 = algebraMap x2 x0 x3 then algebraMap x0 x1 = fromZeroRingHom x2 x3]	unreached	
composed	Algebra.discr	Algebra.discr ~> h.map   via algebraMap   [Algebra.discr x0 x1 = algebraMap x2 x0 x3 then algebraMap x0 x1 x2 = h.map x3]	unreached	
composed	Algebra.discr	Algebra.discr ~> includeLeftRingHom.comp   via algebraMap   [Algebra.discr x0 x1 = algebraMap x2 x0 x3 then algebraMap x0 x1 = includeLeftRingHom.comp x2]	unreached	
composed	Algebra.discr	Algebra.discr ~> inl   via algebraMap   [Algebra.discr x0 x1 = algebraMap x2 x0 x3 then algebraMap x0 x1 x2 = inl x3]	unreached	
composed	Algebra.discr	Algebra.discr ~> inlRingHom   via algebraMap   [Algebra.discr x0 x1 = algebraMap x2 x0 x3 then algebraMap x0 x1 = inlRingHom x0 x2]	unreached	
composed	Algebra.discr	Algebra.discr ~> map   via algebraMap   [Algebra.discr x0 x1 = algebraMap x2 x0 x3 then algebraMap x0 x1 = map x1 x2 x3]	unreached	
composed	Algebra.discr	Algebra.discr ~> mapRangeRingHom   via algebraMap   [Algebra.discr x0 x1 = algebraMap x2 x0 x3 then algebraMap x0 x1 x2 x1 = mapRangeRingHom x3 x4]	unreached	
composed	Algebra.discr	Algebra.discr ~> mapRingHom   via algebraMap   [Algebra.discr x0 x1 = algebraMap x2 x0 x3 then algebraMap x0 x1 x2 x1 = mapRingHom x3]	unreached	
composed	Algebra.discr	Algebra.discr ~> mk   via algebraMap   [Algebra.discr x0 x1 = algebraMap x2 x0 x3 then algebraMap x0 x0 x1 = mk x2 x3]	unreached	
composed	Algebra.discr	Algebra.discr ~> normalizedTrace   via algebraMap   [Algebra.discr x0 x1 = algebraMap x2 x0 x3 then algebraMap x0 x1 x2 = normalizedTrace x1 x3 x4]	unreached	
composed	Algebra.discr	Algebra.discr ~> of   via algebraMap   [Algebra.discr x0 x1 = algebraMap x2 x0 x3 then algebraMap x0 x1 = of x2]	unreached	
composed	Algebra.discr	Algebra.discr ~> ofPowerSeries   via algebraMap   [Algebra.discr x0 x1 = algebraMap x2 x0 x3 then algebraMap x0 x1 x0 x2 x3 = ofPowerSeries x4 x0 x3]	unreached	
composed	Algebra.discr	Algebra.discr ~> op   via algebraMap   [Algebra.discr x0 x1 = algebraMap x2 x0 x3 then algebraMap x0 x1 x2 = op x3]	unreached	
composed	Algebra.discr	Algebra.discr ~> p   via algebraMap   [Algebra.discr x0 x1 = algebraMap x2 x0 x3 then algebraMap x0 x1 x2 = p x3 x4]	unreached	
composed	Algebra.discr	Algebra.discr ~> residue   via algebraMap   [Algebra.discr x0 x1 = algebraMap x2 x0 x3 then algebraMap x0 x1 = residue x0]	unreached	
composed	Algebra.discr	Algebra.discr ~> star   via algebraMap   [Algebra.discr x0 x1 = algebraMap x2 x0 x3 then algebraMap x0 x1 x2 = star x3]	unreached	
composed	Algebra.discr	Algebra.discr ~> toLaurent   via algebraMap   [Algebra.discr x0 x1 = algebraMap x2 x0 x3 then algebraMap x0 x1 x0 x2 x3 = toLaurent x3]	unreached	
composed	Algebra.discr	Algebra.discr ~> toOpen   via algebraMap   [Algebra.discr x0 x1 = algebraMap x2 x0 x3 then algebraMap x0 x1 x2 = toOpen x0 x3 x2]	unreached	
composed	Algebra.discr	Algebra.discr ~> toStalk   via algebraMap   [Algebra.discr x0 x1 = algebraMap x2 x0 x3 then algebraMap x0 x1 x2 = toStalk x0 x3 x2]	unreached	
composed	Algebra.discr	Algebra.discr ~> y.val   via algebraMap   [Algebra.discr x0 x1 = algebraMap x2 x0 x3 then algebraMap x0 x1 x2 = y.val ]	unreached	
composed	Algebra.discr	Algebra.discr ~> η   via algebraMap   [Algebra.discr x0 x1 = algebraMap x2 x0 x3 then algebraMap x0 x1 x2 = η x3 x2]	unreached	
composed	Algebra.discr	Algebra.discr ~> χ   via algebraMap   [Algebra.discr x0 x1 = algebraMap x2 x0 x3 then algebraMap x0 x1 x2 = χ x3]	unreached	
composed	Algebra.discr	Algebra.discr ~> ϕ   via algebraMap   [Algebra.discr x0 x1 = algebraMap x2 x0 x3 then algebraMap x0 x1 x2 = ϕ x3]	unreached	
composed	Algebra.intNorm	Algebra.intNorm ~> Complex.normSq   via Algebra.norm   [Algebra.intNorm x0 x1 = Algebra.norm x0 then Algebra.norm x0 x1 = Complex.normSq x1]	unreached	
composed	Algebra.intNorm	Algebra.intNorm ~> MonoidHom.id   via Algebra.norm   [Algebra.intNorm x0 x1 = Algebra.norm x0 then Algebra.norm x0 = MonoidHom.id x0]	unreached	
composed	Algebra.intNorm	Algebra.intNorm ~> algebraMap   via Algebra.norm   [Algebra.intNorm x0 x1 = Algebra.norm x0 then Algebra.norm x0 x1 = algebraMap x2 x0 x3]	unreached	
composed	Algebra.intNorm	Algebra.intNorm ~> e₁.symm   via Algebra.norm   [Algebra.intNorm x0 x1 = Algebra.norm x0 then Algebra.norm x0 x1 = e₁.symm x2]	unreached	
composed	Algebra.intNorm	Algebra.intNorm ~> normSq.toMonoidHom   via Algebra.norm   [Algebra.intNorm x0 x1 = Algebra.norm x0 then Algebra.norm x0 = normSq.toMonoidHom ]	unreached	
composed	Algebra.intTrace	Algebra.intTrace ~> Ideal.Quotient.mk   via Algebra.trace   [Algebra.intTrace x0 x1 = Algebra.trace x0 x1 then Algebra.trace x0 x1 x2 = Ideal.Quotient.mk x3 x4]	unreached	
composed	Algebra.intTrace	Algebra.intTrace ~> algebraMap   via Algebra.trace   [Algebra.intTrace x0 x1 = Algebra.trace x0 x1 then Algebra.trace x0 x1 x2 = algebraMap x3 x0 x4]	unreached	
composed	Algebra.intTrace	Algebra.intTrace ~> e₁.symm   via Algebra.trace   [Algebra.intTrace x0 x1 = Algebra.trace x0 x1 then Algebra.trace x0 x1 x2 = e₁.symm x3]	unreached	
composed	Algebra.linearMap	Algebra.linearMap ~> Algebra.intNorm   via algebraMap   [Algebra.linearMap x0 x1 x2 = algebraMap x0 x1 x2 then algebraMap x0 x1 x2 = Algebra.intNorm x1 x3 x4]	unreached	
composed	Algebra.linearMap	Algebra.linearMap ~> Algebra.intTrace   via algebraMap   [Algebra.linearMap x0 x1 x2 = algebraMap x0 x1 x2 then algebraMap x0 x1 x2 = Algebra.intTrace x1 x3 x4]	unreached	
composed	Algebra.linearMap	Algebra.linearMap ~> Algebra.norm   via algebraMap   [Algebra.linearMap x0 x1 x2 = algebraMap x0 x1 x2 then algebraMap x0 x1 x2 = Algebra.norm x1 x3]	unreached	
composed	Algebra.linearMap	Algebra.linearMap ~> Algebra.trace   via algebraMap   [Algebra.linearMap x0 x1 x2 = algebraMap x0 x1 x2 then algebraMap x0 x1 x2 = Algebra.trace x1 x3 x4]	unreached	
composed	Algebra.linearMap	Algebra.linearMap ~> B.form   via algebraMap   [Algebra.linearMap x0 x1 x2 = algebraMap x0 x1 x2 then algebraMap x0 x1 x2 = B.form x3 x3]	unreached	
composed	Algebra.linearMap	Algebra.linearMap ~> C   via algebraMap   [Algebra.linearMap x0 x1 x2 = algebraMap x0 x1 x2 then algebraMap x0 x0 x1 = C ]	unreached	
composed	Algebra.linearMap	Algebra.linearMap ~> CC   via algebraMap   [Algebra.linearMap x0 x1 x2 = algebraMap x0 x1 x2 then algebraMap x0 x0 x1 x2 = CC x3]	unreached	
composed	Algebra.linearMap	Algebra.linearMap ~> DirectSum.of   via algebraMap   [Algebra.linearMap x0 x1 x2 = algebraMap x0 x1 x2 then algebraMap x0 x1 x2 = DirectSum.of x3 x4 x5]	unreached	
composed	Algebra.linearMap	Algebra.linearMap ~> HahnSeries.C   via algebraMap   [Algebra.linearMap x0 x1 x2 = algebraMap x0 x1 x2 then algebraMap x0 x0 x1 x2 = HahnSeries.C x2]	unreached	
composed	Algebra.linearMap	Algebra.linearMap ~> Ideal.Quotient.mk   via algebraMap   [Algebra.linearMap x0 x1 x2 = algebraMap x0 x1 x2 then algebraMap x0 x1 x2 = Ideal.Quotient.mk x3 x4]	unreached	
composed	Algebra.linearMap	Algebra.linearMap ~> Int.castRingHom   via algebraMap   [Algebra.linearMap x0 x1 x2 = algebraMap x0 x1 x2 then algebraMap x0 x1 = Int.castRingHom x1]	unreached	
composed	Algebra.linearMap	Algebra.linearMap ~> MvPolynomial.map   via algebraMap   [Algebra.linearMap x0 x1 x2 = algebraMap x0 x1 x2 then algebraMap x0 x1 = MvPolynomial.map x2]	unreached	
composed	Algebra.linearMap	Algebra.linearMap ~> P.coxeterWeight   via algebraMap   [Algebra.linearMap x0 x1 x2 = algebraMap x0 x1 x2 then algebraMap x0 x1 x2 = P.coxeterWeight x3 x4]	unreached	
composed	Algebra.linearMap	Algebra.linearMap ~> P.pairing   via algebraMap   [Algebra.linearMap x0 x1 x2 = algebraMap x0 x1 x2 then algebraMap x0 x1 x2 = P.pairing x3 x4]	unreached	
composed	Algebra.linearMap	Algebra.linearMap ~> P.pairingIn   via algebraMap   [Algebra.linearMap x0 x1 x2 = algebraMap x0 x1 x2 then algebraMap x0 x1 x2 = P.pairingIn x1 x3 x4]	unreached	
composed	Algebra.linearMap	Algebra.linearMap ~> P.toLinearMap   via algebraMap   [Algebra.linearMap x0 x1 x2 = algebraMap x0 x1 x2 then algebraMap x0 x1 x2 = P.toLinearMap x3 x4]	unreached	
composed	Algebra.linearMap	Algebra.linearMap ~> PUnit.unit   via algebraMap   [Algebra.linearMap x0 x1 x2 = algebraMap x0 x1 x2 then algebraMap x0 x1 x2 = PUnit.unit ]	unreached	
composed	Algebra.linearMap	Algebra.linearMap ~> Quotient.mk   via algebraMap   [Algebra.linearMap x0 x1 x2 = algebraMap x0 x1 x2 then algebraMap x0 x1 = Quotient.mk x2]	unreached	
composed	Algebra.linearMap	Algebra.linearMap ~> RingHom.id   via algebraMap   [Algebra.linearMap x0 x1 x2 = algebraMap x0 x1 x2 then algebraMap x0 x0 = RingHom.id x1]	unreached	
composed	Algebra.linearMap	Algebra.linearMap ~> Subfield.subtype   via algebraMap   [Algebra.linearMap x0 x1 x2 = algebraMap x0 x1 x2 then algebraMap x0 x1 = Subfield.subtype x0]	unreached	
composed	Algebra.linearMap	Algebra.linearMap ~> T   via algebraMap   [Algebra.linearMap x0 x1 x2 = algebraMap x0 x1 x2 then algebraMap x0 x1 x0 x2 x3 = T x4]	unreached	
composed	Algebra.linearMap	Algebra.linearMap ~> ULift.up   via algebraMap   [Algebra.linearMap x0 x1 x2 = algebraMap x0 x1 x2 then algebraMap x0 x1 x2 = ULift.up x3]	unreached	
composed	Algebra.linearMap	Algebra.linearMap ~> W.Δ   via algebraMap   [Algebra.linearMap x0 x1 x2 = algebraMap x0 x1 x2 then algebraMap x0 x1 x2 x3 = W.Δ ]	unreached	
composed	Algebra.linearMap	Algebra.linearMap ~> WithAbs.equiv   via algebraMap   [Algebra.linearMap x0 x1 x2 = algebraMap x0 x1 x2 then algebraMap x0 x1 x2 = WithAbs.equiv x3 x4]	unreached	
composed	Algebra.linearMap	Algebra.linearMap ~> X   via algebraMap   [Algebra.linearMap x0 x1 x2 = algebraMap x0 x1 x2 then algebraMap x0 x1 x2 x3 = X ]	unreached	
composed	Algebra.linearMap	Algebra.linearMap ~> aeval   via algebraMap   [Algebra.linearMap x0 x1 x2 = algebraMap x0 x1 x2 then algebraMap x0 x1 x2 = aeval x3 x4]	unreached	
composed	Algebra.linearMap	Algebra.linearMap ~> diagonal   via algebraMap   [Algebra.linearMap x0 x1 x2 = algebraMap x0 x1 x2 then algebraMap x0 x1 x2 = diagonal x3]	unreached	
composed	Algebra.linearMap	Algebra.linearMap ~> exp   via algebraMap   [Algebra.linearMap x0 x1 x2 = algebraMap x0 x1 x2 then algebraMap x0 x1 x2 = exp x3]	unreached	
composed	Algebra.linearMap	Algebra.linearMap ~> fromZeroRingHom   via algebraMap   [Algebra.linearMap x0 x1 x2 = algebraMap x0 x1 x2 then algebraMap x0 x1 = fromZeroRingHom x2 x3]	unreached	
composed	Algebra.linearMap	Algebra.linearMap ~> h.map   via algebraMap   [Algebra.linearMap x0 x1 x2 = algebraMap x0 x1 x2 then algebraMap x0 x1 x2 = h.map x3]	unreached	
composed	Algebra.linearMap	Algebra.linearMap ~> includeLeftRingHom.comp   via algebraMap   [Algebra.linearMap x0 x1 x2 = algebraMap x0 x1 x2 then algebraMap x0 x1 = includeLeftRingHom.comp x2]	unreached	
composed	Algebra.linearMap	Algebra.linearMap ~> inl   via algebraMap   [Algebra.linearMap x0 x1 x2 = algebraMap x0 x1 x2 then algebraMap x0 x1 x2 = inl x3]	unreached	
composed	Algebra.linearMap	Algebra.linearMap ~> inlRingHom   via algebraMap   [Algebra.linearMap x0 x1 x2 = algebraMap x0 x1 x2 then algebraMap x0 x1 = inlRingHom x0 x2]	unreached	
composed	Algebra.linearMap	Algebra.linearMap ~> map   via algebraMap   [Algebra.linearMap x0 x1 x2 = algebraMap x0 x1 x2 then algebraMap x0 x1 = map x1 x2 x3]	unreached	
composed	Algebra.linearMap	Algebra.linearMap ~> mapRangeRingHom   via algebraMap   [Algebra.linearMap x0 x1 x2 = algebraMap x0 x1 x2 then algebraMap x0 x1 x2 x1 = mapRangeRingHom x3 x4]	unreached	
composed	Algebra.linearMap	Algebra.linearMap ~> mapRingHom   via algebraMap   [Algebra.linearMap x0 x1 x2 = algebraMap x0 x1 x2 then algebraMap x0 x1 x2 x1 = mapRingHom x3]	unreached	
composed	Algebra.linearMap	Algebra.linearMap ~> mk   via algebraMap   [Algebra.linearMap x0 x1 x2 = algebraMap x0 x1 x2 then algebraMap x0 x0 x1 = mk x2 x3]	unreached	
composed	Algebra.linearMap	Algebra.linearMap ~> normalizedTrace   via algebraMap   [Algebra.linearMap x0 x1 x2 = algebraMap x0 x1 x2 then algebraMap x0 x1 x2 = normalizedTrace x1 x3 x4]	unreached	
composed	Algebra.linearMap	Algebra.linearMap ~> of   via algebraMap   [Algebra.linearMap x0 x1 x2 = algebraMap x0 x1 x2 then algebraMap x0 x1 = of x2]	unreached	
composed	Algebra.linearMap	Algebra.linearMap ~> ofPowerSeries   via algebraMap   [Algebra.linearMap x0 x1 x2 = algebraMap x0 x1 x2 then algebraMap x0 x1 x0 x2 x3 = ofPowerSeries x4 x0 x3]	unreached	
composed	Algebra.linearMap	Algebra.linearMap ~> op   via algebraMap   [Algebra.linearMap x0 x1 x2 = algebraMap x0 x1 x2 then algebraMap x0 x1 x2 = op x3]	unreached	
composed	Algebra.linearMap	Algebra.linearMap ~> p   via algebraMap   [Algebra.linearMap x0 x1 x2 = algebraMap x0 x1 x2 then algebraMap x0 x1 x2 = p x3 x4]	unreached	
composed	Algebra.linearMap	Algebra.linearMap ~> residue   via algebraMap   [Algebra.linearMap x0 x1 x2 = algebraMap x0 x1 x2 then algebraMap x0 x1 = residue x0]	unreached	
composed	Algebra.linearMap	Algebra.linearMap ~> star   via algebraMap   [Algebra.linearMap x0 x1 x2 = algebraMap x0 x1 x2 then algebraMap x0 x1 x2 = star x3]	unreached	
composed	Algebra.linearMap	Algebra.linearMap ~> toLaurent   via algebraMap   [Algebra.linearMap x0 x1 x2 = algebraMap x0 x1 x2 then algebraMap x0 x1 x0 x2 x3 = toLaurent x3]	unreached	
composed	Algebra.linearMap	Algebra.linearMap ~> toOpen   via algebraMap   [Algebra.linearMap x0 x1 x2 = algebraMap x0 x1 x2 then algebraMap x0 x1 x2 = toOpen x0 x3 x2]	unreached	
composed	Algebra.linearMap	Algebra.linearMap ~> toStalk   via algebraMap   [Algebra.linearMap x0 x1 x2 = algebraMap x0 x1 x2 then algebraMap x0 x1 x2 = toStalk x0 x3 x2]	unreached	
composed	Algebra.linearMap	Algebra.linearMap ~> y.val   via algebraMap   [Algebra.linearMap x0 x1 x2 = algebraMap x0 x1 x2 then algebraMap x0 x1 x2 = y.val ]	unreached	
composed	Algebra.linearMap	Algebra.linearMap ~> η   via algebraMap   [Algebra.linearMap x0 x1 x2 = algebraMap x0 x1 x2 then algebraMap x0 x1 x2 = η x3 x2]	unreached	
composed	Algebra.linearMap	Algebra.linearMap ~> χ   via algebraMap   [Algebra.linearMap x0 x1 x2 = algebraMap x0 x1 x2 then algebraMap x0 x1 x2 = χ x3]	unreached	
composed	Algebra.linearMap	Algebra.linearMap ~> ϕ   via algebraMap   [Algebra.linearMap x0 x1 x2 = algebraMap x0 x1 x2 then algebraMap x0 x1 x2 = ϕ x3]	unreached	
composed	Algebra.norm	Algebra.norm ~> .id   via algebraMap   [Algebra.norm x0 x1 = algebraMap x2 x0 x3 then algebraMap x0 x0 = .id x1]	unreached	
composed	Algebra.norm	Algebra.norm ~> Algebra.intNorm   via algebraMap   [Algebra.norm x0 x1 = algebraMap x2 x0 x3 then algebraMap x0 x1 x2 = Algebra.intNorm x1 x3 x4]	unreached	
composed	Algebra.norm	Algebra.norm ~> Algebra.intTrace   via algebraMap   [Algebra.norm x0 x1 = algebraMap x2 x0 x3 then algebraMap x0 x1 x2 = Algebra.intTrace x1 x3 x4]	unreached	
composed	Algebra.norm	Algebra.norm ~> Algebra.trace   via algebraMap   [Algebra.norm x0 x1 = algebraMap x2 x0 x3 then algebraMap x0 x1 x2 = Algebra.trace x1 x3 x4]	unreached	
composed	Algebra.norm	Algebra.norm ~> B.form   via algebraMap   [Algebra.norm x0 x1 = algebraMap x2 x0 x3 then algebraMap x0 x1 x2 = B.form x3 x3]	unreached	
composed	Algebra.norm	Algebra.norm ~> C   via algebraMap   [Algebra.norm x0 x1 = algebraMap x2 x0 x3 then algebraMap x0 x0 x1 = C ]	unreached	
composed	Algebra.norm	Algebra.norm ~> CC   via algebraMap   [Algebra.norm x0 x1 = algebraMap x2 x0 x3 then algebraMap x0 x0 x1 x2 = CC x3]	unreached	
composed	Algebra.norm	Algebra.norm ~> DirectSum.of   via algebraMap   [Algebra.norm x0 x1 = algebraMap x2 x0 x3 then algebraMap x0 x1 x2 = DirectSum.of x3 x4 x5]	unreached	
composed	Algebra.norm	Algebra.norm ~> HahnSeries.C   via algebraMap   [Algebra.norm x0 x1 = algebraMap x2 x0 x3 then algebraMap x0 x0 x1 x2 = HahnSeries.C x2]	unreached	
composed	Algebra.norm	Algebra.norm ~> Ideal.Quotient.mk   via algebraMap   [Algebra.norm x0 x1 = algebraMap x2 x0 x3 then algebraMap x0 x1 x2 = Ideal.Quotient.mk x3 x4]	unreached	
composed	Algebra.norm	Algebra.norm ~> Int.castRingHom   via algebraMap   [Algebra.norm x0 x1 = algebraMap x2 x0 x3 then algebraMap x0 x1 = Int.castRingHom x1]	unreached	
composed	Algebra.norm	Algebra.norm ~> MvPolynomial.map   via algebraMap   [Algebra.norm x0 x1 = algebraMap x2 x0 x3 then algebraMap x0 x1 = MvPolynomial.map x2]	unreached	
composed	Algebra.norm	Algebra.norm ~> P.coxeterWeight   via algebraMap   [Algebra.norm x0 x1 = algebraMap x2 x0 x3 then algebraMap x0 x1 x2 = P.coxeterWeight x3 x4]	unreached	
composed	Algebra.norm	Algebra.norm ~> P.pairing   via algebraMap   [Algebra.norm x0 x1 = algebraMap x2 x0 x3 then algebraMap x0 x1 x2 = P.pairing x3 x4]	unreached	
composed	Algebra.norm	Algebra.norm ~> P.pairingIn   via algebraMap   [Algebra.norm x0 x1 = algebraMap x2 x0 x3 then algebraMap x0 x1 x2 = P.pairingIn x1 x3 x4]	unreached	
composed	Algebra.norm	Algebra.norm ~> P.toLinearMap   via algebraMap   [Algebra.norm x0 x1 = algebraMap x2 x0 x3 then algebraMap x0 x1 x2 = P.toLinearMap x3 x4]	unreached	
composed	Algebra.norm	Algebra.norm ~> PUnit.unit   via algebraMap   [Algebra.norm x0 x1 = algebraMap x2 x0 x3 then algebraMap x0 x1 x2 = PUnit.unit ]	unreached	
composed	Algebra.norm	Algebra.norm ~> Quotient.mk   via algebraMap   [Algebra.norm x0 x1 = algebraMap x2 x0 x3 then algebraMap x0 x1 = Quotient.mk x2]	unreached	
composed	Algebra.norm	Algebra.norm ~> RingHom.id   via algebraMap   [Algebra.norm x0 x1 = algebraMap x2 x0 x3 then algebraMap x0 x0 = RingHom.id x1]	unreached	
composed	Algebra.norm	Algebra.norm ~> Subfield.subtype   via algebraMap   [Algebra.norm x0 x1 = algebraMap x2 x0 x3 then algebraMap x0 x1 = Subfield.subtype x0]	unreached	
composed	Algebra.norm	Algebra.norm ~> T   via algebraMap   [Algebra.norm x0 x1 = algebraMap x2 x0 x3 then algebraMap x0 x1 x0 x2 x3 = T x4]	unreached	
composed	Algebra.norm	Algebra.norm ~> ULift.up   via algebraMap   [Algebra.norm x0 x1 = algebraMap x2 x0 x3 then algebraMap x0 x1 x2 = ULift.up x3]	unreached	
composed	Algebra.norm	Algebra.norm ~> W.Δ   via algebraMap   [Algebra.norm x0 x1 = algebraMap x2 x0 x3 then algebraMap x0 x1 x2 x3 = W.Δ ]	unreached	
composed	Algebra.norm	Algebra.norm ~> WithAbs.equiv   via algebraMap   [Algebra.norm x0 x1 = algebraMap x2 x0 x3 then algebraMap x0 x1 x2 = WithAbs.equiv x3 x4]	unreached	
composed	Algebra.norm	Algebra.norm ~> X   via algebraMap   [Algebra.norm x0 x1 = algebraMap x2 x0 x3 then algebraMap x0 x1 x2 x3 = X ]	unreached	
composed	Algebra.norm	Algebra.norm ~> aeval   via algebraMap   [Algebra.norm x0 x1 = algebraMap x2 x0 x3 then algebraMap x0 x1 x2 = aeval x3 x4]	unreached	
composed	Algebra.norm	Algebra.norm ~> diagonal   via algebraMap   [Algebra.norm x0 x1 = algebraMap x2 x0 x3 then algebraMap x0 x1 x2 = diagonal x3]	unreached	
composed	Algebra.norm	Algebra.norm ~> exp   via algebraMap   [Algebra.norm x0 x1 = algebraMap x2 x0 x3 then algebraMap x0 x1 x2 = exp x3]	unreached	
composed	Algebra.norm	Algebra.norm ~> fromZeroRingHom   via algebraMap   [Algebra.norm x0 x1 = algebraMap x2 x0 x3 then algebraMap x0 x1 = fromZeroRingHom x2 x3]	unreached	
composed	Algebra.norm	Algebra.norm ~> h.map   via algebraMap   [Algebra.norm x0 x1 = algebraMap x2 x0 x3 then algebraMap x0 x1 x2 = h.map x3]	unreached	
composed	Algebra.norm	Algebra.norm ~> includeLeftRingHom.comp   via algebraMap   [Algebra.norm x0 x1 = algebraMap x2 x0 x3 then algebraMap x0 x1 = includeLeftRingHom.comp x2]	unreached	
composed	Algebra.norm	Algebra.norm ~> inl   via algebraMap   [Algebra.norm x0 x1 = algebraMap x2 x0 x3 then algebraMap x0 x1 x2 = inl x3]	unreached	
composed	Algebra.norm	Algebra.norm ~> inlRingHom   via algebraMap   [Algebra.norm x0 x1 = algebraMap x2 x0 x3 then algebraMap x0 x1 = inlRingHom x0 x2]	unreached	
composed	Algebra.norm	Algebra.norm ~> map   via algebraMap   [Algebra.norm x0 x1 = algebraMap x2 x0 x3 then algebraMap x0 x1 = map x1 x2 x3]	unreached	
composed	Algebra.norm	Algebra.norm ~> mapRangeRingHom   via algebraMap   [Algebra.norm x0 x1 = algebraMap x2 x0 x3 then algebraMap x0 x1 x2 x1 = mapRangeRingHom x3 x4]	unreached	
composed	Algebra.norm	Algebra.norm ~> mapRingHom   via algebraMap   [Algebra.norm x0 x1 = algebraMap x2 x0 x3 then algebraMap x0 x1 x2 x1 = mapRingHom x3]	unreached	
composed	Algebra.norm	Algebra.norm ~> mk   via algebraMap   [Algebra.norm x0 x1 = algebraMap x2 x0 x3 then algebraMap x0 x0 x1 = mk x2 x3]	unreached	
composed	Algebra.norm	Algebra.norm ~> normalizedTrace   via algebraMap   [Algebra.norm x0 x1 = algebraMap x2 x0 x3 then algebraMap x0 x1 x2 = normalizedTrace x1 x3 x4]	unreached	
composed	Algebra.norm	Algebra.norm ~> of   via algebraMap   [Algebra.norm x0 x1 = algebraMap x2 x0 x3 then algebraMap x0 x1 = of x2]	unreached	
composed	Algebra.norm	Algebra.norm ~> ofPowerSeries   via algebraMap   [Algebra.norm x0 x1 = algebraMap x2 x0 x3 then algebraMap x0 x1 x0 x2 x3 = ofPowerSeries x4 x0 x3]	unreached	
composed	Algebra.norm	Algebra.norm ~> op   via algebraMap   [Algebra.norm x0 x1 = algebraMap x2 x0 x3 then algebraMap x0 x1 x2 = op x3]	unreached	
composed	Algebra.norm	Algebra.norm ~> p   via algebraMap   [Algebra.norm x0 x1 = algebraMap x2 x0 x3 then algebraMap x0 x1 x2 = p x3 x4]	unreached	
composed	Algebra.norm	Algebra.norm ~> residue   via algebraMap   [Algebra.norm x0 x1 = algebraMap x2 x0 x3 then algebraMap x0 x1 = residue x0]	unreached	
composed	Algebra.norm	Algebra.norm ~> star   via algebraMap   [Algebra.norm x0 x1 = algebraMap x2 x0 x3 then algebraMap x0 x1 x2 = star x3]	unreached	
composed	Algebra.norm	Algebra.norm ~> toLaurent   via algebraMap   [Algebra.norm x0 x1 = algebraMap x2 x0 x3 then algebraMap x0 x1 x0 x2 x3 = toLaurent x3]	unreached	
composed	Algebra.norm	Algebra.norm ~> toOpen   via algebraMap   [Algebra.norm x0 x1 = algebraMap x2 x0 x3 then algebraMap x0 x1 x2 = toOpen x0 x3 x2]	unreached	
composed	Algebra.norm	Algebra.norm ~> toStalk   via algebraMap   [Algebra.norm x0 x1 = algebraMap x2 x0 x3 then algebraMap x0 x1 x2 = toStalk x0 x3 x2]	unreached	
composed	Algebra.norm	Algebra.norm ~> y.val   via algebraMap   [Algebra.norm x0 x1 = algebraMap x2 x0 x3 then algebraMap x0 x1 x2 = y.val ]	unreached	
composed	Algebra.norm	Algebra.norm ~> η   via algebraMap   [Algebra.norm x0 x1 = algebraMap x2 x0 x3 then algebraMap x0 x1 x2 = η x3 x2]	unreached	
composed	Algebra.norm	Algebra.norm ~> χ   via algebraMap   [Algebra.norm x0 x1 = algebraMap x2 x0 x3 then algebraMap x0 x1 x2 = χ x3]	unreached	
composed	Algebra.norm	Algebra.norm ~> ϕ   via algebraMap   [Algebra.norm x0 x1 = algebraMap x2 x0 x3 then algebraMap x0 x1 x2 = ϕ x3]	unreached	
composed	Algebra.trace	Algebra.trace ~> PreTilt.coeff   via Ideal.Quotient.mk   [Algebra.trace x0 x1 x2 = Ideal.Quotient.mk x3 x4 then Ideal.Quotient.mk x0 x1 = PreTilt.coeff x2 x3]	unreached	
composed	Algebra.trace	Algebra.trace ~> coeff   via Ideal.Quotient.mk   [Algebra.trace x0 x1 x2 = Ideal.Quotient.mk x3 x4 then Ideal.Quotient.mk x0 x1 = coeff x2 x3]	unreached	
composed	Algebra.trace	Algebra.trace ~> eval   via Ideal.Quotient.mk   [Algebra.trace x0 x1 x2 = Ideal.Quotient.mk x3 x4 then Ideal.Quotient.mk x0 x1 = eval x2 x3 x4 x5]	unreached	
composed	Algebra.trace	Algebra.trace ~> evalOneₐ   via Ideal.Quotient.mk   [Algebra.trace x0 x1 x2 = Ideal.Quotient.mk x3 x4 then Ideal.Quotient.mk x0 x1 = evalOneₐ x0 x2]	unreached	
composed	Algebra.trace	Algebra.trace ~> evalₐ   via Ideal.Quotient.mk   [Algebra.trace x0 x1 x2 = Ideal.Quotient.mk x3 x4 then Ideal.Quotient.mk x0 x1 = evalₐ x2 x3 x4]	unreached	
composed	Algebra.trace	Algebra.trace ~> fontaineThetaModPPow   via Ideal.Quotient.mk   [Algebra.trace x0 x1 x2 = Ideal.Quotient.mk x3 x4 then Ideal.Quotient.mk x0 x1 = fontaineThetaModPPow x2 x3 x4 x5]	unreached	
composed	Algebra.trace	Algebra.trace ~> of   via Ideal.Quotient.mk   [Algebra.trace x0 x1 x2 = Ideal.Quotient.mk x3 x4 then Ideal.Quotient.mk x0 x1 = of x2 x3 x4 x5]	unreached	
composed	Algebra.trace	Algebra.trace ~> .id   via algebraMap   [Algebra.trace x0 x1 x2 = algebraMap x3 x0 x4 then algebraMap x0 x0 = .id x1]	unreached	
composed	Algebra.trace	Algebra.trace ~> Algebra.intNorm   via algebraMap   [Algebra.trace x0 x1 x2 = algebraMap x3 x0 x4 then algebraMap x0 x1 x2 = Algebra.intNorm x1 x3 x4]	unreached	
composed	Algebra.trace	Algebra.trace ~> Algebra.intTrace   via algebraMap   [Algebra.trace x0 x1 x2 = algebraMap x3 x0 x4 then algebraMap x0 x1 x2 = Algebra.intTrace x1 x3 x4]	unreached	
composed	Algebra.trace	Algebra.trace ~> Algebra.norm   via algebraMap   [Algebra.trace x0 x1 x2 = algebraMap x3 x0 x4 then algebraMap x0 x1 x2 = Algebra.norm x1 x3]	unreached	
composed	Algebra.trace	Algebra.trace ~> B.form   via algebraMap   [Algebra.trace x0 x1 x2 = algebraMap x3 x0 x4 then algebraMap x0 x1 x2 = B.form x3 x3]	unreached	
composed	Algebra.trace	Algebra.trace ~> C   via algebraMap   [Algebra.trace x0 x1 x2 = algebraMap x3 x0 x4 then algebraMap x0 x0 x1 = C ]	unreached	
composed	Algebra.trace	Algebra.trace ~> CC   via algebraMap   [Algebra.trace x0 x1 x2 = algebraMap x3 x0 x4 then algebraMap x0 x0 x1 x2 = CC x3]	unreached	
composed	Algebra.trace	Algebra.trace ~> DirectSum.of   via algebraMap   [Algebra.trace x0 x1 x2 = algebraMap x3 x0 x4 then algebraMap x0 x1 x2 = DirectSum.of x3 x4 x5]	unreached	
composed	Algebra.trace	Algebra.trace ~> HahnSeries.C   via algebraMap   [Algebra.trace x0 x1 x2 = algebraMap x3 x0 x4 then algebraMap x0 x0 x1 x2 = HahnSeries.C x2]	unreached	
composed	Algebra.trace	Algebra.trace ~> Int.castRingHom   via algebraMap   [Algebra.trace x0 x1 x2 = algebraMap x3 x0 x4 then algebraMap x0 x1 = Int.castRingHom x1]	unreached	
composed	Algebra.trace	Algebra.trace ~> MvPolynomial.map   via algebraMap   [Algebra.trace x0 x1 x2 = algebraMap x3 x0 x4 then algebraMap x0 x1 = MvPolynomial.map x2]	unreached	
composed	Algebra.trace	Algebra.trace ~> P.coxeterWeight   via algebraMap   [Algebra.trace x0 x1 x2 = algebraMap x3 x0 x4 then algebraMap x0 x1 x2 = P.coxeterWeight x3 x4]	unreached	
composed	Algebra.trace	Algebra.trace ~> P.pairing   via algebraMap   [Algebra.trace x0 x1 x2 = algebraMap x3 x0 x4 then algebraMap x0 x1 x2 = P.pairing x3 x4]	unreached	
composed	Algebra.trace	Algebra.trace ~> P.pairingIn   via algebraMap   [Algebra.trace x0 x1 x2 = algebraMap x3 x0 x4 then algebraMap x0 x1 x2 = P.pairingIn x1 x3 x4]	unreached	
composed	Algebra.trace	Algebra.trace ~> P.toLinearMap   via algebraMap   [Algebra.trace x0 x1 x2 = algebraMap x3 x0 x4 then algebraMap x0 x1 x2 = P.toLinearMap x3 x4]	unreached	
composed	Algebra.trace	Algebra.trace ~> PUnit.unit   via algebraMap   [Algebra.trace x0 x1 x2 = algebraMap x3 x0 x4 then algebraMap x0 x1 x2 = PUnit.unit ]	unreached	
composed	Algebra.trace	Algebra.trace ~> Quotient.mk   via algebraMap   [Algebra.trace x0 x1 x2 = algebraMap x3 x0 x4 then algebraMap x0 x1 = Quotient.mk x2]	unreached	
composed	Algebra.trace	Algebra.trace ~> RingHom.id   via algebraMap   [Algebra.trace x0 x1 x2 = algebraMap x3 x0 x4 then algebraMap x0 x0 = RingHom.id x1]	unreached	
composed	Algebra.trace	Algebra.trace ~> Subfield.subtype   via algebraMap   [Algebra.trace x0 x1 x2 = algebraMap x3 x0 x4 then algebraMap x0 x1 = Subfield.subtype x0]	unreached	
