family	presentation	kind	owner	coefficient	incidence	lineage
baseline	0	term	0	1	0,0,2	11795852869117260156
baseline	0	term	1	-1	0,5,0	11795852869117260156
baseline	0	term	2	1	1,1,0	11795852869117260156
baseline	0	term	3	-1	0,0,0	11795852869117260156
baseline	0	partial	0:0	1	0,1,0	11795852869117260156
baseline	0	partial	1:0	-5	0,4,0	11795852869117260157
baseline	0	partial	1:1	1	1,0,0	11795852869117260157
baseline	0	partial	2:0	2	0,0,1	11795852869117260158
baseline	0	ideal_basis	0	1	0,0,1	11795852869117260221
baseline	0	ideal_basis	1	1	1,0,0	11795852869117260221
baseline	0	ideal_basis	1	-5	0,4,0	11795852869117260221
baseline	0	ideal_basis	2	4	0,5,0	11795852869117260221
baseline	0	ideal_basis	2	-1	0,0,0	11795852869117260221
baseline	0	reduction	0	2	0,1,0	11795852869117260229
baseline	0	reduction	1	1	1,2,1	11795852869117260230
baseline	0	reduction	2	1	2,0,2	11795852869117260231
baseline	0	reduction	3	1	0,1,3	11795852869117260232
baseline	0	reduction	4	1	1,2,4	11795852869117260233
baseline	0	reduction	5	1	2,0,5	11795852869117260234
baseline	0	resultant	0	0	3125	1
baseline	0	resultant	0	1	0	1
baseline	0	resultant	0	2	0	1
baseline	0	resultant	0	3	0	1
baseline	0	resultant	0	4	0	1
baseline	0	resultant	0	5	-256	1
baseline	0	resultant_sample	0	265269	1	11795852869117260221
baseline	0	resultant_sample	1	65333	1	11795852869117260221
baseline	0	resultant_sample	2	11317	1	11795852869117260221
baseline	0	resultant_sample	3	3381	1	11795852869117260221
baseline	0	resultant_sample	4	3125	1	11795852869117260221
baseline	0	resultant_sample	5	2869	1	11795852869117260221
baseline	0	resultant_sample	6	-5067	1	11795852869117260221
baseline	0	resultant_sample	7	-59083	1	11795852869117260221
baseline	0	resultant_sample	8	-259019	1	11795852869117260221
baseline	0	bezout_f	0	0	3125	1
baseline	0	bezout_f	1	0	0	1
baseline	0	bezout_f	1	1	2500	1
baseline	0	bezout_f	2	0	0	1
baseline	0	bezout_f	2	1	0	1
baseline	0	bezout_f	2	2	2000	1
baseline	0	bezout_f	3	0	0	1
baseline	0	bezout_f	3	1	0	1
baseline	0	bezout_f	3	2	0	1
baseline	0	bezout_f	3	3	1600	1
baseline	0	bezout_fx	0	0	0	1
baseline	0	bezout_fx	0	1	0	1
baseline	0	bezout_fx	0	2	0	1
baseline	0	bezout_fx	0	3	0	1
baseline	0	bezout_fx	0	4	256	1
baseline	0	bezout_fx	1	0	-625	1
baseline	0	bezout_fx	2	0	0	1
baseline	0	bezout_fx	2	1	-500	1
baseline	0	bezout_fx	3	0	0	1
baseline	0	bezout_fx	3	1	0	1
baseline	0	bezout_fx	3	2	-400	1
baseline	0	bezout_fx	4	0	0	1
baseline	0	bezout_fx	4	1	0	1
baseline	0	bezout_fx	4	2	0	1
baseline	0	bezout_fx	4	3	-320	1
baseline	0	sample_p	0:0:0	40960/265269	-4	11795852869117260348
baseline	0	sample_p	0:0:1	3125/530538	-4	11795852869117260348
baseline	0	sample_p	0:0:2	-5000/265269	-4	11795852869117260348
baseline	0	sample_p	0:0:3	16000/265269	-4	11795852869117260348
baseline	0	sample_q	0:0:0	-10240/265269	-4	11795852869117260348
baseline	0	sample_q	0:0:1	-8192/265269	-4	11795852869117260348
baseline	0	sample_q	0:0:2	-625/530538	-4	11795852869117260348
baseline	0	sample_q	0:0:3	1000/265269	-4	11795852869117260348
baseline	0	sample_q	0:0:4	-3200/265269	-4	11795852869117260348
baseline	0	sample_p	0:1:0	-12800/265269	-4	11795852869117260349
baseline	0	sample_p	0:1:1	40960/265269	-4	11795852869117260349
baseline	0	sample_p	0:1:2	3125/530538	-4	11795852869117260349
baseline	0	sample_p	0:1:3	-5000/265269	-4	11795852869117260349
baseline	0	sample_q	0:1:0	3200/265269	-4	11795852869117260349
baseline	0	sample_q	0:1:1	2560/265269	-4	11795852869117260349
baseline	0	sample_q	0:1:2	-8192/265269	-4	11795852869117260349
baseline	0	sample_q	0:1:3	-625/530538	-4	11795852869117260349
baseline	0	sample_q	0:1:4	1000/265269	-4	11795852869117260349
baseline	0	sample_p	0:2:0	4000/265269	-4	11795852869117260350
baseline	0	sample_p	0:2:1	-12800/265269	-4	11795852869117260350
baseline	0	sample_p	0:2:2	40960/265269	-4	11795852869117260350
baseline	0	sample_p	0:2:3	3125/530538	-4	11795852869117260350
baseline	0	sample_q	0:2:0	-1000/265269	-4	11795852869117260350
baseline	0	sample_q	0:2:1	-800/265269	-4	11795852869117260350
baseline	0	sample_q	0:2:2	2560/265269	-4	11795852869117260350
baseline	0	sample_q	0:2:3	-8192/265269	-4	11795852869117260350
baseline	0	sample_q	0:2:4	-625/530538	-4	11795852869117260350
baseline	0	sample_p	0:3:0	-1250/265269	-4	11795852869117260351
baseline	0	sample_p	0:3:1	4000/265269	-4	11795852869117260351
baseline	0	sample_p	0:3:2	-12800/265269	-4	11795852869117260351
baseline	0	sample_p	0:3:3	40960/265269	-4	11795852869117260351
baseline	0	sample_q	0:3:0	625/530538	-4	11795852869117260351
baseline	0	sample_q	0:3:1	250/265269	-4	11795852869117260351
baseline	0	sample_q	0:3:2	-800/265269	-4	11795852869117260351
baseline	0	sample_q	0:3:3	2560/265269	-4	11795852869117260351
baseline	0	sample_q	0:3:4	-8192/265269	-4	11795852869117260351
baseline	0	sample_p	1:0:0	12960/65333	-3	11795852869117260349
baseline	0	sample_p	1:0:1	3125/130666	-3	11795852869117260349
baseline	0	sample_p	1:0:2	-3750/65333	-3	11795852869117260349
baseline	0	sample_p	1:0:3	9000/65333	-3	11795852869117260349
baseline	0	sample_q	1:0:0	-4320/65333	-3	11795852869117260349
baseline	0	sample_q	1:0:1	-2592/65333	-3	11795852869117260349
baseline	0	sample_q	1:0:2	-625/130666	-3	11795852869117260349
baseline	0	sample_q	1:0:3	750/65333	-3	11795852869117260349
baseline	0	sample_q	1:0:4	-1800/65333	-3	11795852869117260349
baseline	0	sample_p	1:1:0	-5400/65333	-3	11795852869117260350
baseline	0	sample_p	1:1:1	12960/65333	-3	11795852869117260350
baseline	0	sample_p	1:1:2	3125/130666	-3	11795852869117260350
baseline	0	sample_p	1:1:3	-3750/65333	-3	11795852869117260350
baseline	0	sample_q	1:1:0	1800/65333	-3	11795852869117260350
baseline	0	sample_q	1:1:1	1080/65333	-3	11795852869117260350
baseline	0	sample_q	1:1:2	-2592/65333	-3	11795852869117260350
baseline	0	sample_q	1:1:3	-625/130666	-3	11795852869117260350
baseline	0	sample_q	1:1:4	750/65333	-3	11795852869117260350
baseline	0	sample_p	1:2:0	2250/65333	-3	11795852869117260351
baseline	0	sample_p	1:2:1	-5400/65333	-3	11795852869117260351
baseline	0	sample_p	1:2:2	12960/65333	-3	11795852869117260351
baseline	0	sample_p	1:2:3	3125/130666	-3	11795852869117260351
baseline	0	sample_q	1:2:0	-750/65333	-3	11795852869117260351
baseline	0	sample_q	1:2:1	-450/65333	-3	11795852869117260351
baseline	0	sample_q	1:2:2	1080/65333	-3	11795852869117260351
baseline	0	sample_q	1:2:3	-2592/65333	-3	11795852869117260351
baseline	0	sample_q	1:2:4	-625/130666	-3	11795852869117260351
baseline	0	sample_p	1:3:0	-1875/130666	-3	11795852869117260352
baseline	0	sample_p	1:3:1	2250/65333	-3	11795852869117260352
baseline	0	sample_p	1:3:2	-5400/65333	-3	11795852869117260352
baseline	0	sample_p	1:3:3	12960/65333	-3	11795852869117260352
baseline	0	sample_q	1:3:0	625/130666	-3	11795852869117260352
baseline	0	sample_q	1:3:1	375/130666	-3	11795852869117260352
baseline	0	sample_q	1:3:2	-450/65333	-3	11795852869117260352
baseline	0	sample_q	1:3:3	1080/65333	-3	11795852869117260352
baseline	0	sample_q	1:3:4	-2592/65333	-3	11795852869117260352
baseline	0	sample_p	2:0:0	2560/11317	-2	11795852869117260350
baseline	0	sample_p	2:0:1	3125/22634	-2	11795852869117260350
baseline	0	sample_p	2:0:2	-2500/11317	-2	11795852869117260350
baseline	0	sample_p	2:0:3	4000/11317	-2	11795852869117260350
baseline	0	sample_q	2:0:0	-1280/11317	-2	11795852869117260350
baseline	0	sample_q	2:0:1	-512/11317	-2	11795852869117260350
baseline	0	sample_q	2:0:2	-625/22634	-2	11795852869117260350
baseline	0	sample_q	2:0:3	500/11317	-2	11795852869117260350
baseline	0	sample_q	2:0:4	-800/11317	-2	11795852869117260350
baseline	0	sample_p	2:1:0	-1600/11317	-2	11795852869117260351
baseline	0	sample_p	2:1:1	2560/11317	-2	11795852869117260351
baseline	0	sample_p	2:1:2	3125/22634	-2	11795852869117260351
baseline	0	sample_p	2:1:3	-2500/11317	-2	11795852869117260351
baseline	0	sample_q	2:1:0	800/11317	-2	11795852869117260351
baseline	0	sample_q	2:1:1	320/11317	-2	11795852869117260351
baseline	0	sample_q	2:1:2	-512/11317	-2	11795852869117260351
baseline	0	sample_q	2:1:3	-625/22634	-2	11795852869117260351
baseline	0	sample_q	2:1:4	500/11317	-2	11795852869117260351
baseline	0	sample_p	2:2:0	1000/11317	-2	11795852869117260352
baseline	0	sample_p	2:2:1	-1600/11317	-2	11795852869117260352
baseline	0	sample_p	2:2:2	2560/11317	-2	11795852869117260352
baseline	0	sample_p	2:2:3	3125/22634	-2	11795852869117260352
baseline	0	sample_q	2:2:0	-500/11317	-2	11795852869117260352
baseline	0	sample_q	2:2:1	-200/11317	-2	11795852869117260352
baseline	0	sample_q	2:2:2	320/11317	-2	11795852869117260352
baseline	0	sample_q	2:2:3	-512/11317	-2	11795852869117260352
baseline	0	sample_q	2:2:4	-625/22634	-2	11795852869117260352
baseline	0	sample_p	2:3:0	-625/11317	-2	11795852869117260353
baseline	0	sample_p	2:3:1	1000/11317	-2	11795852869117260353
baseline	0	sample_p	2:3:2	-1600/11317	-2	11795852869117260353
baseline	0	sample_p	2:3:3	2560/11317	-2	11795852869117260353
baseline	0	sample_q	2:3:0	625/22634	-2	11795852869117260353
baseline	0	sample_q	2:3:1	125/11317	-2	11795852869117260353
baseline	0	sample_q	2:3:2	-200/11317	-2	11795852869117260353
baseline	0	sample_q	2:3:3	320/11317	-2	11795852869117260353
baseline	0	sample_q	2:3:4	-512/11317	-2	11795852869117260353
baseline	0	sample_p	3:0:0	160/3381	-1	11795852869117260351
baseline	0	sample_p	3:0:1	3125/6762	-1	11795852869117260351
baseline	0	sample_p	3:0:2	-1250/3381	-1	11795852869117260351
baseline	0	sample_p	3:0:3	1000/3381	-1	11795852869117260351
baseline	0	sample_q	3:0:0	-160/3381	-1	11795852869117260351
baseline	0	sample_q	3:0:1	-32/3381	-1	11795852869117260351
baseline	0	sample_q	3:0:2	-625/6762	-1	11795852869117260351
baseline	0	sample_q	3:0:3	250/3381	-1	11795852869117260351
baseline	0	sample_q	3:0:4	-200/3381	-1	11795852869117260351
baseline	0	sample_p	3:1:0	-200/3381	-1	11795852869117260352
baseline	0	sample_p	3:1:1	160/3381	-1	11795852869117260352
baseline	0	sample_p	3:1:2	3125/6762	-1	11795852869117260352
baseline	0	sample_p	3:1:3	-1250/3381	-1	11795852869117260352
baseline	0	sample_q	3:1:0	200/3381	-1	11795852869117260352
baseline	0	sample_q	3:1:1	40/3381	-1	11795852869117260352
baseline	0	sample_q	3:1:2	-32/3381	-1	11795852869117260352
baseline	0	sample_q	3:1:3	-625/6762	-1	11795852869117260352
baseline	0	sample_q	3:1:4	250/3381	-1	11795852869117260352
baseline	0	sample_p	3:2:0	250/3381	-1	11795852869117260353
baseline	0	sample_p	3:2:1	-200/3381	-1	11795852869117260353
baseline	0	sample_p	3:2:2	160/3381	-1	11795852869117260353
baseline	0	sample_p	3:2:3	3125/6762	-1	11795852869117260353
baseline	0	sample_q	3:2:0	-250/3381	-1	11795852869117260353
baseline	0	sample_q	3:2:1	-50/3381	-1	11795852869117260353
baseline	0	sample_q	3:2:2	40/3381	-1	11795852869117260353
baseline	0	sample_q	3:2:3	-32/3381	-1	11795852869117260353
baseline	0	sample_q	3:2:4	-625/6762	-1	11795852869117260353
baseline	0	sample_p	3:3:0	-625/6762	-1	11795852869117260354
baseline	0	sample_p	3:3:1	250/3381	-1	11795852869117260354
baseline	0	sample_p	3:3:2	-200/3381	-1	11795852869117260354
baseline	0	sample_p	3:3:3	160/3381	-1	11795852869117260354
baseline	0	sample_q	3:3:0	625/6762	-1	11795852869117260354
baseline	0	sample_q	3:3:1	125/6762	-1	11795852869117260354
baseline	0	sample_q	3:3:2	-50/3381	-1	11795852869117260354
baseline	0	sample_q	3:3:3	40/3381	-1	11795852869117260354
baseline	0	sample_q	3:3:4	-32/3381	-1	11795852869117260354
baseline	0	sample_p	4:0:0	0/1	0	11795852869117260352
baseline	0	sample_p	4:0:1	1/2	0	11795852869117260352
baseline	0	sample_p	4:0:2	0/1	0	11795852869117260352
baseline	0	sample_p	4:0:3	0/1	0	11795852869117260352
baseline	0	sample_q	4:0:0	0/1	0	11795852869117260352
baseline	0	sample_q	4:0:1	0/1	0	11795852869117260352
baseline	0	sample_q	4:0:2	-1/10	0	11795852869117260352
baseline	0	sample_q	4:0:3	0/1	0	11795852869117260352
baseline	0	sample_q	4:0:4	0/1	0	11795852869117260352
baseline	0	sample_p	4:1:0	0/1	0	11795852869117260353
baseline	0	sample_p	4:1:1	0/1	0	11795852869117260353
baseline	0	sample_p	4:1:2	1/2	0	11795852869117260353
baseline	0	sample_p	4:1:3	0/1	0	11795852869117260353
baseline	0	sample_q	4:1:0	0/1	0	11795852869117260353
baseline	0	sample_q	4:1:1	0/1	0	11795852869117260353
baseline	0	sample_q	4:1:2	0/1	0	11795852869117260353
baseline	0	sample_q	4:1:3	-1/10	0	11795852869117260353
baseline	0	sample_q	4:1:4	0/1	0	11795852869117260353
baseline	0	sample_p	4:2:0	0/1	0	11795852869117260354
baseline	0	sample_p	4:2:1	0/1	0	11795852869117260354
baseline	0	sample_p	4:2:2	0/1	0	11795852869117260354
baseline	0	sample_p	4:2:3	1/2	0	11795852869117260354
baseline	0	sample_q	4:2:0	0/1	0	11795852869117260354
baseline	0	sample_q	4:2:1	0/1	0	11795852869117260354
baseline	0	sample_q	4:2:2	0/1	0	11795852869117260354
baseline	0	sample_q	4:2:3	0/1	0	11795852869117260354
baseline	0	sample_q	4:2:4	-1/10	0	11795852869117260354
baseline	0	sample_p	4:3:0	0/1	0	11795852869117260355
baseline	0	sample_p	4:3:1	0/1	0	11795852869117260355
baseline	0	sample_p	4:3:2	0/1	0	11795852869117260355
baseline	0	sample_p	4:3:3	0/1	0	11795852869117260355
baseline	0	sample_q	4:3:0	1/10	0	11795852869117260355
baseline	0	sample_q	4:3:1	0/1	0	11795852869117260355
baseline	0	sample_q	4:3:2	0/1	0	11795852869117260355
baseline	0	sample_q	4:3:3	0/1	0	11795852869117260355
baseline	0	sample_q	4:3:4	0/1	0	11795852869117260355
baseline	0	sample_p	5:0:0	160/2869	1	11795852869117260353
baseline	0	sample_p	5:0:1	3125/5738	1	11795852869117260353
baseline	0	sample_p	5:0:2	1250/2869	1	11795852869117260353
baseline	0	sample_p	5:0:3	1000/2869	1	11795852869117260353
baseline	0	sample_q	5:0:0	160/2869	1	11795852869117260353
baseline	0	sample_q	5:0:1	-32/2869	1	11795852869117260353
baseline	0	sample_q	5:0:2	-625/5738	1	11795852869117260353
baseline	0	sample_q	5:0:3	-250/2869	1	11795852869117260353
baseline	0	sample_q	5:0:4	-200/2869	1	11795852869117260353
baseline	0	sample_p	5:1:0	200/2869	1	11795852869117260354
baseline	0	sample_p	5:1:1	160/2869	1	11795852869117260354
baseline	0	sample_p	5:1:2	3125/5738	1	11795852869117260354
baseline	0	sample_p	5:1:3	1250/2869	1	11795852869117260354
baseline	0	sample_q	5:1:0	200/2869	1	11795852869117260354
baseline	0	sample_q	5:1:1	-40/2869	1	11795852869117260354
baseline	0	sample_q	5:1:2	-32/2869	1	11795852869117260354
baseline	0	sample_q	5:1:3	-625/5738	1	11795852869117260354
baseline	0	sample_q	5:1:4	-250/2869	1	11795852869117260354
baseline	0	sample_p	5:2:0	250/2869	1	11795852869117260355
baseline	0	sample_p	5:2:1	200/2869	1	11795852869117260355
baseline	0	sample_p	5:2:2	160/2869	1	11795852869117260355
baseline	0	sample_p	5:2:3	3125/5738	1	11795852869117260355
baseline	0	sample_q	5:2:0	250/2869	1	11795852869117260355
baseline	0	sample_q	5:2:1	-50/2869	1	11795852869117260355
baseline	0	sample_q	5:2:2	-40/2869	1	11795852869117260355
baseline	0	sample_q	5:2:3	-32/2869	1	11795852869117260355
baseline	0	sample_q	5:2:4	-625/5738	1	11795852869117260355
baseline	0	sample_p	5:3:0	625/5738	1	11795852869117260356
baseline	0	sample_p	5:3:1	250/2869	1	11795852869117260356
baseline	0	sample_p	5:3:2	200/2869	1	11795852869117260356
baseline	0	sample_p	5:3:3	160/2869	1	11795852869117260356
baseline	0	sample_q	5:3:0	625/5738	1	11795852869117260356
baseline	0	sample_q	5:3:1	-125/5738	1	11795852869117260356
baseline	0	sample_q	5:3:2	-50/2869	1	11795852869117260356
baseline	0	sample_q	5:3:3	-40/2869	1	11795852869117260356
baseline	0	sample_q	5:3:4	-32/2869	1	11795852869117260356
baseline	0	sample_p	6:0:0	-2560/5067	2	11795852869117260354
baseline	0	sample_p	6:0:1	-3125/10134	2	11795852869117260354
baseline	0	sample_p	6:0:2	-2500/5067	2	11795852869117260354
baseline	0	sample_p	6:0:3	-4000/5067	2	11795852869117260354
baseline	0	sample_q	6:0:0	-1280/5067	2	11795852869117260354
baseline	0	sample_q	6:0:1	512/5067	2	11795852869117260354
baseline	0	sample_q	6:0:2	625/10134	2	11795852869117260354
baseline	0	sample_q	6:0:3	500/5067	2	11795852869117260354
baseline	0	sample_q	6:0:4	800/5067	2	11795852869117260354
baseline	0	sample_p	6:1:0	-1600/5067	2	11795852869117260355
baseline	0	sample_p	6:1:1	-2560/5067	2	11795852869117260355
baseline	0	sample_p	6:1:2	-3125/10134	2	11795852869117260355
baseline	0	sample_p	6:1:3	-2500/5067	2	11795852869117260355
baseline	0	sample_q	6:1:0	-800/5067	2	11795852869117260355
baseline	0	sample_q	6:1:1	320/5067	2	11795852869117260355
baseline	0	sample_q	6:1:2	512/5067	2	11795852869117260355
baseline	0	sample_q	6:1:3	625/10134	2	11795852869117260355
baseline	0	sample_q	6:1:4	500/5067	2	11795852869117260355
baseline	0	sample_p	6:2:0	-1000/5067	2	11795852869117260356
baseline	0	sample_p	6:2:1	-1600/5067	2	11795852869117260356
baseline	0	sample_p	6:2:2	-2560/5067	2	11795852869117260356
baseline	0	sample_p	6:2:3	-3125/10134	2	11795852869117260356
baseline	0	sample_q	6:2:0	-500/5067	2	11795852869117260356
baseline	0	sample_q	6:2:1	200/5067	2	11795852869117260356
baseline	0	sample_q	6:2:2	320/5067	2	11795852869117260356
baseline	0	sample_q	6:2:3	512/5067	2	11795852869117260356
baseline	0	sample_q	6:2:4	625/10134	2	11795852869117260356
baseline	0	sample_p	6:3:0	-625/5067	2	11795852869117260357
baseline	0	sample_p	6:3:1	-1000/5067	2	11795852869117260357
baseline	0	sample_p	6:3:2	-1600/5067	2	11795852869117260357
baseline	0	sample_p	6:3:3	-2560/5067	2	11795852869117260357
baseline	0	sample_q	6:3:0	-625/10134	2	11795852869117260357
baseline	0	sample_q	6:3:1	125/5067	2	11795852869117260357
baseline	0	sample_q	6:3:2	200/5067	2	11795852869117260357
baseline	0	sample_q	6:3:3	320/5067	2	11795852869117260357
baseline	0	sample_q	6:3:4	512/5067	2	11795852869117260357
baseline	0	sample_p	7:0:0	-12960/59083	3	11795852869117260355
baseline	0	sample_p	7:0:1	-3125/118166	3	11795852869117260355
baseline	0	sample_p	7:0:2	-3750/59083	3	11795852869117260355
baseline	0	sample_p	7:0:3	-9000/59083	3	11795852869117260355
baseline	0	sample_q	7:0:0	-4320/59083	3	11795852869117260355
baseline	0	sample_q	7:0:1	2592/59083	3	11795852869117260355
baseline	0	sample_q	7:0:2	625/118166	3	11795852869117260355
baseline	0	sample_q	7:0:3	750/59083	3	11795852869117260355
baseline	0	sample_q	7:0:4	1800/59083	3	11795852869117260355
baseline	0	sample_p	7:1:0	-5400/59083	3	11795852869117260356
baseline	0	sample_p	7:1:1	-12960/59083	3	11795852869117260356
baseline	0	sample_p	7:1:2	-3125/118166	3	11795852869117260356
baseline	0	sample_p	7:1:3	-3750/59083	3	11795852869117260356
baseline	0	sample_q	7:1:0	-1800/59083	3	11795852869117260356
baseline	0	sample_q	7:1:1	1080/59083	3	11795852869117260356
baseline	0	sample_q	7:1:2	2592/59083	3	11795852869117260356
baseline	0	sample_q	7:1:3	625/118166	3	11795852869117260356
baseline	0	sample_q	7:1:4	750/59083	3	11795852869117260356
baseline	0	sample_p	7:2:0	-2250/59083	3	11795852869117260357
baseline	0	sample_p	7:2:1	-5400/59083	3	11795852869117260357
baseline	0	sample_p	7:2:2	-12960/59083	3	11795852869117260357
baseline	0	sample_p	7:2:3	-3125/118166	3	11795852869117260357
baseline	0	sample_q	7:2:0	-750/59083	3	11795852869117260357
baseline	0	sample_q	7:2:1	450/59083	3	11795852869117260357
baseline	0	sample_q	7:2:2	1080/59083	3	11795852869117260357
baseline	0	sample_q	7:2:3	2592/59083	3	11795852869117260357
baseline	0	sample_q	7:2:4	625/118166	3	11795852869117260357
baseline	0	sample_p	7:3:0	-1875/118166	3	11795852869117260358
baseline	0	sample_p	7:3:1	-2250/59083	3	11795852869117260358
baseline	0	sample_p	7:3:2	-5400/59083	3	11795852869117260358
baseline	0	sample_p	7:3:3	-12960/59083	3	11795852869117260358
baseline	0	sample_q	7:3:0	-625/118166	3	11795852869117260358
baseline	0	sample_q	7:3:1	375/118166	3	11795852869117260358
baseline	0	sample_q	7:3:2	450/59083	3	11795852869117260358
baseline	0	sample_q	7:3:3	1080/59083	3	11795852869117260358
baseline	0	sample_q	7:3:4	2592/59083	3	11795852869117260358
baseline	0	sample_p	8:0:0	-40960/259019	4	11795852869117260356
baseline	0	sample_p	8:0:1	-3125/518038	4	11795852869117260356
baseline	0	sample_p	8:0:2	-5000/259019	4	11795852869117260356
baseline	0	sample_p	8:0:3	-16000/259019	4	11795852869117260356
baseline	0	sample_q	8:0:0	-10240/259019	4	11795852869117260356
baseline	0	sample_q	8:0:1	8192/259019	4	11795852869117260356
baseline	0	sample_q	8:0:2	625/518038	4	11795852869117260356
baseline	0	sample_q	8:0:3	1000/259019	4	11795852869117260356
baseline	0	sample_q	8:0:4	3200/259019	4	11795852869117260356
baseline	0	sample_p	8:1:0	-12800/259019	4	11795852869117260357
baseline	0	sample_p	8:1:1	-40960/259019	4	11795852869117260357
baseline	0	sample_p	8:1:2	-3125/518038	4	11795852869117260357
baseline	0	sample_p	8:1:3	-5000/259019	4	11795852869117260357
baseline	0	sample_q	8:1:0	-3200/259019	4	11795852869117260357
baseline	0	sample_q	8:1:1	2560/259019	4	11795852869117260357
baseline	0	sample_q	8:1:2	8192/259019	4	11795852869117260357
baseline	0	sample_q	8:1:3	625/518038	4	11795852869117260357
baseline	0	sample_q	8:1:4	1000/259019	4	11795852869117260357
baseline	0	sample_p	8:2:0	-4000/259019	4	11795852869117260358
baseline	0	sample_p	8:2:1	-12800/259019	4	11795852869117260358
baseline	0	sample_p	8:2:2	-40960/259019	4	11795852869117260358
baseline	0	sample_p	8:2:3	-3125/518038	4	11795852869117260358
baseline	0	sample_q	8:2:0	-1000/259019	4	11795852869117260358
baseline	0	sample_q	8:2:1	800/259019	4	11795852869117260358
baseline	0	sample_q	8:2:2	2560/259019	4	11795852869117260358
baseline	0	sample_q	8:2:3	8192/259019	4	11795852869117260358
baseline	0	sample_q	8:2:4	625/518038	4	11795852869117260358
baseline	0	sample_p	8:3:0	-1250/259019	4	11795852869117260359
baseline	0	sample_p	8:3:1	-4000/259019	4	11795852869117260359
baseline	0	sample_p	8:3:2	-12800/259019	4	11795852869117260359
baseline	0	sample_p	8:3:3	-40960/259019	4	11795852869117260359
baseline	0	sample_q	8:3:0	-625/518038	4	11795852869117260359
baseline	0	sample_q	8:3:1	250/259019	4	11795852869117260359
baseline	0	sample_q	8:3:2	800/259019	4	11795852869117260359
baseline	0	sample_q	8:3:3	2560/259019	4	11795852869117260359
baseline	0	sample_q	8:3:4	8192/259019	4	11795852869117260359
baseline	0	sample_p	9:0:0	-32/255	5	11795852869117260412
baseline	0	sample_p	9:0:1	-1/510	5	11795852869117260412
baseline	0	sample_p	9:0:2	-2/255	5	11795852869117260412
baseline	0	sample_p	9:0:3	-8/255	5	11795852869117260412
baseline	0	sample_q	9:0:0	-32/1275	5	11795852869117260412
baseline	0	sample_q	9:0:1	32/1275	5	11795852869117260412
baseline	0	sample_q	9:0:2	1/2550	5	11795852869117260412
baseline	0	sample_q	9:0:3	2/1275	5	11795852869117260412
baseline	0	sample_q	9:0:4	8/1275	5	11795852869117260412
baseline	0	sample_p	9:1:0	-8/255	5	11795852869117260412
baseline	0	sample_p	9:1:1	-32/255	5	11795852869117260412
baseline	0	sample_p	9:1:2	-1/510	5	11795852869117260412
baseline	0	sample_p	9:1:3	-2/255	5	11795852869117260412
baseline	0	sample_q	9:1:0	-8/1275	5	11795852869117260412
baseline	0	sample_q	9:1:1	8/1275	5	11795852869117260412
baseline	0	sample_q	9:1:2	32/1275	5	11795852869117260412
baseline	0	sample_q	9:1:3	1/2550	5	11795852869117260412
baseline	0	sample_q	9:1:4	2/1275	5	11795852869117260412
baseline	0	sample_p	9:2:0	-2/255	5	11795852869117260412
baseline	0	sample_p	9:2:1	-8/255	5	11795852869117260412
baseline	0	sample_p	9:2:2	-32/255	5	11795852869117260412
baseline	0	sample_p	9:2:3	-1/510	5	11795852869117260412
baseline	0	sample_q	9:2:0	-2/1275	5	11795852869117260412
baseline	0	sample_q	9:2:1	2/1275	5	11795852869117260412
baseline	0	sample_q	9:2:2	8/1275	5	11795852869117260412
baseline	0	sample_q	9:2:3	32/1275	5	11795852869117260412
baseline	0	sample_q	9:2:4	1/2550	5	11795852869117260412
baseline	0	sample_p	9:3:0	-1/510	5	11795852869117260412
baseline	0	sample_p	9:3:1	-2/255	5	11795852869117260412
baseline	0	sample_p	9:3:2	-8/255	5	11795852869117260412
baseline	0	sample_p	9:3:3	-32/255	5	11795852869117260412
baseline	0	sample_q	9:3:0	-1/2550	5	11795852869117260412
baseline	0	sample_q	9:3:1	1/2550	5	11795852869117260412
baseline	0	sample_q	9:3:2	2/1275	5	11795852869117260412
baseline	0	sample_q	9:3:3	8/1275	5	11795852869117260412
baseline	0	sample_q	9:3:4	32/1275	5	11795852869117260412
baseline	0	sample_p	10:0:0	-207360/1987531	6	11795852869117260413
baseline	0	sample_p	10:0:1	-3125/3975062	6	11795852869117260413
baseline	0	sample_p	10:0:2	-7500/1987531	6	11795852869117260413
baseline	0	sample_p	10:0:3	-36000/1987531	6	11795852869117260413
baseline	0	sample_q	10:0:0	-34560/1987531	6	11795852869117260413
baseline	0	sample_q	10:0:1	41472/1987531	6	11795852869117260413
baseline	0	sample_q	10:0:2	625/3975062	6	11795852869117260413
baseline	0	sample_q	10:0:3	1500/1987531	6	11795852869117260413
baseline	0	sample_q	10:0:4	7200/1987531	6	11795852869117260413
baseline	0	sample_p	10:1:0	-43200/1987531	6	11795852869117260413
baseline	0	sample_p	10:1:1	-207360/1987531	6	11795852869117260413
baseline	0	sample_p	10:1:2	-3125/3975062	6	11795852869117260413
baseline	0	sample_p	10:1:3	-7500/1987531	6	11795852869117260413
baseline	0	sample_q	10:1:0	-7200/1987531	6	11795852869117260413
baseline	0	sample_q	10:1:1	8640/1987531	6	11795852869117260413
baseline	0	sample_q	10:1:2	41472/1987531	6	11795852869117260413
baseline	0	sample_q	10:1:3	625/3975062	6	11795852869117260413
baseline	0	sample_q	10:1:4	1500/1987531	6	11795852869117260413
baseline	0	sample_p	10:2:0	-9000/1987531	6	11795852869117260413
baseline	0	sample_p	10:2:1	-43200/1987531	6	11795852869117260413
baseline	0	sample_p	10:2:2	-207360/1987531	6	11795852869117260413
baseline	0	sample_p	10:2:3	-3125/3975062	6	11795852869117260413
baseline	0	sample_q	10:2:0	-1500/1987531	6	11795852869117260413
baseline	0	sample_q	10:2:1	1800/1987531	6	11795852869117260413
baseline	0	sample_q	10:2:2	8640/1987531	6	11795852869117260413
baseline	0	sample_q	10:2:3	41472/1987531	6	11795852869117260413
baseline	0	sample_q	10:2:4	625/3975062	6	11795852869117260413
baseline	0	sample_p	10:3:0	-1875/1987531	6	11795852869117260413
baseline	0	sample_p	10:3:1	-9000/1987531	6	11795852869117260413
baseline	0	sample_p	10:3:2	-43200/1987531	6	11795852869117260413
baseline	0	sample_p	10:3:3	-207360/1987531	6	11795852869117260413
baseline	0	sample_q	10:3:0	-625/3975062	6	11795852869117260413
baseline	0	sample_q	10:3:1	375/1987531	6	11795852869117260413
baseline	0	sample_q	10:3:2	1800/1987531	6	11795852869117260413
baseline	0	sample_q	10:3:3	8640/1987531	6	11795852869117260413
baseline	0	sample_q	10:3:4	41472/1987531	6	11795852869117260413
baseline	0	reduction_p	0	0	0	1
baseline	0	reduction_p	0	1	0	1
baseline	0	reduction_p	0	2	0	1
baseline	0	reduction_p	0	3	0	1
baseline	0	reduction_p	0	4	320	1
baseline	0	reduction_p	1	0	3125	1
baseline	0	reduction_p	2	0	0	1
baseline	0	reduction_p	2	1	2500	1
baseline	0	reduction_p	3	0	0	1
baseline	0	reduction_p	3	1	0	1
baseline	0	reduction_p	3	2	2000	1
baseline	0	reduction_q	0	0	0	1
baseline	0	reduction_q	0	1	0	1
baseline	0	reduction_q	0	2	0	1
baseline	0	reduction_q	0	3	320	1
baseline	0	reduction_q	1	0	0	1
baseline	0	reduction_q	1	1	0	1
baseline	0	reduction_q	1	2	0	1
baseline	0	reduction_q	1	3	0	1
baseline	0	reduction_q	1	4	-64	1
baseline	0	reduction_q	2	0	-625	1
baseline	0	reduction_q	3	0	0	1
baseline	0	reduction_q	3	1	-500	1
baseline	0	reduction_q	4	0	0	1
baseline	0	reduction_q	4	1	0	1
baseline	0	reduction_q	4	2	-400	1
baseline	0	reduction_p	4	0	0	1
baseline	0	reduction_p	4	1	0	1
baseline	0	reduction_p	4	2	0	1
baseline	0	reduction_p	4	3	400	1
baseline	0	reduction_p	5	0	0	1
baseline	0	reduction_p	5	1	0	1
baseline	0	reduction_p	5	2	0	1
baseline	0	reduction_p	5	3	0	1
baseline	0	reduction_p	5	4	320	1
baseline	0	reduction_p	6	0	3125	1
baseline	0	reduction_p	7	0	0	1
baseline	0	reduction_p	7	1	2500	1
baseline	0	reduction_q	5	0	0	1
baseline	0	reduction_q	5	1	0	1
baseline	0	reduction_q	5	2	400	1
baseline	0	reduction_q	6	0	0	1
baseline	0	reduction_q	6	1	0	1
baseline	0	reduction_q	6	2	0	1
baseline	0	reduction_q	6	3	-80	1
baseline	0	reduction_q	7	0	0	1
baseline	0	reduction_q	7	1	0	1
baseline	0	reduction_q	7	2	0	1
baseline	0	reduction_q	7	3	0	1
baseline	0	reduction_q	7	4	-64	1
baseline	0	reduction_q	8	0	-625	1
baseline	0	reduction_q	9	0	0	1
baseline	0	reduction_q	9	1	-500	1
baseline	0	reduction_p	8	0	0	1
baseline	0	reduction_p	8	1	0	1
baseline	0	reduction_p	8	2	500	1
baseline	0	reduction_p	9	0	0	1
baseline	0	reduction_p	9	1	0	1
baseline	0	reduction_p	9	2	0	1
baseline	0	reduction_p	9	3	400	1
baseline	0	reduction_p	10	0	0	1
baseline	0	reduction_p	10	1	0	1
baseline	0	reduction_p	10	2	0	1
baseline	0	reduction_p	10	3	0	1
baseline	0	reduction_p	10	4	320	1
baseline	0	reduction_p	11	0	3125	1
baseline	0	reduction_q	10	0	0	1
baseline	0	reduction_q	10	1	500	1
baseline	0	reduction_q	11	0	0	1
baseline	0	reduction_q	11	1	0	1
baseline	0	reduction_q	11	2	-100	1
baseline	0	reduction_q	12	0	0	1
baseline	0	reduction_q	12	1	0	1
baseline	0	reduction_q	12	2	0	1
baseline	0	reduction_q	12	3	-80	1
baseline	0	reduction_q	13	0	0	1
baseline	0	reduction_q	13	1	0	1
baseline	0	reduction_q	13	2	0	1
baseline	0	reduction_q	13	3	0	1
baseline	0	reduction_q	13	4	-64	1
baseline	0	reduction_q	14	0	-625	1
baseline	0	reduction_p	12	0	0	1
baseline	0	reduction_p	12	1	625	1
baseline	0	reduction_p	13	0	0	1
baseline	0	reduction_p	13	1	0	1
baseline	0	reduction_p	13	2	500	1
baseline	0	reduction_p	14	0	0	1
baseline	0	reduction_p	14	1	0	1
baseline	0	reduction_p	14	2	0	1
baseline	0	reduction_p	14	3	400	1
baseline	0	reduction_p	15	0	0	1
baseline	0	reduction_p	15	1	0	1
baseline	0	reduction_p	15	2	0	1
baseline	0	reduction_p	15	3	0	1
baseline	0	reduction_p	15	4	320	1
baseline	0	reduction_q	15	0	625	1
baseline	0	reduction_q	16	0	0	1
baseline	0	reduction_q	16	1	-125	1
baseline	0	reduction_q	17	0	0	1
baseline	0	reduction_q	17	1	0	1
baseline	0	reduction_q	17	2	-100	1
baseline	0	reduction_q	18	0	0	1
baseline	0	reduction_q	18	1	0	1
baseline	0	reduction_q	18	2	0	1
baseline	0	reduction_q	18	3	-80	1
baseline	0	reduction_q	19	0	0	1
baseline	0	reduction_q	19	1	0	1
baseline	0	reduction_q	19	2	0	1
baseline	0	reduction_q	19	3	0	1
baseline	0	reduction_q	19	4	-64	1
baseline	0	connection	0	0	0	1
baseline	0	connection	0	1	0	1
baseline	0	connection	0	2	0	1
baseline	0	connection	0	3	0	1
baseline	0	connection	0	4	192	1
baseline	0	connection	1	0	625	1
baseline	0	connection	2	0	0	1
baseline	0	connection	2	1	-500	1
baseline	0	connection	3	0	0	1
baseline	0	connection	3	1	0	1
baseline	0	connection	3	2	-1200	1
baseline	0	connection	4	0	0	1
baseline	0	connection	4	1	0	1
baseline	0	connection	4	2	0	1
baseline	0	connection	4	3	240	1
baseline	0	connection	5	0	0	1
baseline	0	connection	5	1	0	1
baseline	0	connection	5	2	0	1
baseline	0	connection	5	3	0	1
baseline	0	connection	5	4	64	1
baseline	0	connection	6	0	-625	1
baseline	0	connection	7	0	0	1
baseline	0	connection	7	1	-1500	1
baseline	0	connection	8	0	0	1
baseline	0	connection	8	1	0	1
baseline	0	connection	8	2	300	1
baseline	0	connection	9	0	0	1
baseline	0	connection	9	1	0	1
baseline	0	connection	9	2	0	1
baseline	0	connection	9	3	80	1
baseline	0	connection	10	0	0	1
baseline	0	connection	10	1	0	1
baseline	0	connection	10	2	0	1
baseline	0	connection	10	3	0	1
baseline	0	connection	10	4	-64	1
baseline	0	connection	11	0	-1875	1
baseline	0	connection	12	0	0	1
baseline	0	connection	12	1	375	1
baseline	0	connection	13	0	0	1
baseline	0	connection	13	1	0	1
baseline	0	connection	13	2	100	1
baseline	0	connection	14	0	0	1
baseline	0	connection	14	1	0	1
baseline	0	connection	14	2	0	1
baseline	0	connection	14	3	-80	1
baseline	0	connection	15	0	0	1
baseline	0	connection	15	1	0	1
baseline	0	connection	15	2	0	1
baseline	0	connection	15	3	0	1
baseline	0	connection	15	4	-192	1
baseline	0	scalar	0	0	0	1
baseline	0	scalar	0	1	-29601	1
baseline	0	scalar	1	0	0	1
baseline	0	scalar	1	1	0	1
baseline	0	scalar	1	2	-264000	1
baseline	0	scalar	2	0	0	1
baseline	0	scalar	2	1	0	1
baseline	0	scalar	2	2	0	1
baseline	0	scalar	2	3	-247680	1
baseline	0	scalar	3	0	0	1
baseline	0	scalar	3	1	0	1
baseline	0	scalar	3	2	0	1
baseline	0	scalar	3	3	0	1
baseline	0	scalar	3	4	-61440	1
baseline	0	scalar	4	0	50000	1
baseline	0	scalar	4	1	0	1
baseline	0	scalar	4	2	0	1
baseline	0	scalar	4	3	0	1
baseline	0	scalar	4	4	0	1
baseline	0	scalar	4	5	-4096	1
baseline	0	indicial	finite:0	0	exact	11795852869117260668
baseline	0	indicial	infinity:0	29601	exact	11795852869117260668
baseline	0	indicial	finite:1	0	exact	11795852869117260668
baseline	0	indicial	infinity:1	114624	exact	11795852869117260668
baseline	0	indicial	finite:2	2	exact	11795852869117260668
baseline	0	indicial	infinity:2	108416	exact	11795852869117260668
baseline	0	indicial	finite:3	-3	exact	11795852869117260668
baseline	0	indicial	infinity:3	36864	exact	11795852869117260668
baseline	0	indicial	finite:4	1	exact	11795852869117260668
baseline	0	indicial	infinity:4	4096	exact	11795852869117260668
baseline	0	series	0:0	1/1	local	11795852869117260604
baseline	0	series	0:1	0/1	local	11795852869117260604
baseline	0	series	0:2	0/1	local	11795852869117260604
baseline	0	series	0:3	0/1	local	11795852869117260604
baseline	0	series	0:4	0/1	local	11795852869117260604
baseline	0	series	0:5	9867/2000000	local	11795852869117260604
baseline	0	series	0:6	0/1	local	11795852869117260604
baseline	0	series	0:7	0/1	local	11795852869117260604
baseline	0	series	0:8	0/1	local	11795852869117260604
baseline	0	series	0:9	0/1	local	11795852869117260604
baseline	0	series	0:10	1641543189/8000000000000	local	11795852869117260604
baseline	0	series	1:0	0/1	local	11795852869117260604
baseline	0	series	1:1	1/1	local	11795852869117260604
baseline	0	series	1:2	0/1	local	11795852869117260604
baseline	0	series	1:3	0/1	local	11795852869117260604
baseline	0	series	1:4	0/1	local	11795852869117260604
baseline	0	series	1:5	0/1	local	11795852869117260604
baseline	0	series	1:6	97867/6000000	local	11795852869117260604
baseline	0	series	1:7	0/1	local	11795852869117260604
baseline	0	series	1:8	0/1	local	11795852869117260604
baseline	0	series	1:9	0/1	local	11795852869117260604
baseline	0	series	1:10	0/1	local	11795852869117260604
baseline	0	series	2:0	0/1	local	11795852869117260604
baseline	0	series	2:1	0/1	local	11795852869117260604
baseline	0	series	2:2	1/1	local	11795852869117260604
baseline	0	series	2:3	0/1	local	11795852869117260604
baseline	0	series	2:4	0/1	local	11795852869117260604
baseline	0	series	2:5	0/1	local	11795852869117260604
baseline	0	series	2:6	0/1	local	11795852869117260604
baseline	0	series	2:7	50141/2000000	local	11795852869117260604
baseline	0	series	2:8	0/1	local	11795852869117260604
baseline	0	series	2:9	0/1	local	11795852869117260604
baseline	0	series	2:10	0/1	local	11795852869117260604
baseline	0	series	3:0	0/1	local	11795852869117260604
baseline	0	series	3:1	0/1	local	11795852869117260604
baseline	0	series	3:2	0/1	local	11795852869117260604
baseline	0	series	3:3	1/1	local	11795852869117260604
baseline	0	series	3:4	0/1	local	11795852869117260604
baseline	0	series	3:5	0/1	local	11795852869117260604
baseline	0	series	3:6	0/1	local	11795852869117260604
baseline	0	series	3:7	0/1	local	11795852869117260604
baseline	0	series	3:8	892107/28000000	local	11795852869117260604
baseline	0	series	3:9	0/1	local	11795852869117260604
baseline	0	series	3:10	0/1	local	11795852869117260604
baseline	0	residue	0:0:0	-3/40	4a5=1	11795852869117260732
baseline	0	residue	0:0:1	0/1	4a5=1	11795852869117260732
baseline	0	residue	0:0:2	0/1	4a5=1	11795852869117260732
baseline	0	residue	0:0:3	0/1	4a5=1	11795852869117260732
baseline	0	residue	0:0:4	0/1	4a5=1	11795852869117260732
baseline	0	residue	0:1:0	0/1	4a5=1	11795852869117260732
baseline	0	residue	0:1:1	0/1	4a5=1	11795852869117260732
baseline	0	residue	0:1:2	0/1	4a5=1	11795852869117260732
baseline	0	residue	0:1:3	0/1	4a5=1	11795852869117260732
baseline	0	residue	0:1:4	-1/10	4a5=1	11795852869117260732
baseline	0	residue	0:2:0	0/1	4a5=1	11795852869117260732
baseline	0	residue	0:2:1	0/1	4a5=1	11795852869117260732
baseline	0	residue	0:2:2	0/1	4a5=1	11795852869117260732
baseline	0	residue	0:2:3	1/10	4a5=1	11795852869117260732
baseline	0	residue	0:2:4	0/1	4a5=1	11795852869117260732
baseline	0	residue	0:3:0	0/1	4a5=1	11795852869117260732
baseline	0	residue	0:3:1	0/1	4a5=1	11795852869117260732
baseline	0	residue	0:3:2	3/10	4a5=1	11795852869117260732
baseline	0	residue	0:3:3	0/1	4a5=1	11795852869117260732
baseline	0	residue	0:3:4	0/1	4a5=1	11795852869117260732
baseline	0	residue	1:0:0	0/1	4a5=1	11795852869117260732
baseline	0	residue	1:0:1	-3/40	4a5=1	11795852869117260732
baseline	0	residue	1:0:2	0/1	4a5=1	11795852869117260732
baseline	0	residue	1:0:3	0/1	4a5=1	11795852869117260732
baseline	0	residue	1:0:4	0/1	4a5=1	11795852869117260732
baseline	0	residue	1:1:0	-1/40	4a5=1	11795852869117260732
baseline	0	residue	1:1:1	0/1	4a5=1	11795852869117260732
baseline	0	residue	1:1:2	0/1	4a5=1	11795852869117260732
baseline	0	residue	1:1:3	0/1	4a5=1	11795852869117260732
baseline	0	residue	1:1:4	0/1	4a5=1	11795852869117260732
baseline	0	residue	1:2:0	0/1	4a5=1	11795852869117260732
baseline	0	residue	1:2:1	0/1	4a5=1	11795852869117260732
baseline	0	residue	1:2:2	0/1	4a5=1	11795852869117260732
baseline	0	residue	1:2:3	0/1	4a5=1	11795852869117260732
baseline	0	residue	1:2:4	1/10	4a5=1	11795852869117260732
baseline	0	residue	1:3:0	0/1	4a5=1	11795852869117260732
baseline	0	residue	1:3:1	0/1	4a5=1	11795852869117260732
baseline	0	residue	1:3:2	0/1	4a5=1	11795852869117260732
baseline	0	residue	1:3:3	3/10	4a5=1	11795852869117260732
baseline	0	residue	1:3:4	0/1	4a5=1	11795852869117260732
baseline	0	residue	2:0:0	0/1	4a5=1	11795852869117260732
baseline	0	residue	2:0:1	0/1	4a5=1	11795852869117260732
baseline	0	residue	2:0:2	-3/40	4a5=1	11795852869117260732
baseline	0	residue	2:0:3	0/1	4a5=1	11795852869117260732
baseline	0	residue	2:0:4	0/1	4a5=1	11795852869117260732
baseline	0	residue	2:1:0	0/1	4a5=1	11795852869117260732
baseline	0	residue	2:1:1	-1/40	4a5=1	11795852869117260732
baseline	0	residue	2:1:2	0/1	4a5=1	11795852869117260732
baseline	0	residue	2:1:3	0/1	4a5=1	11795852869117260732
baseline	0	residue	2:1:4	0/1	4a5=1	11795852869117260732
baseline	0	residue	2:2:0	1/40	4a5=1	11795852869117260732
baseline	0	residue	2:2:1	0/1	4a5=1	11795852869117260732
baseline	0	residue	2:2:2	0/1	4a5=1	11795852869117260732
baseline	0	residue	2:2:3	0/1	4a5=1	11795852869117260732
baseline	0	residue	2:2:4	0/1	4a5=1	11795852869117260732
baseline	0	residue	2:3:0	0/1	4a5=1	11795852869117260732
baseline	0	residue	2:3:1	0/1	4a5=1	11795852869117260732
baseline	0	residue	2:3:2	0/1	4a5=1	11795852869117260732
baseline	0	residue	2:3:3	0/1	4a5=1	11795852869117260732
baseline	0	residue	2:3:4	3/10	4a5=1	11795852869117260732
baseline	0	residue	3:0:0	0/1	4a5=1	11795852869117260732
baseline	0	residue	3:0:1	0/1	4a5=1	11795852869117260732
baseline	0	residue	3:0:2	0/1	4a5=1	11795852869117260732
baseline	0	residue	3:0:3	-3/40	4a5=1	11795852869117260732
baseline	0	residue	3:0:4	0/1	4a5=1	11795852869117260732
baseline	0	residue	3:1:0	0/1	4a5=1	11795852869117260732
baseline	0	residue	3:1:1	0/1	4a5=1	11795852869117260732
baseline	0	residue	3:1:2	-1/40	4a5=1	11795852869117260732
baseline	0	residue	3:1:3	0/1	4a5=1	11795852869117260732
baseline	0	residue	3:1:4	0/1	4a5=1	11795852869117260732
baseline	0	residue	3:2:0	0/1	4a5=1	11795852869117260732
baseline	0	residue	3:2:1	1/40	4a5=1	11795852869117260732
baseline	0	residue	3:2:2	0/1	4a5=1	11795852869117260732
baseline	0	residue	3:2:3	0/1	4a5=1	11795852869117260732
baseline	0	residue	3:2:4	0/1	4a5=1	11795852869117260732
baseline	0	residue	3:3:0	3/40	4a5=1	11795852869117260732
baseline	0	residue	3:3:1	0/1	4a5=1	11795852869117260732
baseline	0	residue	3:3:2	0/1	4a5=1	11795852869117260732
baseline	0	residue	3:3:3	0/1	4a5=1	11795852869117260732
baseline	0	residue	3:3:4	0/1	4a5=1	11795852869117260732
baseline	0	local_module	0	generic_cotangent_rank:1,singular_cotangent_rank:2,hessian_unit:1	syzygy:1	11795852869117260221
baseline	1	term	0	1	0,0,2	11795852869117260157
baseline	1	term	1	-1	0,5,0	11795852869117260157
baseline	1	term	2	-5	0,4,0	11795852869117260157
baseline	1	term	3	-10	0,3,0	11795852869117260157
baseline	1	term	4	-10	0,2,0	11795852869117260157
baseline	1	term	5	1	1,1,0	11795852869117260157
baseline	1	term	6	-5	0,1,0	11795852869117260157
baseline	1	term	7	1	1,0,0	11795852869117260157
baseline	1	term	8	-2	0,0,0	11795852869117260157
baseline	1	partial	0:0	1	0,1,0	11795852869117260157
baseline	1	partial	0:1	1	0,0,0	11795852869117260157
baseline	1	partial	1:0	-5	0,4,0	11795852869117260158
baseline	1	partial	1:1	-20	0,3,0	11795852869117260158
baseline	1	partial	1:2	-30	0,2,0	11795852869117260158
baseline	1	partial	1:3	-20	0,1,0	11795852869117260158
baseline	1	partial	1:4	1	1,0,0	11795852869117260158
baseline	1	partial	1:5	-5	0,0,0	11795852869117260158
baseline	1	partial	2:0	2	0,0,1	11795852869117260159
baseline	1	ideal_basis	0	1	0,0,1	11795852869117260222
baseline	1	ideal_basis	1	1	1,0,0	11795852869117260222
baseline	1	ideal_basis	1	-5	0,0,0	11795852869117260222
baseline	1	ideal_basis	1	-20	0,1,0	11795852869117260222
baseline	1	ideal_basis	1	-30	0,2,0	11795852869117260222
baseline	1	ideal_basis	1	-20	0,3,0	11795852869117260222
baseline	1	ideal_basis	1	-5	0,4,0	11795852869117260222
baseline	1	ideal_basis	2	4	0,0,0	11795852869117260222
baseline	1	ideal_basis	2	20	0,1,0	11795852869117260222
baseline	1	ideal_basis	2	40	0,2,0	11795852869117260222
baseline	1	ideal_basis	2	40	0,3,0	11795852869117260222
baseline	1	ideal_basis	2	20	0,4,0	11795852869117260222
baseline	1	ideal_basis	2	4	0,5,0	11795852869117260222
baseline	1	ideal_basis	2	-1	0,0,0	11795852869117260222
baseline	1	reduction	0	2	0,1,0	11795852869117260230
baseline	1	reduction	1	1	1,2,1	11795852869117260231
baseline	1	reduction	2	1	2,0,2	11795852869117260232
baseline	1	reduction	3	1	0,1,3	11795852869117260233
baseline	1	reduction	4	1	1,2,4	11795852869117260234
baseline	1	reduction	5	1	2,0,5	11795852869117260235
baseline	1	resultant	0	0	3125	1
baseline	1	resultant	0	1	0	1
baseline	1	resultant	0	2	0	1
baseline	1	resultant	0	3	0	1
baseline	1	resultant	0	4	0	1
baseline	1	resultant	0	5	-256	1
baseline	1	resultant_sample	0	265269	1	11795852869117260222
baseline	1	resultant_sample	1	65333	1	11795852869117260222
baseline	1	resultant_sample	2	11317	1	11795852869117260222
baseline	1	resultant_sample	3	3381	1	11795852869117260222
baseline	1	resultant_sample	4	3125	1	11795852869117260222
baseline	1	resultant_sample	5	2869	1	11795852869117260222
baseline	1	resultant_sample	6	-5067	1	11795852869117260222
baseline	1	resultant_sample	7	-59083	1	11795852869117260222
baseline	1	resultant_sample	8	-259019	1	11795852869117260222
baseline	1	bezout_f	0	0	3125	1
baseline	1	bezout_f	0	1	2500	1
baseline	1	bezout_f	0	2	2000	1
baseline	1	bezout_f	0	3	1600	1
baseline	1	bezout_f	1	0	0	1
baseline	1	bezout_f	1	1	2500	1
baseline	1	bezout_f	1	2	4000	1
baseline	1	bezout_f	1	3	4800	1
baseline	1	bezout_f	2	0	0	1
baseline	1	bezout_f	2	1	0	1
baseline	1	bezout_f	2	2	2000	1
baseline	1	bezout_f	2	3	4800	1
baseline	1	bezout_f	3	0	0	1
baseline	1	bezout_f	3	1	0	1
baseline	1	bezout_f	3	2	0	1
baseline	1	bezout_f	3	3	1600	1
baseline	1	bezout_fx	0	0	-625	1
baseline	1	bezout_fx	0	1	-500	1
baseline	1	bezout_fx	0	2	-400	1
baseline	1	bezout_fx	0	3	-320	1
baseline	1	bezout_fx	0	4	256	1
baseline	1	bezout_fx	1	0	-625	1
baseline	1	bezout_fx	1	1	-1000	1
baseline	1	bezout_fx	1	2	-1200	1
baseline	1	bezout_fx	1	3	-1280	1
baseline	1	bezout_fx	2	0	0	1
baseline	1	bezout_fx	2	1	-500	1
baseline	1	bezout_fx	2	2	-1200	1
baseline	1	bezout_fx	2	3	-1920	1
baseline	1	bezout_fx	3	0	0	1
baseline	1	bezout_fx	3	1	0	1
baseline	1	bezout_fx	3	2	-400	1
baseline	1	bezout_fx	3	3	-1280	1
baseline	1	bezout_fx	4	0	0	1
baseline	1	bezout_fx	4	1	0	1
baseline	1	bezout_fx	4	2	0	1
baseline	1	bezout_fx	4	3	-320	1
baseline	1	sample_p	0:0:0	107045/530538	-4	11795852869117260349
baseline	1	sample_p	0:0:1	26375/176846	-4	11795852869117260349
baseline	1	sample_p	0:0:2	43000/265269	-4	11795852869117260349
baseline	1	sample_p	0:0:3	16000/265269	-4	11795852869117260349
baseline	1	sample_q	0:0:0	-13963/176846	-4	11795852869117260349
baseline	1	sample_q	0:0:1	-18617/265269	-4	11795852869117260349
baseline	1	sample_q	0:0:2	-33025/530538	-4	11795852869117260349
baseline	1	sample_q	0:0:3	-11800/265269	-4	11795852869117260349
baseline	1	sample_q	0:0:4	-3200/265269	-4	11795852869117260349
baseline	1	sample_p	0:1:0	-9600/88423	-4	11795852869117260350
baseline	1	sample_p	0:1:1	-6985/176846	-4	11795852869117260350
baseline	1	sample_p	0:1:2	-37625/176846	-4	11795852869117260350
baseline	1	sample_p	0:1:3	-7000/88423	-4	11795852869117260350
baseline	1	sample_q	0:1:0	6400/88423	-4	11795852869117260350
baseline	1	sample_q	0:1:1	5237/176846	-4	11795852869117260350
baseline	1	sample_q	0:1:2	4461/88423	-4	11795852869117260350
baseline	1	sample_q	0:1:3	10325/176846	-4	11795852869117260350
baseline	1	sample_q	0:1:4	1400/88423	-4	11795852869117260350
baseline	1	sample_p	0:2:0	12600/88423	-4	11795852869117260351
baseline	1	sample_p	0:2:1	18400/88423	-4	11795852869117260351
baseline	1	sample_p	0:2:2	77015/176846	-4	11795852869117260351
baseline	1	sample_p	0:2:3	18375/176846	-4	11795852869117260351
baseline	1	sample_q	0:2:0	-8400/88423	-4	11795852869117260351
baseline	1	sample_q	0:2:1	-6200/88423	-4	11795852869117260351
baseline	1	sample_q	0:2:2	-22763/176846	-4	11795852869117260351
baseline	1	sample_q	0:2:3	-9539/88423	-4	11795852869117260351
baseline	1	sample_q	0:2:4	-3675/176846	-4	11795852869117260351
baseline	1	sample_p	0:3:0	-33075/176846	-4	11795852869117260352
baseline	1	sample_p	0:3:1	-24150/88423	-4	11795852869117260352
baseline	1	sample_p	0:3:2	-36725/88423	-4	11795852869117260352
baseline	1	sample_p	0:3:3	3515/176846	-4	11795852869117260352
baseline	1	sample_q	0:3:0	11025/88423	-4	11795852869117260352
baseline	1	sample_q	0:3:1	16275/176846	-4	11795852869117260352
baseline	1	sample_q	0:3:2	12175/88423	-4	11795852869117260352
baseline	1	sample_q	0:3:3	13987/176846	-4	11795852869117260352
baseline	1	sample_q	0:3:4	-703/176846	-4	11795852869117260352
baseline	1	sample_p	1:0:0	39545/130666	-3	11795852869117260350
baseline	1	sample_p	1:0:1	42125/130666	-3	11795852869117260350
baseline	1	sample_p	1:0:2	23250/65333	-3	11795852869117260350
baseline	1	sample_p	1:0:3	9000/65333	-3	11795852869117260350
baseline	1	sample_q	1:0:0	-16549/130666	-3	11795852869117260350
baseline	1	sample_q	1:0:1	-8167/65333	-3	11795852869117260350
baseline	1	sample_q	1:0:2	-17725/130666	-3	11795852869117260350
baseline	1	sample_q	1:0:3	-6450/65333	-3	11795852869117260350
baseline	1	sample_q	1:0:4	-1800/65333	-3	11795852869117260350
baseline	1	sample_p	1:1:0	-14400/65333	-3	11795852869117260351
baseline	1	sample_p	1:1:1	-32455/130666	-3	11795852869117260351
baseline	1	sample_p	1:1:2	-65875/130666	-3	11795852869117260351
baseline	1	sample_p	1:1:3	-12750/65333	-3	11795852869117260351
baseline	1	sample_q	1:1:0	9000/65333	-3	11795852869117260351
baseline	1	sample_q	1:1:1	12251/130666	-3	11795852869117260351
baseline	1	sample_q	1:1:2	9833/65333	-3	11795852869117260351
baseline	1	sample_q	1:1:3	18275/130666	-3	11795852869117260351
baseline	1	sample_q	1:1:4	2550/65333	-3	11795852869117260351
baseline	1	sample_p	1:2:0	20400/65333	-3	11795852869117260352
baseline	1	sample_p	1:2:1	36600/65333	-3	11795852869117260352
baseline	1	sample_p	1:2:2	120545/130666	-3	11795852869117260352
baseline	1	sample_p	1:2:3	36125/130666	-3	11795852869117260352
baseline	1	sample_q	1:2:0	-12750/65333	-3	11795852869117260352
baseline	1	sample_q	1:2:1	-11400/65333	-3	11795852869117260352
baseline	1	sample_q	1:2:2	-38749/130666	-3	11795852869117260352
baseline	1	sample_q	1:2:3	-15667/65333	-3	11795852869117260352
baseline	1	sample_q	1:2:4	-7225/130666	-3	11795852869117260352
baseline	1	sample_p	1:3:0	-28900/65333	-3	11795852869117260353
baseline	1	sample_p	1:3:1	-51850/65333	-3	11795852869117260353
baseline	1	sample_p	1:3:2	-71775/65333	-3	11795852869117260353
baseline	1	sample_p	1:3:3	-23955/130666	-3	11795852869117260353
baseline	1	sample_q	1:3:0	36125/130666	-3	11795852869117260353
baseline	1	sample_q	1:3:1	16150/65333	-3	11795852869117260353
baseline	1	sample_q	1:3:2	24725/65333	-3	11795852869117260353
baseline	1	sample_q	1:3:3	33501/130666	-3	11795852869117260353
baseline	1	sample_q	1:3:4	4791/130666	-3	11795852869117260353
baseline	1	sample_p	2:0:0	11245/22634	-2	11795852869117260351
baseline	1	sample_p	2:0:1	17125/22634	-2	11795852869117260351
baseline	1	sample_p	2:0:2	9500/11317	-2	11795852869117260351
baseline	1	sample_p	2:0:3	4000/11317	-2	11795852869117260351
baseline	1	sample_q	2:0:0	-4809/22634	-2	11795852869117260351
baseline	1	sample_q	2:0:1	-2837/11317	-2	11795852869117260351
baseline	1	sample_q	2:0:2	-7225/22634	-2	11795852869117260351
baseline	1	sample_q	2:0:3	-2700/11317	-2	11795852869117260351
baseline	1	sample_q	2:0:4	-800/11317	-2	11795852869117260351
baseline	1	sample_p	2:1:0	-5600/11317	-2	11795852869117260352
baseline	1	sample_p	2:1:1	-20755/22634	-2	11795852869117260352
baseline	1	sample_p	2:1:2	-30875/22634	-2	11795852869117260352
baseline	1	sample_p	2:1:3	-6500/11317	-2	11795852869117260352
baseline	1	sample_q	2:1:0	3200/11317	-2	11795852869117260352
baseline	1	sample_q	2:1:1	6391/22634	-2	11795852869117260352
baseline	1	sample_q	2:1:2	5163/11317	-2	11795852869117260352
baseline	1	sample_q	2:1:3	8775/22634	-2	11795852869117260352
baseline	1	sample_q	2:1:4	1300/11317	-2	11795852869117260352
baseline	1	sample_p	2:2:0	9100/11317	-2	11795852869117260353
baseline	1	sample_p	2:2:1	20400/11317	-2	11795852869117260353
baseline	1	sample_p	2:2:2	57245/22634	-2	11795852869117260353
baseline	1	sample_p	2:2:3	21125/22634	-2	11795852869117260353
baseline	1	sample_q	2:2:0	-5200/11317	-2	11795852869117260353
baseline	1	sample_q	2:2:1	-5900/11317	-2	11795852869117260353
baseline	1	sample_q	2:2:2	-19609/22634	-2	11795852869117260353
baseline	1	sample_q	2:2:3	-7837/11317	-2	11795852869117260353
baseline	1	sample_q	2:2:4	-4225/22634	-2	11795852869117260353
baseline	1	sample_p	2:3:0	-29575/22634	-2	11795852869117260354
baseline	1	sample_p	2:3:1	-33150/11317	-2	11795852869117260354
baseline	1	sample_p	2:3:2	-42975/11317	-2	11795852869117260354
baseline	1	sample_p	2:3:3	-27255/22634	-2	11795852869117260354
baseline	1	sample_q	2:3:0	8450/11317	-2	11795852869117260354
baseline	1	sample_q	2:3:1	19175/22634	-2	11795852869117260354
baseline	1	sample_q	2:3:2	15225/11317	-2	11795852869117260354
baseline	1	sample_q	2:3:3	22641/22634	-2	11795852869117260354
baseline	1	sample_q	2:3:4	5451/22634	-2	11795852869117260354
baseline	1	sample_p	3:0:0	2945/6762	-1	11795852869117260352
baseline	1	sample_p	3:0:1	1375/2254	-1	11795852869117260352
baseline	1	sample_p	3:0:2	250/483	-1	11795852869117260352
baseline	1	sample_p	3:0:3	1000/3381	-1	11795852869117260352
baseline	1	sample_q	3:0:0	-303/2254	-1	11795852869117260352
baseline	1	sample_q	3:0:1	-101/483	-1	11795852869117260352
baseline	1	sample_q	3:0:2	-1525/6762	-1	11795852869117260352
baseline	1	sample_q	3:0:3	-550/3381	-1	11795852869117260352
baseline	1	sample_q	3:0:4	-200/3381	-1	11795852869117260352
baseline	1	sample_p	3:1:0	-400/1127	-1	11795852869117260353
baseline	1	sample_p	3:1:1	-1685/2254	-1	11795852869117260353
baseline	1	sample_p	3:1:2	-375/322	-1	11795852869117260353
baseline	1	sample_p	3:1:3	-750/1127	-1	11795852869117260353
baseline	1	sample_q	3:1:0	200/1127	-1	11795852869117260353
baseline	1	sample_q	3:1:1	71/322	-1	11795852869117260353
baseline	1	sample_q	3:1:2	431/1127	-1	11795852869117260353
baseline	1	sample_q	3:1:3	825/2254	-1	11795852869117260353
baseline	1	sample_q	3:1:4	150/1127	-1	11795852869117260353
baseline	1	sample_p	3:2:0	900/1127	-1	11795852869117260354
baseline	1	sample_p	3:2:1	2600/1127	-1	11795852869117260354
baseline	1	sample_p	3:2:2	1045/322	-1	11795852869117260354
baseline	1	sample_p	3:2:3	3375/2254	-1	11795852869117260354
baseline	1	sample_q	3:2:0	-450/1127	-1	11795852869117260354
baseline	1	sample_q	3:2:1	-100/161	-1	11795852869117260354
baseline	1	sample_q	3:2:2	-2503/2254	-1	11795852869117260354
baseline	1	sample_q	3:2:3	-1069/1127	-1	11795852869117260354
baseline	1	sample_q	3:2:4	-675/2254	-1	11795852869117260354
baseline	1	sample_p	3:3:0	-2025/1127	-1	11795852869117260355
baseline	1	sample_p	3:3:1	-5850/1127	-1	11795852869117260355
baseline	1	sample_p	3:3:2	-1075/161	-1	11795852869117260355
baseline	1	sample_p	3:3:3	-6185/2254	-1	11795852869117260355
baseline	1	sample_q	3:3:0	2025/2254	-1	11795852869117260355
baseline	1	sample_q	3:3:1	225/161	-1	11795852869117260355
baseline	1	sample_q	3:3:2	2675/1127	-1	11795852869117260355
baseline	1	sample_q	3:3:3	4247/2254	-1	11795852869117260355
baseline	1	sample_q	3:3:4	1237/2254	-1	11795852869117260355
baseline	1	sample_p	4:0:0	1/2	0	11795852869117260353
baseline	1	sample_p	4:0:1	1/2	0	11795852869117260353
baseline	1	sample_p	4:0:2	0/1	0	11795852869117260353
baseline	1	sample_p	4:0:3	0/1	0	11795852869117260353
baseline	1	sample_q	4:0:0	-1/10	0	11795852869117260353
baseline	1	sample_q	4:0:1	-1/5	0	11795852869117260353
baseline	1	sample_q	4:0:2	-1/10	0	11795852869117260353
baseline	1	sample_q	4:0:3	0/1	0	11795852869117260353
baseline	1	sample_q	4:0:4	0/1	0	11795852869117260353
baseline	1	sample_p	4:1:0	0/1	0	11795852869117260354
baseline	1	sample_p	4:1:1	1/2	0	11795852869117260354
baseline	1	sample_p	4:1:2	1/2	0	11795852869117260354
baseline	1	sample_p	4:1:3	0/1	0	11795852869117260354
baseline	1	sample_q	4:1:0	0/1	0	11795852869117260354
baseline	1	sample_q	4:1:1	-1/10	0	11795852869117260354
baseline	1	sample_q	4:1:2	-1/5	0	11795852869117260354
baseline	1	sample_q	4:1:3	-1/10	0	11795852869117260354
baseline	1	sample_q	4:1:4	0/1	0	11795852869117260354
baseline	1	sample_p	4:2:0	0/1	0	11795852869117260355
baseline	1	sample_p	4:2:1	0/1	0	11795852869117260355
baseline	1	sample_p	4:2:2	1/2	0	11795852869117260355
baseline	1	sample_p	4:2:3	1/2	0	11795852869117260355
baseline	1	sample_q	4:2:0	0/1	0	11795852869117260355
baseline	1	sample_q	4:2:1	0/1	0	11795852869117260355
baseline	1	sample_q	4:2:2	-1/10	0	11795852869117260355
baseline	1	sample_q	4:2:3	-1/5	0	11795852869117260355
baseline	1	sample_q	4:2:4	-1/10	0	11795852869117260355
baseline	1	sample_p	4:3:0	-1/2	0	11795852869117260356
baseline	1	sample_p	4:3:1	-2/1	0	11795852869117260356
baseline	1	sample_p	4:3:2	-3/1	0	11795852869117260356
baseline	1	sample_p	4:3:3	-3/2	0	11795852869117260356
baseline	1	sample_q	4:3:0	1/5	0	11795852869117260356
baseline	1	sample_q	4:3:1	1/2	0	11795852869117260356
baseline	1	sample_q	4:3:2	1/1	0	11795852869117260356
baseline	1	sample_q	4:3:3	9/10	0	11795852869117260356
baseline	1	sample_q	4:3:4	3/10	0	11795852869117260356
baseline	1	sample_p	5:0:0	7945/5738	1	11795852869117260354
baseline	1	sample_p	5:0:1	14125/5738	1	11795852869117260354
baseline	1	sample_p	5:0:2	4250/2869	1	11795852869117260354
baseline	1	sample_p	5:0:3	1000/2869	1	11795852869117260354
baseline	1	sample_q	5:0:0	-1269/5738	1	11795852869117260354
baseline	1	sample_q	5:0:1	-2207/2869	1	11795852869117260354
baseline	1	sample_q	5:0:2	-4525/5738	1	11795852869117260354
baseline	1	sample_q	5:0:3	-1050/2869	1	11795852869117260354
baseline	1	sample_q	5:0:4	-200/2869	1	11795852869117260354
baseline	1	sample_p	5:1:0	-800/2869	1	11795852869117260355
baseline	1	sample_p	5:1:1	-55/5738	1	11795852869117260355
baseline	1	sample_p	5:1:2	2125/5738	1	11795852869117260355
baseline	1	sample_p	5:1:3	250/2869	1	11795852869117260355
baseline	1	sample_q	5:1:0	200/2869	1	11795852869117260355
baseline	1	sample_q	5:1:1	331/5738	1	11795852869117260355
baseline	1	sample_q	5:1:2	-207/2869	1	11795852869117260355
baseline	1	sample_q	5:1:3	-525/5738	1	11795852869117260355
baseline	1	sample_q	5:1:4	-50/2869	1	11795852869117260355
baseline	1	sample_p	5:2:0	-200/2869	1	11795852869117260356
baseline	1	sample_p	5:2:1	-1800/2869	1	11795852869117260356
baseline	1	sample_p	5:2:2	-3055/5738	1	11795852869117260356
baseline	1	sample_p	5:2:3	125/5738	1	11795852869117260356
baseline	1	sample_q	5:2:0	50/2869	1	11795852869117260356
baseline	1	sample_q	5:2:1	400/2869	1	11795852869117260356
baseline	1	sample_q	5:2:2	1331/5738	1	11795852869117260356
baseline	1	sample_q	5:2:3	293/2869	1	11795852869117260356
baseline	1	sample_q	5:2:4	-25/5738	1	11795852869117260356
baseline	1	sample_p	5:3:0	-50/2869	1	11795852869117260357
baseline	1	sample_p	5:3:1	-450/2869	1	11795852869117260357
baseline	1	sample_p	5:3:2	-2175/2869	1	11795852869117260357
baseline	1	sample_p	5:3:3	-3555/5738	1	11795852869117260357
baseline	1	sample_q	5:3:0	25/5738	1	11795852869117260357
baseline	1	sample_q	5:3:1	100/2869	1	11795852869117260357
baseline	1	sample_q	5:3:2	525/2869	1	11795852869117260357
baseline	1	sample_q	5:3:3	1581/5738	1	11795852869117260357
baseline	1	sample_q	5:3:4	711/5738	1	11795852869117260357
baseline	1	sample_p	6:0:0	-21245/10134	2	11795852869117260355
baseline	1	sample_p	6:0:1	-4125/1126	2	11795852869117260355
baseline	1	sample_p	6:0:2	-14500/5067	2	11795852869117260355
baseline	1	sample_p	6:0:3	-4000/5067	2	11795852869117260355
baseline	1	sample_q	6:0:0	1/6	2	11795852869117260355
baseline	1	sample_q	6:0:1	5837/5067	2	11795852869117260355
baseline	1	sample_q	6:0:2	13225/10134	2	11795852869117260355
baseline	1	sample_q	6:0:3	3700/5067	2	11795852869117260355
baseline	1	sample_q	6:0:4	800/5067	2	11795852869117260355
baseline	1	sample_p	6:1:0	800/1689	2	11795852869117260356
baseline	1	sample_p	6:1:1	1195/1126	2	11795852869117260356
baseline	1	sample_p	6:1:2	3625/3378	2	11795852869117260356
baseline	1	sample_p	6:1:3	500/1689	2	11795852869117260356
baseline	1	sample_q	6:1:0	0/1	2	11795852869117260356
baseline	1	sample_q	6:1:1	-1037/3378	2	11795852869117260356
baseline	1	sample_q	6:1:2	-721/1689	2	11795852869117260356
baseline	1	sample_q	6:1:3	-925/3378	2	11795852869117260356
baseline	1	sample_q	6:1:4	-100/1689	2	11795852869117260356
baseline	1	sample_p	6:2:0	-100/563	2	11795852869117260357
baseline	1	sample_p	6:2:1	-400/563	2	11795852869117260357
baseline	1	sample_p	6:2:2	-805/1126	2	11795852869117260357
baseline	1	sample_p	6:2:3	-125/1126	2	11795852869117260357
baseline	1	sample_q	6:2:0	0/1	2	11795852869117260357
baseline	1	sample_q	6:2:1	100/563	2	11795852869117260357
baseline	1	sample_q	6:2:2	321/1126	2	11795852869117260357
baseline	1	sample_q	6:2:3	93/563	2	11795852869117260357
baseline	1	sample_q	6:2:4	25/1126	2	11795852869117260357
baseline	1	sample_p	6:3:0	75/1126	2	11795852869117260358
baseline	1	sample_p	6:3:1	150/563	2	11795852869117260358
baseline	1	sample_p	6:3:2	-25/563	2	11795852869117260358
baseline	1	sample_p	6:3:3	-305/1126	2	11795852869117260358
baseline	1	sample_q	6:3:0	0/1	2	11795852869117260358
baseline	1	sample_q	6:3:1	-75/1126	2	11795852869117260358
baseline	1	sample_q	6:3:2	-25/563	2	11795852869117260358
baseline	1	sample_q	6:3:3	71/1126	2	11795852869117260358
baseline	1	sample_q	6:3:4	61/1126	2	11795852869117260358
baseline	1	sample_p	7:0:0	-54545/118166	3	11795852869117260356
baseline	1	sample_p	7:0:1	-72125/118166	3	11795852869117260356
baseline	1	sample_p	7:0:2	-30750/59083	3	11795852869117260356
baseline	1	sample_p	7:0:3	-9000/59083	3	11795852869117260356
baseline	1	sample_q	7:0:0	2269/118166	3	11795852869117260356
baseline	1	sample_q	7:0:1	12667/59083	3	11795852869117260356
baseline	1	sample_q	7:0:2	26725/118166	3	11795852869117260356
baseline	1	sample_q	7:0:3	7950/59083	3	11795852869117260356
baseline	1	sample_q	7:0:4	1800/59083	3	11795852869117260356
baseline	1	sample_p	7:1:0	3600/59083	3	11795852869117260357
baseline	1	sample_p	7:1:1	17455/118166	3	11795852869117260357
baseline	1	sample_p	7:1:2	35875/118166	3	11795852869117260357
baseline	1	sample_p	7:1:3	5250/59083	3	11795852869117260357
baseline	1	sample_q	7:1:0	1800/59083	3	11795852869117260357
baseline	1	sample_q	7:1:1	-4931/118166	3	11795852869117260357
baseline	1	sample_q	7:1:2	-5333/59083	3	11795852869117260357
baseline	1	sample_q	7:1:3	-9275/118166	3	11795852869117260357
baseline	1	sample_q	7:1:4	-1050/59083	3	11795852869117260357
baseline	1	sample_p	7:2:0	-2100/59083	3	11795852869117260358
baseline	1	sample_p	7:2:1	-17400/59083	3	11795852869117260358
baseline	1	sample_p	7:2:2	-45545/118166	3	11795852869117260358
baseline	1	sample_p	7:2:3	-6125/118166	3	11795852869117260358
baseline	1	sample_q	7:2:0	-1050/59083	3	11795852869117260358
baseline	1	sample_q	7:2:1	3900/59083	3	11795852869117260358
baseline	1	sample_q	7:2:2	16069/118166	3	11795852869117260358
baseline	1	sample_q	7:2:3	5167/59083	3	11795852869117260358
baseline	1	sample_q	7:2:4	1225/118166	3	11795852869117260358
baseline	1	sample_p	7:3:0	1225/59083	3	11795852869117260359
baseline	1	sample_p	7:3:1	10150/59083	3	11795852869117260359
baseline	1	sample_p	7:3:2	975/59083	3	11795852869117260359
baseline	1	sample_p	7:3:3	-21045/118166	3	11795852869117260359
baseline	1	sample_q	7:3:0	1225/118166	3	11795852869117260359
baseline	1	sample_q	7:3:1	-2275/59083	3	11795852869117260359
baseline	1	sample_q	7:3:2	-2225/59083	3	11795852869117260359
baseline	1	sample_q	7:3:3	3819/118166	3	11795852869117260359
baseline	1	sample_q	7:3:4	4209/118166	3	11795852869117260359
baseline	1	sample_p	8:0:0	-127045/518038	4	11795852869117260357
baseline	1	sample_p	8:0:1	-119125/518038	4	11795852869117260357
baseline	1	sample_p	8:0:2	-53000/259019	4	11795852869117260357
baseline	1	sample_p	8:0:3	-16000/259019	4	11795852869117260357
baseline	1	sample_q	8:0:0	4929/518038	4	11795852869117260357
baseline	1	sample_q	8:0:1	24617/259019	4	11795852869117260357
baseline	1	sample_q	8:0:2	45025/518038	4	11795852869117260357
baseline	1	sample_q	8:0:3	13800/259019	4	11795852869117260357
baseline	1	sample_q	8:0:4	3200/259019	4	11795852869117260357
baseline	1	sample_p	8:1:0	3200/259019	4	11795852869117260358
baseline	1	sample_p	8:1:1	955/518038	4	11795852869117260358
baseline	1	sample_p	8:1:2	72875/518038	4	11795852869117260358
baseline	1	sample_p	8:1:3	11000/259019	4	11795852869117260358
baseline	1	sample_q	8:1:0	6400/259019	4	11795852869117260358
baseline	1	sample_q	8:1:1	-1471/518038	4	11795852869117260358
baseline	1	sample_q	8:1:2	-7383/259019	4	11795852869117260358
baseline	1	sample_q	8:1:3	-18975/518038	4	11795852869117260358
baseline	1	sample_q	8:1:4	-2200/259019	4	11795852869117260358
baseline	1	sample_p	8:2:0	-2200/259019	4	11795852869117260359
baseline	1	sample_p	8:2:1	-40800/259019	4	11795852869117260359
baseline	1	sample_p	8:2:2	-131045/518038	4	11795852869117260359
baseline	1	sample_p	8:2:3	-15125/518038	4	11795852869117260359
baseline	1	sample_q	8:2:0	-4400/259019	4	11795852869117260359
baseline	1	sample_q	8:2:1	8600/259019	4	11795852869117260359
baseline	1	sample_q	8:2:2	42529/518038	4	11795852869117260359
baseline	1	sample_q	8:2:3	14617/259019	4	11795852869117260359
baseline	1	sample_q	8:2:4	3025/518038	4	11795852869117260359
baseline	1	sample_p	8:3:0	3025/518038	4	11795852869117260360
baseline	1	sample_p	8:3:1	28050/259019	4	11795852869117260360
baseline	1	sample_p	8:3:2	4575/259019	4	11795852869117260360
baseline	1	sample_p	8:3:3	-70545/518038	4	11795852869117260360
baseline	1	sample_q	8:3:0	3025/259019	4	11795852869117260360
baseline	1	sample_q	8:3:1	-11825/518038	4	11795852869117260360
baseline	1	sample_q	8:3:2	-6525/259019	4	11795852869117260360
baseline	1	sample_q	8:3:3	12279/518038	4	11795852869117260360
baseline	1	sample_q	8:3:4	14109/518038	4	11795852869117260360
baseline	1	sample_p	9:0:0	-1/6	5	11795852869117260413
baseline	1	sample_p	9:0:1	-19/170	5	11795852869117260413
baseline	1	sample_p	9:0:2	-26/255	5	11795852869117260413
baseline	1	sample_p	9:0:3	-8/255	5	11795852869117260413
baseline	1	sample_q	9:0:0	7/850	5	11795852869117260413
baseline	1	sample_q	9:0:1	71/1275	5	11795852869117260413
baseline	1	sample_q	9:0:2	109/2550	5	11795852869117260413
baseline	1	sample_q	9:0:3	2/75	5	11795852869117260413
baseline	1	sample_q	9:0:4	8/1275	5	11795852869117260413
baseline	1	sample_p	9:1:0	0/1	5	11795852869117260413
baseline	1	sample_p	9:1:1	-7/170	5	11795852869117260413
baseline	1	sample_p	9:1:2	13/170	5	11795852869117260413
baseline	1	sample_p	9:1:3	2/85	5	11795852869117260413
baseline	1	sample_q	9:1:0	8/425	5	11795852869117260413
baseline	1	sample_q	9:1:1	7/850	5	11795852869117260413
baseline	1	sample_q	9:1:2	-3/425	5	11795852869117260413
baseline	1	sample_q	9:1:3	-1/50	5	11795852869117260413
baseline	1	sample_q	9:1:4	-2/425	5	11795852869117260413
baseline	1	sample_p	9:2:0	0/1	5	11795852869117260413
baseline	1	sample_p	9:2:1	-8/85	5	11795852869117260413
baseline	1	sample_p	9:2:2	-31/170	5	11795852869117260413
baseline	1	sample_p	9:2:3	-3/170	5	11795852869117260413
baseline	1	sample_q	9:2:0	-6/425	5	11795852869117260413
baseline	1	sample_q	9:2:1	8/425	5	11795852869117260413
baseline	1	sample_q	9:2:2	47/850	5	11795852869117260413
baseline	1	sample_q	9:2:3	1/25	5	11795852869117260413
baseline	1	sample_q	9:2:4	3/850	5	11795852869117260413
baseline	1	sample_p	9:3:0	0/1	5	11795852869117260413
baseline	1	sample_p	9:3:1	6/85	5	11795852869117260413
baseline	1	sample_p	9:3:2	1/85	5	11795852869117260413
baseline	1	sample_p	9:3:3	-19/170	5	11795852869117260413
baseline	1	sample_q	9:3:0	9/850	5	11795852869117260413
baseline	1	sample_q	9:3:1	-6/425	5	11795852869117260413
baseline	1	sample_q	9:3:2	-7/425	5	11795852869117260413
baseline	1	sample_q	9:3:3	1/50	5	11795852869117260413
baseline	1	sample_q	9:3:4	19/850	5	11795852869117260413
baseline	1	sample_p	10:0:0	-504845/3975062	6	11795852869117260414
baseline	1	sample_p	10:0:1	-249125/3975062	6	11795852869117260414
baseline	1	sample_p	10:0:2	-16500/283933	6	11795852869117260414
baseline	1	sample_p	10:0:3	-36000/1987531	6	11795852869117260414
baseline	1	sample_q	10:0:0	31849/3975062	6	11795852869117260414
baseline	1	sample_q	10:0:1	10771/283933	6	11795852869117260414
baseline	1	sample_q	10:0:2	96025/3975062	6	11795852869117260414
baseline	1	sample_q	10:0:3	30300/1987531	6	11795852869117260414
baseline	1	sample_q	10:0:4	7200/1987531	6	11795852869117260414
baseline	1	sample_p	10:1:0	-7200/1987531	6	11795852869117260414
baseline	1	sample_p	10:1:1	-216845/3975062	6	11795852869117260414
baseline	1	sample_p	10:1:2	26125/567866	6	11795852869117260414
baseline	1	sample_p	10:1:3	28500/1987531	6	11795852869117260414
baseline	1	sample_q	10:1:0	28800/1987531	6	11795852869117260414
baseline	1	sample_q	10:1:1	6607/567866	6	11795852869117260414
baseline	1	sample_q	10:1:2	3397/1987531	6	11795852869117260414
baseline	1	sample_q	10:1:3	-47975/3975062	6	11795852869117260414
baseline	1	sample_q	10:1:4	-5700/1987531	6	11795852869117260414
baseline	1	sample_p	10:2:0	5700/1987531	6	11795852869117260414
baseline	1	sample_p	10:2:1	-121200/1987531	6	11795852869117260414
baseline	1	sample_p	10:2:2	-79835/567866	6	11795852869117260414
baseline	1	sample_p	10:2:3	-45125/3975062	6	11795852869117260414
baseline	1	sample_q	10:2:0	-22800/1987531	6	11795852869117260414
baseline	1	sample_q	10:2:1	3300/283933	6	11795852869117260414
baseline	1	sample_q	10:2:2	160249/3975062	6	11795852869117260414
baseline	1	sample_q	10:2:3	60397/1987531	6	11795852869117260414
baseline	1	sample_q	10:2:4	9025/3975062	6	11795852869117260414
baseline	1	sample_p	10:3:0	-9025/3975062	6	11795852869117260414
baseline	1	sample_p	10:3:1	95950/1987531	6	11795852869117260414
baseline	1	sample_p	10:3:2	2025/283933	6	11795852869117260414
baseline	1	sample_p	10:3:3	-378345/3975062	6	11795852869117260414
baseline	1	sample_q	10:3:0	18050/1987531	6	11795852869117260414
baseline	1	sample_q	10:3:1	-5225/567866	6	11795852869117260414
baseline	1	sample_q	10:3:2	-22025/1987531	6	11795852869117260414
baseline	1	sample_q	10:3:3	69999/3975062	6	11795852869117260414
baseline	1	sample_q	10:3:4	75669/3975062	6	11795852869117260414
baseline	1	reduction_p	0	0	3125	1
baseline	1	reduction_p	0	1	2500	1
baseline	1	reduction_p	0	2	2000	1
baseline	1	reduction_p	0	3	0	1
baseline	1	reduction_p	0	4	320	1
baseline	1	reduction_p	1	0	3125	1
baseline	1	reduction_p	1	1	5000	1
baseline	1	reduction_p	1	2	6000	1
baseline	1	reduction_p	2	0	0	1
baseline	1	reduction_p	2	1	2500	1
baseline	1	reduction_p	2	2	6000	1
baseline	1	reduction_p	3	0	0	1
baseline	1	reduction_p	3	1	0	1
baseline	1	reduction_p	3	2	2000	1
baseline	1	reduction_q	0	0	-625	1
baseline	1	reduction_q	0	1	-500	1
baseline	1	reduction_q	0	2	-400	1
baseline	1	reduction_q	0	3	320	1
baseline	1	reduction_q	0	4	-64	1
baseline	1	reduction_q	1	0	-1250	1
baseline	1	reduction_q	1	1	-1500	1
baseline	1	reduction_q	1	2	-1600	1
baseline	1	reduction_q	1	3	0	1
baseline	1	reduction_q	1	4	-64	1
baseline	1	reduction_q	2	0	-625	1
baseline	1	reduction_q	2	1	-1500	1
baseline	1	reduction_q	2	2	-2400	1
baseline	1	reduction_q	3	0	0	1
baseline	1	reduction_q	3	1	-500	1
baseline	1	reduction_q	3	2	-1600	1
baseline	1	reduction_q	4	0	0	1
baseline	1	reduction_q	4	1	0	1
baseline	1	reduction_q	4	2	-400	1
baseline	1	reduction_p	4	0	0	1
baseline	1	reduction_p	4	1	0	1
baseline	1	reduction_p	4	2	-2000	1
baseline	1	reduction_p	4	3	400	1
baseline	1	reduction_p	5	0	3125	1
baseline	1	reduction_p	5	1	2500	1
baseline	1	reduction_p	5	2	-6000	1
baseline	1	reduction_p	5	3	0	1
baseline	1	reduction_p	5	4	320	1
baseline	1	reduction_p	6	0	3125	1
baseline	1	reduction_p	6	1	5000	1
baseline	1	reduction_p	6	2	-6000	1
baseline	1	reduction_p	7	0	0	1
baseline	1	reduction_p	7	1	2500	1
baseline	1	reduction_p	7	2	-2000	1
baseline	1	reduction_q	5	0	0	1
baseline	1	reduction_q	5	1	0	1
baseline	1	reduction_q	5	2	800	1
baseline	1	reduction_q	5	3	-400	1
baseline	1	reduction_q	6	0	-625	1
baseline	1	reduction_q	6	1	-500	1
baseline	1	reduction_q	6	2	1600	1
baseline	1	reduction_q	6	3	-80	1
baseline	1	reduction_q	6	4	-64	1
baseline	1	reduction_q	7	0	-1250	1
baseline	1	reduction_q	7	1	-1500	1
baseline	1	reduction_q	7	2	2400	1
baseline	1	reduction_q	7	3	0	1
baseline	1	reduction_q	7	4	-64	1
baseline	1	reduction_q	8	0	-625	1
baseline	1	reduction_q	8	1	-1500	1
baseline	1	reduction_q	8	2	1600	1
baseline	1	reduction_q	9	0	0	1
baseline	1	reduction_q	9	1	-500	1
baseline	1	reduction_q	9	2	400	1
baseline	1	reduction_p	8	0	0	1
baseline	1	reduction_p	8	1	-2500	1
baseline	1	reduction_p	8	2	2500	1
baseline	1	reduction_p	8	3	-400	1
baseline	1	reduction_p	9	0	0	1
baseline	1	reduction_p	9	1	-10000	1
baseline	1	reduction_p	9	2	6000	1
baseline	1	reduction_p	9	3	400	1
baseline	1	reduction_p	10	0	3125	1
baseline	1	reduction_p	10	1	-12500	1
baseline	1	reduction_p	10	2	6000	1
baseline	1	reduction_p	10	3	0	1
baseline	1	reduction_p	10	4	320	1
baseline	1	reduction_p	11	0	3125	1
baseline	1	reduction_p	11	1	-5000	1
baseline	1	reduction_p	11	2	2000	1
baseline	1	reduction_q	10	0	0	1
baseline	1	reduction_q	10	1	1000	1
baseline	1	reduction_q	10	2	-1300	1
baseline	1	reduction_q	10	3	400	1
baseline	1	reduction_q	11	0	0	1
baseline	1	reduction_q	11	1	2500	1
baseline	1	reduction_q	11	2	-1700	1
baseline	1	reduction_q	12	0	-625	1
baseline	1	reduction_q	12	1	4500	1
baseline	1	reduction_q	12	2	-2400	1
baseline	1	reduction_q	12	3	-80	1
baseline	1	reduction_q	12	4	-64	1
baseline	1	reduction_q	13	0	-1250	1
baseline	1	reduction_q	13	1	3500	1
baseline	1	reduction_q	13	2	-1600	1
baseline	1	reduction_q	13	3	0	1
baseline	1	reduction_q	13	4	-64	1
baseline	1	reduction_q	14	0	-625	1
baseline	1	reduction_q	14	1	1000	1
baseline	1	reduction_q	14	2	-400	1
baseline	1	reduction_p	12	0	-3125	1
baseline	1	reduction_p	12	1	5625	1
baseline	1	reduction_p	12	2	-3000	1
baseline	1	reduction_p	12	3	400	1
baseline	1	reduction_p	13	0	-12500	1
baseline	1	reduction_p	13	1	17500	1
baseline	1	reduction_p	13	2	-5500	1
baseline	1	reduction_p	13	3	-400	1
baseline	1	reduction_p	14	0	-18750	1
baseline	1	reduction_p	14	1	20000	1
baseline	1	reduction_p	14	2	-6000	1
baseline	1	reduction_p	14	3	400	1
baseline	1	reduction_p	15	0	-9375	1
baseline	1	reduction_p	15	1	7500	1
baseline	1	reduction_p	15	2	-2000	1
baseline	1	reduction_p	15	3	0	1
baseline	1	reduction_p	15	4	320	1
baseline	1	reduction_q	15	0	1250	1
baseline	1	reduction_q	15	1	-2625	1
baseline	1	reduction_q	15	2	1800	1
baseline	1	reduction_q	15	3	-400	1
baseline	1	reduction_q	16	0	3125	1
baseline	1	reduction_q	16	1	-4625	1
baseline	1	reduction_q	16	2	1700	1
baseline	1	reduction_q	17	0	6250	1
baseline	1	reduction_q	17	1	-7500	1
baseline	1	reduction_q	17	2	2300	1
baseline	1	reduction_q	18	0	5625	1
baseline	1	reduction_q	18	1	-5500	1
baseline	1	reduction_q	18	2	1600	1
baseline	1	reduction_q	18	3	-80	1
baseline	1	reduction_q	18	4	-64	1
baseline	1	reduction_q	19	0	1875	1
baseline	1	reduction_q	19	1	-1500	1
baseline	1	reduction_q	19	2	400	1
baseline	1	reduction_q	19	3	0	1
baseline	1	reduction_q	19	4	-64	1
baseline	1	connection	0	0	625	1
baseline	1	connection	0	1	-500	1
baseline	1	connection	0	2	-1200	1
baseline	1	connection	0	3	0	1
baseline	1	connection	0	4	192	1
baseline	1	connection	1	0	625	1
baseline	1	connection	1	1	-1000	1
baseline	1	connection	1	2	-3600	1
baseline	1	connection	2	0	0	1
baseline	1	connection	2	1	-500	1
baseline	1	connection	2	2	-3600	1
baseline	1	connection	3	0	0	1
baseline	1	connection	3	1	0	1
baseline	1	connection	3	2	-1200	1
baseline	1	connection	4	0	-1250	1
baseline	1	connection	4	1	-1000	1
baseline	1	connection	4	2	1200	1
baseline	1	connection	4	3	240	1
baseline	1	connection	4	4	-128	1
baseline	1	connection	5	0	-1875	1
baseline	1	connection	5	1	-3500	1
baseline	1	connection	5	2	3600	1
baseline	1	connection	5	3	0	1
baseline	1	connection	5	4	64	1
baseline	1	connection	6	0	-625	1
baseline	1	connection	6	1	-4000	1
baseline	1	connection	6	2	3600	1
baseline	1	connection	7	0	0	1
baseline	1	connection	7	1	-1500	1
baseline	1	connection	7	2	1200	1
baseline	1	connection	8	0	0	1
baseline	1	connection	8	1	2500	1
baseline	1	connection	8	2	-900	1
baseline	1	connection	8	3	-400	1
baseline	1	connection	9	0	-2500	1
baseline	1	connection	9	1	8000	1
baseline	1	connection	9	2	-3600	1
baseline	1	connection	9	3	80	1
baseline	1	connection	9	4	-256	1
baseline	1	connection	10	0	-4375	1
baseline	1	connection	10	1	8500	1
baseline	1	connection	10	2	-3600	1
baseline	1	connection	10	3	0	1
baseline	1	connection	10	4	-64	1
baseline	1	connection	11	0	-1875	1
baseline	1	connection	11	1	3000	1
baseline	1	connection	11	2	-1200	1
baseline	1	connection	12	0	3125	1
baseline	1	connection	12	1	-3625	1
baseline	1	connection	12	2	400	1
baseline	1	connection	12	3	400	1
baseline	1	connection	13	0	12500	1
baseline	1	connection	13	1	-12500	1
baseline	1	connection	13	2	3700	1
baseline	1	connection	13	3	-400	1
baseline	1	connection	14	0	15000	1
baseline	1	connection	14	1	-13000	1
baseline	1	connection	14	2	3600	1
baseline	1	connection	14	3	-80	1
baseline	1	connection	14	4	-384	1
baseline	1	connection	15	0	5625	1
baseline	1	connection	15	1	-4500	1
baseline	1	connection	15	2	1200	1
baseline	1	connection	15	3	0	1
baseline	1	connection	15	4	-192	1
baseline	1	scalar	0	0	0	1
baseline	1	scalar	0	1	-29601	1
baseline	1	scalar	1	0	0	1
baseline	1	scalar	1	1	0	1
baseline	1	scalar	1	2	-264000	1
baseline	1	scalar	2	0	0	1
baseline	1	scalar	2	1	0	1
baseline	1	scalar	2	2	0	1
baseline	1	scalar	2	3	-247680	1
baseline	1	scalar	3	0	0	1
baseline	1	scalar	3	1	0	1
baseline	1	scalar	3	2	0	1
baseline	1	scalar	3	3	0	1
baseline	1	scalar	3	4	-61440	1
baseline	1	scalar	4	0	50000	1
baseline	1	scalar	4	1	0	1
baseline	1	scalar	4	2	0	1
baseline	1	scalar	4	3	0	1
baseline	1	scalar	4	4	0	1
baseline	1	scalar	4	5	-4096	1
baseline	1	indicial	finite:0	0	exact	11795852869117260669
baseline	1	indicial	infinity:0	29601	exact	11795852869117260669
baseline	1	indicial	finite:1	0	exact	11795852869117260669
baseline	1	indicial	infinity:1	114624	exact	11795852869117260669
baseline	1	indicial	finite:2	2	exact	11795852869117260669
baseline	1	indicial	infinity:2	108416	exact	11795852869117260669
baseline	1	indicial	finite:3	-3	exact	11795852869117260669
baseline	1	indicial	infinity:3	36864	exact	11795852869117260669
baseline	1	indicial	finite:4	1	exact	11795852869117260669
baseline	1	indicial	infinity:4	4096	exact	11795852869117260669
baseline	1	series	0:0	1/1	local	11795852869117260605
baseline	1	series	0:1	0/1	local	11795852869117260605
baseline	1	series	0:2	0/1	local	11795852869117260605
baseline	1	series	0:3	0/1	local	11795852869117260605
baseline	1	series	0:4	0/1	local	11795852869117260605
baseline	1	series	0:5	9867/2000000	local	11795852869117260605
baseline	1	series	0:6	0/1	local	11795852869117260605
baseline	1	series	0:7	0/1	local	11795852869117260605
baseline	1	series	0:8	0/1	local	11795852869117260605
baseline	1	series	0:9	0/1	local	11795852869117260605
baseline	1	series	0:10	1641543189/8000000000000	local	11795852869117260605
baseline	1	series	1:0	0/1	local	11795852869117260605
baseline	1	series	1:1	1/1	local	11795852869117260605
baseline	1	series	1:2	0/1	local	11795852869117260605
baseline	1	series	1:3	0/1	local	11795852869117260605
baseline	1	series	1:4	0/1	local	11795852869117260605
baseline	1	series	1:5	0/1	local	11795852869117260605
baseline	1	series	1:6	97867/6000000	local	11795852869117260605
baseline	1	series	1:7	0/1	local	11795852869117260605
baseline	1	series	1:8	0/1	local	11795852869117260605
baseline	1	series	1:9	0/1	local	11795852869117260605
baseline	1	series	1:10	0/1	local	11795852869117260605
baseline	1	series	2:0	0/1	local	11795852869117260605
baseline	1	series	2:1	0/1	local	11795852869117260605
baseline	1	series	2:2	1/1	local	11795852869117260605
baseline	1	series	2:3	0/1	local	11795852869117260605
baseline	1	series	2:4	0/1	local	11795852869117260605
baseline	1	series	2:5	0/1	local	11795852869117260605
baseline	1	series	2:6	0/1	local	11795852869117260605
baseline	1	series	2:7	50141/2000000	local	11795852869117260605
baseline	1	series	2:8	0/1	local	11795852869117260605
baseline	1	series	2:9	0/1	local	11795852869117260605
baseline	1	series	2:10	0/1	local	11795852869117260605
baseline	1	series	3:0	0/1	local	11795852869117260605
baseline	1	series	3:1	0/1	local	11795852869117260605
baseline	1	series	3:2	0/1	local	11795852869117260605
baseline	1	series	3:3	1/1	local	11795852869117260605
baseline	1	series	3:4	0/1	local	11795852869117260605
baseline	1	series	3:5	0/1	local	11795852869117260605
baseline	1	series	3:6	0/1	local	11795852869117260605
baseline	1	series	3:7	0/1	local	11795852869117260605
baseline	1	series	3:8	892107/28000000	local	11795852869117260605
baseline	1	series	3:9	0/1	local	11795852869117260605
baseline	1	series	3:10	0/1	local	11795852869117260605
baseline	1	residue	0:0:0	-3/40	4a5=1	11795852869117260733
baseline	1	residue	0:0:1	0/1	4a5=1	11795852869117260733
baseline	1	residue	0:0:2	3/10	4a5=1	11795852869117260733
baseline	1	residue	0:0:3	1/10	4a5=1	11795852869117260733
baseline	1	residue	0:0:4	-1/10	4a5=1	11795852869117260733
baseline	1	residue	0:1:0	0/1	4a5=1	11795852869117260733
baseline	1	residue	0:1:1	0/1	4a5=1	11795852869117260733
baseline	1	residue	0:1:2	9/10	4a5=1	11795852869117260733
baseline	1	residue	0:1:3	1/5	4a5=1	11795852869117260733
baseline	1	residue	0:1:4	-1/10	4a5=1	11795852869117260733
baseline	1	residue	0:2:0	0/1	4a5=1	11795852869117260733
baseline	1	residue	0:2:1	0/1	4a5=1	11795852869117260733
baseline	1	residue	0:2:2	9/10	4a5=1	11795852869117260733
baseline	1	residue	0:2:3	1/10	4a5=1	11795852869117260733
baseline	1	residue	0:2:4	0/1	4a5=1	11795852869117260733
baseline	1	residue	0:3:0	0/1	4a5=1	11795852869117260733
baseline	1	residue	0:3:1	0/1	4a5=1	11795852869117260733
baseline	1	residue	0:3:2	3/10	4a5=1	11795852869117260733
baseline	1	residue	0:3:3	0/1	4a5=1	11795852869117260733
baseline	1	residue	0:3:4	0/1	4a5=1	11795852869117260733
baseline	1	residue	1:0:0	1/20	4a5=1	11795852869117260733
baseline	1	residue	1:0:1	-3/40	4a5=1	11795852869117260733
baseline	1	residue	1:0:2	-3/10	4a5=1	11795852869117260733
baseline	1	residue	1:0:3	1/5	4a5=1	11795852869117260733
baseline	1	residue	1:0:4	1/5	4a5=1	11795852869117260733
baseline	1	residue	1:1:0	-1/40	4a5=1	11795852869117260733
baseline	1	residue	1:1:1	0/1	4a5=1	11795852869117260733
baseline	1	residue	1:1:2	-9/10	4a5=1	11795852869117260733
baseline	1	residue	1:1:3	7/10	4a5=1	11795852869117260733
baseline	1	residue	1:1:4	3/10	4a5=1	11795852869117260733
baseline	1	residue	1:2:0	0/1	4a5=1	11795852869117260733
baseline	1	residue	1:2:1	0/1	4a5=1	11795852869117260733
baseline	1	residue	1:2:2	-9/10	4a5=1	11795852869117260733
baseline	1	residue	1:2:3	4/5	4a5=1	11795852869117260733
baseline	1	residue	1:2:4	1/10	4a5=1	11795852869117260733
baseline	1	residue	1:3:0	0/1	4a5=1	11795852869117260733
baseline	1	residue	1:3:1	0/1	4a5=1	11795852869117260733
baseline	1	residue	1:3:2	-3/10	4a5=1	11795852869117260733
baseline	1	residue	1:3:3	3/10	4a5=1	11795852869117260733
baseline	1	residue	1:3:4	0/1	4a5=1	11795852869117260733
baseline	1	residue	2:0:0	0/1	4a5=1	11795852869117260733
baseline	1	residue	2:0:1	1/8	4a5=1	11795852869117260733
baseline	1	residue	2:0:2	9/40	4a5=1	11795852869117260733
baseline	1	residue	2:0:3	-1/2	4a5=1	11795852869117260733
baseline	1	residue	2:0:4	0/1	4a5=1	11795852869117260733
baseline	1	residue	2:1:0	1/10	4a5=1	11795852869117260733
baseline	1	residue	2:1:1	-1/40	4a5=1	11795852869117260733
baseline	1	residue	2:1:2	9/10	4a5=1	11795852869117260733
baseline	1	residue	2:1:3	-8/5	4a5=1	11795852869117260733
baseline	1	residue	2:1:4	2/5	4a5=1	11795852869117260733
baseline	1	residue	2:2:0	1/40	4a5=1	11795852869117260733
baseline	1	residue	2:2:1	0/1	4a5=1	11795852869117260733
baseline	1	residue	2:2:2	9/10	4a5=1	11795852869117260733
baseline	1	residue	2:2:3	-17/10	4a5=1	11795852869117260733
baseline	1	residue	2:2:4	7/10	4a5=1	11795852869117260733
baseline	1	residue	2:3:0	0/1	4a5=1	11795852869117260733
baseline	1	residue	2:3:1	0/1	4a5=1	11795852869117260733
baseline	1	residue	2:3:2	3/10	4a5=1	11795852869117260733
baseline	1	residue	2:3:3	-3/5	4a5=1	11795852869117260733
baseline	1	residue	2:3:4	3/10	4a5=1	11795852869117260733
baseline	1	residue	3:0:0	0/1	4a5=1	11795852869117260733
baseline	1	residue	3:0:1	-1/8	4a5=1	11795852869117260733
baseline	1	residue	3:0:2	-1/10	4a5=1	11795852869117260733
baseline	1	residue	3:0:3	29/40	4a5=1	11795852869117260733
baseline	1	residue	3:0:4	-1/2	4a5=1	11795852869117260733
baseline	1	residue	3:1:0	0/1	4a5=1	11795852869117260733
baseline	1	residue	3:1:1	1/8	4a5=1	11795852869117260733
baseline	1	residue	3:1:2	-37/40	4a5=1	11795852869117260733
baseline	1	residue	3:1:3	5/2	4a5=1	11795852869117260733
baseline	1	residue	3:1:4	-2/1	4a5=1	11795852869117260733
baseline	1	residue	3:2:0	3/20	4a5=1	11795852869117260733
baseline	1	residue	3:2:1	1/40	4a5=1	11795852869117260733
baseline	1	residue	3:2:2	-9/10	4a5=1	11795852869117260733
baseline	1	residue	3:2:3	13/5	4a5=1	11795852869117260733
baseline	1	residue	3:2:4	-12/5	4a5=1	11795852869117260733
baseline	1	residue	3:3:0	3/40	4a5=1	11795852869117260733
baseline	1	residue	3:3:1	0/1	4a5=1	11795852869117260733
baseline	1	residue	3:3:2	-3/10	4a5=1	11795852869117260733
baseline	1	residue	3:3:3	9/10	4a5=1	11795852869117260733
baseline	1	residue	3:3:4	-9/10	4a5=1	11795852869117260733
baseline	1	local_module	0	generic_cotangent_rank:1,singular_cotangent_rank:2,hessian_unit:1	syzygy:1	11795852869117260222
baseline	2	term	0	1	0,0,2	11795852869117260158
baseline	2	term	1	-1	0,5,0	11795852869117260158
baseline	2	term	2	1	1,1,0	11795852869117260158
baseline	2	term	3	1	0,0,0	11795852869117260158
baseline	2	partial	0:0	1	0,1,0	11795852869117260158
baseline	2	partial	1:0	-5	0,4,0	11795852869117260159
baseline	2	partial	1:1	1	1,0,0	11795852869117260159
baseline	2	partial	2:0	2	0,0,1	11795852869117260160
baseline	2	ideal_basis	0	1	0,0,1	11795852869117260223
baseline	2	ideal_basis	1	1	1,0,0	11795852869117260223
baseline	2	ideal_basis	1	-5	0,4,0	11795852869117260223
baseline	2	ideal_basis	2	4	0,5,0	11795852869117260223
baseline	2	ideal_basis	2	1	0,0,0	11795852869117260223
baseline	2	reduction	0	2	0,1,0	11795852869117260231
baseline	2	reduction	1	1	1,2,1	11795852869117260232
baseline	2	reduction	2	1	2,0,2	11795852869117260233
baseline	2	reduction	3	1	0,1,3	11795852869117260234
baseline	2	reduction	4	1	1,2,4	11795852869117260235
baseline	2	reduction	5	1	2,0,5	11795852869117260236
baseline	2	resultant	0	0	3125	1
baseline	2	resultant	0	1	0	1
baseline	2	resultant	0	2	0	1
baseline	2	resultant	0	3	0	1
baseline	2	resultant	0	4	0	1
baseline	2	resultant	0	5	-256	1
baseline	2	resultant_sample	0	265269	1	11795852869117260223
baseline	2	resultant_sample	1	65333	1	11795852869117260223
baseline	2	resultant_sample	2	11317	1	11795852869117260223
baseline	2	resultant_sample	3	3381	1	11795852869117260223
baseline	2	resultant_sample	4	3125	1	11795852869117260223
baseline	2	resultant_sample	5	2869	1	11795852869117260223
baseline	2	resultant_sample	6	-5067	1	11795852869117260223
baseline	2	resultant_sample	7	-59083	1	11795852869117260223
baseline	2	resultant_sample	8	-259019	1	11795852869117260223
baseline	2	bezout_f	0	0	-3125	1
baseline	2	bezout_f	1	0	0	1
baseline	2	bezout_f	1	1	2500	1
baseline	2	bezout_f	2	0	0	1
baseline	2	bezout_f	2	1	0	1
baseline	2	bezout_f	2	2	-2000	1
baseline	2	bezout_f	3	0	0	1
baseline	2	bezout_f	3	1	0	1
baseline	2	bezout_f	3	2	0	1
baseline	2	bezout_f	3	3	1600	1
baseline	2	bezout_fx	0	0	0	1
baseline	2	bezout_fx	0	1	0	1
baseline	2	bezout_fx	0	2	0	1
baseline	2	bezout_fx	0	3	0	1
baseline	2	bezout_fx	0	4	256	1
baseline	2	bezout_fx	1	0	625	1
baseline	2	bezout_fx	2	0	0	1
baseline	2	bezout_fx	2	1	-500	1
baseline	2	bezout_fx	3	0	0	1
baseline	2	bezout_fx	3	1	0	1
baseline	2	bezout_fx	3	2	400	1
baseline	2	bezout_fx	4	0	0	1
baseline	2	bezout_fx	4	1	0	1
baseline	2	bezout_fx	4	2	0	1
baseline	2	bezout_fx	4	3	-320	1
baseline	2	sample_p	0:0:0	40960/265269	-4	11795852869117260350
baseline	2	sample_p	0:0:1	-3125/530538	-4	11795852869117260350
baseline	2	sample_p	0:0:2	-5000/265269	-4	11795852869117260350
baseline	2	sample_p	0:0:3	-16000/265269	-4	11795852869117260350
baseline	2	sample_q	0:0:0	10240/265269	-4	11795852869117260350
baseline	2	sample_q	0:0:1	-8192/265269	-4	11795852869117260350
baseline	2	sample_q	0:0:2	625/530538	-4	11795852869117260350
baseline	2	sample_q	0:0:3	1000/265269	-4	11795852869117260350
baseline	2	sample_q	0:0:4	3200/265269	-4	11795852869117260350
baseline	2	sample_p	0:1:0	12800/265269	-4	11795852869117260351
baseline	2	sample_p	0:1:1	40960/265269	-4	11795852869117260351
baseline	2	sample_p	0:1:2	-3125/530538	-4	11795852869117260351
baseline	2	sample_p	0:1:3	-5000/265269	-4	11795852869117260351
baseline	2	sample_q	0:1:0	3200/265269	-4	11795852869117260351
baseline	2	sample_q	0:1:1	-2560/265269	-4	11795852869117260351
baseline	2	sample_q	0:1:2	-8192/265269	-4	11795852869117260351
baseline	2	sample_q	0:1:3	625/530538	-4	11795852869117260351
baseline	2	sample_q	0:1:4	1000/265269	-4	11795852869117260351
baseline	2	sample_p	0:2:0	4000/265269	-4	11795852869117260352
baseline	2	sample_p	0:2:1	12800/265269	-4	11795852869117260352
baseline	2	sample_p	0:2:2	40960/265269	-4	11795852869117260352
baseline	2	sample_p	0:2:3	-3125/530538	-4	11795852869117260352
baseline	2	sample_q	0:2:0	1000/265269	-4	11795852869117260352
baseline	2	sample_q	0:2:1	-800/265269	-4	11795852869117260352
baseline	2	sample_q	0:2:2	-2560/265269	-4	11795852869117260352
baseline	2	sample_q	0:2:3	-8192/265269	-4	11795852869117260352
baseline	2	sample_q	0:2:4	625/530538	-4	11795852869117260352
baseline	2	sample_p	0:3:0	1250/265269	-4	11795852869117260353
baseline	2	sample_p	0:3:1	4000/265269	-4	11795852869117260353
baseline	2	sample_p	0:3:2	12800/265269	-4	11795852869117260353
baseline	2	sample_p	0:3:3	40960/265269	-4	11795852869117260353
baseline	2	sample_q	0:3:0	625/530538	-4	11795852869117260353
baseline	2	sample_q	0:3:1	-250/265269	-4	11795852869117260353
baseline	2	sample_q	0:3:2	-800/265269	-4	11795852869117260353
baseline	2	sample_q	0:3:3	-2560/265269	-4	11795852869117260353
baseline	2	sample_q	0:3:4	-8192/265269	-4	11795852869117260353
baseline	2	sample_p	1:0:0	12960/65333	-3	11795852869117260351
baseline	2	sample_p	1:0:1	-3125/130666	-3	11795852869117260351
baseline	2	sample_p	1:0:2	-3750/65333	-3	11795852869117260351
baseline	2	sample_p	1:0:3	-9000/65333	-3	11795852869117260351
baseline	2	sample_q	1:0:0	4320/65333	-3	11795852869117260351
baseline	2	sample_q	1:0:1	-2592/65333	-3	11795852869117260351
baseline	2	sample_q	1:0:2	625/130666	-3	11795852869117260351
baseline	2	sample_q	1:0:3	750/65333	-3	11795852869117260351
baseline	2	sample_q	1:0:4	1800/65333	-3	11795852869117260351
baseline	2	sample_p	1:1:0	5400/65333	-3	11795852869117260352
baseline	2	sample_p	1:1:1	12960/65333	-3	11795852869117260352
baseline	2	sample_p	1:1:2	-3125/130666	-3	11795852869117260352
baseline	2	sample_p	1:1:3	-3750/65333	-3	11795852869117260352
baseline	2	sample_q	1:1:0	1800/65333	-3	11795852869117260352
baseline	2	sample_q	1:1:1	-1080/65333	-3	11795852869117260352
baseline	2	sample_q	1:1:2	-2592/65333	-3	11795852869117260352
baseline	2	sample_q	1:1:3	625/130666	-3	11795852869117260352
baseline	2	sample_q	1:1:4	750/65333	-3	11795852869117260352
baseline	2	sample_p	1:2:0	2250/65333	-3	11795852869117260353
baseline	2	sample_p	1:2:1	5400/65333	-3	11795852869117260353
baseline	2	sample_p	1:2:2	12960/65333	-3	11795852869117260353
baseline	2	sample_p	1:2:3	-3125/130666	-3	11795852869117260353
baseline	2	sample_q	1:2:0	750/65333	-3	11795852869117260353
baseline	2	sample_q	1:2:1	-450/65333	-3	11795852869117260353
baseline	2	sample_q	1:2:2	-1080/65333	-3	11795852869117260353
baseline	2	sample_q	1:2:3	-2592/65333	-3	11795852869117260353
baseline	2	sample_q	1:2:4	625/130666	-3	11795852869117260353
baseline	2	sample_p	1:3:0	1875/130666	-3	11795852869117260354
baseline	2	sample_p	1:3:1	2250/65333	-3	11795852869117260354
baseline	2	sample_p	1:3:2	5400/65333	-3	11795852869117260354
baseline	2	sample_p	1:3:3	12960/65333	-3	11795852869117260354
baseline	2	sample_q	1:3:0	625/130666	-3	11795852869117260354
baseline	2	sample_q	1:3:1	-375/130666	-3	11795852869117260354
baseline	2	sample_q	1:3:2	-450/65333	-3	11795852869117260354
baseline	2	sample_q	1:3:3	-1080/65333	-3	11795852869117260354
baseline	2	sample_q	1:3:4	-2592/65333	-3	11795852869117260354
baseline	2	sample_p	2:0:0	2560/11317	-2	11795852869117260352
baseline	2	sample_p	2:0:1	-3125/22634	-2	11795852869117260352
baseline	2	sample_p	2:0:2	-2500/11317	-2	11795852869117260352
baseline	2	sample_p	2:0:3	-4000/11317	-2	11795852869117260352
baseline	2	sample_q	2:0:0	1280/11317	-2	11795852869117260352
baseline	2	sample_q	2:0:1	-512/11317	-2	11795852869117260352
baseline	2	sample_q	2:0:2	625/22634	-2	11795852869117260352
baseline	2	sample_q	2:0:3	500/11317	-2	11795852869117260352
baseline	2	sample_q	2:0:4	800/11317	-2	11795852869117260352
baseline	2	sample_p	2:1:0	1600/11317	-2	11795852869117260353
baseline	2	sample_p	2:1:1	2560/11317	-2	11795852869117260353
baseline	2	sample_p	2:1:2	-3125/22634	-2	11795852869117260353
baseline	2	sample_p	2:1:3	-2500/11317	-2	11795852869117260353
baseline	2	sample_q	2:1:0	800/11317	-2	11795852869117260353
baseline	2	sample_q	2:1:1	-320/11317	-2	11795852869117260353
baseline	2	sample_q	2:1:2	-512/11317	-2	11795852869117260353
baseline	2	sample_q	2:1:3	625/22634	-2	11795852869117260353
baseline	2	sample_q	2:1:4	500/11317	-2	11795852869117260353
baseline	2	sample_p	2:2:0	1000/11317	-2	11795852869117260354
baseline	2	sample_p	2:2:1	1600/11317	-2	11795852869117260354
baseline	2	sample_p	2:2:2	2560/11317	-2	11795852869117260354
baseline	2	sample_p	2:2:3	-3125/22634	-2	11795852869117260354
baseline	2	sample_q	2:2:0	500/11317	-2	11795852869117260354
baseline	2	sample_q	2:2:1	-200/11317	-2	11795852869117260354
baseline	2	sample_q	2:2:2	-320/11317	-2	11795852869117260354
baseline	2	sample_q	2:2:3	-512/11317	-2	11795852869117260354
baseline	2	sample_q	2:2:4	625/22634	-2	11795852869117260354
baseline	2	sample_p	2:3:0	625/11317	-2	11795852869117260355
baseline	2	sample_p	2:3:1	1000/11317	-2	11795852869117260355
baseline	2	sample_p	2:3:2	1600/11317	-2	11795852869117260355
baseline	2	sample_p	2:3:3	2560/11317	-2	11795852869117260355
baseline	2	sample_q	2:3:0	625/22634	-2	11795852869117260355
baseline	2	sample_q	2:3:1	-125/11317	-2	11795852869117260355
baseline	2	sample_q	2:3:2	-200/11317	-2	11795852869117260355
baseline	2	sample_q	2:3:3	-320/11317	-2	11795852869117260355
baseline	2	sample_q	2:3:4	-512/11317	-2	11795852869117260355
baseline	2	sample_p	3:0:0	160/3381	-1	11795852869117260353
baseline	2	sample_p	3:0:1	-3125/6762	-1	11795852869117260353
baseline	2	sample_p	3:0:2	-1250/3381	-1	11795852869117260353
baseline	2	sample_p	3:0:3	-1000/3381	-1	11795852869117260353
baseline	2	sample_q	3:0:0	160/3381	-1	11795852869117260353
baseline	2	sample_q	3:0:1	-32/3381	-1	11795852869117260353
baseline	2	sample_q	3:0:2	625/6762	-1	11795852869117260353
baseline	2	sample_q	3:0:3	250/3381	-1	11795852869117260353
baseline	2	sample_q	3:0:4	200/3381	-1	11795852869117260353
baseline	2	sample_p	3:1:0	200/3381	-1	11795852869117260354
baseline	2	sample_p	3:1:1	160/3381	-1	11795852869117260354
baseline	2	sample_p	3:1:2	-3125/6762	-1	11795852869117260354
baseline	2	sample_p	3:1:3	-1250/3381	-1	11795852869117260354
baseline	2	sample_q	3:1:0	200/3381	-1	11795852869117260354
baseline	2	sample_q	3:1:1	-40/3381	-1	11795852869117260354
baseline	2	sample_q	3:1:2	-32/3381	-1	11795852869117260354
baseline	2	sample_q	3:1:3	625/6762	-1	11795852869117260354
baseline	2	sample_q	3:1:4	250/3381	-1	11795852869117260354
baseline	2	sample_p	3:2:0	250/3381	-1	11795852869117260355
baseline	2	sample_p	3:2:1	200/3381	-1	11795852869117260355
baseline	2	sample_p	3:2:2	160/3381	-1	11795852869117260355
baseline	2	sample_p	3:2:3	-3125/6762	-1	11795852869117260355
baseline	2	sample_q	3:2:0	250/3381	-1	11795852869117260355
baseline	2	sample_q	3:2:1	-50/3381	-1	11795852869117260355
baseline	2	sample_q	3:2:2	-40/3381	-1	11795852869117260355
baseline	2	sample_q	3:2:3	-32/3381	-1	11795852869117260355
baseline	2	sample_q	3:2:4	625/6762	-1	11795852869117260355
baseline	2	sample_p	3:3:0	625/6762	-1	11795852869117260356
baseline	2	sample_p	3:3:1	250/3381	-1	11795852869117260356
baseline	2	sample_p	3:3:2	200/3381	-1	11795852869117260356
baseline	2	sample_p	3:3:3	160/3381	-1	11795852869117260356
baseline	2	sample_q	3:3:0	625/6762	-1	11795852869117260356
baseline	2	sample_q	3:3:1	-125/6762	-1	11795852869117260356
baseline	2	sample_q	3:3:2	-50/3381	-1	11795852869117260356
baseline	2	sample_q	3:3:3	-40/3381	-1	11795852869117260356
baseline	2	sample_q	3:3:4	-32/3381	-1	11795852869117260356
baseline	2	sample_p	4:0:0	0/1	0	11795852869117260354
baseline	2	sample_p	4:0:1	-1/2	0	11795852869117260354
baseline	2	sample_p	4:0:2	0/1	0	11795852869117260354
baseline	2	sample_p	4:0:3	0/1	0	11795852869117260354
baseline	2	sample_q	4:0:0	0/1	0	11795852869117260354
baseline	2	sample_q	4:0:1	0/1	0	11795852869117260354
baseline	2	sample_q	4:0:2	1/10	0	11795852869117260354
baseline	2	sample_q	4:0:3	0/1	0	11795852869117260354
baseline	2	sample_q	4:0:4	0/1	0	11795852869117260354
baseline	2	sample_p	4:1:0	0/1	0	11795852869117260355
baseline	2	sample_p	4:1:1	0/1	0	11795852869117260355
baseline	2	sample_p	4:1:2	-1/2	0	11795852869117260355
baseline	2	sample_p	4:1:3	0/1	0	11795852869117260355
baseline	2	sample_q	4:1:0	0/1	0	11795852869117260355
baseline	2	sample_q	4:1:1	0/1	0	11795852869117260355
baseline	2	sample_q	4:1:2	0/1	0	11795852869117260355
baseline	2	sample_q	4:1:3	1/10	0	11795852869117260355
baseline	2	sample_q	4:1:4	0/1	0	11795852869117260355
baseline	2	sample_p	4:2:0	0/1	0	11795852869117260356
baseline	2	sample_p	4:2:1	0/1	0	11795852869117260356
baseline	2	sample_p	4:2:2	0/1	0	11795852869117260356
baseline	2	sample_p	4:2:3	-1/2	0	11795852869117260356
baseline	2	sample_q	4:2:0	0/1	0	11795852869117260356
baseline	2	sample_q	4:2:1	0/1	0	11795852869117260356
baseline	2	sample_q	4:2:2	0/1	0	11795852869117260356
baseline	2	sample_q	4:2:3	0/1	0	11795852869117260356
baseline	2	sample_q	4:2:4	1/10	0	11795852869117260356
baseline	2	sample_p	4:3:0	0/1	0	11795852869117260357
baseline	2	sample_p	4:3:1	0/1	0	11795852869117260357
baseline	2	sample_p	4:3:2	0/1	0	11795852869117260357
baseline	2	sample_p	4:3:3	0/1	0	11795852869117260357
baseline	2	sample_q	4:3:0	1/10	0	11795852869117260357
baseline	2	sample_q	4:3:1	0/1	0	11795852869117260357
baseline	2	sample_q	4:3:2	0/1	0	11795852869117260357
baseline	2	sample_q	4:3:3	0/1	0	11795852869117260357
baseline	2	sample_q	4:3:4	0/1	0	11795852869117260357
baseline	2	sample_p	5:0:0	160/2869	1	11795852869117260355
baseline	2	sample_p	5:0:1	-3125/5738	1	11795852869117260355
baseline	2	sample_p	5:0:2	1250/2869	1	11795852869117260355
baseline	2	sample_p	5:0:3	-1000/2869	1	11795852869117260355
baseline	2	sample_q	5:0:0	-160/2869	1	11795852869117260355
baseline	2	sample_q	5:0:1	-32/2869	1	11795852869117260355
baseline	2	sample_q	5:0:2	625/5738	1	11795852869117260355
baseline	2	sample_q	5:0:3	-250/2869	1	11795852869117260355
baseline	2	sample_q	5:0:4	200/2869	1	11795852869117260355
baseline	2	sample_p	5:1:0	-200/2869	1	11795852869117260356
baseline	2	sample_p	5:1:1	160/2869	1	11795852869117260356
baseline	2	sample_p	5:1:2	-3125/5738	1	11795852869117260356
baseline	2	sample_p	5:1:3	1250/2869	1	11795852869117260356
baseline	2	sample_q	5:1:0	200/2869	1	11795852869117260356
baseline	2	sample_q	5:1:1	40/2869	1	11795852869117260356
baseline	2	sample_q	5:1:2	-32/2869	1	11795852869117260356
baseline	2	sample_q	5:1:3	625/5738	1	11795852869117260356
baseline	2	sample_q	5:1:4	-250/2869	1	11795852869117260356
baseline	2	sample_p	5:2:0	250/2869	1	11795852869117260357
baseline	2	sample_p	5:2:1	-200/2869	1	11795852869117260357
baseline	2	sample_p	5:2:2	160/2869	1	11795852869117260357
baseline	2	sample_p	5:2:3	-3125/5738	1	11795852869117260357
baseline	2	sample_q	5:2:0	-250/2869	1	11795852869117260357
baseline	2	sample_q	5:2:1	-50/2869	1	11795852869117260357
baseline	2	sample_q	5:2:2	40/2869	1	11795852869117260357
baseline	2	sample_q	5:2:3	-32/2869	1	11795852869117260357
baseline	2	sample_q	5:2:4	625/5738	1	11795852869117260357
baseline	2	sample_p	5:3:0	-625/5738	1	11795852869117260358
baseline	2	sample_p	5:3:1	250/2869	1	11795852869117260358
baseline	2	sample_p	5:3:2	-200/2869	1	11795852869117260358
baseline	2	sample_p	5:3:3	160/2869	1	11795852869117260358
baseline	2	sample_q	5:3:0	625/5738	1	11795852869117260358
baseline	2	sample_q	5:3:1	125/5738	1	11795852869117260358
baseline	2	sample_q	5:3:2	-50/2869	1	11795852869117260358
baseline	2	sample_q	5:3:3	40/2869	1	11795852869117260358
baseline	2	sample_q	5:3:4	-32/2869	1	11795852869117260358
baseline	2	sample_p	6:0:0	-2560/5067	2	11795852869117260356
baseline	2	sample_p	6:0:1	3125/10134	2	11795852869117260356
baseline	2	sample_p	6:0:2	-2500/5067	2	11795852869117260356
baseline	2	sample_p	6:0:3	4000/5067	2	11795852869117260356
baseline	2	sample_q	6:0:0	1280/5067	2	11795852869117260356
baseline	2	sample_q	6:0:1	512/5067	2	11795852869117260356
baseline	2	sample_q	6:0:2	-625/10134	2	11795852869117260356
baseline	2	sample_q	6:0:3	500/5067	2	11795852869117260356
baseline	2	sample_q	6:0:4	-800/5067	2	11795852869117260356
baseline	2	sample_p	6:1:0	1600/5067	2	11795852869117260357
baseline	2	sample_p	6:1:1	-2560/5067	2	11795852869117260357
baseline	2	sample_p	6:1:2	3125/10134	2	11795852869117260357
baseline	2	sample_p	6:1:3	-2500/5067	2	11795852869117260357
baseline	2	sample_q	6:1:0	-800/5067	2	11795852869117260357
baseline	2	sample_q	6:1:1	-320/5067	2	11795852869117260357
baseline	2	sample_q	6:1:2	512/5067	2	11795852869117260357
baseline	2	sample_q	6:1:3	-625/10134	2	11795852869117260357
baseline	2	sample_q	6:1:4	500/5067	2	11795852869117260357
baseline	2	sample_p	6:2:0	-1000/5067	2	11795852869117260358
baseline	2	sample_p	6:2:1	1600/5067	2	11795852869117260358
baseline	2	sample_p	6:2:2	-2560/5067	2	11795852869117260358
baseline	2	sample_p	6:2:3	3125/10134	2	11795852869117260358
baseline	2	sample_q	6:2:0	500/5067	2	11795852869117260358
baseline	2	sample_q	6:2:1	200/5067	2	11795852869117260358
baseline	2	sample_q	6:2:2	-320/5067	2	11795852869117260358
baseline	2	sample_q	6:2:3	512/5067	2	11795852869117260358
baseline	2	sample_q	6:2:4	-625/10134	2	11795852869117260358
baseline	2	sample_p	6:3:0	625/5067	2	11795852869117260359
baseline	2	sample_p	6:3:1	-1000/5067	2	11795852869117260359
baseline	2	sample_p	6:3:2	1600/5067	2	11795852869117260359
baseline	2	sample_p	6:3:3	-2560/5067	2	11795852869117260359
baseline	2	sample_q	6:3:0	-625/10134	2	11795852869117260359
baseline	2	sample_q	6:3:1	-125/5067	2	11795852869117260359
baseline	2	sample_q	6:3:2	200/5067	2	11795852869117260359
baseline	2	sample_q	6:3:3	-320/5067	2	11795852869117260359
baseline	2	sample_q	6:3:4	512/5067	2	11795852869117260359
baseline	2	sample_p	7:0:0	-12960/59083	3	11795852869117260357
baseline	2	sample_p	7:0:1	3125/118166	3	11795852869117260357
baseline	2	sample_p	7:0:2	-3750/59083	3	11795852869117260357
baseline	2	sample_p	7:0:3	9000/59083	3	11795852869117260357
baseline	2	sample_q	7:0:0	4320/59083	3	11795852869117260357
baseline	2	sample_q	7:0:1	2592/59083	3	11795852869117260357
baseline	2	sample_q	7:0:2	-625/118166	3	11795852869117260357
baseline	2	sample_q	7:0:3	750/59083	3	11795852869117260357
baseline	2	sample_q	7:0:4	-1800/59083	3	11795852869117260357
baseline	2	sample_p	7:1:0	5400/59083	3	11795852869117260358
baseline	2	sample_p	7:1:1	-12960/59083	3	11795852869117260358
baseline	2	sample_p	7:1:2	3125/118166	3	11795852869117260358
baseline	2	sample_p	7:1:3	-3750/59083	3	11795852869117260358
baseline	2	sample_q	7:1:0	-1800/59083	3	11795852869117260358
baseline	2	sample_q	7:1:1	-1080/59083	3	11795852869117260358
baseline	2	sample_q	7:1:2	2592/59083	3	11795852869117260358
baseline	2	sample_q	7:1:3	-625/118166	3	11795852869117260358
baseline	2	sample_q	7:1:4	750/59083	3	11795852869117260358
baseline	2	sample_p	7:2:0	-2250/59083	3	11795852869117260359
baseline	2	sample_p	7:2:1	5400/59083	3	11795852869117260359
baseline	2	sample_p	7:2:2	-12960/59083	3	11795852869117260359
baseline	2	sample_p	7:2:3	3125/118166	3	11795852869117260359
baseline	2	sample_q	7:2:0	750/59083	3	11795852869117260359
baseline	2	sample_q	7:2:1	450/59083	3	11795852869117260359
baseline	2	sample_q	7:2:2	-1080/59083	3	11795852869117260359
baseline	2	sample_q	7:2:3	2592/59083	3	11795852869117260359
baseline	2	sample_q	7:2:4	-625/118166	3	11795852869117260359
baseline	2	sample_p	7:3:0	1875/118166	3	11795852869117260360
baseline	2	sample_p	7:3:1	-2250/59083	3	11795852869117260360
baseline	2	sample_p	7:3:2	5400/59083	3	11795852869117260360
baseline	2	sample_p	7:3:3	-12960/59083	3	11795852869117260360
baseline	2	sample_q	7:3:0	-625/118166	3	11795852869117260360
baseline	2	sample_q	7:3:1	-375/118166	3	11795852869117260360
baseline	2	sample_q	7:3:2	450/59083	3	11795852869117260360
baseline	2	sample_q	7:3:3	-1080/59083	3	11795852869117260360
baseline	2	sample_q	7:3:4	2592/59083	3	11795852869117260360
baseline	2	sample_p	8:0:0	-40960/259019	4	11795852869117260358
baseline	2	sample_p	8:0:1	3125/518038	4	11795852869117260358
baseline	2	sample_p	8:0:2	-5000/259019	4	11795852869117260358
baseline	2	sample_p	8:0:3	16000/259019	4	11795852869117260358
baseline	2	sample_q	8:0:0	10240/259019	4	11795852869117260358
baseline	2	sample_q	8:0:1	8192/259019	4	11795852869117260358
baseline	2	sample_q	8:0:2	-625/518038	4	11795852869117260358
baseline	2	sample_q	8:0:3	1000/259019	4	11795852869117260358
baseline	2	sample_q	8:0:4	-3200/259019	4	11795852869117260358
baseline	2	sample_p	8:1:0	12800/259019	4	11795852869117260359
baseline	2	sample_p	8:1:1	-40960/259019	4	11795852869117260359
baseline	2	sample_p	8:1:2	3125/518038	4	11795852869117260359
baseline	2	sample_p	8:1:3	-5000/259019	4	11795852869117260359
baseline	2	sample_q	8:1:0	-3200/259019	4	11795852869117260359
baseline	2	sample_q	8:1:1	-2560/259019	4	11795852869117260359
baseline	2	sample_q	8:1:2	8192/259019	4	11795852869117260359
baseline	2	sample_q	8:1:3	-625/518038	4	11795852869117260359
baseline	2	sample_q	8:1:4	1000/259019	4	11795852869117260359
baseline	2	sample_p	8:2:0	-4000/259019	4	11795852869117260360
baseline	2	sample_p	8:2:1	12800/259019	4	11795852869117260360
baseline	2	sample_p	8:2:2	-40960/259019	4	11795852869117260360
baseline	2	sample_p	8:2:3	3125/518038	4	11795852869117260360
baseline	2	sample_q	8:2:0	1000/259019	4	11795852869117260360
baseline	2	sample_q	8:2:1	800/259019	4	11795852869117260360
baseline	2	sample_q	8:2:2	-2560/259019	4	11795852869117260360
baseline	2	sample_q	8:2:3	8192/259019	4	11795852869117260360
baseline	2	sample_q	8:2:4	-625/518038	4	11795852869117260360
baseline	2	sample_p	8:3:0	1250/259019	4	11795852869117260361
baseline	2	sample_p	8:3:1	-4000/259019	4	11795852869117260361
baseline	2	sample_p	8:3:2	12800/259019	4	11795852869117260361
baseline	2	sample_p	8:3:3	-40960/259019	4	11795852869117260361
baseline	2	sample_q	8:3:0	-625/518038	4	11795852869117260361
baseline	2	sample_q	8:3:1	-250/259019	4	11795852869117260361
baseline	2	sample_q	8:3:2	800/259019	4	11795852869117260361
baseline	2	sample_q	8:3:3	-2560/259019	4	11795852869117260361
baseline	2	sample_q	8:3:4	8192/259019	4	11795852869117260361
baseline	2	sample_p	9:0:0	-32/255	5	11795852869117260414
baseline	2	sample_p	9:0:1	1/510	5	11795852869117260414
baseline	2	sample_p	9:0:2	-2/255	5	11795852869117260414
baseline	2	sample_p	9:0:3	8/255	5	11795852869117260414
baseline	2	sample_q	9:0:0	32/1275	5	11795852869117260414
baseline	2	sample_q	9:0:1	32/1275	5	11795852869117260414
baseline	2	sample_q	9:0:2	-1/2550	5	11795852869117260414
baseline	2	sample_q	9:0:3	2/1275	5	11795852869117260414
baseline	2	sample_q	9:0:4	-8/1275	5	11795852869117260414
baseline	2	sample_p	9:1:0	8/255	5	11795852869117260414
baseline	2	sample_p	9:1:1	-32/255	5	11795852869117260414
baseline	2	sample_p	9:1:2	1/510	5	11795852869117260414
baseline	2	sample_p	9:1:3	-2/255	5	11795852869117260414
baseline	2	sample_q	9:1:0	-8/1275	5	11795852869117260414
baseline	2	sample_q	9:1:1	-8/1275	5	11795852869117260414
baseline	2	sample_q	9:1:2	32/1275	5	11795852869117260414
baseline	2	sample_q	9:1:3	-1/2550	5	11795852869117260414
baseline	2	sample_q	9:1:4	2/1275	5	11795852869117260414
baseline	2	sample_p	9:2:0	-2/255	5	11795852869117260414
baseline	2	sample_p	9:2:1	8/255	5	11795852869117260414
baseline	2	sample_p	9:2:2	-32/255	5	11795852869117260414
baseline	2	sample_p	9:2:3	1/510	5	11795852869117260414
baseline	2	sample_q	9:2:0	2/1275	5	11795852869117260414
baseline	2	sample_q	9:2:1	2/1275	5	11795852869117260414
baseline	2	sample_q	9:2:2	-8/1275	5	11795852869117260414
baseline	2	sample_q	9:2:3	32/1275	5	11795852869117260414
baseline	2	sample_q	9:2:4	-1/2550	5	11795852869117260414
baseline	2	sample_p	9:3:0	1/510	5	11795852869117260414
baseline	2	sample_p	9:3:1	-2/255	5	11795852869117260414
baseline	2	sample_p	9:3:2	8/255	5	11795852869117260414
baseline	2	sample_p	9:3:3	-32/255	5	11795852869117260414
baseline	2	sample_q	9:3:0	-1/2550	5	11795852869117260414
baseline	2	sample_q	9:3:1	-1/2550	5	11795852869117260414
baseline	2	sample_q	9:3:2	2/1275	5	11795852869117260414
baseline	2	sample_q	9:3:3	-8/1275	5	11795852869117260414
baseline	2	sample_q	9:3:4	32/1275	5	11795852869117260414
baseline	2	sample_p	10:0:0	-207360/1987531	6	11795852869117260415
baseline	2	sample_p	10:0:1	3125/3975062	6	11795852869117260415
baseline	2	sample_p	10:0:2	-7500/1987531	6	11795852869117260415
baseline	2	sample_p	10:0:3	36000/1987531	6	11795852869117260415
baseline	2	sample_q	10:0:0	34560/1987531	6	11795852869117260415
baseline	2	sample_q	10:0:1	41472/1987531	6	11795852869117260415
baseline	2	sample_q	10:0:2	-625/3975062	6	11795852869117260415
baseline	2	sample_q	10:0:3	1500/1987531	6	11795852869117260415
baseline	2	sample_q	10:0:4	-7200/1987531	6	11795852869117260415
baseline	2	sample_p	10:1:0	43200/1987531	6	11795852869117260415
baseline	2	sample_p	10:1:1	-207360/1987531	6	11795852869117260415
baseline	2	sample_p	10:1:2	3125/3975062	6	11795852869117260415
baseline	2	sample_p	10:1:3	-7500/1987531	6	11795852869117260415
baseline	2	sample_q	10:1:0	-7200/1987531	6	11795852869117260415
baseline	2	sample_q	10:1:1	-8640/1987531	6	11795852869117260415
baseline	2	sample_q	10:1:2	41472/1987531	6	11795852869117260415
baseline	2	sample_q	10:1:3	-625/3975062	6	11795852869117260415
baseline	2	sample_q	10:1:4	1500/1987531	6	11795852869117260415
baseline	2	sample_p	10:2:0	-9000/1987531	6	11795852869117260415
baseline	2	sample_p	10:2:1	43200/1987531	6	11795852869117260415
baseline	2	sample_p	10:2:2	-207360/1987531	6	11795852869117260415
baseline	2	sample_p	10:2:3	3125/3975062	6	11795852869117260415
baseline	2	sample_q	10:2:0	1500/1987531	6	11795852869117260415
baseline	2	sample_q	10:2:1	1800/1987531	6	11795852869117260415
baseline	2	sample_q	10:2:2	-8640/1987531	6	11795852869117260415
baseline	2	sample_q	10:2:3	41472/1987531	6	11795852869117260415
baseline	2	sample_q	10:2:4	-625/3975062	6	11795852869117260415
baseline	2	sample_p	10:3:0	1875/1987531	6	11795852869117260415
baseline	2	sample_p	10:3:1	-9000/1987531	6	11795852869117260415
baseline	2	sample_p	10:3:2	43200/1987531	6	11795852869117260415
baseline	2	sample_p	10:3:3	-207360/1987531	6	11795852869117260415
baseline	2	sample_q	10:3:0	-625/3975062	6	11795852869117260415
baseline	2	sample_q	10:3:1	-375/1987531	6	11795852869117260415
baseline	2	sample_q	10:3:2	1800/1987531	6	11795852869117260415
baseline	2	sample_q	10:3:3	-8640/1987531	6	11795852869117260415
baseline	2	sample_q	10:3:4	41472/1987531	6	11795852869117260415
baseline	2	reduction_p	0	0	0	1
baseline	2	reduction_p	0	1	0	1
baseline	2	reduction_p	0	2	0	1
baseline	2	reduction_p	0	3	0	1
baseline	2	reduction_p	0	4	320	1
baseline	2	reduction_p	1	0	-3125	1
baseline	2	reduction_p	2	0	0	1
baseline	2	reduction_p	2	1	2500	1
baseline	2	reduction_p	3	0	0	1
baseline	2	reduction_p	3	1	0	1
baseline	2	reduction_p	3	2	-2000	1
baseline	2	reduction_q	0	0	0	1
baseline	2	reduction_q	0	1	0	1
baseline	2	reduction_q	0	2	0	1
baseline	2	reduction_q	0	3	-320	1
baseline	2	reduction_q	1	0	0	1
baseline	2	reduction_q	1	1	0	1
baseline	2	reduction_q	1	2	0	1
baseline	2	reduction_q	1	3	0	1
baseline	2	reduction_q	1	4	-64	1
baseline	2	reduction_q	2	0	625	1
baseline	2	reduction_q	3	0	0	1
baseline	2	reduction_q	3	1	-500	1
baseline	2	reduction_q	4	0	0	1
baseline	2	reduction_q	4	1	0	1
baseline	2	reduction_q	4	2	400	1
baseline	2	reduction_p	4	0	0	1
baseline	2	reduction_p	4	1	0	1
baseline	2	reduction_p	4	2	0	1
baseline	2	reduction_p	4	3	-400	1
baseline	2	reduction_p	5	0	0	1
baseline	2	reduction_p	5	1	0	1
baseline	2	reduction_p	5	2	0	1
baseline	2	reduction_p	5	3	0	1
baseline	2	reduction_p	5	4	320	1
baseline	2	reduction_p	6	0	-3125	1
baseline	2	reduction_p	7	0	0	1
baseline	2	reduction_p	7	1	2500	1
baseline	2	reduction_q	5	0	0	1
baseline	2	reduction_q	5	1	0	1
baseline	2	reduction_q	5	2	400	1
baseline	2	reduction_q	6	0	0	1
baseline	2	reduction_q	6	1	0	1
baseline	2	reduction_q	6	2	0	1
baseline	2	reduction_q	6	3	80	1
baseline	2	reduction_q	7	0	0	1
baseline	2	reduction_q	7	1	0	1
baseline	2	reduction_q	7	2	0	1
baseline	2	reduction_q	7	3	0	1
baseline	2	reduction_q	7	4	-64	1
baseline	2	reduction_q	8	0	625	1
baseline	2	reduction_q	9	0	0	1
baseline	2	reduction_q	9	1	-500	1
baseline	2	reduction_p	8	0	0	1
baseline	2	reduction_p	8	1	0	1
baseline	2	reduction_p	8	2	500	1
baseline	2	reduction_p	9	0	0	1
baseline	2	reduction_p	9	1	0	1
baseline	2	reduction_p	9	2	0	1
baseline	2	reduction_p	9	3	-400	1
baseline	2	reduction_p	10	0	0	1
baseline	2	reduction_p	10	1	0	1
baseline	2	reduction_p	10	2	0	1
baseline	2	reduction_p	10	3	0	1
baseline	2	reduction_p	10	4	320	1
baseline	2	reduction_p	11	0	-3125	1
baseline	2	reduction_q	10	0	0	1
baseline	2	reduction_q	10	1	-500	1
baseline	2	reduction_q	11	0	0	1
baseline	2	reduction_q	11	1	0	1
baseline	2	reduction_q	11	2	-100	1
baseline	2	reduction_q	12	0	0	1
baseline	2	reduction_q	12	1	0	1
baseline	2	reduction_q	12	2	0	1
baseline	2	reduction_q	12	3	80	1
baseline	2	reduction_q	13	0	0	1
baseline	2	reduction_q	13	1	0	1
baseline	2	reduction_q	13	2	0	1
baseline	2	reduction_q	13	3	0	1
baseline	2	reduction_q	13	4	-64	1
baseline	2	reduction_q	14	0	625	1
baseline	2	reduction_p	12	0	0	1
baseline	2	reduction_p	12	1	-625	1
baseline	2	reduction_p	13	0	0	1
baseline	2	reduction_p	13	1	0	1
baseline	2	reduction_p	13	2	500	1
baseline	2	reduction_p	14	0	0	1
baseline	2	reduction_p	14	1	0	1
baseline	2	reduction_p	14	2	0	1
baseline	2	reduction_p	14	3	-400	1
baseline	2	reduction_p	15	0	0	1
baseline	2	reduction_p	15	1	0	1
baseline	2	reduction_p	15	2	0	1
baseline	2	reduction_p	15	3	0	1
baseline	2	reduction_p	15	4	320	1
baseline	2	reduction_q	15	0	625	1
baseline	2	reduction_q	16	0	0	1
baseline	2	reduction_q	16	1	125	1
baseline	2	reduction_q	17	0	0	1
baseline	2	reduction_q	17	1	0	1
baseline	2	reduction_q	17	2	-100	1
baseline	2	reduction_q	18	0	0	1
baseline	2	reduction_q	18	1	0	1
baseline	2	reduction_q	18	2	0	1
baseline	2	reduction_q	18	3	80	1
baseline	2	reduction_q	19	0	0	1
baseline	2	reduction_q	19	1	0	1
baseline	2	reduction_q	19	2	0	1
baseline	2	reduction_q	19	3	0	1
baseline	2	reduction_q	19	4	-64	1
baseline	2	connection	0	0	0	1
baseline	2	connection	0	1	0	1
baseline	2	connection	0	2	0	1
baseline	2	connection	0	3	0	1
baseline	2	connection	0	4	192	1
baseline	2	connection	1	0	-625	1
baseline	2	connection	2	0	0	1
baseline	2	connection	2	1	-500	1
baseline	2	connection	3	0	0	1
baseline	2	connection	3	1	0	1
baseline	2	connection	3	2	1200	1
baseline	2	connection	4	0	0	1
baseline	2	connection	4	1	0	1
baseline	2	connection	4	2	0	1
baseline	2	connection	4	3	-240	1
baseline	2	connection	5	0	0	1
baseline	2	connection	5	1	0	1
baseline	2	connection	5	2	0	1
baseline	2	connection	5	3	0	1
baseline	2	connection	5	4	64	1
baseline	2	connection	6	0	625	1
baseline	2	connection	7	0	0	1
baseline	2	connection	7	1	-1500	1
baseline	2	connection	8	0	0	1
baseline	2	connection	8	1	0	1
baseline	2	connection	8	2	300	1
baseline	2	connection	9	0	0	1
baseline	2	connection	9	1	0	1
baseline	2	connection	9	2	0	1
baseline	2	connection	9	3	-80	1
baseline	2	connection	10	0	0	1
baseline	2	connection	10	1	0	1
baseline	2	connection	10	2	0	1
baseline	2	connection	10	3	0	1
baseline	2	connection	10	4	-64	1
baseline	2	connection	11	0	1875	1
baseline	2	connection	12	0	0	1
baseline	2	connection	12	1	-375	1
baseline	2	connection	13	0	0	1
baseline	2	connection	13	1	0	1
baseline	2	connection	13	2	100	1
baseline	2	connection	14	0	0	1
baseline	2	connection	14	1	0	1
baseline	2	connection	14	2	0	1
baseline	2	connection	14	3	80	1
baseline	2	connection	15	0	0	1
baseline	2	connection	15	1	0	1
baseline	2	connection	15	2	0	1
baseline	2	connection	15	3	0	1
baseline	2	connection	15	4	-192	1
baseline	2	scalar	0	0	0	1
baseline	2	scalar	0	1	-29601	1
baseline	2	scalar	1	0	0	1
baseline	2	scalar	1	1	0	1
baseline	2	scalar	1	2	-264000	1
baseline	2	scalar	2	0	0	1
baseline	2	scalar	2	1	0	1
baseline	2	scalar	2	2	0	1
baseline	2	scalar	2	3	-247680	1
baseline	2	scalar	3	0	0	1
baseline	2	scalar	3	1	0	1
baseline	2	scalar	3	2	0	1
baseline	2	scalar	3	3	0	1
baseline	2	scalar	3	4	-61440	1
baseline	2	scalar	4	0	50000	1
baseline	2	scalar	4	1	0	1
baseline	2	scalar	4	2	0	1
baseline	2	scalar	4	3	0	1
baseline	2	scalar	4	4	0	1
baseline	2	scalar	4	5	-4096	1
baseline	2	indicial	finite:0	0	exact	11795852869117260670
baseline	2	indicial	infinity:0	29601	exact	11795852869117260670
baseline	2	indicial	finite:1	0	exact	11795852869117260670
baseline	2	indicial	infinity:1	114624	exact	11795852869117260670
baseline	2	indicial	finite:2	2	exact	11795852869117260670
baseline	2	indicial	infinity:2	108416	exact	11795852869117260670
baseline	2	indicial	finite:3	-3	exact	11795852869117260670
baseline	2	indicial	infinity:3	36864	exact	11795852869117260670
baseline	2	indicial	finite:4	1	exact	11795852869117260670
baseline	2	indicial	infinity:4	4096	exact	11795852869117260670
baseline	2	series	0:0	1/1	local	11795852869117260606
baseline	2	series	0:1	0/1	local	11795852869117260606
baseline	2	series	0:2	0/1	local	11795852869117260606
baseline	2	series	0:3	0/1	local	11795852869117260606
baseline	2	series	0:4	0/1	local	11795852869117260606
baseline	2	series	0:5	9867/2000000	local	11795852869117260606
baseline	2	series	0:6	0/1	local	11795852869117260606
baseline	2	series	0:7	0/1	local	11795852869117260606
baseline	2	series	0:8	0/1	local	11795852869117260606
baseline	2	series	0:9	0/1	local	11795852869117260606
baseline	2	series	0:10	1641543189/8000000000000	local	11795852869117260606
baseline	2	series	1:0	0/1	local	11795852869117260606
baseline	2	series	1:1	1/1	local	11795852869117260606
baseline	2	series	1:2	0/1	local	11795852869117260606
baseline	2	series	1:3	0/1	local	11795852869117260606
baseline	2	series	1:4	0/1	local	11795852869117260606
baseline	2	series	1:5	0/1	local	11795852869117260606
baseline	2	series	1:6	97867/6000000	local	11795852869117260606
baseline	2	series	1:7	0/1	local	11795852869117260606
baseline	2	series	1:8	0/1	local	11795852869117260606
baseline	2	series	1:9	0/1	local	11795852869117260606
baseline	2	series	1:10	0/1	local	11795852869117260606
baseline	2	series	2:0	0/1	local	11795852869117260606
baseline	2	series	2:1	0/1	local	11795852869117260606
baseline	2	series	2:2	1/1	local	11795852869117260606
baseline	2	series	2:3	0/1	local	11795852869117260606
baseline	2	series	2:4	0/1	local	11795852869117260606
baseline	2	series	2:5	0/1	local	11795852869117260606
baseline	2	series	2:6	0/1	local	11795852869117260606
baseline	2	series	2:7	50141/2000000	local	11795852869117260606
baseline	2	series	2:8	0/1	local	11795852869117260606
baseline	2	series	2:9	0/1	local	11795852869117260606
baseline	2	series	2:10	0/1	local	11795852869117260606
baseline	2	series	3:0	0/1	local	11795852869117260606
baseline	2	series	3:1	0/1	local	11795852869117260606
baseline	2	series	3:2	0/1	local	11795852869117260606
baseline	2	series	3:3	1/1	local	11795852869117260606
baseline	2	series	3:4	0/1	local	11795852869117260606
baseline	2	series	3:5	0/1	local	11795852869117260606
baseline	2	series	3:6	0/1	local	11795852869117260606
baseline	2	series	3:7	0/1	local	11795852869117260606
baseline	2	series	3:8	892107/28000000	local	11795852869117260606
baseline	2	series	3:9	0/1	local	11795852869117260606
baseline	2	series	3:10	0/1	local	11795852869117260606
baseline	2	residue	0:0:0	-3/40	4a5=-1	11795852869117260734
baseline	2	residue	0:0:1	0/1	4a5=-1	11795852869117260734
baseline	2	residue	0:0:2	0/1	4a5=-1	11795852869117260734
baseline	2	residue	0:0:3	0/1	4a5=-1	11795852869117260734
baseline	2	residue	0:0:4	0/1	4a5=-1	11795852869117260734
baseline	2	residue	0:1:0	0/1	4a5=-1	11795852869117260734
baseline	2	residue	0:1:1	0/1	4a5=-1	11795852869117260734
baseline	2	residue	0:1:2	0/1	4a5=-1	11795852869117260734
baseline	2	residue	0:1:3	0/1	4a5=-1	11795852869117260734
baseline	2	residue	0:1:4	1/10	4a5=-1	11795852869117260734
baseline	2	residue	0:2:0	0/1	4a5=-1	11795852869117260734
baseline	2	residue	0:2:1	0/1	4a5=-1	11795852869117260734
baseline	2	residue	0:2:2	0/1	4a5=-1	11795852869117260734
baseline	2	residue	0:2:3	-1/10	4a5=-1	11795852869117260734
baseline	2	residue	0:2:4	0/1	4a5=-1	11795852869117260734
baseline	2	residue	0:3:0	0/1	4a5=-1	11795852869117260734
baseline	2	residue	0:3:1	0/1	4a5=-1	11795852869117260734
baseline	2	residue	0:3:2	-3/10	4a5=-1	11795852869117260734
baseline	2	residue	0:3:3	0/1	4a5=-1	11795852869117260734
baseline	2	residue	0:3:4	0/1	4a5=-1	11795852869117260734
baseline	2	residue	1:0:0	0/1	4a5=-1	11795852869117260734
baseline	2	residue	1:0:1	-3/40	4a5=-1	11795852869117260734
baseline	2	residue	1:0:2	0/1	4a5=-1	11795852869117260734
baseline	2	residue	1:0:3	0/1	4a5=-1	11795852869117260734
baseline	2	residue	1:0:4	0/1	4a5=-1	11795852869117260734
baseline	2	residue	1:1:0	-1/40	4a5=-1	11795852869117260734
baseline	2	residue	1:1:1	0/1	4a5=-1	11795852869117260734
baseline	2	residue	1:1:2	0/1	4a5=-1	11795852869117260734
baseline	2	residue	1:1:3	0/1	4a5=-1	11795852869117260734
baseline	2	residue	1:1:4	0/1	4a5=-1	11795852869117260734
baseline	2	residue	1:2:0	0/1	4a5=-1	11795852869117260734
baseline	2	residue	1:2:1	0/1	4a5=-1	11795852869117260734
baseline	2	residue	1:2:2	0/1	4a5=-1	11795852869117260734
baseline	2	residue	1:2:3	0/1	4a5=-1	11795852869117260734
baseline	2	residue	1:2:4	-1/10	4a5=-1	11795852869117260734
baseline	2	residue	1:3:0	0/1	4a5=-1	11795852869117260734
baseline	2	residue	1:3:1	0/1	4a5=-1	11795852869117260734
baseline	2	residue	1:3:2	0/1	4a5=-1	11795852869117260734
baseline	2	residue	1:3:3	-3/10	4a5=-1	11795852869117260734
baseline	2	residue	1:3:4	0/1	4a5=-1	11795852869117260734
baseline	2	residue	2:0:0	0/1	4a5=-1	11795852869117260734
baseline	2	residue	2:0:1	0/1	4a5=-1	11795852869117260734
baseline	2	residue	2:0:2	-3/40	4a5=-1	11795852869117260734
baseline	2	residue	2:0:3	0/1	4a5=-1	11795852869117260734
baseline	2	residue	2:0:4	0/1	4a5=-1	11795852869117260734
baseline	2	residue	2:1:0	0/1	4a5=-1	11795852869117260734
baseline	2	residue	2:1:1	-1/40	4a5=-1	11795852869117260734
baseline	2	residue	2:1:2	0/1	4a5=-1	11795852869117260734
baseline	2	residue	2:1:3	0/1	4a5=-1	11795852869117260734
baseline	2	residue	2:1:4	0/1	4a5=-1	11795852869117260734
baseline	2	residue	2:2:0	1/40	4a5=-1	11795852869117260734
baseline	2	residue	2:2:1	0/1	4a5=-1	11795852869117260734
baseline	2	residue	2:2:2	0/1	4a5=-1	11795852869117260734
baseline	2	residue	2:2:3	0/1	4a5=-1	11795852869117260734
baseline	2	residue	2:2:4	0/1	4a5=-1	11795852869117260734
baseline	2	residue	2:3:0	0/1	4a5=-1	11795852869117260734
baseline	2	residue	2:3:1	0/1	4a5=-1	11795852869117260734
baseline	2	residue	2:3:2	0/1	4a5=-1	11795852869117260734
baseline	2	residue	2:3:3	0/1	4a5=-1	11795852869117260734
baseline	2	residue	2:3:4	-3/10	4a5=-1	11795852869117260734
baseline	2	residue	3:0:0	0/1	4a5=-1	11795852869117260734
baseline	2	residue	3:0:1	0/1	4a5=-1	11795852869117260734
baseline	2	residue	3:0:2	0/1	4a5=-1	11795852869117260734
baseline	2	residue	3:0:3	-3/40	4a5=-1	11795852869117260734
baseline	2	residue	3:0:4	0/1	4a5=-1	11795852869117260734
baseline	2	residue	3:1:0	0/1	4a5=-1	11795852869117260734
baseline	2	residue	3:1:1	0/1	4a5=-1	11795852869117260734
baseline	2	residue	3:1:2	-1/40	4a5=-1	11795852869117260734
baseline	2	residue	3:1:3	0/1	4a5=-1	11795852869117260734
baseline	2	residue	3:1:4	0/1	4a5=-1	11795852869117260734
baseline	2	residue	3:2:0	0/1	4a5=-1	11795852869117260734
baseline	2	residue	3:2:1	1/40	4a5=-1	11795852869117260734
baseline	2	residue	3:2:2	0/1	4a5=-1	11795852869117260734
baseline	2	residue	3:2:3	0/1	4a5=-1	11795852869117260734
baseline	2	residue	3:2:4	0/1	4a5=-1	11795852869117260734
baseline	2	residue	3:3:0	3/40	4a5=-1	11795852869117260734
baseline	2	residue	3:3:1	0/1	4a5=-1	11795852869117260734
baseline	2	residue	3:3:2	0/1	4a5=-1	11795852869117260734
baseline	2	residue	3:3:3	0/1	4a5=-1	11795852869117260734
baseline	2	residue	3:3:4	0/1	4a5=-1	11795852869117260734
baseline	2	local_module	0	generic_cotangent_rank:1,singular_cotangent_rank:2,hessian_unit:1	syzygy:1	11795852869117260223
changed	0	term	0	1	0,0,2	11795852869117260156
changed	0	term	1	-1	0,5,0	11795852869117260156
changed	0	term	2	1	1,1,0	11795852869117260156
changed	0	term	3	-2	0,0,0	11795852869117260156
changed	0	partial	0:0	1	0,1,0	11795852869117260156
changed	0	partial	1:0	-5	0,4,0	11795852869117260157
changed	0	partial	1:1	1	1,0,0	11795852869117260157
changed	0	partial	2:0	2	0,0,1	11795852869117260158
changed	0	ideal_basis	0	1	0,0,1	11795852869117260221
changed	0	ideal_basis	1	1	1,0,0	11795852869117260221
changed	0	ideal_basis	1	-5	0,4,0	11795852869117260221
changed	0	ideal_basis	2	4	0,5,0	11795852869117260221
changed	0	ideal_basis	2	-2	0,0,0	11795852869117260221
changed	0	reduction	0	2	0,1,0	11795852869117260229
changed	0	reduction	1	1	1,2,1	11795852869117260230
changed	0	reduction	2	1	2,0,2	11795852869117260231
changed	0	reduction	3	1	0,1,3	11795852869117260232
changed	0	reduction	4	1	1,2,4	11795852869117260233
changed	0	reduction	5	1	2,0,5	11795852869117260234
changed	0	resultant	0	0	50000	1
changed	0	resultant	0	1	0	1
changed	0	resultant	0	2	0	1
changed	0	resultant	0	3	0	1
changed	0	resultant	0	4	0	1
changed	0	resultant	0	5	-256	1
changed	0	resultant_sample	0	312144	1	11795852869117260221
changed	0	resultant_sample	1	112208	1	11795852869117260221
changed	0	resultant_sample	2	58192	1	11795852869117260221
changed	0	resultant_sample	3	50256	1	11795852869117260221
changed	0	resultant_sample	4	50000	1	11795852869117260221
changed	0	resultant_sample	5	49744	1	11795852869117260221
changed	0	resultant_sample	6	41808	1	11795852869117260221
changed	0	resultant_sample	7	-12208	1	11795852869117260221
changed	0	resultant_sample	8	-212144	1	11795852869117260221
changed	0	bezout_f	0	0	25000	1
changed	0	bezout_f	1	0	0	1
changed	0	bezout_f	1	1	10000	1
changed	0	bezout_f	2	0	0	1
changed	0	bezout_f	2	1	0	1
changed	0	bezout_f	2	2	4000	1
changed	0	bezout_f	3	0	0	1
changed	0	bezout_f	3	1	0	1
changed	0	bezout_f	3	2	0	1
changed	0	bezout_f	3	3	1600	1
changed	0	bezout_fx	0	0	0	1
changed	0	bezout_fx	0	1	0	1
changed	0	bezout_fx	0	2	0	1
changed	0	bezout_fx	0	3	0	1
changed	0	bezout_fx	0	4	256	1
changed	0	bezout_fx	1	0	-5000	1
changed	0	bezout_fx	2	0	0	1
changed	0	bezout_fx	2	1	-2000	1
changed	0	bezout_fx	3	0	0	1
changed	0	bezout_fx	3	1	0	1
changed	0	bezout_fx	3	2	-800	1
changed	0	bezout_fx	4	0	0	1
changed	0	bezout_fx	4	1	0	1
changed	0	bezout_fx	4	2	0	1
changed	0	bezout_fx	4	3	-320	1
changed	0	sample_p	0:0:0	2560/19509	-4	11795852869117260348
changed	0	sample_p	0:0:1	3125/78036	-4	11795852869117260348
changed	0	sample_p	0:0:2	-1250/19509	-4	11795852869117260348
changed	0	sample_p	0:0:3	2000/19509	-4	11795852869117260348
changed	0	sample_q	0:0:0	-1280/19509	-4	11795852869117260348
changed	0	sample_q	0:0:1	-512/19509	-4	11795852869117260348
changed	0	sample_q	0:0:2	-625/78036	-4	11795852869117260348
changed	0	sample_q	0:0:3	250/19509	-4	11795852869117260348
changed	0	sample_q	0:0:4	-400/19509	-4	11795852869117260348
changed	0	sample_p	0:1:0	-1600/19509	-4	11795852869117260349
changed	0	sample_p	0:1:1	2560/19509	-4	11795852869117260349
changed	0	sample_p	0:1:2	3125/78036	-4	11795852869117260349
changed	0	sample_p	0:1:3	-1250/19509	-4	11795852869117260349
changed	0	sample_q	0:1:0	800/19509	-4	11795852869117260349
changed	0	sample_q	0:1:1	320/19509	-4	11795852869117260349
changed	0	sample_q	0:1:2	-512/19509	-4	11795852869117260349
changed	0	sample_q	0:1:3	-625/78036	-4	11795852869117260349
changed	0	sample_q	0:1:4	250/19509	-4	11795852869117260349
changed	0	sample_p	0:2:0	1000/19509	-4	11795852869117260350
changed	0	sample_p	0:2:1	-1600/19509	-4	11795852869117260350
changed	0	sample_p	0:2:2	2560/19509	-4	11795852869117260350
changed	0	sample_p	0:2:3	3125/78036	-4	11795852869117260350
changed	0	sample_q	0:2:0	-500/19509	-4	11795852869117260350
changed	0	sample_q	0:2:1	-200/19509	-4	11795852869117260350
changed	0	sample_q	0:2:2	320/19509	-4	11795852869117260350
changed	0	sample_q	0:2:3	-512/19509	-4	11795852869117260350
changed	0	sample_q	0:2:4	-625/78036	-4	11795852869117260350
changed	0	sample_p	0:3:0	-625/19509	-4	11795852869117260351
changed	0	sample_p	0:3:1	1000/19509	-4	11795852869117260351
changed	0	sample_p	0:3:2	-1600/19509	-4	11795852869117260351
changed	0	sample_p	0:3:3	2560/19509	-4	11795852869117260351
changed	0	sample_q	0:3:0	625/39018	-4	11795852869117260351
changed	0	sample_q	0:3:1	125/19509	-4	11795852869117260351
changed	0	sample_q	0:3:2	-200/19509	-4	11795852869117260351
changed	0	sample_q	0:3:3	320/19509	-4	11795852869117260351
changed	0	sample_q	0:3:4	-512/19509	-4	11795852869117260351
changed	0	sample_p	1:0:0	810/7013	-3	11795852869117260349
changed	0	sample_p	1:0:1	3125/28052	-3	11795852869117260349
changed	0	sample_p	1:0:2	-1875/14026	-3	11795852869117260349
changed	0	sample_p	1:0:3	1125/7013	-3	11795852869117260349
changed	0	sample_q	1:0:0	-540/7013	-3	11795852869117260349
changed	0	sample_q	1:0:1	-162/7013	-3	11795852869117260349
changed	0	sample_q	1:0:2	-625/28052	-3	11795852869117260349
changed	0	sample_q	1:0:3	375/14026	-3	11795852869117260349
changed	0	sample_q	1:0:4	-225/7013	-3	11795852869117260349
changed	0	sample_p	1:1:0	-675/7013	-3	11795852869117260350
changed	0	sample_p	1:1:1	810/7013	-3	11795852869117260350
changed	0	sample_p	1:1:2	3125/28052	-3	11795852869117260350
changed	0	sample_p	1:1:3	-1875/14026	-3	11795852869117260350
changed	0	sample_q	1:1:0	450/7013	-3	11795852869117260350
changed	0	sample_q	1:1:1	135/7013	-3	11795852869117260350
changed	0	sample_q	1:1:2	-162/7013	-3	11795852869117260350
changed	0	sample_q	1:1:3	-625/28052	-3	11795852869117260350
changed	0	sample_q	1:1:4	375/14026	-3	11795852869117260350
changed	0	sample_p	1:2:0	1125/14026	-3	11795852869117260351
changed	0	sample_p	1:2:1	-675/7013	-3	11795852869117260351
changed	0	sample_p	1:2:2	810/7013	-3	11795852869117260351
changed	0	sample_p	1:2:3	3125/28052	-3	11795852869117260351
changed	0	sample_q	1:2:0	-375/7013	-3	11795852869117260351
changed	0	sample_q	1:2:1	-225/14026	-3	11795852869117260351
changed	0	sample_q	1:2:2	135/7013	-3	11795852869117260351
changed	0	sample_q	1:2:3	-162/7013	-3	11795852869117260351
changed	0	sample_q	1:2:4	-625/28052	-3	11795852869117260351
changed	0	sample_p	1:3:0	-1875/28052	-3	11795852869117260352
changed	0	sample_p	1:3:1	1125/14026	-3	11795852869117260352
changed	0	sample_p	1:3:2	-675/7013	-3	11795852869117260352
changed	0	sample_p	1:3:3	810/7013	-3	11795852869117260352
changed	0	sample_q	1:3:0	625/14026	-3	11795852869117260352
changed	0	sample_q	1:3:1	375/28052	-3	11795852869117260352
changed	0	sample_q	1:3:2	-225/14026	-3	11795852869117260352
changed	0	sample_q	1:3:3	135/7013	-3	11795852869117260352
changed	0	sample_q	1:3:4	-162/7013	-3	11795852869117260352
changed	0	sample_p	2:0:0	160/3637	-2	11795852869117260350
changed	0	sample_p	2:0:1	3125/14548	-2	11795852869117260350
changed	0	sample_p	2:0:2	-625/3637	-2	11795852869117260350
changed	0	sample_p	2:0:3	500/3637	-2	11795852869117260350
changed	0	sample_q	2:0:0	-160/3637	-2	11795852869117260350
changed	0	sample_q	2:0:1	-32/3637	-2	11795852869117260350
changed	0	sample_q	2:0:2	-625/14548	-2	11795852869117260350
changed	0	sample_q	2:0:3	125/3637	-2	11795852869117260350
changed	0	sample_q	2:0:4	-100/3637	-2	11795852869117260350
changed	0	sample_p	2:1:0	-200/3637	-2	11795852869117260351
changed	0	sample_p	2:1:1	160/3637	-2	11795852869117260351
changed	0	sample_p	2:1:2	3125/14548	-2	11795852869117260351
changed	0	sample_p	2:1:3	-625/3637	-2	11795852869117260351
changed	0	sample_q	2:1:0	200/3637	-2	11795852869117260351
changed	0	sample_q	2:1:1	40/3637	-2	11795852869117260351
changed	0	sample_q	2:1:2	-32/3637	-2	11795852869117260351
changed	0	sample_q	2:1:3	-625/14548	-2	11795852869117260351
changed	0	sample_q	2:1:4	125/3637	-2	11795852869117260351
changed	0	sample_p	2:2:0	250/3637	-2	11795852869117260352
changed	0	sample_p	2:2:1	-200/3637	-2	11795852869117260352
changed	0	sample_p	2:2:2	160/3637	-2	11795852869117260352
changed	0	sample_p	2:2:3	3125/14548	-2	11795852869117260352
changed	0	sample_q	2:2:0	-250/3637	-2	11795852869117260352
changed	0	sample_q	2:2:1	-50/3637	-2	11795852869117260352
changed	0	sample_q	2:2:2	40/3637	-2	11795852869117260352
changed	0	sample_q	2:2:3	-32/3637	-2	11795852869117260352
changed	0	sample_q	2:2:4	-625/14548	-2	11795852869117260352
changed	0	sample_p	2:3:0	-625/7274	-2	11795852869117260353
changed	0	sample_p	2:3:1	250/3637	-2	11795852869117260353
changed	0	sample_p	2:3:2	-200/3637	-2	11795852869117260353
changed	0	sample_p	2:3:3	160/3637	-2	11795852869117260353
changed	0	sample_q	2:3:0	625/7274	-2	11795852869117260353
changed	0	sample_q	2:3:1	125/7274	-2	11795852869117260353
changed	0	sample_q	2:3:2	-50/3637	-2	11795852869117260353
changed	0	sample_q	2:3:3	40/3637	-2	11795852869117260353
changed	0	sample_q	2:3:4	-32/3637	-2	11795852869117260353
changed	0	sample_p	3:0:0	10/3141	-1	11795852869117260351
changed	0	sample_p	3:0:1	3125/12564	-1	11795852869117260351
changed	0	sample_p	3:0:2	-625/6282	-1	11795852869117260351
changed	0	sample_p	3:0:3	125/3141	-1	11795852869117260351
changed	0	sample_q	3:0:0	-20/3141	-1	11795852869117260351
changed	0	sample_q	3:0:1	-2/3141	-1	11795852869117260351
changed	0	sample_q	3:0:2	-625/12564	-1	11795852869117260351
changed	0	sample_q	3:0:3	125/6282	-1	11795852869117260351
changed	0	sample_q	3:0:4	-25/3141	-1	11795852869117260351
changed	0	sample_p	3:1:0	-25/3141	-1	11795852869117260352
changed	0	sample_p	3:1:1	10/3141	-1	11795852869117260352
changed	0	sample_p	3:1:2	3125/12564	-1	11795852869117260352
changed	0	sample_p	3:1:3	-625/6282	-1	11795852869117260352
changed	0	sample_q	3:1:0	50/3141	-1	11795852869117260352
changed	0	sample_q	3:1:1	5/3141	-1	11795852869117260352
changed	0	sample_q	3:1:2	-2/3141	-1	11795852869117260352
changed	0	sample_q	3:1:3	-625/12564	-1	11795852869117260352
changed	0	sample_q	3:1:4	125/6282	-1	11795852869117260352
changed	0	sample_p	3:2:0	125/6282	-1	11795852869117260353
changed	0	sample_p	3:2:1	-25/3141	-1	11795852869117260353
changed	0	sample_p	3:2:2	10/3141	-1	11795852869117260353
changed	0	sample_p	3:2:3	3125/12564	-1	11795852869117260353
changed	0	sample_q	3:2:0	-125/3141	-1	11795852869117260353
changed	0	sample_q	3:2:1	-25/6282	-1	11795852869117260353
changed	0	sample_q	3:2:2	5/3141	-1	11795852869117260353
changed	0	sample_q	3:2:3	-2/3141	-1	11795852869117260353
changed	0	sample_q	3:2:4	-625/12564	-1	11795852869117260353
changed	0	sample_p	3:3:0	-625/12564	-1	11795852869117260354
changed	0	sample_p	3:3:1	125/6282	-1	11795852869117260354
changed	0	sample_p	3:3:2	-25/3141	-1	11795852869117260354
changed	0	sample_p	3:3:3	10/3141	-1	11795852869117260354
changed	0	sample_q	3:3:0	625/6282	-1	11795852869117260354
changed	0	sample_q	3:3:1	125/12564	-1	11795852869117260354
changed	0	sample_q	3:3:2	-25/6282	-1	11795852869117260354
changed	0	sample_q	3:3:3	5/3141	-1	11795852869117260354
changed	0	sample_q	3:3:4	-2/3141	-1	11795852869117260354
changed	0	sample_p	4:0:0	0/1	0	11795852869117260352
changed	0	sample_p	4:0:1	1/4	0	11795852869117260352
changed	0	sample_p	4:0:2	0/1	0	11795852869117260352
changed	0	sample_p	4:0:3	0/1	0	11795852869117260352
changed	0	sample_q	4:0:0	0/1	0	11795852869117260352
changed	0	sample_q	4:0:1	0/1	0	11795852869117260352
changed	0	sample_q	4:0:2	-1/20	0	11795852869117260352
changed	0	sample_q	4:0:3	0/1	0	11795852869117260352
changed	0	sample_q	4:0:4	0/1	0	11795852869117260352
changed	0	sample_p	4:1:0	0/1	0	11795852869117260353
changed	0	sample_p	4:1:1	0/1	0	11795852869117260353
changed	0	sample_p	4:1:2	1/4	0	11795852869117260353
changed	0	sample_p	4:1:3	0/1	0	11795852869117260353
changed	0	sample_q	4:1:0	0/1	0	11795852869117260353
changed	0	sample_q	4:1:1	0/1	0	11795852869117260353
changed	0	sample_q	4:1:2	0/1	0	11795852869117260353
changed	0	sample_q	4:1:3	-1/20	0	11795852869117260353
changed	0	sample_q	4:1:4	0/1	0	11795852869117260353
changed	0	sample_p	4:2:0	0/1	0	11795852869117260354
changed	0	sample_p	4:2:1	0/1	0	11795852869117260354
changed	0	sample_p	4:2:2	0/1	0	11795852869117260354
changed	0	sample_p	4:2:3	1/4	0	11795852869117260354
changed	0	sample_q	4:2:0	0/1	0	11795852869117260354
changed	0	sample_q	4:2:1	0/1	0	11795852869117260354
changed	0	sample_q	4:2:2	0/1	0	11795852869117260354
changed	0	sample_q	4:2:3	0/1	0	11795852869117260354
changed	0	sample_q	4:2:4	-1/20	0	11795852869117260354
changed	0	sample_p	4:3:0	0/1	0	11795852869117260355
changed	0	sample_p	4:3:1	0/1	0	11795852869117260355
changed	0	sample_p	4:3:2	0/1	0	11795852869117260355
changed	0	sample_p	4:3:3	0/1	0	11795852869117260355
changed	0	sample_q	4:3:0	1/10	0	11795852869117260355
changed	0	sample_q	4:3:1	0/1	0	11795852869117260355
changed	0	sample_q	4:3:2	0/1	0	11795852869117260355
changed	0	sample_q	4:3:3	0/1	0	11795852869117260355
changed	0	sample_q	4:3:4	0/1	0	11795852869117260355
changed	0	sample_p	5:0:0	10/3109	1	11795852869117260353
changed	0	sample_p	5:0:1	3125/12436	1	11795852869117260353
changed	0	sample_p	5:0:2	625/6218	1	11795852869117260353
changed	0	sample_p	5:0:3	125/3109	1	11795852869117260353
changed	0	sample_q	5:0:0	20/3109	1	11795852869117260353
changed	0	sample_q	5:0:1	-2/3109	1	11795852869117260353
changed	0	sample_q	5:0:2	-625/12436	1	11795852869117260353
changed	0	sample_q	5:0:3	-125/6218	1	11795852869117260353
changed	0	sample_q	5:0:4	-25/3109	1	11795852869117260353
changed	0	sample_p	5:1:0	25/3109	1	11795852869117260354
changed	0	sample_p	5:1:1	10/3109	1	11795852869117260354
changed	0	sample_p	5:1:2	3125/12436	1	11795852869117260354
changed	0	sample_p	5:1:3	625/6218	1	11795852869117260354
changed	0	sample_q	5:1:0	50/3109	1	11795852869117260354
changed	0	sample_q	5:1:1	-5/3109	1	11795852869117260354
changed	0	sample_q	5:1:2	-2/3109	1	11795852869117260354
changed	0	sample_q	5:1:3	-625/12436	1	11795852869117260354
changed	0	sample_q	5:1:4	-125/6218	1	11795852869117260354
changed	0	sample_p	5:2:0	125/6218	1	11795852869117260355
changed	0	sample_p	5:2:1	25/3109	1	11795852869117260355
changed	0	sample_p	5:2:2	10/3109	1	11795852869117260355
changed	0	sample_p	5:2:3	3125/12436	1	11795852869117260355
changed	0	sample_q	5:2:0	125/3109	1	11795852869117260355
changed	0	sample_q	5:2:1	-25/6218	1	11795852869117260355
changed	0	sample_q	5:2:2	-5/3109	1	11795852869117260355
changed	0	sample_q	5:2:3	-2/3109	1	11795852869117260355
changed	0	sample_q	5:2:4	-625/12436	1	11795852869117260355
changed	0	sample_p	5:3:0	625/12436	1	11795852869117260356
changed	0	sample_p	5:3:1	125/6218	1	11795852869117260356
changed	0	sample_p	5:3:2	25/3109	1	11795852869117260356
changed	0	sample_p	5:3:3	10/3109	1	11795852869117260356
changed	0	sample_q	5:3:0	625/6218	1	11795852869117260356
changed	0	sample_q	5:3:1	-125/12436	1	11795852869117260356
changed	0	sample_q	5:3:2	-25/6218	1	11795852869117260356
changed	0	sample_q	5:3:3	-5/3109	1	11795852869117260356
changed	0	sample_q	5:3:4	-2/3109	1	11795852869117260356
changed	0	sample_p	6:0:0	160/2613	2	11795852869117260354
changed	0	sample_p	6:0:1	3125/10452	2	11795852869117260354
changed	0	sample_p	6:0:2	625/2613	2	11795852869117260354
changed	0	sample_p	6:0:3	500/2613	2	11795852869117260354
changed	0	sample_q	6:0:0	160/2613	2	11795852869117260354
changed	0	sample_q	6:0:1	-32/2613	2	11795852869117260354
changed	0	sample_q	6:0:2	-625/10452	2	11795852869117260354
changed	0	sample_q	6:0:3	-125/2613	2	11795852869117260354
changed	0	sample_q	6:0:4	-100/2613	2	11795852869117260354
changed	0	sample_p	6:1:0	200/2613	2	11795852869117260355
changed	0	sample_p	6:1:1	160/2613	2	11795852869117260355
changed	0	sample_p	6:1:2	3125/10452	2	11795852869117260355
changed	0	sample_p	6:1:3	625/2613	2	11795852869117260355
changed	0	sample_q	6:1:0	200/2613	2	11795852869117260355
changed	0	sample_q	6:1:1	-40/2613	2	11795852869117260355
changed	0	sample_q	6:1:2	-32/2613	2	11795852869117260355
changed	0	sample_q	6:1:3	-625/10452	2	11795852869117260355
changed	0	sample_q	6:1:4	-125/2613	2	11795852869117260355
changed	0	sample_p	6:2:0	250/2613	2	11795852869117260356
changed	0	sample_p	6:2:1	200/2613	2	11795852869117260356
changed	0	sample_p	6:2:2	160/2613	2	11795852869117260356
changed	0	sample_p	6:2:3	3125/10452	2	11795852869117260356
changed	0	sample_q	6:2:0	250/2613	2	11795852869117260356
changed	0	sample_q	6:2:1	-50/2613	2	11795852869117260356
changed	0	sample_q	6:2:2	-40/2613	2	11795852869117260356
changed	0	sample_q	6:2:3	-32/2613	2	11795852869117260356
changed	0	sample_q	6:2:4	-625/10452	2	11795852869117260356
changed	0	sample_p	6:3:0	625/5226	2	11795852869117260357
changed	0	sample_p	6:3:1	250/2613	2	11795852869117260357
changed	0	sample_p	6:3:2	200/2613	2	11795852869117260357
changed	0	sample_p	6:3:3	160/2613	2	11795852869117260357
changed	0	sample_q	6:3:0	625/5226	2	11795852869117260357
changed	0	sample_q	6:3:1	-125/5226	2	11795852869117260357
changed	0	sample_q	6:3:2	-50/2613	2	11795852869117260357
changed	0	sample_q	6:3:3	-40/2613	2	11795852869117260357
changed	0	sample_q	6:3:4	-32/2613	2	11795852869117260357
changed	0	sample_p	7:0:0	-810/763	3	11795852869117260355
changed	0	sample_p	7:0:1	-3125/3052	3	11795852869117260355
changed	0	sample_p	7:0:2	-1875/1526	3	11795852869117260355
changed	0	sample_p	7:0:3	-1125/763	3	11795852869117260355
changed	0	sample_q	7:0:0	-540/763	3	11795852869117260355
changed	0	sample_q	7:0:1	162/763	3	11795852869117260355
changed	0	sample_q	7:0:2	625/3052	3	11795852869117260355
changed	0	sample_q	7:0:3	375/1526	3	11795852869117260355
changed	0	sample_q	7:0:4	225/763	3	11795852869117260355
changed	0	sample_p	7:1:0	-675/763	3	11795852869117260356
changed	0	sample_p	7:1:1	-810/763	3	11795852869117260356
changed	0	sample_p	7:1:2	-3125/3052	3	11795852869117260356
changed	0	sample_p	7:1:3	-1875/1526	3	11795852869117260356
changed	0	sample_q	7:1:0	-450/763	3	11795852869117260356
changed	0	sample_q	7:1:1	135/763	3	11795852869117260356
changed	0	sample_q	7:1:2	162/763	3	11795852869117260356
changed	0	sample_q	7:1:3	625/3052	3	11795852869117260356
changed	0	sample_q	7:1:4	375/1526	3	11795852869117260356
changed	0	sample_p	7:2:0	-1125/1526	3	11795852869117260357
changed	0	sample_p	7:2:1	-675/763	3	11795852869117260357
changed	0	sample_p	7:2:2	-810/763	3	11795852869117260357
changed	0	sample_p	7:2:3	-3125/3052	3	11795852869117260357
changed	0	sample_q	7:2:0	-375/763	3	11795852869117260357
changed	0	sample_q	7:2:1	225/1526	3	11795852869117260357
changed	0	sample_q	7:2:2	135/763	3	11795852869117260357
changed	0	sample_q	7:2:3	162/763	3	11795852869117260357
changed	0	sample_q	7:2:4	625/3052	3	11795852869117260357
changed	0	sample_p	7:3:0	-1875/3052	3	11795852869117260358
changed	0	sample_p	7:3:1	-1125/1526	3	11795852869117260358
changed	0	sample_p	7:3:2	-675/763	3	11795852869117260358
changed	0	sample_p	7:3:3	-810/763	3	11795852869117260358
changed	0	sample_q	7:3:0	-625/1526	3	11795852869117260358
changed	0	sample_q	7:3:1	375/3052	3	11795852869117260358
changed	0	sample_q	7:3:2	225/1526	3	11795852869117260358
changed	0	sample_q	7:3:3	135/763	3	11795852869117260358
changed	0	sample_q	7:3:4	162/763	3	11795852869117260358
changed	0	sample_p	8:0:0	-2560/13259	4	11795852869117260356
changed	0	sample_p	8:0:1	-3125/53036	4	11795852869117260356
changed	0	sample_p	8:0:2	-1250/13259	4	11795852869117260356
changed	0	sample_p	8:0:3	-2000/13259	4	11795852869117260356
changed	0	sample_q	8:0:0	-1280/13259	4	11795852869117260356
changed	0	sample_q	8:0:1	512/13259	4	11795852869117260356
changed	0	sample_q	8:0:2	625/53036	4	11795852869117260356
changed	0	sample_q	8:0:3	250/13259	4	11795852869117260356
changed	0	sample_q	8:0:4	400/13259	4	11795852869117260356
changed	0	sample_p	8:1:0	-1600/13259	4	11795852869117260357
changed	0	sample_p	8:1:1	-2560/13259	4	11795852869117260357
changed	0	sample_p	8:1:2	-3125/53036	4	11795852869117260357
changed	0	sample_p	8:1:3	-1250/13259	4	11795852869117260357
changed	0	sample_q	8:1:0	-800/13259	4	11795852869117260357
changed	0	sample_q	8:1:1	320/13259	4	11795852869117260357
changed	0	sample_q	8:1:2	512/13259	4	11795852869117260357
changed	0	sample_q	8:1:3	625/53036	4	11795852869117260357
changed	0	sample_q	8:1:4	250/13259	4	11795852869117260357
changed	0	sample_p	8:2:0	-1000/13259	4	11795852869117260358
changed	0	sample_p	8:2:1	-1600/13259	4	11795852869117260358
changed	0	sample_p	8:2:2	-2560/13259	4	11795852869117260358
changed	0	sample_p	8:2:3	-3125/53036	4	11795852869117260358
changed	0	sample_q	8:2:0	-500/13259	4	11795852869117260358
changed	0	sample_q	8:2:1	200/13259	4	11795852869117260358
changed	0	sample_q	8:2:2	320/13259	4	11795852869117260358
changed	0	sample_q	8:2:3	512/13259	4	11795852869117260358
changed	0	sample_q	8:2:4	625/53036	4	11795852869117260358
changed	0	sample_p	8:3:0	-625/13259	4	11795852869117260359
changed	0	sample_p	8:3:1	-1000/13259	4	11795852869117260359
changed	0	sample_p	8:3:2	-1600/13259	4	11795852869117260359
changed	0	sample_p	8:3:3	-2560/13259	4	11795852869117260359
changed	0	sample_q	8:3:0	-625/26518	4	11795852869117260359
changed	0	sample_q	8:3:1	125/13259	4	11795852869117260359
changed	0	sample_q	8:3:2	200/13259	4	11795852869117260359
changed	0	sample_q	8:3:3	320/13259	4	11795852869117260359
changed	0	sample_q	8:3:4	512/13259	4	11795852869117260359
changed	0	sample_p	9:0:0	-2/15	5	11795852869117260412
changed	0	sample_p	9:0:1	-1/60	5	11795852869117260412
changed	0	sample_p	9:0:2	-1/30	5	11795852869117260412
changed	0	sample_p	9:0:3	-1/15	5	11795852869117260412
changed	0	sample_q	9:0:0	-4/75	5	11795852869117260412
changed	0	sample_q	9:0:1	2/75	5	11795852869117260412
changed	0	sample_q	9:0:2	1/300	5	11795852869117260412
changed	0	sample_q	9:0:3	1/150	5	11795852869117260412
changed	0	sample_q	9:0:4	1/75	5	11795852869117260412
changed	0	sample_p	9:1:0	-1/15	5	11795852869117260412
changed	0	sample_p	9:1:1	-2/15	5	11795852869117260412
changed	0	sample_p	9:1:2	-1/60	5	11795852869117260412
changed	0	sample_p	9:1:3	-1/30	5	11795852869117260412
changed	0	sample_q	9:1:0	-2/75	5	11795852869117260412
changed	0	sample_q	9:1:1	1/75	5	11795852869117260412
changed	0	sample_q	9:1:2	2/75	5	11795852869117260412
changed	0	sample_q	9:1:3	1/300	5	11795852869117260412
changed	0	sample_q	9:1:4	1/150	5	11795852869117260412
changed	0	sample_p	9:2:0	-1/30	5	11795852869117260412
changed	0	sample_p	9:2:1	-1/15	5	11795852869117260412
changed	0	sample_p	9:2:2	-2/15	5	11795852869117260412
changed	0	sample_p	9:2:3	-1/60	5	11795852869117260412
changed	0	sample_q	9:2:0	-1/75	5	11795852869117260412
changed	0	sample_q	9:2:1	1/150	5	11795852869117260412
changed	0	sample_q	9:2:2	1/75	5	11795852869117260412
changed	0	sample_q	9:2:3	2/75	5	11795852869117260412
changed	0	sample_q	9:2:4	1/300	5	11795852869117260412
changed	0	sample_p	9:3:0	-1/60	5	11795852869117260412
changed	0	sample_p	9:3:1	-1/30	5	11795852869117260412
changed	0	sample_p	9:3:2	-1/15	5	11795852869117260412
changed	0	sample_p	9:3:3	-2/15	5	11795852869117260412
changed	0	sample_q	9:3:0	-1/150	5	11795852869117260412
changed	0	sample_q	9:3:1	1/300	5	11795852869117260412
changed	0	sample_q	9:3:2	1/150	5	11795852869117260412
changed	0	sample_q	9:3:3	1/75	5	11795852869117260412
changed	0	sample_q	9:3:4	2/75	5	11795852869117260412
changed	0	sample_p	10:0:0	-12960/121291	6	11795852869117260413
changed	0	sample_p	10:0:1	-3125/485164	6	11795852869117260413
changed	0	sample_p	10:0:2	-1875/121291	6	11795852869117260413
changed	0	sample_p	10:0:3	-4500/121291	6	11795852869117260413
changed	0	sample_q	10:0:0	-4320/121291	6	11795852869117260413
changed	0	sample_q	10:0:1	2592/121291	6	11795852869117260413
changed	0	sample_q	10:0:2	625/485164	6	11795852869117260413
changed	0	sample_q	10:0:3	375/121291	6	11795852869117260413
changed	0	sample_q	10:0:4	900/121291	6	11795852869117260413
changed	0	sample_p	10:1:0	-5400/121291	6	11795852869117260413
changed	0	sample_p	10:1:1	-12960/121291	6	11795852869117260413
changed	0	sample_p	10:1:2	-3125/485164	6	11795852869117260413
changed	0	sample_p	10:1:3	-1875/121291	6	11795852869117260413
changed	0	sample_q	10:1:0	-1800/121291	6	11795852869117260413
changed	0	sample_q	10:1:1	1080/121291	6	11795852869117260413
changed	0	sample_q	10:1:2	2592/121291	6	11795852869117260413
changed	0	sample_q	10:1:3	625/485164	6	11795852869117260413
changed	0	sample_q	10:1:4	375/121291	6	11795852869117260413
changed	0	sample_p	10:2:0	-2250/121291	6	11795852869117260413
changed	0	sample_p	10:2:1	-5400/121291	6	11795852869117260413
changed	0	sample_p	10:2:2	-12960/121291	6	11795852869117260413
changed	0	sample_p	10:2:3	-3125/485164	6	11795852869117260413
changed	0	sample_q	10:2:0	-750/121291	6	11795852869117260413
changed	0	sample_q	10:2:1	450/121291	6	11795852869117260413
changed	0	sample_q	10:2:2	1080/121291	6	11795852869117260413
changed	0	sample_q	10:2:3	2592/121291	6	11795852869117260413
changed	0	sample_q	10:2:4	625/485164	6	11795852869117260413
changed	0	sample_p	10:3:0	-1875/242582	6	11795852869117260413
changed	0	sample_p	10:3:1	-2250/121291	6	11795852869117260413
changed	0	sample_p	10:3:2	-5400/121291	6	11795852869117260413
changed	0	sample_p	10:3:3	-12960/121291	6	11795852869117260413
changed	0	sample_q	10:3:0	-625/242582	6	11795852869117260413
changed	0	sample_q	10:3:1	375/242582	6	11795852869117260413
changed	0	sample_q	10:3:2	450/121291	6	11795852869117260413
changed	0	sample_q	10:3:3	1080/121291	6	11795852869117260413
changed	0	sample_q	10:3:4	2592/121291	6	11795852869117260413
changed	0	reduction_p	0	0	0	1
changed	0	reduction_p	0	1	0	1
changed	0	reduction_p	0	2	0	1
changed	0	reduction_p	0	3	0	1
changed	0	reduction_p	0	4	320	1
changed	0	reduction_p	1	0	25000	1
changed	0	reduction_p	2	0	0	1
changed	0	reduction_p	2	1	10000	1
changed	0	reduction_p	3	0	0	1
changed	0	reduction_p	3	1	0	1
changed	0	reduction_p	3	2	4000	1
changed	0	reduction_q	0	0	0	1
changed	0	reduction_q	0	1	0	1
changed	0	reduction_q	0	2	0	1
changed	0	reduction_q	0	3	640	1
changed	0	reduction_q	1	0	0	1
changed	0	reduction_q	1	1	0	1
changed	0	reduction_q	1	2	0	1
changed	0	reduction_q	1	3	0	1
changed	0	reduction_q	1	4	-64	1
changed	0	reduction_q	2	0	-5000	1
changed	0	reduction_q	3	0	0	1
changed	0	reduction_q	3	1	-2000	1
changed	0	reduction_q	4	0	0	1
changed	0	reduction_q	4	1	0	1
changed	0	reduction_q	4	2	-800	1
changed	0	reduction_p	4	0	0	1
changed	0	reduction_p	4	1	0	1
changed	0	reduction_p	4	2	0	1
changed	0	reduction_p	4	3	800	1
changed	0	reduction_p	5	0	0	1
changed	0	reduction_p	5	1	0	1
changed	0	reduction_p	5	2	0	1
changed	0	reduction_p	5	3	0	1
changed	0	reduction_p	5	4	320	1
changed	0	reduction_p	6	0	25000	1
changed	0	reduction_p	7	0	0	1
changed	0	reduction_p	7	1	10000	1
changed	0	reduction_q	5	0	0	1
changed	0	reduction_q	5	1	0	1
changed	0	reduction_q	5	2	1600	1
changed	0	reduction_q	6	0	0	1
changed	0	reduction_q	6	1	0	1
changed	0	reduction_q	6	2	0	1
changed	0	reduction_q	6	3	-160	1
changed	0	reduction_q	7	0	0	1
changed	0	reduction_q	7	1	0	1
changed	0	reduction_q	7	2	0	1
changed	0	reduction_q	7	3	0	1
changed	0	reduction_q	7	4	-64	1
changed	0	reduction_q	8	0	-5000	1
changed	0	reduction_q	9	0	0	1
changed	0	reduction_q	9	1	-2000	1
changed	0	reduction_p	8	0	0	1
changed	0	reduction_p	8	1	0	1
changed	0	reduction_p	8	2	2000	1
changed	0	reduction_p	9	0	0	1
changed	0	reduction_p	9	1	0	1
changed	0	reduction_p	9	2	0	1
changed	0	reduction_p	9	3	800	1
changed	0	reduction_p	10	0	0	1
changed	0	reduction_p	10	1	0	1
changed	0	reduction_p	10	2	0	1
changed	0	reduction_p	10	3	0	1
changed	0	reduction_p	10	4	320	1
changed	0	reduction_p	11	0	25000	1
changed	0	reduction_q	10	0	0	1
changed	0	reduction_q	10	1	4000	1
changed	0	reduction_q	11	0	0	1
changed	0	reduction_q	11	1	0	1
changed	0	reduction_q	11	2	-400	1
changed	0	reduction_q	12	0	0	1
changed	0	reduction_q	12	1	0	1
changed	0	reduction_q	12	2	0	1
changed	0	reduction_q	12	3	-160	1
changed	0	reduction_q	13	0	0	1
changed	0	reduction_q	13	1	0	1
changed	0	reduction_q	13	2	0	1
changed	0	reduction_q	13	3	0	1
changed	0	reduction_q	13	4	-64	1
changed	0	reduction_q	14	0	-5000	1
changed	0	reduction_p	12	0	0	1
changed	0	reduction_p	12	1	5000	1
changed	0	reduction_p	13	0	0	1
changed	0	reduction_p	13	1	0	1
changed	0	reduction_p	13	2	2000	1
changed	0	reduction_p	14	0	0	1
changed	0	reduction_p	14	1	0	1
changed	0	reduction_p	14	2	0	1
changed	0	reduction_p	14	3	800	1
changed	0	reduction_p	15	0	0	1
changed	0	reduction_p	15	1	0	1
changed	0	reduction_p	15	2	0	1
changed	0	reduction_p	15	3	0	1
changed	0	reduction_p	15	4	320	1
changed	0	reduction_q	15	0	10000	1
changed	0	reduction_q	16	0	0	1
changed	0	reduction_q	16	1	-1000	1
changed	0	reduction_q	17	0	0	1
changed	0	reduction_q	17	1	0	1
changed	0	reduction_q	17	2	-400	1
changed	0	reduction_q	18	0	0	1
changed	0	reduction_q	18	1	0	1
changed	0	reduction_q	18	2	0	1
changed	0	reduction_q	18	3	-160	1
changed	0	reduction_q	19	0	0	1
changed	0	reduction_q	19	1	0	1
changed	0	reduction_q	19	2	0	1
changed	0	reduction_q	19	3	0	1
changed	0	reduction_q	19	4	-64	1
changed	0	connection	0	0	0	1
changed	0	connection	0	1	0	1
changed	0	connection	0	2	0	1
changed	0	connection	0	3	0	1
changed	0	connection	0	4	192	1
changed	0	connection	1	0	5000	1
changed	0	connection	2	0	0	1
changed	0	connection	2	1	-2000	1
changed	0	connection	3	0	0	1
changed	0	connection	3	1	0	1
changed	0	connection	3	2	-2400	1
changed	0	connection	4	0	0	1
changed	0	connection	4	1	0	1
changed	0	connection	4	2	0	1
changed	0	connection	4	3	480	1
changed	0	connection	5	0	0	1
changed	0	connection	5	1	0	1
changed	0	connection	5	2	0	1
changed	0	connection	5	3	0	1
changed	0	connection	5	4	64	1
changed	0	connection	6	0	-5000	1
changed	0	connection	7	0	0	1
changed	0	connection	7	1	-6000	1
changed	0	connection	8	0	0	1
changed	0	connection	8	1	0	1
changed	0	connection	8	2	1200	1
changed	0	connection	9	0	0	1
changed	0	connection	9	1	0	1
changed	0	connection	9	2	0	1
changed	0	connection	9	3	160	1
changed	0	connection	10	0	0	1
changed	0	connection	10	1	0	1
changed	0	connection	10	2	0	1
changed	0	connection	10	3	0	1
changed	0	connection	10	4	-64	1
changed	0	connection	11	0	-15000	1
changed	0	connection	12	0	0	1
changed	0	connection	12	1	3000	1
changed	0	connection	13	0	0	1
changed	0	connection	13	1	0	1
changed	0	connection	13	2	400	1
changed	0	connection	14	0	0	1
changed	0	connection	14	1	0	1
changed	0	connection	14	2	0	1
changed	0	connection	14	3	-160	1
changed	0	connection	15	0	0	1
changed	0	connection	15	1	0	1
changed	0	connection	15	2	0	1
changed	0	connection	15	3	0	1
changed	0	connection	15	4	-192	1
changed	0	scalar	0	0	0	1
changed	0	scalar	0	1	-29601	1
changed	0	scalar	1	0	0	1
changed	0	scalar	1	1	0	1
changed	0	scalar	1	2	-264000	1
changed	0	scalar	2	0	0	1
changed	0	scalar	2	1	0	1
changed	0	scalar	2	2	0	1
changed	0	scalar	2	3	-247680	1
changed	0	scalar	3	0	0	1
changed	0	scalar	3	1	0	1
changed	0	scalar	3	2	0	1
changed	0	scalar	3	3	0	1
changed	0	scalar	3	4	-61440	1
changed	0	scalar	4	0	800000	1
changed	0	scalar	4	1	0	1
changed	0	scalar	4	2	0	1
changed	0	scalar	4	3	0	1
changed	0	scalar	4	4	0	1
changed	0	scalar	4	5	-4096	1
changed	0	indicial	finite:0	0	exact	11795852869117260668
changed	0	indicial	infinity:0	29601	exact	11795852869117260668
changed	0	indicial	finite:1	0	exact	11795852869117260668
changed	0	indicial	infinity:1	114624	exact	11795852869117260668
changed	0	indicial	finite:2	2	exact	11795852869117260668
changed	0	indicial	infinity:2	108416	exact	11795852869117260668
changed	0	indicial	finite:3	-3	exact	11795852869117260668
changed	0	indicial	infinity:3	36864	exact	11795852869117260668
changed	0	indicial	finite:4	1	exact	11795852869117260668
changed	0	indicial	infinity:4	4096	exact	11795852869117260668
changed	0	series	0:0	1/1	local	11795852869117260604
changed	0	series	0:1	0/1	local	11795852869117260604
changed	0	series	0:2	0/1	local	11795852869117260604
changed	0	series	0:3	0/1	local	11795852869117260604
changed	0	series	0:4	0/1	local	11795852869117260604
changed	0	series	0:5	9867/32000000	local	11795852869117260604
changed	0	series	0:6	0/1	local	11795852869117260604
changed	0	series	0:7	0/1	local	11795852869117260604
changed	0	series	0:8	0/1	local	11795852869117260604
changed	0	series	0:9	0/1	local	11795852869117260604
changed	0	series	0:10	1641543189/2048000000000000	local	11795852869117260604
changed	0	series	1:0	0/1	local	11795852869117260604
changed	0	series	1:1	1/1	local	11795852869117260604
changed	0	series	1:2	0/1	local	11795852869117260604
changed	0	series	1:3	0/1	local	11795852869117260604
changed	0	series	1:4	0/1	local	11795852869117260604
changed	0	series	1:5	0/1	local	11795852869117260604
changed	0	series	1:6	97867/96000000	local	11795852869117260604
changed	0	series	1:7	0/1	local	11795852869117260604
changed	0	series	1:8	0/1	local	11795852869117260604
changed	0	series	1:9	0/1	local	11795852869117260604
changed	0	series	1:10	0/1	local	11795852869117260604
changed	0	series	2:0	0/1	local	11795852869117260604
changed	0	series	2:1	0/1	local	11795852869117260604
changed	0	series	2:2	1/1	local	11795852869117260604
changed	0	series	2:3	0/1	local	11795852869117260604
changed	0	series	2:4	0/1	local	11795852869117260604
changed	0	series	2:5	0/1	local	11795852869117260604
changed	0	series	2:6	0/1	local	11795852869117260604
changed	0	series	2:7	50141/32000000	local	11795852869117260604
changed	0	series	2:8	0/1	local	11795852869117260604
changed	0	series	2:9	0/1	local	11795852869117260604
changed	0	series	2:10	0/1	local	11795852869117260604
changed	0	series	3:0	0/1	local	11795852869117260604
changed	0	series	3:1	0/1	local	11795852869117260604
changed	0	series	3:2	0/1	local	11795852869117260604
changed	0	series	3:3	1/1	local	11795852869117260604
changed	0	series	3:4	0/1	local	11795852869117260604
changed	0	series	3:5	0/1	local	11795852869117260604
changed	0	series	3:6	0/1	local	11795852869117260604
changed	0	series	3:7	0/1	local	11795852869117260604
changed	0	series	3:8	892107/448000000	local	11795852869117260604
changed	0	series	3:9	0/1	local	11795852869117260604
changed	0	series	3:10	0/1	local	11795852869117260604
changed	0	residue	0:0:0	-3/40	4a5=2	11795852869117260732
changed	0	residue	0:0:1	0/1	4a5=2	11795852869117260732
changed	0	residue	0:0:2	0/1	4a5=2	11795852869117260732
changed	0	residue	0:0:3	0/1	4a5=2	11795852869117260732
changed	0	residue	0:0:4	0/1	4a5=2	11795852869117260732
changed	0	residue	0:1:0	0/1	4a5=2	11795852869117260732
changed	0	residue	0:1:1	0/1	4a5=2	11795852869117260732
changed	0	residue	0:1:2	0/1	4a5=2	11795852869117260732
changed	0	residue	0:1:3	0/1	4a5=2	11795852869117260732
changed	0	residue	0:1:4	-1/20	4a5=2	11795852869117260732
changed	0	residue	0:2:0	0/1	4a5=2	11795852869117260732
changed	0	residue	0:2:1	0/1	4a5=2	11795852869117260732
changed	0	residue	0:2:2	0/1	4a5=2	11795852869117260732
changed	0	residue	0:2:3	1/20	4a5=2	11795852869117260732
changed	0	residue	0:2:4	0/1	4a5=2	11795852869117260732
changed	0	residue	0:3:0	0/1	4a5=2	11795852869117260732
changed	0	residue	0:3:1	0/1	4a5=2	11795852869117260732
changed	0	residue	0:3:2	3/20	4a5=2	11795852869117260732
changed	0	residue	0:3:3	0/1	4a5=2	11795852869117260732
changed	0	residue	0:3:4	0/1	4a5=2	11795852869117260732
changed	0	residue	1:0:0	0/1	4a5=2	11795852869117260732
changed	0	residue	1:0:1	-3/40	4a5=2	11795852869117260732
changed	0	residue	1:0:2	0/1	4a5=2	11795852869117260732
changed	0	residue	1:0:3	0/1	4a5=2	11795852869117260732
changed	0	residue	1:0:4	0/1	4a5=2	11795852869117260732
changed	0	residue	1:1:0	-1/40	4a5=2	11795852869117260732
changed	0	residue	1:1:1	0/1	4a5=2	11795852869117260732
changed	0	residue	1:1:2	0/1	4a5=2	11795852869117260732
changed	0	residue	1:1:3	0/1	4a5=2	11795852869117260732
changed	0	residue	1:1:4	0/1	4a5=2	11795852869117260732
changed	0	residue	1:2:0	0/1	4a5=2	11795852869117260732
changed	0	residue	1:2:1	0/1	4a5=2	11795852869117260732
changed	0	residue	1:2:2	0/1	4a5=2	11795852869117260732
changed	0	residue	1:2:3	0/1	4a5=2	11795852869117260732
changed	0	residue	1:2:4	1/20	4a5=2	11795852869117260732
changed	0	residue	1:3:0	0/1	4a5=2	11795852869117260732
changed	0	residue	1:3:1	0/1	4a5=2	11795852869117260732
changed	0	residue	1:3:2	0/1	4a5=2	11795852869117260732
changed	0	residue	1:3:3	3/20	4a5=2	11795852869117260732
changed	0	residue	1:3:4	0/1	4a5=2	11795852869117260732
changed	0	residue	2:0:0	0/1	4a5=2	11795852869117260732
changed	0	residue	2:0:1	0/1	4a5=2	11795852869117260732
changed	0	residue	2:0:2	-3/40	4a5=2	11795852869117260732
changed	0	residue	2:0:3	0/1	4a5=2	11795852869117260732
changed	0	residue	2:0:4	0/1	4a5=2	11795852869117260732
changed	0	residue	2:1:0	0/1	4a5=2	11795852869117260732
changed	0	residue	2:1:1	-1/40	4a5=2	11795852869117260732
changed	0	residue	2:1:2	0/1	4a5=2	11795852869117260732
changed	0	residue	2:1:3	0/1	4a5=2	11795852869117260732
changed	0	residue	2:1:4	0/1	4a5=2	11795852869117260732
changed	0	residue	2:2:0	1/40	4a5=2	11795852869117260732
changed	0	residue	2:2:1	0/1	4a5=2	11795852869117260732
changed	0	residue	2:2:2	0/1	4a5=2	11795852869117260732
changed	0	residue	2:2:3	0/1	4a5=2	11795852869117260732
changed	0	residue	2:2:4	0/1	4a5=2	11795852869117260732
changed	0	residue	2:3:0	0/1	4a5=2	11795852869117260732
changed	0	residue	2:3:1	0/1	4a5=2	11795852869117260732
changed	0	residue	2:3:2	0/1	4a5=2	11795852869117260732
changed	0	residue	2:3:3	0/1	4a5=2	11795852869117260732
changed	0	residue	2:3:4	3/20	4a5=2	11795852869117260732
changed	0	residue	3:0:0	0/1	4a5=2	11795852869117260732
changed	0	residue	3:0:1	0/1	4a5=2	11795852869117260732
changed	0	residue	3:0:2	0/1	4a5=2	11795852869117260732
changed	0	residue	3:0:3	-3/40	4a5=2	11795852869117260732
changed	0	residue	3:0:4	0/1	4a5=2	11795852869117260732
changed	0	residue	3:1:0	0/1	4a5=2	11795852869117260732
changed	0	residue	3:1:1	0/1	4a5=2	11795852869117260732
changed	0	residue	3:1:2	-1/40	4a5=2	11795852869117260732
changed	0	residue	3:1:3	0/1	4a5=2	11795852869117260732
changed	0	residue	3:1:4	0/1	4a5=2	11795852869117260732
changed	0	residue	3:2:0	0/1	4a5=2	11795852869117260732
changed	0	residue	3:2:1	1/40	4a5=2	11795852869117260732
changed	0	residue	3:2:2	0/1	4a5=2	11795852869117260732
changed	0	residue	3:2:3	0/1	4a5=2	11795852869117260732
changed	0	residue	3:2:4	0/1	4a5=2	11795852869117260732
changed	0	residue	3:3:0	3/40	4a5=2	11795852869117260732
changed	0	residue	3:3:1	0/1	4a5=2	11795852869117260732
changed	0	residue	3:3:2	0/1	4a5=2	11795852869117260732
changed	0	residue	3:3:3	0/1	4a5=2	11795852869117260732
changed	0	residue	3:3:4	0/1	4a5=2	11795852869117260732
changed	0	local_module	0	generic_cotangent_rank:1,singular_cotangent_rank:2,hessian_unit:1	syzygy:1	11795852869117260221
changed	1	term	0	1	0,0,2	11795852869117260157
changed	1	term	1	-1	0,5,0	11795852869117260157
changed	1	term	2	-5	0,4,0	11795852869117260157
changed	1	term	3	-10	0,3,0	11795852869117260157
changed	1	term	4	-10	0,2,0	11795852869117260157
changed	1	term	5	1	1,1,0	11795852869117260157
changed	1	term	6	-5	0,1,0	11795852869117260157
changed	1	term	7	1	1,0,0	11795852869117260157
changed	1	term	8	-3	0,0,0	11795852869117260157
changed	1	partial	0:0	1	0,1,0	11795852869117260157
changed	1	partial	0:1	1	0,0,0	11795852869117260157
changed	1	partial	1:0	-5	0,4,0	11795852869117260158
changed	1	partial	1:1	-20	0,3,0	11795852869117260158
changed	1	partial	1:2	-30	0,2,0	11795852869117260158
changed	1	partial	1:3	-20	0,1,0	11795852869117260158
changed	1	partial	1:4	1	1,0,0	11795852869117260158
changed	1	partial	1:5	-5	0,0,0	11795852869117260158
changed	1	partial	2:0	2	0,0,1	11795852869117260159
changed	1	ideal_basis	0	1	0,0,1	11795852869117260222
changed	1	ideal_basis	1	1	1,0,0	11795852869117260222
changed	1	ideal_basis	1	-5	0,0,0	11795852869117260222
changed	1	ideal_basis	1	-20	0,1,0	11795852869117260222
changed	1	ideal_basis	1	-30	0,2,0	11795852869117260222
changed	1	ideal_basis	1	-20	0,3,0	11795852869117260222
changed	1	ideal_basis	1	-5	0,4,0	11795852869117260222
changed	1	ideal_basis	2	4	0,0,0	11795852869117260222
changed	1	ideal_basis	2	20	0,1,0	11795852869117260222
changed	1	ideal_basis	2	40	0,2,0	11795852869117260222
changed	1	ideal_basis	2	40	0,3,0	11795852869117260222
changed	1	ideal_basis	2	20	0,4,0	11795852869117260222
changed	1	ideal_basis	2	4	0,5,0	11795852869117260222
changed	1	ideal_basis	2	-2	0,0,0	11795852869117260222
changed	1	reduction	0	2	0,1,0	11795852869117260230
changed	1	reduction	1	1	1,2,1	11795852869117260231
changed	1	reduction	2	1	2,0,2	11795852869117260232
changed	1	reduction	3	1	0,1,3	11795852869117260233
changed	1	reduction	4	1	1,2,4	11795852869117260234
changed	1	reduction	5	1	2,0,5	11795852869117260235
changed	1	resultant	0	0	50000	1
changed	1	resultant	0	1	0	1
changed	1	resultant	0	2	0	1
changed	1	resultant	0	3	0	1
changed	1	resultant	0	4	0	1
changed	1	resultant	0	5	-256	1
changed	1	resultant_sample	0	312144	1	11795852869117260222
changed	1	resultant_sample	1	112208	1	11795852869117260222
changed	1	resultant_sample	2	58192	1	11795852869117260222
changed	1	resultant_sample	3	50256	1	11795852869117260222
changed	1	resultant_sample	4	50000	1	11795852869117260222
changed	1	resultant_sample	5	49744	1	11795852869117260222
changed	1	resultant_sample	6	41808	1	11795852869117260222
changed	1	resultant_sample	7	-12208	1	11795852869117260222
changed	1	resultant_sample	8	-212144	1	11795852869117260222
changed	1	bezout_f	0	0	25000	1
changed	1	bezout_f	0	1	10000	1
changed	1	bezout_f	0	2	4000	1
changed	1	bezout_f	0	3	1600	1
changed	1	bezout_f	1	0	0	1
changed	1	bezout_f	1	1	10000	1
changed	1	bezout_f	1	2	8000	1
changed	1	bezout_f	1	3	4800	1
changed	1	bezout_f	2	0	0	1
changed	1	bezout_f	2	1	0	1
changed	1	bezout_f	2	2	4000	1
changed	1	bezout_f	2	3	4800	1
changed	1	bezout_f	3	0	0	1
changed	1	bezout_f	3	1	0	1
changed	1	bezout_f	3	2	0	1
changed	1	bezout_f	3	3	1600	1
changed	1	bezout_fx	0	0	-5000	1
changed	1	bezout_fx	0	1	-2000	1
changed	1	bezout_fx	0	2	-800	1
changed	1	bezout_fx	0	3	-320	1
changed	1	bezout_fx	0	4	256	1
changed	1	bezout_fx	1	0	-5000	1
changed	1	bezout_fx	1	1	-4000	1
changed	1	bezout_fx	1	2	-2400	1
changed	1	bezout_fx	1	3	-1280	1
changed	1	bezout_fx	2	0	0	1
changed	1	bezout_fx	2	1	-2000	1
changed	1	bezout_fx	2	2	-2400	1
changed	1	bezout_fx	2	3	-1920	1
changed	1	bezout_fx	3	0	0	1
changed	1	bezout_fx	3	1	0	1
changed	1	bezout_fx	3	2	-800	1
changed	1	bezout_fx	3	3	-1280	1
changed	1	bezout_fx	4	0	0	1
changed	1	bezout_fx	4	1	0	1
changed	1	bezout_fx	4	2	0	1
changed	1	bezout_fx	4	3	-320	1
changed	1	sample_p	0:0:0	5455/26012	-4	11795852869117260349
changed	1	sample_p	0:0:1	17125/78036	-4	11795852869117260349
changed	1	sample_p	0:0:2	4750/19509	-4	11795852869117260349
changed	1	sample_p	0:0:3	2000/19509	-4	11795852869117260349
changed	1	sample_q	0:0:0	-1199/11148	-4	11795852869117260349
changed	1	sample_q	0:0:1	-3349/39018	-4	11795852869117260349
changed	1	sample_q	0:0:2	-7225/78036	-4	11795852869117260349
changed	1	sample_q	0:0:3	-450/6503	-4	11795852869117260349
changed	1	sample_q	0:0:4	-400/19509	-4	11795852869117260349
changed	1	sample_p	0:1:0	-1200/6503	-4	11795852869117260350
changed	1	sample_p	0:1:1	-15635/78036	-4	11795852869117260350
changed	1	sample_p	0:1:2	-30875/78036	-4	11795852869117260350
changed	1	sample_p	0:1:3	-3250/19509	-4	11795852869117260350
changed	1	sample_q	0:1:0	400/2787	-4	11795852869117260350
changed	1	sample_q	0:1:1	6007/78036	-4	11795852869117260350
changed	1	sample_q	0:1:2	4651/39018	-4	11795852869117260350
changed	1	sample_q	0:1:3	2925/26012	-4	11795852869117260350
changed	1	sample_q	0:1:4	650/19509	-4	11795852869117260350
changed	1	sample_p	0:2:0	1950/6503	-4	11795852869117260351
changed	1	sample_p	0:2:1	9400/19509	-4	11795852869117260351
changed	1	sample_p	0:2:2	62365/78036	-4	11795852869117260351
changed	1	sample_p	0:2:3	21125/78036	-4	11795852869117260351
changed	1	sample_q	0:2:0	-650/2787	-4	11795852869117260351
changed	1	sample_q	0:2:1	-3050/19509	-4	11795852869117260351
changed	1	sample_q	0:2:2	-19993/78036	-4	11795852869117260351
changed	1	sample_q	0:2:3	-2783/13006	-4	11795852869117260351
changed	1	sample_q	0:2:4	-4225/78036	-4	11795852869117260351
changed	1	sample_p	0:3:0	-12675/26012	-4	11795852869117260352
changed	1	sample_p	0:3:1	-15275/19509	-4	11795852869117260352
changed	1	sample_p	0:3:2	-44575/39018	-4	11795852869117260352
changed	1	sample_p	0:3:3	-22135/78036	-4	11795852869117260352
changed	1	sample_q	0:3:0	4225/11148	-4	11795852869117260352
changed	1	sample_q	0:3:1	19825/78036	-4	11795852869117260352
changed	1	sample_q	0:3:2	15025/39018	-4	11795852869117260352
changed	1	sample_q	0:3:3	7419/26012	-4	11795852869117260352
changed	1	sample_q	0:3:4	4427/78036	-4	11795852869117260352
changed	1	sample_p	1:0:0	7115/28052	-3	11795852869117260350
changed	1	sample_p	1:0:1	9125/28052	-3	11795852869117260350
changed	1	sample_p	1:0:2	4875/14026	-3	11795852869117260350
changed	1	sample_p	1:0:3	1125/7013	-3	11795852869117260350
changed	1	sample_q	1:0:0	-3583/28052	-3	11795852869117260350
changed	1	sample_q	1:0:1	-812/7013	-3	11795852869117260350
changed	1	sample_q	1:0:2	-3775/28052	-3	11795852869117260350
changed	1	sample_q	1:0:3	-1425/14026	-3	11795852869117260350
changed	1	sample_q	1:0:4	-225/7013	-3	11795852869117260350
changed	1	sample_p	1:1:0	-1800/7013	-3	11795852869117260351
changed	1	sample_p	1:1:1	-10885/28052	-3	11795852869117260351
changed	1	sample_p	1:1:2	-17875/28052	-3	11795852869117260351
changed	1	sample_p	1:1:3	-4125/14026	-3	11795852869117260351
changed	1	sample_q	1:1:0	1350/7013	-3	11795852869117260351
changed	1	sample_q	1:1:1	3617/28052	-3	11795852869117260351
changed	1	sample_q	1:1:2	1438/7013	-3	11795852869117260351
changed	1	sample_q	1:1:3	5225/28052	-3	11795852869117260351
changed	1	sample_q	1:1:4	825/14026	-3	11795852869117260351
changed	1	sample_p	1:2:0	3300/7013	-3	11795852869117260352
changed	1	sample_p	1:2:1	6450/7013	-3	11795852869117260352
changed	1	sample_p	1:2:2	38615/28052	-3	11795852869117260352
changed	1	sample_p	1:2:3	15125/28052	-3	11795852869117260352
changed	1	sample_q	1:2:0	-2475/7013	-3	11795852869117260352
changed	1	sample_q	1:2:1	-1950/7013	-3	11795852869117260352
changed	1	sample_q	1:2:2	-12883/28052	-3	11795852869117260352
changed	1	sample_q	1:2:3	-2687/7013	-3	11795852869117260352
changed	1	sample_q	1:2:4	-3025/28052	-3	11795852869117260352
changed	1	sample_p	1:3:0	-6050/7013	-3	11795852869117260353
changed	1	sample_p	1:3:1	-11825/7013	-3	11795852869117260353
changed	1	sample_p	1:3:2	-32475/14026	-3	11795852869117260353
changed	1	sample_p	1:3:3	-21885/28052	-3	11795852869117260353
changed	1	sample_q	1:3:0	9075/14026	-3	11795852869117260353
changed	1	sample_q	1:3:1	3575/7013	-3	11795852869117260353
changed	1	sample_q	1:3:2	11225/14026	-3	11795852869117260353
changed	1	sample_q	1:3:3	17367/28052	-3	11795852869117260353
changed	1	sample_q	1:3:4	4377/28052	-3	11795852869117260353
changed	1	sample_p	2:0:0	3265/14548	-2	11795852869117260351
changed	1	sample_p	2:0:1	4125/14548	-2	11795852869117260351
changed	1	sample_p	2:0:2	875/3637	-2	11795852869117260351
changed	1	sample_p	2:0:3	500/3637	-2	11795852869117260351
changed	1	sample_q	2:0:0	-1293/14548	-2	11795852869117260351
changed	1	sample_q	2:0:1	-739/7274	-2	11795852869117260351
changed	1	sample_q	2:0:2	-1525/14548	-2	11795852869117260351
changed	1	sample_q	2:0:3	-275/3637	-2	11795852869117260351
changed	1	sample_q	2:0:4	-100/3637	-2	11795852869117260351
changed	1	sample_p	2:1:0	-700/3637	-2	11795852869117260352
changed	1	sample_p	2:1:1	-4735/14548	-2	11795852869117260352
changed	1	sample_p	2:1:2	-7875/14548	-2	11795852869117260352
changed	1	sample_p	2:1:3	-1125/3637	-2	11795852869117260352
changed	1	sample_q	2:1:0	500/3637	-2	11795852869117260352
changed	1	sample_q	2:1:1	1507/14548	-2	11795852869117260352
changed	1	sample_q	2:1:2	1261/7274	-2	11795852869117260352
changed	1	sample_q	2:1:3	2475/14548	-2	11795852869117260352
changed	1	sample_q	2:1:4	225/3637	-2	11795852869117260352
changed	1	sample_p	2:2:0	1575/3637	-2	11795852869117260353
changed	1	sample_p	2:2:1	3800/3637	-2	11795852869117260353
changed	1	sample_p	2:2:2	22265/14548	-2	11795852869117260353
changed	1	sample_p	2:2:3	10125/14548	-2	11795852869117260353
changed	1	sample_q	2:2:0	-1125/3637	-2	11795852869117260353
changed	1	sample_q	2:2:1	-1075/3637	-2	11795852869117260353
changed	1	sample_q	2:2:2	-7493/14548	-2	11795852869117260353
changed	1	sample_q	2:2:3	-3239/7274	-2	11795852869117260353
changed	1	sample_q	2:2:4	-2025/14548	-2	11795852869117260353
changed	1	sample_p	2:3:0	-14175/14548	-2	11795852869117260354
changed	1	sample_p	2:3:1	-8550/3637	-2	11795852869117260354
changed	1	sample_p	2:3:2	-22775/7274	-2	11795852869117260354
changed	1	sample_p	2:3:3	-18235/14548	-2	11795852869117260354
changed	1	sample_q	2:3:0	10125/14548	-2	11795852869117260354
changed	1	sample_q	2:3:1	9675/14548	-2	11795852869117260354
changed	1	sample_q	2:3:2	7975/7274	-2	11795852869117260354
changed	1	sample_q	2:3:3	12757/14548	-2	11795852869117260354
changed	1	sample_q	2:3:4	3647/14548	-2	11795852869117260354
changed	1	sample_p	3:0:0	805/4188	-1	11795852869117260352
changed	1	sample_p	3:0:1	2125/12564	-1	11795852869117260352
changed	1	sample_p	3:0:2	125/6282	-1	11795852869117260352
changed	1	sample_p	3:0:3	125/3141	-1	11795852869117260352
changed	1	sample_q	3:0:0	-563/12564	-1	11795852869117260352
changed	1	sample_q	3:0:1	-227/3141	-1	11795852869117260352
changed	1	sample_q	3:0:2	-475/12564	-1	11795852869117260352
changed	1	sample_q	3:0:3	-25/2094	-1	11795852869117260352
changed	1	sample_q	3:0:4	-25/3141	-1	11795852869117260352
changed	1	sample_p	3:1:0	-50/1047	-1	11795852869117260353
changed	1	sample_p	3:1:1	415/12564	-1	11795852869117260353
changed	1	sample_p	3:1:2	-875/12564	-1	11795852869117260353
changed	1	sample_p	3:1:3	-875/6282	-1	11795852869117260353
changed	1	sample_q	3:1:0	100/3141	-1	11795852869117260353
changed	1	sample_q	3:1:1	37/12564	-1	11795852869117260353
changed	1	sample_q	3:1:2	23/3141	-1	11795852869117260353
changed	1	sample_q	3:1:3	175/4188	-1	11795852869117260353
changed	1	sample_q	3:1:4	175/6282	-1	11795852869117260353
changed	1	sample_p	3:2:0	175/1047	-1	11795852869117260354
changed	1	sample_p	3:2:1	1600/3141	-1	11795852869117260354
changed	1	sample_p	3:2:2	10915/12564	-1	11795852869117260354
changed	1	sample_p	3:2:3	6125/12564	-1	11795852869117260354
changed	1	sample_q	3:2:0	-350/3141	-1	11795852869117260354
changed	1	sample_q	3:2:1	-425/3141	-1	11795852869117260354
changed	1	sample_q	3:2:2	-3463/12564	-1	11795852869117260354
changed	1	sample_q	3:2:3	-284/1047	-1	11795852869117260354
changed	1	sample_q	3:2:4	-1225/12564	-1	11795852869117260354
changed	1	sample_p	3:3:0	-1225/2094	-1	11795852869117260355
changed	1	sample_p	3:3:1	-5600/3141	-1	11795852869117260355
changed	1	sample_p	3:3:2	-15175/6282	-1	11795852869117260355
changed	1	sample_p	3:3:3	-13585/12564	-1	11795852869117260355
changed	1	sample_q	3:3:0	1225/3141	-1	11795852869117260355
changed	1	sample_q	3:3:1	2975/6282	-1	11795852869117260355
changed	1	sample_q	3:3:2	5275/6282	-1	11795852869117260355
changed	1	sample_q	3:3:3	2929/4188	-1	11795852869117260355
changed	1	sample_q	3:3:4	2717/12564	-1	11795852869117260355
changed	1	sample_p	4:0:0	1/4	0	11795852869117260353
changed	1	sample_p	4:0:1	1/4	0	11795852869117260353
changed	1	sample_p	4:0:2	0/1	0	11795852869117260353
changed	1	sample_p	4:0:3	0/1	0	11795852869117260353
changed	1	sample_q	4:0:0	-1/20	0	11795852869117260353
changed	1	sample_q	4:0:1	-1/10	0	11795852869117260353
changed	1	sample_q	4:0:2	-1/20	0	11795852869117260353
changed	1	sample_q	4:0:3	0/1	0	11795852869117260353
changed	1	sample_q	4:0:4	0/1	0	11795852869117260353
changed	1	sample_p	4:1:0	0/1	0	11795852869117260354
changed	1	sample_p	4:1:1	1/4	0	11795852869117260354
changed	1	sample_p	4:1:2	1/4	0	11795852869117260354
changed	1	sample_p	4:1:3	0/1	0	11795852869117260354
changed	1	sample_q	4:1:0	0/1	0	11795852869117260354
changed	1	sample_q	4:1:1	-1/20	0	11795852869117260354
changed	1	sample_q	4:1:2	-1/10	0	11795852869117260354
changed	1	sample_q	4:1:3	-1/20	0	11795852869117260354
changed	1	sample_q	4:1:4	0/1	0	11795852869117260354
changed	1	sample_p	4:2:0	0/1	0	11795852869117260355
changed	1	sample_p	4:2:1	0/1	0	11795852869117260355
changed	1	sample_p	4:2:2	1/4	0	11795852869117260355
changed	1	sample_p	4:2:3	1/4	0	11795852869117260355
changed	1	sample_q	4:2:0	0/1	0	11795852869117260355
changed	1	sample_q	4:2:1	0/1	0	11795852869117260355
changed	1	sample_q	4:2:2	-1/20	0	11795852869117260355
changed	1	sample_q	4:2:3	-1/10	0	11795852869117260355
changed	1	sample_q	4:2:4	-1/20	0	11795852869117260355
changed	1	sample_p	4:3:0	-1/4	0	11795852869117260356
changed	1	sample_p	4:3:1	-1/1	0	11795852869117260356
changed	1	sample_p	4:3:2	-3/2	0	11795852869117260356
changed	1	sample_p	4:3:3	-3/4	0	11795852869117260356
changed	1	sample_q	4:3:0	3/20	0	11795852869117260356
changed	1	sample_q	4:3:1	1/4	0	11795852869117260356
changed	1	sample_q	4:3:2	1/2	0	11795852869117260356
changed	1	sample_q	4:3:3	9/20	0	11795852869117260356
changed	1	sample_q	4:3:4	3/20	0	11795852869117260356
changed	1	sample_p	5:0:0	4915/12436	1	11795852869117260354
changed	1	sample_p	5:0:1	7125/12436	1	11795852869117260354
changed	1	sample_p	5:0:2	1375/6218	1	11795852869117260354
changed	1	sample_p	5:0:3	125/3109	1	11795852869117260354
changed	1	sample_q	5:0:0	-903/12436	1	11795852869117260354
changed	1	sample_q	5:0:1	-602/3109	1	11795852869117260354
changed	1	sample_q	5:0:2	-1975/12436	1	11795852869117260354
changed	1	sample_q	5:0:3	-325/6218	1	11795852869117260354
changed	1	sample_q	5:0:4	-25/3109	1	11795852869117260354
changed	1	sample_p	5:1:0	-100/3109	1	11795852869117260355
changed	1	sample_p	5:1:1	2915/12436	1	11795852869117260355
changed	1	sample_p	5:1:2	4125/12436	1	11795852869117260355
changed	1	sample_p	5:1:3	375/6218	1	11795852869117260355
changed	1	sample_q	5:1:0	50/3109	1	11795852869117260355
changed	1	sample_q	5:1:1	-503/12436	1	11795852869117260355
changed	1	sample_q	5:1:2	-352/3109	1	11795852869117260355
changed	1	sample_q	5:1:3	-975/12436	1	11795852869117260355
changed	1	sample_q	5:1:4	-75/6218	1	11795852869117260355
changed	1	sample_p	5:2:0	-150/3109	1	11795852869117260356
changed	1	sample_p	5:2:1	-850/3109	1	11795852869117260356
changed	1	sample_p	5:2:2	-1585/12436	1	11795852869117260356
changed	1	sample_p	5:2:3	1125/12436	1	11795852869117260356
changed	1	sample_q	5:2:0	75/3109	1	11795852869117260356
changed	1	sample_q	5:2:1	200/3109	1	11795852869117260356
changed	1	sample_q	5:2:2	997/12436	1	11795852869117260356
changed	1	sample_q	5:2:3	23/3109	1	11795852869117260356
changed	1	sample_q	5:2:4	-225/12436	1	11795852869117260356
changed	1	sample_p	5:3:0	-225/3109	1	11795852869117260357
changed	1	sample_p	5:3:1	-1275/3109	1	11795852869117260357
changed	1	sample_p	5:3:2	-5075/6218	1	11795852869117260357
changed	1	sample_p	5:3:3	-6085/12436	1	11795852869117260357
changed	1	sample_q	5:3:0	225/6218	1	11795852869117260357
changed	1	sample_q	5:3:1	300/3109	1	11795852869117260357
changed	1	sample_q	5:3:2	1525/6218	1	11795852869117260357
changed	1	sample_q	5:3:3	3247/12436	1	11795852869117260357
changed	1	sample_q	5:3:4	1217/12436	1	11795852869117260357
changed	1	sample_p	6:0:0	2755/3484	2	11795852869117260355
changed	1	sample_p	6:0:1	14125/10452	2	11795852869117260355
changed	1	sample_p	6:0:2	2125/2613	2	11795852869117260355
changed	1	sample_p	6:0:3	500/2613	2	11795852869117260355
changed	1	sample_q	6:0:0	-1013/10452	2	11795852869117260355
changed	1	sample_q	6:0:1	-2239/5226	2	11795852869117260355
changed	1	sample_q	6:0:2	-4525/10452	2	11795852869117260355
changed	1	sample_q	6:0:3	-175/871	2	11795852869117260355
changed	1	sample_q	6:0:4	-100/2613	2	11795852869117260355
changed	1	sample_p	6:1:0	-100/871	2	11795852869117260356
changed	1	sample_p	6:1:1	265/10452	2	11795852869117260356
changed	1	sample_p	6:1:2	2125/10452	2	11795852869117260356
changed	1	sample_p	6:1:3	125/2613	2	11795852869117260356
changed	1	sample_q	6:1:0	100/2613	2	11795852869117260356
changed	1	sample_q	6:1:1	187/10452	2	11795852869117260356
changed	1	sample_q	6:1:2	-239/5226	2	11795852869117260356
changed	1	sample_q	6:1:3	-175/3484	2	11795852869117260356
changed	1	sample_q	6:1:4	-25/2613	2	11795852869117260356
changed	1	sample_p	6:2:0	-25/871	2	11795852869117260357
changed	1	sample_p	6:2:1	-800/2613	2	11795852869117260357
changed	1	sample_p	6:2:2	-2735/10452	2	11795852869117260357
changed	1	sample_p	6:2:3	125/10452	2	11795852869117260357
changed	1	sample_q	6:2:0	25/2613	2	11795852869117260357
changed	1	sample_q	6:2:1	175/2613	2	11795852869117260357
changed	1	sample_q	6:2:2	1187/10452	2	11795852869117260357
changed	1	sample_q	6:2:3	87/1742	2	11795852869117260357
changed	1	sample_q	6:2:4	-25/10452	2	11795852869117260357
changed	1	sample_p	6:3:0	-25/3484	2	11795852869117260358
changed	1	sample_p	6:3:1	-200/2613	2	11795852869117260358
changed	1	sample_p	6:3:2	-1975/5226	2	11795852869117260358
changed	1	sample_p	6:3:3	-3235/10452	2	11795852869117260358
changed	1	sample_q	6:3:0	25/10452	2	11795852869117260358
changed	1	sample_q	6:3:1	175/10452	2	11795852869117260358
changed	1	sample_q	6:3:2	475/5226	2	11795852869117260358
changed	1	sample_q	6:3:3	479/3484	2	11795852869117260358
changed	1	sample_q	6:3:4	647/10452	2	11795852869117260358
changed	1	sample_p	7:0:0	-14615/3052	3	11795852869117260356
changed	1	sample_p	7:0:1	-24125/3052	3	11795852869117260356
changed	1	sample_p	7:0:2	-8625/1526	3	11795852869117260356
changed	1	sample_p	7:0:3	-1125/763	3	11795852869117260356
changed	1	sample_q	7:0:0	1/4	3	11795852869117260356
changed	1	sample_q	7:0:1	1937/763	3	11795852869117260356
changed	1	sample_q	7:0:2	8275/3052	3	11795852869117260356
changed	1	sample_q	7:0:3	2175/1526	3	11795852869117260356
changed	1	sample_q	7:0:4	225/763	3	11795852869117260356
changed	1	sample_p	7:1:0	450/763	3	11795852869117260357
changed	1	sample_p	7:1:1	3385/3052	3	11795852869117260357
changed	1	sample_p	7:1:2	2875/3052	3	11795852869117260357
changed	1	sample_p	7:1:3	375/1526	3	11795852869117260357
changed	1	sample_q	7:1:0	0/1	3	11795852869117260357
changed	1	sample_q	7:1:1	-1037/3052	3	11795852869117260357
changed	1	sample_q	7:1:2	-313/763	3	11795852869117260357
changed	1	sample_q	7:1:3	-725/3052	3	11795852869117260357
changed	1	sample_q	7:1:4	-75/1526	3	11795852869117260357
changed	1	sample_p	7:2:0	-75/763	3	11795852869117260358
changed	1	sample_p	7:2:1	-300/763	3	11795852869117260358
changed	1	sample_p	7:2:2	-1115/3052	3	11795852869117260358
changed	1	sample_p	7:2:3	-125/3052	3	11795852869117260358
changed	1	sample_q	7:2:0	0/1	3	11795852869117260358
changed	1	sample_q	7:2:1	75/763	3	11795852869117260358
changed	1	sample_q	7:2:2	463/3052	3	11795852869117260358
changed	1	sample_q	7:2:3	62/763	3	11795852869117260358
changed	1	sample_q	7:2:4	25/3052	3	11795852869117260358
changed	1	sample_p	7:3:0	25/1526	3	11795852869117260359
changed	1	sample_p	7:3:1	50/763	3	11795852869117260359
changed	1	sample_p	7:3:2	-225/1526	3	11795852869117260359
changed	1	sample_p	7:3:3	-615/3052	3	11795852869117260359
changed	1	sample_q	7:3:0	0/1	3	11795852869117260359
changed	1	sample_q	7:3:1	-25/1526	3	11795852869117260359
changed	1	sample_q	7:3:2	25/1526	3	11795852869117260359
changed	1	sample_q	7:3:3	213/3052	3	11795852869117260359
changed	1	sample_q	7:3:4	123/3052	3	11795852869117260359
changed	1	sample_p	8:0:0	-26365/53036	4	11795852869117260357
changed	1	sample_p	8:0:1	-37125/53036	4	11795852869117260357
changed	1	sample_p	8:0:2	-7250/13259	4	11795852869117260357
changed	1	sample_p	8:0:3	-2000/13259	4	11795852869117260357
changed	1	sample_q	8:0:0	153/53036	4	11795852869117260357
changed	1	sample_q	8:0:1	6349/26518	4	11795852869117260357
changed	1	sample_q	8:0:2	13225/53036	4	11795852869117260357
changed	1	sample_q	8:0:3	1850/13259	4	11795852869117260357
changed	1	sample_q	8:0:4	400/13259	4	11795852869117260357
changed	1	sample_p	8:1:0	400/13259	4	11795852869117260358
changed	1	sample_p	8:1:1	5635/53036	4	11795852869117260358
changed	1	sample_p	8:1:2	10875/53036	4	11795852869117260358
changed	1	sample_p	8:1:3	750/13259	4	11795852869117260358
changed	1	sample_q	8:1:0	400/13259	4	11795852869117260358
changed	1	sample_q	8:1:1	-1447/53036	4	11795852869117260358
changed	1	sample_q	8:1:2	-1651/26518	4	11795852869117260358
changed	1	sample_q	8:1:3	-2775/53036	4	11795852869117260358
changed	1	sample_q	8:1:4	-150/13259	4	11795852869117260358
changed	1	sample_p	8:2:0	-150/13259	4	11795852869117260359
changed	1	sample_p	8:2:1	-2600/13259	4	11795852869117260359
changed	1	sample_p	8:2:2	-12365/53036	4	11795852869117260359
changed	1	sample_p	8:2:3	-1125/53036	4	11795852869117260359
changed	1	sample_q	8:2:0	-150/13259	4	11795852869117260359
changed	1	sample_q	8:2:1	550/13259	4	11795852869117260359
changed	1	sample_q	8:2:2	4553/53036	4	11795852869117260359
changed	1	sample_q	8:2:3	1349/26518	4	11795852869117260359
changed	1	sample_q	8:2:4	225/53036	4	11795852869117260359
changed	1	sample_p	8:3:0	225/53036	4	11795852869117260360
changed	1	sample_p	8:3:1	975/13259	4	11795852869117260360
changed	1	sample_p	8:3:2	-1825/26518	4	11795852869117260360
changed	1	sample_p	8:3:3	-7865/53036	4	11795852869117260360
changed	1	sample_q	8:3:0	225/53036	4	11795852869117260360
changed	1	sample_q	8:3:1	-825/53036	4	11795852869117260360
changed	1	sample_q	8:3:2	-25/26518	4	11795852869117260360
changed	1	sample_q	8:3:3	2303/53036	4	11795852869117260360
changed	1	sample_q	8:3:4	1573/53036	4	11795852869117260360
changed	1	sample_p	9:0:0	-1/4	5	11795852869117260413
changed	1	sample_p	9:0:1	-17/60	5	11795852869117260413
changed	1	sample_p	9:0:2	-7/30	5	11795852869117260413
changed	1	sample_p	9:0:3	-1/15	5	11795852869117260413
changed	1	sample_q	9:0:0	-1/300	5	11795852869117260413
changed	1	sample_q	9:0:1	8/75	5	11795852869117260413
changed	1	sample_q	9:0:2	31/300	5	11795852869117260413
changed	1	sample_q	9:0:3	3/50	5	11795852869117260413
changed	1	sample_q	9:0:4	1/75	5	11795852869117260413
changed	1	sample_p	9:1:0	0/1	5	11795852869117260413
changed	1	sample_p	9:1:1	1/60	5	11795852869117260413
changed	1	sample_p	9:1:2	7/60	5	11795852869117260413
changed	1	sample_p	9:1:3	1/30	5	11795852869117260413
changed	1	sample_q	9:1:0	2/75	5	11795852869117260413
changed	1	sample_q	9:1:1	-1/300	5	11795852869117260413
changed	1	sample_q	9:1:2	-2/75	5	11795852869117260413
changed	1	sample_q	9:1:3	-3/100	5	11795852869117260413
changed	1	sample_q	9:1:4	-1/150	5	11795852869117260413
changed	1	sample_p	9:2:0	0/1	5	11795852869117260413
changed	1	sample_p	9:2:1	-2/15	5	11795852869117260413
changed	1	sample_p	9:2:2	-11/60	5	11795852869117260413
changed	1	sample_p	9:2:3	-1/60	5	11795852869117260413
changed	1	sample_q	9:2:0	-1/75	5	11795852869117260413
changed	1	sample_q	9:2:1	2/75	5	11795852869117260413
changed	1	sample_q	9:2:2	19/300	5	11795852869117260413
changed	1	sample_q	9:2:3	1/25	5	11795852869117260413
changed	1	sample_q	9:2:4	1/300	5	11795852869117260413
changed	1	sample_p	9:3:0	0/1	5	11795852869117260413
changed	1	sample_p	9:3:1	1/15	5	11795852869117260413
changed	1	sample_p	9:3:2	-1/30	5	11795852869117260413
changed	1	sample_p	9:3:3	-7/60	5	11795852869117260413
changed	1	sample_q	9:3:0	1/150	5	11795852869117260413
changed	1	sample_q	9:3:1	-1/75	5	11795852869117260413
changed	1	sample_q	9:3:2	-1/150	5	11795852869117260413
changed	1	sample_q	9:3:3	3/100	5	11795852869117260413
changed	1	sample_q	9:3:4	7/300	5	11795852869117260413
changed	1	sample_p	10:0:0	-80465/485164	6	11795852869117260414
changed	1	sample_p	10:0:1	-72125/485164	6	11795852869117260414
changed	1	sample_p	10:0:2	-15375/121291	6	11795852869117260414
changed	1	sample_p	10:0:3	-4500/121291	6	11795852869117260414
changed	1	sample_q	10:0:0	-1187/485164	6	11795852869117260414
changed	1	sample_q	10:0:1	15259/242582	6	11795852869117260414
changed	1	sample_q	10:0:2	26725/485164	6	11795852869117260414
changed	1	sample_q	10:0:3	3975/121291	6	11795852869117260414
changed	1	sample_q	10:0:4	900/121291	6	11795852869117260414
changed	1	sample_p	10:1:0	-900/121291	6	11795852869117260414
changed	1	sample_p	10:1:1	-8465/485164	6	11795852869117260414
changed	1	sample_p	10:1:2	35875/485164	6	11795852869117260414
changed	1	sample_p	10:1:3	2625/121291	6	11795852869117260414
changed	1	sample_q	10:1:0	2700/121291	6	11795852869117260414
changed	1	sample_q	10:1:1	2413/485164	6	11795852869117260414
changed	1	sample_q	10:1:2	-2741/242582	6	11795852869117260414
changed	1	sample_q	10:1:3	-9275/485164	6	11795852869117260414
changed	1	sample_q	10:1:4	-525/121291	6	11795852869117260414
changed	1	sample_p	10:2:0	525/121291	6	11795852869117260414
changed	1	sample_p	10:2:1	-11400/121291	6	11795852869117260414
changed	1	sample_p	10:2:2	-71465/485164	6	11795852869117260414
changed	1	sample_p	10:2:3	-6125/485164	6	11795852869117260414
changed	1	sample_q	10:2:0	-1575/121291	6	11795852869117260414
changed	1	sample_q	10:2:1	2175/121291	6	11795852869117260414
changed	1	sample_q	10:2:2	23413/485164	6	11795852869117260414
changed	1	sample_q	10:2:3	7759/242582	6	11795852869117260414
changed	1	sample_q	10:2:4	1225/485164	6	11795852869117260414
changed	1	sample_p	10:3:0	-1225/485164	6	11795852869117260414
changed	1	sample_p	10:3:1	6650/121291	6	11795852869117260414
changed	1	sample_p	10:3:2	-4425/242582	6	11795852869117260414
changed	1	sample_p	10:3:3	-46965/485164	6	11795852869117260414
changed	1	sample_q	10:3:0	3675/485164	6	11795852869117260414
changed	1	sample_q	10:3:1	-5075/485164	6	11795852869117260414
changed	1	sample_q	10:3:2	-1775/242582	6	11795852869117260414
changed	1	sample_q	10:3:3	11163/485164	6	11795852869117260414
changed	1	sample_q	10:3:4	9393/485164	6	11795852869117260414
changed	1	reduction_p	0	0	25000	1
changed	1	reduction_p	0	1	10000	1
changed	1	reduction_p	0	2	4000	1
changed	1	reduction_p	0	3	0	1
changed	1	reduction_p	0	4	320	1
changed	1	reduction_p	1	0	25000	1
changed	1	reduction_p	1	1	20000	1
changed	1	reduction_p	1	2	12000	1
changed	1	reduction_p	2	0	0	1
changed	1	reduction_p	2	1	10000	1
changed	1	reduction_p	2	2	12000	1
changed	1	reduction_p	3	0	0	1
changed	1	reduction_p	3	1	0	1
changed	1	reduction_p	3	2	4000	1
changed	1	reduction_q	0	0	-5000	1
changed	1	reduction_q	0	1	-2000	1
changed	1	reduction_q	0	2	-800	1
changed	1	reduction_q	0	3	640	1
changed	1	reduction_q	0	4	-64	1
changed	1	reduction_q	1	0	-10000	1
changed	1	reduction_q	1	1	-6000	1
changed	1	reduction_q	1	2	-3200	1
changed	1	reduction_q	1	3	0	1
changed	1	reduction_q	1	4	-64	1
changed	1	reduction_q	2	0	-5000	1
changed	1	reduction_q	2	1	-6000	1
changed	1	reduction_q	2	2	-4800	1
changed	1	reduction_q	3	0	0	1
changed	1	reduction_q	3	1	-2000	1
changed	1	reduction_q	3	2	-3200	1
changed	1	reduction_q	4	0	0	1
changed	1	reduction_q	4	1	0	1
changed	1	reduction_q	4	2	-800	1
changed	1	reduction_p	4	0	0	1
changed	1	reduction_p	4	1	0	1
changed	1	reduction_p	4	2	-4000	1
changed	1	reduction_p	4	3	800	1
changed	1	reduction_p	5	0	25000	1
changed	1	reduction_p	5	1	10000	1
changed	1	reduction_p	5	2	-12000	1
changed	1	reduction_p	5	3	0	1
changed	1	reduction_p	5	4	320	1
changed	1	reduction_p	6	0	25000	1
changed	1	reduction_p	6	1	20000	1
changed	1	reduction_p	6	2	-12000	1
changed	1	reduction_p	7	0	0	1
changed	1	reduction_p	7	1	10000	1
changed	1	reduction_p	7	2	-4000	1
changed	1	reduction_q	5	0	0	1
changed	1	reduction_q	5	1	0	1
changed	1	reduction_q	5	2	2400	1
changed	1	reduction_q	5	3	-800	1
changed	1	reduction_q	6	0	-5000	1
changed	1	reduction_q	6	1	-2000	1
changed	1	reduction_q	6	2	3200	1
changed	1	reduction_q	6	3	-160	1
changed	1	reduction_q	6	4	-64	1
changed	1	reduction_q	7	0	-10000	1
changed	1	reduction_q	7	1	-6000	1
changed	1	reduction_q	7	2	4800	1
changed	1	reduction_q	7	3	0	1
changed	1	reduction_q	7	4	-64	1
changed	1	reduction_q	8	0	-5000	1
changed	1	reduction_q	8	1	-6000	1
changed	1	reduction_q	8	2	3200	1
changed	1	reduction_q	9	0	0	1
changed	1	reduction_q	9	1	-2000	1
changed	1	reduction_q	9	2	800	1
changed	1	reduction_p	8	0	0	1
changed	1	reduction_p	8	1	-10000	1
changed	1	reduction_p	8	2	6000	1
changed	1	reduction_p	8	3	-800	1
changed	1	reduction_p	9	0	0	1
changed	1	reduction_p	9	1	-40000	1
changed	1	reduction_p	9	2	12000	1
changed	1	reduction_p	9	3	800	1
changed	1	reduction_p	10	0	25000	1
changed	1	reduction_p	10	1	-50000	1
changed	1	reduction_p	10	2	12000	1
changed	1	reduction_p	10	3	0	1
changed	1	reduction_p	10	4	320	1
changed	1	reduction_p	11	0	25000	1
changed	1	reduction_p	11	1	-20000	1
changed	1	reduction_p	11	2	4000	1
changed	1	reduction_q	10	0	0	1
changed	1	reduction_q	10	1	6000	1
changed	1	reduction_q	10	2	-4400	1
changed	1	reduction_q	10	3	800	1
changed	1	reduction_q	11	0	0	1
changed	1	reduction_q	11	1	10000	1
changed	1	reduction_q	11	2	-3600	1
changed	1	reduction_q	12	0	-5000	1
changed	1	reduction_q	12	1	18000	1
changed	1	reduction_q	12	2	-4800	1
changed	1	reduction_q	12	3	-160	1
changed	1	reduction_q	12	4	-64	1
changed	1	reduction_q	13	0	-10000	1
changed	1	reduction_q	13	1	14000	1
changed	1	reduction_q	13	2	-3200	1
changed	1	reduction_q	13	3	0	1
changed	1	reduction_q	13	4	-64	1
changed	1	reduction_q	14	0	-5000	1
changed	1	reduction_q	14	1	4000	1
changed	1	reduction_q	14	2	-800	1
changed	1	reduction_p	12	0	-25000	1
changed	1	reduction_p	12	1	25000	1
changed	1	reduction_p	12	2	-8000	1
changed	1	reduction_p	12	3	800	1
changed	1	reduction_p	13	0	-100000	1
changed	1	reduction_p	13	1	70000	1
changed	1	reduction_p	13	2	-10000	1
changed	1	reduction_p	13	3	-800	1
changed	1	reduction_p	14	0	-150000	1
changed	1	reduction_p	14	1	80000	1
changed	1	reduction_p	14	2	-12000	1
changed	1	reduction_p	14	3	800	1
changed	1	reduction_p	15	0	-75000	1
changed	1	reduction_p	15	1	30000	1
changed	1	reduction_p	15	2	-4000	1
changed	1	reduction_p	15	3	0	1
changed	1	reduction_p	15	4	320	1
changed	1	reduction_q	15	0	15000	1
changed	1	reduction_q	15	1	-17000	1
changed	1	reduction_q	15	2	6400	1
changed	1	reduction_q	15	3	-800	1
changed	1	reduction_q	16	0	25000	1
changed	1	reduction_q	16	1	-19000	1
changed	1	reduction_q	16	2	3600	1
changed	1	reduction_q	17	0	50000	1
changed	1	reduction_q	17	1	-30000	1
changed	1	reduction_q	17	2	4400	1
changed	1	reduction_q	18	0	45000	1
changed	1	reduction_q	18	1	-22000	1
changed	1	reduction_q	18	2	3200	1
changed	1	reduction_q	18	3	-160	1
changed	1	reduction_q	18	4	-64	1
changed	1	reduction_q	19	0	15000	1
changed	1	reduction_q	19	1	-6000	1
changed	1	reduction_q	19	2	800	1
changed	1	reduction_q	19	3	0	1
changed	1	reduction_q	19	4	-64	1
changed	1	connection	0	0	5000	1
changed	1	connection	0	1	-2000	1
changed	1	connection	0	2	-2400	1
changed	1	connection	0	3	0	1
changed	1	connection	0	4	192	1
changed	1	connection	1	0	5000	1
changed	1	connection	1	1	-4000	1
changed	1	connection	1	2	-7200	1
changed	1	connection	2	0	0	1
changed	1	connection	2	1	-2000	1
changed	1	connection	2	2	-7200	1
changed	1	connection	3	0	0	1
changed	1	connection	3	1	0	1
changed	1	connection	3	2	-2400	1
changed	1	connection	4	0	-10000	1
changed	1	connection	4	1	-4000	1
changed	1	connection	4	2	2400	1
changed	1	connection	4	3	480	1
changed	1	connection	4	4	-128	1
changed	1	connection	5	0	-15000	1
changed	1	connection	5	1	-14000	1
changed	1	connection	5	2	7200	1
changed	1	connection	5	3	0	1
changed	1	connection	5	4	64	1
changed	1	connection	6	0	-5000	1
changed	1	connection	6	1	-16000	1
changed	1	connection	6	2	7200	1
changed	1	connection	7	0	0	1
changed	1	connection	7	1	-6000	1
changed	1	connection	7	2	2400	1
changed	1	connection	8	0	0	1
changed	1	connection	8	1	10000	1
changed	1	connection	8	2	-1200	1
changed	1	connection	8	3	-800	1
changed	1	connection	9	0	-20000	1
changed	1	connection	9	1	32000	1
changed	1	connection	9	2	-7200	1
changed	1	connection	9	3	160	1
changed	1	connection	9	4	-256	1
changed	1	connection	10	0	-35000	1
changed	1	connection	10	1	34000	1
changed	1	connection	10	2	-7200	1
changed	1	connection	10	3	0	1
changed	1	connection	10	4	-64	1
changed	1	connection	11	0	-15000	1
changed	1	connection	11	1	12000	1
changed	1	connection	11	2	-2400	1
changed	1	connection	12	0	25000	1
changed	1	connection	12	1	-13000	1
changed	1	connection	12	2	-800	1
changed	1	connection	12	3	800	1
changed	1	connection	13	0	100000	1
changed	1	connection	13	1	-50000	1
changed	1	connection	13	2	7600	1
changed	1	connection	13	3	-800	1
changed	1	connection	14	0	120000	1
changed	1	connection	14	1	-52000	1
changed	1	connection	14	2	7200	1
changed	1	connection	14	3	-160	1
changed	1	connection	14	4	-384	1
changed	1	connection	15	0	45000	1
changed	1	connection	15	1	-18000	1
changed	1	connection	15	2	2400	1
changed	1	connection	15	3	0	1
changed	1	connection	15	4	-192	1
changed	1	scalar	0	0	0	1
changed	1	scalar	0	1	-29601	1
changed	1	scalar	1	0	0	1
changed	1	scalar	1	1	0	1
changed	1	scalar	1	2	-264000	1
changed	1	scalar	2	0	0	1
changed	1	scalar	2	1	0	1
changed	1	scalar	2	2	0	1
changed	1	scalar	2	3	-247680	1
changed	1	scalar	3	0	0	1
changed	1	scalar	3	1	0	1
changed	1	scalar	3	2	0	1
changed	1	scalar	3	3	0	1
changed	1	scalar	3	4	-61440	1
changed	1	scalar	4	0	800000	1
changed	1	scalar	4	1	0	1
changed	1	scalar	4	2	0	1
changed	1	scalar	4	3	0	1
changed	1	scalar	4	4	0	1
changed	1	scalar	4	5	-4096	1
changed	1	indicial	finite:0	0	exact	11795852869117260669
changed	1	indicial	infinity:0	29601	exact	11795852869117260669
changed	1	indicial	finite:1	0	exact	11795852869117260669
changed	1	indicial	infinity:1	114624	exact	11795852869117260669
changed	1	indicial	finite:2	2	exact	11795852869117260669
changed	1	indicial	infinity:2	108416	exact	11795852869117260669
changed	1	indicial	finite:3	-3	exact	11795852869117260669
changed	1	indicial	infinity:3	36864	exact	11795852869117260669
changed	1	indicial	finite:4	1	exact	11795852869117260669
changed	1	indicial	infinity:4	4096	exact	11795852869117260669
changed	1	series	0:0	1/1	local	11795852869117260605
changed	1	series	0:1	0/1	local	11795852869117260605
changed	1	series	0:2	0/1	local	11795852869117260605
changed	1	series	0:3	0/1	local	11795852869117260605
changed	1	series	0:4	0/1	local	11795852869117260605
changed	1	series	0:5	9867/32000000	local	11795852869117260605
changed	1	series	0:6	0/1	local	11795852869117260605
changed	1	series	0:7	0/1	local	11795852869117260605
changed	1	series	0:8	0/1	local	11795852869117260605
changed	1	series	0:9	0/1	local	11795852869117260605
changed	1	series	0:10	1641543189/2048000000000000	local	11795852869117260605
changed	1	series	1:0	0/1	local	11795852869117260605
changed	1	series	1:1	1/1	local	11795852869117260605
changed	1	series	1:2	0/1	local	11795852869117260605
changed	1	series	1:3	0/1	local	11795852869117260605
changed	1	series	1:4	0/1	local	11795852869117260605
changed	1	series	1:5	0/1	local	11795852869117260605
changed	1	series	1:6	97867/96000000	local	11795852869117260605
changed	1	series	1:7	0/1	local	11795852869117260605
changed	1	series	1:8	0/1	local	11795852869117260605
changed	1	series	1:9	0/1	local	11795852869117260605
changed	1	series	1:10	0/1	local	11795852869117260605
changed	1	series	2:0	0/1	local	11795852869117260605
changed	1	series	2:1	0/1	local	11795852869117260605
changed	1	series	2:2	1/1	local	11795852869117260605
changed	1	series	2:3	0/1	local	11795852869117260605
changed	1	series	2:4	0/1	local	11795852869117260605
changed	1	series	2:5	0/1	local	11795852869117260605
changed	1	series	2:6	0/1	local	11795852869117260605
changed	1	series	2:7	50141/32000000	local	11795852869117260605
changed	1	series	2:8	0/1	local	11795852869117260605
changed	1	series	2:9	0/1	local	11795852869117260605
changed	1	series	2:10	0/1	local	11795852869117260605
changed	1	series	3:0	0/1	local	11795852869117260605
changed	1	series	3:1	0/1	local	11795852869117260605
changed	1	series	3:2	0/1	local	11795852869117260605
changed	1	series	3:3	1/1	local	11795852869117260605
changed	1	series	3:4	0/1	local	11795852869117260605
changed	1	series	3:5	0/1	local	11795852869117260605
changed	1	series	3:6	0/1	local	11795852869117260605
changed	1	series	3:7	0/1	local	11795852869117260605
changed	1	series	3:8	892107/448000000	local	11795852869117260605
changed	1	series	3:9	0/1	local	11795852869117260605
changed	1	series	3:10	0/1	local	11795852869117260605
changed	1	residue	0:0:0	-3/40	4a5=2	11795852869117260733
changed	1	residue	0:0:1	0/1	4a5=2	11795852869117260733
changed	1	residue	0:0:2	3/20	4a5=2	11795852869117260733
changed	1	residue	0:0:3	1/20	4a5=2	11795852869117260733
changed	1	residue	0:0:4	-1/20	4a5=2	11795852869117260733
changed	1	residue	0:1:0	0/1	4a5=2	11795852869117260733
changed	1	residue	0:1:1	0/1	4a5=2	11795852869117260733
changed	1	residue	0:1:2	9/20	4a5=2	11795852869117260733
changed	1	residue	0:1:3	1/10	4a5=2	11795852869117260733
changed	1	residue	0:1:4	-1/20	4a5=2	11795852869117260733
changed	1	residue	0:2:0	0/1	4a5=2	11795852869117260733
changed	1	residue	0:2:1	0/1	4a5=2	11795852869117260733
changed	1	residue	0:2:2	9/20	4a5=2	11795852869117260733
changed	1	residue	0:2:3	1/20	4a5=2	11795852869117260733
changed	1	residue	0:2:4	0/1	4a5=2	11795852869117260733
changed	1	residue	0:3:0	0/1	4a5=2	11795852869117260733
changed	1	residue	0:3:1	0/1	4a5=2	11795852869117260733
changed	1	residue	0:3:2	3/20	4a5=2	11795852869117260733
changed	1	residue	0:3:3	0/1	4a5=2	11795852869117260733
changed	1	residue	0:3:4	0/1	4a5=2	11795852869117260733
changed	1	residue	1:0:0	1/20	4a5=2	11795852869117260733
changed	1	residue	1:0:1	-3/40	4a5=2	11795852869117260733
changed	1	residue	1:0:2	-3/20	4a5=2	11795852869117260733
changed	1	residue	1:0:3	1/10	4a5=2	11795852869117260733
changed	1	residue	1:0:4	1/10	4a5=2	11795852869117260733
changed	1	residue	1:1:0	-1/40	4a5=2	11795852869117260733
changed	1	residue	1:1:1	0/1	4a5=2	11795852869117260733
changed	1	residue	1:1:2	-9/20	4a5=2	11795852869117260733
changed	1	residue	1:1:3	7/20	4a5=2	11795852869117260733
changed	1	residue	1:1:4	3/20	4a5=2	11795852869117260733
changed	1	residue	1:2:0	0/1	4a5=2	11795852869117260733
changed	1	residue	1:2:1	0/1	4a5=2	11795852869117260733
changed	1	residue	1:2:2	-9/20	4a5=2	11795852869117260733
changed	1	residue	1:2:3	2/5	4a5=2	11795852869117260733
changed	1	residue	1:2:4	1/20	4a5=2	11795852869117260733
changed	1	residue	1:3:0	0/1	4a5=2	11795852869117260733
changed	1	residue	1:3:1	0/1	4a5=2	11795852869117260733
changed	1	residue	1:3:2	-3/20	4a5=2	11795852869117260733
changed	1	residue	1:3:3	3/20	4a5=2	11795852869117260733
changed	1	residue	1:3:4	0/1	4a5=2	11795852869117260733
changed	1	residue	2:0:0	0/1	4a5=2	11795852869117260733
changed	1	residue	2:0:1	1/8	4a5=2	11795852869117260733
changed	1	residue	2:0:2	3/40	4a5=2	11795852869117260733
changed	1	residue	2:0:3	-1/4	4a5=2	11795852869117260733
changed	1	residue	2:0:4	0/1	4a5=2	11795852869117260733
changed	1	residue	2:1:0	1/10	4a5=2	11795852869117260733
changed	1	residue	2:1:1	-1/40	4a5=2	11795852869117260733
changed	1	residue	2:1:2	9/20	4a5=2	11795852869117260733
changed	1	residue	2:1:3	-4/5	4a5=2	11795852869117260733
changed	1	residue	2:1:4	1/5	4a5=2	11795852869117260733
changed	1	residue	2:2:0	1/40	4a5=2	11795852869117260733
changed	1	residue	2:2:1	0/1	4a5=2	11795852869117260733
changed	1	residue	2:2:2	9/20	4a5=2	11795852869117260733
changed	1	residue	2:2:3	-17/20	4a5=2	11795852869117260733
changed	1	residue	2:2:4	7/20	4a5=2	11795852869117260733
changed	1	residue	2:3:0	0/1	4a5=2	11795852869117260733
changed	1	residue	2:3:1	0/1	4a5=2	11795852869117260733
changed	1	residue	2:3:2	3/20	4a5=2	11795852869117260733
changed	1	residue	2:3:3	-3/10	4a5=2	11795852869117260733
changed	1	residue	2:3:4	3/20	4a5=2	11795852869117260733
changed	1	residue	3:0:0	0/1	4a5=2	11795852869117260733
changed	1	residue	3:0:1	-1/8	4a5=2	11795852869117260733
changed	1	residue	3:0:2	1/20	4a5=2	11795852869117260733
changed	1	residue	3:0:3	13/40	4a5=2	11795852869117260733
changed	1	residue	3:0:4	-1/4	4a5=2	11795852869117260733
changed	1	residue	3:1:0	0/1	4a5=2	11795852869117260733
changed	1	residue	3:1:1	1/8	4a5=2	11795852869117260733
changed	1	residue	3:1:2	-19/40	4a5=2	11795852869117260733
changed	1	residue	3:1:3	5/4	4a5=2	11795852869117260733
changed	1	residue	3:1:4	-1/1	4a5=2	11795852869117260733
changed	1	residue	3:2:0	3/20	4a5=2	11795852869117260733
changed	1	residue	3:2:1	1/40	4a5=2	11795852869117260733
changed	1	residue	3:2:2	-9/20	4a5=2	11795852869117260733
changed	1	residue	3:2:3	13/10	4a5=2	11795852869117260733
changed	1	residue	3:2:4	-6/5	4a5=2	11795852869117260733
changed	1	residue	3:3:0	3/40	4a5=2	11795852869117260733
changed	1	residue	3:3:1	0/1	4a5=2	11795852869117260733
changed	1	residue	3:3:2	-3/20	4a5=2	11795852869117260733
changed	1	residue	3:3:3	9/20	4a5=2	11795852869117260733
changed	1	residue	3:3:4	-9/20	4a5=2	11795852869117260733
changed	1	local_module	0	generic_cotangent_rank:1,singular_cotangent_rank:2,hessian_unit:1	syzygy:1	11795852869117260222
baseline	-	rational_rechart	0	1,1,1	1	5144961664524968697
baseline	-	gaussian_rechart	0	-1,0,-1	1	5144961664524968698
changed	-	rational_rechart	0	1,1,1	1	5144961664524968697
baseline	-	invariant_fiber	0	195400	complete	194800
baseline	-	invariant_fiber	1	195401	complete	194800
baseline	-	invariant_fiber	2	195402	complete	194800
