owner	kind	row	column	value	lineage
matching	injection	0	0	0:0,0,0:weight=1	4199198563578252294
matching	injection	0	1	0:0,0,0:weight=1	4199198563578252295
matching	injection	0	2	0:0,0,0:weight=1	4199198563578252296
matching	injection	0	3	0:0,0,0:weight=1	4199198563578252297
matching	injection	0	4	0:0,0,0:weight=1	4199198563578252298
matching	injection	0	5	0:0,0,0:weight=1	4199198563578252299
matching	injection	0	6	0:0,0,0:weight=1	4199198563578252300
matching	injection	1	0	1:1,0,0:weight=2	4199198563578252301
matching	injection	1	0	1:2,0,0:weight=3	4199198563578252302
matching	injection	1	0	1:3,0,0:weight=4	4199198563578252303
matching	injection	1	0	1:4,0,0:weight=5	4199198563578252304
matching	injection	1	0	1:5,0,0:weight=6	4199198563578252305
matching	injection	1	0	1:6,0,0:weight=7	4199198563578252306
matching	injection	1	1	1:0,0,0:weight=1	4199198563578252307
matching	injection	1	1	1:2,0,0:weight=3	4199198563578252308
matching	injection	1	1	1:3,0,0:weight=4	4199198563578252309
matching	injection	1	1	1:4,0,0:weight=5	4199198563578252310
matching	injection	1	1	1:5,0,0:weight=6	4199198563578252311
matching	injection	1	1	1:6,0,0:weight=7	4199198563578252312
matching	injection	1	2	1:0,0,0:weight=1	4199198563578252313
matching	injection	1	2	1:1,0,0:weight=2	4199198563578252314
matching	injection	1	2	1:3,0,0:weight=4	4199198563578252315
matching	injection	1	2	1:4,0,0:weight=5	4199198563578252316
matching	injection	1	2	1:5,0,0:weight=6	4199198563578252317
matching	injection	1	2	1:6,0,0:weight=7	4199198563578252318
matching	injection	1	3	1:0,0,0:weight=1	4199198563578252319
matching	injection	1	3	1:1,0,0:weight=2	4199198563578252320
matching	injection	1	3	1:2,0,0:weight=3	4199198563578252321
matching	injection	1	3	1:4,0,0:weight=5	4199198563578252322
matching	injection	1	3	1:5,0,0:weight=6	4199198563578252323
matching	injection	1	3	1:6,0,0:weight=7	4199198563578252324
matching	injection	1	4	1:0,0,0:weight=1	4199198563578252325
matching	injection	1	4	1:1,0,0:weight=2	4199198563578252326
matching	injection	1	4	1:2,0,0:weight=3	4199198563578252327
matching	injection	1	4	1:3,0,0:weight=4	4199198563578252328
matching	injection	1	4	1:5,0,0:weight=6	4199198563578252329
matching	injection	1	4	1:6,0,0:weight=7	4199198563578252330
matching	injection	1	5	1:0,0,0:weight=1	4199198563578252331
matching	injection	1	5	1:1,0,0:weight=2	4199198563578252332
matching	injection	1	5	1:2,0,0:weight=3	4199198563578252333
matching	injection	1	5	1:3,0,0:weight=4	4199198563578252334
matching	injection	1	5	1:4,0,0:weight=5	4199198563578252335
matching	injection	1	5	1:6,0,0:weight=7	4199198563578252336
matching	injection	1	6	1:0,0,0:weight=1	4199198563578252337
matching	injection	1	6	1:1,0,0:weight=2	4199198563578252338
matching	injection	1	6	1:2,0,0:weight=3	4199198563578252339
matching	injection	1	6	1:3,0,0:weight=4	4199198563578252340
matching	injection	1	6	1:4,0,0:weight=5	4199198563578252341
matching	injection	1	6	1:5,0,0:weight=6	4199198563578252342
matching	injection	2	0	1:1,0,0:weight=4	4199198563578252343
matching	injection	2	0	1:2,0,0:weight=9	4199198563578252344
matching	injection	2	0	1:3,0,0:weight=16	4199198563578252345
matching	injection	2	0	1:4,0,0:weight=25	4199198563578252346
matching	injection	2	0	1:5,0,0:weight=36	4199198563578252347
matching	injection	2	0	1:6,0,0:weight=49	4199198563578252348
matching	injection	2	1	1:0,0,0:weight=1	4199198563578252349
matching	injection	2	1	1:2,0,0:weight=9	4199198563578252350
matching	injection	2	1	1:3,0,0:weight=16	4199198563578252351
matching	injection	2	1	1:4,0,0:weight=25	4199198563578252352
matching	injection	2	1	1:5,0,0:weight=36	4199198563578252353
matching	injection	2	1	1:6,0,0:weight=49	4199198563578252354
matching	injection	2	2	1:0,0,0:weight=1	4199198563578252355
matching	injection	2	2	1:1,0,0:weight=4	4199198563578252356
matching	injection	2	2	1:3,0,0:weight=16	4199198563578252357
matching	injection	2	2	1:4,0,0:weight=25	4199198563578252358
matching	injection	2	2	1:5,0,0:weight=36	4199198563578252359
matching	injection	2	2	1:6,0,0:weight=49	4199198563578252360
matching	injection	2	3	1:0,0,0:weight=1	4199198563578252361
matching	injection	2	3	1:1,0,0:weight=4	4199198563578252362
matching	injection	2	3	1:2,0,0:weight=9	4199198563578252363
matching	injection	2	3	1:4,0,0:weight=25	4199198563578252364
matching	injection	2	3	1:5,0,0:weight=36	4199198563578252365
matching	injection	2	3	1:6,0,0:weight=49	4199198563578252366
matching	injection	2	4	1:0,0,0:weight=1	4199198563578252367
matching	injection	2	4	1:1,0,0:weight=4	4199198563578252368
matching	injection	2	4	1:2,0,0:weight=9	4199198563578252369
matching	injection	2	4	1:3,0,0:weight=16	4199198563578252370
matching	injection	2	4	1:5,0,0:weight=36	4199198563578252371
matching	injection	2	4	1:6,0,0:weight=49	4199198563578252372
matching	injection	2	5	1:0,0,0:weight=1	4199198563578252373
matching	injection	2	5	1:1,0,0:weight=4	4199198563578252374
matching	injection	2	5	1:2,0,0:weight=9	4199198563578252375
matching	injection	2	5	1:3,0,0:weight=16	4199198563578252376
matching	injection	2	5	1:4,0,0:weight=25	4199198563578252377
matching	injection	2	5	1:6,0,0:weight=49	4199198563578252378
matching	injection	2	6	1:0,0,0:weight=1	4199198563578252379
matching	injection	2	6	1:1,0,0:weight=4	4199198563578252380
matching	injection	2	6	1:2,0,0:weight=9	4199198563578252381
matching	injection	2	6	1:3,0,0:weight=16	4199198563578252382
matching	injection	2	6	1:4,0,0:weight=25	4199198563578252383
matching	injection	2	6	1:5,0,0:weight=36	4199198563578252384
matching	injection	3	0	2:1,2,0:weight=18	4199198563578252385
matching	injection	3	0	2:1,3,0:weight=32	4199198563578252386
matching	injection	3	0	2:1,4,0:weight=50	4199198563578252387
matching	injection	3	0	2:1,5,0:weight=72	4199198563578252388
matching	injection	3	0	2:1,6,0:weight=98	4199198563578252389
matching	injection	3	0	2:2,1,0:weight=12	4199198563578252390
matching	injection	3	0	2:2,3,0:weight=48	4199198563578252391
matching	injection	3	0	2:2,4,0:weight=75	4199198563578252392
matching	injection	3	0	2:2,5,0:weight=108	4199198563578252393
matching	injection	3	0	2:2,6,0:weight=147	4199198563578252394
matching	injection	3	0	2:3,1,0:weight=16	4199198563578252395
matching	injection	3	0	2:3,2,0:weight=36	4199198563578252396
matching	injection	3	0	2:3,4,0:weight=100	4199198563578252397
matching	injection	3	0	2:3,5,0:weight=144	4199198563578252398
matching	injection	3	0	2:3,6,0:weight=196	4199198563578252399
matching	injection	3	0	2:4,1,0:weight=20	4199198563578252400
matching	injection	3	0	2:4,2,0:weight=45	4199198563578252401
matching	injection	3	0	2:4,3,0:weight=80	4199198563578252402
matching	injection	3	0	2:4,5,0:weight=180	4199198563578252403
matching	injection	3	0	2:4,6,0:weight=245	4199198563578252404
matching	injection	3	0	2:5,1,0:weight=24	4199198563578252405
matching	injection	3	0	2:5,2,0:weight=54	4199198563578252406
matching	injection	3	0	2:5,3,0:weight=96	4199198563578252407
matching	injection	3	0	2:5,4,0:weight=150	4199198563578252408
matching	injection	3	0	2:5,6,0:weight=294	4199198563578252409
matching	injection	3	0	2:6,1,0:weight=28	4199198563578252410
matching	injection	3	0	2:6,2,0:weight=63	4199198563578252411
matching	injection	3	0	2:6,3,0:weight=112	4199198563578252412
matching	injection	3	0	2:6,4,0:weight=175	4199198563578252413
matching	injection	3	0	2:6,5,0:weight=252	4199198563578252414
matching	injection	3	1	2:0,2,0:weight=9	4199198563578252415
matching	injection	3	1	2:0,3,0:weight=16	4199198563578252416
matching	injection	3	1	2:0,4,0:weight=25	4199198563578252417
matching	injection	3	1	2:0,5,0:weight=36	4199198563578252418
matching	injection	3	1	2:0,6,0:weight=49	4199198563578252419
matching	injection	3	1	2:2,0,0:weight=3	4199198563578252420
matching	injection	3	1	2:2,3,0:weight=48	4199198563578252421
matching	injection	3	1	2:2,4,0:weight=75	4199198563578252422
matching	injection	3	1	2:2,5,0:weight=108	4199198563578252423
matching	injection	3	1	2:2,6,0:weight=147	4199198563578252424
matching	injection	3	1	2:3,0,0:weight=4	4199198563578252425
matching	injection	3	1	2:3,2,0:weight=36	4199198563578252426
matching	injection	3	1	2:3,4,0:weight=100	4199198563578252427
matching	injection	3	1	2:3,5,0:weight=144	4199198563578252428
matching	injection	3	1	2:3,6,0:weight=196	4199198563578252429
matching	injection	3	1	2:4,0,0:weight=5	4199198563578252430
matching	injection	3	1	2:4,2,0:weight=45	4199198563578252431
matching	injection	3	1	2:4,3,0:weight=80	4199198563578252432
matching	injection	3	1	2:4,5,0:weight=180	4199198563578252433
matching	injection	3	1	2:4,6,0:weight=245	4199198563578252434
matching	injection	3	1	2:5,0,0:weight=6	4199198563578252435
matching	injection	3	1	2:5,2,0:weight=54	4199198563578252436
matching	injection	3	1	2:5,3,0:weight=96	4199198563578252437
matching	injection	3	1	2:5,4,0:weight=150	4199198563578252438
matching	injection	3	1	2:5,6,0:weight=294	4199198563578252439
matching	injection	3	1	2:6,0,0:weight=7	4199198563578252440
matching	injection	3	1	2:6,2,0:weight=63	4199198563578252441
matching	injection	3	1	2:6,3,0:weight=112	4199198563578252442
matching	injection	3	1	2:6,4,0:weight=175	4199198563578252443
matching	injection	3	1	2:6,5,0:weight=252	4199198563578252444
matching	injection	3	2	2:0,1,0:weight=4	4199198563578252445
matching	injection	3	2	2:0,3,0:weight=16	4199198563578252446
matching	injection	3	2	2:0,4,0:weight=25	4199198563578252447
matching	injection	3	2	2:0,5,0:weight=36	4199198563578252448
matching	injection	3	2	2:0,6,0:weight=49	4199198563578252449
matching	injection	3	2	2:1,0,0:weight=2	4199198563578252450
matching	injection	3	2	2:1,3,0:weight=32	4199198563578252451
matching	injection	3	2	2:1,4,0:weight=50	4199198563578252452
matching	injection	3	2	2:1,5,0:weight=72	4199198563578252453
matching	injection	3	2	2:1,6,0:weight=98	4199198563578252454
matching	injection	3	2	2:3,0,0:weight=4	4199198563578252455
matching	injection	3	2	2:3,1,0:weight=16	4199198563578252456
matching	injection	3	2	2:3,4,0:weight=100	4199198563578252457
matching	injection	3	2	2:3,5,0:weight=144	4199198563578252458
matching	injection	3	2	2:3,6,0:weight=196	4199198563578252459
matching	injection	3	2	2:4,0,0:weight=5	4199198563578252460
matching	injection	3	2	2:4,1,0:weight=20	4199198563578252461
matching	injection	3	2	2:4,3,0:weight=80	4199198563578252462
matching	injection	3	2	2:4,5,0:weight=180	4199198563578252463
matching	injection	3	2	2:4,6,0:weight=245	4199198563578252464
matching	injection	3	2	2:5,0,0:weight=6	4199198563578252465
matching	injection	3	2	2:5,1,0:weight=24	4199198563578252466
matching	injection	3	2	2:5,3,0:weight=96	4199198563578252467
matching	injection	3	2	2:5,4,0:weight=150	4199198563578252468
matching	injection	3	2	2:5,6,0:weight=294	4199198563578252469
matching	injection	3	2	2:6,0,0:weight=7	4199198563578252470
matching	injection	3	2	2:6,1,0:weight=28	4199198563578252471
matching	injection	3	2	2:6,3,0:weight=112	4199198563578252472
matching	injection	3	2	2:6,4,0:weight=175	4199198563578252473
matching	injection	3	2	2:6,5,0:weight=252	4199198563578252474
matching	injection	3	3	2:0,1,0:weight=4	4199198563578252475
matching	injection	3	3	2:0,2,0:weight=9	4199198563578252476
matching	injection	3	3	2:0,4,0:weight=25	4199198563578252477
matching	injection	3	3	2:0,5,0:weight=36	4199198563578252478
matching	injection	3	3	2:0,6,0:weight=49	4199198563578252479
matching	injection	3	3	2:1,0,0:weight=2	4199198563578252480
matching	injection	3	3	2:1,2,0:weight=18	4199198563578252481
matching	injection	3	3	2:1,4,0:weight=50	4199198563578252482
matching	injection	3	3	2:1,5,0:weight=72	4199198563578252483
matching	injection	3	3	2:1,6,0:weight=98	4199198563578252484
matching	injection	3	3	2:2,0,0:weight=3	4199198563578252485
matching	injection	3	3	2:2,1,0:weight=12	4199198563578252486
matching	injection	3	3	2:2,4,0:weight=75	4199198563578252487
matching	injection	3	3	2:2,5,0:weight=108	4199198563578252488
matching	injection	3	3	2:2,6,0:weight=147	4199198563578252489
matching	injection	3	3	2:4,0,0:weight=5	4199198563578252490
matching	injection	3	3	2:4,1,0:weight=20	4199198563578252491
matching	injection	3	3	2:4,2,0:weight=45	4199198563578252492
matching	injection	3	3	2:4,5,0:weight=180	4199198563578252493
matching	injection	3	3	2:4,6,0:weight=245	4199198563578252494
matching	injection	3	3	2:5,0,0:weight=6	4199198563578252495
matching	injection	3	3	2:5,1,0:weight=24	4199198563578252496
matching	injection	3	3	2:5,2,0:weight=54	4199198563578252497
matching	injection	3	3	2:5,4,0:weight=150	4199198563578252498
matching	injection	3	3	2:5,6,0:weight=294	4199198563578252499
matching	injection	3	3	2:6,0,0:weight=7	4199198563578252500
matching	injection	3	3	2:6,1,0:weight=28	4199198563578252501
matching	injection	3	3	2:6,2,0:weight=63	4199198563578252502
matching	injection	3	3	2:6,4,0:weight=175	4199198563578252503
matching	injection	3	3	2:6,5,0:weight=252	4199198563578252504
matching	injection	3	4	2:0,1,0:weight=4	4199198563578252505
matching	injection	3	4	2:0,2,0:weight=9	4199198563578252506
matching	injection	3	4	2:0,3,0:weight=16	4199198563578252507
matching	injection	3	4	2:0,5,0:weight=36	4199198563578252508
matching	injection	3	4	2:0,6,0:weight=49	4199198563578252509
matching	injection	3	4	2:1,0,0:weight=2	4199198563578252510
matching	injection	3	4	2:1,2,0:weight=18	4199198563578252511
matching	injection	3	4	2:1,3,0:weight=32	4199198563578252512
matching	injection	3	4	2:1,5,0:weight=72	4199198563578252513
matching	injection	3	4	2:1,6,0:weight=98	4199198563578252514
matching	injection	3	4	2:2,0,0:weight=3	4199198563578252515
matching	injection	3	4	2:2,1,0:weight=12	4199198563578252516
matching	injection	3	4	2:2,3,0:weight=48	4199198563578252517
matching	injection	3	4	2:2,5,0:weight=108	4199198563578252518
matching	injection	3	4	2:2,6,0:weight=147	4199198563578252519
matching	injection	3	4	2:3,0,0:weight=4	4199198563578252520
matching	injection	3	4	2:3,1,0:weight=16	4199198563578252521
matching	injection	3	4	2:3,2,0:weight=36	4199198563578252522
matching	injection	3	4	2:3,5,0:weight=144	4199198563578252523
matching	injection	3	4	2:3,6,0:weight=196	4199198563578252524
matching	injection	3	4	2:5,0,0:weight=6	4199198563578252525
matching	injection	3	4	2:5,1,0:weight=24	4199198563578252526
matching	injection	3	4	2:5,2,0:weight=54	4199198563578252527
matching	injection	3	4	2:5,3,0:weight=96	4199198563578252528
matching	injection	3	4	2:5,6,0:weight=294	4199198563578252529
matching	injection	3	4	2:6,0,0:weight=7	4199198563578252530
matching	injection	3	4	2:6,1,0:weight=28	4199198563578252531
matching	injection	3	4	2:6,2,0:weight=63	4199198563578252532
matching	injection	3	4	2:6,3,0:weight=112	4199198563578252533
matching	injection	3	4	2:6,5,0:weight=252	4199198563578252534
matching	injection	3	5	2:0,1,0:weight=4	4199198563578252535
matching	injection	3	5	2:0,2,0:weight=9	4199198563578252536
matching	injection	3	5	2:0,3,0:weight=16	4199198563578252537
matching	injection	3	5	2:0,4,0:weight=25	4199198563578252538
matching	injection	3	5	2:0,6,0:weight=49	4199198563578252539
matching	injection	3	5	2:1,0,0:weight=2	4199198563578252540
matching	injection	3	5	2:1,2,0:weight=18	4199198563578252541
matching	injection	3	5	2:1,3,0:weight=32	4199198563578252542
matching	injection	3	5	2:1,4,0:weight=50	4199198563578252543
matching	injection	3	5	2:1,6,0:weight=98	4199198563578252544
matching	injection	3	5	2:2,0,0:weight=3	4199198563578252545
matching	injection	3	5	2:2,1,0:weight=12	4199198563578252546
matching	injection	3	5	2:2,3,0:weight=48	4199198563578252547
matching	injection	3	5	2:2,4,0:weight=75	4199198563578252548
matching	injection	3	5	2:2,6,0:weight=147	4199198563578252549
matching	injection	3	5	2:3,0,0:weight=4	4199198563578252550
matching	injection	3	5	2:3,1,0:weight=16	4199198563578252551
matching	injection	3	5	2:3,2,0:weight=36	4199198563578252552
matching	injection	3	5	2:3,4,0:weight=100	4199198563578252553
matching	injection	3	5	2:3,6,0:weight=196	4199198563578252554
matching	injection	3	5	2:4,0,0:weight=5	4199198563578252555
matching	injection	3	5	2:4,1,0:weight=20	4199198563578252556
matching	injection	3	5	2:4,2,0:weight=45	4199198563578252557
matching	injection	3	5	2:4,3,0:weight=80	4199198563578252558
matching	injection	3	5	2:4,6,0:weight=245	4199198563578252559
matching	injection	3	5	2:6,0,0:weight=7	4199198563578252560
matching	injection	3	5	2:6,1,0:weight=28	4199198563578252561
matching	injection	3	5	2:6,2,0:weight=63	4199198563578252562
matching	injection	3	5	2:6,3,0:weight=112	4199198563578252563
matching	injection	3	5	2:6,4,0:weight=175	4199198563578252564
matching	injection	3	6	2:0,1,0:weight=4	4199198563578252565
matching	injection	3	6	2:0,2,0:weight=9	4199198563578252566
matching	injection	3	6	2:0,3,0:weight=16	4199198563578252567
matching	injection	3	6	2:0,4,0:weight=25	4199198563578252568
matching	injection	3	6	2:0,5,0:weight=36	4199198563578252569
matching	injection	3	6	2:1,0,0:weight=2	4199198563578252570
matching	injection	3	6	2:1,2,0:weight=18	4199198563578252571
matching	injection	3	6	2:1,3,0:weight=32	4199198563578252572
matching	injection	3	6	2:1,4,0:weight=50	4199198563578252573
matching	injection	3	6	2:1,5,0:weight=72	4199198563578252574
matching	injection	3	6	2:2,0,0:weight=3	4199198563578252575
matching	injection	3	6	2:2,1,0:weight=12	4199198563578252576
matching	injection	3	6	2:2,3,0:weight=48	4199198563578252577
matching	injection	3	6	2:2,4,0:weight=75	4199198563578252578
matching	injection	3	6	2:2,5,0:weight=108	4199198563578252579
matching	injection	3	6	2:3,0,0:weight=4	4199198563578252580
matching	injection	3	6	2:3,1,0:weight=16	4199198563578252581
matching	injection	3	6	2:3,2,0:weight=36	4199198563578252582
matching	injection	3	6	2:3,4,0:weight=100	4199198563578252583
matching	injection	3	6	2:3,5,0:weight=144	4199198563578252584
matching	injection	3	6	2:4,0,0:weight=5	4199198563578252585
matching	injection	3	6	2:4,1,0:weight=20	4199198563578252586
matching	injection	3	6	2:4,2,0:weight=45	4199198563578252587
matching	injection	3	6	2:4,3,0:weight=80	4199198563578252588
matching	injection	3	6	2:4,5,0:weight=180	4199198563578252589
matching	injection	3	6	2:5,0,0:weight=6	4199198563578252590
matching	injection	3	6	2:5,1,0:weight=24	4199198563578252591
matching	injection	3	6	2:5,2,0:weight=54	4199198563578252592
matching	injection	3	6	2:5,3,0:weight=96	4199198563578252593
matching	injection	3	6	2:5,4,0:weight=150	4199198563578252594
matching	injection	4	0	1:1,0,0:weight=16	4199198563578252595
matching	injection	4	0	1:2,0,0:weight=81	4199198563578252596
matching	injection	4	0	1:3,0,0:weight=256	4199198563578252597
matching	injection	4	0	1:4,0,0:weight=625	4199198563578252598
matching	injection	4	0	1:5,0,0:weight=1296	4199198563578252599
matching	injection	4	0	1:6,0,0:weight=2401	4199198563578252600
matching	injection	4	1	1:0,0,0:weight=1	4199198563578252601
matching	injection	4	1	1:2,0,0:weight=81	4199198563578252602
matching	injection	4	1	1:3,0,0:weight=256	4199198563578252603
matching	injection	4	1	1:4,0,0:weight=625	4199198563578252604
matching	injection	4	1	1:5,0,0:weight=1296	4199198563578252605
matching	injection	4	1	1:6,0,0:weight=2401	4199198563578252606
matching	injection	4	2	1:0,0,0:weight=1	4199198563578252607
matching	injection	4	2	1:1,0,0:weight=16	4199198563578252608
matching	injection	4	2	1:3,0,0:weight=256	4199198563578252609
matching	injection	4	2	1:4,0,0:weight=625	4199198563578252610
matching	injection	4	2	1:5,0,0:weight=1296	4199198563578252611
matching	injection	4	2	1:6,0,0:weight=2401	4199198563578252612
matching	injection	4	3	1:0,0,0:weight=1	4199198563578252613
matching	injection	4	3	1:1,0,0:weight=16	4199198563578252614
matching	injection	4	3	1:2,0,0:weight=81	4199198563578252615
matching	injection	4	3	1:4,0,0:weight=625	4199198563578252616
matching	injection	4	3	1:5,0,0:weight=1296	4199198563578252617
matching	injection	4	3	1:6,0,0:weight=2401	4199198563578252618
matching	injection	4	4	1:0,0,0:weight=1	4199198563578252619
matching	injection	4	4	1:1,0,0:weight=16	4199198563578252620
matching	injection	4	4	1:2,0,0:weight=81	4199198563578252621
matching	injection	4	4	1:3,0,0:weight=256	4199198563578252622
matching	injection	4	4	1:5,0,0:weight=1296	4199198563578252623
matching	injection	4	4	1:6,0,0:weight=2401	4199198563578252624
matching	injection	4	5	1:0,0,0:weight=1	4199198563578252625
matching	injection	4	5	1:1,0,0:weight=16	4199198563578252626
matching	injection	4	5	1:2,0,0:weight=81	4199198563578252627
matching	injection	4	5	1:3,0,0:weight=256	4199198563578252628
matching	injection	4	5	1:4,0,0:weight=625	4199198563578252629
matching	injection	4	5	1:6,0,0:weight=2401	4199198563578252630
matching	injection	4	6	1:0,0,0:weight=1	4199198563578252631
matching	injection	4	6	1:1,0,0:weight=16	4199198563578252632
matching	injection	4	6	1:2,0,0:weight=81	4199198563578252633
matching	injection	4	6	1:3,0,0:weight=256	4199198563578252634
matching	injection	4	6	1:4,0,0:weight=625	4199198563578252635
matching	injection	4	6	1:5,0,0:weight=1296	4199198563578252636
matching	injection	5	0	2:1,2,0:weight=162	4199198563578252637
matching	injection	5	0	2:1,3,0:weight=512	4199198563578252638
matching	injection	5	0	2:1,4,0:weight=1250	4199198563578252639
matching	injection	5	0	2:1,5,0:weight=2592	4199198563578252640
matching	injection	5	0	2:1,6,0:weight=4802	4199198563578252641
matching	injection	5	0	2:2,1,0:weight=48	4199198563578252642
matching	injection	5	0	2:2,3,0:weight=768	4199198563578252643
matching	injection	5	0	2:2,4,0:weight=1875	4199198563578252644
matching	injection	5	0	2:2,5,0:weight=3888	4199198563578252645
matching	injection	5	0	2:2,6,0:weight=7203	4199198563578252646
matching	injection	5	0	2:3,1,0:weight=64	4199198563578252647
matching	injection	5	0	2:3,2,0:weight=324	4199198563578252648
matching	injection	5	0	2:3,4,0:weight=2500	4199198563578252649
matching	injection	5	0	2:3,5,0:weight=5184	4199198563578252650
matching	injection	5	0	2:3,6,0:weight=9604	4199198563578252651
matching	injection	5	0	2:4,1,0:weight=80	4199198563578252652
matching	injection	5	0	2:4,2,0:weight=405	4199198563578252653
matching	injection	5	0	2:4,3,0:weight=1280	4199198563578252654
matching	injection	5	0	2:4,5,0:weight=6480	4199198563578252655
matching	injection	5	0	2:4,6,0:weight=12005	4199198563578252656
matching	injection	5	0	2:5,1,0:weight=96	4199198563578252657
matching	injection	5	0	2:5,2,0:weight=486	4199198563578252658
matching	injection	5	0	2:5,3,0:weight=1536	4199198563578252659
matching	injection	5	0	2:5,4,0:weight=3750	4199198563578252660
matching	injection	5	0	2:5,6,0:weight=14406	4199198563578252661
matching	injection	5	0	2:6,1,0:weight=112	4199198563578252662
matching	injection	5	0	2:6,2,0:weight=567	4199198563578252663
matching	injection	5	0	2:6,3,0:weight=1792	4199198563578252664
matching	injection	5	0	2:6,4,0:weight=4375	4199198563578252665
matching	injection	5	0	2:6,5,0:weight=9072	4199198563578252666
matching	injection	5	1	2:0,2,0:weight=81	4199198563578252667
matching	injection	5	1	2:0,3,0:weight=256	4199198563578252668
matching	injection	5	1	2:0,4,0:weight=625	4199198563578252669
matching	injection	5	1	2:0,5,0:weight=1296	4199198563578252670
matching	injection	5	1	2:0,6,0:weight=2401	4199198563578252671
matching	injection	5	1	2:2,0,0:weight=3	4199198563578252672
matching	injection	5	1	2:2,3,0:weight=768	4199198563578252673
matching	injection	5	1	2:2,4,0:weight=1875	4199198563578252674
matching	injection	5	1	2:2,5,0:weight=3888	4199198563578252675
matching	injection	5	1	2:2,6,0:weight=7203	4199198563578252676
matching	injection	5	1	2:3,0,0:weight=4	4199198563578252677
matching	injection	5	1	2:3,2,0:weight=324	4199198563578252678
matching	injection	5	1	2:3,4,0:weight=2500	4199198563578252679
matching	injection	5	1	2:3,5,0:weight=5184	4199198563578252680
matching	injection	5	1	2:3,6,0:weight=9604	4199198563578252681
matching	injection	5	1	2:4,0,0:weight=5	4199198563578252682
matching	injection	5	1	2:4,2,0:weight=405	4199198563578252683
matching	injection	5	1	2:4,3,0:weight=1280	4199198563578252684
matching	injection	5	1	2:4,5,0:weight=6480	4199198563578252685
matching	injection	5	1	2:4,6,0:weight=12005	4199198563578252686
matching	injection	5	1	2:5,0,0:weight=6	4199198563578252687
matching	injection	5	1	2:5,2,0:weight=486	4199198563578252688
matching	injection	5	1	2:5,3,0:weight=1536	4199198563578252689
matching	injection	5	1	2:5,4,0:weight=3750	4199198563578252690
matching	injection	5	1	2:5,6,0:weight=14406	4199198563578252691
matching	injection	5	1	2:6,0,0:weight=7	4199198563578252692
matching	injection	5	1	2:6,2,0:weight=567	4199198563578252693
matching	injection	5	1	2:6,3,0:weight=1792	4199198563578252694
matching	injection	5	1	2:6,4,0:weight=4375	4199198563578252695
matching	injection	5	1	2:6,5,0:weight=9072	4199198563578252696
matching	injection	5	2	2:0,1,0:weight=16	4199198563578252697
matching	injection	5	2	2:0,3,0:weight=256	4199198563578252698
matching	injection	5	2	2:0,4,0:weight=625	4199198563578252699
matching	injection	5	2	2:0,5,0:weight=1296	4199198563578252700
matching	injection	5	2	2:0,6,0:weight=2401	4199198563578252701
matching	injection	5	2	2:1,0,0:weight=2	4199198563578252702
matching	injection	5	2	2:1,3,0:weight=512	4199198563578252703
matching	injection	5	2	2:1,4,0:weight=1250	4199198563578252704
matching	injection	5	2	2:1,5,0:weight=2592	4199198563578252705
matching	injection	5	2	2:1,6,0:weight=4802	4199198563578252706
matching	injection	5	2	2:3,0,0:weight=4	4199198563578252707
matching	injection	5	2	2:3,1,0:weight=64	4199198563578252708
matching	injection	5	2	2:3,4,0:weight=2500	4199198563578252709
matching	injection	5	2	2:3,5,0:weight=5184	4199198563578252710
matching	injection	5	2	2:3,6,0:weight=9604	4199198563578252711
matching	injection	5	2	2:4,0,0:weight=5	4199198563578252712
matching	injection	5	2	2:4,1,0:weight=80	4199198563578252713
matching	injection	5	2	2:4,3,0:weight=1280	4199198563578252714
matching	injection	5	2	2:4,5,0:weight=6480	4199198563578252715
matching	injection	5	2	2:4,6,0:weight=12005	4199198563578252716
matching	injection	5	2	2:5,0,0:weight=6	4199198563578252717
matching	injection	5	2	2:5,1,0:weight=96	4199198563578252718
matching	injection	5	2	2:5,3,0:weight=1536	4199198563578252719
matching	injection	5	2	2:5,4,0:weight=3750	4199198563578252720
matching	injection	5	2	2:5,6,0:weight=14406	4199198563578252721
matching	injection	5	2	2:6,0,0:weight=7	4199198563578252722
matching	injection	5	2	2:6,1,0:weight=112	4199198563578252723
matching	injection	5	2	2:6,3,0:weight=1792	4199198563578252724
matching	injection	5	2	2:6,4,0:weight=4375	4199198563578252725
matching	injection	5	2	2:6,5,0:weight=9072	4199198563578252726
matching	injection	5	3	2:0,1,0:weight=16	4199198563578252727
matching	injection	5	3	2:0,2,0:weight=81	4199198563578252728
matching	injection	5	3	2:0,4,0:weight=625	4199198563578252729
matching	injection	5	3	2:0,5,0:weight=1296	4199198563578252730
matching	injection	5	3	2:0,6,0:weight=2401	4199198563578252731
matching	injection	5	3	2:1,0,0:weight=2	4199198563578252732
matching	injection	5	3	2:1,2,0:weight=162	4199198563578252733
matching	injection	5	3	2:1,4,0:weight=1250	4199198563578252734
matching	injection	5	3	2:1,5,0:weight=2592	4199198563578252735
matching	injection	5	3	2:1,6,0:weight=4802	4199198563578252736
matching	injection	5	3	2:2,0,0:weight=3	4199198563578252737
matching	injection	5	3	2:2,1,0:weight=48	4199198563578252738
matching	injection	5	3	2:2,4,0:weight=1875	4199198563578252739
matching	injection	5	3	2:2,5,0:weight=3888	4199198563578252740
matching	injection	5	3	2:2,6,0:weight=7203	4199198563578252741
matching	injection	5	3	2:4,0,0:weight=5	4199198563578252742
matching	injection	5	3	2:4,1,0:weight=80	4199198563578252743
matching	injection	5	3	2:4,2,0:weight=405	4199198563578252744
matching	injection	5	3	2:4,5,0:weight=6480	4199198563578252745
matching	injection	5	3	2:4,6,0:weight=12005	4199198563578252746
matching	injection	5	3	2:5,0,0:weight=6	4199198563578252747
matching	injection	5	3	2:5,1,0:weight=96	4199198563578252748
matching	injection	5	3	2:5,2,0:weight=486	4199198563578252749
matching	injection	5	3	2:5,4,0:weight=3750	4199198563578252750
matching	injection	5	3	2:5,6,0:weight=14406	4199198563578252751
matching	injection	5	3	2:6,0,0:weight=7	4199198563578252752
matching	injection	5	3	2:6,1,0:weight=112	4199198563578252753
matching	injection	5	3	2:6,2,0:weight=567	4199198563578252754
matching	injection	5	3	2:6,4,0:weight=4375	4199198563578252755
matching	injection	5	3	2:6,5,0:weight=9072	4199198563578252756
matching	injection	5	4	2:0,1,0:weight=16	4199198563578252757
matching	injection	5	4	2:0,2,0:weight=81	4199198563578252758
matching	injection	5	4	2:0,3,0:weight=256	4199198563578252759
matching	injection	5	4	2:0,5,0:weight=1296	4199198563578252760
matching	injection	5	4	2:0,6,0:weight=2401	4199198563578252761
matching	injection	5	4	2:1,0,0:weight=2	4199198563578252762
matching	injection	5	4	2:1,2,0:weight=162	4199198563578252763
matching	injection	5	4	2:1,3,0:weight=512	4199198563578252764
matching	injection	5	4	2:1,5,0:weight=2592	4199198563578252765
matching	injection	5	4	2:1,6,0:weight=4802	4199198563578252766
matching	injection	5	4	2:2,0,0:weight=3	4199198563578252767
matching	injection	5	4	2:2,1,0:weight=48	4199198563578252768
matching	injection	5	4	2:2,3,0:weight=768	4199198563578252769
matching	injection	5	4	2:2,5,0:weight=3888	4199198563578252770
matching	injection	5	4	2:2,6,0:weight=7203	4199198563578252771
matching	injection	5	4	2:3,0,0:weight=4	4199198563578252772
matching	injection	5	4	2:3,1,0:weight=64	4199198563578252773
matching	injection	5	4	2:3,2,0:weight=324	4199198563578252774
matching	injection	5	4	2:3,5,0:weight=5184	4199198563578252775
matching	injection	5	4	2:3,6,0:weight=9604	4199198563578252776
matching	injection	5	4	2:5,0,0:weight=6	4199198563578252777
matching	injection	5	4	2:5,1,0:weight=96	4199198563578252778
matching	injection	5	4	2:5,2,0:weight=486	4199198563578252779
matching	injection	5	4	2:5,3,0:weight=1536	4199198563578252780
matching	injection	5	4	2:5,6,0:weight=14406	4199198563578252781
matching	injection	5	4	2:6,0,0:weight=7	4199198563578252782
matching	injection	5	4	2:6,1,0:weight=112	4199198563578252783
matching	injection	5	4	2:6,2,0:weight=567	4199198563578252784
matching	injection	5	4	2:6,3,0:weight=1792	4199198563578252785
matching	injection	5	4	2:6,5,0:weight=9072	4199198563578252786
matching	injection	5	5	2:0,1,0:weight=16	4199198563578252787
matching	injection	5	5	2:0,2,0:weight=81	4199198563578252788
matching	injection	5	5	2:0,3,0:weight=256	4199198563578252789
matching	injection	5	5	2:0,4,0:weight=625	4199198563578252790
matching	injection	5	5	2:0,6,0:weight=2401	4199198563578252791
matching	injection	5	5	2:1,0,0:weight=2	4199198563578252792
matching	injection	5	5	2:1,2,0:weight=162	4199198563578252793
matching	injection	5	5	2:1,3,0:weight=512	4199198563578252794
matching	injection	5	5	2:1,4,0:weight=1250	4199198563578252795
matching	injection	5	5	2:1,6,0:weight=4802	4199198563578252796
matching	injection	5	5	2:2,0,0:weight=3	4199198563578252797
matching	injection	5	5	2:2,1,0:weight=48	4199198563578252798
matching	injection	5	5	2:2,3,0:weight=768	4199198563578252799
matching	injection	5	5	2:2,4,0:weight=1875	4199198563578252800
matching	injection	5	5	2:2,6,0:weight=7203	4199198563578252801
matching	injection	5	5	2:3,0,0:weight=4	4199198563578252802
matching	injection	5	5	2:3,1,0:weight=64	4199198563578252803
matching	injection	5	5	2:3,2,0:weight=324	4199198563578252804
matching	injection	5	5	2:3,4,0:weight=2500	4199198563578252805
matching	injection	5	5	2:3,6,0:weight=9604	4199198563578252806
matching	injection	5	5	2:4,0,0:weight=5	4199198563578252807
matching	injection	5	5	2:4,1,0:weight=80	4199198563578252808
matching	injection	5	5	2:4,2,0:weight=405	4199198563578252809
matching	injection	5	5	2:4,3,0:weight=1280	4199198563578252810
matching	injection	5	5	2:4,6,0:weight=12005	4199198563578252811
matching	injection	5	5	2:6,0,0:weight=7	4199198563578252812
matching	injection	5	5	2:6,1,0:weight=112	4199198563578252813
matching	injection	5	5	2:6,2,0:weight=567	4199198563578252814
matching	injection	5	5	2:6,3,0:weight=1792	4199198563578252815
matching	injection	5	5	2:6,4,0:weight=4375	4199198563578252816
matching	injection	5	6	2:0,1,0:weight=16	4199198563578252817
matching	injection	5	6	2:0,2,0:weight=81	4199198563578252818
matching	injection	5	6	2:0,3,0:weight=256	4199198563578252819
matching	injection	5	6	2:0,4,0:weight=625	4199198563578252820
matching	injection	5	6	2:0,5,0:weight=1296	4199198563578252821
matching	injection	5	6	2:1,0,0:weight=2	4199198563578252822
matching	injection	5	6	2:1,2,0:weight=162	4199198563578252823
matching	injection	5	6	2:1,3,0:weight=512	4199198563578252824
matching	injection	5	6	2:1,4,0:weight=1250	4199198563578252825
matching	injection	5	6	2:1,5,0:weight=2592	4199198563578252826
matching	injection	5	6	2:2,0,0:weight=3	4199198563578252827
matching	injection	5	6	2:2,1,0:weight=48	4199198563578252828
matching	injection	5	6	2:2,3,0:weight=768	4199198563578252829
matching	injection	5	6	2:2,4,0:weight=1875	4199198563578252830
matching	injection	5	6	2:2,5,0:weight=3888	4199198563578252831
matching	injection	5	6	2:3,0,0:weight=4	4199198563578252832
matching	injection	5	6	2:3,1,0:weight=64	4199198563578252833
matching	injection	5	6	2:3,2,0:weight=324	4199198563578252834
matching	injection	5	6	2:3,4,0:weight=2500	4199198563578252835
matching	injection	5	6	2:3,5,0:weight=5184	4199198563578252836
matching	injection	5	6	2:4,0,0:weight=5	4199198563578252837
matching	injection	5	6	2:4,1,0:weight=80	4199198563578252838
matching	injection	5	6	2:4,2,0:weight=405	4199198563578252839
matching	injection	5	6	2:4,3,0:weight=1280	4199198563578252840
matching	injection	5	6	2:4,5,0:weight=6480	4199198563578252841
matching	injection	5	6	2:5,0,0:weight=6	4199198563578252842
matching	injection	5	6	2:5,1,0:weight=96	4199198563578252843
matching	injection	5	6	2:5,2,0:weight=486	4199198563578252844
matching	injection	5	6	2:5,3,0:weight=1536	4199198563578252845
matching	injection	5	6	2:5,4,0:weight=3750	4199198563578252846
matching	injection	6	0	2:1,2,0:weight=324	4199198563578252847
matching	injection	6	0	2:1,3,0:weight=1024	4199198563578252848
matching	injection	6	0	2:1,4,0:weight=2500	4199198563578252849
matching	injection	6	0	2:1,5,0:weight=5184	4199198563578252850
matching	injection	6	0	2:1,6,0:weight=9604	4199198563578252851
matching	injection	6	0	2:2,1,0:weight=144	4199198563578252852
matching	injection	6	0	2:2,3,0:weight=2304	4199198563578252853
matching	injection	6	0	2:2,4,0:weight=5625	4199198563578252854
matching	injection	6	0	2:2,5,0:weight=11664	4199198563578252855
matching	injection	6	0	2:2,6,0:weight=21609	4199198563578252856
matching	injection	6	0	2:3,1,0:weight=256	4199198563578252857
matching	injection	6	0	2:3,2,0:weight=1296	4199198563578252858
matching	injection	6	0	2:3,4,0:weight=10000	4199198563578252859
matching	injection	6	0	2:3,5,0:weight=20736	4199198563578252860
matching	injection	6	0	2:3,6,0:weight=38416	4199198563578252861
matching	injection	6	0	2:4,1,0:weight=400	4199198563578252862
matching	injection	6	0	2:4,2,0:weight=2025	4199198563578252863
matching	injection	6	0	2:4,3,0:weight=6400	4199198563578252864
matching	injection	6	0	2:4,5,0:weight=32400	4199198563578252865
matching	injection	6	0	2:4,6,0:weight=60025	4199198563578252866
matching	injection	6	0	2:5,1,0:weight=576	4199198563578252867
matching	injection	6	0	2:5,2,0:weight=2916	4199198563578252868
matching	injection	6	0	2:5,3,0:weight=9216	4199198563578252869
matching	injection	6	0	2:5,4,0:weight=22500	4199198563578252870
matching	injection	6	0	2:5,6,0:weight=86436	4199198563578252871
matching	injection	6	0	2:6,1,0:weight=784	4199198563578252872
matching	injection	6	0	2:6,2,0:weight=3969	4199198563578252873
matching	injection	6	0	2:6,3,0:weight=12544	4199198563578252874
matching	injection	6	0	2:6,4,0:weight=30625	4199198563578252875
matching	injection	6	0	2:6,5,0:weight=63504	4199198563578252876
matching	injection	6	1	2:0,2,0:weight=81	4199198563578252877
matching	injection	6	1	2:0,3,0:weight=256	4199198563578252878
matching	injection	6	1	2:0,4,0:weight=625	4199198563578252879
matching	injection	6	1	2:0,5,0:weight=1296	4199198563578252880
matching	injection	6	1	2:0,6,0:weight=2401	4199198563578252881
matching	injection	6	1	2:2,0,0:weight=9	4199198563578252882
matching	injection	6	1	2:2,3,0:weight=2304	4199198563578252883
matching	injection	6	1	2:2,4,0:weight=5625	4199198563578252884
matching	injection	6	1	2:2,5,0:weight=11664	4199198563578252885
matching	injection	6	1	2:2,6,0:weight=21609	4199198563578252886
matching	injection	6	1	2:3,0,0:weight=16	4199198563578252887
matching	injection	6	1	2:3,2,0:weight=1296	4199198563578252888
matching	injection	6	1	2:3,4,0:weight=10000	4199198563578252889
matching	injection	6	1	2:3,5,0:weight=20736	4199198563578252890
matching	injection	6	1	2:3,6,0:weight=38416	4199198563578252891
matching	injection	6	1	2:4,0,0:weight=25	4199198563578252892
matching	injection	6	1	2:4,2,0:weight=2025	4199198563578252893
matching	injection	6	1	2:4,3,0:weight=6400	4199198563578252894
matching	injection	6	1	2:4,5,0:weight=32400	4199198563578252895
matching	injection	6	1	2:4,6,0:weight=60025	4199198563578252896
matching	injection	6	1	2:5,0,0:weight=36	4199198563578252897
matching	injection	6	1	2:5,2,0:weight=2916	4199198563578252898
matching	injection	6	1	2:5,3,0:weight=9216	4199198563578252899
matching	injection	6	1	2:5,4,0:weight=22500	4199198563578252900
matching	injection	6	1	2:5,6,0:weight=86436	4199198563578252901
matching	injection	6	1	2:6,0,0:weight=49	4199198563578252902
matching	injection	6	1	2:6,2,0:weight=3969	4199198563578252903
matching	injection	6	1	2:6,3,0:weight=12544	4199198563578252904
matching	injection	6	1	2:6,4,0:weight=30625	4199198563578252905
matching	injection	6	1	2:6,5,0:weight=63504	4199198563578252906
matching	injection	6	2	2:0,1,0:weight=16	4199198563578252907
matching	injection	6	2	2:0,3,0:weight=256	4199198563578252908
matching	injection	6	2	2:0,4,0:weight=625	4199198563578252909
matching	injection	6	2	2:0,5,0:weight=1296	4199198563578252910
matching	injection	6	2	2:0,6,0:weight=2401	4199198563578252911
matching	injection	6	2	2:1,0,0:weight=4	4199198563578252912
matching	injection	6	2	2:1,3,0:weight=1024	4199198563578252913
matching	injection	6	2	2:1,4,0:weight=2500	4199198563578252914
matching	injection	6	2	2:1,5,0:weight=5184	4199198563578252915
matching	injection	6	2	2:1,6,0:weight=9604	4199198563578252916
matching	injection	6	2	2:3,0,0:weight=16	4199198563578252917
matching	injection	6	2	2:3,1,0:weight=256	4199198563578252918
matching	injection	6	2	2:3,4,0:weight=10000	4199198563578252919
matching	injection	6	2	2:3,5,0:weight=20736	4199198563578252920
matching	injection	6	2	2:3,6,0:weight=38416	4199198563578252921
matching	injection	6	2	2:4,0,0:weight=25	4199198563578252922
matching	injection	6	2	2:4,1,0:weight=400	4199198563578252923
matching	injection	6	2	2:4,3,0:weight=6400	4199198563578252924
matching	injection	6	2	2:4,5,0:weight=32400	4199198563578252925
matching	injection	6	2	2:4,6,0:weight=60025	4199198563578252926
matching	injection	6	2	2:5,0,0:weight=36	4199198563578252927
matching	injection	6	2	2:5,1,0:weight=576	4199198563578252928
matching	injection	6	2	2:5,3,0:weight=9216	4199198563578252929
matching	injection	6	2	2:5,4,0:weight=22500	4199198563578252930
matching	injection	6	2	2:5,6,0:weight=86436	4199198563578252931
matching	injection	6	2	2:6,0,0:weight=49	4199198563578252932
matching	injection	6	2	2:6,1,0:weight=784	4199198563578252933
matching	injection	6	2	2:6,3,0:weight=12544	4199198563578252934
matching	injection	6	2	2:6,4,0:weight=30625	4199198563578252935
matching	injection	6	2	2:6,5,0:weight=63504	4199198563578252936
matching	injection	6	3	2:0,1,0:weight=16	4199198563578252937
matching	injection	6	3	2:0,2,0:weight=81	4199198563578252938
matching	injection	6	3	2:0,4,0:weight=625	4199198563578252939
matching	injection	6	3	2:0,5,0:weight=1296	4199198563578252940
matching	injection	6	3	2:0,6,0:weight=2401	4199198563578252941
matching	injection	6	3	2:1,0,0:weight=4	4199198563578252942
matching	injection	6	3	2:1,2,0:weight=324	4199198563578252943
matching	injection	6	3	2:1,4,0:weight=2500	4199198563578252944
matching	injection	6	3	2:1,5,0:weight=5184	4199198563578252945
matching	injection	6	3	2:1,6,0:weight=9604	4199198563578252946
matching	injection	6	3	2:2,0,0:weight=9	4199198563578252947
matching	injection	6	3	2:2,1,0:weight=144	4199198563578252948
matching	injection	6	3	2:2,4,0:weight=5625	4199198563578252949
matching	injection	6	3	2:2,5,0:weight=11664	4199198563578252950
matching	injection	6	3	2:2,6,0:weight=21609	4199198563578252951
matching	injection	6	3	2:4,0,0:weight=25	4199198563578252952
matching	injection	6	3	2:4,1,0:weight=400	4199198563578252953
matching	injection	6	3	2:4,2,0:weight=2025	4199198563578252954
matching	injection	6	3	2:4,5,0:weight=32400	4199198563578252955
matching	injection	6	3	2:4,6,0:weight=60025	4199198563578252956
matching	injection	6	3	2:5,0,0:weight=36	4199198563578252957
matching	injection	6	3	2:5,1,0:weight=576	4199198563578252958
matching	injection	6	3	2:5,2,0:weight=2916	4199198563578252959
matching	injection	6	3	2:5,4,0:weight=22500	4199198563578252960
matching	injection	6	3	2:5,6,0:weight=86436	4199198563578252961
matching	injection	6	3	2:6,0,0:weight=49	4199198563578252962
matching	injection	6	3	2:6,1,0:weight=784	4199198563578252963
matching	injection	6	3	2:6,2,0:weight=3969	4199198563578252964
matching	injection	6	3	2:6,4,0:weight=30625	4199198563578252965
matching	injection	6	3	2:6,5,0:weight=63504	4199198563578252966
matching	injection	6	4	2:0,1,0:weight=16	4199198563578252967
matching	injection	6	4	2:0,2,0:weight=81	4199198563578252968
matching	injection	6	4	2:0,3,0:weight=256	4199198563578252969
matching	injection	6	4	2:0,5,0:weight=1296	4199198563578252970
matching	injection	6	4	2:0,6,0:weight=2401	4199198563578252971
matching	injection	6	4	2:1,0,0:weight=4	4199198563578252972
matching	injection	6	4	2:1,2,0:weight=324	4199198563578252973
matching	injection	6	4	2:1,3,0:weight=1024	4199198563578252974
matching	injection	6	4	2:1,5,0:weight=5184	4199198563578252975
matching	injection	6	4	2:1,6,0:weight=9604	4199198563578252976
matching	injection	6	4	2:2,0,0:weight=9	4199198563578252977
matching	injection	6	4	2:2,1,0:weight=144	4199198563578252978
matching	injection	6	4	2:2,3,0:weight=2304	4199198563578252979
matching	injection	6	4	2:2,5,0:weight=11664	4199198563578252980
matching	injection	6	4	2:2,6,0:weight=21609	4199198563578252981
matching	injection	6	4	2:3,0,0:weight=16	4199198563578252982
matching	injection	6	4	2:3,1,0:weight=256	4199198563578252983
matching	injection	6	4	2:3,2,0:weight=1296	4199198563578252984
matching	injection	6	4	2:3,5,0:weight=20736	4199198563578252985
matching	injection	6	4	2:3,6,0:weight=38416	4199198563578252986
matching	injection	6	4	2:5,0,0:weight=36	4199198563578252987
matching	injection	6	4	2:5,1,0:weight=576	4199198563578252988
matching	injection	6	4	2:5,2,0:weight=2916	4199198563578252989
matching	injection	6	4	2:5,3,0:weight=9216	4199198563578252990
matching	injection	6	4	2:5,6,0:weight=86436	4199198563578252991
matching	injection	6	4	2:6,0,0:weight=49	4199198563578252992
matching	injection	6	4	2:6,1,0:weight=784	4199198563578252993
matching	injection	6	4	2:6,2,0:weight=3969	4199198563578252994
matching	injection	6	4	2:6,3,0:weight=12544	4199198563578252995
matching	injection	6	4	2:6,5,0:weight=63504	4199198563578252996
matching	injection	6	5	2:0,1,0:weight=16	4199198563578252997
matching	injection	6	5	2:0,2,0:weight=81	4199198563578252998
matching	injection	6	5	2:0,3,0:weight=256	4199198563578252999
matching	injection	6	5	2:0,4,0:weight=625	4199198563578253000
matching	injection	6	5	2:0,6,0:weight=2401	4199198563578253001
matching	injection	6	5	2:1,0,0:weight=4	4199198563578253002
matching	injection	6	5	2:1,2,0:weight=324	4199198563578253003
matching	injection	6	5	2:1,3,0:weight=1024	4199198563578253004
matching	injection	6	5	2:1,4,0:weight=2500	4199198563578253005
matching	injection	6	5	2:1,6,0:weight=9604	4199198563578253006
matching	injection	6	5	2:2,0,0:weight=9	4199198563578253007
matching	injection	6	5	2:2,1,0:weight=144	4199198563578253008
matching	injection	6	5	2:2,3,0:weight=2304	4199198563578253009
matching	injection	6	5	2:2,4,0:weight=5625	4199198563578253010
matching	injection	6	5	2:2,6,0:weight=21609	4199198563578253011
matching	injection	6	5	2:3,0,0:weight=16	4199198563578253012
matching	injection	6	5	2:3,1,0:weight=256	4199198563578253013
matching	injection	6	5	2:3,2,0:weight=1296	4199198563578253014
matching	injection	6	5	2:3,4,0:weight=10000	4199198563578253015
matching	injection	6	5	2:3,6,0:weight=38416	4199198563578253016
matching	injection	6	5	2:4,0,0:weight=25	4199198563578253017
matching	injection	6	5	2:4,1,0:weight=400	4199198563578253018
matching	injection	6	5	2:4,2,0:weight=2025	4199198563578253019
matching	injection	6	5	2:4,3,0:weight=6400	4199198563578253020
matching	injection	6	5	2:4,6,0:weight=60025	4199198563578253021
matching	injection	6	5	2:6,0,0:weight=49	4199198563578253022
matching	injection	6	5	2:6,1,0:weight=784	4199198563578253023
matching	injection	6	5	2:6,2,0:weight=3969	4199198563578253024
matching	injection	6	5	2:6,3,0:weight=12544	4199198563578253025
matching	injection	6	5	2:6,4,0:weight=30625	4199198563578253026
matching	injection	6	6	2:0,1,0:weight=16	4199198563578253027
matching	injection	6	6	2:0,2,0:weight=81	4199198563578253028
matching	injection	6	6	2:0,3,0:weight=256	4199198563578253029
matching	injection	6	6	2:0,4,0:weight=625	4199198563578253030
matching	injection	6	6	2:0,5,0:weight=1296	4199198563578253031
matching	injection	6	6	2:1,0,0:weight=4	4199198563578253032
matching	injection	6	6	2:1,2,0:weight=324	4199198563578253033
matching	injection	6	6	2:1,3,0:weight=1024	4199198563578253034
matching	injection	6	6	2:1,4,0:weight=2500	4199198563578253035
matching	injection	6	6	2:1,5,0:weight=5184	4199198563578253036
matching	injection	6	6	2:2,0,0:weight=9	4199198563578253037
matching	injection	6	6	2:2,1,0:weight=144	4199198563578253038
matching	injection	6	6	2:2,3,0:weight=2304	4199198563578253039
matching	injection	6	6	2:2,4,0:weight=5625	4199198563578253040
matching	injection	6	6	2:2,5,0:weight=11664	4199198563578253041
matching	injection	6	6	2:3,0,0:weight=16	4199198563578253042
matching	injection	6	6	2:3,1,0:weight=256	4199198563578253043
matching	injection	6	6	2:3,2,0:weight=1296	4199198563578253044
matching	injection	6	6	2:3,4,0:weight=10000	4199198563578253045
matching	injection	6	6	2:3,5,0:weight=20736	4199198563578253046
matching	injection	6	6	2:4,0,0:weight=25	4199198563578253047
matching	injection	6	6	2:4,1,0:weight=400	4199198563578253048
matching	injection	6	6	2:4,2,0:weight=2025	4199198563578253049
matching	injection	6	6	2:4,3,0:weight=6400	4199198563578253050
matching	injection	6	6	2:4,5,0:weight=32400	4199198563578253051
matching	injection	6	6	2:5,0,0:weight=36	4199198563578253052
matching	injection	6	6	2:5,1,0:weight=576	4199198563578253053
matching	injection	6	6	2:5,2,0:weight=2916	4199198563578253054
matching	injection	6	6	2:5,3,0:weight=9216	4199198563578253055
matching	injection	6	6	2:5,4,0:weight=22500	4199198563578253056
matching	injection	0	0	0:0,0,0:weight=1	4199198563578253294
matching	injection	0	1	0:0,0,0:weight=1	4199198563578253295
matching	injection	0	2	0:0,0,0:weight=1	4199198563578253296
matching	injection	0	3	0:0,0,0:weight=1	4199198563578253297
matching	injection	0	4	0:0,0,0:weight=1	4199198563578253298
matching	injection	0	5	0:0,0,0:weight=1	4199198563578253299
matching	injection	0	6	0:0,0,0:weight=1	4199198563578253300
matching	injection	1	0	1:1,0,0:weight=9	4199198563578253301
matching	injection	1	0	1:2,0,0:weight=10	4199198563578253302
matching	injection	1	0	1:3,0,0:weight=11	4199198563578253303
matching	injection	1	0	1:4,0,0:weight=12	4199198563578253304
matching	injection	1	0	1:5,0,0:weight=13	4199198563578253305
matching	injection	1	0	1:6,0,0:weight=14	4199198563578253306
matching	injection	1	1	1:0,0,0:weight=8	4199198563578253307
matching	injection	1	1	1:2,0,0:weight=10	4199198563578253308
matching	injection	1	1	1:3,0,0:weight=11	4199198563578253309
matching	injection	1	1	1:4,0,0:weight=12	4199198563578253310
matching	injection	1	1	1:5,0,0:weight=13	4199198563578253311
matching	injection	1	1	1:6,0,0:weight=14	4199198563578253312
matching	injection	1	2	1:0,0,0:weight=8	4199198563578253313
matching	injection	1	2	1:1,0,0:weight=9	4199198563578253314
matching	injection	1	2	1:3,0,0:weight=11	4199198563578253315
matching	injection	1	2	1:4,0,0:weight=12	4199198563578253316
matching	injection	1	2	1:5,0,0:weight=13	4199198563578253317
matching	injection	1	2	1:6,0,0:weight=14	4199198563578253318
matching	injection	1	3	1:0,0,0:weight=8	4199198563578253319
matching	injection	1	3	1:1,0,0:weight=9	4199198563578253320
matching	injection	1	3	1:2,0,0:weight=10	4199198563578253321
matching	injection	1	3	1:4,0,0:weight=12	4199198563578253322
matching	injection	1	3	1:5,0,0:weight=13	4199198563578253323
matching	injection	1	3	1:6,0,0:weight=14	4199198563578253324
matching	injection	1	4	1:0,0,0:weight=8	4199198563578253325
matching	injection	1	4	1:1,0,0:weight=9	4199198563578253326
matching	injection	1	4	1:2,0,0:weight=10	4199198563578253327
matching	injection	1	4	1:3,0,0:weight=11	4199198563578253328
matching	injection	1	4	1:5,0,0:weight=13	4199198563578253329
matching	injection	1	4	1:6,0,0:weight=14	4199198563578253330
matching	injection	1	5	1:0,0,0:weight=8	4199198563578253331
matching	injection	1	5	1:1,0,0:weight=9	4199198563578253332
matching	injection	1	5	1:2,0,0:weight=10	4199198563578253333
matching	injection	1	5	1:3,0,0:weight=11	4199198563578253334
matching	injection	1	5	1:4,0,0:weight=12	4199198563578253335
matching	injection	1	5	1:6,0,0:weight=14	4199198563578253336
matching	injection	1	6	1:0,0,0:weight=8	4199198563578253337
matching	injection	1	6	1:1,0,0:weight=9	4199198563578253338
matching	injection	1	6	1:2,0,0:weight=10	4199198563578253339
matching	injection	1	6	1:3,0,0:weight=11	4199198563578253340
matching	injection	1	6	1:4,0,0:weight=12	4199198563578253341
matching	injection	1	6	1:5,0,0:weight=13	4199198563578253342
matching	injection	2	0	1:1,0,0:weight=81	4199198563578253343
matching	injection	2	0	1:2,0,0:weight=100	4199198563578253344
matching	injection	2	0	1:3,0,0:weight=121	4199198563578253345
matching	injection	2	0	1:4,0,0:weight=144	4199198563578253346
matching	injection	2	0	1:5,0,0:weight=169	4199198563578253347
matching	injection	2	0	1:6,0,0:weight=196	4199198563578253348
matching	injection	2	1	1:0,0,0:weight=64	4199198563578253349
matching	injection	2	1	1:2,0,0:weight=100	4199198563578253350
matching	injection	2	1	1:3,0,0:weight=121	4199198563578253351
matching	injection	2	1	1:4,0,0:weight=144	4199198563578253352
matching	injection	2	1	1:5,0,0:weight=169	4199198563578253353
matching	injection	2	1	1:6,0,0:weight=196	4199198563578253354
matching	injection	2	2	1:0,0,0:weight=64	4199198563578253355
matching	injection	2	2	1:1,0,0:weight=81	4199198563578253356
matching	injection	2	2	1:3,0,0:weight=121	4199198563578253357
matching	injection	2	2	1:4,0,0:weight=144	4199198563578253358
matching	injection	2	2	1:5,0,0:weight=169	4199198563578253359
matching	injection	2	2	1:6,0,0:weight=196	4199198563578253360
matching	injection	2	3	1:0,0,0:weight=64	4199198563578253361
matching	injection	2	3	1:1,0,0:weight=81	4199198563578253362
matching	injection	2	3	1:2,0,0:weight=100	4199198563578253363
matching	injection	2	3	1:4,0,0:weight=144	4199198563578253364
matching	injection	2	3	1:5,0,0:weight=169	4199198563578253365
matching	injection	2	3	1:6,0,0:weight=196	4199198563578253366
matching	injection	2	4	1:0,0,0:weight=64	4199198563578253367
matching	injection	2	4	1:1,0,0:weight=81	4199198563578253368
matching	injection	2	4	1:2,0,0:weight=100	4199198563578253369
matching	injection	2	4	1:3,0,0:weight=121	4199198563578253370
matching	injection	2	4	1:5,0,0:weight=169	4199198563578253371
matching	injection	2	4	1:6,0,0:weight=196	4199198563578253372
matching	injection	2	5	1:0,0,0:weight=64	4199198563578253373
matching	injection	2	5	1:1,0,0:weight=81	4199198563578253374
matching	injection	2	5	1:2,0,0:weight=100	4199198563578253375
matching	injection	2	5	1:3,0,0:weight=121	4199198563578253376
matching	injection	2	5	1:4,0,0:weight=144	4199198563578253377
matching	injection	2	5	1:6,0,0:weight=196	4199198563578253378
matching	injection	2	6	1:0,0,0:weight=64	4199198563578253379
matching	injection	2	6	1:1,0,0:weight=81	4199198563578253380
matching	injection	2	6	1:2,0,0:weight=100	4199198563578253381
matching	injection	2	6	1:3,0,0:weight=121	4199198563578253382
matching	injection	2	6	1:4,0,0:weight=144	4199198563578253383
matching	injection	2	6	1:5,0,0:weight=169	4199198563578253384
matching	injection	3	0	2:1,2,0:weight=900	4199198563578253385
matching	injection	3	0	2:1,3,0:weight=1089	4199198563578253386
matching	injection	3	0	2:1,4,0:weight=1296	4199198563578253387
matching	injection	3	0	2:1,5,0:weight=1521	4199198563578253388
matching	injection	3	0	2:1,6,0:weight=1764	4199198563578253389
matching	injection	3	0	2:2,1,0:weight=810	4199198563578253390
matching	injection	3	0	2:2,3,0:weight=1210	4199198563578253391
matching	injection	3	0	2:2,4,0:weight=1440	4199198563578253392
matching	injection	3	0	2:2,5,0:weight=1690	4199198563578253393
matching	injection	3	0	2:2,6,0:weight=1960	4199198563578253394
matching	injection	3	0	2:3,1,0:weight=891	4199198563578253395
matching	injection	3	0	2:3,2,0:weight=1100	4199198563578253396
matching	injection	3	0	2:3,4,0:weight=1584	4199198563578253397
matching	injection	3	0	2:3,5,0:weight=1859	4199198563578253398
matching	injection	3	0	2:3,6,0:weight=2156	4199198563578253399
matching	injection	3	0	2:4,1,0:weight=972	4199198563578253400
matching	injection	3	0	2:4,2,0:weight=1200	4199198563578253401
matching	injection	3	0	2:4,3,0:weight=1452	4199198563578253402
matching	injection	3	0	2:4,5,0:weight=2028	4199198563578253403
matching	injection	3	0	2:4,6,0:weight=2352	4199198563578253404
matching	injection	3	0	2:5,1,0:weight=1053	4199198563578253405
matching	injection	3	0	2:5,2,0:weight=1300	4199198563578253406
matching	injection	3	0	2:5,3,0:weight=1573	4199198563578253407
matching	injection	3	0	2:5,4,0:weight=1872	4199198563578253408
matching	injection	3	0	2:5,6,0:weight=2548	4199198563578253409
matching	injection	3	0	2:6,1,0:weight=1134	4199198563578253410
matching	injection	3	0	2:6,2,0:weight=1400	4199198563578253411
matching	injection	3	0	2:6,3,0:weight=1694	4199198563578253412
matching	injection	3	0	2:6,4,0:weight=2016	4199198563578253413
matching	injection	3	0	2:6,5,0:weight=2366	4199198563578253414
matching	injection	3	1	2:0,2,0:weight=800	4199198563578253415
matching	injection	3	1	2:0,3,0:weight=968	4199198563578253416
matching	injection	3	1	2:0,4,0:weight=1152	4199198563578253417
matching	injection	3	1	2:0,5,0:weight=1352	4199198563578253418
matching	injection	3	1	2:0,6,0:weight=1568	4199198563578253419
matching	injection	3	1	2:2,0,0:weight=640	4199198563578253420
matching	injection	3	1	2:2,3,0:weight=1210	4199198563578253421
matching	injection	3	1	2:2,4,0:weight=1440	4199198563578253422
matching	injection	3	1	2:2,5,0:weight=1690	4199198563578253423
matching	injection	3	1	2:2,6,0:weight=1960	4199198563578253424
matching	injection	3	1	2:3,0,0:weight=704	4199198563578253425
matching	injection	3	1	2:3,2,0:weight=1100	4199198563578253426
matching	injection	3	1	2:3,4,0:weight=1584	4199198563578253427
matching	injection	3	1	2:3,5,0:weight=1859	4199198563578253428
matching	injection	3	1	2:3,6,0:weight=2156	4199198563578253429
matching	injection	3	1	2:4,0,0:weight=768	4199198563578253430
matching	injection	3	1	2:4,2,0:weight=1200	4199198563578253431
matching	injection	3	1	2:4,3,0:weight=1452	4199198563578253432
matching	injection	3	1	2:4,5,0:weight=2028	4199198563578253433
matching	injection	3	1	2:4,6,0:weight=2352	4199198563578253434
matching	injection	3	1	2:5,0,0:weight=832	4199198563578253435
matching	injection	3	1	2:5,2,0:weight=1300	4199198563578253436
matching	injection	3	1	2:5,3,0:weight=1573	4199198563578253437
matching	injection	3	1	2:5,4,0:weight=1872	4199198563578253438
matching	injection	3	1	2:5,6,0:weight=2548	4199198563578253439
matching	injection	3	1	2:6,0,0:weight=896	4199198563578253440
matching	injection	3	1	2:6,2,0:weight=1400	4199198563578253441
matching	injection	3	1	2:6,3,0:weight=1694	4199198563578253442
matching	injection	3	1	2:6,4,0:weight=2016	4199198563578253443
matching	injection	3	1	2:6,5,0:weight=2366	4199198563578253444
matching	injection	3	2	2:0,1,0:weight=648	4199198563578253445
matching	injection	3	2	2:0,3,0:weight=968	4199198563578253446
matching	injection	3	2	2:0,4,0:weight=1152	4199198563578253447
matching	injection	3	2	2:0,5,0:weight=1352	4199198563578253448
matching	injection	3	2	2:0,6,0:weight=1568	4199198563578253449
matching	injection	3	2	2:1,0,0:weight=576	4199198563578253450
matching	injection	3	2	2:1,3,0:weight=1089	4199198563578253451
matching	injection	3	2	2:1,4,0:weight=1296	4199198563578253452
matching	injection	3	2	2:1,5,0:weight=1521	4199198563578253453
matching	injection	3	2	2:1,6,0:weight=1764	4199198563578253454
matching	injection	3	2	2:3,0,0:weight=704	4199198563578253455
matching	injection	3	2	2:3,1,0:weight=891	4199198563578253456
matching	injection	3	2	2:3,4,0:weight=1584	4199198563578253457
matching	injection	3	2	2:3,5,0:weight=1859	4199198563578253458
matching	injection	3	2	2:3,6,0:weight=2156	4199198563578253459
matching	injection	3	2	2:4,0,0:weight=768	4199198563578253460
matching	injection	3	2	2:4,1,0:weight=972	4199198563578253461
matching	injection	3	2	2:4,3,0:weight=1452	4199198563578253462
matching	injection	3	2	2:4,5,0:weight=2028	4199198563578253463
matching	injection	3	2	2:4,6,0:weight=2352	4199198563578253464
matching	injection	3	2	2:5,0,0:weight=832	4199198563578253465
matching	injection	3	2	2:5,1,0:weight=1053	4199198563578253466
matching	injection	3	2	2:5,3,0:weight=1573	4199198563578253467
matching	injection	3	2	2:5,4,0:weight=1872	4199198563578253468
matching	injection	3	2	2:5,6,0:weight=2548	4199198563578253469
matching	injection	3	2	2:6,0,0:weight=896	4199198563578253470
matching	injection	3	2	2:6,1,0:weight=1134	4199198563578253471
matching	injection	3	2	2:6,3,0:weight=1694	4199198563578253472
matching	injection	3	2	2:6,4,0:weight=2016	4199198563578253473
matching	injection	3	2	2:6,5,0:weight=2366	4199198563578253474
matching	injection	3	3	2:0,1,0:weight=648	4199198563578253475
matching	injection	3	3	2:0,2,0:weight=800	4199198563578253476
matching	injection	3	3	2:0,4,0:weight=1152	4199198563578253477
matching	injection	3	3	2:0,5,0:weight=1352	4199198563578253478
matching	injection	3	3	2:0,6,0:weight=1568	4199198563578253479
matching	injection	3	3	2:1,0,0:weight=576	4199198563578253480
matching	injection	3	3	2:1,2,0:weight=900	4199198563578253481
matching	injection	3	3	2:1,4,0:weight=1296	4199198563578253482
matching	injection	3	3	2:1,5,0:weight=1521	4199198563578253483
matching	injection	3	3	2:1,6,0:weight=1764	4199198563578253484
matching	injection	3	3	2:2,0,0:weight=640	4199198563578253485
matching	injection	3	3	2:2,1,0:weight=810	4199198563578253486
matching	injection	3	3	2:2,4,0:weight=1440	4199198563578253487
matching	injection	3	3	2:2,5,0:weight=1690	4199198563578253488
matching	injection	3	3	2:2,6,0:weight=1960	4199198563578253489
matching	injection	3	3	2:4,0,0:weight=768	4199198563578253490
matching	injection	3	3	2:4,1,0:weight=972	4199198563578253491
matching	injection	3	3	2:4,2,0:weight=1200	4199198563578253492
matching	injection	3	3	2:4,5,0:weight=2028	4199198563578253493
matching	injection	3	3	2:4,6,0:weight=2352	4199198563578253494
matching	injection	3	3	2:5,0,0:weight=832	4199198563578253495
matching	injection	3	3	2:5,1,0:weight=1053	4199198563578253496
matching	injection	3	3	2:5,2,0:weight=1300	4199198563578253497
matching	injection	3	3	2:5,4,0:weight=1872	4199198563578253498
matching	injection	3	3	2:5,6,0:weight=2548	4199198563578253499
matching	injection	3	3	2:6,0,0:weight=896	4199198563578253500
matching	injection	3	3	2:6,1,0:weight=1134	4199198563578253501
matching	injection	3	3	2:6,2,0:weight=1400	4199198563578253502
matching	injection	3	3	2:6,4,0:weight=2016	4199198563578253503
matching	injection	3	3	2:6,5,0:weight=2366	4199198563578253504
matching	injection	3	4	2:0,1,0:weight=648	4199198563578253505
matching	injection	3	4	2:0,2,0:weight=800	4199198563578253506
matching	injection	3	4	2:0,3,0:weight=968	4199198563578253507
matching	injection	3	4	2:0,5,0:weight=1352	4199198563578253508
matching	injection	3	4	2:0,6,0:weight=1568	4199198563578253509
matching	injection	3	4	2:1,0,0:weight=576	4199198563578253510
matching	injection	3	4	2:1,2,0:weight=900	4199198563578253511
matching	injection	3	4	2:1,3,0:weight=1089	4199198563578253512
matching	injection	3	4	2:1,5,0:weight=1521	4199198563578253513
matching	injection	3	4	2:1,6,0:weight=1764	4199198563578253514
matching	injection	3	4	2:2,0,0:weight=640	4199198563578253515
matching	injection	3	4	2:2,1,0:weight=810	4199198563578253516
matching	injection	3	4	2:2,3,0:weight=1210	4199198563578253517
matching	injection	3	4	2:2,5,0:weight=1690	4199198563578253518
matching	injection	3	4	2:2,6,0:weight=1960	4199198563578253519
matching	injection	3	4	2:3,0,0:weight=704	4199198563578253520
matching	injection	3	4	2:3,1,0:weight=891	4199198563578253521
matching	injection	3	4	2:3,2,0:weight=1100	4199198563578253522
matching	injection	3	4	2:3,5,0:weight=1859	4199198563578253523
matching	injection	3	4	2:3,6,0:weight=2156	4199198563578253524
matching	injection	3	4	2:5,0,0:weight=832	4199198563578253525
matching	injection	3	4	2:5,1,0:weight=1053	4199198563578253526
matching	injection	3	4	2:5,2,0:weight=1300	4199198563578253527
matching	injection	3	4	2:5,3,0:weight=1573	4199198563578253528
matching	injection	3	4	2:5,6,0:weight=2548	4199198563578253529
matching	injection	3	4	2:6,0,0:weight=896	4199198563578253530
matching	injection	3	4	2:6,1,0:weight=1134	4199198563578253531
matching	injection	3	4	2:6,2,0:weight=1400	4199198563578253532
matching	injection	3	4	2:6,3,0:weight=1694	4199198563578253533
matching	injection	3	4	2:6,5,0:weight=2366	4199198563578253534
matching	injection	3	5	2:0,1,0:weight=648	4199198563578253535
matching	injection	3	5	2:0,2,0:weight=800	4199198563578253536
matching	injection	3	5	2:0,3,0:weight=968	4199198563578253537
matching	injection	3	5	2:0,4,0:weight=1152	4199198563578253538
matching	injection	3	5	2:0,6,0:weight=1568	4199198563578253539
matching	injection	3	5	2:1,0,0:weight=576	4199198563578253540
matching	injection	3	5	2:1,2,0:weight=900	4199198563578253541
matching	injection	3	5	2:1,3,0:weight=1089	4199198563578253542
matching	injection	3	5	2:1,4,0:weight=1296	4199198563578253543
matching	injection	3	5	2:1,6,0:weight=1764	4199198563578253544
matching	injection	3	5	2:2,0,0:weight=640	4199198563578253545
matching	injection	3	5	2:2,1,0:weight=810	4199198563578253546
matching	injection	3	5	2:2,3,0:weight=1210	4199198563578253547
matching	injection	3	5	2:2,4,0:weight=1440	4199198563578253548
matching	injection	3	5	2:2,6,0:weight=1960	4199198563578253549
matching	injection	3	5	2:3,0,0:weight=704	4199198563578253550
matching	injection	3	5	2:3,1,0:weight=891	4199198563578253551
matching	injection	3	5	2:3,2,0:weight=1100	4199198563578253552
matching	injection	3	5	2:3,4,0:weight=1584	4199198563578253553
matching	injection	3	5	2:3,6,0:weight=2156	4199198563578253554
matching	injection	3	5	2:4,0,0:weight=768	4199198563578253555
matching	injection	3	5	2:4,1,0:weight=972	4199198563578253556
matching	injection	3	5	2:4,2,0:weight=1200	4199198563578253557
matching	injection	3	5	2:4,3,0:weight=1452	4199198563578253558
matching	injection	3	5	2:4,6,0:weight=2352	4199198563578253559
matching	injection	3	5	2:6,0,0:weight=896	4199198563578253560
matching	injection	3	5	2:6,1,0:weight=1134	4199198563578253561
matching	injection	3	5	2:6,2,0:weight=1400	4199198563578253562
matching	injection	3	5	2:6,3,0:weight=1694	4199198563578253563
matching	injection	3	5	2:6,4,0:weight=2016	4199198563578253564
matching	injection	3	6	2:0,1,0:weight=648	4199198563578253565
matching	injection	3	6	2:0,2,0:weight=800	4199198563578253566
matching	injection	3	6	2:0,3,0:weight=968	4199198563578253567
matching	injection	3	6	2:0,4,0:weight=1152	4199198563578253568
matching	injection	3	6	2:0,5,0:weight=1352	4199198563578253569
matching	injection	3	6	2:1,0,0:weight=576	4199198563578253570
matching	injection	3	6	2:1,2,0:weight=900	4199198563578253571
matching	injection	3	6	2:1,3,0:weight=1089	4199198563578253572
matching	injection	3	6	2:1,4,0:weight=1296	4199198563578253573
matching	injection	3	6	2:1,5,0:weight=1521	4199198563578253574
matching	injection	3	6	2:2,0,0:weight=640	4199198563578253575
matching	injection	3	6	2:2,1,0:weight=810	4199198563578253576
matching	injection	3	6	2:2,3,0:weight=1210	4199198563578253577
matching	injection	3	6	2:2,4,0:weight=1440	4199198563578253578
matching	injection	3	6	2:2,5,0:weight=1690	4199198563578253579
matching	injection	3	6	2:3,0,0:weight=704	4199198563578253580
matching	injection	3	6	2:3,1,0:weight=891	4199198563578253581
matching	injection	3	6	2:3,2,0:weight=1100	4199198563578253582
matching	injection	3	6	2:3,4,0:weight=1584	4199198563578253583
matching	injection	3	6	2:3,5,0:weight=1859	4199198563578253584
matching	injection	3	6	2:4,0,0:weight=768	4199198563578253585
matching	injection	3	6	2:4,1,0:weight=972	4199198563578253586
matching	injection	3	6	2:4,2,0:weight=1200	4199198563578253587
matching	injection	3	6	2:4,3,0:weight=1452	4199198563578253588
matching	injection	3	6	2:4,5,0:weight=2028	4199198563578253589
matching	injection	3	6	2:5,0,0:weight=832	4199198563578253590
matching	injection	3	6	2:5,1,0:weight=1053	4199198563578253591
matching	injection	3	6	2:5,2,0:weight=1300	4199198563578253592
matching	injection	3	6	2:5,3,0:weight=1573	4199198563578253593
matching	injection	3	6	2:5,4,0:weight=1872	4199198563578253594
matching	injection	4	0	1:1,0,0:weight=6561	4199198563578253595
matching	injection	4	0	1:2,0,0:weight=10000	4199198563578253596
matching	injection	4	0	1:3,0,0:weight=14641	4199198563578253597
matching	injection	4	0	1:4,0,0:weight=20736	4199198563578253598
matching	injection	4	0	1:5,0,0:weight=28561	4199198563578253599
matching	injection	4	0	1:6,0,0:weight=38416	4199198563578253600
matching	injection	4	1	1:0,0,0:weight=4096	4199198563578253601
matching	injection	4	1	1:2,0,0:weight=10000	4199198563578253602
matching	injection	4	1	1:3,0,0:weight=14641	4199198563578253603
matching	injection	4	1	1:4,0,0:weight=20736	4199198563578253604
matching	injection	4	1	1:5,0,0:weight=28561	4199198563578253605
matching	injection	4	1	1:6,0,0:weight=38416	4199198563578253606
matching	injection	4	2	1:0,0,0:weight=4096	4199198563578253607
matching	injection	4	2	1:1,0,0:weight=6561	4199198563578253608
matching	injection	4	2	1:3,0,0:weight=14641	4199198563578253609
matching	injection	4	2	1:4,0,0:weight=20736	4199198563578253610
matching	injection	4	2	1:5,0,0:weight=28561	4199198563578253611
matching	injection	4	2	1:6,0,0:weight=38416	4199198563578253612
matching	injection	4	3	1:0,0,0:weight=4096	4199198563578253613
matching	injection	4	3	1:1,0,0:weight=6561	4199198563578253614
matching	injection	4	3	1:2,0,0:weight=10000	4199198563578253615
matching	injection	4	3	1:4,0,0:weight=20736	4199198563578253616
matching	injection	4	3	1:5,0,0:weight=28561	4199198563578253617
matching	injection	4	3	1:6,0,0:weight=38416	4199198563578253618
matching	injection	4	4	1:0,0,0:weight=4096	4199198563578253619
matching	injection	4	4	1:1,0,0:weight=6561	4199198563578253620
matching	injection	4	4	1:2,0,0:weight=10000	4199198563578253621
matching	injection	4	4	1:3,0,0:weight=14641	4199198563578253622
matching	injection	4	4	1:5,0,0:weight=28561	4199198563578253623
matching	injection	4	4	1:6,0,0:weight=38416	4199198563578253624
matching	injection	4	5	1:0,0,0:weight=4096	4199198563578253625
matching	injection	4	5	1:1,0,0:weight=6561	4199198563578253626
matching	injection	4	5	1:2,0,0:weight=10000	4199198563578253627
matching	injection	4	5	1:3,0,0:weight=14641	4199198563578253628
matching	injection	4	5	1:4,0,0:weight=20736	4199198563578253629
matching	injection	4	5	1:6,0,0:weight=38416	4199198563578253630
matching	injection	4	6	1:0,0,0:weight=4096	4199198563578253631
matching	injection	4	6	1:1,0,0:weight=6561	4199198563578253632
matching	injection	4	6	1:2,0,0:weight=10000	4199198563578253633
matching	injection	4	6	1:3,0,0:weight=14641	4199198563578253634
matching	injection	4	6	1:4,0,0:weight=20736	4199198563578253635
matching	injection	4	6	1:5,0,0:weight=28561	4199198563578253636
matching	injection	5	0	2:1,2,0:weight=90000	4199198563578253637
matching	injection	5	0	2:1,3,0:weight=131769	4199198563578253638
matching	injection	5	0	2:1,4,0:weight=186624	4199198563578253639
matching	injection	5	0	2:1,5,0:weight=257049	4199198563578253640
matching	injection	5	0	2:1,6,0:weight=345744	4199198563578253641
matching	injection	5	0	2:2,1,0:weight=65610	4199198563578253642
matching	injection	5	0	2:2,3,0:weight=146410	4199198563578253643
matching	injection	5	0	2:2,4,0:weight=207360	4199198563578253644
matching	injection	5	0	2:2,5,0:weight=285610	4199198563578253645
matching	injection	5	0	2:2,6,0:weight=384160	4199198563578253646
matching	injection	5	0	2:3,1,0:weight=72171	4199198563578253647
matching	injection	5	0	2:3,2,0:weight=110000	4199198563578253648
matching	injection	5	0	2:3,4,0:weight=228096	4199198563578253649
matching	injection	5	0	2:3,5,0:weight=314171	4199198563578253650
matching	injection	5	0	2:3,6,0:weight=422576	4199198563578253651
matching	injection	5	0	2:4,1,0:weight=78732	4199198563578253652
matching	injection	5	0	2:4,2,0:weight=120000	4199198563578253653
matching	injection	5	0	2:4,3,0:weight=175692	4199198563578253654
matching	injection	5	0	2:4,5,0:weight=342732	4199198563578253655
matching	injection	5	0	2:4,6,0:weight=460992	4199198563578253656
matching	injection	5	0	2:5,1,0:weight=85293	4199198563578253657
matching	injection	5	0	2:5,2,0:weight=130000	4199198563578253658
matching	injection	5	0	2:5,3,0:weight=190333	4199198563578253659
matching	injection	5	0	2:5,4,0:weight=269568	4199198563578253660
matching	injection	5	0	2:5,6,0:weight=499408	4199198563578253661
matching	injection	5	0	2:6,1,0:weight=91854	4199198563578253662
matching	injection	5	0	2:6,2,0:weight=140000	4199198563578253663
matching	injection	5	0	2:6,3,0:weight=204974	4199198563578253664
matching	injection	5	0	2:6,4,0:weight=290304	4199198563578253665
matching	injection	5	0	2:6,5,0:weight=399854	4199198563578253666
matching	injection	5	1	2:0,2,0:weight=80000	4199198563578253667
matching	injection	5	1	2:0,3,0:weight=117128	4199198563578253668
matching	injection	5	1	2:0,4,0:weight=165888	4199198563578253669
matching	injection	5	1	2:0,5,0:weight=228488	4199198563578253670
matching	injection	5	1	2:0,6,0:weight=307328	4199198563578253671
matching	injection	5	1	2:2,0,0:weight=40960	4199198563578253672
matching	injection	5	1	2:2,3,0:weight=146410	4199198563578253673
matching	injection	5	1	2:2,4,0:weight=207360	4199198563578253674
matching	injection	5	1	2:2,5,0:weight=285610	4199198563578253675
matching	injection	5	1	2:2,6,0:weight=384160	4199198563578253676
matching	injection	5	1	2:3,0,0:weight=45056	4199198563578253677
matching	injection	5	1	2:3,2,0:weight=110000	4199198563578253678
matching	injection	5	1	2:3,4,0:weight=228096	4199198563578253679
matching	injection	5	1	2:3,5,0:weight=314171	4199198563578253680
matching	injection	5	1	2:3,6,0:weight=422576	4199198563578253681
matching	injection	5	1	2:4,0,0:weight=49152	4199198563578253682
matching	injection	5	1	2:4,2,0:weight=120000	4199198563578253683
matching	injection	5	1	2:4,3,0:weight=175692	4199198563578253684
matching	injection	5	1	2:4,5,0:weight=342732	4199198563578253685
matching	injection	5	1	2:4,6,0:weight=460992	4199198563578253686
matching	injection	5	1	2:5,0,0:weight=53248	4199198563578253687
matching	injection	5	1	2:5,2,0:weight=130000	4199198563578253688
matching	injection	5	1	2:5,3,0:weight=190333	4199198563578253689
matching	injection	5	1	2:5,4,0:weight=269568	4199198563578253690
matching	injection	5	1	2:5,6,0:weight=499408	4199198563578253691
matching	injection	5	1	2:6,0,0:weight=57344	4199198563578253692
matching	injection	5	1	2:6,2,0:weight=140000	4199198563578253693
matching	injection	5	1	2:6,3,0:weight=204974	4199198563578253694
matching	injection	5	1	2:6,4,0:weight=290304	4199198563578253695
matching	injection	5	1	2:6,5,0:weight=399854	4199198563578253696
matching	injection	5	2	2:0,1,0:weight=52488	4199198563578253697
matching	injection	5	2	2:0,3,0:weight=117128	4199198563578253698
matching	injection	5	2	2:0,4,0:weight=165888	4199198563578253699
matching	injection	5	2	2:0,5,0:weight=228488	4199198563578253700
matching	injection	5	2	2:0,6,0:weight=307328	4199198563578253701
matching	injection	5	2	2:1,0,0:weight=36864	4199198563578253702
matching	injection	5	2	2:1,3,0:weight=131769	4199198563578253703
matching	injection	5	2	2:1,4,0:weight=186624	4199198563578253704
matching	injection	5	2	2:1,5,0:weight=257049	4199198563578253705
matching	injection	5	2	2:1,6,0:weight=345744	4199198563578253706
matching	injection	5	2	2:3,0,0:weight=45056	4199198563578253707
matching	injection	5	2	2:3,1,0:weight=72171	4199198563578253708
matching	injection	5	2	2:3,4,0:weight=228096	4199198563578253709
matching	injection	5	2	2:3,5,0:weight=314171	4199198563578253710
matching	injection	5	2	2:3,6,0:weight=422576	4199198563578253711
matching	injection	5	2	2:4,0,0:weight=49152	4199198563578253712
matching	injection	5	2	2:4,1,0:weight=78732	4199198563578253713
matching	injection	5	2	2:4,3,0:weight=175692	4199198563578253714
matching	injection	5	2	2:4,5,0:weight=342732	4199198563578253715
matching	injection	5	2	2:4,6,0:weight=460992	4199198563578253716
matching	injection	5	2	2:5,0,0:weight=53248	4199198563578253717
matching	injection	5	2	2:5,1,0:weight=85293	4199198563578253718
matching	injection	5	2	2:5,3,0:weight=190333	4199198563578253719
matching	injection	5	2	2:5,4,0:weight=269568	4199198563578253720
matching	injection	5	2	2:5,6,0:weight=499408	4199198563578253721
matching	injection	5	2	2:6,0,0:weight=57344	4199198563578253722
matching	injection	5	2	2:6,1,0:weight=91854	4199198563578253723
matching	injection	5	2	2:6,3,0:weight=204974	4199198563578253724
matching	injection	5	2	2:6,4,0:weight=290304	4199198563578253725
matching	injection	5	2	2:6,5,0:weight=399854	4199198563578253726
matching	injection	5	3	2:0,1,0:weight=52488	4199198563578253727
matching	injection	5	3	2:0,2,0:weight=80000	4199198563578253728
matching	injection	5	3	2:0,4,0:weight=165888	4199198563578253729
matching	injection	5	3	2:0,5,0:weight=228488	4199198563578253730
matching	injection	5	3	2:0,6,0:weight=307328	4199198563578253731
matching	injection	5	3	2:1,0,0:weight=36864	4199198563578253732
matching	injection	5	3	2:1,2,0:weight=90000	4199198563578253733
matching	injection	5	3	2:1,4,0:weight=186624	4199198563578253734
matching	injection	5	3	2:1,5,0:weight=257049	4199198563578253735
matching	injection	5	3	2:1,6,0:weight=345744	4199198563578253736
matching	injection	5	3	2:2,0,0:weight=40960	4199198563578253737
matching	injection	5	3	2:2,1,0:weight=65610	4199198563578253738
matching	injection	5	3	2:2,4,0:weight=207360	4199198563578253739
matching	injection	5	3	2:2,5,0:weight=285610	4199198563578253740
matching	injection	5	3	2:2,6,0:weight=384160	4199198563578253741
matching	injection	5	3	2:4,0,0:weight=49152	4199198563578253742
matching	injection	5	3	2:4,1,0:weight=78732	4199198563578253743
matching	injection	5	3	2:4,2,0:weight=120000	4199198563578253744
matching	injection	5	3	2:4,5,0:weight=342732	4199198563578253745
matching	injection	5	3	2:4,6,0:weight=460992	4199198563578253746
matching	injection	5	3	2:5,0,0:weight=53248	4199198563578253747
matching	injection	5	3	2:5,1,0:weight=85293	4199198563578253748
matching	injection	5	3	2:5,2,0:weight=130000	4199198563578253749
matching	injection	5	3	2:5,4,0:weight=269568	4199198563578253750
matching	injection	5	3	2:5,6,0:weight=499408	4199198563578253751
matching	injection	5	3	2:6,0,0:weight=57344	4199198563578253752
matching	injection	5	3	2:6,1,0:weight=91854	4199198563578253753
matching	injection	5	3	2:6,2,0:weight=140000	4199198563578253754
matching	injection	5	3	2:6,4,0:weight=290304	4199198563578253755
matching	injection	5	3	2:6,5,0:weight=399854	4199198563578253756
matching	injection	5	4	2:0,1,0:weight=52488	4199198563578253757
matching	injection	5	4	2:0,2,0:weight=80000	4199198563578253758
matching	injection	5	4	2:0,3,0:weight=117128	4199198563578253759
matching	injection	5	4	2:0,5,0:weight=228488	4199198563578253760
matching	injection	5	4	2:0,6,0:weight=307328	4199198563578253761
matching	injection	5	4	2:1,0,0:weight=36864	4199198563578253762
matching	injection	5	4	2:1,2,0:weight=90000	4199198563578253763
matching	injection	5	4	2:1,3,0:weight=131769	4199198563578253764
matching	injection	5	4	2:1,5,0:weight=257049	4199198563578253765
matching	injection	5	4	2:1,6,0:weight=345744	4199198563578253766
matching	injection	5	4	2:2,0,0:weight=40960	4199198563578253767
matching	injection	5	4	2:2,1,0:weight=65610	4199198563578253768
matching	injection	5	4	2:2,3,0:weight=146410	4199198563578253769
matching	injection	5	4	2:2,5,0:weight=285610	4199198563578253770
matching	injection	5	4	2:2,6,0:weight=384160	4199198563578253771
matching	injection	5	4	2:3,0,0:weight=45056	4199198563578253772
matching	injection	5	4	2:3,1,0:weight=72171	4199198563578253773
matching	injection	5	4	2:3,2,0:weight=110000	4199198563578253774
matching	injection	5	4	2:3,5,0:weight=314171	4199198563578253775
matching	injection	5	4	2:3,6,0:weight=422576	4199198563578253776
matching	injection	5	4	2:5,0,0:weight=53248	4199198563578253777
matching	injection	5	4	2:5,1,0:weight=85293	4199198563578253778
matching	injection	5	4	2:5,2,0:weight=130000	4199198563578253779
matching	injection	5	4	2:5,3,0:weight=190333	4199198563578253780
matching	injection	5	4	2:5,6,0:weight=499408	4199198563578253781
matching	injection	5	4	2:6,0,0:weight=57344	4199198563578253782
matching	injection	5	4	2:6,1,0:weight=91854	4199198563578253783
matching	injection	5	4	2:6,2,0:weight=140000	4199198563578253784
matching	injection	5	4	2:6,3,0:weight=204974	4199198563578253785
matching	injection	5	4	2:6,5,0:weight=399854	4199198563578253786
matching	injection	5	5	2:0,1,0:weight=52488	4199198563578253787
matching	injection	5	5	2:0,2,0:weight=80000	4199198563578253788
matching	injection	5	5	2:0,3,0:weight=117128	4199198563578253789
matching	injection	5	5	2:0,4,0:weight=165888	4199198563578253790
matching	injection	5	5	2:0,6,0:weight=307328	4199198563578253791
matching	injection	5	5	2:1,0,0:weight=36864	4199198563578253792
matching	injection	5	5	2:1,2,0:weight=90000	4199198563578253793
matching	injection	5	5	2:1,3,0:weight=131769	4199198563578253794
matching	injection	5	5	2:1,4,0:weight=186624	4199198563578253795
matching	injection	5	5	2:1,6,0:weight=345744	4199198563578253796
matching	injection	5	5	2:2,0,0:weight=40960	4199198563578253797
matching	injection	5	5	2:2,1,0:weight=65610	4199198563578253798
matching	injection	5	5	2:2,3,0:weight=146410	4199198563578253799
matching	injection	5	5	2:2,4,0:weight=207360	4199198563578253800
matching	injection	5	5	2:2,6,0:weight=384160	4199198563578253801
matching	injection	5	5	2:3,0,0:weight=45056	4199198563578253802
matching	injection	5	5	2:3,1,0:weight=72171	4199198563578253803
matching	injection	5	5	2:3,2,0:weight=110000	4199198563578253804
matching	injection	5	5	2:3,4,0:weight=228096	4199198563578253805
matching	injection	5	5	2:3,6,0:weight=422576	4199198563578253806
matching	injection	5	5	2:4,0,0:weight=49152	4199198563578253807
matching	injection	5	5	2:4,1,0:weight=78732	4199198563578253808
matching	injection	5	5	2:4,2,0:weight=120000	4199198563578253809
matching	injection	5	5	2:4,3,0:weight=175692	4199198563578253810
matching	injection	5	5	2:4,6,0:weight=460992	4199198563578253811
matching	injection	5	5	2:6,0,0:weight=57344	4199198563578253812
matching	injection	5	5	2:6,1,0:weight=91854	4199198563578253813
matching	injection	5	5	2:6,2,0:weight=140000	4199198563578253814
matching	injection	5	5	2:6,3,0:weight=204974	4199198563578253815
matching	injection	5	5	2:6,4,0:weight=290304	4199198563578253816
matching	injection	5	6	2:0,1,0:weight=52488	4199198563578253817
matching	injection	5	6	2:0,2,0:weight=80000	4199198563578253818
matching	injection	5	6	2:0,3,0:weight=117128	4199198563578253819
matching	injection	5	6	2:0,4,0:weight=165888	4199198563578253820
matching	injection	5	6	2:0,5,0:weight=228488	4199198563578253821
matching	injection	5	6	2:1,0,0:weight=36864	4199198563578253822
matching	injection	5	6	2:1,2,0:weight=90000	4199198563578253823
matching	injection	5	6	2:1,3,0:weight=131769	4199198563578253824
matching	injection	5	6	2:1,4,0:weight=186624	4199198563578253825
matching	injection	5	6	2:1,5,0:weight=257049	4199198563578253826
matching	injection	5	6	2:2,0,0:weight=40960	4199198563578253827
matching	injection	5	6	2:2,1,0:weight=65610	4199198563578253828
matching	injection	5	6	2:2,3,0:weight=146410	4199198563578253829
matching	injection	5	6	2:2,4,0:weight=207360	4199198563578253830
matching	injection	5	6	2:2,5,0:weight=285610	4199198563578253831
matching	injection	5	6	2:3,0,0:weight=45056	4199198563578253832
matching	injection	5	6	2:3,1,0:weight=72171	4199198563578253833
matching	injection	5	6	2:3,2,0:weight=110000	4199198563578253834
matching	injection	5	6	2:3,4,0:weight=228096	4199198563578253835
matching	injection	5	6	2:3,5,0:weight=314171	4199198563578253836
matching	injection	5	6	2:4,0,0:weight=49152	4199198563578253837
matching	injection	5	6	2:4,1,0:weight=78732	4199198563578253838
matching	injection	5	6	2:4,2,0:weight=120000	4199198563578253839
matching	injection	5	6	2:4,3,0:weight=175692	4199198563578253840
matching	injection	5	6	2:4,5,0:weight=342732	4199198563578253841
matching	injection	5	6	2:5,0,0:weight=53248	4199198563578253842
matching	injection	5	6	2:5,1,0:weight=85293	4199198563578253843
matching	injection	5	6	2:5,2,0:weight=130000	4199198563578253844
matching	injection	5	6	2:5,3,0:weight=190333	4199198563578253845
matching	injection	5	6	2:5,4,0:weight=269568	4199198563578253846
matching	injection	6	0	2:1,2,0:weight=810000	4199198563578253847
matching	injection	6	0	2:1,3,0:weight=1185921	4199198563578253848
matching	injection	6	0	2:1,4,0:weight=1679616	4199198563578253849
matching	injection	6	0	2:1,5,0:weight=2313441	4199198563578253850
matching	injection	6	0	2:1,6,0:weight=3111696	4199198563578253851
matching	injection	6	0	2:2,1,0:weight=656100	4199198563578253852
matching	injection	6	0	2:2,3,0:weight=1464100	4199198563578253853
matching	injection	6	0	2:2,4,0:weight=2073600	4199198563578253854
matching	injection	6	0	2:2,5,0:weight=2856100	4199198563578253855
matching	injection	6	0	2:2,6,0:weight=3841600	4199198563578253856
matching	injection	6	0	2:3,1,0:weight=793881	4199198563578253857
matching	injection	6	0	2:3,2,0:weight=1210000	4199198563578253858
matching	injection	6	0	2:3,4,0:weight=2509056	4199198563578253859
matching	injection	6	0	2:3,5,0:weight=3455881	4199198563578253860
matching	injection	6	0	2:3,6,0:weight=4648336	4199198563578253861
matching	injection	6	0	2:4,1,0:weight=944784	4199198563578253862
matching	injection	6	0	2:4,2,0:weight=1440000	4199198563578253863
matching	injection	6	0	2:4,3,0:weight=2108304	4199198563578253864
matching	injection	6	0	2:4,5,0:weight=4112784	4199198563578253865
matching	injection	6	0	2:4,6,0:weight=5531904	4199198563578253866
matching	injection	6	0	2:5,1,0:weight=1108809	4199198563578253867
matching	injection	6	0	2:5,2,0:weight=1690000	4199198563578253868
matching	injection	6	0	2:5,3,0:weight=2474329	4199198563578253869
matching	injection	6	0	2:5,4,0:weight=3504384	4199198563578253870
matching	injection	6	0	2:5,6,0:weight=6492304	4199198563578253871
matching	injection	6	0	2:6,1,0:weight=1285956	4199198563578253872
matching	injection	6	0	2:6,2,0:weight=1960000	4199198563578253873
matching	injection	6	0	2:6,3,0:weight=2869636	4199198563578253874
matching	injection	6	0	2:6,4,0:weight=4064256	4199198563578253875
matching	injection	6	0	2:6,5,0:weight=5597956	4199198563578253876
matching	injection	6	1	2:0,2,0:weight=640000	4199198563578253877
matching	injection	6	1	2:0,3,0:weight=937024	4199198563578253878
matching	injection	6	1	2:0,4,0:weight=1327104	4199198563578253879
matching	injection	6	1	2:0,5,0:weight=1827904	4199198563578253880
matching	injection	6	1	2:0,6,0:weight=2458624	4199198563578253881
matching	injection	6	1	2:2,0,0:weight=409600	4199198563578253882
matching	injection	6	1	2:2,3,0:weight=1464100	4199198563578253883
matching	injection	6	1	2:2,4,0:weight=2073600	4199198563578253884
matching	injection	6	1	2:2,5,0:weight=2856100	4199198563578253885
matching	injection	6	1	2:2,6,0:weight=3841600	4199198563578253886
matching	injection	6	1	2:3,0,0:weight=495616	4199198563578253887
matching	injection	6	1	2:3,2,0:weight=1210000	4199198563578253888
matching	injection	6	1	2:3,4,0:weight=2509056	4199198563578253889
matching	injection	6	1	2:3,5,0:weight=3455881	4199198563578253890
matching	injection	6	1	2:3,6,0:weight=4648336	4199198563578253891
matching	injection	6	1	2:4,0,0:weight=589824	4199198563578253892
matching	injection	6	1	2:4,2,0:weight=1440000	4199198563578253893
matching	injection	6	1	2:4,3,0:weight=2108304	4199198563578253894
matching	injection	6	1	2:4,5,0:weight=4112784	4199198563578253895
matching	injection	6	1	2:4,6,0:weight=5531904	4199198563578253896
matching	injection	6	1	2:5,0,0:weight=692224	4199198563578253897
matching	injection	6	1	2:5,2,0:weight=1690000	4199198563578253898
matching	injection	6	1	2:5,3,0:weight=2474329	4199198563578253899
matching	injection	6	1	2:5,4,0:weight=3504384	4199198563578253900
matching	injection	6	1	2:5,6,0:weight=6492304	4199198563578253901
matching	injection	6	1	2:6,0,0:weight=802816	4199198563578253902
matching	injection	6	1	2:6,2,0:weight=1960000	4199198563578253903
matching	injection	6	1	2:6,3,0:weight=2869636	4199198563578253904
matching	injection	6	1	2:6,4,0:weight=4064256	4199198563578253905
matching	injection	6	1	2:6,5,0:weight=5597956	4199198563578253906
matching	injection	6	2	2:0,1,0:weight=419904	4199198563578253907
matching	injection	6	2	2:0,3,0:weight=937024	4199198563578253908
matching	injection	6	2	2:0,4,0:weight=1327104	4199198563578253909
matching	injection	6	2	2:0,5,0:weight=1827904	4199198563578253910
matching	injection	6	2	2:0,6,0:weight=2458624	4199198563578253911
matching	injection	6	2	2:1,0,0:weight=331776	4199198563578253912
matching	injection	6	2	2:1,3,0:weight=1185921	4199198563578253913
matching	injection	6	2	2:1,4,0:weight=1679616	4199198563578253914
matching	injection	6	2	2:1,5,0:weight=2313441	4199198563578253915
matching	injection	6	2	2:1,6,0:weight=3111696	4199198563578253916
matching	injection	6	2	2:3,0,0:weight=495616	4199198563578253917
matching	injection	6	2	2:3,1,0:weight=793881	4199198563578253918
matching	injection	6	2	2:3,4,0:weight=2509056	4199198563578253919
matching	injection	6	2	2:3,5,0:weight=3455881	4199198563578253920
matching	injection	6	2	2:3,6,0:weight=4648336	4199198563578253921
matching	injection	6	2	2:4,0,0:weight=589824	4199198563578253922
matching	injection	6	2	2:4,1,0:weight=944784	4199198563578253923
matching	injection	6	2	2:4,3,0:weight=2108304	4199198563578253924
matching	injection	6	2	2:4,5,0:weight=4112784	4199198563578253925
matching	injection	6	2	2:4,6,0:weight=5531904	4199198563578253926
matching	injection	6	2	2:5,0,0:weight=692224	4199198563578253927
matching	injection	6	2	2:5,1,0:weight=1108809	4199198563578253928
matching	injection	6	2	2:5,3,0:weight=2474329	4199198563578253929
matching	injection	6	2	2:5,4,0:weight=3504384	4199198563578253930
matching	injection	6	2	2:5,6,0:weight=6492304	4199198563578253931
matching	injection	6	2	2:6,0,0:weight=802816	4199198563578253932
matching	injection	6	2	2:6,1,0:weight=1285956	4199198563578253933
matching	injection	6	2	2:6,3,0:weight=2869636	4199198563578253934
matching	injection	6	2	2:6,4,0:weight=4064256	4199198563578253935
matching	injection	6	2	2:6,5,0:weight=5597956	4199198563578253936
matching	injection	6	3	2:0,1,0:weight=419904	4199198563578253937
matching	injection	6	3	2:0,2,0:weight=640000	4199198563578253938
matching	injection	6	3	2:0,4,0:weight=1327104	4199198563578253939
matching	injection	6	3	2:0,5,0:weight=1827904	4199198563578253940
matching	injection	6	3	2:0,6,0:weight=2458624	4199198563578253941
matching	injection	6	3	2:1,0,0:weight=331776	4199198563578253942
matching	injection	6	3	2:1,2,0:weight=810000	4199198563578253943
matching	injection	6	3	2:1,4,0:weight=1679616	4199198563578253944
matching	injection	6	3	2:1,5,0:weight=2313441	4199198563578253945
matching	injection	6	3	2:1,6,0:weight=3111696	4199198563578253946
matching	injection	6	3	2:2,0,0:weight=409600	4199198563578253947
matching	injection	6	3	2:2,1,0:weight=656100	4199198563578253948
matching	injection	6	3	2:2,4,0:weight=2073600	4199198563578253949
matching	injection	6	3	2:2,5,0:weight=2856100	4199198563578253950
matching	injection	6	3	2:2,6,0:weight=3841600	4199198563578253951
matching	injection	6	3	2:4,0,0:weight=589824	4199198563578253952
matching	injection	6	3	2:4,1,0:weight=944784	4199198563578253953
matching	injection	6	3	2:4,2,0:weight=1440000	4199198563578253954
matching	injection	6	3	2:4,5,0:weight=4112784	4199198563578253955
matching	injection	6	3	2:4,6,0:weight=5531904	4199198563578253956
matching	injection	6	3	2:5,0,0:weight=692224	4199198563578253957
matching	injection	6	3	2:5,1,0:weight=1108809	4199198563578253958
matching	injection	6	3	2:5,2,0:weight=1690000	4199198563578253959
matching	injection	6	3	2:5,4,0:weight=3504384	4199198563578253960
matching	injection	6	3	2:5,6,0:weight=6492304	4199198563578253961
matching	injection	6	3	2:6,0,0:weight=802816	4199198563578253962
matching	injection	6	3	2:6,1,0:weight=1285956	4199198563578253963
matching	injection	6	3	2:6,2,0:weight=1960000	4199198563578253964
matching	injection	6	3	2:6,4,0:weight=4064256	4199198563578253965
matching	injection	6	3	2:6,5,0:weight=5597956	4199198563578253966
matching	injection	6	4	2:0,1,0:weight=419904	4199198563578253967
matching	injection	6	4	2:0,2,0:weight=640000	4199198563578253968
matching	injection	6	4	2:0,3,0:weight=937024	4199198563578253969
matching	injection	6	4	2:0,5,0:weight=1827904	4199198563578253970
matching	injection	6	4	2:0,6,0:weight=2458624	4199198563578253971
matching	injection	6	4	2:1,0,0:weight=331776	4199198563578253972
matching	injection	6	4	2:1,2,0:weight=810000	4199198563578253973
matching	injection	6	4	2:1,3,0:weight=1185921	4199198563578253974
matching	injection	6	4	2:1,5,0:weight=2313441	4199198563578253975
matching	injection	6	4	2:1,6,0:weight=3111696	4199198563578253976
matching	injection	6	4	2:2,0,0:weight=409600	4199198563578253977
matching	injection	6	4	2:2,1,0:weight=656100	4199198563578253978
matching	injection	6	4	2:2,3,0:weight=1464100	4199198563578253979
matching	injection	6	4	2:2,5,0:weight=2856100	4199198563578253980
matching	injection	6	4	2:2,6,0:weight=3841600	4199198563578253981
matching	injection	6	4	2:3,0,0:weight=495616	4199198563578253982
matching	injection	6	4	2:3,1,0:weight=793881	4199198563578253983
matching	injection	6	4	2:3,2,0:weight=1210000	4199198563578253984
matching	injection	6	4	2:3,5,0:weight=3455881	4199198563578253985
matching	injection	6	4	2:3,6,0:weight=4648336	4199198563578253986
matching	injection	6	4	2:5,0,0:weight=692224	4199198563578253987
matching	injection	6	4	2:5,1,0:weight=1108809	4199198563578253988
matching	injection	6	4	2:5,2,0:weight=1690000	4199198563578253989
matching	injection	6	4	2:5,3,0:weight=2474329	4199198563578253990
matching	injection	6	4	2:5,6,0:weight=6492304	4199198563578253991
matching	injection	6	4	2:6,0,0:weight=802816	4199198563578253992
matching	injection	6	4	2:6,1,0:weight=1285956	4199198563578253993
matching	injection	6	4	2:6,2,0:weight=1960000	4199198563578253994
matching	injection	6	4	2:6,3,0:weight=2869636	4199198563578253995
matching	injection	6	4	2:6,5,0:weight=5597956	4199198563578253996
matching	injection	6	5	2:0,1,0:weight=419904	4199198563578253997
matching	injection	6	5	2:0,2,0:weight=640000	4199198563578253998
matching	injection	6	5	2:0,3,0:weight=937024	4199198563578253999
matching	injection	6	5	2:0,4,0:weight=1327104	4199198563578254000
matching	injection	6	5	2:0,6,0:weight=2458624	4199198563578254001
matching	injection	6	5	2:1,0,0:weight=331776	4199198563578254002
matching	injection	6	5	2:1,2,0:weight=810000	4199198563578254003
matching	injection	6	5	2:1,3,0:weight=1185921	4199198563578254004
matching	injection	6	5	2:1,4,0:weight=1679616	4199198563578254005
matching	injection	6	5	2:1,6,0:weight=3111696	4199198563578254006
matching	injection	6	5	2:2,0,0:weight=409600	4199198563578254007
matching	injection	6	5	2:2,1,0:weight=656100	4199198563578254008
matching	injection	6	5	2:2,3,0:weight=1464100	4199198563578254009
matching	injection	6	5	2:2,4,0:weight=2073600	4199198563578254010
matching	injection	6	5	2:2,6,0:weight=3841600	4199198563578254011
matching	injection	6	5	2:3,0,0:weight=495616	4199198563578254012
matching	injection	6	5	2:3,1,0:weight=793881	4199198563578254013
matching	injection	6	5	2:3,2,0:weight=1210000	4199198563578254014
matching	injection	6	5	2:3,4,0:weight=2509056	4199198563578254015
matching	injection	6	5	2:3,6,0:weight=4648336	4199198563578254016
matching	injection	6	5	2:4,0,0:weight=589824	4199198563578254017
matching	injection	6	5	2:4,1,0:weight=944784	4199198563578254018
matching	injection	6	5	2:4,2,0:weight=1440000	4199198563578254019
matching	injection	6	5	2:4,3,0:weight=2108304	4199198563578254020
matching	injection	6	5	2:4,6,0:weight=5531904	4199198563578254021
matching	injection	6	5	2:6,0,0:weight=802816	4199198563578254022
matching	injection	6	5	2:6,1,0:weight=1285956	4199198563578254023
matching	injection	6	5	2:6,2,0:weight=1960000	4199198563578254024
matching	injection	6	5	2:6,3,0:weight=2869636	4199198563578254025
matching	injection	6	5	2:6,4,0:weight=4064256	4199198563578254026
matching	injection	6	6	2:0,1,0:weight=419904	4199198563578254027
matching	injection	6	6	2:0,2,0:weight=640000	4199198563578254028
matching	injection	6	6	2:0,3,0:weight=937024	4199198563578254029
matching	injection	6	6	2:0,4,0:weight=1327104	4199198563578254030
matching	injection	6	6	2:0,5,0:weight=1827904	4199198563578254031
matching	injection	6	6	2:1,0,0:weight=331776	4199198563578254032
matching	injection	6	6	2:1,2,0:weight=810000	4199198563578254033
matching	injection	6	6	2:1,3,0:weight=1185921	4199198563578254034
matching	injection	6	6	2:1,4,0:weight=1679616	4199198563578254035
matching	injection	6	6	2:1,5,0:weight=2313441	4199198563578254036
matching	injection	6	6	2:2,0,0:weight=409600	4199198563578254037
matching	injection	6	6	2:2,1,0:weight=656100	4199198563578254038
matching	injection	6	6	2:2,3,0:weight=1464100	4199198563578254039
matching	injection	6	6	2:2,4,0:weight=2073600	4199198563578254040
matching	injection	6	6	2:2,5,0:weight=2856100	4199198563578254041
matching	injection	6	6	2:3,0,0:weight=495616	4199198563578254042
matching	injection	6	6	2:3,1,0:weight=793881	4199198563578254043
matching	injection	6	6	2:3,2,0:weight=1210000	4199198563578254044
matching	injection	6	6	2:3,4,0:weight=2509056	4199198563578254045
matching	injection	6	6	2:3,5,0:weight=3455881	4199198563578254046
matching	injection	6	6	2:4,0,0:weight=589824	4199198563578254047
matching	injection	6	6	2:4,1,0:weight=944784	4199198563578254048
matching	injection	6	6	2:4,2,0:weight=1440000	4199198563578254049
matching	injection	6	6	2:4,3,0:weight=2108304	4199198563578254050
matching	injection	6	6	2:4,5,0:weight=4112784	4199198563578254051
matching	injection	6	6	2:5,0,0:weight=692224	4199198563578254052
matching	injection	6	6	2:5,1,0:weight=1108809	4199198563578254053
matching	injection	6	6	2:5,2,0:weight=1690000	4199198563578254054
matching	injection	6	6	2:5,3,0:weight=2474329	4199198563578254055
matching	injection	6	6	2:5,4,0:weight=3504384	4199198563578254056
matching	jacobian	0	0	720:factor=720*1*1	4199198563578242294
matching	jacobian	0	1	720:factor=720*1*1	4199198563578242295
matching	jacobian	0	2	720:factor=720*1*1	4199198563578242296
matching	jacobian	0	3	720:factor=720*1*1	4199198563578242297
matching	jacobian	0	4	720:factor=720*1*1	4199198563578242298
matching	jacobian	0	5	720:factor=720*1*1	4199198563578242299
matching	jacobian	0	6	720:factor=720*1*1	4199198563578242300
matching	jacobian	0	7	720:factor=720*1*1	4199198563578242301
matching	jacobian	0	8	720:factor=720*1*1	4199198563578242302
matching	jacobian	0	9	720:factor=720*1*1	4199198563578242303
matching	jacobian	0	10	720:factor=720*1*1	4199198563578242304
matching	jacobian	0	11	720:factor=720*1*1	4199198563578242305
matching	jacobian	0	12	720:factor=720*1*1	4199198563578242306
matching	jacobian	0	13	720:factor=720*1*1	4199198563578242307
matching	jacobian	0	14	720:factor=720*1*1	4199198563578242308
matching	jacobian	0	15	720:factor=720*1*1	4199198563578242309
matching	jacobian	0	16	720:factor=720*1*1	4199198563578242310
matching	jacobian	0	17	720:factor=720*1*1	4199198563578242311
matching	jacobian	0	18	720:factor=720*1*1	4199198563578242312
matching	jacobian	0	19	720:factor=720*1*1	4199198563578242313
matching	jacobian	0	20	720:factor=720*1*1	4199198563578242314
matching	jacobian	0	21	720:factor=720*1*1	4199198563578242315
matching	jacobian	0	22	720:factor=720*1*1	4199198563578242316
matching	jacobian	0	23	720:factor=720*1*1	4199198563578242317
matching	jacobian	0	24	720:factor=720*1*1	4199198563578242318
matching	jacobian	0	25	720:factor=720*1*1	4199198563578242319
matching	jacobian	0	26	720:factor=720*1*1	4199198563578242320
matching	jacobian	0	27	720:factor=720*1*1	4199198563578242321
matching	jacobian	0	28	720:factor=720*1*1	4199198563578242322
matching	jacobian	0	29	720:factor=720*1*1	4199198563578242323
matching	jacobian	0	30	720:factor=720*1*1	4199198563578242324
matching	jacobian	0	31	720:factor=720*1*1	4199198563578242325
matching	jacobian	0	32	720:factor=720*1*1	4199198563578242326
matching	jacobian	0	33	720:factor=720*1*1	4199198563578242327
matching	jacobian	0	34	720:factor=720*1*1	4199198563578242328
matching	jacobian	0	35	720:factor=720*1*1	4199198563578242329
matching	jacobian	0	36	720:factor=720*1*1	4199198563578242330
matching	jacobian	0	37	720:factor=720*1*1	4199198563578242331
matching	jacobian	0	38	720:factor=720*1*1	4199198563578242332
matching	jacobian	0	39	720:factor=720*1*1	4199198563578242333
matching	jacobian	0	40	720:factor=720*1*1	4199198563578242334
matching	jacobian	0	41	720:factor=720*1*1	4199198563578242335
matching	jacobian	0	42	720:factor=720*1*1	4199198563578242336
matching	jacobian	0	43	720:factor=720*1*1	4199198563578242337
matching	jacobian	0	44	720:factor=720*1*1	4199198563578242338
matching	jacobian	0	45	720:factor=720*1*1	4199198563578242339
matching	jacobian	0	46	720:factor=720*1*1	4199198563578242340
matching	jacobian	0	47	720:factor=720*1*1	4199198563578242341
matching	jacobian	0	48	720:factor=720*1*1	4199198563578242342
matching	jacobian	1	0	49680:factor=720*1*69	4199198563578242343
matching	jacobian	1	1	49680:factor=720*1*69	4199198563578242344
matching	jacobian	1	2	49680:factor=720*1*69	4199198563578242345
matching	jacobian	1	3	49680:factor=720*1*69	4199198563578242346
matching	jacobian	1	4	49680:factor=720*1*69	4199198563578242347
matching	jacobian	1	5	49680:factor=720*1*69	4199198563578242348
matching	jacobian	1	6	49680:factor=720*1*69	4199198563578242349
matching	jacobian	1	7	48960:factor=720*1*68	4199198563578242350
matching	jacobian	1	8	48960:factor=720*1*68	4199198563578242351
matching	jacobian	1	9	48960:factor=720*1*68	4199198563578242352
matching	jacobian	1	10	48960:factor=720*1*68	4199198563578242353
matching	jacobian	1	11	48960:factor=720*1*68	4199198563578242354
matching	jacobian	1	12	48960:factor=720*1*68	4199198563578242355
matching	jacobian	1	13	48960:factor=720*1*68	4199198563578242356
matching	jacobian	1	14	48240:factor=720*1*67	4199198563578242357
matching	jacobian	1	15	48240:factor=720*1*67	4199198563578242358
matching	jacobian	1	16	48240:factor=720*1*67	4199198563578242359
matching	jacobian	1	17	48240:factor=720*1*67	4199198563578242360
matching	jacobian	1	18	48240:factor=720*1*67	4199198563578242361
matching	jacobian	1	19	48240:factor=720*1*67	4199198563578242362
matching	jacobian	1	20	48240:factor=720*1*67	4199198563578242363
matching	jacobian	1	21	47520:factor=720*1*66	4199198563578242364
matching	jacobian	1	22	47520:factor=720*1*66	4199198563578242365
matching	jacobian	1	23	47520:factor=720*1*66	4199198563578242366
matching	jacobian	1	24	47520:factor=720*1*66	4199198563578242367
matching	jacobian	1	25	47520:factor=720*1*66	4199198563578242368
matching	jacobian	1	26	47520:factor=720*1*66	4199198563578242369
matching	jacobian	1	27	47520:factor=720*1*66	4199198563578242370
matching	jacobian	1	28	46800:factor=720*1*65	4199198563578242371
matching	jacobian	1	29	46800:factor=720*1*65	4199198563578242372
matching	jacobian	1	30	46800:factor=720*1*65	4199198563578242373
matching	jacobian	1	31	46800:factor=720*1*65	4199198563578242374
matching	jacobian	1	32	46800:factor=720*1*65	4199198563578242375
matching	jacobian	1	33	46800:factor=720*1*65	4199198563578242376
matching	jacobian	1	34	46800:factor=720*1*65	4199198563578242377
matching	jacobian	1	35	46080:factor=720*1*64	4199198563578242378
matching	jacobian	1	36	46080:factor=720*1*64	4199198563578242379
matching	jacobian	1	37	46080:factor=720*1*64	4199198563578242380
matching	jacobian	1	38	46080:factor=720*1*64	4199198563578242381
matching	jacobian	1	39	46080:factor=720*1*64	4199198563578242382
matching	jacobian	1	40	46080:factor=720*1*64	4199198563578242383
matching	jacobian	1	41	46080:factor=720*1*64	4199198563578242384
matching	jacobian	1	42	45360:factor=720*1*63	4199198563578242385
matching	jacobian	1	43	45360:factor=720*1*63	4199198563578242386
matching	jacobian	1	44	45360:factor=720*1*63	4199198563578242387
matching	jacobian	1	45	45360:factor=720*1*63	4199198563578242388
matching	jacobian	1	46	45360:factor=720*1*63	4199198563578242389
matching	jacobian	1	47	45360:factor=720*1*63	4199198563578242390
matching	jacobian	1	48	45360:factor=720*1*63	4199198563578242391
matching	jacobian	2	0	583920:factor=720*1*811	4199198563578242392
matching	jacobian	2	1	583920:factor=720*1*811	4199198563578242393
matching	jacobian	2	2	583920:factor=720*1*811	4199198563578242394
matching	jacobian	2	3	583920:factor=720*1*811	4199198563578242395
matching	jacobian	2	4	583920:factor=720*1*811	4199198563578242396
matching	jacobian	2	5	583920:factor=720*1*811	4199198563578242397
matching	jacobian	2	6	583920:factor=720*1*811	4199198563578242398
matching	jacobian	2	7	571680:factor=720*1*794	4199198563578242399
matching	jacobian	2	8	571680:factor=720*1*794	4199198563578242400
matching	jacobian	2	9	571680:factor=720*1*794	4199198563578242401
matching	jacobian	2	10	571680:factor=720*1*794	4199198563578242402
matching	jacobian	2	11	571680:factor=720*1*794	4199198563578242403
matching	jacobian	2	12	571680:factor=720*1*794	4199198563578242404
matching	jacobian	2	13	571680:factor=720*1*794	4199198563578242405
matching	jacobian	2	14	558000:factor=720*1*775	4199198563578242406
matching	jacobian	2	15	558000:factor=720*1*775	4199198563578242407
matching	jacobian	2	16	558000:factor=720*1*775	4199198563578242408
matching	jacobian	2	17	558000:factor=720*1*775	4199198563578242409
matching	jacobian	2	18	558000:factor=720*1*775	4199198563578242410
matching	jacobian	2	19	558000:factor=720*1*775	4199198563578242411
matching	jacobian	2	20	558000:factor=720*1*775	4199198563578242412
matching	jacobian	2	21	542880:factor=720*1*754	4199198563578242413
matching	jacobian	2	22	542880:factor=720*1*754	4199198563578242414
matching	jacobian	2	23	542880:factor=720*1*754	4199198563578242415
matching	jacobian	2	24	542880:factor=720*1*754	4199198563578242416
matching	jacobian	2	25	542880:factor=720*1*754	4199198563578242417
matching	jacobian	2	26	542880:factor=720*1*754	4199198563578242418
matching	jacobian	2	27	542880:factor=720*1*754	4199198563578242419
matching	jacobian	2	28	526320:factor=720*1*731	4199198563578242420
matching	jacobian	2	29	526320:factor=720*1*731	4199198563578242421
matching	jacobian	2	30	526320:factor=720*1*731	4199198563578242422
matching	jacobian	2	31	526320:factor=720*1*731	4199198563578242423
matching	jacobian	2	32	526320:factor=720*1*731	4199198563578242424
matching	jacobian	2	33	526320:factor=720*1*731	4199198563578242425
matching	jacobian	2	34	526320:factor=720*1*731	4199198563578242426
matching	jacobian	2	35	508320:factor=720*1*706	4199198563578242427
matching	jacobian	2	36	508320:factor=720*1*706	4199198563578242428
matching	jacobian	2	37	508320:factor=720*1*706	4199198563578242429
matching	jacobian	2	38	508320:factor=720*1*706	4199198563578242430
matching	jacobian	2	39	508320:factor=720*1*706	4199198563578242431
matching	jacobian	2	40	508320:factor=720*1*706	4199198563578242432
matching	jacobian	2	41	508320:factor=720*1*706	4199198563578242433
matching	jacobian	2	42	488880:factor=720*1*679	4199198563578242434
matching	jacobian	2	43	488880:factor=720*1*679	4199198563578242435
matching	jacobian	2	44	488880:factor=720*1*679	4199198563578242436
matching	jacobian	2	45	488880:factor=720*1*679	4199198563578242437
matching	jacobian	2	46	488880:factor=720*1*679	4199198563578242438
matching	jacobian	2	47	488880:factor=720*1*679	4199198563578242439
matching	jacobian	2	48	488880:factor=720*1*679	4199198563578242440
matching	jacobian	3	0	33285600:factor=720*1*46230	4199198563578242441
matching	jacobian	3	1	33285600:factor=720*1*46230	4199198563578242442
matching	jacobian	3	2	33285600:factor=720*1*46230	4199198563578242443
matching	jacobian	3	3	33285600:factor=720*1*46230	4199198563578242444
matching	jacobian	3	4	33285600:factor=720*1*46230	4199198563578242445
matching	jacobian	3	5	33285600:factor=720*1*46230	4199198563578242446
matching	jacobian	3	6	33285600:factor=720*1*46230	4199198563578242447
matching	jacobian	3	7	32025600:factor=720*1*44480	4199198563578242448
matching	jacobian	3	8	32025600:factor=720*1*44480	4199198563578242449
matching	jacobian	3	9	32025600:factor=720*1*44480	4199198563578242450
matching	jacobian	3	10	32025600:factor=720*1*44480	4199198563578242451
matching	jacobian	3	11	32025600:factor=720*1*44480	4199198563578242452
matching	jacobian	3	12	32025600:factor=720*1*44480	4199198563578242453
matching	jacobian	3	13	32025600:factor=720*1*44480	4199198563578242454
matching	jacobian	3	14	30732480:factor=720*1*42684	4199198563578242455
matching	jacobian	3	15	30732480:factor=720*1*42684	4199198563578242456
matching	jacobian	3	16	30732480:factor=720*1*42684	4199198563578242457
matching	jacobian	3	17	30732480:factor=720*1*42684	4199198563578242458
matching	jacobian	3	18	30732480:factor=720*1*42684	4199198563578242459
matching	jacobian	3	19	30732480:factor=720*1*42684	4199198563578242460
matching	jacobian	3	20	30732480:factor=720*1*42684	4199198563578242461
matching	jacobian	3	21	29414880:factor=720*1*40854	4199198563578242462
matching	jacobian	3	22	29414880:factor=720*1*40854	4199198563578242463
matching	jacobian	3	23	29414880:factor=720*1*40854	4199198563578242464
matching	jacobian	3	24	29414880:factor=720*1*40854	4199198563578242465
matching	jacobian	3	25	29414880:factor=720*1*40854	4199198563578242466
matching	jacobian	3	26	29414880:factor=720*1*40854	4199198563578242467
matching	jacobian	3	27	29414880:factor=720*1*40854	4199198563578242468
matching	jacobian	3	28	28081440:factor=720*1*39002	4199198563578242469
matching	jacobian	3	29	28081440:factor=720*1*39002	4199198563578242470
matching	jacobian	3	30	28081440:factor=720*1*39002	4199198563578242471
matching	jacobian	3	31	28081440:factor=720*1*39002	4199198563578242472
matching	jacobian	3	32	28081440:factor=720*1*39002	4199198563578242473
matching	jacobian	3	33	28081440:factor=720*1*39002	4199198563578242474
matching	jacobian	3	34	28081440:factor=720*1*39002	4199198563578242475
matching	jacobian	3	35	26740800:factor=720*1*37140	4199198563578242476
matching	jacobian	3	36	26740800:factor=720*1*37140	4199198563578242477
matching	jacobian	3	37	26740800:factor=720*1*37140	4199198563578242478
matching	jacobian	3	38	26740800:factor=720*1*37140	4199198563578242479
matching	jacobian	3	39	26740800:factor=720*1*37140	4199198563578242480
matching	jacobian	3	40	26740800:factor=720*1*37140	4199198563578242481
matching	jacobian	3	41	26740800:factor=720*1*37140	4199198563578242482
matching	jacobian	3	42	25401600:factor=720*1*35280	4199198563578242483
matching	jacobian	3	43	25401600:factor=720*1*35280	4199198563578242484
matching	jacobian	3	44	25401600:factor=720*1*35280	4199198563578242485
matching	jacobian	3	45	25401600:factor=720*1*35280	4199198563578242486
matching	jacobian	3	46	25401600:factor=720*1*35280	4199198563578242487
matching	jacobian	3	47	25401600:factor=720*1*35280	4199198563578242488
matching	jacobian	3	48	25401600:factor=720*1*35280	4199198563578242489
matching	jacobian	4	0	85618800:factor=720*1*118915	4199198563578242490
matching	jacobian	4	1	85618800:factor=720*1*118915	4199198563578242491
matching	jacobian	4	2	85618800:factor=720*1*118915	4199198563578242492
matching	jacobian	4	3	85618800:factor=720*1*118915	4199198563578242493
matching	jacobian	4	4	85618800:factor=720*1*118915	4199198563578242494
matching	jacobian	4	5	85618800:factor=720*1*118915	4199198563578242495
matching	jacobian	4	6	85618800:factor=720*1*118915	4199198563578242496
matching	jacobian	4	7	83844000:factor=720*1*116450	4199198563578242497
matching	jacobian	4	8	83844000:factor=720*1*116450	4199198563578242498
matching	jacobian	4	9	83844000:factor=720*1*116450	4199198563578242499
matching	jacobian	4	10	83844000:factor=720*1*116450	4199198563578242500
matching	jacobian	4	11	83844000:factor=720*1*116450	4199198563578242501
matching	jacobian	4	12	83844000:factor=720*1*116450	4199198563578242502
matching	jacobian	4	13	83844000:factor=720*1*116450	4199198563578242503
matching	jacobian	4	14	81367920:factor=720*1*113011	4199198563578242504
matching	jacobian	4	15	81367920:factor=720*1*113011	4199198563578242505
matching	jacobian	4	16	81367920:factor=720*1*113011	4199198563578242506
matching	jacobian	4	17	81367920:factor=720*1*113011	4199198563578242507
matching	jacobian	4	18	81367920:factor=720*1*113011	4199198563578242508
matching	jacobian	4	19	81367920:factor=720*1*113011	4199198563578242509
matching	jacobian	4	20	81367920:factor=720*1*113011	4199198563578242510
matching	jacobian	4	21	78026400:factor=720*1*108370	4199198563578242511
matching	jacobian	4	22	78026400:factor=720*1*108370	4199198563578242512
matching	jacobian	4	23	78026400:factor=720*1*108370	4199198563578242513
matching	jacobian	4	24	78026400:factor=720*1*108370	4199198563578242514
matching	jacobian	4	25	78026400:factor=720*1*108370	4199198563578242515
matching	jacobian	4	26	78026400:factor=720*1*108370	4199198563578242516
matching	jacobian	4	27	78026400:factor=720*1*108370	4199198563578242517
matching	jacobian	4	28	73638000:factor=720*1*102275	4199198563578242518
matching	jacobian	4	29	73638000:factor=720*1*102275	4199198563578242519
matching	jacobian	4	30	73638000:factor=720*1*102275	4199198563578242520
matching	jacobian	4	31	73638000:factor=720*1*102275	4199198563578242521
matching	jacobian	4	32	73638000:factor=720*1*102275	4199198563578242522
matching	jacobian	4	33	73638000:factor=720*1*102275	4199198563578242523
matching	jacobian	4	34	73638000:factor=720*1*102275	4199198563578242524
matching	jacobian	4	35	68004000:factor=720*1*94450	4199198563578242525
matching	jacobian	4	36	68004000:factor=720*1*94450	4199198563578242526
matching	jacobian	4	37	68004000:factor=720*1*94450	4199198563578242527
matching	jacobian	4	38	68004000:factor=720*1*94450	4199198563578242528
matching	jacobian	4	39	68004000:factor=720*1*94450	4199198563578242529
matching	jacobian	4	40	68004000:factor=720*1*94450	4199198563578242530
matching	jacobian	4	41	68004000:factor=720*1*94450	4199198563578242531
matching	jacobian	4	42	60908400:factor=720*1*84595	4199198563578242532
matching	jacobian	4	43	60908400:factor=720*1*84595	4199198563578242533
matching	jacobian	4	44	60908400:factor=720*1*84595	4199198563578242534
matching	jacobian	4	45	60908400:factor=720*1*84595	4199198563578242535
matching	jacobian	4	46	60908400:factor=720*1*84595	4199198563578242536
matching	jacobian	4	47	60908400:factor=720*1*84595	4199198563578242537
matching	jacobian	4	48	60908400:factor=720*1*84595	4199198563578242538
matching	jacobian	5	0	4843501920:factor=720*1*6727086	4199198563578242539
matching	jacobian	5	1	4843501920:factor=720*1*6727086	4199198563578242540
matching	jacobian	5	2	4843501920:factor=720*1*6727086	4199198563578242541
matching	jacobian	5	3	4843501920:factor=720*1*6727086	4199198563578242542
matching	jacobian	5	4	4843501920:factor=720*1*6727086	4199198563578242543
matching	jacobian	5	5	4843501920:factor=720*1*6727086	4199198563578242544
matching	jacobian	5	6	4843501920:factor=720*1*6727086	4199198563578242545
matching	jacobian	5	7	4656119040:factor=720*1*6466832	4199198563578242546
matching	jacobian	5	8	4656119040:factor=720*1*6466832	4199198563578242547
matching	jacobian	5	9	4656119040:factor=720*1*6466832	4199198563578242548
matching	jacobian	5	10	4656119040:factor=720*1*6466832	4199198563578242549
matching	jacobian	5	11	4656119040:factor=720*1*6466832	4199198563578242550
matching	jacobian	5	12	4656119040:factor=720*1*6466832	4199198563578242551
matching	jacobian	5	13	4656119040:factor=720*1*6466832	4199198563578242552
matching	jacobian	5	14	4435862400:factor=720*1*6160920	4199198563578242553
matching	jacobian	5	15	4435862400:factor=720*1*6160920	4199198563578242554
matching	jacobian	5	16	4435862400:factor=720*1*6160920	4199198563578242555
matching	jacobian	5	17	4435862400:factor=720*1*6160920	4199198563578242556
matching	jacobian	5	18	4435862400:factor=720*1*6160920	4199198563578242557
matching	jacobian	5	19	4435862400:factor=720*1*6160920	4199198563578242558
matching	jacobian	5	20	4435862400:factor=720*1*6160920	4199198563578242559
matching	jacobian	5	21	4177910880:factor=720*1*5802654	4199198563578242560
matching	jacobian	5	22	4177910880:factor=720*1*5802654	4199198563578242561
matching	jacobian	5	23	4177910880:factor=720*1*5802654	4199198563578242562
matching	jacobian	5	24	4177910880:factor=720*1*5802654	4199198563578242563
matching	jacobian	5	25	4177910880:factor=720*1*5802654	4199198563578242564
matching	jacobian	5	26	4177910880:factor=720*1*5802654	4199198563578242565
matching	jacobian	5	27	4177910880:factor=720*1*5802654	4199198563578242566
matching	jacobian	5	28	3877840800:factor=720*1*5385890	4199198563578242567
matching	jacobian	5	29	3877840800:factor=720*1*5385890	4199198563578242568
matching	jacobian	5	30	3877840800:factor=720*1*5385890	4199198563578242569
matching	jacobian	5	31	3877840800:factor=720*1*5385890	4199198563578242570
matching	jacobian	5	32	3877840800:factor=720*1*5385890	4199198563578242571
matching	jacobian	5	33	3877840800:factor=720*1*5385890	4199198563578242572
matching	jacobian	5	34	3877840800:factor=720*1*5385890	4199198563578242573
matching	jacobian	5	35	3531798720:factor=720*1*4905276	4199198563578242574
matching	jacobian	5	36	3531798720:factor=720*1*4905276	4199198563578242575
matching	jacobian	5	37	3531798720:factor=720*1*4905276	4199198563578242576
matching	jacobian	5	38	3531798720:factor=720*1*4905276	4199198563578242577
matching	jacobian	5	39	3531798720:factor=720*1*4905276	4199198563578242578
matching	jacobian	5	40	3531798720:factor=720*1*4905276	4199198563578242579
matching	jacobian	5	41	3531798720:factor=720*1*4905276	4199198563578242580
matching	jacobian	5	42	3136674240:factor=720*1*4356492	4199198563578242581
matching	jacobian	5	43	3136674240:factor=720*1*4356492	4199198563578242582
matching	jacobian	5	44	3136674240:factor=720*1*4356492	4199198563578242583
matching	jacobian	5	45	3136674240:factor=720*1*4356492	4199198563578242584
matching	jacobian	5	46	3136674240:factor=720*1*4356492	4199198563578242585
matching	jacobian	5	47	3136674240:factor=720*1*4356492	4199198563578242586
matching	jacobian	5	48	3136674240:factor=720*1*4356492	4199198563578242587
matching	jacobian	6	0	56012208480:factor=720*1*77794734	4199198563578242588
matching	jacobian	6	1	56012208480:factor=720*1*77794734	4199198563578242589
matching	jacobian	6	2	56012208480:factor=720*1*77794734	4199198563578242590
matching	jacobian	6	3	56012208480:factor=720*1*77794734	4199198563578242591
matching	jacobian	6	4	56012208480:factor=720*1*77794734	4199198563578242592
matching	jacobian	6	5	56012208480:factor=720*1*77794734	4199198563578242593
matching	jacobian	6	6	56012208480:factor=720*1*77794734	4199198563578242594
matching	jacobian	6	7	53341391520:factor=720*1*74085266	4199198563578242595
matching	jacobian	6	8	53341391520:factor=720*1*74085266	4199198563578242596
matching	jacobian	6	9	53341391520:factor=720*1*74085266	4199198563578242597
matching	jacobian	6	10	53341391520:factor=720*1*74085266	4199198563578242598
matching	jacobian	6	11	53341391520:factor=720*1*74085266	4199198563578242599
matching	jacobian	6	12	53341391520:factor=720*1*74085266	4199198563578242600
matching	jacobian	6	13	53341391520:factor=720*1*74085266	4199198563578242601
matching	jacobian	6	14	50166756000:factor=720*1*69676050	4199198563578242602
matching	jacobian	6	15	50166756000:factor=720*1*69676050	4199198563578242603
matching	jacobian	6	16	50166756000:factor=720*1*69676050	4199198563578242604
matching	jacobian	6	17	50166756000:factor=720*1*69676050	4199198563578242605
matching	jacobian	6	18	50166756000:factor=720*1*69676050	4199198563578242606
matching	jacobian	6	19	50166756000:factor=720*1*69676050	4199198563578242607
matching	jacobian	6	20	50166756000:factor=720*1*69676050	4199198563578242608
matching	jacobian	6	21	46494047520:factor=720*1*64575066	4199198563578242609
matching	jacobian	6	22	46494047520:factor=720*1*64575066	4199198563578242610
matching	jacobian	6	23	46494047520:factor=720*1*64575066	4199198563578242611
matching	jacobian	6	24	46494047520:factor=720*1*64575066	4199198563578242612
matching	jacobian	6	25	46494047520:factor=720*1*64575066	4199198563578242613
matching	jacobian	6	26	46494047520:factor=720*1*64575066	4199198563578242614
matching	jacobian	6	27	46494047520:factor=720*1*64575066	4199198563578242615
matching	jacobian	6	28	42365904480:factor=720*1*58841534	4199198563578242616
matching	jacobian	6	29	42365904480:factor=720*1*58841534	4199198563578242617
matching	jacobian	6	30	42365904480:factor=720*1*58841534	4199198563578242618
matching	jacobian	6	31	42365904480:factor=720*1*58841534	4199198563578242619
matching	jacobian	6	32	42365904480:factor=720*1*58841534	4199198563578242620
matching	jacobian	6	33	42365904480:factor=720*1*58841534	4199198563578242621
matching	jacobian	6	34	42365904480:factor=720*1*58841534	4199198563578242622
matching	jacobian	6	35	37872744480:factor=720*1*52601034	4199198563578242623
matching	jacobian	6	36	37872744480:factor=720*1*52601034	4199198563578242624
matching	jacobian	6	37	37872744480:factor=720*1*52601034	4199198563578242625
matching	jacobian	6	38	37872744480:factor=720*1*52601034	4199198563578242626
matching	jacobian	6	39	37872744480:factor=720*1*52601034	4199198563578242627
matching	jacobian	6	40	37872744480:factor=720*1*52601034	4199198563578242628
matching	jacobian	6	41	37872744480:factor=720*1*52601034	4199198563578242629
matching	jacobian	6	42	33164687520:factor=720*1*46062066	4199198563578242630
matching	jacobian	6	43	33164687520:factor=720*1*46062066	4199198563578242631
matching	jacobian	6	44	33164687520:factor=720*1*46062066	4199198563578242632
matching	jacobian	6	45	33164687520:factor=720*1*46062066	4199198563578242633
matching	jacobian	6	46	33164687520:factor=720*1*46062066	4199198563578242634
matching	jacobian	6	47	33164687520:factor=720*1*46062066	4199198563578242635
matching	jacobian	6	48	33164687520:factor=720*1*46062066	4199198563578242636
matching	jacobian	7	0	19440:factor=720*27*1	4199198563578242637
matching	jacobian	7	1	18720:factor=720*26*1	4199198563578242638
matching	jacobian	7	2	18000:factor=720*25*1	4199198563578242639
matching	jacobian	7	3	17280:factor=720*24*1	4199198563578242640
matching	jacobian	7	4	16560:factor=720*23*1	4199198563578242641
matching	jacobian	7	5	15840:factor=720*22*1	4199198563578242642
matching	jacobian	7	6	15120:factor=720*21*1	4199198563578242643
matching	jacobian	7	7	19440:factor=720*27*1	4199198563578242644
matching	jacobian	7	8	18720:factor=720*26*1	4199198563578242645
matching	jacobian	7	9	18000:factor=720*25*1	4199198563578242646
matching	jacobian	7	10	17280:factor=720*24*1	4199198563578242647
matching	jacobian	7	11	16560:factor=720*23*1	4199198563578242648
matching	jacobian	7	12	15840:factor=720*22*1	4199198563578242649
matching	jacobian	7	13	15120:factor=720*21*1	4199198563578242650
matching	jacobian	7	14	19440:factor=720*27*1	4199198563578242651
matching	jacobian	7	15	18720:factor=720*26*1	4199198563578242652
matching	jacobian	7	16	18000:factor=720*25*1	4199198563578242653
matching	jacobian	7	17	17280:factor=720*24*1	4199198563578242654
matching	jacobian	7	18	16560:factor=720*23*1	4199198563578242655
matching	jacobian	7	19	15840:factor=720*22*1	4199198563578242656
matching	jacobian	7	20	15120:factor=720*21*1	4199198563578242657
matching	jacobian	7	21	19440:factor=720*27*1	4199198563578242658
matching	jacobian	7	22	18720:factor=720*26*1	4199198563578242659
matching	jacobian	7	23	18000:factor=720*25*1	4199198563578242660
matching	jacobian	7	24	17280:factor=720*24*1	4199198563578242661
matching	jacobian	7	25	16560:factor=720*23*1	4199198563578242662
matching	jacobian	7	26	15840:factor=720*22*1	4199198563578242663
matching	jacobian	7	27	15120:factor=720*21*1	4199198563578242664
matching	jacobian	7	28	19440:factor=720*27*1	4199198563578242665
matching	jacobian	7	29	18720:factor=720*26*1	4199198563578242666
matching	jacobian	7	30	18000:factor=720*25*1	4199198563578242667
matching	jacobian	7	31	17280:factor=720*24*1	4199198563578242668
matching	jacobian	7	32	16560:factor=720*23*1	4199198563578242669
matching	jacobian	7	33	15840:factor=720*22*1	4199198563578242670
matching	jacobian	7	34	15120:factor=720*21*1	4199198563578242671
matching	jacobian	7	35	19440:factor=720*27*1	4199198563578242672
matching	jacobian	7	36	18720:factor=720*26*1	4199198563578242673
matching	jacobian	7	37	18000:factor=720*25*1	4199198563578242674
matching	jacobian	7	38	17280:factor=720*24*1	4199198563578242675
matching	jacobian	7	39	16560:factor=720*23*1	4199198563578242676
matching	jacobian	7	40	15840:factor=720*22*1	4199198563578242677
matching	jacobian	7	41	15120:factor=720*21*1	4199198563578242678
matching	jacobian	7	42	19440:factor=720*27*1	4199198563578242679
matching	jacobian	7	43	18720:factor=720*26*1	4199198563578242680
matching	jacobian	7	44	18000:factor=720*25*1	4199198563578242681
matching	jacobian	7	45	17280:factor=720*24*1	4199198563578242682
matching	jacobian	7	46	16560:factor=720*23*1	4199198563578242683
matching	jacobian	7	47	15840:factor=720*22*1	4199198563578242684
matching	jacobian	7	48	15120:factor=720*21*1	4199198563578242685
matching	jacobian	8	0	1117800:factor=600*27*69	4199198563578242686
matching	jacobian	8	1	1076400:factor=600*26*69	4199198563578242687
matching	jacobian	8	2	1035000:factor=600*25*69	4199198563578242688
matching	jacobian	8	3	993600:factor=600*24*69	4199198563578242689
matching	jacobian	8	4	952200:factor=600*23*69	4199198563578242690
matching	jacobian	8	5	910800:factor=600*22*69	4199198563578242691
matching	jacobian	8	6	869400:factor=600*21*69	4199198563578242692
matching	jacobian	8	7	1101600:factor=600*27*68	4199198563578242693
matching	jacobian	8	8	1060800:factor=600*26*68	4199198563578242694
matching	jacobian	8	9	1020000:factor=600*25*68	4199198563578242695
matching	jacobian	8	10	979200:factor=600*24*68	4199198563578242696
matching	jacobian	8	11	938400:factor=600*23*68	4199198563578242697
matching	jacobian	8	12	897600:factor=600*22*68	4199198563578242698
matching	jacobian	8	13	856800:factor=600*21*68	4199198563578242699
matching	jacobian	8	14	1085400:factor=600*27*67	4199198563578242700
matching	jacobian	8	15	1045200:factor=600*26*67	4199198563578242701
matching	jacobian	8	16	1005000:factor=600*25*67	4199198563578242702
matching	jacobian	8	17	964800:factor=600*24*67	4199198563578242703
matching	jacobian	8	18	924600:factor=600*23*67	4199198563578242704
matching	jacobian	8	19	884400:factor=600*22*67	4199198563578242705
matching	jacobian	8	20	844200:factor=600*21*67	4199198563578242706
matching	jacobian	8	21	1069200:factor=600*27*66	4199198563578242707
matching	jacobian	8	22	1029600:factor=600*26*66	4199198563578242708
matching	jacobian	8	23	990000:factor=600*25*66	4199198563578242709
matching	jacobian	8	24	950400:factor=600*24*66	4199198563578242710
matching	jacobian	8	25	910800:factor=600*23*66	4199198563578242711
matching	jacobian	8	26	871200:factor=600*22*66	4199198563578242712
matching	jacobian	8	27	831600:factor=600*21*66	4199198563578242713
matching	jacobian	8	28	1053000:factor=600*27*65	4199198563578242714
matching	jacobian	8	29	1014000:factor=600*26*65	4199198563578242715
matching	jacobian	8	30	975000:factor=600*25*65	4199198563578242716
matching	jacobian	8	31	936000:factor=600*24*65	4199198563578242717
matching	jacobian	8	32	897000:factor=600*23*65	4199198563578242718
matching	jacobian	8	33	858000:factor=600*22*65	4199198563578242719
matching	jacobian	8	34	819000:factor=600*21*65	4199198563578242720
matching	jacobian	8	35	1036800:factor=600*27*64	4199198563578242721
matching	jacobian	8	36	998400:factor=600*26*64	4199198563578242722
matching	jacobian	8	37	960000:factor=600*25*64	4199198563578242723
matching	jacobian	8	38	921600:factor=600*24*64	4199198563578242724
matching	jacobian	8	39	883200:factor=600*23*64	4199198563578242725
matching	jacobian	8	40	844800:factor=600*22*64	4199198563578242726
matching	jacobian	8	41	806400:factor=600*21*64	4199198563578242727
matching	jacobian	8	42	1020600:factor=600*27*63	4199198563578242728
matching	jacobian	8	43	982800:factor=600*26*63	4199198563578242729
matching	jacobian	8	44	945000:factor=600*25*63	4199198563578242730
matching	jacobian	8	45	907200:factor=600*24*63	4199198563578242731
matching	jacobian	8	46	869400:factor=600*23*63	4199198563578242732
matching	jacobian	8	47	831600:factor=600*22*63	4199198563578242733
matching	jacobian	8	48	793800:factor=600*21*63	4199198563578242734
matching	jacobian	9	0	13138200:factor=600*27*811	4199198563578242735
matching	jacobian	9	1	12651600:factor=600*26*811	4199198563578242736
matching	jacobian	9	2	12165000:factor=600*25*811	4199198563578242737
matching	jacobian	9	3	11678400:factor=600*24*811	4199198563578242738
matching	jacobian	9	4	11191800:factor=600*23*811	4199198563578242739
matching	jacobian	9	5	10705200:factor=600*22*811	4199198563578242740
matching	jacobian	9	6	10218600:factor=600*21*811	4199198563578242741
matching	jacobian	9	7	12862800:factor=600*27*794	4199198563578242742
matching	jacobian	9	8	12386400:factor=600*26*794	4199198563578242743
matching	jacobian	9	9	11910000:factor=600*25*794	4199198563578242744
matching	jacobian	9	10	11433600:factor=600*24*794	4199198563578242745
matching	jacobian	9	11	10957200:factor=600*23*794	4199198563578242746
matching	jacobian	9	12	10480800:factor=600*22*794	4199198563578242747
matching	jacobian	9	13	10004400:factor=600*21*794	4199198563578242748
matching	jacobian	9	14	12555000:factor=600*27*775	4199198563578242749
matching	jacobian	9	15	12090000:factor=600*26*775	4199198563578242750
matching	jacobian	9	16	11625000:factor=600*25*775	4199198563578242751
matching	jacobian	9	17	11160000:factor=600*24*775	4199198563578242752
matching	jacobian	9	18	10695000:factor=600*23*775	4199198563578242753
matching	jacobian	9	19	10230000:factor=600*22*775	4199198563578242754
matching	jacobian	9	20	9765000:factor=600*21*775	4199198563578242755
matching	jacobian	9	21	12214800:factor=600*27*754	4199198563578242756
matching	jacobian	9	22	11762400:factor=600*26*754	4199198563578242757
matching	jacobian	9	23	11310000:factor=600*25*754	4199198563578242758
matching	jacobian	9	24	10857600:factor=600*24*754	4199198563578242759
matching	jacobian	9	25	10405200:factor=600*23*754	4199198563578242760
matching	jacobian	9	26	9952800:factor=600*22*754	4199198563578242761
matching	jacobian	9	27	9500400:factor=600*21*754	4199198563578242762
matching	jacobian	9	28	11842200:factor=600*27*731	4199198563578242763
matching	jacobian	9	29	11403600:factor=600*26*731	4199198563578242764
matching	jacobian	9	30	10965000:factor=600*25*731	4199198563578242765
matching	jacobian	9	31	10526400:factor=600*24*731	4199198563578242766
matching	jacobian	9	32	10087800:factor=600*23*731	4199198563578242767
matching	jacobian	9	33	9649200:factor=600*22*731	4199198563578242768
matching	jacobian	9	34	9210600:factor=600*21*731	4199198563578242769
matching	jacobian	9	35	11437200:factor=600*27*706	4199198563578242770
matching	jacobian	9	36	11013600:factor=600*26*706	4199198563578242771
matching	jacobian	9	37	10590000:factor=600*25*706	4199198563578242772
matching	jacobian	9	38	10166400:factor=600*24*706	4199198563578242773
matching	jacobian	9	39	9742800:factor=600*23*706	4199198563578242774
matching	jacobian	9	40	9319200:factor=600*22*706	4199198563578242775
matching	jacobian	9	41	8895600:factor=600*21*706	4199198563578242776
matching	jacobian	9	42	10999800:factor=600*27*679	4199198563578242777
matching	jacobian	9	43	10592400:factor=600*26*679	4199198563578242778
matching	jacobian	9	44	10185000:factor=600*25*679	4199198563578242779
matching	jacobian	9	45	9777600:factor=600*24*679	4199198563578242780
matching	jacobian	9	46	9370200:factor=600*23*679	4199198563578242781
matching	jacobian	9	47	8962800:factor=600*22*679	4199198563578242782
matching	jacobian	9	48	8555400:factor=600*21*679	4199198563578242783
matching	jacobian	10	0	599140800:factor=480*27*46230	4199198563578242784
matching	jacobian	10	1	576950400:factor=480*26*46230	4199198563578242785
matching	jacobian	10	2	554760000:factor=480*25*46230	4199198563578242786
matching	jacobian	10	3	532569600:factor=480*24*46230	4199198563578242787
matching	jacobian	10	4	510379200:factor=480*23*46230	4199198563578242788
matching	jacobian	10	5	488188800:factor=480*22*46230	4199198563578242789
matching	jacobian	10	6	465998400:factor=480*21*46230	4199198563578242790
matching	jacobian	10	7	576460800:factor=480*27*44480	4199198563578242791
matching	jacobian	10	8	555110400:factor=480*26*44480	4199198563578242792
matching	jacobian	10	9	533760000:factor=480*25*44480	4199198563578242793
matching	jacobian	10	10	512409600:factor=480*24*44480	4199198563578242794
matching	jacobian	10	11	491059200:factor=480*23*44480	4199198563578242795
matching	jacobian	10	12	469708800:factor=480*22*44480	4199198563578242796
matching	jacobian	10	13	448358400:factor=480*21*44480	4199198563578242797
matching	jacobian	10	14	553184640:factor=480*27*42684	4199198563578242798
matching	jacobian	10	15	532696320:factor=480*26*42684	4199198563578242799
matching	jacobian	10	16	512208000:factor=480*25*42684	4199198563578242800
matching	jacobian	10	17	491719680:factor=480*24*42684	4199198563578242801
matching	jacobian	10	18	471231360:factor=480*23*42684	4199198563578242802
matching	jacobian	10	19	450743040:factor=480*22*42684	4199198563578242803
matching	jacobian	10	20	430254720:factor=480*21*42684	4199198563578242804
matching	jacobian	10	21	529467840:factor=480*27*40854	4199198563578242805
matching	jacobian	10	22	509857920:factor=480*26*40854	4199198563578242806
matching	jacobian	10	23	490248000:factor=480*25*40854	4199198563578242807
matching	jacobian	10	24	470638080:factor=480*24*40854	4199198563578242808
matching	jacobian	10	25	451028160:factor=480*23*40854	4199198563578242809
matching	jacobian	10	26	431418240:factor=480*22*40854	4199198563578242810
matching	jacobian	10	27	411808320:factor=480*21*40854	4199198563578242811
matching	jacobian	10	28	505465920:factor=480*27*39002	4199198563578242812
matching	jacobian	10	29	486744960:factor=480*26*39002	4199198563578242813
matching	jacobian	10	30	468024000:factor=480*25*39002	4199198563578242814
matching	jacobian	10	31	449303040:factor=480*24*39002	4199198563578242815
matching	jacobian	10	32	430582080:factor=480*23*39002	4199198563578242816
matching	jacobian	10	33	411861120:factor=480*22*39002	4199198563578242817
matching	jacobian	10	34	393140160:factor=480*21*39002	4199198563578242818
matching	jacobian	10	35	481334400:factor=480*27*37140	4199198563578242819
matching	jacobian	10	36	463507200:factor=480*26*37140	4199198563578242820
matching	jacobian	10	37	445680000:factor=480*25*37140	4199198563578242821
matching	jacobian	10	38	427852800:factor=480*24*37140	4199198563578242822
matching	jacobian	10	39	410025600:factor=480*23*37140	4199198563578242823
matching	jacobian	10	40	392198400:factor=480*22*37140	4199198563578242824
matching	jacobian	10	41	374371200:factor=480*21*37140	4199198563578242825
matching	jacobian	10	42	457228800:factor=480*27*35280	4199198563578242826
matching	jacobian	10	43	440294400:factor=480*26*35280	4199198563578242827
matching	jacobian	10	44	423360000:factor=480*25*35280	4199198563578242828
matching	jacobian	10	45	406425600:factor=480*24*35280	4199198563578242829
matching	jacobian	10	46	389491200:factor=480*23*35280	4199198563578242830
matching	jacobian	10	47	372556800:factor=480*22*35280	4199198563578242831
matching	jacobian	10	48	355622400:factor=480*21*35280	4199198563578242832
matching	jacobian	11	0	1926423000:factor=600*27*118915	4199198563578242833
matching	jacobian	11	1	1855074000:factor=600*26*118915	4199198563578242834
matching	jacobian	11	2	1783725000:factor=600*25*118915	4199198563578242835
matching	jacobian	11	3	1712376000:factor=600*24*118915	4199198563578242836
matching	jacobian	11	4	1641027000:factor=600*23*118915	4199198563578242837
matching	jacobian	11	5	1569678000:factor=600*22*118915	4199198563578242838
matching	jacobian	11	6	1498329000:factor=600*21*118915	4199198563578242839
matching	jacobian	11	7	1886490000:factor=600*27*116450	4199198563578242840
matching	jacobian	11	8	1816620000:factor=600*26*116450	4199198563578242841
matching	jacobian	11	9	1746750000:factor=600*25*116450	4199198563578242842
matching	jacobian	11	10	1676880000:factor=600*24*116450	4199198563578242843
matching	jacobian	11	11	1607010000:factor=600*23*116450	4199198563578242844
matching	jacobian	11	12	1537140000:factor=600*22*116450	4199198563578242845
matching	jacobian	11	13	1467270000:factor=600*21*116450	4199198563578242846
matching	jacobian	11	14	1830778200:factor=600*27*113011	4199198563578242847
matching	jacobian	11	15	1762971600:factor=600*26*113011	4199198563578242848
matching	jacobian	11	16	1695165000:factor=600*25*113011	4199198563578242849
matching	jacobian	11	17	1627358400:factor=600*24*113011	4199198563578242850
matching	jacobian	11	18	1559551800:factor=600*23*113011	4199198563578242851
matching	jacobian	11	19	1491745200:factor=600*22*113011	4199198563578242852
matching	jacobian	11	20	1423938600:factor=600*21*113011	4199198563578242853
matching	jacobian	11	21	1755594000:factor=600*27*108370	4199198563578242854
matching	jacobian	11	22	1690572000:factor=600*26*108370	4199198563578242855
matching	jacobian	11	23	1625550000:factor=600*25*108370	4199198563578242856
matching	jacobian	11	24	1560528000:factor=600*24*108370	4199198563578242857
matching	jacobian	11	25	1495506000:factor=600*23*108370	4199198563578242858
matching	jacobian	11	26	1430484000:factor=600*22*108370	4199198563578242859
matching	jacobian	11	27	1365462000:factor=600*21*108370	4199198563578242860
matching	jacobian	11	28	1656855000:factor=600*27*102275	4199198563578242861
matching	jacobian	11	29	1595490000:factor=600*26*102275	4199198563578242862
matching	jacobian	11	30	1534125000:factor=600*25*102275	4199198563578242863
matching	jacobian	11	31	1472760000:factor=600*24*102275	4199198563578242864
matching	jacobian	11	32	1411395000:factor=600*23*102275	4199198563578242865
matching	jacobian	11	33	1350030000:factor=600*22*102275	4199198563578242866
matching	jacobian	11	34	1288665000:factor=600*21*102275	4199198563578242867
matching	jacobian	11	35	1530090000:factor=600*27*94450	4199198563578242868
matching	jacobian	11	36	1473420000:factor=600*26*94450	4199198563578242869
matching	jacobian	11	37	1416750000:factor=600*25*94450	4199198563578242870
matching	jacobian	11	38	1360080000:factor=600*24*94450	4199198563578242871
matching	jacobian	11	39	1303410000:factor=600*23*94450	4199198563578242872
matching	jacobian	11	40	1246740000:factor=600*22*94450	4199198563578242873
matching	jacobian	11	41	1190070000:factor=600*21*94450	4199198563578242874
matching	jacobian	11	42	1370439000:factor=600*27*84595	4199198563578242875
matching	jacobian	11	43	1319682000:factor=600*26*84595	4199198563578242876
matching	jacobian	11	44	1268925000:factor=600*25*84595	4199198563578242877
matching	jacobian	11	45	1218168000:factor=600*24*84595	4199198563578242878
matching	jacobian	11	46	1167411000:factor=600*23*84595	4199198563578242879
matching	jacobian	11	47	1116654000:factor=600*22*84595	4199198563578242880
matching	jacobian	11	48	1065897000:factor=600*21*84595	4199198563578242881
matching	jacobian	12	0	87183034560:factor=480*27*6727086	4199198563578242882
matching	jacobian	12	1	83954033280:factor=480*26*6727086	4199198563578242883
matching	jacobian	12	2	80725032000:factor=480*25*6727086	4199198563578242884
matching	jacobian	12	3	77496030720:factor=480*24*6727086	4199198563578242885
matching	jacobian	12	4	74267029440:factor=480*23*6727086	4199198563578242886
matching	jacobian	12	5	71038028160:factor=480*22*6727086	4199198563578242887
matching	jacobian	12	6	67809026880:factor=480*21*6727086	4199198563578242888
matching	jacobian	12	7	83810142720:factor=480*27*6466832	4199198563578242889
matching	jacobian	12	8	80706063360:factor=480*26*6466832	4199198563578242890
matching	jacobian	12	9	77601984000:factor=480*25*6466832	4199198563578242891
matching	jacobian	12	10	74497904640:factor=480*24*6466832	4199198563578242892
matching	jacobian	12	11	71393825280:factor=480*23*6466832	4199198563578242893
matching	jacobian	12	12	68289745920:factor=480*22*6466832	4199198563578242894
matching	jacobian	12	13	65185666560:factor=480*21*6466832	4199198563578242895
matching	jacobian	12	14	79845523200:factor=480*27*6160920	4199198563578242896
matching	jacobian	12	15	76888281600:factor=480*26*6160920	4199198563578242897
matching	jacobian	12	16	73931040000:factor=480*25*6160920	4199198563578242898
matching	jacobian	12	17	70973798400:factor=480*24*6160920	4199198563578242899
matching	jacobian	12	18	68016556800:factor=480*23*6160920	4199198563578242900
matching	jacobian	12	19	65059315200:factor=480*22*6160920	4199198563578242901
matching	jacobian	12	20	62102073600:factor=480*21*6160920	4199198563578242902
matching	jacobian	12	21	75202395840:factor=480*27*5802654	4199198563578242903
matching	jacobian	12	22	72417121920:factor=480*26*5802654	4199198563578242904
matching	jacobian	12	23	69631848000:factor=480*25*5802654	4199198563578242905
matching	jacobian	12	24	66846574080:factor=480*24*5802654	4199198563578242906
matching	jacobian	12	25	64061300160:factor=480*23*5802654	4199198563578242907
matching	jacobian	12	26	61276026240:factor=480*22*5802654	4199198563578242908
matching	jacobian	12	27	58490752320:factor=480*21*5802654	4199198563578242909
matching	jacobian	12	28	69801134400:factor=480*27*5385890	4199198563578242910
matching	jacobian	12	29	67215907200:factor=480*26*5385890	4199198563578242911
matching	jacobian	12	30	64630680000:factor=480*25*5385890	4199198563578242912
matching	jacobian	12	31	62045452800:factor=480*24*5385890	4199198563578242913
matching	jacobian	12	32	59460225600:factor=480*23*5385890	4199198563578242914
matching	jacobian	12	33	56874998400:factor=480*22*5385890	4199198563578242915
matching	jacobian	12	34	54289771200:factor=480*21*5385890	4199198563578242916
matching	jacobian	12	35	63572376960:factor=480*27*4905276	4199198563578242917
matching	jacobian	12	36	61217844480:factor=480*26*4905276	4199198563578242918
matching	jacobian	12	37	58863312000:factor=480*25*4905276	4199198563578242919
matching	jacobian	12	38	56508779520:factor=480*24*4905276	4199198563578242920
matching	jacobian	12	39	54154247040:factor=480*23*4905276	4199198563578242921
matching	jacobian	12	40	51799714560:factor=480*22*4905276	4199198563578242922
matching	jacobian	12	41	49445182080:factor=480*21*4905276	4199198563578242923
matching	jacobian	12	42	56460136320:factor=480*27*4356492	4199198563578242924
matching	jacobian	12	43	54369020160:factor=480*26*4356492	4199198563578242925
matching	jacobian	12	44	52277904000:factor=480*25*4356492	4199198563578242926
matching	jacobian	12	45	50186787840:factor=480*24*4356492	4199198563578242927
matching	jacobian	12	46	48095671680:factor=480*23*4356492	4199198563578242928
matching	jacobian	12	47	46004555520:factor=480*22*4356492	4199198563578242929
matching	jacobian	12	48	43913439360:factor=480*21*4356492	4199198563578242930
matching	jacobian	13	0	1008219752640:factor=480*27*77794734	4199198563578242931
matching	jacobian	13	1	970878280320:factor=480*26*77794734	4199198563578242932
matching	jacobian	13	2	933536808000:factor=480*25*77794734	4199198563578242933
matching	jacobian	13	3	896195335680:factor=480*24*77794734	4199198563578242934
matching	jacobian	13	4	858853863360:factor=480*23*77794734	4199198563578242935
matching	jacobian	13	5	821512391040:factor=480*22*77794734	4199198563578242936
matching	jacobian	13	6	784170918720:factor=480*21*77794734	4199198563578242937
matching	jacobian	13	7	960145047360:factor=480*27*74085266	4199198563578242938
matching	jacobian	13	8	924584119680:factor=480*26*74085266	4199198563578242939
matching	jacobian	13	9	889023192000:factor=480*25*74085266	4199198563578242940
matching	jacobian	13	10	853462264320:factor=480*24*74085266	4199198563578242941
matching	jacobian	13	11	817901336640:factor=480*23*74085266	4199198563578242942
matching	jacobian	13	12	782340408960:factor=480*22*74085266	4199198563578242943
matching	jacobian	13	13	746779481280:factor=480*21*74085266	4199198563578242944
matching	jacobian	13	14	903001608000:factor=480*27*69676050	4199198563578242945
matching	jacobian	13	15	869557104000:factor=480*26*69676050	4199198563578242946
matching	jacobian	13	16	836112600000:factor=480*25*69676050	4199198563578242947
matching	jacobian	13	17	802668096000:factor=480*24*69676050	4199198563578242948
matching	jacobian	13	18	769223592000:factor=480*23*69676050	4199198563578242949
matching	jacobian	13	19	735779088000:factor=480*22*69676050	4199198563578242950
matching	jacobian	13	20	702334584000:factor=480*21*69676050	4199198563578242951
matching	jacobian	13	21	836892855360:factor=480*27*64575066	4199198563578242952
matching	jacobian	13	22	805896823680:factor=480*26*64575066	4199198563578242953
matching	jacobian	13	23	774900792000:factor=480*25*64575066	4199198563578242954
matching	jacobian	13	24	743904760320:factor=480*24*64575066	4199198563578242955
matching	jacobian	13	25	712908728640:factor=480*23*64575066	4199198563578242956
matching	jacobian	13	26	681912696960:factor=480*22*64575066	4199198563578242957
matching	jacobian	13	27	650916665280:factor=480*21*64575066	4199198563578242958
matching	jacobian	13	28	762586280640:factor=480*27*58841534	4199198563578242959
matching	jacobian	13	29	734342344320:factor=480*26*58841534	4199198563578242960
matching	jacobian	13	30	706098408000:factor=480*25*58841534	4199198563578242961
matching	jacobian	13	31	677854471680:factor=480*24*58841534	4199198563578242962
matching	jacobian	13	32	649610535360:factor=480*23*58841534	4199198563578242963
matching	jacobian	13	33	621366599040:factor=480*22*58841534	4199198563578242964
matching	jacobian	13	34	593122662720:factor=480*21*58841534	4199198563578242965
matching	jacobian	13	35	681709400640:factor=480*27*52601034	4199198563578242966
matching	jacobian	13	36	656460904320:factor=480*26*52601034	4199198563578242967
matching	jacobian	13	37	631212408000:factor=480*25*52601034	4199198563578242968
matching	jacobian	13	38	605963911680:factor=480*24*52601034	4199198563578242969
matching	jacobian	13	39	580715415360:factor=480*23*52601034	4199198563578242970
matching	jacobian	13	40	555466919040:factor=480*22*52601034	4199198563578242971
matching	jacobian	13	41	530218422720:factor=480*21*52601034	4199198563578242972
matching	jacobian	13	42	596964375360:factor=480*27*46062066	4199198563578242973
matching	jacobian	13	43	574854583680:factor=480*26*46062066	4199198563578242974
matching	jacobian	13	44	552744792000:factor=480*25*46062066	4199198563578242975
matching	jacobian	13	45	530635000320:factor=480*24*46062066	4199198563578242976
matching	jacobian	13	46	508525208640:factor=480*23*46062066	4199198563578242977
matching	jacobian	13	47	486415416960:factor=480*22*46062066	4199198563578242978
matching	jacobian	13	48	464305625280:factor=480*21*46062066	4199198563578242979
matching	jacobian	14	0	100080:factor=720*139*1	4199198563578242980
matching	jacobian	14	1	97920:factor=720*136*1	4199198563578242981
matching	jacobian	14	2	94320:factor=720*131*1	4199198563578242982
matching	jacobian	14	3	89280:factor=720*124*1	4199198563578242983
matching	jacobian	14	4	82800:factor=720*115*1	4199198563578242984
matching	jacobian	14	5	74880:factor=720*104*1	4199198563578242985
matching	jacobian	14	6	65520:factor=720*91*1	4199198563578242986
matching	jacobian	14	7	100080:factor=720*139*1	4199198563578242987
matching	jacobian	14	8	97920:factor=720*136*1	4199198563578242988
matching	jacobian	14	9	94320:factor=720*131*1	4199198563578242989
matching	jacobian	14	10	89280:factor=720*124*1	4199198563578242990
matching	jacobian	14	11	82800:factor=720*115*1	4199198563578242991
matching	jacobian	14	12	74880:factor=720*104*1	4199198563578242992
matching	jacobian	14	13	65520:factor=720*91*1	4199198563578242993
matching	jacobian	14	14	100080:factor=720*139*1	4199198563578242994
matching	jacobian	14	15	97920:factor=720*136*1	4199198563578242995
matching	jacobian	14	16	94320:factor=720*131*1	4199198563578242996
matching	jacobian	14	17	89280:factor=720*124*1	4199198563578242997
matching	jacobian	14	18	82800:factor=720*115*1	4199198563578242998
matching	jacobian	14	19	74880:factor=720*104*1	4199198563578242999
matching	jacobian	14	20	65520:factor=720*91*1	4199198563578243000
matching	jacobian	14	21	100080:factor=720*139*1	4199198563578243001
matching	jacobian	14	22	97920:factor=720*136*1	4199198563578243002
matching	jacobian	14	23	94320:factor=720*131*1	4199198563578243003
matching	jacobian	14	24	89280:factor=720*124*1	4199198563578243004
matching	jacobian	14	25	82800:factor=720*115*1	4199198563578243005
matching	jacobian	14	26	74880:factor=720*104*1	4199198563578243006
matching	jacobian	14	27	65520:factor=720*91*1	4199198563578243007
matching	jacobian	14	28	100080:factor=720*139*1	4199198563578243008
matching	jacobian	14	29	97920:factor=720*136*1	4199198563578243009
matching	jacobian	14	30	94320:factor=720*131*1	4199198563578243010
matching	jacobian	14	31	89280:factor=720*124*1	4199198563578243011
matching	jacobian	14	32	82800:factor=720*115*1	4199198563578243012
matching	jacobian	14	33	74880:factor=720*104*1	4199198563578243013
matching	jacobian	14	34	65520:factor=720*91*1	4199198563578243014
matching	jacobian	14	35	100080:factor=720*139*1	4199198563578243015
matching	jacobian	14	36	97920:factor=720*136*1	4199198563578243016
matching	jacobian	14	37	94320:factor=720*131*1	4199198563578243017
matching	jacobian	14	38	89280:factor=720*124*1	4199198563578243018
matching	jacobian	14	39	82800:factor=720*115*1	4199198563578243019
matching	jacobian	14	40	74880:factor=720*104*1	4199198563578243020
matching	jacobian	14	41	65520:factor=720*91*1	4199198563578243021
matching	jacobian	14	42	100080:factor=720*139*1	4199198563578243022
matching	jacobian	14	43	97920:factor=720*136*1	4199198563578243023
matching	jacobian	14	44	94320:factor=720*131*1	4199198563578243024
matching	jacobian	14	45	89280:factor=720*124*1	4199198563578243025
matching	jacobian	14	46	82800:factor=720*115*1	4199198563578243026
matching	jacobian	14	47	74880:factor=720*104*1	4199198563578243027
matching	jacobian	14	48	65520:factor=720*91*1	4199198563578243028
matching	jacobian	15	0	5754600:factor=600*139*69	4199198563578243029
matching	jacobian	15	1	5630400:factor=600*136*69	4199198563578243030
matching	jacobian	15	2	5423400:factor=600*131*69	4199198563578243031
matching	jacobian	15	3	5133600:factor=600*124*69	4199198563578243032
matching	jacobian	15	4	4761000:factor=600*115*69	4199198563578243033
matching	jacobian	15	5	4305600:factor=600*104*69	4199198563578243034
matching	jacobian	15	6	3767400:factor=600*91*69	4199198563578243035
matching	jacobian	15	7	5671200:factor=600*139*68	4199198563578243036
matching	jacobian	15	8	5548800:factor=600*136*68	4199198563578243037
matching	jacobian	15	9	5344800:factor=600*131*68	4199198563578243038
matching	jacobian	15	10	5059200:factor=600*124*68	4199198563578243039
matching	jacobian	15	11	4692000:factor=600*115*68	4199198563578243040
matching	jacobian	15	12	4243200:factor=600*104*68	4199198563578243041
matching	jacobian	15	13	3712800:factor=600*91*68	4199198563578243042
matching	jacobian	15	14	5587800:factor=600*139*67	4199198563578243043
matching	jacobian	15	15	5467200:factor=600*136*67	4199198563578243044
matching	jacobian	15	16	5266200:factor=600*131*67	4199198563578243045
matching	jacobian	15	17	4984800:factor=600*124*67	4199198563578243046
matching	jacobian	15	18	4623000:factor=600*115*67	4199198563578243047
matching	jacobian	15	19	4180800:factor=600*104*67	4199198563578243048
matching	jacobian	15	20	3658200:factor=600*91*67	4199198563578243049
matching	jacobian	15	21	5504400:factor=600*139*66	4199198563578243050
matching	jacobian	15	22	5385600:factor=600*136*66	4199198563578243051
matching	jacobian	15	23	5187600:factor=600*131*66	4199198563578243052
matching	jacobian	15	24	4910400:factor=600*124*66	4199198563578243053
matching	jacobian	15	25	4554000:factor=600*115*66	4199198563578243054
matching	jacobian	15	26	4118400:factor=600*104*66	4199198563578243055
matching	jacobian	15	27	3603600:factor=600*91*66	4199198563578243056
matching	jacobian	15	28	5421000:factor=600*139*65	4199198563578243057
matching	jacobian	15	29	5304000:factor=600*136*65	4199198563578243058
matching	jacobian	15	30	5109000:factor=600*131*65	4199198563578243059
matching	jacobian	15	31	4836000:factor=600*124*65	4199198563578243060
matching	jacobian	15	32	4485000:factor=600*115*65	4199198563578243061
matching	jacobian	15	33	4056000:factor=600*104*65	4199198563578243062
matching	jacobian	15	34	3549000:factor=600*91*65	4199198563578243063
matching	jacobian	15	35	5337600:factor=600*139*64	4199198563578243064
matching	jacobian	15	36	5222400:factor=600*136*64	4199198563578243065
matching	jacobian	15	37	5030400:factor=600*131*64	4199198563578243066
matching	jacobian	15	38	4761600:factor=600*124*64	4199198563578243067
matching	jacobian	15	39	4416000:factor=600*115*64	4199198563578243068
matching	jacobian	15	40	3993600:factor=600*104*64	4199198563578243069
matching	jacobian	15	41	3494400:factor=600*91*64	4199198563578243070
matching	jacobian	15	42	5254200:factor=600*139*63	4199198563578243071
matching	jacobian	15	43	5140800:factor=600*136*63	4199198563578243072
matching	jacobian	15	44	4951800:factor=600*131*63	4199198563578243073
matching	jacobian	15	45	4687200:factor=600*124*63	4199198563578243074
matching	jacobian	15	46	4347000:factor=600*115*63	4199198563578243075
matching	jacobian	15	47	3931200:factor=600*104*63	4199198563578243076
matching	jacobian	15	48	3439800:factor=600*91*63	4199198563578243077
matching	jacobian	16	0	67637400:factor=600*139*811	4199198563578243078
matching	jacobian	16	1	66177600:factor=600*136*811	4199198563578243079
matching	jacobian	16	2	63744600:factor=600*131*811	4199198563578243080
matching	jacobian	16	3	60338400:factor=600*124*811	4199198563578243081
matching	jacobian	16	4	55959000:factor=600*115*811	4199198563578243082
matching	jacobian	16	5	50606400:factor=600*104*811	4199198563578243083
matching	jacobian	16	6	44280600:factor=600*91*811	4199198563578243084
matching	jacobian	16	7	66219600:factor=600*139*794	4199198563578243085
matching	jacobian	16	8	64790400:factor=600*136*794	4199198563578243086
matching	jacobian	16	9	62408400:factor=600*131*794	4199198563578243087
matching	jacobian	16	10	59073600:factor=600*124*794	4199198563578243088
matching	jacobian	16	11	54786000:factor=600*115*794	4199198563578243089
matching	jacobian	16	12	49545600:factor=600*104*794	4199198563578243090
matching	jacobian	16	13	43352400:factor=600*91*794	4199198563578243091
matching	jacobian	16	14	64635000:factor=600*139*775	4199198563578243092
matching	jacobian	16	15	63240000:factor=600*136*775	4199198563578243093
matching	jacobian	16	16	60915000:factor=600*131*775	4199198563578243094
matching	jacobian	16	17	57660000:factor=600*124*775	4199198563578243095
matching	jacobian	16	18	53475000:factor=600*115*775	4199198563578243096
matching	jacobian	16	19	48360000:factor=600*104*775	4199198563578243097
matching	jacobian	16	20	42315000:factor=600*91*775	4199198563578243098
matching	jacobian	16	21	62883600:factor=600*139*754	4199198563578243099
matching	jacobian	16	22	61526400:factor=600*136*754	4199198563578243100
matching	jacobian	16	23	59264400:factor=600*131*754	4199198563578243101
matching	jacobian	16	24	56097600:factor=600*124*754	4199198563578243102
matching	jacobian	16	25	52026000:factor=600*115*754	4199198563578243103
matching	jacobian	16	26	47049600:factor=600*104*754	4199198563578243104
matching	jacobian	16	27	41168400:factor=600*91*754	4199198563578243105
matching	jacobian	16	28	60965400:factor=600*139*731	4199198563578243106
matching	jacobian	16	29	59649600:factor=600*136*731	4199198563578243107
matching	jacobian	16	30	57456600:factor=600*131*731	4199198563578243108
matching	jacobian	16	31	54386400:factor=600*124*731	4199198563578243109
matching	jacobian	16	32	50439000:factor=600*115*731	4199198563578243110
matching	jacobian	16	33	45614400:factor=600*104*731	4199198563578243111
matching	jacobian	16	34	39912600:factor=600*91*731	4199198563578243112
matching	jacobian	16	35	58880400:factor=600*139*706	4199198563578243113
matching	jacobian	16	36	57609600:factor=600*136*706	4199198563578243114
matching	jacobian	16	37	55491600:factor=600*131*706	4199198563578243115
matching	jacobian	16	38	52526400:factor=600*124*706	4199198563578243116
matching	jacobian	16	39	48714000:factor=600*115*706	4199198563578243117
matching	jacobian	16	40	44054400:factor=600*104*706	4199198563578243118
matching	jacobian	16	41	38547600:factor=600*91*706	4199198563578243119
matching	jacobian	16	42	56628600:factor=600*139*679	4199198563578243120
matching	jacobian	16	43	55406400:factor=600*136*679	4199198563578243121
matching	jacobian	16	44	53369400:factor=600*131*679	4199198563578243122
matching	jacobian	16	45	50517600:factor=600*124*679	4199198563578243123
matching	jacobian	16	46	46851000:factor=600*115*679	4199198563578243124
matching	jacobian	16	47	42369600:factor=600*104*679	4199198563578243125
matching	jacobian	16	48	37073400:factor=600*91*679	4199198563578243126
matching	jacobian	17	0	3084465600:factor=480*139*46230	4199198563578243127
matching	jacobian	17	1	3017894400:factor=480*136*46230	4199198563578243128
matching	jacobian	17	2	2906942400:factor=480*131*46230	4199198563578243129
matching	jacobian	17	3	2751609600:factor=480*124*46230	4199198563578243130
matching	jacobian	17	4	2551896000:factor=480*115*46230	4199198563578243131
matching	jacobian	17	5	2307801600:factor=480*104*46230	4199198563578243132
matching	jacobian	17	6	2019326400:factor=480*91*46230	4199198563578243133
matching	jacobian	17	7	2967705600:factor=480*139*44480	4199198563578243134
matching	jacobian	17	8	2903654400:factor=480*136*44480	4199198563578243135
matching	jacobian	17	9	2796902400:factor=480*131*44480	4199198563578243136
matching	jacobian	17	10	2647449600:factor=480*124*44480	4199198563578243137
matching	jacobian	17	11	2455296000:factor=480*115*44480	4199198563578243138
matching	jacobian	17	12	2220441600:factor=480*104*44480	4199198563578243139
matching	jacobian	17	13	1942886400:factor=480*91*44480	4199198563578243140
matching	jacobian	17	14	2847876480:factor=480*139*42684	4199198563578243141
matching	jacobian	17	15	2786411520:factor=480*136*42684	4199198563578243142
matching	jacobian	17	16	2683969920:factor=480*131*42684	4199198563578243143
matching	jacobian	17	17	2540551680:factor=480*124*42684	4199198563578243144
matching	jacobian	17	18	2356156800:factor=480*115*42684	4199198563578243145
matching	jacobian	17	19	2130785280:factor=480*104*42684	4199198563578243146
matching	jacobian	17	20	1864437120:factor=480*91*42684	4199198563578243147
matching	jacobian	17	21	2725778880:factor=480*139*40854	4199198563578243148
matching	jacobian	17	22	2666949120:factor=480*136*40854	4199198563578243149
matching	jacobian	17	23	2568899520:factor=480*131*40854	4199198563578243150
matching	jacobian	17	24	2431630080:factor=480*124*40854	4199198563578243151
matching	jacobian	17	25	2255140800:factor=480*115*40854	4199198563578243152
matching	jacobian	17	26	2039431680:factor=480*104*40854	4199198563578243153
matching	jacobian	17	27	1784502720:factor=480*91*40854	4199198563578243154
matching	jacobian	17	28	2602213440:factor=480*139*39002	4199198563578243155
matching	jacobian	17	29	2546050560:factor=480*136*39002	4199198563578243156
matching	jacobian	17	30	2452445760:factor=480*131*39002	4199198563578243157
matching	jacobian	17	31	2321399040:factor=480*124*39002	4199198563578243158
matching	jacobian	17	32	2152910400:factor=480*115*39002	4199198563578243159
matching	jacobian	17	33	1946979840:factor=480*104*39002	4199198563578243160
matching	jacobian	17	34	1703607360:factor=480*91*39002	4199198563578243161
matching	jacobian	17	35	2477980800:factor=480*139*37140	4199198563578243162
matching	jacobian	17	36	2424499200:factor=480*136*37140	4199198563578243163
matching	jacobian	17	37	2335363200:factor=480*131*37140	4199198563578243164
matching	jacobian	17	38	2210572800:factor=480*124*37140	4199198563578243165
matching	jacobian	17	39	2050128000:factor=480*115*37140	4199198563578243166
matching	jacobian	17	40	1854028800:factor=480*104*37140	4199198563578243167
matching	jacobian	17	41	1622275200:factor=480*91*37140	4199198563578243168
matching	jacobian	17	42	2353881600:factor=480*139*35280	4199198563578243169
matching	jacobian	17	43	2303078400:factor=480*136*35280	4199198563578243170
matching	jacobian	17	44	2218406400:factor=480*131*35280	4199198563578243171
matching	jacobian	17	45	2099865600:factor=480*124*35280	4199198563578243172
matching	jacobian	17	46	1947456000:factor=480*115*35280	4199198563578243173
matching	jacobian	17	47	1761177600:factor=480*104*35280	4199198563578243174
matching	jacobian	17	48	1541030400:factor=480*91*35280	4199198563578243175
matching	jacobian	18	0	9917511000:factor=600*139*118915	4199198563578243176
matching	jacobian	18	1	9703464000:factor=600*136*118915	4199198563578243177
matching	jacobian	18	2	9346719000:factor=600*131*118915	4199198563578243178
matching	jacobian	18	3	8847276000:factor=600*124*118915	4199198563578243179
matching	jacobian	18	4	8205135000:factor=600*115*118915	4199198563578243180
matching	jacobian	18	5	7420296000:factor=600*104*118915	4199198563578243181
matching	jacobian	18	6	6492759000:factor=600*91*118915	4199198563578243182
matching	jacobian	18	7	9711930000:factor=600*139*116450	4199198563578243183
matching	jacobian	18	8	9502320000:factor=600*136*116450	4199198563578243184
matching	jacobian	18	9	9152970000:factor=600*131*116450	4199198563578243185
matching	jacobian	18	10	8663880000:factor=600*124*116450	4199198563578243186
matching	jacobian	18	11	8035050000:factor=600*115*116450	4199198563578243187
matching	jacobian	18	12	7266480000:factor=600*104*116450	4199198563578243188
matching	jacobian	18	13	6358170000:factor=600*91*116450	4199198563578243189
matching	jacobian	18	14	9425117400:factor=600*139*113011	4199198563578243190
matching	jacobian	18	15	9221697600:factor=600*136*113011	4199198563578243191
matching	jacobian	18	16	8882664600:factor=600*131*113011	4199198563578243192
matching	jacobian	18	17	8408018400:factor=600*124*113011	4199198563578243193
matching	jacobian	18	18	7797759000:factor=600*115*113011	4199198563578243194
matching	jacobian	18	19	7051886400:factor=600*104*113011	4199198563578243195
matching	jacobian	18	20	6170400600:factor=600*91*113011	4199198563578243196
matching	jacobian	18	21	9038058000:factor=600*139*108370	4199198563578243197
matching	jacobian	18	22	8842992000:factor=600*136*108370	4199198563578243198
matching	jacobian	18	23	8517882000:factor=600*131*108370	4199198563578243199
matching	jacobian	18	24	8062728000:factor=600*124*108370	4199198563578243200
matching	jacobian	18	25	7477530000:factor=600*115*108370	4199198563578243201
matching	jacobian	18	26	6762288000:factor=600*104*108370	4199198563578243202
matching	jacobian	18	27	5917002000:factor=600*91*108370	4199198563578243203
matching	jacobian	18	28	8529735000:factor=600*139*102275	4199198563578243204
matching	jacobian	18	29	8345640000:factor=600*136*102275	4199198563578243205
matching	jacobian	18	30	8038815000:factor=600*131*102275	4199198563578243206
matching	jacobian	18	31	7609260000:factor=600*124*102275	4199198563578243207
matching	jacobian	18	32	7056975000:factor=600*115*102275	4199198563578243208
matching	jacobian	18	33	6381960000:factor=600*104*102275	4199198563578243209
matching	jacobian	18	34	5584215000:factor=600*91*102275	4199198563578243210
matching	jacobian	18	35	7877130000:factor=600*139*94450	4199198563578243211
matching	jacobian	18	36	7707120000:factor=600*136*94450	4199198563578243212
matching	jacobian	18	37	7423770000:factor=600*131*94450	4199198563578243213
matching	jacobian	18	38	7027080000:factor=600*124*94450	4199198563578243214
matching	jacobian	18	39	6517050000:factor=600*115*94450	4199198563578243215
matching	jacobian	18	40	5893680000:factor=600*104*94450	4199198563578243216
matching	jacobian	18	41	5156970000:factor=600*91*94450	4199198563578243217
matching	jacobian	18	42	7055223000:factor=600*139*84595	4199198563578243218
matching	jacobian	18	43	6902952000:factor=600*136*84595	4199198563578243219
matching	jacobian	18	44	6649167000:factor=600*131*84595	4199198563578243220
matching	jacobian	18	45	6293868000:factor=600*124*84595	4199198563578243221
matching	jacobian	18	46	5837055000:factor=600*115*84595	4199198563578243222
matching	jacobian	18	47	5278728000:factor=600*104*84595	4199198563578243223
matching	jacobian	18	48	4618887000:factor=600*91*84595	4199198563578243224
matching	jacobian	19	0	448831177920:factor=480*139*6727086	4199198563578243225
matching	jacobian	19	1	439144174080:factor=480*136*6727086	4199198563578243226
matching	jacobian	19	2	422999167680:factor=480*131*6727086	4199198563578243227
matching	jacobian	19	3	400396158720:factor=480*124*6727086	4199198563578243228
matching	jacobian	19	4	371335147200:factor=480*115*6727086	4199198563578243229
matching	jacobian	19	5	335816133120:factor=480*104*6727086	4199198563578243230
matching	jacobian	19	6	293839116480:factor=480*91*6727086	4199198563578243231
matching	jacobian	19	7	431467031040:factor=480*139*6466832	4199198563578243232
matching	jacobian	19	8	422154792960:factor=480*136*6466832	4199198563578243233
matching	jacobian	19	9	406634396160:factor=480*131*6466832	4199198563578243234
matching	jacobian	19	10	384905840640:factor=480*124*6466832	4199198563578243235
matching	jacobian	19	11	356969126400:factor=480*115*6466832	4199198563578243236
matching	jacobian	19	12	322824253440:factor=480*104*6466832	4199198563578243237
matching	jacobian	19	13	282471221760:factor=480*91*6466832	4199198563578243238
matching	jacobian	19	14	411056582400:factor=480*139*6160920	4199198563578243239
matching	jacobian	19	15	402184857600:factor=480*136*6160920	4199198563578243240
matching	jacobian	19	16	387398649600:factor=480*131*6160920	4199198563578243241
matching	jacobian	19	17	366697958400:factor=480*124*6160920	4199198563578243242
matching	jacobian	19	18	340082784000:factor=480*115*6160920	4199198563578243243
matching	jacobian	19	19	307553126400:factor=480*104*6160920	4199198563578243244
matching	jacobian	19	20	269108985600:factor=480*91*6160920	4199198563578243245
matching	jacobian	19	21	387153074880:factor=480*139*5802654	4199198563578243246
matching	jacobian	19	22	378797253120:factor=480*136*5802654	4199198563578243247
matching	jacobian	19	23	364870883520:factor=480*131*5802654	4199198563578243248
matching	jacobian	19	24	345373966080:factor=480*124*5802654	4199198563578243249
matching	jacobian	19	25	320306500800:factor=480*115*5802654	4199198563578243250
matching	jacobian	19	26	289668487680:factor=480*104*5802654	4199198563578243251
matching	jacobian	19	27	253459926720:factor=480*91*5802654	4199198563578243252
matching	jacobian	19	28	359346580800:factor=480*139*5385890	4199198563578243253
matching	jacobian	19	29	351590899200:factor=480*136*5385890	4199198563578243254
matching	jacobian	19	30	338664763200:factor=480*131*5385890	4199198563578243255
matching	jacobian	19	31	320568172800:factor=480*124*5385890	4199198563578243256
matching	jacobian	19	32	297301128000:factor=480*115*5385890	4199198563578243257
matching	jacobian	19	33	268863628800:factor=480*104*5385890	4199198563578243258
matching	jacobian	19	34	235255675200:factor=480*91*5385890	4199198563578243259
matching	jacobian	19	35	327280014720:factor=480*139*4905276	4199198563578243260
matching	jacobian	19	36	320216417280:factor=480*136*4905276	4199198563578243261
matching	jacobian	19	37	308443754880:factor=480*131*4905276	4199198563578243262
matching	jacobian	19	38	291962027520:factor=480*124*4905276	4199198563578243263
matching	jacobian	19	39	270771235200:factor=480*115*4905276	4199198563578243264
matching	jacobian	19	40	244871377920:factor=480*104*4905276	4199198563578243265
matching	jacobian	19	41	214262455680:factor=480*91*4905276	4199198563578243266
matching	jacobian	19	42	290665146240:factor=480*139*4356492	4199198563578243267
matching	jacobian	19	43	284391797760:factor=480*136*4356492	4199198563578243268
matching	jacobian	19	44	273936216960:factor=480*131*4356492	4199198563578243269
matching	jacobian	19	45	259298403840:factor=480*124*4356492	4199198563578243270
matching	jacobian	19	46	240478358400:factor=480*115*4356492	4199198563578243271
matching	jacobian	19	47	217476080640:factor=480*104*4356492	4199198563578243272
matching	jacobian	19	48	190291570560:factor=480*91*4356492	4199198563578243273
matching	jacobian	20	0	5190464652480:factor=480*139*77794734	4199198563578243274
matching	jacobian	20	1	5078440235520:factor=480*136*77794734	4199198563578243275
matching	jacobian	20	2	4891732873920:factor=480*131*77794734	4199198563578243276
matching	jacobian	20	3	4630342567680:factor=480*124*77794734	4199198563578243277
matching	jacobian	20	4	4294269316800:factor=480*115*77794734	4199198563578243278
matching	jacobian	20	5	3883513121280:factor=480*104*77794734	4199198563578243279
matching	jacobian	20	6	3398073981120:factor=480*91*77794734	4199198563578243280
matching	jacobian	20	7	4942968947520:factor=480*139*74085266	4199198563578243281
matching	jacobian	20	8	4836286164480:factor=480*136*74085266	4199198563578243282
matching	jacobian	20	9	4658481526080:factor=480*131*74085266	4199198563578243283
matching	jacobian	20	10	4409555032320:factor=480*124*74085266	4199198563578243284
matching	jacobian	20	11	4089506683200:factor=480*115*74085266	4199198563578243285
matching	jacobian	20	12	3698336478720:factor=480*104*74085266	4199198563578243286
matching	jacobian	20	13	3236044418880:factor=480*91*74085266	4199198563578243287
matching	jacobian	20	14	4648786056000:factor=480*139*69676050	4199198563578243288
matching	jacobian	20	15	4548452544000:factor=480*136*69676050	4199198563578243289
matching	jacobian	20	16	4381230024000:factor=480*131*69676050	4199198563578243290
matching	jacobian	20	17	4147118496000:factor=480*124*69676050	4199198563578243291
matching	jacobian	20	18	3846117960000:factor=480*115*69676050	4199198563578243292
matching	jacobian	20	19	3478228416000:factor=480*104*69676050	4199198563578243293
matching	jacobian	20	20	3043449864000:factor=480*91*69676050	4199198563578243294
matching	jacobian	20	21	4308448403520:factor=480*139*64575066	4199198563578243295
matching	jacobian	20	22	4215460308480:factor=480*136*64575066	4199198563578243296
matching	jacobian	20	23	4060480150080:factor=480*131*64575066	4199198563578243297
matching	jacobian	20	24	3843507928320:factor=480*124*64575066	4199198563578243298
matching	jacobian	20	25	3564543643200:factor=480*115*64575066	4199198563578243299
matching	jacobian	20	26	3223587294720:factor=480*104*64575066	4199198563578243300
matching	jacobian	20	27	2820638882880:factor=480*91*64575066	4199198563578243301
matching	jacobian	20	28	3925907148480:factor=480*139*58841534	4199198563578243302
matching	jacobian	20	29	3841175339520:factor=480*136*58841534	4199198563578243303
matching	jacobian	20	30	3699955657920:factor=480*131*58841534	4199198563578243304
matching	jacobian	20	31	3502248103680:factor=480*124*58841534	4199198563578243305
matching	jacobian	20	32	3248052676800:factor=480*115*58841534	4199198563578243306
matching	jacobian	20	33	2937369377280:factor=480*104*58841534	4199198563578243307
matching	jacobian	20	34	2570198205120:factor=480*91*58841534	4199198563578243308
matching	jacobian	20	35	3509540988480:factor=480*139*52601034	4199198563578243309
matching	jacobian	20	36	3433795499520:factor=480*136*52601034	4199198563578243310
matching	jacobian	20	37	3307553017920:factor=480*131*52601034	4199198563578243311
matching	jacobian	20	38	3130813543680:factor=480*124*52601034	4199198563578243312
matching	jacobian	20	39	2903577076800:factor=480*115*52601034	4199198563578243313
matching	jacobian	20	40	2625843617280:factor=480*104*52601034	4199198563578243314
matching	jacobian	20	41	2297613165120:factor=480*91*52601034	4199198563578243315
matching	jacobian	20	42	3073261043520:factor=480*139*46062066	4199198563578243316
matching	jacobian	20	43	3006931668480:factor=480*136*46062066	4199198563578243317
matching	jacobian	20	44	2896382710080:factor=480*131*46062066	4199198563578243318
matching	jacobian	20	45	2741614168320:factor=480*124*46062066	4199198563578243319
matching	jacobian	20	46	2542626043200:factor=480*115*46062066	4199198563578243320
matching	jacobian	20	47	2299418334720:factor=480*104*46062066	4199198563578243321
matching	jacobian	20	48	2011991042880:factor=480*91*46062066	4199198563578243322
matching	jacobian	21	0	2138400:factor=720*2970*1	4199198563578243323
matching	jacobian	21	1	1987200:factor=720*2760*1	4199198563578243324
matching	jacobian	21	2	1812960:factor=720*2518*1	4199198563578243325
matching	jacobian	21	3	1624320:factor=720*2256*1	4199198563578243326
matching	jacobian	21	4	1429920:factor=720*1986*1	4199198563578243327
matching	jacobian	21	5	1238400:factor=720*1720*1	4199198563578243328
matching	jacobian	21	6	1058400:factor=720*1470*1	4199198563578243329
matching	jacobian	21	7	2138400:factor=720*2970*1	4199198563578243330
matching	jacobian	21	8	1987200:factor=720*2760*1	4199198563578243331
matching	jacobian	21	9	1812960:factor=720*2518*1	4199198563578243332
matching	jacobian	21	10	1624320:factor=720*2256*1	4199198563578243333
matching	jacobian	21	11	1429920:factor=720*1986*1	4199198563578243334
matching	jacobian	21	12	1238400:factor=720*1720*1	4199198563578243335
matching	jacobian	21	13	1058400:factor=720*1470*1	4199198563578243336
matching	jacobian	21	14	2138400:factor=720*2970*1	4199198563578243337
matching	jacobian	21	15	1987200:factor=720*2760*1	4199198563578243338
matching	jacobian	21	16	1812960:factor=720*2518*1	4199198563578243339
matching	jacobian	21	17	1624320:factor=720*2256*1	4199198563578243340
matching	jacobian	21	18	1429920:factor=720*1986*1	4199198563578243341
matching	jacobian	21	19	1238400:factor=720*1720*1	4199198563578243342
matching	jacobian	21	20	1058400:factor=720*1470*1	4199198563578243343
matching	jacobian	21	21	2138400:factor=720*2970*1	4199198563578243344
matching	jacobian	21	22	1987200:factor=720*2760*1	4199198563578243345
matching	jacobian	21	23	1812960:factor=720*2518*1	4199198563578243346
matching	jacobian	21	24	1624320:factor=720*2256*1	4199198563578243347
matching	jacobian	21	25	1429920:factor=720*1986*1	4199198563578243348
matching	jacobian	21	26	1238400:factor=720*1720*1	4199198563578243349
matching	jacobian	21	27	1058400:factor=720*1470*1	4199198563578243350
matching	jacobian	21	28	2138400:factor=720*2970*1	4199198563578243351
matching	jacobian	21	29	1987200:factor=720*2760*1	4199198563578243352
matching	jacobian	21	30	1812960:factor=720*2518*1	4199198563578243353
matching	jacobian	21	31	1624320:factor=720*2256*1	4199198563578243354
matching	jacobian	21	32	1429920:factor=720*1986*1	4199198563578243355
matching	jacobian	21	33	1238400:factor=720*1720*1	4199198563578243356
matching	jacobian	21	34	1058400:factor=720*1470*1	4199198563578243357
matching	jacobian	21	35	2138400:factor=720*2970*1	4199198563578243358
matching	jacobian	21	36	1987200:factor=720*2760*1	4199198563578243359
matching	jacobian	21	37	1812960:factor=720*2518*1	4199198563578243360
matching	jacobian	21	38	1624320:factor=720*2256*1	4199198563578243361
matching	jacobian	21	39	1429920:factor=720*1986*1	4199198563578243362
matching	jacobian	21	40	1238400:factor=720*1720*1	4199198563578243363
matching	jacobian	21	41	1058400:factor=720*1470*1	4199198563578243364
matching	jacobian	21	42	2138400:factor=720*2970*1	4199198563578243365
matching	jacobian	21	43	1987200:factor=720*2760*1	4199198563578243366
matching	jacobian	21	44	1812960:factor=720*2518*1	4199198563578243367
matching	jacobian	21	45	1624320:factor=720*2256*1	4199198563578243368
matching	jacobian	21	46	1429920:factor=720*1986*1	4199198563578243369
matching	jacobian	21	47	1238400:factor=720*1720*1	4199198563578243370
matching	jacobian	21	48	1058400:factor=720*1470*1	4199198563578243371
matching	jacobian	22	0	98366400:factor=480*2970*69	4199198563578243372
matching	jacobian	22	1	91411200:factor=480*2760*69	4199198563578243373
matching	jacobian	22	2	83396160:factor=480*2518*69	4199198563578243374
matching	jacobian	22	3	74718720:factor=480*2256*69	4199198563578243375
matching	jacobian	22	4	65776320:factor=480*1986*69	4199198563578243376
matching	jacobian	22	5	56966400:factor=480*1720*69	4199198563578243377
matching	jacobian	22	6	48686400:factor=480*1470*69	4199198563578243378
matching	jacobian	22	7	96940800:factor=480*2970*68	4199198563578243379
matching	jacobian	22	8	90086400:factor=480*2760*68	4199198563578243380
matching	jacobian	22	9	82187520:factor=480*2518*68	4199198563578243381
matching	jacobian	22	10	73635840:factor=480*2256*68	4199198563578243382
matching	jacobian	22	11	64823040:factor=480*1986*68	4199198563578243383
matching	jacobian	22	12	56140800:factor=480*1720*68	4199198563578243384
matching	jacobian	22	13	47980800:factor=480*1470*68	4199198563578243385
matching	jacobian	22	14	95515200:factor=480*2970*67	4199198563578243386
matching	jacobian	22	15	88761600:factor=480*2760*67	4199198563578243387
matching	jacobian	22	16	80978880:factor=480*2518*67	4199198563578243388
matching	jacobian	22	17	72552960:factor=480*2256*67	4199198563578243389
matching	jacobian	22	18	63869760:factor=480*1986*67	4199198563578243390
matching	jacobian	22	19	55315200:factor=480*1720*67	4199198563578243391
matching	jacobian	22	20	47275200:factor=480*1470*67	4199198563578243392
matching	jacobian	22	21	94089600:factor=480*2970*66	4199198563578243393
matching	jacobian	22	22	87436800:factor=480*2760*66	4199198563578243394
matching	jacobian	22	23	79770240:factor=480*2518*66	4199198563578243395
matching	jacobian	22	24	71470080:factor=480*2256*66	4199198563578243396
matching	jacobian	22	25	62916480:factor=480*1986*66	4199198563578243397
matching	jacobian	22	26	54489600:factor=480*1720*66	4199198563578243398
matching	jacobian	22	27	46569600:factor=480*1470*66	4199198563578243399
matching	jacobian	22	28	92664000:factor=480*2970*65	4199198563578243400
matching	jacobian	22	29	86112000:factor=480*2760*65	4199198563578243401
matching	jacobian	22	30	78561600:factor=480*2518*65	4199198563578243402
matching	jacobian	22	31	70387200:factor=480*2256*65	4199198563578243403
matching	jacobian	22	32	61963200:factor=480*1986*65	4199198563578243404
matching	jacobian	22	33	53664000:factor=480*1720*65	4199198563578243405
matching	jacobian	22	34	45864000:factor=480*1470*65	4199198563578243406
matching	jacobian	22	35	91238400:factor=480*2970*64	4199198563578243407
matching	jacobian	22	36	84787200:factor=480*2760*64	4199198563578243408
matching	jacobian	22	37	77352960:factor=480*2518*64	4199198563578243409
matching	jacobian	22	38	69304320:factor=480*2256*64	4199198563578243410
matching	jacobian	22	39	61009920:factor=480*1986*64	4199198563578243411
matching	jacobian	22	40	52838400:factor=480*1720*64	4199198563578243412
matching	jacobian	22	41	45158400:factor=480*1470*64	4199198563578243413
matching	jacobian	22	42	89812800:factor=480*2970*63	4199198563578243414
matching	jacobian	22	43	83462400:factor=480*2760*63	4199198563578243415
matching	jacobian	22	44	76144320:factor=480*2518*63	4199198563578243416
matching	jacobian	22	45	68221440:factor=480*2256*63	4199198563578243417
matching	jacobian	22	46	60056640:factor=480*1986*63	4199198563578243418
matching	jacobian	22	47	52012800:factor=480*1720*63	4199198563578243419
matching	jacobian	22	48	44452800:factor=480*1470*63	4199198563578243420
matching	jacobian	23	0	1156161600:factor=480*2970*811	4199198563578243421
matching	jacobian	23	1	1074412800:factor=480*2760*811	4199198563578243422
matching	jacobian	23	2	980207040:factor=480*2518*811	4199198563578243423
matching	jacobian	23	3	878215680:factor=480*2256*811	4199198563578243424
matching	jacobian	23	4	773110080:factor=480*1986*811	4199198563578243425
matching	jacobian	23	5	669561600:factor=480*1720*811	4199198563578243426
matching	jacobian	23	6	572241600:factor=480*1470*811	4199198563578243427
matching	jacobian	23	7	1131926400:factor=480*2970*794	4199198563578243428
matching	jacobian	23	8	1051891200:factor=480*2760*794	4199198563578243429
matching	jacobian	23	9	959660160:factor=480*2518*794	4199198563578243430
matching	jacobian	23	10	859806720:factor=480*2256*794	4199198563578243431
matching	jacobian	23	11	756904320:factor=480*1986*794	4199198563578243432
matching	jacobian	23	12	655526400:factor=480*1720*794	4199198563578243433
matching	jacobian	23	13	560246400:factor=480*1470*794	4199198563578243434
matching	jacobian	23	14	1104840000:factor=480*2970*775	4199198563578243435
matching	jacobian	23	15	1026720000:factor=480*2760*775	4199198563578243436
matching	jacobian	23	16	936696000:factor=480*2518*775	4199198563578243437
matching	jacobian	23	17	839232000:factor=480*2256*775	4199198563578243438
matching	jacobian	23	18	738792000:factor=480*1986*775	4199198563578243439
matching	jacobian	23	19	639840000:factor=480*1720*775	4199198563578243440
matching	jacobian	23	20	546840000:factor=480*1470*775	4199198563578243441
matching	jacobian	23	21	1074902400:factor=480*2970*754	4199198563578243442
matching	jacobian	23	22	998899200:factor=480*2760*754	4199198563578243443
matching	jacobian	23	23	911314560:factor=480*2518*754	4199198563578243444
matching	jacobian	23	24	816491520:factor=480*2256*754	4199198563578243445
matching	jacobian	23	25	718773120:factor=480*1986*754	4199198563578243446
matching	jacobian	23	26	622502400:factor=480*1720*754	4199198563578243447
matching	jacobian	23	27	532022400:factor=480*1470*754	4199198563578243448
matching	jacobian	23	28	1042113600:factor=480*2970*731	4199198563578243449
matching	jacobian	23	29	968428800:factor=480*2760*731	4199198563578243450
matching	jacobian	23	30	883515840:factor=480*2518*731	4199198563578243451
matching	jacobian	23	31	791585280:factor=480*2256*731	4199198563578243452
matching	jacobian	23	32	696847680:factor=480*1986*731	4199198563578243453
matching	jacobian	23	33	603513600:factor=480*1720*731	4199198563578243454
matching	jacobian	23	34	515793600:factor=480*1470*731	4199198563578243455
matching	jacobian	23	35	1006473600:factor=480*2970*706	4199198563578243456
matching	jacobian	23	36	935308800:factor=480*2760*706	4199198563578243457
matching	jacobian	23	37	853299840:factor=480*2518*706	4199198563578243458
matching	jacobian	23	38	764513280:factor=480*2256*706	4199198563578243459
matching	jacobian	23	39	673015680:factor=480*1986*706	4199198563578243460
matching	jacobian	23	40	582873600:factor=480*1720*706	4199198563578243461
matching	jacobian	23	41	498153600:factor=480*1470*706	4199198563578243462
matching	jacobian	23	42	967982400:factor=480*2970*679	4199198563578243463
matching	jacobian	23	43	899539200:factor=480*2760*679	4199198563578243464
matching	jacobian	23	44	820666560:factor=480*2518*679	4199198563578243465
matching	jacobian	23	45	735275520:factor=480*2256*679	4199198563578243466
matching	jacobian	23	46	647277120:factor=480*1986*679	4199198563578243467
matching	jacobian	23	47	560582400:factor=480*1720*679	4199198563578243468
matching	jacobian	23	48	479102400:factor=480*1470*679	4199198563578243469
matching	jacobian	24	0	39543292800:factor=288*2970*46230	4199198563578243470
matching	jacobian	24	1	36747302400:factor=288*2760*46230	4199198563578243471
matching	jacobian	24	2	33525256320:factor=288*2518*46230	4199198563578243472
matching	jacobian	24	3	30036925440:factor=288*2256*46230	4199198563578243473
matching	jacobian	24	4	26442080640:factor=288*1986*46230	4199198563578243474
matching	jacobian	24	5	22900492800:factor=288*1720*46230	4199198563578243475
matching	jacobian	24	6	19571932800:factor=288*1470*46230	4199198563578243476
matching	jacobian	24	7	38046412800:factor=288*2970*44480	4199198563578243477
matching	jacobian	24	8	35356262400:factor=288*2760*44480	4199198563578243478
matching	jacobian	24	9	32256184320:factor=288*2518*44480	4199198563578243479
matching	jacobian	24	10	28899901440:factor=288*2256*44480	4199198563578243480
matching	jacobian	24	11	25441136640:factor=288*1986*44480	4199198563578243481
matching	jacobian	24	12	22033612800:factor=288*1720*44480	4199198563578243482
matching	jacobian	24	13	18831052800:factor=288*1470*44480	4199198563578243483
matching	jacobian	24	14	36510186240:factor=288*2970*42684	4199198563578243484
matching	jacobian	24	15	33928657920:factor=288*2760*42684	4199198563578243485
matching	jacobian	24	16	30953753856:factor=288*2518*42684	4199198563578243486
matching	jacobian	24	17	27732989952:factor=288*2256*42684	4199198563578243487
matching	jacobian	24	18	24413882112:factor=288*1986*42684	4199198563578243488
matching	jacobian	24	19	21143946240:factor=288*1720*42684	4199198563578243489
matching	jacobian	24	20	18070698240:factor=288*1470*42684	4199198563578243490
matching	jacobian	24	21	34944877440:factor=288*2970*40854	4199198563578243491
matching	jacobian	24	22	32474027520:factor=288*2760*40854	4199198563578243492
matching	jacobian	24	23	29626667136:factor=288*2518*40854	4199198563578243493
matching	jacobian	24	24	26543987712:factor=288*2256*40854	4199198563578243494
matching	jacobian	24	25	23367180672:factor=288*1986*40854	4199198563578243495
matching	jacobian	24	26	20237437440:factor=288*1720*40854	4199198563578243496
matching	jacobian	24	27	17295949440:factor=288*1470*40854	4199198563578243497
matching	jacobian	24	28	33360750720:factor=288*2970*39002	4199198563578243498
matching	jacobian	24	29	31001909760:factor=288*2760*39002	4199198563578243499
matching	jacobian	24	30	28283626368:factor=288*2518*39002	4199198563578243500
matching	jacobian	24	31	25340691456:factor=288*2256*39002	4199198563578243501
matching	jacobian	24	32	22307895936:factor=288*1986*39002	4199198563578243502
matching	jacobian	24	33	19320030720:factor=288*1720*39002	4199198563578243503
matching	jacobian	24	34	16511886720:factor=288*1470*39002	4199198563578243504
matching	jacobian	24	35	31768070400:factor=288*2970*37140	4199198563578243505
matching	jacobian	24	36	29521843200:factor=288*2760*37140	4199198563578243506
matching	jacobian	24	37	26933333760:factor=288*2518*37140	4199198563578243507
matching	jacobian	24	38	24130897920:factor=288*2256*37140	4199198563578243508
matching	jacobian	24	39	21242891520:factor=288*1986*37140	4199198563578243509
matching	jacobian	24	40	18397670400:factor=288*1720*37140	4199198563578243510
matching	jacobian	24	41	15723590400:factor=288*1470*37140	4199198563578243511
matching	jacobian	24	42	30177100800:factor=288*2970*35280	4199198563578243512
matching	jacobian	24	43	28043366400:factor=288*2760*35280	4199198563578243513
matching	jacobian	24	44	25584491520:factor=288*2518*35280	4199198563578243514
matching	jacobian	24	45	22922403840:factor=288*2256*35280	4199198563578243515
matching	jacobian	24	46	20179031040:factor=288*1986*35280	4199198563578243516
matching	jacobian	24	47	17476300800:factor=288*1720*35280	4199198563578243517
matching	jacobian	24	48	14936140800:factor=288*1470*35280	4199198563578243518
matching	jacobian	25	0	169525224000:factor=480*2970*118915	4199198563578243519
matching	jacobian	25	1	157538592000:factor=480*2760*118915	4199198563578243520
matching	jacobian	25	2	143725425600:factor=480*2518*118915	4199198563578243521
matching	jacobian	25	3	128770675200:factor=480*2256*118915	4199198563578243522
matching	jacobian	25	4	113359291200:factor=480*1986*118915	4199198563578243523
matching	jacobian	25	5	98176224000:factor=480*1720*118915	4199198563578243524
matching	jacobian	25	6	83906424000:factor=480*1470*118915	4199198563578243525
matching	jacobian	25	7	166011120000:factor=480*2970*116450	4199198563578243526
matching	jacobian	25	8	154272960000:factor=480*2760*116450	4199198563578243527
matching	jacobian	25	9	140746128000:factor=480*2518*116450	4199198563578243528
matching	jacobian	25	10	126101376000:factor=480*2256*116450	4199198563578243529
matching	jacobian	25	11	111009456000:factor=480*1986*116450	4199198563578243530
matching	jacobian	25	12	96141120000:factor=480*1720*116450	4199198563578243531
matching	jacobian	25	13	82167120000:factor=480*1470*116450	4199198563578243532
matching	jacobian	25	14	161108481600:factor=480*2970*113011	4199198563578243533
matching	jacobian	25	15	149716972800:factor=480*2760*113011	4199198563578243534
matching	jacobian	25	16	136589615040:factor=480*2518*113011	4199198563578243535
matching	jacobian	25	17	122377351680:factor=480*2256*113011	4199198563578243536
matching	jacobian	25	18	107731126080:factor=480*1986*113011	4199198563578243537
matching	jacobian	25	19	93301881600:factor=480*1720*113011	4199198563578243538
matching	jacobian	25	20	79740561600:factor=480*1470*113011	4199198563578243539
matching	jacobian	25	21	154492272000:factor=480*2970*108370	4199198563578243540
matching	jacobian	25	22	143568576000:factor=480*2760*108370	4199198563578243541
matching	jacobian	25	23	130980316800:factor=480*2518*108370	4199198563578243542
matching	jacobian	25	24	117351705600:factor=480*2256*108370	4199198563578243543
matching	jacobian	25	25	103306953600:factor=480*1986*108370	4199198563578243544
matching	jacobian	25	26	89470272000:factor=480*1720*108370	4199198563578243545
matching	jacobian	25	27	76465872000:factor=480*1470*108370	4199198563578243546
matching	jacobian	25	28	145803240000:factor=480*2970*102275	4199198563578243547
matching	jacobian	25	29	135493920000:factor=480*2760*102275	4199198563578243548
matching	jacobian	25	30	123613656000:factor=480*2518*102275	4199198563578243549
matching	jacobian	25	31	110751552000:factor=480*2256*102275	4199198563578243550
matching	jacobian	25	32	97496712000:factor=480*1986*102275	4199198563578243551
matching	jacobian	25	33	84438240000:factor=480*1720*102275	4199198563578243552
matching	jacobian	25	34	72165240000:factor=480*1470*102275	4199198563578243553
matching	jacobian	25	35	134647920000:factor=480*2970*94450	4199198563578243554
matching	jacobian	25	36	125127360000:factor=480*2760*94450	4199198563578243555
matching	jacobian	25	37	114156048000:factor=480*2518*94450	4199198563578243556
matching	jacobian	25	38	102278016000:factor=480*2256*94450	4199198563578243557
matching	jacobian	25	39	90037296000:factor=480*1986*94450	4199198563578243558
matching	jacobian	25	40	77977920000:factor=480*1720*94450	4199198563578243559
matching	jacobian	25	41	66643920000:factor=480*1470*94450	4199198563578243560
matching	jacobian	25	42	120598632000:factor=480*2970*84595	4199198563578243561
matching	jacobian	25	43	112071456000:factor=480*2760*84595	4199198563578243562
matching	jacobian	25	44	102244900800:factor=480*2518*84595	4199198563578243563
matching	jacobian	25	45	91606233600:factor=480*2256*84595	4199198563578243564
matching	jacobian	25	46	80642721600:factor=480*1986*84595	4199198563578243565
matching	jacobian	25	47	69841632000:factor=480*1720*84595	4199198563578243566
matching	jacobian	25	48	59690232000:factor=480*1470*84595	4199198563578243567
matching	jacobian	26	0	5754080280960:factor=288*2970*6727086	4199198563578243568
matching	jacobian	26	1	5347226119680:factor=288*2760*6727086	4199198563578243569
matching	jacobian	26	2	4878375133824:factor=288*2518*6727086	4199198563578243570
matching	jacobian	26	3	4370776132608:factor=288*2256*6727086	4199198563578243571
matching	jacobian	26	4	3847677925248:factor=288*1986*6727086	4199198563578243572
matching	jacobian	26	5	3332329320960:factor=288*1720*6727086	4199198563578243573
matching	jacobian	26	6	2847979128960:factor=288*1470*6727086	4199198563578243574
matching	jacobian	26	7	5531469419520:factor=288*2970*6466832	4199198563578243575
matching	jacobian	26	8	5140355420160:factor=288*2760*6466832	4199198563578243576
matching	jacobian	26	9	4689643097088:factor=288*2518*6466832	4199198563578243577
matching	jacobian	26	10	4201681821696:factor=288*2256*6466832	4199198563578243578
matching	jacobian	26	11	3698820965376:factor=288*1986*6466832	4199198563578243579
matching	jacobian	26	12	3203409899520:factor=288*1720*6466832	4199198563578243580
matching	jacobian	26	13	2737797995520:factor=288*1470*6466832	4199198563578243581
matching	jacobian	26	14	5269804531200:factor=288*2970*6160920	4199198563578243582
matching	jacobian	26	15	4897192089600:factor=288*2760*6160920	4199198563578243583
matching	jacobian	26	16	4467800609280:factor=288*2518*6160920	4199198563578243584
matching	jacobian	26	17	4002922229760:factor=288*2256*6160920	4199198563578243585
matching	jacobian	26	18	3523849090560:factor=288*1986*6160920	4199198563578243586
matching	jacobian	26	19	3051873331200:factor=288*1720*6160920	4199198563578243587
matching	jacobian	26	20	2608287091200:factor=288*1470*6160920	4199198563578243588
matching	jacobian	26	21	4963358125440:factor=288*2970*5802654	4199198563578243589
matching	jacobian	26	22	4612413611520:factor=288*2760*5802654	4199198563578243590
matching	jacobian	26	23	4207991838336:factor=288*2518*5802654	4199198563578243591
matching	jacobian	26	24	3770146778112:factor=288*2256*5802654	4199198563578243592
matching	jacobian	26	25	3318932403072:factor=288*1986*5802654	4199198563578243593
matching	jacobian	26	26	2874402685440:factor=288*1720*5802654	4199198563578243594
matching	jacobian	26	27	2456611597440:factor=288*1470*5802654	4199198563578243595
matching	jacobian	26	28	4606874870400:factor=288*2970*5385890	4199198563578243596
matching	jacobian	26	29	4281136243200:factor=288*2760*5385890	4199198563578243597
matching	jacobian	26	30	3905761253760:factor=288*2518*5385890	4199198563578243598
matching	jacobian	26	31	3499363537920:factor=288*2256*5385890	4199198563578243599
matching	jacobian	26	32	3080556731520:factor=288*1986*5385890	4199198563578243600
matching	jacobian	26	33	2667954470400:factor=288*1720*5385890	4199198563578243601
matching	jacobian	26	34	2280170390400:factor=288*1470*5385890	4199198563578243602
matching	jacobian	26	35	4195776879360:factor=288*2970*4905276	4199198563578243603
matching	jacobian	26	36	3899105786880:factor=288*2760*4905276	4199198563578243604
matching	jacobian	26	37	3557227670784:factor=288*2518*4905276	4199198563578243605
matching	jacobian	26	38	3187095164928:factor=288*2256*4905276	4199198563578243606
matching	jacobian	26	39	2805660903168:factor=288*1986*4905276	4199198563578243607
matching	jacobian	26	40	2429877519360:factor=288*1720*4905276	4199198563578243608
matching	jacobian	26	41	2076697647360:factor=288*1470*4905276	4199198563578243609
matching	jacobian	26	42	3726368997120:factor=288*2970*4356492	4199198563578243610
matching	jacobian	26	43	3462888360960:factor=288*2760*4356492	4199198563578243611
matching	jacobian	26	44	3159258294528:factor=288*2518*4356492	4199198563578243612
matching	jacobian	26	45	2830534834176:factor=288*2256*4356492	4199198563578243613
matching	jacobian	26	46	2491774016256:factor=288*1986*4356492	4199198563578243614
matching	jacobian	26	47	2158031877120:factor=288*1720*4356492	4199198563578243615
matching	jacobian	26	48	1844364453120:factor=288*1470*4356492	4199198563578243616
matching	jacobian	27	0	66542503674240:factor=288*2970*77794734	4199198563578243617
matching	jacobian	27	1	61837478161920:factor=288*2760*77794734	4199198563578243618
matching	jacobian	27	2	56415496381056:factor=288*2518*77794734	4199198563578243619
matching	jacobian	27	3	50545416932352:factor=288*2256*77794734	4199198563578243620
matching	jacobian	27	4	44496098416512:factor=288*1986*77794734	4199198563578243621
matching	jacobian	27	5	38536399434240:factor=288*1720*77794734	4199198563578243622
matching	jacobian	27	6	32935178586240:factor=288*1470*77794734	4199198563578243623
matching	jacobian	27	7	63369573125760:factor=288*2970*74085266	4199198563578243624
matching	jacobian	27	8	58888896238080:factor=288*2760*74085266	4199198563578243625
matching	jacobian	27	9	53725449538944:factor=288*2518*74085266	4199198563578243626
matching	jacobian	27	10	48135271707648:factor=288*2256*74085266	4199198563578243627
matching	jacobian	27	11	42374401423488:factor=288*1986*74085266	4199198563578243628
matching	jacobian	27	12	36698877365760:factor=288*1720*74085266	4199198563578243629
matching	jacobian	27	13	31364738213760:factor=288*1470*74085266	4199198563578243630
matching	jacobian	27	14	59598106128000:factor=288*2970*69676050	4199198563578243631
matching	jacobian	27	15	55384098624000:factor=288*2760*69676050	4199198563578243632
matching	jacobian	27	16	50527956643200:factor=288*2518*69676050	4199198563578243633
matching	jacobian	27	17	45270480614400:factor=288*2256*69676050	4199198563578243634
matching	jacobian	27	18	39852470966400:factor=288*1986*69676050	4199198563578243635
matching	jacobian	27	19	34514728128000:factor=288*1720*69676050	4199198563578243636
matching	jacobian	27	20	29498052528000:factor=288*1470*69676050	4199198563578243637
matching	jacobian	27	21	55234928453760:factor=288*2970*64575066	4199198563578243638
matching	jacobian	27	22	51329428462080:factor=288*2760*64575066	4199198563578243639
matching	jacobian	27	23	46828804662144:factor=288*2518*64575066	4199198563578243640
matching	jacobian	27	24	41956228482048:factor=288*2256*64575066	4199198563578243641
matching	jacobian	27	25	36934871349888:factor=288*1986*64575066	4199198563578243642
matching	jacobian	27	26	31987904693760:factor=288*1720*64575066	4199198563578243643
matching	jacobian	27	27	27338499941760:factor=288*1470*64575066	4199198563578243644
matching	jacobian	27	28	50330694522240:factor=288*2970*58841534	4199198563578243645
matching	jacobian	27	29	46771958545920:factor=288*2760*58841534	4199198563578243646
matching	jacobian	27	30	42670938992256:factor=288*2518*58841534	4199198563578243647
matching	jacobian	27	31	38230992202752:factor=288*2256*58841534	4199198563578243648
matching	jacobian	27	32	33655474518912:factor=288*1986*58841534	4199198563578243649
matching	jacobian	27	33	29147742282240:factor=288*1720*58841534	4199198563578243650
matching	jacobian	27	34	24911151834240:factor=288*1470*58841534	4199198563578243651
matching	jacobian	27	35	44992820442240:factor=288*2970*52601034	4199198563578243652
matching	jacobian	27	36	41811509905920:factor=288*2760*52601034	4199198563578243653
matching	jacobian	27	37	38145428240256:factor=288*2518*52601034	4199198563578243654
matching	jacobian	27	38	34176364618752:factor=288*2256*52601034	4199198563578243655
matching	jacobian	27	39	30086108214912:factor=288*1986*52601034	4199198563578243656
matching	jacobian	27	40	26056448202240:factor=288*1720*52601034	4199198563578243657
matching	jacobian	27	41	22269173754240:factor=288*1470*52601034	4199198563578243658
matching	jacobian	27	42	39399648773760:factor=288*2970*46062066	4199198563578243659
matching	jacobian	27	43	36613815022080:factor=288*2760*46062066	4199198563578243660
matching	jacobian	27	44	33403473270144:factor=288*2518*46062066	4199198563578243661
matching	jacobian	27	45	29927814018048:factor=288*2256*46062066	4199198563578243662
matching	jacobian	27	46	26346027765888:factor=288*1986*46062066	4199198563578243663
matching	jacobian	27	47	22817305013760:factor=288*1720*46062066	4199198563578243664
matching	jacobian	27	48	19500836261760:factor=288*1470*46062066	4199198563578243665
matching	jacobian	28	0	3366000:factor=720*4675*1	4199198563578243666
matching	jacobian	28	1	3355200:factor=720*4660*1	4199198563578243667
matching	jacobian	28	2	3308400:factor=720*4595*1	4199198563578243668
matching	jacobian	28	3	3182400:factor=720*4420*1	4199198563578243669
matching	jacobian	28	4	2916720:factor=720*4051*1	4199198563578243670
matching	jacobian	28	5	2433600:factor=720*3380*1	4199198563578243671
matching	jacobian	28	6	1638000:factor=720*2275*1	4199198563578243672
matching	jacobian	28	7	3366000:factor=720*4675*1	4199198563578243673
matching	jacobian	28	8	3355200:factor=720*4660*1	4199198563578243674
matching	jacobian	28	9	3308400:factor=720*4595*1	4199198563578243675
matching	jacobian	28	10	3182400:factor=720*4420*1	4199198563578243676
matching	jacobian	28	11	2916720:factor=720*4051*1	4199198563578243677
matching	jacobian	28	12	2433600:factor=720*3380*1	4199198563578243678
matching	jacobian	28	13	1638000:factor=720*2275*1	4199198563578243679
matching	jacobian	28	14	3366000:factor=720*4675*1	4199198563578243680
matching	jacobian	28	15	3355200:factor=720*4660*1	4199198563578243681
matching	jacobian	28	16	3308400:factor=720*4595*1	4199198563578243682
matching	jacobian	28	17	3182400:factor=720*4420*1	4199198563578243683
matching	jacobian	28	18	2916720:factor=720*4051*1	4199198563578243684
matching	jacobian	28	19	2433600:factor=720*3380*1	4199198563578243685
matching	jacobian	28	20	1638000:factor=720*2275*1	4199198563578243686
matching	jacobian	28	21	3366000:factor=720*4675*1	4199198563578243687
matching	jacobian	28	22	3355200:factor=720*4660*1	4199198563578243688
matching	jacobian	28	23	3308400:factor=720*4595*1	4199198563578243689
matching	jacobian	28	24	3182400:factor=720*4420*1	4199198563578243690
matching	jacobian	28	25	2916720:factor=720*4051*1	4199198563578243691
matching	jacobian	28	26	2433600:factor=720*3380*1	4199198563578243692
matching	jacobian	28	27	1638000:factor=720*2275*1	4199198563578243693
matching	jacobian	28	28	3366000:factor=720*4675*1	4199198563578243694
matching	jacobian	28	29	3355200:factor=720*4660*1	4199198563578243695
matching	jacobian	28	30	3308400:factor=720*4595*1	4199198563578243696
matching	jacobian	28	31	3182400:factor=720*4420*1	4199198563578243697
matching	jacobian	28	32	2916720:factor=720*4051*1	4199198563578243698
matching	jacobian	28	33	2433600:factor=720*3380*1	4199198563578243699
matching	jacobian	28	34	1638000:factor=720*2275*1	4199198563578243700
matching	jacobian	28	35	3366000:factor=720*4675*1	4199198563578243701
matching	jacobian	28	36	3355200:factor=720*4660*1	4199198563578243702
matching	jacobian	28	37	3308400:factor=720*4595*1	4199198563578243703
matching	jacobian	28	38	3182400:factor=720*4420*1	4199198563578243704
matching	jacobian	28	39	2916720:factor=720*4051*1	4199198563578243705
matching	jacobian	28	40	2433600:factor=720*3380*1	4199198563578243706
matching	jacobian	28	41	1638000:factor=720*2275*1	4199198563578243707
matching	jacobian	28	42	3366000:factor=720*4675*1	4199198563578243708
matching	jacobian	28	43	3355200:factor=720*4660*1	4199198563578243709
matching	jacobian	28	44	3308400:factor=720*4595*1	4199198563578243710
matching	jacobian	28	45	3182400:factor=720*4420*1	4199198563578243711
matching	jacobian	28	46	2916720:factor=720*4051*1	4199198563578243712
matching	jacobian	28	47	2433600:factor=720*3380*1	4199198563578243713
matching	jacobian	28	48	1638000:factor=720*2275*1	4199198563578243714
matching	jacobian	29	0	193545000:factor=600*4675*69	4199198563578243715
matching	jacobian	29	1	192924000:factor=600*4660*69	4199198563578243716
matching	jacobian	29	2	190233000:factor=600*4595*69	4199198563578243717
matching	jacobian	29	3	182988000:factor=600*4420*69	4199198563578243718
matching	jacobian	29	4	167711400:factor=600*4051*69	4199198563578243719
matching	jacobian	29	5	139932000:factor=600*3380*69	4199198563578243720
matching	jacobian	29	6	94185000:factor=600*2275*69	4199198563578243721
matching	jacobian	29	7	190740000:factor=600*4675*68	4199198563578243722
matching	jacobian	29	8	190128000:factor=600*4660*68	4199198563578243723
matching	jacobian	29	9	187476000:factor=600*4595*68	4199198563578243724
matching	jacobian	29	10	180336000:factor=600*4420*68	4199198563578243725
matching	jacobian	29	11	165280800:factor=600*4051*68	4199198563578243726
matching	jacobian	29	12	137904000:factor=600*3380*68	4199198563578243727
matching	jacobian	29	13	92820000:factor=600*2275*68	4199198563578243728
matching	jacobian	29	14	187935000:factor=600*4675*67	4199198563578243729
matching	jacobian	29	15	187332000:factor=600*4660*67	4199198563578243730
matching	jacobian	29	16	184719000:factor=600*4595*67	4199198563578243731
matching	jacobian	29	17	177684000:factor=600*4420*67	4199198563578243732
matching	jacobian	29	18	162850200:factor=600*4051*67	4199198563578243733
matching	jacobian	29	19	135876000:factor=600*3380*67	4199198563578243734
matching	jacobian	29	20	91455000:factor=600*2275*67	4199198563578243735
matching	jacobian	29	21	185130000:factor=600*4675*66	4199198563578243736
matching	jacobian	29	22	184536000:factor=600*4660*66	4199198563578243737
matching	jacobian	29	23	181962000:factor=600*4595*66	4199198563578243738
matching	jacobian	29	24	175032000:factor=600*4420*66	4199198563578243739
matching	jacobian	29	25	160419600:factor=600*4051*66	4199198563578243740
matching	jacobian	29	26	133848000:factor=600*3380*66	4199198563578243741
matching	jacobian	29	27	90090000:factor=600*2275*66	4199198563578243742
matching	jacobian	29	28	182325000:factor=600*4675*65	4199198563578243743
matching	jacobian	29	29	181740000:factor=600*4660*65	4199198563578243744
matching	jacobian	29	30	179205000:factor=600*4595*65	4199198563578243745
matching	jacobian	29	31	172380000:factor=600*4420*65	4199198563578243746
matching	jacobian	29	32	157989000:factor=600*4051*65	4199198563578243747
matching	jacobian	29	33	131820000:factor=600*3380*65	4199198563578243748
matching	jacobian	29	34	88725000:factor=600*2275*65	4199198563578243749
matching	jacobian	29	35	179520000:factor=600*4675*64	4199198563578243750
matching	jacobian	29	36	178944000:factor=600*4660*64	4199198563578243751
matching	jacobian	29	37	176448000:factor=600*4595*64	4199198563578243752
matching	jacobian	29	38	169728000:factor=600*4420*64	4199198563578243753
matching	jacobian	29	39	155558400:factor=600*4051*64	4199198563578243754
matching	jacobian	29	40	129792000:factor=600*3380*64	4199198563578243755
matching	jacobian	29	41	87360000:factor=600*2275*64	4199198563578243756
matching	jacobian	29	42	176715000:factor=600*4675*63	4199198563578243757
matching	jacobian	29	43	176148000:factor=600*4660*63	4199198563578243758
matching	jacobian	29	44	173691000:factor=600*4595*63	4199198563578243759
matching	jacobian	29	45	167076000:factor=600*4420*63	4199198563578243760
matching	jacobian	29	46	153127800:factor=600*4051*63	4199198563578243761
matching	jacobian	29	47	127764000:factor=600*3380*63	4199198563578243762
matching	jacobian	29	48	85995000:factor=600*2275*63	4199198563578243763
matching	jacobian	30	0	2274855000:factor=600*4675*811	4199198563578243764
matching	jacobian	30	1	2267556000:factor=600*4660*811	4199198563578243765
matching	jacobian	30	2	2235927000:factor=600*4595*811	4199198563578243766
matching	jacobian	30	3	2150772000:factor=600*4420*811	4199198563578243767
matching	jacobian	30	4	1971216600:factor=600*4051*811	4199198563578243768
matching	jacobian	30	5	1644708000:factor=600*3380*811	4199198563578243769
matching	jacobian	30	6	1107015000:factor=600*2275*811	4199198563578243770
matching	jacobian	30	7	2227170000:factor=600*4675*794	4199198563578243771
matching	jacobian	30	8	2220024000:factor=600*4660*794	4199198563578243772
matching	jacobian	30	9	2189058000:factor=600*4595*794	4199198563578243773
matching	jacobian	30	10	2105688000:factor=600*4420*794	4199198563578243774
matching	jacobian	30	11	1929896400:factor=600*4051*794	4199198563578243775
matching	jacobian	30	12	1610232000:factor=600*3380*794	4199198563578243776
matching	jacobian	30	13	1083810000:factor=600*2275*794	4199198563578243777
matching	jacobian	30	14	2173875000:factor=600*4675*775	4199198563578243778
matching	jacobian	30	15	2166900000:factor=600*4660*775	4199198563578243779
matching	jacobian	30	16	2136675000:factor=600*4595*775	4199198563578243780
matching	jacobian	30	17	2055300000:factor=600*4420*775	4199198563578243781
matching	jacobian	30	18	1883715000:factor=600*4051*775	4199198563578243782
matching	jacobian	30	19	1571700000:factor=600*3380*775	4199198563578243783
matching	jacobian	30	20	1057875000:factor=600*2275*775	4199198563578243784
matching	jacobian	30	21	2114970000:factor=600*4675*754	4199198563578243785
matching	jacobian	30	22	2108184000:factor=600*4660*754	4199198563578243786
matching	jacobian	30	23	2078778000:factor=600*4595*754	4199198563578243787
matching	jacobian	30	24	1999608000:factor=600*4420*754	4199198563578243788
matching	jacobian	30	25	1832672400:factor=600*4051*754	4199198563578243789
matching	jacobian	30	26	1529112000:factor=600*3380*754	4199198563578243790
matching	jacobian	30	27	1029210000:factor=600*2275*754	4199198563578243791
matching	jacobian	30	28	2050455000:factor=600*4675*731	4199198563578243792
matching	jacobian	30	29	2043876000:factor=600*4660*731	4199198563578243793
matching	jacobian	30	30	2015367000:factor=600*4595*731	4199198563578243794
matching	jacobian	30	31	1938612000:factor=600*4420*731	4199198563578243795
matching	jacobian	30	32	1776768600:factor=600*4051*731	4199198563578243796
matching	jacobian	30	33	1482468000:factor=600*3380*731	4199198563578243797
matching	jacobian	30	34	997815000:factor=600*2275*731	4199198563578243798
matching	jacobian	30	35	1980330000:factor=600*4675*706	4199198563578243799
matching	jacobian	30	36	1973976000:factor=600*4660*706	4199198563578243800
matching	jacobian	30	37	1946442000:factor=600*4595*706	4199198563578243801
matching	jacobian	30	38	1872312000:factor=600*4420*706	4199198563578243802
matching	jacobian	30	39	1716003600:factor=600*4051*706	4199198563578243803
matching	jacobian	30	40	1431768000:factor=600*3380*706	4199198563578243804
matching	jacobian	30	41	963690000:factor=600*2275*706	4199198563578243805
matching	jacobian	30	42	1904595000:factor=600*4675*679	4199198563578243806
matching	jacobian	30	43	1898484000:factor=600*4660*679	4199198563578243807
matching	jacobian	30	44	1872003000:factor=600*4595*679	4199198563578243808
matching	jacobian	30	45	1800708000:factor=600*4420*679	4199198563578243809
matching	jacobian	30	46	1650377400:factor=600*4051*679	4199198563578243810
matching	jacobian	30	47	1377012000:factor=600*3380*679	4199198563578243811
matching	jacobian	30	48	926835000:factor=600*2275*679	4199198563578243812
matching	jacobian	31	0	103740120000:factor=480*4675*46230	4199198563578243813
matching	jacobian	31	1	103407264000:factor=480*4660*46230	4199198563578243814
matching	jacobian	31	2	101964888000:factor=480*4595*46230	4199198563578243815
matching	jacobian	31	3	98081568000:factor=480*4420*46230	4199198563578243816
matching	jacobian	31	4	89893310400:factor=480*4051*46230	4199198563578243817
matching	jacobian	31	5	75003552000:factor=480*3380*46230	4199198563578243818
matching	jacobian	31	6	50483160000:factor=480*2275*46230	4199198563578243819
matching	jacobian	31	7	99813120000:factor=480*4675*44480	4199198563578243820
matching	jacobian	31	8	99492864000:factor=480*4660*44480	4199198563578243821
matching	jacobian	31	9	98105088000:factor=480*4595*44480	4199198563578243822
matching	jacobian	31	10	94368768000:factor=480*4420*44480	4199198563578243823
matching	jacobian	31	11	86490470400:factor=480*4051*44480	4199198563578243824
matching	jacobian	31	12	72164352000:factor=480*3380*44480	4199198563578243825
matching	jacobian	31	13	48572160000:factor=480*2275*44480	4199198563578243826
matching	jacobian	31	14	95782896000:factor=480*4675*42684	4199198563578243827
matching	jacobian	31	15	95475571200:factor=480*4660*42684	4199198563578243828
matching	jacobian	31	16	94143830400:factor=480*4595*42684	4199198563578243829
matching	jacobian	31	17	90558374400:factor=480*4420*42684	4199198563578243830
matching	jacobian	31	18	82998184320:factor=480*4051*42684	4199198563578243831
matching	jacobian	31	19	69250521600:factor=480*3380*42684	4199198563578243832
matching	jacobian	31	20	46610928000:factor=480*2275*42684	4199198563578243833
matching	jacobian	31	21	91676376000:factor=480*4675*40854	4199198563578243834
matching	jacobian	31	22	91382227200:factor=480*4660*40854	4199198563578243835
matching	jacobian	31	23	90107582400:factor=480*4595*40854	4199198563578243836
matching	jacobian	31	24	86675846400:factor=480*4420*40854	4199198563578243837
matching	jacobian	31	25	79439785920:factor=480*4051*40854	4199198563578243838
matching	jacobian	31	26	66281529600:factor=480*3380*40854	4199198563578243839
matching	jacobian	31	27	44612568000:factor=480*2275*40854	4199198563578243840
matching	jacobian	31	28	87520488000:factor=480*4675*39002	4199198563578243841
matching	jacobian	31	29	87239673600:factor=480*4660*39002	4199198563578243842
matching	jacobian	31	30	86022811200:factor=480*4595*39002	4199198563578243843
matching	jacobian	31	31	82746643200:factor=480*4420*39002	4199198563578243844
matching	jacobian	31	32	75838608960:factor=480*4051*39002	4199198563578243845
matching	jacobian	31	33	63276844800:factor=480*3380*39002	4199198563578243846
matching	jacobian	31	34	42590184000:factor=480*2275*39002	4199198563578243847
matching	jacobian	31	35	83342160000:factor=480*4675*37140	4199198563578243848
matching	jacobian	31	36	83074752000:factor=480*4660*37140	4199198563578243849
matching	jacobian	31	37	81915984000:factor=480*4595*37140	4199198563578243850
matching	jacobian	31	38	78796224000:factor=480*4420*37140	4199198563578243851
matching	jacobian	31	39	72217987200:factor=480*4051*37140	4199198563578243852
matching	jacobian	31	40	60255936000:factor=480*3380*37140	4199198563578243853
matching	jacobian	31	41	40556880000:factor=480*2275*37140	4199198563578243854
matching	jacobian	31	42	79168320000:factor=480*4675*35280	4199198563578243855
matching	jacobian	31	43	78914304000:factor=480*4660*35280	4199198563578243856
matching	jacobian	31	44	77813568000:factor=480*4595*35280	4199198563578243857
matching	jacobian	31	45	74850048000:factor=480*4420*35280	4199198563578243858
matching	jacobian	31	46	68601254400:factor=480*4051*35280	4199198563578243859
matching	jacobian	31	47	57238272000:factor=480*3380*35280	4199198563578243860
matching	jacobian	31	48	38525760000:factor=480*2275*35280	4199198563578243861
matching	jacobian	32	0	333556575000:factor=600*4675*118915	4199198563578243862
matching	jacobian	32	1	332486340000:factor=600*4660*118915	4199198563578243863
matching	jacobian	32	2	327848655000:factor=600*4595*118915	4199198563578243864
matching	jacobian	32	3	315362580000:factor=600*4420*118915	4199198563578243865
matching	jacobian	32	4	289034799000:factor=600*4051*118915	4199198563578243866
matching	jacobian	32	5	241159620000:factor=600*3380*118915	4199198563578243867
matching	jacobian	32	6	162318975000:factor=600*2275*118915	4199198563578243868
matching	jacobian	32	7	326642250000:factor=600*4675*116450	4199198563578243869
matching	jacobian	32	8	325594200000:factor=600*4660*116450	4199198563578243870
matching	jacobian	32	9	321052650000:factor=600*4595*116450	4199198563578243871
matching	jacobian	32	10	308825400000:factor=600*4420*116450	4199198563578243872
matching	jacobian	32	11	283043370000:factor=600*4051*116450	4199198563578243873
matching	jacobian	32	12	236160600000:factor=600*3380*116450	4199198563578243874
matching	jacobian	32	13	158954250000:factor=600*2275*116450	4199198563578243875
matching	jacobian	32	14	316995855000:factor=600*4675*113011	4199198563578243876
matching	jacobian	32	15	315978756000:factor=600*4660*113011	4199198563578243877
matching	jacobian	32	16	311571327000:factor=600*4595*113011	4199198563578243878
matching	jacobian	32	17	299705172000:factor=600*4420*113011	4199198563578243879
matching	jacobian	32	18	274684536600:factor=600*4051*113011	4199198563578243880
matching	jacobian	32	19	229186308000:factor=600*3380*113011	4199198563578243881
matching	jacobian	32	20	154260015000:factor=600*2275*113011	4199198563578243882
matching	jacobian	32	21	303977850000:factor=600*4675*108370	4199198563578243883
matching	jacobian	32	22	303002520000:factor=600*4660*108370	4199198563578243884
matching	jacobian	32	23	298776090000:factor=600*4595*108370	4199198563578243885
matching	jacobian	32	24	287397240000:factor=600*4420*108370	4199198563578243886
matching	jacobian	32	25	263404122000:factor=600*4051*108370	4199198563578243887
matching	jacobian	32	26	219774360000:factor=600*3380*108370	4199198563578243888
matching	jacobian	32	27	147925050000:factor=600*2275*108370	4199198563578243889
matching	jacobian	32	28	286881375000:factor=600*4675*102275	4199198563578243890
matching	jacobian	32	29	285960900000:factor=600*4660*102275	4199198563578243891
matching	jacobian	32	30	281972175000:factor=600*4595*102275	4199198563578243892
matching	jacobian	32	31	271233300000:factor=600*4420*102275	4199198563578243893
matching	jacobian	32	32	248589615000:factor=600*4051*102275	4199198563578243894
matching	jacobian	32	33	207413700000:factor=600*3380*102275	4199198563578243895
matching	jacobian	32	34	139605375000:factor=600*2275*102275	4199198563578243896
matching	jacobian	32	35	264932250000:factor=600*4675*94450	4199198563578243897
matching	jacobian	32	36	264082200000:factor=600*4660*94450	4199198563578243898
matching	jacobian	32	37	260398650000:factor=600*4595*94450	4199198563578243899
matching	jacobian	32	38	250481400000:factor=600*4420*94450	4199198563578243900
matching	jacobian	32	39	229570170000:factor=600*4051*94450	4199198563578243901
matching	jacobian	32	40	191544600000:factor=600*3380*94450	4199198563578243902
matching	jacobian	32	41	128924250000:factor=600*2275*94450	4199198563578243903
matching	jacobian	32	42	237288975000:factor=600*4675*84595	4199198563578243904
matching	jacobian	32	43	236527620000:factor=600*4660*84595	4199198563578243905
matching	jacobian	32	44	233228415000:factor=600*4595*84595	4199198563578243906
matching	jacobian	32	45	224345940000:factor=600*4420*84595	4199198563578243907
matching	jacobian	32	46	205616607000:factor=600*4051*84595	4199198563578243908
matching	jacobian	32	47	171558660000:factor=600*3380*84595	4199198563578243909
matching	jacobian	32	48	115472175000:factor=600*2275*84595	4199198563578243910
matching	jacobian	33	0	15095580984000:factor=480*4675*6727086	4199198563578243911
matching	jacobian	33	1	15047145964800:factor=480*4660*6727086	4199198563578243912
matching	jacobian	33	2	14837260881600:factor=480*4595*6727086	4199198563578243913
matching	jacobian	33	3	14272185657600:factor=480*4420*6727086	4199198563578243914
matching	jacobian	33	4	13080684185280:factor=480*4051*6727086	4199198563578243915
matching	jacobian	33	5	10914024326400:factor=480*3380*6727086	4199198563578243916
matching	jacobian	33	6	7345977912000:factor=480*2275*6727086	4199198563578243917
matching	jacobian	33	7	14511571008000:factor=480*4675*6466832	4199198563578243918
matching	jacobian	33	8	14465009817600:factor=480*4660*6466832	4199198563578243919
matching	jacobian	33	9	14263244659200:factor=480*4595*6466832	4199198563578243920
matching	jacobian	33	10	13720030771200:factor=480*4420*6466832	4199198563578243921
matching	jacobian	33	11	12574625487360:factor=480*4051*6466832	4199198563578243922
matching	jacobian	33	12	10491788236800:factor=480*3380*6466832	4199198563578243923
matching	jacobian	33	13	7061780544000:factor=480*2275*6466832	4199198563578243924
matching	jacobian	33	14	13825104480000:factor=480*4675*6160920	4199198563578243925
matching	jacobian	33	15	13780745856000:factor=480*4660*6160920	4199198563578243926
matching	jacobian	33	16	13588525152000:factor=480*4595*6160920	4199198563578243927
matching	jacobian	33	17	13071007872000:factor=480*4420*6160920	4199198563578243928
matching	jacobian	33	18	11979785721600:factor=480*4051*6160920	4199198563578243929
matching	jacobian	33	19	9995476608000:factor=480*3380*6160920	4199198563578243930
matching	jacobian	33	20	6727724640000:factor=480*2275*6160920	4199198563578243931
matching	jacobian	33	21	13021155576000:factor=480*4675*5802654	4199198563578243932
matching	jacobian	33	22	12979376467200:factor=480*4660*5802654	4199198563578243933
matching	jacobian	33	23	12798333662400:factor=480*4595*5802654	4199198563578243934
matching	jacobian	33	24	12310910726400:factor=480*4420*5802654	4199198563578243935
matching	jacobian	33	25	11283144649920:factor=480*4051*5802654	4199198563578243936
matching	jacobian	33	26	9414225849600:factor=480*3380*5802654	4199198563578243937
matching	jacobian	33	27	6336498168000:factor=480*2275*5802654	4199198563578243938
matching	jacobian	33	28	12085937160000:factor=480*4675*5385890	4199198563578243939
matching	jacobian	33	29	12047158752000:factor=480*4660*5385890	4199198563578243940
matching	jacobian	33	30	11879118984000:factor=480*4595*5385890	4199198563578243941
matching	jacobian	33	31	11426704224000:factor=480*4420*5385890	4199198563578243942
matching	jacobian	33	32	10472755387200:factor=480*4051*5385890	4199198563578243943
matching	jacobian	33	33	8738067936000:factor=480*3380*5385890	4199198563578243944
matching	jacobian	33	34	5881391880000:factor=480*2275*5385890	4199198563578243945
matching	jacobian	33	35	11007439344000:factor=480*4675*4905276	4199198563578243946
matching	jacobian	33	36	10972121356800:factor=480*4660*4905276	4199198563578243947
matching	jacobian	33	37	10819076745600:factor=480*4595*4905276	4199198563578243948
matching	jacobian	33	38	10407033561600:factor=480*4420*4905276	4199198563578243949
matching	jacobian	33	39	9538211076480:factor=480*4051*4905276	4199198563578243950
matching	jacobian	33	40	7958319782400:factor=480*3380*4905276	4199198563578243951
matching	jacobian	33	41	5356561392000:factor=480*2275*4905276	4199198563578243952
matching	jacobian	33	42	9775968048000:factor=480*4675*4356492	4199198563578243953
matching	jacobian	33	43	9744601305600:factor=480*4660*4356492	4199198563578243954
matching	jacobian	33	44	9608678755200:factor=480*4595*4356492	4199198563578243955
matching	jacobian	33	45	9242733427200:factor=480*4420*4356492	4199198563578243956
matching	jacobian	33	46	8471111564160:factor=480*4051*4356492	4199198563578243957
matching	jacobian	33	47	7067972620800:factor=480*3380*4356492	4199198563578243958
matching	jacobian	33	48	4757289264000:factor=480*2275*4356492	4199198563578243959
matching	jacobian	34	0	174571383096000:factor=480*4675*77794734	4199198563578243960
matching	jacobian	34	1	174011261011200:factor=480*4660*77794734	4199198563578243961
matching	jacobian	34	2	171584065310400:factor=480*4595*77794734	4199198563578243962
matching	jacobian	34	3	165049307654400:factor=480*4420*77794734	4199198563578243963
matching	jacobian	34	4	151270304368320:factor=480*4051*77794734	4199198563578243964
matching	jacobian	34	5	126214176441600:factor=480*3380*77794734	4199198563578243965
matching	jacobian	34	6	84951849528000:factor=480*2275*77794734	4199198563578243966
matching	jacobian	34	7	166247336904000:factor=480*4675*74085266	4199198563578243967
matching	jacobian	34	8	165713922988800:factor=480*4660*74085266	4199198563578243968
matching	jacobian	34	9	163402462689600:factor=480*4595*74085266	4199198563578243969
matching	jacobian	34	10	157179300345600:factor=480*4420*74085266	4199198563578243970
matching	jacobian	34	11	144057318031680:factor=480*4051*74085266	4199198563578243971
matching	jacobian	34	12	120195935558400:factor=480*3380*74085266	4199198563578243972
matching	jacobian	34	13	80901110472000:factor=480*2275*74085266	4199198563578243973
matching	jacobian	34	14	156353056200000:factor=480*4675*69676050	4199198563578243974
matching	jacobian	34	15	155851388640000:factor=480*4660*69676050	4199198563578243975
matching	jacobian	34	16	153677495880000:factor=480*4595*69676050	4199198563578243976
matching	jacobian	34	17	147824707680000:factor=480*4420*69676050	4199198563578243977
matching	jacobian	34	18	135483685704000:factor=480*4051*69676050	4199198563578243978
matching	jacobian	34	19	113042423520000:factor=480*3380*69676050	4199198563578243979
matching	jacobian	34	20	76086246600000:factor=480*2275*69676050	4199198563578243980
matching	jacobian	34	21	144906448104000:factor=480*4675*64575066	4199198563578243981
matching	jacobian	34	22	144441507628800:factor=480*4660*64575066	4199198563578243982
matching	jacobian	34	23	142426765569600:factor=480*4595*64575066	4199198563578243983
matching	jacobian	34	24	137002460025600:factor=480*4420*64575066	4199198563578243984
matching	jacobian	34	25	125564924335680:factor=480*4051*64575066	4199198563578243985
matching	jacobian	34	26	104766587078400:factor=480*3380*64575066	4199198563578243986
matching	jacobian	34	27	70515972072000:factor=480*2275*64575066	4199198563578243987
matching	jacobian	34	28	132040402296000:factor=480*4675*58841534	4199198563578243988
matching	jacobian	34	29	131616743251200:factor=480*4660*58841534	4199198563578243989
matching	jacobian	34	30	129780887390400:factor=480*4595*58841534	4199198563578243990
matching	jacobian	34	31	124838198534400:factor=480*4420*58841534	4199198563578243991
matching	jacobian	34	32	114416186032320:factor=480*4051*58841534	4199198563578243992
matching	jacobian	34	33	95464504761600:factor=480*3380*58841534	4199198563578243993
matching	jacobian	34	34	64254955128000:factor=480*2275*58841534	4199198563578243994
matching	jacobian	34	35	118036720296000:factor=480*4675*52601034	4199198563578243995
matching	jacobian	34	36	117657992851200:factor=480*4660*52601034	4199198563578243996
matching	jacobian	34	37	116016840590400:factor=480*4595*52601034	4199198563578243997
matching	jacobian	34	38	111598353734400:factor=480*4420*52601034	4199198563578243998
matching	jacobian	34	39	102281658592320:factor=480*4051*52601034	4199198563578243999
matching	jacobian	34	40	85339917561600:factor=480*3380*52601034	4199198563578244000
matching	jacobian	34	41	57440329128000:factor=480*2275*52601034	4199198563578244001
matching	jacobian	34	42	103363276104000:factor=480*4675*46062066	4199198563578244002
matching	jacobian	34	43	103031629228800:factor=480*4660*46062066	4199198563578244003
matching	jacobian	34	44	101594492769600:factor=480*4595*46062066	4199198563578244004
matching	jacobian	34	45	97725279225600:factor=480*4420*46062066	4199198563578244005
matching	jacobian	34	46	89566766095680:factor=480*4051*46062066	4199198563578244006
matching	jacobian	34	47	74731095878400:factor=480*3380*46062066	4199198563578244007
matching	jacobian	34	48	50299776072000:factor=480*2275*46062066	4199198563578244008
matching	jacobian	35	0	69996960:factor=720*97218*1	4199198563578244009
matching	jacobian	35	1	66372480:factor=720*92184*1	4199198563578244010
matching	jacobian	35	2	61999200:factor=720*86110*1	4199198563578244011
matching	jacobian	35	3	56229120:factor=720*78096*1	4199198563578244012
matching	jacobian	35	4	48448800:factor=720*67290*1	4199198563578244013
matching	jacobian	35	5	38252160:factor=720*53128*1	4199198563578244014
matching	jacobian	35	6	25613280:factor=720*35574*1	4199198563578244015
matching	jacobian	35	7	69996960:factor=720*97218*1	4199198563578244016
matching	jacobian	35	8	66372480:factor=720*92184*1	4199198563578244017
matching	jacobian	35	9	61999200:factor=720*86110*1	4199198563578244018
matching	jacobian	35	10	56229120:factor=720*78096*1	4199198563578244019
matching	jacobian	35	11	48448800:factor=720*67290*1	4199198563578244020
matching	jacobian	35	12	38252160:factor=720*53128*1	4199198563578244021
matching	jacobian	35	13	25613280:factor=720*35574*1	4199198563578244022
matching	jacobian	35	14	69996960:factor=720*97218*1	4199198563578244023
matching	jacobian	35	15	66372480:factor=720*92184*1	4199198563578244024
matching	jacobian	35	16	61999200:factor=720*86110*1	4199198563578244025
matching	jacobian	35	17	56229120:factor=720*78096*1	4199198563578244026
matching	jacobian	35	18	48448800:factor=720*67290*1	4199198563578244027
matching	jacobian	35	19	38252160:factor=720*53128*1	4199198563578244028
matching	jacobian	35	20	25613280:factor=720*35574*1	4199198563578244029
matching	jacobian	35	21	69996960:factor=720*97218*1	4199198563578244030
matching	jacobian	35	22	66372480:factor=720*92184*1	4199198563578244031
matching	jacobian	35	23	61999200:factor=720*86110*1	4199198563578244032
matching	jacobian	35	24	56229120:factor=720*78096*1	4199198563578244033
matching	jacobian	35	25	48448800:factor=720*67290*1	4199198563578244034
matching	jacobian	35	26	38252160:factor=720*53128*1	4199198563578244035
matching	jacobian	35	27	25613280:factor=720*35574*1	4199198563578244036
matching	jacobian	35	28	69996960:factor=720*97218*1	4199198563578244037
matching	jacobian	35	29	66372480:factor=720*92184*1	4199198563578244038
matching	jacobian	35	30	61999200:factor=720*86110*1	4199198563578244039
matching	jacobian	35	31	56229120:factor=720*78096*1	4199198563578244040
matching	jacobian	35	32	48448800:factor=720*67290*1	4199198563578244041
matching	jacobian	35	33	38252160:factor=720*53128*1	4199198563578244042
matching	jacobian	35	34	25613280:factor=720*35574*1	4199198563578244043
matching	jacobian	35	35	69996960:factor=720*97218*1	4199198563578244044
matching	jacobian	35	36	66372480:factor=720*92184*1	4199198563578244045
matching	jacobian	35	37	61999200:factor=720*86110*1	4199198563578244046
matching	jacobian	35	38	56229120:factor=720*78096*1	4199198563578244047
matching	jacobian	35	39	48448800:factor=720*67290*1	4199198563578244048
matching	jacobian	35	40	38252160:factor=720*53128*1	4199198563578244049
matching	jacobian	35	41	25613280:factor=720*35574*1	4199198563578244050
matching	jacobian	35	42	69996960:factor=720*97218*1	4199198563578244051
matching	jacobian	35	43	66372480:factor=720*92184*1	4199198563578244052
matching	jacobian	35	44	61999200:factor=720*86110*1	4199198563578244053
matching	jacobian	35	45	56229120:factor=720*78096*1	4199198563578244054
matching	jacobian	35	46	48448800:factor=720*67290*1	4199198563578244055
matching	jacobian	35	47	38252160:factor=720*53128*1	4199198563578244056
matching	jacobian	35	48	25613280:factor=720*35574*1	4199198563578244057
matching	jacobian	36	0	3219860160:factor=480*97218*69	4199198563578244058
matching	jacobian	36	1	3053134080:factor=480*92184*69	4199198563578244059
matching	jacobian	36	2	2851963200:factor=480*86110*69	4199198563578244060
matching	jacobian	36	3	2586539520:factor=480*78096*69	4199198563578244061
matching	jacobian	36	4	2228644800:factor=480*67290*69	4199198563578244062
matching	jacobian	36	5	1759599360:factor=480*53128*69	4199198563578244063
matching	jacobian	36	6	1178210880:factor=480*35574*69	4199198563578244064
matching	jacobian	36	7	3173195520:factor=480*97218*68	4199198563578244065
matching	jacobian	36	8	3008885760:factor=480*92184*68	4199198563578244066
matching	jacobian	36	9	2810630400:factor=480*86110*68	4199198563578244067
matching	jacobian	36	10	2549053440:factor=480*78096*68	4199198563578244068
matching	jacobian	36	11	2196345600:factor=480*67290*68	4199198563578244069
matching	jacobian	36	12	1734097920:factor=480*53128*68	4199198563578244070
matching	jacobian	36	13	1161135360:factor=480*35574*68	4199198563578244071
matching	jacobian	36	14	3126530880:factor=480*97218*67	4199198563578244072
matching	jacobian	36	15	2964637440:factor=480*92184*67	4199198563578244073
matching	jacobian	36	16	2769297600:factor=480*86110*67	4199198563578244074
matching	jacobian	36	17	2511567360:factor=480*78096*67	4199198563578244075
matching	jacobian	36	18	2164046400:factor=480*67290*67	4199198563578244076
matching	jacobian	36	19	1708596480:factor=480*53128*67	4199198563578244077
matching	jacobian	36	20	1144059840:factor=480*35574*67	4199198563578244078
matching	jacobian	36	21	3079866240:factor=480*97218*66	4199198563578244079
matching	jacobian	36	22	2920389120:factor=480*92184*66	4199198563578244080
matching	jacobian	36	23	2727964800:factor=480*86110*66	4199198563578244081
matching	jacobian	36	24	2474081280:factor=480*78096*66	4199198563578244082
matching	jacobian	36	25	2131747200:factor=480*67290*66	4199198563578244083
matching	jacobian	36	26	1683095040:factor=480*53128*66	4199198563578244084
matching	jacobian	36	27	1126984320:factor=480*35574*66	4199198563578244085
matching	jacobian	36	28	3033201600:factor=480*97218*65	4199198563578244086
matching	jacobian	36	29	2876140800:factor=480*92184*65	4199198563578244087
matching	jacobian	36	30	2686632000:factor=480*86110*65	4199198563578244088
matching	jacobian	36	31	2436595200:factor=480*78096*65	4199198563578244089
matching	jacobian	36	32	2099448000:factor=480*67290*65	4199198563578244090
matching	jacobian	36	33	1657593600:factor=480*53128*65	4199198563578244091
matching	jacobian	36	34	1109908800:factor=480*35574*65	4199198563578244092
matching	jacobian	36	35	2986536960:factor=480*97218*64	4199198563578244093
matching	jacobian	36	36	2831892480:factor=480*92184*64	4199198563578244094
matching	jacobian	36	37	2645299200:factor=480*86110*64	4199198563578244095
matching	jacobian	36	38	2399109120:factor=480*78096*64	4199198563578244096
matching	jacobian	36	39	2067148800:factor=480*67290*64	4199198563578244097
matching	jacobian	36	40	1632092160:factor=480*53128*64	4199198563578244098
matching	jacobian	36	41	1092833280:factor=480*35574*64	4199198563578244099
matching	jacobian	36	42	2939872320:factor=480*97218*63	4199198563578244100
matching	jacobian	36	43	2787644160:factor=480*92184*63	4199198563578244101
matching	jacobian	36	44	2603966400:factor=480*86110*63	4199198563578244102
matching	jacobian	36	45	2361623040:factor=480*78096*63	4199198563578244103
matching	jacobian	36	46	2034849600:factor=480*67290*63	4199198563578244104
matching	jacobian	36	47	1606590720:factor=480*53128*63	4199198563578244105
matching	jacobian	36	48	1075757760:factor=480*35574*63	4199198563578244106
matching	jacobian	37	0	37845023040:factor=480*97218*811	4199198563578244107
matching	jacobian	37	1	35885387520:factor=480*92184*811	4199198563578244108
matching	jacobian	37	2	33520900800:factor=480*86110*811	4199198563578244109
matching	jacobian	37	3	30401210880:factor=480*78096*811	4199198563578244110
matching	jacobian	37	4	26194651200:factor=480*67290*811	4199198563578244111
matching	jacobian	37	5	20681667840:factor=480*53128*811	4199198563578244112
matching	jacobian	37	6	13848246720:factor=480*35574*811	4199198563578244113
matching	jacobian	37	7	37051724160:factor=480*97218*794	4199198563578244114
matching	jacobian	37	8	35133166080:factor=480*92184*794	4199198563578244115
matching	jacobian	37	9	32818243200:factor=480*86110*794	4199198563578244116
matching	jacobian	37	10	29763947520:factor=480*78096*794	4199198563578244117
matching	jacobian	37	11	25645564800:factor=480*67290*794	4199198563578244118
matching	jacobian	37	12	20248143360:factor=480*53128*794	4199198563578244119
matching	jacobian	37	13	13557962880:factor=480*35574*794	4199198563578244120
matching	jacobian	37	14	36165096000:factor=480*97218*775	4199198563578244121
matching	jacobian	37	15	34292448000:factor=480*92184*775	4199198563578244122
matching	jacobian	37	16	32032920000:factor=480*86110*775	4199198563578244123
matching	jacobian	37	17	29051712000:factor=480*78096*775	4199198563578244124
matching	jacobian	37	18	25031880000:factor=480*67290*775	4199198563578244125
matching	jacobian	37	19	19763616000:factor=480*53128*775	4199198563578244126
matching	jacobian	37	20	13233528000:factor=480*35574*775	4199198563578244127
matching	jacobian	37	21	35185138560:factor=480*97218*754	4199198563578244128
matching	jacobian	37	22	33363233280:factor=480*92184*754	4199198563578244129
matching	jacobian	37	23	31164931200:factor=480*86110*754	4199198563578244130
matching	jacobian	37	24	28264504320:factor=480*78096*754	4199198563578244131
matching	jacobian	37	25	24353596800:factor=480*67290*754	4199198563578244132
matching	jacobian	37	26	19228085760:factor=480*53128*754	4199198563578244133
matching	jacobian	37	27	12874942080:factor=480*35574*754	4199198563578244134
matching	jacobian	37	28	34111851840:factor=480*97218*731	4199198563578244135
matching	jacobian	37	29	32345521920:factor=480*92184*731	4199198563578244136
matching	jacobian	37	30	30214276800:factor=480*86110*731	4199198563578244137
matching	jacobian	37	31	27402324480:factor=480*78096*731	4199198563578244138
matching	jacobian	37	32	23610715200:factor=480*67290*731	4199198563578244139
matching	jacobian	37	33	18641552640:factor=480*53128*731	4199198563578244140
matching	jacobian	37	34	12482205120:factor=480*35574*731	4199198563578244141
matching	jacobian	37	35	32945235840:factor=480*97218*706	4199198563578244142
matching	jacobian	37	36	31239313920:factor=480*92184*706	4199198563578244143
matching	jacobian	37	37	29180956800:factor=480*86110*706	4199198563578244144
matching	jacobian	37	38	26465172480:factor=480*78096*706	4199198563578244145
matching	jacobian	37	39	22803235200:factor=480*67290*706	4199198563578244146
matching	jacobian	37	40	18004016640:factor=480*53128*706	4199198563578244147
matching	jacobian	37	41	12055317120:factor=480*35574*706	4199198563578244148
matching	jacobian	37	42	31685290560:factor=480*97218*679	4199198563578244149
matching	jacobian	37	43	30044609280:factor=480*92184*679	4199198563578244150
matching	jacobian	37	44	28064971200:factor=480*86110*679	4199198563578244151
matching	jacobian	37	45	25453048320:factor=480*78096*679	4199198563578244152
matching	jacobian	37	46	21931156800:factor=480*67290*679	4199198563578244153
matching	jacobian	37	47	17315477760:factor=480*53128*679	4199198563578244154
matching	jacobian	37	48	11594278080:factor=480*35574*679	4199198563578244155
matching	jacobian	38	0	1294383784320:factor=288*97218*46230	4199198563578244156
matching	jacobian	38	1	1227359900160:factor=288*92184*46230	4199198563578244157
matching	jacobian	38	2	1146489206400:factor=288*86110*46230	4199198563578244158
matching	jacobian	38	3	1039788887040:factor=288*78096*46230	4199198563578244159
matching	jacobian	38	4	895915209600:factor=288*67290*46230	4199198563578244160
matching	jacobian	38	5	707358942720:factor=288*53128*46230	4199198563578244161
matching	jacobian	38	6	473640773760:factor=288*35574*46230	4199198563578244162
matching	jacobian	38	7	1245385912320:factor=288*97218*44480	4199198563578244163
matching	jacobian	38	8	1180899164160:factor=288*92184*44480	4199198563578244164
matching	jacobian	38	9	1103089766400:factor=288*86110*44480	4199198563578244165
matching	jacobian	38	10	1000428503040:factor=288*78096*44480	4199198563578244166
matching	jacobian	38	11	862001049600:factor=288*67290*44480	4199198563578244167
matching	jacobian	38	12	680582430720:factor=288*53128*44480	4199198563578244168
matching	jacobian	38	13	455711477760:factor=288*35574*44480	4199198563578244169
matching	jacobian	38	14	1195100096256:factor=288*97218*42684	4199198563578244170
matching	jacobian	38	15	1133217174528:factor=288*92184*42684	4199198563578244171
matching	jacobian	38	16	1058549541120:factor=288*86110*42684	4199198563578244172
matching	jacobian	38	17	960033503232:factor=288*78096*42684	4199198563578244173
matching	jacobian	38	18	827195431680:factor=288*67290*42684	4199198563578244174
matching	jacobian	38	19	653102078976:factor=288*53128*42684	4199198563578244175
matching	jacobian	38	20	437310897408:factor=288*35574*42684	4199198563578244176
matching	jacobian	38	21	1143862321536:factor=288*97218*40854	4199198563578244177
matching	jacobian	38	22	1084632519168:factor=288*92184*40854	4199198563578244178
matching	jacobian	38	23	1013166126720:factor=288*86110*40854	4199198563578244179
matching	jacobian	38	24	918873787392:factor=288*78096*40854	4199198563578244180
matching	jacobian	38	25	791730910080:factor=288*67290*40854	4199198563578244181
matching	jacobian	38	26	625101497856:factor=288*53128*40854	4199198563578244182
matching	jacobian	38	27	418561976448:factor=288*35574*40854	4199198563578244183
matching	jacobian	38	28	1092008573568:factor=288*97218*39002	4199198563578244184
matching	jacobian	38	29	1035463785984:factor=288*92184*39002	4199198563578244185
matching	jacobian	38	30	967237119360:factor=288*86110*39002	4199198563578244186
matching	jacobian	38	31	877219255296:factor=288*78096*39002	4199198563578244187
matching	jacobian	38	32	755840039040:factor=288*67290*39002	4199198563578244188
matching	jacobian	38	33	596764297728:factor=288*53128*39002	4199198563578244189
matching	jacobian	38	34	399587658624:factor=288*35574*39002	4199198563578244190
matching	jacobian	38	35	1039874837760:factor=288*97218*37140	4199198563578244191
matching	jacobian	38	36	986029562880:factor=288*92184*37140	4199198563578244192
matching	jacobian	38	37	921060115200:factor=288*86110*37140	4199198563578244193
matching	jacobian	38	38	835339806720:factor=288*78096*37140	4199198563578244194
matching	jacobian	38	39	719755372800:factor=288*67290*37140	4199198563578244195
matching	jacobian	38	40	568274088960:factor=288*53128*37140	4199198563578244196
matching	jacobian	38	41	380510887680:factor=288*35574*37140	4199198563578244197
matching	jacobian	38	42	987797099520:factor=288*97218*35280	4199198563578244198
matching	jacobian	38	43	936648437760:factor=288*92184*35280	4199198563578244199
matching	jacobian	38	44	874932710400:factor=288*86110*35280	4199198563578244200
matching	jacobian	38	45	793505341440:factor=288*78096*35280	4199198563578244201
matching	jacobian	38	46	683709465600:factor=288*67290*35280	4199198563578244202
matching	jacobian	38	47	539814481920:factor=288*53128*35280	4199198563578244203
matching	jacobian	38	48	361454607360:factor=288*35574*35280	4199198563578244204
matching	jacobian	39	0	5549125665600:factor=480*97218*118915	4199198563578244205
matching	jacobian	39	1	5261788972800:factor=480*92184*118915	4199198563578244206
matching	jacobian	39	2	4915089912000:factor=480*86110*118915	4199198563578244207
matching	jacobian	39	3	4457657203200:factor=480*78096*118915	4199198563578244208
matching	jacobian	39	4	3840859368000:factor=480*67290*118915	4199198563578244209
matching	jacobian	39	5	3032503737600:factor=480*53128*118915	4199198563578244210
matching	jacobian	39	6	2030535460800:factor=480*35574*118915	4199198563578244211
matching	jacobian	39	7	5434097328000:factor=480*97218*116450	4199198563578244212
matching	jacobian	39	8	5152716864000:factor=480*92184*116450	4199198563578244213
matching	jacobian	39	9	4813204560000:factor=480*86110*116450	4199198563578244214
matching	jacobian	39	10	4365254016000:factor=480*78096*116450	4199198563578244215
matching	jacobian	39	11	3761241840000:factor=480*67290*116450	4199198563578244216
matching	jacobian	39	12	2969642688000:factor=480*53128*116450	4199198563578244217
matching	jacobian	39	13	1988444304000:factor=480*35574*116450	4199198563578244218
matching	jacobian	39	14	5273617631040:factor=480*97218*113011	4199198563578244219
matching	jacobian	39	15	5000546891520:factor=480*92184*113011	4199198563578244220
matching	jacobian	39	16	4671061060800:factor=480*86110*113011	4199198563578244221
matching	jacobian	39	17	4236339386880:factor=480*78096*113011	4199198563578244222
matching	jacobian	39	18	3650164891200:factor=480*67290*113011	4199198563578244223
matching	jacobian	39	19	2881943235840:factor=480*53128*113011	4199198563578244224
matching	jacobian	39	20	1929721590720:factor=480*35574*113011	4199198563578244225
matching	jacobian	39	21	5057047036800:factor=480*97218*108370	4199198563578244226
matching	jacobian	39	22	4795190438400:factor=480*92184*108370	4199198563578244227
matching	jacobian	39	23	4479235536000:factor=480*86110*108370	4199198563578244228
matching	jacobian	39	24	4062366489600:factor=480*78096*108370	4199198563578244229
matching	jacobian	39	25	3500264304000:factor=480*67290*108370	4199198563578244230
matching	jacobian	39	26	2763591052800:factor=480*53128*108370	4199198563578244231
matching	jacobian	39	27	1850474102400:factor=480*35574*108370	4199198563578244232
matching	jacobian	39	28	4772626056000:factor=480*97218*102275	4199198563578244233
matching	jacobian	39	29	4525496928000:factor=480*92184*102275	4199198563578244234
matching	jacobian	39	30	4227312120000:factor=480*86110*102275	4199198563578244235
matching	jacobian	39	31	3833888832000:factor=480*78096*102275	4199198563578244236
matching	jacobian	39	32	3303400680000:factor=480*67290*102275	4199198563578244237
matching	jacobian	39	33	2608159776000:factor=480*53128*102275	4199198563578244238
matching	jacobian	39	34	1746398808000:factor=480*35574*102275	4199198563578244239
matching	jacobian	39	35	4407475248000:factor=480*97218*94450	4199198563578244240
matching	jacobian	39	36	4179253824000:factor=480*92184*94450	4199198563578244241
matching	jacobian	39	37	3903882960000:factor=480*86110*94450	4199198563578244242
matching	jacobian	39	38	3540560256000:factor=480*78096*94450	4199198563578244243
matching	jacobian	39	39	3050659440000:factor=480*67290*94450	4199198563578244244
matching	jacobian	39	40	2408611008000:factor=480*53128*94450	4199198563578244245
matching	jacobian	39	41	1612782864000:factor=480*35574*94450	4199198563578244246
matching	jacobian	39	42	3947595220800:factor=480*97218*84595	4199198563578244247
matching	jacobian	39	43	3743186630400:factor=480*92184*84595	4199198563578244248
matching	jacobian	39	44	3496548216000:factor=480*86110*84595	4199198563578244249
matching	jacobian	39	45	3171134937600:factor=480*78096*84595	4199198563578244250
matching	jacobian	39	46	2732350824000:factor=480*67290*84595	4199198563578244251
matching	jacobian	39	47	2157294316800:factor=480*53128*84595	4199198563578244252
matching	jacobian	39	48	1444503614400:factor=480*35574*84595	4199198563578244253
matching	jacobian	40	0	188350227863424:factor=288*97218*6727086	4199198563578244254
matching	jacobian	40	1	178597352397312:factor=288*92184*6727086	4199198563578244255
matching	jacobian	40	2	166829580132480:factor=288*86110*6727086	4199198563578244256
matching	jacobian	40	3	151303250377728:factor=288*78096*6727086	4199198563578244257
matching	jacobian	40	4	130367697678720:factor=288*67290*6727086	4199198563578244258
matching	jacobian	40	5	102930228002304:factor=288*53128*6727086	4199198563578244259
matching	jacobian	40	6	68921094920832:factor=288*35574*6727086	4199198563578244260
matching	jacobian	40	7	181063432332288:factor=288*97218*6466832	4199198563578244261
matching	jacobian	40	8	171687871033344:factor=288*92184*6466832	4199198563578244262
matching	jacobian	40	9	160375364213760:factor=288*86110*6466832	4199198563578244263
matching	jacobian	40	10	145449709019136:factor=288*78096*6466832	4199198563578244264
matching	jacobian	40	11	125324100080640:factor=288*67290*6466832	4199198563578244265
matching	jacobian	40	12	98948116942848:factor=288*53128*6466832	4199198563578244266
matching	jacobian	40	13	66254711491584:factor=288*35574*6466832	4199198563578244267
matching	jacobian	40	14	172498268321280:factor=288*97218*6160920	4199198563578244268
matching	jacobian	40	15	163566215792640:factor=288*92184*6160920	4199198563578244269
matching	jacobian	40	16	152788844505600:factor=288*86110*6160920	4199198563578244270
matching	jacobian	40	17	138569243996160:factor=288*78096*6160920	4199198563578244271
matching	jacobian	40	18	119395672358400:factor=288*67290*6160920	4199198563578244272
matching	jacobian	40	19	94267399034880:factor=288*53128*6160920	4199198563578244273
matching	jacobian	40	20	63120547607040:factor=288*35574*6160920	4199198563578244274
matching	jacobian	40	21	162467255972736:factor=288*97218*5802654	4199198563578244275
matching	jacobian	40	22	154054614624768:factor=288*92184*5802654	4199198563578244276
matching	jacobian	40	23	143903962350720:factor=288*86110*5802654	4199198563578244277
matching	jacobian	40	24	130511251233792:factor=288*78096*5802654	4199198563578244278
matching	jacobian	40	25	112452649246080:factor=288*67290*5802654	4199198563578244279
matching	jacobian	40	26	88785619693056:factor=288*53128*5802654	4199198563578244280
matching	jacobian	40	27	59450000658048:factor=288*35574*5802654	4199198563578244281
matching	jacobian	40	28	150798370757760:factor=288*97218*5385890	4199198563578244282
matching	jacobian	40	29	142989950522880:factor=288*92184*5385890	4199198563578244283
matching	jacobian	40	30	133568348515200:factor=288*86110*5385890	4199198563578244284
matching	jacobian	40	31	121137542046720:factor=288*78096*5385890	4199198563578244285
matching	jacobian	40	32	104375962972800:factor=288*67290*5385890	4199198563578244286
matching	jacobian	40	33	82408770408960:factor=288*53128*5385890	4199198563578244287
matching	jacobian	40	34	55180123447680:factor=288*35574*5385890	4199198563578244288
matching	jacobian	40	35	137341763184384:factor=288*97218*4905276	4199198563578244289
matching	jacobian	40	36	130230133281792:factor=288*92184*4905276	4199198563578244290
matching	jacobian	40	37	121649275111680:factor=288*86110*4905276	4199198563578244291
matching	jacobian	40	38	110327741134848:factor=288*78096*4905276	4199198563578244292
matching	jacobian	40	39	95061894347520:factor=288*67290*4905276	4199198563578244293
matching	jacobian	40	40	75054960958464:factor=288*53128*4905276	4199198563578244294
matching	jacobian	40	41	50256083066112:factor=288*35574*4905276	4199198563578244295
matching	jacobian	40	42	121976478505728:factor=288*97218*4356492	4199198563578244296
matching	jacobian	40	43	115660471256064:factor=288*92184*4356492	4199198563578244297
matching	jacobian	40	44	108039607522560:factor=288*86110*4356492	4199198563578244298
matching	jacobian	40	45	97984684578816:factor=288*78096*4356492	4199198563578244299
matching	jacobian	40	46	84426723843840:factor=288*67290*4356492	4199198563578244300
matching	jacobian	40	47	66658091609088:factor=288*53128*4356492	4199198563578244301
matching	jacobian	40	48	44633619765504:factor=288*35574*4356492	4199198563578244302
matching	jacobian	41	0	2178157953603456:factor=288*97218*77794734	4199198563578244303
matching	jacobian	41	1	2065371770608128:factor=288*92184*77794734	4199198563578244304
matching	jacobian	41	2	1929284508885120:factor=288*86110*77794734	4199198563578244305
matching	jacobian	41	3	1749731773381632:factor=288*78096*77794734	4199198563578244306
matching	jacobian	41	4	1507624603447680:factor=288*67290*77794734	4199198563578244307
matching	jacobian	41	5	1190326644850176:factor=288*53128*77794734	4199198563578244308
matching	jacobian	41	6	797031321787008:factor=288*35574*77794734	4199198563578244309
matching	jacobian	41	7	2074297360316544:factor=288*97218*74085266	4199198563578244310
matching	jacobian	41	8	1966889134351872:factor=288*92184*74085266	4199198563578244311
matching	jacobian	41	9	1837290889514880:factor=288*86110*74085266	4199198563578244312
matching	jacobian	41	10	1666299724858368:factor=288*78096*74085266	4199198563578244313
matching	jacobian	41	11	1435736894152320:factor=288*67290*74085266	4199198563578244314
matching	jacobian	41	12	1133568579469824:factor=288*53128*74085266	4199198563578244315
matching	jacobian	41	13	759026664772992:factor=288*35574*74085266	4199198563578244316
matching	jacobian	41	14	1950844673923200:factor=288*97218*69676050	4199198563578244317
matching	jacobian	41	15	1849828894041600:factor=288*92184*69676050	4199198563578244318
matching	jacobian	41	16	1727943743664000:factor=288*86110*69676050	4199198563578244319
matching	jacobian	41	17	1567129190630400:factor=288*78096*69676050	4199198563578244320
matching	jacobian	41	18	1350288404496000:factor=288*67290*69676050	4199198563578244321
matching	jacobian	41	19	1066103765107200:factor=288*53128*69676050	4199198563578244322
matching	jacobian	41	20	713852871177600:factor=288*35574*69676050	4199198563578244323
matching	jacobian	41	21	1808023324719744:factor=288*97218*64575066	4199198563578244324
matching	jacobian	41	22	1714402910633472:factor=288*92184*64575066	4199198563578244325
matching	jacobian	41	23	1601440972778880:factor=288*86110*64575066	4199198563578244326
matching	jacobian	41	24	1452399654048768:factor=288*78096*64575066	4199198563578244327
matching	jacobian	41	25	1251433783048320:factor=288*67290*64575066	4199198563578244328
matching	jacobian	41	26	988054302657024:factor=288*53128*64575066	4199198563578244329
matching	jacobian	41	27	661591698590592:factor=288*35574*64575066	4199198563578244330
matching	jacobian	41	28	1647491400694656:factor=288*97218*58841534	4199198563578244331
matching	jacobian	41	29	1562183415433728:factor=288*92184*58841534	4199198563578244332
matching	jacobian	41	30	1459251213909120:factor=288*86110*58841534	4199198563578244333
matching	jacobian	41	31	1323443070508032:factor=288*78096*58841534	4199198563578244334
matching	jacobian	41	32	1140320684983680:factor=288*67290*58841534	4199198563578244335
matching	jacobian	41	33	900326309285376:factor=288*53128*58841534	4199198563578244336
matching	jacobian	41	34	602849874388608:factor=288*35574*58841534	4199198563578244337
matching	jacobian	41	35	1472764989142656:factor=288*97218*52601034	4199198563578244338
matching	jacobian	41	36	1396504430857728:factor=288*92184*52601034	4199198563578244339
matching	jacobian	41	37	1304488810869120:factor=288*86110*52601034	4199198563578244340
matching	jacobian	41	38	1183083941164032:factor=288*78096*52601034	4199198563578244341
matching	jacobian	41	39	1019382790423680:factor=288*67290*52601034	4199198563578244342
matching	jacobian	41	40	804841267493376:factor=288*53128*52601034	4199198563578244343
matching	jacobian	41	41	538914004852608:factor=288*35574*52601034	4199198563578244344
matching	jacobian	41	42	1289681836527744:factor=288*97218*46062066	4199198563578244345
matching	jacobian	41	43	1222901421737472:factor=288*92184*46062066	4199198563578244346
matching	jacobian	41	44	1142324496938880:factor=288*86110*46062066	4199198563578244347
matching	jacobian	41	45	1036011774624768:factor=288*78096*46062066	4199198563578244348
matching	jacobian	41	46	892660729288320:factor=288*67290*46062066	4199198563578244349
matching	jacobian	41	47	704789407425024:factor=288*53128*46062066	4199198563578244350
matching	jacobian	41	48	471920237534592:factor=288*35574*46062066	4199198563578244351
matching	jacobian	42	0	334804320:factor=720*465006*1	4199198563578244352
matching	jacobian	42	1	323282880:factor=720*449004*1	4199198563578244353
matching	jacobian	42	2	300854880:factor=720*417854*1	4199198563578244354
matching	jacobian	42	3	264496320:factor=720*367356*1	4199198563578244355
matching	jacobian	42	4	213602400:factor=720*296670*1	4199198563578244356
matching	jacobian	42	5	153616320:factor=720*213356*1	4199198563578244357
matching	jacobian	42	6	100694880:factor=720*139854*1	4199198563578244358
matching	jacobian	42	7	334804320:factor=720*465006*1	4199198563578244359
matching	jacobian	42	8	323282880:factor=720*449004*1	4199198563578244360
matching	jacobian	42	9	300854880:factor=720*417854*1	4199198563578244361
matching	jacobian	42	10	264496320:factor=720*367356*1	4199198563578244362
matching	jacobian	42	11	213602400:factor=720*296670*1	4199198563578244363
matching	jacobian	42	12	153616320:factor=720*213356*1	4199198563578244364
matching	jacobian	42	13	100694880:factor=720*139854*1	4199198563578244365
matching	jacobian	42	14	334804320:factor=720*465006*1	4199198563578244366
matching	jacobian	42	15	323282880:factor=720*449004*1	4199198563578244367
matching	jacobian	42	16	300854880:factor=720*417854*1	4199198563578244368
matching	jacobian	42	17	264496320:factor=720*367356*1	4199198563578244369
matching	jacobian	42	18	213602400:factor=720*296670*1	4199198563578244370
matching	jacobian	42	19	153616320:factor=720*213356*1	4199198563578244371
matching	jacobian	42	20	100694880:factor=720*139854*1	4199198563578244372
matching	jacobian	42	21	334804320:factor=720*465006*1	4199198563578244373
matching	jacobian	42	22	323282880:factor=720*449004*1	4199198563578244374
matching	jacobian	42	23	300854880:factor=720*417854*1	4199198563578244375
matching	jacobian	42	24	264496320:factor=720*367356*1	4199198563578244376
matching	jacobian	42	25	213602400:factor=720*296670*1	4199198563578244377
matching	jacobian	42	26	153616320:factor=720*213356*1	4199198563578244378
matching	jacobian	42	27	100694880:factor=720*139854*1	4199198563578244379
matching	jacobian	42	28	334804320:factor=720*465006*1	4199198563578244380
matching	jacobian	42	29	323282880:factor=720*449004*1	4199198563578244381
matching	jacobian	42	30	300854880:factor=720*417854*1	4199198563578244382
matching	jacobian	42	31	264496320:factor=720*367356*1	4199198563578244383
matching	jacobian	42	32	213602400:factor=720*296670*1	4199198563578244384
matching	jacobian	42	33	153616320:factor=720*213356*1	4199198563578244385
matching	jacobian	42	34	100694880:factor=720*139854*1	4199198563578244386
matching	jacobian	42	35	334804320:factor=720*465006*1	4199198563578244387
matching	jacobian	42	36	323282880:factor=720*449004*1	4199198563578244388
matching	jacobian	42	37	300854880:factor=720*417854*1	4199198563578244389
matching	jacobian	42	38	264496320:factor=720*367356*1	4199198563578244390
matching	jacobian	42	39	213602400:factor=720*296670*1	4199198563578244391
matching	jacobian	42	40	153616320:factor=720*213356*1	4199198563578244392
matching	jacobian	42	41	100694880:factor=720*139854*1	4199198563578244393
matching	jacobian	42	42	334804320:factor=720*465006*1	4199198563578244394
matching	jacobian	42	43	323282880:factor=720*449004*1	4199198563578244395
matching	jacobian	42	44	300854880:factor=720*417854*1	4199198563578244396
matching	jacobian	42	45	264496320:factor=720*367356*1	4199198563578244397
matching	jacobian	42	46	213602400:factor=720*296670*1	4199198563578244398
matching	jacobian	42	47	153616320:factor=720*213356*1	4199198563578244399
matching	jacobian	42	48	100694880:factor=720*139854*1	4199198563578244400
matching	jacobian	43	0	15400998720:factor=480*465006*69	4199198563578244401
matching	jacobian	43	1	14871012480:factor=480*449004*69	4199198563578244402
matching	jacobian	43	2	13839324480:factor=480*417854*69	4199198563578244403
matching	jacobian	43	3	12166830720:factor=480*367356*69	4199198563578244404
matching	jacobian	43	4	9825710400:factor=480*296670*69	4199198563578244405
matching	jacobian	43	5	7066350720:factor=480*213356*69	4199198563578244406
matching	jacobian	43	6	4631964480:factor=480*139854*69	4199198563578244407
matching	jacobian	43	7	15177795840:factor=480*465006*68	4199198563578244408
matching	jacobian	43	8	14655490560:factor=480*449004*68	4199198563578244409
matching	jacobian	43	9	13638754560:factor=480*417854*68	4199198563578244410
matching	jacobian	43	10	11990499840:factor=480*367356*68	4199198563578244411
matching	jacobian	43	11	9683308800:factor=480*296670*68	4199198563578244412
matching	jacobian	43	12	6963939840:factor=480*213356*68	4199198563578244413
matching	jacobian	43	13	4564834560:factor=480*139854*68	4199198563578244414
matching	jacobian	43	14	14954592960:factor=480*465006*67	4199198563578244415
matching	jacobian	43	15	14439968640:factor=480*449004*67	4199198563578244416
matching	jacobian	43	16	13438184640:factor=480*417854*67	4199198563578244417
matching	jacobian	43	17	11814168960:factor=480*367356*67	4199198563578244418
matching	jacobian	43	18	9540907200:factor=480*296670*67	4199198563578244419
matching	jacobian	43	19	6861528960:factor=480*213356*67	4199198563578244420
matching	jacobian	43	20	4497704640:factor=480*139854*67	4199198563578244421
matching	jacobian	43	21	14731390080:factor=480*465006*66	4199198563578244422
matching	jacobian	43	22	14224446720:factor=480*449004*66	4199198563578244423
matching	jacobian	43	23	13237614720:factor=480*417854*66	4199198563578244424
matching	jacobian	43	24	11637838080:factor=480*367356*66	4199198563578244425
matching	jacobian	43	25	9398505600:factor=480*296670*66	4199198563578244426
matching	jacobian	43	26	6759118080:factor=480*213356*66	4199198563578244427
matching	jacobian	43	27	4430574720:factor=480*139854*66	4199198563578244428
matching	jacobian	43	28	14508187200:factor=480*465006*65	4199198563578244429
matching	jacobian	43	29	14008924800:factor=480*449004*65	4199198563578244430
matching	jacobian	43	30	13037044800:factor=480*417854*65	4199198563578244431
matching	jacobian	43	31	11461507200:factor=480*367356*65	4199198563578244432
matching	jacobian	43	32	9256104000:factor=480*296670*65	4199198563578244433
matching	jacobian	43	33	6656707200:factor=480*213356*65	4199198563578244434
matching	jacobian	43	34	4363444800:factor=480*139854*65	4199198563578244435
matching	jacobian	43	35	14284984320:factor=480*465006*64	4199198563578244436
matching	jacobian	43	36	13793402880:factor=480*449004*64	4199198563578244437
matching	jacobian	43	37	12836474880:factor=480*417854*64	4199198563578244438
matching	jacobian	43	38	11285176320:factor=480*367356*64	4199198563578244439
matching	jacobian	43	39	9113702400:factor=480*296670*64	4199198563578244440
matching	jacobian	43	40	6554296320:factor=480*213356*64	4199198563578244441
matching	jacobian	43	41	4296314880:factor=480*139854*64	4199198563578244442
matching	jacobian	43	42	14061781440:factor=480*465006*63	4199198563578244443
matching	jacobian	43	43	13577880960:factor=480*449004*63	4199198563578244444
matching	jacobian	43	44	12635904960:factor=480*417854*63	4199198563578244445
matching	jacobian	43	45	11108845440:factor=480*367356*63	4199198563578244446
matching	jacobian	43	46	8971300800:factor=480*296670*63	4199198563578244447
matching	jacobian	43	47	6451885440:factor=480*213356*63	4199198563578244448
matching	jacobian	43	48	4229184960:factor=480*139854*63	4199198563578244449
matching	jacobian	44	0	181017535680:factor=480*465006*811	4199198563578244450
matching	jacobian	44	1	174788277120:factor=480*449004*811	4199198563578244451
matching	jacobian	44	2	162662205120:factor=480*417854*811	4199198563578244452
matching	jacobian	44	3	143004343680:factor=480*367356*811	4199198563578244453
matching	jacobian	44	4	115487697600:factor=480*296670*811	4199198563578244454
matching	jacobian	44	5	83055223680:factor=480*213356*811	4199198563578244455
matching	jacobian	44	6	54442365120:factor=480*139854*811	4199198563578244456
matching	jacobian	44	7	177223086720:factor=480*465006*794	4199198563578244457
matching	jacobian	44	8	171124404480:factor=480*449004*794	4199198563578244458
matching	jacobian	44	9	159252516480:factor=480*417854*794	4199198563578244459
matching	jacobian	44	10	140006718720:factor=480*367356*794	4199198563578244460
matching	jacobian	44	11	113066870400:factor=480*296670*794	4199198563578244461
matching	jacobian	44	12	81314238720:factor=480*213356*794	4199198563578244462
matching	jacobian	44	13	53301156480:factor=480*139854*794	4199198563578244463
matching	jacobian	44	14	172982232000:factor=480*465006*775	4199198563578244464
matching	jacobian	44	15	167029488000:factor=480*449004*775	4199198563578244465
matching	jacobian	44	16	155441688000:factor=480*417854*775	4199198563578244466
matching	jacobian	44	17	136656432000:factor=480*367356*775	4199198563578244467
matching	jacobian	44	18	110361240000:factor=480*296670*775	4199198563578244468
matching	jacobian	44	19	79368432000:factor=480*213356*775	4199198563578244469
matching	jacobian	44	20	52025688000:factor=480*139854*775	4199198563578244470
matching	jacobian	44	21	168294971520:factor=480*465006*754	4199198563578244471
matching	jacobian	44	22	162503527680:factor=480*449004*754	4199198563578244472
matching	jacobian	44	23	151229719680:factor=480*417854*754	4199198563578244473
matching	jacobian	44	24	132953483520:factor=480*367356*754	4199198563578244474
matching	jacobian	44	25	107370806400:factor=480*296670*754	4199198563578244475
matching	jacobian	44	26	77217803520:factor=480*213356*754	4199198563578244476
matching	jacobian	44	27	50615959680:factor=480*139854*754	4199198563578244477
matching	jacobian	44	28	163161305280:factor=480*465006*731	4199198563578244478
matching	jacobian	44	29	157546523520:factor=480*449004*731	4199198563578244479
matching	jacobian	44	30	146616611520:factor=480*417854*731	4199198563578244480
matching	jacobian	44	31	128897873280:factor=480*367356*731	4199198563578244481
matching	jacobian	44	32	104095569600:factor=480*296670*731	4199198563578244482
matching	jacobian	44	33	74862353280:factor=480*213356*731	4199198563578244483
matching	jacobian	44	34	49071971520:factor=480*139854*731	4199198563578244484
matching	jacobian	44	35	157581233280:factor=480*465006*706	4199198563578244485
matching	jacobian	44	36	152158475520:factor=480*449004*706	4199198563578244486
matching	jacobian	44	37	141602363520:factor=480*417854*706	4199198563578244487
matching	jacobian	44	38	124489601280:factor=480*367356*706	4199198563578244488
matching	jacobian	44	39	100535529600:factor=480*296670*706	4199198563578244489
matching	jacobian	44	40	72302081280:factor=480*213356*706	4199198563578244490
matching	jacobian	44	41	47393723520:factor=480*139854*706	4199198563578244491
matching	jacobian	44	42	151554755520:factor=480*465006*679	4199198563578244492
matching	jacobian	44	43	146339383680:factor=480*449004*679	4199198563578244493
matching	jacobian	44	44	136186975680:factor=480*417854*679	4199198563578244494
matching	jacobian	44	45	119728667520:factor=480*367356*679	4199198563578244495
matching	jacobian	44	46	96690686400:factor=480*296670*679	4199198563578244496
matching	jacobian	44	47	69536987520:factor=480*213356*679	4199198563578244497
matching	jacobian	44	48	45581215680:factor=480*139854*679	4199198563578244498
matching	jacobian	45	0	6191201485440:factor=288*465006*46230	4199198563578244499
matching	jacobian	45	1	5978147016960:factor=288*449004*46230	4199198563578244500
matching	jacobian	45	2	5563408440960:factor=288*417854*46230	4199198563578244501
matching	jacobian	45	3	4891065949440:factor=288*367356*46230	4199198563578244502
matching	jacobian	45	4	3949935580800:factor=288*296670*46230	4199198563578244503
matching	jacobian	45	5	2840672989440:factor=288*213356*46230	4199198563578244504
matching	jacobian	45	6	1862049720960:factor=288*139854*46230	4199198563578244505
matching	jacobian	45	7	5956838461440:factor=288*465006*44480	4199198563578244506
matching	jacobian	45	8	5751849000960:factor=288*449004*44480	4199198563578244507
matching	jacobian	45	9	5352810024960:factor=288*417854*44480	4199198563578244508
matching	jacobian	45	10	4705918525440:factor=288*367356*44480	4199198563578244509
matching	jacobian	45	11	3800413900800:factor=288*296670*44480	4199198563578244510
matching	jacobian	45	12	2733141565440:factor=288*213356*44480	4199198563578244511
matching	jacobian	45	13	1791563304960:factor=288*139854*44480	4199198563578244512
matching	jacobian	45	14	5716315037952:factor=288*465006*42684	4199198563578244513
matching	jacobian	45	15	5519602579968:factor=288*449004*42684	4199198563578244514
matching	jacobian	45	16	5136675879168:factor=288*417854*42684	4199198563578244515
matching	jacobian	45	17	4515904369152:factor=288*367356*42684	4199198563578244516
matching	jacobian	45	18	3646961936640:factor=288*296670*42684	4199198563578244517
matching	jacobian	45	19	2622783601152:factor=288*213356*42684	4199198563578244518
matching	jacobian	45	20	1719224103168:factor=288*139854*42684	4199198563578244519
matching	jacobian	45	21	5471238275712:factor=288*465006*40854	4199198563578244520
matching	jacobian	45	22	5282959511808:factor=288*449004*40854	4199198563578244521
matching	jacobian	45	23	4916450107008:factor=288*417854*40854	4199198563578244522
matching	jacobian	45	24	4322293062912:factor=288*367356*40854	4199198563578244523
matching	jacobian	45	25	3490604979840:factor=288*296670*40854	4199198563578244524
matching	jacobian	45	26	2510336454912:factor=288*213356*40854	4199198563578244525
matching	jacobian	45	27	1645515451008:factor=288*139854*40854	4199198563578244526
matching	jacobian	45	28	5223215235456:factor=288*465006*39002	4199198563578244527
matching	jacobian	45	29	5043471554304:factor=288*449004*39002	4199198563578244528
matching	jacobian	45	30	4693576811904:factor=288*417854*39002	4199198563578244529
matching	jacobian	45	31	4126354189056:factor=288*367356*39002	4199198563578244530
matching	jacobian	45	32	3332368321920:factor=288*296670*39002	4199198563578244531
matching	jacobian	45	33	2396537485056:factor=288*213356*39002	4199198563578244532
matching	jacobian	45	34	1570920683904:factor=288*139854*39002	4199198563578244533
matching	jacobian	45	35	4973852977920:factor=288*465006*37140	4199198563578244534
matching	jacobian	45	36	4802690465280:factor=288*449004*37140	4199198563578244535
matching	jacobian	45	37	4469500097280:factor=288*417854*37140	4199198563578244536
matching	jacobian	45	38	3929357329920:factor=288*367356*37140	4199198563578244537
matching	jacobian	45	39	3173277254400:factor=288*296670*37140	4199198563578244538
matching	jacobian	45	40	2282124049920:factor=288*213356*37140	4199198563578244539
matching	jacobian	45	41	1495923137280:factor=288*139854*37140	4199198563578244540
matching	jacobian	45	42	4724758563840:factor=288*465006*35280	4199198563578244541
matching	jacobian	45	43	4562168002560:factor=288*449004*35280	4199198563578244542
matching	jacobian	45	44	4245664066560:factor=288*417854*35280	4199198563578244543
matching	jacobian	45	45	3732572067840:factor=288*367356*35280	4199198563578244544
matching	jacobian	45	46	3014357068800:factor=288*296670*35280	4199198563578244545
matching	jacobian	45	47	2167833507840:factor=288*213356*35280	4199198563578244546
matching	jacobian	45	48	1421006146560:factor=288*139854*35280	4199198563578244547
matching	jacobian	46	0	26542170475200:factor=480*465006*118915	4199198563578244548
matching	jacobian	46	1	25628789116800:factor=480*449004*118915	4199198563578244549
matching	jacobian	46	2	23850772036800:factor=480*417854*118915	4199198563578244550
matching	jacobian	46	3	20968386595200:factor=480*367356*118915	4199198563578244551
matching	jacobian	46	4	16933686264000:factor=480*296670*118915	4199198563578244552
matching	jacobian	46	5	12178189795200:factor=480*213356*118915	4199198563578244553
matching	jacobian	46	6	7982754436800:factor=480*139854*118915	4199198563578244554
matching	jacobian	46	7	25991975376000:factor=480*465006*116450	4199198563578244555
matching	jacobian	46	8	25097527584000:factor=480*449004*116450	4199198563578244556
matching	jacobian	46	9	23356367184000:factor=480*417854*116450	4199198563578244557
matching	jacobian	46	10	20533730976000:factor=480*367356*116450	4199198563578244558
matching	jacobian	46	11	16582666320000:factor=480*296670*116450	4199198563578244559
matching	jacobian	46	12	11925746976000:factor=480*213356*116450	4199198563578244560
matching	jacobian	46	13	7817279184000:factor=480*139854*116450	4199198563578244561
matching	jacobian	46	14	25224380671680:factor=480*465006*113011	4199198563578244562
matching	jacobian	46	15	24356347701120:factor=480*449004*113011	4199198563578244563
matching	jacobian	46	16	22666607229120:factor=480*417854*113011	4199198563578244564
matching	jacobian	46	17	19927329079680:factor=480*367356*113011	4199198563578244565
matching	jacobian	46	18	16092947217600:factor=480*296670*113011	4199198563578244566
matching	jacobian	46	19	11573555959680:factor=480*213356*113011	4199198563578244567
matching	jacobian	46	20	7586419389120:factor=480*139854*113011	4199198563578244568
matching	jacobian	46	21	24188496105600:factor=480*465006*108370	4199198563578244569
matching	jacobian	46	22	23356110470400:factor=480*449004*108370	4199198563578244570
matching	jacobian	46	23	21735762230400:factor=480*417854*108370	4199198563578244571
matching	jacobian	46	24	19108977465600:factor=480*367356*108370	4199198563578244572
matching	jacobian	46	25	15432061392000:factor=480*296670*108370	4199198563578244573
matching	jacobian	46	26	11098267065600:factor=480*213356*108370	4199198563578244574
matching	jacobian	46	27	7274869430400:factor=480*139854*108370	4199198563578244575
matching	jacobian	46	28	22828074552000:factor=480*465006*102275	4199198563578244576
matching	jacobian	46	29	22042504368000:factor=480*449004*102275	4199198563578244577
matching	jacobian	46	30	20513288568000:factor=480*417854*102275	4199198563578244578
matching	jacobian	46	31	18034240752000:factor=480*367356*102275	4199198563578244579
matching	jacobian	46	32	14564123640000:factor=480*296670*102275	4199198563578244580
matching	jacobian	46	33	10474072752000:factor=480*213356*102275	4199198563578244581
matching	jacobian	46	34	6865712568000:factor=480*139854*102275	4199198563578244582
matching	jacobian	46	35	21081512016000:factor=480*465006*94450	4199198563578244583
matching	jacobian	46	36	20356045344000:factor=480*449004*94450	4199198563578244584
matching	jacobian	46	37	18943828944000:factor=480*417854*94450	4199198563578244585
matching	jacobian	46	38	16654451616000:factor=480*367356*94450	4199198563578244586
matching	jacobian	46	39	13449831120000:factor=480*296670*94450	4199198563578244587
matching	jacobian	46	40	9672707616000:factor=480*213356*94450	4199198563578244588
matching	jacobian	46	41	6340420944000:factor=480*139854*94450	4199198563578244589
matching	jacobian	46	42	18881847633600:factor=480*465006*84595	4199198563578244590
matching	jacobian	46	43	18232076822400:factor=480*449004*84595	4199198563578244591
matching	jacobian	46	44	16967212382400:factor=480*417854*84595	4199198563578244592
matching	jacobian	46	45	14916710793600:factor=480*367356*84595	4199198563578244593
matching	jacobian	46	46	12046463352000:factor=480*296670*84595	4199198563578244594
matching	jacobian	46	47	8663448393600:factor=480*213356*84595	4199198563578244595
matching	jacobian	46	48	5678855582400:factor=480*139854*84595	4199198563578244596
matching	jacobian	47	0	900902981524608:factor=288*465006*6727086	4199198563578244597
matching	jacobian	47	1	869900694435072:factor=288*449004*6727086	4199198563578244598
matching	jacobian	47	2	809550660511872:factor=288*417854*6727086	4199198563578244599
matching	jacobian	47	3	711715796529408:factor=288*367356*6727086	4199198563578244600
matching	jacobian	47	4	574768685842560:factor=288*296670*6727086	4199198563578244601
matching	jacobian	47	5	413356078257408:factor=288*213356*6727086	4199198563578244602
matching	jacobian	47	6	270953247007872:factor=288*139854*6727086	4199198563578244603
matching	jacobian	47	7	866049316125696:factor=288*465006*6466832	4199198563578244604
matching	jacobian	47	8	836246429374464:factor=288*449004*6466832	4199198563578244605
matching	jacobian	47	9	778231186136064:factor=288*417854*6466832	4199198563578244606
matching	jacobian	47	10	684181306423296:factor=288*367356*6466832	4199198563578244607
matching	jacobian	47	11	552532334238720:factor=288*296670*6466832	4199198563578244608
matching	jacobian	47	12	397364373559296:factor=288*213356*6466832	4199198563578244609
matching	jacobian	47	13	260470748888064:factor=288*139854*6466832	4199198563578244610
matching	jacobian	47	14	825081052469760:factor=288*465006*6160920	4199198563578244611
matching	jacobian	47	15	796687984419840:factor=288*449004*6160920	4199198563578244612
matching	jacobian	47	16	741417138915840:factor=288*417854*6160920	4199198563578244613
matching	jacobian	47	17	651816267125760:factor=288*367356*6160920	4199198563578244614
matching	jacobian	47	18	526394919283200:factor=288*296670*6160920	4199198563578244615
matching	jacobian	47	19	378567143285760:factor=288*213356*6160920	4199198563578244616
matching	jacobian	47	20	248149240035840:factor=288*139854*6160920	4199198563578244617
matching	jacobian	47	21	777101450666112:factor=288*465006*5802654	4199198563578244618
matching	jacobian	47	22	750359478705408:factor=288*449004*5802654	4199198563578244619
matching	jacobian	47	23	698302709140608:factor=288*417854*5802654	4199198563578244620
matching	jacobian	47	24	613912251693312:factor=288*367356*5802654	4199198563578244621
matching	jacobian	47	25	495784328307840:factor=288*296670*5802654	4199198563578244622
matching	jacobian	47	26	356552941485312:factor=288*213356*5802654	4199198563578244623
matching	jacobian	47	27	233719019284608:factor=288*139854*5802654	4199198563578244624
matching	jacobian	47	28	721287695617920:factor=288*465006*5385890	4199198563578244625
matching	jacobian	47	29	696466412225280:factor=288*449004*5385890	4199198563578244626
matching	jacobian	47	30	648148515857280:factor=288*417854*5385890	4199198563578244627
matching	jacobian	47	31	569819233969920:factor=288*367356*5385890	4199198563578244628
matching	jacobian	47	32	460175612054400:factor=288*296670*5385890	4199198563578244629
matching	jacobian	47	33	330944240689920:factor=288*213356*5385890	4199198563578244630
matching	jacobian	47	34	216932618897280:factor=288*139854*5385890	4199198563578244631
matching	jacobian	47	35	656923038236928:factor=288*465006*4905276	4199198563578244632
matching	jacobian	47	36	634316700989952:factor=288*449004*4905276	4199198563578244633
matching	jacobian	47	37	590310488938752:factor=288*417854*4905276	4199198563578244634
matching	jacobian	47	38	518970980233728:factor=288*367356*4905276	4199198563578244635
matching	jacobian	47	39	419111490504960:factor=288*296670*4905276	4199198563578244636
matching	jacobian	47	40	301412179081728:factor=288*213356*4905276	4199198563578244637
matching	jacobian	47	41	197574471274752:factor=288*139854*4905276	4199198563578244638
matching	jacobian	47	42	583428936658176:factor=288*465006*4356492	4199198563578244639
matching	jacobian	47	43	563351712182784:factor=288*449004*4356492	4199198563578244640
matching	jacobian	47	44	524268751152384:factor=288*417854*4356492	4199198563578244641
matching	jacobian	47	45	460910440843776:factor=288*367356*4356492	4199198563578244642
matching	jacobian	47	46	372222858712320:factor=288*296670*4356492	4199198563578244643
matching	jacobian	47	47	267691307659776:factor=288*213356*4356492	4199198563578244644
matching	jacobian	47	48	175470575664384:factor=288*139854*4356492	4199198563578244645
matching	jacobian	48	0	10418405206580352:factor=288*465006*77794734	4199198563578244646
matching	jacobian	48	1	10059882262541568:factor=288*449004*77794734	4199198563578244647
matching	jacobian	48	2	9361970144880768:factor=288*417854*77794734	4199198563578244648
matching	jacobian	48	3	8230568343351552:factor=288*367356*77794734	4199198563578244649
matching	jacobian	48	4	6646856755904640:factor=288*296670*77794734	4199198563578244650
matching	jacobian	48	5	4780216300983552:factor=288*213356*77794734	4199198563578244651
matching	jacobian	48	6	3133412561904768:factor=288*139854*77794734	4199198563578244652
matching	jacobian	48	7	9921626842059648:factor=288*465006*74085266	4199198563578244653
matching	jacobian	48	8	9580199263218432:factor=288*449004*74085266	4199198563578244654
matching	jacobian	48	9	8915565524879232:factor=288*417854*74085266	4199198563578244655
matching	jacobian	48	10	7838112089288448:factor=288*367356*74085266	4199198563578244656
matching	jacobian	48	11	6329916248895360:factor=288*296670*74085266	4199198563578244657
matching	jacobian	48	12	4552282371656448:factor=288*213356*74085266	4199198563578244658
matching	jacobian	48	13	2984002787855232:factor=288*139854*74085266	4199198563578244659
matching	jacobian	48	14	9331137016214400:factor=288*465006*69676050	4199198563578244660
matching	jacobian	48	15	9010029644409600:factor=288*449004*69676050	4199198563578244661
matching	jacobian	48	16	8384951864649600:factor=288*417854*69676050	4199198563578244662
matching	jacobian	48	17	7371623526854400:factor=288*367356*69676050	4199198563578244663
matching	jacobian	48	18	5953188601008000:factor=288*296670*69676050	4199198563578244664
matching	jacobian	48	19	4281351357254400:factor=288*213356*69676050	4199198563578244665
matching	jacobian	48	20	2806408597449600:factor=288*139854*69676050	4199198563578244666
matching	jacobian	48	21	8648004424434048:factor=288*465006*64575066	4199198563578244667
matching	jacobian	48	22	8350405325068032:factor=288*449004*64575066	4199198563578244668
matching	jacobian	48	23	7771089492968832:factor=288*417854*64575066	4199198563578244669
matching	jacobian	48	24	6831946928302848:factor=288*367356*64575066	4199198563578244670
matching	jacobian	48	25	5517355631103360:factor=288*296670*64575066	4199198563578244671
matching	jacobian	48	26	3967913601070848:factor=288*213356*64575066	4199198563578244672
matching	jacobian	48	27	2600951408744832:factor=288*139854*64575066	4199198563578244673
matching	jacobian	48	28	7880159911450752:factor=288*465006*58841534	4199198563578244674
matching	jacobian	48	29	7608984230055168:factor=288*449004*58841534	4199198563578244675
matching	jacobian	48	30	7081105060234368:factor=288*417854*58841534	4199198563578244676
matching	jacobian	48	31	6225347682461952:factor=288*367356*58841534	4199198563578244677
matching	jacobian	48	32	5027477152832640:factor=288*296670*58841534	4199198563578244678
matching	jacobian	48	33	3615607966493952:factor=288*213356*58841534	4199198563578244679
matching	jacobian	48	34	2370016482058368:factor=288*139854*58841534	4199198563578244680
matching	jacobian	48	35	7044421367866752:factor=288*465006*52601034	4199198563578244681
matching	jacobian	48	36	6802005504999168:factor=288*449004*52601034	4199198563578244682
matching	jacobian	48	37	6330111108778368:factor=288*417854*52601034	4199198563578244683
matching	jacobian	48	38	5565111968477952:factor=288*367356*52601034	4199198563578244684
matching	jacobian	48	39	4494282841952640:factor=288*296670*52601034	4199198563578244685
matching	jacobian	48	40	3232150908509952:factor=288*213356*52601034	4199198563578244686
matching	jacobian	48	41	2118661922602368:factor=288*139854*52601034	4199198563578244687
matching	jacobian	48	42	6168711473970048:factor=288*465006*46062066	4199198563578244688
matching	jacobian	48	43	5956430942092032:factor=288*449004*46062066	4199198563578244689
matching	jacobian	48	44	5543198935592832:factor=288*417854*46062066	4199198563578244690
matching	jacobian	48	45	4873298779438848:factor=288*367356*46062066	4199198563578244691
matching	jacobian	48	46	3935587138623360:factor=288*296670*46062066	4199198563578244692
matching	jacobian	48	47	2830354028206848:factor=288*213356*46062066	4199198563578244693
matching	jacobian	48	48	1855285683368832:factor=288*139854*46062066	4199198563578244694
matching	factor	0	0	1,1,720:nonzero=1	4199198563578262294
matching	factor	0	1	1,-1,720:nonzero=1	4199198563578262295
matching	factor	0	2	1,-1,720:nonzero=1	4199198563578262296
matching	factor	0	3	1,2,720:nonzero=1	4199198563578262297
matching	factor	0	4	1,-1,720:nonzero=1	4199198563578262298
matching	factor	0	5	1,2,720:nonzero=1	4199198563578262299
matching	factor	0	6	1,2,720:nonzero=1	4199198563578262300
matching	factor	1	0	-1,1,720:nonzero=1	4199198563578262301
matching	factor	1	1	-1,-1,600:nonzero=1	4199198563578262302
matching	factor	1	2	-1,-1,600:nonzero=1	4199198563578262303
matching	factor	1	3	-1,2,480:nonzero=1	4199198563578262304
matching	factor	1	4	-1,-1,600:nonzero=1	4199198563578262305
matching	factor	1	5	-1,2,480:nonzero=1	4199198563578262306
matching	factor	1	6	-1,2,480:nonzero=1	4199198563578262307
matching	factor	2	0	-1,1,720:nonzero=1	4199198563578262308
matching	factor	2	1	-1,-1,600:nonzero=1	4199198563578262309
matching	factor	2	2	-1,-1,600:nonzero=1	4199198563578262310
matching	factor	2	3	-1,2,480:nonzero=1	4199198563578262311
matching	factor	2	4	-1,-1,600:nonzero=1	4199198563578262312
matching	factor	2	5	-1,2,480:nonzero=1	4199198563578262313
matching	factor	2	6	-1,2,480:nonzero=1	4199198563578262314
matching	factor	3	0	2,1,720:nonzero=1	4199198563578262315
matching	factor	3	1	2,-1,480:nonzero=1	4199198563578262316
matching	factor	3	2	2,-1,480:nonzero=1	4199198563578262317
matching	factor	3	3	2,2,288:nonzero=1	4199198563578262318
matching	factor	3	4	2,-1,480:nonzero=1	4199198563578262319
matching	factor	3	5	2,2,288:nonzero=1	4199198563578262320
matching	factor	3	6	2,2,288:nonzero=1	4199198563578262321
matching	factor	4	0	-1,1,720:nonzero=1	4199198563578262322
matching	factor	4	1	-1,-1,600:nonzero=1	4199198563578262323
matching	factor	4	2	-1,-1,600:nonzero=1	4199198563578262324
matching	factor	4	3	-1,2,480:nonzero=1	4199198563578262325
matching	factor	4	4	-1,-1,600:nonzero=1	4199198563578262326
matching	factor	4	5	-1,2,480:nonzero=1	4199198563578262327
matching	factor	4	6	-1,2,480:nonzero=1	4199198563578262328
matching	factor	5	0	2,1,720:nonzero=1	4199198563578262329
matching	factor	5	1	2,-1,480:nonzero=1	4199198563578262330
matching	factor	5	2	2,-1,480:nonzero=1	4199198563578262331
matching	factor	5	3	2,2,288:nonzero=1	4199198563578262332
matching	factor	5	4	2,-1,480:nonzero=1	4199198563578262333
matching	factor	5	5	2,2,288:nonzero=1	4199198563578262334
matching	factor	5	6	2,2,288:nonzero=1	4199198563578262335
matching	factor	6	0	2,1,720:nonzero=1	4199198563578262336
matching	factor	6	1	2,-1,480:nonzero=1	4199198563578262337
matching	factor	6	2	2,-1,480:nonzero=1	4199198563578262338
matching	factor	6	3	2,2,288:nonzero=1	4199198563578262339
matching	factor	6	4	2,-1,480:nonzero=1	4199198563578262340
matching	factor	6	5	2,2,288:nonzero=1	4199198563578262341
matching	factor	6	6	2,2,288:nonzero=1	4199198563578262342
matching	changed_duplicate_q	5	6	0:dependence_undetermined=1	4199198563578272294
polygon_0	polygon	0	-	12,8,3	5952243826510270047
polygon_0	lattice_point	0	0	0,0:included=1:boundary=1	5952243826510271047
polygon_0	lattice_point	1	0	0,0:included=1:boundary=1	5952243826510272047
polygon_0	lattice_point	1	1	0,1:included=1:boundary=1	5952243826510272048
polygon_0	lattice_point	1	2	0,2:included=1:boundary=1	5952243826510272049
polygon_0	lattice_point	1	3	0,3:included=1:boundary=1	5952243826510272050
polygon_0	lattice_point	1	13	1,0:included=1:boundary=1	5952243826510272079
polygon_0	lattice_point	1	14	1,1:included=1:boundary=0	5952243826510272080
polygon_0	lattice_point	1	15	1,2:included=1:boundary=0	5952243826510272081
polygon_0	lattice_point	1	16	1,3:included=0:boundary=0	5952243826510272082
polygon_0	lattice_point	1	26	2,0:included=1:boundary=1	5952243826510272111
polygon_0	lattice_point	1	27	2,1:included=1:boundary=0	5952243826510272112
polygon_0	lattice_point	1	28	2,2:included=0:boundary=0	5952243826510272113
polygon_0	lattice_point	1	29	2,3:included=0:boundary=0	5952243826510272114
polygon_0	lattice_point	1	39	3,0:included=1:boundary=1	5952243826510272143
polygon_0	lattice_point	1	40	3,1:included=0:boundary=0	5952243826510272144
polygon_0	lattice_point	1	41	3,2:included=0:boundary=0	5952243826510272145
polygon_0	lattice_point	1	42	3,3:included=0:boundary=0	5952243826510272146
polygon_0	lattice_point	1	52	4,0:included=1:boundary=1	5952243826510272175
polygon_0	lattice_point	1	53	4,1:included=0:boundary=0	5952243826510272176
polygon_0	lattice_point	1	54	4,2:included=0:boundary=0	5952243826510272177
polygon_0	lattice_point	1	55	4,3:included=0:boundary=0	5952243826510272178
polygon_0	lattice_point	2	0	0,0:included=1:boundary=1	5952243826510273047
polygon_0	lattice_point	2	1	0,1:included=1:boundary=1	5952243826510273048
polygon_0	lattice_point	2	2	0,2:included=1:boundary=1	5952243826510273049
polygon_0	lattice_point	2	3	0,3:included=1:boundary=1	5952243826510273050
polygon_0	lattice_point	2	4	0,4:included=1:boundary=1	5952243826510273051
polygon_0	lattice_point	2	5	0,5:included=1:boundary=1	5952243826510273052
polygon_0	lattice_point	2	6	0,6:included=1:boundary=1	5952243826510273053
polygon_0	lattice_point	2	13	1,0:included=1:boundary=1	5952243826510273079
polygon_0	lattice_point	2	14	1,1:included=1:boundary=0	5952243826510273080
polygon_0	lattice_point	2	15	1,2:included=1:boundary=0	5952243826510273081
polygon_0	lattice_point	2	16	1,3:included=1:boundary=0	5952243826510273082
polygon_0	lattice_point	2	17	1,4:included=1:boundary=0	5952243826510273083
polygon_0	lattice_point	2	18	1,5:included=1:boundary=0	5952243826510273084
polygon_0	lattice_point	2	19	1,6:included=0:boundary=0	5952243826510273085
polygon_0	lattice_point	2	26	2,0:included=1:boundary=1	5952243826510273111
polygon_0	lattice_point	2	27	2,1:included=1:boundary=0	5952243826510273112
polygon_0	lattice_point	2	28	2,2:included=1:boundary=0	5952243826510273113
polygon_0	lattice_point	2	29	2,3:included=1:boundary=0	5952243826510273114
polygon_0	lattice_point	2	30	2,4:included=1:boundary=0	5952243826510273115
polygon_0	lattice_point	2	31	2,5:included=0:boundary=0	5952243826510273116
polygon_0	lattice_point	2	32	2,6:included=0:boundary=0	5952243826510273117
polygon_0	lattice_point	2	39	3,0:included=1:boundary=1	5952243826510273143
polygon_0	lattice_point	2	40	3,1:included=1:boundary=0	5952243826510273144
polygon_0	lattice_point	2	41	3,2:included=1:boundary=0	5952243826510273145
polygon_0	lattice_point	2	42	3,3:included=1:boundary=0	5952243826510273146
polygon_0	lattice_point	2	43	3,4:included=0:boundary=0	5952243826510273147
polygon_0	lattice_point	2	44	3,5:included=0:boundary=0	5952243826510273148
polygon_0	lattice_point	2	45	3,6:included=0:boundary=0	5952243826510273149
polygon_0	lattice_point	2	52	4,0:included=1:boundary=1	5952243826510273175
polygon_0	lattice_point	2	53	4,1:included=1:boundary=0	5952243826510273176
polygon_0	lattice_point	2	54	4,2:included=1:boundary=0	5952243826510273177
polygon_0	lattice_point	2	55	4,3:included=1:boundary=1	5952243826510273178
polygon_0	lattice_point	2	56	4,4:included=0:boundary=0	5952243826510273179
polygon_0	lattice_point	2	57	4,5:included=0:boundary=0	5952243826510273180
polygon_0	lattice_point	2	58	4,6:included=0:boundary=0	5952243826510273181
polygon_0	lattice_point	2	65	5,0:included=1:boundary=1	5952243826510273207
polygon_0	lattice_point	2	66	5,1:included=1:boundary=0	5952243826510273208
polygon_0	lattice_point	2	67	5,2:included=1:boundary=0	5952243826510273209
polygon_0	lattice_point	2	68	5,3:included=0:boundary=0	5952243826510273210
polygon_0	lattice_point	2	69	5,4:included=0:boundary=0	5952243826510273211
polygon_0	lattice_point	2	70	5,5:included=0:boundary=0	5952243826510273212
polygon_0	lattice_point	2	71	5,6:included=0:boundary=0	5952243826510273213
polygon_0	lattice_point	2	78	6,0:included=1:boundary=1	5952243826510273239
polygon_0	lattice_point	2	79	6,1:included=1:boundary=0	5952243826510273240
polygon_0	lattice_point	2	80	6,2:included=0:boundary=0	5952243826510273241
polygon_0	lattice_point	2	81	6,3:included=0:boundary=0	5952243826510273242
polygon_0	lattice_point	2	82	6,4:included=0:boundary=0	5952243826510273243
polygon_0	lattice_point	2	83	6,5:included=0:boundary=0	5952243826510273244
polygon_0	lattice_point	2	84	6,6:included=0:boundary=0	5952243826510273245
polygon_0	lattice_point	2	91	7,0:included=1:boundary=1	5952243826510273271
polygon_0	lattice_point	2	92	7,1:included=0:boundary=0	5952243826510273272
polygon_0	lattice_point	2	93	7,2:included=0:boundary=0	5952243826510273273
polygon_0	lattice_point	2	94	7,3:included=0:boundary=0	5952243826510273274
polygon_0	lattice_point	2	95	7,4:included=0:boundary=0	5952243826510273275
polygon_0	lattice_point	2	96	7,5:included=0:boundary=0	5952243826510273276
polygon_0	lattice_point	2	97	7,6:included=0:boundary=0	5952243826510273277
polygon_0	lattice_point	2	104	8,0:included=1:boundary=1	5952243826510273303
polygon_0	lattice_point	2	105	8,1:included=0:boundary=0	5952243826510273304
polygon_0	lattice_point	2	106	8,2:included=0:boundary=0	5952243826510273305
polygon_0	lattice_point	2	107	8,3:included=0:boundary=0	5952243826510273306
polygon_0	lattice_point	2	108	8,4:included=0:boundary=0	5952243826510273307
polygon_0	lattice_point	2	109	8,5:included=0:boundary=0	5952243826510273308
polygon_0	lattice_point	2	110	8,6:included=0:boundary=0	5952243826510273309
polygon_0	lattice_point	3	0	0,0:included=1:boundary=1	5952243826510274047
polygon_0	lattice_point	3	1	0,1:included=1:boundary=1	5952243826510274048
polygon_0	lattice_point	3	2	0,2:included=1:boundary=1	5952243826510274049
polygon_0	lattice_point	3	3	0,3:included=1:boundary=1	5952243826510274050
polygon_0	lattice_point	3	4	0,4:included=1:boundary=1	5952243826510274051
polygon_0	lattice_point	3	5	0,5:included=1:boundary=1	5952243826510274052
polygon_0	lattice_point	3	6	0,6:included=1:boundary=1	5952243826510274053
polygon_0	lattice_point	3	7	0,7:included=1:boundary=1	5952243826510274054
polygon_0	lattice_point	3	8	0,8:included=1:boundary=1	5952243826510274055
polygon_0	lattice_point	3	9	0,9:included=1:boundary=1	5952243826510274056
polygon_0	lattice_point	3	13	1,0:included=1:boundary=1	5952243826510274079
polygon_0	lattice_point	3	14	1,1:included=1:boundary=0	5952243826510274080
polygon_0	lattice_point	3	15	1,2:included=1:boundary=0	5952243826510274081
polygon_0	lattice_point	3	16	1,3:included=1:boundary=0	5952243826510274082
polygon_0	lattice_point	3	17	1,4:included=1:boundary=0	5952243826510274083
polygon_0	lattice_point	3	18	1,5:included=1:boundary=0	5952243826510274084
polygon_0	lattice_point	3	19	1,6:included=1:boundary=0	5952243826510274085
polygon_0	lattice_point	3	20	1,7:included=1:boundary=0	5952243826510274086
polygon_0	lattice_point	3	21	1,8:included=1:boundary=0	5952243826510274087
polygon_0	lattice_point	3	22	1,9:included=0:boundary=0	5952243826510274088
polygon_0	lattice_point	3	26	2,0:included=1:boundary=1	5952243826510274111
polygon_0	lattice_point	3	27	2,1:included=1:boundary=0	5952243826510274112
polygon_0	lattice_point	3	28	2,2:included=1:boundary=0	5952243826510274113
polygon_0	lattice_point	3	29	2,3:included=1:boundary=0	5952243826510274114
polygon_0	lattice_point	3	30	2,4:included=1:boundary=0	5952243826510274115
polygon_0	lattice_point	3	31	2,5:included=1:boundary=0	5952243826510274116
polygon_0	lattice_point	3	32	2,6:included=1:boundary=0	5952243826510274117
polygon_0	lattice_point	3	33	2,7:included=1:boundary=0	5952243826510274118
polygon_0	lattice_point	3	34	2,8:included=0:boundary=0	5952243826510274119
polygon_0	lattice_point	3	35	2,9:included=0:boundary=0	5952243826510274120
polygon_0	lattice_point	3	39	3,0:included=1:boundary=1	5952243826510274143
polygon_0	lattice_point	3	40	3,1:included=1:boundary=0	5952243826510274144
polygon_0	lattice_point	3	41	3,2:included=1:boundary=0	5952243826510274145
polygon_0	lattice_point	3	42	3,3:included=1:boundary=0	5952243826510274146
polygon_0	lattice_point	3	43	3,4:included=1:boundary=0	5952243826510274147
polygon_0	lattice_point	3	44	3,5:included=1:boundary=0	5952243826510274148
polygon_0	lattice_point	3	45	3,6:included=1:boundary=0	5952243826510274149
polygon_0	lattice_point	3	46	3,7:included=0:boundary=0	5952243826510274150
polygon_0	lattice_point	3	47	3,8:included=0:boundary=0	5952243826510274151
polygon_0	lattice_point	3	48	3,9:included=0:boundary=0	5952243826510274152
polygon_0	lattice_point	3	52	4,0:included=1:boundary=1	5952243826510274175
polygon_0	lattice_point	3	53	4,1:included=1:boundary=0	5952243826510274176
polygon_0	lattice_point	3	54	4,2:included=1:boundary=0	5952243826510274177
polygon_0	lattice_point	3	55	4,3:included=1:boundary=0	5952243826510274178
polygon_0	lattice_point	3	56	4,4:included=1:boundary=0	5952243826510274179
polygon_0	lattice_point	3	57	4,5:included=1:boundary=0	5952243826510274180
polygon_0	lattice_point	3	58	4,6:included=1:boundary=1	5952243826510274181
polygon_0	lattice_point	3	59	4,7:included=0:boundary=0	5952243826510274182
polygon_0	lattice_point	3	60	4,8:included=0:boundary=0	5952243826510274183
polygon_0	lattice_point	3	61	4,9:included=0:boundary=0	5952243826510274184
polygon_0	lattice_point	3	65	5,0:included=1:boundary=1	5952243826510274207
polygon_0	lattice_point	3	66	5,1:included=1:boundary=0	5952243826510274208
polygon_0	lattice_point	3	67	5,2:included=1:boundary=0	5952243826510274209
polygon_0	lattice_point	3	68	5,3:included=1:boundary=0	5952243826510274210
polygon_0	lattice_point	3	69	5,4:included=1:boundary=0	5952243826510274211
polygon_0	lattice_point	3	70	5,5:included=1:boundary=0	5952243826510274212
polygon_0	lattice_point	3	71	5,6:included=0:boundary=0	5952243826510274213
polygon_0	lattice_point	3	72	5,7:included=0:boundary=0	5952243826510274214
polygon_0	lattice_point	3	73	5,8:included=0:boundary=0	5952243826510274215
polygon_0	lattice_point	3	74	5,9:included=0:boundary=0	5952243826510274216
polygon_0	lattice_point	3	78	6,0:included=1:boundary=1	5952243826510274239
polygon_0	lattice_point	3	79	6,1:included=1:boundary=0	5952243826510274240
polygon_0	lattice_point	3	80	6,2:included=1:boundary=0	5952243826510274241
polygon_0	lattice_point	3	81	6,3:included=1:boundary=0	5952243826510274242
polygon_0	lattice_point	3	82	6,4:included=1:boundary=0	5952243826510274243
polygon_0	lattice_point	3	83	6,5:included=0:boundary=0	5952243826510274244
polygon_0	lattice_point	3	84	6,6:included=0:boundary=0	5952243826510274245
polygon_0	lattice_point	3	85	6,7:included=0:boundary=0	5952243826510274246
polygon_0	lattice_point	3	86	6,8:included=0:boundary=0	5952243826510274247
polygon_0	lattice_point	3	87	6,9:included=0:boundary=0	5952243826510274248
polygon_0	lattice_point	3	91	7,0:included=1:boundary=1	5952243826510274271
polygon_0	lattice_point	3	92	7,1:included=1:boundary=0	5952243826510274272
polygon_0	lattice_point	3	93	7,2:included=1:boundary=0	5952243826510274273
polygon_0	lattice_point	3	94	7,3:included=1:boundary=0	5952243826510274274
polygon_0	lattice_point	3	95	7,4:included=0:boundary=0	5952243826510274275
polygon_0	lattice_point	3	96	7,5:included=0:boundary=0	5952243826510274276
polygon_0	lattice_point	3	97	7,6:included=0:boundary=0	5952243826510274277
polygon_0	lattice_point	3	98	7,7:included=0:boundary=0	5952243826510274278
polygon_0	lattice_point	3	99	7,8:included=0:boundary=0	5952243826510274279
polygon_0	lattice_point	3	100	7,9:included=0:boundary=0	5952243826510274280
polygon_0	lattice_point	3	104	8,0:included=1:boundary=1	5952243826510274303
polygon_0	lattice_point	3	105	8,1:included=1:boundary=0	5952243826510274304
polygon_0	lattice_point	3	106	8,2:included=1:boundary=0	5952243826510274305
polygon_0	lattice_point	3	107	8,3:included=1:boundary=1	5952243826510274306
polygon_0	lattice_point	3	108	8,4:included=0:boundary=0	5952243826510274307
polygon_0	lattice_point	3	109	8,5:included=0:boundary=0	5952243826510274308
polygon_0	lattice_point	3	110	8,6:included=0:boundary=0	5952243826510274309
polygon_0	lattice_point	3	111	8,7:included=0:boundary=0	5952243826510274310
polygon_0	lattice_point	3	112	8,8:included=0:boundary=0	5952243826510274311
polygon_0	lattice_point	3	113	8,9:included=0:boundary=0	5952243826510274312
polygon_0	lattice_point	3	117	9,0:included=1:boundary=1	5952243826510274335
polygon_0	lattice_point	3	118	9,1:included=1:boundary=0	5952243826510274336
polygon_0	lattice_point	3	119	9,2:included=1:boundary=0	5952243826510274337
polygon_0	lattice_point	3	120	9,3:included=0:boundary=0	5952243826510274338
polygon_0	lattice_point	3	121	9,4:included=0:boundary=0	5952243826510274339
polygon_0	lattice_point	3	122	9,5:included=0:boundary=0	5952243826510274340
polygon_0	lattice_point	3	123	9,6:included=0:boundary=0	5952243826510274341
polygon_0	lattice_point	3	124	9,7:included=0:boundary=0	5952243826510274342
polygon_0	lattice_point	3	125	9,8:included=0:boundary=0	5952243826510274343
polygon_0	lattice_point	3	126	9,9:included=0:boundary=0	5952243826510274344
polygon_0	lattice_point	3	130	10,0:included=1:boundary=1	5952243826510274367
polygon_0	lattice_point	3	131	10,1:included=1:boundary=0	5952243826510274368
polygon_0	lattice_point	3	132	10,2:included=0:boundary=0	5952243826510274369
polygon_0	lattice_point	3	133	10,3:included=0:boundary=0	5952243826510274370
polygon_0	lattice_point	3	134	10,4:included=0:boundary=0	5952243826510274371
polygon_0	lattice_point	3	135	10,5:included=0:boundary=0	5952243826510274372
polygon_0	lattice_point	3	136	10,6:included=0:boundary=0	5952243826510274373
polygon_0	lattice_point	3	137	10,7:included=0:boundary=0	5952243826510274374
polygon_0	lattice_point	3	138	10,8:included=0:boundary=0	5952243826510274375
polygon_0	lattice_point	3	139	10,9:included=0:boundary=0	5952243826510274376
polygon_0	lattice_point	3	143	11,0:included=1:boundary=1	5952243826510274399
polygon_0	lattice_point	3	144	11,1:included=0:boundary=0	5952243826510274400
polygon_0	lattice_point	3	145	11,2:included=0:boundary=0	5952243826510274401
polygon_0	lattice_point	3	146	11,3:included=0:boundary=0	5952243826510274402
polygon_0	lattice_point	3	147	11,4:included=0:boundary=0	5952243826510274403
polygon_0	lattice_point	3	148	11,5:included=0:boundary=0	5952243826510274404
polygon_0	lattice_point	3	149	11,6:included=0:boundary=0	5952243826510274405
polygon_0	lattice_point	3	150	11,7:included=0:boundary=0	5952243826510274406
polygon_0	lattice_point	3	151	11,8:included=0:boundary=0	5952243826510274407
polygon_0	lattice_point	3	152	11,9:included=0:boundary=0	5952243826510274408
polygon_0	lattice_point	3	156	12,0:included=1:boundary=1	5952243826510274431
polygon_0	lattice_point	3	157	12,1:included=0:boundary=0	5952243826510274432
polygon_0	lattice_point	3	158	12,2:included=0:boundary=0	5952243826510274433
polygon_0	lattice_point	3	159	12,3:included=0:boundary=0	5952243826510274434
polygon_0	lattice_point	3	160	12,4:included=0:boundary=0	5952243826510274435
polygon_0	lattice_point	3	161	12,5:included=0:boundary=0	5952243826510274436
polygon_0	lattice_point	3	162	12,6:included=0:boundary=0	5952243826510274437
polygon_0	lattice_point	3	163	12,7:included=0:boundary=0	5952243826510274438
polygon_0	lattice_point	3	164	12,8:included=0:boundary=0	5952243826510274439
polygon_0	lattice_point	3	165	12,9:included=0:boundary=0	5952243826510274440
polygon_0	lattice_point	4	0	0,0:included=1:boundary=1	5952243826510275047
polygon_0	lattice_point	4	1	0,1:included=1:boundary=1	5952243826510275048
polygon_0	lattice_point	4	2	0,2:included=1:boundary=1	5952243826510275049
polygon_0	lattice_point	4	3	0,3:included=1:boundary=1	5952243826510275050
polygon_0	lattice_point	4	4	0,4:included=1:boundary=1	5952243826510275051
polygon_0	lattice_point	4	5	0,5:included=1:boundary=1	5952243826510275052
polygon_0	lattice_point	4	6	0,6:included=1:boundary=1	5952243826510275053
polygon_0	lattice_point	4	7	0,7:included=1:boundary=1	5952243826510275054
polygon_0	lattice_point	4	8	0,8:included=1:boundary=1	5952243826510275055
polygon_0	lattice_point	4	9	0,9:included=1:boundary=1	5952243826510275056
polygon_0	lattice_point	4	10	0,10:included=1:boundary=1	5952243826510275057
polygon_0	lattice_point	4	11	0,11:included=1:boundary=1	5952243826510275058
polygon_0	lattice_point	4	12	0,12:included=1:boundary=1	5952243826510275059
polygon_0	lattice_point	4	13	1,0:included=1:boundary=1	5952243826510275079
polygon_0	lattice_point	4	14	1,1:included=1:boundary=0	5952243826510275080
polygon_0	lattice_point	4	15	1,2:included=1:boundary=0	5952243826510275081
polygon_0	lattice_point	4	16	1,3:included=1:boundary=0	5952243826510275082
polygon_0	lattice_point	4	17	1,4:included=1:boundary=0	5952243826510275083
polygon_0	lattice_point	4	18	1,5:included=1:boundary=0	5952243826510275084
polygon_0	lattice_point	4	19	1,6:included=1:boundary=0	5952243826510275085
polygon_0	lattice_point	4	20	1,7:included=1:boundary=0	5952243826510275086
polygon_0	lattice_point	4	21	1,8:included=1:boundary=0	5952243826510275087
polygon_0	lattice_point	4	22	1,9:included=1:boundary=0	5952243826510275088
polygon_0	lattice_point	4	23	1,10:included=1:boundary=0	5952243826510275089
polygon_0	lattice_point	4	24	1,11:included=1:boundary=0	5952243826510275090
polygon_0	lattice_point	4	25	1,12:included=0:boundary=0	5952243826510275091
polygon_0	lattice_point	4	26	2,0:included=1:boundary=1	5952243826510275111
polygon_0	lattice_point	4	27	2,1:included=1:boundary=0	5952243826510275112
polygon_0	lattice_point	4	28	2,2:included=1:boundary=0	5952243826510275113
polygon_0	lattice_point	4	29	2,3:included=1:boundary=0	5952243826510275114
polygon_0	lattice_point	4	30	2,4:included=1:boundary=0	5952243826510275115
polygon_0	lattice_point	4	31	2,5:included=1:boundary=0	5952243826510275116
polygon_0	lattice_point	4	32	2,6:included=1:boundary=0	5952243826510275117
polygon_0	lattice_point	4	33	2,7:included=1:boundary=0	5952243826510275118
polygon_0	lattice_point	4	34	2,8:included=1:boundary=0	5952243826510275119
polygon_0	lattice_point	4	35	2,9:included=1:boundary=0	5952243826510275120
polygon_0	lattice_point	4	36	2,10:included=1:boundary=0	5952243826510275121
polygon_0	lattice_point	4	37	2,11:included=0:boundary=0	5952243826510275122
polygon_0	lattice_point	4	38	2,12:included=0:boundary=0	5952243826510275123
polygon_0	lattice_point	4	39	3,0:included=1:boundary=1	5952243826510275143
polygon_0	lattice_point	4	40	3,1:included=1:boundary=0	5952243826510275144
polygon_0	lattice_point	4	41	3,2:included=1:boundary=0	5952243826510275145
polygon_0	lattice_point	4	42	3,3:included=1:boundary=0	5952243826510275146
polygon_0	lattice_point	4	43	3,4:included=1:boundary=0	5952243826510275147
polygon_0	lattice_point	4	44	3,5:included=1:boundary=0	5952243826510275148
polygon_0	lattice_point	4	45	3,6:included=1:boundary=0	5952243826510275149
polygon_0	lattice_point	4	46	3,7:included=1:boundary=0	5952243826510275150
polygon_0	lattice_point	4	47	3,8:included=1:boundary=0	5952243826510275151
polygon_0	lattice_point	4	48	3,9:included=1:boundary=0	5952243826510275152
polygon_0	lattice_point	4	49	3,10:included=0:boundary=0	5952243826510275153
polygon_0	lattice_point	4	50	3,11:included=0:boundary=0	5952243826510275154
polygon_0	lattice_point	4	51	3,12:included=0:boundary=0	5952243826510275155
polygon_0	lattice_point	4	52	4,0:included=1:boundary=1	5952243826510275175
polygon_0	lattice_point	4	53	4,1:included=1:boundary=0	5952243826510275176
polygon_0	lattice_point	4	54	4,2:included=1:boundary=0	5952243826510275177
polygon_0	lattice_point	4	55	4,3:included=1:boundary=0	5952243826510275178
polygon_0	lattice_point	4	56	4,4:included=1:boundary=0	5952243826510275179
polygon_0	lattice_point	4	57	4,5:included=1:boundary=0	5952243826510275180
polygon_0	lattice_point	4	58	4,6:included=1:boundary=0	5952243826510275181
polygon_0	lattice_point	4	59	4,7:included=1:boundary=0	5952243826510275182
polygon_0	lattice_point	4	60	4,8:included=1:boundary=0	5952243826510275183
polygon_0	lattice_point	4	61	4,9:included=1:boundary=1	5952243826510275184
polygon_0	lattice_point	4	62	4,10:included=0:boundary=0	5952243826510275185
polygon_0	lattice_point	4	63	4,11:included=0:boundary=0	5952243826510275186
polygon_0	lattice_point	4	64	4,12:included=0:boundary=0	5952243826510275187
polygon_0	lattice_point	4	65	5,0:included=1:boundary=1	5952243826510275207
polygon_0	lattice_point	4	66	5,1:included=1:boundary=0	5952243826510275208
polygon_0	lattice_point	4	67	5,2:included=1:boundary=0	5952243826510275209
polygon_0	lattice_point	4	68	5,3:included=1:boundary=0	5952243826510275210
polygon_0	lattice_point	4	69	5,4:included=1:boundary=0	5952243826510275211
polygon_0	lattice_point	4	70	5,5:included=1:boundary=0	5952243826510275212
polygon_0	lattice_point	4	71	5,6:included=1:boundary=0	5952243826510275213
polygon_0	lattice_point	4	72	5,7:included=1:boundary=0	5952243826510275214
polygon_0	lattice_point	4	73	5,8:included=1:boundary=0	5952243826510275215
polygon_0	lattice_point	4	74	5,9:included=0:boundary=0	5952243826510275216
polygon_0	lattice_point	4	75	5,10:included=0:boundary=0	5952243826510275217
polygon_0	lattice_point	4	76	5,11:included=0:boundary=0	5952243826510275218
polygon_0	lattice_point	4	77	5,12:included=0:boundary=0	5952243826510275219
polygon_0	lattice_point	4	78	6,0:included=1:boundary=1	5952243826510275239
polygon_0	lattice_point	4	79	6,1:included=1:boundary=0	5952243826510275240
polygon_0	lattice_point	4	80	6,2:included=1:boundary=0	5952243826510275241
polygon_0	lattice_point	4	81	6,3:included=1:boundary=0	5952243826510275242
polygon_0	lattice_point	4	82	6,4:included=1:boundary=0	5952243826510275243
polygon_0	lattice_point	4	83	6,5:included=1:boundary=0	5952243826510275244
polygon_0	lattice_point	4	84	6,6:included=1:boundary=0	5952243826510275245
polygon_0	lattice_point	4	85	6,7:included=1:boundary=0	5952243826510275246
polygon_0	lattice_point	4	86	6,8:included=0:boundary=0	5952243826510275247
polygon_0	lattice_point	4	87	6,9:included=0:boundary=0	5952243826510275248
polygon_0	lattice_point	4	88	6,10:included=0:boundary=0	5952243826510275249
polygon_0	lattice_point	4	89	6,11:included=0:boundary=0	5952243826510275250
polygon_0	lattice_point	4	90	6,12:included=0:boundary=0	5952243826510275251
polygon_0	lattice_point	4	91	7,0:included=1:boundary=1	5952243826510275271
polygon_0	lattice_point	4	92	7,1:included=1:boundary=0	5952243826510275272
polygon_0	lattice_point	4	93	7,2:included=1:boundary=0	5952243826510275273
polygon_0	lattice_point	4	94	7,3:included=1:boundary=0	5952243826510275274
polygon_0	lattice_point	4	95	7,4:included=1:boundary=0	5952243826510275275
polygon_0	lattice_point	4	96	7,5:included=1:boundary=0	5952243826510275276
polygon_0	lattice_point	4	97	7,6:included=1:boundary=0	5952243826510275277
polygon_0	lattice_point	4	98	7,7:included=0:boundary=0	5952243826510275278
polygon_0	lattice_point	4	99	7,8:included=0:boundary=0	5952243826510275279
polygon_0	lattice_point	4	100	7,9:included=0:boundary=0	5952243826510275280
polygon_0	lattice_point	4	101	7,10:included=0:boundary=0	5952243826510275281
polygon_0	lattice_point	4	102	7,11:included=0:boundary=0	5952243826510275282
polygon_0	lattice_point	4	103	7,12:included=0:boundary=0	5952243826510275283
polygon_0	lattice_point	4	104	8,0:included=1:boundary=1	5952243826510275303
polygon_0	lattice_point	4	105	8,1:included=1:boundary=0	5952243826510275304
polygon_0	lattice_point	4	106	8,2:included=1:boundary=0	5952243826510275305
polygon_0	lattice_point	4	107	8,3:included=1:boundary=0	5952243826510275306
polygon_0	lattice_point	4	108	8,4:included=1:boundary=0	5952243826510275307
polygon_0	lattice_point	4	109	8,5:included=1:boundary=0	5952243826510275308
polygon_0	lattice_point	4	110	8,6:included=1:boundary=1	5952243826510275309
polygon_0	lattice_point	4	111	8,7:included=0:boundary=0	5952243826510275310
polygon_0	lattice_point	4	112	8,8:included=0:boundary=0	5952243826510275311
polygon_0	lattice_point	4	113	8,9:included=0:boundary=0	5952243826510275312
polygon_0	lattice_point	4	114	8,10:included=0:boundary=0	5952243826510275313
polygon_0	lattice_point	4	115	8,11:included=0:boundary=0	5952243826510275314
polygon_0	lattice_point	4	116	8,12:included=0:boundary=0	5952243826510275315
polygon_0	lattice_point	4	117	9,0:included=1:boundary=1	5952243826510275335
polygon_0	lattice_point	4	118	9,1:included=1:boundary=0	5952243826510275336
polygon_0	lattice_point	4	119	9,2:included=1:boundary=0	5952243826510275337
polygon_0	lattice_point	4	120	9,3:included=1:boundary=0	5952243826510275338
polygon_0	lattice_point	4	121	9,4:included=1:boundary=0	5952243826510275339
polygon_0	lattice_point	4	122	9,5:included=1:boundary=0	5952243826510275340
polygon_0	lattice_point	4	123	9,6:included=0:boundary=0	5952243826510275341
polygon_0	lattice_point	4	124	9,7:included=0:boundary=0	5952243826510275342
polygon_0	lattice_point	4	125	9,8:included=0:boundary=0	5952243826510275343
polygon_0	lattice_point	4	126	9,9:included=0:boundary=0	5952243826510275344
polygon_0	lattice_point	4	127	9,10:included=0:boundary=0	5952243826510275345
polygon_0	lattice_point	4	128	9,11:included=0:boundary=0	5952243826510275346
polygon_0	lattice_point	4	129	9,12:included=0:boundary=0	5952243826510275347
polygon_0	lattice_point	4	130	10,0:included=1:boundary=1	5952243826510275367
polygon_0	lattice_point	4	131	10,1:included=1:boundary=0	5952243826510275368
polygon_0	lattice_point	4	132	10,2:included=1:boundary=0	5952243826510275369
polygon_0	lattice_point	4	133	10,3:included=1:boundary=0	5952243826510275370
polygon_0	lattice_point	4	134	10,4:included=1:boundary=0	5952243826510275371
polygon_0	lattice_point	4	135	10,5:included=0:boundary=0	5952243826510275372
polygon_0	lattice_point	4	136	10,6:included=0:boundary=0	5952243826510275373
polygon_0	lattice_point	4	137	10,7:included=0:boundary=0	5952243826510275374
polygon_0	lattice_point	4	138	10,8:included=0:boundary=0	5952243826510275375
polygon_0	lattice_point	4	139	10,9:included=0:boundary=0	5952243826510275376
polygon_0	lattice_point	4	140	10,10:included=0:boundary=0	5952243826510275377
polygon_0	lattice_point	4	141	10,11:included=0:boundary=0	5952243826510275378
polygon_0	lattice_point	4	142	10,12:included=0:boundary=0	5952243826510275379
polygon_0	lattice_point	4	143	11,0:included=1:boundary=1	5952243826510275399
polygon_0	lattice_point	4	144	11,1:included=1:boundary=0	5952243826510275400
polygon_0	lattice_point	4	145	11,2:included=1:boundary=0	5952243826510275401
polygon_0	lattice_point	4	146	11,3:included=1:boundary=0	5952243826510275402
polygon_0	lattice_point	4	147	11,4:included=0:boundary=0	5952243826510275403
polygon_0	lattice_point	4	148	11,5:included=0:boundary=0	5952243826510275404
polygon_0	lattice_point	4	149	11,6:included=0:boundary=0	5952243826510275405
polygon_0	lattice_point	4	150	11,7:included=0:boundary=0	5952243826510275406
polygon_0	lattice_point	4	151	11,8:included=0:boundary=0	5952243826510275407
polygon_0	lattice_point	4	152	11,9:included=0:boundary=0	5952243826510275408
polygon_0	lattice_point	4	153	11,10:included=0:boundary=0	5952243826510275409
polygon_0	lattice_point	4	154	11,11:included=0:boundary=0	5952243826510275410
polygon_0	lattice_point	4	155	11,12:included=0:boundary=0	5952243826510275411
polygon_0	lattice_point	4	156	12,0:included=1:boundary=1	5952243826510275431
polygon_0	lattice_point	4	157	12,1:included=1:boundary=0	5952243826510275432
polygon_0	lattice_point	4	158	12,2:included=1:boundary=0	5952243826510275433
polygon_0	lattice_point	4	159	12,3:included=1:boundary=1	5952243826510275434
polygon_0	lattice_point	4	160	12,4:included=0:boundary=0	5952243826510275435
polygon_0	lattice_point	4	161	12,5:included=0:boundary=0	5952243826510275436
polygon_0	lattice_point	4	162	12,6:included=0:boundary=0	5952243826510275437
polygon_0	lattice_point	4	163	12,7:included=0:boundary=0	5952243826510275438
polygon_0	lattice_point	4	164	12,8:included=0:boundary=0	5952243826510275439
polygon_0	lattice_point	4	165	12,9:included=0:boundary=0	5952243826510275440
polygon_0	lattice_point	4	166	12,10:included=0:boundary=0	5952243826510275441
polygon_0	lattice_point	4	167	12,11:included=0:boundary=0	5952243826510275442
polygon_0	lattice_point	4	168	12,12:included=0:boundary=0	5952243826510275443
polygon_0	lattice_point	4	169	13,0:included=1:boundary=1	5952243826510275463
polygon_0	lattice_point	4	170	13,1:included=1:boundary=0	5952243826510275464
polygon_0	lattice_point	4	171	13,2:included=1:boundary=0	5952243826510275465
polygon_0	lattice_point	4	172	13,3:included=0:boundary=0	5952243826510275466
polygon_0	lattice_point	4	173	13,4:included=0:boundary=0	5952243826510275467
polygon_0	lattice_point	4	174	13,5:included=0:boundary=0	5952243826510275468
polygon_0	lattice_point	4	175	13,6:included=0:boundary=0	5952243826510275469
polygon_0	lattice_point	4	176	13,7:included=0:boundary=0	5952243826510275470
polygon_0	lattice_point	4	177	13,8:included=0:boundary=0	5952243826510275471
polygon_0	lattice_point	4	178	13,9:included=0:boundary=0	5952243826510275472
polygon_0	lattice_point	4	179	13,10:included=0:boundary=0	5952243826510275473
polygon_0	lattice_point	4	180	13,11:included=0:boundary=0	5952243826510275474
polygon_0	lattice_point	4	181	13,12:included=0:boundary=0	5952243826510275475
polygon_0	lattice_point	4	182	14,0:included=1:boundary=1	5952243826510275495
polygon_0	lattice_point	4	183	14,1:included=1:boundary=0	5952243826510275496
polygon_0	lattice_point	4	184	14,2:included=0:boundary=0	5952243826510275497
polygon_0	lattice_point	4	185	14,3:included=0:boundary=0	5952243826510275498
polygon_0	lattice_point	4	186	14,4:included=0:boundary=0	5952243826510275499
polygon_0	lattice_point	4	187	14,5:included=0:boundary=0	5952243826510275500
polygon_0	lattice_point	4	188	14,6:included=0:boundary=0	5952243826510275501
polygon_0	lattice_point	4	189	14,7:included=0:boundary=0	5952243826510275502
polygon_0	lattice_point	4	190	14,8:included=0:boundary=0	5952243826510275503
polygon_0	lattice_point	4	191	14,9:included=0:boundary=0	5952243826510275504
polygon_0	lattice_point	4	192	14,10:included=0:boundary=0	5952243826510275505
polygon_0	lattice_point	4	193	14,11:included=0:boundary=0	5952243826510275506
polygon_0	lattice_point	4	194	14,12:included=0:boundary=0	5952243826510275507
polygon_0	lattice_point	4	195	15,0:included=1:boundary=1	5952243826510275527
polygon_0	lattice_point	4	196	15,1:included=0:boundary=0	5952243826510275528
polygon_0	lattice_point	4	197	15,2:included=0:boundary=0	5952243826510275529
polygon_0	lattice_point	4	198	15,3:included=0:boundary=0	5952243826510275530
polygon_0	lattice_point	4	199	15,4:included=0:boundary=0	5952243826510275531
polygon_0	lattice_point	4	200	15,5:included=0:boundary=0	5952243826510275532
polygon_0	lattice_point	4	201	15,6:included=0:boundary=0	5952243826510275533
polygon_0	lattice_point	4	202	15,7:included=0:boundary=0	5952243826510275534
polygon_0	lattice_point	4	203	15,8:included=0:boundary=0	5952243826510275535
polygon_0	lattice_point	4	204	15,9:included=0:boundary=0	5952243826510275536
polygon_0	lattice_point	4	205	15,10:included=0:boundary=0	5952243826510275537
polygon_0	lattice_point	4	206	15,11:included=0:boundary=0	5952243826510275538
polygon_0	lattice_point	4	207	15,12:included=0:boundary=0	5952243826510275539
polygon_0	lattice_point	4	208	16,0:included=1:boundary=1	5952243826510275559
polygon_0	lattice_point	4	209	16,1:included=0:boundary=0	5952243826510275560
polygon_0	lattice_point	4	210	16,2:included=0:boundary=0	5952243826510275561
polygon_0	lattice_point	4	211	16,3:included=0:boundary=0	5952243826510275562
polygon_0	lattice_point	4	212	16,4:included=0:boundary=0	5952243826510275563
polygon_0	lattice_point	4	213	16,5:included=0:boundary=0	5952243826510275564
polygon_0	lattice_point	4	214	16,6:included=0:boundary=0	5952243826510275565
polygon_0	lattice_point	4	215	16,7:included=0:boundary=0	5952243826510275566
polygon_0	lattice_point	4	216	16,8:included=0:boundary=0	5952243826510275567
polygon_0	lattice_point	4	217	16,9:included=0:boundary=0	5952243826510275568
polygon_0	lattice_point	4	218	16,10:included=0:boundary=0	5952243826510275569
polygon_0	lattice_point	4	219	16,11:included=0:boundary=0	5952243826510275570
polygon_0	lattice_point	4	220	16,12:included=0:boundary=0	5952243826510275571
polygon_1	polygon	0	-	12,10,2	5952243826510270048
polygon_1	lattice_point	0	0	0,0:included=1:boundary=1	5952243826510281047
polygon_1	lattice_point	1	0	0,0:included=1:boundary=1	5952243826510282047
polygon_1	lattice_point	1	1	0,1:included=1:boundary=1	5952243826510282048
polygon_1	lattice_point	1	2	0,2:included=1:boundary=1	5952243826510282049
polygon_1	lattice_point	1	13	1,0:included=1:boundary=1	5952243826510282079
polygon_1	lattice_point	1	14	1,1:included=1:boundary=0	5952243826510282080
polygon_1	lattice_point	1	15	1,2:included=1:boundary=1	5952243826510282081
polygon_1	lattice_point	1	26	2,0:included=1:boundary=1	5952243826510282111
polygon_1	lattice_point	1	27	2,1:included=1:boundary=0	5952243826510282112
polygon_1	lattice_point	1	28	2,2:included=1:boundary=1	5952243826510282113
polygon_1	lattice_point	1	39	3,0:included=1:boundary=1	5952243826510282143
polygon_1	lattice_point	1	40	3,1:included=1:boundary=1	5952243826510282144
polygon_1	lattice_point	1	41	3,2:included=1:boundary=1	5952243826510282145
polygon_1	lattice_point	2	0	0,0:included=1:boundary=1	5952243826510283047
polygon_1	lattice_point	2	1	0,1:included=1:boundary=1	5952243826510283048
polygon_1	lattice_point	2	2	0,2:included=1:boundary=1	5952243826510283049
polygon_1	lattice_point	2	3	0,3:included=1:boundary=1	5952243826510283050
polygon_1	lattice_point	2	4	0,4:included=1:boundary=1	5952243826510283051
polygon_1	lattice_point	2	13	1,0:included=1:boundary=1	5952243826510283079
polygon_1	lattice_point	2	14	1,1:included=1:boundary=0	5952243826510283080
polygon_1	lattice_point	2	15	1,2:included=1:boundary=0	5952243826510283081
polygon_1	lattice_point	2	16	1,3:included=1:boundary=0	5952243826510283082
polygon_1	lattice_point	2	17	1,4:included=1:boundary=1	5952243826510283083
polygon_1	lattice_point	2	26	2,0:included=1:boundary=1	5952243826510283111
polygon_1	lattice_point	2	27	2,1:included=1:boundary=0	5952243826510283112
polygon_1	lattice_point	2	28	2,2:included=1:boundary=0	5952243826510283113
polygon_1	lattice_point	2	29	2,3:included=1:boundary=0	5952243826510283114
polygon_1	lattice_point	2	30	2,4:included=1:boundary=1	5952243826510283115
polygon_1	lattice_point	2	39	3,0:included=1:boundary=1	5952243826510283143
polygon_1	lattice_point	2	40	3,1:included=1:boundary=0	5952243826510283144
polygon_1	lattice_point	2	41	3,2:included=1:boundary=0	5952243826510283145
polygon_1	lattice_point	2	42	3,3:included=1:boundary=0	5952243826510283146
polygon_1	lattice_point	2	43	3,4:included=1:boundary=1	5952243826510283147
polygon_1	lattice_point	2	52	4,0:included=1:boundary=1	5952243826510283175
polygon_1	lattice_point	2	53	4,1:included=1:boundary=0	5952243826510283176
polygon_1	lattice_point	2	54	4,2:included=1:boundary=0	5952243826510283177
polygon_1	lattice_point	2	55	4,3:included=1:boundary=0	5952243826510283178
polygon_1	lattice_point	2	56	4,4:included=1:boundary=1	5952243826510283179
polygon_1	lattice_point	2	65	5,0:included=1:boundary=1	5952243826510283207
polygon_1	lattice_point	2	66	5,1:included=1:boundary=0	5952243826510283208
polygon_1	lattice_point	2	67	5,2:included=1:boundary=0	5952243826510283209
polygon_1	lattice_point	2	68	5,3:included=1:boundary=0	5952243826510283210
polygon_1	lattice_point	2	69	5,4:included=1:boundary=1	5952243826510283211
polygon_1	lattice_point	2	78	6,0:included=1:boundary=1	5952243826510283239
polygon_1	lattice_point	2	79	6,1:included=1:boundary=1	5952243826510283240
polygon_1	lattice_point	2	80	6,2:included=1:boundary=1	5952243826510283241
polygon_1	lattice_point	2	81	6,3:included=1:boundary=1	5952243826510283242
polygon_1	lattice_point	2	82	6,4:included=1:boundary=1	5952243826510283243
polygon_1	lattice_point	3	0	0,0:included=1:boundary=1	5952243826510284047
polygon_1	lattice_point	3	1	0,1:included=1:boundary=1	5952243826510284048
polygon_1	lattice_point	3	2	0,2:included=1:boundary=1	5952243826510284049
polygon_1	lattice_point	3	3	0,3:included=1:boundary=1	5952243826510284050
polygon_1	lattice_point	3	4	0,4:included=1:boundary=1	5952243826510284051
polygon_1	lattice_point	3	5	0,5:included=1:boundary=1	5952243826510284052
polygon_1	lattice_point	3	6	0,6:included=1:boundary=1	5952243826510284053
polygon_1	lattice_point	3	13	1,0:included=1:boundary=1	5952243826510284079
polygon_1	lattice_point	3	14	1,1:included=1:boundary=0	5952243826510284080
polygon_1	lattice_point	3	15	1,2:included=1:boundary=0	5952243826510284081
polygon_1	lattice_point	3	16	1,3:included=1:boundary=0	5952243826510284082
polygon_1	lattice_point	3	17	1,4:included=1:boundary=0	5952243826510284083
polygon_1	lattice_point	3	18	1,5:included=1:boundary=0	5952243826510284084
polygon_1	lattice_point	3	19	1,6:included=1:boundary=1	5952243826510284085
polygon_1	lattice_point	3	26	2,0:included=1:boundary=1	5952243826510284111
polygon_1	lattice_point	3	27	2,1:included=1:boundary=0	5952243826510284112
polygon_1	lattice_point	3	28	2,2:included=1:boundary=0	5952243826510284113
polygon_1	lattice_point	3	29	2,3:included=1:boundary=0	5952243826510284114
polygon_1	lattice_point	3	30	2,4:included=1:boundary=0	5952243826510284115
polygon_1	lattice_point	3	31	2,5:included=1:boundary=0	5952243826510284116
polygon_1	lattice_point	3	32	2,6:included=1:boundary=1	5952243826510284117
polygon_1	lattice_point	3	39	3,0:included=1:boundary=1	5952243826510284143
polygon_1	lattice_point	3	40	3,1:included=1:boundary=0	5952243826510284144
polygon_1	lattice_point	3	41	3,2:included=1:boundary=0	5952243826510284145
polygon_1	lattice_point	3	42	3,3:included=1:boundary=0	5952243826510284146
polygon_1	lattice_point	3	43	3,4:included=1:boundary=0	5952243826510284147
polygon_1	lattice_point	3	44	3,5:included=1:boundary=0	5952243826510284148
polygon_1	lattice_point	3	45	3,6:included=1:boundary=1	5952243826510284149
polygon_1	lattice_point	3	52	4,0:included=1:boundary=1	5952243826510284175
polygon_1	lattice_point	3	53	4,1:included=1:boundary=0	5952243826510284176
polygon_1	lattice_point	3	54	4,2:included=1:boundary=0	5952243826510284177
polygon_1	lattice_point	3	55	4,3:included=1:boundary=0	5952243826510284178
polygon_1	lattice_point	3	56	4,4:included=1:boundary=0	5952243826510284179
polygon_1	lattice_point	3	57	4,5:included=1:boundary=0	5952243826510284180
polygon_1	lattice_point	3	58	4,6:included=1:boundary=1	5952243826510284181
polygon_1	lattice_point	3	65	5,0:included=1:boundary=1	5952243826510284207
polygon_1	lattice_point	3	66	5,1:included=1:boundary=0	5952243826510284208
polygon_1	lattice_point	3	67	5,2:included=1:boundary=0	5952243826510284209
polygon_1	lattice_point	3	68	5,3:included=1:boundary=0	5952243826510284210
polygon_1	lattice_point	3	69	5,4:included=1:boundary=0	5952243826510284211
polygon_1	lattice_point	3	70	5,5:included=1:boundary=0	5952243826510284212
polygon_1	lattice_point	3	71	5,6:included=1:boundary=1	5952243826510284213
polygon_1	lattice_point	3	78	6,0:included=1:boundary=1	5952243826510284239
polygon_1	lattice_point	3	79	6,1:included=1:boundary=0	5952243826510284240
polygon_1	lattice_point	3	80	6,2:included=1:boundary=0	5952243826510284241
polygon_1	lattice_point	3	81	6,3:included=1:boundary=0	5952243826510284242
polygon_1	lattice_point	3	82	6,4:included=1:boundary=0	5952243826510284243
polygon_1	lattice_point	3	83	6,5:included=1:boundary=0	5952243826510284244
polygon_1	lattice_point	3	84	6,6:included=1:boundary=1	5952243826510284245
polygon_1	lattice_point	3	91	7,0:included=1:boundary=1	5952243826510284271
polygon_1	lattice_point	3	92	7,1:included=1:boundary=0	5952243826510284272
polygon_1	lattice_point	3	93	7,2:included=1:boundary=0	5952243826510284273
polygon_1	lattice_point	3	94	7,3:included=1:boundary=0	5952243826510284274
polygon_1	lattice_point	3	95	7,4:included=1:boundary=0	5952243826510284275
polygon_1	lattice_point	3	96	7,5:included=1:boundary=0	5952243826510284276
polygon_1	lattice_point	3	97	7,6:included=1:boundary=1	5952243826510284277
polygon_1	lattice_point	3	104	8,0:included=1:boundary=1	5952243826510284303
polygon_1	lattice_point	3	105	8,1:included=1:boundary=0	5952243826510284304
polygon_1	lattice_point	3	106	8,2:included=1:boundary=0	5952243826510284305
polygon_1	lattice_point	3	107	8,3:included=1:boundary=0	5952243826510284306
polygon_1	lattice_point	3	108	8,4:included=1:boundary=0	5952243826510284307
polygon_1	lattice_point	3	109	8,5:included=1:boundary=0	5952243826510284308
polygon_1	lattice_point	3	110	8,6:included=1:boundary=1	5952243826510284309
polygon_1	lattice_point	3	117	9,0:included=1:boundary=1	5952243826510284335
polygon_1	lattice_point	3	118	9,1:included=1:boundary=1	5952243826510284336
polygon_1	lattice_point	3	119	9,2:included=1:boundary=1	5952243826510284337
polygon_1	lattice_point	3	120	9,3:included=1:boundary=1	5952243826510284338
polygon_1	lattice_point	3	121	9,4:included=1:boundary=1	5952243826510284339
polygon_1	lattice_point	3	122	9,5:included=1:boundary=1	5952243826510284340
polygon_1	lattice_point	3	123	9,6:included=1:boundary=1	5952243826510284341
polygon_1	lattice_point	4	0	0,0:included=1:boundary=1	5952243826510285047
polygon_1	lattice_point	4	1	0,1:included=1:boundary=1	5952243826510285048
polygon_1	lattice_point	4	2	0,2:included=1:boundary=1	5952243826510285049
polygon_1	lattice_point	4	3	0,3:included=1:boundary=1	5952243826510285050
polygon_1	lattice_point	4	4	0,4:included=1:boundary=1	5952243826510285051
polygon_1	lattice_point	4	5	0,5:included=1:boundary=1	5952243826510285052
polygon_1	lattice_point	4	6	0,6:included=1:boundary=1	5952243826510285053
polygon_1	lattice_point	4	7	0,7:included=1:boundary=1	5952243826510285054
polygon_1	lattice_point	4	8	0,8:included=1:boundary=1	5952243826510285055
polygon_1	lattice_point	4	13	1,0:included=1:boundary=1	5952243826510285079
polygon_1	lattice_point	4	14	1,1:included=1:boundary=0	5952243826510285080
polygon_1	lattice_point	4	15	1,2:included=1:boundary=0	5952243826510285081
polygon_1	lattice_point	4	16	1,3:included=1:boundary=0	5952243826510285082
polygon_1	lattice_point	4	17	1,4:included=1:boundary=0	5952243826510285083
polygon_1	lattice_point	4	18	1,5:included=1:boundary=0	5952243826510285084
polygon_1	lattice_point	4	19	1,6:included=1:boundary=0	5952243826510285085
polygon_1	lattice_point	4	20	1,7:included=1:boundary=0	5952243826510285086
polygon_1	lattice_point	4	21	1,8:included=1:boundary=1	5952243826510285087
polygon_1	lattice_point	4	26	2,0:included=1:boundary=1	5952243826510285111
polygon_1	lattice_point	4	27	2,1:included=1:boundary=0	5952243826510285112
polygon_1	lattice_point	4	28	2,2:included=1:boundary=0	5952243826510285113
polygon_1	lattice_point	4	29	2,3:included=1:boundary=0	5952243826510285114
polygon_1	lattice_point	4	30	2,4:included=1:boundary=0	5952243826510285115
polygon_1	lattice_point	4	31	2,5:included=1:boundary=0	5952243826510285116
polygon_1	lattice_point	4	32	2,6:included=1:boundary=0	5952243826510285117
polygon_1	lattice_point	4	33	2,7:included=1:boundary=0	5952243826510285118
polygon_1	lattice_point	4	34	2,8:included=1:boundary=1	5952243826510285119
polygon_1	lattice_point	4	39	3,0:included=1:boundary=1	5952243826510285143
polygon_1	lattice_point	4	40	3,1:included=1:boundary=0	5952243826510285144
polygon_1	lattice_point	4	41	3,2:included=1:boundary=0	5952243826510285145
polygon_1	lattice_point	4	42	3,3:included=1:boundary=0	5952243826510285146
polygon_1	lattice_point	4	43	3,4:included=1:boundary=0	5952243826510285147
polygon_1	lattice_point	4	44	3,5:included=1:boundary=0	5952243826510285148
polygon_1	lattice_point	4	45	3,6:included=1:boundary=0	5952243826510285149
polygon_1	lattice_point	4	46	3,7:included=1:boundary=0	5952243826510285150
polygon_1	lattice_point	4	47	3,8:included=1:boundary=1	5952243826510285151
polygon_1	lattice_point	4	52	4,0:included=1:boundary=1	5952243826510285175
polygon_1	lattice_point	4	53	4,1:included=1:boundary=0	5952243826510285176
polygon_1	lattice_point	4	54	4,2:included=1:boundary=0	5952243826510285177
polygon_1	lattice_point	4	55	4,3:included=1:boundary=0	5952243826510285178
polygon_1	lattice_point	4	56	4,4:included=1:boundary=0	5952243826510285179
polygon_1	lattice_point	4	57	4,5:included=1:boundary=0	5952243826510285180
polygon_1	lattice_point	4	58	4,6:included=1:boundary=0	5952243826510285181
polygon_1	lattice_point	4	59	4,7:included=1:boundary=0	5952243826510285182
polygon_1	lattice_point	4	60	4,8:included=1:boundary=1	5952243826510285183
polygon_1	lattice_point	4	65	5,0:included=1:boundary=1	5952243826510285207
polygon_1	lattice_point	4	66	5,1:included=1:boundary=0	5952243826510285208
polygon_1	lattice_point	4	67	5,2:included=1:boundary=0	5952243826510285209
polygon_1	lattice_point	4	68	5,3:included=1:boundary=0	5952243826510285210
polygon_1	lattice_point	4	69	5,4:included=1:boundary=0	5952243826510285211
polygon_1	lattice_point	4	70	5,5:included=1:boundary=0	5952243826510285212
polygon_1	lattice_point	4	71	5,6:included=1:boundary=0	5952243826510285213
polygon_1	lattice_point	4	72	5,7:included=1:boundary=0	5952243826510285214
polygon_1	lattice_point	4	73	5,8:included=1:boundary=1	5952243826510285215
polygon_1	lattice_point	4	78	6,0:included=1:boundary=1	5952243826510285239
polygon_1	lattice_point	4	79	6,1:included=1:boundary=0	5952243826510285240
polygon_1	lattice_point	4	80	6,2:included=1:boundary=0	5952243826510285241
polygon_1	lattice_point	4	81	6,3:included=1:boundary=0	5952243826510285242
polygon_1	lattice_point	4	82	6,4:included=1:boundary=0	5952243826510285243
polygon_1	lattice_point	4	83	6,5:included=1:boundary=0	5952243826510285244
polygon_1	lattice_point	4	84	6,6:included=1:boundary=0	5952243826510285245
polygon_1	lattice_point	4	85	6,7:included=1:boundary=0	5952243826510285246
polygon_1	lattice_point	4	86	6,8:included=1:boundary=1	5952243826510285247
polygon_1	lattice_point	4	91	7,0:included=1:boundary=1	5952243826510285271
polygon_1	lattice_point	4	92	7,1:included=1:boundary=0	5952243826510285272
polygon_1	lattice_point	4	93	7,2:included=1:boundary=0	5952243826510285273
polygon_1	lattice_point	4	94	7,3:included=1:boundary=0	5952243826510285274
polygon_1	lattice_point	4	95	7,4:included=1:boundary=0	5952243826510285275
polygon_1	lattice_point	4	96	7,5:included=1:boundary=0	5952243826510285276
polygon_1	lattice_point	4	97	7,6:included=1:boundary=0	5952243826510285277
polygon_1	lattice_point	4	98	7,7:included=1:boundary=0	5952243826510285278
polygon_1	lattice_point	4	99	7,8:included=1:boundary=1	5952243826510285279
polygon_1	lattice_point	4	104	8,0:included=1:boundary=1	5952243826510285303
polygon_1	lattice_point	4	105	8,1:included=1:boundary=0	5952243826510285304
polygon_1	lattice_point	4	106	8,2:included=1:boundary=0	5952243826510285305
polygon_1	lattice_point	4	107	8,3:included=1:boundary=0	5952243826510285306
polygon_1	lattice_point	4	108	8,4:included=1:boundary=0	5952243826510285307
polygon_1	lattice_point	4	109	8,5:included=1:boundary=0	5952243826510285308
polygon_1	lattice_point	4	110	8,6:included=1:boundary=0	5952243826510285309
polygon_1	lattice_point	4	111	8,7:included=1:boundary=0	5952243826510285310
polygon_1	lattice_point	4	112	8,8:included=1:boundary=1	5952243826510285311
polygon_1	lattice_point	4	117	9,0:included=1:boundary=1	5952243826510285335
polygon_1	lattice_point	4	118	9,1:included=1:boundary=0	5952243826510285336
polygon_1	lattice_point	4	119	9,2:included=1:boundary=0	5952243826510285337
polygon_1	lattice_point	4	120	9,3:included=1:boundary=0	5952243826510285338
polygon_1	lattice_point	4	121	9,4:included=1:boundary=0	5952243826510285339
polygon_1	lattice_point	4	122	9,5:included=1:boundary=0	5952243826510285340
polygon_1	lattice_point	4	123	9,6:included=1:boundary=0	5952243826510285341
polygon_1	lattice_point	4	124	9,7:included=1:boundary=0	5952243826510285342
polygon_1	lattice_point	4	125	9,8:included=1:boundary=1	5952243826510285343
polygon_1	lattice_point	4	130	10,0:included=1:boundary=1	5952243826510285367
polygon_1	lattice_point	4	131	10,1:included=1:boundary=0	5952243826510285368
polygon_1	lattice_point	4	132	10,2:included=1:boundary=0	5952243826510285369
polygon_1	lattice_point	4	133	10,3:included=1:boundary=0	5952243826510285370
polygon_1	lattice_point	4	134	10,4:included=1:boundary=0	5952243826510285371
polygon_1	lattice_point	4	135	10,5:included=1:boundary=0	5952243826510285372
polygon_1	lattice_point	4	136	10,6:included=1:boundary=0	5952243826510285373
polygon_1	lattice_point	4	137	10,7:included=1:boundary=0	5952243826510285374
polygon_1	lattice_point	4	138	10,8:included=1:boundary=1	5952243826510285375
polygon_1	lattice_point	4	143	11,0:included=1:boundary=1	5952243826510285399
polygon_1	lattice_point	4	144	11,1:included=1:boundary=0	5952243826510285400
polygon_1	lattice_point	4	145	11,2:included=1:boundary=0	5952243826510285401
polygon_1	lattice_point	4	146	11,3:included=1:boundary=0	5952243826510285402
polygon_1	lattice_point	4	147	11,4:included=1:boundary=0	5952243826510285403
polygon_1	lattice_point	4	148	11,5:included=1:boundary=0	5952243826510285404
polygon_1	lattice_point	4	149	11,6:included=1:boundary=0	5952243826510285405
polygon_1	lattice_point	4	150	11,7:included=1:boundary=0	5952243826510285406
polygon_1	lattice_point	4	151	11,8:included=1:boundary=1	5952243826510285407
polygon_1	lattice_point	4	156	12,0:included=1:boundary=1	5952243826510285431
polygon_1	lattice_point	4	157	12,1:included=1:boundary=1	5952243826510285432
polygon_1	lattice_point	4	158	12,2:included=1:boundary=1	5952243826510285433
polygon_1	lattice_point	4	159	12,3:included=1:boundary=1	5952243826510285434
polygon_1	lattice_point	4	160	12,4:included=1:boundary=1	5952243826510285435
polygon_1	lattice_point	4	161	12,5:included=1:boundary=1	5952243826510285436
polygon_1	lattice_point	4	162	12,6:included=1:boundary=1	5952243826510285437
polygon_1	lattice_point	4	163	12,7:included=1:boundary=1	5952243826510285438
polygon_1	lattice_point	4	164	12,8:included=1:boundary=1	5952243826510285439
polygon_2	polygon	0	-	10,12,0	5952243826510270049
polygon_2	lattice_point	0	0	0,0:included=1:boundary=1	5952243826510291047
polygon_2	lattice_point	1	0	0,0:included=1:boundary=1	5952243826510292047
polygon_2	lattice_point	1	1	0,1:included=1:boundary=1	5952243826510292048
polygon_2	lattice_point	1	2	0,2:included=1:boundary=1	5952243826510292049
polygon_2	lattice_point	1	3	0,3:included=1:boundary=1	5952243826510292050
polygon_2	lattice_point	1	13	1,0:included=1:boundary=1	5952243826510292079
polygon_2	lattice_point	1	14	1,1:included=1:boundary=1	5952243826510292080
polygon_2	lattice_point	1	15	1,2:included=1:boundary=1	5952243826510292081
polygon_2	lattice_point	1	16	1,3:included=1:boundary=1	5952243826510292082
polygon_2	lattice_point	1	26	2,0:included=1:boundary=1	5952243826510292111
polygon_2	lattice_point	1	27	2,1:included=1:boundary=1	5952243826510292112
polygon_2	lattice_point	1	28	2,2:included=0:boundary=0	5952243826510292113
polygon_2	lattice_point	1	29	2,3:included=0:boundary=0	5952243826510292114
polygon_2	lattice_point	1	39	3,0:included=1:boundary=1	5952243826510292143
polygon_2	lattice_point	1	40	3,1:included=1:boundary=1	5952243826510292144
polygon_2	lattice_point	1	41	3,2:included=0:boundary=0	5952243826510292145
polygon_2	lattice_point	1	42	3,3:included=0:boundary=0	5952243826510292146
polygon_2	lattice_point	2	0	0,0:included=1:boundary=1	5952243826510293047
polygon_2	lattice_point	2	1	0,1:included=1:boundary=1	5952243826510293048
polygon_2	lattice_point	2	2	0,2:included=1:boundary=1	5952243826510293049
polygon_2	lattice_point	2	3	0,3:included=1:boundary=1	5952243826510293050
polygon_2	lattice_point	2	4	0,4:included=1:boundary=1	5952243826510293051
polygon_2	lattice_point	2	5	0,5:included=1:boundary=1	5952243826510293052
polygon_2	lattice_point	2	6	0,6:included=1:boundary=1	5952243826510293053
polygon_2	lattice_point	2	13	1,0:included=1:boundary=1	5952243826510293079
polygon_2	lattice_point	2	14	1,1:included=1:boundary=0	5952243826510293080
polygon_2	lattice_point	2	15	1,2:included=1:boundary=0	5952243826510293081
polygon_2	lattice_point	2	16	1,3:included=1:boundary=0	5952243826510293082
polygon_2	lattice_point	2	17	1,4:included=1:boundary=0	5952243826510293083
polygon_2	lattice_point	2	18	1,5:included=1:boundary=0	5952243826510293084
polygon_2	lattice_point	2	19	1,6:included=1:boundary=1	5952243826510293085
polygon_2	lattice_point	2	26	2,0:included=1:boundary=1	5952243826510293111
polygon_2	lattice_point	2	27	2,1:included=1:boundary=0	5952243826510293112
polygon_2	lattice_point	2	28	2,2:included=1:boundary=1	5952243826510293113
polygon_2	lattice_point	2	29	2,3:included=1:boundary=1	5952243826510293114
polygon_2	lattice_point	2	30	2,4:included=1:boundary=1	5952243826510293115
polygon_2	lattice_point	2	31	2,5:included=1:boundary=1	5952243826510293116
polygon_2	lattice_point	2	32	2,6:included=1:boundary=1	5952243826510293117
polygon_2	lattice_point	2	39	3,0:included=1:boundary=1	5952243826510293143
polygon_2	lattice_point	2	40	3,1:included=1:boundary=0	5952243826510293144
polygon_2	lattice_point	2	41	3,2:included=1:boundary=1	5952243826510293145
polygon_2	lattice_point	2	42	3,3:included=0:boundary=0	5952243826510293146
polygon_2	lattice_point	2	43	3,4:included=0:boundary=0	5952243826510293147
polygon_2	lattice_point	2	44	3,5:included=0:boundary=0	5952243826510293148
polygon_2	lattice_point	2	45	3,6:included=0:boundary=0	5952243826510293149
polygon_2	lattice_point	2	52	4,0:included=1:boundary=1	5952243826510293175
polygon_2	lattice_point	2	53	4,1:included=1:boundary=0	5952243826510293176
polygon_2	lattice_point	2	54	4,2:included=1:boundary=1	5952243826510293177
polygon_2	lattice_point	2	55	4,3:included=0:boundary=0	5952243826510293178
polygon_2	lattice_point	2	56	4,4:included=0:boundary=0	5952243826510293179
polygon_2	lattice_point	2	57	4,5:included=0:boundary=0	5952243826510293180
polygon_2	lattice_point	2	58	4,6:included=0:boundary=0	5952243826510293181
polygon_2	lattice_point	2	65	5,0:included=1:boundary=1	5952243826510293207
polygon_2	lattice_point	2	66	5,1:included=1:boundary=0	5952243826510293208
polygon_2	lattice_point	2	67	5,2:included=1:boundary=1	5952243826510293209
polygon_2	lattice_point	2	68	5,3:included=0:boundary=0	5952243826510293210
polygon_2	lattice_point	2	69	5,4:included=0:boundary=0	5952243826510293211
polygon_2	lattice_point	2	70	5,5:included=0:boundary=0	5952243826510293212
polygon_2	lattice_point	2	71	5,6:included=0:boundary=0	5952243826510293213
polygon_2	lattice_point	2	78	6,0:included=1:boundary=1	5952243826510293239
polygon_2	lattice_point	2	79	6,1:included=1:boundary=1	5952243826510293240
polygon_2	lattice_point	2	80	6,2:included=1:boundary=1	5952243826510293241
polygon_2	lattice_point	2	81	6,3:included=0:boundary=0	5952243826510293242
polygon_2	lattice_point	2	82	6,4:included=0:boundary=0	5952243826510293243
polygon_2	lattice_point	2	83	6,5:included=0:boundary=0	5952243826510293244
polygon_2	lattice_point	2	84	6,6:included=0:boundary=0	5952243826510293245
polygon_2	lattice_point	3	0	0,0:included=1:boundary=1	5952243826510294047
polygon_2	lattice_point	3	1	0,1:included=1:boundary=1	5952243826510294048
polygon_2	lattice_point	3	2	0,2:included=1:boundary=1	5952243826510294049
polygon_2	lattice_point	3	3	0,3:included=1:boundary=1	5952243826510294050
polygon_2	lattice_point	3	4	0,4:included=1:boundary=1	5952243826510294051
polygon_2	lattice_point	3	5	0,5:included=1:boundary=1	5952243826510294052
polygon_2	lattice_point	3	6	0,6:included=1:boundary=1	5952243826510294053
polygon_2	lattice_point	3	7	0,7:included=1:boundary=1	5952243826510294054
polygon_2	lattice_point	3	8	0,8:included=1:boundary=1	5952243826510294055
polygon_2	lattice_point	3	9	0,9:included=1:boundary=1	5952243826510294056
polygon_2	lattice_point	3	13	1,0:included=1:boundary=1	5952243826510294079
polygon_2	lattice_point	3	14	1,1:included=1:boundary=0	5952243826510294080
polygon_2	lattice_point	3	15	1,2:included=1:boundary=0	5952243826510294081
polygon_2	lattice_point	3	16	1,3:included=1:boundary=0	5952243826510294082
polygon_2	lattice_point	3	17	1,4:included=1:boundary=0	5952243826510294083
polygon_2	lattice_point	3	18	1,5:included=1:boundary=0	5952243826510294084
polygon_2	lattice_point	3	19	1,6:included=1:boundary=0	5952243826510294085
polygon_2	lattice_point	3	20	1,7:included=1:boundary=0	5952243826510294086
polygon_2	lattice_point	3	21	1,8:included=1:boundary=0	5952243826510294087
polygon_2	lattice_point	3	22	1,9:included=1:boundary=1	5952243826510294088
polygon_2	lattice_point	3	26	2,0:included=1:boundary=1	5952243826510294111
polygon_2	lattice_point	3	27	2,1:included=1:boundary=0	5952243826510294112
polygon_2	lattice_point	3	28	2,2:included=1:boundary=0	5952243826510294113
polygon_2	lattice_point	3	29	2,3:included=1:boundary=0	5952243826510294114
polygon_2	lattice_point	3	30	2,4:included=1:boundary=0	5952243826510294115
polygon_2	lattice_point	3	31	2,5:included=1:boundary=0	5952243826510294116
polygon_2	lattice_point	3	32	2,6:included=1:boundary=0	5952243826510294117
polygon_2	lattice_point	3	33	2,7:included=1:boundary=0	5952243826510294118
polygon_2	lattice_point	3	34	2,8:included=1:boundary=0	5952243826510294119
polygon_2	lattice_point	3	35	2,9:included=1:boundary=1	5952243826510294120
polygon_2	lattice_point	3	39	3,0:included=1:boundary=1	5952243826510294143
polygon_2	lattice_point	3	40	3,1:included=1:boundary=0	5952243826510294144
polygon_2	lattice_point	3	41	3,2:included=1:boundary=0	5952243826510294145
polygon_2	lattice_point	3	42	3,3:included=1:boundary=1	5952243826510294146
polygon_2	lattice_point	3	43	3,4:included=1:boundary=1	5952243826510294147
polygon_2	lattice_point	3	44	3,5:included=1:boundary=1	5952243826510294148
polygon_2	lattice_point	3	45	3,6:included=1:boundary=1	5952243826510294149
polygon_2	lattice_point	3	46	3,7:included=1:boundary=1	5952243826510294150
polygon_2	lattice_point	3	47	3,8:included=1:boundary=1	5952243826510294151
polygon_2	lattice_point	3	48	3,9:included=1:boundary=1	5952243826510294152
polygon_2	lattice_point	3	52	4,0:included=1:boundary=1	5952243826510294175
polygon_2	lattice_point	3	53	4,1:included=1:boundary=0	5952243826510294176
polygon_2	lattice_point	3	54	4,2:included=1:boundary=0	5952243826510294177
polygon_2	lattice_point	3	55	4,3:included=1:boundary=1	5952243826510294178
polygon_2	lattice_point	3	56	4,4:included=0:boundary=0	5952243826510294179
polygon_2	lattice_point	3	57	4,5:included=0:boundary=0	5952243826510294180
polygon_2	lattice_point	3	58	4,6:included=0:boundary=0	5952243826510294181
polygon_2	lattice_point	3	59	4,7:included=0:boundary=0	5952243826510294182
polygon_2	lattice_point	3	60	4,8:included=0:boundary=0	5952243826510294183
polygon_2	lattice_point	3	61	4,9:included=0:boundary=0	5952243826510294184
polygon_2	lattice_point	3	65	5,0:included=1:boundary=1	5952243826510294207
polygon_2	lattice_point	3	66	5,1:included=1:boundary=0	5952243826510294208
polygon_2	lattice_point	3	67	5,2:included=1:boundary=0	5952243826510294209
polygon_2	lattice_point	3	68	5,3:included=1:boundary=1	5952243826510294210
polygon_2	lattice_point	3	69	5,4:included=0:boundary=0	5952243826510294211
polygon_2	lattice_point	3	70	5,5:included=0:boundary=0	5952243826510294212
polygon_2	lattice_point	3	71	5,6:included=0:boundary=0	5952243826510294213
polygon_2	lattice_point	3	72	5,7:included=0:boundary=0	5952243826510294214
polygon_2	lattice_point	3	73	5,8:included=0:boundary=0	5952243826510294215
polygon_2	lattice_point	3	74	5,9:included=0:boundary=0	5952243826510294216
polygon_2	lattice_point	3	78	6,0:included=1:boundary=1	5952243826510294239
polygon_2	lattice_point	3	79	6,1:included=1:boundary=0	5952243826510294240
polygon_2	lattice_point	3	80	6,2:included=1:boundary=0	5952243826510294241
polygon_2	lattice_point	3	81	6,3:included=1:boundary=1	5952243826510294242
polygon_2	lattice_point	3	82	6,4:included=0:boundary=0	5952243826510294243
polygon_2	lattice_point	3	83	6,5:included=0:boundary=0	5952243826510294244
polygon_2	lattice_point	3	84	6,6:included=0:boundary=0	5952243826510294245
polygon_2	lattice_point	3	85	6,7:included=0:boundary=0	5952243826510294246
polygon_2	lattice_point	3	86	6,8:included=0:boundary=0	5952243826510294247
polygon_2	lattice_point	3	87	6,9:included=0:boundary=0	5952243826510294248
polygon_2	lattice_point	3	91	7,0:included=1:boundary=1	5952243826510294271
polygon_2	lattice_point	3	92	7,1:included=1:boundary=0	5952243826510294272
polygon_2	lattice_point	3	93	7,2:included=1:boundary=0	5952243826510294273
polygon_2	lattice_point	3	94	7,3:included=1:boundary=1	5952243826510294274
polygon_2	lattice_point	3	95	7,4:included=0:boundary=0	5952243826510294275
polygon_2	lattice_point	3	96	7,5:included=0:boundary=0	5952243826510294276
polygon_2	lattice_point	3	97	7,6:included=0:boundary=0	5952243826510294277
polygon_2	lattice_point	3	98	7,7:included=0:boundary=0	5952243826510294278
polygon_2	lattice_point	3	99	7,8:included=0:boundary=0	5952243826510294279
polygon_2	lattice_point	3	100	7,9:included=0:boundary=0	5952243826510294280
polygon_2	lattice_point	3	104	8,0:included=1:boundary=1	5952243826510294303
polygon_2	lattice_point	3	105	8,1:included=1:boundary=0	5952243826510294304
polygon_2	lattice_point	3	106	8,2:included=1:boundary=0	5952243826510294305
polygon_2	lattice_point	3	107	8,3:included=1:boundary=1	5952243826510294306
polygon_2	lattice_point	3	108	8,4:included=0:boundary=0	5952243826510294307
polygon_2	lattice_point	3	109	8,5:included=0:boundary=0	5952243826510294308
polygon_2	lattice_point	3	110	8,6:included=0:boundary=0	5952243826510294309
polygon_2	lattice_point	3	111	8,7:included=0:boundary=0	5952243826510294310
polygon_2	lattice_point	3	112	8,8:included=0:boundary=0	5952243826510294311
polygon_2	lattice_point	3	113	8,9:included=0:boundary=0	5952243826510294312
polygon_2	lattice_point	3	117	9,0:included=1:boundary=1	5952243826510294335
polygon_2	lattice_point	3	118	9,1:included=1:boundary=1	5952243826510294336
polygon_2	lattice_point	3	119	9,2:included=1:boundary=1	5952243826510294337
polygon_2	lattice_point	3	120	9,3:included=1:boundary=1	5952243826510294338
polygon_2	lattice_point	3	121	9,4:included=0:boundary=0	5952243826510294339
polygon_2	lattice_point	3	122	9,5:included=0:boundary=0	5952243826510294340
polygon_2	lattice_point	3	123	9,6:included=0:boundary=0	5952243826510294341
polygon_2	lattice_point	3	124	9,7:included=0:boundary=0	5952243826510294342
polygon_2	lattice_point	3	125	9,8:included=0:boundary=0	5952243826510294343
polygon_2	lattice_point	3	126	9,9:included=0:boundary=0	5952243826510294344
polygon_2	lattice_point	4	0	0,0:included=1:boundary=1	5952243826510295047
polygon_2	lattice_point	4	1	0,1:included=1:boundary=1	5952243826510295048
polygon_2	lattice_point	4	2	0,2:included=1:boundary=1	5952243826510295049
polygon_2	lattice_point	4	3	0,3:included=1:boundary=1	5952243826510295050
polygon_2	lattice_point	4	4	0,4:included=1:boundary=1	5952243826510295051
polygon_2	lattice_point	4	5	0,5:included=1:boundary=1	5952243826510295052
polygon_2	lattice_point	4	6	0,6:included=1:boundary=1	5952243826510295053
polygon_2	lattice_point	4	7	0,7:included=1:boundary=1	5952243826510295054
polygon_2	lattice_point	4	8	0,8:included=1:boundary=1	5952243826510295055
polygon_2	lattice_point	4	9	0,9:included=1:boundary=1	5952243826510295056
polygon_2	lattice_point	4	10	0,10:included=1:boundary=1	5952243826510295057
polygon_2	lattice_point	4	11	0,11:included=1:boundary=1	5952243826510295058
polygon_2	lattice_point	4	12	0,12:included=1:boundary=1	5952243826510295059
polygon_2	lattice_point	4	13	1,0:included=1:boundary=1	5952243826510295079
polygon_2	lattice_point	4	14	1,1:included=1:boundary=0	5952243826510295080
polygon_2	lattice_point	4	15	1,2:included=1:boundary=0	5952243826510295081
polygon_2	lattice_point	4	16	1,3:included=1:boundary=0	5952243826510295082
polygon_2	lattice_point	4	17	1,4:included=1:boundary=0	5952243826510295083
polygon_2	lattice_point	4	18	1,5:included=1:boundary=0	5952243826510295084
polygon_2	lattice_point	4	19	1,6:included=1:boundary=0	5952243826510295085
polygon_2	lattice_point	4	20	1,7:included=1:boundary=0	5952243826510295086
polygon_2	lattice_point	4	21	1,8:included=1:boundary=0	5952243826510295087
polygon_2	lattice_point	4	22	1,9:included=1:boundary=0	5952243826510295088
polygon_2	lattice_point	4	23	1,10:included=1:boundary=0	5952243826510295089
polygon_2	lattice_point	4	24	1,11:included=1:boundary=0	5952243826510295090
polygon_2	lattice_point	4	25	1,12:included=1:boundary=1	5952243826510295091
polygon_2	lattice_point	4	26	2,0:included=1:boundary=1	5952243826510295111
polygon_2	lattice_point	4	27	2,1:included=1:boundary=0	5952243826510295112
polygon_2	lattice_point	4	28	2,2:included=1:boundary=0	5952243826510295113
polygon_2	lattice_point	4	29	2,3:included=1:boundary=0	5952243826510295114
polygon_2	lattice_point	4	30	2,4:included=1:boundary=0	5952243826510295115
polygon_2	lattice_point	4	31	2,5:included=1:boundary=0	5952243826510295116
polygon_2	lattice_point	4	32	2,6:included=1:boundary=0	5952243826510295117
polygon_2	lattice_point	4	33	2,7:included=1:boundary=0	5952243826510295118
polygon_2	lattice_point	4	34	2,8:included=1:boundary=0	5952243826510295119
polygon_2	lattice_point	4	35	2,9:included=1:boundary=0	5952243826510295120
polygon_2	lattice_point	4	36	2,10:included=1:boundary=0	5952243826510295121
polygon_2	lattice_point	4	37	2,11:included=1:boundary=0	5952243826510295122
polygon_2	lattice_point	4	38	2,12:included=1:boundary=1	5952243826510295123
polygon_2	lattice_point	4	39	3,0:included=1:boundary=1	5952243826510295143
polygon_2	lattice_point	4	40	3,1:included=1:boundary=0	5952243826510295144
polygon_2	lattice_point	4	41	3,2:included=1:boundary=0	5952243826510295145
polygon_2	lattice_point	4	42	3,3:included=1:boundary=0	5952243826510295146
polygon_2	lattice_point	4	43	3,4:included=1:boundary=0	5952243826510295147
polygon_2	lattice_point	4	44	3,5:included=1:boundary=0	5952243826510295148
polygon_2	lattice_point	4	45	3,6:included=1:boundary=0	5952243826510295149
polygon_2	lattice_point	4	46	3,7:included=1:boundary=0	5952243826510295150
polygon_2	lattice_point	4	47	3,8:included=1:boundary=0	5952243826510295151
polygon_2	lattice_point	4	48	3,9:included=1:boundary=0	5952243826510295152
polygon_2	lattice_point	4	49	3,10:included=1:boundary=0	5952243826510295153
polygon_2	lattice_point	4	50	3,11:included=1:boundary=0	5952243826510295154
polygon_2	lattice_point	4	51	3,12:included=1:boundary=1	5952243826510295155
polygon_2	lattice_point	4	52	4,0:included=1:boundary=1	5952243826510295175
polygon_2	lattice_point	4	53	4,1:included=1:boundary=0	5952243826510295176
polygon_2	lattice_point	4	54	4,2:included=1:boundary=0	5952243826510295177
polygon_2	lattice_point	4	55	4,3:included=1:boundary=0	5952243826510295178
polygon_2	lattice_point	4	56	4,4:included=1:boundary=1	5952243826510295179
polygon_2	lattice_point	4	57	4,5:included=1:boundary=1	5952243826510295180
polygon_2	lattice_point	4	58	4,6:included=1:boundary=1	5952243826510295181
polygon_2	lattice_point	4	59	4,7:included=1:boundary=1	5952243826510295182
polygon_2	lattice_point	4	60	4,8:included=1:boundary=1	5952243826510295183
polygon_2	lattice_point	4	61	4,9:included=1:boundary=1	5952243826510295184
polygon_2	lattice_point	4	62	4,10:included=1:boundary=1	5952243826510295185
polygon_2	lattice_point	4	63	4,11:included=1:boundary=1	5952243826510295186
polygon_2	lattice_point	4	64	4,12:included=1:boundary=1	5952243826510295187
polygon_2	lattice_point	4	65	5,0:included=1:boundary=1	5952243826510295207
polygon_2	lattice_point	4	66	5,1:included=1:boundary=0	5952243826510295208
polygon_2	lattice_point	4	67	5,2:included=1:boundary=0	5952243826510295209
polygon_2	lattice_point	4	68	5,3:included=1:boundary=0	5952243826510295210
polygon_2	lattice_point	4	69	5,4:included=1:boundary=1	5952243826510295211
polygon_2	lattice_point	4	70	5,5:included=0:boundary=0	5952243826510295212
polygon_2	lattice_point	4	71	5,6:included=0:boundary=0	5952243826510295213
polygon_2	lattice_point	4	72	5,7:included=0:boundary=0	5952243826510295214
polygon_2	lattice_point	4	73	5,8:included=0:boundary=0	5952243826510295215
polygon_2	lattice_point	4	74	5,9:included=0:boundary=0	5952243826510295216
polygon_2	lattice_point	4	75	5,10:included=0:boundary=0	5952243826510295217
polygon_2	lattice_point	4	76	5,11:included=0:boundary=0	5952243826510295218
polygon_2	lattice_point	4	77	5,12:included=0:boundary=0	5952243826510295219
polygon_2	lattice_point	4	78	6,0:included=1:boundary=1	5952243826510295239
polygon_2	lattice_point	4	79	6,1:included=1:boundary=0	5952243826510295240
polygon_2	lattice_point	4	80	6,2:included=1:boundary=0	5952243826510295241
polygon_2	lattice_point	4	81	6,3:included=1:boundary=0	5952243826510295242
polygon_2	lattice_point	4	82	6,4:included=1:boundary=1	5952243826510295243
polygon_2	lattice_point	4	83	6,5:included=0:boundary=0	5952243826510295244
polygon_2	lattice_point	4	84	6,6:included=0:boundary=0	5952243826510295245
polygon_2	lattice_point	4	85	6,7:included=0:boundary=0	5952243826510295246
polygon_2	lattice_point	4	86	6,8:included=0:boundary=0	5952243826510295247
polygon_2	lattice_point	4	87	6,9:included=0:boundary=0	5952243826510295248
polygon_2	lattice_point	4	88	6,10:included=0:boundary=0	5952243826510295249
polygon_2	lattice_point	4	89	6,11:included=0:boundary=0	5952243826510295250
polygon_2	lattice_point	4	90	6,12:included=0:boundary=0	5952243826510295251
polygon_2	lattice_point	4	91	7,0:included=1:boundary=1	5952243826510295271
polygon_2	lattice_point	4	92	7,1:included=1:boundary=0	5952243826510295272
polygon_2	lattice_point	4	93	7,2:included=1:boundary=0	5952243826510295273
polygon_2	lattice_point	4	94	7,3:included=1:boundary=0	5952243826510295274
polygon_2	lattice_point	4	95	7,4:included=1:boundary=1	5952243826510295275
polygon_2	lattice_point	4	96	7,5:included=0:boundary=0	5952243826510295276
polygon_2	lattice_point	4	97	7,6:included=0:boundary=0	5952243826510295277
polygon_2	lattice_point	4	98	7,7:included=0:boundary=0	5952243826510295278
polygon_2	lattice_point	4	99	7,8:included=0:boundary=0	5952243826510295279
polygon_2	lattice_point	4	100	7,9:included=0:boundary=0	5952243826510295280
polygon_2	lattice_point	4	101	7,10:included=0:boundary=0	5952243826510295281
polygon_2	lattice_point	4	102	7,11:included=0:boundary=0	5952243826510295282
polygon_2	lattice_point	4	103	7,12:included=0:boundary=0	5952243826510295283
polygon_2	lattice_point	4	104	8,0:included=1:boundary=1	5952243826510295303
polygon_2	lattice_point	4	105	8,1:included=1:boundary=0	5952243826510295304
polygon_2	lattice_point	4	106	8,2:included=1:boundary=0	5952243826510295305
polygon_2	lattice_point	4	107	8,3:included=1:boundary=0	5952243826510295306
polygon_2	lattice_point	4	108	8,4:included=1:boundary=1	5952243826510295307
polygon_2	lattice_point	4	109	8,5:included=0:boundary=0	5952243826510295308
polygon_2	lattice_point	4	110	8,6:included=0:boundary=0	5952243826510295309
polygon_2	lattice_point	4	111	8,7:included=0:boundary=0	5952243826510295310
polygon_2	lattice_point	4	112	8,8:included=0:boundary=0	5952243826510295311
polygon_2	lattice_point	4	113	8,9:included=0:boundary=0	5952243826510295312
polygon_2	lattice_point	4	114	8,10:included=0:boundary=0	5952243826510295313
polygon_2	lattice_point	4	115	8,11:included=0:boundary=0	5952243826510295314
polygon_2	lattice_point	4	116	8,12:included=0:boundary=0	5952243826510295315
polygon_2	lattice_point	4	117	9,0:included=1:boundary=1	5952243826510295335
polygon_2	lattice_point	4	118	9,1:included=1:boundary=0	5952243826510295336
polygon_2	lattice_point	4	119	9,2:included=1:boundary=0	5952243826510295337
polygon_2	lattice_point	4	120	9,3:included=1:boundary=0	5952243826510295338
polygon_2	lattice_point	4	121	9,4:included=1:boundary=1	5952243826510295339
polygon_2	lattice_point	4	122	9,5:included=0:boundary=0	5952243826510295340
polygon_2	lattice_point	4	123	9,6:included=0:boundary=0	5952243826510295341
polygon_2	lattice_point	4	124	9,7:included=0:boundary=0	5952243826510295342
polygon_2	lattice_point	4	125	9,8:included=0:boundary=0	5952243826510295343
polygon_2	lattice_point	4	126	9,9:included=0:boundary=0	5952243826510295344
polygon_2	lattice_point	4	127	9,10:included=0:boundary=0	5952243826510295345
polygon_2	lattice_point	4	128	9,11:included=0:boundary=0	5952243826510295346
polygon_2	lattice_point	4	129	9,12:included=0:boundary=0	5952243826510295347
polygon_2	lattice_point	4	130	10,0:included=1:boundary=1	5952243826510295367
polygon_2	lattice_point	4	131	10,1:included=1:boundary=0	5952243826510295368
polygon_2	lattice_point	4	132	10,2:included=1:boundary=0	5952243826510295369
polygon_2	lattice_point	4	133	10,3:included=1:boundary=0	5952243826510295370
polygon_2	lattice_point	4	134	10,4:included=1:boundary=1	5952243826510295371
polygon_2	lattice_point	4	135	10,5:included=0:boundary=0	5952243826510295372
polygon_2	lattice_point	4	136	10,6:included=0:boundary=0	5952243826510295373
polygon_2	lattice_point	4	137	10,7:included=0:boundary=0	5952243826510295374
polygon_2	lattice_point	4	138	10,8:included=0:boundary=0	5952243826510295375
polygon_2	lattice_point	4	139	10,9:included=0:boundary=0	5952243826510295376
polygon_2	lattice_point	4	140	10,10:included=0:boundary=0	5952243826510295377
polygon_2	lattice_point	4	141	10,11:included=0:boundary=0	5952243826510295378
polygon_2	lattice_point	4	142	10,12:included=0:boundary=0	5952243826510295379
polygon_2	lattice_point	4	143	11,0:included=1:boundary=1	5952243826510295399
polygon_2	lattice_point	4	144	11,1:included=1:boundary=0	5952243826510295400
polygon_2	lattice_point	4	145	11,2:included=1:boundary=0	5952243826510295401
polygon_2	lattice_point	4	146	11,3:included=1:boundary=0	5952243826510295402
polygon_2	lattice_point	4	147	11,4:included=1:boundary=1	5952243826510295403
polygon_2	lattice_point	4	148	11,5:included=0:boundary=0	5952243826510295404
polygon_2	lattice_point	4	149	11,6:included=0:boundary=0	5952243826510295405
polygon_2	lattice_point	4	150	11,7:included=0:boundary=0	5952243826510295406
polygon_2	lattice_point	4	151	11,8:included=0:boundary=0	5952243826510295407
polygon_2	lattice_point	4	152	11,9:included=0:boundary=0	5952243826510295408
polygon_2	lattice_point	4	153	11,10:included=0:boundary=0	5952243826510295409
polygon_2	lattice_point	4	154	11,11:included=0:boundary=0	5952243826510295410
polygon_2	lattice_point	4	155	11,12:included=0:boundary=0	5952243826510295411
polygon_2	lattice_point	4	156	12,0:included=1:boundary=1	5952243826510295431
polygon_2	lattice_point	4	157	12,1:included=1:boundary=1	5952243826510295432
polygon_2	lattice_point	4	158	12,2:included=1:boundary=1	5952243826510295433
polygon_2	lattice_point	4	159	12,3:included=1:boundary=1	5952243826510295434
polygon_2	lattice_point	4	160	12,4:included=1:boundary=1	5952243826510295435
polygon_2	lattice_point	4	161	12,5:included=0:boundary=0	5952243826510295436
polygon_2	lattice_point	4	162	12,6:included=0:boundary=0	5952243826510295437
polygon_2	lattice_point	4	163	12,7:included=0:boundary=0	5952243826510295438
polygon_2	lattice_point	4	164	12,8:included=0:boundary=0	5952243826510295439
polygon_2	lattice_point	4	165	12,9:included=0:boundary=0	5952243826510295440
polygon_2	lattice_point	4	166	12,10:included=0:boundary=0	5952243826510295441
polygon_2	lattice_point	4	167	12,11:included=0:boundary=0	5952243826510295442
polygon_2	lattice_point	4	168	12,12:included=0:boundary=0	5952243826510295443
polygon_3	polygon	0	-	15,9,4	5952243826510270050
polygon_3	lattice_point	0	0	0,0:included=1:boundary=1	5952243826510301047
polygon_3	lattice_point	1	0	0,0:included=1:boundary=1	5952243826510302047
polygon_3	lattice_point	1	1	0,1:included=1:boundary=1	5952243826510302048
polygon_3	lattice_point	1	2	0,2:included=1:boundary=1	5952243826510302049
polygon_3	lattice_point	1	3	0,3:included=1:boundary=1	5952243826510302050
polygon_3	lattice_point	1	13	1,0:included=1:boundary=1	5952243826510302079
polygon_3	lattice_point	1	14	1,1:included=1:boundary=0	5952243826510302080
polygon_3	lattice_point	1	15	1,2:included=1:boundary=0	5952243826510302081
polygon_3	lattice_point	1	16	1,3:included=0:boundary=0	5952243826510302082
polygon_3	lattice_point	1	26	2,0:included=1:boundary=1	5952243826510302111
polygon_3	lattice_point	1	27	2,1:included=1:boundary=0	5952243826510302112
polygon_3	lattice_point	1	28	2,2:included=0:boundary=0	5952243826510302113
polygon_3	lattice_point	1	29	2,3:included=0:boundary=0	5952243826510302114
polygon_3	lattice_point	1	39	3,0:included=1:boundary=1	5952243826510302143
polygon_3	lattice_point	1	40	3,1:included=1:boundary=0	5952243826510302144
polygon_3	lattice_point	1	41	3,2:included=0:boundary=0	5952243826510302145
polygon_3	lattice_point	1	42	3,3:included=0:boundary=0	5952243826510302146
polygon_3	lattice_point	1	52	4,0:included=1:boundary=1	5952243826510302175
polygon_3	lattice_point	1	53	4,1:included=0:boundary=0	5952243826510302176
polygon_3	lattice_point	1	54	4,2:included=0:boundary=0	5952243826510302177
polygon_3	lattice_point	1	55	4,3:included=0:boundary=0	5952243826510302178
polygon_3	lattice_point	1	65	5,0:included=1:boundary=1	5952243826510302207
polygon_3	lattice_point	1	66	5,1:included=0:boundary=0	5952243826510302208
polygon_3	lattice_point	1	67	5,2:included=0:boundary=0	5952243826510302209
polygon_3	lattice_point	1	68	5,3:included=0:boundary=0	5952243826510302210
polygon_3	lattice_point	2	0	0,0:included=1:boundary=1	5952243826510303047
polygon_3	lattice_point	2	1	0,1:included=1:boundary=1	5952243826510303048
polygon_3	lattice_point	2	2	0,2:included=1:boundary=1	5952243826510303049
polygon_3	lattice_point	2	3	0,3:included=1:boundary=1	5952243826510303050
polygon_3	lattice_point	2	4	0,4:included=1:boundary=1	5952243826510303051
polygon_3	lattice_point	2	5	0,5:included=1:boundary=1	5952243826510303052
polygon_3	lattice_point	2	6	0,6:included=1:boundary=1	5952243826510303053
polygon_3	lattice_point	2	13	1,0:included=1:boundary=1	5952243826510303079
polygon_3	lattice_point	2	14	1,1:included=1:boundary=0	5952243826510303080
polygon_3	lattice_point	2	15	1,2:included=1:boundary=0	5952243826510303081
polygon_3	lattice_point	2	16	1,3:included=1:boundary=0	5952243826510303082
polygon_3	lattice_point	2	17	1,4:included=1:boundary=0	5952243826510303083
polygon_3	lattice_point	2	18	1,5:included=1:boundary=0	5952243826510303084
polygon_3	lattice_point	2	19	1,6:included=0:boundary=0	5952243826510303085
polygon_3	lattice_point	2	26	2,0:included=1:boundary=1	5952243826510303111
polygon_3	lattice_point	2	27	2,1:included=1:boundary=0	5952243826510303112
polygon_3	lattice_point	2	28	2,2:included=1:boundary=0	5952243826510303113
polygon_3	lattice_point	2	29	2,3:included=1:boundary=0	5952243826510303114
polygon_3	lattice_point	2	30	2,4:included=1:boundary=0	5952243826510303115
polygon_3	lattice_point	2	31	2,5:included=0:boundary=0	5952243826510303116
polygon_3	lattice_point	2	32	2,6:included=0:boundary=0	5952243826510303117
polygon_3	lattice_point	2	39	3,0:included=1:boundary=1	5952243826510303143
polygon_3	lattice_point	2	40	3,1:included=1:boundary=0	5952243826510303144
polygon_3	lattice_point	2	41	3,2:included=1:boundary=0	5952243826510303145
polygon_3	lattice_point	2	42	3,3:included=1:boundary=0	5952243826510303146
polygon_3	lattice_point	2	43	3,4:included=1:boundary=0	5952243826510303147
polygon_3	lattice_point	2	44	3,5:included=0:boundary=0	5952243826510303148
polygon_3	lattice_point	2	45	3,6:included=0:boundary=0	5952243826510303149
polygon_3	lattice_point	2	52	4,0:included=1:boundary=1	5952243826510303175
polygon_3	lattice_point	2	53	4,1:included=1:boundary=0	5952243826510303176
polygon_3	lattice_point	2	54	4,2:included=1:boundary=0	5952243826510303177
polygon_3	lattice_point	2	55	4,3:included=1:boundary=0	5952243826510303178
polygon_3	lattice_point	2	56	4,4:included=0:boundary=0	5952243826510303179
polygon_3	lattice_point	2	57	4,5:included=0:boundary=0	5952243826510303180
polygon_3	lattice_point	2	58	4,6:included=0:boundary=0	5952243826510303181
polygon_3	lattice_point	2	65	5,0:included=1:boundary=1	5952243826510303207
polygon_3	lattice_point	2	66	5,1:included=1:boundary=0	5952243826510303208
polygon_3	lattice_point	2	67	5,2:included=1:boundary=0	5952243826510303209
polygon_3	lattice_point	2	68	5,3:included=1:boundary=1	5952243826510303210
polygon_3	lattice_point	2	69	5,4:included=0:boundary=0	5952243826510303211
polygon_3	lattice_point	2	70	5,5:included=0:boundary=0	5952243826510303212
polygon_3	lattice_point	2	71	5,6:included=0:boundary=0	5952243826510303213
polygon_3	lattice_point	2	78	6,0:included=1:boundary=1	5952243826510303239
polygon_3	lattice_point	2	79	6,1:included=1:boundary=0	5952243826510303240
polygon_3	lattice_point	2	80	6,2:included=1:boundary=0	5952243826510303241
polygon_3	lattice_point	2	81	6,3:included=0:boundary=0	5952243826510303242
polygon_3	lattice_point	2	82	6,4:included=0:boundary=0	5952243826510303243
polygon_3	lattice_point	2	83	6,5:included=0:boundary=0	5952243826510303244
polygon_3	lattice_point	2	84	6,6:included=0:boundary=0	5952243826510303245
polygon_3	lattice_point	2	91	7,0:included=1:boundary=1	5952243826510303271
polygon_3	lattice_point	2	92	7,1:included=1:boundary=0	5952243826510303272
polygon_3	lattice_point	2	93	7,2:included=0:boundary=0	5952243826510303273
polygon_3	lattice_point	2	94	7,3:included=0:boundary=0	5952243826510303274
polygon_3	lattice_point	2	95	7,4:included=0:boundary=0	5952243826510303275
polygon_3	lattice_point	2	96	7,5:included=0:boundary=0	5952243826510303276
polygon_3	lattice_point	2	97	7,6:included=0:boundary=0	5952243826510303277
polygon_3	lattice_point	2	104	8,0:included=1:boundary=1	5952243826510303303
polygon_3	lattice_point	2	105	8,1:included=1:boundary=0	5952243826510303304
polygon_3	lattice_point	2	106	8,2:included=0:boundary=0	5952243826510303305
polygon_3	lattice_point	2	107	8,3:included=0:boundary=0	5952243826510303306
polygon_3	lattice_point	2	108	8,4:included=0:boundary=0	5952243826510303307
polygon_3	lattice_point	2	109	8,5:included=0:boundary=0	5952243826510303308
polygon_3	lattice_point	2	110	8,6:included=0:boundary=0	5952243826510303309
polygon_3	lattice_point	2	117	9,0:included=1:boundary=1	5952243826510303335
polygon_3	lattice_point	2	118	9,1:included=0:boundary=0	5952243826510303336
polygon_3	lattice_point	2	119	9,2:included=0:boundary=0	5952243826510303337
polygon_3	lattice_point	2	120	9,3:included=0:boundary=0	5952243826510303338
polygon_3	lattice_point	2	121	9,4:included=0:boundary=0	5952243826510303339
polygon_3	lattice_point	2	122	9,5:included=0:boundary=0	5952243826510303340
polygon_3	lattice_point	2	123	9,6:included=0:boundary=0	5952243826510303341
polygon_3	lattice_point	2	130	10,0:included=1:boundary=1	5952243826510303367
polygon_3	lattice_point	2	131	10,1:included=0:boundary=0	5952243826510303368
polygon_3	lattice_point	2	132	10,2:included=0:boundary=0	5952243826510303369
polygon_3	lattice_point	2	133	10,3:included=0:boundary=0	5952243826510303370
polygon_3	lattice_point	2	134	10,4:included=0:boundary=0	5952243826510303371
polygon_3	lattice_point	2	135	10,5:included=0:boundary=0	5952243826510303372
polygon_3	lattice_point	2	136	10,6:included=0:boundary=0	5952243826510303373
polygon_3	lattice_point	3	0	0,0:included=1:boundary=1	5952243826510304047
polygon_3	lattice_point	3	1	0,1:included=1:boundary=1	5952243826510304048
polygon_3	lattice_point	3	2	0,2:included=1:boundary=1	5952243826510304049
polygon_3	lattice_point	3	3	0,3:included=1:boundary=1	5952243826510304050
polygon_3	lattice_point	3	4	0,4:included=1:boundary=1	5952243826510304051
polygon_3	lattice_point	3	5	0,5:included=1:boundary=1	5952243826510304052
polygon_3	lattice_point	3	6	0,6:included=1:boundary=1	5952243826510304053
polygon_3	lattice_point	3	7	0,7:included=1:boundary=1	5952243826510304054
polygon_3	lattice_point	3	8	0,8:included=1:boundary=1	5952243826510304055
polygon_3	lattice_point	3	9	0,9:included=1:boundary=1	5952243826510304056
polygon_3	lattice_point	3	13	1,0:included=1:boundary=1	5952243826510304079
polygon_3	lattice_point	3	14	1,1:included=1:boundary=0	5952243826510304080
polygon_3	lattice_point	3	15	1,2:included=1:boundary=0	5952243826510304081
polygon_3	lattice_point	3	16	1,3:included=1:boundary=0	5952243826510304082
polygon_3	lattice_point	3	17	1,4:included=1:boundary=0	5952243826510304083
polygon_3	lattice_point	3	18	1,5:included=1:boundary=0	5952243826510304084
polygon_3	lattice_point	3	19	1,6:included=1:boundary=0	5952243826510304085
polygon_3	lattice_point	3	20	1,7:included=1:boundary=0	5952243826510304086
polygon_3	lattice_point	3	21	1,8:included=1:boundary=0	5952243826510304087
polygon_3	lattice_point	3	22	1,9:included=0:boundary=0	5952243826510304088
polygon_3	lattice_point	3	26	2,0:included=1:boundary=1	5952243826510304111
polygon_3	lattice_point	3	27	2,1:included=1:boundary=0	5952243826510304112
polygon_3	lattice_point	3	28	2,2:included=1:boundary=0	5952243826510304113
polygon_3	lattice_point	3	29	2,3:included=1:boundary=0	5952243826510304114
polygon_3	lattice_point	3	30	2,4:included=1:boundary=0	5952243826510304115
polygon_3	lattice_point	3	31	2,5:included=1:boundary=0	5952243826510304116
polygon_3	lattice_point	3	32	2,6:included=1:boundary=0	5952243826510304117
polygon_3	lattice_point	3	33	2,7:included=1:boundary=0	5952243826510304118
polygon_3	lattice_point	3	34	2,8:included=0:boundary=0	5952243826510304119
polygon_3	lattice_point	3	35	2,9:included=0:boundary=0	5952243826510304120
polygon_3	lattice_point	3	39	3,0:included=1:boundary=1	5952243826510304143
polygon_3	lattice_point	3	40	3,1:included=1:boundary=0	5952243826510304144
polygon_3	lattice_point	3	41	3,2:included=1:boundary=0	5952243826510304145
polygon_3	lattice_point	3	42	3,3:included=1:boundary=0	5952243826510304146
polygon_3	lattice_point	3	43	3,4:included=1:boundary=0	5952243826510304147
polygon_3	lattice_point	3	44	3,5:included=1:boundary=0	5952243826510304148
polygon_3	lattice_point	3	45	3,6:included=1:boundary=0	5952243826510304149
polygon_3	lattice_point	3	46	3,7:included=1:boundary=0	5952243826510304150
polygon_3	lattice_point	3	47	3,8:included=0:boundary=0	5952243826510304151
polygon_3	lattice_point	3	48	3,9:included=0:boundary=0	5952243826510304152
polygon_3	lattice_point	3	52	4,0:included=1:boundary=1	5952243826510304175
polygon_3	lattice_point	3	53	4,1:included=1:boundary=0	5952243826510304176
polygon_3	lattice_point	3	54	4,2:included=1:boundary=0	5952243826510304177
polygon_3	lattice_point	3	55	4,3:included=1:boundary=0	5952243826510304178
polygon_3	lattice_point	3	56	4,4:included=1:boundary=0	5952243826510304179
polygon_3	lattice_point	3	57	4,5:included=1:boundary=0	5952243826510304180
polygon_3	lattice_point	3	58	4,6:included=1:boundary=0	5952243826510304181
polygon_3	lattice_point	3	59	4,7:included=0:boundary=0	5952243826510304182
polygon_3	lattice_point	3	60	4,8:included=0:boundary=0	5952243826510304183
polygon_3	lattice_point	3	61	4,9:included=0:boundary=0	5952243826510304184
polygon_3	lattice_point	3	65	5,0:included=1:boundary=1	5952243826510304207
polygon_3	lattice_point	3	66	5,1:included=1:boundary=0	5952243826510304208
polygon_3	lattice_point	3	67	5,2:included=1:boundary=0	5952243826510304209
polygon_3	lattice_point	3	68	5,3:included=1:boundary=0	5952243826510304210
polygon_3	lattice_point	3	69	5,4:included=1:boundary=0	5952243826510304211
polygon_3	lattice_point	3	70	5,5:included=1:boundary=0	5952243826510304212
polygon_3	lattice_point	3	71	5,6:included=1:boundary=1	5952243826510304213
polygon_3	lattice_point	3	72	5,7:included=0:boundary=0	5952243826510304214
polygon_3	lattice_point	3	73	5,8:included=0:boundary=0	5952243826510304215
polygon_3	lattice_point	3	74	5,9:included=0:boundary=0	5952243826510304216
polygon_3	lattice_point	3	78	6,0:included=1:boundary=1	5952243826510304239
polygon_3	lattice_point	3	79	6,1:included=1:boundary=0	5952243826510304240
polygon_3	lattice_point	3	80	6,2:included=1:boundary=0	5952243826510304241
polygon_3	lattice_point	3	81	6,3:included=1:boundary=0	5952243826510304242
polygon_3	lattice_point	3	82	6,4:included=1:boundary=0	5952243826510304243
polygon_3	lattice_point	3	83	6,5:included=1:boundary=0	5952243826510304244
polygon_3	lattice_point	3	84	6,6:included=0:boundary=0	5952243826510304245
polygon_3	lattice_point	3	85	6,7:included=0:boundary=0	5952243826510304246
polygon_3	lattice_point	3	86	6,8:included=0:boundary=0	5952243826510304247
polygon_3	lattice_point	3	87	6,9:included=0:boundary=0	5952243826510304248
polygon_3	lattice_point	3	91	7,0:included=1:boundary=1	5952243826510304271
polygon_3	lattice_point	3	92	7,1:included=1:boundary=0	5952243826510304272
polygon_3	lattice_point	3	93	7,2:included=1:boundary=0	5952243826510304273
polygon_3	lattice_point	3	94	7,3:included=1:boundary=0	5952243826510304274
polygon_3	lattice_point	3	95	7,4:included=1:boundary=0	5952243826510304275
polygon_3	lattice_point	3	96	7,5:included=0:boundary=0	5952243826510304276
polygon_3	lattice_point	3	97	7,6:included=0:boundary=0	5952243826510304277
polygon_3	lattice_point	3	98	7,7:included=0:boundary=0	5952243826510304278
polygon_3	lattice_point	3	99	7,8:included=0:boundary=0	5952243826510304279
polygon_3	lattice_point	3	100	7,9:included=0:boundary=0	5952243826510304280
polygon_3	lattice_point	3	104	8,0:included=1:boundary=1	5952243826510304303
polygon_3	lattice_point	3	105	8,1:included=1:boundary=0	5952243826510304304
polygon_3	lattice_point	3	106	8,2:included=1:boundary=0	5952243826510304305
polygon_3	lattice_point	3	107	8,3:included=1:boundary=0	5952243826510304306
polygon_3	lattice_point	3	108	8,4:included=1:boundary=0	5952243826510304307
polygon_3	lattice_point	3	109	8,5:included=0:boundary=0	5952243826510304308
polygon_3	lattice_point	3	110	8,6:included=0:boundary=0	5952243826510304309
polygon_3	lattice_point	3	111	8,7:included=0:boundary=0	5952243826510304310
polygon_3	lattice_point	3	112	8,8:included=0:boundary=0	5952243826510304311
polygon_3	lattice_point	3	113	8,9:included=0:boundary=0	5952243826510304312
polygon_3	lattice_point	3	117	9,0:included=1:boundary=1	5952243826510304335
polygon_3	lattice_point	3	118	9,1:included=1:boundary=0	5952243826510304336
polygon_3	lattice_point	3	119	9,2:included=1:boundary=0	5952243826510304337
polygon_3	lattice_point	3	120	9,3:included=1:boundary=0	5952243826510304338
polygon_3	lattice_point	3	121	9,4:included=0:boundary=0	5952243826510304339
polygon_3	lattice_point	3	122	9,5:included=0:boundary=0	5952243826510304340
polygon_3	lattice_point	3	123	9,6:included=0:boundary=0	5952243826510304341
polygon_3	lattice_point	3	124	9,7:included=0:boundary=0	5952243826510304342
polygon_3	lattice_point	3	125	9,8:included=0:boundary=0	5952243826510304343
polygon_3	lattice_point	3	126	9,9:included=0:boundary=0	5952243826510304344
polygon_3	lattice_point	3	130	10,0:included=1:boundary=1	5952243826510304367
polygon_3	lattice_point	3	131	10,1:included=1:boundary=0	5952243826510304368
polygon_3	lattice_point	3	132	10,2:included=1:boundary=0	5952243826510304369
polygon_3	lattice_point	3	133	10,3:included=1:boundary=1	5952243826510304370
polygon_3	lattice_point	3	134	10,4:included=0:boundary=0	5952243826510304371
polygon_3	lattice_point	3	135	10,5:included=0:boundary=0	5952243826510304372
polygon_3	lattice_point	3	136	10,6:included=0:boundary=0	5952243826510304373
polygon_3	lattice_point	3	137	10,7:included=0:boundary=0	5952243826510304374
polygon_3	lattice_point	3	138	10,8:included=0:boundary=0	5952243826510304375
polygon_3	lattice_point	3	139	10,9:included=0:boundary=0	5952243826510304376
polygon_3	lattice_point	3	143	11,0:included=1:boundary=1	5952243826510304399
polygon_3	lattice_point	3	144	11,1:included=1:boundary=0	5952243826510304400
polygon_3	lattice_point	3	145	11,2:included=1:boundary=0	5952243826510304401
polygon_3	lattice_point	3	146	11,3:included=0:boundary=0	5952243826510304402
polygon_3	lattice_point	3	147	11,4:included=0:boundary=0	5952243826510304403
polygon_3	lattice_point	3	148	11,5:included=0:boundary=0	5952243826510304404
polygon_3	lattice_point	3	149	11,6:included=0:boundary=0	5952243826510304405
polygon_3	lattice_point	3	150	11,7:included=0:boundary=0	5952243826510304406
polygon_3	lattice_point	3	151	11,8:included=0:boundary=0	5952243826510304407
polygon_3	lattice_point	3	152	11,9:included=0:boundary=0	5952243826510304408
polygon_3	lattice_point	3	156	12,0:included=1:boundary=1	5952243826510304431
polygon_3	lattice_point	3	157	12,1:included=1:boundary=0	5952243826510304432
polygon_3	lattice_point	3	158	12,2:included=0:boundary=0	5952243826510304433
polygon_3	lattice_point	3	159	12,3:included=0:boundary=0	5952243826510304434
polygon_3	lattice_point	3	160	12,4:included=0:boundary=0	5952243826510304435
polygon_3	lattice_point	3	161	12,5:included=0:boundary=0	5952243826510304436
polygon_3	lattice_point	3	162	12,6:included=0:boundary=0	5952243826510304437
polygon_3	lattice_point	3	163	12,7:included=0:boundary=0	5952243826510304438
polygon_3	lattice_point	3	164	12,8:included=0:boundary=0	5952243826510304439
polygon_3	lattice_point	3	165	12,9:included=0:boundary=0	5952243826510304440
polygon_3	lattice_point	3	169	13,0:included=1:boundary=1	5952243826510304463
polygon_3	lattice_point	3	170	13,1:included=1:boundary=0	5952243826510304464
polygon_3	lattice_point	3	171	13,2:included=0:boundary=0	5952243826510304465
polygon_3	lattice_point	3	172	13,3:included=0:boundary=0	5952243826510304466
polygon_3	lattice_point	3	173	13,4:included=0:boundary=0	5952243826510304467
polygon_3	lattice_point	3	174	13,5:included=0:boundary=0	5952243826510304468
polygon_3	lattice_point	3	175	13,6:included=0:boundary=0	5952243826510304469
polygon_3	lattice_point	3	176	13,7:included=0:boundary=0	5952243826510304470
polygon_3	lattice_point	3	177	13,8:included=0:boundary=0	5952243826510304471
polygon_3	lattice_point	3	178	13,9:included=0:boundary=0	5952243826510304472
polygon_3	lattice_point	3	182	14,0:included=1:boundary=1	5952243826510304495
polygon_3	lattice_point	3	183	14,1:included=0:boundary=0	5952243826510304496
polygon_3	lattice_point	3	184	14,2:included=0:boundary=0	5952243826510304497
polygon_3	lattice_point	3	185	14,3:included=0:boundary=0	5952243826510304498
polygon_3	lattice_point	3	186	14,4:included=0:boundary=0	5952243826510304499
polygon_3	lattice_point	3	187	14,5:included=0:boundary=0	5952243826510304500
polygon_3	lattice_point	3	188	14,6:included=0:boundary=0	5952243826510304501
polygon_3	lattice_point	3	189	14,7:included=0:boundary=0	5952243826510304502
polygon_3	lattice_point	3	190	14,8:included=0:boundary=0	5952243826510304503
polygon_3	lattice_point	3	191	14,9:included=0:boundary=0	5952243826510304504
polygon_3	lattice_point	3	195	15,0:included=1:boundary=1	5952243826510304527
polygon_3	lattice_point	3	196	15,1:included=0:boundary=0	5952243826510304528
polygon_3	lattice_point	3	197	15,2:included=0:boundary=0	5952243826510304529
polygon_3	lattice_point	3	198	15,3:included=0:boundary=0	5952243826510304530
polygon_3	lattice_point	3	199	15,4:included=0:boundary=0	5952243826510304531
polygon_3	lattice_point	3	200	15,5:included=0:boundary=0	5952243826510304532
polygon_3	lattice_point	3	201	15,6:included=0:boundary=0	5952243826510304533
polygon_3	lattice_point	3	202	15,7:included=0:boundary=0	5952243826510304534
polygon_3	lattice_point	3	203	15,8:included=0:boundary=0	5952243826510304535
polygon_3	lattice_point	3	204	15,9:included=0:boundary=0	5952243826510304536
polygon_3	lattice_point	4	0	0,0:included=1:boundary=1	5952243826510305047
polygon_3	lattice_point	4	1	0,1:included=1:boundary=1	5952243826510305048
polygon_3	lattice_point	4	2	0,2:included=1:boundary=1	5952243826510305049
polygon_3	lattice_point	4	3	0,3:included=1:boundary=1	5952243826510305050
polygon_3	lattice_point	4	4	0,4:included=1:boundary=1	5952243826510305051
polygon_3	lattice_point	4	5	0,5:included=1:boundary=1	5952243826510305052
polygon_3	lattice_point	4	6	0,6:included=1:boundary=1	5952243826510305053
polygon_3	lattice_point	4	7	0,7:included=1:boundary=1	5952243826510305054
polygon_3	lattice_point	4	8	0,8:included=1:boundary=1	5952243826510305055
polygon_3	lattice_point	4	9	0,9:included=1:boundary=1	5952243826510305056
polygon_3	lattice_point	4	10	0,10:included=1:boundary=1	5952243826510305057
polygon_3	lattice_point	4	11	0,11:included=1:boundary=1	5952243826510305058
polygon_3	lattice_point	4	12	0,12:included=1:boundary=1	5952243826510305059
polygon_3	lattice_point	4	13	1,0:included=1:boundary=1	5952243826510305079
polygon_3	lattice_point	4	14	1,1:included=1:boundary=0	5952243826510305080
polygon_3	lattice_point	4	15	1,2:included=1:boundary=0	5952243826510305081
polygon_3	lattice_point	4	16	1,3:included=1:boundary=0	5952243826510305082
polygon_3	lattice_point	4	17	1,4:included=1:boundary=0	5952243826510305083
polygon_3	lattice_point	4	18	1,5:included=1:boundary=0	5952243826510305084
polygon_3	lattice_point	4	19	1,6:included=1:boundary=0	5952243826510305085
polygon_3	lattice_point	4	20	1,7:included=1:boundary=0	5952243826510305086
polygon_3	lattice_point	4	21	1,8:included=1:boundary=0	5952243826510305087
polygon_3	lattice_point	4	22	1,9:included=1:boundary=0	5952243826510305088
polygon_3	lattice_point	4	23	1,10:included=1:boundary=0	5952243826510305089
polygon_3	lattice_point	4	24	1,11:included=1:boundary=0	5952243826510305090
polygon_3	lattice_point	4	25	1,12:included=0:boundary=0	5952243826510305091
polygon_3	lattice_point	4	26	2,0:included=1:boundary=1	5952243826510305111
polygon_3	lattice_point	4	27	2,1:included=1:boundary=0	5952243826510305112
polygon_3	lattice_point	4	28	2,2:included=1:boundary=0	5952243826510305113
polygon_3	lattice_point	4	29	2,3:included=1:boundary=0	5952243826510305114
polygon_3	lattice_point	4	30	2,4:included=1:boundary=0	5952243826510305115
polygon_3	lattice_point	4	31	2,5:included=1:boundary=0	5952243826510305116
polygon_3	lattice_point	4	32	2,6:included=1:boundary=0	5952243826510305117
polygon_3	lattice_point	4	33	2,7:included=1:boundary=0	5952243826510305118
polygon_3	lattice_point	4	34	2,8:included=1:boundary=0	5952243826510305119
polygon_3	lattice_point	4	35	2,9:included=1:boundary=0	5952243826510305120
polygon_3	lattice_point	4	36	2,10:included=1:boundary=0	5952243826510305121
polygon_3	lattice_point	4	37	2,11:included=0:boundary=0	5952243826510305122
polygon_3	lattice_point	4	38	2,12:included=0:boundary=0	5952243826510305123
polygon_3	lattice_point	4	39	3,0:included=1:boundary=1	5952243826510305143
polygon_3	lattice_point	4	40	3,1:included=1:boundary=0	5952243826510305144
polygon_3	lattice_point	4	41	3,2:included=1:boundary=0	5952243826510305145
polygon_3	lattice_point	4	42	3,3:included=1:boundary=0	5952243826510305146
polygon_3	lattice_point	4	43	3,4:included=1:boundary=0	5952243826510305147
polygon_3	lattice_point	4	44	3,5:included=1:boundary=0	5952243826510305148
polygon_3	lattice_point	4	45	3,6:included=1:boundary=0	5952243826510305149
polygon_3	lattice_point	4	46	3,7:included=1:boundary=0	5952243826510305150
polygon_3	lattice_point	4	47	3,8:included=1:boundary=0	5952243826510305151
polygon_3	lattice_point	4	48	3,9:included=1:boundary=0	5952243826510305152
polygon_3	lattice_point	4	49	3,10:included=1:boundary=0	5952243826510305153
polygon_3	lattice_point	4	50	3,11:included=0:boundary=0	5952243826510305154
polygon_3	lattice_point	4	51	3,12:included=0:boundary=0	5952243826510305155
polygon_3	lattice_point	4	52	4,0:included=1:boundary=1	5952243826510305175
polygon_3	lattice_point	4	53	4,1:included=1:boundary=0	5952243826510305176
polygon_3	lattice_point	4	54	4,2:included=1:boundary=0	5952243826510305177
polygon_3	lattice_point	4	55	4,3:included=1:boundary=0	5952243826510305178
polygon_3	lattice_point	4	56	4,4:included=1:boundary=0	5952243826510305179
polygon_3	lattice_point	4	57	4,5:included=1:boundary=0	5952243826510305180
polygon_3	lattice_point	4	58	4,6:included=1:boundary=0	5952243826510305181
polygon_3	lattice_point	4	59	4,7:included=1:boundary=0	5952243826510305182
polygon_3	lattice_point	4	60	4,8:included=1:boundary=0	5952243826510305183
polygon_3	lattice_point	4	61	4,9:included=1:boundary=0	5952243826510305184
polygon_3	lattice_point	4	62	4,10:included=0:boundary=0	5952243826510305185
polygon_3	lattice_point	4	63	4,11:included=0:boundary=0	5952243826510305186
polygon_3	lattice_point	4	64	4,12:included=0:boundary=0	5952243826510305187
polygon_3	lattice_point	4	65	5,0:included=1:boundary=1	5952243826510305207
polygon_3	lattice_point	4	66	5,1:included=1:boundary=0	5952243826510305208
polygon_3	lattice_point	4	67	5,2:included=1:boundary=0	5952243826510305209
polygon_3	lattice_point	4	68	5,3:included=1:boundary=0	5952243826510305210
polygon_3	lattice_point	4	69	5,4:included=1:boundary=0	5952243826510305211
polygon_3	lattice_point	4	70	5,5:included=1:boundary=0	5952243826510305212
polygon_3	lattice_point	4	71	5,6:included=1:boundary=0	5952243826510305213
polygon_3	lattice_point	4	72	5,7:included=1:boundary=0	5952243826510305214
polygon_3	lattice_point	4	73	5,8:included=1:boundary=0	5952243826510305215
polygon_3	lattice_point	4	74	5,9:included=1:boundary=1	5952243826510305216
polygon_3	lattice_point	4	75	5,10:included=0:boundary=0	5952243826510305217
polygon_3	lattice_point	4	76	5,11:included=0:boundary=0	5952243826510305218
polygon_3	lattice_point	4	77	5,12:included=0:boundary=0	5952243826510305219
polygon_3	lattice_point	4	78	6,0:included=1:boundary=1	5952243826510305239
polygon_3	lattice_point	4	79	6,1:included=1:boundary=0	5952243826510305240
polygon_3	lattice_point	4	80	6,2:included=1:boundary=0	5952243826510305241
polygon_3	lattice_point	4	81	6,3:included=1:boundary=0	5952243826510305242
polygon_3	lattice_point	4	82	6,4:included=1:boundary=0	5952243826510305243
polygon_3	lattice_point	4	83	6,5:included=1:boundary=0	5952243826510305244
polygon_3	lattice_point	4	84	6,6:included=1:boundary=0	5952243826510305245
polygon_3	lattice_point	4	85	6,7:included=1:boundary=0	5952243826510305246
polygon_3	lattice_point	4	86	6,8:included=1:boundary=0	5952243826510305247
polygon_3	lattice_point	4	87	6,9:included=0:boundary=0	5952243826510305248
polygon_3	lattice_point	4	88	6,10:included=0:boundary=0	5952243826510305249
polygon_3	lattice_point	4	89	6,11:included=0:boundary=0	5952243826510305250
polygon_3	lattice_point	4	90	6,12:included=0:boundary=0	5952243826510305251
polygon_3	lattice_point	4	91	7,0:included=1:boundary=1	5952243826510305271
polygon_3	lattice_point	4	92	7,1:included=1:boundary=0	5952243826510305272
polygon_3	lattice_point	4	93	7,2:included=1:boundary=0	5952243826510305273
polygon_3	lattice_point	4	94	7,3:included=1:boundary=0	5952243826510305274
polygon_3	lattice_point	4	95	7,4:included=1:boundary=0	5952243826510305275
polygon_3	lattice_point	4	96	7,5:included=1:boundary=0	5952243826510305276
polygon_3	lattice_point	4	97	7,6:included=1:boundary=0	5952243826510305277
polygon_3	lattice_point	4	98	7,7:included=1:boundary=0	5952243826510305278
polygon_3	lattice_point	4	99	7,8:included=0:boundary=0	5952243826510305279
polygon_3	lattice_point	4	100	7,9:included=0:boundary=0	5952243826510305280
polygon_3	lattice_point	4	101	7,10:included=0:boundary=0	5952243826510305281
polygon_3	lattice_point	4	102	7,11:included=0:boundary=0	5952243826510305282
polygon_3	lattice_point	4	103	7,12:included=0:boundary=0	5952243826510305283
polygon_3	lattice_point	4	104	8,0:included=1:boundary=1	5952243826510305303
polygon_3	lattice_point	4	105	8,1:included=1:boundary=0	5952243826510305304
polygon_3	lattice_point	4	106	8,2:included=1:boundary=0	5952243826510305305
polygon_3	lattice_point	4	107	8,3:included=1:boundary=0	5952243826510305306
polygon_3	lattice_point	4	108	8,4:included=1:boundary=0	5952243826510305307
polygon_3	lattice_point	4	109	8,5:included=1:boundary=0	5952243826510305308
polygon_3	lattice_point	4	110	8,6:included=1:boundary=0	5952243826510305309
polygon_3	lattice_point	4	111	8,7:included=1:boundary=0	5952243826510305310
polygon_3	lattice_point	4	112	8,8:included=0:boundary=0	5952243826510305311
polygon_3	lattice_point	4	113	8,9:included=0:boundary=0	5952243826510305312
polygon_3	lattice_point	4	114	8,10:included=0:boundary=0	5952243826510305313
polygon_3	lattice_point	4	115	8,11:included=0:boundary=0	5952243826510305314
polygon_3	lattice_point	4	116	8,12:included=0:boundary=0	5952243826510305315
polygon_3	lattice_point	4	117	9,0:included=1:boundary=1	5952243826510305335
polygon_3	lattice_point	4	118	9,1:included=1:boundary=0	5952243826510305336
polygon_3	lattice_point	4	119	9,2:included=1:boundary=0	5952243826510305337
polygon_3	lattice_point	4	120	9,3:included=1:boundary=0	5952243826510305338
polygon_3	lattice_point	4	121	9,4:included=1:boundary=0	5952243826510305339
polygon_3	lattice_point	4	122	9,5:included=1:boundary=0	5952243826510305340
polygon_3	lattice_point	4	123	9,6:included=1:boundary=0	5952243826510305341
polygon_3	lattice_point	4	124	9,7:included=0:boundary=0	5952243826510305342
polygon_3	lattice_point	4	125	9,8:included=0:boundary=0	5952243826510305343
polygon_3	lattice_point	4	126	9,9:included=0:boundary=0	5952243826510305344
polygon_3	lattice_point	4	127	9,10:included=0:boundary=0	5952243826510305345
polygon_3	lattice_point	4	128	9,11:included=0:boundary=0	5952243826510305346
polygon_3	lattice_point	4	129	9,12:included=0:boundary=0	5952243826510305347
polygon_3	lattice_point	4	130	10,0:included=1:boundary=1	5952243826510305367
polygon_3	lattice_point	4	131	10,1:included=1:boundary=0	5952243826510305368
polygon_3	lattice_point	4	132	10,2:included=1:boundary=0	5952243826510305369
polygon_3	lattice_point	4	133	10,3:included=1:boundary=0	5952243826510305370
polygon_3	lattice_point	4	134	10,4:included=1:boundary=0	5952243826510305371
polygon_3	lattice_point	4	135	10,5:included=1:boundary=0	5952243826510305372
polygon_3	lattice_point	4	136	10,6:included=1:boundary=1	5952243826510305373
polygon_3	lattice_point	4	137	10,7:included=0:boundary=0	5952243826510305374
polygon_3	lattice_point	4	138	10,8:included=0:boundary=0	5952243826510305375
polygon_3	lattice_point	4	139	10,9:included=0:boundary=0	5952243826510305376
polygon_3	lattice_point	4	140	10,10:included=0:boundary=0	5952243826510305377
polygon_3	lattice_point	4	141	10,11:included=0:boundary=0	5952243826510305378
polygon_3	lattice_point	4	142	10,12:included=0:boundary=0	5952243826510305379
polygon_3	lattice_point	4	143	11,0:included=1:boundary=1	5952243826510305399
polygon_3	lattice_point	4	144	11,1:included=1:boundary=0	5952243826510305400
polygon_3	lattice_point	4	145	11,2:included=1:boundary=0	5952243826510305401
polygon_3	lattice_point	4	146	11,3:included=1:boundary=0	5952243826510305402
polygon_3	lattice_point	4	147	11,4:included=1:boundary=0	5952243826510305403
polygon_3	lattice_point	4	148	11,5:included=1:boundary=0	5952243826510305404
polygon_3	lattice_point	4	149	11,6:included=0:boundary=0	5952243826510305405
polygon_3	lattice_point	4	150	11,7:included=0:boundary=0	5952243826510305406
polygon_3	lattice_point	4	151	11,8:included=0:boundary=0	5952243826510305407
polygon_3	lattice_point	4	152	11,9:included=0:boundary=0	5952243826510305408
polygon_3	lattice_point	4	153	11,10:included=0:boundary=0	5952243826510305409
polygon_3	lattice_point	4	154	11,11:included=0:boundary=0	5952243826510305410
polygon_3	lattice_point	4	155	11,12:included=0:boundary=0	5952243826510305411
polygon_3	lattice_point	4	156	12,0:included=1:boundary=1	5952243826510305431
polygon_3	lattice_point	4	157	12,1:included=1:boundary=0	5952243826510305432
polygon_3	lattice_point	4	158	12,2:included=1:boundary=0	5952243826510305433
polygon_3	lattice_point	4	159	12,3:included=1:boundary=0	5952243826510305434
polygon_3	lattice_point	4	160	12,4:included=1:boundary=0	5952243826510305435
polygon_3	lattice_point	4	161	12,5:included=0:boundary=0	5952243826510305436
polygon_3	lattice_point	4	162	12,6:included=0:boundary=0	5952243826510305437
polygon_3	lattice_point	4	163	12,7:included=0:boundary=0	5952243826510305438
polygon_3	lattice_point	4	164	12,8:included=0:boundary=0	5952243826510305439
polygon_3	lattice_point	4	165	12,9:included=0:boundary=0	5952243826510305440
polygon_3	lattice_point	4	166	12,10:included=0:boundary=0	5952243826510305441
polygon_3	lattice_point	4	167	12,11:included=0:boundary=0	5952243826510305442
polygon_3	lattice_point	4	168	12,12:included=0:boundary=0	5952243826510305443
polygon_3	lattice_point	4	169	13,0:included=1:boundary=1	5952243826510305463
polygon_3	lattice_point	4	170	13,1:included=1:boundary=0	5952243826510305464
polygon_3	lattice_point	4	171	13,2:included=1:boundary=0	5952243826510305465
polygon_3	lattice_point	4	172	13,3:included=1:boundary=0	5952243826510305466
polygon_3	lattice_point	4	173	13,4:included=1:boundary=0	5952243826510305467
polygon_3	lattice_point	4	174	13,5:included=0:boundary=0	5952243826510305468
polygon_3	lattice_point	4	175	13,6:included=0:boundary=0	5952243826510305469
polygon_3	lattice_point	4	176	13,7:included=0:boundary=0	5952243826510305470
polygon_3	lattice_point	4	177	13,8:included=0:boundary=0	5952243826510305471
polygon_3	lattice_point	4	178	13,9:included=0:boundary=0	5952243826510305472
polygon_3	lattice_point	4	179	13,10:included=0:boundary=0	5952243826510305473
polygon_3	lattice_point	4	180	13,11:included=0:boundary=0	5952243826510305474
polygon_3	lattice_point	4	181	13,12:included=0:boundary=0	5952243826510305475
polygon_3	lattice_point	4	182	14,0:included=1:boundary=1	5952243826510305495
polygon_3	lattice_point	4	183	14,1:included=1:boundary=0	5952243826510305496
polygon_3	lattice_point	4	184	14,2:included=1:boundary=0	5952243826510305497
polygon_3	lattice_point	4	185	14,3:included=1:boundary=0	5952243826510305498
polygon_3	lattice_point	4	186	14,4:included=0:boundary=0	5952243826510305499
polygon_3	lattice_point	4	187	14,5:included=0:boundary=0	5952243826510305500
polygon_3	lattice_point	4	188	14,6:included=0:boundary=0	5952243826510305501
polygon_3	lattice_point	4	189	14,7:included=0:boundary=0	5952243826510305502
polygon_3	lattice_point	4	190	14,8:included=0:boundary=0	5952243826510305503
polygon_3	lattice_point	4	191	14,9:included=0:boundary=0	5952243826510305504
polygon_3	lattice_point	4	192	14,10:included=0:boundary=0	5952243826510305505
polygon_3	lattice_point	4	193	14,11:included=0:boundary=0	5952243826510305506
polygon_3	lattice_point	4	194	14,12:included=0:boundary=0	5952243826510305507
polygon_3	lattice_point	4	195	15,0:included=1:boundary=1	5952243826510305527
polygon_3	lattice_point	4	196	15,1:included=1:boundary=0	5952243826510305528
polygon_3	lattice_point	4	197	15,2:included=1:boundary=0	5952243826510305529
polygon_3	lattice_point	4	198	15,3:included=1:boundary=1	5952243826510305530
polygon_3	lattice_point	4	199	15,4:included=0:boundary=0	5952243826510305531
polygon_3	lattice_point	4	200	15,5:included=0:boundary=0	5952243826510305532
polygon_3	lattice_point	4	201	15,6:included=0:boundary=0	5952243826510305533
polygon_3	lattice_point	4	202	15,7:included=0:boundary=0	5952243826510305534
polygon_3	lattice_point	4	203	15,8:included=0:boundary=0	5952243826510305535
polygon_3	lattice_point	4	204	15,9:included=0:boundary=0	5952243826510305536
polygon_3	lattice_point	4	205	15,10:included=0:boundary=0	5952243826510305537
polygon_3	lattice_point	4	206	15,11:included=0:boundary=0	5952243826510305538
polygon_3	lattice_point	4	207	15,12:included=0:boundary=0	5952243826510305539
polygon_3	lattice_point	4	208	16,0:included=1:boundary=1	5952243826510305559
polygon_3	lattice_point	4	209	16,1:included=1:boundary=0	5952243826510305560
polygon_3	lattice_point	4	210	16,2:included=1:boundary=0	5952243826510305561
polygon_3	lattice_point	4	211	16,3:included=0:boundary=0	5952243826510305562
polygon_3	lattice_point	4	212	16,4:included=0:boundary=0	5952243826510305563
polygon_3	lattice_point	4	213	16,5:included=0:boundary=0	5952243826510305564
polygon_3	lattice_point	4	214	16,6:included=0:boundary=0	5952243826510305565
polygon_3	lattice_point	4	215	16,7:included=0:boundary=0	5952243826510305566
polygon_3	lattice_point	4	216	16,8:included=0:boundary=0	5952243826510305567
polygon_3	lattice_point	4	217	16,9:included=0:boundary=0	5952243826510305568
polygon_3	lattice_point	4	218	16,10:included=0:boundary=0	5952243826510305569
polygon_3	lattice_point	4	219	16,11:included=0:boundary=0	5952243826510305570
polygon_3	lattice_point	4	220	16,12:included=0:boundary=0	5952243826510305571
polygon_3	lattice_point	4	221	17,0:included=1:boundary=1	5952243826510305591
polygon_3	lattice_point	4	222	17,1:included=1:boundary=0	5952243826510305592
polygon_3	lattice_point	4	223	17,2:included=0:boundary=0	5952243826510305593
polygon_3	lattice_point	4	224	17,3:included=0:boundary=0	5952243826510305594
polygon_3	lattice_point	4	225	17,4:included=0:boundary=0	5952243826510305595
polygon_3	lattice_point	4	226	17,5:included=0:boundary=0	5952243826510305596
polygon_3	lattice_point	4	227	17,6:included=0:boundary=0	5952243826510305597
polygon_3	lattice_point	4	228	17,7:included=0:boundary=0	5952243826510305598
polygon_3	lattice_point	4	229	17,8:included=0:boundary=0	5952243826510305599
polygon_3	lattice_point	4	230	17,9:included=0:boundary=0	5952243826510305600
polygon_3	lattice_point	4	231	17,10:included=0:boundary=0	5952243826510305601
polygon_3	lattice_point	4	232	17,11:included=0:boundary=0	5952243826510305602
polygon_3	lattice_point	4	233	17,12:included=0:boundary=0	5952243826510305603
polygon_3	lattice_point	4	234	18,0:included=1:boundary=1	5952243826510305623
polygon_3	lattice_point	4	235	18,1:included=1:boundary=0	5952243826510305624
polygon_3	lattice_point	4	236	18,2:included=0:boundary=0	5952243826510305625
polygon_3	lattice_point	4	237	18,3:included=0:boundary=0	5952243826510305626
polygon_3	lattice_point	4	238	18,4:included=0:boundary=0	5952243826510305627
polygon_3	lattice_point	4	239	18,5:included=0:boundary=0	5952243826510305628
polygon_3	lattice_point	4	240	18,6:included=0:boundary=0	5952243826510305629
polygon_3	lattice_point	4	241	18,7:included=0:boundary=0	5952243826510305630
polygon_3	lattice_point	4	242	18,8:included=0:boundary=0	5952243826510305631
polygon_3	lattice_point	4	243	18,9:included=0:boundary=0	5952243826510305632
polygon_3	lattice_point	4	244	18,10:included=0:boundary=0	5952243826510305633
polygon_3	lattice_point	4	245	18,11:included=0:boundary=0	5952243826510305634
polygon_3	lattice_point	4	246	18,12:included=0:boundary=0	5952243826510305635
polygon_3	lattice_point	4	247	19,0:included=1:boundary=1	5952243826510305655
polygon_3	lattice_point	4	248	19,1:included=0:boundary=0	5952243826510305656
polygon_3	lattice_point	4	249	19,2:included=0:boundary=0	5952243826510305657
polygon_3	lattice_point	4	250	19,3:included=0:boundary=0	5952243826510305658
polygon_3	lattice_point	4	251	19,4:included=0:boundary=0	5952243826510305659
polygon_3	lattice_point	4	252	19,5:included=0:boundary=0	5952243826510305660
polygon_3	lattice_point	4	253	19,6:included=0:boundary=0	5952243826510305661
polygon_3	lattice_point	4	254	19,7:included=0:boundary=0	5952243826510305662
polygon_3	lattice_point	4	255	19,8:included=0:boundary=0	5952243826510305663
polygon_3	lattice_point	4	256	19,9:included=0:boundary=0	5952243826510305664
polygon_3	lattice_point	4	257	19,10:included=0:boundary=0	5952243826510305665
polygon_3	lattice_point	4	258	19,11:included=0:boundary=0	5952243826510305666
polygon_3	lattice_point	4	259	19,12:included=0:boundary=0	5952243826510305667
polygon_3	lattice_point	4	260	20,0:included=1:boundary=1	5952243826510305687
polygon_3	lattice_point	4	261	20,1:included=0:boundary=0	5952243826510305688
polygon_3	lattice_point	4	262	20,2:included=0:boundary=0	5952243826510305689
polygon_3	lattice_point	4	263	20,3:included=0:boundary=0	5952243826510305690
polygon_3	lattice_point	4	264	20,4:included=0:boundary=0	5952243826510305691
polygon_3	lattice_point	4	265	20,5:included=0:boundary=0	5952243826510305692
polygon_3	lattice_point	4	266	20,6:included=0:boundary=0	5952243826510305693
polygon_3	lattice_point	4	267	20,7:included=0:boundary=0	5952243826510305694
polygon_3	lattice_point	4	268	20,8:included=0:boundary=0	5952243826510305695
polygon_3	lattice_point	4	269	20,9:included=0:boundary=0	5952243826510305696
polygon_3	lattice_point	4	270	20,10:included=0:boundary=0	5952243826510305697
polygon_3	lattice_point	4	271	20,11:included=0:boundary=0	5952243826510305698
polygon_3	lattice_point	4	272	20,12:included=0:boundary=0	5952243826510305699
potential	laplacian	0	0	4	11904487653020491095
potential	laplacian	0	1	-1	11904487653020491096
potential	laplacian	1	0	-1	11904487653020491097
potential	laplacian	1	1	4	11904487653020491098
potential	disconnected_foil	0	-	determinant=0:obstructed=1	11904487653020491100
cover	saturation	0	3	0:exact=1	8966737669941022392
cover	saturation	0	4	0:exact=1	8966737669941022393
cover	saturation	0	5	0:exact=1	8966737669941022394
cover	saturation	0	6	0:exact=1	8966737669941022395
cover	saturation	0	7	0:exact=1	8966737669941022396
cover	saturation	0	4	0:exact=1	8966737669941022397
cover	saturation	0	5	0:exact=1	8966737669941022398
cover	saturation	0	6	0:exact=1	8966737669941022399
cover	saturation	0	7	0:exact=1	8966737669941022400
cover	saturation	0	5	0:exact=1	8966737669941022401
cover	saturation	0	6	0:exact=1	8966737669941022402
cover	saturation	0	7	0:exact=1	8966737669941022403
cover	saturation	0	6	0:exact=1	8966737669941022404
cover	saturation	0	7	0:exact=1	8966737669941022405
cover	saturation	0	7	0:exact=1	8966737669941022406
cover	saturation	0	4	0:exact=1	8966737669941022407
cover	saturation	0	5	0:exact=1	8966737669941022408
cover	saturation	0	6	0:exact=1	8966737669941022409
cover	saturation	0	7	0:exact=1	8966737669941022410
cover	saturation	0	5	0:exact=1	8966737669941022411
cover	saturation	0	6	1:exact=1	8966737669941022412
cover	saturation	0	7	0:exact=1	8966737669941022413
cover	saturation	0	6	0:exact=1	8966737669941022414
cover	saturation	0	7	0:exact=1	8966737669941022415
cover	saturation	0	7	0:exact=1	8966737669941022416
cover	saturation	0	5	0:exact=1	8966737669941022417
cover	saturation	0	6	0:exact=1	8966737669941022418
cover	saturation	0	7	0:exact=1	8966737669941022419
cover	saturation	0	6	0:exact=1	8966737669941022420
cover	saturation	0	7	0:exact=1	8966737669941022421
cover	saturation	0	7	0:exact=1	8966737669941022422
cover	saturation	0	6	0:exact=1	8966737669941022423
cover	saturation	0	7	0:exact=1	8966737669941022424
cover	saturation	0	7	0:exact=1	8966737669941022425
cover	saturation	0	7	0:exact=1	8966737669941022426
cover	saturation	1	4	0:exact=1	8966737669941022427
cover	saturation	1	5	0:exact=1	8966737669941022428
cover	saturation	1	6	0:exact=1	8966737669941022429
cover	saturation	1	7	0:exact=1	8966737669941022430
cover	saturation	1	5	0:exact=1	8966737669941022431
cover	saturation	1	6	0:exact=1	8966737669941022432
cover	saturation	1	7	0:exact=1	8966737669941022433
cover	saturation	1	6	0:exact=1	8966737669941022434
cover	saturation	1	7	0:exact=1	8966737669941022435
cover	saturation	1	7	0:exact=1	8966737669941022436
cover	saturation	1	5	0:exact=1	8966737669941022437
cover	saturation	1	6	0:exact=1	8966737669941022438
cover	saturation	1	7	0:exact=1	8966737669941022439
cover	saturation	1	6	0:exact=1	8966737669941022440
cover	saturation	1	7	1:exact=1	8966737669941022441
cover	saturation	1	7	0:exact=1	8966737669941022442
cover	saturation	1	6	0:exact=1	8966737669941022443
cover	saturation	1	7	0:exact=1	8966737669941022444
cover	saturation	1	7	0:exact=1	8966737669941022445
cover	saturation	1	7	0:exact=1	8966737669941022446
cover	saturation	2	5	0:exact=1	8966737669941022447
cover	saturation	2	6	0:exact=1	8966737669941022448
cover	saturation	2	7	0:exact=1	8966737669941022449
cover	saturation	2	6	0:exact=1	8966737669941022450
cover	saturation	2	7	0:exact=1	8966737669941022451
cover	saturation	2	7	0:exact=1	8966737669941022452
cover	saturation	2	6	0:exact=1	8966737669941022453
cover	saturation	2	7	0:exact=1	8966737669941022454
cover	saturation	2	7	0:exact=1	8966737669941022455
cover	saturation	2	7	0:exact=1	8966737669941022456
cover	saturation	3	6	0:exact=1	8966737669941022457
cover	saturation	3	7	0:exact=1	8966737669941022458
cover	saturation	3	7	0:exact=1	8966737669941022459
cover	saturation	3	7	0:exact=1	8966737669941022460
cover	saturation	4	7	0:exact=1	8966737669941022461
cover	pair	0	0	0:left=0:right=1	8966737669941023392
cover	pair	0	1	1:left=0:right=1	8966737669941023393
cover	pair	0	2	0:left=0:right=1	8966737669941023394
cover	pair	0	3	2:left=0:right=1	8966737669941023395
cover	pair	0	4	0:left=0:right=1	8966737669941023396
cover	pair	0	5	1:left=0:right=1	8966737669941023397
cover	pair	0	6	0:left=0:right=1	8966737669941023398
cover	pair	0	7	0:left=1:right=0	8966737669941023399
cover	pair	1	0	1:left=0:right=1	8966737669941023400
cover	pair	1	1	0:left=0:right=1	8966737669941023401
cover	pair	1	2	2:left=0:right=1	8966737669941023402
cover	pair	1	3	0:left=0:right=1	8966737669941023403
cover	pair	1	4	1:left=0:right=1	8966737669941023404
cover	pair	1	5	0:left=0:right=1	8966737669941023405
cover	pair	1	6	0:left=1:right=0	8966737669941023406
cover	pair	1	7	0:left=0:right=1	8966737669941023407
cover	pair	2	0	0:left=0:right=1	8966737669941023408
cover	pair	2	1	2:left=0:right=1	8966737669941023409
cover	pair	2	2	0:left=0:right=1	8966737669941023410
cover	pair	2	3	1:left=0:right=1	8966737669941023411
cover	pair	2	4	0:left=0:right=1	8966737669941023412
cover	pair	2	5	0:left=1:right=0	8966737669941023413
cover	pair	2	6	0:left=0:right=1	8966737669941023414
cover	pair	2	7	1:left=0:right=1	8966737669941023415
cover	pair	3	0	2:left=0:right=1	8966737669941023416
cover	pair	3	1	0:left=0:right=1	8966737669941023417
cover	pair	3	2	1:left=0:right=1	8966737669941023418
cover	pair	3	3	0:left=0:right=1	8966737669941023419
cover	pair	3	4	0:left=1:right=0	8966737669941023420
cover	pair	3	5	0:left=0:right=1	8966737669941023421
cover	pair	3	6	1:left=0:right=1	8966737669941023422
cover	pair	3	7	0:left=0:right=1	8966737669941023423
cover	pair	4	0	0:left=0:right=1	8966737669941023424
cover	pair	4	1	1:left=0:right=1	8966737669941023425
cover	pair	4	2	0:left=0:right=1	8966737669941023426
cover	pair	4	3	0:left=1:right=0	8966737669941023427
cover	pair	4	4	0:left=0:right=1	8966737669941023428
cover	pair	4	5	1:left=0:right=1	8966737669941023429
cover	pair	4	6	0:left=0:right=1	8966737669941023430
cover	pair	4	7	2:left=0:right=1	8966737669941023431
cover	pair	5	0	1:left=0:right=1	8966737669941023432
cover	pair	5	1	0:left=0:right=1	8966737669941023433
cover	pair	5	2	0:left=1:right=0	8966737669941023434
cover	pair	5	3	0:left=0:right=1	8966737669941023435
cover	pair	5	4	1:left=0:right=1	8966737669941023436
cover	pair	5	5	0:left=0:right=1	8966737669941023437
cover	pair	5	6	2:left=0:right=1	8966737669941023438
cover	pair	5	7	0:left=0:right=1	8966737669941023439
cover	pair	6	0	0:left=0:right=1	8966737669941023440
cover	pair	6	1	0:left=1:right=0	8966737669941023441
cover	pair	6	2	0:left=0:right=1	8966737669941023442
cover	pair	6	3	1:left=0:right=1	8966737669941023443
cover	pair	6	4	0:left=0:right=1	8966737669941023444
cover	pair	6	5	2:left=0:right=1	8966737669941023445
cover	pair	6	6	0:left=0:right=1	8966737669941023446
cover	pair	6	7	1:left=0:right=1	8966737669941023447
cover	pair	7	0	0:left=1:right=0	8966737669941023448
cover	pair	7	1	0:left=0:right=1	8966737669941023449
cover	pair	7	2	1:left=0:right=1	8966737669941023450
cover	pair	7	3	0:left=0:right=1	8966737669941023451
cover	pair	7	4	2:left=0:right=1	8966737669941023452
cover	pair	7	5	0:left=0:right=1	8966737669941023453
cover	pair	7	6	1:left=0:right=1	8966737669941023454
cover	pair	7	7	0:left=0:right=1	8966737669941023455
cover	width_collision	1	-	0,2	8966737669941024393
cover	width_collision	2	-	0,4	8966737669941024394
geometry	self_crossing_foil	1	-	obstructed=1	5952243826510270049
ecology	dependency	0	1	geometry_return->potential	12575923639340506212
