source	left	right	A	B	AB	C	x	y	z	k	dx	dy	dz	dk	sx	sy	sz	sk	rA	rB	rAB	rC
0	0	0	1	1	0	1	1	1	0	1	1	2	0	1	1	0	0	1	2	2	2	2	0	0	0	0	0	0	0	0	1	1	1	2
0	0	1	1	1	0	1	1	2	0	1	1	3	0	1	1	0	0	1	2	2	2	2	0	0	0	0	0	0	0	0	1	1	1	2
0	0	2	1	1	0	1	1	3	0	1	1	4	0	1	1	0	0	1	2	2	2	2	0	0	0	0	0	0	0	0	1	1	1	2
0	0	3	1	1	0	1	1	4	0	1	1	5	0	1	1	0	0	1	2	2	2	2	0	0	0	0	0	0	0	0	1	1	1	2
0	0	4	1	1	0	1	4	3	1	1	5	4	1	1	6	-19	1	-3	2	5	6	3	0	21	32	5	0	1	1	1	1	0	0	0
0	0	5	1	1	0	1	3	2	1	1	4	3	1	1	5	-11	1	-2	2	4	5	3	0	12	21	5	0	1	1	1	1	0	0	0
0	0	6	1	1	0	1	3	5	1	2	4	7	1	2	5	-11	1	-2	2	5	6	3	0	21	32	5	0	1	1	1	1	0	0	0
0	0	7	1	1	0	1	5	2	2	1	7	3	2	1	15	-34	4	-9	2	6	8	6	0	32	60	32	0	1	1	1	1	0	0	0
0	0	8	1	1	0	1	2	1	1	1	3	2	1	1	4	-5	1	-1	2	3	4	3	0	5	12	5	0	1	1	1	1	0	0	0
0	0	9	1	1	0	1	2	3	1	2	3	5	1	2	4	-5	1	-1	2	4	5	3	0	12	21	5	0	1	1	1	1	0	0	0
0	0	10	1	1	0	1	2	5	1	3	3	8	1	3	4	-5	1	-1	2	5	6	3	0	21	32	5	0	1	1	1	1	0	0	0
0	0	11	1	1	0	1	5	3	3	2	8	5	3	2	25	-39	9	-14	2	7	10	11	0	45	96	117	0	1	1	1	1	0	0	0
0	0	12	1	1	0	1	3	1	2	1	5	2	2	1	11	-14	4	-5	2	4	6	6	0	12	32	32	0	1	1	1	1	0	0	0
0	0	13	1	1	0	1	3	4	2	3	5	7	2	3	11	-14	4	-5	2	6	8	6	0	32	60	32	0	1	1	1	1	0	0	0
0	0	14	1	1	0	1	4	1	3	1	7	2	3	1	22	-27	9	-11	2	5	8	11	0	21	60	117	0	1	1	1	1	0	0	0
0	0	15	1	1	0	1	1	0	1	1	2	1	1	1	3	-1	1	0	2	2	3	3	0	0	5	5	0	0	1	1	1	1	0	0
0	0	16	1	1	0	1	1	1	1	2	2	3	1	2	3	-1	1	0	2	3	4	3	0	5	12	5	0	1	1	1	1	0	0	0
0	0	17	1	1	0	1	1	2	1	3	2	5	1	3	3	-1	1	0	2	4	5	3	0	12	21	5	0	1	1	1	1	0	0	0
0	0	18	1	1	0	1	1	3	1	4	2	7	1	4	3	-1	1	0	2	5	6	3	0	21	32	5	0	1	1	1	1	0	0	0
0	0	19	1	1	0	1	3	2	4	3	7	5	4	3	29	-20	16	-11	2	6	10	18	0	32	96	320	0	1	1	1	1	0	0	0
0	0	20	1	1	0	1	2	1	3	2	5	3	3	2	16	-9	9	-5	2	4	7	11	0	12	45	117	0	1	1	1	1	0	0	0
0	0	21	1	1	0	1	2	3	3	5	5	8	3	5	16	-9	9	-5	2	7	10	11	0	45	96	117	0	1	1	1	1	0	0	0
0	0	22	1	1	0	1	3	1	5	2	8	3	5	2	41	-23	25	-14	2	5	10	27	0	21	96	725	0	1	1	1	1	0	0	0
0	0	23	1	1	0	1	1	0	2	1	3	1	2	1	7	-2	4	-1	2	2	4	6	0	0	12	32	0	0	1	1	1	1	0	0
0	0	24	1	1	0	1	1	1	2	3	3	4	2	3	7	-2	4	-1	2	4	6	6	0	12	32	32	0	1	1	1	1	0	0	0
0	0	25	1	1	0	1	1	2	2	5	3	7	2	5	7	-2	4	-1	2	6	8	6	0	32	60	32	0	1	1	1	1	0	0	0
0	0	26	1	1	0	1	2	1	5	3	7	4	5	3	36	-13	25	-9	2	5	10	27	0	21	96	725	0	1	1	1	1	0	0	0
0	0	27	1	1	0	1	1	0	3	1	4	1	3	1	13	-3	9	-2	2	2	5	11	0	0	21	117	0	0	1	1	1	1	0	0
0	0	28	1	1	0	1	1	1	3	4	4	5	3	4	13	-3	9	-2	2	5	8	11	0	21	60	117	0	1	1	1	1	0	0	0
0	0	29	1	1	0	1	1	0	4	1	5	1	4	1	21	-4	16	-3	2	2	6	18	0	0	32	320	0	0	1	1	1	1	0	0
0	1	0	1	2	0	1	1	1	0	1	1	3	0	1	1	0	0	1	2	2	2	2	0	0	0	0	0	0	0	0	1	1	1	2
0	1	1	1	2	0	1	1	2	0	1	1	4	0	1	1	0	0	1	2	2	2	2	0	0	0	0	0	0	0	0	1	1	1	2
0	1	2	1	2	0	1	1	3	0	1	1	5	0	1	1	0	0	1	2	2	2	2	0	0	0	0	0	0	0	0	1	1	1	2
0	1	3	1	2	0	1	1	4	0	1	1	6	0	1	1	0	0	1	2	2	2	2	0	0	0	0	0	0	0	0	1	1	1	2
0	1	4	1	2	0	1	4	3	1	1	6	5	1	1	13	-46	2	-7	2	5	7	6	0	21	45	32	0	1	1	1	1	0	0	0
0	1	5	1	2	0	1	3	2	1	1	5	4	1	1	11	-28	2	-5	2	4	6	6	0	12	32	32	0	1	1	1	1	0	0	0
0	1	6	1	2	0	1	3	5	1	2	5	9	1	2	11	-28	2	-5	2	5	7	6	0	21	45	32	0	1	1	1	1	0	0	0
0	1	7	1	2	0	1	5	2	2	1	9	4	2	1	37	-88	8	-19	2	6	10	18	0	32	96	320	0	1	1	1	1	0	0	0
0	1	8	1	2	0	1	2	1	1	1	4	3	1	1	9	-14	2	-3	2	3	5	6	0	5	21	32	0	1	1	1	1	0	0	0
0	1	9	1	2	0	1	2	3	1	2	4	7	1	2	9	-14	2	-3	2	4	6	6	0	12	32	32	0	1	1	1	1	0	0	0
0	1	10	1	2	0	1	2	5	1	3	4	11	1	3	9	-14	2	-3	2	5	7	6	0	21	45	32	0	1	1	1	1	0	0	0
0	1	11	1	2	0	1	5	3	3	2	11	7	3	2	67	-108	18	-29	2	7	13	38	0	45	165	1440	0	1	1	1	1	0	0	0
0	1	12	1	2	0	1	3	1	2	1	7	3	2	1	29	-40	8	-11	2	4	8	18	0	12	60	320	0	1	1	1	1	0	0	0
0	1	13	1	2	0	1	3	4	2	3	7	10	2	3	29	-40	8	-11	2	6	10	18	0	32	96	320	0	1	1	1	1	0	0	0
0	1	14	1	2	0	1	4	1	3	1	10	3	3	1	61	-78	18	-23	2	5	11	38	0	21	117	1440	0	1	1	1	1	0	0	0
0	1	15	1	2	0	1	1	0	1	1	3	2	1	1	7	-4	2	-1	2	2	4	6	0	0	12	32	0	0	1	1	1	1	0	0
0	1	16	1	2	0	1	1	1	1	2	3	5	1	2	7	-4	2	-1	2	3	5	6	0	5	21	32	0	1	1	1	1	0	0	0
0	1	17	1	2	0	1	1	2	1	3	3	8	1	3	7	-4	2	-1	2	4	6	6	0	12	32	32	0	1	1	1	1	0	0	0
0	1	18	1	2	0	1	1	3	1	4	3	11	1	4	7	-4	2	-1	2	5	7	6	0	21	45	32	0	1	1	1	1	0	0	0
0	1	19	1	2	0	1	3	2	4	3	11	8	4	3	89	-64	32	-23	2	6	14	66	0	32	192	4352	0	1	1	1	1	0	0	0
0	1	20	1	2	0	1	2	1	3	2	8	5	3	2	49	-30	18	-11	2	4	10	38	0	12	96	1440	0	1	1	1	1	0	0	0
0	1	21	1	2	0	1	2	3	3	5	8	13	3	5	49	-30	18	-11	2	7	13	38	0	45	165	1440	0	1	1	1	1	0	0	0
0	1	22	1	2	0	1	3	1	5	2	13	5	5	2	131	-76	50	-29	2	5	15	102	0	21	221	10400	0	1	1	1	1	0	0	0
0	1	23	1	2	0	1	1	0	2	1	5	2	2	1	21	-8	8	-3	2	2	6	18	0	0	32	320	0	0	1	1	1	1	0	0
0	1	24	1	2	0	1	1	1	2	3	5	7	2	3	21	-8	8	-3	2	4	8	18	0	12	60	320	0	1	1	1	1	0	0	0
0	1	25	1	2	0	1	1	2	2	5	5	12	2	5	21	-8	8	-3	2	6	10	18	0	32	96	320	0	1	1	1	1	0	0	0
0	1	26	1	2	0	1	2	1	5	3	12	7	5	3	121	-46	50	-19	2	5	15	102	0	21	221	10400	0	1	1	1	1	0	0	0
0	1	27	1	2	0	1	1	0	3	1	7	2	3	1	43	-12	18	-5	2	2	8	38	0	0	60	1440	0	0	1	1	1	1	0	0
0	1	28	1	2	0	1	1	1	3	4	7	9	3	4	43	-12	18	-5	2	5	11	38	0	21	117	1440	0	1	1	1	1	0	0	0
0	1	29	1	2	0	1	1	0	4	1	9	2	4	1	73	-16	32	-7	2	2	10	66	0	0	96	4352	0	0	1	1	1	1	0	0
0	2	0	1	3	0	1	1	1	0	1	1	4	0	1	1	0	0	1	2	2	2	2	0	0	0	0	0	0	0	0	1	1	1	2
0	2	1	1	3	0	1	1	2	0	1	1	5	0	1	1	0	0	1	2	2	2	2	0	0	0	0	0	0	0	0	1	1	1	2
0	2	2	1	3	0	1	1	3	0	1	1	6	0	1	1	0	0	1	2	2	2	2	0	0	0	0	0	0	0	0	1	1	1	2
0	2	3	1	3	0	1	1	4	0	1	1	7	0	1	1	0	0	1	2	2	2	2	0	0	0	0	0	0	0	0	1	1	1	2
0	2	4	1	3	0	1	4	3	1	1	7	6	1	1	22	-81	3	-11	2	5	8	11	0	21	60	117	0	1	1	1	1	0	0	0
0	2	5	1	3	0	1	3	2	1	1	6	5	1	1	19	-51	3	-8	2	4	7	11	0	12	45	117	0	1	1	1	1	0	0	0
0	2	6	1	3	0	1	3	5	1	2	6	11	1	2	19	-51	3	-8	2	5	8	11	0	21	60	117	0	1	1	1	1	0	0	0
0	2	7	1	3	0	1	5	2	2	1	11	5	2	1	67	-162	12	-29	2	6	12	38	0	32	140	1440	0	1	1	1	1	0	0	0
0	2	8	1	3	0	1	2	1	1	1	5	4	1	1	16	-27	3	-5	2	3	6	11	0	5	32	117	0	1	1	1	1	0	0	0
0	2	9	1	3	0	1	2	3	1	2	5	9	1	2	16	-27	3	-5	2	4	7	11	0	12	45	117	0	1	1	1	1	0	0	0
0	2	10	1	3	0	1	2	5	1	3	5	14	1	3	16	-27	3	-5	2	5	8	11	0	21	60	117	0	1	1	1	1	0	0	0
0	2	11	1	3	0	1	5	3	3	2	14	9	3	2	127	-207	27	-44	2	7	16	83	0	45	252	6885	0	1	1	1	1	0	0	0
0	2	12	1	3	0	1	3	1	2	1	9	4	2	1	55	-78	12	-17	2	4	10	38	0	12	96	1440	0	1	1	1	1	0	0	0
0	2	13	1	3	0	1	3	4	2	3	9	13	2	3	55	-78	12	-17	2	6	12	38	0	32	140	1440	0	1	1	1	1	0	0	0
0	2	14	1	3	0	1	4	1	3	1	13	4	3	1	118	-153	27	-35	2	5	14	83	0	21	192	6885	0	1	1	1	1	0	0	0
0	2	15	1	3	0	1	1	0	1	1	4	3	1	1	13	-9	3	-2	2	2	5	11	0	0	21	117	0	0	1	1	1	1	0	0
0	2	16	1	3	0	1	1	1	1	2	4	7	1	2	13	-9	3	-2	2	3	6	11	0	5	32	117	0	1	1	1	1	0	0	0
0	2	17	1	3	0	1	1	2	1	3	4	11	1	3	13	-9	3	-2	2	4	7	11	0	12	45	117	0	1	1	1	1	0	0	0
0	2	18	1	3	0	1	1	3	1	4	4	15	1	4	13	-9	3	-2	2	5	8	11	0	21	60	117	0	1	1	1	1	0	0	0
0	2	19	1	3	0	1	3	2	4	3	15	11	4	3	181	-132	48	-35	2	6	18	146	0	32	320	21312	0	1	1	1	1	0	0	0
0	2	20	1	3	0	1	2	1	3	2	11	7	3	2	100	-63	27	-17	2	4	13	83	0	12	165	6885	0	1	1	1	1	0	0	0
0	2	21	1	3	0	1	2	3	3	5	11	18	3	5	100	-63	27	-17	2	7	16	83	0	45	252	6885	0	1	1	1	1	0	0	0
0	2	22	1	3	0	1	3	1	5	2	18	7	5	2	271	-159	75	-44	2	5	20	227	0	21	396	51525	0	1	1	1	1	0	0	0
0	2	23	1	3	0	1	1	0	2	1	7	3	2	1	43	-18	12	-5	2	2	8	38	0	0	60	1440	0	0	1	1	1	1	0	0
0	2	24	1	3	0	1	1	1	2	3	7	10	2	3	43	-18	12	-5	2	4	10	38	0	12	96	1440	0	1	1	1	1	0	0	0
0	2	25	1	3	0	1	1	2	2	5	7	17	2	5	43	-18	12	-5	2	6	12	38	0	32	140	1440	0	1	1	1	1	0	0	0
0	2	26	1	3	0	1	2	1	5	3	17	10	5	3	256	-99	75	-29	2	5	20	227	0	21	396	51525	0	1	1	1	1	0	0	0
0	2	27	1	3	0	1	1	0	3	1	10	3	3	1	91	-27	27	-8	2	2	11	83	0	0	117	6885	0	0	1	1	1	1	0	0
0	2	28	1	3	0	1	1	1	3	4	10	13	3	4	91	-27	27	-8	2	5	14	83	0	21	192	6885	0	1	1	1	1	0	0	0
0	2	29	1	3	0	1	1	0	4	1	13	3	4	1	157	-36	48	-11	2	2	14	146	0	0	192	21312	0	0	1	1	1	1	0	0
0	3	0	1	4	0	1	1	1	0	1	1	5	0	1	1	0	0	1	2	2	2	2	0	0	0	0	0	0	0	0	1	1	1	2
0	3	1	1	4	0	1	1	2	0	1	1	6	0	1	1	0	0	1	2	2	2	2	0	0	0	0	0	0	0	0	1	1	1	2
0	3	2	1	4	0	1	1	3	0	1	1	7	0	1	1	0	0	1	2	2	2	2	0	0	0	0	0	0	0	0	1	1	1	2
0	3	3	1	4	0	1	1	4	0	1	1	8	0	1	1	0	0	1	2	2	2	2	0	0	0	0	0	0	0	0	1	1	1	2
0	3	4	1	4	0	1	4	3	1	1	8	7	1	1	33	-124	4	-15	2	5	9	18	0	21	77	320	0	1	1	1	1	0	0	0
0	3	5	1	4	0	1	3	2	1	1	7	6	1	1	29	-80	4	-11	2	4	8	18	0	12	60	320	0	1	1	1	1	0	0	0
0	3	6	1	4	0	1	3	5	1	2	7	13	1	2	29	-80	4	-11	2	5	9	18	0	21	77	320	0	1	1	1	1	0	0	0
0	3	7	1	4	0	1	5	2	2	1	13	6	2	1	105	-256	16	-39	2	6	14	66	0	32	192	4352	0	1	1	1	1	0	0	0
0	3	8	1	4	0	1	2	1	1	1	6	5	1	1	25	-44	4	-7	2	3	7	18	0	5	45	320	0	1	1	1	1	0	0	0
0	3	9	1	4	0	1	2	3	1	2	6	11	1	2	25	-44	4	-7	2	4	8	18	0	12	60	320	0	1	1	1	1	0	0	0
0	3	10	1	4	0	1	2	5	1	3	6	17	1	3	25	-44	4	-7	2	5	9	18	0	21	77	320	0	1	1	1	1	0	0	0
0	3	11	1	4	0	1	5	3	3	2	17	11	3	2	205	-336	36	-59	2	7	19	146	0	45	357	21312	0	1	1	1	1	0	0	0
0	3	12	1	4	0	1	3	1	2	1	11	5	2	1	89	-128	16	-23	2	4	12	66	0	12	140	4352	0	1	1	1	1	0	0	0
0	3	13	1	4	0	1	3	4	2	3	11	16	2	3	89	-128	16	-23	2	6	14	66	0	32	192	4352	0	1	1	1	1	0	0	0
0	3	14	1	4	0	1	4	1	3	1	16	5	3	1	193	-252	36	-47	2	5	17	146	0	21	285	21312	0	1	1	1	1	0	0	0
0	3	15	1	4	0	1	1	0	1	1	5	4	1	1	21	-16	4	-3	2	2	6	18	0	0	32	320	0	0	1	1	1	1	0	0
0	3	16	1	4	0	1	1	1	1	2	5	9	1	2	21	-16	4	-3	2	3	7	18	0	5	45	320	0	1	1	1	1	0	0	0
0	3	17	1	4	0	1	1	2	1	3	5	14	1	3	21	-16	4	-3	2	4	8	18	0	12	60	320	0	1	1	1	1	0	0	0
0	3	18	1	4	0	1	1	3	1	4	5	19	1	4	21	-16	4	-3	2	5	9	18	0	21	77	320	0	1	1	1	1	0	0	0
0	3	19	1	4	0	1	3	2	4	3	19	14	4	3	305	-224	64	-47	2	6	22	258	0	32	480	66560	0	1	1	1	1	0	0	0
0	3	20	1	4	0	1	2	1	3	2	14	9	3	2	169	-108	36	-23	2	4	16	146	0	12	252	21312	0	1	1	1	1	0	0	0
0	3	21	1	4	0	1	2	3	3	5	14	23	3	5	169	-108	36	-23	2	7	19	146	0	45	357	21312	0	1	1	1	1	0	0	0
0	3	22	1	4	0	1	3	1	5	2	23	9	5	2	461	-272	100	-59	2	5	25	402	0	21	621	161600	0	1	1	1	1	0	0	0
0	3	23	1	4	0	1	1	0	2	1	9	4	2	1	73	-32	16	-7	2	2	10	66	0	0	96	4352	0	0	1	1	1	1	0	0
0	3	24	1	4	0	1	1	1	2	3	9	13	2	3	73	-32	16	-7	2	4	12	66	0	12	140	4352	0	1	1	1	1	0	0	0
0	3	25	1	4	0	1	1	2	2	5	9	22	2	5	73	-32	16	-7	2	6	14	66	0	32	192	4352	0	1	1	1	1	0	0	0
0	3	26	1	4	0	1	2	1	5	3	22	13	5	3	441	-172	100	-39	2	5	25	402	0	21	621	161600	0	1	1	1	1	0	0	0
0	3	27	1	4	0	1	1	0	3	1	13	4	3	1	157	-48	36	-11	2	2	14	146	0	0	192	21312	0	0	1	1	1	1	0	0
0	3	28	1	4	0	1	1	1	3	4	13	17	3	4	157	-48	36	-11	2	5	17	146	0	21	285	21312	0	1	1	1	1	0	0	0
0	3	29	1	4	0	1	1	0	4	1	17	4	4	1	273	-64	64	-15	2	2	18	258	0	0	320	66560	0	0	1	1	1	1	0	0
0	4	0	4	3	1	1	1	1	0	1	4	7	1	2	-3	19	-1	6	5	2	6	3	21	0	32	5	1	0	1	1	0	1	0	0
0	4	1	4	3	1	1	1	2	0	1	4	11	1	3	-7	46	-2	13	5	2	7	6	21	0	45	32	1	0	1	1	0	1	0	0
0	4	2	4	3	1	1	1	3	0	1	4	15	1	4	-11	81	-3	22	5	2	8	11	21	0	60	117	1	0	1	1	0	1	0	0
0	4	3	4	3	1	1	1	4	0	1	4	19	1	5	-15	124	-4	33	5	2	9	18	21	0	77	320	1	0	1	1	0	1	0	0
0	4	4	4	3	1	1	4	3	1	1	19	15	5	4	1	0	0	1	5	5	23	2	21	21	525	0	1	1	1	0	0	0	0	2
0	4	5	4	3	1	1	3	2	1	1	15	11	4	3	5	-11	1	-2	5	4	18	3	21	12	320	5	1	1	1	1	0	0	0	0
0	4	6	4	3	1	1	3	5	1	2	15	26	4	7	-81	232	-22	63	5	5	22	-18	21	21	480	320	1	1	1	1	0	0	0	0
0	4	7	4	3	1	1	5	2	2	1	26	11	7	3	83	-200	22	-53	5	6	29	30	21	32	837	896	1	1	1	1	0	0	0	0
0	4	8	4	3	1	1	2	1	1	1	11	7	3	2	9	-14	2	-3	5	3	13	6	21	5	165	32	1	1	1	1	0	0	0	0
0	4	9	4	3	1	1	2	3	1	2	11	18	3	5	-53	99	-15	28	5	4	16	-25	21	12	252	621	1	1	1	1	0	0	0	0
0	4	10	4	3	1	1	2	5	1	3	11	29	3	8	-137	256	-38	71	5	5	19	-66	21	21	357	4352	1	1	1	1	0	0	0	0
0	4	11	4	3	1	1	5	3	3	2	29	18	8	5	67	-108	18	-29	5	7	34	38	21	45	1152	1440	1	1	1	1	0	0	0	0
0	4	12	4	3	1	1	3	1	2	1	18	7	5	2	63	-89	17	-24	5	4	20	39	21	12	396	1517	1	1	1	1	0	0	0	0
0	4	13	4	3	1	1	3	4	2	3	18	25	5	7	-113	166	-32	47	5	6	25	-66	21	32	621	4352	1	1	1	1	0	0	0	0
0	4	14	4	3	1	1	4	1	3	1	25	7	7	2	159	-206	44	-57	5	5	27	102	21	21	725	10400	1	1	1	1	0	0	0	0
0	4	15	4	3	1	1	1	0	1	1	7	3	2	1	13	-9	3	-2	5	2	8	11	21	0	60	117	1	0	1	1	0	1	0	0
0	4	16	4	3	1	1	1	1	1	2	7	10	2	3	-25	22	-8	7	5	3	10	-18	21	5	96	320	1	1	1	1	0	0	0	0
0	4	17	4	3	1	1	1	2	1	3	7	17	2	5	-77	67	-23	20	5	4	12	-57	21	12	140	3245	1	1	1	1	0	0	0	0
0	4	18	4	3	1	1	1	3	1	4	7	24	2	7	-143	126	-42	37	5	5	14	-106	21	21	192	11232	1	1	1	1	0	0	0	0
0	4	19	4	3	1	1	3	2	4	3	24	17	7	5	37	-26	10	-7	5	6	29	30	21	32	837	896	1	1	1	1	0	0	0	0
0	4	20	4	3	1	1	2	1	3	2	17	10	5	3	47	-29	13	-8	5	4	20	39	21	12	396	1517	1	1	1	1	0	0	0	0
0	4	21	4	3	1	1	2	3	3	5	17	27	5	8	-221	144	-66	43	5	7	25	-178	21	45	621	31680	1	1	1	1	0	0	0	0
0	4	22	4	3	1	1	3	1	5	2	27	10	8	3	239	-140	70	-41	5	5	30	198	21	21	896	39200	1	1	1	1	0	0	0	0
0	4	23	4	3	1	1	1	0	2	1	10	3	3	1	43	-18	12	-5	5	2	11	38	21	0	117	1440	1	0	1	1	0	1	0	0
0	4	24	4	3	1	1	1	1	2	3	10	13	3	4	-53	25	-17	8	5	4	14	-45	21	12	192	2021	1	1	1	1	0	0	0	0
0	4	25	4	3	1	1	1	2	2	5	10	23	3	7	-189	88	-58	27	5	6	17	-162	21	32	285	26240	1	1	1	1	0	0	0	0
0	4	26	4	3	1	1	2	1	5	3	23	13	7	4	115	-44	34	-13	5	5	27	102	21	21	725	10400	1	1	1	1	0	0	0	0
0	4	27	4	3	1	1	1	0	3	1	13	3	4	1	91	-27	27	-8	5	2	14	83	21	0	192	6885	1	0	1	1	0	1	0	0
0	4	28	4	3	1	1	1	1	3	4	13	16	4	5	-87	28	-28	9	5	5	18	-78	21	21	320	6080	1	1	1	1	0	0	0	0
0	4	29	4	3	1	1	1	0	4	1	16	3	5	1	157	-36	48	-11	5	2	17	146	21	0	285	21312	1	0	1	1	0	1	0	0
0	5	0	3	2	1	1	1	1	0	1	3	5	1	2	-2	11	-1	5	4	2	5	3	12	0	21	5	1	0	1	1	0	1	0	0
0	5	1	3	2	1	1	1	2	0	1	3	8	1	3	-5	28	-2	11	4	2	6	6	12	0	32	32	1	0	1	1	0	1	0	0
0	5	2	3	2	1	1	1	3	0	1	3	11	1	4	-8	51	-3	19	4	2	7	11	12	0	45	117	1	0	1	1	0	1	0	0
0	5	3	3	2	1	1	1	4	0	1	3	14	1	5	-11	80	-4	29	4	2	8	18	12	0	60	320	1	0	1	1	0	1	0	0
0	5	4	3	2	1	1	4	3	1	1	14	11	5	4	-2	11	-1	5	4	5	18	3	12	21	320	5	1	1	1	1	0	0	0	0
0	5	5	3	2	1	1	3	2	1	1	11	8	4	3	1	0	0	1	4	4	14	2	12	12	192	0	1	1	1	0	0	0	0	2
0	5	6	3	2	1	1	3	5	1	2	11	19	4	7	-51	145	-19	54	4	5	18	3	12	21	320	5	1	1	1	1	0	0	0	0
0	5	7	3	2	1	1	5	2	2	1	19	8	7	3	39	-92	14	-33	4	6	22	6	12	32	480	32	1	1	1	1	0	0	0	0
0	5	8	3	2	1	1	2	1	1	1	8	5	3	2	4	-5	1	-1	4	3	10	3	12	5	96	5	1	1	1	1	0	0	0	0
0	5	9	3	2	1	1	2	3	1	2	8	13	3	5	-33	61	-13	24	4	4	13	-9	12	12	165	77	1	1	1	1	0	0	0	0
0	5	10	3	2	1	1	2	5	1	3	8	21	3	8	-86	159	-33	61	4	5	16	-25	12	21	252	621	1	1	1	1	0	0	0	0
0	5	11	3	2	1	1	5	3	3	2	21	13	8	5	25	-39	9	-14	4	7	26	11	12	45	672	117	1	1	1	1	0	0	0	0
0	5	12	3	2	1	1	3	1	2	1	13	5	5	2	30	-41	11	-15	4	4	15	15	12	12	221	221	1	1	1	1	0	0	0	0
0	5	13	3	2	1	1	3	4	2	3	13	18	5	7	-71	104	-28	41	4	6	20	-30	12	32	396	896	1	1	1	1	0	0	0	0
0	5	14	3	2	1	1	4	1	3	1	18	5	7	2	76	-97	29	-37	4	5	20	39	12	21	396	1517	1	1	1	1	0	0	0	0
0	5	15	3	2	1	1	1	0	1	1	5	2	2	1	7	-4	2	-1	4	2	6	6	12	0	32	32	1	0	1	1	0	1	0	0
0	5	16	3	2	1	1	1	1	1	2	5	7	2	3	-15	13	-7	6	4	3	8	-9	12	5	60	77	1	1	1	1	0	0	0	0
0	5	17	3	2	1	1	1	2	1	3	5	12	2	5	-47	40	-20	17	4	4	10	-30	12	12	96	896	1	1	1	1	0	0	0	0
0	5	18	3	2	1	1	1	3	1	4	5	17	2	7	-89	77	-37	32	4	5	12	-57	12	21	140	3245	1	1	1	1	0	0	0	0
0	5	19	3	2	1	1	3	2	4	3	17	12	7	5	7	-4	2	-1	4	6	22	6	12	32	480	32	1	1	1	1	0	0	0	0
0	5	20	3	2	1	1	2	1	3	2	12	7	5	3	19	-11	7	-4	4	4	15	15	12	12	221	221	1	1	1	1	0	0	0	0
0	5	21	3	2	1	1	2	3	3	5	12	19	5	8	-134	87	-57	37	4	7	20	-97	12	45	396	9405	1	1	1	1	0	0	0	0
0	5	22	3	2	1	1	3	1	5	2	19	7	8	3	109	-63	45	-26	4	5	22	83	12	21	480	6885	1	1	1	1	0	0	0	0
0	5	23	3	2	1	1	1	0	2	1	7	2	3	1	21	-8	8	-3	4	2	8	18	12	0	60	320	1	0	1	1	0	1	0	0
0	5	24	3	2	1	1	1	1	2	3	7	9	3	4	-32	15	-15	7	4	4	11	-25	12	12	117	621	1	1	1	1	0	0	0	0
0	5	25	3	2	1	1	1	2	2	5	7	16	3	7	-113	52	-50	23	4	6	14	-90	12	32	192	8096	1	1	1	1	0	0	0	0
0	5	26	3	2	1	1	2	1	5	3	16	9	7	4	46	-17	19	-7	4	5	20	39	12	21	396	1517	1	1	1	1	0	0	0	0
0	5	27	3	2	1	1	1	0	3	1	9	2	4	1	43	-12	18	-5	4	2	10	38	12	0	96	1440	1	0	1	1	0	1	0	0
0	5	28	3	2	1	1	1	1	3	4	9	11	4	5	-53	17	-25	8	4	5	14	-45	12	21	192	2021	1	1	1	1	0	0	0	0
0	5	29	3	2	1	1	1	0	4	1	11	2	5	1	73	-16	32	-7	4	2	12	66	12	0	140	4352	1	0	1	1	0	1	0	0
0	6	0	3	5	1	2	1	1	0	1	3	8	1	3	-2	11	-1	5	5	2	6	3	21	0	32	5	1	0	1	1	0	1	0	0
0	6	1	3	5	1	2	1	2	0	1	3	11	1	4	-5	28	-2	11	5	2	7	6	21	0	45	32	1	0	1	1	0	1	0	0
0	6	2	3	5	1	2	1	3	0	1	3	14	1	5	-8	51	-3	19	5	2	8	11	21	0	60	117	1	0	1	1	0	1	0	0
0	6	3	3	5	1	2	1	4	0	1	3	17	1	6	-11	80	-4	29	5	2	9	18	21	0	77	320	1	0	1	1	0	1	0	0
0	6	4	3	5	1	2	4	3	1	1	17	14	6	5	63	-232	22	-81	5	5	22	-18	21	21	480	320	1	1	1	1	0	0	0	0
0	6	5	3	5	1	2	3	2	1	1	14	11	5	4	54	-145	19	-51	5	4	18	3	21	12	320	5	1	1	1	1	0	0	0	0
0	6	6	3	5	1	2	3	5	1	2	14	25	5	9	1	0	0	1	5	5	23	2	21	21	525	0	1	1	1	0	0	0	0	2
0	6	7	3	5	1	2	5	2	2	1	25	11	9	4	223	-538	80	-193	5	6	29	30	21	32	837	896	1	1	1	1	0	0	0	0
0	6	8	3	5	1	2	2	1	1	1	11	8	4	3	45	-76	16	-27	5	3	14	18	21	5	192	320	1	1	1	1	0	0	0	0
0	6	9	3	5	1	2	2	3	1	2	11	19	4	7	4	-5	1	-1	5	4	18	3	21	12	320	5	1	1	1	1	0	0	0	0
0	6	10	3	5	1	2	2	5	1	3	11	30	4	11	-59	110	-22	41	5	5	22	-18	21	21	480	320	1	1	1	1	0	0	0	0
0	6	11	3	5	1	2	5	3	3	2	30	19	11	7	361	-588	132	-215	5	7	37	146	21	45	1365	21312	1	1	1	1	0	0	0	0
0	6	12	3	5	1	2	3	1	2	1	19	8	7	3	172	-243	63	-89	5	4	22	83	21	12	480	6885	1	1	1	1	0	0	0	0
0	6	13	3	5	1	2	3	4	2	3	19	27	7	10	61	-86	22	-31	5	6	29	30	21	32	837	896	1	1	1	1	0	0	0	0
0	6	14	3	5	1	2	4	1	3	1	27	8	10	3	379	-490	140	-181	5	5	30	198	21	21	896	39200	1	1	1	1	0	0	0	0
0	6	15	3	5	1	2	1	0	1	1	8	5	3	2	36	-25	13	-9	5	2	10	27	21	0	96	725	1	0	1	1	0	1	0	0
0	6	16	3	5	1	2	1	1	1	2	8	13	3	5	7	-4	2	-1	5	3	13	6	21	5	165	32	1	1	1	1	0	0	0	0
0	6	17	3	5	1	2	1	2	1	3	8	21	3	8	-38	33	-15	13	5	4	16	-25	21	12	252	621	1	1	1	1	0	0	0	0
0	6	18	3	5	1	2	1	3	1	4	8	29	3	11	-99	86	-38	33	5	5	19	-66	21	21	357	4352	1	1	1	1	0	0	0	0
0	6	19	3	5	1	2	3	2	4	3	29	21	11	8	439	-320	166	-121	5	6	37	318	21	32	1365	101120	1	1	1	1	0	0	0	0
0	6	20	3	5	1	2	2	1	3	2	21	13	8	5	256	-161	97	-61	5	4	26	195	21	12	672	38021	1	1	1	1	0	0	0	0
0	6	21	3	5	1	2	2	3	3	5	21	34	8	13	49	-30	18	-11	5	7	34	38	21	45	1152	1440	1	1	1	1	0	0	0	0
0	6	22	3	5	1	2	3	1	5	2	34	13	13	5	765	-448	292	-171	5	5	39	594	21	21	1517	352832	1	1	1	1	0	0	0	0
0	6	23	3	5	1	2	1	0	2	1	13	5	5	2	121	-50	46	-19	5	2	15	102	21	0	221	10400	1	0	1	1	0	1	0	0
0	6	24	3	5	1	2	1	1	2	3	13	18	5	7	46	-19	17	-7	5	4	20	39	21	12	396	1517	1	1	1	1	0	0	0	0
0	6	25	3	5	1	2	1	2	2	5	13	31	5	12	-81	38	-32	15	5	6	25	-66	21	32	621	4352	1	1	1	1	0	0	0	0
0	6	26	3	5	1	2	2	1	5	3	31	18	12	7	637	-246	246	-95	5	5	38	542	21	21	1440	293760	1	1	1	1	0	0	0	0
0	6	27	3	5	1	2	1	0	3	1	18	5	7	2	256	-75	99	-29	5	2	20	227	21	0	396	51525	1	0	1	1	0	1	0	0
0	6	28	3	5	1	2	1	1	3	4	18	23	7	9	115	-34	44	-13	5	5	27	102	21	21	725	10400	1	1	1	1	0	0	0	0
0	6	29	3	5	1	2	1	0	4	1	23	5	9	2	441	-100	172	-39	5	2	25	402	21	0	621	161600	1	0	1	1	0	1	0	0
0	7	0	5	2	2	1	1	1	0	1	5	7	2	3	-9	34	-4	15	6	2	8	6	32	0	60	32	1	0	1	1	0	1	0	0
0	7	1	5	2	2	1	1	2	0	1	5	12	2	5	-19	88	-8	37	6	2	10	18	32	0	96	320	1	0	1	1	0	1	0	0
0	7	2	5	2	2	1	1	3	0	1	5	17	2	7	-29	162	-12	67	6	2	12	38	32	0	140	1440	1	0	1	1	0	1	0	0
0	7	3	5	2	2	1	1	4	0	1	5	22	2	9	-39	256	-16	105	6	2	14	66	32	0	192	4352	1	0	1	1	0	1	0	0
0	7	4	5	2	2	1	4	3	1	1	22	17	9	7	-53	200	-22	83	6	5	29	30	32	21	837	896	1	1	1	1	0	0	0	0
0	7	5	5	2	2	1	3	2	1	1	17	12	7	5	-33	92	-14	39	6	4	22	6	32	12	480	32	1	1	1	1	0	0	0	0
0	7	6	5	2	2	1	3	5	1	2	17	29	7	12	-193	538	-80	223	6	5	29	30	32	21	837	896	1	1	1	1	0	0	0	0
0	7	7	5	2	2	1	5	2	2	1	29	12	12	5	1	0	0	1	6	6	34	2	32	32	1152	0	1	1	1	0	0	0	0	2
0	7	8	5	2	2	1	2	1	1	1	12	7	5	3	-13	24	-6	11	6	3	15	-2	32	5	221	0	1	1	1	0	0	0	0	0
0	7	9	5	2	2	1	2	3	1	2	12	19	5	8	-123	220	-52	93	6	4	20	-30	32	12	396	896	1	1	1	1	0	0	0	0
0	7	10	5	2	2	1	2	5	1	3	12	31	5	13	-281	512	-118	215	6	5	25	-66	32	21	621	4352	1	1	1	1	0	0	0	0
0	7	11	5	2	2	1	5	3	3	2	31	19	13	8	-113	186	-48	79	6	7	39	-34	32	45	1517	1152	1	1	1	1	0	0	0	0
0	7	12	5	2	2	1	3	1	2	1	19	7	8	3	11	-14	4	-5	6	4	22	6	32	12	480	32	1	1	1	1	0	0	0	0
0	7	13	5	2	2	1	3	4	2	3	19	26	8	11	-283	408	-120	173	6	6	30	-110	32	32	896	12096	1	1	1	1	0	0	0	0
0	7	14	5	2	2	1	4	1	3	1	26	7	11	3	63	-80	26	-33	6	5	29	30	32	21	837	896	1	1	1	1	0	0	0	0
0	7	15	5	2	2	1	1	0	1	1	7	2	3	1	7	-4	2	-1	6	2	8	6	32	0	60	32	1	0	1	1	0	1	0	0
0	7	16	5	2	2	1	1	1	1	2	7	9	3	4	-53	42	-24	19	6	3	11	-34	32	5	117	1152	1	1	1	1	0	0	0	0
0	7	17	5	2	2	1	1	2	1	3	7	16	3	7	-141	116	-62	51	6	4	14	-90	32	12	192	8096	1	1	1	1	0	0	0	0
0	7	18	5	2	2	1	1	3	1	4	7	23	3	10	-257	218	-112	95	6	5	17	-162	32	21	285	26240	1	1	1	1	0	0	0	0
0	7	19	5	2	2	1	3	2	4	3	23	16	10	7	-163	120	-72	53	6	6	30	-110	32	32	896	12096	1	1	1	1	0	0	0	0
0	7	20	5	2	2	1	2	1	3	2	16	9	7	4	-43	28	-20	13	6	4	20	-30	32	12	396	896	1	1	1	1	0	0	0	0
0	7	21	5	2	2	1	2	3	3	5	16	25	7	11	-449	288	-198	127	6	7	27	-322	32	45	725	103680	1	1	1	1	0	0	0	0
0	7	22	5	2	2	1	3	1	5	2	25	9	11	4	39	-22	16	-9	6	5	29	30	32	21	837	896	1	1	1	1	0	0	0	0
0	7	23	5	2	2	1	1	0	2	1	9	2	4	1	21	-8	8	-3	6	2	10	18	32	0	96	320	1	0	1	1	0	1	0	0
0	7	24	5	2	2	1	1	1	2	3	9	11	4	5	-113	50	-52	23	6	4	14	-90	32	12	192	8096	1	1	1	1	0	0	0	0
0	7	25	5	2	2	1	1	2	2	5	9	20	4	9	-319	144	-144	65	6	6	18	-254	32	32	320	64512	1	1	1	1	0	0	0	0
0	7	26	5	2	2	1	2	1	5	3	20	11	9	5	-81	32	-38	15	6	5	25	-66	32	21	621	4352	1	1	1	1	0	0	0	0
0	7	27	5	2	2	1	1	0	3	1	11	2	5	1	43	-12	18	-5	6	2	12	38	32	0	140	1440	1	0	1	1	0	1	0	0
0	7	28	5	2	2	1	1	1	3	4	11	13	5	6	-189	58	-88	27	6	5	17	-162	32	21	285	26240	1	1	1	1	0	0	0	0
0	7	29	5	2	2	1	1	0	4	1	13	2	6	1	73	-16	32	-7	6	2	14	66	32	0	192	4352	1	0	1	1	0	1	0	0
0	8	0	2	1	1	1	1	1	0	1	2	3	1	2	-1	5	-1	4	3	2	4	3	5	0	12	5	1	0	1	1	0	1	0	0
0	8	1	2	1	1	1	1	2	0	1	2	5	1	3	-3	14	-2	9	3	2	5	6	5	0	21	32	1	0	1	1	0	1	0	0
0	8	2	2	1	1	1	1	3	0	1	2	7	1	4	-5	27	-3	16	3	2	6	11	5	0	32	117	1	0	1	1	0	1	0	0
0	8	3	2	1	1	1	1	4	0	1	2	9	1	5	-7	44	-4	25	3	2	7	18	5	0	45	320	1	0	1	1	0	1	0	0
0	8	4	2	1	1	1	4	3	1	1	9	7	5	4	-3	14	-2	9	3	5	13	6	5	21	165	32	1	1	1	1	0	0	0	0
0	8	5	2	1	1	1	3	2	1	1	7	5	4	3	-1	5	-1	4	3	4	10	3	5	12	96	5	1	1	1	1	0	0	0	0
0	8	6	2	1	1	1	3	5	1	2	7	12	4	7	-27	76	-16	45	3	5	14	18	5	21	192	320	1	1	1	1	0	0	0	0
0	8	7	2	1	1	1	5	2	2	1	12	5	7	3	11	-24	6	-13	3	6	15	-2	5	32	221	0	1	1	1	0	0	0	0	0
0	8	8	2	1	1	1	2	1	1	1	5	3	3	2	1	0	0	1	3	3	7	2	5	5	45	0	1	1	1	0	0	0	0	2
0	8	9	2	1	1	1	2	3	1	2	5	8	3	5	-17	31	-11	20	3	4	10	3	5	12	96	5	1	1	1	1	0	0	0	0
0	8	10	2	1	1	1	2	5	1	3	5	13	3	8	-45	82	-28	51	3	5	13	6	5	21	165	32	1	1	1	1	0	0	0	0
0	8	11	2	1	1	1	5	3	3	2	13	8	8	5	1	0	0	1	3	7	18	2	5	45	320	0	1	1	1	0	0	0	0	2
0	8	12	2	1	1	1	3	1	2	1	8	3	5	2	9	-11	5	-6	3	4	10	3	5	12	96	5	1	1	1	1	0	0	0	0
0	8	13	2	1	1	1	3	4	2	3	8	11	5	7	-37	54	-24	35	3	6	15	-2	5	32	221	0	1	1	1	0	0	0	0	0
0	8	14	2	1	1	1	4	1	3	1	11	3	7	2	23	-28	14	-17	3	5	13	6	5	21	165	32	1	1	1	1	0	0	0	0
0	8	15	2	1	1	1	1	0	1	1	3	1	2	1	3	-1	1	0	3	2	4	3	5	0	12	5	1	0	1	1	0	1	0	0
0	8	16	2	1	1	1	1	1	1	2	3	4	2	3	-7	6	-6	5	3	3	6	-2	5	5	32	0	1	1	1	0	0	0	0	0
0	8	17	2	1	1	1	1	2	1	3	3	7	2	5	-23	19	-17	14	3	4	8	-9	5	12	60	77	1	1	1	1	0	0	0	0
0	8	18	2	1	1	1	1	3	1	4	3	10	2	7	-45	38	-32	27	3	5	10	-18	5	21	96	320	1	1	1	1	0	0	0	0
0	8	19	2	1	1	1	3	2	4	3	10	7	7	5	-7	6	-6	5	3	6	15	-2	5	32	221	0	1	1	1	0	0	0	0	0
0	8	20	2	1	1	1	2	1	3	2	7	4	5	3	3	-1	1	0	3	4	10	3	5	12	96	5	1	1	1	1	0	0	0	0
0	8	21	2	1	1	1	2	3	3	5	7	11	5	8	-65	42	-48	31	3	7	15	-34	5	45	221	1152	1	1	1	1	0	0	0	0
0	8	22	2	1	1	1	3	1	5	2	11	4	8	3	29	-16	20	-11	3	5	14	18	5	21	192	320	1	1	1	1	0	0	0	0
0	8	23	2	1	1	1	1	0	2	1	4	1	3	1	7	-2	4	-1	3	2	5	6	5	0	21	32	1	0	1	1	0	1	0	0
0	8	24	2	1	1	1	1	1	2	3	4	5	3	4	-15	7	-13	6	3	4	8	-9	5	12	60	77	1	1	1	1	0	0	0	0
0	8	25	2	1	1	1	1	2	2	5	4	9	3	7	-53	24	-42	19	3	6	11	-34	5	32	117	1152	1	1	1	1	0	0	0	0
0	8	26	2	1	1	1	2	1	5	3	9	5	7	4	7	-2	4	-1	3	5	13	6	5	21	165	32	1	1	1	1	0	0	0	0
0	8	27	2	1	1	1	1	0	3	1	5	1	4	1	13	-3	9	-2	3	2	6	11	5	0	32	117	1	0	1	1	0	1	0	0
0	8	28	2	1	1	1	1	1	3	4	5	6	4	5	-25	8	-22	7	3	5	10	-18	5	21	96	320	1	1	1	1	0	0	0	0
0	8	29	2	1	1	1	1	0	4	1	6	1	5	1	21	-4	16	-3	3	2	7	18	5	0	45	320	1	0	1	1	0	1	0	0
0	9	0	2	3	1	2	1	1	0	1	2	5	1	3	-1	5	-1	4	4	2	5	3	12	0	21	5	1	0	1	1	0	1	0	0
0	9	1	2	3	1	2	1	2	0	1	2	7	1	4	-3	14	-2	9	4	2	6	6	12	0	32	32	1	0	1	1	0	1	0	0
0	9	2	2	3	1	2	1	3	0	1	2	9	1	5	-5	27	-3	16	4	2	7	11	12	0	45	117	1	0	1	1	0	1	0	0
0	9	3	2	3	1	2	1	4	0	1	2	11	1	6	-7	44	-4	25	4	2	8	18	12	0	60	320	1	0	1	1	0	1	0	0
0	9	4	2	3	1	2	4	3	1	1	11	9	6	5	28	-99	15	-53	4	5	16	-25	12	21	252	621	1	1	1	1	0	0	0	0
0	9	5	2	3	1	2	3	2	1	1	9	7	5	4	24	-61	13	-33	4	4	13	-9	12	12	165	77	1	1	1	1	0	0	0	0
0	9	6	2	3	1	2	3	5	1	2	9	16	5	9	-1	5	-1	4	4	5	18	3	12	21	320	5	1	1	1	1	0	0	0	0
0	9	7	2	3	1	2	5	2	2	1	16	7	9	4	93	-220	52	-123	4	6	20	-30	12	32	396	896	1	1	1	1	0	0	0	0
0	9	8	2	3	1	2	2	1	1	1	7	5	4	3	20	-31	11	-17	4	3	10	3	12	5	96	5	1	1	1	1	0	0	0	0
0	9	9	2	3	1	2	2	3	1	2	7	12	4	7	1	0	0	1	4	4	14	2	12	12	192	0	1	1	1	0	0	0	0	2
0	9	10	2	3	1	2	2	5	1	3	7	19	4	11	-32	59	-19	35	4	5	18	3	12	21	320	5	1	1	1	1	0	0	0	0
0	9	11	2	3	1	2	5	3	3	2	19	12	11	7	151	-243	87	-140	4	7	26	11	12	45	672	117	1	1	1	1	0	0	0	0
0	9	12	2	3	1	2	3	1	2	1	12	5	7	3	71	-97	41	-56	4	4	15	15	12	12	221	221	1	1	1	1	0	0	0	0
0	9	13	2	3	1	2	3	4	2	3	12	17	7	10	25	-34	14	-19	4	6	22	6	12	32	480	32	1	1	1	1	0	0	0	0
0	9	14	2	3	1	2	4	1	3	1	17	5	10	3	152	-193	89	-113	4	5	20	39	12	21	396	1517	1	1	1	1	0	0	0	0
0	9	15	2	3	1	2	1	0	1	1	5	3	3	2	16	-9	9	-5	4	2	7	11	12	0	45	117	1	0	1	1	0	1	0	0
0	9	16	2	3	1	2	1	1	1	2	5	8	3	5	3	-1	1	0	4	3	10	3	12	5	96	5	1	1	1	1	0	0	0	0
0	9	17	2	3	1	2	1	2	1	3	5	13	3	8	-20	17	-13	11	4	4	13	-9	12	12	165	77	1	1	1	1	0	0	0	0
0	9	18	2	3	1	2	1	3	1	4	5	18	3	11	-53	45	-33	28	4	5	16	-25	12	21	252	621	1	1	1	1	0	0	0	0
0	9	19	2	3	1	2	3	2	4	3	18	13	11	8	181	-130	110	-79	4	6	26	102	12	32	672	10400	1	1	1	1	0	0	0	0
0	9	20	2	3	1	2	2	1	3	2	13	8	8	5	105	-64	64	-39	4	4	18	66	12	12	320	4352	1	1	1	1	0	0	0	0
0	9	21	2	3	1	2	2	3	3	5	13	21	8	13	16	-9	9	-5	4	7	26	11	12	45	672	117	1	1	1	1	0	0	0	0
0	9	22	2	3	1	2	3	1	5	2	21	8	13	5	303	-175	187	-108	4	5	26	195	12	21	672	38021	1	1	1	1	0	0	0	0
0	9	23	2	3	1	2	1	0	2	1	8	3	5	2	49	-18	30	-11	4	2	10	38	12	0	96	1440	1	0	1	1	0	1	0	0
0	9	24	2	3	1	2	1	1	2	3	8	11	5	7	19	-7	11	-4	4	4	15	15	12	12	221	221	1	1	1	1	0	0	0	0
0	9	25	2	3	1	2	1	2	2	5	8	19	5	12	-43	20	-28	13	4	6	20	-30	12	32	396	896	1	1	1	1	0	0	0	0
0	9	26	2	3	1	2	2	1	5	3	19	11	12	7	256	-97	161	-61	4	5	26	195	12	21	672	38021	1	1	1	1	0	0	0	0
0	9	27	2	3	1	2	1	0	3	1	11	3	7	2	100	-27	63	-17	4	2	13	83	12	0	165	6885	1	0	1	1	0	1	0	0
0	9	28	2	3	1	2	1	1	3	4	11	14	7	9	47	-13	29	-8	4	5	20	39	12	21	396	1517	1	1	1	1	0	0	0	0
0	9	29	2	3	1	2	1	0	4	1	14	3	9	2	169	-36	108	-23	4	2	16	146	12	0	252	21312	1	0	1	1	0	1	0	0
0	10	0	2	5	1	3	1	1	0	1	2	7	1	4	-1	5	-1	4	5	2	6	3	21	0	32	5	1	0	1	1	0	1	0	0
0	10	1	2	5	1	3	1	2	0	1	2	9	1	5	-3	14	-2	9	5	2	7	6	21	0	45	32	1	0	1	1	0	1	0	0
0	10	2	2	5	1	3	1	3	0	1	2	11	1	6	-5	27	-3	16	5	2	8	11	21	0	60	117	1	0	1	1	0	1	0	0
0	10	3	2	5	1	3	1	4	0	1	2	13	1	7	-7	44	-4	25	5	2	9	18	21	0	77	320	1	0	1	1	0	1	0	0
0	10	4	2	5	1	3	4	3	1	1	13	11	7	6	71	-256	38	-137	5	5	19	-66	21	21	357	4352	1	1	1	1	0	0	0	0
0	10	5	2	5	1	3	3	2	1	1	11	9	6	5	61	-159	33	-86	5	4	16	-25	21	12	252	621	1	1	1	1	0	0	0	0
0	10	6	2	5	1	3	3	5	1	2	11	20	6	11	41	-110	22	-59	5	5	22	-18	21	21	480	320	1	1	1	1	0	0	0	0
0	10	7	2	5	1	3	5	2	2	1	20	9	11	5	215	-512	118	-281	5	6	25	-66	21	32	621	4352	1	1	1	1	0	0	0	0
0	10	8	2	5	1	3	2	1	1	1	9	7	5	4	51	-82	28	-45	5	3	13	6	21	5	165	32	1	1	1	1	0	0	0	0
0	10	9	2	5	1	3	2	3	1	2	9	16	5	9	35	-59	19	-32	5	4	18	3	21	12	320	5	1	1	1	1	0	0	0	0
0	10	10	2	5	1	3	2	5	1	3	9	25	5	14	1	0	0	1	5	5	23	2	21	21	525	0	1	1	1	0	0	0	0	2
0	10	11	2	5	1	3	5	3	3	2	25	16	14	9	397	-642	222	-359	5	7	34	38	21	45	1152	1440	1	1	1	1	0	0	0	0
0	10	12	2	5	1	3	3	1	2	1	16	7	9	4	173	-239	97	-134	5	4	20	39	21	12	396	1517	1	1	1	1	0	0	0	0
0	10	13	2	5	1	3	3	4	2	3	16	23	9	13	143	-202	80	-113	5	6	29	30	21	32	837	896	1	1	1	1	0	0	0	0
0	10	14	2	5	1	3	4	1	3	1	23	7	13	4	365	-466	206	-263	5	5	27	102	21	21	725	10400	1	1	1	1	0	0	0	0
0	10	15	2	5	1	3	1	0	1	1	7	5	4	3	41	-25	23	-14	5	2	10	27	21	0	96	725	1	0	1	1	0	1	0	0
0	10	16	2	5	1	3	1	1	1	2	7	12	4	7	29	-20	16	-11	5	3	14	18	21	5	192	320	1	1	1	1	0	0	0	0
0	10	17	2	5	1	3	1	2	1	3	7	19	4	11	3	-1	1	0	5	4	18	3	21	12	320	5	1	1	1	1	0	0	0	0
0	10	18	2	5	1	3	1	3	1	4	7	26	4	15	-37	32	-22	19	5	5	22	-18	21	21	480	320	1	1	1	1	0	0	0	0
0	10	19	2	5	1	3	3	2	4	3	26	19	15	11	545	-394	314	-227	5	6	37	318	21	32	1365	101120	1	1	1	1	0	0	0	0
0	10	20	2	5	1	3	2	1	3	2	19	12	11	7	303	-187	175	-108	5	4	26	195	21	12	672	38021	1	1	1	1	0	0	0	0
0	10	21	2	5	1	3	2	3	3	5	19	31	11	18	229	-144	132	-83	5	7	37	146	21	45	1365	21312	1	1	1	1	0	0	0	0
0	10	22	2	5	1	3	3	1	5	2	31	12	18	7	817	-474	474	-275	5	5	38	542	21	21	1440	293760	1	1	1	1	0	0	0	0
0	10	23	2	5	1	3	1	0	2	1	12	5	7	3	131	-50	76	-29	5	2	15	102	21	0	221	10400	1	0	1	1	0	1	0	0
0	10	24	2	5	1	3	1	1	2	3	12	17	7	10	109	-45	63	-26	5	4	22	83	21	12	480	6885	1	1	1	1	0	0	0	0
0	10	25	2	5	1	3	1	2	2	5	12	29	7	17	39	-16	22	-9	5	6	29	30	21	32	837	896	1	1	1	1	0	0	0	0
0	10	26	2	5	1	3	2	1	5	3	29	17	17	10	765	-292	448	-171	5	5	39	594	21	21	1517	352832	1	1	1	1	0	0	0	0
0	10	27	2	5	1	3	1	0	3	1	17	5	10	3	271	-75	159	-44	5	2	20	227	21	0	396	51525	1	0	1	1	0	1	0	0
0	10	28	2	5	1	3	1	1	3	4	17	22	10	13	239	-70	140	-41	5	5	30	198	21	21	896	39200	1	1	1	1	0	0	0	0
0	10	29	2	5	1	3	1	0	4	1	22	5	13	3	461	-100	272	-59	5	2	25	402	21	0	621	161600	1	0	1	1	0	1	0	0
0	11	0	5	3	3	2	1	1	0	1	5	8	3	5	-14	39	-9	25	7	2	10	11	45	0	96	117	1	0	1	1	0	1	0	0
0	11	1	5	3	3	2	1	2	0	1	5	13	3	8	-29	108	-18	67	7	2	13	38	45	0	165	1440	1	0	1	1	0	1	0	0
0	11	2	5	3	3	2	1	3	0	1	5	18	3	11	-44	207	-27	127	7	2	16	83	45	0	252	6885	1	0	1	1	0	1	0	0
0	11	3	5	3	3	2	1	4	0	1	5	23	3	14	-59	336	-36	205	7	2	19	146	45	0	357	21312	1	0	1	1	0	1	0	0
0	11	4	5	3	3	2	4	3	1	1	23	18	14	11	-29	108	-18	67	7	5	34	38	45	21	1152	1440	1	1	1	1	0	0	0	0
0	11	5	5	3	3	2	3	2	1	1	18	13	11	8	-14	39	-9	25	7	4	26	11	45	12	672	117	1	1	1	1	0	0	0	0
0	11	6	5	3	3	2	3	5	1	2	18	31	11	19	-215	588	-132	361	7	5	37	146	45	21	1365	21312	1	1	1	1	0	0	0	0
0	11	7	5	3	3	2	5	2	2	1	31	13	19	8	79	-186	48	-113	7	6	39	-34	45	32	1517	1152	1	1	1	1	0	0	0	0
0	11	8	5	3	3	2	2	1	1	1	13	8	8	5	1	0	0	1	7	3	18	2	45	5	320	0	1	1	1	0	0	0	0	2
0	11	9	5	3	3	2	2	3	1	2	13	21	8	13	-140	243	-87	151	7	4	26	11	45	12	672	117	1	1	1	1	0	0	0	0
0	11	10	5	3	3	2	2	5	1	3	13	34	8	21	-359	642	-222	397	7	5	34	38	45	21	1152	1440	1	1	1	1	0	0	0	0
0	11	11	5	3	3	2	5	3	3	2	34	21	21	13	1	0	0	1	7	7	47	2	45	45	2205	0	1	1	1	0	0	0	0	2
0	11	12	5	3	3	2	3	1	2	1	21	8	13	5	64	-87	39	-53	7	4	26	11	45	12	672	117	1	1	1	1	0	0	0	0
0	11	13	5	3	3	2	3	4	2	3	21	29	13	18	-299	426	-186	265	7	6	39	-34	45	32	1517	1152	1	1	1	1	0	0	0	0
0	11	14	5	3	3	2	4	1	3	1	29	8	18	5	175	-222	108	-137	7	5	34	38	45	21	1152	1440	1	1	1	1	0	0	0	0
0	11	15	5	3	3	2	1	0	1	1	8	3	5	2	16	-9	9	-5	7	2	10	11	45	0	96	117	1	0	1	1	0	1	0	0
0	11	16	5	3	3	2	1	1	1	2	8	11	5	7	-65	48	-42	31	7	3	15	-34	45	5	221	1152	1	1	1	1	0	0	0	0
0	11	17	5	3	3	2	1	2	1	3	8	19	5	12	-194	153	-123	97	7	4	20	-97	45	12	396	9405	1	1	1	1	0	0	0	0
0	11	18	5	3	3	2	1	3	1	4	8	27	5	17	-371	306	-234	193	7	5	25	-178	45	21	621	31680	1	1	1	1	0	0	0	0
0	11	19	5	3	3	2	3	2	4	3	27	19	17	12	-65	48	-42	31	7	6	39	-34	45	32	1517	1152	1	1	1	1	0	0	0	0
0	11	20	5	3	3	2	2	1	3	2	19	11	12	7	16	-9	9	-5	7	4	26	11	45	12	672	117	1	1	1	1	0	0	0	0
0	11	21	5	3	3	2	2	3	3	5	19	30	12	19	-539	342	-342	217	7	7	38	-322	45	45	1440	103680	1	1	1	1	0	0	0	0
0	11	22	5	3	3	2	3	1	5	2	30	11	19	7	229	-132	144	-83	7	5	37	146	45	21	1365	21312	1	1	1	1	0	0	0	0
0	11	23	5	3	3	2	1	0	2	1	11	3	7	2	49	-18	30	-11	7	2	13	38	45	0	165	1440	1	0	1	1	0	1	0	0
0	11	24	5	3	3	2	1	1	2	3	11	14	7	9	-134	57	-87	37	7	4	20	-97	45	12	396	9405	1	1	1	1	0	0	0	0
0	11	25	5	3	3	2	1	2	2	5	11	25	7	16	-449	198	-288	127	7	6	27	-322	45	32	725	103680	1	1	1	1	0	0	0	0
0	11	26	5	3	3	2	2	1	5	3	25	14	16	9	49	-18	30	-11	7	5	34	38	45	21	1152	1440	1	1	1	1	0	0	0	0
0	11	27	5	3	3	2	1	0	3	1	14	3	9	2	100	-27	63	-17	7	2	16	83	45	0	252	6885	1	0	1	1	0	1	0	0
0	11	28	5	3	3	2	1	1	3	4	14	17	9	11	-221	66	-144	43	7	5	25	-178	45	21	621	31680	1	1	1	1	0	0	0	0
0	11	29	5	3	3	2	1	0	4	1	17	3	11	2	169	-36	108	-23	7	2	19	146	45	0	357	21312	1	0	1	1	0	1	0	0
0	12	0	3	1	2	1	1	1	0	1	3	4	2	3	-5	14	-4	11	4	2	6	6	12	0	32	32	1	0	1	1	0	1	0	0
0	12	1	3	1	2	1	1	2	0	1	3	7	2	5	-11	40	-8	29	4	2	8	18	12	0	60	320	1	0	1	1	0	1	0	0
0	12	2	3	1	2	1	1	3	0	1	3	10	2	7	-17	78	-12	55	4	2	10	38	12	0	96	1440	1	0	1	1	0	1	0	0
0	12	3	3	1	2	1	1	4	0	1	3	13	2	9	-23	128	-16	89	4	2	12	66	12	0	140	4352	1	0	1	1	0	1	0	0
0	12	4	3	1	2	1	4	3	1	1	13	10	9	7	-24	89	-17	63	4	5	20	39	12	21	396	1517	1	1	1	1	0	0	0	0
0	12	5	3	1	2	1	3	2	1	1	10	7	7	5	-15	41	-11	30	4	4	15	15	12	12	221	221	1	1	1	1	0	0	0	0
0	12	6	3	1	2	1	3	5	1	2	10	17	7	12	-89	243	-63	172	4	5	22	83	12	21	480	6885	1	1	1	1	0	0	0	0
0	12	7	3	1	2	1	5	2	2	1	17	7	12	5	-5	14	-4	11	4	6	22	6	12	32	480	32	1	1	1	1	0	0	0	0
0	12	8	3	1	2	1	2	1	1	1	7	4	5	3	-6	11	-5	9	4	3	10	3	12	5	96	5	1	1	1	1	0	0	0	0
0	12	9	3	1	2	1	2	3	1	2	7	11	5	8	-56	97	-41	71	4	4	15	15	12	12	221	221	1	1	1	1	0	0	0	0
0	12	10	3	1	2	1	2	5	1	3	7	18	5	13	-134	239	-97	173	4	5	20	39	12	21	396	1517	1	1	1	1	0	0	0	0
0	12	11	3	1	2	1	5	3	3	2	18	11	13	8	-53	87	-39	64	4	7	26	11	12	45	672	117	1	1	1	1	0	0	0	0
0	12	12	3	1	2	1	3	1	2	1	11	4	8	3	1	0	0	1	4	4	14	2	12	12	192	0	1	1	1	0	0	0	0	2
0	12	13	3	1	2	1	3	4	2	3	11	15	8	11	-125	178	-92	131	4	6	22	6	12	32	480	32	1	1	1	1	0	0	0	0
0	12	14	3	1	2	1	4	1	3	1	15	4	11	3	16	-19	11	-13	4	5	18	3	12	21	320	5	1	1	1	1	0	0	0	0
0	12	15	3	1	2	1	1	0	1	1	4	1	3	1	3	-1	1	0	4	2	5	3	12	0	21	5	1	0	1	1	0	1	0	0
0	12	16	3	1	2	1	1	1	1	2	4	5	3	4	-23	17	-19	14	4	3	8	-9	12	5	60	77	1	1	1	1	0	0	0	0
0	12	17	3	1	2	1	1	2	1	3	4	9	3	7	-65	51	-51	40	4	4	11	-25	12	12	117	621	1	1	1	1	0	0	0	0
0	12	18	3	1	2	1	1	3	1	4	4	13	3	10	-123	101	-95	78	4	5	14	-45	12	21	192	2021	1	1	1	1	0	0	0	0
0	12	19	3	1	2	1	3	2	4	3	13	9	10	7	-71	52	-56	41	4	6	20	-30	12	32	396	896	1	1	1	1	0	0	0	0
0	12	20	3	1	2	1	2	1	3	2	9	5	7	4	-20	13	-17	11	4	4	13	-9	12	12	165	77	1	1	1	1	0	0	0	0
0	12	21	3	1	2	1	2	3	3	5	9	14	7	11	-194	123	-153	97	4	7	20	-97	12	45	396	9405	1	1	1	1	0	0	0	0
0	12	22	3	1	2	1	3	1	5	2	14	5	11	4	3	-1	1	0	4	5	18	3	12	21	320	5	1	1	1	1	0	0	0	0
0	12	23	3	1	2	1	1	0	2	1	5	1	4	1	7	-2	4	-1	4	2	6	6	12	0	32	32	1	0	1	1	0	1	0	0
0	12	24	3	1	2	1	1	1	2	3	5	6	4	5	-47	20	-40	17	4	4	10	-30	12	12	96	896	1	1	1	1	0	0	0	0
0	12	25	3	1	2	1	1	2	2	5	5	11	4	9	-141	62	-116	51	4	6	14	-90	12	32	192	8096	1	1	1	1	0	0	0	0
0	12	26	3	1	2	1	2	1	5	3	11	6	9	5	-38	15	-33	13	4	5	16	-25	12	21	252	621	1	1	1	1	0	0	0	0
0	12	27	3	1	2	1	1	0	3	1	6	1	5	1	13	-3	9	-2	4	2	7	11	12	0	45	117	1	0	1	1	0	1	0	0
0	12	28	3	1	2	1	1	1	3	4	6	7	5	6	-77	23	-67	20	4	5	12	-57	12	21	140	3245	1	1	1	1	0	0	0	0
0	12	29	3	1	2	1	1	0	4	1	7	1	6	1	21	-4	16	-3	4	2	8	18	12	0	60	320	1	0	1	1	0	1	0	0
0	13	0	3	4	2	3	1	1	0	1	3	7	2	5	-5	14	-4	11	6	2	8	6	32	0	60	32	1	0	1	1	0	1	0	0
0	13	1	3	4	2	3	1	2	0	1	3	10	2	7	-11	40	-8	29	6	2	10	18	32	0	96	320	1	0	1	1	0	1	0	0
0	13	2	3	4	2	3	1	3	0	1	3	13	2	9	-17	78	-12	55	6	2	12	38	32	0	140	1440	1	0	1	1	0	1	0	0
0	13	3	3	4	2	3	1	4	0	1	3	16	2	11	-23	128	-16	89	6	2	14	66	32	0	192	4352	1	0	1	1	0	1	0	0
0	13	4	3	4	2	3	4	3	1	1	16	13	11	9	47	-166	32	-113	6	5	25	-66	32	21	621	4352	1	1	1	1	0	0	0	0
0	13	5	3	4	2	3	3	2	1	1	13	10	9	7	41	-104	28	-71	6	4	20	-30	32	12	396	896	1	1	1	1	0	0	0	0
0	13	6	3	4	2	3	3	5	1	2	13	23	9	16	-31	86	-22	61	6	5	29	30	32	21	837	896	1	1	1	1	0	0	0	0
0	13	7	3	4	2	3	5	2	2	1	23	10	16	7	173	-408	120	-283	6	6	30	-110	32	32	896	12096	1	1	1	1	0	0	0	0
0	13	8	3	4	2	3	2	1	1	1	10	7	7	5	35	-54	24	-37	6	3	15	-2	32	5	221	0	1	1	1	0	0	0	0	0
0	13	9	3	4	2	3	2	3	1	2	10	17	7	12	-19	34	-14	25	6	4	22	6	32	12	480	32	1	1	1	1	0	0	0	0
0	13	10	3	4	2	3	2	5	1	3	10	27	7	19	-113	202	-80	143	6	5	29	30	32	21	837	896	1	1	1	1	0	0	0	0
0	13	11	3	4	2	3	5	3	3	2	27	17	19	12	265	-426	186	-299	6	7	39	-34	32	45	1517	1152	1	1	1	1	0	0	0	0
0	13	12	3	4	2	3	3	1	2	1	17	7	12	5	131	-178	92	-125	6	4	22	6	32	12	480	32	1	1	1	1	0	0	0	0
0	13	13	3	4	2	3	3	4	2	3	17	24	12	17	1	0	0	1	6	6	34	2	32	32	1152	0	1	1	1	0	0	0	0	2
0	13	14	3	4	2	3	4	1	3	1	24	7	17	5	283	-358	200	-253	6	5	29	30	32	21	837	896	1	1	1	1	0	0	0	0
0	13	15	3	4	2	3	1	0	1	1	7	4	5	3	29	-16	20	-11	6	2	10	18	32	0	96	320	1	0	1	1	0	1	0	0
0	13	16	3	4	2	3	1	1	1	2	7	11	5	8	-7	6	-6	5	6	3	15	-2	32	5	221	0	1	1	1	0	0	0	0	0
0	13	17	3	4	2	3	1	2	1	3	7	18	5	13	-71	56	-52	41	6	4	20	-30	32	12	396	896	1	1	1	1	0	0	0	0
0	13	18	3	4	2	3	1	3	1	4	7	25	5	18	-163	134	-118	97	6	5	25	-66	32	21	621	4352	1	1	1	1	0	0	0	0
0	13	19	3	4	2	3	3	2	4	3	25	18	18	13	301	-216	216	-155	6	6	38	146	32	32	1440	21312	1	1	1	1	0	0	0	0
0	13	20	3	4	2	3	2	1	3	2	18	11	13	8	181	-110	130	-79	6	4	26	102	32	12	672	10400	1	1	1	1	0	0	0	0
0	13	21	3	4	2	3	2	3	3	5	18	29	13	21	-65	42	-48	31	6	7	39	-34	32	45	1517	1152	1	1	1	1	0	0	0	0
0	13	22	3	4	2	3	3	1	5	2	29	11	21	8	545	-314	394	-227	6	5	37	318	32	21	1365	101120	1	1	1	1	0	0	0	0
0	13	23	3	4	2	3	1	0	2	1	11	4	8	3	89	-32	64	-23	6	2	14	66	32	0	192	4352	1	0	1	1	0	1	0	0
0	13	24	3	4	2	3	1	1	2	3	11	15	8	11	7	-2	4	-1	6	4	22	6	32	12	480	32	1	1	1	1	0	0	0	0
0	13	25	3	4	2	3	1	2	2	5	11	26	8	19	-163	72	-120	53	6	6	30	-110	32	32	896	12096	1	1	1	1	0	0	0	0
0	13	26	3	4	2	3	2	1	5	3	26	15	19	11	439	-166	320	-121	6	5	37	318	32	21	1365	101120	1	1	1	1	0	0	0	0
0	13	27	3	4	2	3	1	0	3	1	15	4	11	3	181	-48	132	-35	6	2	18	146	32	0	320	21312	1	0	1	1	0	1	0	0
0	13	28	3	4	2	3	1	1	3	4	15	19	11	14	37	-10	26	-7	6	5	29	30	32	21	837	896	1	1	1	1	0	0	0	0
0	13	29	3	4	2	3	1	0	4	1	19	4	14	3	305	-64	224	-47	6	2	22	258	32	0	480	66560	1	0	1	1	0	1	0	0
0	14	0	4	1	3	1	1	1	0	1	4	5	3	4	-11	27	-9	22	5	2	8	11	21	0	60	117	1	0	1	1	0	1	0	0
0	14	1	4	1	3	1	1	2	0	1	4	9	3	7	-23	78	-18	61	5	2	11	38	21	0	117	1440	1	0	1	1	0	1	0	0
0	14	2	4	1	3	1	1	3	0	1	4	13	3	10	-35	153	-27	118	5	2	14	83	21	0	192	6885	1	0	1	1	0	1	0	0
0	14	3	4	1	3	1	1	4	0	1	4	17	3	13	-47	252	-36	193	5	2	17	146	21	0	285	21312	1	0	1	1	0	1	0	0
0	14	4	4	1	3	1	4	3	1	1	17	13	13	10	-57	206	-44	159	5	5	27	102	21	21	725	10400	1	1	1	1	0	0	0	0
0	14	5	4	1	3	1	3	2	1	1	13	9	10	7	-37	97	-29	76	5	4	20	39	21	12	396	1517	1	1	1	1	0	0	0	0
0	14	6	4	1	3	1	3	5	1	2	13	22	10	17	-181	490	-140	379	5	5	30	198	21	21	896	39200	1	1	1	1	0	0	0	0
0	14	7	4	1	3	1	5	2	2	1	22	9	17	7	-33	80	-26	63	5	6	29	30	21	32	837	896	1	1	1	1	0	0	0	0
0	14	8	4	1	3	1	2	1	1	1	9	5	7	4	-17	28	-14	23	5	3	13	6	21	5	165	32	1	1	1	1	0	0	0	0
0	14	9	4	1	3	1	2	3	1	2	9	14	7	11	-113	193	-89	152	5	4	20	39	21	12	396	1517	1	1	1	1	0	0	0	0
0	14	10	4	1	3	1	2	5	1	3	9	23	7	18	-263	466	-206	365	5	5	27	102	21	21	725	10400	1	1	1	1	0	0	0	0
0	14	11	4	1	3	1	5	3	3	2	23	14	18	11	-137	222	-108	175	5	7	34	38	21	45	1152	1440	1	1	1	1	0	0	0	0
0	14	12	4	1	3	1	3	1	2	1	14	5	11	4	-13	19	-11	16	5	4	18	3	21	12	320	5	1	1	1	1	0	0	0	0
0	14	13	4	1	3	1	3	4	2	3	14	19	11	15	-253	358	-200	283	5	6	29	30	21	32	837	896	1	1	1	1	0	0	0	0
0	14	14	4	1	3	1	4	1	3	1	19	5	15	4	1	0	0	1	5	5	23	2	21	21	525	0	1	1	1	0	0	0	0	2
0	14	15	4	1	3	1	1	0	1	1	5	1	4	1	3	-1	1	0	5	2	6	3	21	0	32	5	1	0	1	1	0	1	0	0
0	14	16	4	1	3	1	1	1	1	2	5	6	4	5	-45	32	-38	27	5	3	10	-18	21	5	96	320	1	1	1	1	0	0	0	0
0	14	17	4	1	3	1	1	2	1	3	5	11	4	9	-123	95	-101	78	5	4	14	-45	21	12	192	2021	1	1	1	1	0	0	0	0
0	14	18	4	1	3	1	1	3	1	4	5	16	4	13	-231	188	-188	153	5	5	18	-78	21	21	320	6080	1	1	1	1	0	0	0	0
0	14	19	4	1	3	1	3	2	4	3	16	11	13	9	-163	118	-134	97	5	6	25	-66	21	32	621	4352	1	1	1	1	0	0	0	0
0	14	20	4	1	3	1	2	1	3	2	11	6	9	5	-53	33	-45	28	5	4	16	-25	21	12	252	621	1	1	1	1	0	0	0	0
0	14	21	4	1	3	1	2	3	3	5	11	17	9	14	-371	234	-306	193	5	7	25	-178	21	45	621	31680	1	1	1	1	0	0	0	0
0	14	22	4	1	3	1	3	1	5	2	17	6	14	5	-37	22	-32	19	5	5	22	-18	21	21	480	320	1	1	1	1	0	0	0	0
0	14	23	4	1	3	1	1	0	2	1	6	1	5	1	7	-2	4	-1	5	2	7	6	21	0	45	32	1	0	1	1	0	1	0	0
0	14	24	4	1	3	1	1	1	2	3	6	7	5	6	-89	37	-77	32	5	4	12	-57	21	12	140	3245	1	1	1	1	0	0	0	0
0	14	25	4	1	3	1	1	2	2	5	6	13	5	11	-257	112	-218	95	5	6	17	-162	21	32	285	26240	1	1	1	1	0	0	0	0
0	14	26	4	1	3	1	2	1	5	3	13	7	11	6	-99	38	-86	33	5	5	19	-66	21	21	357	4352	1	1	1	1	0	0	0	0
0	14	27	4	1	3	1	1	0	3	1	7	1	6	1	13	-3	9	-2	5	2	8	11	21	0	60	117	1	0	1	1	0	1	0	0
0	14	28	4	1	3	1	1	1	3	4	7	8	6	7	-143	42	-126	37	5	5	14	-106	21	21	192	11232	1	1	1	1	0	0	0	0
0	14	29	4	1	3	1	1	0	4	1	8	1	7	1	21	-4	16	-3	5	2	9	18	21	0	77	320	1	0	1	1	0	1	0	0
0	15	0	1	0	1	1	1	1	0	1	1	1	1	2	0	1	-1	3	2	2	3	3	0	0	5	5	0	0	1	1	1	1	0	0
0	15	1	1	0	1	1	1	2	0	1	1	2	1	3	-1	4	-2	7	2	2	4	6	0	0	12	32	0	0	1	1	1	1	0	0
0	15	2	1	0	1	1	1	3	0	1	1	3	1	4	-2	9	-3	13	2	2	5	11	0	0	21	117	0	0	1	1	1	1	0	0
0	15	3	1	0	1	1	1	4	0	1	1	4	1	5	-3	16	-4	21	2	2	6	18	0	0	32	320	0	0	1	1	1	1	0	0
0	15	4	1	0	1	1	4	3	1	1	4	3	5	4	-2	9	-3	13	2	5	8	11	0	21	60	117	0	1	1	1	1	0	0	0
0	15	5	1	0	1	1	3	2	1	1	3	2	4	3	-1	4	-2	7	2	4	6	6	0	12	32	32	0	1	1	1	1	0	0	0
0	15	6	1	0	1	1	3	5	1	2	3	5	4	7	-9	25	-13	36	2	5	10	27	0	21	96	725	0	1	1	1	1	0	0	0
0	15	7	1	0	1	1	5	2	2	1	5	2	7	3	-1	4	-2	7	2	6	8	6	0	32	60	32	0	1	1	1	1	0	0	0
0	15	8	1	0	1	1	2	1	1	1	2	1	3	2	0	1	-1	3	2	3	4	3	0	5	12	5	0	1	1	1	1	0	0	0
0	15	9	1	0	1	1	2	3	1	2	2	3	3	5	-5	9	-9	16	2	4	7	11	0	12	45	117	0	1	1	1	1	0	0	0
0	15	10	1	0	1	1	2	5	1	3	2	5	3	8	-14	25	-23	41	2	5	10	27	0	21	96	725	0	1	1	1	1	0	0	0
0	15	11	1	0	1	1	5	3	3	2	5	3	8	5	-5	9	-9	16	2	7	10	11	0	45	96	117	0	1	1	1	1	0	0	0
0	15	12	1	0	1	1	3	1	2	1	3	1	5	2	0	1	-1	3	2	4	5	3	0	12	21	5	0	1	1	1	1	0	0	0
0	15	13	1	0	1	1	3	4	2	3	3	4	5	7	-11	16	-20	29	2	6	10	18	0	32	96	320	0	1	1	1	1	0	0	0
0	15	14	1	0	1	1	4	1	3	1	4	1	7	2	0	1	-1	3	2	5	6	3	0	21	32	5	0	1	1	1	1	0	0	0
0	15	15	1	0	1	1	1	0	1	1	1	0	2	1	1	0	0	1	2	2	2	2	0	0	0	0	0	0	0	0	1	1	1	2
0	15	16	1	0	1	1	1	1	1	2	1	1	2	3	-1	1	-5	4	2	3	4	3	0	5	12	5	0	1	1	1	1	0	0	0
0	15	17	1	0	1	1	1	2	1	3	1	2	2	5	-5	4	-14	11	2	4	6	6	0	12	32	32	0	1	1	1	1	0	0	0
0	15	18	1	0	1	1	1	3	1	4	1	3	2	7	-11	9	-27	22	2	5	8	11	0	21	60	117	0	1	1	1	1	0	0	0
0	15	19	1	0	1	1	3	2	4	3	3	2	7	5	-5	4	-14	11	2	6	8	6	0	32	60	32	0	1	1	1	1	0	0	0
0	15	20	1	0	1	1	2	1	3	2	2	1	5	3	-1	1	-5	4	2	4	5	3	0	12	21	5	0	1	1	1	1	0	0	0
0	15	21	1	0	1	1	2	3	3	5	2	3	5	8	-14	9	-39	25	2	7	10	11	0	45	96	117	0	1	1	1	1	0	0	0
0	15	22	1	0	1	1	3	1	5	2	3	1	8	3	-1	1	-5	4	2	5	6	3	0	21	32	5	0	1	1	1	1	0	0	0
0	15	23	1	0	1	1	1	0	2	1	1	0	3	1	1	0	0	1	2	2	2	2	0	0	0	0	0	0	0	0	1	1	1	2
0	15	24	1	0	1	1	1	1	2	3	1	1	3	4	-2	1	-11	5	2	4	5	3	0	12	21	5	0	1	1	1	1	0	0	0
0	15	25	1	0	1	1	1	2	2	5	1	2	3	7	-9	4	-34	15	2	6	8	6	0	32	60	32	0	1	1	1	1	0	0	0
0	15	26	1	0	1	1	2	1	5	3	2	1	7	4	-2	1	-11	5	2	5	6	3	0	21	32	5	0	1	1	1	1	0	0	0
0	15	27	1	0	1	1	1	0	3	1	1	0	4	1	1	0	0	1	2	2	2	2	0	0	0	0	0	0	0	0	1	1	1	2
0	15	28	1	0	1	1	1	1	3	4	1	1	4	5	-3	1	-19	6	2	5	6	3	0	21	32	5	0	1	1	1	1	0	0	0
0	15	29	1	0	1	1	1	0	4	1	1	0	5	1	1	0	0	1	2	2	2	2	0	0	0	0	0	0	0	0	1	1	1	2
0	16	0	1	1	1	2	1	1	0	1	1	2	1	3	0	1	-1	3	3	2	4	3	5	0	12	5	1	0	1	1	0	1	0	0
0	16	1	1	1	1	2	1	2	0	1	1	3	1	4	-1	4	-2	7	3	2	5	6	5	0	21	32	1	0	1	1	0	1	0	0
0	16	2	1	1	1	2	1	3	0	1	1	4	1	5	-2	9	-3	13	3	2	6	11	5	0	32	117	1	0	1	1	0	1	0	0
0	16	3	1	1	1	2	1	4	0	1	1	5	1	6	-3	16	-4	21	3	2	7	18	5	0	45	320	1	0	1	1	0	1	0	0
0	16	4	1	1	1	2	4	3	1	1	5	4	6	5	7	-22	8	-25	3	5	10	-18	5	21	96	320	1	1	1	1	0	0	0	0
0	16	5	1	1	1	2	3	2	1	1	4	3	5	4	6	-13	7	-15	3	4	8	-9	5	12	60	77	1	1	1	1	0	0	0	0
0	16	6	1	1	1	2	3	5	1	2	4	7	5	9	-1	4	-2	7	3	5	13	6	5	21	165	32	1	1	1	1	0	0	0	0
0	16	7	1	1	1	2	5	2	2	1	7	3	9	4	19	-42	24	-53	3	6	11	-34	5	32	117	1152	1	1	1	1	0	0	0	0
0	16	8	1	1	1	2	2	1	1	1	3	2	4	3	5	-6	6	-7	3	3	6	-2	5	5	32	0	1	1	1	0	0	0	0	0
0	16	9	1	1	1	2	2	3	1	2	3	5	4	7	0	1	-1	3	3	4	10	3	5	12	96	5	1	1	1	1	0	0	0	0
0	16	10	1	1	1	2	2	5	1	3	3	8	4	11	-11	20	-16	29	3	5	14	18	5	21	192	320	1	1	1	1	0	0	0	0
0	16	11	1	1	1	2	5	3	3	2	8	5	11	7	31	-48	42	-65	3	7	15	-34	5	45	221	1152	1	1	1	1	0	0	0	0
0	16	12	1	1	1	2	3	1	2	1	5	2	7	3	14	-17	19	-23	3	4	8	-9	5	12	60	77	1	1	1	1	0	0	0	0
0	16	13	1	1	1	2	3	4	2	3	5	7	7	10	5	-6	6	-7	3	6	15	-2	5	32	221	0	1	1	1	0	0	0	0	0
0	16	14	1	1	1	2	4	1	3	1	7	2	10	3	27	-32	38	-45	3	5	10	-18	5	21	96	320	1	1	1	1	0	0	0	0
0	16	15	1	1	1	2	1	0	1	1	2	1	3	2	4	-1	5	-1	3	2	4	3	5	0	12	5	1	0	1	1	0	1	0	0
0	16	16	1	1	1	2	1	1	1	2	2	3	3	5	1	0	0	1	3	3	7	2	5	5	45	0	1	1	1	0	0	0	0	2
0	16	17	1	1	1	2	1	2	1	3	2	5	3	8	-6	5	-11	9	3	4	10	3	5	12	96	5	1	1	1	1	0	0	0	0
0	16	18	1	1	1	2	1	3	1	4	2	7	3	11	-17	14	-28	23	3	5	13	6	5	21	165	32	1	1	1	1	0	0	0	0
0	16	19	1	1	1	2	3	2	4	3	7	5	11	8	35	-24	54	-37	3	6	15	-2	5	32	221	0	1	1	1	0	0	0	0	0
0	16	20	1	1	1	2	2	1	3	2	5	3	8	5	20	-11	31	-17	3	4	10	3	5	12	96	5	1	1	1	1	0	0	0	0
0	16	21	1	1	1	2	2	3	3	5	5	8	8	13	1	0	0	1	3	7	18	2	5	45	320	0	1	1	1	0	0	0	0	2
0	16	22	1	1	1	2	3	1	5	2	8	3	13	5	51	-28	82	-45	3	5	13	6	5	21	165	32	1	1	1	1	0	0	0	0
0	16	23	1	1	1	2	1	0	2	1	3	1	5	2	9	-2	14	-3	3	2	5	6	5	0	21	32	1	0	1	1	0	1	0	0
0	16	24	1	1	1	2	1	1	2	3	3	4	5	7	4	-1	5	-1	3	4	10	3	5	12	96	5	1	1	1	1	0	0	0	0
0	16	25	1	1	1	2	1	2	2	5	3	7	5	12	-13	6	-24	11	3	6	15	-2	5	32	221	0	1	1	1	0	0	0	0	0
0	16	26	1	1	1	2	2	1	5	3	7	4	12	7	45	-16	76	-27	3	5	14	18	5	21	192	320	1	1	1	1	0	0	0	0
0	16	27	1	1	1	2	1	0	3	1	4	1	7	2	16	-3	27	-5	3	2	6	11	5	0	32	117	1	0	1	1	0	1	0	0
0	16	28	1	1	1	2	1	1	3	4	4	5	7	9	9	-2	14	-3	3	5	13	6	5	21	165	32	1	1	1	1	0	0	0	0
0	16	29	1	1	1	2	1	0	4	1	5	1	9	2	25	-4	44	-7	3	2	7	18	5	0	45	320	1	0	1	1	0	1	0	0
0	17	0	1	2	1	3	1	1	0	1	1	3	1	4	0	1	-1	3	4	2	5	3	12	0	21	5	1	0	1	1	0	1	0	0
0	17	1	1	2	1	3	1	2	0	1	1	4	1	5	-1	4	-2	7	4	2	6	6	12	0	32	32	1	0	1	1	0	1	0	0
0	17	2	1	2	1	3	1	3	0	1	1	5	1	6	-2	9	-3	13	4	2	7	11	12	0	45	117	1	0	1	1	0	1	0	0
0	17	3	1	2	1	3	1	4	0	1	1	6	1	7	-3	16	-4	21	4	2	8	18	12	0	60	320	1	0	1	1	0	1	0	0
0	17	4	1	2	1	3	4	3	1	1	6	5	7	6	20	-67	23	-77	4	5	12	-57	12	21	140	3245	1	1	1	1	0	0	0	0
0	17	5	1	2	1	3	3	2	1	1	5	4	6	5	17	-40	20	-47	4	4	10	-30	12	12	96	896	1	1	1	1	0	0	0	0
0	17	6	1	2	1	3	3	5	1	2	5	9	6	11	13	-33	15	-38	4	5	16	-25	12	21	252	621	1	1	1	1	0	0	0	0
0	17	7	1	2	1	3	5	2	2	1	9	4	11	5	51	-116	62	-141	4	6	14	-90	12	32	192	8096	1	1	1	1	0	0	0	0
0	17	8	1	2	1	3	2	1	1	1	4	3	5	4	14	-19	17	-23	4	3	8	-9	12	5	60	77	1	1	1	1	0	0	0	0
0	17	9	1	2	1	3	2	3	1	2	4	7	5	9	11	-17	13	-20	4	4	13	-9	12	12	165	77	1	1	1	1	0	0	0	0
0	17	10	1	2	1	3	2	5	1	3	4	11	5	14	0	1	-1	3	4	5	18	3	12	21	320	5	1	1	1	1	0	0	0	0
0	17	11	1	2	1	3	5	3	3	2	11	7	14	9	97	-153	123	-194	4	7	20	-97	12	45	396	9405	1	1	1	1	0	0	0	0
0	17	12	1	2	1	3	3	1	2	1	7	3	9	4	40	-51	51	-65	4	4	11	-25	12	12	117	621	1	1	1	1	0	0	0	0
0	17	13	1	2	1	3	3	4	2	3	7	10	9	13	41	-56	52	-71	4	6	20	-30	12	32	396	896	1	1	1	1	0	0	0	0
0	17	14	1	2	1	3	4	1	3	1	10	3	13	4	78	-95	101	-123	4	5	14	-45	12	21	192	2021	1	1	1	1	0	0	0	0
0	17	15	1	2	1	3	1	0	1	1	3	2	4	3	11	-4	14	-5	4	2	6	6	12	0	32	32	1	0	1	1	0	1	0	0
0	17	16	1	2	1	3	1	1	1	2	3	5	4	7	9	-5	11	-6	4	3	10	3	12	5	96	5	1	1	1	1	0	0	0	0
0	17	17	1	2	1	3	1	2	1	3	3	8	4	11	1	0	0	1	4	4	14	2	12	12	192	0	1	1	1	0	0	0	0	2
0	17	18	1	2	1	3	1	3	1	4	3	11	4	15	-13	11	-19	16	4	5	18	3	12	21	320	5	1	1	1	1	0	0	0	0
0	17	19	1	2	1	3	3	2	4	3	11	8	15	11	131	-92	178	-125	4	6	22	6	12	32	480	32	1	1	1	1	0	0	0	0
0	17	20	1	2	1	3	2	1	3	2	8	5	11	7	71	-41	97	-56	4	4	15	15	12	12	221	221	1	1	1	1	0	0	0	0
0	17	21	1	2	1	3	2	3	3	5	8	13	11	18	64	-39	87	-53	4	7	26	11	12	45	672	117	1	1	1	1	0	0	0	0
0	17	22	1	2	1	3	3	1	5	2	13	5	18	7	173	-97	239	-134	4	5	20	39	12	21	396	1517	1	1	1	1	0	0	0	0
0	17	23	1	2	1	3	1	0	2	1	5	2	7	3	29	-8	40	-11	4	2	8	18	12	0	60	320	1	0	1	1	0	1	0	0
0	17	24	1	2	1	3	1	1	2	3	5	7	7	10	30	-11	41	-15	4	4	15	15	12	12	221	221	1	1	1	1	0	0	0	0
0	17	25	1	2	1	3	1	2	2	5	5	12	7	17	11	-4	14	-5	4	6	22	6	12	32	480	32	1	1	1	1	0	0	0	0
0	17	26	1	2	1	3	2	1	5	3	12	7	17	10	172	-63	243	-89	4	5	22	83	12	21	480	6885	1	1	1	1	0	0	0	0
0	17	27	1	2	1	3	1	0	3	1	7	2	10	3	55	-12	78	-17	4	2	10	38	12	0	96	1440	1	0	1	1	0	1	0	0
0	17	28	1	2	1	3	1	1	3	4	7	9	10	13	63	-17	89	-24	4	5	20	39	12	21	396	1517	1	1	1	1	0	0	0	0
0	17	29	1	2	1	3	1	0	4	1	9	2	13	3	89	-16	128	-23	4	2	12	66	12	0	140	4352	1	0	1	1	0	1	0	0
0	18	0	1	3	1	4	1	1	0	1	1	4	1	5	0	1	-1	3	5	2	6	3	21	0	32	5	1	0	1	1	0	1	0	0
0	18	1	1	3	1	4	1	2	0	1	1	5	1	6	-1	4	-2	7	5	2	7	6	21	0	45	32	1	0	1	1	0	1	0	0
0	18	2	1	3	1	4	1	3	0	1	1	6	1	7	-2	9	-3	13	5	2	8	11	21	0	60	117	1	0	1	1	0	1	0	0
0	18	3	1	3	1	4	1	4	0	1	1	7	1	8	-3	16	-4	21	5	2	9	18	21	0	77	320	1	0	1	1	0	1	0	0
0	18	4	1	3	1	4	4	3	1	1	7	6	8	7	37	-126	42	-143	5	5	14	-106	21	21	192	11232	1	1	1	1	0	0	0	0
0	18	5	1	3	1	4	3	2	1	1	6	5	7	6	32	-77	37	-89	5	4	12	-57	21	12	140	3245	1	1	1	1	0	0	0	0
0	18	6	1	3	1	4	3	5	1	2	6	11	7	13	33	-86	38	-99	5	5	19	-66	21	21	357	4352	1	1	1	1	0	0	0	0
0	18	7	1	3	1	4	5	2	2	1	11	5	13	6	95	-218	112	-257	5	6	17	-162	21	32	285	26240	1	1	1	1	0	0	0	0
0	18	8	1	3	1	4	2	1	1	1	5	4	6	5	27	-38	32	-45	5	3	10	-18	21	5	96	320	1	1	1	1	0	0	0	0
0	18	9	1	3	1	4	2	3	1	2	5	9	6	11	28	-45	33	-53	5	4	16	-25	21	12	252	621	1	1	1	1	0	0	0	0
0	18	10	1	3	1	4	2	5	1	3	5	14	6	17	19	-32	22	-37	5	5	22	-18	21	21	480	320	1	1	1	1	0	0	0	0
0	18	11	1	3	1	4	5	3	3	2	14	9	17	11	193	-306	234	-371	5	7	25	-178	21	45	621	31680	1	1	1	1	0	0	0	0
0	18	12	1	3	1	4	3	1	2	1	9	4	11	5	78	-101	95	-123	5	4	14	-45	21	12	192	2021	1	1	1	1	0	0	0	0
0	18	13	1	3	1	4	3	4	2	3	9	13	11	16	97	-134	118	-163	5	6	25	-66	21	32	621	4352	1	1	1	1	0	0	0	0
0	18	14	1	3	1	4	4	1	3	1	13	4	16	5	153	-188	188	-231	5	5	18	-78	21	21	320	6080	1	1	1	1	0	0	0	0
0	18	15	1	3	1	4	1	0	1	1	4	3	5	4	22	-9	27	-11	5	2	8	11	21	0	60	117	1	0	1	1	0	1	0	0
0	18	16	1	3	1	4	1	1	1	2	4	7	5	9	23	-14	28	-17	5	3	13	6	21	5	165	32	1	1	1	1	0	0	0	0
0	18	17	1	3	1	4	1	2	1	3	4	11	5	14	16	-11	19	-13	5	4	18	3	21	12	320	5	1	1	1	1	0	0	0	0
0	18	18	1	3	1	4	1	3	1	4	4	15	5	19	1	0	0	1	5	5	23	2	21	21	525	0	1	1	1	0	0	0	0	2
0	18	19	1	3	1	4	3	2	4	3	15	11	19	14	283	-200	358	-253	5	6	29	30	21	32	837	896	1	1	1	1	0	0	0	0
0	18	20	1	3	1	4	2	1	3	2	11	7	14	9	152	-89	193	-113	5	4	20	39	21	12	396	1517	1	1	1	1	0	0	0	0
0	18	21	1	3	1	4	2	3	3	5	11	18	14	23	175	-108	222	-137	5	7	34	38	21	45	1152	1440	1	1	1	1	0	0	0	0
0	18	22	1	3	1	4	3	1	5	2	18	7	23	9	365	-206	466	-263	5	5	27	102	21	21	725	10400	1	1	1	1	0	0	0	0
0	18	23	1	3	1	4	1	0	2	1	7	3	9	4	61	-18	78	-23	5	2	11	38	21	0	117	1440	1	0	1	1	0	1	0	0
0	18	24	1	3	1	4	1	1	2	3	7	10	9	13	76	-29	97	-37	5	4	20	39	21	12	396	1517	1	1	1	1	0	0	0	0
0	18	25	1	3	1	4	1	2	2	5	7	17	9	22	63	-26	80	-33	5	6	29	30	21	32	837	896	1	1	1	1	0	0	0	0
0	18	26	1	3	1	4	2	1	5	3	17	10	22	13	379	-140	490	-181	5	5	30	198	21	21	896	39200	1	1	1	1	0	0	0	0
0	18	27	1	3	1	4	1	0	3	1	10	3	13	4	118	-27	153	-35	5	2	14	83	21	0	192	6885	1	0	1	1	0	1	0	0
0	18	28	1	3	1	4	1	1	3	4	10	13	13	17	159	-44	206	-57	5	5	27	102	21	21	725	10400	1	1	1	1	0	0	0	0
0	18	29	1	3	1	4	1	0	4	1	13	3	17	4	193	-36	252	-47	5	2	17	146	21	0	285	21312	1	0	1	1	0	1	0	0
0	19	0	3	2	4	3	1	1	0	1	3	5	4	7	-11	20	-16	29	6	2	10	18	32	0	96	320	1	0	1	1	0	1	0	0
0	19	1	3	2	4	3	1	2	0	1	3	8	4	11	-23	64	-32	89	6	2	14	66	32	0	192	4352	1	0	1	1	0	1	0	0
0	19	2	3	2	4	3	1	3	0	1	3	11	4	15	-35	132	-48	181	6	2	18	146	32	0	320	21312	1	0	1	1	0	1	0	0
0	19	3	3	2	4	3	1	4	0	1	3	14	4	19	-47	224	-64	305	6	2	22	258	32	0	480	66560	1	0	1	1	0	1	0	0
0	19	4	3	2	4	3	4	3	1	1	14	11	19	15	-7	26	-10	37	6	5	29	30	32	21	837	896	1	1	1	1	0	0	0	0
0	19	5	3	2	4	3	3	2	1	1	11	8	15	11	-1	4	-2	7	6	4	22	6	32	12	480	32	1	1	1	1	0	0	0	0
0	19	6	3	2	4	3	3	5	1	2	11	19	15	26	-121	320	-166	439	6	5	37	318	32	21	1365	101120	1	1	1	1	0	0	0	0
0	19	7	3	2	4	3	5	2	2	1	19	8	26	11	53	-120	72	-163	6	6	30	-110	32	32	896	12096	1	1	1	1	0	0	0	0
0	19	8	3	2	4	3	2	1	1	1	8	5	11	7	5	-6	6	-7	6	3	15	-2	32	5	221	0	1	1	1	0	0	0	0	0
0	19	9	3	2	4	3	2	3	1	2	8	13	11	18	-79	130	-110	181	6	4	26	102	32	12	672	10400	1	1	1	1	0	0	0	0
0	19	10	3	2	4	3	2	5	1	3	8	21	11	29	-227	394	-314	545	6	5	37	318	32	21	1365	101120	1	1	1	1	0	0	0	0
0	19	11	3	2	4	3	5	3	3	2	21	13	29	18	31	-48	42	-65	6	7	39	-34	32	45	1517	1152	1	1	1	1	0	0	0	0
0	19	12	3	2	4	3	3	1	2	1	13	5	18	7	41	-52	56	-71	6	4	20	-30	32	12	396	896	1	1	1	1	0	0	0	0
0	19	13	3	2	4	3	3	4	2	3	13	18	18	25	-155	216	-216	301	6	6	38	146	32	32	1440	21312	1	1	1	1	0	0	0	0
0	19	14	3	2	4	3	4	1	3	1	18	5	25	7	97	-118	134	-163	6	5	25	-66	32	21	621	4352	1	1	1	1	0	0	0	0
0	19	15	3	2	4	3	1	0	1	1	5	2	7	3	11	-4	14	-5	6	2	8	6	32	0	60	32	1	0	1	1	0	1	0	0
0	19	16	3	2	4	3	1	1	1	2	5	7	7	10	-37	24	-54	35	6	3	15	-2	32	5	221	0	1	1	1	0	0	0	0	0
0	19	17	3	2	4	3	1	2	1	3	5	12	7	17	-125	92	-178	131	6	4	22	6	32	12	480	32	1	1	1	1	0	0	0	0
0	19	18	3	2	4	3	1	3	1	4	5	17	7	24	-253	200	-358	283	6	5	29	30	32	21	837	896	1	1	1	1	0	0	0	0
0	19	19	3	2	4	3	3	2	4	3	17	12	24	17	1	0	0	1	6	6	34	2	32	32	1152	0	1	1	1	0	0	0	0	2
0	19	20	3	2	4	3	2	1	3	2	12	7	17	10	25	-14	34	-19	6	4	22	6	32	12	480	32	1	1	1	1	0	0	0	0
0	19	21	3	2	4	3	2	3	3	5	12	19	17	27	-299	186	-426	265	6	7	39	-34	32	45	1517	1152	1	1	1	1	0	0	0	0
0	19	22	3	2	4	3	3	1	5	2	19	7	27	10	143	-80	202	-113	6	5	29	30	32	21	837	896	1	1	1	1	0	0	0	0
0	19	23	3	2	4	3	1	0	2	1	7	2	10	3	29	-8	40	-11	6	2	10	18	32	0	96	320	1	0	1	1	0	1	0	0
0	19	24	3	2	4	3	1	1	2	3	7	9	10	13	-71	28	-104	41	6	4	20	-30	32	12	396	896	1	1	1	1	0	0	0	0
0	19	25	3	2	4	3	1	2	2	5	7	16	10	23	-283	120	-408	173	6	6	30	-110	32	32	896	12096	1	1	1	1	0	0	0	0
0	19	26	3	2	4	3	2	1	5	3	16	9	23	13	61	-22	86	-31	6	5	29	30	32	21	837	896	1	1	1	1	0	0	0	0
0	19	27	3	2	4	3	1	0	3	1	9	2	13	3	55	-12	78	-17	6	2	12	38	32	0	140	1440	1	0	1	1	0	1	0	0
0	19	28	3	2	4	3	1	1	3	4	9	11	13	16	-113	32	-166	47	6	5	25	-66	32	21	621	4352	1	1	1	1	0	0	0	0
0	19	29	3	2	4	3	1	0	4	1	11	2	16	3	89	-16	128	-23	6	2	14	66	32	0	192	4352	1	0	1	1	0	1	0	0
0	20	0	2	1	3	2	1	1	0	1	2	3	3	5	-5	9	-9	16	4	2	7	11	12	0	45	117	1	0	1	1	0	1	0	0
0	20	1	2	1	3	2	1	2	0	1	2	5	3	8	-11	30	-18	49	4	2	10	38	12	0	96	1440	1	0	1	1	0	1	0	0
0	20	2	2	1	3	2	1	3	0	1	2	7	3	11	-17	63	-27	100	4	2	13	83	12	0	165	6885	1	0	1	1	0	1	0	0
0	20	3	2	1	3	2	1	4	0	1	2	9	3	14	-23	108	-36	169	4	2	16	146	12	0	252	21312	1	0	1	1	0	1	0	0
0	20	4	2	1	3	2	4	3	1	1	9	7	14	11	-8	29	-13	47	4	5	20	39	12	21	396	1517	1	1	1	1	0	0	0	0
0	20	5	2	1	3	2	3	2	1	1	7	5	11	8	-4	11	-7	19	4	4	15	15	12	12	221	221	1	1	1	1	0	0	0	0
0	20	6	2	1	3	2	3	5	1	2	7	12	11	19	-61	161	-97	256	4	5	26	195	12	21	672	38021	1	1	1	1	0	0	0	0
0	20	7	2	1	3	2	5	2	2	1	12	5	19	8	13	-28	20	-43	4	6	20	-30	12	32	396	896	1	1	1	1	0	0	0	0
0	20	8	2	1	3	2	2	1	1	1	5	3	8	5	0	1	-1	3	4	3	10	3	12	5	96	5	1	1	1	1	0	0	0	0
0	20	9	2	1	3	2	2	3	1	2	5	8	8	13	-39	64	-64	105	4	4	18	66	12	12	320	4352	1	1	1	1	0	0	0	0
0	20	10	2	1	3	2	2	5	1	3	5	13	8	21	-108	187	-175	303	4	5	26	195	12	21	672	38021	1	1	1	1	0	0	0	0
0	20	11	2	1	3	2	5	3	3	2	13	8	21	13	-5	9	-9	16	4	7	26	11	12	45	672	117	1	1	1	1	0	0	0	0
0	20	12	2	1	3	2	3	1	2	1	8	3	13	5	11	-13	17	-20	4	4	13	-9	12	12	165	77	1	1	1	1	0	0	0	0
0	20	13	2	1	3	2	3	4	2	3	8	11	13	18	-79	110	-130	181	4	6	26	102	12	32	672	10400	1	1	1	1	0	0	0	0
0	20	14	2	1	3	2	4	1	3	1	11	3	18	5	28	-33	45	-53	4	5	16	-25	12	21	252	621	1	1	1	1	0	0	0	0
0	20	15	2	1	3	2	1	0	1	1	3	1	5	2	4	-1	5	-1	4	2	5	3	12	0	21	5	1	0	1	1	0	1	0	0
0	20	16	2	1	3	2	1	1	1	2	3	4	5	7	-17	11	-31	20	4	3	10	3	12	5	96	5	1	1	1	1	0	0	0	0
0	20	17	2	1	3	2	1	2	1	3	3	7	5	12	-56	41	-97	71	4	4	15	15	12	12	221	221	1	1	1	1	0	0	0	0
0	20	18	2	1	3	2	1	3	1	4	3	10	5	17	-113	89	-193	152	4	5	20	39	12	21	396	1517	1	1	1	1	0	0	0	0
0	20	19	2	1	3	2	3	2	4	3	10	7	17	12	-19	14	-34	25	4	6	22	6	12	32	480	32	1	1	1	1	0	0	0	0
0	20	20	2	1	3	2	2	1	3	2	7	4	12	7	1	0	0	1	4	4	14	2	12	12	192	0	1	1	1	0	0	0	0	2
0	20	21	2	1	3	2	2	3	3	5	7	11	12	19	-140	87	-243	151	4	7	26	11	12	45	672	117	1	1	1	1	0	0	0	0
0	20	22	2	1	3	2	3	1	5	2	11	4	19	7	35	-19	59	-32	4	5	18	3	12	21	320	5	1	1	1	1	0	0	0	0
0	20	23	2	1	3	2	1	0	2	1	4	1	7	2	9	-2	14	-3	4	2	6	6	12	0	32	32	1	0	1	1	0	1	0	0
0	20	24	2	1	3	2	1	1	2	3	4	5	7	9	-33	13	-61	24	4	4	13	-9	12	12	165	77	1	1	1	1	0	0	0	0
0	20	25	2	1	3	2	1	2	2	5	4	9	7	16	-123	52	-220	93	4	6	20	-30	12	32	396	896	1	1	1	1	0	0	0	0
0	20	26	2	1	3	2	2	1	5	3	9	5	16	9	4	-1	5	-1	4	5	18	3	12	21	320	5	1	1	1	1	0	0	0	0
0	20	27	2	1	3	2	1	0	3	1	5	1	9	2	16	-3	27	-5	4	2	7	11	12	0	45	117	1	0	1	1	0	1	0	0
0	20	28	2	1	3	2	1	1	3	4	5	6	9	11	-53	15	-99	28	4	5	16	-25	12	21	252	621	1	1	1	1	0	0	0	0
0	20	29	2	1	3	2	1	0	4	1	6	1	11	2	25	-4	44	-7	4	2	8	18	12	0	60	320	1	0	1	1	0	1	0	0
0	21	0	2	3	3	5	1	1	0	1	2	5	3	8	-5	9	-9	16	7	2	10	11	45	0	96	117	1	0	1	1	0	1	0	0
0	21	1	2	3	3	5	1	2	0	1	2	7	3	11	-11	30	-18	49	7	2	13	38	45	0	165	1440	1	0	1	1	0	1	0	0
0	21	2	2	3	3	5	1	3	0	1	2	9	3	14	-17	63	-27	100	7	2	16	83	45	0	252	6885	1	0	1	1	0	1	0	0
0	21	3	2	3	3	5	1	4	0	1	2	11	3	17	-23	108	-36	169	7	2	19	146	45	0	357	21312	1	0	1	1	0	1	0	0
0	21	4	2	3	3	5	4	3	1	1	11	9	17	14	43	-144	66	-221	7	5	25	-178	45	21	621	31680	1	1	1	1	0	0	0	0
0	21	5	2	3	3	5	3	2	1	1	9	7	14	11	37	-87	57	-134	7	4	20	-97	45	12	396	9405	1	1	1	1	0	0	0	0
0	21	6	2	3	3	5	3	5	1	2	9	16	14	25	-11	30	-18	49	7	5	34	38	45	21	1152	1440	1	1	1	1	0	0	0	0
0	21	7	2	3	3	5	5	2	2	1	16	7	25	11	127	-288	198	-449	7	6	27	-322	45	32	725	103680	1	1	1	1	0	0	0	0
0	21	8	2	3	3	5	2	1	1	1	7	5	11	8	31	-42	48	-65	7	3	15	-34	45	5	221	1152	1	1	1	1	0	0	0	0
0	21	9	2	3	3	5	2	3	1	2	7	12	11	19	-5	9	-9	16	7	4	26	11	45	12	672	117	1	1	1	1	0	0	0	0
0	21	10	2	3	3	5	2	5	1	3	7	19	11	30	-83	144	-132	229	7	5	37	146	45	21	1365	21312	1	1	1	1	0	0	0	0
0	21	11	2	3	3	5	5	3	3	2	19	12	30	19	217	-342	342	-539	7	7	38	-322	45	45	1440	103680	1	1	1	1	0	0	0	0
0	21	12	2	3	3	5	3	1	2	1	12	5	19	8	97	-123	153	-194	7	4	20	-97	45	12	396	9405	1	1	1	1	0	0	0	0
0	21	13	2	3	3	5	3	4	2	3	12	17	19	27	31	-42	48	-65	7	6	39	-34	45	32	1517	1152	1	1	1	1	0	0	0	0
0	21	14	2	3	3	5	4	1	3	1	17	5	27	8	193	-234	306	-371	7	5	25	-178	45	21	621	31680	1	1	1	1	0	0	0	0
0	21	15	2	3	3	5	1	0	1	1	5	3	8	5	25	-9	39	-14	7	2	10	11	45	0	96	117	1	0	1	1	0	1	0	0
0	21	16	2	3	3	5	1	1	1	2	5	8	8	13	1	0	0	1	7	3	18	2	45	5	320	0	1	1	1	0	0	0	0	2
0	21	17	2	3	3	5	1	2	1	3	5	13	8	21	-53	39	-87	64	7	4	26	11	45	12	672	117	1	1	1	1	0	0	0	0
0	21	18	2	3	3	5	1	3	1	4	5	18	8	29	-137	108	-222	175	7	5	34	38	45	21	1152	1440	1	1	1	1	0	0	0	0
0	21	19	2	3	3	5	3	2	4	3	18	13	29	21	265	-186	426	-299	7	6	39	-34	45	32	1517	1152	1	1	1	1	0	0	0	0
0	21	20	2	3	3	5	2	1	3	2	13	8	21	13	151	-87	243	-140	7	4	26	11	45	12	672	117	1	1	1	1	0	0	0	0
0	21	21	2	3	3	5	2	3	3	5	13	21	21	34	1	0	0	1	7	7	47	2	45	45	2205	0	1	1	1	0	0	0	0	2
0	21	22	2	3	3	5	3	1	5	2	21	8	34	13	397	-222	642	-359	7	5	34	38	45	21	1152	1440	1	1	1	1	0	0	0	0
0	21	23	2	3	3	5	1	0	2	1	8	3	13	5	67	-18	108	-29	7	2	13	38	45	0	165	1440	1	0	1	1	0	1	0	0
0	21	24	2	3	3	5	1	1	2	3	8	11	13	18	25	-9	39	-14	7	4	26	11	45	12	672	117	1	1	1	1	0	0	0	0
0	21	25	2	3	3	5	1	2	2	5	8	19	13	31	-113	48	-186	79	7	6	39	-34	45	32	1517	1152	1	1	1	1	0	0	0	0
0	21	26	2	3	3	5	2	1	5	3	19	11	31	18	361	-132	588	-215	7	5	37	146	45	21	1365	21312	1	1	1	1	0	0	0	0
0	21	27	2	3	3	5	1	0	3	1	11	3	18	5	127	-27	207	-44	7	2	16	83	45	0	252	6885	1	0	1	1	0	1	0	0
0	21	28	2	3	3	5	1	1	3	4	11	14	18	23	67	-18	108	-29	7	5	34	38	45	21	1152	1440	1	1	1	1	0	0	0	0
0	21	29	2	3	3	5	1	0	4	1	14	3	23	5	205	-36	336	-59	7	2	19	146	45	0	357	21312	1	0	1	1	0	1	0	0
0	22	0	3	1	5	2	1	1	0	1	3	4	5	7	-14	23	-25	41	5	2	10	27	21	0	96	725	1	0	1	1	0	1	0	0
0	22	1	3	1	5	2	1	2	0	1	3	7	5	12	-29	76	-50	131	5	2	15	102	21	0	221	10400	1	0	1	1	0	1	0	0
0	22	2	3	1	5	2	1	3	0	1	3	10	5	17	-44	159	-75	271	5	2	20	227	21	0	396	51525	1	0	1	1	0	1	0	0
0	22	3	3	1	5	2	1	4	0	1	3	13	5	22	-59	272	-100	461	5	2	25	402	21	0	621	161600	1	0	1	1	0	1	0	0
0	22	4	3	1	5	2	4	3	1	1	13	10	22	17	-41	140	-70	239	5	5	30	198	21	21	896	39200	1	1	1	1	0	0	0	0
0	22	5	3	1	5	2	3	2	1	1	10	7	17	12	-26	63	-45	109	5	4	22	83	21	12	480	6885	1	1	1	1	0	0	0	0
0	22	6	3	1	5	2	3	5	1	2	10	17	17	29	-171	448	-292	765	5	5	39	594	21	21	1517	352832	1	1	1	1	0	0	0	0
0	22	7	3	1	5	2	5	2	2	1	17	7	29	12	-9	22	-16	39	5	6	29	30	21	32	837	896	1	1	1	1	0	0	0	0
0	22	8	3	1	5	2	2	1	1	1	7	4	12	7	-11	16	-20	29	5	3	14	18	21	5	192	320	1	1	1	1	0	0	0	0
0	22	9	3	1	5	2	2	3	1	2	7	11	12	19	-108	175	-187	303	5	4	26	195	21	12	672	38021	1	1	1	1	0	0	0	0
0	22	10	3	1	5	2	2	5	1	3	7	18	12	31	-275	474	-474	817	5	5	38	542	21	21	1440	293760	1	1	1	1	0	0	0	0
0	22	11	3	1	5	2	5	3	3	2	18	11	31	19	-83	132	-144	229	5	7	37	146	21	45	1365	21312	1	1	1	1	0	0	0	0
0	22	12	3	1	5	2	3	1	2	1	11	4	19	7	0	1	-1	3	5	4	18	3	21	12	320	5	1	1	1	1	0	0	0	0
0	22	13	3	1	5	2	3	4	2	3	11	15	19	26	-227	314	-394	545	5	6	37	318	21	32	1365	101120	1	1	1	1	0	0	0	0
0	22	14	3	1	5	2	4	1	3	1	15	4	26	7	19	-22	32	-37	5	5	22	-18	21	21	480	320	1	1	1	1	0	0	0	0
0	22	15	3	1	5	2	1	0	1	1	4	1	7	2	4	-1	5	-1	5	2	6	3	21	0	32	5	1	0	1	1	0	1	0	0
0	22	16	3	1	5	2	1	1	1	2	4	5	7	9	-45	28	-82	51	5	3	13	6	21	5	165	32	1	1	1	1	0	0	0	0
0	22	17	3	1	5	2	1	2	1	3	4	9	7	16	-134	97	-239	173	5	4	20	39	21	12	396	1517	1	1	1	1	0	0	0	0
0	22	18	3	1	5	2	1	3	1	4	4	13	7	23	-263	206	-466	365	5	5	27	102	21	21	725	10400	1	1	1	1	0	0	0	0
0	22	19	3	1	5	2	3	2	4	3	13	9	23	16	-113	80	-202	143	5	6	29	30	21	32	837	896	1	1	1	1	0	0	0	0
0	22	20	3	1	5	2	2	1	3	2	9	5	16	9	-32	19	-59	35	5	4	18	3	21	12	320	5	1	1	1	1	0	0	0	0
0	22	21	3	1	5	2	2	3	3	5	9	14	16	25	-359	222	-642	397	5	7	34	38	21	45	1152	1440	1	1	1	1	0	0	0	0
0	22	22	3	1	5	2	3	1	5	2	14	5	25	9	1	0	0	1	5	5	23	2	21	21	525	0	1	1	1	0	0	0	0	2
0	22	23	3	1	5	2	1	0	2	1	5	1	9	2	9	-2	14	-3	5	2	7	6	21	0	45	32	1	0	1	1	0	1	0	0
0	22	24	3	1	5	2	1	1	2	3	5	6	9	11	-86	33	-159	61	5	4	16	-25	21	12	252	621	1	1	1	1	0	0	0	0
0	22	25	3	1	5	2	1	2	2	5	5	11	9	20	-281	118	-512	215	5	6	25	-66	21	32	621	4352	1	1	1	1	0	0	0	0
0	22	26	3	1	5	2	2	1	5	3	11	6	20	11	-59	22	-110	41	5	5	22	-18	21	21	480	320	1	1	1	1	0	0	0	0
0	22	27	3	1	5	2	1	0	3	1	6	1	11	2	16	-3	27	-5	5	2	8	11	21	0	60	117	1	0	1	1	0	1	0	0
0	22	28	3	1	5	2	1	1	3	4	6	7	11	13	-137	38	-256	71	5	5	19	-66	21	21	357	4352	1	1	1	1	0	0	0	0
0	22	29	3	1	5	2	1	0	4	1	7	1	13	2	25	-4	44	-7	5	2	9	18	21	0	77	320	1	0	1	1	0	1	0	0
0	23	0	1	0	2	1	1	1	0	1	1	1	2	3	-1	2	-4	7	2	2	4	6	0	0	12	32	0	0	1	1	1	1	0	0
0	23	1	1	0	2	1	1	2	0	1	1	2	2	5	-3	8	-8	21	2	2	6	18	0	0	32	320	0	0	1	1	1	1	0	0
0	23	2	1	0	2	1	1	3	0	1	1	3	2	7	-5	18	-12	43	2	2	8	38	0	0	60	1440	0	0	1	1	1	1	0	0
0	23	3	1	0	2	1	1	4	0	1	1	4	2	9	-7	32	-16	73	2	2	10	66	0	0	96	4352	0	0	1	1	1	1	0	0
0	23	4	1	0	2	1	4	3	1	1	4	3	9	7	-5	18	-12	43	2	5	11	38	0	21	117	1440	0	1	1	1	1	0	0	0
0	23	5	1	0	2	1	3	2	1	1	3	2	7	5	-3	8	-8	21	2	4	8	18	0	12	60	320	0	1	1	1	1	0	0	0
0	23	6	1	0	2	1	3	5	1	2	3	5	7	12	-19	50	-46	121	2	5	15	102	0	21	221	10400	0	1	1	1	1	0	0	0
0	23	7	1	0	2	1	5	2	2	1	5	2	12	5	-3	8	-8	21	2	6	10	18	0	32	96	320	0	1	1	1	1	0	0	0
0	23	8	1	0	2	1	2	1	1	1	2	1	5	3	-1	2	-4	7	2	3	5	6	0	5	21	32	0	1	1	1	1	0	0	0
0	23	9	1	0	2	1	2	3	1	2	2	3	5	8	-11	18	-30	49	2	4	10	38	0	12	96	1440	0	1	1	1	1	0	0	0
0	23	10	1	0	2	1	2	5	1	3	2	5	5	13	-29	50	-76	131	2	5	15	102	0	21	221	10400	0	1	1	1	1	0	0	0
0	23	11	1	0	2	1	5	3	3	2	5	3	13	8	-11	18	-30	49	2	7	13	38	0	45	165	1440	0	1	1	1	1	0	0	0
0	23	12	1	0	2	1	3	1	2	1	3	1	8	3	-1	2	-4	7	2	4	6	6	0	12	32	32	0	1	1	1	1	0	0	0
0	23	13	1	0	2	1	3	4	2	3	3	4	8	11	-23	32	-64	89	2	6	14	66	0	32	192	4352	0	1	1	1	1	0	0	0
0	23	14	1	0	2	1	4	1	3	1	4	1	11	3	-1	2	-4	7	2	5	7	6	0	21	45	32	0	1	1	1	1	0	0	0
0	23	15	1	0	2	1	1	0	1	1	1	0	3	1	1	0	0	1	2	2	2	2	0	0	0	0	0	0	0	0	1	1	1	2
0	23	16	1	0	2	1	1	1	1	2	1	1	3	4	-3	2	-14	9	2	3	5	6	0	5	21	32	0	1	1	1	1	0	0	0
0	23	17	1	0	2	1	1	2	1	3	1	2	3	7	-11	8	-40	29	2	4	8	18	0	12	60	320	0	1	1	1	1	0	0	0
0	23	18	1	0	2	1	1	3	1	4	1	3	3	10	-23	18	-78	61	2	5	11	38	0	21	117	1440	0	1	1	1	1	0	0	0
0	23	19	1	0	2	1	3	2	4	3	3	2	10	7	-11	8	-40	29	2	6	10	18	0	32	96	320	0	1	1	1	1	0	0	0
0	23	20	1	0	2	1	2	1	3	2	2	1	7	4	-3	2	-14	9	2	4	6	6	0	12	32	32	0	1	1	1	1	0	0	0
0	23	21	1	0	2	1	2	3	3	5	2	3	7	11	-29	18	-108	67	2	7	13	38	0	45	165	1440	0	1	1	1	1	0	0	0
0	23	22	1	0	2	1	3	1	5	2	3	1	11	4	-3	2	-14	9	2	5	7	6	0	21	45	32	0	1	1	1	1	0	0	0
0	23	23	1	0	2	1	1	0	2	1	1	0	4	1	1	0	0	1	2	2	2	2	0	0	0	0	0	0	0	0	1	1	1	2
0	23	24	1	0	2	1	1	1	2	3	1	1	4	5	-5	2	-28	11	2	4	6	6	0	12	32	32	0	1	1	1	1	0	0	0
0	23	25	1	0	2	1	1	2	2	5	1	2	4	9	-19	8	-88	37	2	6	10	18	0	32	96	320	0	1	1	1	1	0	0	0
0	23	26	1	0	2	1	2	1	5	3	2	1	9	5	-5	2	-28	11	2	5	7	6	0	21	45	32	0	1	1	1	1	0	0	0
0	23	27	1	0	2	1	1	0	3	1	1	0	5	1	1	0	0	1	2	2	2	2	0	0	0	0	0	0	0	0	1	1	1	2
0	23	28	1	0	2	1	1	1	3	4	1	1	5	6	-7	2	-46	13	2	5	7	6	0	21	45	32	0	1	1	1	1	0	0	0
0	23	29	1	0	2	1	1	0	4	1	1	0	6	1	1	0	0	1	2	2	2	2	0	0	0	0	0	0	0	0	1	1	1	2
0	24	0	1	1	2	3	1	1	0	1	1	2	2	5	-1	2	-4	7	4	2	6	6	12	0	32	32	1	0	1	1	0	1	0	0
0	24	1	1	1	2	3	1	2	0	1	1	3	2	7	-3	8	-8	21	4	2	8	18	12	0	60	320	1	0	1	1	0	1	0	0
0	24	2	1	1	2	3	1	3	0	1	1	4	2	9	-5	18	-12	43	4	2	10	38	12	0	96	1440	1	0	1	1	0	1	0	0
0	24	3	1	1	2	3	1	4	0	1	1	5	2	11	-7	32	-16	73	4	2	12	66	12	0	140	4352	1	0	1	1	0	1	0	0
0	24	4	1	1	2	3	4	3	1	1	5	4	11	9	8	-25	17	-53	4	5	14	-45	12	21	192	2021	1	1	1	1	0	0	0	0
0	24	5	1	1	2	3	3	2	1	1	4	3	9	7	7	-15	15	-32	4	4	11	-25	12	12	117	621	1	1	1	1	0	0	0	0
0	24	6	1	1	2	3	3	5	1	2	4	7	9	16	-7	19	-17	46	4	5	20	39	12	21	396	1517	1	1	1	1	0	0	0	0
0	24	7	1	1	2	3	5	2	2	1	7	3	16	7	23	-50	52	-113	4	6	14	-90	12	32	192	8096	1	1	1	1	0	0	0	0
0	24	8	1	1	2	3	2	1	1	1	3	2	7	5	6	-7	13	-15	4	3	8	-9	12	5	60	77	1	1	1	1	0	0	0	0
0	24	9	1	1	2	3	2	3	1	2	3	5	7	12	-4	7	-11	19	4	4	15	15	12	12	221	221	1	1	1	1	0	0	0	0
0	24	10	1	1	2	3	2	5	1	3	3	8	7	19	-26	45	-63	109	4	5	22	83	12	21	480	6885	1	1	1	1	0	0	0	0
0	24	11	1	1	2	3	5	3	3	2	8	5	19	12	37	-57	87	-134	4	7	20	-97	12	45	396	9405	1	1	1	1	0	0	0	0
0	24	12	1	1	2	3	3	1	2	1	5	2	12	5	17	-20	40	-47	4	4	10	-30	12	12	96	896	1	1	1	1	0	0	0	0
0	24	13	1	1	2	3	3	4	2	3	5	7	12	17	-1	2	-4	7	4	6	22	6	12	32	480	32	1	1	1	1	0	0	0	0
0	24	14	1	1	2	3	4	1	3	1	7	2	17	5	32	-37	77	-89	4	5	12	-57	12	21	140	3245	1	1	1	1	0	0	0	0
0	24	15	1	1	2	3	1	0	1	1	2	1	5	3	5	-1	11	-2	4	2	5	3	12	0	21	5	1	0	1	1	0	1	0	0
0	24	16	1	1	2	3	1	1	1	2	2	3	5	8	-1	1	-5	4	4	3	10	3	12	5	96	5	1	1	1	1	0	0	0	0
0	24	17	1	1	2	3	1	2	1	3	2	5	5	13	-15	11	-41	30	4	4	15	15	12	12	221	221	1	1	1	1	0	0	0	0
0	24	18	1	1	2	3	1	3	1	4	2	7	5	18	-37	29	-97	76	4	5	20	39	12	21	396	1517	1	1	1	1	0	0	0	0
0	24	19	1	1	2	3	3	2	4	3	7	5	18	13	41	-28	104	-71	4	6	20	-30	12	32	396	896	1	1	1	1	0	0	0	0
0	24	20	1	1	2	3	2	1	3	2	5	3	13	8	24	-13	61	-33	4	4	13	-9	12	12	165	77	1	1	1	1	0	0	0	0
0	24	21	1	1	2	3	2	3	3	5	5	8	13	21	-14	9	-39	25	4	7	26	11	12	45	672	117	1	1	1	1	0	0	0	0
0	24	22	1	1	2	3	3	1	5	2	8	3	21	8	61	-33	159	-86	4	5	16	-25	12	21	252	621	1	1	1	1	0	0	0	0
0	24	23	1	1	2	3	1	0	2	1	3	1	8	3	11	-2	28	-5	4	2	6	6	12	0	32	32	1	0	1	1	0	1	0	0
0	24	24	1	1	2	3	1	1	2	3	3	4	8	11	1	0	0	1	4	4	14	2	12	12	192	0	1	1	1	0	0	0	0	2
0	24	25	1	1	2	3	1	2	2	5	3	7	8	19	-33	14	-92	39	4	6	22	6	12	32	480	32	1	1	1	1	0	0	0	0
0	24	26	1	1	2	3	2	1	5	3	7	4	19	11	54	-19	145	-51	4	5	18	3	12	21	320	5	1	1	1	1	0	0	0	0
0	24	27	1	1	2	3	1	0	3	1	4	1	11	3	19	-3	51	-8	4	2	7	11	12	0	45	117	1	0	1	1	0	1	0	0
0	24	28	1	1	2	3	1	1	3	4	4	5	11	14	5	-1	11	-2	4	5	18	3	12	21	320	5	1	1	1	1	0	0	0	0
0	24	29	1	1	2	3	1	0	4	1	5	1	14	3	29	-4	80	-11	4	2	8	18	12	0	60	320	1	0	1	1	0	1	0	0
0	25	0	1	2	2	5	1	1	0	1	1	3	2	7	-1	2	-4	7	6	2	8	6	32	0	60	32	1	0	1	1	0	1	0	0
0	25	1	1	2	2	5	1	2	0	1	1	4	2	9	-3	8	-8	21	6	2	10	18	32	0	96	320	1	0	1	1	0	1	0	0
0	25	2	1	2	2	5	1	3	0	1	1	5	2	11	-5	18	-12	43	6	2	12	38	32	0	140	1440	1	0	1	1	0	1	0	0
0	25	3	1	2	2	5	1	4	0	1	1	6	2	13	-7	32	-16	73	6	2	14	66	32	0	192	4352	1	0	1	1	0	1	0	0
0	25	4	1	2	2	5	4	3	1	1	6	5	13	11	27	-88	58	-189	6	5	17	-162	32	21	285	26240	1	1	1	1	0	0	0	0
0	25	5	1	2	2	5	3	2	1	1	5	4	11	9	23	-52	50	-113	6	4	14	-90	32	12	192	8096	1	1	1	1	0	0	0	0
0	25	6	1	2	2	5	3	5	1	2	5	9	11	20	15	-38	32	-81	6	5	25	-66	32	21	621	4352	1	1	1	1	0	0	0	0
0	25	7	1	2	2	5	5	2	2	1	9	4	20	9	65	-144	144	-319	6	6	18	-254	32	32	320	64512	1	1	1	1	0	0	0	0
0	25	8	1	2	2	5	2	1	1	1	4	3	9	7	19	-24	42	-53	6	3	11	-34	32	5	117	1152	1	1	1	1	0	0	0	0
0	25	9	1	2	2	5	2	3	1	2	4	7	9	16	13	-20	28	-43	6	4	20	-30	32	12	396	896	1	1	1	1	0	0	0	0
0	25	10	1	2	2	5	2	5	1	3	4	11	9	25	-9	16	-22	39	6	5	29	30	32	21	837	896	1	1	1	1	0	0	0	0
0	25	11	1	2	2	5	5	3	3	2	11	7	25	16	127	-198	288	-449	6	7	27	-322	32	45	725	103680	1	1	1	1	0	0	0	0
0	25	12	1	2	2	5	3	1	2	1	7	3	16	7	51	-62	116	-141	6	4	14	-90	32	12	192	8096	1	1	1	1	0	0	0	0
0	25	13	1	2	2	5	3	4	2	3	7	10	16	23	53	-72	120	-163	6	6	30	-110	32	32	896	12096	1	1	1	1	0	0	0	0
0	25	14	1	2	2	5	4	1	3	1	10	3	23	7	95	-112	218	-257	6	5	17	-162	32	21	285	26240	1	1	1	1	0	0	0	0
0	25	15	1	2	2	5	1	0	1	1	3	2	7	5	15	-4	34	-9	6	2	8	6	32	0	60	32	1	0	1	1	0	1	0	0
0	25	16	1	2	2	5	1	1	1	2	3	5	7	12	11	-6	24	-13	6	3	15	-2	32	5	221	0	1	1	1	0	0	0	0	0
0	25	17	1	2	2	5	1	2	1	3	3	8	7	19	-5	4	-14	11	6	4	22	6	32	12	480	32	1	1	1	1	0	0	0	0
0	25	18	1	2	2	5	1	3	1	4	3	11	7	26	-33	26	-80	63	6	5	29	30	32	21	837	896	1	1	1	1	0	0	0	0
0	25	19	1	2	2	5	3	2	4	3	11	8	26	19	173	-120	408	-283	6	6	30	-110	32	32	896	12096	1	1	1	1	0	0	0	0
0	25	20	1	2	2	5	2	1	3	2	8	5	19	12	93	-52	220	-123	6	4	20	-30	32	12	396	896	1	1	1	1	0	0	0	0
0	25	21	1	2	2	5	2	3	3	5	8	13	19	31	79	-48	186	-113	6	7	39	-34	32	45	1517	1152	1	1	1	1	0	0	0	0
0	25	22	1	2	2	5	3	1	5	2	13	5	31	12	215	-118	512	-281	6	5	25	-66	32	21	621	4352	1	1	1	1	0	0	0	0
0	25	23	1	2	2	5	1	0	2	1	5	2	12	5	37	-8	88	-19	6	2	10	18	32	0	96	320	1	0	1	1	0	1	0	0
0	25	24	1	2	2	5	1	1	2	3	5	7	12	17	39	-14	92	-33	6	4	22	6	32	12	480	32	1	1	1	1	0	0	0	0
0	25	25	1	2	2	5	1	2	2	5	5	12	12	29	1	0	0	1	6	6	34	2	32	32	1152	0	1	1	1	0	0	0	0	2
0	25	26	1	2	2	5	2	1	5	3	12	7	29	17	223	-80	538	-193	6	5	29	30	32	21	837	896	1	1	1	1	0	0	0	0
0	25	27	1	2	2	5	1	0	3	1	7	2	17	5	67	-12	162	-29	6	2	12	38	32	0	140	1440	1	0	1	1	0	1	0	0
0	25	28	1	2	2	5	1	1	3	4	7	9	17	22	83	-22	200	-53	6	5	29	30	32	21	837	896	1	1	1	1	0	0	0	0
0	25	29	1	2	2	5	1	0	4	1	9	2	22	5	105	-16	256	-39	6	2	14	66	32	0	192	4352	1	0	1	1	0	1	0	0
0	26	0	2	1	5	3	1	1	0	1	2	3	5	8	-9	13	-25	36	5	2	10	27	21	0	96	725	1	0	1	1	0	1	0	0
0	26	1	2	1	5	3	1	2	0	1	2	5	5	13	-19	46	-50	121	5	2	15	102	21	0	221	10400	1	0	1	1	0	1	0	0
0	26	2	2	1	5	3	1	3	0	1	2	7	5	18	-29	99	-75	256	5	2	20	227	21	0	396	51525	1	0	1	1	0	1	0	0
0	26	3	2	1	5	3	1	4	0	1	2	9	5	23	-39	172	-100	441	5	2	25	402	21	0	621	161600	1	0	1	1	0	1	0	0
0	26	4	2	1	5	3	4	3	1	1	9	7	23	18	-13	44	-34	115	5	5	27	102	21	21	725	10400	1	1	1	1	0	0	0	0
0	26	5	2	1	5	3	3	2	1	1	7	5	18	13	-7	17	-19	46	5	4	20	39	21	12	396	1517	1	1	1	1	0	0	0	0
0	26	6	2	1	5	3	3	5	1	2	7	12	18	31	-95	246	-246	637	5	5	38	542	21	21	1440	293760	1	1	1	1	0	0	0	0
0	26	7	2	1	5	3	5	2	2	1	12	5	31	13	15	-32	38	-81	5	6	25	-66	21	32	621	4352	1	1	1	1	0	0	0	0
0	26	8	2	1	5	3	2	1	1	1	5	3	13	8	-1	2	-4	7	5	3	13	6	21	5	165	32	1	1	1	1	0	0	0	0
0	26	9	2	1	5	3	2	3	1	2	5	8	13	21	-61	97	-161	256	5	4	26	195	21	12	672	38021	1	1	1	1	0	0	0	0
0	26	10	2	1	5	3	2	5	1	3	5	13	13	34	-171	292	-448	765	5	5	39	594	21	21	1517	352832	1	1	1	1	0	0	0	0
0	26	11	2	1	5	3	5	3	3	2	13	8	34	21	-11	18	-30	49	5	7	34	38	21	45	1152	1440	1	1	1	1	0	0	0	0
0	26	12	2	1	5	3	3	1	2	1	8	3	21	8	13	-15	33	-38	5	4	16	-25	21	12	252	621	1	1	1	1	0	0	0	0
0	26	13	2	1	5	3	3	4	2	3	8	11	21	29	-121	166	-320	439	5	6	37	318	21	32	1365	101120	1	1	1	1	0	0	0	0
0	26	14	2	1	5	3	4	1	3	1	11	3	29	8	33	-38	86	-99	5	5	19	-66	21	21	357	4352	1	1	1	1	0	0	0	0
0	26	15	2	1	5	3	1	0	1	1	3	1	8	3	5	-1	11	-2	5	2	6	3	21	0	32	5	1	0	1	1	0	1	0	0
0	26	16	2	1	5	3	1	1	1	2	3	4	8	11	-27	16	-76	45	5	3	14	18	21	5	192	320	1	1	1	1	0	0	0	0
0	26	17	2	1	5	3	1	2	1	3	3	7	8	19	-89	63	-243	172	5	4	22	83	21	12	480	6885	1	1	1	1	0	0	0	0
0	26	18	2	1	5	3	1	3	1	4	3	10	8	27	-181	140	-490	379	5	5	30	198	21	21	896	39200	1	1	1	1	0	0	0	0
0	26	19	2	1	5	3	3	2	4	3	10	7	27	19	-31	22	-86	61	5	6	29	30	21	32	837	896	1	1	1	1	0	0	0	0
0	26	20	2	1	5	3	2	1	3	2	7	4	19	11	-1	1	-5	4	5	4	18	3	21	12	320	5	1	1	1	1	0	0	0	0
0	26	21	2	1	5	3	2	3	3	5	7	11	19	30	-215	132	-588	361	5	7	37	146	21	45	1365	21312	1	1	1	1	0	0	0	0
0	26	22	2	1	5	3	3	1	5	2	11	4	30	11	41	-22	110	-59	5	5	22	-18	21	21	480	320	1	1	1	1	0	0	0	0
0	26	23	2	1	5	3	1	0	2	1	4	1	11	3	11	-2	28	-5	5	2	7	6	21	0	45	32	1	0	1	1	0	1	0	0
0	26	24	2	1	5	3	1	1	2	3	4	5	11	14	-51	19	-145	54	5	4	18	3	21	12	320	5	1	1	1	1	0	0	0	0
0	26	25	2	1	5	3	1	2	2	5	4	9	11	25	-193	80	-538	223	5	6	29	30	21	32	837	896	1	1	1	1	0	0	0	0
0	26	26	2	1	5	3	2	1	5	3	9	5	25	14	1	0	0	1	5	5	23	2	21	21	525	0	1	1	1	0	0	0	0	2
0	26	27	2	1	5	3	1	0	3	1	5	1	14	3	19	-3	51	-8	5	2	8	11	21	0	60	117	1	0	1	1	0	1	0	0
0	26	28	2	1	5	3	1	1	3	4	5	6	14	17	-81	22	-232	63	5	5	22	-18	21	21	480	320	1	1	1	1	0	0	0	0
0	26	29	2	1	5	3	1	0	4	1	6	1	17	3	29	-4	80	-11	5	2	9	18	21	0	77	320	1	0	1	1	0	1	0	0
0	27	0	1	0	3	1	1	1	0	1	1	1	3	4	-2	3	-9	13	2	2	5	11	0	0	21	117	0	0	1	1	1	1	0	0
0	27	1	1	0	3	1	1	2	0	1	1	2	3	7	-5	12	-18	43	2	2	8	38	0	0	60	1440	0	0	1	1	1	1	0	0
0	27	2	1	0	3	1	1	3	0	1	1	3	3	10	-8	27	-27	91	2	2	11	83	0	0	117	6885	0	0	1	1	1	1	0	0
0	27	3	1	0	3	1	1	4	0	1	1	4	3	13	-11	48	-36	157	2	2	14	146	0	0	192	21312	0	0	1	1	1	1	0	0
0	27	4	1	0	3	1	4	3	1	1	4	3	13	10	-8	27	-27	91	2	5	14	83	0	21	192	6885	0	1	1	1	1	0	0	0
0	27	5	1	0	3	1	3	2	1	1	3	2	10	7	-5	12	-18	43	2	4	10	38	0	12	96	1440	0	1	1	1	1	0	0	0
0	27	6	1	0	3	1	3	5	1	2	3	5	10	17	-29	75	-99	256	2	5	20	227	0	21	396	51525	0	1	1	1	1	0	0	0
0	27	7	1	0	3	1	5	2	2	1	5	2	17	7	-5	12	-18	43	2	6	12	38	0	32	140	1440	0	1	1	1	1	0	0	0
0	27	8	1	0	3	1	2	1	1	1	2	1	7	4	-2	3	-9	13	2	3	6	11	0	5	32	117	0	1	1	1	1	0	0	0
0	27	9	1	0	3	1	2	3	1	2	2	3	7	11	-17	27	-63	100	2	4	13	83	0	12	165	6885	0	1	1	1	1	0	0	0
0	27	10	1	0	3	1	2	5	1	3	2	5	7	18	-44	75	-159	271	2	5	20	227	0	21	396	51525	0	1	1	1	1	0	0	0
0	27	11	1	0	3	1	5	3	3	2	5	3	18	11	-17	27	-63	100	2	7	16	83	0	45	252	6885	0	1	1	1	1	0	0	0
0	27	12	1	0	3	1	3	1	2	1	3	1	11	4	-2	3	-9	13	2	4	7	11	0	12	45	117	0	1	1	1	1	0	0	0
0	27	13	1	0	3	1	3	4	2	3	3	4	11	15	-35	48	-132	181	2	6	18	146	0	32	320	21312	0	1	1	1	1	0	0	0
0	27	14	1	0	3	1	4	1	3	1	4	1	15	4	-2	3	-9	13	2	5	8	11	0	21	60	117	0	1	1	1	1	0	0	0
0	27	15	1	0	3	1	1	0	1	1	1	0	4	1	1	0	0	1	2	2	2	2	0	0	0	0	0	0	0	0	1	1	1	2
0	27	16	1	0	3	1	1	1	1	2	1	1	4	5	-5	3	-27	16	2	3	6	11	0	5	32	117	0	1	1	1	1	0	0	0
0	27	17	1	0	3	1	1	2	1	3	1	2	4	9	-17	12	-78	55	2	4	10	38	0	12	96	1440	0	1	1	1	1	0	0	0
0	27	18	1	0	3	1	1	3	1	4	1	3	4	13	-35	27	-153	118	2	5	14	83	0	21	192	6885	0	1	1	1	1	0	0	0
0	27	19	1	0	3	1	3	2	4	3	3	2	13	9	-17	12	-78	55	2	6	12	38	0	32	140	1440	0	1	1	1	1	0	0	0
0	27	20	1	0	3	1	2	1	3	2	2	1	9	5	-5	3	-27	16	2	4	7	11	0	12	45	117	0	1	1	1	1	0	0	0
0	27	21	1	0	3	1	2	3	3	5	2	3	9	14	-44	27	-207	127	2	7	16	83	0	45	252	6885	0	1	1	1	1	0	0	0
0	27	22	1	0	3	1	3	1	5	2	3	1	14	5	-5	3	-27	16	2	5	8	11	0	21	60	117	0	1	1	1	1	0	0	0
0	27	23	1	0	3	1	1	0	2	1	1	0	5	1	1	0	0	1	2	2	2	2	0	0	0	0	0	0	0	0	1	1	1	2
0	27	24	1	0	3	1	1	1	2	3	1	1	5	6	-8	3	-51	19	2	4	7	11	0	12	45	117	0	1	1	1	1	0	0	0
0	27	25	1	0	3	1	1	2	2	5	1	2	5	11	-29	12	-162	67	2	6	12	38	0	32	140	1440	0	1	1	1	1	0	0	0
0	27	26	1	0	3	1	2	1	5	3	2	1	11	6	-8	3	-51	19	2	5	8	11	0	21	60	117	0	1	1	1	1	0	0	0
0	27	27	1	0	3	1	1	0	3	1	1	0	6	1	1	0	0	1	2	2	2	2	0	0	0	0	0	0	0	0	1	1	1	2
0	27	28	1	0	3	1	1	1	3	4	1	1	6	7	-11	3	-81	22	2	5	8	11	0	21	60	117	0	1	1	1	1	0	0	0
0	27	29	1	0	3	1	1	0	4	1	1	0	7	1	1	0	0	1	2	2	2	2	0	0	0	0	0	0	0	0	1	1	1	2
0	28	0	1	1	3	4	1	1	0	1	1	2	3	7	-2	3	-9	13	5	2	8	11	21	0	60	117	1	0	1	1	0	1	0	0
0	28	1	1	1	3	4	1	2	0	1	1	3	3	10	-5	12	-18	43	5	2	11	38	21	0	117	1440	1	0	1	1	0	1	0	0
0	28	2	1	1	3	4	1	3	0	1	1	4	3	13	-8	27	-27	91	5	2	14	83	21	0	192	6885	1	0	1	1	0	1	0	0
0	28	3	1	1	3	4	1	4	0	1	1	5	3	16	-11	48	-36	157	5	2	17	146	21	0	285	21312	1	0	1	1	0	1	0	0
0	28	4	1	1	3	4	4	3	1	1	5	4	16	13	9	-28	28	-87	5	5	18	-78	21	21	320	6080	1	1	1	1	0	0	0	0
0	28	5	1	1	3	4	3	2	1	1	4	3	13	10	8	-17	25	-53	5	4	14	-45	21	12	192	2021	1	1	1	1	0	0	0	0
0	28	6	1	1	3	4	3	5	1	2	4	7	13	23	-13	34	-44	115	5	5	27	102	21	21	725	10400	1	1	1	1	0	0	0	0
0	28	7	1	1	3	4	5	2	2	1	7	3	23	10	27	-58	88	-189	5	6	17	-162	21	32	285	26240	1	1	1	1	0	0	0	0
0	28	8	1	1	3	4	2	1	1	1	3	2	10	7	7	-8	22	-25	5	3	10	-18	21	5	96	320	1	1	1	1	0	0	0	0
0	28	9	1	1	3	4	2	3	1	2	3	5	10	17	-8	13	-29	47	5	4	20	39	21	12	396	1517	1	1	1	1	0	0	0	0
0	28	10	1	1	3	4	2	5	1	3	3	8	10	27	-41	70	-140	239	5	5	30	198	21	21	896	39200	1	1	1	1	0	0	0	0
0	28	11	1	1	3	4	5	3	3	2	8	5	27	17	43	-66	144	-221	5	7	25	-178	21	45	621	31680	1	1	1	1	0	0	0	0
0	28	12	1	1	3	4	3	1	2	1	5	2	17	7	20	-23	67	-77	5	4	12	-57	21	12	140	3245	1	1	1	1	0	0	0	0
0	28	13	1	1	3	4	3	4	2	3	5	7	17	24	-7	10	-26	37	5	6	29	30	21	32	837	896	1	1	1	1	0	0	0	0
0	28	14	1	1	3	4	4	1	3	1	7	2	24	7	37	-42	126	-143	5	5	14	-106	21	21	192	11232	1	1	1	1	0	0	0	0
0	28	15	1	1	3	4	1	0	1	1	2	1	7	4	6	-1	19	-3	5	2	6	3	21	0	32	5	1	0	1	1	0	1	0	0
0	28	16	1	1	3	4	1	1	1	2	2	3	7	11	-3	2	-14	9	5	3	13	6	21	5	165	32	1	1	1	1	0	0	0	0
0	28	17	1	1	3	4	1	2	1	3	2	5	7	18	-24	17	-89	63	5	4	20	39	21	12	396	1517	1	1	1	1	0	0	0	0
0	28	18	1	1	3	4	1	3	1	4	2	7	7	25	-57	44	-206	159	5	5	27	102	21	21	725	10400	1	1	1	1	0	0	0	0
0	28	19	1	1	3	4	3	2	4	3	7	5	25	18	47	-32	166	-113	5	6	25	-66	21	32	621	4352	1	1	1	1	0	0	0	0
0	28	20	1	1	3	4	2	1	3	2	5	3	18	11	28	-15	99	-53	5	4	16	-25	21	12	252	621	1	1	1	1	0	0	0	0
0	28	21	1	1	3	4	2	3	3	5	5	8	18	29	-29	18	-108	67	5	7	34	38	21	45	1152	1440	1	1	1	1	0	0	0	0
0	28	22	1	1	3	4	3	1	5	2	8	3	29	11	71	-38	256	-137	5	5	19	-66	21	21	357	4352	1	1	1	1	0	0	0	0
0	28	23	1	1	3	4	1	0	2	1	3	1	11	4	13	-2	46	-7	5	2	7	6	21	0	45	32	1	0	1	1	0	1	0	0
0	28	24	1	1	3	4	1	1	2	3	3	4	11	15	-2	1	-11	5	5	4	18	3	21	12	320	5	1	1	1	1	0	0	0	0
0	28	25	1	1	3	4	1	2	2	5	3	7	11	26	-53	22	-200	83	5	6	29	30	21	32	837	896	1	1	1	1	0	0	0	0
0	28	26	1	1	3	4	2	1	5	3	7	4	26	15	63	-22	232	-81	5	5	22	-18	21	21	480	320	1	1	1	1	0	0	0	0
0	28	27	1	1	3	4	1	0	3	1	4	1	15	4	22	-3	81	-11	5	2	8	11	21	0	60	117	1	0	1	1	0	1	0	0
0	28	28	1	1	3	4	1	1	3	4	4	5	15	19	1	0	0	1	5	5	23	2	21	21	525	0	1	1	1	0	0	0	0	2
0	28	29	1	1	3	4	1	0	4	1	5	1	19	4	33	-4	124	-15	5	2	9	18	21	0	77	320	1	0	1	1	0	1	0	0
0	29	0	1	0	4	1	1	1	0	1	1	1	4	5	-3	4	-16	21	2	2	6	18	0	0	32	320	0	0	1	1	1	1	0	0
0	29	1	1	0	4	1	1	2	0	1	1	2	4	9	-7	16	-32	73	2	2	10	66	0	0	96	4352	0	0	1	1	1	1	0	0
0	29	2	1	0	4	1	1	3	0	1	1	3	4	13	-11	36	-48	157	2	2	14	146	0	0	192	21312	0	0	1	1	1	1	0	0
0	29	3	1	0	4	1	1	4	0	1	1	4	4	17	-15	64	-64	273	2	2	18	258	0	0	320	66560	0	0	1	1	1	1	0	0
0	29	4	1	0	4	1	4	3	1	1	4	3	17	13	-11	36	-48	157	2	5	17	146	0	21	285	21312	0	1	1	1	1	0	0	0
0	29	5	1	0	4	1	3	2	1	1	3	2	13	9	-7	16	-32	73	2	4	12	66	0	12	140	4352	0	1	1	1	1	0	0	0
0	29	6	1	0	4	1	3	5	1	2	3	5	13	22	-39	100	-172	441	2	5	25	402	0	21	621	161600	0	1	1	1	1	0	0	0
0	29	7	1	0	4	1	5	2	2	1	5	2	22	9	-7	16	-32	73	2	6	14	66	0	32	192	4352	0	1	1	1	1	0	0	0
0	29	8	1	0	4	1	2	1	1	1	2	1	9	5	-3	4	-16	21	2	3	7	18	0	5	45	320	0	1	1	1	1	0	0	0
0	29	9	1	0	4	1	2	3	1	2	2	3	9	14	-23	36	-108	169	2	4	16	146	0	12	252	21312	0	1	1	1	1	0	0	0
0	29	10	1	0	4	1	2	5	1	3	2	5	9	23	-59	100	-272	461	2	5	25	402	0	21	621	161600	0	1	1	1	1	0	0	0
0	29	11	1	0	4	1	5	3	3	2	5	3	23	14	-23	36	-108	169	2	7	19	146	0	45	357	21312	0	1	1	1	1	0	0	0
0	29	12	1	0	4	1	3	1	2	1	3	1	14	5	-3	4	-16	21	2	4	8	18	0	12	60	320	0	1	1	1	1	0	0	0
0	29	13	1	0	4	1	3	4	2	3	3	4	14	19	-47	64	-224	305	2	6	22	258	0	32	480	66560	0	1	1	1	1	0	0	0
0	29	14	1	0	4	1	4	1	3	1	4	1	19	5	-3	4	-16	21	2	5	9	18	0	21	77	320	0	1	1	1	1	0	0	0
0	29	15	1	0	4	1	1	0	1	1	1	0	5	1	1	0	0	1	2	2	2	2	0	0	0	0	0	0	0	0	1	1	1	2
0	29	16	1	0	4	1	1	1	1	2	1	1	5	6	-7	4	-44	25	2	3	7	18	0	5	45	320	0	1	1	1	1	0	0	0
0	29	17	1	0	4	1	1	2	1	3	1	2	5	11	-23	16	-128	89	2	4	12	66	0	12	140	4352	0	1	1	1	1	0	0	0
0	29	18	1	0	4	1	1	3	1	4	1	3	5	16	-47	36	-252	193	2	5	17	146	0	21	285	21312	0	1	1	1	1	0	0	0
0	29	19	1	0	4	1	3	2	4	3	3	2	16	11	-23	16	-128	89	2	6	14	66	0	32	192	4352	0	1	1	1	1	0	0	0
0	29	20	1	0	4	1	2	1	3	2	2	1	11	6	-7	4	-44	25	2	4	8	18	0	12	60	320	0	1	1	1	1	0	0	0
0	29	21	1	0	4	1	2	3	3	5	2	3	11	17	-59	36	-336	205	2	7	19	146	0	45	357	21312	0	1	1	1	1	0	0	0
0	29	22	1	0	4	1	3	1	5	2	3	1	17	6	-7	4	-44	25	2	5	9	18	0	21	77	320	0	1	1	1	1	0	0	0
0	29	23	1	0	4	1	1	0	2	1	1	0	6	1	1	0	0	1	2	2	2	2	0	0	0	0	0	0	0	0	1	1	1	2
0	29	24	1	0	4	1	1	1	2	3	1	1	6	7	-11	4	-80	29	2	4	8	18	0	12	60	320	0	1	1	1	1	0	0	0
0	29	25	1	0	4	1	1	2	2	5	1	2	6	13	-39	16	-256	105	2	6	14	66	0	32	192	4352	0	1	1	1	1	0	0	0
0	29	26	1	0	4	1	2	1	5	3	2	1	13	7	-11	4	-80	29	2	5	9	18	0	21	77	320	0	1	1	1	1	0	0	0
0	29	27	1	0	4	1	1	0	3	1	1	0	7	1	1	0	0	1	2	2	2	2	0	0	0	0	0	0	0	0	1	1	1	2
0	29	28	1	0	4	1	1	1	3	4	1	1	7	8	-15	4	-124	33	2	5	9	18	0	21	77	320	0	1	1	1	1	0	0	0
0	29	29	1	0	4	1	1	0	4	1	1	0	8	1	1	0	0	1	2	2	2	2	0	0	0	0	0	0	0	0	1	1	1	2
1	0	0	1	1	0	1	1	1	0	1	1	2	0	1	1	0	0	1	2	2	2	2	0	0	0	0	0	0	0	0	1	1	1	2
1	0	1	1	1	0	1	1	2	0	1	1	3	0	1	1	0	0	1	2	2	2	2	0	0	0	0	0	0	0	0	1	1	1	2
1	0	2	1	1	0	1	1	3	0	1	1	4	0	1	1	0	0	1	2	2	2	2	0	0	0	0	0	0	0	0	1	1	1	2
1	0	3	1	1	0	1	3	2	1	1	4	3	1	1	5	-11	1	-2	2	4	5	3	0	12	21	5	0	1	1	1	1	0	0	0
1	0	4	1	1	0	1	-1	2	-1	1	-2	3	-1	1	3	-1	1	0	2	0	-1	3	0	-4	-3	5	0	-1	-1	1	1	0	0	0
1	0	5	1	1	0	1	2	1	1	1	3	2	1	1	4	-5	1	-1	2	3	4	3	0	5	12	5	0	1	1	1	1	0	0	0
1	0	6	1	1	0	1	2	3	1	2	3	5	1	2	4	-5	1	-1	2	4	5	3	0	12	21	5	0	1	1	1	1	0	0	0
1	0	7	1	1	0	1	3	1	2	1	5	2	2	1	11	-14	4	-5	2	4	6	6	0	12	32	32	0	1	1	1	1	0	0	0
1	0	8	1	1	0	1	2	-1	1	0	3	-1	1	0	4	-5	1	-1	2	2	3	3	0	0	5	5	0	0	1	1	1	1	0	0
1	0	9	1	1	0	1	0	1	-1	1	-1	2	-1	1	2	1	1	1	2	1	0	3	0	-3	-4	5	0	-1	-1	1	1	0	0	0
1	0	10	1	1	0	1	0	1	-1	0	-1	1	-1	0	2	1	1	1	2	0	-1	3	0	-4	-3	5	0	-1	-1	1	1	0	0	0
1	0	11	1	1	0	1	0	1	-1	2	-1	3	-1	2	2	1	1	1	2	2	1	3	0	0	-3	5	0	0	-1	1	1	1	0	0
1	0	12	1	1	0	1	-1	1	-2	1	-3	2	-2	1	7	-2	4	-1	2	0	-2	6	0	-4	0	32	0	-1	0	1	1	0	0	0
1	0	13	1	1	0	1	1	0	1	1	2	1	1	1	3	-1	1	0	2	2	3	3	0	0	5	5	0	0	1	1	1	1	0	0
1	0	14	1	1	0	1	1	1	1	2	2	3	1	2	3	-1	1	0	2	3	4	3	0	5	12	5	0	1	1	1	1	0	0	0
1	0	15	1	1	0	1	1	2	1	3	2	5	1	3	3	-1	1	0	2	4	5	3	0	12	21	5	0	1	1	1	1	0	0	0
1	0	16	1	1	0	1	2	1	3	2	5	3	3	2	16	-9	9	-5	2	4	7	11	0	12	45	117	0	1	1	1	1	0	0	0
1	0	17	1	1	0	1	0	1	-1	2	-1	3	-1	2	2	1	1	1	2	2	1	3	0	0	-3	5	0	0	-1	1	1	1	0	0
1	0	18	1	1	0	1	1	0	2	1	3	1	2	1	7	-2	4	-1	2	2	4	6	0	0	12	32	0	0	1	1	1	1	0	0
1	0	19	1	1	0	1	1	1	2	3	3	4	2	3	7	-2	4	-1	2	4	6	6	0	12	32	32	0	1	1	1	1	0	0	0
1	0	20	1	1	0	1	1	0	3	1	4	1	3	1	13	-3	9	-2	2	2	5	11	0	0	21	117	0	0	1	1	1	1	0	0
1	0	21	1	1	0	1	1	-1	2	-1	3	-2	2	-1	7	-2	4	-1	2	0	2	6	0	-4	0	32	0	-1	0	1	1	0	1	0
1	0	22	1	1	0	1	1	-1	1	0	2	-1	1	0	3	-1	1	0	2	1	2	3	0	-3	0	5	0	-1	0	1	1	0	1	0
1	0	23	1	1	0	1	0	-1	1	0	1	-1	1	0	2	1	1	1	2	0	1	3	0	-4	-3	5	0	-1	-1	1	1	0	0	0
1	0	24	1	1	0	1	1	-2	1	-1	2	-3	1	-1	3	-1	1	0	2	0	1	3	0	-4	-3	5	0	-1	-1	1	1	0	0	0
1	0	25	1	1	0	1	2	-1	1	0	3	-1	1	0	4	-5	1	-1	2	2	3	3	0	0	5	5	0	0	1	1	1	1	0	0
1	0	26	1	1	0	1	1	-1	0	1	1	0	0	1	1	0	0	1	2	2	2	2	0	0	0	0	0	0	0	0	1	1	2	2
1	0	27	1	1	0	1	0	-1	1	1	1	0	1	1	2	1	1	1	2	1	2	3	0	-3	0	5	0	-1	0	1	1	0	1	0
1	0	28	1	1	0	1	0	-1	1	2	1	1	1	2	2	1	1	1	2	2	3	3	0	0	5	5	0	0	1	1	1	1	0	0
1	0	29	1	1	0	1	-1	-1	2	1	1	0	2	1	3	2	4	3	2	0	2	6	0	-4	0	32	0	-1	0	1	1	0	1	0
1	0	30	1	1	0	1	0	-1	1	0	1	-1	1	0	2	1	1	1	2	0	1	3	0	-4	-3	5	0	-1	-1	1	1	0	0	0
1	0	31	1	1	0	1	1	-2	0	1	1	-1	0	1	1	0	0	1	2	2	2	2	0	0	0	0	0	0	0	0	1	1	1	2
1	0	32	1	1	0	1	-1	-2	1	1	0	-1	1	1	1	1	1	2	2	0	1	3	0	-4	-3	5	0	-1	-1	1	1	0	0	0
1	0	33	1	1	0	1	1	-3	0	1	1	-2	0	1	1	0	0	1	2	2	2	2	0	0	0	0	0	0	0	0	1	1	1	2
1	0	34	1	1	0	1	3	-2	-1	1	2	-1	-1	1	-1	-5	1	4	2	4	3	3	0	12	5	5	0	1	1	1	1	0	0	0
1	0	35	1	1	0	1	2	-1	-1	1	1	0	-1	1	0	-1	1	3	2	3	2	3	0	5	0	5	0	1	0	1	1	0	1	0
1	0	36	1	1	0	1	2	1	-1	0	1	1	-1	0	0	-1	1	3	2	2	1	3	0	0	-3	5	0	0	-1	1	1	1	0	0
1	0	37	1	1	0	1	2	-3	-1	2	1	-1	-1	2	0	-1	1	3	2	4	3	3	0	12	5	5	0	1	1	1	1	0	0	0
1	0	38	1	1	0	1	3	-1	-2	1	1	0	-2	1	-1	-2	4	7	2	4	2	6	0	12	0	32	0	1	0	1	1	0	1	0
1	0	39	1	1	0	1	1	0	-1	1	0	1	-1	1	1	1	1	2	2	2	1	3	0	0	-3	5	0	0	-1	1	1	1	0	0
1	0	40	1	1	0	1	1	1	-1	0	0	1	-1	0	1	1	1	2	2	1	0	3	0	-3	-4	5	0	-1	-1	1	1	0	0	0
1	0	41	1	1	0	1	1	2	-1	-1	0	1	-1	-1	1	1	1	2	2	0	-1	3	0	-4	-3	5	0	-1	-1	1	1	0	0	0
1	0	42	1	1	0	1	2	1	-1	0	1	1	-1	0	0	-1	1	3	2	2	1	3	0	0	-3	5	0	0	-1	1	1	1	0	0
1	0	43	1	1	0	1	0	1	-1	0	-1	1	-1	0	2	1	1	1	2	0	-1	3	0	-4	-3	5	0	-1	-1	1	1	0	0	0
1	0	44	1	1	0	1	1	-1	-1	2	0	1	-1	2	1	1	1	2	2	3	2	3	0	5	0	5	0	1	0	1	1	0	1	0
1	0	45	1	1	0	1	0	-1	1	2	1	1	1	2	2	1	1	1	2	2	3	3	0	0	5	5	0	0	1	1	1	1	0	0
1	0	46	1	1	0	1	1	-2	-1	3	0	1	-1	3	1	1	1	2	2	4	3	3	0	12	5	5	0	1	1	1	1	0	0	0
1	0	47	1	1	0	1	2	-1	-3	2	-1	1	-3	2	4	3	9	7	2	4	1	11	0	12	-3	117	0	1	-1	1	1	0	0	0
1	0	48	1	1	0	1	1	0	-2	1	-1	1	-2	1	3	2	4	3	2	2	0	6	0	0	-4	32	0	0	-1	1	1	1	0	0
1	0	49	1	1	0	1	1	1	-2	-1	-1	0	-2	-1	3	2	4	3	2	0	-2	6	0	-4	0	32	0	-1	0	1	1	0	0	0
1	0	50	1	1	0	1	1	-1	-2	3	-1	2	-2	3	3	2	4	3	2	4	2	6	0	12	0	32	0	1	0	1	1	0	1	0
1	0	51	1	1	0	1	1	0	-3	1	-2	1	-3	1	7	3	9	4	2	2	-1	11	0	0	-3	117	0	0	-1	1	1	1	0	0
1	1	0	1	2	0	1	1	1	0	1	1	3	0	1	1	0	0	1	2	2	2	2	0	0	0	0	0	0	0	0	1	1	1	2
1	1	1	1	2	0	1	1	2	0	1	1	4	0	1	1	0	0	1	2	2	2	2	0	0	0	0	0	0	0	0	1	1	1	2
1	1	2	1	2	0	1	1	3	0	1	1	5	0	1	1	0	0	1	2	2	2	2	0	0	0	0	0	0	0	0	1	1	1	2
1	1	3	1	2	0	1	3	2	1	1	5	4	1	1	11	-28	2	-5	2	4	6	6	0	12	32	32	0	1	1	1	1	0	0	0
1	1	4	1	2	0	1	-1	2	-1	1	-3	4	-1	1	7	-4	2	-1	2	0	-2	6	0	-4	0	32	0	-1	0	1	1	0	0	0
1	1	5	1	2	0	1	2	1	1	1	4	3	1	1	9	-14	2	-3	2	3	5	6	0	5	21	32	0	1	1	1	1	0	0	0
1	1	6	1	2	0	1	2	3	1	2	4	7	1	2	9	-14	2	-3	2	4	6	6	0	12	32	32	0	1	1	1	1	0	0	0
1	1	7	1	2	0	1	3	1	2	1	7	3	2	1	29	-40	8	-11	2	4	8	18	0	12	60	320	0	1	1	1	1	0	0	0
1	1	8	1	2	0	1	2	-1	1	0	4	-1	1	0	9	-14	2	-3	2	2	4	6	0	0	12	32	0	0	1	1	1	1	0	0
1	1	9	1	2	0	1	0	1	-1	1	-2	3	-1	1	5	2	2	1	2	1	-1	6	0	-3	-3	32	0	-1	-1	1	1	0	0	0
1	1	10	1	2	0	1	0	1	-1	0	-2	1	-1	0	5	2	2	1	2	0	-2	6	0	-4	0	32	0	-1	0	1	1	0	0	0
1	1	11	1	2	0	1	0	1	-1	2	-2	5	-1	2	5	2	2	1	2	2	0	6	0	0	-4	32	0	0	-1	1	1	1	0	0
1	1	12	1	2	0	1	-1	1	-2	1	-5	3	-2	1	21	-8	8	-3	2	0	-4	18	0	-4	12	320	0	-1	1	1	1	0	0	0
1	1	13	1	2	0	1	1	0	1	1	3	2	1	1	7	-4	2	-1	2	2	4	6	0	0	12	32	0	0	1	1	1	1	0	0
1	1	14	1	2	0	1	1	1	1	2	3	5	1	2	7	-4	2	-1	2	3	5	6	0	5	21	32	0	1	1	1	1	0	0	0
1	1	15	1	2	0	1	1	2	1	3	3	8	1	3	7	-4	2	-1	2	4	6	6	0	12	32	32	0	1	1	1	1	0	0	0
1	1	16	1	2	0	1	2	1	3	2	8	5	3	2	49	-30	18	-11	2	4	10	38	0	12	96	1440	0	1	1	1	1	0	0	0
1	1	17	1	2	0	1	0	1	-1	2	-2	5	-1	2	5	2	2	1	2	2	0	6	0	0	-4	32	0	0	-1	1	1	1	0	0
1	1	18	1	2	0	1	1	0	2	1	5	2	2	1	21	-8	8	-3	2	2	6	18	0	0	32	320	0	0	1	1	1	1	0	0
1	1	19	1	2	0	1	1	1	2	3	5	7	2	3	21	-8	8	-3	2	4	8	18	0	12	60	320	0	1	1	1	1	0	0	0
1	1	20	1	2	0	1	1	0	3	1	7	2	3	1	43	-12	18	-5	2	2	8	38	0	0	60	1440	0	0	1	1	1	1	0	0
1	1	21	1	2	0	1	1	-1	2	-1	5	-3	2	-1	21	-8	8	-3	2	0	4	18	0	-4	12	320	0	-1	1	1	1	0	0	0
1	1	22	1	2	0	1	1	-1	1	0	3	-1	1	0	7	-4	2	-1	2	1	3	6	0	-3	5	32	0	-1	1	1	1	0	0	0
1	1	23	1	2	0	1	0	-1	1	0	2	-1	1	0	5	2	2	1	2	0	2	6	0	-4	0	32	0	-1	0	1	1	0	1	0
1	1	24	1	2	0	1	1	-2	1	-1	3	-4	1	-1	7	-4	2	-1	2	0	2	6	0	-4	0	32	0	-1	0	1	1	0	1	0
1	1	25	1	2	0	1	2	-1	1	0	4	-1	1	0	9	-14	2	-3	2	2	4	6	0	0	12	32	0	0	1	1	1	1	0	0
1	1	26	1	2	0	1	1	-1	0	1	1	1	0	1	1	0	0	1	2	2	2	2	0	0	0	0	0	0	0	0	1	1	1	2
1	1	27	1	2	0	1	0	-1	1	1	2	1	1	1	5	2	2	1	2	1	3	6	0	-3	5	32	0	-1	1	1	1	0	0	0
1	1	28	1	2	0	1	0	-1	1	2	2	3	1	2	5	2	2	1	2	2	4	6	0	0	12	32	0	0	1	1	1	1	0	0
1	1	29	1	2	0	1	-1	-1	2	1	3	1	2	1	13	8	8	5	2	0	4	18	0	-4	12	320	0	-1	1	1	1	0	0	0
1	1	30	1	2	0	1	0	-1	1	0	2	-1	1	0	5	2	2	1	2	0	2	6	0	-4	0	32	0	-1	0	1	1	0	1	0
1	1	31	1	2	0	1	1	-2	0	1	1	0	0	1	1	0	0	1	2	2	2	2	0	0	0	0	0	0	0	0	1	1	2	2
1	1	32	1	2	0	1	-1	-2	1	1	1	0	1	1	3	4	2	3	2	0	2	6	0	-4	0	32	0	-1	0	1	1	0	1	0
1	1	33	1	2	0	1	1	-3	0	1	1	-1	0	1	1	0	0	1	2	2	2	2	0	0	0	0	0	0	0	0	1	1	1	2
1	1	34	1	2	0	1	3	-2	-1	1	1	0	-1	1	-1	-4	2	7	2	4	2	6	0	12	0	32	0	1	0	1	1	0	1	0
1	1	35	1	2	0	1	2	-1	-1	1	0	1	-1	1	1	2	2	5	2	3	1	6	0	5	-3	32	0	1	-1	1	1	0	0	0
1	1	36	1	2	0	1	2	1	-1	0	0	1	-1	0	1	2	2	5	2	2	0	6	0	0	-4	32	0	0	-1	1	1	1	0	0
1	1	37	1	2	0	1	2	-3	-1	2	0	1	-1	2	1	2	2	5	2	4	2	6	0	12	0	32	0	1	0	1	1	0	1	0
1	1	38	1	2	0	1	3	-1	-2	1	-1	1	-2	1	5	8	8	13	2	4	0	18	0	12	-4	320	0	1	-1	1	1	0	0	0
1	1	39	1	2	0	1	1	0	-1	1	-1	2	-1	1	3	4	2	3	2	2	0	6	0	0	-4	32	0	0	-1	1	1	1	0	0
1	1	40	1	2	0	1	1	1	-1	0	-1	1	-1	0	3	4	2	3	2	1	-1	6	0	-3	-3	32	0	-1	-1	1	1	0	0	0
1	1	41	1	2	0	1	1	2	-1	-1	-1	0	-1	-1	3	4	2	3	2	0	-2	6	0	-4	0	32	0	-1	0	1	1	0	0	0
1	1	42	1	2	0	1	2	1	-1	0	0	1	-1	0	1	2	2	5	2	2	0	6	0	0	-4	32	0	0	-1	1	1	1	0	0
1	1	43	1	2	0	1	0	1	-1	0	-2	1	-1	0	5	2	2	1	2	0	-2	6	0	-4	0	32	0	-1	0	1	1	0	0	0
1	1	44	1	2	0	1	1	-1	-1	2	-1	3	-1	2	3	4	2	3	2	3	1	6	0	5	-3	32	0	1	-1	1	1	0	0	0
1	1	45	1	2	0	1	0	-1	1	2	2	3	1	2	5	2	2	1	2	2	4	6	0	0	12	32	0	0	1	1	1	1	0	0
1	1	46	1	2	0	1	1	-2	-1	3	-1	4	-1	3	3	4	2	3	2	4	2	6	0	12	0	32	0	1	0	1	1	0	1	0
1	1	47	1	2	0	1	2	-1	-3	2	-4	3	-3	2	25	18	18	13	2	4	-2	38	0	12	0	1440	0	1	0	1	1	0	0	0
1	1	48	1	2	0	1	1	0	-2	1	-3	2	-2	1	13	8	8	5	2	2	-2	18	0	0	0	320	0	0	0	1	1	1	0	0
1	1	49	1	2	0	1	1	1	-2	-1	-3	-1	-2	-1	13	8	8	5	2	0	-4	18	0	-4	12	320	0	-1	1	1	1	0	0	0
1	1	50	1	2	0	1	1	-1	-2	3	-3	5	-2	3	13	8	8	5	2	4	0	18	0	12	-4	320	0	1	-1	1	1	0	0	0
1	1	51	1	2	0	1	1	0	-3	1	-5	2	-3	1	31	12	18	7	2	2	-4	38	0	0	12	1440	0	0	1	1	1	1	0	0
1	2	0	1	3	0	1	1	1	0	1	1	4	0	1	1	0	0	1	2	2	2	2	0	0	0	0	0	0	0	0	1	1	1	2
1	2	1	1	3	0	1	1	2	0	1	1	5	0	1	1	0	0	1	2	2	2	2	0	0	0	0	0	0	0	0	1	1	1	2
1	2	2	1	3	0	1	1	3	0	1	1	6	0	1	1	0	0	1	2	2	2	2	0	0	0	0	0	0	0	0	1	1	1	2
1	2	3	1	3	0	1	3	2	1	1	6	5	1	1	19	-51	3	-8	2	4	7	11	0	12	45	117	0	1	1	1	1	0	0	0
1	2	4	1	3	0	1	-1	2	-1	1	-4	5	-1	1	13	-9	3	-2	2	0	-3	11	0	-4	5	117	0	-1	1	1	1	0	0	0
1	2	5	1	3	0	1	2	1	1	1	5	4	1	1	16	-27	3	-5	2	3	6	11	0	5	32	117	0	1	1	1	1	0	0	0
1	2	6	1	3	0	1	2	3	1	2	5	9	1	2	16	-27	3	-5	2	4	7	11	0	12	45	117	0	1	1	1	1	0	0	0
1	2	7	1	3	0	1	3	1	2	1	9	4	2	1	55	-78	12	-17	2	4	10	38	0	12	96	1440	0	1	1	1	1	0	0	0
1	2	8	1	3	0	1	2	-1	1	0	5	-1	1	0	16	-27	3	-5	2	2	5	11	0	0	21	117	0	0	1	1	1	1	0	0
1	2	9	1	3	0	1	0	1	-1	1	-3	4	-1	1	10	3	3	1	2	1	-2	11	0	-3	0	117	0	-1	0	1	1	0	0	0
1	2	10	1	3	0	1	0	1	-1	0	-3	1	-1	0	10	3	3	1	2	0	-3	11	0	-4	5	117	0	-1	1	1	1	0	0	0
1	2	11	1	3	0	1	0	1	-1	2	-3	7	-1	2	10	3	3	1	2	2	-1	11	0	0	-3	117	0	0	-1	1	1	1	0	0
1	2	12	1	3	0	1	-1	1	-2	1	-7	4	-2	1	43	-18	12	-5	2	0	-6	38	0	-4	32	1440	0	-1	1	1	1	0	0	0
1	2	13	1	3	0	1	1	0	1	1	4	3	1	1	13	-9	3	-2	2	2	5	11	0	0	21	117	0	0	1	1	1	1	0	0
1	2	14	1	3	0	1	1	1	1	2	4	7	1	2	13	-9	3	-2	2	3	6	11	0	5	32	117	0	1	1	1	1	0	0	0
1	2	15	1	3	0	1	1	2	1	3	4	11	1	3	13	-9	3	-2	2	4	7	11	0	12	45	117	0	1	1	1	1	0	0	0
1	2	16	1	3	0	1	2	1	3	2	11	7	3	2	100	-63	27	-17	2	4	13	83	0	12	165	6885	0	1	1	1	1	0	0	0
1	2	17	1	3	0	1	0	1	-1	2	-3	7	-1	2	10	3	3	1	2	2	-1	11	0	0	-3	117	0	0	-1	1	1	1	0	0
1	2	18	1	3	0	1	1	0	2	1	7	3	2	1	43	-18	12	-5	2	2	8	38	0	0	60	1440	0	0	1	1	1	1	0	0
1	2	19	1	3	0	1	1	1	2	3	7	10	2	3	43	-18	12	-5	2	4	10	38	0	12	96	1440	0	1	1	1	1	0	0	0
1	2	20	1	3	0	1	1	0	3	1	10	3	3	1	91	-27	27	-8	2	2	11	83	0	0	117	6885	0	0	1	1	1	1	0	0
1	2	21	1	3	0	1	1	-1	2	-1	7	-4	2	-1	43	-18	12	-5	2	0	6	38	0	-4	32	1440	0	-1	1	1	1	0	0	0
1	2	22	1	3	0	1	1	-1	1	0	4	-1	1	0	13	-9	3	-2	2	1	4	11	0	-3	12	117	0	-1	1	1	1	0	0	0
1	2	23	1	3	0	1	0	-1	1	0	3	-1	1	0	10	3	3	1	2	0	3	11	0	-4	5	117	0	-1	1	1	1	0	0	0
1	2	24	1	3	0	1	1	-2	1	-1	4	-5	1	-1	13	-9	3	-2	2	0	3	11	0	-4	5	117	0	-1	1	1	1	0	0	0
1	2	25	1	3	0	1	2	-1	1	0	5	-1	1	0	16	-27	3	-5	2	2	5	11	0	0	21	117	0	0	1	1	1	1	0	0
1	2	26	1	3	0	1	1	-1	0	1	1	2	0	1	1	0	0	1	2	2	2	2	0	0	0	0	0	0	0	0	1	1	1	2
1	2	27	1	3	0	1	0	-1	1	1	3	2	1	1	10	3	3	1	2	1	4	11	0	-3	12	117	0	-1	1	1	1	0	0	0
1	2	28	1	3	0	1	0	-1	1	2	3	5	1	2	10	3	3	1	2	2	5	11	0	0	21	117	0	0	1	1	1	1	0	0
1	2	29	1	3	0	1	-1	-1	2	1	5	2	2	1	31	18	12	7	2	0	6	38	0	-4	32	1440	0	-1	1	1	1	0	0	0
1	2	30	1	3	0	1	0	-1	1	0	3	-1	1	0	10	3	3	1	2	0	3	11	0	-4	5	117	0	-1	1	1	1	0	0	0
1	2	31	1	3	0	1	1	-2	0	1	1	1	0	1	1	0	0	1	2	2	2	2	0	0	0	0	0	0	0	0	1	1	1	2
1	2	32	1	3	0	1	-1	-2	1	1	2	1	1	1	7	9	3	4	2	0	3	11	0	-4	5	117	0	-1	1	1	1	0	0	0
1	2	33	1	3	0	1	1	-3	0	1	1	0	0	1	1	0	0	1	2	2	2	2	0	0	0	0	0	0	0	0	1	1	2	2
1	2	34	1	3	0	1	3	-2	-1	1	0	1	-1	1	1	3	3	10	2	4	1	11	0	12	-3	117	0	1	-1	1	1	0	0	0
1	2	35	1	3	0	1	2	-1	-1	1	-1	2	-1	1	4	9	3	7	2	3	0	11	0	5	-4	117	0	1	-1	1	1	0	0	0
1	2	36	1	3	0	1	2	1	-1	0	-1	1	-1	0	4	9	3	7	2	2	-1	11	0	0	-3	117	0	0	-1	1	1	1	0	0
1	2	37	1	3	0	1	2	-3	-1	2	-1	3	-1	2	4	9	3	7	2	4	1	11	0	12	-3	117	0	1	-1	1	1	0	0	0
1	2	38	1	3	0	1	3	-1	-2	1	-3	2	-2	1	19	30	12	19	2	4	-2	38	0	12	0	1440	0	1	0	1	1	0	0	0
1	2	39	1	3	0	1	1	0	-1	1	-2	3	-1	1	7	9	3	4	2	2	-1	11	0	0	-3	117	0	0	-1	1	1	1	0	0
1	2	40	1	3	0	1	1	1	-1	0	-2	1	-1	0	7	9	3	4	2	1	-2	11	0	-3	0	117	0	-1	0	1	1	0	0	0
1	2	41	1	3	0	1	1	2	-1	-1	-2	-1	-1	-1	7	9	3	4	2	0	-3	11	0	-4	5	117	0	-1	1	1	1	0	0	0
1	2	42	1	3	0	1	2	1	-1	0	-1	1	-1	0	4	9	3	7	2	2	-1	11	0	0	-3	117	0	0	-1	1	1	1	0	0
1	2	43	1	3	0	1	0	1	-1	0	-3	1	-1	0	10	3	3	1	2	0	-3	11	0	-4	5	117	0	-1	1	1	1	0	0	0
1	2	44	1	3	0	1	1	-1	-1	2	-2	5	-1	2	7	9	3	4	2	3	0	11	0	5	-4	117	0	1	-1	1	1	0	0	0
1	2	45	1	3	0	1	0	-1	1	2	3	5	1	2	10	3	3	1	2	2	5	11	0	0	21	117	0	0	1	1	1	1	0	0
1	2	46	1	3	0	1	1	-2	-1	3	-2	7	-1	3	7	9	3	4	2	4	1	11	0	12	-3	117	0	1	-1	1	1	0	0	0
1	2	47	1	3	0	1	2	-1	-3	2	-7	5	-3	2	64	45	27	19	2	4	-5	83	0	12	21	6885	0	1	1	1	1	0	0	0
1	2	48	1	3	0	1	1	0	-2	1	-5	3	-2	1	31	18	12	7	2	2	-4	38	0	0	12	1440	0	0	1	1	1	1	0	0
1	2	49	1	3	0	1	1	1	-2	-1	-5	-2	-2	-1	31	18	12	7	2	0	-6	38	0	-4	32	1440	0	-1	1	1	1	0	0	0
1	2	50	1	3	0	1	1	-1	-2	3	-5	8	-2	3	31	18	12	7	2	4	-2	38	0	12	0	1440	0	1	0	1	1	0	0	0
1	2	51	1	3	0	1	1	0	-3	1	-8	3	-3	1	73	27	27	10	2	2	-7	83	0	0	45	6885	0	0	1	1	1	1	0	0
1	3	0	3	2	1	1	1	1	0	1	3	5	1	2	-2	11	-1	5	4	2	5	3	12	0	21	5	1	0	1	1	0	1	0	0
1	3	1	3	2	1	1	1	2	0	1	3	8	1	3	-5	28	-2	11	4	2	6	6	12	0	32	32	1	0	1	1	0	1	0	0
1	3	2	3	2	1	1	1	3	0	1	3	11	1	4	-8	51	-3	19	4	2	7	11	12	0	45	117	1	0	1	1	0	1	0	0
1	3	3	3	2	1	1	3	2	1	1	11	8	4	3	1	0	0	1	4	4	14	2	12	12	192	0	1	1	1	0	0	0	0	2
1	3	4	3	2	1	1	-1	2	-1	1	-5	8	-2	3	21	-8	8	-3	4	0	-2	18	12	-4	0	320	1	-1	0	1	0	0	0	0
1	3	5	3	2	1	1	2	1	1	1	8	5	3	2	4	-5	1	-1	4	3	10	3	12	5	96	5	1	1	1	1	0	0	0	0
1	3	6	3	2	1	1	2	3	1	2	8	13	3	5	-33	61	-13	24	4	4	13	-9	12	12	165	77	1	1	1	1	0	0	0	0
1	3	7	3	2	1	1	3	1	2	1	13	5	5	2	30	-41	11	-15	4	4	15	15	12	12	221	221	1	1	1	1	0	0	0	0
1	3	8	3	2	1	1	2	-1	1	0	8	-3	3	-1	25	-39	9	-14	4	2	7	11	12	0	45	117	1	0	1	1	0	1	0	0
1	3	9	3	2	1	1	0	1	-1	1	-2	5	-1	2	12	7	5	3	4	1	0	15	12	-3	-4	221	1	-1	-1	1	0	0	0	0
1	3	10	3	2	1	1	0	1	-1	0	-2	3	-1	1	13	5	5	2	4	0	-1	15	12	-4	-3	221	1	-1	-1	1	0	0	0	0
1	3	11	3	2	1	1	0	1	-1	2	-2	7	-1	3	7	9	3	4	4	2	1	11	12	0	-3	117	1	0	-1	1	0	1	0	0
1	3	12	3	2	1	1	-1	1	-2	1	-7	5	-3	2	46	-17	19	-7	4	0	-5	39	12	-4	21	1517	1	-1	1	1	0	0	0	0
1	3	13	3	2	1	1	1	0	1	1	5	2	2	1	7	-4	2	-1	4	2	6	6	12	0	32	32	1	0	1	1	0	1	0	0
1	3	14	3	2	1	1	1	1	1	2	5	7	2	3	-15	13	-7	6	4	3	8	-9	12	5	60	77	1	1	1	1	0	0	0	0
1	3	15	3	2	1	1	1	2	1	3	5	12	2	5	-47	40	-20	17	4	4	10	-30	12	12	96	896	1	1	1	1	0	0	0	0
1	3	16	3	2	1	1	2	1	3	2	12	7	5	3	19	-11	7	-4	4	4	15	15	12	12	221	221	1	1	1	1	0	0	0	0
1	3	17	3	2	1	1	0	1	-1	2	-2	7	-1	3	7	9	3	4	4	2	1	11	12	0	-3	117	1	0	-1	1	0	1	0	0
1	3	18	3	2	1	1	1	0	2	1	7	2	3	1	21	-8	8	-3	4	2	8	18	12	0	60	320	1	0	1	1	0	1	0	0
1	3	19	3	2	1	1	1	1	2	3	7	9	3	4	-32	15	-15	7	4	4	11	-25	12	12	117	621	1	1	1	1	0	0	0	0
1	3	20	3	2	1	1	1	0	3	1	9	2	4	1	43	-12	18	-5	4	2	10	38	12	0	96	1440	1	0	1	1	0	1	0	0
1	3	21	3	2	1	1	1	-1	2	-1	7	-5	3	-2	46	-17	19	-7	4	0	5	39	12	-4	21	1517	1	-1	1	1	0	0	0	0
1	3	22	3	2	1	1	1	-1	1	0	5	-3	2	-1	19	-11	7	-4	4	1	4	15	12	-3	12	221	1	-1	1	1	0	0	0	0
1	3	23	3	2	1	1	0	-1	1	0	2	-3	1	-1	13	5	5	2	4	0	1	15	12	-4	-3	221	1	-1	-1	1	0	0	0	0
1	3	24	3	2	1	1	1	-2	1	-1	5	-8	2	-3	21	-8	8	-3	4	0	2	18	12	-4	0	320	1	-1	0	1	0	0	1	0
1	3	25	3	2	1	1	2	-1	1	0	8	-3	3	-1	25	-39	9	-14	4	2	7	11	12	0	45	117	1	0	1	1	0	1	0	0
1	3	26	3	2	1	1	1	-1	0	1	3	-1	1	0	4	-5	1	-1	4	2	3	3	12	0	5	5	1	0	1	1	0	1	0	0
1	3	27	3	2	1	1	0	-1	1	1	2	-1	1	0	10	3	3	1	4	1	2	11	12	-3	0	117	1	-1	0	1	0	0	1	0
1	3	28	3	2	1	1	0	-1	1	2	2	1	1	1	3	1	-1	0	4	2	3	3	12	0	5	5	1	0	1	1	0	1	0	0
1	3	29	3	2	1	1	-1	-1	2	1	1	-1	1	0	12	7	5	3	4	0	1	15	12	-4	-3	221	1	-1	-1	1	0	0	0	0
1	3	30	3	2	1	1	0	-1	1	0	2	-3	1	-1	13	5	5	2	4	0	1	15	12	-4	-3	221	1	-1	-1	1	0	0	0	0
1	3	31	3	2	1	1	1	-2	0	1	3	-4	1	-1	7	-4	2	-1	4	2	2	6	12	0	0	32	1	0	0	1	0	1	1	0
1	3	32	3	2	1	1	-1	-2	1	1	-1	-4	0	-1	13	16	4	5	4	0	-2	18	12	-4	0	320	1	-1	0	1	0	0	0	0
1	3	33	3	2	1	1	1	-3	0	1	3	-7	1	-2	10	3	3	1	4	2	1	11	12	0	-3	117	1	0	-1	1	0	1	0	0
1	3	34	3	2	1	1	3	-2	-1	1	7	-4	2	-1	-15	-56	-4	-15	4	4	6	-30	12	12	32	896	1	1	1	1	0	0	0	0
1	3	35	3	2	1	1	2	-1	-1	1	4	-1	1	0	-6	-17	-1	-3	4	3	4	-9	12	5	12	77	1	1	1	1	0	0	0	0
1	3	36	3	2	1	1	2	1	-1	0	4	3	1	1	1	1	1	2	4	2	5	3	12	0	21	5	1	0	1	1	0	1	0	0
1	3	37	3	2	1	1	2	-3	-1	2	4	-5	1	-1	-5	-19	-1	-4	4	4	3	-9	12	12	5	77	1	1	1	1	0	0	0	0
1	3	38	3	2	1	1	3	-1	-2	1	5	-1	1	0	-20	-33	-3	-5	4	4	5	-25	12	12	21	621	1	1	1	1	0	0	0	0
1	3	39	3	2	1	1	1	0	-1	1	1	2	0	1	3	4	2	3	4	2	2	6	12	0	0	32	1	0	0	1	0	1	1	0
1	3	40	3	2	1	1	1	1	-1	0	1	3	0	1	7	9	3	4	4	1	2	11	12	-3	0	117	1	-1	0	1	0	0	1	0
1	3	41	3	2	1	1	1	2	-1	-1	1	4	0	1	13	16	4	5	4	0	2	18	12	-4	0	320	1	-1	0	1	0	0	1	0
1	3	42	3	2	1	1	2	1	-1	0	4	3	1	1	1	1	1	2	4	2	5	3	12	0	21	5	1	0	1	1	0	1	0	0
1	3	43	3	2	1	1	0	1	-1	0	-2	3	-1	1	13	5	5	2	4	0	-1	15	12	-4	-3	221	1	-1	-1	1	0	0	0	0
1	3	44	3	2	1	1	1	-1	-1	2	1	1	0	1	1	1	1	2	4	3	2	3	12	5	0	5	1	1	0	1	0	0	1	0
1	3	45	3	2	1	1	0	-1	1	2	2	1	1	1	3	1	-1	0	4	2	3	3	12	0	5	5	1	0	1	1	0	1	0	0
1	3	46	3	2	1	1	1	-2	-1	3	1	0	0	1	1	0	0	1	4	4	2	2	12	12	0	0	1	1	0	0	0	0	2	2
1	3	47	3	2	1	1	2	-1	-3	2	0	1	-1	1	7	5	11	8	4	4	1	15	12	12	-3	221	1	1	-1	1	0	0	0	0
1	3	48	3	2	1	1	1	0	-2	1	-1	2	-1	1	13	8	8	5	4	2	0	18	12	0	-4	320	1	0	-1	1	0	1	0	0
1	3	49	3	2	1	1	1	1	-2	-1	-1	1	-1	0	12	7	5	3	4	0	-1	15	12	-4	-3	221	1	-1	-1	1	0	0	0	0
1	3	50	3	2	1	1	1	-1	-2	3	-1	3	-1	2	10	7	7	5	4	4	1	15	12	12	-3	221	1	1	-1	1	0	0	0	0
1	3	51	3	2	1	1	1	0	-3	1	-3	2	-2	1	31	12	18	7	4	2	-2	38	12	0	0	1440	1	0	0	1	0	1	0	0
1	4	0	-1	2	-1	1	1	1	0	1	-1	1	-1	0	0	1	-1	3	0	2	-1	3	-4	0	-3	5	-1	0	-1	1	0	1	0	0
1	4	1	-1	2	-1	1	1	2	0	1	-1	0	-1	-1	-1	4	-2	7	0	2	-2	6	-4	0	0	32	-1	0	0	1	0	1	0	0
1	4	2	-1	2	-1	1	1	3	0	1	-1	-1	-1	-2	-2	9	-3	13	0	2	-3	11	-4	0	5	117	-1	0	1	1	0	1	0	0
1	4	3	-1	2	-1	1	3	2	1	1	-1	0	-2	-1	-3	8	-8	21	0	4	-2	18	-4	12	0	320	-1	1	0	1	0	0	0	0
1	4	4	-1	2	-1	1	-1	2	-1	1	-1	0	0	-1	1	0	0	1	0	0	-2	2	-4	-4	0	0	-1	-1	0	0	0	0	0	2
1	4	5	-1	2	-1	1	2	1	1	1	0	1	-1	0	2	-3	-3	5	0	3	0	7	-4	5	-4	45	-1	1	-1	1	0	0	0	0
1	4	6	-1	2	-1	1	2	3	1	2	0	1	-1	-1	3	-5	-7	12	0	4	-1	15	-4	12	-3	221	-1	1	-1	1	0	0	0	0
1	4	7	-1	2	-1	1	3	1	2	1	1	1	-1	0	8	-11	-5	7	0	4	1	15	-4	12	-3	221	-1	1	-1	1	0	0	0	0
1	4	8	-1	2	-1	1	2	-1	1	0	0	1	-1	1	1	-1	-1	2	0	2	1	3	-4	0	-3	5	-1	0	-1	1	0	1	0	0
1	4	9	-1	2	-1	1	0	1	-1	1	-2	1	-1	0	2	1	1	1	0	1	-2	3	-4	-3	0	5	-1	-1	0	1	0	0	0	0
1	4	10	-1	2	-1	1	0	1	-1	0	-2	-1	-1	-1	5	3	3	2	0	0	-3	7	-4	-4	5	45	-1	-1	1	1	0	0	0	0
1	4	11	-1	2	-1	1	0	1	-1	2	-2	3	-1	1	3	-1	1	0	0	2	-1	3	-4	0	-3	5	-1	0	-1	1	0	1	0	0
1	4	12	-1	2	-1	1	-1	1	-2	1	-3	1	-1	0	8	-3	3	-1	0	0	-3	7	-4	-4	5	45	-1	-1	1	1	0	0	0	0
1	4	13	-1	2	-1	1	1	0	1	1	1	2	0	1	7	-4	2	-1	0	2	2	6	-4	0	0	32	-1	0	0	1	0	1	1	0
1	4	14	-1	2	-1	1	1	1	1	2	1	3	0	1	13	-9	3	-2	0	3	2	11	-4	5	0	117	-1	1	0	1	0	0	1	0
1	4	15	-1	2	-1	1	1	2	1	3	1	4	0	1	21	-16	4	-3	0	4	2	18	-4	12	0	320	-1	1	0	1	0	0	1	0
1	4	16	-1	2	-1	1	2	1	3	2	4	3	1	1	47	-29	13	-8	0	4	5	39	-4	12	21	1517	-1	1	1	1	0	0	0	0
1	4	17	-1	2	-1	1	0	1	-1	2	-2	3	-1	1	3	-1	1	0	0	2	-1	3	-4	0	-3	5	-1	0	-1	1	0	1	0	0
1	4	18	-1	2	-1	1	1	0	2	1	3	2	1	1	21	-8	8	-3	0	2	4	18	-4	0	12	320	-1	0	1	1	0	1	0	0
1	4	19	-1	2	-1	1	1	1	2	3	3	5	1	2	46	-19	17	-7	0	4	5	39	-4	12	21	1517	-1	1	1	1	0	0	0	0
1	4	20	-1	2	-1	1	1	0	3	1	5	2	2	1	43	-12	18	-5	0	2	6	38	-4	0	32	1440	-1	0	1	1	0	1	0	0
1	4	21	-1	2	-1	1	1	-1	2	-1	3	-1	1	0	8	-3	3	-1	0	0	3	7	-4	-4	5	45	-1	-1	1	1	0	0	0	0
1	4	22	-1	2	-1	1	1	-1	1	0	1	1	0	1	3	-1	1	0	0	1	2	3	-4	-3	0	5	-1	-1	0	1	0	0	1	0
1	4	23	-1	2	-1	1	0	-1	1	0	2	1	1	1	5	3	3	2	0	0	3	7	-4	-4	5	45	-1	-1	1	1	0	0	0	0
1	4	24	-1	2	-1	1	1	-2	1	-1	1	0	0	1	1	0	0	1	0	0	2	2	-4	-4	0	0	-1	-1	0	0	0	0	2	2
1	4	25	-1	2	-1	1	2	-1	1	0	0	1	-1	1	1	-1	-1	2	0	2	1	3	-4	0	-3	5	-1	0	-1	1	0	1	0	0
1	4	26	-1	2	-1	1	1	-1	0	1	-1	3	-1	2	2	1	1	1	0	2	1	3	-4	0	-3	5	-1	0	-1	1	0	1	0	0
1	4	27	-1	2	-1	1	0	-1	1	1	2	3	1	2	12	5	7	3	0	1	4	15	-4	-3	12	221	-1	-1	1	1	0	0	0	0
1	4	28	-1	2	-1	1	0	-1	1	2	2	5	1	3	23	7	13	4	0	2	5	27	-4	0	21	725	-1	0	1	1	0	1	0	0
1	4	29	-1	2	-1	1	-1	-1	2	1	5	3	3	2	34	21	21	13	0	0	7	47	-4	-4	45	2205	-1	-1	1	1	0	0	0	0
1	4	30	-1	2	-1	1	0	-1	1	0	2	1	1	1	5	3	3	2	0	0	3	7	-4	-4	5	45	-1	-1	1	1	0	0	0	0
1	4	31	-1	2	-1	1	1	-2	0	1	-1	4	-1	3	3	4	2	3	0	2	2	6	-4	0	0	32	-1	0	0	1	0	1	1	0
1	4	32	-1	2	-1	1	-1	-2	1	1	3	4	2	3	17	24	12	17	0	0	6	34	-4	-4	32	1152	-1	-1	1	1	0	0	0	0
1	4	33	-1	2	-1	1	1	-3	0	1	-1	5	-1	4	4	9	3	7	0	2	3	11	-4	0	5	117	-1	0	1	1	0	1	0	0
1	4	34	-1	2	-1	1	3	-2	-1	1	-5	4	-4	3	5	16	4	13	0	4	-2	18	-4	12	0	320	-1	1	0	1	0	0	0	0
1	4	35	-1	2	-1	1	2	-1	-1	1	-4	3	-3	2	4	9	3	7	0	3	-2	11	-4	5	0	117	-1	1	0	1	0	0	0	0
1	4	36	-1	2	-1	1	2	1	-1	0	-4	-1	-3	-1	9	23	7	18	0	2	-5	27	-4	0	21	725	-1	0	1	1	0	1	0	0
1	4	37	-1	2	-1	1	2	-3	-1	2	-4	7	-3	5	7	11	5	8	0	4	1	15	-4	12	-3	221	-1	1	-1	1	0	0	0	0
1	4	38	-1	2	-1	1	3	-1	-2	1	-7	3	-5	2	18	29	13	21	0	4	-5	39	-4	12	21	1517	-1	1	1	1	0	0	0	0
1	4	39	-1	2	-1	1	1	0	-1	1	-3	2	-2	1	3	4	2	3	0	2	-2	6	-4	0	0	32	-1	0	0	1	0	1	0	0
1	4	40	-1	2	-1	1	1	1	-1	0	-3	-1	-2	-1	7	11	5	8	0	1	-4	15	-4	-3	12	221	-1	-1	1	1	0	0	0	0
1	4	41	-1	2	-1	1	1	2	-1	-1	-3	-4	-2	-3	17	24	12	17	0	0	-6	34	-4	-4	32	1152	-1	-1	1	1	0	0	0	0
1	4	42	-1	2	-1	1	2	1	-1	0	-4	-1	-3	-1	9	23	7	18	0	2	-5	27	-4	0	21	725	-1	0	1	1	0	1	0	0
1	4	43	-1	2	-1	1	0	1	-1	0	-2	-1	-1	-1	5	3	3	2	0	0	-3	7	-4	-4	5	45	-1	-1	1	1	0	0	0	0
1	4	44	-1	2	-1	1	1	-1	-1	2	-3	5	-2	3	5	3	3	2	0	3	0	7	-4	5	-4	45	-1	1	-1	1	0	0	0	0
1	4	45	-1	2	-1	1	0	-1	1	2	2	5	1	3	23	7	13	4	0	2	5	27	-4	0	21	725	-1	0	1	1	0	1	0	0
1	4	46	-1	2	-1	1	1	-2	-1	3	-3	8	-2	5	13	8	8	5	0	4	2	18	-4	12	0	320	-1	1	0	1	0	0	1	0
1	4	47	-1	2	-1	1	2	-1	-3	2	-8	5	-5	3	27	19	17	12	0	4	-5	39	-4	12	21	1517	-1	1	1	1	0	0	0	0
1	4	48	-1	2	-1	1	1	0	-2	1	-5	2	-3	1	13	8	8	5	0	2	-4	18	-4	0	12	320	-1	0	1	1	0	1	0	0
1	4	49	-1	2	-1	1	1	1	-2	-1	-5	-3	-3	-2	34	21	21	13	0	0	-7	47	-4	-4	45	2205	-1	-1	1	1	0	0	0	0
1	4	50	-1	2	-1	1	1	-1	-2	3	-5	7	-3	4	12	5	7	3	0	4	-1	15	-4	12	-3	221	-1	1	-1	1	0	0	0	0
1	4	51	-1	2	-1	1	1	0	-3	1	-7	2	-4	1	31	12	18	7	0	2	-6	38	-4	0	32	1440	-1	0	1	1	0	1	0	0
1	5	0	2	1	1	1	1	1	0	1	2	3	1	2	-1	5	-1	4	3	2	4	3	5	0	12	5	1	0	1	1	0	1	0	0
1	5	1	2	1	1	1	1	2	0	1	2	5	1	3	-3	14	-2	9	3	2	5	6	5	0	21	32	1	0	1	1	0	1	0	0
1	5	2	2	1	1	1	1	3	0	1	2	7	1	4	-5	27	-3	16	3	2	6	11	5	0	32	117	1	0	1	1	0	1	0	0
1	5	3	2	1	1	1	3	2	1	1	7	5	4	3	-1	5	-1	4	3	4	10	3	5	12	96	5	1	1	1	1	0	0	0	0
1	5	4	2	1	1	1	-1	2	-1	1	-3	5	-2	3	5	3	3	2	3	0	0	7	5	-4	-4	45	1	-1	-1	1	0	0	0	0
1	5	5	2	1	1	1	2	1	1	1	5	3	3	2	1	0	0	1	3	3	7	2	5	5	45	0	1	1	1	0	0	0	0	2
1	5	6	2	1	1	1	2	3	1	2	5	8	3	5	-17	31	-11	20	3	4	10	3	5	12	96	5	1	1	1	1	0	0	0	0
1	5	7	2	1	1	1	3	1	2	1	8	3	5	2	9	-11	5	-6	3	4	10	3	5	12	96	5	1	1	1	1	0	0	0	0
1	5	8	2	1	1	1	2	-1	1	0	5	-2	3	-1	9	-11	5	-6	3	2	4	3	5	0	12	5	1	0	1	1	0	1	0	0
1	5	9	2	1	1	1	0	1	-1	1	-1	3	-1	2	3	4	2	3	3	1	1	6	5	-3	-3	32	1	-1	-1	1	0	0	0	0
1	5	10	2	1	1	1	0	1	-1	0	-1	2	-1	1	5	3	3	2	3	0	0	7	5	-4	-4	45	1	-1	-1	1	0	0	0	0
1	5	11	2	1	1	1	0	1	-1	2	-1	4	-1	3	-1	5	-1	4	3	2	2	3	5	0	0	5	1	0	0	1	0	1	1	0
1	5	12	2	1	1	1	-1	1	-2	1	-4	3	-3	2	13	-3	9	-2	3	0	-2	11	5	-4	0	117	1	-1	0	1	0	0	0	0
1	5	13	2	1	1	1	1	0	1	1	3	1	2	1	3	-1	1	0	3	2	4	3	5	0	12	5	1	0	1	1	0	1	0	0
1	5	14	2	1	1	1	1	1	1	2	3	4	2	3	-7	6	-6	5	3	3	6	-2	5	5	32	0	1	1	1	0	0	0	0	0
1	5	15	2	1	1	1	1	2	1	3	3	7	2	5	-23	19	-17	14	3	4	8	-9	5	12	60	77	1	1	1	1	0	0	0	0
1	5	16	2	1	1	1	2	1	3	2	7	4	5	3	3	-1	1	0	3	4	10	3	5	12	96	5	1	1	1	1	0	0	0	0
1	5	17	2	1	1	1	0	1	-1	2	-1	4	-1	3	-1	5	-1	4	3	2	2	3	5	0	0	5	1	0	0	1	0	1	1	0
1	5	18	2	1	1	1	1	0	2	1	4	1	3	1	7	-2	4	-1	3	2	5	6	5	0	21	32	1	0	1	1	0	1	0	0
1	5	19	2	1	1	1	1	1	2	3	4	5	3	4	-15	7	-13	6	3	4	8	-9	5	12	60	77	1	1	1	1	0	0	0	0
1	5	20	2	1	1	1	1	0	3	1	5	1	4	1	13	-3	9	-2	3	2	6	11	5	0	32	117	1	0	1	1	0	1	0	0
1	5	21	2	1	1	1	1	-1	2	-1	4	-3	3	-2	13	-3	9	-2	3	0	2	11	5	-4	0	117	1	-1	0	1	0	0	1	0
1	5	22	2	1	1	1	1	-1	1	0	3	-2	2	-1	7	-2	4	-1	3	1	2	6	5	-3	0	32	1	-1	0	1	0	0	1	0
1	5	23	2	1	1	1	0	-1	1	0	1	-2	1	-1	5	3	3	2	3	0	0	7	5	-4	-4	45	1	-1	-1	1	0	0	0	0
1	5	24	2	1	1	1	1	-2	1	-1	3	-5	2	-3	5	3	3	2	3	0	0	7	5	-4	-4	45	1	-1	-1	1	0	0	0	0
1	5	25	2	1	1	1	2	-1	1	0	5	-2	3	-1	9	-11	5	-6	3	2	4	3	5	0	12	5	1	0	1	1	0	1	0	0
1	5	26	2	1	1	1	1	-1	0	1	2	-1	1	0	3	-1	1	0	3	2	2	3	5	0	0	5	1	0	0	1	0	1	1	0
1	5	27	2	1	1	1	0	-1	1	1	1	-1	1	0	5	2	2	1	3	1	1	6	5	-3	-3	32	1	-1	-1	1	0	0	0	0
1	5	28	2	1	1	1	0	-1	1	2	1	0	1	1	3	1	-1	0	3	2	2	3	5	0	0	5	1	0	0	1	0	1	1	0
1	5	29	2	1	1	1	-1	-1	2	1	0	-1	1	0	5	3	3	2	3	0	0	7	5	-4	-4	45	1	-1	-1	1	0	0	0	0
1	5	30	2	1	1	1	0	-1	1	0	1	-2	1	-1	5	3	3	2	3	0	0	7	5	-4	-4	45	1	-1	-1	1	0	0	0	0
1	5	31	2	1	1	1	1	-2	0	1	2	-3	1	-1	5	2	2	1	3	2	1	6	5	0	-3	32	1	0	-1	1	0	1	0	0
1	5	32	2	1	1	1	-1	-2	1	1	-1	-3	0	-1	7	9	3	4	3	0	-2	11	5	-4	0	117	1	-1	0	1	0	0	0	0
1	5	33	2	1	1	1	1	-3	0	1	2	-5	1	-2	7	9	3	4	3	2	0	11	5	0	-4	117	1	0	-1	1	0	1	0	0
1	5	34	2	1	1	1	3	-2	-1	1	5	-3	2	-1	-3	-17	-1	-6	3	4	4	-9	5	12	12	77	1	1	1	1	0	0	0	0
1	5	35	2	1	1	1	2	-1	-1	1	3	-1	1	0	-1	-6	0	-1	3	3	3	-2	5	5	5	0	1	1	1	0	0	0	0	0
1	5	36	2	1	1	1	2	1	-1	0	3	2	1	1	1	1	1	2	3	2	4	3	5	0	12	5	1	0	1	1	0	1	0	0
1	5	37	2	1	1	1	2	-3	-1	2	3	-4	1	-1	3	-1	1	0	3	4	2	3	5	12	0	5	1	1	0	1	0	0	1	0
1	5	38	2	1	1	1	3	-1	-2	1	4	-1	1	0	-7	-13	-1	-2	3	4	4	-9	5	12	12	77	1	1	1	1	0	0	0	0
1	5	39	2	1	1	1	1	0	-1	1	1	1	0	1	1	1	1	2	3	2	2	3	5	0	0	5	1	0	0	1	0	1	1	0
1	5	40	2	1	1	1	1	1	-1	0	1	2	0	1	3	4	2	3	3	1	2	6	5	-3	0	32	1	-1	0	1	0	0	1	0
1	5	41	2	1	1	1	1	2	-1	-1	1	3	0	1	7	9	3	4	3	0	2	11	5	-4	0	117	1	-1	0	1	0	0	1	0
1	5	42	2	1	1	1	2	1	-1	0	3	2	1	1	1	1	1	2	3	2	4	3	5	0	12	5	1	0	1	1	0	1	0	0
1	5	43	2	1	1	1	0	1	-1	0	-1	2	-1	1	5	3	3	2	3	0	0	7	5	-4	-4	45	1	-1	-1	1	0	0	0	0
1	5	44	2	1	1	1	1	-1	-1	2	1	0	0	1	1	0	0	1	3	3	2	2	5	5	0	0	1	1	0	0	0	0	2	2
1	5	45	2	1	1	1	0	-1	1	2	1	0	1	1	3	1	-1	0	3	2	2	3	5	0	0	5	1	0	0	1	0	1	1	0
1	5	46	2	1	1	1	1	-2	-1	3	1	-1	0	1	3	1	-1	0	3	4	2	3	5	12	0	5	1	1	0	1	0	0	1	0
1	5	47	2	1	1	1	2	-1	-3	2	1	0	-1	1	-1	-1	5	4	3	4	2	3	5	12	0	5	1	1	0	1	0	0	1	0
1	5	48	2	1	1	1	1	0	-2	1	0	1	-1	1	3	2	4	3	3	2	1	6	5	0	-3	32	1	0	-1	1	0	1	0	0
1	5	49	2	1	1	1	1	1	-2	-1	0	1	-1	0	5	3	3	2	3	0	0	7	5	-4	-4	45	1	-1	-1	1	0	0	0	0
1	5	50	2	1	1	1	1	-1	-2	3	0	1	-1	2	1	1	1	2	3	4	2	3	5	12	0	5	1	1	0	1	0	0	1	0
1	5	51	2	1	1	1	1	0	-3	1	-1	1	-2	1	7	3	9	4	3	2	0	11	5	0	-4	117	1	0	-1	1	0	1	0	0
1	6	0	2	3	1	2	1	1	0	1	2	5	1	3	-1	5	-1	4	4	2	5	3	12	0	21	5	1	0	1	1	0	1	0	0
1	6	1	2	3	1	2	1	2	0	1	2	7	1	4	-3	14	-2	9	4	2	6	6	12	0	32	32	1	0	1	1	0	1	0	0
1	6	2	2	3	1	2	1	3	0	1	2	9	1	5	-5	27	-3	16	4	2	7	11	12	0	45	117	1	0	1	1	0	1	0	0
1	6	3	2	3	1	2	3	2	1	1	9	7	5	4	24	-61	13	-33	4	4	13	-9	12	12	165	77	1	1	1	1	0	0	0	0
1	6	4	2	3	1	2	-1	2	-1	1	-5	7	-3	4	12	5	7	3	4	0	-1	15	12	-4	-3	221	1	-1	-1	1	0	0	0	0
1	6	5	2	3	1	2	2	1	1	1	7	5	4	3	20	-31	11	-17	4	3	10	3	12	5	96	5	1	1	1	1	0	0	0	0
1	6	6	2	3	1	2	2	3	1	2	7	12	4	7	1	0	0	1	4	4	14	2	12	12	192	0	1	1	1	0	0	0	0	2
1	6	7	2	3	1	2	3	1	2	1	12	5	7	3	71	-97	41	-56	4	4	15	15	12	12	221	221	1	1	1	1	0	0	0	0
1	6	8	2	3	1	2	2	-1	1	0	7	-2	4	-1	25	-34	14	-19	4	2	6	6	12	0	32	32	1	0	1	1	0	1	0	0
1	6	9	2	3	1	2	0	1	-1	1	-3	5	-2	3	8	11	5	7	4	1	0	15	12	-3	-4	221	1	-1	-1	1	0	0	0	0
1	6	10	2	3	1	2	0	1	-1	0	-3	2	-2	1	13	8	8	5	4	0	-2	18	12	-4	0	320	1	-1	0	1	0	0	0	0
1	6	11	2	3	1	2	0	1	-1	2	-3	8	-2	5	-3	14	-2	9	4	2	2	6	12	0	0	32	1	0	0	1	0	1	1	0
1	6	12	2	3	1	2	-1	1	-2	1	-8	5	-5	3	47	-13	29	-8	4	0	-5	39	12	-4	21	1517	1	-1	1	1	0	0	0	0
1	6	13	2	3	1	2	1	0	1	1	5	3	3	2	16	-9	9	-5	4	2	7	11	12	0	45	117	1	0	1	1	0	1	0	0
1	6	14	2	3	1	2	1	1	1	2	5	8	3	5	3	-1	1	0	4	3	10	3	12	5	96	5	1	1	1	1	0	0	0	0
1	6	15	2	3	1	2	1	2	1	3	5	13	3	8	-20	17	-13	11	4	4	13	-9	12	12	165	77	1	1	1	1	0	0	0	0
1	6	16	2	3	1	2	2	1	3	2	13	8	8	5	105	-64	64	-39	4	4	18	66	12	12	320	4352	1	1	1	1	0	0	0	0
1	6	17	2	3	1	2	0	1	-1	2	-3	8	-2	5	-3	14	-2	9	4	2	2	6	12	0	0	32	1	0	0	1	0	1	1	0
1	6	18	2	3	1	2	1	0	2	1	8	3	5	2	49	-18	30	-11	4	2	10	38	12	0	96	1440	1	0	1	1	0	1	0	0
1	6	19	2	3	1	2	1	1	2	3	8	11	5	7	19	-7	11	-4	4	4	15	15	12	12	221	221	1	1	1	1	0	0	0	0
1	6	20	2	3	1	2	1	0	3	1	11	3	7	2	100	-27	63	-17	4	2	13	83	12	0	165	6885	1	0	1	1	0	1	0	0
1	6	21	2	3	1	2	1	-1	2	-1	8	-5	5	-3	47	-13	29	-8	4	0	5	39	12	-4	21	1517	1	-1	1	1	0	0	0	0
1	6	22	2	3	1	2	1	-1	1	0	5	-2	3	-1	19	-7	11	-4	4	1	4	15	12	-3	12	221	1	-1	1	1	0	0	0	0
1	6	23	2	3	1	2	0	-1	1	0	3	-2	2	-1	13	8	8	5	4	0	2	18	12	-4	0	320	1	-1	0	1	0	0	1	0
1	6	24	2	3	1	2	1	-2	1	-1	5	-7	3	-4	12	5	7	3	4	0	1	15	12	-4	-3	221	1	-1	-1	1	0	0	0	0
1	6	25	2	3	1	2	2	-1	1	0	7	-2	4	-1	25	-34	14	-19	4	2	6	6	12	0	32	32	1	0	1	1	0	1	0	0
1	6	26	2	3	1	2	1	-1	0	1	2	1	1	1	3	-1	1	0	4	2	3	3	12	0	5	5	1	0	1	1	0	1	0	0
1	6	27	2	3	1	2	0	-1	1	1	3	1	2	1	12	5	7	3	4	1	4	15	12	-3	12	221	1	-1	1	1	0	0	0	0
1	6	28	2	3	1	2	0	-1	1	2	3	4	2	3	5	2	2	1	4	2	6	6	12	0	32	32	1	0	1	1	0	1	0	0
1	6	29	2	3	1	2	-1	-1	2	1	4	1	3	1	27	17	19	12	4	0	5	39	12	-4	21	1517	1	-1	1	1	0	0	0	0
1	6	30	2	3	1	2	0	-1	1	0	3	-2	2	-1	13	8	8	5	4	0	2	18	12	-4	0	320	1	-1	0	1	0	0	1	0
1	6	31	2	3	1	2	1	-2	0	1	2	-1	1	0	5	2	2	1	4	2	2	6	12	0	0	32	1	0	0	1	0	1	1	0
1	6	32	2	3	1	2	-1	-2	1	1	1	-1	1	0	8	11	5	7	4	0	1	15	12	-4	-3	221	1	-1	-1	1	0	0	0	0
1	6	33	2	3	1	2	1	-3	0	1	2	-3	1	-1	7	9	3	4	4	2	1	11	12	0	-3	117	1	0	-1	1	0	1	0	0
1	6	34	2	3	1	2	3	-2	-1	1	3	-1	1	0	-4	-19	-1	-5	4	4	3	-9	12	12	5	77	1	1	1	1	0	0	0	0
1	6	35	2	3	1	2	2	-1	-1	1	1	1	0	1	0	-1	1	3	4	3	2	3	12	5	0	5	1	1	0	1	0	0	1	0
1	6	36	2	3	1	2	2	1	-1	0	1	2	0	1	1	2	2	5	4	2	2	6	12	0	0	32	1	0	0	1	0	1	1	0
1	6	37	2	3	1	2	2	-3	-1	2	1	0	0	1	1	0	0	1	4	4	2	2	12	12	0	0	1	1	0	0	0	0	2	2
1	6	38	2	3	1	2	3	-1	-2	1	0	1	-1	1	3	5	7	12	4	4	1	15	12	12	-3	221	1	1	-1	1	0	0	0	0
1	6	39	2	3	1	2	1	0	-1	1	-1	3	-1	2	4	9	3	7	4	2	1	11	12	0	-3	117	1	0	-1	1	0	1	0	0
1	6	40	2	3	1	2	1	1	-1	0	-1	2	-1	1	7	11	5	8	4	1	0	15	12	-3	-4	221	1	-1	-1	1	0	0	0	0
1	6	41	2	3	1	2	1	2	-1	-1	-1	1	-1	0	8	11	5	7	4	0	-1	15	12	-4	-3	221	1	-1	-1	1	0	0	0	0
1	6	42	2	3	1	2	2	1	-1	0	1	2	0	1	1	2	2	5	4	2	2	6	12	0	0	32	1	0	0	1	0	1	1	0
1	6	43	2	3	1	2	0	1	-1	0	-3	2	-2	1	13	8	8	5	4	0	-2	18	12	-4	0	320	1	-1	0	1	0	0	0	0
1	6	44	2	3	1	2	1	-1	-1	2	-1	4	-1	3	-1	5	-1	4	4	3	2	3	12	5	0	5	1	1	0	1	0	0	1	0
1	6	45	2	3	1	2	0	-1	1	2	3	4	2	3	5	2	2	1	4	2	6	6	12	0	32	32	1	0	1	1	0	1	0	0
1	6	46	2	3	1	2	1	-2	-1	3	-1	5	-1	4	-8	-1	-7	-1	4	4	3	-9	12	12	5	77	1	1	1	1	0	0	0	0
1	6	47	2	3	1	2	2	-1	-3	2	-5	4	-4	3	41	32	32	25	4	4	-2	66	12	12	0	4352	1	1	0	1	0	0	0	0
1	6	48	2	3	1	2	1	0	-2	1	-4	3	-3	2	25	18	18	13	4	2	-2	38	12	0	0	1440	1	0	0	1	0	1	0	0
1	6	49	2	3	1	2	1	1	-2	-1	-4	-1	-3	-1	27	17	19	12	4	0	-5	39	12	-4	21	1517	1	-1	1	1	0	0	0	0
1	6	50	2	3	1	2	1	-1	-2	3	-4	7	-3	5	7	11	5	8	4	4	1	15	12	12	-3	221	1	1	-1	1	0	0	0	0
1	6	51	2	3	1	2	1	0	-3	1	-7	3	-5	2	64	27	45	19	4	2	-5	83	12	0	21	6885	1	0	1	1	0	1	0	0
1	7	0	3	1	2	1	1	1	0	1	3	4	2	3	-5	14	-4	11	4	2	6	6	12	0	32	32	1	0	1	1	0	1	0	0
1	7	1	3	1	2	1	1	2	0	1	3	7	2	5	-11	40	-8	29	4	2	8	18	12	0	60	320	1	0	1	1	0	1	0	0
1	7	2	3	1	2	1	1	3	0	1	3	10	2	7	-17	78	-12	55	4	2	10	38	12	0	96	1440	1	0	1	1	0	1	0	0
1	7	3	3	1	2	1	3	2	1	1	10	7	7	5	-15	41	-11	30	4	4	15	15	12	12	221	221	1	1	1	1	0	0	0	0
1	7	4	3	1	2	1	-1	2	-1	1	-4	7	-3	5	7	11	5	8	4	0	1	15	12	-4	-3	221	1	-1	-1	1	0	0	0	0
1	7	5	3	1	2	1	2	1	1	1	7	4	5	3	-6	11	-5	9	4	3	10	3	12	5	96	5	1	1	1	1	0	0	0	0
1	7	6	3	1	2	1	2	3	1	2	7	11	5	8	-56	97	-41	71	4	4	15	15	12	12	221	221	1	1	1	1	0	0	0	0
1	7	7	3	1	2	1	3	1	2	1	11	4	8	3	1	0	0	1	4	4	14	2	12	12	192	0	1	1	1	0	0	0	0	2
1	7	8	3	1	2	1	2	-1	1	0	7	-3	5	-2	16	-19	11	-13	4	2	5	3	12	0	21	5	1	0	1	1	0	1	0	0
1	7	9	3	1	2	1	0	1	-1	1	-1	4	-1	3	4	9	3	7	4	1	2	11	12	-3	0	117	1	-1	0	1	0	0	1	0
1	7	10	3	1	2	1	0	1	-1	0	-1	3	-1	2	10	7	7	5	4	0	1	15	12	-4	-3	221	1	-1	-1	1	0	0	0	0
1	7	11	3	1	2	1	0	1	-1	2	-1	5	-1	4	-6	11	-5	9	4	2	3	3	12	0	5	5	1	0	1	1	0	1	0	0
1	7	12	3	1	2	1	-1	1	-2	1	-5	4	-4	3	21	-4	16	-3	4	0	-2	18	12	-4	0	320	1	-1	0	1	0	0	0	0
1	7	13	3	1	2	1	1	0	1	1	4	1	3	1	3	-1	1	0	4	2	5	3	12	0	21	5	1	0	1	1	0	1	0	0
1	7	14	3	1	2	1	1	1	1	2	4	5	3	4	-23	17	-19	14	4	3	8	-9	12	5	60	77	1	1	1	1	0	0	0	0
1	7	15	3	1	2	1	1	2	1	3	4	9	3	7	-65	51	-51	40	4	4	11	-25	12	12	117	621	1	1	1	1	0	0	0	0
1	7	16	3	1	2	1	2	1	3	2	9	5	7	4	-20	13	-17	11	4	4	13	-9	12	12	165	77	1	1	1	1	0	0	0	0
1	7	17	3	1	2	1	0	1	-1	2	-1	5	-1	4	-6	11	-5	9	4	2	3	3	12	0	5	5	1	0	1	1	0	1	0	0
1	7	18	3	1	2	1	1	0	2	1	5	1	4	1	7	-2	4	-1	4	2	6	6	12	0	32	32	1	0	1	1	0	1	0	0
1	7	19	3	1	2	1	1	1	2	3	5	6	4	5	-47	20	-40	17	4	4	10	-30	12	12	96	896	1	1	1	1	0	0	0	0
1	7	20	3	1	2	1	1	0	3	1	6	1	5	1	13	-3	9	-2	4	2	7	11	12	0	45	117	1	0	1	1	0	1	0	0
1	7	21	3	1	2	1	1	-1	2	-1	5	-4	4	-3	21	-4	16	-3	4	0	2	18	12	-4	0	320	1	-1	0	1	0	0	1	0
1	7	22	3	1	2	1	1	-1	1	0	4	-3	3	-2	13	-3	9	-2	4	1	2	11	12	-3	0	117	1	-1	0	1	0	0	1	0
1	7	23	3	1	2	1	0	-1	1	0	1	-3	1	-2	10	7	7	5	4	0	-1	15	12	-4	-3	221	1	-1	-1	1	0	0	0	0
1	7	24	3	1	2	1	1	-2	1	-1	4	-7	3	-5	7	11	5	8	4	0	-1	15	12	-4	-3	221	1	-1	-1	1	0	0	0	0
1	7	25	3	1	2	1	2	-1	1	0	7	-3	5	-2	16	-19	11	-13	4	2	5	3	12	0	21	5	1	0	1	1	0	1	0	0
1	7	26	3	1	2	1	1	-1	0	1	3	-2	2	-1	7	-2	4	-1	4	2	2	6	12	0	0	32	1	0	0	1	0	1	1	0
1	7	27	3	1	2	1	0	-1	1	1	1	-2	1	-1	12	5	7	3	4	1	0	15	12	-3	-4	221	1	-1	-1	1	0	0	0	0
1	7	28	3	1	2	1	0	-1	1	2	1	-1	1	0	10	3	3	1	4	2	1	11	12	0	-3	117	1	0	-1	1	0	1	0	0
1	7	29	3	1	2	1	-1	-1	2	1	-1	-2	0	-1	13	8	8	5	4	0	-2	18	12	-4	0	320	1	-1	0	1	0	0	0	0
1	7	30	3	1	2	1	0	-1	1	0	1	-3	1	-2	10	7	7	5	4	0	-1	15	12	-4	-3	221	1	-1	-1	1	0	0	0	0
1	7	31	3	1	2	1	1	-2	0	1	3	-5	2	-3	13	8	8	5	4	2	0	18	12	0	-4	320	1	0	-1	1	0	1	0	0
1	7	32	3	1	2	1	-1	-2	1	1	-2	-5	-1	-3	21	29	13	18	4	0	-5	39	12	-4	21	1517	1	-1	1	1	0	0	0	0
1	7	33	3	1	2	1	1	-3	0	1	3	-8	2	-5	19	30	12	19	4	2	-2	38	12	0	0	1440	1	0	0	1	0	1	0	0
1	7	34	3	1	2	1	3	-2	-1	1	8	-5	5	-3	-5	-33	-3	-20	4	4	5	-25	12	12	21	621	1	1	1	1	0	0	0	0
1	7	35	3	1	2	1	2	-1	-1	1	5	-2	3	-1	-2	-13	-1	-7	4	3	4	-9	12	5	12	77	1	1	1	1	0	0	0	0
1	7	36	3	1	2	1	2	1	-1	0	5	3	3	2	4	9	3	7	4	2	7	11	12	0	45	117	1	0	1	1	0	1	0	0
1	7	37	3	1	2	1	2	-3	-1	2	5	-7	3	-4	12	5	7	3	4	4	1	15	12	12	-3	221	1	1	-1	1	0	0	0	0
1	7	38	3	1	2	1	3	-1	-2	1	7	-2	4	-1	-15	-28	-8	-15	4	4	6	-30	12	12	32	896	1	1	1	1	0	0	0	0
1	7	39	3	1	2	1	1	0	-1	1	2	1	1	1	1	1	1	2	4	2	3	3	12	0	5	5	1	0	1	1	0	1	0	0
1	7	40	3	1	2	1	1	1	-1	0	2	3	1	2	7	11	5	8	4	1	4	15	12	-3	12	221	1	-1	1	1	0	0	0	0
1	7	41	3	1	2	1	1	2	-1	-1	2	5	1	3	21	29	13	18	4	0	5	39	12	-4	21	1517	1	-1	1	1	0	0	0	0
1	7	42	3	1	2	1	2	1	-1	0	5	3	3	2	4	9	3	7	4	2	7	11	12	0	45	117	1	0	1	1	0	1	0	0
1	7	43	3	1	2	1	0	1	-1	0	-1	3	-1	2	10	7	7	5	4	0	1	15	12	-4	-3	221	1	-1	-1	1	0	0	0	0
1	7	44	3	1	2	1	1	-1	-1	2	2	-1	1	0	3	-1	1	0	4	3	2	3	12	5	0	5	1	1	0	1	0	0	1	0
1	7	45	3	1	2	1	0	-1	1	2	1	-1	1	0	10	3	3	1	4	2	1	11	12	0	-3	117	1	0	-1	1	0	1	0	0
1	7	46	3	1	2	1	1	-2	-1	3	2	-3	1	-1	13	5	5	2	4	4	1	15	12	12	-3	221	1	1	-1	1	0	0	0	0
1	7	47	3	1	2	1	2	-1	-3	2	3	-1	1	0	-8	-7	-1	-1	4	4	3	-9	12	12	5	77	1	1	1	1	0	0	0	0
1	7	48	3	1	2	1	1	0	-2	1	1	1	0	1	3	2	4	3	4	2	2	6	12	0	0	32	1	0	0	1	0	1	1	0
1	7	49	3	1	2	1	1	1	-2	-1	1	2	0	1	13	8	8	5	4	0	2	18	12	-4	0	320	1	-1	0	1	0	0	1	0
1	7	50	3	1	2	1	1	-1	-2	3	1	0	0	1	1	0	0	1	4	4	2	2	12	12	0	0	1	1	0	0	0	0	2	2
1	7	51	3	1	2	1	1	0	-3	1	0	1	-1	1	7	3	9	4	4	2	1	11	12	0	-3	117	1	0	-1	1	0	1	0	0
1	8	0	2	-1	1	0	1	1	0	1	2	1	1	1	-1	5	-1	4	2	2	3	3	0	0	5	5	0	0	1	1	1	1	0	0
1	8	1	2	-1	1	0	1	2	0	1	2	3	1	2	-3	14	-2	9	2	2	4	6	0	0	12	32	0	0	1	1	1	1	0	0
1	8	2	2	-1	1	0	1	3	0	1	2	5	1	3	-5	27	-3	16	2	2	5	11	0	0	21	117	0	0	1	1	1	1	0	0
1	8	3	2	-1	1	0	3	2	1	1	5	3	3	2	-14	39	-9	25	2	4	7	11	0	12	45	117	0	1	1	1	1	0	0	0
1	8	4	2	-1	1	0	-1	2	-1	1	-1	3	-1	2	2	1	1	1	2	0	1	3	0	-4	-3	5	0	-1	-1	1	1	0	0	0
1	8	5	2	-1	1	0	2	1	1	1	3	1	2	1	-6	11	-5	9	2	3	4	3	0	5	12	5	0	1	1	1	1	0	0	0
1	8	6	2	-1	1	0	2	3	1	2	3	4	2	3	-19	34	-14	25	2	4	6	6	0	12	32	32	0	1	1	1	1	0	0	0
1	8	7	2	-1	1	0	3	1	2	1	4	1	3	1	-13	19	-11	16	2	4	5	3	0	12	21	5	0	1	1	1	1	0	0	0
1	8	8	2	-1	1	0	2	-1	1	0	3	-2	2	-1	1	0	0	1	2	2	2	2	0	0	0	0	0	0	0	0	1	1	1	2
1	8	9	2	-1	1	0	0	1	-1	1	1	1	0	1	2	1	1	1	2	1	2	3	0	-3	0	5	0	-1	0	1	1	0	1	0
1	8	10	2	-1	1	0	0	1	-1	0	1	2	0	1	5	2	2	1	2	0	2	6	0	-4	0	32	0	-1	0	1	1	0	1	0
1	8	11	2	-1	1	0	0	1	-1	2	1	0	0	1	1	0	0	1	2	2	2	2	0	0	0	0	0	0	0	0	1	1	2	2
1	8	12	2	-1	1	0	-1	1	-2	1	0	1	-1	1	3	-1	1	0	2	0	1	3	0	-4	-3	5	0	-1	-1	1	1	0	0	0
1	8	13	2	-1	1	0	1	0	1	1	1	-1	1	0	2	-1	-1	1	2	2	1	3	0	0	-3	5	0	0	-1	1	1	1	0	0
1	8	14	2	-1	1	0	1	1	1	2	1	0	1	1	-1	1	-5	4	2	3	2	3	0	5	0	5	0	1	0	1	1	0	1	0
1	8	15	2	-1	1	0	1	2	1	3	1	1	1	2	-6	5	-11	9	2	4	3	3	0	12	5	5	0	1	1	1	1	0	0	0
1	8	16	2	-1	1	0	2	1	3	2	1	0	2	1	-3	2	-14	9	2	4	2	6	0	12	0	32	0	1	0	1	1	0	1	0
1	8	17	2	-1	1	0	0	1	-1	2	1	0	0	1	1	0	0	1	2	2	2	2	0	0	0	0	0	0	0	0	1	1	2	2
1	8	18	2	-1	1	0	1	0	2	1	0	-1	1	0	5	-2	-2	1	2	2	0	6	0	0	-4	32	0	0	-1	1	1	1	0	0
1	8	19	2	-1	1	0	1	1	2	3	0	-1	1	1	7	-3	-9	4	2	4	1	11	0	12	-3	117	0	1	-1	1	1	0	0	0
1	8	20	2	-1	1	0	1	0	3	1	-1	-1	1	0	10	-3	-3	1	2	2	-1	11	0	0	-3	117	0	0	-1	1	1	1	0	0
1	8	21	2	-1	1	0	1	-1	2	-1	0	-1	1	-1	3	-1	1	0	2	0	-1	3	0	-4	-3	5	0	-1	-1	1	1	0	0	0
1	8	22	2	-1	1	0	1	-1	1	0	1	-2	1	-1	3	-1	1	0	2	1	0	3	0	-3	-4	5	0	-1	-1	1	1	0	0	0
1	8	23	2	-1	1	0	0	-1	1	0	-1	-2	0	-1	5	2	2	1	2	0	-2	6	0	-4	0	32	0	-1	0	1	1	0	0	0
1	8	24	2	-1	1	0	1	-2	1	-1	1	-3	1	-2	2	1	1	1	2	0	-1	3	0	-4	-3	5	0	-1	-1	1	1	0	0	0
1	8	25	2	-1	1	0	2	-1	1	0	3	-2	2	-1	1	0	0	1	2	2	2	2	0	0	0	0	0	0	0	0	1	1	1	2
1	8	26	2	-1	1	0	1	-1	0	1	2	-3	1	-1	3	-1	1	0	2	2	1	3	0	0	-3	5	0	0	-1	1	1	1	0	0
1	8	27	2	-1	1	0	0	-1	1	1	-1	-3	0	-1	10	3	3	1	2	1	-2	11	0	-3	0	117	0	-1	0	1	1	0	0	0
1	8	28	2	-1	1	0	0	-1	1	2	-1	-4	0	-1	17	4	4	1	2	2	-2	18	0	0	0	320	0	0	0	1	1	1	0	0
1	8	29	2	-1	1	0	-1	-1	2	1	-4	-3	-1	-1	23	13	7	4	2	0	-5	27	0	-4	21	725	0	-1	1	1	1	0	0	0
1	8	30	2	-1	1	0	0	-1	1	0	-1	-2	0	-1	5	2	2	1	2	0	-2	6	0	-4	0	32	0	-1	0	1	1	0	0	0
1	8	31	2	-1	1	0	1	-2	0	1	2	-5	1	-2	5	2	2	1	2	2	0	6	0	0	-4	32	0	0	-1	1	1	1	0	0
1	8	32	2	-1	1	0	-1	-2	1	1	-3	-5	-1	-2	18	23	7	9	2	0	-5	27	0	-4	21	725	0	-1	1	1	1	0	0	0
1	8	33	2	-1	1	0	1	-3	0	1	2	-7	1	-3	7	9	3	4	2	2	-1	11	0	0	-3	117	0	0	-1	1	1	1	0	0
1	8	34	2	-1	1	0	3	-2	-1	1	7	-5	3	-2	2	1	1	1	2	4	5	3	0	12	21	5	0	1	1	1	1	0	0	0
1	8	35	2	-1	1	0	2	-1	-1	1	5	-3	2	-1	2	1	1	1	2	3	4	3	0	5	12	5	0	1	1	1	1	0	0	0
1	8	36	2	-1	1	0	2	1	-1	0	5	2	2	1	9	20	4	9	2	2	6	18	0	0	32	320	0	0	1	1	1	1	0	0
1	8	37	2	-1	1	0	2	-3	-1	2	5	-8	2	-3	5	2	2	1	2	4	2	6	0	12	0	32	0	1	0	1	1	0	1	0
1	8	38	2	-1	1	0	3	-1	-2	1	8	-3	3	-1	7	9	3	4	2	4	7	11	0	12	45	117	0	1	1	1	1	0	0	0
1	8	39	2	-1	1	0	1	0	-1	1	3	-1	1	0	2	1	1	1	2	2	3	3	0	0	5	5	0	0	1	1	1	1	0	0
1	8	40	2	-1	1	0	1	1	-1	0	3	2	1	1	7	9	3	4	2	1	4	11	0	-3	12	117	0	-1	1	1	1	0	0	0
1	8	41	2	-1	1	0	1	2	-1	-1	3	5	1	2	18	23	7	9	2	0	5	27	0	-4	21	725	0	-1	1	1	1	0	0	0
1	8	42	2	-1	1	0	2	1	-1	0	5	2	2	1	9	20	4	9	2	2	6	18	0	0	32	320	0	0	1	1	1	1	0	0
1	8	43	2	-1	1	0	0	1	-1	0	1	2	0	1	5	2	2	1	2	0	2	6	0	-4	0	32	0	-1	0	1	1	0	1	0
1	8	44	2	-1	1	0	1	-1	-1	2	3	-4	1	-1	3	-1	1	0	2	3	2	3	0	5	0	5	0	1	0	1	1	0	1	0
1	8	45	2	-1	1	0	0	-1	1	2	-1	-4	0	-1	17	4	4	1	2	2	-2	18	0	0	0	320	0	0	0	1	1	1	0	0
1	8	46	2	-1	1	0	1	-2	-1	3	3	-7	1	-2	10	3	3	1	2	4	1	11	0	12	-3	117	0	1	-1	1	1	0	0	0
1	8	47	2	-1	1	0	2	-1	-3	2	7	-4	2	-1	5	2	2	1	2	4	6	6	0	12	32	32	0	1	1	1	1	0	0	0
1	8	48	2	-1	1	0	1	0	-2	1	4	-1	1	0	5	2	2	1	2	2	4	6	0	0	12	32	0	0	1	1	1	1	0	0
1	8	49	2	-1	1	0	1	1	-2	-1	4	3	1	1	23	13	7	4	2	0	5	27	0	-4	21	725	0	-1	1	1	1	0	0	0
1	8	50	2	-1	1	0	1	-1	-2	3	4	-5	1	-1	3	-1	1	0	2	4	3	3	0	12	5	5	0	1	1	1	1	0	0	0
1	8	51	2	-1	1	0	1	0	-3	1	5	-1	1	0	10	3	3	1	2	2	5	11	0	0	21	117	0	0	1	1	1	1	0	0
1	9	0	0	1	-1	1	1	1	0	1	0	1	-1	0	1	-1	-1	2	1	2	0	3	-3	0	-4	5	-1	0	-1	1	0	1	0	0
1	9	1	0	1	-1	1	1	2	0	1	0	1	-1	-1	1	-2	-2	5	1	2	-1	6	-3	0	-3	32	-1	0	-1	1	0	1	0	0
1	9	2	0	1	-1	1	1	3	0	1	0	1	-1	-2	1	-3	-3	10	1	2	-2	11	-3	0	0	117	-1	0	0	1	0	1	0	0
1	9	3	0	1	-1	1	3	2	1	1	1	1	-2	-1	3	-7	-5	12	1	4	0	15	-3	12	-4	221	-1	1	-1	1	0	0	0	0
1	9	4	0	1	-1	1	-1	2	-1	1	-1	1	0	-1	1	-1	-1	2	1	0	-2	3	-3	-4	0	5	-1	-1	0	1	0	0	0	0
1	9	5	0	1	-1	1	2	1	1	1	1	1	-1	0	3	-4	-2	3	1	3	1	6	-3	5	-3	32	-1	1	-1	1	0	0	0	0
1	9	6	0	1	-1	1	2	3	1	2	1	2	-1	-1	7	-11	-5	8	1	4	0	15	-3	12	-4	221	-1	1	-1	1	0	0	0	0
1	9	7	0	1	-1	1	3	1	2	1	2	1	-1	0	7	-9	-3	4	1	4	2	11	-3	12	0	117	-1	1	0	1	0	0	1	0
1	9	8	0	1	-1	1	2	-1	1	0	1	0	-1	1	1	-1	-1	2	1	2	2	3	-3	0	0	5	-1	0	0	1	0	1	1	0
1	9	9	0	1	-1	1	0	1	-1	1	-1	1	-1	0	1	0	0	1	1	1	-1	2	-3	-3	-3	0	-1	-1	-1	0	0	0	0	2
1	9	10	0	1	-1	1	0	1	-1	0	-1	0	-1	-1	1	1	1	2	1	0	-2	3	-3	-4	0	5	-1	-1	0	1	0	0	0	0
1	9	11	0	1	-1	1	0	1	-1	2	-1	2	-1	1	3	-1	1	0	1	2	0	3	-3	0	-4	5	-1	0	-1	1	0	1	0	0
1	9	12	0	1	-1	1	-1	1	-2	1	-2	1	-1	0	3	-1	1	0	1	0	-2	3	-3	-4	0	5	-1	-1	0	1	0	0	0	0
1	9	13	0	1	-1	1	1	0	1	1	1	1	0	1	3	-1	1	0	1	2	2	3	-3	0	0	5	-1	0	0	1	0	1	1	0
1	9	14	0	1	-1	1	1	1	1	2	1	2	0	1	7	-4	2	-1	1	3	2	6	-3	5	0	32	-1	1	0	1	0	0	1	0
1	9	15	0	1	-1	1	1	2	1	3	1	3	0	1	13	-9	3	-2	1	4	2	11	-3	12	0	117	-1	1	0	1	0	0	1	0
1	9	16	0	1	-1	1	2	1	3	2	3	2	1	1	19	-11	7	-4	1	4	4	15	-3	12	12	221	-1	1	1	1	0	0	0	0
1	9	17	0	1	-1	1	0	1	-1	2	-1	2	-1	1	3	-1	1	0	1	2	0	3	-3	0	-4	5	-1	0	-1	1	0	1	0	0
1	9	18	0	1	-1	1	1	0	2	1	2	1	1	1	7	-2	4	-1	1	2	3	6	-3	0	5	32	-1	0	1	1	0	1	0	0
1	9	19	0	1	-1	1	1	1	2	3	2	3	1	2	19	-7	11	-4	1	4	4	15	-3	12	12	221	-1	1	1	1	0	0	0	0
1	9	20	0	1	-1	1	1	0	3	1	3	1	2	1	13	-3	9	-2	1	2	4	11	-3	0	12	117	-1	0	1	1	0	1	0	0
1	9	21	0	1	-1	1	1	-1	2	-1	2	-1	1	0	3	-1	1	0	1	0	2	3	-3	-4	0	5	-1	-1	0	1	0	0	1	0
1	9	22	0	1	-1	1	1	-1	1	0	1	0	0	1	1	0	0	1	1	1	2	2	-3	-3	0	0	-1	-1	0	0	0	0	2	2
1	9	23	0	1	-1	1	0	-1	1	0	1	0	1	1	1	1	1	2	1	0	2	3	-3	-4	0	5	-1	-1	0	1	0	0	1	0
1	9	24	0	1	-1	1	1	-2	1	-1	1	-1	0	1	1	-1	-1	2	1	0	2	3	-3	-4	0	5	-1	-1	0	1	0	0	1	0
1	9	25	0	1	-1	1	2	-1	1	0	1	0	-1	1	1	-1	-1	2	1	2	2	3	-3	0	0	5	-1	0	0	1	0	1	1	0
1	9	26	0	1	-1	1	1	-1	0	1	0	1	-1	2	1	1	1	2	1	2	2	3	-3	0	0	5	-1	0	0	1	0	1	1	0
1	9	27	0	1	-1	1	0	-1	1	1	1	1	1	2	3	2	4	3	1	1	3	6	-3	-3	5	32	-1	-1	1	1	0	0	0	0
1	9	28	0	1	-1	1	0	-1	1	2	1	2	1	3	7	3	9	4	1	2	4	11	-3	0	12	117	-1	0	1	1	0	1	0	0
1	9	29	0	1	-1	1	-1	-1	2	1	2	1	3	2	7	5	11	8	1	0	4	15	-3	-4	12	221	-1	-1	1	1	0	0	0	0
1	9	30	0	1	-1	1	0	-1	1	0	1	0	1	1	1	1	1	2	1	0	2	3	-3	-4	0	5	-1	-1	0	1	0	0	1	0
1	9	31	0	1	-1	1	1	-2	0	1	0	1	-1	3	1	2	2	5	1	2	3	6	-3	0	5	32	-1	0	1	1	0	1	0	0
1	9	32	0	1	-1	1	-1	-2	1	1	1	1	2	3	3	5	7	12	1	0	4	15	-3	-4	12	221	-1	-1	1	1	0	0	0	0
1	9	33	0	1	-1	1	1	-3	0	1	0	1	-1	4	1	3	3	10	1	2	4	11	-3	0	12	117	-1	0	1	1	0	1	0	0
1	9	34	0	1	-1	1	3	-2	-1	1	-1	1	-4	3	1	3	3	10	1	4	2	11	-3	12	0	117	-1	1	0	1	0	0	1	0
1	9	35	0	1	-1	1	2	-1	-1	1	-1	1	-3	2	1	2	2	5	1	3	1	6	-3	5	-3	32	-1	1	-1	1	0	0	0	0
1	9	36	0	1	-1	1	2	1	-1	0	-1	0	-3	-1	1	3	3	10	1	2	-2	11	-3	0	0	117	-1	0	0	1	0	1	0	0
1	9	37	0	1	-1	1	2	-3	-1	2	-1	2	-3	5	3	5	7	12	1	4	4	15	-3	12	12	221	-1	1	1	1	0	0	0	0
1	9	38	0	1	-1	1	3	-1	-2	1	-2	1	-5	2	3	5	7	12	1	4	0	15	-3	12	-4	221	-1	1	-1	1	0	0	0	0
1	9	39	0	1	-1	1	1	0	-1	1	-1	1	-2	1	1	1	1	2	1	2	0	3	-3	0	-4	5	-1	0	-1	1	0	1	0	0
1	9	40	0	1	-1	1	1	1	-1	0	-1	0	-2	-1	1	2	2	5	1	1	-2	6	-3	-3	0	32	-1	-1	0	1	0	0	0	0
1	9	41	0	1	-1	1	1	2	-1	-1	-1	-1	-2	-3	3	5	7	12	1	0	-4	15	-3	-4	12	221	-1	-1	1	1	0	0	0	0
1	9	42	0	1	-1	1	2	1	-1	0	-1	0	-3	-1	1	3	3	10	1	2	-2	11	-3	0	0	117	-1	0	0	1	0	1	0	0
1	9	43	0	1	-1	1	0	1	-1	0	-1	0	-1	-1	1	1	1	2	1	0	-2	3	-3	-4	0	5	-1	-1	0	1	0	0	0	0
1	9	44	0	1	-1	1	1	-1	-1	2	-1	2	-2	3	3	2	4	3	1	3	2	6	-3	5	0	32	-1	1	0	1	0	0	1	0
1	9	45	0	1	-1	1	0	-1	1	2	1	2	1	3	7	3	9	4	1	2	4	11	-3	0	12	117	-1	0	1	1	0	1	0	0
1	9	46	0	1	-1	1	1	-2	-1	3	-1	3	-2	5	7	5	11	8	1	4	4	15	-3	12	12	221	-1	1	1	1	0	0	0	0
1	9	47	0	1	-1	1	2	-1	-3	2	-3	2	-5	3	7	5	11	8	1	4	0	15	-3	12	-4	221	-1	1	-1	1	0	0	0	0
1	9	48	0	1	-1	1	1	0	-2	1	-2	1	-3	1	3	2	4	3	1	2	-1	6	-3	0	-3	32	-1	0	-1	1	0	1	0	0
1	9	49	0	1	-1	1	1	1	-2	-1	-2	-1	-3	-2	7	5	11	8	1	0	-4	15	-3	-4	12	221	-1	-1	1	1	0	0	0	0
1	9	50	0	1	-1	1	1	-1	-2	3	-2	3	-3	4	7	3	9	4	1	4	2	11	-3	12	0	117	-1	1	0	1	0	0	1	0
1	9	51	0	1	-1	1	1	0	-3	1	-3	1	-4	1	7	3	9	4	1	2	-2	11	-3	0	0	117	-1	0	0	1	0	1	0	0
1	10	0	0	1	-1	0	1	1	0	1	0	1	-1	-1	1	-1	-1	2	0	2	-1	3	-4	0	-3	5	-1	0	-1	1	0	1	0	0
1	10	1	0	1	-1	0	1	2	0	1	0	1	-1	-2	1	-2	-2	5	0	2	-2	6	-4	0	0	32	-1	0	0	1	0	1	0	0
1	10	2	0	1	-1	0	1	3	0	1	0	1	-1	-3	1	-3	-3	10	0	2	-3	11	-4	0	5	117	-1	0	1	1	0	1	0	0
1	10	3	0	1	-1	0	3	2	1	1	1	1	-3	-2	2	-5	-5	13	0	4	-1	15	-4	12	-3	221	-1	1	-1	1	0	0	0	0
1	10	4	0	1	-1	0	-1	2	-1	1	-1	1	1	-2	2	-3	-3	5	0	0	-3	7	-4	-4	5	45	-1	-1	1	1	0	0	0	0
1	10	5	0	1	-1	0	2	1	1	1	1	1	-2	-1	2	-3	-3	5	0	3	0	7	-4	5	-4	45	-1	1	-1	1	0	0	0	0
1	10	6	0	1	-1	0	2	3	1	2	1	2	-2	-3	5	-8	-8	13	0	4	-2	18	-4	12	0	320	-1	1	0	1	0	0	0	0
1	10	7	0	1	-1	0	3	1	2	1	2	1	-3	-1	5	-7	-7	10	0	4	1	15	-4	12	-3	221	-1	1	-1	1	0	0	0	0
1	10	8	0	1	-1	0	2	-1	1	0	1	0	-2	1	1	-2	-2	5	0	2	2	6	-4	0	0	32	-1	0	0	1	0	1	1	0
1	10	9	0	1	-1	0	0	1	-1	1	-1	1	0	-1	2	-1	-1	1	0	1	-2	3	-4	-3	0	5	-1	-1	0	1	0	0	0	0
1	10	10	0	1	-1	0	0	1	-1	0	-1	0	0	-1	1	0	0	1	0	0	-2	2	-4	-4	0	0	-1	-1	0	0	0	0	0	2
1	10	11	0	1	-1	0	0	1	-1	2	-1	2	0	-1	5	-2	-2	1	0	2	-2	6	-4	0	0	32	-1	0	0	1	0	1	0	0
1	10	12	0	1	-1	0	-1	1	-2	1	-2	1	1	-1	5	-3	-3	2	0	0	-3	7	-4	-4	5	45	-1	-1	1	1	0	0	0	0
1	10	13	0	1	-1	0	1	0	1	1	1	1	-1	0	2	-1	-1	1	0	2	1	3	-4	0	-3	5	-1	0	-1	1	0	1	0	0
1	10	14	0	1	-1	0	1	1	1	2	1	2	-1	-1	5	-3	-3	2	0	3	0	7	-4	5	-4	45	-1	1	-1	1	0	0	0	0
1	10	15	0	1	-1	0	1	2	1	3	1	3	-1	-2	10	-7	-7	5	0	4	-1	15	-4	12	-3	221	-1	1	-1	1	0	0	0	0
1	10	16	0	1	-1	0	2	1	3	2	3	2	-2	-1	13	-8	-8	5	0	4	2	18	-4	12	0	320	-1	1	0	1	0	0	1	0
1	10	17	0	1	-1	0	0	1	-1	2	-1	2	0	-1	5	-2	-2	1	0	2	-2	6	-4	0	0	32	-1	0	0	1	0	1	0	0
1	10	18	0	1	-1	0	1	0	2	1	2	1	-1	0	5	-2	-2	1	0	2	2	6	-4	0	0	32	-1	0	0	1	0	1	1	0
1	10	19	0	1	-1	0	1	1	2	3	2	3	-1	-1	13	-5	-5	2	0	4	1	15	-4	12	-3	221	-1	1	-1	1	0	0	0	0
1	10	20	0	1	-1	0	1	0	3	1	3	1	-1	0	10	-3	-3	1	0	2	3	11	-4	0	5	117	-1	0	1	1	0	1	0	0
1	10	21	0	1	-1	0	1	-1	2	-1	2	-1	-1	1	5	-3	-3	2	0	0	3	7	-4	-4	5	45	-1	-1	1	1	0	0	0	0
1	10	22	0	1	-1	0	1	-1	1	0	1	0	-1	1	1	-1	-1	2	0	1	2	3	-4	-3	0	5	-1	-1	0	1	0	0	1	0
1	10	23	0	1	-1	0	0	-1	1	0	1	0	0	1	1	0	0	1	0	0	2	2	-4	-4	0	0	-1	-1	0	0	0	0	2	2
1	10	24	0	1	-1	0	1	-2	1	-1	1	-1	-1	2	2	-3	-3	5	0	0	3	7	-4	-4	5	45	-1	-1	1	1	0	0	0	0
1	10	25	0	1	-1	0	2	-1	1	0	1	0	-2	1	1	-2	-2	5	0	2	2	6	-4	0	0	32	-1	0	0	1	0	1	1	0
1	10	26	0	1	-1	0	1	-1	0	1	0	1	-1	1	1	1	1	2	0	2	1	3	-4	0	-3	5	-1	0	-1	1	0	1	0	0
1	10	27	0	1	-1	0	0	-1	1	1	1	1	0	1	2	1	1	1	0	1	2	3	-4	-3	0	5	-1	-1	0	1	0	0	1	0
1	10	28	0	1	-1	0	0	-1	1	2	1	2	0	1	5	2	2	1	0	2	2	6	-4	0	0	32	-1	0	0	1	0	1	1	0
1	10	29	0	1	-1	0	-1	-1	2	1	2	1	1	1	5	3	3	2	0	0	3	7	-4	-4	5	45	-1	-1	1	1	0	0	0	0
1	10	30	0	1	-1	0	0	-1	1	0	1	0	0	1	1	0	0	1	0	0	2	2	-4	-4	0	0	-1	-1	0	0	0	0	2	2
1	10	31	0	1	-1	0	1	-2	0	1	0	1	-1	2	1	2	2	5	0	2	2	6	-4	0	0	32	-1	0	0	1	0	1	1	0
1	10	32	0	1	-1	0	-1	-2	1	1	1	1	1	2	2	3	3	5	0	0	3	7	-4	-4	5	45	-1	-1	1	1	0	0	0	0
1	10	33	0	1	-1	0	1	-3	0	1	0	1	-1	3	1	3	3	10	0	2	3	11	-4	0	5	117	-1	0	1	1	0	1	0	0
1	10	34	0	1	-1	0	3	-2	-1	1	-1	1	-3	2	2	5	5	13	0	4	1	15	-4	12	-3	221	-1	1	-1	1	0	0	0	0
1	10	35	0	1	-1	0	2	-1	-1	1	-1	1	-2	1	2	3	3	5	0	3	0	7	-4	5	-4	45	-1	1	-1	1	0	0	0	0
1	10	36	0	1	-1	0	2	1	-1	0	-1	0	-2	-1	1	2	2	5	0	2	-2	6	-4	0	0	32	-1	0	0	1	0	1	0	0
1	10	37	0	1	-1	0	2	-3	-1	2	-1	2	-2	3	5	8	8	13	0	4	2	18	-4	12	0	320	-1	1	0	1	0	0	1	0
1	10	38	0	1	-1	0	3	-1	-2	1	-2	1	-3	1	5	7	7	10	0	4	-1	15	-4	12	-3	221	-1	1	-1	1	0	0	0	0
1	10	39	0	1	-1	0	1	0	-1	1	-1	1	-1	0	2	1	1	1	0	2	-1	3	-4	0	-3	5	-1	0	-1	1	0	1	0	0
1	10	40	0	1	-1	0	1	1	-1	0	-1	0	-1	-1	1	1	1	2	0	1	-2	3	-4	-3	0	5	-1	-1	0	1	0	0	0	0
1	10	41	0	1	-1	0	1	2	-1	-1	-1	-1	-1	-2	2	3	3	5	0	0	-3	7	-4	-4	5	45	-1	-1	1	1	0	0	0	0
1	10	42	0	1	-1	0	2	1	-1	0	-1	0	-2	-1	1	2	2	5	0	2	-2	6	-4	0	0	32	-1	0	0	1	0	1	0	0
1	10	43	0	1	-1	0	0	1	-1	0	-1	0	0	-1	1	0	0	1	0	0	-2	2	-4	-4	0	0	-1	-1	0	0	0	0	0	2
1	10	44	0	1	-1	0	1	-1	-1	2	-1	2	-1	1	5	3	3	2	0	3	0	7	-4	5	-4	45	-1	1	-1	1	0	0	0	0
1	10	45	0	1	-1	0	0	-1	1	2	1	2	0	1	5	2	2	1	0	2	2	6	-4	0	0	32	-1	0	0	1	0	1	1	0
1	10	46	0	1	-1	0	1	-2	-1	3	-1	3	-1	2	10	7	7	5	0	4	1	15	-4	12	-3	221	-1	1	-1	1	0	0	0	0
1	10	47	0	1	-1	0	2	-1	-3	2	-3	2	-2	1	13	8	8	5	0	4	-2	18	-4	12	0	320	-1	1	0	1	0	0	0	0
1	10	48	0	1	-1	0	1	0	-2	1	-2	1	-1	0	5	2	2	1	0	2	-2	6	-4	0	0	32	-1	0	0	1	0	1	0	0
1	10	49	0	1	-1	0	1	1	-2	-1	-2	-1	-1	-1	5	3	3	2	0	0	-3	7	-4	-4	5	45	-1	-1	1	1	0	0	0	0
1	10	50	0	1	-1	0	1	-1	-2	3	-2	3	-1	1	13	5	5	2	0	4	-1	15	-4	12	-3	221	-1	1	-1	1	0	0	0	0
1	10	51	0	1	-1	0	1	0	-3	1	-3	1	-1	0	10	3	3	1	0	2	-3	11	-4	0	5	117	-1	0	1	1	0	1	0	0
1	11	0	0	1	-1	2	1	1	0	1	0	1	-1	1	1	-1	-1	2	2	2	1	3	0	0	-3	5	0	0	-1	1	1	1	0	0
1	11	1	0	1	-1	2	1	2	0	1	0	1	-1	0	1	-2	-2	5	2	2	0	6	0	0	-4	32	0	0	-1	1	1	1	0	0
1	11	2	0	1	-1	2	1	3	0	1	0	1	-1	-1	1	-3	-3	10	2	2	-1	11	0	0	-3	117	0	0	-1	1	1	1	0	0
1	11	3	0	1	-1	2	3	2	1	1	1	1	-1	0	4	-9	-3	7	2	4	1	11	0	12	-3	117	0	1	-1	1	1	0	0	0
1	11	4	0	1	-1	2	-1	2	-1	1	-1	1	-1	0	0	1	-1	3	2	0	-1	3	0	-4	-3	5	0	-1	-1	1	1	0	0	0
1	11	5	0	1	-1	2	2	1	1	1	1	1	0	1	4	-5	1	-1	2	3	2	3	0	5	0	5	0	1	0	1	1	0	1	0
1	11	6	0	1	-1	2	2	3	1	2	1	2	0	1	9	-14	2	-3	2	4	2	6	0	12	0	32	0	1	0	1	1	0	1	0
1	11	7	0	1	-1	2	3	1	2	1	2	1	1	1	9	-11	5	-6	2	4	3	3	0	12	5	5	0	1	1	1	1	0	0	0
1	11	8	0	1	-1	2	2	-1	1	0	1	0	0	1	1	0	0	1	2	2	2	2	0	0	0	0	0	0	0	0	1	1	2	2
1	11	9	0	1	-1	2	0	1	-1	1	-1	1	-2	1	0	1	-1	3	2	1	0	3	0	-3	-4	5	0	-1	-1	1	1	0	0	0
1	11	10	0	1	-1	2	0	1	-1	0	-1	0	-2	-1	1	2	2	5	2	0	-2	6	0	-4	0	32	0	-1	0	1	1	0	0	0
1	11	11	0	1	-1	2	0	1	-1	2	-1	2	-2	3	1	0	0	1	2	2	2	2	0	0	0	0	0	0	0	0	1	1	1	2
1	11	12	0	1	-1	2	-1	1	-2	1	-2	1	-3	1	1	1	1	2	2	0	-1	3	0	-4	-3	5	0	-1	-1	1	1	0	0	0
1	11	13	0	1	-1	2	1	0	1	1	1	1	1	2	4	-1	5	-1	2	2	3	3	0	0	5	5	0	0	1	1	1	1	0	0
1	11	14	0	1	-1	2	1	1	1	2	1	2	1	3	9	-5	11	-6	2	3	4	3	0	5	12	5	0	1	1	1	1	0	0	0
1	11	15	0	1	-1	2	1	2	1	3	1	3	1	4	16	-11	19	-13	2	4	5	3	0	12	21	5	0	1	1	1	1	0	0	0
1	11	16	0	1	-1	2	2	1	3	2	3	2	4	3	25	-14	34	-19	2	4	6	6	0	12	32	32	0	1	1	1	1	0	0	0
1	11	17	0	1	-1	2	0	1	-1	2	-1	2	-2	3	1	0	0	1	2	2	2	2	0	0	0	0	0	0	0	0	1	1	1	2
1	11	18	0	1	-1	2	1	0	2	1	2	1	3	2	9	-2	14	-3	2	2	4	6	0	0	12	32	0	0	1	1	1	1	0	0
1	11	19	0	1	-1	2	1	1	2	3	2	3	3	5	25	-9	39	-14	2	4	7	11	0	12	45	117	0	1	1	1	1	0	0	0
1	11	20	0	1	-1	2	1	0	3	1	3	1	5	2	16	-3	27	-5	2	2	5	11	0	0	21	117	0	0	1	1	1	1	0	0
1	11	21	0	1	-1	2	1	-1	2	-1	2	-1	3	-1	1	1	1	2	2	0	1	3	0	-4	-3	5	0	-1	-1	1	1	0	0	0
1	11	22	0	1	-1	2	1	-1	1	0	1	0	1	1	1	1	1	2	2	1	2	3	0	-3	0	5	0	-1	0	1	1	0	1	0
1	11	23	0	1	-1	2	0	-1	1	0	1	0	2	1	1	2	2	5	2	0	2	6	0	-4	0	32	0	-1	0	1	1	0	1	0
1	11	24	0	1	-1	2	1	-2	1	-1	1	-1	1	0	0	1	-1	3	2	0	1	3	0	-4	-3	5	0	-1	-1	1	1	0	0	0
1	11	25	0	1	-1	2	2	-1	1	0	1	0	0	1	1	0	0	1	2	2	2	2	0	0	0	0	0	0	0	0	1	1	2	2
1	11	26	0	1	-1	2	1	-1	0	1	0	1	-1	3	1	1	1	2	2	2	3	3	0	0	5	5	0	0	1	1	1	1	0	0
1	11	27	0	1	-1	2	0	-1	1	1	1	1	2	3	4	3	9	7	2	1	4	11	0	-3	12	117	0	-1	1	1	1	0	0	0
1	11	28	0	1	-1	2	0	-1	1	2	1	2	2	5	9	4	20	9	2	2	6	18	0	0	32	320	0	0	1	1	1	1	0	0
1	11	29	0	1	-1	2	-1	-1	2	1	2	1	5	3	9	7	23	18	2	0	5	27	0	-4	21	725	0	-1	1	1	1	0	0	0
1	11	30	0	1	-1	2	0	-1	1	0	1	0	2	1	1	2	2	5	2	0	2	6	0	-4	0	32	0	-1	0	1	1	0	1	0
1	11	31	0	1	-1	2	1	-2	0	1	0	1	-1	4	1	2	2	5	2	2	4	6	0	0	12	32	0	0	1	1	1	1	0	0
1	11	32	0	1	-1	2	-1	-2	1	1	1	1	3	4	4	7	13	23	2	0	5	27	0	-4	21	725	0	-1	1	1	1	0	0	0
1	11	33	0	1	-1	2	1	-3	0	1	0	1	-1	5	1	3	3	10	2	2	5	11	0	0	21	117	0	0	1	1	1	1	0	0
1	11	34	0	1	-1	2	3	-2	-1	1	-1	1	-5	4	0	1	-1	3	2	4	3	3	0	12	5	5	0	1	1	1	1	0	0	0
1	11	35	0	1	-1	2	2	-1	-1	1	-1	1	-4	3	0	1	-1	3	2	3	2	3	0	5	0	5	0	1	0	1	1	0	1	0
1	11	36	0	1	-1	2	2	1	-1	0	-1	0	-4	-1	1	4	4	17	2	2	-2	18	0	0	0	320	0	0	0	1	1	1	0	0
1	11	37	0	1	-1	2	2	-3	-1	2	-1	2	-4	7	1	2	2	5	2	4	6	6	0	12	32	32	0	1	1	1	1	0	0	0
1	11	38	0	1	-1	2	3	-1	-2	1	-2	1	-7	3	1	3	3	10	2	4	1	11	0	12	-3	117	0	1	-1	1	1	0	0	0
1	11	39	0	1	-1	2	1	0	-1	1	-1	1	-3	2	0	1	-1	3	2	2	1	3	0	0	-3	5	0	0	-1	1	1	1	0	0
1	11	40	0	1	-1	2	1	1	-1	0	-1	0	-3	-1	1	3	3	10	2	1	-2	11	0	-3	0	117	0	-1	0	1	1	0	0	0
1	11	41	0	1	-1	2	1	2	-1	-1	-1	-1	-3	-4	4	7	13	23	2	0	-5	27	0	-4	21	725	0	-1	1	1	1	0	0	0
1	11	42	0	1	-1	2	2	1	-1	0	-1	0	-4	-1	1	4	4	17	2	2	-2	18	0	0	0	320	0	0	0	1	1	1	0	0
1	11	43	0	1	-1	2	0	1	-1	0	-1	0	-2	-1	1	2	2	5	2	0	-2	6	0	-4	0	32	0	-1	0	1	1	0	0	0
1	11	44	0	1	-1	2	1	-1	-1	2	-1	2	-3	5	1	1	1	2	2	3	4	3	0	5	12	5	0	1	1	1	1	0	0	0
1	11	45	0	1	-1	2	0	-1	1	2	1	2	2	5	9	4	20	9	2	2	6	18	0	0	32	320	0	0	1	1	1	1	0	0
1	11	46	0	1	-1	2	1	-2	-1	3	-1	3	-3	8	4	3	9	7	2	4	7	11	0	12	45	117	0	1	1	1	1	0	0	0
1	11	47	0	1	-1	2	2	-1	-3	2	-3	2	-8	5	1	2	2	5	2	4	2	6	0	12	0	32	0	1	0	1	1	0	1	0
1	11	48	0	1	-1	2	1	0	-2	1	-2	1	-5	2	1	2	2	5	2	2	0	6	0	0	-4	32	0	0	-1	1	1	1	0	0
1	11	49	0	1	-1	2	1	1	-2	-1	-2	-1	-5	-3	9	7	23	18	2	0	-5	27	0	-4	21	725	0	-1	1	1	1	0	0	0
1	11	50	0	1	-1	2	1	-1	-2	3	-2	3	-5	7	1	1	1	2	2	4	5	3	0	12	21	5	0	1	1	1	1	0	0	0
1	11	51	0	1	-1	2	1	0	-3	1	-3	1	-7	2	4	3	9	7	2	2	-1	11	0	0	-3	117	0	0	-1	1	1	1	0	0
1	12	0	-1	1	-2	1	1	1	0	1	-1	0	-2	-1	-1	2	-4	7	0	2	-2	6	-4	0	0	32	-1	0	0	1	0	1	0	0
1	12	1	-1	1	-2	1	1	2	0	1	-1	-1	-2	-3	-3	8	-8	21	0	2	-4	18	-4	0	12	320	-1	0	1	1	0	1	0	0
1	12	2	-1	1	-2	1	1	3	0	1	-1	-2	-2	-5	-5	18	-12	43	0	2	-6	38	-4	0	32	1440	-1	0	1	1	0	1	0	0
1	12	3	-1	1	-2	1	3	2	1	1	-2	-1	-5	-3	-7	17	-19	46	0	4	-5	39	-4	12	21	1517	-1	1	1	1	0	0	0	0
1	12	4	-1	1	-2	1	-1	2	-1	1	0	-1	1	-3	-1	3	-3	8	0	0	-3	7	-4	-4	5	45	-1	-1	1	1	0	0	0	0
1	12	5	-1	1	-2	1	2	1	1	1	-1	0	-3	-1	-2	3	-9	13	0	3	-2	11	-4	5	0	117	-1	1	0	1	0	0	0	0
1	12	6	-1	1	-2	1	2	3	1	2	-1	-1	-3	-4	-8	13	-29	47	0	4	-5	39	-4	12	21	1517	-1	1	1	1	0	0	0	0
1	12	7	-1	1	-2	1	3	1	2	1	-1	0	-4	-1	-3	4	-16	21	0	4	-2	18	-4	12	0	320	-1	1	0	1	0	0	0	0
1	12	8	-1	1	-2	1	2	-1	1	0	-1	1	-3	2	0	1	-1	3	0	2	1	3	-4	0	-3	5	-1	0	-1	1	0	1	0	0
1	12	9	-1	1	-2	1	0	1	-1	1	-1	0	-1	-1	0	1	-1	3	0	1	-2	3	-4	-3	0	5	-1	-1	0	1	0	0	0	0
1	12	10	-1	1	-2	1	0	1	-1	0	-1	-1	-1	-2	2	3	3	5	0	0	-3	7	-4	-4	5	45	-1	-1	1	1	0	0	0	0
1	12	11	-1	1	-2	1	0	1	-1	2	-1	1	-1	0	2	-1	-1	1	0	2	-1	3	-4	0	-3	5	-1	0	-1	1	0	1	0	0
1	12	12	-1	1	-2	1	-1	1	-2	1	-1	0	0	-1	1	0	0	1	0	0	-2	2	-4	-4	0	0	-1	-1	0	0	0	0	0	2
1	12	13	-1	1	-2	1	1	0	1	1	0	1	-1	1	3	-1	1	0	0	2	1	3	-4	0	-3	5	-1	0	-1	1	0	1	0	0
1	12	14	-1	1	-2	1	1	1	1	2	0	1	-1	0	5	-3	-3	2	0	3	0	7	-4	5	-4	45	-1	1	-1	1	0	0	0	0
1	12	15	-1	1	-2	1	1	2	1	3	0	1	-1	-1	7	-5	-11	8	0	4	-1	15	-4	12	-3	221	-1	1	-1	1	0	0	0	0
1	12	16	-1	1	-2	1	2	1	3	2	1	1	-1	0	12	-7	-5	3	0	4	1	15	-4	12	-3	221	-1	1	-1	1	0	0	0	0
1	12	17	-1	1	-2	1	0	1	-1	2	-1	1	-1	0	2	-1	-1	1	0	2	-1	3	-4	0	-3	5	-1	0	-1	1	0	1	0	0
1	12	18	-1	1	-2	1	1	0	2	1	1	1	0	1	7	-2	4	-1	0	2	2	6	-4	0	0	32	-1	0	0	1	0	1	1	0
1	12	19	-1	1	-2	1	1	1	2	3	1	2	0	1	21	-8	8	-3	0	4	2	18	-4	12	0	320	-1	1	0	1	0	0	1	0
1	12	20	-1	1	-2	1	1	0	3	1	2	1	1	1	13	-3	9	-2	0	2	3	11	-4	0	5	117	-1	0	1	1	0	1	0	0
1	12	21	-1	1	-2	1	1	-1	2	-1	1	0	0	1	1	0	0	1	0	0	2	2	-4	-4	0	0	-1	-1	0	0	0	0	2	2
1	12	22	-1	1	-2	1	1	-1	1	0	0	1	-1	2	1	1	1	2	0	1	2	3	-4	-3	0	5	-1	-1	0	1	0	0	1	0
1	12	23	-1	1	-2	1	0	-1	1	0	1	1	1	2	2	3	3	5	0	0	3	7	-4	-4	5	45	-1	-1	1	1	0	0	0	0
1	12	24	-1	1	-2	1	1	-2	1	-1	0	1	-1	3	-1	3	-3	8	0	0	3	7	-4	-4	5	45	-1	-1	1	1	0	0	0	0
1	12	25	-1	1	-2	1	2	-1	1	0	-1	1	-3	2	0	1	-1	3	0	2	1	3	-4	0	-3	5	-1	0	-1	1	0	1	0	0
1	12	26	-1	1	-2	1	1	-1	0	1	-1	2	-2	3	3	2	4	3	0	2	2	6	-4	0	0	32	-1	0	0	1	0	1	1	0
1	12	27	-1	1	-2	1	0	-1	1	1	1	2	1	3	8	5	11	7	0	1	4	15	-4	-3	12	221	-1	-1	1	1	0	0	0	0
1	12	28	-1	1	-2	1	0	-1	1	2	1	3	1	4	18	7	23	9	0	2	5	27	-4	0	21	725	-1	0	1	1	0	1	0	0
1	12	29	-1	1	-2	1	-1	-1	2	1	3	2	4	3	17	12	24	17	0	0	6	34	-4	-4	32	1152	-1	-1	1	1	0	0	0	0
1	12	30	-1	1	-2	1	0	-1	1	0	1	1	1	2	2	3	3	5	0	0	3	7	-4	-4	5	45	-1	-1	1	1	0	0	0	0
1	12	31	-1	1	-2	1	1	-2	0	1	-1	3	-2	5	5	8	8	13	0	2	4	18	-4	0	12	320	-1	0	1	1	0	1	0	0
1	12	32	-1	1	-2	1	-1	-2	1	1	2	3	3	5	13	21	21	34	0	0	7	47	-4	-4	45	2205	-1	-1	1	1	0	0	0	0
1	12	33	-1	1	-2	1	1	-3	0	1	-1	4	-2	7	7	18	12	31	0	2	6	38	-4	0	32	1440	-1	0	1	1	0	1	0	0
1	12	34	-1	1	-2	1	3	-2	-1	1	-4	3	-7	5	3	7	5	12	0	4	1	15	-4	12	-3	221	-1	1	-1	1	0	0	0	0
1	12	35	-1	1	-2	1	2	-1	-1	1	-3	2	-5	3	2	3	3	5	0	3	0	7	-4	5	-4	45	-1	1	-1	1	0	0	0	0
1	12	36	-1	1	-2	1	2	1	-1	0	-3	-1	-5	-2	4	13	7	23	0	2	-5	27	-4	0	21	725	-1	0	1	1	0	1	0	0
1	12	37	-1	1	-2	1	2	-3	-1	2	-3	5	-5	8	12	17	19	27	0	4	5	39	-4	12	21	1517	-1	1	1	1	0	0	0	0
1	12	38	-1	1	-2	1	3	-1	-2	1	-5	2	-8	3	5	8	8	13	0	4	-2	18	-4	12	0	320	-1	1	0	1	0	0	0	0
1	12	39	-1	1	-2	1	1	0	-1	1	-2	1	-3	1	1	1	1	2	0	2	-1	3	-4	0	-3	5	-1	0	-1	1	0	1	0	0
1	12	40	-1	1	-2	1	1	1	-1	0	-2	-1	-3	-2	3	7	5	12	0	1	-4	15	-4	-3	12	221	-1	-1	1	1	0	0	0	0
1	12	41	-1	1	-2	1	1	2	-1	-1	-2	-3	-3	-5	13	21	21	34	0	0	-7	47	-4	-4	45	2205	-1	-1	1	1	0	0	0	0
1	12	42	-1	1	-2	1	2	1	-1	0	-3	-1	-5	-2	4	13	7	23	0	2	-5	27	-4	0	21	725	-1	0	1	1	0	1	0	0
1	12	43	-1	1	-2	1	0	1	-1	0	-1	-1	-1	-2	2	3	3	5	0	0	-3	7	-4	-4	5	45	-1	-1	1	1	0	0	0	0
1	12	44	-1	1	-2	1	1	-1	-1	2	-2	3	-3	4	7	3	9	4	0	3	2	11	-4	5	0	117	-1	1	0	1	0	0	1	0
1	12	45	-1	1	-2	1	0	-1	1	2	1	3	1	4	18	7	23	9	0	2	5	27	-4	0	21	725	-1	0	1	1	0	1	0	0
1	12	46	-1	1	-2	1	1	-2	-1	3	-2	5	-3	7	21	13	29	18	0	4	5	39	-4	12	21	1517	-1	1	1	1	0	0	0	0
1	12	47	-1	1	-2	1	2	-1	-3	2	-5	3	-7	4	8	5	11	7	0	4	-1	15	-4	12	-3	221	-1	1	-1	1	0	0	0	0
1	12	48	-1	1	-2	1	1	0	-2	1	-3	1	-4	1	3	2	4	3	0	2	-2	6	-4	0	0	32	-1	0	0	1	0	1	0	0
1	12	49	-1	1	-2	1	1	1	-2	-1	-3	-2	-4	-3	17	12	24	17	0	0	-6	34	-4	-4	32	1152	-1	-1	1	1	0	0	0	0
1	12	50	-1	1	-2	1	1	-1	-2	3	-3	4	-4	5	13	4	16	5	0	4	2	18	-4	12	0	320	-1	1	0	1	0	0	1	0
1	12	51	-1	1	-2	1	1	0	-3	1	-4	1	-5	1	7	3	9	4	0	2	-3	11	-4	0	5	117	-1	0	1	1	0	1	0	0
1	13	0	1	0	1	1	1	1	0	1	1	1	1	2	0	1	-1	3	2	2	3	3	0	0	5	5	0	0	1	1	1	1	0	0
1	13	1	1	0	1	1	1	2	0	1	1	2	1	3	-1	4	-2	7	2	2	4	6	0	0	12	32	0	0	1	1	1	1	0	0
1	13	2	1	0	1	1	1	3	0	1	1	3	1	4	-2	9	-3	13	2	2	5	11	0	0	21	117	0	0	1	1	1	1	0	0
1	13	3	1	0	1	1	3	2	1	1	3	2	4	3	-1	4	-2	7	2	4	6	6	0	12	32	32	0	1	1	1	1	0	0	0
1	13	4	1	0	1	1	-1	2	-1	1	-1	2	-2	3	-1	4	-2	7	2	0	2	6	0	-4	0	32	0	-1	0	1	1	0	1	0
1	13	5	1	0	1	1	2	1	1	1	2	1	3	2	0	1	-1	3	2	3	4	3	0	5	12	5	0	1	1	1	1	0	0	0
1	13	6	1	0	1	1	2	3	1	2	2	3	3	5	-5	9	-9	16	2	4	7	11	0	12	45	117	0	1	1	1	1	0	0	0
1	13	7	1	0	1	1	3	1	2	1	3	1	5	2	0	1	-1	3	2	4	5	3	0	12	21	5	0	1	1	1	1	0	0	0
1	13	8	1	0	1	1	2	-1	1	0	2	-1	3	-1	1	1	1	2	2	2	1	3	0	0	-3	5	0	0	-1	1	1	1	0	0
1	13	9	1	0	1	1	0	1	-1	1	0	1	-1	2	0	1	-1	3	2	1	2	3	0	-3	0	5	0	-1	0	1	1	0	1	0
1	13	10	1	0	1	1	0	1	-1	0	0	1	-1	1	1	1	1	2	2	0	1	3	0	-4	-3	5	0	-1	-1	1	1	0	0	0
1	13	11	1	0	1	1	0	1	-1	2	0	1	-1	3	-1	1	-5	4	2	2	3	3	0	0	5	5	0	0	1	1	1	1	0	0
1	13	12	1	0	1	1	-1	1	-2	1	-1	1	-3	2	0	1	-1	3	2	0	1	3	0	-4	-3	5	0	-1	-1	1	1	0	0	0
1	13	13	1	0	1	1	1	0	1	1	1	0	2	1	1	0	0	1	2	2	2	2	0	0	0	0	0	0	0	0	1	1	1	2
1	13	14	1	0	1	1	1	1	1	2	1	1	2	3	-1	1	-5	4	2	3	4	3	0	5	12	5	0	1	1	1	1	0	0	0
1	13	15	1	0	1	1	1	2	1	3	1	2	2	5	-5	4	-14	11	2	4	6	6	0	12	32	32	0	1	1	1	1	0	0	0
1	13	16	1	0	1	1	2	1	3	2	2	1	5	3	-1	1	-5	4	2	4	5	3	0	12	21	5	0	1	1	1	1	0	0	0
1	13	17	1	0	1	1	0	1	-1	2	0	1	-1	3	-1	1	-5	4	2	2	3	3	0	0	5	5	0	0	1	1	1	1	0	0
1	13	18	1	0	1	1	1	0	2	1	1	0	3	1	1	0	0	1	2	2	2	2	0	0	0	0	0	0	0	0	1	1	1	2
1	13	19	1	0	1	1	1	1	2	3	1	1	3	4	-2	1	-11	5	2	4	5	3	0	12	21	5	0	1	1	1	1	0	0	0
1	13	20	1	0	1	1	1	0	3	1	1	0	4	1	1	0	0	1	2	2	2	2	0	0	0	0	0	0	0	0	1	1	1	2
1	13	21	1	0	1	1	1	-1	2	-1	1	-1	3	-2	0	1	-1	3	2	0	-1	3	0	-4	-3	5	0	-1	-1	1	1	0	0	0
1	13	22	1	0	1	1	1	-1	1	0	1	-1	2	-1	1	1	1	2	2	1	0	3	0	-3	-4	5	0	-1	-1	1	1	0	0	0
1	13	23	1	0	1	1	0	-1	1	0	0	-1	1	-1	1	1	1	2	2	0	-1	3	0	-4	-3	5	0	-1	-1	1	1	0	0	0
1	13	24	1	0	1	1	1	-2	1	-1	1	-2	2	-3	-1	4	-2	7	2	0	-2	6	0	-4	0	32	0	-1	0	1	1	0	0	0
1	13	25	1	0	1	1	2	-1	1	0	2	-1	3	-1	1	1	1	2	2	2	1	3	0	0	-3	5	0	0	-1	1	1	1	0	0
1	13	26	1	0	1	1	1	-1	0	1	1	-1	1	0	2	1	1	1	2	2	1	3	0	0	-3	5	0	0	-1	1	1	1	0	0
1	13	27	1	0	1	1	0	-1	1	1	0	-1	1	0	2	1	1	1	2	1	0	3	0	-3	-4	5	0	-1	-1	1	1	0	0	0
1	13	28	1	0	1	1	0	-1	1	2	0	-1	1	1	3	1	-1	0	2	2	1	3	0	0	-3	5	0	0	-1	1	1	1	0	0
1	13	29	1	0	1	1	-1	-1	2	1	-1	-1	1	0	2	1	1	1	2	0	-1	3	0	-4	-3	5	0	-1	-1	1	1	0	0	0
1	13	30	1	0	1	1	0	-1	1	0	0	-1	1	-1	1	1	1	2	2	0	-1	3	0	-4	-3	5	0	-1	-1	1	1	0	0	0
1	13	31	1	0	1	1	1	-2	0	1	1	-2	1	-1	3	4	2	3	2	2	0	6	0	0	-4	32	0	0	-1	1	1	1	0	0
1	13	32	1	0	1	1	-1	-2	1	1	-1	-2	0	-1	3	4	2	3	2	0	-2	6	0	-4	0	32	0	-1	0	1	1	0	0	0
1	13	33	1	0	1	1	1	-3	0	1	1	-3	1	-2	4	9	3	7	2	2	-1	11	0	0	-3	117	0	0	-1	1	1	1	0	0
1	13	34	1	0	1	1	3	-2	-1	1	3	-2	2	-1	3	4	2	3	2	4	2	6	0	12	0	32	0	1	0	1	1	0	1	0
1	13	35	1	0	1	1	2	-1	-1	1	2	-1	1	0	2	1	1	1	2	3	2	3	0	5	0	5	0	1	0	1	1	0	1	0
1	13	36	1	0	1	1	2	1	-1	0	2	1	1	1	1	1	1	2	2	2	3	3	0	0	5	5	0	0	1	1	1	1	0	0
1	13	37	1	0	1	1	2	-3	-1	2	2	-3	1	-1	7	9	3	4	2	4	1	11	0	12	-3	117	0	1	-1	1	1	0	0	0
1	13	38	1	0	1	1	3	-1	-2	1	3	-1	1	0	2	1	1	1	2	4	3	3	0	12	5	5	0	1	1	1	1	0	0	0
1	13	39	1	0	1	1	1	0	-1	1	1	0	0	1	1	0	0	1	2	2	2	2	0	0	0	0	0	0	0	0	1	1	2	2
1	13	40	1	0	1	1	1	1	-1	0	1	1	0	1	1	1	1	2	2	1	2	3	0	-3	0	5	0	-1	0	1	1	0	1	0
1	13	41	1	0	1	1	1	2	-1	-1	1	2	0	1	3	4	2	3	2	0	2	6	0	-4	0	32	0	-1	0	1	1	0	1	0
1	13	42	1	0	1	1	2	1	-1	0	2	1	1	1	1	1	1	2	2	2	3	3	0	0	5	5	0	0	1	1	1	1	0	0
1	13	43	1	0	1	1	0	1	-1	0	0	1	-1	1	1	1	1	2	2	0	1	3	0	-4	-3	5	0	-1	-1	1	1	0	0	0
1	13	44	1	0	1	1	1	-1	-1	2	1	-1	0	1	3	1	-1	0	2	3	2	3	0	5	0	5	0	1	0	1	1	0	1	0
1	13	45	1	0	1	1	0	-1	1	2	0	-1	1	1	3	1	-1	0	2	2	1	3	0	0	-3	5	0	0	-1	1	1	1	0	0
1	13	46	1	0	1	1	1	-2	-1	3	1	-2	0	1	7	4	-2	-1	2	4	2	6	0	12	0	32	0	1	0	1	1	0	1	0
1	13	47	1	0	1	1	2	-1	-3	2	2	-1	-1	1	3	1	-1	0	2	4	3	3	0	12	5	5	0	1	1	1	1	0	0	0
1	13	48	1	0	1	1	1	0	-2	1	1	0	-1	1	1	0	0	1	2	2	2	2	0	0	0	0	0	0	0	0	1	1	1	2
1	13	49	1	0	1	1	1	1	-2	-1	1	1	-1	0	2	1	1	1	2	0	1	3	0	-4	-3	5	0	-1	-1	1	1	0	0	0
1	13	50	1	0	1	1	1	-1	-2	3	1	-1	-1	2	4	1	-5	-1	2	4	3	3	0	12	5	5	0	1	1	1	1	0	0	0
1	13	51	1	0	1	1	1	0	-3	1	1	0	-2	1	1	0	0	1	2	2	2	2	0	0	0	0	0	0	0	0	1	1	1	2
1	14	0	1	1	1	2	1	1	0	1	1	2	1	3	0	1	-1	3	3	2	4	3	5	0	12	5	1	0	1	1	0	1	0	0
1	14	1	1	1	1	2	1	2	0	1	1	3	1	4	-1	4	-2	7	3	2	5	6	5	0	21	32	1	0	1	1	0	1	0	0
1	14	2	1	1	1	2	1	3	0	1	1	4	1	5	-2	9	-3	13	3	2	6	11	5	0	32	117	1	0	1	1	0	1	0	0
1	14	3	1	1	1	2	3	2	1	1	4	3	5	4	6	-13	7	-15	3	4	8	-9	5	12	60	77	1	1	1	1	0	0	0	0
1	14	4	1	1	1	2	-1	2	-1	1	-2	3	-3	4	-2	9	-3	13	3	0	2	11	5	-4	0	117	1	-1	0	1	0	0	1	0
1	14	5	1	1	1	2	2	1	1	1	3	2	4	3	5	-6	6	-7	3	3	6	-2	5	5	32	0	1	1	1	0	0	0	0	0
1	14	6	1	1	1	2	2	3	1	2	3	5	4	7	0	1	-1	3	3	4	10	3	5	12	96	5	1	1	1	1	0	0	0	0
1	14	7	1	1	1	2	3	1	2	1	5	2	7	3	14	-17	19	-23	3	4	8	-9	5	12	60	77	1	1	1	1	0	0	0	0
1	14	8	1	1	1	2	2	-1	1	0	3	-1	4	-1	4	-1	5	-1	3	2	2	3	5	0	0	5	1	0	0	1	0	1	1	0
1	14	9	1	1	1	2	0	1	-1	1	-1	2	-2	3	-1	4	-2	7	3	1	2	6	5	-3	0	32	1	-1	0	1	0	0	1	0
1	14	10	1	1	1	2	0	1	-1	0	-1	1	-2	1	2	3	3	5	3	0	0	7	5	-4	-4	45	1	-1	-1	1	0	0	0	0
1	14	11	1	1	1	2	0	1	-1	2	-1	3	-2	5	-6	5	-11	9	3	2	4	3	5	0	12	5	1	0	1	1	0	1	0	0
1	14	12	1	1	1	2	-1	1	-2	1	-3	2	-5	3	2	3	3	5	3	0	0	7	5	-4	-4	45	1	-1	-1	1	0	0	0	0
1	14	13	1	1	1	2	1	0	1	1	2	1	3	2	4	-1	5	-1	3	2	4	3	5	0	12	5	1	0	1	1	0	1	0	0
1	14	14	1	1	1	2	1	1	1	2	2	3	3	5	1	0	0	1	3	3	7	2	5	5	45	0	1	1	1	0	0	0	0	2
1	14	15	1	1	1	2	1	2	1	3	2	5	3	8	-6	5	-11	9	3	4	10	3	5	12	96	5	1	1	1	1	0	0	0	0
1	14	16	1	1	1	2	2	1	3	2	5	3	8	5	20	-11	31	-17	3	4	10	3	5	12	96	5	1	1	1	1	0	0	0	0
1	14	17	1	1	1	2	0	1	-1	2	-1	3	-2	5	-6	5	-11	9	3	2	4	3	5	0	12	5	1	0	1	1	0	1	0	0
1	14	18	1	1	1	2	1	0	2	1	3	1	5	2	9	-2	14	-3	3	2	5	6	5	0	21	32	1	0	1	1	0	1	0	0
1	14	19	1	1	1	2	1	1	2	3	3	4	5	7	4	-1	5	-1	3	4	10	3	5	12	96	5	1	1	1	1	0	0	0	0
1	14	20	1	1	1	2	1	0	3	1	4	1	7	2	16	-3	27	-5	3	2	6	11	5	0	32	117	1	0	1	1	0	1	0	0
1	14	21	1	1	1	2	1	-1	2	-1	3	-2	5	-3	2	3	3	5	3	0	0	7	5	-4	-4	45	1	-1	-1	1	0	0	0	0
1	14	22	1	1	1	2	1	-1	1	0	2	-1	3	-1	3	2	4	3	3	1	1	6	5	-3	-3	32	1	-1	-1	1	0	0	0	0
1	14	23	1	1	1	2	0	-1	1	0	1	-1	2	-1	2	3	3	5	3	0	0	7	5	-4	-4	45	1	-1	-1	1	0	0	0	0
1	14	24	1	1	1	2	1	-2	1	-1	2	-3	3	-4	-2	9	-3	13	3	0	-2	11	5	-4	0	117	1	-1	0	1	0	0	0	0
1	14	25	1	1	1	2	2	-1	1	0	3	-1	4	-1	4	-1	5	-1	3	2	2	3	5	0	0	5	1	0	0	1	0	1	1	0
1	14	26	1	1	1	2	1	-1	0	1	1	0	1	1	2	1	1	1	3	2	2	3	5	0	0	5	1	0	0	1	0	1	1	0
1	14	27	1	1	1	2	0	-1	1	1	1	0	2	1	3	2	4	3	3	1	2	6	5	-3	0	32	1	-1	0	1	0	0	1	0
1	14	28	1	1	1	2	0	-1	1	2	1	1	2	3	2	1	1	1	3	2	4	3	5	0	12	5	1	0	1	1	0	1	0	0
1	14	29	1	1	1	2	-1	-1	2	1	1	0	3	1	4	3	9	7	3	0	2	11	5	-4	0	117	1	-1	0	1	0	0	1	0
1	14	30	1	1	1	2	0	-1	1	0	1	-1	2	-1	2	3	3	5	3	0	0	7	5	-4	-4	45	1	-1	-1	1	0	0	0	0
1	14	31	1	1	1	2	1	-2	0	1	1	-1	1	0	3	4	2	3	3	2	1	6	5	0	-3	32	1	0	-1	1	0	1	0	0
1	14	32	1	1	1	2	-1	-2	1	1	0	-1	1	0	2	3	3	5	3	0	0	7	5	-4	-4	45	1	-1	-1	1	0	0	0	0
1	14	33	1	1	1	2	1	-3	0	1	1	-2	1	-1	4	9	3	7	3	2	0	11	5	0	-4	117	1	0	-1	1	0	1	0	0
1	14	34	1	1	1	2	3	-2	-1	1	2	-1	1	0	2	1	1	1	3	4	2	3	5	12	0	5	1	1	0	1	0	0	1	0
1	14	35	1	1	1	2	2	-1	-1	1	1	0	0	1	1	0	0	1	3	3	2	2	5	5	0	0	1	1	0	0	0	0	2	2
1	14	36	1	1	1	2	2	1	-1	0	1	1	0	1	0	-1	1	3	3	2	2	3	5	0	0	5	1	0	0	1	0	1	1	0
1	14	37	1	1	1	2	2	-3	-1	2	1	-1	0	1	4	5	-1	-1	3	4	2	3	5	12	0	5	1	1	0	1	0	0	1	0
1	14	38	1	1	1	2	3	-1	-2	1	1	0	-1	1	0	-1	1	3	3	4	2	3	5	12	0	5	1	1	0	1	0	0	1	0
1	14	39	1	1	1	2	1	0	-1	1	0	1	-1	2	0	1	-1	3	3	2	2	3	5	0	0	5	1	0	0	1	0	1	1	0
1	14	40	1	1	1	2	1	1	-1	0	0	1	-1	1	1	2	2	5	3	1	1	6	5	-3	-3	32	1	-1	-1	1	0	0	0	0
1	14	41	1	1	1	2	1	2	-1	-1	0	1	-1	0	2	3	3	5	3	0	0	7	5	-4	-4	45	1	-1	-1	1	0	0	0	0
1	14	42	1	1	1	2	2	1	-1	0	1	1	0	1	0	-1	1	3	3	2	2	3	5	0	0	5	1	0	0	1	0	1	1	0
1	14	43	1	1	1	2	0	1	-1	0	-1	1	-2	1	2	3	3	5	3	0	0	7	5	-4	-4	45	1	-1	-1	1	0	0	0	0
1	14	44	1	1	1	2	1	-1	-1	2	0	1	-1	3	-1	0	-6	-1	3	3	3	-2	5	5	5	0	1	1	1	0	0	0	0	0
1	14	45	1	1	1	2	0	-1	1	2	1	1	2	3	2	1	1	1	3	2	4	3	5	0	12	5	1	0	1	1	0	1	0	0
1	14	46	1	1	1	2	1	-2	-1	3	0	1	-1	4	-2	-1	-13	-7	3	4	4	-9	5	12	12	77	1	1	1	1	0	0	0	0
1	14	47	1	1	1	2	2	-1	-3	2	-1	1	-4	3	0	1	-1	3	3	4	2	3	5	12	0	5	1	1	0	1	0	0	1	0
1	14	48	1	1	1	2	1	0	-2	1	-1	1	-3	2	1	2	2	5	3	2	1	6	5	0	-3	32	1	0	-1	1	0	1	0	0
1	14	49	1	1	1	2	1	1	-2	-1	-1	0	-3	-1	4	3	9	7	3	0	-2	11	5	-4	0	117	1	-1	0	1	0	0	0	0
1	14	50	1	1	1	2	1	-1	-2	3	-1	2	-3	5	-6	-1	-17	-3	3	4	4	-9	5	12	12	77	1	1	1	1	0	0	0	0
1	14	51	1	1	1	2	1	0	-3	1	-2	1	-5	2	4	3	9	7	3	2	0	11	5	0	-4	117	1	0	-1	1	0	1	0	0
1	15	0	1	2	1	3	1	1	0	1	1	3	1	4	0	1	-1	3	4	2	5	3	12	0	21	5	1	0	1	1	0	1	0	0
1	15	1	1	2	1	3	1	2	0	1	1	4	1	5	-1	4	-2	7	4	2	6	6	12	0	32	32	1	0	1	1	0	1	0	0
1	15	2	1	2	1	3	1	3	0	1	1	5	1	6	-2	9	-3	13	4	2	7	11	12	0	45	117	1	0	1	1	0	1	0	0
1	15	3	1	2	1	3	3	2	1	1	5	4	6	5	17	-40	20	-47	4	4	10	-30	12	12	96	896	1	1	1	1	0	0	0	0
1	15	4	1	2	1	3	-1	2	-1	1	-3	4	-4	5	-3	16	-4	21	4	0	2	18	12	-4	0	320	1	-1	0	1	0	0	1	0
1	15	5	1	2	1	3	2	1	1	1	4	3	5	4	14	-19	17	-23	4	3	8	-9	12	5	60	77	1	1	1	1	0	0	0	0
1	15	6	1	2	1	3	2	3	1	2	4	7	5	9	11	-17	13	-20	4	4	13	-9	12	12	165	77	1	1	1	1	0	0	0	0
1	15	7	1	2	1	3	3	1	2	1	7	3	9	4	40	-51	51	-65	4	4	11	-25	12	12	117	621	1	1	1	1	0	0	0	0
1	15	8	1	2	1	3	2	-1	1	0	4	-1	5	-1	9	-5	11	-6	4	2	3	3	12	0	5	5	1	0	1	1	0	1	0	0
1	15	9	1	2	1	3	0	1	-1	1	-2	3	-3	4	-2	9	-3	13	4	1	2	11	12	-3	0	117	1	-1	0	1	0	0	1	0
1	15	10	1	2	1	3	0	1	-1	0	-2	1	-3	1	5	7	7	10	4	0	-1	15	12	-4	-3	221	1	-1	-1	1	0	0	0	0
1	15	11	1	2	1	3	0	1	-1	2	-2	5	-3	7	-13	11	-19	16	4	2	5	3	12	0	21	5	1	0	1	1	0	1	0	0
1	15	12	1	2	1	3	-1	1	-2	1	-5	3	-7	4	8	5	11	7	4	0	-1	15	12	-4	-3	221	1	-1	-1	1	0	0	0	0
1	15	13	1	2	1	3	1	0	1	1	3	2	4	3	11	-4	14	-5	4	2	6	6	12	0	32	32	1	0	1	1	0	1	0	0
1	15	14	1	2	1	3	1	1	1	2	3	5	4	7	9	-5	11	-6	4	3	10	3	12	5	96	5	1	1	1	1	0	0	0	0
1	15	15	1	2	1	3	1	2	1	3	3	8	4	11	1	0	0	1	4	4	14	2	12	12	192	0	1	1	1	0	0	0	0	2
1	15	16	1	2	1	3	2	1	3	2	8	5	11	7	71	-41	97	-56	4	4	15	15	12	12	221	221	1	1	1	1	0	0	0	0
1	15	17	1	2	1	3	0	1	-1	2	-2	5	-3	7	-13	11	-19	16	4	2	5	3	12	0	21	5	1	0	1	1	0	1	0	0
1	15	18	1	2	1	3	1	0	2	1	5	2	7	3	29	-8	40	-11	4	2	8	18	12	0	60	320	1	0	1	1	0	1	0	0
1	15	19	1	2	1	3	1	1	2	3	5	7	7	10	30	-11	41	-15	4	4	15	15	12	12	221	221	1	1	1	1	0	0	0	0
1	15	20	1	2	1	3	1	0	3	1	7	2	10	3	55	-12	78	-17	4	2	10	38	12	0	96	1440	1	0	1	1	0	1	0	0
1	15	21	1	2	1	3	1	-1	2	-1	5	-3	7	-4	8	5	11	7	4	0	1	15	12	-4	-3	221	1	-1	-1	1	0	0	0	0
1	15	22	1	2	1	3	1	-1	1	0	3	-1	4	-1	7	3	9	4	4	1	2	11	12	-3	0	117	1	-1	0	1	0	0	1	0
1	15	23	1	2	1	3	0	-1	1	0	2	-1	3	-1	5	7	7	10	4	0	1	15	12	-4	-3	221	1	-1	-1	1	0	0	0	0
1	15	24	1	2	1	3	1	-2	1	-1	3	-4	4	-5	-3	16	-4	21	4	0	-2	18	12	-4	0	320	1	-1	0	1	0	0	0	0
1	15	25	1	2	1	3	2	-1	1	0	4	-1	5	-1	9	-5	11	-6	4	2	3	3	12	0	5	5	1	0	1	1	0	1	0	0
1	15	26	1	2	1	3	1	-1	0	1	1	1	1	2	2	1	1	1	4	2	3	3	12	0	5	5	1	0	1	1	0	1	0	0
1	15	27	1	2	1	3	0	-1	1	1	2	1	3	2	8	5	11	7	4	1	4	15	12	-3	12	221	1	-1	1	1	0	0	0	0
1	15	28	1	2	1	3	0	-1	1	2	2	3	3	5	7	3	9	4	4	2	7	11	12	0	45	117	1	0	1	1	0	1	0	0
1	15	29	1	2	1	3	-1	-1	2	1	3	1	5	2	18	13	29	21	4	0	5	39	12	-4	21	1517	1	-1	1	1	0	0	0	0
1	15	30	1	2	1	3	0	-1	1	0	2	-1	3	-1	5	7	7	10	4	0	1	15	12	-4	-3	221	1	-1	-1	1	0	0	0	0
1	15	31	1	2	1	3	1	-2	0	1	1	0	1	1	3	4	2	3	4	2	2	6	12	0	0	32	1	0	0	1	0	1	1	0
1	15	32	1	2	1	3	-1	-2	1	1	1	0	2	1	5	8	8	13	4	0	2	18	12	-4	0	320	1	-1	0	1	0	0	1	0
1	15	33	1	2	1	3	1	-3	0	1	1	-1	1	0	4	9	3	7	4	2	1	11	12	0	-3	117	1	0	-1	1	0	1	0	0
1	15	34	1	2	1	3	3	-2	-1	1	1	0	0	1	1	0	0	1	4	4	2	2	12	12	0	0	1	1	0	0	0	0	2	2
1	15	35	1	2	1	3	2	-1	-1	1	0	1	-1	2	0	1	-1	3	4	3	2	3	12	5	0	5	1	1	0	1	0	0	1	0
1	15	36	1	2	1	3	2	1	-1	0	0	1	-1	1	1	3	3	10	4	2	1	11	12	0	-3	117	1	0	-1	1	0	1	0	0
1	15	37	1	2	1	3	2	-3	-1	2	0	1	-1	3	-1	-1	-7	-8	4	4	3	-9	12	12	5	77	1	1	1	1	0	0	0	0
1	15	38	1	2	1	3	3	-1	-2	1	-1	1	-3	2	2	5	5	13	4	4	1	15	12	12	-3	221	1	1	-1	1	0	0	0	0
1	15	39	1	2	1	3	1	0	-1	1	-1	2	-2	3	-1	4	-2	7	4	2	2	6	12	0	0	32	1	0	0	1	0	1	1	0
1	15	40	1	2	1	3	1	1	-1	0	-1	1	-2	1	3	7	5	12	4	1	0	15	12	-3	-4	221	1	-1	-1	1	0	0	0	0
1	15	41	1	2	1	3	1	2	-1	-1	-1	0	-2	-1	5	8	8	13	4	0	-2	18	12	-4	0	320	1	-1	0	1	0	0	0	0
1	15	42	1	2	1	3	2	1	-1	0	0	1	-1	1	1	3	3	10	4	2	1	11	12	0	-3	117	1	0	-1	1	0	1	0	0
1	15	43	1	2	1	3	0	1	-1	0	-2	1	-3	1	5	7	7	10	4	0	-1	15	12	-4	-3	221	1	-1	-1	1	0	0	0	0
1	15	44	1	2	1	3	1	-1	-1	2	-1	3	-2	5	-7	-1	-13	-2	4	3	4	-9	12	5	12	77	1	1	1	1	0	0	0	0
1	15	45	1	2	1	3	0	-1	1	2	2	3	3	5	7	3	9	4	4	2	7	11	12	0	45	117	1	0	1	1	0	1	0	0
1	15	46	1	2	1	3	1	-2	-1	3	-1	4	-2	7	-15	-8	-28	-15	4	4	6	-30	12	12	32	896	1	1	1	1	0	0	0	0
1	15	47	1	2	1	3	2	-1	-3	2	-4	3	-7	5	3	7	5	12	4	4	1	15	12	12	-3	221	1	1	-1	1	0	0	0	0
1	15	48	1	2	1	3	1	0	-2	1	-3	2	-5	3	5	8	8	13	4	2	0	18	12	0	-4	320	1	0	-1	1	0	1	0	0
1	15	49	1	2	1	3	1	1	-2	-1	-3	-1	-5	-2	18	13	29	21	4	0	-5	39	12	-4	21	1517	1	-1	1	1	0	0	0	0
1	15	50	1	2	1	3	1	-1	-2	3	-3	5	-5	8	-20	-3	-33	-5	4	4	5	-25	12	12	21	621	1	1	1	1	0	0	0	0
1	15	51	1	2	1	3	1	0	-3	1	-5	2	-8	3	19	12	30	19	4	2	-2	38	12	0	0	1440	1	0	0	1	0	1	0	0
1	16	0	2	1	3	2	1	1	0	1	2	3	3	5	-5	9	-9	16	4	2	7	11	12	0	45	117	1	0	1	1	0	1	0	0
1	16	1	2	1	3	2	1	2	0	1	2	5	3	8	-11	30	-18	49	4	2	10	38	12	0	96	1440	1	0	1	1	0	1	0	0
1	16	2	2	1	3	2	1	3	0	1	2	7	3	11	-17	63	-27	100	4	2	13	83	12	0	165	6885	1	0	1	1	0	1	0	0
1	16	3	2	1	3	2	3	2	1	1	7	5	11	8	-4	11	-7	19	4	4	15	15	12	12	221	221	1	1	1	1	0	0	0	0
1	16	4	2	1	3	2	-1	2	-1	1	-3	5	-5	8	-8	29	-13	47	4	0	5	39	12	-4	21	1517	1	-1	1	1	0	0	0	0
1	16	5	2	1	3	2	2	1	1	1	5	3	8	5	0	1	-1	3	4	3	10	3	12	5	96	5	1	1	1	1	0	0	0	0
1	16	6	2	1	3	2	2	3	1	2	5	8	8	13	-39	64	-64	105	4	4	18	66	12	12	320	4352	1	1	1	1	0	0	0	0
1	16	7	2	1	3	2	3	1	2	1	8	3	13	5	11	-13	17	-20	4	4	13	-9	12	12	165	77	1	1	1	1	0	0	0	0
1	16	8	2	1	3	2	2	-1	1	0	5	-2	8	-3	9	-2	14	-3	4	2	2	6	12	0	0	32	1	0	0	1	0	1	1	0
1	16	9	2	1	3	2	0	1	-1	1	-1	3	-2	5	-4	11	-7	19	4	1	4	15	12	-3	12	221	1	-1	1	1	0	0	0	0
1	16	10	2	1	3	2	0	1	-1	0	-1	2	-2	3	5	8	8	13	4	0	2	18	12	-4	0	320	1	-1	0	1	0	0	1	0
1	16	11	2	1	3	2	0	1	-1	2	-1	4	-2	7	-19	14	-34	25	4	2	6	6	12	0	32	32	1	0	1	1	0	1	0	0
1	16	12	2	1	3	2	-1	1	-2	1	-4	3	-7	5	3	7	5	12	4	0	1	15	12	-4	-3	221	1	-1	-1	1	0	0	0	0
1	16	13	2	1	3	2	1	0	1	1	3	1	5	2	4	-1	5	-1	4	2	5	3	12	0	21	5	1	0	1	1	0	1	0	0
1	16	14	2	1	3	2	1	1	1	2	3	4	5	7	-17	11	-31	20	4	3	10	3	12	5	96	5	1	1	1	1	0	0	0	0
1	16	15	2	1	3	2	1	2	1	3	3	7	5	12	-56	41	-97	71	4	4	15	15	12	12	221	221	1	1	1	1	0	0	0	0
1	16	16	2	1	3	2	2	1	3	2	7	4	12	7	1	0	0	1	4	4	14	2	12	12	192	0	1	1	1	0	0	0	0	2
1	16	17	2	1	3	2	0	1	-1	2	-1	4	-2	7	-19	14	-34	25	4	2	6	6	12	0	32	32	1	0	1	1	0	1	0	0
1	16	18	2	1	3	2	1	0	2	1	4	1	7	2	9	-2	14	-3	4	2	6	6	12	0	32	32	1	0	1	1	0	1	0	0
1	16	19	2	1	3	2	1	1	2	3	4	5	7	9	-33	13	-61	24	4	4	13	-9	12	12	165	77	1	1	1	1	0	0	0	0
1	16	20	2	1	3	2	1	0	3	1	5	1	9	2	16	-3	27	-5	4	2	7	11	12	0	45	117	1	0	1	1	0	1	0	0
1	16	21	2	1	3	2	1	-1	2	-1	4	-3	7	-5	3	7	5	12	4	0	-1	15	12	-4	-3	221	1	-1	-1	1	0	0	0	0
1	16	22	2	1	3	2	1	-1	1	0	3	-2	5	-3	7	5	11	8	4	1	0	15	12	-3	-4	221	1	-1	-1	1	0	0	0	0
1	16	23	2	1	3	2	0	-1	1	0	1	-2	2	-3	5	8	8	13	4	0	-2	18	12	-4	0	320	1	-1	0	1	0	0	0	0
1	16	24	2	1	3	2	1	-2	1	-1	3	-5	5	-8	-8	29	-13	47	4	0	-5	39	12	-4	21	1517	1	-1	1	1	0	0	0	0
1	16	25	2	1	3	2	2	-1	1	0	5	-2	8	-3	9	-2	14	-3	4	2	2	6	12	0	0	32	1	0	0	1	0	1	1	0
1	16	26	2	1	3	2	1	-1	0	1	2	-1	3	-1	7	3	9	4	4	2	1	11	12	0	-3	117	1	0	-1	1	0	1	0	0
1	16	27	2	1	3	2	0	-1	1	1	1	-1	2	-1	8	5	11	7	4	1	0	15	12	-3	-4	221	1	-1	-1	1	0	0	0	0
1	16	28	2	1	3	2	0	-1	1	2	1	0	2	1	5	2	2	1	4	2	2	6	12	0	0	32	1	0	0	1	0	1	1	0
1	16	29	2	1	3	2	-1	-1	2	1	0	-1	1	-1	7	5	11	8	4	0	-1	15	12	-4	-3	221	1	-1	-1	1	0	0	0	0
1	16	30	2	1	3	2	0	-1	1	0	1	-2	2	-3	5	8	8	13	4	0	-2	18	12	-4	0	320	1	-1	0	1	0	0	0	0
1	16	31	2	1	3	2	1	-2	0	1	2	-3	3	-4	13	18	18	25	4	2	-2	38	12	0	0	1440	1	0	0	1	0	1	0	0
1	16	32	2	1	3	2	-1	-2	1	1	-1	-3	-1	-4	12	19	17	27	4	0	-5	39	12	-4	21	1517	1	-1	1	1	0	0	0	0
1	16	33	2	1	3	2	1	-3	0	1	2	-5	3	-7	19	45	27	64	4	2	-5	83	12	0	21	6885	1	0	1	1	0	1	0	0
1	16	34	2	1	3	2	3	-2	-1	1	5	-3	7	-4	8	5	11	7	4	4	1	15	12	12	-3	221	1	1	-1	1	0	0	0	0
1	16	35	2	1	3	2	2	-1	-1	1	3	-1	4	-1	4	-1	5	-1	4	3	2	3	12	5	0	5	1	1	0	1	0	0	1	0
1	16	36	2	1	3	2	2	1	-1	0	3	2	4	3	1	2	2	5	4	2	6	6	12	0	32	32	1	0	1	1	0	1	0	0
1	16	37	2	1	3	2	2	-3	-1	2	3	-4	4	-5	25	32	32	41	4	4	-2	66	12	12	0	4352	1	1	0	1	0	0	0	0
1	16	38	2	1	3	2	3	-1	-2	1	4	-1	5	-1	-1	-7	-1	-8	4	4	3	-9	12	12	5	77	1	1	1	1	0	0	0	0
1	16	39	2	1	3	2	1	0	-1	1	1	1	1	2	0	1	-1	3	4	2	3	3	12	0	5	5	1	0	1	1	0	1	0	0
1	16	40	2	1	3	2	1	1	-1	0	1	2	1	3	3	7	5	12	4	1	4	15	12	-3	12	221	1	-1	1	1	0	0	0	0
1	16	41	2	1	3	2	1	2	-1	-1	1	3	1	4	12	19	17	27	4	0	5	39	12	-4	21	1517	1	-1	1	1	0	0	0	0
1	16	42	2	1	3	2	2	1	-1	0	3	2	4	3	1	2	2	5	4	2	6	6	12	0	32	32	1	0	1	1	0	1	0	0
1	16	43	2	1	3	2	0	1	-1	0	-1	2	-2	3	5	8	8	13	4	0	2	18	12	-4	0	320	1	-1	0	1	0	0	1	0
1	16	44	2	1	3	2	1	-1	-1	2	1	0	1	1	3	1	-1	0	4	3	2	3	12	5	0	5	1	1	0	1	0	0	1	0
1	16	45	2	1	3	2	0	-1	1	2	1	0	2	1	5	2	2	1	4	2	2	6	12	0	0	32	1	0	0	1	0	1	1	0
1	16	46	2	1	3	2	1	-2	-1	3	1	-1	1	0	12	7	5	3	4	4	1	15	12	12	-3	221	1	1	-1	1	0	0	0	0
1	16	47	2	1	3	2	2	-1	-3	2	1	0	0	1	1	0	0	1	4	4	2	2	12	12	0	0	1	1	0	0	0	0	2	2
1	16	48	2	1	3	2	1	0	-2	1	0	1	-1	2	1	2	2	5	4	2	2	6	12	0	0	32	1	0	0	1	0	1	1	0
1	16	49	2	1	3	2	1	1	-2	-1	0	1	-1	1	7	5	11	8	4	0	1	15	12	-4	-3	221	1	-1	-1	1	0	0	0	0
1	16	50	2	1	3	2	1	-1	-2	3	0	1	-1	3	-5	-1	-19	-4	4	4	3	-9	12	12	5	77	1	1	1	1	0	0	0	0
1	16	51	2	1	3	2	1	0	-3	1	-1	1	-3	2	4	3	9	7	4	2	1	11	12	0	-3	117	1	0	-1	1	0	1	0	0
1	17	0	0	1	-1	2	1	1	0	1	0	1	-1	1	1	-1	-1	2	2	2	1	3	0	0	-3	5	0	0	-1	1	1	1	0	0
1	17	1	0	1	-1	2	1	2	0	1	0	1	-1	0	1	-2	-2	5	2	2	0	6	0	0	-4	32	0	0	-1	1	1	1	0	0
1	17	2	0	1	-1	2	1	3	0	1	0	1	-1	-1	1	-3	-3	10	2	2	-1	11	0	0	-3	117	0	0	-1	1	1	1	0	0
1	17	3	0	1	-1	2	3	2	1	1	1	1	-1	0	4	-9	-3	7	2	4	1	11	0	12	-3	117	0	1	-1	1	1	0	0	0
1	17	4	0	1	-1	2	-1	2	-1	1	-1	1	-1	0	0	1	-1	3	2	0	-1	3	0	-4	-3	5	0	-1	-1	1	1	0	0	0
1	17	5	0	1	-1	2	2	1	1	1	1	1	0	1	4	-5	1	-1	2	3	2	3	0	5	0	5	0	1	0	1	1	0	1	0
1	17	6	0	1	-1	2	2	3	1	2	1	2	0	1	9	-14	2	-3	2	4	2	6	0	12	0	32	0	1	0	1	1	0	1	0
1	17	7	0	1	-1	2	3	1	2	1	2	1	1	1	9	-11	5	-6	2	4	3	3	0	12	5	5	0	1	1	1	1	0	0	0
1	17	8	0	1	-1	2	2	-1	1	0	1	0	0	1	1	0	0	1	2	2	2	2	0	0	0	0	0	0	0	0	1	1	2	2
1	17	9	0	1	-1	2	0	1	-1	1	-1	1	-2	1	0	1	-1	3	2	1	0	3	0	-3	-4	5	0	-1	-1	1	1	0	0	0
1	17	10	0	1	-1	2	0	1	-1	0	-1	0	-2	-1	1	2	2	5	2	0	-2	6	0	-4	0	32	0	-1	0	1	1	0	0	0
1	17	11	0	1	-1	2	0	1	-1	2	-1	2	-2	3	1	0	0	1	2	2	2	2	0	0	0	0	0	0	0	0	1	1	1	2
1	17	12	0	1	-1	2	-1	1	-2	1	-2	1	-3	1	1	1	1	2	2	0	-1	3	0	-4	-3	5	0	-1	-1	1	1	0	0	0
1	17	13	0	1	-1	2	1	0	1	1	1	1	1	2	4	-1	5	-1	2	2	3	3	0	0	5	5	0	0	1	1	1	1	0	0
1	17	14	0	1	-1	2	1	1	1	2	1	2	1	3	9	-5	11	-6	2	3	4	3	0	5	12	5	0	1	1	1	1	0	0	0
1	17	15	0	1	-1	2	1	2	1	3	1	3	1	4	16	-11	19	-13	2	4	5	3	0	12	21	5	0	1	1	1	1	0	0	0
1	17	16	0	1	-1	2	2	1	3	2	3	2	4	3	25	-14	34	-19	2	4	6	6	0	12	32	32	0	1	1	1	1	0	0	0
1	17	17	0	1	-1	2	0	1	-1	2	-1	2	-2	3	1	0	0	1	2	2	2	2	0	0	0	0	0	0	0	0	1	1	1	2
1	17	18	0	1	-1	2	1	0	2	1	2	1	3	2	9	-2	14	-3	2	2	4	6	0	0	12	32	0	0	1	1	1	1	0	0
1	17	19	0	1	-1	2	1	1	2	3	2	3	3	5	25	-9	39	-14	2	4	7	11	0	12	45	117	0	1	1	1	1	0	0	0
1	17	20	0	1	-1	2	1	0	3	1	3	1	5	2	16	-3	27	-5	2	2	5	11	0	0	21	117	0	0	1	1	1	1	0	0
1	17	21	0	1	-1	2	1	-1	2	-1	2	-1	3	-1	1	1	1	2	2	0	1	3	0	-4	-3	5	0	-1	-1	1	1	0	0	0
1	17	22	0	1	-1	2	1	-1	1	0	1	0	1	1	1	1	1	2	2	1	2	3	0	-3	0	5	0	-1	0	1	1	0	1	0
1	17	23	0	1	-1	2	0	-1	1	0	1	0	2	1	1	2	2	5	2	0	2	6	0	-4	0	32	0	-1	0	1	1	0	1	0
1	17	24	0	1	-1	2	1	-2	1	-1	1	-1	1	0	0	1	-1	3	2	0	1	3	0	-4	-3	5	0	-1	-1	1	1	0	0	0
1	17	25	0	1	-1	2	2	-1	1	0	1	0	0	1	1	0	0	1	2	2	2	2	0	0	0	0	0	0	0	0	1	1	2	2
1	17	26	0	1	-1	2	1	-1	0	1	0	1	-1	3	1	1	1	2	2	2	3	3	0	0	5	5	0	0	1	1	1	1	0	0
1	17	27	0	1	-1	2	0	-1	1	1	1	1	2	3	4	3	9	7	2	1	4	11	0	-3	12	117	0	-1	1	1	1	0	0	0
1	17	28	0	1	-1	2	0	-1	1	2	1	2	2	5	9	4	20	9	2	2	6	18	0	0	32	320	0	0	1	1	1	1	0	0
1	17	29	0	1	-1	2	-1	-1	2	1	2	1	5	3	9	7	23	18	2	0	5	27	0	-4	21	725	0	-1	1	1	1	0	0	0
1	17	30	0	1	-1	2	0	-1	1	0	1	0	2	1	1	2	2	5	2	0	2	6	0	-4	0	32	0	-1	0	1	1	0	1	0
1	17	31	0	1	-1	2	1	-2	0	1	0	1	-1	4	1	2	2	5	2	2	4	6	0	0	12	32	0	0	1	1	1	1	0	0
1	17	32	0	1	-1	2	-1	-2	1	1	1	1	3	4	4	7	13	23	2	0	5	27	0	-4	21	725	0	-1	1	1	1	0	0	0
1	17	33	0	1	-1	2	1	-3	0	1	0	1	-1	5	1	3	3	10	2	2	5	11	0	0	21	117	0	0	1	1	1	1	0	0
1	17	34	0	1	-1	2	3	-2	-1	1	-1	1	-5	4	0	1	-1	3	2	4	3	3	0	12	5	5	0	1	1	1	1	0	0	0
1	17	35	0	1	-1	2	2	-1	-1	1	-1	1	-4	3	0	1	-1	3	2	3	2	3	0	5	0	5	0	1	0	1	1	0	1	0
1	17	36	0	1	-1	2	2	1	-1	0	-1	0	-4	-1	1	4	4	17	2	2	-2	18	0	0	0	320	0	0	0	1	1	1	0	0
1	17	37	0	1	-1	2	2	-3	-1	2	-1	2	-4	7	1	2	2	5	2	4	6	6	0	12	32	32	0	1	1	1	1	0	0	0
1	17	38	0	1	-1	2	3	-1	-2	1	-2	1	-7	3	1	3	3	10	2	4	1	11	0	12	-3	117	0	1	-1	1	1	0	0	0
1	17	39	0	1	-1	2	1	0	-1	1	-1	1	-3	2	0	1	-1	3	2	2	1	3	0	0	-3	5	0	0	-1	1	1	1	0	0
1	17	40	0	1	-1	2	1	1	-1	0	-1	0	-3	-1	1	3	3	10	2	1	-2	11	0	-3	0	117	0	-1	0	1	1	0	0	0
1	17	41	0	1	-1	2	1	2	-1	-1	-1	-1	-3	-4	4	7	13	23	2	0	-5	27	0	-4	21	725	0	-1	1	1	1	0	0	0
1	17	42	0	1	-1	2	2	1	-1	0	-1	0	-4	-1	1	4	4	17	2	2	-2	18	0	0	0	320	0	0	0	1	1	1	0	0
1	17	43	0	1	-1	2	0	1	-1	0	-1	0	-2	-1	1	2	2	5	2	0	-2	6	0	-4	0	32	0	-1	0	1	1	0	0	0
1	17	44	0	1	-1	2	1	-1	-1	2	-1	2	-3	5	1	1	1	2	2	3	4	3	0	5	12	5	0	1	1	1	1	0	0	0
1	17	45	0	1	-1	2	0	-1	1	2	1	2	2	5	9	4	20	9	2	2	6	18	0	0	32	320	0	0	1	1	1	1	0	0
1	17	46	0	1	-1	2	1	-2	-1	3	-1	3	-3	8	4	3	9	7	2	4	7	11	0	12	45	117	0	1	1	1	1	0	0	0
1	17	47	0	1	-1	2	2	-1	-3	2	-3	2	-8	5	1	2	2	5	2	4	2	6	0	12	0	32	0	1	0	1	1	0	1	0
1	17	48	0	1	-1	2	1	0	-2	1	-2	1	-5	2	1	2	2	5	2	2	0	6	0	0	-4	32	0	0	-1	1	1	1	0	0
1	17	49	0	1	-1	2	1	1	-2	-1	-2	-1	-5	-3	9	7	23	18	2	0	-5	27	0	-4	21	725	0	-1	1	1	1	0	0	0
1	17	50	0	1	-1	2	1	-1	-2	3	-2	3	-5	7	1	1	1	2	2	4	5	3	0	12	21	5	0	1	1	1	1	0	0	0
1	17	51	0	1	-1	2	1	0	-3	1	-3	1	-7	2	4	3	9	7	2	2	-1	11	0	0	-3	117	0	0	-1	1	1	1	0	0
1	18	0	1	0	2	1	1	1	0	1	1	1	2	3	-1	2	-4	7	2	2	4	6	0	0	12	32	0	0	1	1	1	1	0	0
1	18	1	1	0	2	1	1	2	0	1	1	2	2	5	-3	8	-8	21	2	2	6	18	0	0	32	320	0	0	1	1	1	1	0	0
1	18	2	1	0	2	1	1	3	0	1	1	3	2	7	-5	18	-12	43	2	2	8	38	0	0	60	1440	0	0	1	1	1	1	0	0
1	18	3	1	0	2	1	3	2	1	1	3	2	7	5	-3	8	-8	21	2	4	8	18	0	12	60	320	0	1	1	1	1	0	0	0
1	18	4	1	0	2	1	-1	2	-1	1	-1	2	-3	5	-3	8	-8	21	2	0	4	18	0	-4	12	320	0	-1	1	1	1	0	0	0
1	18	5	1	0	2	1	2	1	1	1	2	1	5	3	-1	2	-4	7	2	3	5	6	0	5	21	32	0	1	1	1	1	0	0	0
1	18	6	1	0	2	1	2	3	1	2	2	3	5	8	-11	18	-30	49	2	4	10	38	0	12	96	1440	0	1	1	1	1	0	0	0
1	18	7	1	0	2	1	3	1	2	1	3	1	8	3	-1	2	-4	7	2	4	6	6	0	12	32	32	0	1	1	1	1	0	0	0
1	18	8	1	0	2	1	2	-1	1	0	2	-1	5	-2	1	2	2	5	2	2	0	6	0	0	-4	32	0	0	-1	1	1	1	0	0
1	18	9	1	0	2	1	0	1	-1	1	0	1	-1	3	-1	2	-4	7	2	1	3	6	0	-3	5	32	0	-1	1	1	1	0	0	0
1	18	10	1	0	2	1	0	1	-1	0	0	1	-1	2	1	2	2	5	2	0	2	6	0	-4	0	32	0	-1	0	1	1	0	1	0
1	18	11	1	0	2	1	0	1	-1	2	0	1	-1	4	-3	2	-14	9	2	2	4	6	0	0	12	32	0	0	1	1	1	1	0	0
1	18	12	1	0	2	1	-1	1	-2	1	-1	1	-4	3	-1	2	-4	7	2	0	2	6	0	-4	0	32	0	-1	0	1	1	0	1	0
1	18	13	1	0	2	1	1	0	1	1	1	0	3	1	1	0	0	1	2	2	2	2	0	0	0	0	0	0	0	0	1	1	1	2
1	18	14	1	0	2	1	1	1	1	2	1	1	3	4	-3	2	-14	9	2	3	5	6	0	5	21	32	0	1	1	1	1	0	0	0
1	18	15	1	0	2	1	1	2	1	3	1	2	3	7	-11	8	-40	29	2	4	8	18	0	12	60	320	0	1	1	1	1	0	0	0
1	18	16	1	0	2	1	2	1	3	2	2	1	7	4	-3	2	-14	9	2	4	6	6	0	12	32	32	0	1	1	1	1	0	0	0
1	18	17	1	0	2	1	0	1	-1	2	0	1	-1	4	-3	2	-14	9	2	2	4	6	0	0	12	32	0	0	1	1	1	1	0	0
1	18	18	1	0	2	1	1	0	2	1	1	0	4	1	1	0	0	1	2	2	2	2	0	0	0	0	0	0	0	0	1	1	1	2
1	18	19	1	0	2	1	1	1	2	3	1	1	4	5	-5	2	-28	11	2	4	6	6	0	12	32	32	0	1	1	1	1	0	0	0
1	18	20	1	0	2	1	1	0	3	1	1	0	5	1	1	0	0	1	2	2	2	2	0	0	0	0	0	0	0	0	1	1	1	2
1	18	21	1	0	2	1	1	-1	2	-1	1	-1	4	-3	-1	2	-4	7	2	0	-2	6	0	-4	0	32	0	-1	0	1	1	0	0	0
1	18	22	1	0	2	1	1	-1	1	0	1	-1	3	-2	1	2	2	5	2	1	-1	6	0	-3	-3	32	0	-1	-1	1	1	0	0	0
1	18	23	1	0	2	1	0	-1	1	0	0	-1	1	-2	1	2	2	5	2	0	-2	6	0	-4	0	32	0	-1	0	1	1	0	0	0
1	18	24	1	0	2	1	1	-2	1	-1	1	-2	3	-5	-3	8	-8	21	2	0	-4	18	0	-4	12	320	0	-1	1	1	1	0	0	0
1	18	25	1	0	2	1	2	-1	1	0	2	-1	5	-2	1	2	2	5	2	2	0	6	0	0	-4	32	0	0	-1	1	1	1	0	0
1	18	26	1	0	2	1	1	-1	0	1	1	-1	2	-1	3	2	4	3	2	2	0	6	0	0	-4	32	0	0	-1	1	1	1	0	0
1	18	27	1	0	2	1	0	-1	1	1	0	-1	1	-1	3	2	4	3	2	1	-1	6	0	-3	-3	32	0	-1	-1	1	1	0	0	0
1	18	28	1	0	2	1	0	-1	1	2	0	-1	1	0	5	2	2	1	2	2	0	6	0	0	-4	32	0	0	-1	1	1	1	0	0
1	18	29	1	0	2	1	-1	-1	2	1	-1	-1	0	-1	3	2	4	3	2	0	-2	6	0	-4	0	32	0	-1	0	1	1	0	0	0
1	18	30	1	0	2	1	0	-1	1	0	0	-1	1	-2	1	2	2	5	2	0	-2	6	0	-4	0	32	0	-1	0	1	1	0	0	0
1	18	31	1	0	2	1	1	-2	0	1	1	-2	2	-3	5	8	8	13	2	2	-2	18	0	0	0	320	0	0	0	1	1	1	0	0
1	18	32	1	0	2	1	-1	-2	1	1	-1	-2	-1	-3	5	8	8	13	2	0	-4	18	0	-4	12	320	0	-1	1	1	1	0	0	0
1	18	33	1	0	2	1	1	-3	0	1	1	-3	2	-5	7	18	12	31	2	2	-4	38	0	0	12	1440	0	0	1	1	1	1	0	0
1	18	34	1	0	2	1	3	-2	-1	1	3	-2	5	-3	5	8	8	13	2	4	0	18	0	12	-4	320	0	1	-1	1	1	0	0	0
1	18	35	1	0	2	1	2	-1	-1	1	2	-1	3	-1	3	2	4	3	2	3	1	6	0	5	-3	32	0	1	-1	1	1	0	0	0
1	18	36	1	0	2	1	2	1	-1	0	2	1	3	2	1	2	2	5	2	2	4	6	0	0	12	32	0	0	1	1	1	1	0	0
1	18	37	1	0	2	1	2	-3	-1	2	2	-3	3	-4	13	18	18	25	2	4	-2	38	0	12	0	1440	0	1	0	1	1	0	0	0
1	18	38	1	0	2	1	3	-1	-2	1	3	-1	4	-1	3	2	4	3	2	4	2	6	0	12	0	32	0	1	0	1	1	0	1	0
1	18	39	1	0	2	1	1	0	-1	1	1	0	1	1	1	0	0	1	2	2	2	2	0	0	0	0	0	0	0	0	1	1	1	2
1	18	40	1	0	2	1	1	1	-1	0	1	1	1	2	1	2	2	5	2	1	3	6	0	-3	5	32	0	-1	1	1	1	0	0	0
1	18	41	1	0	2	1	1	2	-1	-1	1	2	1	3	5	8	8	13	2	0	4	18	0	-4	12	320	0	-1	1	1	1	0	0	0
1	18	42	1	0	2	1	2	1	-1	0	2	1	3	2	1	2	2	5	2	2	4	6	0	0	12	32	0	0	1	1	1	1	0	0
1	18	43	1	0	2	1	0	1	-1	0	0	1	-1	2	1	2	2	5	2	0	2	6	0	-4	0	32	0	-1	0	1	1	0	1	0
1	18	44	1	0	2	1	1	-1	-1	2	1	-1	1	0	5	2	2	1	2	3	1	6	0	5	-3	32	0	1	-1	1	1	0	0	0
1	18	45	1	0	2	1	0	-1	1	2	0	-1	1	0	5	2	2	1	2	2	0	6	0	0	-4	32	0	0	-1	1	1	1	0	0
1	18	46	1	0	2	1	1	-2	-1	3	1	-2	1	-1	13	8	8	5	2	4	0	18	0	12	-4	320	0	1	-1	1	1	0	0	0
1	18	47	1	0	2	1	2	-1	-3	2	2	-1	1	0	5	2	2	1	2	4	2	6	0	12	0	32	0	1	0	1	1	0	1	0
1	18	48	1	0	2	1	1	0	-2	1	1	0	0	1	1	0	0	1	2	2	2	2	0	0	0	0	0	0	0	0	1	1	2	2
1	18	49	1	0	2	1	1	1	-2	-1	1	1	0	1	3	2	4	3	2	0	2	6	0	-4	0	32	0	-1	0	1	1	0	1	0
1	18	50	1	0	2	1	1	-1	-2	3	1	-1	0	1	7	2	-4	-1	2	4	2	6	0	12	0	32	0	1	0	1	1	0	1	0
1	18	51	1	0	2	1	1	0	-3	1	1	0	-1	1	1	0	0	1	2	2	2	2	0	0	0	0	0	0	0	0	1	1	1	2
1	19	0	1	1	2	3	1	1	0	1	1	2	2	5	-1	2	-4	7	4	2	6	6	12	0	32	32	1	0	1	1	0	1	0	0
1	19	1	1	1	2	3	1	2	0	1	1	3	2	7	-3	8	-8	21	4	2	8	18	12	0	60	320	1	0	1	1	0	1	0	0
1	19	2	1	1	2	3	1	3	0	1	1	4	2	9	-5	18	-12	43	4	2	10	38	12	0	96	1440	1	0	1	1	0	1	0	0
1	19	3	1	1	2	3	3	2	1	1	4	3	9	7	7	-15	15	-32	4	4	11	-25	12	12	117	621	1	1	1	1	0	0	0	0
1	19	4	1	1	2	3	-1	2	-1	1	-2	3	-5	7	-7	19	-17	46	4	0	5	39	12	-4	21	1517	1	-1	1	1	0	0	0	0
1	19	5	1	1	2	3	2	1	1	1	3	2	7	5	6	-7	13	-15	4	3	8	-9	12	5	60	77	1	1	1	1	0	0	0	0
1	19	6	1	1	2	3	2	3	1	2	3	5	7	12	-4	7	-11	19	4	4	15	15	12	12	221	221	1	1	1	1	0	0	0	0
1	19	7	1	1	2	3	3	1	2	1	5	2	12	5	17	-20	40	-47	4	4	10	-30	12	12	96	896	1	1	1	1	0	0	0	0
1	19	8	1	1	2	3	2	-1	1	0	3	-1	7	-2	4	3	9	7	4	2	1	11	12	0	-3	117	1	0	-1	1	0	1	0	0
1	19	9	1	1	2	3	0	1	-1	1	-1	2	-3	5	-4	7	-11	19	4	1	4	15	12	-3	12	221	1	-1	1	1	0	0	0	0
1	19	10	1	1	2	3	0	1	-1	0	-1	1	-3	2	2	5	5	13	4	0	1	15	12	-4	-3	221	1	-1	-1	1	0	0	0	0
1	19	11	1	1	2	3	0	1	-1	2	-1	3	-3	8	-14	9	-39	25	4	2	7	11	12	0	45	117	1	0	1	1	0	1	0	0
1	19	12	1	1	2	3	-1	1	-2	1	-3	2	-8	5	-3	8	-8	21	4	0	2	18	12	-4	0	320	1	-1	0	1	0	0	1	0
1	19	13	1	1	2	3	1	0	1	1	2	1	5	3	5	-1	11	-2	4	2	5	3	12	0	21	5	1	0	1	1	0	1	0	0
1	19	14	1	1	2	3	1	1	1	2	2	3	5	8	-1	1	-5	4	4	3	10	3	12	5	96	5	1	1	1	1	0	0	0	0
1	19	15	1	1	2	3	1	2	1	3	2	5	5	13	-15	11	-41	30	4	4	15	15	12	12	221	221	1	1	1	1	0	0	0	0
1	19	16	1	1	2	3	2	1	3	2	5	3	13	8	24	-13	61	-33	4	4	13	-9	12	12	165	77	1	1	1	1	0	0	0	0
1	19	17	1	1	2	3	0	1	-1	2	-1	3	-3	8	-14	9	-39	25	4	2	7	11	12	0	45	117	1	0	1	1	0	1	0	0
1	19	18	1	1	2	3	1	0	2	1	3	1	8	3	11	-2	28	-5	4	2	6	6	12	0	32	32	1	0	1	1	0	1	0	0
1	19	19	1	1	2	3	1	1	2	3	3	4	8	11	1	0	0	1	4	4	14	2	12	12	192	0	1	1	1	0	0	0	0	2
1	19	20	1	1	2	3	1	0	3	1	4	1	11	3	19	-3	51	-8	4	2	7	11	12	0	45	117	1	0	1	1	0	1	0	0
1	19	21	1	1	2	3	1	-1	2	-1	3	-2	8	-5	-3	8	-8	21	4	0	-2	18	12	-4	0	320	1	-1	0	1	0	0	0	0
1	19	22	1	1	2	3	1	-1	1	0	2	-1	5	-2	3	5	7	12	4	1	0	15	12	-3	-4	221	1	-1	-1	1	0	0	0	0
1	19	23	1	1	2	3	0	-1	1	0	1	-1	3	-2	2	5	5	13	4	0	-1	15	12	-4	-3	221	1	-1	-1	1	0	0	0	0
1	19	24	1	1	2	3	1	-2	1	-1	2	-3	5	-7	-7	19	-17	46	4	0	-5	39	12	-4	21	1517	1	-1	1	1	0	0	0	0
1	19	25	1	1	2	3	2	-1	1	0	3	-1	7	-2	4	3	9	7	4	2	1	11	12	0	-3	117	1	0	-1	1	0	1	0	0
1	19	26	1	1	2	3	1	-1	0	1	1	0	2	1	3	2	4	3	4	2	2	6	12	0	0	32	1	0	0	1	0	1	1	0
1	19	27	1	1	2	3	0	-1	1	1	1	0	3	1	4	3	9	7	4	1	2	11	12	-3	0	117	1	-1	0	1	0	0	1	0
1	19	28	1	1	2	3	0	-1	1	2	1	1	3	4	2	1	1	1	4	2	5	3	12	0	21	5	1	0	1	1	0	1	0	0
1	19	29	1	1	2	3	-1	-1	2	1	1	0	4	1	5	4	16	13	4	0	2	18	12	-4	0	320	1	-1	0	1	0	0	1	0
1	19	30	1	1	2	3	0	-1	1	0	1	-1	3	-2	2	5	5	13	4	0	-1	15	12	-4	-3	221	1	-1	-1	1	0	0	0	0
1	19	31	1	1	2	3	1	-2	0	1	1	-1	2	-1	5	8	8	13	4	2	0	18	12	0	-4	320	1	0	-1	1	0	1	0	0
1	19	32	1	1	2	3	-1	-2	1	1	0	-1	1	-1	3	5	7	12	4	0	-1	15	12	-4	-3	221	1	-1	-1	1	0	0	0	0
1	19	33	1	1	2	3	1	-3	0	1	1	-2	2	-3	7	18	12	31	4	2	-2	38	12	0	0	1440	1	0	0	1	0	1	0	0
1	19	34	1	1	2	3	3	-2	-1	1	2	-1	3	-1	5	7	7	10	4	4	1	15	12	12	-3	221	1	1	-1	1	0	0	0	0
1	19	35	1	1	2	3	2	-1	-1	1	1	0	1	1	2	1	1	1	4	3	2	3	12	5	0	5	1	1	0	1	0	0	1	0
1	19	36	1	1	2	3	2	1	-1	0	1	1	1	2	0	-1	1	3	4	2	3	3	12	0	5	5	1	0	1	1	0	1	0	0
1	19	37	1	1	2	3	2	-3	-1	2	1	-1	1	0	8	11	5	7	4	4	1	15	12	12	-3	221	1	1	-1	1	0	0	0	0
1	19	38	1	1	2	3	3	-1	-2	1	1	0	0	1	1	0	0	1	4	4	2	2	12	12	0	0	1	1	0	0	0	0	2	2
1	19	39	1	1	2	3	1	0	-1	1	0	1	-1	3	-1	1	-5	4	4	2	3	3	12	0	5	5	1	0	1	1	0	1	0	0
1	19	40	1	1	2	3	1	1	-1	0	0	1	-1	2	1	3	3	10	4	1	2	11	12	-3	0	117	1	-1	0	1	0	0	1	0
1	19	41	1	1	2	3	1	2	-1	-1	0	1	-1	1	3	5	7	12	4	0	1	15	12	-4	-3	221	1	-1	-1	1	0	0	0	0
1	19	42	1	1	2	3	2	1	-1	0	1	1	1	2	0	-1	1	3	4	2	3	3	12	0	5	5	1	0	1	1	0	1	0	0
1	19	43	1	1	2	3	0	1	-1	0	-1	1	-3	2	2	5	5	13	4	0	1	15	12	-4	-3	221	1	-1	-1	1	0	0	0	0
1	19	44	1	1	2	3	1	-1	-1	2	0	1	-1	4	-3	-1	-17	-6	4	3	4	-9	12	5	12	77	1	1	1	1	0	0	0	0
1	19	45	1	1	2	3	0	-1	1	2	1	1	3	4	2	1	1	1	4	2	5	3	12	0	21	5	1	0	1	1	0	1	0	0
1	19	46	1	1	2	3	1	-2	-1	3	0	1	-1	5	-5	-3	-33	-20	4	4	5	-25	12	12	21	621	1	1	1	1	0	0	0	0
1	19	47	1	1	2	3	2	-1	-3	2	-1	1	-5	4	-4	-1	-19	-5	4	4	3	-9	12	12	5	77	1	1	1	1	0	0	0	0
1	19	48	1	1	2	3	1	0	-2	1	-1	1	-4	3	-1	2	-4	7	4	2	2	6	12	0	0	32	1	0	0	1	0	1	1	0
1	19	49	1	1	2	3	1	1	-2	-1	-1	0	-4	-1	5	4	16	13	4	0	-2	18	12	-4	0	320	1	-1	0	1	0	0	0	0
1	19	50	1	1	2	3	1	-1	-2	3	-1	2	-4	7	-15	-4	-56	-15	4	4	6	-30	12	12	32	896	1	1	1	1	0	0	0	0
1	19	51	1	1	2	3	1	0	-3	1	-2	1	-7	3	1	3	3	10	4	2	1	11	12	0	-3	117	1	0	-1	1	0	1	0	0
1	20	0	1	0	3	1	1	1	0	1	1	1	3	4	-2	3	-9	13	2	2	5	11	0	0	21	117	0	0	1	1	1	1	0	0
1	20	1	1	0	3	1	1	2	0	1	1	2	3	7	-5	12	-18	43	2	2	8	38	0	0	60	1440	0	0	1	1	1	1	0	0
1	20	2	1	0	3	1	1	3	0	1	1	3	3	10	-8	27	-27	91	2	2	11	83	0	0	117	6885	0	0	1	1	1	1	0	0
1	20	3	1	0	3	1	3	2	1	1	3	2	10	7	-5	12	-18	43	2	4	10	38	0	12	96	1440	0	1	1	1	1	0	0	0
1	20	4	1	0	3	1	-1	2	-1	1	-1	2	-4	7	-5	12	-18	43	2	0	6	38	0	-4	32	1440	0	-1	1	1	1	0	0	0
1	20	5	1	0	3	1	2	1	1	1	2	1	7	4	-2	3	-9	13	2	3	6	11	0	5	32	117	0	1	1	1	1	0	0	0
1	20	6	1	0	3	1	2	3	1	2	2	3	7	11	-17	27	-63	100	2	4	13	83	0	12	165	6885	0	1	1	1	1	0	0	0
1	20	7	1	0	3	1	3	1	2	1	3	1	11	4	-2	3	-9	13	2	4	7	11	0	12	45	117	0	1	1	1	1	0	0	0
1	20	8	1	0	3	1	2	-1	1	0	2	-1	7	-3	1	3	3	10	2	2	-1	11	0	0	-3	117	0	0	-1	1	1	1	0	0
1	20	9	1	0	3	1	0	1	-1	1	0	1	-1	4	-2	3	-9	13	2	1	4	11	0	-3	12	117	0	-1	1	1	1	0	0	0
1	20	10	1	0	3	1	0	1	-1	0	0	1	-1	3	1	3	3	10	2	0	3	11	0	-4	5	117	0	-1	1	1	1	0	0	0
1	20	11	1	0	3	1	0	1	-1	2	0	1	-1	5	-5	3	-27	16	2	2	5	11	0	0	21	117	0	0	1	1	1	1	0	0
1	20	12	1	0	3	1	-1	1	-2	1	-1	1	-5	4	-2	3	-9	13	2	0	3	11	0	-4	5	117	0	-1	1	1	1	0	0	0
1	20	13	1	0	3	1	1	0	1	1	1	0	4	1	1	0	0	1	2	2	2	2	0	0	0	0	0	0	0	0	1	1	1	2
1	20	14	1	0	3	1	1	1	1	2	1	1	4	5	-5	3	-27	16	2	3	6	11	0	5	32	117	0	1	1	1	1	0	0	0
1	20	15	1	0	3	1	1	2	1	3	1	2	4	9	-17	12	-78	55	2	4	10	38	0	12	96	1440	0	1	1	1	1	0	0	0
1	20	16	1	0	3	1	2	1	3	2	2	1	9	5	-5	3	-27	16	2	4	7	11	0	12	45	117	0	1	1	1	1	0	0	0
1	20	17	1	0	3	1	0	1	-1	2	0	1	-1	5	-5	3	-27	16	2	2	5	11	0	0	21	117	0	0	1	1	1	1	0	0
1	20	18	1	0	3	1	1	0	2	1	1	0	5	1	1	0	0	1	2	2	2	2	0	0	0	0	0	0	0	0	1	1	1	2
1	20	19	1	0	3	1	1	1	2	3	1	1	5	6	-8	3	-51	19	2	4	7	11	0	12	45	117	0	1	1	1	1	0	0	0
1	20	20	1	0	3	1	1	0	3	1	1	0	6	1	1	0	0	1	2	2	2	2	0	0	0	0	0	0	0	0	1	1	1	2
1	20	21	1	0	3	1	1	-1	2	-1	1	-1	5	-4	-2	3	-9	13	2	0	-3	11	0	-4	5	117	0	-1	1	1	1	0	0	0
1	20	22	1	0	3	1	1	-1	1	0	1	-1	4	-3	1	3	3	10	2	1	-2	11	0	-3	0	117	0	-1	0	1	1	0	0	0
1	20	23	1	0	3	1	0	-1	1	0	0	-1	1	-3	1	3	3	10	2	0	-3	11	0	-4	5	117	0	-1	1	1	1	0	0	0
1	20	24	1	0	3	1	1	-2	1	-1	1	-2	4	-7	-5	12	-18	43	2	0	-6	38	0	-4	32	1440	0	-1	1	1	1	0	0	0
1	20	25	1	0	3	1	2	-1	1	0	2	-1	7	-3	1	3	3	10	2	2	-1	11	0	0	-3	117	0	0	-1	1	1	1	0	0
1	20	26	1	0	3	1	1	-1	0	1	1	-1	3	-2	4	3	9	7	2	2	-1	11	0	0	-3	117	0	0	-1	1	1	1	0	0
1	20	27	1	0	3	1	0	-1	1	1	0	-1	1	-2	4	3	9	7	2	1	-2	11	0	-3	0	117	0	-1	0	1	1	0	0	0
1	20	28	1	0	3	1	0	-1	1	2	0	-1	1	-1	7	3	9	4	2	2	-1	11	0	0	-3	117	0	0	-1	1	1	1	0	0
1	20	29	1	0	3	1	-1	-1	2	1	-1	-1	-1	-2	4	3	9	7	2	0	-3	11	0	-4	5	117	0	-1	1	1	1	0	0	0
1	20	30	1	0	3	1	0	-1	1	0	0	-1	1	-3	1	3	3	10	2	0	-3	11	0	-4	5	117	0	-1	1	1	1	0	0	0
1	20	31	1	0	3	1	1	-2	0	1	1	-2	3	-5	7	12	18	31	2	2	-4	38	0	0	12	1440	0	0	1	1	1	1	0	0
1	20	32	1	0	3	1	-1	-2	1	1	-1	-2	-2	-5	7	12	18	31	2	0	-6	38	0	-4	32	1440	0	-1	1	1	1	0	0	0
1	20	33	1	0	3	1	1	-3	0	1	1	-3	3	-8	10	27	27	73	2	2	-7	83	0	0	45	6885	0	0	1	1	1	1	0	0
1	20	34	1	0	3	1	3	-2	-1	1	3	-2	8	-5	7	12	18	31	2	4	-2	38	0	12	0	1440	0	1	0	1	1	0	0	0
1	20	35	1	0	3	1	2	-1	-1	1	2	-1	5	-2	4	3	9	7	2	3	0	11	0	5	-4	117	0	1	-1	1	1	0	0	0
1	20	36	1	0	3	1	2	1	-1	0	2	1	5	3	1	3	3	10	2	2	5	11	0	0	21	117	0	0	1	1	1	1	0	0
1	20	37	1	0	3	1	2	-3	-1	2	2	-3	5	-7	19	27	45	64	2	4	-5	83	0	12	21	6885	0	1	1	1	1	0	0	0
1	20	38	1	0	3	1	3	-1	-2	1	3	-1	7	-2	4	3	9	7	2	4	1	11	0	12	-3	117	0	1	-1	1	1	0	0	0
1	20	39	1	0	3	1	1	0	-1	1	1	0	2	1	1	0	0	1	2	2	2	2	0	0	0	0	0	0	0	0	1	1	1	2
1	20	40	1	0	3	1	1	1	-1	0	1	1	2	3	1	3	3	10	2	1	4	11	0	-3	12	117	0	-1	1	1	1	0	0	0
1	20	41	1	0	3	1	1	2	-1	-1	1	2	2	5	7	12	18	31	2	0	6	38	0	-4	32	1440	0	-1	1	1	1	0	0	0
1	20	42	1	0	3	1	2	1	-1	0	2	1	5	3	1	3	3	10	2	2	5	11	0	0	21	117	0	0	1	1	1	1	0	0
1	20	43	1	0	3	1	0	1	-1	0	0	1	-1	3	1	3	3	10	2	0	3	11	0	-4	5	117	0	-1	1	1	1	0	0	0
1	20	44	1	0	3	1	1	-1	-1	2	1	-1	2	-1	7	3	9	4	2	3	0	11	0	5	-4	117	0	1	-1	1	1	0	0	0
1	20	45	1	0	3	1	0	-1	1	2	0	-1	1	-1	7	3	9	4	2	2	-1	11	0	0	-3	117	0	0	-1	1	1	1	0	0
1	20	46	1	0	3	1	1	-2	-1	3	1	-2	2	-3	19	12	30	19	2	4	-2	38	0	12	0	1440	0	1	0	1	1	0	0	0
1	20	47	1	0	3	1	2	-1	-3	2	2	-1	3	-1	7	3	9	4	2	4	1	11	0	12	-3	117	0	1	-1	1	1	0	0	0
1	20	48	1	0	3	1	1	0	-2	1	1	0	1	1	1	0	0	1	2	2	2	2	0	0	0	0	0	0	0	0	1	1	1	2
1	20	49	1	0	3	1	1	1	-2	-1	1	1	1	2	4	3	9	7	2	0	3	11	0	-4	5	117	0	-1	1	1	1	0	0	0
1	20	50	1	0	3	1	1	-1	-2	3	1	-1	1	0	10	3	3	1	2	4	1	11	0	12	-3	117	0	1	-1	1	1	0	0	0
1	20	51	1	0	3	1	1	0	-3	1	1	0	0	1	1	0	0	1	2	2	2	2	0	0	0	0	0	0	0	0	1	1	2	2
1	21	0	1	-1	2	-1	1	1	0	1	1	0	2	1	-1	2	-4	7	0	2	2	6	-4	0	0	32	-1	0	0	1	0	1	1	0
1	21	1	1	-1	2	-1	1	2	0	1	1	1	2	3	-3	8	-8	21	0	2	4	18	-4	0	12	320	-1	0	1	1	0	1	0	0
1	21	2	1	-1	2	-1	1	3	0	1	1	2	2	5	-5	18	-12	43	0	2	6	38	-4	0	32	1440	-1	0	1	1	0	1	0	0
1	21	3	1	-1	2	-1	3	2	1	1	2	1	5	3	-7	17	-19	46	0	4	5	39	-4	12	21	1517	-1	1	1	1	0	0	0	0
1	21	4	1	-1	2	-1	-1	2	-1	1	0	1	-1	3	-1	3	-3	8	0	0	3	7	-4	-4	5	45	-1	-1	1	1	0	0	0	0
1	21	5	1	-1	2	-1	2	1	1	1	1	0	3	1	-2	3	-9	13	0	3	2	11	-4	5	0	117	-1	1	0	1	0	0	1	0
1	21	6	1	-1	2	-1	2	3	1	2	1	1	3	4	-8	13	-29	47	0	4	5	39	-4	12	21	1517	-1	1	1	1	0	0	0	0
1	21	7	1	-1	2	-1	3	1	2	1	1	0	4	1	-3	4	-16	21	0	4	2	18	-4	12	0	320	-1	1	0	1	0	0	1	0
1	21	8	1	-1	2	-1	2	-1	1	0	1	-1	3	-2	0	1	-1	3	0	2	-1	3	-4	0	-3	5	-1	0	-1	1	0	1	0	0
1	21	9	1	-1	2	-1	0	1	-1	1	1	0	1	1	0	1	-1	3	0	1	2	3	-4	-3	0	5	-1	-1	0	1	0	0	1	0
1	21	10	1	-1	2	-1	0	1	-1	0	1	1	1	2	2	3	3	5	0	0	3	7	-4	-4	5	45	-1	-1	1	1	0	0	0	0
1	21	11	1	-1	2	-1	0	1	-1	2	1	-1	1	0	2	-1	-1	1	0	2	1	3	-4	0	-3	5	-1	0	-1	1	0	1	0	0
1	21	12	1	-1	2	-1	-1	1	-2	1	1	0	0	1	1	0	0	1	0	0	2	2	-4	-4	0	0	-1	-1	0	0	0	0	2	2
1	21	13	1	-1	2	-1	1	0	1	1	0	-1	1	-1	3	-1	1	0	0	2	-1	3	-4	0	-3	5	-1	0	-1	1	0	1	0	0
1	21	14	1	-1	2	-1	1	1	1	2	0	-1	1	0	5	-3	-3	2	0	3	0	7	-4	5	-4	45	-1	1	-1	1	0	0	0	0
1	21	15	1	-1	2	-1	1	2	1	3	0	-1	1	1	7	-5	-11	8	0	4	1	15	-4	12	-3	221	-1	1	-1	1	0	0	0	0
1	21	16	1	-1	2	-1	2	1	3	2	-1	-1	1	0	12	-7	-5	3	0	4	-1	15	-4	12	-3	221	-1	1	-1	1	0	0	0	0
1	21	17	1	-1	2	-1	0	1	-1	2	1	-1	1	0	2	-1	-1	1	0	2	1	3	-4	0	-3	5	-1	0	-1	1	0	1	0	0
1	21	18	1	-1	2	-1	1	0	2	1	-1	-1	0	-1	7	-2	4	-1	0	2	-2	6	-4	0	0	32	-1	0	0	1	0	1	0	0
1	21	19	1	-1	2	-1	1	1	2	3	-1	-2	0	-1	21	-8	8	-3	0	4	-2	18	-4	12	0	320	-1	1	0	1	0	0	0	0
1	21	20	1	-1	2	-1	1	0	3	1	-2	-1	-1	-1	13	-3	9	-2	0	2	-3	11	-4	0	5	117	-1	0	1	1	0	1	0	0
1	21	21	1	-1	2	-1	1	-1	2	-1	-1	0	0	-1	1	0	0	1	0	0	-2	2	-4	-4	0	0	-1	-1	0	0	0	0	0	2
1	21	22	1	-1	2	-1	1	-1	1	0	0	-1	1	-2	1	1	1	2	0	1	-2	3	-4	-3	0	5	-1	-1	0	1	0	0	0	0
1	21	23	1	-1	2	-1	0	-1	1	0	-1	-1	-1	-2	2	3	3	5	0	0	-3	7	-4	-4	5	45	-1	-1	1	1	0	0	0	0
1	21	24	1	-1	2	-1	1	-2	1	-1	0	-1	1	-3	-1	3	-3	8	0	0	-3	7	-4	-4	5	45	-1	-1	1	1	0	0	0	0
1	21	25	1	-1	2	-1	2	-1	1	0	1	-1	3	-2	0	1	-1	3	0	2	-1	3	-4	0	-3	5	-1	0	-1	1	0	1	0	0
1	21	26	1	-1	2	-1	1	-1	0	1	1	-2	2	-3	3	2	4	3	0	2	-2	6	-4	0	0	32	-1	0	0	1	0	1	0	0
1	21	27	1	-1	2	-1	0	-1	1	1	-1	-2	-1	-3	8	5	11	7	0	1	-4	15	-4	-3	12	221	-1	-1	1	1	0	0	0	0
1	21	28	1	-1	2	-1	0	-1	1	2	-1	-3	-1	-4	18	7	23	9	0	2	-5	27	-4	0	21	725	-1	0	1	1	0	1	0	0
1	21	29	1	-1	2	-1	-1	-1	2	1	-3	-2	-4	-3	17	12	24	17	0	0	-6	34	-4	-4	32	1152	-1	-1	1	1	0	0	0	0
1	21	30	1	-1	2	-1	0	-1	1	0	-1	-1	-1	-2	2	3	3	5	0	0	-3	7	-4	-4	5	45	-1	-1	1	1	0	0	0	0
1	21	31	1	-1	2	-1	1	-2	0	1	1	-3	2	-5	5	8	8	13	0	2	-4	18	-4	0	12	320	-1	0	1	1	0	1	0	0
1	21	32	1	-1	2	-1	-1	-2	1	1	-2	-3	-3	-5	13	21	21	34	0	0	-7	47	-4	-4	45	2205	-1	-1	1	1	0	0	0	0
1	21	33	1	-1	2	-1	1	-3	0	1	1	-4	2	-7	7	18	12	31	0	2	-6	38	-4	0	32	1440	-1	0	1	1	0	1	0	0
1	21	34	1	-1	2	-1	3	-2	-1	1	4	-3	7	-5	3	7	5	12	0	4	-1	15	-4	12	-3	221	-1	1	-1	1	0	0	0	0
1	21	35	1	-1	2	-1	2	-1	-1	1	3	-2	5	-3	2	3	3	5	0	3	0	7	-4	5	-4	45	-1	1	-1	1	0	0	0	0
1	21	36	1	-1	2	-1	2	1	-1	0	3	1	5	2	4	13	7	23	0	2	5	27	-4	0	21	725	-1	0	1	1	0	1	0	0
1	21	37	1	-1	2	-1	2	-3	-1	2	3	-5	5	-8	12	17	19	27	0	4	-5	39	-4	12	21	1517	-1	1	1	1	0	0	0	0
1	21	38	1	-1	2	-1	3	-1	-2	1	5	-2	8	-3	5	8	8	13	0	4	2	18	-4	12	0	320	-1	1	0	1	0	0	1	0
1	21	39	1	-1	2	-1	1	0	-1	1	2	-1	3	-1	1	1	1	2	0	2	1	3	-4	0	-3	5	-1	0	-1	1	0	1	0	0
1	21	40	1	-1	2	-1	1	1	-1	0	2	1	3	2	3	7	5	12	0	1	4	15	-4	-3	12	221	-1	-1	1	1	0	0	0	0
1	21	41	1	-1	2	-1	1	2	-1	-1	2	3	3	5	13	21	21	34	0	0	7	47	-4	-4	45	2205	-1	-1	1	1	0	0	0	0
1	21	42	1	-1	2	-1	2	1	-1	0	3	1	5	2	4	13	7	23	0	2	5	27	-4	0	21	725	-1	0	1	1	0	1	0	0
1	21	43	1	-1	2	-1	0	1	-1	0	1	1	1	2	2	3	3	5	0	0	3	7	-4	-4	5	45	-1	-1	1	1	0	0	0	0
1	21	44	1	-1	2	-1	1	-1	-1	2	2	-3	3	-4	7	3	9	4	0	3	-2	11	-4	5	0	117	-1	1	0	1	0	0	0	0
1	21	45	1	-1	2	-1	0	-1	1	2	-1	-3	-1	-4	18	7	23	9	0	2	-5	27	-4	0	21	725	-1	0	1	1	0	1	0	0
1	21	46	1	-1	2	-1	1	-2	-1	3	2	-5	3	-7	21	13	29	18	0	4	-5	39	-4	12	21	1517	-1	1	1	1	0	0	0	0
1	21	47	1	-1	2	-1	2	-1	-3	2	5	-3	7	-4	8	5	11	7	0	4	1	15	-4	12	-3	221	-1	1	-1	1	0	0	0	0
1	21	48	1	-1	2	-1	1	0	-2	1	3	-1	4	-1	3	2	4	3	0	2	2	6	-4	0	0	32	-1	0	0	1	0	1	1	0
1	21	49	1	-1	2	-1	1	1	-2	-1	3	2	4	3	17	12	24	17	0	0	6	34	-4	-4	32	1152	-1	-1	1	1	0	0	0	0
1	21	50	1	-1	2	-1	1	-1	-2	3	3	-4	4	-5	13	4	16	5	0	4	-2	18	-4	12	0	320	-1	1	0	1	0	0	0	0
1	21	51	1	-1	2	-1	1	0	-3	1	4	-1	5	-1	7	3	9	4	0	2	3	11	-4	0	5	117	-1	0	1	1	0	1	0	0
1	22	0	1	-1	1	0	1	1	0	1	1	0	1	1	0	1	-1	3	1	2	2	3	-3	0	0	5	-1	0	0	1	0	1	1	0
1	22	1	1	-1	1	0	1	2	0	1	1	1	1	2	-1	4	-2	7	1	2	3	6	-3	0	5	32	-1	0	1	1	0	1	0	0
1	22	2	1	-1	1	0	1	3	0	1	1	2	1	3	-2	9	-3	13	1	2	4	11	-3	0	12	117	-1	0	1	1	0	1	0	0
1	22	3	1	-1	1	0	3	2	1	1	2	1	3	2	-4	11	-7	19	1	4	4	15	-3	12	12	221	-1	1	1	1	0	0	0	0
1	22	4	1	-1	1	0	-1	2	-1	1	0	1	-1	2	0	1	-1	3	1	0	2	3	-3	-4	0	5	-1	-1	0	1	0	0	1	0
1	22	5	1	-1	1	0	2	1	1	1	1	0	2	1	-1	2	-4	7	1	3	2	6	-3	5	0	32	-1	1	0	1	0	0	1	0
1	22	6	1	-1	1	0	2	3	1	2	1	1	2	3	-4	7	-11	19	1	4	4	15	-3	12	12	221	-1	1	1	1	0	0	0	0
1	22	7	1	-1	1	0	3	1	2	1	1	0	3	1	-2	3	-9	13	1	4	2	11	-3	12	0	117	-1	1	0	1	0	0	1	0
1	22	8	1	-1	1	0	2	-1	1	0	1	-1	2	-1	0	1	-1	3	1	2	0	3	-3	0	-4	5	-1	0	-1	1	0	1	0	0
1	22	9	1	-1	1	0	0	1	-1	1	1	0	0	1	1	0	0	1	1	1	2	2	-3	-3	0	0	-1	-1	0	0	0	0	2	2
1	22	10	1	-1	1	0	0	1	-1	0	1	1	0	1	2	1	1	1	1	0	2	3	-3	-4	0	5	-1	-1	0	1	0	0	1	0
1	22	11	1	-1	1	0	0	1	-1	2	1	-1	0	1	2	-1	-1	1	1	2	2	3	-3	0	0	5	-1	0	0	1	0	1	1	0
1	22	12	1	-1	1	0	-1	1	-2	1	1	0	-1	1	2	-1	-1	1	1	0	2	3	-3	-4	0	5	-1	-1	0	1	0	0	1	0
1	22	13	1	-1	1	0	1	0	1	1	0	-1	1	0	2	-1	-1	1	1	2	0	3	-3	0	-4	5	-1	0	-1	1	0	1	0	0
1	22	14	1	-1	1	0	1	1	1	2	0	-1	1	1	3	-2	-4	3	1	3	1	6	-3	5	-3	32	-1	1	-1	1	0	0	0	0
1	22	15	1	-1	1	0	1	2	1	3	0	-1	1	2	4	-3	-9	7	1	4	2	11	-3	12	0	117	-1	1	0	1	0	0	1	0
1	22	16	1	-1	1	0	2	1	3	2	-1	-1	2	1	8	-5	-11	7	1	4	0	15	-3	12	-4	221	-1	1	-1	1	0	0	0	0
1	22	17	1	-1	1	0	0	1	-1	2	1	-1	0	1	2	-1	-1	1	1	2	2	3	-3	0	0	5	-1	0	0	1	0	1	1	0
1	22	18	1	-1	1	0	1	0	2	1	-1	-1	1	0	5	-2	-2	1	1	2	-1	6	-3	0	-3	32	-1	0	-1	1	0	1	0	0
1	22	19	1	-1	1	0	1	1	2	3	-1	-2	1	1	12	-5	-7	3	1	4	0	15	-3	12	-4	221	-1	1	-1	1	0	0	0	0
1	22	20	1	-1	1	0	1	0	3	1	-2	-1	1	0	10	-3	-3	1	1	2	-2	11	-3	0	0	117	-1	0	0	1	0	1	0	0
1	22	21	1	-1	1	0	1	-1	2	-1	-1	0	1	-1	2	-1	-1	1	1	0	-2	3	-3	-4	0	5	-1	-1	0	1	0	0	0	0
1	22	22	1	-1	1	0	1	-1	1	0	0	-1	1	-1	1	0	0	1	1	1	-1	2	-3	-3	-3	0	-1	-1	-1	0	0	0	0	2
1	22	23	1	-1	1	0	0	-1	1	0	-1	-1	0	-1	2	1	1	1	1	0	-2	3	-3	-4	0	5	-1	-1	0	1	0	0	0	0
1	22	24	1	-1	1	0	1	-2	1	-1	0	-1	1	-2	0	1	-1	3	1	0	-2	3	-3	-4	0	5	-1	-1	0	1	0	0	0	0
1	22	25	1	-1	1	0	2	-1	1	0	1	-1	2	-1	0	1	-1	3	1	2	0	3	-3	0	-4	5	-1	0	-1	1	0	1	0	0
1	22	26	1	-1	1	0	1	-1	0	1	1	-2	1	-1	2	1	1	1	1	2	0	3	-3	0	-4	5	-1	0	-1	1	0	1	0	0
1	22	27	1	-1	1	0	0	-1	1	1	-1	-2	0	-1	5	2	2	1	1	1	-2	6	-3	-3	0	32	-1	-1	0	1	0	0	0	0
1	22	28	1	-1	1	0	0	-1	1	2	-1	-3	0	-1	10	3	3	1	1	2	-2	11	-3	0	0	117	-1	0	0	1	0	1	0	0
1	22	29	1	-1	1	0	-1	-1	2	1	-3	-2	-1	-1	12	7	5	3	1	0	-4	15	-3	-4	12	221	-1	-1	1	1	0	0	0	0
1	22	30	1	-1	1	0	0	-1	1	0	-1	-1	0	-1	2	1	1	1	1	0	-2	3	-3	-4	0	5	-1	-1	0	1	0	0	0	0
1	22	31	1	-1	1	0	1	-2	0	1	1	-3	1	-2	3	4	2	3	1	2	-1	6	-3	0	-3	32	-1	0	-1	1	0	1	0	0
1	22	32	1	-1	1	0	-1	-2	1	1	-2	-3	-1	-2	8	11	5	7	1	0	-4	15	-3	-4	12	221	-1	-1	1	1	0	0	0	0
1	22	33	1	-1	1	0	1	-3	0	1	1	-4	1	-3	4	9	3	7	1	2	-2	11	-3	0	0	117	-1	0	0	1	0	1	0	0
1	22	34	1	-1	1	0	3	-2	-1	1	4	-3	3	-2	4	9	3	7	1	4	2	11	-3	12	0	117	-1	1	0	1	0	0	1	0
1	22	35	1	-1	1	0	2	-1	-1	1	3	-2	2	-1	3	4	2	3	1	3	2	6	-3	5	0	32	-1	1	0	1	0	0	1	0
1	22	36	1	-1	1	0	2	1	-1	0	3	1	2	1	4	9	3	7	1	2	4	11	-3	0	12	117	-1	0	1	1	0	1	0	0
1	22	37	1	-1	1	0	2	-3	-1	2	3	-5	2	-3	8	11	5	7	1	4	0	15	-3	12	-4	221	-1	1	-1	1	0	0	0	0
1	22	38	1	-1	1	0	3	-1	-2	1	5	-2	3	-1	8	11	5	7	1	4	4	15	-3	12	12	221	-1	1	1	1	0	0	0	0
1	22	39	1	-1	1	0	1	0	-1	1	2	-1	1	0	2	1	1	1	1	2	2	3	-3	0	0	5	-1	0	0	1	0	1	1	0
1	22	40	1	-1	1	0	1	1	-1	0	2	1	1	1	3	4	2	3	1	1	3	6	-3	-3	5	32	-1	-1	1	1	0	0	0	0
1	22	41	1	-1	1	0	1	2	-1	-1	2	3	1	2	8	11	5	7	1	0	4	15	-3	-4	12	221	-1	-1	1	1	0	0	0	0
1	22	42	1	-1	1	0	2	1	-1	0	3	1	2	1	4	9	3	7	1	2	4	11	-3	0	12	117	-1	0	1	1	0	1	0	0
1	22	43	1	-1	1	0	0	1	-1	0	1	1	0	1	2	1	1	1	1	0	2	3	-3	-4	0	5	-1	-1	0	1	0	0	1	0
1	22	44	1	-1	1	0	1	-1	-1	2	2	-3	1	-1	5	2	2	1	1	3	1	6	-3	5	-3	32	-1	1	-1	1	0	0	0	0
1	22	45	1	-1	1	0	0	-1	1	2	-1	-3	0	-1	10	3	3	1	1	2	-2	11	-3	0	0	117	-1	0	0	1	0	1	0	0
1	22	46	1	-1	1	0	1	-2	-1	3	2	-5	1	-2	12	7	5	3	1	4	0	15	-3	12	-4	221	-1	1	-1	1	0	0	0	0
1	22	47	1	-1	1	0	2	-1	-3	2	5	-3	2	-1	12	7	5	3	1	4	4	15	-3	12	12	221	-1	1	1	1	0	0	0	0
1	22	48	1	-1	1	0	1	0	-2	1	3	-1	1	0	5	2	2	1	1	2	3	6	-3	0	5	32	-1	0	1	1	0	1	0	0
1	22	49	1	-1	1	0	1	1	-2	-1	3	2	1	1	12	7	5	3	1	0	4	15	-3	-4	12	221	-1	-1	1	1	0	0	0	0
1	22	50	1	-1	1	0	1	-1	-2	3	3	-4	1	-1	10	3	3	1	1	4	2	11	-3	12	0	117	-1	1	0	1	0	0	1	0
1	22	51	1	-1	1	0	1	0	-3	1	4	-1	1	0	10	3	3	1	1	2	4	11	-3	0	12	117	-1	0	1	1	0	1	0	0
1	23	0	0	-1	1	0	1	1	0	1	0	-1	1	1	1	-1	-1	2	0	2	1	3	-4	0	-3	5	-1	0	-1	1	0	1	0	0
1	23	1	0	-1	1	0	1	2	0	1	0	-1	1	2	1	-2	-2	5	0	2	2	6	-4	0	0	32	-1	0	0	1	0	1	1	0
1	23	2	0	-1	1	0	1	3	0	1	0	-1	1	3	1	-3	-3	10	0	2	3	11	-4	0	5	117	-1	0	1	1	0	1	0	0
1	23	3	0	-1	1	0	3	2	1	1	-1	-1	3	2	2	-5	-5	13	0	4	1	15	-4	12	-3	221	-1	1	-1	1	0	0	0	0
1	23	4	0	-1	1	0	-1	2	-1	1	1	-1	-1	2	2	-3	-3	5	0	0	3	7	-4	-4	5	45	-1	-1	1	1	0	0	0	0
1	23	5	0	-1	1	0	2	1	1	1	-1	-1	2	1	2	-3	-3	5	0	3	0	7	-4	5	-4	45	-1	1	-1	1	0	0	0	0
1	23	6	0	-1	1	0	2	3	1	2	-1	-2	2	3	5	-8	-8	13	0	4	2	18	-4	12	0	320	-1	1	0	1	0	0	1	0
1	23	7	0	-1	1	0	3	1	2	1	-2	-1	3	1	5	-7	-7	10	0	4	-1	15	-4	12	-3	221	-1	1	-1	1	0	0	0	0
1	23	8	0	-1	1	0	2	-1	1	0	-1	0	2	-1	1	-2	-2	5	0	2	-2	6	-4	0	0	32	-1	0	0	1	0	1	0	0
1	23	9	0	-1	1	0	0	1	-1	1	1	-1	0	1	2	-1	-1	1	0	1	2	3	-4	-3	0	5	-1	-1	0	1	0	0	1	0
1	23	10	0	-1	1	0	0	1	-1	0	1	0	0	1	1	0	0	1	0	0	2	2	-4	-4	0	0	-1	-1	0	0	0	0	2	2
1	23	11	0	-1	1	0	0	1	-1	2	1	-2	0	1	5	-2	-2	1	0	2	2	6	-4	0	0	32	-1	0	0	1	0	1	1	0
1	23	12	0	-1	1	0	-1	1	-2	1	2	-1	-1	1	5	-3	-3	2	0	0	3	7	-4	-4	5	45	-1	-1	1	1	0	0	0	0
1	23	13	0	-1	1	0	1	0	1	1	-1	-1	1	0	2	-1	-1	1	0	2	-1	3	-4	0	-3	5	-1	0	-1	1	0	1	0	0
1	23	14	0	-1	1	0	1	1	1	2	-1	-2	1	1	5	-3	-3	2	0	3	0	7	-4	5	-4	45	-1	1	-1	1	0	0	0	0
1	23	15	0	-1	1	0	1	2	1	3	-1	-3	1	2	10	-7	-7	5	0	4	1	15	-4	12	-3	221	-1	1	-1	1	0	0	0	0
1	23	16	0	-1	1	0	2	1	3	2	-3	-2	2	1	13	-8	-8	5	0	4	-2	18	-4	12	0	320	-1	1	0	1	0	0	0	0
1	23	17	0	-1	1	0	0	1	-1	2	1	-2	0	1	5	-2	-2	1	0	2	2	6	-4	0	0	32	-1	0	0	1	0	1	1	0
1	23	18	0	-1	1	0	1	0	2	1	-2	-1	1	0	5	-2	-2	1	0	2	-2	6	-4	0	0	32	-1	0	0	1	0	1	0	0
1	23	19	0	-1	1	0	1	1	2	3	-2	-3	1	1	13	-5	-5	2	0	4	-1	15	-4	12	-3	221	-1	1	-1	1	0	0	0	0
1	23	20	0	-1	1	0	1	0	3	1	-3	-1	1	0	10	-3	-3	1	0	2	-3	11	-4	0	5	117	-1	0	1	1	0	1	0	0
1	23	21	0	-1	1	0	1	-1	2	-1	-2	1	1	-1	5	-3	-3	2	0	0	-3	7	-4	-4	5	45	-1	-1	1	1	0	0	0	0
1	23	22	0	-1	1	0	1	-1	1	0	-1	0	1	-1	1	-1	-1	2	0	1	-2	3	-4	-3	0	5	-1	-1	0	1	0	0	0	0
1	23	23	0	-1	1	0	0	-1	1	0	-1	0	0	-1	1	0	0	1	0	0	-2	2	-4	-4	0	0	-1	-1	0	0	0	0	0	2
1	23	24	0	-1	1	0	1	-2	1	-1	-1	1	1	-2	2	-3	-3	5	0	0	-3	7	-4	-4	5	45	-1	-1	1	1	0	0	0	0
1	23	25	0	-1	1	0	2	-1	1	0	-1	0	2	-1	1	-2	-2	5	0	2	-2	6	-4	0	0	32	-1	0	0	1	0	1	0	0
1	23	26	0	-1	1	0	1	-1	0	1	0	-1	1	-1	1	1	1	2	0	2	-1	3	-4	0	-3	5	-1	0	-1	1	0	1	0	0
1	23	27	0	-1	1	0	0	-1	1	1	-1	-1	0	-1	2	1	1	1	0	1	-2	3	-4	-3	0	5	-1	-1	0	1	0	0	0	0
1	23	28	0	-1	1	0	0	-1	1	2	-1	-2	0	-1	5	2	2	1	0	2	-2	6	-4	0	0	32	-1	0	0	1	0	1	0	0
1	23	29	0	-1	1	0	-1	-1	2	1	-2	-1	-1	-1	5	3	3	2	0	0	-3	7	-4	-4	5	45	-1	-1	1	1	0	0	0	0
1	23	30	0	-1	1	0	0	-1	1	0	-1	0	0	-1	1	0	0	1	0	0	-2	2	-4	-4	0	0	-1	-1	0	0	0	0	0	2
1	23	31	0	-1	1	0	1	-2	0	1	0	-1	1	-2	1	2	2	5	0	2	-2	6	-4	0	0	32	-1	0	0	1	0	1	0	0
1	23	32	0	-1	1	0	-1	-2	1	1	-1	-1	-1	-2	2	3	3	5	0	0	-3	7	-4	-4	5	45	-1	-1	1	1	0	0	0	0
1	23	33	0	-1	1	0	1	-3	0	1	0	-1	1	-3	1	3	3	10	0	2	-3	11	-4	0	5	117	-1	0	1	1	0	1	0	0
1	23	34	0	-1	1	0	3	-2	-1	1	1	-1	3	-2	2	5	5	13	0	4	-1	15	-4	12	-3	221	-1	1	-1	1	0	0	0	0
1	23	35	0	-1	1	0	2	-1	-1	1	1	-1	2	-1	2	3	3	5	0	3	0	7	-4	5	-4	45	-1	1	-1	1	0	0	0	0
1	23	36	0	-1	1	0	2	1	-1	0	1	0	2	1	1	2	2	5	0	2	2	6	-4	0	0	32	-1	0	0	1	0	1	1	0
1	23	37	0	-1	1	0	2	-3	-1	2	1	-2	2	-3	5	8	8	13	0	4	-2	18	-4	12	0	320	-1	1	0	1	0	0	0	0
1	23	38	0	-1	1	0	3	-1	-2	1	2	-1	3	-1	5	7	7	10	0	4	1	15	-4	12	-3	221	-1	1	-1	1	0	0	0	0
1	23	39	0	-1	1	0	1	0	-1	1	1	-1	1	0	2	1	1	1	0	2	1	3	-4	0	-3	5	-1	0	-1	1	0	1	0	0
1	23	40	0	-1	1	0	1	1	-1	0	1	0	1	1	1	1	1	2	0	1	2	3	-4	-3	0	5	-1	-1	0	1	0	0	1	0
1	23	41	0	-1	1	0	1	2	-1	-1	1	1	1	2	2	3	3	5	0	0	3	7	-4	-4	5	45	-1	-1	1	1	0	0	0	0
1	23	42	0	-1	1	0	2	1	-1	0	1	0	2	1	1	2	2	5	0	2	2	6	-4	0	0	32	-1	0	0	1	0	1	1	0
1	23	43	0	-1	1	0	0	1	-1	0	1	0	0	1	1	0	0	1	0	0	2	2	-4	-4	0	0	-1	-1	0	0	0	0	2	2
1	23	44	0	-1	1	0	1	-1	-1	2	1	-2	1	-1	5	3	3	2	0	3	0	7	-4	5	-4	45	-1	1	-1	1	0	0	0	0
1	23	45	0	-1	1	0	0	-1	1	2	-1	-2	0	-1	5	2	2	1	0	2	-2	6	-4	0	0	32	-1	0	0	1	0	1	0	0
1	23	46	0	-1	1	0	1	-2	-1	3	1	-3	1	-2	10	7	7	5	0	4	-1	15	-4	12	-3	221	-1	1	-1	1	0	0	0	0
1	23	47	0	-1	1	0	2	-1	-3	2	3	-2	2	-1	13	8	8	5	0	4	2	18	-4	12	0	320	-1	1	0	1	0	0	1	0
1	23	48	0	-1	1	0	1	0	-2	1	2	-1	1	0	5	2	2	1	0	2	2	6	-4	0	0	32	-1	0	0	1	0	1	1	0
1	23	49	0	-1	1	0	1	1	-2	-1	2	1	1	1	5	3	3	2	0	0	3	7	-4	-4	5	45	-1	-1	1	1	0	0	0	0
1	23	50	0	-1	1	0	1	-1	-2	3	2	-3	1	-1	13	5	5	2	0	4	1	15	-4	12	-3	221	-1	1	-1	1	0	0	0	0
1	23	51	0	-1	1	0	1	0	-3	1	3	-1	1	0	10	3	3	1	0	2	3	11	-4	0	5	117	-1	0	1	1	0	1	0	0
1	24	0	1	-2	1	-1	1	1	0	1	1	-1	1	0	0	1	-1	3	0	2	1	3	-4	0	-3	5	-1	0	-1	1	0	1	0	0
1	24	1	1	-2	1	-1	1	2	0	1	1	0	1	1	-1	4	-2	7	0	2	2	6	-4	0	0	32	-1	0	0	1	0	1	1	0
1	24	2	1	-2	1	-1	1	3	0	1	1	1	1	2	-2	9	-3	13	0	2	3	11	-4	0	5	117	-1	0	1	1	0	1	0	0
1	24	3	1	-2	1	-1	3	2	1	1	1	0	2	1	-3	8	-8	21	0	4	2	18	-4	12	0	320	-1	1	0	1	0	0	1	0
1	24	4	1	-2	1	-1	-1	2	-1	1	1	0	0	1	1	0	0	1	0	0	2	2	-4	-4	0	0	-1	-1	0	0	0	0	2	2
1	24	5	1	-2	1	-1	2	1	1	1	0	-1	1	0	2	-3	-3	5	0	3	0	7	-4	5	-4	45	-1	1	-1	1	0	0	0	0
1	24	6	1	-2	1	-1	2	3	1	2	0	-1	1	1	3	-5	-7	12	0	4	1	15	-4	12	-3	221	-1	1	-1	1	0	0	0	0
1	24	7	1	-2	1	-1	3	1	2	1	-1	-1	1	0	8	-11	-5	7	0	4	-1	15	-4	12	-3	221	-1	1	-1	1	0	0	0	0
1	24	8	1	-2	1	-1	2	-1	1	0	0	-1	1	-1	1	-1	-1	2	0	2	-1	3	-4	0	-3	5	-1	0	-1	1	0	1	0	0
1	24	9	1	-2	1	-1	0	1	-1	1	2	-1	1	0	2	1	1	1	0	1	2	3	-4	-3	0	5	-1	-1	0	1	0	0	1	0
1	24	10	1	-2	1	-1	0	1	-1	0	2	1	1	1	5	3	3	2	0	0	3	7	-4	-4	5	45	-1	-1	1	1	0	0	0	0
1	24	11	1	-2	1	-1	0	1	-1	2	2	-3	1	-1	3	-1	1	0	0	2	1	3	-4	0	-3	5	-1	0	-1	1	0	1	0	0
1	24	12	1	-2	1	-1	-1	1	-2	1	3	-1	1	0	8	-3	3	-1	0	0	3	7	-4	-4	5	45	-1	-1	1	1	0	0	0	0
1	24	13	1	-2	1	-1	1	0	1	1	-1	-2	0	-1	7	-4	2	-1	0	2	-2	6	-4	0	0	32	-1	0	0	1	0	1	0	0
1	24	14	1	-2	1	-1	1	1	1	2	-1	-3	0	-1	13	-9	3	-2	0	3	-2	11	-4	5	0	117	-1	1	0	1	0	0	0	0
1	24	15	1	-2	1	-1	1	2	1	3	-1	-4	0	-1	21	-16	4	-3	0	4	-2	18	-4	12	0	320	-1	1	0	1	0	0	0	0
1	24	16	1	-2	1	-1	2	1	3	2	-4	-3	-1	-1	47	-29	13	-8	0	4	-5	39	-4	12	21	1517	-1	1	1	1	0	0	0	0
1	24	17	1	-2	1	-1	0	1	-1	2	2	-3	1	-1	3	-1	1	0	0	2	1	3	-4	0	-3	5	-1	0	-1	1	0	1	0	0
1	24	18	1	-2	1	-1	1	0	2	1	-3	-2	-1	-1	21	-8	8	-3	0	2	-4	18	-4	0	12	320	-1	0	1	1	0	1	0	0
1	24	19	1	-2	1	-1	1	1	2	3	-3	-5	-1	-2	46	-19	17	-7	0	4	-5	39	-4	12	21	1517	-1	1	1	1	0	0	0	0
1	24	20	1	-2	1	-1	1	0	3	1	-5	-2	-2	-1	43	-12	18	-5	0	2	-6	38	-4	0	32	1440	-1	0	1	1	0	1	0	0
1	24	21	1	-2	1	-1	1	-1	2	-1	-3	1	-1	0	8	-3	3	-1	0	0	-3	7	-4	-4	5	45	-1	-1	1	1	0	0	0	0
1	24	22	1	-2	1	-1	1	-1	1	0	-1	-1	0	-1	3	-1	1	0	0	1	-2	3	-4	-3	0	5	-1	-1	0	1	0	0	0	0
1	24	23	1	-2	1	-1	0	-1	1	0	-2	-1	-1	-1	5	3	3	2	0	0	-3	7	-4	-4	5	45	-1	-1	1	1	0	0	0	0
1	24	24	1	-2	1	-1	1	-2	1	-1	-1	0	0	-1	1	0	0	1	0	0	-2	2	-4	-4	0	0	-1	-1	0	0	0	0	0	2
1	24	25	1	-2	1	-1	2	-1	1	0	0	-1	1	-1	1	-1	-1	2	0	2	-1	3	-4	0	-3	5	-1	0	-1	1	0	1	0	0
1	24	26	1	-2	1	-1	1	-1	0	1	1	-3	1	-2	2	1	1	1	0	2	-1	3	-4	0	-3	5	-1	0	-1	1	0	1	0	0
1	24	27	1	-2	1	-1	0	-1	1	1	-2	-3	-1	-2	12	5	7	3	0	1	-4	15	-4	-3	12	221	-1	-1	1	1	0	0	0	0
1	24	28	1	-2	1	-1	0	-1	1	2	-2	-5	-1	-3	23	7	13	4	0	2	-5	27	-4	0	21	725	-1	0	1	1	0	1	0	0
1	24	29	1	-2	1	-1	-1	-1	2	1	-5	-3	-3	-2	34	21	21	13	0	0	-7	47	-4	-4	45	2205	-1	-1	1	1	0	0	0	0
1	24	30	1	-2	1	-1	0	-1	1	0	-2	-1	-1	-1	5	3	3	2	0	0	-3	7	-4	-4	5	45	-1	-1	1	1	0	0	0	0
1	24	31	1	-2	1	-1	1	-2	0	1	1	-4	1	-3	3	4	2	3	0	2	-2	6	-4	0	0	32	-1	0	0	1	0	1	0	0
1	24	32	1	-2	1	-1	-1	-2	1	1	-3	-4	-2	-3	17	24	12	17	0	0	-6	34	-4	-4	32	1152	-1	-1	1	1	0	0	0	0
1	24	33	1	-2	1	-1	1	-3	0	1	1	-5	1	-4	4	9	3	7	0	2	-3	11	-4	0	5	117	-1	0	1	1	0	1	0	0
1	24	34	1	-2	1	-1	3	-2	-1	1	5	-4	4	-3	5	16	4	13	0	4	2	18	-4	12	0	320	-1	1	0	1	0	0	1	0
1	24	35	1	-2	1	-1	2	-1	-1	1	4	-3	3	-2	4	9	3	7	0	3	2	11	-4	5	0	117	-1	1	0	1	0	0	1	0
1	24	36	1	-2	1	-1	2	1	-1	0	4	1	3	1	9	23	7	18	0	2	5	27	-4	0	21	725	-1	0	1	1	0	1	0	0
1	24	37	1	-2	1	-1	2	-3	-1	2	4	-7	3	-5	7	11	5	8	0	4	-1	15	-4	12	-3	221	-1	1	-1	1	0	0	0	0
1	24	38	1	-2	1	-1	3	-1	-2	1	7	-3	5	-2	18	29	13	21	0	4	5	39	-4	12	21	1517	-1	1	1	1	0	0	0	0
1	24	39	1	-2	1	-1	1	0	-1	1	3	-2	2	-1	3	4	2	3	0	2	2	6	-4	0	0	32	-1	0	0	1	0	1	1	0
1	24	40	1	-2	1	-1	1	1	-1	0	3	1	2	1	7	11	5	8	0	1	4	15	-4	-3	12	221	-1	-1	1	1	0	0	0	0
1	24	41	1	-2	1	-1	1	2	-1	-1	3	4	2	3	17	24	12	17	0	0	6	34	-4	-4	32	1152	-1	-1	1	1	0	0	0	0
1	24	42	1	-2	1	-1	2	1	-1	0	4	1	3	1	9	23	7	18	0	2	5	27	-4	0	21	725	-1	0	1	1	0	1	0	0
1	24	43	1	-2	1	-1	0	1	-1	0	2	1	1	1	5	3	3	2	0	0	3	7	-4	-4	5	45	-1	-1	1	1	0	0	0	0
1	24	44	1	-2	1	-1	1	-1	-1	2	3	-5	2	-3	5	3	3	2	0	3	0	7	-4	5	-4	45	-1	1	-1	1	0	0	0	0
1	24	45	1	-2	1	-1	0	-1	1	2	-2	-5	-1	-3	23	7	13	4	0	2	-5	27	-4	0	21	725	-1	0	1	1	0	1	0	0
1	24	46	1	-2	1	-1	1	-2	-1	3	3	-8	2	-5	13	8	8	5	0	4	-2	18	-4	12	0	320	-1	1	0	1	0	0	0	0
1	24	47	1	-2	1	-1	2	-1	-3	2	8	-5	5	-3	27	19	17	12	0	4	5	39	-4	12	21	1517	-1	1	1	1	0	0	0	0
1	24	48	1	-2	1	-1	1	0	-2	1	5	-2	3	-1	13	8	8	5	0	2	4	18	-4	0	12	320	-1	0	1	1	0	1	0	0
1	24	49	1	-2	1	-1	1	1	-2	-1	5	3	3	2	34	21	21	13	0	0	7	47	-4	-4	45	2205	-1	-1	1	1	0	0	0	0
1	24	50	1	-2	1	-1	1	-1	-2	3	5	-7	3	-4	12	5	7	3	0	4	1	15	-4	12	-3	221	-1	1	-1	1	0	0	0	0
1	24	51	1	-2	1	-1	1	0	-3	1	7	-2	4	-1	31	12	18	7	0	2	6	38	-4	0	32	1440	-1	0	1	1	0	1	0	0
1	25	0	2	-1	1	0	1	1	0	1	2	1	1	1	-1	5	-1	4	2	2	3	3	0	0	5	5	0	0	1	1	1	1	0	0
1	25	1	2	-1	1	0	1	2	0	1	2	3	1	2	-3	14	-2	9	2	2	4	6	0	0	12	32	0	0	1	1	1	1	0	0
1	25	2	2	-1	1	0	1	3	0	1	2	5	1	3	-5	27	-3	16	2	2	5	11	0	0	21	117	0	0	1	1	1	1	0	0
1	25	3	2	-1	1	0	3	2	1	1	5	3	3	2	-14	39	-9	25	2	4	7	11	0	12	45	117	0	1	1	1	1	0	0	0
1	25	4	2	-1	1	0	-1	2	-1	1	-1	3	-1	2	2	1	1	1	2	0	1	3	0	-4	-3	5	0	-1	-1	1	1	0	0	0
1	25	5	2	-1	1	0	2	1	1	1	3	1	2	1	-6	11	-5	9	2	3	4	3	0	5	12	5	0	1	1	1	1	0	0	0
1	25	6	2	-1	1	0	2	3	1	2	3	4	2	3	-19	34	-14	25	2	4	6	6	0	12	32	32	0	1	1	1	1	0	0	0
1	25	7	2	-1	1	0	3	1	2	1	4	1	3	1	-13	19	-11	16	2	4	5	3	0	12	21	5	0	1	1	1	1	0	0	0
1	25	8	2	-1	1	0	2	-1	1	0	3	-2	2	-1	1	0	0	1	2	2	2	2	0	0	0	0	0	0	0	0	1	1	1	2
1	25	9	2	-1	1	0	0	1	-1	1	1	1	0	1	2	1	1	1	2	1	2	3	0	-3	0	5	0	-1	0	1	1	0	1	0
1	25	10	2	-1	1	0	0	1	-1	0	1	2	0	1	5	2	2	1	2	0	2	6	0	-4	0	32	0	-1	0	1	1	0	1	0
1	25	11	2	-1	1	0	0	1	-1	2	1	0	0	1	1	0	0	1	2	2	2	2	0	0	0	0	0	0	0	0	1	1	2	2
1	25	12	2	-1	1	0	-1	1	-2	1	0	1	-1	1	3	-1	1	0	2	0	1	3	0	-4	-3	5	0	-1	-1	1	1	0	0	0
1	25	13	2	-1	1	0	1	0	1	1	1	-1	1	0	2	-1	-1	1	2	2	1	3	0	0	-3	5	0	0	-1	1	1	1	0	0
1	25	14	2	-1	1	0	1	1	1	2	1	0	1	1	-1	1	-5	4	2	3	2	3	0	5	0	5	0	1	0	1	1	0	1	0
1	25	15	2	-1	1	0	1	2	1	3	1	1	1	2	-6	5	-11	9	2	4	3	3	0	12	5	5	0	1	1	1	1	0	0	0
1	25	16	2	-1	1	0	2	1	3	2	1	0	2	1	-3	2	-14	9	2	4	2	6	0	12	0	32	0	1	0	1	1	0	1	0
1	25	17	2	-1	1	0	0	1	-1	2	1	0	0	1	1	0	0	1	2	2	2	2	0	0	0	0	0	0	0	0	1	1	2	2
1	25	18	2	-1	1	0	1	0	2	1	0	-1	1	0	5	-2	-2	1	2	2	0	6	0	0	-4	32	0	0	-1	1	1	1	0	0
1	25	19	2	-1	1	0	1	1	2	3	0	-1	1	1	7	-3	-9	4	2	4	1	11	0	12	-3	117	0	1	-1	1	1	0	0	0
1	25	20	2	-1	1	0	1	0	3	1	-1	-1	1	0	10	-3	-3	1	2	2	-1	11	0	0	-3	117	0	0	-1	1	1	1	0	0
1	25	21	2	-1	1	0	1	-1	2	-1	0	-1	1	-1	3	-1	1	0	2	0	-1	3	0	-4	-3	5	0	-1	-1	1	1	0	0	0
1	25	22	2	-1	1	0	1	-1	1	0	1	-2	1	-1	3	-1	1	0	2	1	0	3	0	-3	-4	5	0	-1	-1	1	1	0	0	0
1	25	23	2	-1	1	0	0	-1	1	0	-1	-2	0	-1	5	2	2	1	2	0	-2	6	0	-4	0	32	0	-1	0	1	1	0	0	0
1	25	24	2	-1	1	0	1	-2	1	-1	1	-3	1	-2	2	1	1	1	2	0	-1	3	0	-4	-3	5	0	-1	-1	1	1	0	0	0
1	25	25	2	-1	1	0	2	-1	1	0	3	-2	2	-1	1	0	0	1	2	2	2	2	0	0	0	0	0	0	0	0	1	1	1	2
1	25	26	2	-1	1	0	1	-1	0	1	2	-3	1	-1	3	-1	1	0	2	2	1	3	0	0	-3	5	0	0	-1	1	1	1	0	0
1	25	27	2	-1	1	0	0	-1	1	1	-1	-3	0	-1	10	3	3	1	2	1	-2	11	0	-3	0	117	0	-1	0	1	1	0	0	0
1	25	28	2	-1	1	0	0	-1	1	2	-1	-4	0	-1	17	4	4	1	2	2	-2	18	0	0	0	320	0	0	0	1	1	1	0	0
1	25	29	2	-1	1	0	-1	-1	2	1	-4	-3	-1	-1	23	13	7	4	2	0	-5	27	0	-4	21	725	0	-1	1	1	1	0	0	0
1	25	30	2	-1	1	0	0	-1	1	0	-1	-2	0	-1	5	2	2	1	2	0	-2	6	0	-4	0	32	0	-1	0	1	1	0	0	0
1	25	31	2	-1	1	0	1	-2	0	1	2	-5	1	-2	5	2	2	1	2	2	0	6	0	0	-4	32	0	0	-1	1	1	1	0	0
1	25	32	2	-1	1	0	-1	-2	1	1	-3	-5	-1	-2	18	23	7	9	2	0	-5	27	0	-4	21	725	0	-1	1	1	1	0	0	0
1	25	33	2	-1	1	0	1	-3	0	1	2	-7	1	-3	7	9	3	4	2	2	-1	11	0	0	-3	117	0	0	-1	1	1	1	0	0
1	25	34	2	-1	1	0	3	-2	-1	1	7	-5	3	-2	2	1	1	1	2	4	5	3	0	12	21	5	0	1	1	1	1	0	0	0
1	25	35	2	-1	1	0	2	-1	-1	1	5	-3	2	-1	2	1	1	1	2	3	4	3	0	5	12	5	0	1	1	1	1	0	0	0
1	25	36	2	-1	1	0	2	1	-1	0	5	2	2	1	9	20	4	9	2	2	6	18	0	0	32	320	0	0	1	1	1	1	0	0
1	25	37	2	-1	1	0	2	-3	-1	2	5	-8	2	-3	5	2	2	1	2	4	2	6	0	12	0	32	0	1	0	1	1	0	1	0
1	25	38	2	-1	1	0	3	-1	-2	1	8	-3	3	-1	7	9	3	4	2	4	7	11	0	12	45	117	0	1	1	1	1	0	0	0
1	25	39	2	-1	1	0	1	0	-1	1	3	-1	1	0	2	1	1	1	2	2	3	3	0	0	5	5	0	0	1	1	1	1	0	0
1	25	40	2	-1	1	0	1	1	-1	0	3	2	1	1	7	9	3	4	2	1	4	11	0	-3	12	117	0	-1	1	1	1	0	0	0
1	25	41	2	-1	1	0	1	2	-1	-1	3	5	1	2	18	23	7	9	2	0	5	27	0	-4	21	725	0	-1	1	1	1	0	0	0
1	25	42	2	-1	1	0	2	1	-1	0	5	2	2	1	9	20	4	9	2	2	6	18	0	0	32	320	0	0	1	1	1	1	0	0
1	25	43	2	-1	1	0	0	1	-1	0	1	2	0	1	5	2	2	1	2	0	2	6	0	-4	0	32	0	-1	0	1	1	0	1	0
1	25	44	2	-1	1	0	1	-1	-1	2	3	-4	1	-1	3	-1	1	0	2	3	2	3	0	5	0	5	0	1	0	1	1	0	1	0
1	25	45	2	-1	1	0	0	-1	1	2	-1	-4	0	-1	17	4	4	1	2	2	-2	18	0	0	0	320	0	0	0	1	1	1	0	0
1	25	46	2	-1	1	0	1	-2	-1	3	3	-7	1	-2	10	3	3	1	2	4	1	11	0	12	-3	117	0	1	-1	1	1	0	0	0
1	25	47	2	-1	1	0	2	-1	-3	2	7	-4	2	-1	5	2	2	1	2	4	6	6	0	12	32	32	0	1	1	1	1	0	0	0
1	25	48	2	-1	1	0	1	0	-2	1	4	-1	1	0	5	2	2	1	2	2	4	6	0	0	12	32	0	0	1	1	1	1	0	0
1	25	49	2	-1	1	0	1	1	-2	-1	4	3	1	1	23	13	7	4	2	0	5	27	0	-4	21	725	0	-1	1	1	1	0	0	0
1	25	50	2	-1	1	0	1	-1	-2	3	4	-5	1	-1	3	-1	1	0	2	4	3	3	0	12	5	5	0	1	1	1	1	0	0	0
1	25	51	2	-1	1	0	1	0	-3	1	5	-1	1	0	10	3	3	1	2	2	5	11	0	0	21	117	0	0	1	1	1	1	0	0
1	26	0	1	-1	0	1	1	1	0	1	1	0	0	1	1	0	0	1	2	2	2	2	0	0	0	0	0	0	0	0	1	1	2	2
1	26	1	1	-1	0	1	1	2	0	1	1	1	0	1	1	0	0	1	2	2	2	2	0	0	0	0	0	0	0	0	1	1	1	2
1	26	2	1	-1	0	1	1	3	0	1	1	2	0	1	1	0	0	1	2	2	2	2	0	0	0	0	0	0	0	0	1	1	1	2
1	26	3	1	-1	0	1	3	2	1	1	2	1	1	1	-1	5	-1	4	2	4	3	3	0	12	5	5	0	1	1	1	1	0	0	0
1	26	4	1	-1	0	1	-1	2	-1	1	0	1	-1	1	1	-1	-1	2	2	0	1	3	0	-4	-3	5	0	-1	-1	1	1	0	0	0
1	26	5	1	-1	0	1	2	1	1	1	1	0	1	1	0	1	-1	3	2	3	2	3	0	5	0	5	0	1	0	1	1	0	1	0
1	26	6	1	-1	0	1	2	3	1	2	1	1	1	2	0	1	-1	3	2	4	3	3	0	12	5	5	0	1	1	1	1	0	0	0
1	26	7	1	-1	0	1	3	1	2	1	1	0	2	1	-1	2	-4	7	2	4	2	6	0	12	0	32	0	1	0	1	1	0	1	0
1	26	8	1	-1	0	1	2	-1	1	0	1	-1	1	0	0	1	-1	3	2	2	1	3	0	0	-3	5	0	0	-1	1	1	1	0	0
1	26	9	1	-1	0	1	0	1	-1	1	1	0	-1	1	2	-1	-1	1	2	1	2	3	0	-3	0	5	0	-1	0	1	1	0	1	0
1	26	10	1	-1	0	1	0	1	-1	0	1	1	-1	0	2	-1	-1	1	2	0	1	3	0	-4	-3	5	0	-1	-1	1	1	0	0	0
1	26	11	1	-1	0	1	0	1	-1	2	1	-1	-1	2	2	-1	-1	1	2	2	3	3	0	0	5	5	0	0	1	1	1	1	0	0
1	26	12	1	-1	0	1	-1	1	-2	1	1	0	-2	1	3	-2	-4	3	2	0	2	6	0	-4	0	32	0	-1	0	1	1	0	1	0
1	26	13	1	-1	0	1	1	0	1	1	0	-1	1	1	1	-1	-1	2	2	2	1	3	0	0	-3	5	0	0	-1	1	1	1	0	0
1	26	14	1	-1	0	1	1	1	1	2	0	-1	1	2	1	-1	-1	2	2	3	2	3	0	5	0	5	0	1	0	1	1	0	1	0
1	26	15	1	-1	0	1	1	2	1	3	0	-1	1	3	1	-1	-1	2	2	4	3	3	0	12	5	5	0	1	1	1	1	0	0	0
1	26	16	1	-1	0	1	2	1	3	2	-1	-1	3	2	4	-3	-9	7	2	4	1	11	0	12	-3	117	0	1	-1	1	1	0	0	0
1	26	17	1	-1	0	1	0	1	-1	2	1	-1	-1	2	2	-1	-1	1	2	2	3	3	0	0	5	5	0	0	1	1	1	1	0	0
1	26	18	1	-1	0	1	1	0	2	1	-1	-1	2	1	3	-2	-4	3	2	2	0	6	0	0	-4	32	0	0	-1	1	1	1	0	0
1	26	19	1	-1	0	1	1	1	2	3	-1	-2	2	3	3	-2	-4	3	2	4	2	6	0	12	0	32	0	1	0	1	1	0	1	0
1	26	20	1	-1	0	1	1	0	3	1	-2	-1	3	1	7	-3	-9	4	2	2	-1	11	0	0	-3	117	0	0	-1	1	1	1	0	0
1	26	21	1	-1	0	1	1	-1	2	-1	-1	0	2	-1	3	-2	-4	3	2	0	-2	6	0	-4	0	32	0	-1	0	1	1	0	0	0
1	26	22	1	-1	0	1	1	-1	1	0	0	-1	1	0	1	-1	-1	2	2	1	0	3	0	-3	-4	5	0	-1	-1	1	1	0	0	0
1	26	23	1	-1	0	1	0	-1	1	0	-1	-1	1	0	2	-1	-1	1	2	0	-1	3	0	-4	-3	5	0	-1	-1	1	1	0	0	0
1	26	24	1	-1	0	1	1	-2	1	-1	0	-1	1	-1	1	-1	-1	2	2	0	-1	3	0	-4	-3	5	0	-1	-1	1	1	0	0	0
1	26	25	1	-1	0	1	2	-1	1	0	1	-1	1	0	0	1	-1	3	2	2	1	3	0	0	-3	5	0	0	-1	1	1	1	0	0
1	26	26	1	-1	0	1	1	-1	0	1	1	-2	0	1	1	0	0	1	2	2	2	2	0	0	0	0	0	0	0	0	1	1	1	2
1	26	27	1	-1	0	1	0	-1	1	1	-1	-2	1	1	2	-1	-1	1	2	1	0	3	0	-3	-4	5	0	-1	-1	1	1	0	0	0
1	26	28	1	-1	0	1	0	-1	1	2	-1	-3	1	2	2	-1	-1	1	2	2	1	3	0	0	-3	5	0	0	-1	1	1	1	0	0
1	26	29	1	-1	0	1	-1	-1	2	1	-3	-2	2	1	7	2	-4	-1	2	0	-2	6	0	-4	0	32	0	-1	0	1	1	0	0	0
1	26	30	1	-1	0	1	0	-1	1	0	-1	-1	1	0	2	-1	-1	1	2	0	-1	3	0	-4	-3	5	0	-1	-1	1	1	0	0	0
1	26	31	1	-1	0	1	1	-2	0	1	1	-3	0	1	1	0	0	1	2	2	2	2	0	0	0	0	0	0	0	0	1	1	1	2
1	26	32	1	-1	0	1	-1	-2	1	1	-2	-3	1	1	3	1	-1	0	2	0	-1	3	0	-4	-3	5	0	-1	-1	1	1	0	0	0
1	26	33	1	-1	0	1	1	-3	0	1	1	-4	0	1	1	0	0	1	2	2	2	2	0	0	0	0	0	0	0	0	1	1	1	2
1	26	34	1	-1	0	1	3	-2	-1	1	4	-3	-1	1	5	11	-1	-2	2	4	5	3	0	12	21	5	0	1	1	1	1	0	0	0
1	26	35	1	-1	0	1	2	-1	-1	1	3	-2	-1	1	4	5	-1	-1	2	3	4	3	0	5	12	5	0	1	1	1	1	0	0	0
1	26	36	1	-1	0	1	2	1	-1	0	3	1	-1	0	4	5	-1	-1	2	2	3	3	0	0	5	5	0	0	1	1	1	1	0	0
1	26	37	1	-1	0	1	2	-3	-1	2	3	-5	-1	2	4	5	-1	-1	2	4	5	3	0	12	21	5	0	1	1	1	1	0	0	0
1	26	38	1	-1	0	1	3	-1	-2	1	5	-2	-2	1	11	14	-4	-5	2	4	6	6	0	12	32	32	0	1	1	1	1	0	0	0
1	26	39	1	-1	0	1	1	0	-1	1	2	-1	-1	1	3	1	-1	0	2	2	3	3	0	0	5	5	0	0	1	1	1	1	0	0
1	26	40	1	-1	0	1	1	1	-1	0	2	1	-1	0	3	1	-1	0	2	1	2	3	0	-3	0	5	0	-1	0	1	1	0	1	0
1	26	41	1	-1	0	1	1	2	-1	-1	2	3	-1	-1	3	1	-1	0	2	0	1	3	0	-4	-3	5	0	-1	-1	1	1	0	0	0
1	26	42	1	-1	0	1	2	1	-1	0	3	1	-1	0	4	5	-1	-1	2	2	3	3	0	0	5	5	0	0	1	1	1	1	0	0
1	26	43	1	-1	0	1	0	1	-1	0	1	1	-1	0	2	-1	-1	1	2	0	1	3	0	-4	-3	5	0	-1	-1	1	1	0	0	0
1	26	44	1	-1	0	1	1	-1	-1	2	2	-3	-1	2	3	1	-1	0	2	3	4	3	0	5	12	5	0	1	1	1	1	0	0	0
1	26	45	1	-1	0	1	0	-1	1	2	-1	-3	1	2	2	-1	-1	1	2	2	1	3	0	0	-3	5	0	0	-1	1	1	1	0	0
1	26	46	1	-1	0	1	1	-2	-1	3	2	-5	-1	3	3	1	-1	0	2	4	5	3	0	12	21	5	0	1	1	1	1	0	0	0
1	26	47	1	-1	0	1	2	-1	-3	2	5	-3	-3	2	16	9	-9	-5	2	4	7	11	0	12	45	117	0	1	1	1	1	0	0	0
1	26	48	1	-1	0	1	1	0	-2	1	3	-1	-2	1	7	2	-4	-1	2	2	4	6	0	0	12	32	0	0	1	1	1	1	0	0
1	26	49	1	-1	0	1	1	1	-2	-1	3	2	-2	-1	7	2	-4	-1	2	0	2	6	0	-4	0	32	0	-1	0	1	1	0	1	0
1	26	50	1	-1	0	1	1	-1	-2	3	3	-4	-2	3	7	2	-4	-1	2	4	6	6	0	12	32	32	0	1	1	1	1	0	0	0
1	26	51	1	-1	0	1	1	0	-3	1	4	-1	-3	1	13	3	-9	-2	2	2	5	11	0	0	21	117	0	0	1	1	1	1	0	0
1	27	0	0	-1	1	1	1	1	0	1	0	-1	1	2	1	-1	-1	2	1	2	2	3	-3	0	0	5	-1	0	0	1	0	1	1	0
1	27	1	0	-1	1	1	1	2	0	1	0	-1	1	3	1	-2	-2	5	1	2	3	6	-3	0	5	32	-1	0	1	1	0	1	0	0
1	27	2	0	-1	1	1	1	3	0	1	0	-1	1	4	1	-3	-3	10	1	2	4	11	-3	0	12	117	-1	0	1	1	0	1	0	0
1	27	3	0	-1	1	1	3	2	1	1	-1	-1	4	3	1	-3	-3	10	1	4	2	11	-3	12	0	117	-1	1	0	1	0	0	1	0
1	27	4	0	-1	1	1	-1	2	-1	1	1	-1	-2	3	3	-5	-7	12	1	0	4	15	-3	-4	12	221	-1	-1	1	1	0	0	0	0
1	27	5	0	-1	1	1	2	1	1	1	-1	-1	3	2	1	-2	-2	5	1	3	1	6	-3	5	-3	32	-1	1	-1	1	0	0	0	0
1	27	6	0	-1	1	1	2	3	1	2	-1	-2	3	5	3	-5	-7	12	1	4	4	15	-3	12	12	221	-1	1	1	1	0	0	0	0
1	27	7	0	-1	1	1	3	1	2	1	-2	-1	5	2	3	-5	-7	12	1	4	0	15	-3	12	-4	221	-1	1	-1	1	0	0	0	0
1	27	8	0	-1	1	1	2	-1	1	0	-1	0	3	-1	1	-3	-3	10	1	2	-2	11	-3	0	0	117	-1	0	0	1	0	1	0	0
1	27	9	0	-1	1	1	0	1	-1	1	1	-1	-1	2	3	-2	-4	3	1	1	3	6	-3	-3	5	32	-1	-1	1	1	0	0	0	0
1	27	10	0	-1	1	1	0	1	-1	0	1	0	-1	1	1	-1	-1	2	1	0	2	3	-3	-4	0	5	-1	-1	0	1	0	0	1	0
1	27	11	0	-1	1	1	0	1	-1	2	1	-2	-1	3	7	-3	-9	4	1	2	4	11	-3	0	12	117	-1	0	1	1	0	1	0	0
1	27	12	0	-1	1	1	-1	1	-2	1	2	-1	-3	2	7	-5	-11	8	1	0	4	15	-3	-4	12	221	-1	-1	1	1	0	0	0	0
1	27	13	0	-1	1	1	1	0	1	1	-1	-1	2	1	1	-1	-1	2	1	2	0	3	-3	0	-4	5	-1	0	-1	1	0	1	0	0
1	27	14	0	-1	1	1	1	1	1	2	-1	-2	2	3	3	-2	-4	3	1	3	2	6	-3	5	0	32	-1	1	0	1	0	0	1	0
1	27	15	0	-1	1	1	1	2	1	3	-1	-3	2	5	7	-5	-11	8	1	4	4	15	-3	12	12	221	-1	1	1	1	0	0	0	0
1	27	16	0	-1	1	1	2	1	3	2	-3	-2	5	3	7	-5	-11	8	1	4	0	15	-3	12	-4	221	-1	1	-1	1	0	0	0	0
1	27	17	0	-1	1	1	0	1	-1	2	1	-2	-1	3	7	-3	-9	4	1	2	4	11	-3	0	12	117	-1	0	1	1	0	1	0	0
1	27	18	0	-1	1	1	1	0	2	1	-2	-1	3	1	3	-2	-4	3	1	2	-1	6	-3	0	-3	32	-1	0	-1	1	0	1	0	0
1	27	19	0	-1	1	1	1	1	2	3	-2	-3	3	4	7	-3	-9	4	1	4	2	11	-3	12	0	117	-1	1	0	1	0	0	1	0
1	27	20	0	-1	1	1	1	0	3	1	-3	-1	4	1	7	-3	-9	4	1	2	-2	11	-3	0	0	117	-1	0	0	1	0	1	0	0
1	27	21	0	-1	1	1	1	-1	2	-1	-2	1	3	-2	7	-5	-11	8	1	0	-4	15	-3	-4	12	221	-1	-1	1	1	0	0	0	0
1	27	22	0	-1	1	1	1	-1	1	0	-1	0	2	-1	1	-2	-2	5	1	1	-2	6	-3	-3	0	32	-1	-1	0	1	0	0	0	0
1	27	23	0	-1	1	1	0	-1	1	0	-1	0	1	-1	1	-1	-1	2	1	0	-2	3	-3	-4	0	5	-1	-1	0	1	0	0	0	0
1	27	24	0	-1	1	1	1	-2	1	-1	-1	1	2	-3	3	-5	-7	12	1	0	-4	15	-3	-4	12	221	-1	-1	1	1	0	0	0	0
1	27	25	0	-1	1	1	2	-1	1	0	-1	0	3	-1	1	-3	-3	10	1	2	-2	11	-3	0	0	117	-1	0	0	1	0	1	0	0
1	27	26	0	-1	1	1	1	-1	0	1	0	-1	1	0	1	1	1	2	1	2	0	3	-3	0	-4	5	-1	0	-1	1	0	1	0	0
1	27	27	0	-1	1	1	0	-1	1	1	-1	-1	1	0	1	0	0	1	1	1	-1	2	-3	-3	-3	0	-1	-1	-1	0	0	0	0	2
1	27	28	0	-1	1	1	0	-1	1	2	-1	-2	1	1	3	1	-1	0	1	2	0	3	-3	0	-4	5	-1	0	-1	1	0	1	0	0
1	27	29	0	-1	1	1	-1	-1	2	1	-2	-1	1	0	3	1	-1	0	1	0	-2	3	-3	-4	0	5	-1	-1	0	1	0	0	0	0
1	27	30	0	-1	1	1	0	-1	1	0	-1	0	1	-1	1	-1	-1	2	1	0	-2	3	-3	-4	0	5	-1	-1	0	1	0	0	0	0
1	27	31	0	-1	1	1	1	-2	0	1	0	-1	1	-1	1	2	2	5	1	2	-1	6	-3	0	-3	32	-1	0	-1	1	0	1	0	0
1	27	32	0	-1	1	1	-1	-2	1	1	-1	-1	0	-1	1	1	1	2	1	0	-2	3	-3	-4	0	5	-1	-1	0	1	0	0	0	0
1	27	33	0	-1	1	1	1	-3	0	1	0	-1	1	-2	1	3	3	10	1	2	-2	11	-3	0	0	117	-1	0	0	1	0	1	0	0
1	27	34	0	-1	1	1	3	-2	-1	1	1	-1	2	-1	3	7	5	12	1	4	0	15	-3	12	-4	221	-1	1	-1	1	0	0	0	0
1	27	35	0	-1	1	1	2	-1	-1	1	1	-1	1	0	3	4	2	3	1	3	1	6	-3	5	-3	32	-1	1	-1	1	0	0	0	0
1	27	36	0	-1	1	1	2	1	-1	0	1	0	1	1	1	1	1	2	1	2	2	3	-3	0	0	5	-1	0	0	1	0	1	1	0
1	27	37	0	-1	1	1	2	-3	-1	2	1	-2	1	-1	7	11	5	8	1	4	0	15	-3	12	-4	221	-1	1	-1	1	0	0	0	0
1	27	38	0	-1	1	1	3	-1	-2	1	2	-1	1	0	7	9	3	4	1	4	2	11	-3	12	0	117	-1	1	0	1	0	0	1	0
1	27	39	0	-1	1	1	1	0	-1	1	1	-1	0	1	3	1	-1	0	1	2	2	3	-3	0	0	5	-1	0	0	1	0	1	1	0
1	27	40	0	-1	1	1	1	1	-1	0	1	0	0	1	1	0	0	1	1	1	2	2	-3	-3	0	0	-1	-1	0	0	0	0	2	2
1	27	41	0	-1	1	1	1	2	-1	-1	1	1	0	1	1	1	1	2	1	0	2	3	-3	-4	0	5	-1	-1	0	1	0	0	1	0
1	27	42	0	-1	1	1	2	1	-1	0	1	0	1	1	1	1	1	2	1	2	2	3	-3	0	0	5	-1	0	0	1	0	1	1	0
1	27	43	0	-1	1	1	0	1	-1	0	1	0	-1	1	1	-1	-1	2	1	0	2	3	-3	-4	0	5	-1	-1	0	1	0	0	1	0
1	27	44	0	-1	1	1	1	-1	-1	2	1	-2	0	1	7	4	-2	-1	1	3	2	6	-3	5	0	32	-1	1	0	1	0	0	1	0
1	27	45	0	-1	1	1	0	-1	1	2	-1	-2	1	1	3	1	-1	0	1	2	0	3	-3	0	-4	5	-1	0	-1	1	0	1	0	0
1	27	46	0	-1	1	1	1	-2	-1	3	1	-3	0	1	13	9	-3	-2	1	4	2	11	-3	12	0	117	-1	1	0	1	0	0	1	0
1	27	47	0	-1	1	1	2	-1	-3	2	3	-2	-1	1	19	11	-7	-4	1	4	4	15	-3	12	12	221	-1	1	1	1	0	0	0	0
1	27	48	0	-1	1	1	1	0	-2	1	2	-1	-1	1	7	2	-4	-1	1	2	3	6	-3	0	5	32	-1	0	1	1	0	1	0	0
1	27	49	0	-1	1	1	1	1	-2	-1	2	1	-1	0	3	1	-1	0	1	0	2	3	-3	-4	0	5	-1	-1	0	1	0	0	1	0
1	27	50	0	-1	1	1	1	-1	-2	3	2	-3	-1	2	19	7	-11	-4	1	4	4	15	-3	12	12	221	-1	1	1	1	0	0	0	0
1	27	51	0	-1	1	1	1	0	-3	1	3	-1	-2	1	13	3	-9	-2	1	2	4	11	-3	0	12	117	-1	0	1	1	0	1	0	0
1	28	0	0	-1	1	2	1	1	0	1	0	-1	1	3	1	-1	-1	2	2	2	3	3	0	0	5	5	0	0	1	1	1	1	0	0
1	28	1	0	-1	1	2	1	2	0	1	0	-1	1	4	1	-2	-2	5	2	2	4	6	0	0	12	32	0	0	1	1	1	1	0	0
1	28	2	0	-1	1	2	1	3	0	1	0	-1	1	5	1	-3	-3	10	2	2	5	11	0	0	21	117	0	0	1	1	1	1	0	0
1	28	3	0	-1	1	2	3	2	1	1	-1	-1	5	4	0	-1	1	3	2	4	3	3	0	12	5	5	0	1	1	1	1	0	0	0
1	28	4	0	-1	1	2	-1	2	-1	1	1	-1	-3	4	4	-7	-13	23	2	0	5	27	0	-4	21	725	0	-1	1	1	1	0	0	0
1	28	5	0	-1	1	2	2	1	1	1	-1	-1	4	3	0	-1	1	3	2	3	2	3	0	5	0	5	0	1	0	1	1	0	1	0
1	28	6	0	-1	1	2	2	3	1	2	-1	-2	4	7	1	-2	-2	5	2	4	6	6	0	12	32	32	0	1	1	1	1	0	0	0
1	28	7	0	-1	1	2	3	1	2	1	-2	-1	7	3	1	-3	-3	10	2	4	1	11	0	12	-3	117	0	1	-1	1	1	0	0	0
1	28	8	0	-1	1	2	2	-1	1	0	-1	0	4	-1	1	-4	-4	17	2	2	-2	18	0	0	0	320	0	0	0	1	1	1	0	0
1	28	9	0	-1	1	2	0	1	-1	1	1	-1	-2	3	4	-3	-9	7	2	1	4	11	0	-3	12	117	0	-1	1	1	1	0	0	0
1	28	10	0	-1	1	2	0	1	-1	0	1	0	-2	1	1	-2	-2	5	2	0	2	6	0	-4	0	32	0	-1	0	1	1	0	1	0
1	28	11	0	-1	1	2	0	1	-1	2	1	-2	-2	5	9	-4	-20	9	2	2	6	18	0	0	32	320	0	0	1	1	1	1	0	0
1	28	12	0	-1	1	2	-1	1	-2	1	2	-1	-5	3	9	-7	-23	18	2	0	5	27	0	-4	21	725	0	-1	1	1	1	0	0	0
1	28	13	0	-1	1	2	1	0	1	1	-1	-1	3	2	0	-1	1	3	2	2	1	3	0	0	-3	5	0	0	-1	1	1	1	0	0
1	28	14	0	-1	1	2	1	1	1	2	-1	-2	3	5	1	-1	-1	2	2	3	4	3	0	5	12	5	0	1	1	1	1	0	0	0
1	28	15	0	-1	1	2	1	2	1	3	-1	-3	3	8	4	-3	-9	7	2	4	7	11	0	12	45	117	0	1	1	1	1	0	0	0
1	28	16	0	-1	1	2	2	1	3	2	-3	-2	8	5	1	-2	-2	5	2	4	2	6	0	12	0	32	0	1	0	1	1	0	1	0
1	28	17	0	-1	1	2	0	1	-1	2	1	-2	-2	5	9	-4	-20	9	2	2	6	18	0	0	32	320	0	0	1	1	1	1	0	0
1	28	18	0	-1	1	2	1	0	2	1	-2	-1	5	2	1	-2	-2	5	2	2	0	6	0	0	-4	32	0	0	-1	1	1	1	0	0
1	28	19	0	-1	1	2	1	1	2	3	-2	-3	5	7	1	-1	-1	2	2	4	5	3	0	12	21	5	0	1	1	1	1	0	0	0
1	28	20	0	-1	1	2	1	0	3	1	-3	-1	7	2	4	-3	-9	7	2	2	-1	11	0	0	-3	117	0	0	-1	1	1	1	0	0
1	28	21	0	-1	1	2	1	-1	2	-1	-2	1	5	-3	9	-7	-23	18	2	0	-5	27	0	-4	21	725	0	-1	1	1	1	0	0	0
1	28	22	0	-1	1	2	1	-1	1	0	-1	0	3	-1	1	-3	-3	10	2	1	-2	11	0	-3	0	117	0	-1	0	1	1	0	0	0
1	28	23	0	-1	1	2	0	-1	1	0	-1	0	2	-1	1	-2	-2	5	2	0	-2	6	0	-4	0	32	0	-1	0	1	1	0	0	0
1	28	24	0	-1	1	2	1	-2	1	-1	-1	1	3	-4	4	-7	-13	23	2	0	-5	27	0	-4	21	725	0	-1	1	1	1	0	0	0
1	28	25	0	-1	1	2	2	-1	1	0	-1	0	4	-1	1	-4	-4	17	2	2	-2	18	0	0	0	320	0	0	0	1	1	1	0	0
1	28	26	0	-1	1	2	1	-1	0	1	0	-1	1	1	1	1	1	2	2	2	1	3	0	0	-3	5	0	0	-1	1	1	1	0	0
1	28	27	0	-1	1	2	0	-1	1	1	-1	-1	2	1	0	-1	1	3	2	1	0	3	0	-3	-4	5	0	-1	-1	1	1	0	0	0
1	28	28	0	-1	1	2	0	-1	1	2	-1	-2	2	3	1	0	0	1	2	2	2	2	0	0	0	0	0	0	0	0	1	1	1	2
1	28	29	0	-1	1	2	-1	-1	2	1	-2	-1	3	1	1	-1	-1	2	2	0	-1	3	0	-4	-3	5	0	-1	-1	1	1	0	0	0
1	28	30	0	-1	1	2	0	-1	1	0	-1	0	2	-1	1	-2	-2	5	2	0	-2	6	0	-4	0	32	0	-1	0	1	1	0	0	0
1	28	31	0	-1	1	2	1	-2	0	1	0	-1	1	0	1	2	2	5	2	2	0	6	0	0	-4	32	0	0	-1	1	1	1	0	0
1	28	32	0	-1	1	2	-1	-2	1	1	-1	-1	1	0	0	-1	1	3	2	0	-1	3	0	-4	-3	5	0	-1	-1	1	1	0	0	0
1	28	33	0	-1	1	2	1	-3	0	1	0	-1	1	-1	1	3	3	10	2	2	-1	11	0	0	-3	117	0	0	-1	1	1	1	0	0
1	28	34	0	-1	1	2	3	-2	-1	1	1	-1	1	0	4	9	3	7	2	4	1	11	0	12	-3	117	0	1	-1	1	1	0	0	0
1	28	35	0	-1	1	2	2	-1	-1	1	1	-1	0	1	4	5	-1	-1	2	3	2	3	0	5	0	5	0	1	0	1	1	0	1	0
1	28	36	0	-1	1	2	2	1	-1	0	1	0	0	1	1	0	0	1	2	2	2	2	0	0	0	0	0	0	0	0	1	1	2	2
1	28	37	0	-1	1	2	2	-3	-1	2	1	-2	0	1	9	14	-2	-3	2	4	2	6	0	12	0	32	0	1	0	1	1	0	1	0
1	28	38	0	-1	1	2	3	-1	-2	1	2	-1	-1	1	9	11	-5	-6	2	4	3	3	0	12	5	5	0	1	1	1	1	0	0	0
1	28	39	0	-1	1	2	1	0	-1	1	1	-1	-1	2	4	1	-5	-1	2	2	3	3	0	0	5	5	0	0	1	1	1	1	0	0
1	28	40	0	-1	1	2	1	1	-1	0	1	0	-1	1	1	-1	-1	2	2	1	2	3	0	-3	0	5	0	-1	0	1	1	0	1	0
1	28	41	0	-1	1	2	1	2	-1	-1	1	1	-1	0	0	-1	1	3	2	0	1	3	0	-4	-3	5	0	-1	-1	1	1	0	0	0
1	28	42	0	-1	1	2	2	1	-1	0	1	0	0	1	1	0	0	1	2	2	2	2	0	0	0	0	0	0	0	0	1	1	2	2
1	28	43	0	-1	1	2	0	1	-1	0	1	0	-2	1	1	-2	-2	5	2	0	2	6	0	-4	0	32	0	-1	0	1	1	0	1	0
1	28	44	0	-1	1	2	1	-1	-1	2	1	-2	-1	3	9	5	-11	-6	2	3	4	3	0	5	12	5	0	1	1	1	1	0	0	0
1	28	45	0	-1	1	2	0	-1	1	2	-1	-2	2	3	1	0	0	1	2	2	2	2	0	0	0	0	0	0	0	0	1	1	1	2
1	28	46	0	-1	1	2	1	-2	-1	3	1	-3	-1	4	16	11	-19	-13	2	4	5	3	0	12	21	5	0	1	1	1	1	0	0	0
1	28	47	0	-1	1	2	2	-1	-3	2	3	-2	-4	3	25	14	-34	-19	2	4	6	6	0	12	32	32	0	1	1	1	1	0	0	0
1	28	48	0	-1	1	2	1	0	-2	1	2	-1	-3	2	9	2	-14	-3	2	2	4	6	0	0	12	32	0	0	1	1	1	1	0	0
1	28	49	0	-1	1	2	1	1	-2	-1	2	1	-3	-1	1	-1	-1	2	2	0	1	3	0	-4	-3	5	0	-1	-1	1	1	0	0	0
1	28	50	0	-1	1	2	1	-1	-2	3	2	-3	-3	5	25	9	-39	-14	2	4	7	11	0	12	45	117	0	1	1	1	1	0	0	0
1	28	51	0	-1	1	2	1	0	-3	1	3	-1	-5	2	16	3	-27	-5	2	2	5	11	0	0	21	117	0	0	1	1	1	1	0	0
1	29	0	-1	-1	2	1	1	1	0	1	-1	-2	2	3	3	-2	-4	3	0	2	2	6	-4	0	0	32	-1	0	0	1	0	1	1	0
1	29	1	-1	-1	2	1	1	2	0	1	-1	-3	2	5	5	-8	-8	13	0	2	4	18	-4	0	12	320	-1	0	1	1	0	1	0	0
1	29	2	-1	-1	2	1	1	3	0	1	-1	-4	2	7	7	-18	-12	31	0	2	6	38	-4	0	32	1440	-1	0	1	1	0	1	0	0
1	29	3	-1	-1	2	1	3	2	1	1	-4	-3	7	5	3	-7	-5	12	0	4	1	15	-4	12	-3	221	-1	1	-1	1	0	0	0	0
1	29	4	-1	-1	2	1	-1	2	-1	1	2	-3	-3	5	13	-21	-21	34	0	0	7	47	-4	-4	45	2205	-1	-1	1	1	0	0	0	0
1	29	5	-1	-1	2	1	2	1	1	1	-3	-2	5	3	2	-3	-3	5	0	3	0	7	-4	5	-4	45	-1	1	-1	1	0	0	0	0
1	29	6	-1	-1	2	1	2	3	1	2	-3	-5	5	8	12	-17	-19	27	0	4	5	39	-4	12	21	1517	-1	1	1	1	0	0	0	0
1	29	7	-1	-1	2	1	3	1	2	1	-5	-2	8	3	5	-8	-8	13	0	4	-2	18	-4	12	0	320	-1	1	0	1	0	0	0	0
1	29	8	-1	-1	2	1	2	-1	1	0	-3	1	5	-2	4	-13	-7	23	0	2	-5	27	-4	0	21	725	-1	0	1	1	0	1	0	0
1	29	9	-1	-1	2	1	0	1	-1	1	1	-2	-1	3	8	-5	-11	7	0	1	4	15	-4	-3	12	221	-1	-1	1	1	0	0	0	0
1	29	10	-1	-1	2	1	0	1	-1	0	1	-1	-1	2	2	-3	-3	5	0	0	3	7	-4	-4	5	45	-1	-1	1	1	0	0	0	0
1	29	11	-1	-1	2	1	0	1	-1	2	1	-3	-1	4	18	-7	-23	9	0	2	5	27	-4	0	21	725	-1	0	1	1	0	1	0	0
1	29	12	-1	-1	2	1	-1	1	-2	1	3	-2	-4	3	17	-12	-24	17	0	0	6	34	-4	-4	32	1152	-1	-1	1	1	0	0	0	0
1	29	13	-1	-1	2	1	1	0	1	1	-2	-1	3	1	1	-1	-1	2	0	2	-1	3	-4	0	-3	5	-1	0	-1	1	0	1	0	0
1	29	14	-1	-1	2	1	1	1	1	2	-2	-3	3	4	7	-3	-9	4	0	3	2	11	-4	5	0	117	-1	1	0	1	0	0	1	0
1	29	15	-1	-1	2	1	1	2	1	3	-2	-5	3	7	21	-13	-29	18	0	4	5	39	-4	12	21	1517	-1	1	1	1	0	0	0	0
1	29	16	-1	-1	2	1	2	1	3	2	-5	-3	7	4	8	-5	-11	7	0	4	-1	15	-4	12	-3	221	-1	1	-1	1	0	0	0	0
1	29	17	-1	-1	2	1	0	1	-1	2	1	-3	-1	4	18	-7	-23	9	0	2	5	27	-4	0	21	725	-1	0	1	1	0	1	0	0
1	29	18	-1	-1	2	1	1	0	2	1	-3	-1	4	1	3	-2	-4	3	0	2	-2	6	-4	0	0	32	-1	0	0	1	0	1	0	0
1	29	19	-1	-1	2	1	1	1	2	3	-3	-4	4	5	13	-4	-16	5	0	4	2	18	-4	12	0	320	-1	1	0	1	0	0	1	0
1	29	20	-1	-1	2	1	1	0	3	1	-4	-1	5	1	7	-3	-9	4	0	2	-3	11	-4	0	5	117	-1	0	1	1	0	1	0	0
1	29	21	-1	-1	2	1	1	-1	2	-1	-3	2	4	-3	17	-12	-24	17	0	0	-6	34	-4	-4	32	1152	-1	-1	1	1	0	0	0	0
1	29	22	-1	-1	2	1	1	-1	1	0	-2	1	3	-2	3	-7	-5	12	0	1	-4	15	-4	-3	12	221	-1	-1	1	1	0	0	0	0
1	29	23	-1	-1	2	1	0	-1	1	0	-1	1	1	-2	2	-3	-3	5	0	0	-3	7	-4	-4	5	45	-1	-1	1	1	0	0	0	0
1	29	24	-1	-1	2	1	1	-2	1	-1	-2	3	3	-5	13	-21	-21	34	0	0	-7	47	-4	-4	45	2205	-1	-1	1	1	0	0	0	0
1	29	25	-1	-1	2	1	2	-1	1	0	-3	1	5	-2	4	-13	-7	23	0	2	-5	27	-4	0	21	725	-1	0	1	1	0	1	0	0
1	29	26	-1	-1	2	1	1	-1	0	1	-1	0	2	-1	-1	-2	4	7	0	2	-2	6	-4	0	0	32	-1	0	0	1	0	1	0	0
1	29	27	-1	-1	2	1	0	-1	1	1	-1	0	1	-1	0	-1	1	3	0	1	-2	3	-4	-3	0	5	-1	-1	0	1	0	0	0	0
1	29	28	-1	-1	2	1	0	-1	1	2	-1	-1	1	0	2	1	1	1	0	2	-1	3	-4	0	-3	5	-1	0	-1	1	0	1	0	0
1	29	29	-1	-1	2	1	-1	-1	2	1	-1	0	0	-1	1	0	0	1	0	0	-2	2	-4	-4	0	0	-1	-1	0	0	0	0	0	2
1	29	30	-1	-1	2	1	0	-1	1	0	-1	1	1	-2	2	-3	-3	5	0	0	-3	7	-4	-4	5	45	-1	-1	1	1	0	0	0	0
1	29	31	-1	-1	2	1	1	-2	0	1	-1	1	2	-3	-3	-8	8	21	0	2	-4	18	-4	0	12	320	-1	0	1	1	0	1	0	0
1	29	32	-1	-1	2	1	-1	-2	1	1	0	1	-1	-3	-1	-3	3	8	0	0	-3	7	-4	-4	5	45	-1	-1	1	1	0	0	0	0
1	29	33	-1	-1	2	1	1	-3	0	1	-1	2	2	-5	-5	-18	12	43	0	2	-6	38	-4	0	32	1440	-1	0	1	1	0	1	0	0
1	29	34	-1	-1	2	1	3	-2	-1	1	-2	1	5	-3	-7	-17	19	46	0	4	-5	39	-4	12	21	1517	-1	1	1	1	0	0	0	0
1	29	35	-1	-1	2	1	2	-1	-1	1	-1	0	3	-1	-2	-3	9	13	0	3	-2	11	-4	5	0	117	-1	1	0	1	0	0	0	0
1	29	36	-1	-1	2	1	2	1	-1	0	-1	-1	3	2	0	-1	1	3	0	2	1	3	-4	0	-3	5	-1	0	-1	1	0	1	0	0
1	29	37	-1	-1	2	1	2	-3	-1	2	-1	1	3	-4	-8	-13	29	47	0	4	-5	39	-4	12	21	1517	-1	1	1	1	0	0	0	0
1	29	38	-1	-1	2	1	3	-1	-2	1	-1	0	4	-1	-3	-4	16	21	0	4	-2	18	-4	12	0	320	-1	1	0	1	0	0	0	0
1	29	39	-1	-1	2	1	1	0	-1	1	0	-1	1	1	3	1	-1	0	0	2	1	3	-4	0	-3	5	-1	0	-1	1	0	1	0	0
1	29	40	-1	-1	2	1	1	1	-1	0	0	-1	1	2	1	-1	-1	2	0	1	2	3	-4	-3	0	5	-1	-1	0	1	0	0	1	0
1	29	41	-1	-1	2	1	1	2	-1	-1	0	-1	1	3	-1	-3	3	8	0	0	3	7	-4	-4	5	45	-1	-1	1	1	0	0	0	0
1	29	42	-1	-1	2	1	2	1	-1	0	-1	-1	3	2	0	-1	1	3	0	2	1	3	-4	0	-3	5	-1	0	-1	1	0	1	0	0
1	29	43	-1	-1	2	1	0	1	-1	0	1	-1	-1	2	2	-3	-3	5	0	0	3	7	-4	-4	5	45	-1	-1	1	1	0	0	0	0
1	29	44	-1	-1	2	1	1	-1	-1	2	0	-1	1	0	5	3	3	2	0	3	0	7	-4	5	-4	45	-1	1	-1	1	0	0	0	0
1	29	45	-1	-1	2	1	0	-1	1	2	-1	-1	1	0	2	1	1	1	0	2	-1	3	-4	0	-3	5	-1	0	-1	1	0	1	0	0
1	29	46	-1	-1	2	1	1	-2	-1	3	0	-1	1	-1	7	5	11	8	0	4	-1	15	-4	12	-3	221	-1	1	-1	1	0	0	0	0
1	29	47	-1	-1	2	1	2	-1	-3	2	1	-1	1	0	12	7	5	3	0	4	1	15	-4	12	-3	221	-1	1	-1	1	0	0	0	0
1	29	48	-1	-1	2	1	1	0	-2	1	1	-1	0	1	7	2	-4	-1	0	2	2	6	-4	0	0	32	-1	0	0	1	0	1	1	0
1	29	49	-1	-1	2	1	1	1	-2	-1	1	0	0	1	1	0	0	1	0	0	2	2	-4	-4	0	0	-1	-1	0	0	0	0	2	2
1	29	50	-1	-1	2	1	1	-1	-2	3	1	-2	0	1	21	8	-8	-3	0	4	2	18	-4	12	0	320	-1	1	0	1	0	0	1	0
1	29	51	-1	-1	2	1	1	0	-3	1	2	-1	-1	1	13	3	-9	-2	0	2	3	11	-4	0	5	117	-1	0	1	1	0	1	0	0
1	30	0	0	-1	1	0	1	1	0	1	0	-1	1	1	1	-1	-1	2	0	2	1	3	-4	0	-3	5	-1	0	-1	1	0	1	0	0
1	30	1	0	-1	1	0	1	2	0	1	0	-1	1	2	1	-2	-2	5	0	2	2	6	-4	0	0	32	-1	0	0	1	0	1	1	0
1	30	2	0	-1	1	0	1	3	0	1	0	-1	1	3	1	-3	-3	10	0	2	3	11	-4	0	5	117	-1	0	1	1	0	1	0	0
1	30	3	0	-1	1	0	3	2	1	1	-1	-1	3	2	2	-5	-5	13	0	4	1	15	-4	12	-3	221	-1	1	-1	1	0	0	0	0
1	30	4	0	-1	1	0	-1	2	-1	1	1	-1	-1	2	2	-3	-3	5	0	0	3	7	-4	-4	5	45	-1	-1	1	1	0	0	0	0
1	30	5	0	-1	1	0	2	1	1	1	-1	-1	2	1	2	-3	-3	5	0	3	0	7	-4	5	-4	45	-1	1	-1	1	0	0	0	0
1	30	6	0	-1	1	0	2	3	1	2	-1	-2	2	3	5	-8	-8	13	0	4	2	18	-4	12	0	320	-1	1	0	1	0	0	1	0
1	30	7	0	-1	1	0	3	1	2	1	-2	-1	3	1	5	-7	-7	10	0	4	-1	15	-4	12	-3	221	-1	1	-1	1	0	0	0	0
1	30	8	0	-1	1	0	2	-1	1	0	-1	0	2	-1	1	-2	-2	5	0	2	-2	6	-4	0	0	32	-1	0	0	1	0	1	0	0
1	30	9	0	-1	1	0	0	1	-1	1	1	-1	0	1	2	-1	-1	1	0	1	2	3	-4	-3	0	5	-1	-1	0	1	0	0	1	0
1	30	10	0	-1	1	0	0	1	-1	0	1	0	0	1	1	0	0	1	0	0	2	2	-4	-4	0	0	-1	-1	0	0	0	0	2	2
1	30	11	0	-1	1	0	0	1	-1	2	1	-2	0	1	5	-2	-2	1	0	2	2	6	-4	0	0	32	-1	0	0	1	0	1	1	0
1	30	12	0	-1	1	0	-1	1	-2	1	2	-1	-1	1	5	-3	-3	2	0	0	3	7	-4	-4	5	45	-1	-1	1	1	0	0	0	0
1	30	13	0	-1	1	0	1	0	1	1	-1	-1	1	0	2	-1	-1	1	0	2	-1	3	-4	0	-3	5	-1	0	-1	1	0	1	0	0
1	30	14	0	-1	1	0	1	1	1	2	-1	-2	1	1	5	-3	-3	2	0	3	0	7	-4	5	-4	45	-1	1	-1	1	0	0	0	0
1	30	15	0	-1	1	0	1	2	1	3	-1	-3	1	2	10	-7	-7	5	0	4	1	15	-4	12	-3	221	-1	1	-1	1	0	0	0	0
1	30	16	0	-1	1	0	2	1	3	2	-3	-2	2	1	13	-8	-8	5	0	4	-2	18	-4	12	0	320	-1	1	0	1	0	0	0	0
1	30	17	0	-1	1	0	0	1	-1	2	1	-2	0	1	5	-2	-2	1	0	2	2	6	-4	0	0	32	-1	0	0	1	0	1	1	0
1	30	18	0	-1	1	0	1	0	2	1	-2	-1	1	0	5	-2	-2	1	0	2	-2	6	-4	0	0	32	-1	0	0	1	0	1	0	0
1	30	19	0	-1	1	0	1	1	2	3	-2	-3	1	1	13	-5	-5	2	0	4	-1	15	-4	12	-3	221	-1	1	-1	1	0	0	0	0
1	30	20	0	-1	1	0	1	0	3	1	-3	-1	1	0	10	-3	-3	1	0	2	-3	11	-4	0	5	117	-1	0	1	1	0	1	0	0
1	30	21	0	-1	1	0	1	-1	2	-1	-2	1	1	-1	5	-3	-3	2	0	0	-3	7	-4	-4	5	45	-1	-1	1	1	0	0	0	0
1	30	22	0	-1	1	0	1	-1	1	0	-1	0	1	-1	1	-1	-1	2	0	1	-2	3	-4	-3	0	5	-1	-1	0	1	0	0	0	0
1	30	23	0	-1	1	0	0	-1	1	0	-1	0	0	-1	1	0	0	1	0	0	-2	2	-4	-4	0	0	-1	-1	0	0	0	0	0	2
1	30	24	0	-1	1	0	1	-2	1	-1	-1	1	1	-2	2	-3	-3	5	0	0	-3	7	-4	-4	5	45	-1	-1	1	1	0	0	0	0
1	30	25	0	-1	1	0	2	-1	1	0	-1	0	2	-1	1	-2	-2	5	0	2	-2	6	-4	0	0	32	-1	0	0	1	0	1	0	0
1	30	26	0	-1	1	0	1	-1	0	1	0	-1	1	-1	1	1	1	2	0	2	-1	3	-4	0	-3	5	-1	0	-1	1	0	1	0	0
1	30	27	0	-1	1	0	0	-1	1	1	-1	-1	0	-1	2	1	1	1	0	1	-2	3	-4	-3	0	5	-1	-1	0	1	0	0	0	0
1	30	28	0	-1	1	0	0	-1	1	2	-1	-2	0	-1	5	2	2	1	0	2	-2	6	-4	0	0	32	-1	0	0	1	0	1	0	0
1	30	29	0	-1	1	0	-1	-1	2	1	-2	-1	-1	-1	5	3	3	2	0	0	-3	7	-4	-4	5	45	-1	-1	1	1	0	0	0	0
1	30	30	0	-1	1	0	0	-1	1	0	-1	0	0	-1	1	0	0	1	0	0	-2	2	-4	-4	0	0	-1	-1	0	0	0	0	0	2
1	30	31	0	-1	1	0	1	-2	0	1	0	-1	1	-2	1	2	2	5	0	2	-2	6	-4	0	0	32	-1	0	0	1	0	1	0	0
1	30	32	0	-1	1	0	-1	-2	1	1	-1	-1	-1	-2	2	3	3	5	0	0	-3	7	-4	-4	5	45	-1	-1	1	1	0	0	0	0
1	30	33	0	-1	1	0	1	-3	0	1	0	-1	1	-3	1	3	3	10	0	2	-3	11	-4	0	5	117	-1	0	1	1	0	1	0	0
1	30	34	0	-1	1	0	3	-2	-1	1	1	-1	3	-2	2	5	5	13	0	4	-1	15	-4	12	-3	221	-1	1	-1	1	0	0	0	0
1	30	35	0	-1	1	0	2	-1	-1	1	1	-1	2	-1	2	3	3	5	0	3	0	7	-4	5	-4	45	-1	1	-1	1	0	0	0	0
1	30	36	0	-1	1	0	2	1	-1	0	1	0	2	1	1	2	2	5	0	2	2	6	-4	0	0	32	-1	0	0	1	0	1	1	0
1	30	37	0	-1	1	0	2	-3	-1	2	1	-2	2	-3	5	8	8	13	0	4	-2	18	-4	12	0	320	-1	1	0	1	0	0	0	0
1	30	38	0	-1	1	0	3	-1	-2	1	2	-1	3	-1	5	7	7	10	0	4	1	15	-4	12	-3	221	-1	1	-1	1	0	0	0	0
1	30	39	0	-1	1	0	1	0	-1	1	1	-1	1	0	2	1	1	1	0	2	1	3	-4	0	-3	5	-1	0	-1	1	0	1	0	0
1	30	40	0	-1	1	0	1	1	-1	0	1	0	1	1	1	1	1	2	0	1	2	3	-4	-3	0	5	-1	-1	0	1	0	0	1	0
1	30	41	0	-1	1	0	1	2	-1	-1	1	1	1	2	2	3	3	5	0	0	3	7	-4	-4	5	45	-1	-1	1	1	0	0	0	0
1	30	42	0	-1	1	0	2	1	-1	0	1	0	2	1	1	2	2	5	0	2	2	6	-4	0	0	32	-1	0	0	1	0	1	1	0
1	30	43	0	-1	1	0	0	1	-1	0	1	0	0	1	1	0	0	1	0	0	2	2	-4	-4	0	0	-1	-1	0	0	0	0	2	2
1	30	44	0	-1	1	0	1	-1	-1	2	1	-2	1	-1	5	3	3	2	0	3	0	7	-4	5	-4	45	-1	1	-1	1	0	0	0	0
1	30	45	0	-1	1	0	0	-1	1	2	-1	-2	0	-1	5	2	2	1	0	2	-2	6	-4	0	0	32	-1	0	0	1	0	1	0	0
1	30	46	0	-1	1	0	1	-2	-1	3	1	-3	1	-2	10	7	7	5	0	4	-1	15	-4	12	-3	221	-1	1	-1	1	0	0	0	0
1	30	47	0	-1	1	0	2	-1	-3	2	3	-2	2	-1	13	8	8	5	0	4	2	18	-4	12	0	320	-1	1	0	1	0	0	1	0
1	30	48	0	-1	1	0	1	0	-2	1	2	-1	1	0	5	2	2	1	0	2	2	6	-4	0	0	32	-1	0	0	1	0	1	1	0
1	30	49	0	-1	1	0	1	1	-2	-1	2	1	1	1	5	3	3	2	0	0	3	7	-4	-4	5	45	-1	-1	1	1	0	0	0	0
1	30	50	0	-1	1	0	1	-1	-2	3	2	-3	1	-1	13	5	5	2	0	4	1	15	-4	12	-3	221	-1	1	-1	1	0	0	0	0
1	30	51	0	-1	1	0	1	0	-3	1	3	-1	1	0	10	3	3	1	0	2	3	11	-4	0	5	117	-1	0	1	1	0	1	0	0
1	31	0	1	-2	0	1	1	1	0	1	1	-1	0	1	1	0	0	1	2	2	2	2	0	0	0	0	0	0	0	0	1	1	1	2
1	31	1	1	-2	0	1	1	2	0	1	1	0	0	1	1	0	0	1	2	2	2	2	0	0	0	0	0	0	0	0	1	1	2	2
1	31	2	1	-2	0	1	1	3	0	1	1	1	0	1	1	0	0	1	2	2	2	2	0	0	0	0	0	0	0	0	1	1	1	2
1	31	3	1	-2	0	1	3	2	1	1	1	0	1	1	-1	4	-2	7	2	4	2	6	0	12	0	32	0	1	0	1	1	0	1	0
1	31	4	1	-2	0	1	-1	2	-1	1	1	0	-1	1	3	-4	-2	3	2	0	2	6	0	-4	0	32	0	-1	0	1	1	0	1	0
1	31	5	1	-2	0	1	2	1	1	1	0	-1	1	1	1	-2	-2	5	2	3	1	6	0	5	-3	32	0	1	-1	1	1	0	0	0
1	31	6	1	-2	0	1	2	3	1	2	0	-1	1	2	1	-2	-2	5	2	4	2	6	0	12	0	32	0	1	0	1	1	0	1	0
1	31	7	1	-2	0	1	3	1	2	1	-1	-1	2	1	5	-8	-8	13	2	4	0	18	0	12	-4	320	0	1	-1	1	1	0	0	0
1	31	8	1	-2	0	1	2	-1	1	0	0	-1	1	0	1	-2	-2	5	2	2	0	6	0	0	-4	32	0	0	-1	1	1	1	0	0
1	31	9	1	-2	0	1	0	1	-1	1	2	-1	-1	1	5	-2	-2	1	2	1	3	6	0	-3	5	32	0	-1	1	1	1	0	0	0
1	31	10	1	-2	0	1	0	1	-1	0	2	1	-1	0	5	-2	-2	1	2	0	2	6	0	-4	0	32	0	-1	0	1	1	0	1	0
1	31	11	1	-2	0	1	0	1	-1	2	2	-3	-1	2	5	-2	-2	1	2	2	4	6	0	0	12	32	0	0	1	1	1	1	0	0
1	31	12	1	-2	0	1	-1	1	-2	1	3	-1	-2	1	13	-8	-8	5	2	0	4	18	0	-4	12	320	0	-1	1	1	1	0	0	0
1	31	13	1	-2	0	1	1	0	1	1	-1	-2	1	1	3	-4	-2	3	2	2	0	6	0	0	-4	32	0	0	-1	1	1	1	0	0
1	31	14	1	-2	0	1	1	1	1	2	-1	-3	1	2	3	-4	-2	3	2	3	1	6	0	5	-3	32	0	1	-1	1	1	0	0	0
1	31	15	1	-2	0	1	1	2	1	3	-1	-4	1	3	3	-4	-2	3	2	4	2	6	0	12	0	32	0	1	0	1	1	0	1	0
1	31	16	1	-2	0	1	2	1	3	2	-4	-3	3	2	25	-18	-18	13	2	4	-2	38	0	12	0	1440	0	1	0	1	1	0	0	0
1	31	17	1	-2	0	1	0	1	-1	2	2	-3	-1	2	5	-2	-2	1	2	2	4	6	0	0	12	32	0	0	1	1	1	1	0	0
1	31	18	1	-2	0	1	1	0	2	1	-3	-2	2	1	13	-8	-8	5	2	2	-2	18	0	0	0	320	0	0	0	1	1	1	0	0
1	31	19	1	-2	0	1	1	1	2	3	-3	-5	2	3	13	-8	-8	5	2	4	0	18	0	12	-4	320	0	1	-1	1	1	0	0	0
1	31	20	1	-2	0	1	1	0	3	1	-5	-2	3	1	31	-12	-18	7	2	2	-4	38	0	0	12	1440	0	0	1	1	1	1	0	0
1	31	21	1	-2	0	1	1	-1	2	-1	-3	1	2	-1	13	-8	-8	5	2	0	-4	18	0	-4	12	320	0	-1	1	1	1	0	0	0
1	31	22	1	-2	0	1	1	-1	1	0	-1	-1	1	0	3	-4	-2	3	2	1	-1	6	0	-3	-3	32	0	-1	-1	1	1	0	0	0
1	31	23	1	-2	0	1	0	-1	1	0	-2	-1	1	0	5	-2	-2	1	2	0	-2	6	0	-4	0	32	0	-1	0	1	1	0	0	0
1	31	24	1	-2	0	1	1	-2	1	-1	-1	0	1	-1	3	-4	-2	3	2	0	-2	6	0	-4	0	32	0	-1	0	1	1	0	0	0
1	31	25	1	-2	0	1	2	-1	1	0	0	-1	1	0	1	-2	-2	5	2	2	0	6	0	0	-4	32	0	0	-1	1	1	1	0	0
1	31	26	1	-2	0	1	1	-1	0	1	1	-3	0	1	1	0	0	1	2	2	2	2	0	0	0	0	0	0	0	0	1	1	1	2
1	31	27	1	-2	0	1	0	-1	1	1	-2	-3	1	1	5	-2	-2	1	2	1	-1	6	0	-3	-3	32	0	-1	-1	1	1	0	0	0
1	31	28	1	-2	0	1	0	-1	1	2	-2	-5	1	2	5	-2	-2	1	2	2	0	6	0	0	-4	32	0	0	-1	1	1	1	0	0
1	31	29	1	-2	0	1	-1	-1	2	1	-5	-3	2	1	21	8	-8	-3	2	0	-4	18	0	-4	12	320	0	-1	1	1	1	0	0	0
1	31	30	1	-2	0	1	0	-1	1	0	-2	-1	1	0	5	-2	-2	1	2	0	-2	6	0	-4	0	32	0	-1	0	1	1	0	0	0
1	31	31	1	-2	0	1	1	-2	0	1	1	-4	0	1	1	0	0	1	2	2	2	2	0	0	0	0	0	0	0	0	1	1	1	2
1	31	32	1	-2	0	1	-1	-2	1	1	-3	-4	1	1	7	4	-2	-1	2	0	-2	6	0	-4	0	32	0	-1	0	1	1	0	0	0
1	31	33	1	-2	0	1	1	-3	0	1	1	-5	0	1	1	0	0	1	2	2	2	2	0	0	0	0	0	0	0	0	1	1	1	2
1	31	34	1	-2	0	1	3	-2	-1	1	5	-4	-1	1	11	28	-2	-5	2	4	6	6	0	12	32	32	0	1	1	1	1	0	0	0
1	31	35	1	-2	0	1	2	-1	-1	1	4	-3	-1	1	9	14	-2	-3	2	3	5	6	0	5	21	32	0	1	1	1	1	0	0	0
1	31	36	1	-2	0	1	2	1	-1	0	4	1	-1	0	9	14	-2	-3	2	2	4	6	0	0	12	32	0	0	1	1	1	1	0	0
1	31	37	1	-2	0	1	2	-3	-1	2	4	-7	-1	2	9	14	-2	-3	2	4	6	6	0	12	32	32	0	1	1	1	1	0	0	0
1	31	38	1	-2	0	1	3	-1	-2	1	7	-3	-2	1	29	40	-8	-11	2	4	8	18	0	12	60	320	0	1	1	1	1	0	0	0
1	31	39	1	-2	0	1	1	0	-1	1	3	-2	-1	1	7	4	-2	-1	2	2	4	6	0	0	12	32	0	0	1	1	1	1	0	0
1	31	40	1	-2	0	1	1	1	-1	0	3	1	-1	0	7	4	-2	-1	2	1	3	6	0	-3	5	32	0	-1	1	1	1	0	0	0
1	31	41	1	-2	0	1	1	2	-1	-1	3	4	-1	-1	7	4	-2	-1	2	0	2	6	0	-4	0	32	0	-1	0	1	1	0	1	0
1	31	42	1	-2	0	1	2	1	-1	0	4	1	-1	0	9	14	-2	-3	2	2	4	6	0	0	12	32	0	0	1	1	1	1	0	0
1	31	43	1	-2	0	1	0	1	-1	0	2	1	-1	0	5	-2	-2	1	2	0	2	6	0	-4	0	32	0	-1	0	1	1	0	1	0
1	31	44	1	-2	0	1	1	-1	-1	2	3	-5	-1	2	7	4	-2	-1	2	3	5	6	0	5	21	32	0	1	1	1	1	0	0	0
1	31	45	1	-2	0	1	0	-1	1	2	-2	-5	1	2	5	-2	-2	1	2	2	0	6	0	0	-4	32	0	0	-1	1	1	1	0	0
1	31	46	1	-2	0	1	1	-2	-1	3	3	-8	-1	3	7	4	-2	-1	2	4	6	6	0	12	32	32	0	1	1	1	1	0	0	0
1	31	47	1	-2	0	1	2	-1	-3	2	8	-5	-3	2	49	30	-18	-11	2	4	10	38	0	12	96	1440	0	1	1	1	1	0	0	0
1	31	48	1	-2	0	1	1	0	-2	1	5	-2	-2	1	21	8	-8	-3	2	2	6	18	0	0	32	320	0	0	1	1	1	1	0	0
1	31	49	1	-2	0	1	1	1	-2	-1	5	3	-2	-1	21	8	-8	-3	2	0	4	18	0	-4	12	320	0	-1	1	1	1	0	0	0
1	31	50	1	-2	0	1	1	-1	-2	3	5	-7	-2	3	21	8	-8	-3	2	4	8	18	0	12	60	320	0	1	1	1	1	0	0	0
1	31	51	1	-2	0	1	1	0	-3	1	7	-2	-3	1	43	12	-18	-5	2	2	8	38	0	0	60	1440	0	0	1	1	1	1	0	0
1	32	0	-1	-2	1	1	1	1	0	1	-1	-3	1	2	2	-1	-1	1	0	2	1	3	-4	0	-3	5	-1	0	-1	1	0	1	0	0
1	32	1	-1	-2	1	1	1	2	0	1	-1	-4	1	3	3	-4	-2	3	0	2	2	6	-4	0	0	32	-1	0	0	1	0	1	1	0
1	32	2	-1	-2	1	1	1	3	0	1	-1	-5	1	4	4	-9	-3	7	0	2	3	11	-4	0	5	117	-1	0	1	1	0	1	0	0
1	32	3	-1	-2	1	1	3	2	1	1	-5	-4	4	3	5	-16	-4	13	0	4	-2	18	-4	12	0	320	-1	1	0	1	0	0	0	0
1	32	4	-1	-2	1	1	-1	2	-1	1	3	-4	-2	3	17	-24	-12	17	0	0	6	34	-4	-4	32	1152	-1	-1	1	1	0	0	0	0
1	32	5	-1	-2	1	1	2	1	1	1	-4	-3	3	2	4	-9	-3	7	0	3	-2	11	-4	5	0	117	-1	1	0	1	0	0	0	0
1	32	6	-1	-2	1	1	2	3	1	2	-4	-7	3	5	7	-11	-5	8	0	4	1	15	-4	12	-3	221	-1	1	-1	1	0	0	0	0
1	32	7	-1	-2	1	1	3	1	2	1	-7	-3	5	2	18	-29	-13	21	0	4	-5	39	-4	12	21	1517	-1	1	1	1	0	0	0	0
1	32	8	-1	-2	1	1	2	-1	1	0	-4	1	3	-1	9	-23	-7	18	0	2	-5	27	-4	0	21	725	-1	0	1	1	0	1	0	0
1	32	9	-1	-2	1	1	0	1	-1	1	2	-3	-1	2	12	-5	-7	3	0	1	4	15	-4	-3	12	221	-1	-1	1	1	0	0	0	0
1	32	10	-1	-2	1	1	0	1	-1	0	2	-1	-1	1	5	-3	-3	2	0	0	3	7	-4	-4	5	45	-1	-1	1	1	0	0	0	0
1	32	11	-1	-2	1	1	0	1	-1	2	2	-5	-1	3	23	-7	-13	4	0	2	5	27	-4	0	21	725	-1	0	1	1	0	1	0	0
1	32	12	-1	-2	1	1	-1	1	-2	1	5	-3	-3	2	34	-21	-21	13	0	0	7	47	-4	-4	45	2205	-1	-1	1	1	0	0	0	0
1	32	13	-1	-2	1	1	1	0	1	1	-3	-2	2	1	3	-4	-2	3	0	2	-2	6	-4	0	0	32	-1	0	0	1	0	1	0	0
1	32	14	-1	-2	1	1	1	1	1	2	-3	-5	2	3	5	-3	-3	2	0	3	0	7	-4	5	-4	45	-1	1	-1	1	0	0	0	0
1	32	15	-1	-2	1	1	1	2	1	3	-3	-8	2	5	13	-8	-8	5	0	4	2	18	-4	12	0	320	-1	1	0	1	0	0	1	0
1	32	16	-1	-2	1	1	2	1	3	2	-8	-5	5	3	27	-19	-17	12	0	4	-5	39	-4	12	21	1517	-1	1	1	1	0	0	0	0
1	32	17	-1	-2	1	1	0	1	-1	2	2	-5	-1	3	23	-7	-13	4	0	2	5	27	-4	0	21	725	-1	0	1	1	0	1	0	0
1	32	18	-1	-2	1	1	1	0	2	1	-5	-2	3	1	13	-8	-8	5	0	2	-4	18	-4	0	12	320	-1	0	1	1	0	1	0	0
1	32	19	-1	-2	1	1	1	1	2	3	-5	-7	3	4	12	-5	-7	3	0	4	-1	15	-4	12	-3	221	-1	1	-1	1	0	0	0	0
1	32	20	-1	-2	1	1	1	0	3	1	-7	-2	4	1	31	-12	-18	7	0	2	-6	38	-4	0	32	1440	-1	0	1	1	0	1	0	0
1	32	21	-1	-2	1	1	1	-1	2	-1	-5	3	3	-2	34	-21	-21	13	0	0	-7	47	-4	-4	45	2205	-1	-1	1	1	0	0	0	0
1	32	22	-1	-2	1	1	1	-1	1	0	-3	1	2	-1	7	-11	-5	8	0	1	-4	15	-4	-3	12	221	-1	-1	1	1	0	0	0	0
1	32	23	-1	-2	1	1	0	-1	1	0	-2	1	1	-1	5	-3	-3	2	0	0	-3	7	-4	-4	5	45	-1	-1	1	1	0	0	0	0
1	32	24	-1	-2	1	1	1	-2	1	-1	-3	4	2	-3	17	-24	-12	17	0	0	-6	34	-4	-4	32	1152	-1	-1	1	1	0	0	0	0
1	32	25	-1	-2	1	1	2	-1	1	0	-4	1	3	-1	9	-23	-7	18	0	2	-5	27	-4	0	21	725	-1	0	1	1	0	1	0	0
1	32	26	-1	-2	1	1	1	-1	0	1	-1	-1	1	0	0	-1	1	3	0	2	-1	3	-4	0	-3	5	-1	0	-1	1	0	1	0	0
1	32	27	-1	-2	1	1	0	-1	1	1	-2	-1	1	0	2	-1	-1	1	0	1	-2	3	-4	-3	0	5	-1	-1	0	1	0	0	0	0
1	32	28	-1	-2	1	1	0	-1	1	2	-2	-3	1	1	3	1	-1	0	0	2	-1	3	-4	0	-3	5	-1	0	-1	1	0	1	0	0
1	32	29	-1	-2	1	1	-1	-1	2	1	-3	-1	1	0	8	3	-3	-1	0	0	-3	7	-4	-4	5	45	-1	-1	1	1	0	0	0	0
1	32	30	-1	-2	1	1	0	-1	1	0	-2	1	1	-1	5	-3	-3	2	0	0	-3	7	-4	-4	5	45	-1	-1	1	1	0	0	0	0
1	32	31	-1	-2	1	1	1	-2	0	1	-1	0	1	-1	-1	-4	2	7	0	2	-2	6	-4	0	0	32	-1	0	0	1	0	1	0	0
1	32	32	-1	-2	1	1	-1	-2	1	1	-1	0	0	-1	1	0	0	1	0	0	-2	2	-4	-4	0	0	-1	-1	0	0	0	0	0	2
1	32	33	-1	-2	1	1	1	-3	0	1	-1	1	1	-2	-2	-9	3	13	0	2	-3	11	-4	0	5	117	-1	0	1	1	0	1	0	0
1	32	34	-1	-2	1	1	3	-2	-1	1	-1	0	2	-1	-3	-8	8	21	0	4	-2	18	-4	12	0	320	-1	1	0	1	0	0	0	0
1	32	35	-1	-2	1	1	2	-1	-1	1	0	-1	1	0	2	3	3	5	0	3	0	7	-4	5	-4	45	-1	1	-1	1	0	0	0	0
1	32	36	-1	-2	1	1	2	1	-1	0	0	-1	1	1	1	1	1	2	0	2	1	3	-4	0	-3	5	-1	0	-1	1	0	1	0	0
1	32	37	-1	-2	1	1	2	-3	-1	2	0	-1	1	-1	3	5	7	12	0	4	-1	15	-4	12	-3	221	-1	1	-1	1	0	0	0	0
1	32	38	-1	-2	1	1	3	-1	-2	1	1	-1	1	0	8	11	5	7	0	4	1	15	-4	12	-3	221	-1	1	-1	1	0	0	0	0
1	32	39	-1	-2	1	1	1	0	-1	1	1	-2	0	1	7	4	-2	-1	0	2	2	6	-4	0	0	32	-1	0	0	1	0	1	1	0
1	32	40	-1	-2	1	1	1	1	-1	0	1	-1	0	1	3	1	-1	0	0	1	2	3	-4	-3	0	5	-1	-1	0	1	0	0	1	0
1	32	41	-1	-2	1	1	1	2	-1	-1	1	0	0	1	1	0	0	1	0	0	2	2	-4	-4	0	0	-1	-1	0	0	0	0	2	2
1	32	42	-1	-2	1	1	2	1	-1	0	0	-1	1	1	1	1	1	2	0	2	1	3	-4	0	-3	5	-1	0	-1	1	0	1	0	0
1	32	43	-1	-2	1	1	0	1	-1	0	2	-1	-1	1	5	-3	-3	2	0	0	3	7	-4	-4	5	45	-1	-1	1	1	0	0	0	0
1	32	44	-1	-2	1	1	1	-1	-1	2	1	-3	0	1	13	9	-3	-2	0	3	2	11	-4	5	0	117	-1	1	0	1	0	0	1	0
1	32	45	-1	-2	1	1	0	-1	1	2	-2	-3	1	1	3	1	-1	0	0	2	-1	3	-4	0	-3	5	-1	0	-1	1	0	1	0	0
1	32	46	-1	-2	1	1	1	-2	-1	3	1	-4	0	1	21	16	-4	-3	0	4	2	18	-4	12	0	320	-1	1	0	1	0	0	1	0
1	32	47	-1	-2	1	1	2	-1	-3	2	4	-3	-1	1	47	29	-13	-8	0	4	5	39	-4	12	21	1517	-1	1	1	1	0	0	0	0
1	32	48	-1	-2	1	1	1	0	-2	1	3	-2	-1	1	21	8	-8	-3	0	2	4	18	-4	0	12	320	-1	0	1	1	0	1	0	0
1	32	49	-1	-2	1	1	1	1	-2	-1	3	1	-1	0	8	3	-3	-1	0	0	3	7	-4	-4	5	45	-1	-1	1	1	0	0	0	0
1	32	50	-1	-2	1	1	1	-1	-2	3	3	-5	-1	2	46	19	-17	-7	0	4	5	39	-4	12	21	1517	-1	1	1	1	0	0	0	0
1	32	51	-1	-2	1	1	1	0	-3	1	5	-2	-2	1	43	12	-18	-5	0	2	6	38	-4	0	32	1440	-1	0	1	1	0	1	0	0
1	33	0	1	-3	0	1	1	1	0	1	1	-2	0	1	1	0	0	1	2	2	2	2	0	0	0	0	0	0	0	0	1	1	1	2
1	33	1	1	-3	0	1	1	2	0	1	1	-1	0	1	1	0	0	1	2	2	2	2	0	0	0	0	0	0	0	0	1	1	1	2
1	33	2	1	-3	0	1	1	3	0	1	1	0	0	1	1	0	0	1	2	2	2	2	0	0	0	0	0	0	0	0	1	1	2	2
1	33	3	1	-3	0	1	3	2	1	1	0	-1	1	1	1	-3	-3	10	2	4	1	11	0	12	-3	117	0	1	-1	1	1	0	0	0
1	33	4	1	-3	0	1	-1	2	-1	1	2	-1	-1	1	7	-9	-3	4	2	0	3	11	0	-4	5	117	0	-1	1	1	1	0	0	0
1	33	5	1	-3	0	1	2	1	1	1	-1	-2	1	1	4	-9	-3	7	2	3	0	11	0	5	-4	117	0	1	-1	1	1	0	0	0
1	33	6	1	-3	0	1	2	3	1	2	-1	-3	1	2	4	-9	-3	7	2	4	1	11	0	12	-3	117	0	1	-1	1	1	0	0	0
1	33	7	1	-3	0	1	3	1	2	1	-3	-2	2	1	19	-30	-12	19	2	4	-2	38	0	12	0	1440	0	1	0	1	1	0	0	0
1	33	8	1	-3	0	1	2	-1	1	0	-1	-1	1	0	4	-9	-3	7	2	2	-1	11	0	0	-3	117	0	0	-1	1	1	1	0	0
1	33	9	1	-3	0	1	0	1	-1	1	3	-2	-1	1	10	-3	-3	1	2	1	4	11	0	-3	12	117	0	-1	1	1	1	0	0	0
1	33	10	1	-3	0	1	0	1	-1	0	3	1	-1	0	10	-3	-3	1	2	0	3	11	0	-4	5	117	0	-1	1	1	1	0	0	0
1	33	11	1	-3	0	1	0	1	-1	2	3	-5	-1	2	10	-3	-3	1	2	2	5	11	0	0	21	117	0	0	1	1	1	1	0	0
1	33	12	1	-3	0	1	-1	1	-2	1	5	-2	-2	1	31	-18	-12	7	2	0	6	38	0	-4	32	1440	0	-1	1	1	1	0	0	0
1	33	13	1	-3	0	1	1	0	1	1	-2	-3	1	1	7	-9	-3	4	2	2	-1	11	0	0	-3	117	0	0	-1	1	1	1	0	0
1	33	14	1	-3	0	1	1	1	1	2	-2	-5	1	2	7	-9	-3	4	2	3	0	11	0	5	-4	117	0	1	-1	1	1	0	0	0
1	33	15	1	-3	0	1	1	2	1	3	-2	-7	1	3	7	-9	-3	4	2	4	1	11	0	12	-3	117	0	1	-1	1	1	0	0	0
1	33	16	1	-3	0	1	2	1	3	2	-7	-5	3	2	64	-45	-27	19	2	4	-5	83	0	12	21	6885	0	1	1	1	1	0	0	0
1	33	17	1	-3	0	1	0	1	-1	2	3	-5	-1	2	10	-3	-3	1	2	2	5	11	0	0	21	117	0	0	1	1	1	1	0	0
1	33	18	1	-3	0	1	1	0	2	1	-5	-3	2	1	31	-18	-12	7	2	2	-4	38	0	0	12	1440	0	0	1	1	1	1	0	0
1	33	19	1	-3	0	1	1	1	2	3	-5	-8	2	3	31	-18	-12	7	2	4	-2	38	0	12	0	1440	0	1	0	1	1	0	0	0
1	33	20	1	-3	0	1	1	0	3	1	-8	-3	3	1	73	-27	-27	10	2	2	-7	83	0	0	45	6885	0	0	1	1	1	1	0	0
1	33	21	1	-3	0	1	1	-1	2	-1	-5	2	2	-1	31	-18	-12	7	2	0	-6	38	0	-4	32	1440	0	-1	1	1	1	0	0	0
1	33	22	1	-3	0	1	1	-1	1	0	-2	-1	1	0	7	-9	-3	4	2	1	-2	11	0	-3	0	117	0	-1	0	1	1	0	0	0
1	33	23	1	-3	0	1	0	-1	1	0	-3	-1	1	0	10	-3	-3	1	2	0	-3	11	0	-4	5	117	0	-1	1	1	1	0	0	0
1	33	24	1	-3	0	1	1	-2	1	-1	-2	1	1	-1	7	-9	-3	4	2	0	-3	11	0	-4	5	117	0	-1	1	1	1	0	0	0
1	33	25	1	-3	0	1	2	-1	1	0	-1	-1	1	0	4	-9	-3	7	2	2	-1	11	0	0	-3	117	0	0	-1	1	1	1	0	0
1	33	26	1	-3	0	1	1	-1	0	1	1	-4	0	1	1	0	0	1	2	2	2	2	0	0	0	0	0	0	0	0	1	1	1	2
1	33	27	1	-3	0	1	0	-1	1	1	-3	-4	1	1	10	-3	-3	1	2	1	-2	11	0	-3	0	117	0	-1	0	1	1	0	0	0
1	33	28	1	-3	0	1	0	-1	1	2	-3	-7	1	2	10	-3	-3	1	2	2	-1	11	0	0	-3	117	0	0	-1	1	1	1	0	0
1	33	29	1	-3	0	1	-1	-1	2	1	-7	-4	2	1	43	18	-12	-5	2	0	-6	38	0	-4	32	1440	0	-1	1	1	1	0	0	0
1	33	30	1	-3	0	1	0	-1	1	0	-3	-1	1	0	10	-3	-3	1	2	0	-3	11	0	-4	5	117	0	-1	1	1	1	0	0	0
1	33	31	1	-3	0	1	1	-2	0	1	1	-5	0	1	1	0	0	1	2	2	2	2	0	0	0	0	0	0	0	0	1	1	1	2
1	33	32	1	-3	0	1	-1	-2	1	1	-4	-5	1	1	13	9	-3	-2	2	0	-3	11	0	-4	5	117	0	-1	1	1	1	0	0	0
1	33	33	1	-3	0	1	1	-3	0	1	1	-6	0	1	1	0	0	1	2	2	2	2	0	0	0	0	0	0	0	0	1	1	1	2
1	33	34	1	-3	0	1	3	-2	-1	1	6	-5	-1	1	19	51	-3	-8	2	4	7	11	0	12	45	117	0	1	1	1	1	0	0	0
1	33	35	1	-3	0	1	2	-1	-1	1	5	-4	-1	1	16	27	-3	-5	2	3	6	11	0	5	32	117	0	1	1	1	1	0	0	0
1	33	36	1	-3	0	1	2	1	-1	0	5	1	-1	0	16	27	-3	-5	2	2	5	11	0	0	21	117	0	0	1	1	1	1	0	0
1	33	37	1	-3	0	1	2	-3	-1	2	5	-9	-1	2	16	27	-3	-5	2	4	7	11	0	12	45	117	0	1	1	1	1	0	0	0
1	33	38	1	-3	0	1	3	-1	-2	1	9	-4	-2	1	55	78	-12	-17	2	4	10	38	0	12	96	1440	0	1	1	1	1	0	0	0
1	33	39	1	-3	0	1	1	0	-1	1	4	-3	-1	1	13	9	-3	-2	2	2	5	11	0	0	21	117	0	0	1	1	1	1	0	0
1	33	40	1	-3	0	1	1	1	-1	0	4	1	-1	0	13	9	-3	-2	2	1	4	11	0	-3	12	117	0	-1	1	1	1	0	0	0
1	33	41	1	-3	0	1	1	2	-1	-1	4	5	-1	-1	13	9	-3	-2	2	0	3	11	0	-4	5	117	0	-1	1	1	1	0	0	0
1	33	42	1	-3	0	1	2	1	-1	0	5	1	-1	0	16	27	-3	-5	2	2	5	11	0	0	21	117	0	0	1	1	1	1	0	0
1	33	43	1	-3	0	1	0	1	-1	0	3	1	-1	0	10	-3	-3	1	2	0	3	11	0	-4	5	117	0	-1	1	1	1	0	0	0
1	33	44	1	-3	0	1	1	-1	-1	2	4	-7	-1	2	13	9	-3	-2	2	3	6	11	0	5	32	117	0	1	1	1	1	0	0	0
1	33	45	1	-3	0	1	0	-1	1	2	-3	-7	1	2	10	-3	-3	1	2	2	-1	11	0	0	-3	117	0	0	-1	1	1	1	0	0
1	33	46	1	-3	0	1	1	-2	-1	3	4	-11	-1	3	13	9	-3	-2	2	4	7	11	0	12	45	117	0	1	1	1	1	0	0	0
1	33	47	1	-3	0	1	2	-1	-3	2	11	-7	-3	2	100	63	-27	-17	2	4	13	83	0	12	165	6885	0	1	1	1	1	0	0	0
1	33	48	1	-3	0	1	1	0	-2	1	7	-3	-2	1	43	18	-12	-5	2	2	8	38	0	0	60	1440	0	0	1	1	1	1	0	0
1	33	49	1	-3	0	1	1	1	-2	-1	7	4	-2	-1	43	18	-12	-5	2	0	6	38	0	-4	32	1440	0	-1	1	1	1	0	0	0
1	33	50	1	-3	0	1	1	-1	-2	3	7	-10	-2	3	43	18	-12	-5	2	4	10	38	0	12	96	1440	0	1	1	1	1	0	0	0
1	33	51	1	-3	0	1	1	0	-3	1	10	-3	-3	1	91	27	-27	-8	2	2	11	83	0	0	117	6885	0	0	1	1	1	1	0	0
1	34	0	3	-2	-1	1	1	1	0	1	3	1	-1	0	4	5	-1	-1	4	2	3	3	12	0	5	5	1	0	1	1	0	1	0	0
1	34	1	3	-2	-1	1	1	2	0	1	3	4	-1	-1	7	4	-2	-1	4	2	2	6	12	0	0	32	1	0	0	1	0	1	1	0
1	34	2	3	-2	-1	1	1	3	0	1	3	7	-1	-2	10	-3	-3	1	4	2	1	11	12	0	-3	117	1	0	-1	1	0	1	0	0
1	34	3	3	-2	-1	1	3	2	1	1	7	4	-2	-1	-15	56	4	-15	4	4	6	-30	12	12	32	896	1	1	1	1	0	0	0	0
1	34	4	3	-2	-1	1	-1	2	-1	1	-1	4	0	-1	13	-16	-4	5	4	0	-2	18	12	-4	0	320	1	-1	0	1	0	0	0	0
1	34	5	3	-2	-1	1	2	1	1	1	4	1	-1	0	-6	17	1	-3	4	3	4	-9	12	5	12	77	1	1	1	1	0	0	0	0
1	34	6	3	-2	-1	1	2	3	1	2	4	5	-1	-1	-5	19	1	-4	4	4	3	-9	12	12	5	77	1	1	1	1	0	0	0	0
1	34	7	3	-2	-1	1	3	1	2	1	5	1	-1	0	-20	33	3	-5	4	4	5	-25	12	12	21	621	1	1	1	1	0	0	0	0
1	34	8	3	-2	-1	1	2	-1	1	0	4	-3	-1	1	1	-1	-1	2	4	2	5	3	12	0	21	5	1	0	1	1	0	1	0	0
1	34	9	3	-2	-1	1	0	1	-1	1	2	1	-1	0	10	-3	-3	1	4	1	2	11	12	-3	0	117	1	-1	0	1	0	0	1	0
1	34	10	3	-2	-1	1	0	1	-1	0	2	3	-1	-1	13	-5	-5	2	4	0	1	15	12	-4	-3	221	1	-1	-1	1	0	0	0	0
1	34	11	3	-2	-1	1	0	1	-1	2	2	-1	-1	1	3	-1	1	0	4	2	3	3	12	0	5	5	1	0	1	1	0	1	0	0
1	34	12	3	-2	-1	1	-1	1	-2	1	1	1	-1	0	12	-7	-5	3	4	0	1	15	12	-4	-3	221	1	-1	-1	1	0	0	0	0
1	34	13	3	-2	-1	1	1	0	1	1	1	-2	0	1	3	-4	-2	3	4	2	2	6	12	0	0	32	1	0	0	1	0	1	1	0
1	34	14	3	-2	-1	1	1	1	1	2	1	-1	0	1	1	-1	-1	2	4	3	2	3	12	5	0	5	1	1	0	1	0	0	1	0
1	34	15	3	-2	-1	1	1	2	1	3	1	0	0	1	1	0	0	1	4	4	2	2	12	12	0	0	1	1	0	0	0	0	2	2
1	34	16	3	-2	-1	1	2	1	3	2	0	-1	1	1	7	-5	-11	8	4	4	1	15	12	12	-3	221	1	1	-1	1	0	0	0	0
1	34	17	3	-2	-1	1	0	1	-1	2	2	-1	-1	1	3	-1	1	0	4	2	3	3	12	0	5	5	1	0	1	1	0	1	0	0
1	34	18	3	-2	-1	1	1	0	2	1	-1	-2	1	1	13	-8	-8	5	4	2	0	18	12	0	-4	320	1	0	-1	1	0	1	0	0
1	34	19	3	-2	-1	1	1	1	2	3	-1	-3	1	2	10	-7	-7	5	4	4	1	15	12	12	-3	221	1	1	-1	1	0	0	0	0
1	34	20	3	-2	-1	1	1	0	3	1	-3	-2	2	1	31	-12	-18	7	4	2	-2	38	12	0	0	1440	1	0	0	1	0	1	0	0
1	34	21	3	-2	-1	1	1	-1	2	-1	-1	-1	1	0	12	-7	-5	3	4	0	-1	15	12	-4	-3	221	1	-1	-1	1	0	0	0	0
1	34	22	3	-2	-1	1	1	-1	1	0	1	-3	0	1	7	-9	-3	4	4	1	2	11	12	-3	0	117	1	-1	0	1	0	0	1	0
1	34	23	3	-2	-1	1	0	-1	1	0	-2	-3	1	1	13	-5	-5	2	4	0	-1	15	12	-4	-3	221	1	-1	-1	1	0	0	0	0
1	34	24	3	-2	-1	1	1	-2	1	-1	1	-4	0	1	13	-16	-4	5	4	0	2	18	12	-4	0	320	1	-1	0	1	0	0	1	0
1	34	25	3	-2	-1	1	2	-1	1	0	4	-3	-1	1	1	-1	-1	2	4	2	5	3	12	0	21	5	1	0	1	1	0	1	0	0
1	34	26	3	-2	-1	1	1	-1	0	1	3	-5	-1	2	-2	-11	1	5	4	2	5	3	12	0	21	5	1	0	1	1	0	1	0	0
1	34	27	3	-2	-1	1	0	-1	1	1	-2	-5	1	2	12	-7	-5	3	4	1	0	15	12	-3	-4	221	1	-1	-1	1	0	0	0	0
1	34	28	3	-2	-1	1	0	-1	1	2	-2	-7	1	3	7	-9	-3	4	4	2	1	11	12	0	-3	117	1	0	-1	1	0	1	0	0
1	34	29	3	-2	-1	1	-1	-1	2	1	-7	-5	3	2	46	17	-19	-7	4	0	-5	39	12	-4	21	1517	1	-1	1	1	0	0	0	0
1	34	30	3	-2	-1	1	0	-1	1	0	-2	-3	1	1	13	-5	-5	2	4	0	-1	15	12	-4	-3	221	1	-1	-1	1	0	0	0	0
1	34	31	3	-2	-1	1	1	-2	0	1	3	-8	-1	3	-5	-28	2	11	4	2	6	6	12	0	32	32	1	0	1	1	0	1	0	0
1	34	32	3	-2	-1	1	-1	-2	1	1	-5	-8	2	3	21	8	-8	-3	4	0	-2	18	12	-4	0	320	1	-1	0	1	0	0	0	0
1	34	33	3	-2	-1	1	1	-3	0	1	3	-11	-1	4	-8	-51	3	19	4	2	7	11	12	0	45	117	1	0	1	1	0	1	0	0
1	34	34	3	-2	-1	1	3	-2	-1	1	11	-8	-4	3	1	0	0	1	4	4	14	2	12	12	192	0	1	1	1	0	0	0	0	2
1	34	35	3	-2	-1	1	2	-1	-1	1	8	-5	-3	2	4	5	-1	-1	4	3	10	3	12	5	96	5	1	1	1	1	0	0	0	0
1	34	36	3	-2	-1	1	2	1	-1	0	8	3	-3	-1	25	39	-9	-14	4	2	7	11	12	0	45	117	1	0	1	1	0	1	0	0
1	34	37	3	-2	-1	1	2	-3	-1	2	8	-13	-3	5	-33	-61	13	24	4	4	13	-9	12	12	165	77	1	1	1	1	0	0	0	0
1	34	38	3	-2	-1	1	3	-1	-2	1	13	-5	-5	2	30	41	-11	-15	4	4	15	15	12	12	221	221	1	1	1	1	0	0	0	0
1	34	39	3	-2	-1	1	1	0	-1	1	5	-2	-2	1	7	4	-2	-1	4	2	6	6	12	0	32	32	1	0	1	1	0	1	0	0
1	34	40	3	-2	-1	1	1	1	-1	0	5	3	-2	-1	19	11	-7	-4	4	1	4	15	12	-3	12	221	1	-1	1	1	0	0	0	0
1	34	41	3	-2	-1	1	1	2	-1	-1	5	8	-2	-3	21	8	-8	-3	4	0	2	18	12	-4	0	320	1	-1	0	1	0	0	1	0
1	34	42	3	-2	-1	1	2	1	-1	0	8	3	-3	-1	25	39	-9	-14	4	2	7	11	12	0	45	117	1	0	1	1	0	1	0	0
1	34	43	3	-2	-1	1	0	1	-1	0	2	3	-1	-1	13	-5	-5	2	4	0	1	15	12	-4	-3	221	1	-1	-1	1	0	0	0	0
1	34	44	3	-2	-1	1	1	-1	-1	2	5	-7	-2	3	-15	-13	7	6	4	3	8	-9	12	5	60	77	1	1	1	1	0	0	0	0
1	34	45	3	-2	-1	1	0	-1	1	2	-2	-7	1	3	7	-9	-3	4	4	2	1	11	12	0	-3	117	1	0	-1	1	0	1	0	0
1	34	46	3	-2	-1	1	1	-2	-1	3	5	-12	-2	5	-47	-40	20	17	4	4	10	-30	12	12	96	896	1	1	1	1	0	0	0	0
1	34	47	3	-2	-1	1	2	-1	-3	2	12	-7	-5	3	19	11	-7	-4	4	4	15	15	12	12	221	221	1	1	1	1	0	0	0	0
1	34	48	3	-2	-1	1	1	0	-2	1	7	-2	-3	1	21	8	-8	-3	4	2	8	18	12	0	60	320	1	0	1	1	0	1	0	0
1	34	49	3	-2	-1	1	1	1	-2	-1	7	5	-3	-2	46	17	-19	-7	4	0	5	39	12	-4	21	1517	1	-1	1	1	0	0	0	0
1	34	50	3	-2	-1	1	1	-1	-2	3	7	-9	-3	4	-32	-15	15	7	4	4	11	-25	12	12	117	621	1	1	1	1	0	0	0	0
1	34	51	3	-2	-1	1	1	0	-3	1	9	-2	-4	1	43	12	-18	-5	4	2	10	38	12	0	96	1440	1	0	1	1	0	1	0	0
1	35	0	2	-1	-1	1	1	1	0	1	2	1	-1	0	3	1	-1	0	3	2	2	3	5	0	0	5	1	0	0	1	0	1	1	0
1	35	1	2	-1	-1	1	1	2	0	1	2	3	-1	-1	5	-2	-2	1	3	2	1	6	5	0	-3	32	1	0	-1	1	0	1	0	0
1	35	2	2	-1	-1	1	1	3	0	1	2	5	-1	-2	7	-9	-3	4	3	2	0	11	5	0	-4	117	1	0	-1	1	0	1	0	0
1	35	3	2	-1	-1	1	3	2	1	1	5	3	-2	-1	-3	17	1	-6	3	4	4	-9	5	12	12	77	1	1	1	1	0	0	0	0
1	35	4	2	-1	-1	1	-1	2	-1	1	-1	3	0	-1	7	-9	-3	4	3	0	-2	11	5	-4	0	117	1	-1	0	1	0	0	0	0
1	35	5	2	-1	-1	1	2	1	1	1	3	1	-1	0	-1	6	0	-1	3	3	3	-2	5	5	5	0	1	1	1	0	0	0	0	0
1	35	6	2	-1	-1	1	2	3	1	2	3	4	-1	-1	3	1	-1	0	3	4	2	3	5	12	0	5	1	1	0	1	0	0	1	0
1	35	7	2	-1	-1	1	3	1	2	1	4	1	-1	0	-7	13	1	-2	3	4	4	-9	5	12	12	77	1	1	1	1	0	0	0	0
1	35	8	2	-1	-1	1	2	-1	1	0	3	-2	-1	1	1	-1	-1	2	3	2	4	3	5	0	12	5	1	0	1	1	0	1	0	0
1	35	9	2	-1	-1	1	0	1	-1	1	1	1	-1	0	5	-2	-2	1	3	1	1	6	5	-3	-3	32	1	-1	-1	1	0	0	0	0
1	35	10	2	-1	-1	1	0	1	-1	0	1	2	-1	-1	5	-3	-3	2	3	0	0	7	5	-4	-4	45	1	-1	-1	1	0	0	0	0
1	35	11	2	-1	-1	1	0	1	-1	2	1	0	-1	1	3	-1	1	0	3	2	2	3	5	0	0	5	1	0	0	1	0	1	1	0
1	35	12	2	-1	-1	1	-1	1	-2	1	0	1	-1	0	5	-3	-3	2	3	0	0	7	5	-4	-4	45	1	-1	-1	1	0	0	0	0
1	35	13	2	-1	-1	1	1	0	1	1	1	-1	0	1	1	-1	-1	2	3	2	2	3	5	0	0	5	1	0	0	1	0	1	1	0
1	35	14	2	-1	-1	1	1	1	1	2	1	0	0	1	1	0	0	1	3	3	2	2	5	5	0	0	1	1	0	0	0	0	2	2
1	35	15	2	-1	-1	1	1	2	1	3	1	1	0	1	3	-1	1	0	3	4	2	3	5	12	0	5	1	1	0	1	0	0	1	0
1	35	16	2	-1	-1	1	2	1	3	2	1	0	1	1	-1	1	-5	4	3	4	2	3	5	12	0	5	1	1	0	1	0	0	1	0
1	35	17	2	-1	-1	1	0	1	-1	2	1	0	-1	1	3	-1	1	0	3	2	2	3	5	0	0	5	1	0	0	1	0	1	1	0
1	35	18	2	-1	-1	1	1	0	2	1	0	-1	1	1	3	-2	-4	3	3	2	1	6	5	0	-3	32	1	0	-1	1	0	1	0	0
1	35	19	2	-1	-1	1	1	1	2	3	0	-1	1	2	1	-1	-1	2	3	4	2	3	5	12	0	5	1	1	0	1	0	0	1	0
1	35	20	2	-1	-1	1	1	0	3	1	-1	-1	2	1	7	-3	-9	4	3	2	0	11	5	0	-4	117	1	0	-1	1	0	1	0	0
1	35	21	2	-1	-1	1	1	-1	2	-1	0	-1	1	0	5	-3	-3	2	3	0	0	7	5	-4	-4	45	1	-1	-1	1	0	0	0	0
1	35	22	2	-1	-1	1	1	-1	1	0	1	-2	0	1	3	-4	-2	3	3	1	2	6	5	-3	0	32	1	-1	0	1	0	0	1	0
1	35	23	2	-1	-1	1	0	-1	1	0	-1	-2	1	1	5	-3	-3	2	3	0	0	7	5	-4	-4	45	1	-1	-1	1	0	0	0	0
1	35	24	2	-1	-1	1	1	-2	1	-1	1	-3	0	1	7	-9	-3	4	3	0	2	11	5	-4	0	117	1	-1	0	1	0	0	1	0
1	35	25	2	-1	-1	1	2	-1	1	0	3	-2	-1	1	1	-1	-1	2	3	2	4	3	5	0	12	5	1	0	1	1	0	1	0	0
1	35	26	2	-1	-1	1	1	-1	0	1	2	-3	-1	2	-1	-5	1	4	3	2	4	3	5	0	12	5	1	0	1	1	0	1	0	0
1	35	27	2	-1	-1	1	0	-1	1	1	-1	-3	1	2	3	-4	-2	3	3	1	1	6	5	-3	-3	32	1	-1	-1	1	0	0	0	0
1	35	28	2	-1	-1	1	0	-1	1	2	-1	-4	1	3	-1	-5	1	4	3	2	2	3	5	0	0	5	1	0	0	1	0	1	1	0
1	35	29	2	-1	-1	1	-1	-1	2	1	-4	-3	3	2	13	3	-9	-2	3	0	-2	11	5	-4	0	117	1	-1	0	1	0	0	0	0
1	35	30	2	-1	-1	1	0	-1	1	0	-1	-2	1	1	5	-3	-3	2	3	0	0	7	5	-4	-4	45	1	-1	-1	1	0	0	0	0
1	35	31	2	-1	-1	1	1	-2	0	1	2	-5	-1	3	-3	-14	2	9	3	2	5	6	5	0	21	32	1	0	1	1	0	1	0	0
1	35	32	2	-1	-1	1	-1	-2	1	1	-3	-5	2	3	5	-3	-3	2	3	0	0	7	5	-4	-4	45	1	-1	-1	1	0	0	0	0
1	35	33	2	-1	-1	1	1	-3	0	1	2	-7	-1	4	-5	-27	3	16	3	2	6	11	5	0	32	117	1	0	1	1	0	1	0	0
1	35	34	2	-1	-1	1	3	-2	-1	1	7	-5	-4	3	-1	-5	1	4	3	4	10	3	5	12	96	5	1	1	1	1	0	0	0	0
1	35	35	2	-1	-1	1	2	-1	-1	1	5	-3	-3	2	1	0	0	1	3	3	7	2	5	5	45	0	1	1	1	0	0	0	0	2
1	35	36	2	-1	-1	1	2	1	-1	0	5	2	-3	-1	9	11	-5	-6	3	2	4	3	5	0	12	5	1	0	1	1	0	1	0	0
1	35	37	2	-1	-1	1	2	-3	-1	2	5	-8	-3	5	-17	-31	11	20	3	4	10	3	5	12	96	5	1	1	1	1	0	0	0	0
1	35	38	2	-1	-1	1	3	-1	-2	1	8	-3	-5	2	9	11	-5	-6	3	4	10	3	5	12	96	5	1	1	1	1	0	0	0	0
1	35	39	2	-1	-1	1	1	0	-1	1	3	-1	-2	1	3	1	-1	0	3	2	4	3	5	0	12	5	1	0	1	1	0	1	0	0
1	35	40	2	-1	-1	1	1	1	-1	0	3	2	-2	-1	7	2	-4	-1	3	1	2	6	5	-3	0	32	1	-1	0	1	0	0	1	0
1	35	41	2	-1	-1	1	1	2	-1	-1	3	5	-2	-3	5	-3	-3	2	3	0	0	7	5	-4	-4	45	1	-1	-1	1	0	0	0	0
1	35	42	2	-1	-1	1	2	1	-1	0	5	2	-3	-1	9	11	-5	-6	3	2	4	3	5	0	12	5	1	0	1	1	0	1	0	0
1	35	43	2	-1	-1	1	0	1	-1	0	1	2	-1	-1	5	-3	-3	2	3	0	0	7	5	-4	-4	45	1	-1	-1	1	0	0	0	0
1	35	44	2	-1	-1	1	1	-1	-1	2	3	-4	-2	3	-7	-6	6	5	3	3	6	-2	5	5	32	0	1	1	1	0	0	0	0	0
1	35	45	2	-1	-1	1	0	-1	1	2	-1	-4	1	3	-1	-5	1	4	3	2	2	3	5	0	0	5	1	0	0	1	0	1	1	0
1	35	46	2	-1	-1	1	1	-2	-1	3	3	-7	-2	5	-23	-19	17	14	3	4	8	-9	5	12	60	77	1	1	1	1	0	0	0	0
1	35	47	2	-1	-1	1	2	-1	-3	2	7	-4	-5	3	3	1	-1	0	3	4	10	3	5	12	96	5	1	1	1	1	0	0	0	0
1	35	48	2	-1	-1	1	1	0	-2	1	4	-1	-3	1	7	2	-4	-1	3	2	5	6	5	0	21	32	1	0	1	1	0	1	0	0
1	35	49	2	-1	-1	1	1	1	-2	-1	4	3	-3	-2	13	3	-9	-2	3	0	2	11	5	-4	0	117	1	-1	0	1	0	0	1	0
1	35	50	2	-1	-1	1	1	-1	-2	3	4	-5	-3	4	-15	-7	13	6	3	4	8	-9	5	12	60	77	1	1	1	1	0	0	0	0
1	35	51	2	-1	-1	1	1	0	-3	1	5	-1	-4	1	13	3	-9	-2	3	2	6	11	5	0	32	117	1	0	1	1	0	1	0	0
1	36	0	2	1	-1	0	1	1	0	1	2	3	-1	-1	3	1	-1	0	2	2	1	3	0	0	-3	5	0	0	-1	1	1	1	0	0
1	36	1	2	1	-1	0	1	2	0	1	2	5	-1	-2	5	-2	-2	1	2	2	0	6	0	0	-4	32	0	0	-1	1	1	1	0	0
1	36	2	2	1	-1	0	1	3	0	1	2	7	-1	-3	7	-9	-3	4	2	2	-1	11	0	0	-3	117	0	0	-1	1	1	1	0	0
1	36	3	2	1	-1	0	3	2	1	1	7	5	-3	-2	2	-1	-1	1	2	4	5	3	0	12	21	5	0	1	1	1	1	0	0	0
1	36	4	2	1	-1	0	-1	2	-1	1	-3	5	1	-2	18	-23	-7	9	2	0	-5	27	0	-4	21	725	0	-1	1	1	1	0	0	0
1	36	5	2	1	-1	0	2	1	1	1	5	3	-2	-1	2	-1	-1	1	2	3	4	3	0	5	12	5	0	1	1	1	1	0	0	0
1	36	6	2	1	-1	0	2	3	1	2	5	8	-2	-3	5	-2	-2	1	2	4	2	6	0	12	0	32	0	1	0	1	1	0	1	0
1	36	7	2	1	-1	0	3	1	2	1	8	3	-3	-1	7	-9	-3	4	2	4	7	11	0	12	45	117	0	1	1	1	1	0	0	0
1	36	8	2	1	-1	0	2	-1	1	0	5	-2	-2	1	9	-20	-4	9	2	2	6	18	0	0	32	320	0	0	1	1	1	1	0	0
1	36	9	2	1	-1	0	0	1	-1	1	-1	3	0	-1	10	-3	-3	1	2	1	-2	11	0	-3	0	117	0	-1	0	1	1	0	0	0
1	36	10	2	1	-1	0	0	1	-1	0	-1	2	0	-1	5	-2	-2	1	2	0	-2	6	0	-4	0	32	0	-1	0	1	1	0	0	0
1	36	11	2	1	-1	0	0	1	-1	2	-1	4	0	-1	17	-4	-4	1	2	2	-2	18	0	0	0	320	0	0	0	1	1	1	0	0
1	36	12	2	1	-1	0	-1	1	-2	1	-4	3	1	-1	23	-13	-7	4	2	0	-5	27	0	-4	21	725	0	-1	1	1	1	0	0	0
1	36	13	2	1	-1	0	1	0	1	1	3	1	-1	0	2	-1	-1	1	2	2	3	3	0	0	5	5	0	0	1	1	1	1	0	0
1	36	14	2	1	-1	0	1	1	1	2	3	4	-1	-1	3	1	-1	0	2	3	2	3	0	5	0	5	0	1	0	1	1	0	1	0
1	36	15	2	1	-1	0	1	2	1	3	3	7	-1	-2	10	-3	-3	1	2	4	1	11	0	12	-3	117	0	1	-1	1	1	0	0	0
1	36	16	2	1	-1	0	2	1	3	2	7	4	-2	-1	5	-2	-2	1	2	4	6	6	0	12	32	32	0	1	1	1	1	0	0	0
1	36	17	2	1	-1	0	0	1	-1	2	-1	4	0	-1	17	-4	-4	1	2	2	-2	18	0	0	0	320	0	0	0	1	1	1	0	0
1	36	18	2	1	-1	0	1	0	2	1	4	1	-1	0	5	-2	-2	1	2	2	4	6	0	0	12	32	0	0	1	1	1	1	0	0
1	36	19	2	1	-1	0	1	1	2	3	4	5	-1	-1	3	1	-1	0	2	4	3	3	0	12	5	5	0	1	1	1	1	0	0	0
1	36	20	2	1	-1	0	1	0	3	1	5	1	-1	0	10	-3	-3	1	2	2	5	11	0	0	21	117	0	0	1	1	1	1	0	0
1	36	21	2	1	-1	0	1	-1	2	-1	4	-3	-1	1	23	-13	-7	4	2	0	5	27	0	-4	21	725	0	-1	1	1	1	0	0	0
1	36	22	2	1	-1	0	1	-1	1	0	3	-2	-1	1	7	-9	-3	4	2	1	4	11	0	-3	12	117	0	-1	1	1	1	0	0	0
1	36	23	2	1	-1	0	0	-1	1	0	1	-2	0	1	5	-2	-2	1	2	0	2	6	0	-4	0	32	0	-1	0	1	1	0	1	0
1	36	24	2	1	-1	0	1	-2	1	-1	3	-5	-1	2	18	-23	-7	9	2	0	5	27	0	-4	21	725	0	-1	1	1	1	0	0	0
1	36	25	2	1	-1	0	2	-1	1	0	5	-2	-2	1	9	-20	-4	9	2	2	6	18	0	0	32	320	0	0	1	1	1	1	0	0
1	36	26	2	1	-1	0	1	-1	0	1	2	-1	-1	1	-1	-5	1	4	2	2	3	3	0	0	5	5	0	0	1	1	1	1	0	0
1	36	27	2	1	-1	0	0	-1	1	1	1	-1	0	1	2	-1	-1	1	2	1	2	3	0	-3	0	5	0	-1	0	1	1	0	1	0
1	36	28	2	1	-1	0	0	-1	1	2	1	0	0	1	1	0	0	1	2	2	2	2	0	0	0	0	0	0	0	0	1	1	2	2
1	36	29	2	1	-1	0	-1	-1	2	1	0	-1	1	1	3	1	-1	0	2	0	1	3	0	-4	-3	5	0	-1	-1	1	1	0	0	0
1	36	30	2	1	-1	0	0	-1	1	0	1	-2	0	1	5	-2	-2	1	2	0	2	6	0	-4	0	32	0	-1	0	1	1	0	1	0
1	36	31	2	1	-1	0	1	-2	0	1	2	-3	-1	2	-3	-14	2	9	2	2	4	6	0	0	12	32	0	0	1	1	1	1	0	0
1	36	32	2	1	-1	0	-1	-2	1	1	-1	-3	1	2	2	-1	-1	1	2	0	1	3	0	-4	-3	5	0	-1	-1	1	1	0	0	0
1	36	33	2	1	-1	0	1	-3	0	1	2	-5	-1	3	-5	-27	3	16	2	2	5	11	0	0	21	117	0	0	1	1	1	1	0	0
1	36	34	2	1	-1	0	3	-2	-1	1	5	-3	-3	2	-14	-39	9	25	2	4	7	11	0	12	45	117	0	1	1	1	1	0	0	0
1	36	35	2	1	-1	0	2	-1	-1	1	3	-1	-2	1	-6	-11	5	9	2	3	4	3	0	5	12	5	0	1	1	1	1	0	0	0
1	36	36	2	1	-1	0	2	1	-1	0	3	2	-2	-1	1	0	0	1	2	2	2	2	0	0	0	0	0	0	0	0	1	1	1	2
1	36	37	2	1	-1	0	2	-3	-1	2	3	-4	-2	3	-19	-34	14	25	2	4	6	6	0	12	32	32	0	1	1	1	1	0	0	0
1	36	38	2	1	-1	0	3	-1	-2	1	4	-1	-3	1	-13	-19	11	16	2	4	5	3	0	12	21	5	0	1	1	1	1	0	0	0
1	36	39	2	1	-1	0	1	0	-1	1	1	1	-1	0	2	1	1	1	2	2	1	3	0	0	-3	5	0	0	-1	1	1	1	0	0
1	36	40	2	1	-1	0	1	1	-1	0	1	2	-1	-1	3	1	-1	0	2	1	0	3	0	-3	-4	5	0	-1	-1	1	1	0	0	0
1	36	41	2	1	-1	0	1	2	-1	-1	1	3	-1	-2	2	-1	-1	1	2	0	-1	3	0	-4	-3	5	0	-1	-1	1	1	0	0	0
1	36	42	2	1	-1	0	2	1	-1	0	3	2	-2	-1	1	0	0	1	2	2	2	2	0	0	0	0	0	0	0	0	1	1	1	2
1	36	43	2	1	-1	0	0	1	-1	0	-1	2	0	-1	5	-2	-2	1	2	0	-2	6	0	-4	0	32	0	-1	0	1	1	0	0	0
1	36	44	2	1	-1	0	1	-1	-1	2	1	0	-1	1	-1	-1	5	4	2	3	2	3	0	5	0	5	0	1	0	1	1	0	1	0
1	36	45	2	1	-1	0	0	-1	1	2	1	0	0	1	1	0	0	1	2	2	2	2	0	0	0	0	0	0	0	0	1	1	2	2
1	36	46	2	1	-1	0	1	-2	-1	3	1	-1	-1	2	-6	-5	11	9	2	4	3	3	0	12	5	5	0	1	1	1	1	0	0	0
1	36	47	2	1	-1	0	2	-1	-3	2	1	0	-2	1	-3	-2	14	9	2	4	2	6	0	12	0	32	0	1	0	1	1	0	1	0
1	36	48	2	1	-1	0	1	0	-2	1	0	1	-1	0	5	2	2	1	2	2	0	6	0	0	-4	32	0	0	-1	1	1	1	0	0
1	36	49	2	1	-1	0	1	1	-2	-1	0	1	-1	-1	3	1	-1	0	2	0	-1	3	0	-4	-3	5	0	-1	-1	1	1	0	0	0
1	36	50	2	1	-1	0	1	-1	-2	3	0	1	-1	1	7	3	9	4	2	4	1	11	0	12	-3	117	0	1	-1	1	1	0	0	0
1	36	51	2	1	-1	0	1	0	-3	1	-1	1	-1	0	10	3	3	1	2	2	-1	11	0	0	-3	117	0	0	-1	1	1	1	0	0
1	37	0	2	-3	-1	2	1	1	0	1	2	-1	-1	1	3	1	-1	0	4	2	3	3	12	0	5	5	1	0	1	1	0	1	0	0
1	37	1	2	-3	-1	2	1	2	0	1	2	1	-1	0	5	-2	-2	1	4	2	2	6	12	0	0	32	1	0	0	1	0	1	1	0
1	37	2	2	-3	-1	2	1	3	0	1	2	3	-1	-1	7	-9	-3	4	4	2	1	11	12	0	-3	117	1	0	-1	1	0	1	0	0
1	37	3	2	-3	-1	2	3	2	1	1	3	1	-1	0	-4	19	1	-5	4	4	3	-9	12	12	5	77	1	1	1	1	0	0	0	0
1	37	4	2	-3	-1	2	-1	2	-1	1	1	1	-1	0	8	-11	-5	7	4	0	1	15	12	-4	-3	221	1	-1	-1	1	0	0	0	0
1	37	5	2	-3	-1	2	2	1	1	1	1	-1	0	1	0	1	-1	3	4	3	2	3	12	5	0	5	1	1	0	1	0	0	1	0
1	37	6	2	-3	-1	2	2	3	1	2	1	0	0	1	1	0	0	1	4	4	2	2	12	12	0	0	1	1	0	0	0	0	2	2
1	37	7	2	-3	-1	2	3	1	2	1	0	-1	1	1	3	-5	-7	12	4	4	1	15	12	12	-3	221	1	1	-1	1	0	0	0	0
1	37	8	2	-3	-1	2	2	-1	1	0	1	-2	0	1	1	-2	-2	5	4	2	2	6	12	0	0	32	1	0	0	1	0	1	1	0
1	37	9	2	-3	-1	2	0	1	-1	1	3	-1	-2	1	12	-5	-7	3	4	1	4	15	12	-3	12	221	1	-1	1	1	0	0	0	0
1	37	10	2	-3	-1	2	0	1	-1	0	3	2	-2	-1	13	-8	-8	5	4	0	2	18	12	-4	0	320	1	-1	0	1	0	0	1	0
1	37	11	2	-3	-1	2	0	1	-1	2	3	-4	-2	3	5	-2	-2	1	4	2	6	6	12	0	32	32	1	0	1	1	0	1	0	0
1	37	12	2	-3	-1	2	-1	1	-2	1	4	-1	-3	1	27	-17	-19	12	4	0	5	39	12	-4	21	1517	1	-1	1	1	0	0	0	0
1	37	13	2	-3	-1	2	1	0	1	1	-1	-3	1	2	4	-9	-3	7	4	2	1	11	12	0	-3	117	1	0	-1	1	0	1	0	0
1	37	14	2	-3	-1	2	1	1	1	2	-1	-4	1	3	-1	-5	1	4	4	3	2	3	12	5	0	5	1	1	0	1	0	0	1	0
1	37	15	2	-3	-1	2	1	2	1	3	-1	-5	1	4	-8	1	7	-1	4	4	3	-9	12	12	5	77	1	1	1	1	0	0	0	0
1	37	16	2	-3	-1	2	2	1	3	2	-5	-4	4	3	41	-32	-32	25	4	4	-2	66	12	12	0	4352	1	1	0	1	0	0	0	0
1	37	17	2	-3	-1	2	0	1	-1	2	3	-4	-2	3	5	-2	-2	1	4	2	6	6	12	0	32	32	1	0	1	1	0	1	0	0
1	37	18	2	-3	-1	2	1	0	2	1	-4	-3	3	2	25	-18	-18	13	4	2	-2	38	12	0	0	1440	1	0	0	1	0	1	0	0
1	37	19	2	-3	-1	2	1	1	2	3	-4	-7	3	5	7	-11	-5	8	4	4	1	15	12	12	-3	221	1	1	-1	1	0	0	0	0
1	37	20	2	-3	-1	2	1	0	3	1	-7	-3	5	2	64	-27	-45	19	4	2	-5	83	12	0	21	6885	1	0	1	1	0	1	0	0
1	37	21	2	-3	-1	2	1	-1	2	-1	-4	1	3	-1	27	-17	-19	12	4	0	-5	39	12	-4	21	1517	1	-1	1	1	0	0	0	0
1	37	22	2	-3	-1	2	1	-1	1	0	-1	-2	1	1	7	-11	-5	8	4	1	0	15	12	-3	-4	221	1	-1	-1	1	0	0	0	0
1	37	23	2	-3	-1	2	0	-1	1	0	-3	-2	2	1	13	-8	-8	5	4	0	-2	18	12	-4	0	320	1	-1	0	1	0	0	0	0
1	37	24	2	-3	-1	2	1	-2	1	-1	-1	-1	1	0	8	-11	-5	7	4	0	-1	15	12	-4	-3	221	1	-1	-1	1	0	0	0	0
1	37	25	2	-3	-1	2	2	-1	1	0	1	-2	0	1	1	-2	-2	5	4	2	2	6	12	0	0	32	1	0	0	1	0	1	1	0
1	37	26	2	-3	-1	2	1	-1	0	1	2	-5	-1	3	-1	-5	1	4	4	2	5	3	12	0	21	5	1	0	1	1	0	1	0	0
1	37	27	2	-3	-1	2	0	-1	1	1	-3	-5	2	3	8	-11	-5	7	4	1	0	15	12	-3	-4	221	1	-1	-1	1	0	0	0	0
1	37	28	2	-3	-1	2	0	-1	1	2	-3	-8	2	5	-3	-14	2	9	4	2	2	6	12	0	0	32	1	0	0	1	0	1	1	0
1	37	29	2	-3	-1	2	-1	-1	2	1	-8	-5	5	3	47	13	-29	-8	4	0	-5	39	12	-4	21	1517	1	-1	1	1	0	0	0	0
1	37	30	2	-3	-1	2	0	-1	1	0	-3	-2	2	1	13	-8	-8	5	4	0	-2	18	12	-4	0	320	1	-1	0	1	0	0	0	0
1	37	31	2	-3	-1	2	1	-2	0	1	2	-7	-1	4	-3	-14	2	9	4	2	6	6	12	0	32	32	1	0	1	1	0	1	0	0
1	37	32	2	-3	-1	2	-1	-2	1	1	-5	-7	3	4	12	-5	-7	3	4	0	-1	15	12	-4	-3	221	1	-1	-1	1	0	0	0	0
1	37	33	2	-3	-1	2	1	-3	0	1	2	-9	-1	5	-5	-27	3	16	4	2	7	11	12	0	45	117	1	0	1	1	0	1	0	0
1	37	34	2	-3	-1	2	3	-2	-1	1	9	-7	-5	4	24	61	-13	-33	4	4	13	-9	12	12	165	77	1	1	1	1	0	0	0	0
1	37	35	2	-3	-1	2	2	-1	-1	1	7	-5	-4	3	20	31	-11	-17	4	3	10	3	12	5	96	5	1	1	1	1	0	0	0	0
1	37	36	2	-3	-1	2	2	1	-1	0	7	2	-4	-1	25	34	-14	-19	4	2	6	6	12	0	32	32	1	0	1	1	0	1	0	0
1	37	37	2	-3	-1	2	2	-3	-1	2	7	-12	-4	7	1	0	0	1	4	4	14	2	12	12	192	0	1	1	1	0	0	0	0	2
1	37	38	2	-3	-1	2	3	-1	-2	1	12	-5	-7	3	71	97	-41	-56	4	4	15	15	12	12	221	221	1	1	1	1	0	0	0	0
1	37	39	2	-3	-1	2	1	0	-1	1	5	-3	-3	2	16	9	-9	-5	4	2	7	11	12	0	45	117	1	0	1	1	0	1	0	0
1	37	40	2	-3	-1	2	1	1	-1	0	5	2	-3	-1	19	7	-11	-4	4	1	4	15	12	-3	12	221	1	-1	1	1	0	0	0	0
1	37	41	2	-3	-1	2	1	2	-1	-1	5	7	-3	-4	12	-5	-7	3	4	0	1	15	12	-4	-3	221	1	-1	-1	1	0	0	0	0
1	37	42	2	-3	-1	2	2	1	-1	0	7	2	-4	-1	25	34	-14	-19	4	2	6	6	12	0	32	32	1	0	1	1	0	1	0	0
1	37	43	2	-3	-1	2	0	1	-1	0	3	2	-2	-1	13	-8	-8	5	4	0	2	18	12	-4	0	320	1	-1	0	1	0	0	1	0
1	37	44	2	-3	-1	2	1	-1	-1	2	5	-8	-3	5	3	1	-1	0	4	3	10	3	12	5	96	5	1	1	1	1	0	0	0	0
1	37	45	2	-3	-1	2	0	-1	1	2	-3	-8	2	5	-3	-14	2	9	4	2	2	6	12	0	0	32	1	0	0	1	0	1	1	0
1	37	46	2	-3	-1	2	1	-2	-1	3	5	-13	-3	8	-20	-17	13	11	4	4	13	-9	12	12	165	77	1	1	1	1	0	0	0	0
1	37	47	2	-3	-1	2	2	-1	-3	2	13	-8	-8	5	105	64	-64	-39	4	4	18	66	12	12	320	4352	1	1	1	1	0	0	0	0
1	37	48	2	-3	-1	2	1	0	-2	1	8	-3	-5	2	49	18	-30	-11	4	2	10	38	12	0	96	1440	1	0	1	1	0	1	0	0
1	37	49	2	-3	-1	2	1	1	-2	-1	8	5	-5	-3	47	13	-29	-8	4	0	5	39	12	-4	21	1517	1	-1	1	1	0	0	0	0
1	37	50	2	-3	-1	2	1	-1	-2	3	8	-11	-5	7	19	7	-11	-4	4	4	15	15	12	12	221	221	1	1	1	1	0	0	0	0
1	37	51	2	-3	-1	2	1	0	-3	1	11	-3	-7	2	100	27	-63	-17	4	2	13	83	12	0	165	6885	1	0	1	1	0	1	0	0
1	38	0	3	-1	-2	1	1	1	0	1	3	2	-2	-1	7	2	-4	-1	4	2	2	6	12	0	0	32	1	0	0	1	0	1	1	0
1	38	1	3	-1	-2	1	1	2	0	1	3	5	-2	-3	13	-8	-8	5	4	2	0	18	12	0	-4	320	1	0	-1	1	0	1	0	0
1	38	2	3	-1	-2	1	1	3	0	1	3	8	-2	-5	19	-30	-12	19	4	2	-2	38	12	0	0	1440	1	0	0	1	0	1	0	0
1	38	3	3	-1	-2	1	3	2	1	1	8	5	-5	-3	-5	33	3	-20	4	4	5	-25	12	12	21	621	1	1	1	1	0	0	0	0
1	38	4	3	-1	-2	1	-1	2	-1	1	-2	5	1	-3	21	-29	-13	18	4	0	-5	39	12	-4	21	1517	1	-1	1	1	0	0	0	0
1	38	5	3	-1	-2	1	2	1	1	1	5	2	-3	-1	-2	13	1	-7	4	3	4	-9	12	5	12	77	1	1	1	1	0	0	0	0
1	38	6	3	-1	-2	1	2	3	1	2	5	7	-3	-4	12	-5	-7	3	4	4	1	15	12	12	-3	221	1	1	-1	1	0	0	0	0
1	38	7	3	-1	-2	1	3	1	2	1	7	2	-4	-1	-15	28	8	-15	4	4	6	-30	12	12	32	896	1	1	1	1	0	0	0	0
1	38	8	3	-1	-2	1	2	-1	1	0	5	-3	-3	2	4	-9	-3	7	4	2	7	11	12	0	45	117	1	0	1	1	0	1	0	0
1	38	9	3	-1	-2	1	0	1	-1	1	1	2	-1	-1	12	-5	-7	3	4	1	0	15	12	-3	-4	221	1	-1	-1	1	0	0	0	0
1	38	10	3	-1	-2	1	0	1	-1	0	1	3	-1	-2	10	-7	-7	5	4	0	-1	15	12	-4	-3	221	1	-1	-1	1	0	0	0	0
1	38	11	3	-1	-2	1	0	1	-1	2	1	1	-1	0	10	-3	-3	1	4	2	1	11	12	0	-3	117	1	0	-1	1	0	1	0	0
1	38	12	3	-1	-2	1	-1	1	-2	1	-1	2	0	-1	13	-8	-8	5	4	0	-2	18	12	-4	0	320	1	-1	0	1	0	0	0	0
1	38	13	3	-1	-2	1	1	0	1	1	2	-1	-1	1	1	-1	-1	2	4	2	3	3	12	0	5	5	1	0	1	1	0	1	0	0
1	38	14	3	-1	-2	1	1	1	1	2	2	1	-1	0	3	1	-1	0	4	3	2	3	12	5	0	5	1	1	0	1	0	0	1	0
1	38	15	3	-1	-2	1	1	2	1	3	2	3	-1	-1	13	-5	-5	2	4	4	1	15	12	12	-3	221	1	1	-1	1	0	0	0	0
1	38	16	3	-1	-2	1	2	1	3	2	3	1	-1	0	-8	7	1	-1	4	4	3	-9	12	12	5	77	1	1	1	1	0	0	0	0
1	38	17	3	-1	-2	1	0	1	-1	2	1	1	-1	0	10	-3	-3	1	4	2	1	11	12	0	-3	117	1	0	-1	1	0	1	0	0
1	38	18	3	-1	-2	1	1	0	2	1	1	-1	0	1	3	-2	-4	3	4	2	2	6	12	0	0	32	1	0	0	1	0	1	1	0
1	38	19	3	-1	-2	1	1	1	2	3	1	0	0	1	1	0	0	1	4	4	2	2	12	12	0	0	1	1	0	0	0	0	2	2
1	38	20	3	-1	-2	1	1	0	3	1	0	-1	1	1	7	-3	-9	4	4	2	1	11	12	0	-3	117	1	0	-1	1	0	1	0	0
1	38	21	3	-1	-2	1	1	-1	2	-1	1	-2	0	1	13	-8	-8	5	4	0	2	18	12	-4	0	320	1	-1	0	1	0	0	1	0
1	38	22	3	-1	-2	1	1	-1	1	0	2	-3	-1	2	7	-11	-5	8	4	1	4	15	12	-3	12	221	1	-1	1	1	0	0	0	0
1	38	23	3	-1	-2	1	0	-1	1	0	-1	-3	1	2	10	-7	-7	5	4	0	1	15	12	-4	-3	221	1	-1	-1	1	0	0	0	0
1	38	24	3	-1	-2	1	1	-2	1	-1	2	-5	-1	3	21	-29	-13	18	4	0	5	39	12	-4	21	1517	1	-1	1	1	0	0	0	0
1	38	25	3	-1	-2	1	2	-1	1	0	5	-3	-3	2	4	-9	-3	7	4	2	7	11	12	0	45	117	1	0	1	1	0	1	0	0
1	38	26	3	-1	-2	1	1	-1	0	1	3	-4	-2	3	-5	-14	4	11	4	2	6	6	12	0	32	32	1	0	1	1	0	1	0	0
1	38	27	3	-1	-2	1	0	-1	1	1	-1	-4	1	3	4	-9	-3	7	4	1	2	11	12	-3	0	117	1	-1	0	1	0	0	1	0
1	38	28	3	-1	-2	1	0	-1	1	2	-1	-5	1	4	-6	-11	5	9	4	2	3	3	12	0	5	5	1	0	1	1	0	1	0	0
1	38	29	3	-1	-2	1	-1	-1	2	1	-5	-4	4	3	21	4	-16	-3	4	0	-2	18	12	-4	0	320	1	-1	0	1	0	0	0	0
1	38	30	3	-1	-2	1	0	-1	1	0	-1	-3	1	2	10	-7	-7	5	4	0	1	15	12	-4	-3	221	1	-1	-1	1	0	0	0	0
1	38	31	3	-1	-2	1	1	-2	0	1	3	-7	-2	5	-11	-40	8	29	4	2	8	18	12	0	60	320	1	0	1	1	0	1	0	0
1	38	32	3	-1	-2	1	-1	-2	1	1	-4	-7	3	5	7	-11	-5	8	4	0	1	15	12	-4	-3	221	1	-1	-1	1	0	0	0	0
1	38	33	3	-1	-2	1	1	-3	0	1	3	-10	-2	7	-17	-78	12	55	4	2	10	38	12	0	96	1440	1	0	1	1	0	1	0	0
1	38	34	3	-1	-2	1	3	-2	-1	1	10	-7	-7	5	-15	-41	11	30	4	4	15	15	12	12	221	221	1	1	1	1	0	0	0	0
1	38	35	3	-1	-2	1	2	-1	-1	1	7	-4	-5	3	-6	-11	5	9	4	3	10	3	12	5	96	5	1	1	1	1	0	0	0	0
1	38	36	3	-1	-2	1	2	1	-1	0	7	3	-5	-2	16	19	-11	-13	4	2	5	3	12	0	21	5	1	0	1	1	0	1	0	0
1	38	37	3	-1	-2	1	2	-3	-1	2	7	-11	-5	8	-56	-97	41	71	4	4	15	15	12	12	221	221	1	1	1	1	0	0	0	0
1	38	38	3	-1	-2	1	3	-1	-2	1	11	-4	-8	3	1	0	0	1	4	4	14	2	12	12	192	0	1	1	1	0	0	0	0	2
1	38	39	3	-1	-2	1	1	0	-1	1	4	-1	-3	1	3	1	-1	0	4	2	5	3	12	0	21	5	1	0	1	1	0	1	0	0
1	38	40	3	-1	-2	1	1	1	-1	0	4	3	-3	-2	13	3	-9	-2	4	1	2	11	12	-3	0	117	1	-1	0	1	0	0	1	0
1	38	41	3	-1	-2	1	1	2	-1	-1	4	7	-3	-5	7	-11	-5	8	4	0	-1	15	12	-4	-3	221	1	-1	-1	1	0	0	0	0
1	38	42	3	-1	-2	1	2	1	-1	0	7	3	-5	-2	16	19	-11	-13	4	2	5	3	12	0	21	5	1	0	1	1	0	1	0	0
1	38	43	3	-1	-2	1	0	1	-1	0	1	3	-1	-2	10	-7	-7	5	4	0	-1	15	12	-4	-3	221	1	-1	-1	1	0	0	0	0
1	38	44	3	-1	-2	1	1	-1	-1	2	4	-5	-3	4	-23	-17	19	14	4	3	8	-9	12	5	60	77	1	1	1	1	0	0	0	0
1	38	45	3	-1	-2	1	0	-1	1	2	-1	-5	1	4	-6	-11	5	9	4	2	3	3	12	0	5	5	1	0	1	1	0	1	0	0
1	38	46	3	-1	-2	1	1	-2	-1	3	4	-9	-3	7	-65	-51	51	40	4	4	11	-25	12	12	117	621	1	1	1	1	0	0	0	0
1	38	47	3	-1	-2	1	2	-1	-3	2	9	-5	-7	4	-20	-13	17	11	4	4	13	-9	12	12	165	77	1	1	1	1	0	0	0	0
1	38	48	3	-1	-2	1	1	0	-2	1	5	-1	-4	1	7	2	-4	-1	4	2	6	6	12	0	32	32	1	0	1	1	0	1	0	0
1	38	49	3	-1	-2	1	1	1	-2	-1	5	4	-4	-3	21	4	-16	-3	4	0	2	18	12	-4	0	320	1	-1	0	1	0	0	1	0
1	38	50	3	-1	-2	1	1	-1	-2	3	5	-6	-4	5	-47	-20	40	17	4	4	10	-30	12	12	96	896	1	1	1	1	0	0	0	0
1	38	51	3	-1	-2	1	1	0	-3	1	6	-1	-5	1	13	3	-9	-2	4	2	7	11	12	0	45	117	1	0	1	1	0	1	0	0
1	39	0	1	0	-1	1	1	1	0	1	1	1	-1	0	2	-1	-1	1	2	2	1	3	0	0	-3	5	0	0	-1	1	1	1	0	0
1	39	1	1	0	-1	1	1	2	0	1	1	2	-1	-1	3	-4	-2	3	2	2	0	6	0	0	-4	32	0	0	-1	1	1	1	0	0
1	39	2	1	0	-1	1	1	3	0	1	1	3	-1	-2	4	-9	-3	7	2	2	-1	11	0	0	-3	117	0	0	-1	1	1	1	0	0
1	39	3	1	0	-1	1	3	2	1	1	3	2	-2	-1	3	-4	-2	3	2	4	2	6	0	12	0	32	0	1	0	1	1	0	1	0
1	39	4	1	0	-1	1	-1	2	-1	1	-1	2	0	-1	3	-4	-2	3	2	0	-2	6	0	-4	0	32	0	-1	0	1	1	0	0	0
1	39	5	1	0	-1	1	2	1	1	1	2	1	-1	0	2	-1	-1	1	2	3	2	3	0	5	0	5	0	1	0	1	1	0	1	0
1	39	6	1	0	-1	1	2	3	1	2	2	3	-1	-1	7	-9	-3	4	2	4	1	11	0	12	-3	117	0	1	-1	1	1	0	0	0
1	39	7	1	0	-1	1	3	1	2	1	3	1	-1	0	2	-1	-1	1	2	4	3	3	0	12	5	5	0	1	1	1	1	0	0	0
1	39	8	1	0	-1	1	2	-1	1	0	2	-1	-1	1	1	-1	-1	2	2	2	3	3	0	0	5	5	0	0	1	1	1	1	0	0
1	39	9	1	0	-1	1	0	1	-1	1	0	1	-1	0	2	-1	-1	1	2	1	0	3	0	-3	-4	5	0	-1	-1	1	1	0	0	0
1	39	10	1	0	-1	1	0	1	-1	0	0	1	-1	-1	1	-1	-1	2	2	0	-1	3	0	-4	-3	5	0	-1	-1	1	1	0	0	0
1	39	11	1	0	-1	1	0	1	-1	2	0	1	-1	1	3	-1	1	0	2	2	1	3	0	0	-3	5	0	0	-1	1	1	1	0	0
1	39	12	1	0	-1	1	-1	1	-2	1	-1	1	-1	0	2	-1	-1	1	2	0	-1	3	0	-4	-3	5	0	-1	-1	1	1	0	0	0
1	39	13	1	0	-1	1	1	0	1	1	1	0	0	1	1	0	0	1	2	2	2	2	0	0	0	0	0	0	0	0	1	1	2	2
1	39	14	1	0	-1	1	1	1	1	2	1	1	0	1	3	-1	1	0	2	3	2	3	0	5	0	5	0	1	0	1	1	0	1	0
1	39	15	1	0	-1	1	1	2	1	3	1	2	0	1	7	-4	2	-1	2	4	2	6	0	12	0	32	0	1	0	1	1	0	1	0
1	39	16	1	0	-1	1	2	1	3	2	2	1	1	1	3	-1	1	0	2	4	3	3	0	12	5	5	0	1	1	1	1	0	0	0
1	39	17	1	0	-1	1	0	1	-1	2	0	1	-1	1	3	-1	1	0	2	2	1	3	0	0	-3	5	0	0	-1	1	1	1	0	0
1	39	18	1	0	-1	1	1	0	2	1	1	0	1	1	1	0	0	1	2	2	2	2	0	0	0	0	0	0	0	0	1	1	1	2
1	39	19	1	0	-1	1	1	1	2	3	1	1	1	2	4	-1	5	-1	2	4	3	3	0	12	5	5	0	1	1	1	1	0	0	0
1	39	20	1	0	-1	1	1	0	3	1	1	0	2	1	1	0	0	1	2	2	2	2	0	0	0	0	0	0	0	0	1	1	1	2
1	39	21	1	0	-1	1	1	-1	2	-1	1	-1	1	0	2	-1	-1	1	2	0	1	3	0	-4	-3	5	0	-1	-1	1	1	0	0	0
1	39	22	1	0	-1	1	1	-1	1	0	1	-1	0	1	1	-1	-1	2	2	1	2	3	0	-3	0	5	0	-1	0	1	1	0	1	0
1	39	23	1	0	-1	1	0	-1	1	0	0	-1	1	1	1	-1	-1	2	2	0	1	3	0	-4	-3	5	0	-1	-1	1	1	0	0	0
1	39	24	1	0	-1	1	1	-2	1	-1	1	-2	0	1	3	-4	-2	3	2	0	2	6	0	-4	0	32	0	-1	0	1	1	0	1	0
1	39	25	1	0	-1	1	2	-1	1	0	2	-1	-1	1	1	-1	-1	2	2	2	3	3	0	0	5	5	0	0	1	1	1	1	0	0
1	39	26	1	0	-1	1	1	-1	0	1	1	-1	-1	2	0	-1	1	3	2	2	3	3	0	0	5	5	0	0	1	1	1	1	0	0
1	39	27	1	0	-1	1	0	-1	1	1	0	-1	1	2	0	-1	1	3	2	1	2	3	0	-3	0	5	0	-1	0	1	1	0	1	0
1	39	28	1	0	-1	1	0	-1	1	2	0	-1	1	3	-1	-1	5	4	2	2	3	3	0	0	5	5	0	0	1	1	1	1	0	0
1	39	29	1	0	-1	1	-1	-1	2	1	-1	-1	3	2	0	-1	1	3	2	0	1	3	0	-4	-3	5	0	-1	-1	1	1	0	0	0
1	39	30	1	0	-1	1	0	-1	1	0	0	-1	1	1	1	-1	-1	2	2	0	1	3	0	-4	-3	5	0	-1	-1	1	1	0	0	0
1	39	31	1	0	-1	1	1	-2	0	1	1	-2	-1	3	-1	-4	2	7	2	2	4	6	0	0	12	32	0	0	1	1	1	1	0	0
1	39	32	1	0	-1	1	-1	-2	1	1	-1	-2	2	3	-1	-4	2	7	2	0	2	6	0	-4	0	32	0	-1	0	1	1	0	1	0
1	39	33	1	0	-1	1	1	-3	0	1	1	-3	-1	4	-2	-9	3	13	2	2	5	11	0	0	21	117	0	0	1	1	1	1	0	0
1	39	34	1	0	-1	1	3	-2	-1	1	3	-2	-4	3	-1	-4	2	7	2	4	6	6	0	12	32	32	0	1	1	1	1	0	0	0
1	39	35	1	0	-1	1	2	-1	-1	1	2	-1	-3	2	0	-1	1	3	2	3	4	3	0	5	12	5	0	1	1	1	1	0	0	0
1	39	36	1	0	-1	1	2	1	-1	0	2	1	-3	-1	1	-1	-1	2	2	2	1	3	0	0	-3	5	0	0	-1	1	1	1	0	0
1	39	37	1	0	-1	1	2	-3	-1	2	2	-3	-3	5	-5	-9	9	16	2	4	7	11	0	12	45	117	0	1	1	1	1	0	0	0
1	39	38	1	0	-1	1	3	-1	-2	1	3	-1	-5	2	0	-1	1	3	2	4	5	3	0	12	21	5	0	1	1	1	1	0	0	0
1	39	39	1	0	-1	1	1	0	-1	1	1	0	-2	1	1	0	0	1	2	2	2	2	0	0	0	0	0	0	0	0	1	1	1	2
1	39	40	1	0	-1	1	1	1	-1	0	1	1	-2	-1	1	-1	-1	2	2	1	0	3	0	-3	-4	5	0	-1	-1	1	1	0	0	0
1	39	41	1	0	-1	1	1	2	-1	-1	1	2	-2	-3	-1	-4	2	7	2	0	-2	6	0	-4	0	32	0	-1	0	1	1	0	0	0
1	39	42	1	0	-1	1	2	1	-1	0	2	1	-3	-1	1	-1	-1	2	2	2	1	3	0	0	-3	5	0	0	-1	1	1	1	0	0
1	39	43	1	0	-1	1	0	1	-1	0	0	1	-1	-1	1	-1	-1	2	2	0	-1	3	0	-4	-3	5	0	-1	-1	1	1	0	0	0
1	39	44	1	0	-1	1	1	-1	-1	2	1	-1	-2	3	-1	-1	5	4	2	3	4	3	0	5	12	5	0	1	1	1	1	0	0	0
1	39	45	1	0	-1	1	0	-1	1	2	0	-1	1	3	-1	-1	5	4	2	2	3	3	0	0	5	5	0	0	1	1	1	1	0	0
1	39	46	1	0	-1	1	1	-2	-1	3	1	-2	-2	5	-5	-4	14	11	2	4	6	6	0	12	32	32	0	1	1	1	1	0	0	0
1	39	47	1	0	-1	1	2	-1	-3	2	2	-1	-5	3	-1	-1	5	4	2	4	5	3	0	12	21	5	0	1	1	1	1	0	0	0
1	39	48	1	0	-1	1	1	0	-2	1	1	0	-3	1	1	0	0	1	2	2	2	2	0	0	0	0	0	0	0	0	1	1	1	2
1	39	49	1	0	-1	1	1	1	-2	-1	1	1	-3	-2	0	-1	1	3	2	0	-1	3	0	-4	-3	5	0	-1	-1	1	1	0	0	0
1	39	50	1	0	-1	1	1	-1	-2	3	1	-1	-3	4	-2	-1	11	5	2	4	5	3	0	12	21	5	0	1	1	1	1	0	0	0
1	39	51	1	0	-1	1	1	0	-3	1	1	0	-4	1	1	0	0	1	2	2	2	2	0	0	0	0	0	0	0	0	1	1	1	2
1	40	0	1	1	-1	0	1	1	0	1	1	2	-1	-1	2	-1	-1	1	1	2	0	3	-3	0	-4	5	-1	0	-1	1	0	1	0	0
1	40	1	1	1	-1	0	1	2	0	1	1	3	-1	-2	3	-4	-2	3	1	2	-1	6	-3	0	-3	32	-1	0	-1	1	0	1	0	0
1	40	2	1	1	-1	0	1	3	0	1	1	4	-1	-3	4	-9	-3	7	1	2	-2	11	-3	0	0	117	-1	0	0	1	0	1	0	0
1	40	3	1	1	-1	0	3	2	1	1	4	3	-3	-2	4	-9	-3	7	1	4	2	11	-3	12	0	117	-1	1	0	1	0	0	1	0
1	40	4	1	1	-1	0	-1	2	-1	1	-2	3	1	-2	8	-11	-5	7	1	0	-4	15	-3	-4	12	221	-1	-1	1	1	0	0	0	0
1	40	5	1	1	-1	0	2	1	1	1	3	2	-2	-1	3	-4	-2	3	1	3	2	6	-3	5	0	32	-1	1	0	1	0	0	1	0
1	40	6	1	1	-1	0	2	3	1	2	3	5	-2	-3	8	-11	-5	7	1	4	0	15	-3	12	-4	221	-1	1	-1	1	0	0	0	0
1	40	7	1	1	-1	0	3	1	2	1	5	2	-3	-1	8	-11	-5	7	1	4	4	15	-3	12	12	221	-1	1	1	1	0	0	0	0
1	40	8	1	1	-1	0	2	-1	1	0	3	-1	-2	1	4	-9	-3	7	1	2	4	11	-3	0	12	117	-1	0	1	1	0	1	0	0
1	40	9	1	1	-1	0	0	1	-1	1	-1	2	0	-1	5	-2	-2	1	1	1	-2	6	-3	-3	0	32	-1	-1	0	1	0	0	0	0
1	40	10	1	1	-1	0	0	1	-1	0	-1	1	0	-1	2	-1	-1	1	1	0	-2	3	-3	-4	0	5	-1	-1	0	1	0	0	0	0
1	40	11	1	1	-1	0	0	1	-1	2	-1	3	0	-1	10	-3	-3	1	1	2	-2	11	-3	0	0	117	-1	0	0	1	0	1	0	0
1	40	12	1	1	-1	0	-1	1	-2	1	-3	2	1	-1	12	-7	-5	3	1	0	-4	15	-3	-4	12	221	-1	-1	1	1	0	0	0	0
1	40	13	1	1	-1	0	1	0	1	1	2	1	-1	0	2	-1	-1	1	1	2	2	3	-3	0	0	5	-1	0	0	1	0	1	1	0
1	40	14	1	1	-1	0	1	1	1	2	2	3	-1	-1	5	-2	-2	1	1	3	1	6	-3	5	-3	32	-1	1	-1	1	0	0	0	0
1	40	15	1	1	-1	0	1	2	1	3	2	5	-1	-2	12	-7	-5	3	1	4	0	15	-3	12	-4	221	-1	1	-1	1	0	0	0	0
1	40	16	1	1	-1	0	2	1	3	2	5	3	-2	-1	12	-7	-5	3	1	4	4	15	-3	12	12	221	-1	1	1	1	0	0	0	0
1	40	17	1	1	-1	0	0	1	-1	2	-1	3	0	-1	10	-3	-3	1	1	2	-2	11	-3	0	0	117	-1	0	0	1	0	1	0	0
1	40	18	1	1	-1	0	1	0	2	1	3	1	-1	0	5	-2	-2	1	1	2	3	6	-3	0	5	32	-1	0	1	1	0	1	0	0
1	40	19	1	1	-1	0	1	1	2	3	3	4	-1	-1	10	-3	-3	1	1	4	2	11	-3	12	0	117	-1	1	0	1	0	0	1	0
1	40	20	1	1	-1	0	1	0	3	1	4	1	-1	0	10	-3	-3	1	1	2	4	11	-3	0	12	117	-1	0	1	1	0	1	0	0
1	40	21	1	1	-1	0	1	-1	2	-1	3	-2	-1	1	12	-7	-5	3	1	0	4	15	-3	-4	12	221	-1	-1	1	1	0	0	0	0
1	40	22	1	1	-1	0	1	-1	1	0	2	-1	-1	1	3	-4	-2	3	1	1	3	6	-3	-3	5	32	-1	-1	1	1	0	0	0	0
1	40	23	1	1	-1	0	0	-1	1	0	1	-1	0	1	2	-1	-1	1	1	0	2	3	-3	-4	0	5	-1	-1	0	1	0	0	1	0
1	40	24	1	1	-1	0	1	-2	1	-1	2	-3	-1	2	8	-11	-5	7	1	0	4	15	-3	-4	12	221	-1	-1	1	1	0	0	0	0
1	40	25	1	1	-1	0	2	-1	1	0	3	-1	-2	1	4	-9	-3	7	1	2	4	11	-3	0	12	117	-1	0	1	1	0	1	0	0
1	40	26	1	1	-1	0	1	-1	0	1	1	0	-1	1	0	-1	1	3	1	2	2	3	-3	0	0	5	-1	0	0	1	0	1	1	0
1	40	27	1	1	-1	0	0	-1	1	1	1	0	0	1	1	0	0	1	1	1	2	2	-3	-3	0	0	-1	-1	0	0	0	0	2	2
1	40	28	1	1	-1	0	0	-1	1	2	1	1	0	1	2	1	1	1	1	2	2	3	-3	0	0	5	-1	0	0	1	0	1	1	0
1	40	29	1	1	-1	0	-1	-1	2	1	1	0	1	1	2	1	1	1	1	0	2	3	-3	-4	0	5	-1	-1	0	1	0	0	1	0
1	40	30	1	1	-1	0	0	-1	1	0	1	-1	0	1	2	-1	-1	1	1	0	2	3	-3	-4	0	5	-1	-1	0	1	0	0	1	0
1	40	31	1	1	-1	0	1	-2	0	1	1	-1	-1	2	-1	-4	2	7	1	2	3	6	-3	0	5	32	-1	0	1	1	0	1	0	0
1	40	32	1	1	-1	0	-1	-2	1	1	0	-1	1	2	0	-1	1	3	1	0	2	3	-3	-4	0	5	-1	-1	0	1	0	0	1	0
1	40	33	1	1	-1	0	1	-3	0	1	1	-2	-1	3	-2	-9	3	13	1	2	4	11	-3	0	12	117	-1	0	1	1	0	1	0	0
1	40	34	1	1	-1	0	3	-2	-1	1	2	-1	-3	2	-4	-11	7	19	1	4	4	15	-3	12	12	221	-1	1	1	1	0	0	0	0
1	40	35	1	1	-1	0	2	-1	-1	1	1	0	-2	1	-1	-2	4	7	1	3	2	6	-3	5	0	32	-1	1	0	1	0	0	1	0
1	40	36	1	1	-1	0	2	1	-1	0	1	1	-2	-1	0	-1	1	3	1	2	0	3	-3	0	-4	5	-1	0	-1	1	0	1	0	0
1	40	37	1	1	-1	0	2	-3	-1	2	1	-1	-2	3	-4	-7	11	19	1	4	4	15	-3	12	12	221	-1	1	1	1	0	0	0	0
1	40	38	1	1	-1	0	3	-1	-2	1	1	0	-3	1	-2	-3	9	13	1	4	2	11	-3	12	0	117	-1	1	0	1	0	0	1	0
1	40	39	1	1	-1	0	1	0	-1	1	0	1	-1	0	2	1	1	1	1	2	0	3	-3	0	-4	5	-1	0	-1	1	0	1	0	0
1	40	40	1	1	-1	0	1	1	-1	0	0	1	-1	-1	1	0	0	1	1	1	-1	2	-3	-3	-3	0	-1	-1	-1	0	0	0	0	2
1	40	41	1	1	-1	0	1	2	-1	-1	0	1	-1	-2	0	-1	1	3	1	0	-2	3	-3	-4	0	5	-1	-1	0	1	0	0	0	0
1	40	42	1	1	-1	0	2	1	-1	0	1	1	-2	-1	0	-1	1	3	1	2	0	3	-3	0	-4	5	-1	0	-1	1	0	1	0	0
1	40	43	1	1	-1	0	0	1	-1	0	-1	1	0	-1	2	-1	-1	1	1	0	-2	3	-3	-4	0	5	-1	-1	0	1	0	0	0	0
1	40	44	1	1	-1	0	1	-1	-1	2	0	1	-1	1	3	2	4	3	1	3	1	6	-3	5	-3	32	-1	1	-1	1	0	0	0	0
1	40	45	1	1	-1	0	0	-1	1	2	1	1	0	1	2	1	1	1	1	2	2	3	-3	0	0	5	-1	0	0	1	0	1	1	0
1	40	46	1	1	-1	0	1	-2	-1	3	0	1	-1	2	4	3	9	7	1	4	2	11	-3	12	0	117	-1	1	0	1	0	0	1	0
1	40	47	1	1	-1	0	2	-1	-3	2	-1	1	-2	1	8	5	11	7	1	4	0	15	-3	12	-4	221	-1	1	-1	1	0	0	0	0
1	40	48	1	1	-1	0	1	0	-2	1	-1	1	-1	0	5	2	2	1	1	2	-1	6	-3	0	-3	32	-1	0	-1	1	0	1	0	0
1	40	49	1	1	-1	0	1	1	-2	-1	-1	0	-1	-1	2	1	1	1	1	0	-2	3	-3	-4	0	5	-1	-1	0	1	0	0	0	0
1	40	50	1	1	-1	0	1	-1	-2	3	-1	2	-1	1	12	5	7	3	1	4	0	15	-3	12	-4	221	-1	1	-1	1	0	0	0	0
1	40	51	1	1	-1	0	1	0	-3	1	-2	1	-1	0	10	3	3	1	1	2	-2	11	-3	0	0	117	-1	0	0	1	0	1	0	0
1	41	0	1	2	-1	-1	1	1	0	1	1	3	-1	-2	2	-1	-1	1	0	2	-1	3	-4	0	-3	5	-1	0	-1	1	0	1	0	0
1	41	1	1	2	-1	-1	1	2	0	1	1	4	-1	-3	3	-4	-2	3	0	2	-2	6	-4	0	0	32	-1	0	0	1	0	1	0	0
1	41	2	1	2	-1	-1	1	3	0	1	1	5	-1	-4	4	-9	-3	7	0	2	-3	11	-4	0	5	117	-1	0	1	1	0	1	0	0
1	41	3	1	2	-1	-1	3	2	1	1	5	4	-4	-3	5	-16	-4	13	0	4	2	18	-4	12	0	320	-1	1	0	1	0	0	1	0
1	41	4	1	2	-1	-1	-1	2	-1	1	-3	4	2	-3	17	-24	-12	17	0	0	-6	34	-4	-4	32	1152	-1	-1	1	1	0	0	0	0
1	41	5	1	2	-1	-1	2	1	1	1	4	3	-3	-2	4	-9	-3	7	0	3	2	11	-4	5	0	117	-1	1	0	1	0	0	1	0
1	41	6	1	2	-1	-1	2	3	1	2	4	7	-3	-5	7	-11	-5	8	0	4	-1	15	-4	12	-3	221	-1	1	-1	1	0	0	0	0
1	41	7	1	2	-1	-1	3	1	2	1	7	3	-5	-2	18	-29	-13	21	0	4	5	39	-4	12	21	1517	-1	1	1	1	0	0	0	0
1	41	8	1	2	-1	-1	2	-1	1	0	4	-1	-3	1	9	-23	-7	18	0	2	5	27	-4	0	21	725	-1	0	1	1	0	1	0	0
1	41	9	1	2	-1	-1	0	1	-1	1	-2	3	1	-2	12	-5	-7	3	0	1	-4	15	-4	-3	12	221	-1	-1	1	1	0	0	0	0
1	41	10	1	2	-1	-1	0	1	-1	0	-2	1	1	-1	5	-3	-3	2	0	0	-3	7	-4	-4	5	45	-1	-1	1	1	0	0	0	0
1	41	11	1	2	-1	-1	0	1	-1	2	-2	5	1	-3	23	-7	-13	4	0	2	-5	27	-4	0	21	725	-1	0	1	1	0	1	0	0
1	41	12	1	2	-1	-1	-1	1	-2	1	-5	3	3	-2	34	-21	-21	13	0	0	-7	47	-4	-4	45	2205	-1	-1	1	1	0	0	0	0
1	41	13	1	2	-1	-1	1	0	1	1	3	2	-2	-1	3	-4	-2	3	0	2	2	6	-4	0	0	32	-1	0	0	1	0	1	1	0
1	41	14	1	2	-1	-1	1	1	1	2	3	5	-2	-3	5	-3	-3	2	0	3	0	7	-4	5	-4	45	-1	1	-1	1	0	0	0	0
1	41	15	1	2	-1	-1	1	2	1	3	3	8	-2	-5	13	-8	-8	5	0	4	-2	18	-4	12	0	320	-1	1	0	1	0	0	0	0
1	41	16	1	2	-1	-1	2	1	3	2	8	5	-5	-3	27	-19	-17	12	0	4	5	39	-4	12	21	1517	-1	1	1	1	0	0	0	0
1	41	17	1	2	-1	-1	0	1	-1	2	-2	5	1	-3	23	-7	-13	4	0	2	-5	27	-4	0	21	725	-1	0	1	1	0	1	0	0
1	41	18	1	2	-1	-1	1	0	2	1	5	2	-3	-1	13	-8	-8	5	0	2	4	18	-4	0	12	320	-1	0	1	1	0	1	0	0
1	41	19	1	2	-1	-1	1	1	2	3	5	7	-3	-4	12	-5	-7	3	0	4	1	15	-4	12	-3	221	-1	1	-1	1	0	0	0	0
1	41	20	1	2	-1	-1	1	0	3	1	7	2	-4	-1	31	-12	-18	7	0	2	6	38	-4	0	32	1440	-1	0	1	1	0	1	0	0
1	41	21	1	2	-1	-1	1	-1	2	-1	5	-3	-3	2	34	-21	-21	13	0	0	7	47	-4	-4	45	2205	-1	-1	1	1	0	0	0	0
1	41	22	1	2	-1	-1	1	-1	1	0	3	-1	-2	1	7	-11	-5	8	0	1	4	15	-4	-3	12	221	-1	-1	1	1	0	0	0	0
1	41	23	1	2	-1	-1	0	-1	1	0	2	-1	-1	1	5	-3	-3	2	0	0	3	7	-4	-4	5	45	-1	-1	1	1	0	0	0	0
1	41	24	1	2	-1	-1	1	-2	1	-1	3	-4	-2	3	17	-24	-12	17	0	0	6	34	-4	-4	32	1152	-1	-1	1	1	0	0	0	0
1	41	25	1	2	-1	-1	2	-1	1	0	4	-1	-3	1	9	-23	-7	18	0	2	5	27	-4	0	21	725	-1	0	1	1	0	1	0	0
1	41	26	1	2	-1	-1	1	-1	0	1	1	1	-1	0	0	-1	1	3	0	2	1	3	-4	0	-3	5	-1	0	-1	1	0	1	0	0
1	41	27	1	2	-1	-1	0	-1	1	1	2	1	-1	0	2	-1	-1	1	0	1	2	3	-4	-3	0	5	-1	-1	0	1	0	0	1	0
1	41	28	1	2	-1	-1	0	-1	1	2	2	3	-1	-1	3	1	-1	0	0	2	1	3	-4	0	-3	5	-1	0	-1	1	0	1	0	0
1	41	29	1	2	-1	-1	-1	-1	2	1	3	1	-1	0	8	3	-3	-1	0	0	3	7	-4	-4	5	45	-1	-1	1	1	0	0	0	0
1	41	30	1	2	-1	-1	0	-1	1	0	2	-1	-1	1	5	-3	-3	2	0	0	3	7	-4	-4	5	45	-1	-1	1	1	0	0	0	0
1	41	31	1	2	-1	-1	1	-2	0	1	1	0	-1	1	-1	-4	2	7	0	2	2	6	-4	0	0	32	-1	0	0	1	0	1	1	0
1	41	32	1	2	-1	-1	-1	-2	1	1	1	0	0	1	1	0	0	1	0	0	2	2	-4	-4	0	0	-1	-1	0	0	0	0	2	2
1	41	33	1	2	-1	-1	1	-3	0	1	1	-1	-1	2	-2	-9	3	13	0	2	3	11	-4	0	5	117	-1	0	1	1	0	1	0	0
1	41	34	1	2	-1	-1	3	-2	-1	1	1	0	-2	1	-3	-8	8	21	0	4	2	18	-4	12	0	320	-1	1	0	1	0	0	1	0
1	41	35	1	2	-1	-1	2	-1	-1	1	0	1	-1	0	2	3	3	5	0	3	0	7	-4	5	-4	45	-1	1	-1	1	0	0	0	0
1	41	36	1	2	-1	-1	2	1	-1	0	0	1	-1	-1	1	1	1	2	0	2	-1	3	-4	0	-3	5	-1	0	-1	1	0	1	0	0
1	41	37	1	2	-1	-1	2	-3	-1	2	0	1	-1	1	3	5	7	12	0	4	1	15	-4	12	-3	221	-1	1	-1	1	0	0	0	0
1	41	38	1	2	-1	-1	3	-1	-2	1	-1	1	-1	0	8	11	5	7	0	4	-1	15	-4	12	-3	221	-1	1	-1	1	0	0	0	0
1	41	39	1	2	-1	-1	1	0	-1	1	-1	2	0	-1	7	4	-2	-1	0	2	-2	6	-4	0	0	32	-1	0	0	1	0	1	0	0
1	41	40	1	2	-1	-1	1	1	-1	0	-1	1	0	-1	3	1	-1	0	0	1	-2	3	-4	-3	0	5	-1	-1	0	1	0	0	0	0
1	41	41	1	2	-1	-1	1	2	-1	-1	-1	0	0	-1	1	0	0	1	0	0	-2	2	-4	-4	0	0	-1	-1	0	0	0	0	0	2
1	41	42	1	2	-1	-1	2	1	-1	0	0	1	-1	-1	1	1	1	2	0	2	-1	3	-4	0	-3	5	-1	0	-1	1	0	1	0	0
1	41	43	1	2	-1	-1	0	1	-1	0	-2	1	1	-1	5	-3	-3	2	0	0	-3	7	-4	-4	5	45	-1	-1	1	1	0	0	0	0
1	41	44	1	2	-1	-1	1	-1	-1	2	-1	3	0	-1	13	9	-3	-2	0	3	-2	11	-4	5	0	117	-1	1	0	1	0	0	0	0
1	41	45	1	2	-1	-1	0	-1	1	2	2	3	-1	-1	3	1	-1	0	0	2	1	3	-4	0	-3	5	-1	0	-1	1	0	1	0	0
1	41	46	1	2	-1	-1	1	-2	-1	3	-1	4	0	-1	21	16	-4	-3	0	4	-2	18	-4	12	0	320	-1	1	0	1	0	0	0	0
1	41	47	1	2	-1	-1	2	-1	-3	2	-4	3	1	-1	47	29	-13	-8	0	4	-5	39	-4	12	21	1517	-1	1	1	1	0	0	0	0
1	41	48	1	2	-1	-1	1	0	-2	1	-3	2	1	-1	21	8	-8	-3	0	2	-4	18	-4	0	12	320	-1	0	1	1	0	1	0	0
1	41	49	1	2	-1	-1	1	1	-2	-1	-3	-1	1	0	8	3	-3	-1	0	0	-3	7	-4	-4	5	45	-1	-1	1	1	0	0	0	0
1	41	50	1	2	-1	-1	1	-1	-2	3	-3	5	1	-2	46	19	-17	-7	0	4	-5	39	-4	12	21	1517	-1	1	1	1	0	0	0	0
1	41	51	1	2	-1	-1	1	0	-3	1	-5	2	2	-1	43	12	-18	-5	0	2	-6	38	-4	0	32	1440	-1	0	1	1	0	1	0	0
1	42	0	2	1	-1	0	1	1	0	1	2	3	-1	-1	3	1	-1	0	2	2	1	3	0	0	-3	5	0	0	-1	1	1	1	0	0
1	42	1	2	1	-1	0	1	2	0	1	2	5	-1	-2	5	-2	-2	1	2	2	0	6	0	0	-4	32	0	0	-1	1	1	1	0	0
1	42	2	2	1	-1	0	1	3	0	1	2	7	-1	-3	7	-9	-3	4	2	2	-1	11	0	0	-3	117	0	0	-1	1	1	1	0	0
1	42	3	2	1	-1	0	3	2	1	1	7	5	-3	-2	2	-1	-1	1	2	4	5	3	0	12	21	5	0	1	1	1	1	0	0	0
1	42	4	2	1	-1	0	-1	2	-1	1	-3	5	1	-2	18	-23	-7	9	2	0	-5	27	0	-4	21	725	0	-1	1	1	1	0	0	0
1	42	5	2	1	-1	0	2	1	1	1	5	3	-2	-1	2	-1	-1	1	2	3	4	3	0	5	12	5	0	1	1	1	1	0	0	0
1	42	6	2	1	-1	0	2	3	1	2	5	8	-2	-3	5	-2	-2	1	2	4	2	6	0	12	0	32	0	1	0	1	1	0	1	0
1	42	7	2	1	-1	0	3	1	2	1	8	3	-3	-1	7	-9	-3	4	2	4	7	11	0	12	45	117	0	1	1	1	1	0	0	0
1	42	8	2	1	-1	0	2	-1	1	0	5	-2	-2	1	9	-20	-4	9	2	2	6	18	0	0	32	320	0	0	1	1	1	1	0	0
1	42	9	2	1	-1	0	0	1	-1	1	-1	3	0	-1	10	-3	-3	1	2	1	-2	11	0	-3	0	117	0	-1	0	1	1	0	0	0
1	42	10	2	1	-1	0	0	1	-1	0	-1	2	0	-1	5	-2	-2	1	2	0	-2	6	0	-4	0	32	0	-1	0	1	1	0	0	0
1	42	11	2	1	-1	0	0	1	-1	2	-1	4	0	-1	17	-4	-4	1	2	2	-2	18	0	0	0	320	0	0	0	1	1	1	0	0
1	42	12	2	1	-1	0	-1	1	-2	1	-4	3	1	-1	23	-13	-7	4	2	0	-5	27	0	-4	21	725	0	-1	1	1	1	0	0	0
1	42	13	2	1	-1	0	1	0	1	1	3	1	-1	0	2	-1	-1	1	2	2	3	3	0	0	5	5	0	0	1	1	1	1	0	0
1	42	14	2	1	-1	0	1	1	1	2	3	4	-1	-1	3	1	-1	0	2	3	2	3	0	5	0	5	0	1	0	1	1	0	1	0
1	42	15	2	1	-1	0	1	2	1	3	3	7	-1	-2	10	-3	-3	1	2	4	1	11	0	12	-3	117	0	1	-1	1	1	0	0	0
1	42	16	2	1	-1	0	2	1	3	2	7	4	-2	-1	5	-2	-2	1	2	4	6	6	0	12	32	32	0	1	1	1	1	0	0	0
1	42	17	2	1	-1	0	0	1	-1	2	-1	4	0	-1	17	-4	-4	1	2	2	-2	18	0	0	0	320	0	0	0	1	1	1	0	0
1	42	18	2	1	-1	0	1	0	2	1	4	1	-1	0	5	-2	-2	1	2	2	4	6	0	0	12	32	0	0	1	1	1	1	0	0
1	42	19	2	1	-1	0	1	1	2	3	4	5	-1	-1	3	1	-1	0	2	4	3	3	0	12	5	5	0	1	1	1	1	0	0	0
1	42	20	2	1	-1	0	1	0	3	1	5	1	-1	0	10	-3	-3	1	2	2	5	11	0	0	21	117	0	0	1	1	1	1	0	0
1	42	21	2	1	-1	0	1	-1	2	-1	4	-3	-1	1	23	-13	-7	4	2	0	5	27	0	-4	21	725	0	-1	1	1	1	0	0	0
1	42	22	2	1	-1	0	1	-1	1	0	3	-2	-1	1	7	-9	-3	4	2	1	4	11	0	-3	12	117	0	-1	1	1	1	0	0	0
1	42	23	2	1	-1	0	0	-1	1	0	1	-2	0	1	5	-2	-2	1	2	0	2	6	0	-4	0	32	0	-1	0	1	1	0	1	0
1	42	24	2	1	-1	0	1	-2	1	-1	3	-5	-1	2	18	-23	-7	9	2	0	5	27	0	-4	21	725	0	-1	1	1	1	0	0	0
1	42	25	2	1	-1	0	2	-1	1	0	5	-2	-2	1	9	-20	-4	9	2	2	6	18	0	0	32	320	0	0	1	1	1	1	0	0
1	42	26	2	1	-1	0	1	-1	0	1	2	-1	-1	1	-1	-5	1	4	2	2	3	3	0	0	5	5	0	0	1	1	1	1	0	0
1	42	27	2	1	-1	0	0	-1	1	1	1	-1	0	1	2	-1	-1	1	2	1	2	3	0	-3	0	5	0	-1	0	1	1	0	1	0
1	42	28	2	1	-1	0	0	-1	1	2	1	0	0	1	1	0	0	1	2	2	2	2	0	0	0	0	0	0	0	0	1	1	2	2
1	42	29	2	1	-1	0	-1	-1	2	1	0	-1	1	1	3	1	-1	0	2	0	1	3	0	-4	-3	5	0	-1	-1	1	1	0	0	0
1	42	30	2	1	-1	0	0	-1	1	0	1	-2	0	1	5	-2	-2	1	2	0	2	6	0	-4	0	32	0	-1	0	1	1	0	1	0
1	42	31	2	1	-1	0	1	-2	0	1	2	-3	-1	2	-3	-14	2	9	2	2	4	6	0	0	12	32	0	0	1	1	1	1	0	0
1	42	32	2	1	-1	0	-1	-2	1	1	-1	-3	1	2	2	-1	-1	1	2	0	1	3	0	-4	-3	5	0	-1	-1	1	1	0	0	0
1	42	33	2	1	-1	0	1	-3	0	1	2	-5	-1	3	-5	-27	3	16	2	2	5	11	0	0	21	117	0	0	1	1	1	1	0	0
1	42	34	2	1	-1	0	3	-2	-1	1	5	-3	-3	2	-14	-39	9	25	2	4	7	11	0	12	45	117	0	1	1	1	1	0	0	0
1	42	35	2	1	-1	0	2	-1	-1	1	3	-1	-2	1	-6	-11	5	9	2	3	4	3	0	5	12	5	0	1	1	1	1	0	0	0
1	42	36	2	1	-1	0	2	1	-1	0	3	2	-2	-1	1	0	0	1	2	2	2	2	0	0	0	0	0	0	0	0	1	1	1	2
1	42	37	2	1	-1	0	2	-3	-1	2	3	-4	-2	3	-19	-34	14	25	2	4	6	6	0	12	32	32	0	1	1	1	1	0	0	0
1	42	38	2	1	-1	0	3	-1	-2	1	4	-1	-3	1	-13	-19	11	16	2	4	5	3	0	12	21	5	0	1	1	1	1	0	0	0
1	42	39	2	1	-1	0	1	0	-1	1	1	1	-1	0	2	1	1	1	2	2	1	3	0	0	-3	5	0	0	-1	1	1	1	0	0
1	42	40	2	1	-1	0	1	1	-1	0	1	2	-1	-1	3	1	-1	0	2	1	0	3	0	-3	-4	5	0	-1	-1	1	1	0	0	0
1	42	41	2	1	-1	0	1	2	-1	-1	1	3	-1	-2	2	-1	-1	1	2	0	-1	3	0	-4	-3	5	0	-1	-1	1	1	0	0	0
1	42	42	2	1	-1	0	2	1	-1	0	3	2	-2	-1	1	0	0	1	2	2	2	2	0	0	0	0	0	0	0	0	1	1	1	2
1	42	43	2	1	-1	0	0	1	-1	0	-1	2	0	-1	5	-2	-2	1	2	0	-2	6	0	-4	0	32	0	-1	0	1	1	0	0	0
1	42	44	2	1	-1	0	1	-1	-1	2	1	0	-1	1	-1	-1	5	4	2	3	2	3	0	5	0	5	0	1	0	1	1	0	1	0
1	42	45	2	1	-1	0	0	-1	1	2	1	0	0	1	1	0	0	1	2	2	2	2	0	0	0	0	0	0	0	0	1	1	2	2
1	42	46	2	1	-1	0	1	-2	-1	3	1	-1	-1	2	-6	-5	11	9	2	4	3	3	0	12	5	5	0	1	1	1	1	0	0	0
1	42	47	2	1	-1	0	2	-1	-3	2	1	0	-2	1	-3	-2	14	9	2	4	2	6	0	12	0	32	0	1	0	1	1	0	1	0
1	42	48	2	1	-1	0	1	0	-2	1	0	1	-1	0	5	2	2	1	2	2	0	6	0	0	-4	32	0	0	-1	1	1	1	0	0
1	42	49	2	1	-1	0	1	1	-2	-1	0	1	-1	-1	3	1	-1	0	2	0	-1	3	0	-4	-3	5	0	-1	-1	1	1	0	0	0
1	42	50	2	1	-1	0	1	-1	-2	3	0	1	-1	1	7	3	9	4	2	4	1	11	0	12	-3	117	0	1	-1	1	1	0	0	0
1	42	51	2	1	-1	0	1	0	-3	1	-1	1	-1	0	10	3	3	1	2	2	-1	11	0	0	-3	117	0	0	-1	1	1	1	0	0
1	43	0	0	1	-1	0	1	1	0	1	0	1	-1	-1	1	-1	-1	2	0	2	-1	3	-4	0	-3	5	-1	0	-1	1	0	1	0	0
1	43	1	0	1	-1	0	1	2	0	1	0	1	-1	-2	1	-2	-2	5	0	2	-2	6	-4	0	0	32	-1	0	0	1	0	1	0	0
1	43	2	0	1	-1	0	1	3	0	1	0	1	-1	-3	1	-3	-3	10	0	2	-3	11	-4	0	5	117	-1	0	1	1	0	1	0	0
1	43	3	0	1	-1	0	3	2	1	1	1	1	-3	-2	2	-5	-5	13	0	4	-1	15	-4	12	-3	221	-1	1	-1	1	0	0	0	0
1	43	4	0	1	-1	0	-1	2	-1	1	-1	1	1	-2	2	-3	-3	5	0	0	-3	7	-4	-4	5	45	-1	-1	1	1	0	0	0	0
1	43	5	0	1	-1	0	2	1	1	1	1	1	-2	-1	2	-3	-3	5	0	3	0	7	-4	5	-4	45	-1	1	-1	1	0	0	0	0
1	43	6	0	1	-1	0	2	3	1	2	1	2	-2	-3	5	-8	-8	13	0	4	-2	18	-4	12	0	320	-1	1	0	1	0	0	0	0
1	43	7	0	1	-1	0	3	1	2	1	2	1	-3	-1	5	-7	-7	10	0	4	1	15	-4	12	-3	221	-1	1	-1	1	0	0	0	0
1	43	8	0	1	-1	0	2	-1	1	0	1	0	-2	1	1	-2	-2	5	0	2	2	6	-4	0	0	32	-1	0	0	1	0	1	1	0
1	43	9	0	1	-1	0	0	1	-1	1	-1	1	0	-1	2	-1	-1	1	0	1	-2	3	-4	-3	0	5	-1	-1	0	1	0	0	0	0
1	43	10	0	1	-1	0	0	1	-1	0	-1	0	0	-1	1	0	0	1	0	0	-2	2	-4	-4	0	0	-1	-1	0	0	0	0	0	2
1	43	11	0	1	-1	0	0	1	-1	2	-1	2	0	-1	5	-2	-2	1	0	2	-2	6	-4	0	0	32	-1	0	0	1	0	1	0	0
1	43	12	0	1	-1	0	-1	1	-2	1	-2	1	1	-1	5	-3	-3	2	0	0	-3	7	-4	-4	5	45	-1	-1	1	1	0	0	0	0
1	43	13	0	1	-1	0	1	0	1	1	1	1	-1	0	2	-1	-1	1	0	2	1	3	-4	0	-3	5	-1	0	-1	1	0	1	0	0
1	43	14	0	1	-1	0	1	1	1	2	1	2	-1	-1	5	-3	-3	2	0	3	0	7	-4	5	-4	45	-1	1	-1	1	0	0	0	0
1	43	15	0	1	-1	0	1	2	1	3	1	3	-1	-2	10	-7	-7	5	0	4	-1	15	-4	12	-3	221	-1	1	-1	1	0	0	0	0
1	43	16	0	1	-1	0	2	1	3	2	3	2	-2	-1	13	-8	-8	5	0	4	2	18	-4	12	0	320	-1	1	0	1	0	0	1	0
1	43	17	0	1	-1	0	0	1	-1	2	-1	2	0	-1	5	-2	-2	1	0	2	-2	6	-4	0	0	32	-1	0	0	1	0	1	0	0
1	43	18	0	1	-1	0	1	0	2	1	2	1	-1	0	5	-2	-2	1	0	2	2	6	-4	0	0	32	-1	0	0	1	0	1	1	0
1	43	19	0	1	-1	0	1	1	2	3	2	3	-1	-1	13	-5	-5	2	0	4	1	15	-4	12	-3	221	-1	1	-1	1	0	0	0	0
1	43	20	0	1	-1	0	1	0	3	1	3	1	-1	0	10	-3	-3	1	0	2	3	11	-4	0	5	117	-1	0	1	1	0	1	0	0
1	43	21	0	1	-1	0	1	-1	2	-1	2	-1	-1	1	5	-3	-3	2	0	0	3	7	-4	-4	5	45	-1	-1	1	1	0	0	0	0
1	43	22	0	1	-1	0	1	-1	1	0	1	0	-1	1	1	-1	-1	2	0	1	2	3	-4	-3	0	5	-1	-1	0	1	0	0	1	0
1	43	23	0	1	-1	0	0	-1	1	0	1	0	0	1	1	0	0	1	0	0	2	2	-4	-4	0	0	-1	-1	0	0	0	0	2	2
1	43	24	0	1	-1	0	1	-2	1	-1	1	-1	-1	2	2	-3	-3	5	0	0	3	7	-4	-4	5	45	-1	-1	1	1	0	0	0	0
1	43	25	0	1	-1	0	2	-1	1	0	1	0	-2	1	1	-2	-2	5	0	2	2	6	-4	0	0	32	-1	0	0	1	0	1	1	0
1	43	26	0	1	-1	0	1	-1	0	1	0	1	-1	1	1	1	1	2	0	2	1	3	-4	0	-3	5	-1	0	-1	1	0	1	0	0
1	43	27	0	1	-1	0	0	-1	1	1	1	1	0	1	2	1	1	1	0	1	2	3	-4	-3	0	5	-1	-1	0	1	0	0	1	0
1	43	28	0	1	-1	0	0	-1	1	2	1	2	0	1	5	2	2	1	0	2	2	6	-4	0	0	32	-1	0	0	1	0	1	1	0
1	43	29	0	1	-1	0	-1	-1	2	1	2	1	1	1	5	3	3	2	0	0	3	7	-4	-4	5	45	-1	-1	1	1	0	0	0	0
1	43	30	0	1	-1	0	0	-1	1	0	1	0	0	1	1	0	0	1	0	0	2	2	-4	-4	0	0	-1	-1	0	0	0	0	2	2
1	43	31	0	1	-1	0	1	-2	0	1	0	1	-1	2	1	2	2	5	0	2	2	6	-4	0	0	32	-1	0	0	1	0	1	1	0
1	43	32	0	1	-1	0	-1	-2	1	1	1	1	1	2	2	3	3	5	0	0	3	7	-4	-4	5	45	-1	-1	1	1	0	0	0	0
1	43	33	0	1	-1	0	1	-3	0	1	0	1	-1	3	1	3	3	10	0	2	3	11	-4	0	5	117	-1	0	1	1	0	1	0	0
1	43	34	0	1	-1	0	3	-2	-1	1	-1	1	-3	2	2	5	5	13	0	4	1	15	-4	12	-3	221	-1	1	-1	1	0	0	0	0
1	43	35	0	1	-1	0	2	-1	-1	1	-1	1	-2	1	2	3	3	5	0	3	0	7	-4	5	-4	45	-1	1	-1	1	0	0	0	0
1	43	36	0	1	-1	0	2	1	-1	0	-1	0	-2	-1	1	2	2	5	0	2	-2	6	-4	0	0	32	-1	0	0	1	0	1	0	0
1	43	37	0	1	-1	0	2	-3	-1	2	-1	2	-2	3	5	8	8	13	0	4	2	18	-4	12	0	320	-1	1	0	1	0	0	1	0
1	43	38	0	1	-1	0	3	-1	-2	1	-2	1	-3	1	5	7	7	10	0	4	-1	15	-4	12	-3	221	-1	1	-1	1	0	0	0	0
1	43	39	0	1	-1	0	1	0	-1	1	-1	1	-1	0	2	1	1	1	0	2	-1	3	-4	0	-3	5	-1	0	-1	1	0	1	0	0
1	43	40	0	1	-1	0	1	1	-1	0	-1	0	-1	-1	1	1	1	2	0	1	-2	3	-4	-3	0	5	-1	-1	0	1	0	0	0	0
1	43	41	0	1	-1	0	1	2	-1	-1	-1	-1	-1	-2	2	3	3	5	0	0	-3	7	-4	-4	5	45	-1	-1	1	1	0	0	0	0
1	43	42	0	1	-1	0	2	1	-1	0	-1	0	-2	-1	1	2	2	5	0	2	-2	6	-4	0	0	32	-1	0	0	1	0	1	0	0
1	43	43	0	1	-1	0	0	1	-1	0	-1	0	0	-1	1	0	0	1	0	0	-2	2	-4	-4	0	0	-1	-1	0	0	0	0	0	2
1	43	44	0	1	-1	0	1	-1	-1	2	-1	2	-1	1	5	3	3	2	0	3	0	7	-4	5	-4	45	-1	1	-1	1	0	0	0	0
1	43	45	0	1	-1	0	0	-1	1	2	1	2	0	1	5	2	2	1	0	2	2	6	-4	0	0	32	-1	0	0	1	0	1	1	0
1	43	46	0	1	-1	0	1	-2	-1	3	-1	3	-1	2	10	7	7	5	0	4	1	15	-4	12	-3	221	-1	1	-1	1	0	0	0	0
1	43	47	0	1	-1	0	2	-1	-3	2	-3	2	-2	1	13	8	8	5	0	4	-2	18	-4	12	0	320	-1	1	0	1	0	0	0	0
1	43	48	0	1	-1	0	1	0	-2	1	-2	1	-1	0	5	2	2	1	0	2	-2	6	-4	0	0	32	-1	0	0	1	0	1	0	0
1	43	49	0	1	-1	0	1	1	-2	-1	-2	-1	-1	-1	5	3	3	2	0	0	-3	7	-4	-4	5	45	-1	-1	1	1	0	0	0	0
1	43	50	0	1	-1	0	1	-1	-2	3	-2	3	-1	1	13	5	5	2	0	4	-1	15	-4	12	-3	221	-1	1	-1	1	0	0	0	0
1	43	51	0	1	-1	0	1	0	-3	1	-3	1	-1	0	10	3	3	1	0	2	-3	11	-4	0	5	117	-1	0	1	1	0	1	0	0
1	44	0	1	-1	-1	2	1	1	0	1	1	0	-1	1	2	-1	-1	1	3	2	2	3	5	0	0	5	1	0	0	1	0	1	1	0
1	44	1	1	-1	-1	2	1	2	0	1	1	1	-1	0	3	-4	-2	3	3	2	1	6	5	0	-3	32	1	0	-1	1	0	1	0	0
1	44	2	1	-1	-1	2	1	3	0	1	1	2	-1	-1	4	-9	-3	7	3	2	0	11	5	0	-4	117	1	0	-1	1	0	1	0	0
1	44	3	1	-1	-1	2	3	2	1	1	2	1	-1	0	2	-1	-1	1	3	4	2	3	5	12	0	5	1	1	0	1	0	0	1	0
1	44	4	1	-1	-1	2	-1	2	-1	1	0	1	-1	0	2	-3	-3	5	3	0	0	7	5	-4	-4	45	1	-1	-1	1	0	0	0	0
1	44	5	1	-1	-1	2	2	1	1	1	1	0	0	1	1	0	0	1	3	3	2	2	5	5	0	0	1	1	0	0	0	0	2	2
1	44	6	1	-1	-1	2	2	3	1	2	1	1	0	1	4	-5	1	-1	3	4	2	3	5	12	0	5	1	1	0	1	0	0	1	0
1	44	7	1	-1	-1	2	3	1	2	1	1	0	1	1	0	1	-1	3	3	4	2	3	5	12	0	5	1	1	0	1	0	0	1	0
1	44	8	1	-1	-1	2	2	-1	1	0	1	-1	0	1	0	1	-1	3	3	2	2	3	5	0	0	5	1	0	0	1	0	1	1	0
1	44	9	1	-1	-1	2	0	1	-1	1	1	0	-2	1	3	-2	-4	3	3	1	2	6	5	-3	0	32	1	-1	0	1	0	0	1	0
1	44	10	1	-1	-1	2	0	1	-1	0	1	1	-2	-1	2	-3	-3	5	3	0	0	7	5	-4	-4	45	1	-1	-1	1	0	0	0	0
1	44	11	1	-1	-1	2	0	1	-1	2	1	-1	-2	3	2	-1	-1	1	3	2	4	3	5	0	12	5	1	0	1	1	0	1	0	0
1	44	12	1	-1	-1	2	-1	1	-2	1	1	0	-3	1	4	-3	-9	7	3	0	2	11	5	-4	0	117	1	-1	0	1	0	0	1	0
1	44	13	1	-1	-1	2	1	0	1	1	0	-1	1	2	0	-1	1	3	3	2	2	3	5	0	0	5	1	0	0	1	0	1	1	0
1	44	14	1	-1	-1	2	1	1	1	2	0	-1	1	3	-1	0	6	-1	3	3	3	-2	5	5	5	0	1	1	1	0	0	0	0	0
1	44	15	1	-1	-1	2	1	2	1	3	0	-1	1	4	-2	1	13	-7	3	4	4	-9	5	12	12	77	1	1	1	1	0	0	0	0
1	44	16	1	-1	-1	2	2	1	3	2	-1	-1	4	3	0	-1	1	3	3	4	2	3	5	12	0	5	1	1	0	1	0	0	1	0
1	44	17	1	-1	-1	2	0	1	-1	2	1	-1	-2	3	2	-1	-1	1	3	2	4	3	5	0	12	5	1	0	1	1	0	1	0	0
1	44	18	1	-1	-1	2	1	0	2	1	-1	-1	3	2	1	-2	-2	5	3	2	1	6	5	0	-3	32	1	0	-1	1	0	1	0	0
1	44	19	1	-1	-1	2	1	1	2	3	-1	-2	3	5	-6	1	17	-3	3	4	4	-9	5	12	12	77	1	1	1	1	0	0	0	0
1	44	20	1	-1	-1	2	1	0	3	1	-2	-1	5	2	4	-3	-9	7	3	2	0	11	5	0	-4	117	1	0	-1	1	0	1	0	0
1	44	21	1	-1	-1	2	1	-1	2	-1	-1	0	3	-1	4	-3	-9	7	3	0	-2	11	5	-4	0	117	1	-1	0	1	0	0	0	0
1	44	22	1	-1	-1	2	1	-1	1	0	0	-1	1	1	1	-2	-2	5	3	1	1	6	5	-3	-3	32	1	-1	-1	1	0	0	0	0
1	44	23	1	-1	-1	2	0	-1	1	0	-1	-1	2	1	2	-3	-3	5	3	0	0	7	5	-4	-4	45	1	-1	-1	1	0	0	0	0
1	44	24	1	-1	-1	2	1	-2	1	-1	0	-1	1	0	2	-3	-3	5	3	0	0	7	5	-4	-4	45	1	-1	-1	1	0	0	0	0
1	44	25	1	-1	-1	2	2	-1	1	0	1	-1	0	1	0	1	-1	3	3	2	2	3	5	0	0	5	1	0	0	1	0	1	1	0
1	44	26	1	-1	-1	2	1	-1	0	1	1	-2	-1	3	0	-1	1	3	3	2	4	3	5	0	12	5	1	0	1	1	0	1	0	0
1	44	27	1	-1	-1	2	0	-1	1	1	-1	-2	2	3	-1	-4	2	7	3	1	2	6	5	-3	0	32	1	-1	0	1	0	0	1	0
1	44	28	1	-1	-1	2	0	-1	1	2	-1	-3	2	5	-6	-5	11	9	3	2	4	3	5	0	12	5	1	0	1	1	0	1	0	0
1	44	29	1	-1	-1	2	-1	-1	2	1	-3	-2	5	3	2	-3	-3	5	3	0	0	7	5	-4	-4	45	1	-1	-1	1	0	0	0	0
1	44	30	1	-1	-1	2	0	-1	1	0	-1	-1	2	1	2	-3	-3	5	3	0	0	7	5	-4	-4	45	1	-1	-1	1	0	0	0	0
1	44	31	1	-1	-1	2	1	-2	0	1	1	-3	-1	4	-1	-4	2	7	3	2	5	6	5	0	21	32	1	0	1	1	0	1	0	0
1	44	32	1	-1	-1	2	-1	-2	1	1	-2	-3	3	4	-2	-9	3	13	3	0	2	11	5	-4	0	117	1	-1	0	1	0	0	1	0
1	44	33	1	-1	-1	2	1	-3	0	1	1	-4	-1	5	-2	-9	3	13	3	2	6	11	5	0	32	117	1	0	1	1	0	1	0	0
1	44	34	1	-1	-1	2	3	-2	-1	1	4	-3	-5	4	6	13	-7	-15	3	4	8	-9	5	12	60	77	1	1	1	1	0	0	0	0
1	44	35	1	-1	-1	2	2	-1	-1	1	3	-2	-4	3	5	6	-6	-7	3	3	6	-2	5	5	32	0	1	1	1	0	0	0	0	0
1	44	36	1	-1	-1	2	2	1	-1	0	3	1	-4	-1	4	1	-5	-1	3	2	2	3	5	0	0	5	1	0	0	1	0	1	1	0
1	44	37	1	-1	-1	2	2	-3	-1	2	3	-5	-4	7	0	-1	1	3	3	4	10	3	5	12	96	5	1	1	1	1	0	0	0	0
1	44	38	1	-1	-1	2	3	-1	-2	1	5	-2	-7	3	14	17	-19	-23	3	4	8	-9	5	12	60	77	1	1	1	1	0	0	0	0
1	44	39	1	-1	-1	2	1	0	-1	1	2	-1	-3	2	4	1	-5	-1	3	2	4	3	5	0	12	5	1	0	1	1	0	1	0	0
1	44	40	1	-1	-1	2	1	1	-1	0	2	1	-3	-1	3	-2	-4	3	3	1	1	6	5	-3	-3	32	1	-1	-1	1	0	0	0	0
1	44	41	1	-1	-1	2	1	2	-1	-1	2	3	-3	-4	-2	-9	3	13	3	0	-2	11	5	-4	0	117	1	-1	0	1	0	0	0	0
1	44	42	1	-1	-1	2	2	1	-1	0	3	1	-4	-1	4	1	-5	-1	3	2	2	3	5	0	0	5	1	0	0	1	0	1	1	0
1	44	43	1	-1	-1	2	0	1	-1	0	1	1	-2	-1	2	-3	-3	5	3	0	0	7	5	-4	-4	45	1	-1	-1	1	0	0	0	0
1	44	44	1	-1	-1	2	1	-1	-1	2	2	-3	-3	5	1	0	0	1	3	3	7	2	5	5	45	0	1	1	1	0	0	0	0	2
1	44	45	1	-1	-1	2	0	-1	1	2	-1	-3	2	5	-6	-5	11	9	3	2	4	3	5	0	12	5	1	0	1	1	0	1	0	0
1	44	46	1	-1	-1	2	1	-2	-1	3	2	-5	-3	8	-6	-5	11	9	3	4	10	3	5	12	96	5	1	1	1	1	0	0	0	0
1	44	47	1	-1	-1	2	2	-1	-3	2	5	-3	-8	5	20	11	-31	-17	3	4	10	3	5	12	96	5	1	1	1	1	0	0	0	0
1	44	48	1	-1	-1	2	1	0	-2	1	3	-1	-5	2	9	2	-14	-3	3	2	5	6	5	0	21	32	1	0	1	1	0	1	0	0
1	44	49	1	-1	-1	2	1	1	-2	-1	3	2	-5	-3	2	-3	-3	5	3	0	0	7	5	-4	-4	45	1	-1	-1	1	0	0	0	0
1	44	50	1	-1	-1	2	1	-1	-2	3	3	-4	-5	7	4	1	-5	-1	3	4	10	3	5	12	96	5	1	1	1	1	0	0	0	0
1	44	51	1	-1	-1	2	1	0	-3	1	4	-1	-7	2	16	3	-27	-5	3	2	6	11	5	0	32	117	1	0	1	1	0	1	0	0
1	45	0	0	-1	1	2	1	1	0	1	0	-1	1	3	1	-1	-1	2	2	2	3	3	0	0	5	5	0	0	1	1	1	1	0	0
1	45	1	0	-1	1	2	1	2	0	1	0	-1	1	4	1	-2	-2	5	2	2	4	6	0	0	12	32	0	0	1	1	1	1	0	0
1	45	2	0	-1	1	2	1	3	0	1	0	-1	1	5	1	-3	-3	10	2	2	5	11	0	0	21	117	0	0	1	1	1	1	0	0
1	45	3	0	-1	1	2	3	2	1	1	-1	-1	5	4	0	-1	1	3	2	4	3	3	0	12	5	5	0	1	1	1	1	0	0	0
1	45	4	0	-1	1	2	-1	2	-1	1	1	-1	-3	4	4	-7	-13	23	2	0	5	27	0	-4	21	725	0	-1	1	1	1	0	0	0
1	45	5	0	-1	1	2	2	1	1	1	-1	-1	4	3	0	-1	1	3	2	3	2	3	0	5	0	5	0	1	0	1	1	0	1	0
1	45	6	0	-1	1	2	2	3	1	2	-1	-2	4	7	1	-2	-2	5	2	4	6	6	0	12	32	32	0	1	1	1	1	0	0	0
1	45	7	0	-1	1	2	3	1	2	1	-2	-1	7	3	1	-3	-3	10	2	4	1	11	0	12	-3	117	0	1	-1	1	1	0	0	0
1	45	8	0	-1	1	2	2	-1	1	0	-1	0	4	-1	1	-4	-4	17	2	2	-2	18	0	0	0	320	0	0	0	1	1	1	0	0
1	45	9	0	-1	1	2	0	1	-1	1	1	-1	-2	3	4	-3	-9	7	2	1	4	11	0	-3	12	117	0	-1	1	1	1	0	0	0
1	45	10	0	-1	1	2	0	1	-1	0	1	0	-2	1	1	-2	-2	5	2	0	2	6	0	-4	0	32	0	-1	0	1	1	0	1	0
1	45	11	0	-1	1	2	0	1	-1	2	1	-2	-2	5	9	-4	-20	9	2	2	6	18	0	0	32	320	0	0	1	1	1	1	0	0
1	45	12	0	-1	1	2	-1	1	-2	1	2	-1	-5	3	9	-7	-23	18	2	0	5	27	0	-4	21	725	0	-1	1	1	1	0	0	0
1	45	13	0	-1	1	2	1	0	1	1	-1	-1	3	2	0	-1	1	3	2	2	1	3	0	0	-3	5	0	0	-1	1	1	1	0	0
1	45	14	0	-1	1	2	1	1	1	2	-1	-2	3	5	1	-1	-1	2	2	3	4	3	0	5	12	5	0	1	1	1	1	0	0	0
1	45	15	0	-1	1	2	1	2	1	3	-1	-3	3	8	4	-3	-9	7	2	4	7	11	0	12	45	117	0	1	1	1	1	0	0	0
1	45	16	0	-1	1	2	2	1	3	2	-3	-2	8	5	1	-2	-2	5	2	4	2	6	0	12	0	32	0	1	0	1	1	0	1	0
1	45	17	0	-1	1	2	0	1	-1	2	1	-2	-2	5	9	-4	-20	9	2	2	6	18	0	0	32	320	0	0	1	1	1	1	0	0
1	45	18	0	-1	1	2	1	0	2	1	-2	-1	5	2	1	-2	-2	5	2	2	0	6	0	0	-4	32	0	0	-1	1	1	1	0	0
1	45	19	0	-1	1	2	1	1	2	3	-2	-3	5	7	1	-1	-1	2	2	4	5	3	0	12	21	5	0	1	1	1	1	0	0	0
1	45	20	0	-1	1	2	1	0	3	1	-3	-1	7	2	4	-3	-9	7	2	2	-1	11	0	0	-3	117	0	0	-1	1	1	1	0	0
1	45	21	0	-1	1	2	1	-1	2	-1	-2	1	5	-3	9	-7	-23	18	2	0	-5	27	0	-4	21	725	0	-1	1	1	1	0	0	0
1	45	22	0	-1	1	2	1	-1	1	0	-1	0	3	-1	1	-3	-3	10	2	1	-2	11	0	-3	0	117	0	-1	0	1	1	0	0	0
1	45	23	0	-1	1	2	0	-1	1	0	-1	0	2	-1	1	-2	-2	5	2	0	-2	6	0	-4	0	32	0	-1	0	1	1	0	0	0
1	45	24	0	-1	1	2	1	-2	1	-1	-1	1	3	-4	4	-7	-13	23	2	0	-5	27	0	-4	21	725	0	-1	1	1	1	0	0	0
1	45	25	0	-1	1	2	2	-1	1	0	-1	0	4	-1	1	-4	-4	17	2	2	-2	18	0	0	0	320	0	0	0	1	1	1	0	0
1	45	26	0	-1	1	2	1	-1	0	1	0	-1	1	1	1	1	1	2	2	2	1	3	0	0	-3	5	0	0	-1	1	1	1	0	0
1	45	27	0	-1	1	2	0	-1	1	1	-1	-1	2	1	0	-1	1	3	2	1	0	3	0	-3	-4	5	0	-1	-1	1	1	0	0	0
1	45	28	0	-1	1	2	0	-1	1	2	-1	-2	2	3	1	0	0	1	2	2	2	2	0	0	0	0	0	0	0	0	1	1	1	2
1	45	29	0	-1	1	2	-1	-1	2	1	-2	-1	3	1	1	-1	-1	2	2	0	-1	3	0	-4	-3	5	0	-1	-1	1	1	0	0	0
1	45	30	0	-1	1	2	0	-1	1	0	-1	0	2	-1	1	-2	-2	5	2	0	-2	6	0	-4	0	32	0	-1	0	1	1	0	0	0
1	45	31	0	-1	1	2	1	-2	0	1	0	-1	1	0	1	2	2	5	2	2	0	6	0	0	-4	32	0	0	-1	1	1	1	0	0
1	45	32	0	-1	1	2	-1	-2	1	1	-1	-1	1	0	0	-1	1	3	2	0	-1	3	0	-4	-3	5	0	-1	-1	1	1	0	0	0
1	45	33	0	-1	1	2	1	-3	0	1	0	-1	1	-1	1	3	3	10	2	2	-1	11	0	0	-3	117	0	0	-1	1	1	1	0	0
1	45	34	0	-1	1	2	3	-2	-1	1	1	-1	1	0	4	9	3	7	2	4	1	11	0	12	-3	117	0	1	-1	1	1	0	0	0
1	45	35	0	-1	1	2	2	-1	-1	1	1	-1	0	1	4	5	-1	-1	2	3	2	3	0	5	0	5	0	1	0	1	1	0	1	0
1	45	36	0	-1	1	2	2	1	-1	0	1	0	0	1	1	0	0	1	2	2	2	2	0	0	0	0	0	0	0	0	1	1	2	2
1	45	37	0	-1	1	2	2	-3	-1	2	1	-2	0	1	9	14	-2	-3	2	4	2	6	0	12	0	32	0	1	0	1	1	0	1	0
1	45	38	0	-1	1	2	3	-1	-2	1	2	-1	-1	1	9	11	-5	-6	2	4	3	3	0	12	5	5	0	1	1	1	1	0	0	0
1	45	39	0	-1	1	2	1	0	-1	1	1	-1	-1	2	4	1	-5	-1	2	2	3	3	0	0	5	5	0	0	1	1	1	1	0	0
1	45	40	0	-1	1	2	1	1	-1	0	1	0	-1	1	1	-1	-1	2	2	1	2	3	0	-3	0	5	0	-1	0	1	1	0	1	0
1	45	41	0	-1	1	2	1	2	-1	-1	1	1	-1	0	0	-1	1	3	2	0	1	3	0	-4	-3	5	0	-1	-1	1	1	0	0	0
1	45	42	0	-1	1	2	2	1	-1	0	1	0	0	1	1	0	0	1	2	2	2	2	0	0	0	0	0	0	0	0	1	1	2	2
1	45	43	0	-1	1	2	0	1	-1	0	1	0	-2	1	1	-2	-2	5	2	0	2	6	0	-4	0	32	0	-1	0	1	1	0	1	0
1	45	44	0	-1	1	2	1	-1	-1	2	1	-2	-1	3	9	5	-11	-6	2	3	4	3	0	5	12	5	0	1	1	1	1	0	0	0
1	45	45	0	-1	1	2	0	-1	1	2	-1	-2	2	3	1	0	0	1	2	2	2	2	0	0	0	0	0	0	0	0	1	1	1	2
1	45	46	0	-1	1	2	1	-2	-1	3	1	-3	-1	4	16	11	-19	-13	2	4	5	3	0	12	21	5	0	1	1	1	1	0	0	0
1	45	47	0	-1	1	2	2	-1	-3	2	3	-2	-4	3	25	14	-34	-19	2	4	6	6	0	12	32	32	0	1	1	1	1	0	0	0
1	45	48	0	-1	1	2	1	0	-2	1	2	-1	-3	2	9	2	-14	-3	2	2	4	6	0	0	12	32	0	0	1	1	1	1	0	0
1	45	49	0	-1	1	2	1	1	-2	-1	2	1	-3	-1	1	-1	-1	2	2	0	1	3	0	-4	-3	5	0	-1	-1	1	1	0	0	0
1	45	50	0	-1	1	2	1	-1	-2	3	2	-3	-3	5	25	9	-39	-14	2	4	7	11	0	12	45	117	0	1	1	1	1	0	0	0
1	45	51	0	-1	1	2	1	0	-3	1	3	-1	-5	2	16	3	-27	-5	2	2	5	11	0	0	21	117	0	0	1	1	1	1	0	0
1	46	0	1	-2	-1	3	1	1	0	1	1	-1	-1	2	2	-1	-1	1	4	2	3	3	12	0	5	5	1	0	1	1	0	1	0	0
1	46	1	1	-2	-1	3	1	2	0	1	1	0	-1	1	3	-4	-2	3	4	2	2	6	12	0	0	32	1	0	0	1	0	1	1	0
1	46	2	1	-2	-1	3	1	3	0	1	1	1	-1	0	4	-9	-3	7	4	2	1	11	12	0	-3	117	1	0	-1	1	0	1	0	0
1	46	3	1	-2	-1	3	3	2	1	1	1	0	0	1	1	0	0	1	4	4	2	2	12	12	0	0	1	1	0	0	0	0	2	2
1	46	4	1	-2	-1	3	-1	2	-1	1	1	0	-2	1	5	-8	-8	13	4	0	2	18	12	-4	0	320	1	-1	0	1	0	0	1	0
1	46	5	1	-2	-1	3	2	1	1	1	0	-1	1	2	0	-1	1	3	4	3	2	3	12	5	0	5	1	1	0	1	0	0	1	0
1	46	6	1	-2	-1	3	2	3	1	2	0	-1	1	3	-1	1	7	-8	4	4	3	-9	12	12	5	77	1	1	1	1	0	0	0	0
1	46	7	1	-2	-1	3	3	1	2	1	-1	-1	3	2	2	-5	-5	13	4	4	1	15	12	12	-3	221	1	1	-1	1	0	0	0	0
1	46	8	1	-2	-1	3	2	-1	1	0	0	-1	1	1	1	-3	-3	10	4	2	1	11	12	0	-3	117	1	0	-1	1	0	1	0	0
1	46	9	1	-2	-1	3	0	1	-1	1	2	-1	-3	2	8	-5	-11	7	4	1	4	15	12	-3	12	221	1	-1	1	1	0	0	0	0
1	46	10	1	-2	-1	3	0	1	-1	0	2	1	-3	-1	5	-7	-7	10	4	0	1	15	12	-4	-3	221	1	-1	-1	1	0	0	0	0
1	46	11	1	-2	-1	3	0	1	-1	2	2	-3	-3	5	7	-3	-9	4	4	2	7	11	12	0	45	117	1	0	1	1	0	1	0	0
1	46	12	1	-2	-1	3	-1	1	-2	1	3	-1	-5	2	18	-13	-29	21	4	0	5	39	12	-4	21	1517	1	-1	1	1	0	0	0	0
1	46	13	1	-2	-1	3	1	0	1	1	-1	-2	2	3	-1	-4	2	7	4	2	2	6	12	0	0	32	1	0	0	1	0	1	1	0
1	46	14	1	-2	-1	3	1	1	1	2	-1	-3	2	5	-7	1	13	-2	4	3	4	-9	12	5	12	77	1	1	1	1	0	0	0	0
1	46	15	1	-2	-1	3	1	2	1	3	-1	-4	2	7	-15	8	28	-15	4	4	6	-30	12	12	32	896	1	1	1	1	0	0	0	0
1	46	16	1	-2	-1	3	2	1	3	2	-4	-3	7	5	3	-7	-5	12	4	4	1	15	12	12	-3	221	1	1	-1	1	0	0	0	0
1	46	17	1	-2	-1	3	0	1	-1	2	2	-3	-3	5	7	-3	-9	4	4	2	7	11	12	0	45	117	1	0	1	1	0	1	0	0
1	46	18	1	-2	-1	3	1	0	2	1	-3	-2	5	3	5	-8	-8	13	4	2	0	18	12	0	-4	320	1	0	-1	1	0	1	0	0
1	46	19	1	-2	-1	3	1	1	2	3	-3	-5	5	8	-20	3	33	-5	4	4	5	-25	12	12	21	621	1	1	1	1	0	0	0	0
1	46	20	1	-2	-1	3	1	0	3	1	-5	-2	8	3	19	-12	-30	19	4	2	-2	38	12	0	0	1440	1	0	0	1	0	1	0	0
1	46	21	1	-2	-1	3	1	-1	2	-1	-3	1	5	-2	18	-13	-29	21	4	0	-5	39	12	-4	21	1517	1	-1	1	1	0	0	0	0
1	46	22	1	-2	-1	3	1	-1	1	0	-1	-1	2	1	3	-7	-5	12	4	1	0	15	12	-3	-4	221	1	-1	-1	1	0	0	0	0
1	46	23	1	-2	-1	3	0	-1	1	0	-2	-1	3	1	5	-7	-7	10	4	0	-1	15	12	-4	-3	221	1	-1	-1	1	0	0	0	0
1	46	24	1	-2	-1	3	1	-2	1	-1	-1	0	2	-1	5	-8	-8	13	4	0	-2	18	12	-4	0	320	1	-1	0	1	0	0	0	0
1	46	25	1	-2	-1	3	2	-1	1	0	0	-1	1	1	1	-3	-3	10	4	2	1	11	12	0	-3	117	1	0	-1	1	0	1	0	0
1	46	26	1	-2	-1	3	1	-1	0	1	1	-3	-1	4	0	-1	1	3	4	2	5	3	12	0	21	5	1	0	1	1	0	1	0	0
1	46	27	1	-2	-1	3	0	-1	1	1	-2	-3	3	4	-2	-9	3	13	4	1	2	11	12	-3	0	117	1	-1	0	1	0	0	1	0
1	46	28	1	-2	-1	3	0	-1	1	2	-2	-5	3	7	-13	-11	19	16	4	2	5	3	12	0	21	5	1	0	1	1	0	1	0	0
1	46	29	1	-2	-1	3	-1	-1	2	1	-5	-3	7	4	8	-5	-11	7	4	0	-1	15	12	-4	-3	221	1	-1	-1	1	0	0	0	0
1	46	30	1	-2	-1	3	0	-1	1	0	-2	-1	3	1	5	-7	-7	10	4	0	-1	15	12	-4	-3	221	1	-1	-1	1	0	0	0	0
1	46	31	1	-2	-1	3	1	-2	0	1	1	-4	-1	5	-1	-4	2	7	4	2	6	6	12	0	32	32	1	0	1	1	0	1	0	0
1	46	32	1	-2	-1	3	-1	-2	1	1	-3	-4	4	5	-3	-16	4	21	4	0	2	18	12	-4	0	320	1	-1	0	1	0	0	1	0
1	46	33	1	-2	-1	3	1	-3	0	1	1	-5	-1	6	-2	-9	3	13	4	2	7	11	12	0	45	117	1	0	1	1	0	1	0	0
1	46	34	1	-2	-1	3	3	-2	-1	1	5	-4	-6	5	17	40	-20	-47	4	4	10	-30	12	12	96	896	1	1	1	1	0	0	0	0
1	46	35	1	-2	-1	3	2	-1	-1	1	4	-3	-5	4	14	19	-17	-23	4	3	8	-9	12	5	60	77	1	1	1	1	0	0	0	0
1	46	36	1	-2	-1	3	2	1	-1	0	4	1	-5	-1	9	5	-11	-6	4	2	3	3	12	0	5	5	1	0	1	1	0	1	0	0
1	46	37	1	-2	-1	3	2	-3	-1	2	4	-7	-5	9	11	17	-13	-20	4	4	13	-9	12	12	165	77	1	1	1	1	0	0	0	0
1	46	38	1	-2	-1	3	3	-1	-2	1	7	-3	-9	4	40	51	-51	-65	4	4	11	-25	12	12	117	621	1	1	1	1	0	0	0	0
1	46	39	1	-2	-1	3	1	0	-1	1	3	-2	-4	3	11	4	-14	-5	4	2	6	6	12	0	32	32	1	0	1	1	0	1	0	0
1	46	40	1	-2	-1	3	1	1	-1	0	3	1	-4	-1	7	-3	-9	4	4	1	2	11	12	-3	0	117	1	-1	0	1	0	0	1	0
1	46	41	1	-2	-1	3	1	2	-1	-1	3	4	-4	-5	-3	-16	4	21	4	0	-2	18	12	-4	0	320	1	-1	0	1	0	0	0	0
1	46	42	1	-2	-1	3	2	1	-1	0	4	1	-5	-1	9	5	-11	-6	4	2	3	3	12	0	5	5	1	0	1	1	0	1	0	0
1	46	43	1	-2	-1	3	0	1	-1	0	2	1	-3	-1	5	-7	-7	10	4	0	1	15	12	-4	-3	221	1	-1	-1	1	0	0	0	0
1	46	44	1	-2	-1	3	1	-1	-1	2	3	-5	-4	7	9	5	-11	-6	4	3	10	3	12	5	96	5	1	1	1	1	0	0	0	0
1	46	45	1	-2	-1	3	0	-1	1	2	-2	-5	3	7	-13	-11	19	16	4	2	5	3	12	0	21	5	1	0	1	1	0	1	0	0
1	46	46	1	-2	-1	3	1	-2	-1	3	3	-8	-4	11	1	0	0	1	4	4	14	2	12	12	192	0	1	1	1	0	0	0	0	2
1	46	47	1	-2	-1	3	2	-1	-3	2	8	-5	-11	7	71	41	-97	-56	4	4	15	15	12	12	221	221	1	1	1	1	0	0	0	0
1	46	48	1	-2	-1	3	1	0	-2	1	5	-2	-7	3	29	8	-40	-11	4	2	8	18	12	0	60	320	1	0	1	1	0	1	0	0
1	46	49	1	-2	-1	3	1	1	-2	-1	5	3	-7	-4	8	-5	-11	7	4	0	1	15	12	-4	-3	221	1	-1	-1	1	0	0	0	0
1	46	50	1	-2	-1	3	1	-1	-2	3	5	-7	-7	10	30	11	-41	-15	4	4	15	15	12	12	221	221	1	1	1	1	0	0	0	0
1	46	51	1	-2	-1	3	1	0	-3	1	7	-2	-10	3	55	12	-78	-17	4	2	10	38	12	0	96	1440	1	0	1	1	0	1	0	0
1	47	0	2	-1	-3	2	1	1	0	1	2	1	-3	-1	7	-3	-9	4	4	2	1	11	12	0	-3	117	1	0	-1	1	0	1	0	0
1	47	1	2	-1	-3	2	1	2	0	1	2	3	-3	-4	13	-18	-18	25	4	2	-2	38	12	0	0	1440	1	0	0	1	0	1	0	0
1	47	2	2	-1	-3	2	1	3	0	1	2	5	-3	-7	19	-45	-27	64	4	2	-5	83	12	0	21	6885	1	0	1	1	0	1	0	0
1	47	3	2	-1	-3	2	3	2	1	1	5	3	-7	-4	8	-5	-11	7	4	4	1	15	12	12	-3	221	1	1	-1	1	0	0	0	0
1	47	4	2	-1	-3	2	-1	2	-1	1	-1	3	1	-4	12	-19	-17	27	4	0	-5	39	12	-4	21	1517	1	-1	1	1	0	0	0	0
1	47	5	2	-1	-3	2	2	1	1	1	3	1	-4	-1	4	1	-5	-1	4	3	2	3	12	5	0	5	1	1	0	1	0	0	1	0
1	47	6	2	-1	-3	2	2	3	1	2	3	4	-4	-5	25	-32	-32	41	4	4	-2	66	12	12	0	4352	1	1	0	1	0	0	0	0
1	47	7	2	-1	-3	2	3	1	2	1	4	1	-5	-1	-1	7	1	-8	4	4	3	-9	12	12	5	77	1	1	1	1	0	0	0	0
1	47	8	2	-1	-3	2	2	-1	1	0	3	-2	-4	3	1	-2	-2	5	4	2	6	6	12	0	32	32	1	0	1	1	0	1	0	0
1	47	9	2	-1	-3	2	0	1	-1	1	1	1	-2	-1	8	-5	-11	7	4	1	0	15	12	-3	-4	221	1	-1	-1	1	0	0	0	0
1	47	10	2	-1	-3	2	0	1	-1	0	1	2	-2	-3	5	-8	-8	13	4	0	-2	18	12	-4	0	320	1	-1	0	1	0	0	0	0
1	47	11	2	-1	-3	2	0	1	-1	2	1	0	-2	1	5	-2	-2	1	4	2	2	6	12	0	0	32	1	0	0	1	0	1	1	0
1	47	12	2	-1	-3	2	-1	1	-2	1	0	1	-1	-1	7	-5	-11	8	4	0	-1	15	12	-4	-3	221	1	-1	-1	1	0	0	0	0
1	47	13	2	-1	-3	2	1	0	1	1	1	-1	-1	2	0	-1	1	3	4	2	3	3	12	0	5	5	1	0	1	1	0	1	0	0
1	47	14	2	-1	-3	2	1	1	1	2	1	0	-1	1	3	-1	1	0	4	3	2	3	12	5	0	5	1	1	0	1	0	0	1	0
1	47	15	2	-1	-3	2	1	2	1	3	1	1	-1	0	12	-7	-5	3	4	4	1	15	12	12	-3	221	1	1	-1	1	0	0	0	0
1	47	16	2	-1	-3	2	2	1	3	2	1	0	0	1	1	0	0	1	4	4	2	2	12	12	0	0	1	1	0	0	0	0	2	2
1	47	17	2	-1	-3	2	0	1	-1	2	1	0	-2	1	5	-2	-2	1	4	2	2	6	12	0	0	32	1	0	0	1	0	1	1	0
1	47	18	2	-1	-3	2	1	0	2	1	0	-1	1	2	1	-2	-2	5	4	2	2	6	12	0	0	32	1	0	0	1	0	1	1	0
1	47	19	2	-1	-3	2	1	1	2	3	0	-1	1	3	-5	1	19	-4	4	4	3	-9	12	12	5	77	1	1	1	1	0	0	0	0
1	47	20	2	-1	-3	2	1	0	3	1	-1	-1	3	2	4	-3	-9	7	4	2	1	11	12	0	-3	117	1	0	-1	1	0	1	0	0
1	47	21	2	-1	-3	2	1	-1	2	-1	0	-1	1	1	7	-5	-11	8	4	0	1	15	12	-4	-3	221	1	-1	-1	1	0	0	0	0
1	47	22	2	-1	-3	2	1	-1	1	0	1	-2	-1	3	3	-7	-5	12	4	1	4	15	12	-3	12	221	1	-1	1	1	0	0	0	0
1	47	23	2	-1	-3	2	0	-1	1	0	-1	-2	2	3	5	-8	-8	13	4	0	2	18	12	-4	0	320	1	-1	0	1	0	0	1	0
1	47	24	2	-1	-3	2	1	-2	1	-1	1	-3	-1	4	12	-19	-17	27	4	0	5	39	12	-4	21	1517	1	-1	1	1	0	0	0	0
1	47	25	2	-1	-3	2	2	-1	1	0	3	-2	-4	3	1	-2	-2	5	4	2	6	6	12	0	32	32	1	0	1	1	0	1	0	0
1	47	26	2	-1	-3	2	1	-1	0	1	2	-3	-3	5	-5	-9	9	16	4	2	7	11	12	0	45	117	1	0	1	1	0	1	0	0
1	47	27	2	-1	-3	2	0	-1	1	1	-1	-3	2	5	-4	-11	7	19	4	1	4	15	12	-3	12	221	1	-1	1	1	0	0	0	0
1	47	28	2	-1	-3	2	0	-1	1	2	-1	-4	2	7	-19	-14	34	25	4	2	6	6	12	0	32	32	1	0	1	1	0	1	0	0
1	47	29	2	-1	-3	2	-1	-1	2	1	-4	-3	7	5	3	-7	-5	12	4	0	1	15	12	-4	-3	221	1	-1	-1	1	0	0	0	0
1	47	30	2	-1	-3	2	0	-1	1	0	-1	-2	2	3	5	-8	-8	13	4	0	2	18	12	-4	0	320	1	-1	0	1	0	0	1	0
1	47	31	2	-1	-3	2	1	-2	0	1	2	-5	-3	8	-11	-30	18	49	4	2	10	38	12	0	96	1440	1	0	1	1	0	1	0	0
1	47	32	2	-1	-3	2	-1	-2	1	1	-3	-5	5	8	-8	-29	13	47	4	0	5	39	12	-4	21	1517	1	-1	1	1	0	0	0	0
1	47	33	2	-1	-3	2	1	-3	0	1	2	-7	-3	11	-17	-63	27	100	4	2	13	83	12	0	165	6885	1	0	1	1	0	1	0	0
1	47	34	2	-1	-3	2	3	-2	-1	1	7	-5	-11	8	-4	-11	7	19	4	4	15	15	12	12	221	221	1	1	1	1	0	0	0	0
1	47	35	2	-1	-3	2	2	-1	-1	1	5	-3	-8	5	0	-1	1	3	4	3	10	3	12	5	96	5	1	1	1	1	0	0	0	0
1	47	36	2	-1	-3	2	2	1	-1	0	5	2	-8	-3	9	2	-14	-3	4	2	2	6	12	0	0	32	1	0	0	1	0	1	1	0
1	47	37	2	-1	-3	2	2	-3	-1	2	5	-8	-8	13	-39	-64	64	105	4	4	18	66	12	12	320	4352	1	1	1	1	0	0	0	0
1	47	38	2	-1	-3	2	3	-1	-2	1	8	-3	-13	5	11	13	-17	-20	4	4	13	-9	12	12	165	77	1	1	1	1	0	0	0	0
1	47	39	2	-1	-3	2	1	0	-1	1	3	-1	-5	2	4	1	-5	-1	4	2	5	3	12	0	21	5	1	0	1	1	0	1	0	0
1	47	40	2	-1	-3	2	1	1	-1	0	3	2	-5	-3	7	-5	-11	8	4	1	0	15	12	-3	-4	221	1	-1	-1	1	0	0	0	0
1	47	41	2	-1	-3	2	1	2	-1	-1	3	5	-5	-8	-8	-29	13	47	4	0	-5	39	12	-4	21	1517	1	-1	1	1	0	0	0	0
1	47	42	2	-1	-3	2	2	1	-1	0	5	2	-8	-3	9	2	-14	-3	4	2	2	6	12	0	0	32	1	0	0	1	0	1	1	0
1	47	43	2	-1	-3	2	0	1	-1	0	1	2	-2	-3	5	-8	-8	13	4	0	-2	18	12	-4	0	320	1	-1	0	1	0	0	0	0
1	47	44	2	-1	-3	2	1	-1	-1	2	3	-4	-5	7	-17	-11	31	20	4	3	10	3	12	5	96	5	1	1	1	1	0	0	0	0
1	47	45	2	-1	-3	2	0	-1	1	2	-1	-4	2	7	-19	-14	34	25	4	2	6	6	12	0	32	32	1	0	1	1	0	1	0	0
1	47	46	2	-1	-3	2	1	-2	-1	3	3	-7	-5	12	-56	-41	97	71	4	4	15	15	12	12	221	221	1	1	1	1	0	0	0	0
1	47	47	2	-1	-3	2	2	-1	-3	2	7	-4	-12	7	1	0	0	1	4	4	14	2	12	12	192	0	1	1	1	0	0	0	0	2
1	47	48	2	-1	-3	2	1	0	-2	1	4	-1	-7	2	9	2	-14	-3	4	2	6	6	12	0	32	32	1	0	1	1	0	1	0	0
1	47	49	2	-1	-3	2	1	1	-2	-1	4	3	-7	-5	3	-7	-5	12	4	0	-1	15	12	-4	-3	221	1	-1	-1	1	0	0	0	0
1	47	50	2	-1	-3	2	1	-1	-2	3	4	-5	-7	9	-33	-13	61	24	4	4	13	-9	12	12	165	77	1	1	1	1	0	0	0	0
1	47	51	2	-1	-3	2	1	0	-3	1	5	-1	-9	2	16	3	-27	-5	4	2	7	11	12	0	45	117	1	0	1	1	0	1	0	0
1	48	0	1	0	-2	1	1	1	0	1	1	1	-2	-1	3	-2	-4	3	2	2	0	6	0	0	-4	32	0	0	-1	1	1	1	0	0
1	48	1	1	0	-2	1	1	2	0	1	1	2	-2	-3	5	-8	-8	13	2	2	-2	18	0	0	0	320	0	0	0	1	1	1	0	0
1	48	2	1	0	-2	1	1	3	0	1	1	3	-2	-5	7	-18	-12	31	2	2	-4	38	0	0	12	1440	0	0	1	1	1	1	0	0
1	48	3	1	0	-2	1	3	2	1	1	3	2	-5	-3	5	-8	-8	13	2	4	0	18	0	12	-4	320	0	1	-1	1	1	0	0	0
1	48	4	1	0	-2	1	-1	2	-1	1	-1	2	1	-3	5	-8	-8	13	2	0	-4	18	0	-4	12	320	0	-1	1	1	1	0	0	0
1	48	5	1	0	-2	1	2	1	1	1	2	1	-3	-1	3	-2	-4	3	2	3	1	6	0	5	-3	32	0	1	-1	1	1	0	0	0
1	48	6	1	0	-2	1	2	3	1	2	2	3	-3	-4	13	-18	-18	25	2	4	-2	38	0	12	0	1440	0	1	0	1	1	0	0	0
1	48	7	1	0	-2	1	3	1	2	1	3	1	-4	-1	3	-2	-4	3	2	4	2	6	0	12	0	32	0	1	0	1	1	0	1	0
1	48	8	1	0	-2	1	2	-1	1	0	2	-1	-3	2	1	-2	-2	5	2	2	4	6	0	0	12	32	0	0	1	1	1	1	0	0
1	48	9	1	0	-2	1	0	1	-1	1	0	1	-1	-1	3	-2	-4	3	2	1	-1	6	0	-3	-3	32	0	-1	-1	1	1	0	0	0
1	48	10	1	0	-2	1	0	1	-1	0	0	1	-1	-2	1	-2	-2	5	2	0	-2	6	0	-4	0	32	0	-1	0	1	1	0	0	0
1	48	11	1	0	-2	1	0	1	-1	2	0	1	-1	0	5	-2	-2	1	2	2	0	6	0	0	-4	32	0	0	-1	1	1	1	0	0
1	48	12	1	0	-2	1	-1	1	-2	1	-1	1	0	-1	3	-2	-4	3	2	0	-2	6	0	-4	0	32	0	-1	0	1	1	0	0	0
1	48	13	1	0	-2	1	1	0	1	1	1	0	-1	1	1	0	0	1	2	2	2	2	0	0	0	0	0	0	0	0	1	1	1	2
1	48	14	1	0	-2	1	1	1	1	2	1	1	-1	0	5	-2	-2	1	2	3	1	6	0	5	-3	32	0	1	-1	1	1	0	0	0
1	48	15	1	0	-2	1	1	2	1	3	1	2	-1	-1	13	-8	-8	5	2	4	0	18	0	12	-4	320	0	1	-1	1	1	0	0	0
1	48	16	1	0	-2	1	2	1	3	2	2	1	-1	0	5	-2	-2	1	2	4	2	6	0	12	0	32	0	1	0	1	1	0	1	0
1	48	17	1	0	-2	1	0	1	-1	2	0	1	-1	0	5	-2	-2	1	2	2	0	6	0	0	-4	32	0	0	-1	1	1	1	0	0
1	48	18	1	0	-2	1	1	0	2	1	1	0	0	1	1	0	0	1	2	2	2	2	0	0	0	0	0	0	0	0	1	1	2	2
1	48	19	1	0	-2	1	1	1	2	3	1	1	0	1	7	-2	4	-1	2	4	2	6	0	12	0	32	0	1	0	1	1	0	1	0
1	48	20	1	0	-2	1	1	0	3	1	1	0	1	1	1	0	0	1	2	2	2	2	0	0	0	0	0	0	0	0	1	1	1	2
1	48	21	1	0	-2	1	1	-1	2	-1	1	-1	0	1	3	-2	-4	3	2	0	2	6	0	-4	0	32	0	-1	0	1	1	0	1	0
1	48	22	1	0	-2	1	1	-1	1	0	1	-1	-1	2	1	-2	-2	5	2	1	3	6	0	-3	5	32	0	-1	1	1	1	0	0	0
1	48	23	1	0	-2	1	0	-1	1	0	0	-1	1	2	1	-2	-2	5	2	0	2	6	0	-4	0	32	0	-1	0	1	1	0	1	0
1	48	24	1	0	-2	1	1	-2	1	-1	1	-2	-1	3	5	-8	-8	13	2	0	4	18	0	-4	12	320	0	-1	1	1	1	0	0	0
1	48	25	1	0	-2	1	2	-1	1	0	2	-1	-3	2	1	-2	-2	5	2	2	4	6	0	0	12	32	0	0	1	1	1	1	0	0
1	48	26	1	0	-2	1	1	-1	0	1	1	-1	-2	3	-1	-2	4	7	2	2	4	6	0	0	12	32	0	0	1	1	1	1	0	0
1	48	27	1	0	-2	1	0	-1	1	1	0	-1	1	3	-1	-2	4	7	2	1	3	6	0	-3	5	32	0	-1	1	1	1	0	0	0
1	48	28	1	0	-2	1	0	-1	1	2	0	-1	1	4	-3	-2	14	9	2	2	4	6	0	0	12	32	0	0	1	1	1	1	0	0
1	48	29	1	0	-2	1	-1	-1	2	1	-1	-1	4	3	-1	-2	4	7	2	0	2	6	0	-4	0	32	0	-1	0	1	1	0	1	0
1	48	30	1	0	-2	1	0	-1	1	0	0	-1	1	2	1	-2	-2	5	2	0	2	6	0	-4	0	32	0	-1	0	1	1	0	1	0
1	48	31	1	0	-2	1	1	-2	0	1	1	-2	-2	5	-3	-8	8	21	2	2	6	18	0	0	32	320	0	0	1	1	1	1	0	0
1	48	32	1	0	-2	1	-1	-2	1	1	-1	-2	3	5	-3	-8	8	21	2	0	4	18	0	-4	12	320	0	-1	1	1	1	0	0	0
1	48	33	1	0	-2	1	1	-3	0	1	1	-3	-2	7	-5	-18	12	43	2	2	8	38	0	0	60	1440	0	0	1	1	1	1	0	0
1	48	34	1	0	-2	1	3	-2	-1	1	3	-2	-7	5	-3	-8	8	21	2	4	8	18	0	12	60	320	0	1	1	1	1	0	0	0
1	48	35	1	0	-2	1	2	-1	-1	1	2	-1	-5	3	-1	-2	4	7	2	3	5	6	0	5	21	32	0	1	1	1	1	0	0	0
1	48	36	1	0	-2	1	2	1	-1	0	2	1	-5	-2	1	-2	-2	5	2	2	0	6	0	0	-4	32	0	0	-1	1	1	1	0	0
1	48	37	1	0	-2	1	2	-3	-1	2	2	-3	-5	8	-11	-18	30	49	2	4	10	38	0	12	96	1440	0	1	1	1	1	0	0	0
1	48	38	1	0	-2	1	3	-1	-2	1	3	-1	-8	3	-1	-2	4	7	2	4	6	6	0	12	32	32	0	1	1	1	1	0	0	0
1	48	39	1	0	-2	1	1	0	-1	1	1	0	-3	1	1	0	0	1	2	2	2	2	0	0	0	0	0	0	0	0	1	1	1	2
1	48	40	1	0	-2	1	1	1	-1	0	1	1	-3	-2	1	-2	-2	5	2	1	-1	6	0	-3	-3	32	0	-1	-1	1	1	0	0	0
1	48	41	1	0	-2	1	1	2	-1	-1	1	2	-3	-5	-3	-8	8	21	2	0	-4	18	0	-4	12	320	0	-1	1	1	1	0	0	0
1	48	42	1	0	-2	1	2	1	-1	0	2	1	-5	-2	1	-2	-2	5	2	2	0	6	0	0	-4	32	0	0	-1	1	1	1	0	0
1	48	43	1	0	-2	1	0	1	-1	0	0	1	-1	-2	1	-2	-2	5	2	0	-2	6	0	-4	0	32	0	-1	0	1	1	0	0	0
1	48	44	1	0	-2	1	1	-1	-1	2	1	-1	-3	4	-3	-2	14	9	2	3	5	6	0	5	21	32	0	1	1	1	1	0	0	0
1	48	45	1	0	-2	1	0	-1	1	2	0	-1	1	4	-3	-2	14	9	2	2	4	6	0	0	12	32	0	0	1	1	1	1	0	0
1	48	46	1	0	-2	1	1	-2	-1	3	1	-2	-3	7	-11	-8	40	29	2	4	8	18	0	12	60	320	0	1	1	1	1	0	0	0
1	48	47	1	0	-2	1	2	-1	-3	2	2	-1	-7	4	-3	-2	14	9	2	4	6	6	0	12	32	32	0	1	1	1	1	0	0	0
1	48	48	1	0	-2	1	1	0	-2	1	1	0	-4	1	1	0	0	1	2	2	2	2	0	0	0	0	0	0	0	0	1	1	1	2
1	48	49	1	0	-2	1	1	1	-2	-1	1	1	-4	-3	-1	-2	4	7	2	0	-2	6	0	-4	0	32	0	-1	0	1	1	0	0	0
1	48	50	1	0	-2	1	1	-1	-2	3	1	-1	-4	5	-5	-2	28	11	2	4	6	6	0	12	32	32	0	1	1	1	1	0	0	0
1	48	51	1	0	-2	1	1	0	-3	1	1	0	-5	1	1	0	0	1	2	2	2	2	0	0	0	0	0	0	0	0	1	1	1	2
1	49	0	1	1	-2	-1	1	1	0	1	1	2	-2	-3	3	-2	-4	3	0	2	-2	6	-4	0	0	32	-1	0	0	1	0	1	0	0
1	49	1	1	1	-2	-1	1	2	0	1	1	3	-2	-5	5	-8	-8	13	0	2	-4	18	-4	0	12	320	-1	0	1	1	0	1	0	0
1	49	2	1	1	-2	-1	1	3	0	1	1	4	-2	-7	7	-18	-12	31	0	2	-6	38	-4	0	32	1440	-1	0	1	1	0	1	0	0
1	49	3	1	1	-2	-1	3	2	1	1	4	3	-7	-5	3	-7	-5	12	0	4	-1	15	-4	12	-3	221	-1	1	-1	1	0	0	0	0
1	49	4	1	1	-2	-1	-1	2	-1	1	-2	3	3	-5	13	-21	-21	34	0	0	-7	47	-4	-4	45	2205	-1	-1	1	1	0	0	0	0
1	49	5	1	1	-2	-1	2	1	1	1	3	2	-5	-3	2	-3	-3	5	0	3	0	7	-4	5	-4	45	-1	1	-1	1	0	0	0	0
1	49	6	1	1	-2	-1	2	3	1	2	3	5	-5	-8	12	-17	-19	27	0	4	-5	39	-4	12	21	1517	-1	1	1	1	0	0	0	0
1	49	7	1	1	-2	-1	3	1	2	1	5	2	-8	-3	5	-8	-8	13	0	4	2	18	-4	12	0	320	-1	1	0	1	0	0	1	0
1	49	8	1	1	-2	-1	2	-1	1	0	3	-1	-5	2	4	-13	-7	23	0	2	5	27	-4	0	21	725	-1	0	1	1	0	1	0	0
1	49	9	1	1	-2	-1	0	1	-1	1	-1	2	1	-3	8	-5	-11	7	0	1	-4	15	-4	-3	12	221	-1	-1	1	1	0	0	0	0
1	49	10	1	1	-2	-1	0	1	-1	0	-1	1	1	-2	2	-3	-3	5	0	0	-3	7	-4	-4	5	45	-1	-1	1	1	0	0	0	0
1	49	11	1	1	-2	-1	0	1	-1	2	-1	3	1	-4	18	-7	-23	9	0	2	-5	27	-4	0	21	725	-1	0	1	1	0	1	0	0
1	49	12	1	1	-2	-1	-1	1	-2	1	-3	2	4	-3	17	-12	-24	17	0	0	-6	34	-4	-4	32	1152	-1	-1	1	1	0	0	0	0
1	49	13	1	1	-2	-1	1	0	1	1	2	1	-3	-1	1	-1	-1	2	0	2	1	3	-4	0	-3	5	-1	0	-1	1	0	1	0	0
1	49	14	1	1	-2	-1	1	1	1	2	2	3	-3	-4	7	-3	-9	4	0	3	-2	11	-4	5	0	117	-1	1	0	1	0	0	0	0
1	49	15	1	1	-2	-1	1	2	1	3	2	5	-3	-7	21	-13	-29	18	0	4	-5	39	-4	12	21	1517	-1	1	1	1	0	0	0	0
1	49	16	1	1	-2	-1	2	1	3	2	5	3	-7	-4	8	-5	-11	7	0	4	1	15	-4	12	-3	221	-1	1	-1	1	0	0	0	0
1	49	17	1	1	-2	-1	0	1	-1	2	-1	3	1	-4	18	-7	-23	9	0	2	-5	27	-4	0	21	725	-1	0	1	1	0	1	0	0
1	49	18	1	1	-2	-1	1	0	2	1	3	1	-4	-1	3	-2	-4	3	0	2	2	6	-4	0	0	32	-1	0	0	1	0	1	1	0
1	49	19	1	1	-2	-1	1	1	2	3	3	4	-4	-5	13	-4	-16	5	0	4	-2	18	-4	12	0	320	-1	1	0	1	0	0	0	0
1	49	20	1	1	-2	-1	1	0	3	1	4	1	-5	-1	7	-3	-9	4	0	2	3	11	-4	0	5	117	-1	0	1	1	0	1	0	0
1	49	21	1	1	-2	-1	1	-1	2	-1	3	-2	-4	3	17	-12	-24	17	0	0	6	34	-4	-4	32	1152	-1	-1	1	1	0	0	0	0
1	49	22	1	1	-2	-1	1	-1	1	0	2	-1	-3	2	3	-7	-5	12	0	1	4	15	-4	-3	12	221	-1	-1	1	1	0	0	0	0
1	49	23	1	1	-2	-1	0	-1	1	0	1	-1	-1	2	2	-3	-3	5	0	0	3	7	-4	-4	5	45	-1	-1	1	1	0	0	0	0
1	49	24	1	1	-2	-1	1	-2	1	-1	2	-3	-3	5	13	-21	-21	34	0	0	7	47	-4	-4	45	2205	-1	-1	1	1	0	0	0	0
1	49	25	1	1	-2	-1	2	-1	1	0	3	-1	-5	2	4	-13	-7	23	0	2	5	27	-4	0	21	725	-1	0	1	1	0	1	0	0
1	49	26	1	1	-2	-1	1	-1	0	1	1	0	-2	1	-1	-2	4	7	0	2	2	6	-4	0	0	32	-1	0	0	1	0	1	1	0
1	49	27	1	1	-2	-1	0	-1	1	1	1	0	-1	1	0	-1	1	3	0	1	2	3	-4	-3	0	5	-1	-1	0	1	0	0	1	0
1	49	28	1	1	-2	-1	0	-1	1	2	1	1	-1	0	2	1	1	1	0	2	1	3	-4	0	-3	5	-1	0	-1	1	0	1	0	0
1	49	29	1	1	-2	-1	-1	-1	2	1	1	0	0	1	1	0	0	1	0	0	2	2	-4	-4	0	0	-1	-1	0	0	0	0	2	2
1	49	30	1	1	-2	-1	0	-1	1	0	1	-1	-1	2	2	-3	-3	5	0	0	3	7	-4	-4	5	45	-1	-1	1	1	0	0	0	0
1	49	31	1	1	-2	-1	1	-2	0	1	1	-1	-2	3	-3	-8	8	21	0	2	4	18	-4	0	12	320	-1	0	1	1	0	1	0	0
1	49	32	1	1	-2	-1	-1	-2	1	1	0	-1	1	3	-1	-3	3	8	0	0	3	7	-4	-4	5	45	-1	-1	1	1	0	0	0	0
1	49	33	1	1	-2	-1	1	-3	0	1	1	-2	-2	5	-5	-18	12	43	0	2	6	38	-4	0	32	1440	-1	0	1	1	0	1	0	0
1	49	34	1	1	-2	-1	3	-2	-1	1	2	-1	-5	3	-7	-17	19	46	0	4	5	39	-4	12	21	1517	-1	1	1	1	0	0	0	0
1	49	35	1	1	-2	-1	2	-1	-1	1	1	0	-3	1	-2	-3	9	13	0	3	2	11	-4	5	0	117	-1	1	0	1	0	0	1	0
1	49	36	1	1	-2	-1	2	1	-1	0	1	1	-3	-2	0	-1	1	3	0	2	-1	3	-4	0	-3	5	-1	0	-1	1	0	1	0	0
1	49	37	1	1	-2	-1	2	-3	-1	2	1	-1	-3	4	-8	-13	29	47	0	4	5	39	-4	12	21	1517	-1	1	1	1	0	0	0	0
1	49	38	1	1	-2	-1	3	-1	-2	1	1	0	-4	1	-3	-4	16	21	0	4	2	18	-4	12	0	320	-1	1	0	1	0	0	1	0
1	49	39	1	1	-2	-1	1	0	-1	1	0	1	-1	-1	3	1	-1	0	0	2	-1	3	-4	0	-3	5	-1	0	-1	1	0	1	0	0
1	49	40	1	1	-2	-1	1	1	-1	0	0	1	-1	-2	1	-1	-1	2	0	1	-2	3	-4	-3	0	5	-1	-1	0	1	0	0	0	0
1	49	41	1	1	-2	-1	1	2	-1	-1	0	1	-1	-3	-1	-3	3	8	0	0	-3	7	-4	-4	5	45	-1	-1	1	1	0	0	0	0
1	49	42	1	1	-2	-1	2	1	-1	0	1	1	-3	-2	0	-1	1	3	0	2	-1	3	-4	0	-3	5	-1	0	-1	1	0	1	0	0
1	49	43	1	1	-2	-1	0	1	-1	0	-1	1	1	-2	2	-3	-3	5	0	0	-3	7	-4	-4	5	45	-1	-1	1	1	0	0	0	0
1	49	44	1	1	-2	-1	1	-1	-1	2	0	1	-1	0	5	3	3	2	0	3	0	7	-4	5	-4	45	-1	1	-1	1	0	0	0	0
1	49	45	1	1	-2	-1	0	-1	1	2	1	1	-1	0	2	1	1	1	0	2	1	3	-4	0	-3	5	-1	0	-1	1	0	1	0	0
1	49	46	1	1	-2	-1	1	-2	-1	3	0	1	-1	1	7	5	11	8	0	4	1	15	-4	12	-3	221	-1	1	-1	1	0	0	0	0
1	49	47	1	1	-2	-1	2	-1	-3	2	-1	1	-1	0	12	7	5	3	0	4	-1	15	-4	12	-3	221	-1	1	-1	1	0	0	0	0
1	49	48	1	1	-2	-1	1	0	-2	1	-1	1	0	-1	7	2	-4	-1	0	2	-2	6	-4	0	0	32	-1	0	0	1	0	1	0	0
1	49	49	1	1	-2	-1	1	1	-2	-1	-1	0	0	-1	1	0	0	1	0	0	-2	2	-4	-4	0	0	-1	-1	0	0	0	0	0	2
1	49	50	1	1	-2	-1	1	-1	-2	3	-1	2	0	-1	21	8	-8	-3	0	4	-2	18	-4	12	0	320	-1	1	0	1	0	0	0	0
1	49	51	1	1	-2	-1	1	0	-3	1	-2	1	1	-1	13	3	-9	-2	0	2	-3	11	-4	0	5	117	-1	0	1	1	0	1	0	0
1	50	0	1	-1	-2	3	1	1	0	1	1	0	-2	1	3	-2	-4	3	4	2	2	6	12	0	0	32	1	0	0	1	0	1	1	0
1	50	1	1	-1	-2	3	1	2	0	1	1	1	-2	-1	5	-8	-8	13	4	2	0	18	12	0	-4	320	1	0	-1	1	0	1	0	0
1	50	2	1	-1	-2	3	1	3	0	1	1	2	-2	-3	7	-18	-12	31	4	2	-2	38	12	0	0	1440	1	0	0	1	0	1	0	0
1	50	3	1	-1	-2	3	3	2	1	1	2	1	-3	-1	5	-7	-7	10	4	4	1	15	12	12	-3	221	1	1	-1	1	0	0	0	0
1	50	4	1	-1	-2	3	-1	2	-1	1	0	1	-1	-1	3	-5	-7	12	4	0	-1	15	12	-4	-3	221	1	-1	-1	1	0	0	0	0
1	50	5	1	-1	-2	3	2	1	1	1	1	0	-1	1	2	-1	-1	1	4	3	2	3	12	5	0	5	1	1	0	1	0	0	1	0
1	50	6	1	-1	-2	3	2	3	1	2	1	1	-1	0	8	-11	-5	7	4	4	1	15	12	12	-3	221	1	1	-1	1	0	0	0	0
1	50	7	1	-1	-2	3	3	1	2	1	1	0	0	1	1	0	0	1	4	4	2	2	12	12	0	0	1	1	0	0	0	0	2	2
1	50	8	1	-1	-2	3	2	-1	1	0	1	-1	-1	2	0	1	-1	3	4	2	3	3	12	0	5	5	1	0	1	1	0	1	0	0
1	50	9	1	-1	-2	3	0	1	-1	1	1	0	-3	1	4	-3	-9	7	4	1	2	11	12	-3	0	117	1	-1	0	1	0	0	1	0
1	50	10	1	-1	-2	3	0	1	-1	0	1	1	-3	-2	2	-5	-5	13	4	0	-1	15	12	-4	-3	221	1	-1	-1	1	0	0	0	0
1	50	11	1	-1	-2	3	0	1	-1	2	1	-1	-3	4	2	-1	-1	1	4	2	5	3	12	0	21	5	1	0	1	1	0	1	0	0
1	50	12	1	-1	-2	3	-1	1	-2	1	1	0	-4	1	5	-4	-16	13	4	0	2	18	12	-4	0	320	1	-1	0	1	0	0	1	0
1	50	13	1	-1	-2	3	1	0	1	1	0	-1	1	3	-1	-1	5	4	4	2	3	3	12	0	5	5	1	0	1	1	0	1	0	0
1	50	14	1	-1	-2	3	1	1	1	2	0	-1	1	4	-3	1	17	-6	4	3	4	-9	12	5	12	77	1	1	1	1	0	0	0	0
1	50	15	1	-1	-2	3	1	2	1	3	0	-1	1	5	-5	3	33	-20	4	4	5	-25	12	12	21	621	1	1	1	1	0	0	0	0
1	50	16	1	-1	-2	3	2	1	3	2	-1	-1	5	4	-4	1	19	-5	4	4	3	-9	12	12	5	77	1	1	1	1	0	0	0	0
1	50	17	1	-1	-2	3	0	1	-1	2	1	-1	-3	4	2	-1	-1	1	4	2	5	3	12	0	21	5	1	0	1	1	0	1	0	0
1	50	18	1	-1	-2	3	1	0	2	1	-1	-1	4	3	-1	-2	4	7	4	2	2	6	12	0	0	32	1	0	0	1	0	1	1	0
1	50	19	1	-1	-2	3	1	1	2	3	-1	-2	4	7	-15	4	56	-15	4	4	6	-30	12	12	32	896	1	1	1	1	0	0	0	0
1	50	20	1	-1	-2	3	1	0	3	1	-2	-1	7	3	1	-3	-3	10	4	2	1	11	12	0	-3	117	1	0	-1	1	0	1	0	0
1	50	21	1	-1	-2	3	1	-1	2	-1	-1	0	4	-1	5	-4	-16	13	4	0	-2	18	12	-4	0	320	1	-1	0	1	0	0	0	0
1	50	22	1	-1	-2	3	1	-1	1	0	0	-1	1	2	1	-3	-3	10	4	1	2	11	12	-3	0	117	1	-1	0	1	0	0	1	0
1	50	23	1	-1	-2	3	0	-1	1	0	-1	-1	3	2	2	-5	-5	13	4	0	1	15	12	-4	-3	221	1	-1	-1	1	0	0	0	0
1	50	24	1	-1	-2	3	1	-2	1	-1	0	-1	1	1	3	-5	-7	12	4	0	1	15	12	-4	-3	221	1	-1	-1	1	0	0	0	0
1	50	25	1	-1	-2	3	2	-1	1	0	1	-1	-1	2	0	1	-1	3	4	2	3	3	12	0	5	5	1	0	1	1	0	1	0	0
1	50	26	1	-1	-2	3	1	-1	0	1	1	-2	-2	5	-1	-2	4	7	4	2	6	6	12	0	32	32	1	0	1	1	0	1	0	0
1	50	27	1	-1	-2	3	0	-1	1	1	-1	-2	3	5	-4	-7	11	19	4	1	4	15	12	-3	12	221	1	-1	1	1	0	0	0	0
1	50	28	1	-1	-2	3	0	-1	1	2	-1	-3	3	8	-14	-9	39	25	4	2	7	11	12	0	45	117	1	0	1	1	0	1	0	0
1	50	29	1	-1	-2	3	-1	-1	2	1	-3	-2	8	5	-3	-8	8	21	4	0	2	18	12	-4	0	320	1	-1	0	1	0	0	1	0
1	50	30	1	-1	-2	3	0	-1	1	0	-1	-1	3	2	2	-5	-5	13	4	0	1	15	12	-4	-3	221	1	-1	-1	1	0	0	0	0
1	50	31	1	-1	-2	3	1	-2	0	1	1	-3	-2	7	-3	-8	8	21	4	2	8	18	12	0	60	320	1	0	1	1	0	1	0	0
1	50	32	1	-1	-2	3	-1	-2	1	1	-2	-3	5	7	-7	-19	17	46	4	0	5	39	12	-4	21	1517	1	-1	1	1	0	0	0	0
1	50	33	1	-1	-2	3	1	-3	0	1	1	-4	-2	9	-5	-18	12	43	4	2	10	38	12	0	96	1440	1	0	1	1	0	1	0	0
1	50	34	1	-1	-2	3	3	-2	-1	1	4	-3	-9	7	7	15	-15	-32	4	4	11	-25	12	12	117	621	1	1	1	1	0	0	0	0
1	50	35	1	-1	-2	3	2	-1	-1	1	3	-2	-7	5	6	7	-13	-15	4	3	8	-9	12	5	60	77	1	1	1	1	0	0	0	0
1	50	36	1	-1	-2	3	2	1	-1	0	3	1	-7	-2	4	-3	-9	7	4	2	1	11	12	0	-3	117	1	0	-1	1	0	1	0	0
1	50	37	1	-1	-2	3	2	-3	-1	2	3	-5	-7	12	-4	-7	11	19	4	4	15	15	12	12	221	221	1	1	1	1	0	0	0	0
1	50	38	1	-1	-2	3	3	-1	-2	1	5	-2	-12	5	17	20	-40	-47	4	4	10	-30	12	12	96	896	1	1	1	1	0	0	0	0
1	50	39	1	-1	-2	3	1	0	-1	1	2	-1	-5	3	5	1	-11	-2	4	2	5	3	12	0	21	5	1	0	1	1	0	1	0	0
1	50	40	1	-1	-2	3	1	1	-1	0	2	1	-5	-2	3	-5	-7	12	4	1	0	15	12	-3	-4	221	1	-1	-1	1	0	0	0	0
1	50	41	1	-1	-2	3	1	2	-1	-1	2	3	-5	-7	-7	-19	17	46	4	0	-5	39	12	-4	21	1517	1	-1	1	1	0	0	0	0
1	50	42	1	-1	-2	3	2	1	-1	0	3	1	-7	-2	4	-3	-9	7	4	2	1	11	12	0	-3	117	1	0	-1	1	0	1	0	0
1	50	43	1	-1	-2	3	0	1	-1	0	1	1	-3	-2	2	-5	-5	13	4	0	-1	15	12	-4	-3	221	1	-1	-1	1	0	0	0	0
1	50	44	1	-1	-2	3	1	-1	-1	2	2	-3	-5	8	-1	-1	5	4	4	3	10	3	12	5	96	5	1	1	1	1	0	0	0	0
1	50	45	1	-1	-2	3	0	-1	1	2	-1	-3	3	8	-14	-9	39	25	4	2	7	11	12	0	45	117	1	0	1	1	0	1	0	0
1	50	46	1	-1	-2	3	1	-2	-1	3	2	-5	-5	13	-15	-11	41	30	4	4	15	15	12	12	221	221	1	1	1	1	0	0	0	0
1	50	47	1	-1	-2	3	2	-1	-3	2	5	-3	-13	8	24	13	-61	-33	4	4	13	-9	12	12	165	77	1	1	1	1	0	0	0	0
1	50	48	1	-1	-2	3	1	0	-2	1	3	-1	-8	3	11	2	-28	-5	4	2	6	6	12	0	32	32	1	0	1	1	0	1	0	0
1	50	49	1	-1	-2	3	1	1	-2	-1	3	2	-8	-5	-3	-8	8	21	4	0	-2	18	12	-4	0	320	1	-1	0	1	0	0	0	0
1	50	50	1	-1	-2	3	1	-1	-2	3	3	-4	-8	11	1	0	0	1	4	4	14	2	12	12	192	0	1	1	1	0	0	0	0	2
1	50	51	1	-1	-2	3	1	0	-3	1	4	-1	-11	3	19	3	-51	-8	4	2	7	11	12	0	45	117	1	0	1	1	0	1	0	0
1	51	0	1	0	-3	1	1	1	0	1	1	1	-3	-2	4	-3	-9	7	2	2	-1	11	0	0	-3	117	0	0	-1	1	1	1	0	0
1	51	1	1	0	-3	1	1	2	0	1	1	2	-3	-5	7	-12	-18	31	2	2	-4	38	0	0	12	1440	0	0	1	1	1	1	0	0
1	51	2	1	0	-3	1	1	3	0	1	1	3	-3	-8	10	-27	-27	73	2	2	-7	83	0	0	45	6885	0	0	1	1	1	1	0	0
1	51	3	1	0	-3	1	3	2	1	1	3	2	-8	-5	7	-12	-18	31	2	4	-2	38	0	12	0	1440	0	1	0	1	1	0	0	0
1	51	4	1	0	-3	1	-1	2	-1	1	-1	2	2	-5	7	-12	-18	31	2	0	-6	38	0	-4	32	1440	0	-1	1	1	1	0	0	0
1	51	5	1	0	-3	1	2	1	1	1	2	1	-5	-2	4	-3	-9	7	2	3	0	11	0	5	-4	117	0	1	-1	1	1	0	0	0
1	51	6	1	0	-3	1	2	3	1	2	2	3	-5	-7	19	-27	-45	64	2	4	-5	83	0	12	21	6885	0	1	1	1	1	0	0	0
1	51	7	1	0	-3	1	3	1	2	1	3	1	-7	-2	4	-3	-9	7	2	4	1	11	0	12	-3	117	0	1	-1	1	1	0	0	0
1	51	8	1	0	-3	1	2	-1	1	0	2	-1	-5	3	1	-3	-3	10	2	2	5	11	0	0	21	117	0	0	1	1	1	1	0	0
1	51	9	1	0	-3	1	0	1	-1	1	0	1	-1	-2	4	-3	-9	7	2	1	-2	11	0	-3	0	117	0	-1	0	1	1	0	0	0
1	51	10	1	0	-3	1	0	1	-1	0	0	1	-1	-3	1	-3	-3	10	2	0	-3	11	0	-4	5	117	0	-1	1	1	1	0	0	0
1	51	11	1	0	-3	1	0	1	-1	2	0	1	-1	-1	7	-3	-9	4	2	2	-1	11	0	0	-3	117	0	0	-1	1	1	1	0	0
1	51	12	1	0	-3	1	-1	1	-2	1	-1	1	1	-2	4	-3	-9	7	2	0	-3	11	0	-4	5	117	0	-1	1	1	1	0	0	0
1	51	13	1	0	-3	1	1	0	1	1	1	0	-2	1	1	0	0	1	2	2	2	2	0	0	0	0	0	0	0	0	1	1	1	2
1	51	14	1	0	-3	1	1	1	1	2	1	1	-2	-1	7	-3	-9	4	2	3	0	11	0	5	-4	117	0	1	-1	1	1	0	0	0
1	51	15	1	0	-3	1	1	2	1	3	1	2	-2	-3	19	-12	-30	19	2	4	-2	38	0	12	0	1440	0	1	0	1	1	0	0	0
1	51	16	1	0	-3	1	2	1	3	2	2	1	-3	-1	7	-3	-9	4	2	4	1	11	0	12	-3	117	0	1	-1	1	1	0	0	0
1	51	17	1	0	-3	1	0	1	-1	2	0	1	-1	-1	7	-3	-9	4	2	2	-1	11	0	0	-3	117	0	0	-1	1	1	1	0	0
1	51	18	1	0	-3	1	1	0	2	1	1	0	-1	1	1	0	0	1	2	2	2	2	0	0	0	0	0	0	0	0	1	1	1	2
1	51	19	1	0	-3	1	1	1	2	3	1	1	-1	0	10	-3	-3	1	2	4	1	11	0	12	-3	117	0	1	-1	1	1	0	0	0
1	51	20	1	0	-3	1	1	0	3	1	1	0	0	1	1	0	0	1	2	2	2	2	0	0	0	0	0	0	0	0	1	1	2	2
1	51	21	1	0	-3	1	1	-1	2	-1	1	-1	-1	2	4	-3	-9	7	2	0	3	11	0	-4	5	117	0	-1	1	1	1	0	0	0
1	51	22	1	0	-3	1	1	-1	1	0	1	-1	-2	3	1	-3	-3	10	2	1	4	11	0	-3	12	117	0	-1	1	1	1	0	0	0
1	51	23	1	0	-3	1	0	-1	1	0	0	-1	1	3	1	-3	-3	10	2	0	3	11	0	-4	5	117	0	-1	1	1	1	0	0	0
1	51	24	1	0	-3	1	1	-2	1	-1	1	-2	-2	5	7	-12	-18	31	2	0	6	38	0	-4	32	1440	0	-1	1	1	1	0	0	0
1	51	25	1	0	-3	1	2	-1	1	0	2	-1	-5	3	1	-3	-3	10	2	2	5	11	0	0	21	117	0	0	1	1	1	1	0	0
1	51	26	1	0	-3	1	1	-1	0	1	1	-1	-3	4	-2	-3	9	13	2	2	5	11	0	0	21	117	0	0	1	1	1	1	0	0
1	51	27	1	0	-3	1	0	-1	1	1	0	-1	1	4	-2	-3	9	13	2	1	4	11	0	-3	12	117	0	-1	1	1	1	0	0	0
1	51	28	1	0	-3	1	0	-1	1	2	0	-1	1	5	-5	-3	27	16	2	2	5	11	0	0	21	117	0	0	1	1	1	1	0	0
1	51	29	1	0	-3	1	-1	-1	2	1	-1	-1	5	4	-2	-3	9	13	2	0	3	11	0	-4	5	117	0	-1	1	1	1	0	0	0
1	51	30	1	0	-3	1	0	-1	1	0	0	-1	1	3	1	-3	-3	10	2	0	3	11	0	-4	5	117	0	-1	1	1	1	0	0	0
1	51	31	1	0	-3	1	1	-2	0	1	1	-2	-3	7	-5	-12	18	43	2	2	8	38	0	0	60	1440	0	0	1	1	1	1	0	0
1	51	32	1	0	-3	1	-1	-2	1	1	-1	-2	4	7	-5	-12	18	43	2	0	6	38	0	-4	32	1440	0	-1	1	1	1	0	0	0
1	51	33	1	0	-3	1	1	-3	0	1	1	-3	-3	10	-8	-27	27	91	2	2	11	83	0	0	117	6885	0	0	1	1	1	1	0	0
1	51	34	1	0	-3	1	3	-2	-1	1	3	-2	-10	7	-5	-12	18	43	2	4	10	38	0	12	96	1440	0	1	1	1	1	0	0	0
1	51	35	1	0	-3	1	2	-1	-1	1	2	-1	-7	4	-2	-3	9	13	2	3	6	11	0	5	32	117	0	1	1	1	1	0	0	0
1	51	36	1	0	-3	1	2	1	-1	0	2	1	-7	-3	1	-3	-3	10	2	2	-1	11	0	0	-3	117	0	0	-1	1	1	1	0	0
1	51	37	1	0	-3	1	2	-3	-1	2	2	-3	-7	11	-17	-27	63	100	2	4	13	83	0	12	165	6885	0	1	1	1	1	0	0	0
1	51	38	1	0	-3	1	3	-1	-2	1	3	-1	-11	4	-2	-3	9	13	2	4	7	11	0	12	45	117	0	1	1	1	1	0	0	0
1	51	39	1	0	-3	1	1	0	-1	1	1	0	-4	1	1	0	0	1	2	2	2	2	0	0	0	0	0	0	0	0	1	1	1	2
1	51	40	1	0	-3	1	1	1	-1	0	1	1	-4	-3	1	-3	-3	10	2	1	-2	11	0	-3	0	117	0	-1	0	1	1	0	0	0
1	51	41	1	0	-3	1	1	2	-1	-1	1	2	-4	-7	-5	-12	18	43	2	0	-6	38	0	-4	32	1440	0	-1	1	1	1	0	0	0
1	51	42	1	0	-3	1	2	1	-1	0	2	1	-7	-3	1	-3	-3	10	2	2	-1	11	0	0	-3	117	0	0	-1	1	1	1	0	0
1	51	43	1	0	-3	1	0	1	-1	0	0	1	-1	-3	1	-3	-3	10	2	0	-3	11	0	-4	5	117	0	-1	1	1	1	0	0	0
1	51	44	1	0	-3	1	1	-1	-1	2	1	-1	-4	5	-5	-3	27	16	2	3	6	11	0	5	32	117	0	1	1	1	1	0	0	0
1	51	45	1	0	-3	1	0	-1	1	2	0	-1	1	5	-5	-3	27	16	2	2	5	11	0	0	21	117	0	0	1	1	1	1	0	0
1	51	46	1	0	-3	1	1	-2	-1	3	1	-2	-4	9	-17	-12	78	55	2	4	10	38	0	12	96	1440	0	1	1	1	1	0	0	0
1	51	47	1	0	-3	1	2	-1	-3	2	2	-1	-9	5	-5	-3	27	16	2	4	7	11	0	12	45	117	0	1	1	1	1	0	0	0
1	51	48	1	0	-3	1	1	0	-2	1	1	0	-5	1	1	0	0	1	2	2	2	2	0	0	0	0	0	0	0	0	1	1	1	2
1	51	49	1	0	-3	1	1	1	-2	-1	1	1	-5	-4	-2	-3	9	13	2	0	-3	11	0	-4	5	117	0	-1	1	1	1	0	0	0
1	51	50	1	0	-3	1	1	-1	-2	3	1	-1	-5	6	-8	-3	51	19	2	4	7	11	0	12	45	117	0	1	1	1	1	0	0	0
1	51	51	1	0	-3	1	1	0	-3	1	1	0	-6	1	1	0	0	1	2	2	2	2	0	0	0	0	0	0	0	0	1	1	1	2
2	0	0	0	1	-1	2	0	1	-1	2	-1	2	-2	3	1	0	0	1	2	2	2	2	0	0	0	0	0	0	0	0	1	1	1	2
2	0	1	0	1	-1	2	-1	2	-2	3	-2	3	-3	4	1	0	0	1	2	2	2	2	0	0	0	0	0	0	0	0	1	1	1	2
2	0	2	0	1	-1	2	-2	3	-3	4	-3	4	-4	5	1	0	0	1	2	2	2	2	0	0	0	0	0	0	0	0	1	1	1	2
2	0	3	0	1	-1	2	5	-1	6	-1	6	-1	7	-1	25	-19	29	-22	2	4	5	3	0	12	21	5	0	1	1	1	1	0	0	0
2	0	4	0	1	-1	2	-7	5	-10	7	-10	7	-13	9	9	-5	11	-6	2	0	-1	3	0	-4	-3	5	0	-1	-1	1	1	0	0	0
2	0	5	0	1	-1	2	4	-1	5	-1	5	-1	6	-1	16	-11	19	-13	2	3	4	3	0	5	12	5	0	1	1	1	1	0	0	0
2	0	6	0	1	-1	2	1	2	1	3	1	3	1	4	16	-11	19	-13	2	4	5	3	0	12	21	5	0	1	1	1	1	0	0	0
2	0	7	0	1	-1	2	8	-3	11	-4	11	-4	14	-5	49	-34	62	-43	2	4	6	6	0	12	32	32	0	1	1	1	1	0	0	0
2	0	8	0	1	-1	2	7	-4	9	-5	9	-5	11	-6	16	-11	19	-13	2	2	3	3	0	0	5	5	0	0	1	1	1	1	0	0
2	0	9	0	1	-1	2	-4	3	-7	5	-7	5	-10	7	4	-1	5	-1	2	1	0	3	0	-3	-4	5	0	-1	-1	1	1	0	0	0
2	0	10	0	1	-1	2	-3	2	-5	3	-5	3	-7	4	4	-1	5	-1	2	0	-1	3	0	-4	-3	5	0	-1	-1	1	1	0	0	0
2	0	11	0	1	-1	2	-5	4	-9	7	-9	7	-13	10	4	-1	5	-1	2	2	1	3	0	0	-3	5	0	0	-1	1	1	1	0	0
2	0	12	0	1	-1	2	-8	5	-13	8	-13	8	-18	11	25	-14	34	-19	2	0	-2	6	0	-4	0	32	0	-1	0	1	1	0	0	0
2	0	13	0	1	-1	2	3	-1	4	-1	4	-1	5	-1	9	-5	11	-6	2	2	3	3	0	0	5	5	0	0	1	1	1	1	0	0
2	0	14	0	1	-1	2	1	1	1	2	1	2	1	3	9	-5	11	-6	2	3	4	3	0	5	12	5	0	1	1	1	1	0	0	0
2	0	15	0	1	-1	2	-1	3	-2	5	-2	5	-3	7	9	-5	11	-6	2	4	5	3	0	12	21	5	0	1	1	1	1	0	0	0
2	0	16	0	1	-1	2	7	-2	11	-3	11	-3	15	-4	64	-39	87	-53	2	4	7	11	0	12	45	117	0	1	1	1	1	0	0	0
2	0	17	0	1	-1	2	-5	4	-9	7	-9	7	-13	10	4	-1	5	-1	2	2	1	3	0	0	-3	5	0	0	-1	1	1	1	0	0
2	0	18	0	1	-1	2	5	-2	8	-3	8	-3	11	-4	25	-14	34	-19	2	2	4	6	0	0	12	32	0	0	1	1	1	1	0	0
2	0	19	0	1	-1	2	2	1	3	2	3	2	4	3	25	-14	34	-19	2	4	6	6	0	12	32	32	0	1	1	1	1	0	0	0
2	0	20	0	1	-1	2	7	-3	12	-5	12	-5	17	-7	49	-27	69	-38	2	2	5	11	0	0	21	117	0	0	1	1	1	1	0	0
2	0	21	0	1	-1	2	8	-5	13	-8	13	-8	18	-11	25	-14	34	-19	2	0	2	6	0	-4	0	32	0	-1	0	1	1	0	1	0
2	0	22	0	1	-1	2	5	-3	7	-4	7	-4	9	-5	9	-5	11	-6	2	1	2	3	0	-3	0	5	0	-1	0	1	1	0	1	0
2	0	23	0	1	-1	2	3	-2	5	-3	5	-3	7	-4	4	-1	5	-1	2	0	1	3	0	-4	-3	5	0	-1	-1	1	1	0	0	0
2	0	24	0	1	-1	2	7	-5	10	-7	10	-7	13	-9	9	-5	11	-6	2	0	1	3	0	-4	-3	5	0	-1	-1	1	1	0	0	0
2	0	25	0	1	-1	2	7	-4	9	-5	9	-5	11	-6	16	-11	19	-13	2	2	3	3	0	0	5	5	0	0	1	1	1	1	0	0
2	0	26	0	1	-1	2	2	-1	1	0	1	0	0	1	1	0	0	1	2	2	2	2	0	0	0	0	0	0	0	0	1	1	2	2
2	0	27	0	1	-1	2	2	-1	3	-1	3	-1	4	-1	4	-1	5	-1	2	1	2	3	0	-3	0	5	0	-1	0	1	1	0	1	0
2	0	28	0	1	-1	2	1	0	1	1	1	1	1	2	4	-1	5	-1	2	2	3	3	0	0	5	5	0	0	1	1	1	1	0	0
2	0	29	0	1	-1	2	2	-1	5	-2	5	-2	8	-3	9	-2	14	-3	2	0	2	6	0	-4	0	32	0	-1	0	1	1	0	1	0
2	0	30	0	1	-1	2	3	-2	5	-3	5	-3	7	-4	4	-1	5	-1	2	0	1	3	0	-4	-3	5	0	-1	-1	1	1	0	0	0
2	0	31	0	1	-1	2	3	-2	2	-1	2	-1	1	0	1	0	0	1	2	2	2	2	0	0	0	0	0	0	0	0	1	1	1	2
2	0	32	0	1	-1	2	1	-1	2	-1	2	-1	3	-1	1	1	1	2	2	0	1	3	0	-4	-3	5	0	-1	-1	1	1	0	0	0
2	0	33	0	1	-1	2	4	-3	3	-2	3	-2	2	-1	1	0	0	1	2	2	2	2	0	0	0	0	0	0	0	0	1	1	1	2
2	0	34	0	1	-1	2	5	-3	2	-1	2	-1	-1	1	1	-1	-1	2	2	4	3	3	0	12	5	5	0	1	1	1	1	0	0	0
2	0	35	0	1	-1	2	2	-1	-1	1	-1	1	-4	3	0	1	-1	3	2	3	2	3	0	5	0	5	0	1	0	1	1	0	1	0
2	0	36	0	1	-1	2	1	0	-1	1	-1	1	-3	2	0	1	-1	3	2	2	1	3	0	0	-3	5	0	0	-1	1	1	1	0	0
2	0	37	0	1	-1	2	3	-2	-1	1	-1	1	-5	4	0	1	-1	3	2	4	3	3	0	12	5	5	0	1	1	1	1	0	0	0
2	0	38	0	1	-1	2	2	-1	-3	2	-3	2	-8	5	1	2	2	5	2	4	2	6	0	12	0	32	0	1	0	1	1	0	1	0
2	0	39	0	1	-1	2	-1	1	-4	3	-4	3	-7	5	1	1	1	2	2	2	1	3	0	0	-3	5	0	0	-1	1	1	1	0	0
2	0	40	0	1	-1	2	-1	1	-3	2	-3	2	-5	3	1	1	1	2	2	1	0	3	0	-3	-4	5	0	-1	-1	1	1	0	0	0
2	0	41	0	1	-1	2	-1	1	-2	1	-2	1	-3	1	1	1	1	2	2	0	-1	3	0	-4	-3	5	0	-1	-1	1	1	0	0	0
2	0	42	0	1	-1	2	1	0	-1	1	-1	1	-3	2	0	1	-1	3	2	2	1	3	0	0	-3	5	0	0	-1	1	1	1	0	0
2	0	43	0	1	-1	2	-3	2	-5	3	-5	3	-7	4	4	-1	5	-1	2	0	-1	3	0	-4	-3	5	0	-1	-1	1	1	0	0	0
2	0	44	0	1	-1	2	-1	1	-5	4	-5	4	-9	7	1	1	1	2	2	3	2	3	0	5	0	5	0	1	0	1	1	0	1	0
2	0	45	0	1	-1	2	1	0	1	1	1	1	1	2	4	-1	5	-1	2	2	3	3	0	0	5	5	0	0	1	1	1	1	0	0
2	0	46	0	1	-1	2	-1	1	-6	5	-6	5	-11	9	1	1	1	2	2	4	3	3	0	12	5	5	0	1	1	1	1	0	0	0
2	0	47	0	1	-1	2	-3	2	-11	7	-11	7	-19	12	16	-3	27	-5	2	4	1	11	0	12	-3	117	0	1	-1	1	1	0	0	0
2	0	48	0	1	-1	2	-3	2	-8	5	-8	5	-13	8	9	-2	14	-3	2	2	0	6	0	0	-4	32	0	0	-1	1	1	1	0	0
2	0	49	0	1	-1	2	-2	1	-5	2	-5	2	-8	3	9	-2	14	-3	2	0	-2	6	0	-4	0	32	0	-1	0	1	1	0	0	0
2	0	50	0	1	-1	2	-4	3	-11	8	-11	8	-18	13	9	-2	14	-3	2	4	2	6	0	12	0	32	0	1	0	1	1	0	1	0
2	0	51	0	1	-1	2	-5	3	-12	7	-12	7	-19	11	25	-9	39	-14	2	2	-1	11	0	0	-3	117	0	0	-1	1	1	1	0	0
2	1	0	-1	2	-2	3	0	1	-1	2	-2	3	-3	4	1	0	0	1	2	2	2	2	0	0	0	0	0	0	0	0	1	1	1	2
2	1	1	-1	2	-2	3	-1	2	-2	3	-3	4	-4	5	1	0	0	1	2	2	2	2	0	0	0	0	0	0	0	0	1	1	1	2
2	1	2	-1	2	-2	3	-2	3	-3	4	-4	5	-5	6	1	0	0	1	2	2	2	2	0	0	0	0	0	0	0	0	1	1	1	2
2	1	3	-1	2	-2	3	5	-1	6	-1	7	-1	8	-1	59	-46	68	-53	2	4	6	6	0	12	32	32	0	1	1	1	1	0	0	0
2	1	4	-1	2	-2	3	-7	5	-10	7	-13	9	-16	11	23	-14	28	-17	2	0	-2	6	0	-4	0	32	0	-1	0	1	1	0	0	0
2	1	5	-1	2	-2	3	4	-1	5	-1	6	-1	7	-1	39	-28	46	-33	2	3	5	6	0	5	21	32	0	1	1	1	1	0	0	0
2	1	6	-1	2	-2	3	1	2	1	3	1	4	1	5	39	-28	46	-33	2	4	6	6	0	12	32	32	0	1	1	1	1	0	0	0
2	1	7	-1	2	-2	3	8	-3	11	-4	14	-5	17	-6	125	-88	152	-107	2	4	8	18	0	12	60	320	0	1	1	1	1	0	0	0
2	1	8	-1	2	-2	3	7	-4	9	-5	11	-6	13	-7	39	-28	46	-33	2	2	4	6	0	0	12	32	0	0	1	1	1	1	0	0
2	1	9	-1	2	-2	3	-4	3	-7	5	-10	7	-13	9	11	-4	14	-5	2	1	-1	6	0	-3	-3	32	0	-1	-1	1	1	0	0	0
2	1	10	-1	2	-2	3	-3	2	-5	3	-7	4	-9	5	11	-4	14	-5	2	0	-2	6	0	-4	0	32	0	-1	0	1	1	0	0	0
2	1	11	-1	2	-2	3	-5	4	-9	7	-13	10	-17	13	11	-4	14	-5	2	2	0	6	0	0	-4	32	0	0	-1	1	1	1	0	0
2	1	12	-1	2	-2	3	-8	5	-13	8	-18	11	-23	14	69	-40	88	-51	2	0	-4	18	0	-4	12	320	0	-1	1	1	1	0	0	0
2	1	13	-1	2	-2	3	3	-1	4	-1	5	-1	6	-1	23	-14	28	-17	2	2	4	6	0	0	12	32	0	0	1	1	1	1	0	0
2	1	14	-1	2	-2	3	1	1	1	2	1	3	1	4	23	-14	28	-17	2	3	5	6	0	5	21	32	0	1	1	1	1	0	0	0
2	1	15	-1	2	-2	3	-1	3	-2	5	-3	7	-4	9	23	-14	28	-17	2	4	6	6	0	12	32	32	0	1	1	1	1	0	0	0
2	1	16	-1	2	-2	3	7	-2	11	-3	15	-4	19	-5	175	-108	222	-137	2	4	10	38	0	12	96	1440	0	1	1	1	1	0	0	0
2	1	17	-1	2	-2	3	-5	4	-9	7	-13	10	-17	13	11	-4	14	-5	2	2	0	6	0	0	-4	32	0	0	-1	1	1	1	0	0
2	1	18	-1	2	-2	3	5	-2	8	-3	11	-4	14	-5	69	-40	88	-51	2	2	6	18	0	0	32	320	0	0	1	1	1	1	0	0
2	1	19	-1	2	-2	3	2	1	3	2	4	3	5	4	69	-40	88	-51	2	4	8	18	0	12	60	320	0	1	1	1	1	0	0	0
2	1	20	-1	2	-2	3	7	-3	12	-5	17	-7	22	-9	139	-78	180	-101	2	2	8	38	0	0	60	1440	0	0	1	1	1	1	0	0
2	1	21	-1	2	-2	3	8	-5	13	-8	18	-11	23	-14	69	-40	88	-51	2	0	4	18	0	-4	12	320	0	-1	1	1	1	0	0	0
2	1	22	-1	2	-2	3	5	-3	7	-4	9	-5	11	-6	23	-14	28	-17	2	1	3	6	0	-3	5	32	0	-1	1	1	1	0	0	0
2	1	23	-1	2	-2	3	3	-2	5	-3	7	-4	9	-5	11	-4	14	-5	2	0	2	6	0	-4	0	32	0	-1	0	1	1	0	1	0
2	1	24	-1	2	-2	3	7	-5	10	-7	13	-9	16	-11	23	-14	28	-17	2	0	2	6	0	-4	0	32	0	-1	0	1	1	0	1	0
2	1	25	-1	2	-2	3	7	-4	9	-5	11	-6	13	-7	39	-28	46	-33	2	2	4	6	0	0	12	32	0	0	1	1	1	1	0	0
2	1	26	-1	2	-2	3	2	-1	1	0	0	1	-1	2	1	0	0	1	2	2	2	2	0	0	0	0	0	0	0	0	1	1	1	2
2	1	27	-1	2	-2	3	2	-1	3	-1	4	-1	5	-1	11	-4	14	-5	2	1	3	6	0	-3	5	32	0	-1	1	1	1	0	0	0
2	1	28	-1	2	-2	3	1	0	1	1	1	2	1	3	11	-4	14	-5	2	2	4	6	0	0	12	32	0	0	1	1	1	1	0	0
2	1	29	-1	2	-2	3	2	-1	5	-2	8	-3	11	-4	29	-8	40	-11	2	0	4	18	0	-4	12	320	0	-1	1	1	1	0	0	0
2	1	30	-1	2	-2	3	3	-2	5	-3	7	-4	9	-5	11	-4	14	-5	2	0	2	6	0	-4	0	32	0	-1	0	1	1	0	1	0
2	1	31	-1	2	-2	3	3	-2	2	-1	1	0	0	1	1	0	0	1	2	2	2	2	0	0	0	0	0	0	0	0	1	1	2	2
2	1	32	-1	2	-2	3	1	-1	2	-1	3	-1	4	-1	3	2	4	3	2	0	2	6	0	-4	0	32	0	-1	0	1	1	0	1	0
2	1	33	-1	2	-2	3	4	-3	3	-2	2	-1	1	0	1	0	0	1	2	2	2	2	0	0	0	0	0	0	0	0	1	1	1	2
2	1	34	-1	2	-2	3	5	-3	2	-1	-1	1	-4	3	-1	2	-4	7	2	4	2	6	0	12	0	32	0	1	0	1	1	0	1	0
2	1	35	-1	2	-2	3	2	-1	-1	1	-4	3	-7	5	-1	4	-2	7	2	3	1	6	0	5	-3	32	0	1	-1	1	1	0	0	0
2	1	36	-1	2	-2	3	1	0	-1	1	-3	2	-5	3	-1	4	-2	7	2	2	0	6	0	0	-4	32	0	0	-1	1	1	1	0	0
2	1	37	-1	2	-2	3	3	-2	-1	1	-5	4	-9	7	-1	4	-2	7	2	4	2	6	0	12	0	32	0	1	0	1	1	0	1	0
2	1	38	-1	2	-2	3	2	-1	-3	2	-8	5	-13	8	5	8	8	13	2	4	0	18	0	12	-4	320	0	1	-1	1	1	0	0	0
2	1	39	-1	2	-2	3	-1	1	-4	3	-7	5	-10	7	3	2	4	3	2	2	0	6	0	0	-4	32	0	0	-1	1	1	1	0	0
2	1	40	-1	2	-2	3	-1	1	-3	2	-5	3	-7	4	3	2	4	3	2	1	-1	6	0	-3	-3	32	0	-1	-1	1	1	0	0	0
2	1	41	-1	2	-2	3	-1	1	-2	1	-3	1	-4	1	3	2	4	3	2	0	-2	6	0	-4	0	32	0	-1	0	1	1	0	0	0
2	1	42	-1	2	-2	3	1	0	-1	1	-3	2	-5	3	-1	4	-2	7	2	2	0	6	0	0	-4	32	0	0	-1	1	1	1	0	0
2	1	43	-1	2	-2	3	-3	2	-5	3	-7	4	-9	5	11	-4	14	-5	2	0	-2	6	0	-4	0	32	0	-1	0	1	1	0	0	0
2	1	44	-1	2	-2	3	-1	1	-5	4	-9	7	-13	10	3	2	4	3	2	3	1	6	0	5	-3	32	0	1	-1	1	1	0	0	0
2	1	45	-1	2	-2	3	1	0	1	1	1	2	1	3	11	-4	14	-5	2	2	4	6	0	0	12	32	0	0	1	1	1	1	0	0
2	1	46	-1	2	-2	3	-1	1	-6	5	-11	9	-16	13	3	2	4	3	2	4	2	6	0	12	0	32	0	1	0	1	1	0	1	0
2	1	47	-1	2	-2	3	-3	2	-11	7	-19	12	-27	17	55	-12	78	-17	2	4	-2	38	0	12	0	1440	0	1	0	1	1	0	0	0
2	1	48	-1	2	-2	3	-3	2	-8	5	-13	8	-18	11	29	-8	40	-11	2	2	-2	18	0	0	0	320	0	0	0	1	1	1	0	0
2	1	49	-1	2	-2	3	-2	1	-5	2	-8	3	-11	4	29	-8	40	-11	2	0	-4	18	0	-4	12	320	0	-1	1	1	1	0	0	0
2	1	50	-1	2	-2	3	-4	3	-11	8	-18	13	-25	18	29	-8	40	-11	2	4	0	18	0	12	-4	320	0	1	-1	1	1	0	0	0
2	1	51	-1	2	-2	3	-5	3	-12	7	-19	11	-26	15	79	-30	108	-41	2	2	-4	38	0	0	12	1440	0	0	1	1	1	1	0	0
2	2	0	-2	3	-3	4	0	1	-1	2	-3	4	-4	5	1	0	0	1	2	2	2	2	0	0	0	0	0	0	0	0	1	1	1	2
2	2	1	-2	3	-3	4	-1	2	-2	3	-4	5	-5	6	1	0	0	1	2	2	2	2	0	0	0	0	0	0	0	0	1	1	1	2
2	2	2	-2	3	-3	4	-2	3	-3	4	-5	6	-6	7	1	0	0	1	2	2	2	2	0	0	0	0	0	0	0	0	1	1	1	2
2	2	3	-2	3	-3	4	5	-1	6	-1	8	-1	9	-1	103	-81	117	-92	2	4	7	11	0	12	45	117	0	1	1	1	1	0	0	0
2	2	4	-2	3	-3	4	-7	5	-10	7	-16	11	-19	13	43	-27	51	-32	2	0	-3	11	0	-4	5	117	0	-1	1	1	1	0	0	0
2	2	5	-2	3	-3	4	4	-1	5	-1	7	-1	8	-1	70	-51	81	-59	2	3	6	11	0	5	32	117	0	1	1	1	1	0	0	0
2	2	6	-2	3	-3	4	1	2	1	3	1	5	1	6	70	-51	81	-59	2	4	7	11	0	12	45	117	0	1	1	1	1	0	0	0
2	2	7	-2	3	-3	4	8	-3	11	-4	17	-6	20	-7	229	-162	270	-191	2	4	10	38	0	12	96	1440	0	1	1	1	1	0	0	0
2	2	8	-2	3	-3	4	7	-4	9	-5	13	-7	15	-8	70	-51	81	-59	2	2	5	11	0	0	21	117	0	0	1	1	1	1	0	0
2	2	9	-2	3	-3	4	-4	3	-7	5	-13	9	-16	11	22	-9	27	-11	2	1	-2	11	0	-3	0	117	0	-1	0	1	1	0	0	0
2	2	10	-2	3	-3	4	-3	2	-5	3	-9	5	-11	6	22	-9	27	-11	2	0	-3	11	0	-4	5	117	0	-1	1	1	1	0	0	0
2	2	11	-2	3	-3	4	-5	4	-9	7	-17	13	-21	16	22	-9	27	-11	2	2	-1	11	0	0	-3	117	0	0	-1	1	1	1	0	0
2	2	12	-2	3	-3	4	-8	5	-13	8	-23	14	-28	17	133	-78	162	-95	2	0	-6	38	0	-4	32	1440	0	-1	1	1	1	0	0	0
2	2	13	-2	3	-3	4	3	-1	4	-1	6	-1	7	-1	43	-27	51	-32	2	2	5	11	0	0	21	117	0	0	1	1	1	1	0	0
2	2	14	-2	3	-3	4	1	1	1	2	1	4	1	5	43	-27	51	-32	2	3	6	11	0	5	32	117	0	1	1	1	1	0	0	0
2	2	15	-2	3	-3	4	-1	3	-2	5	-4	9	-5	11	43	-27	51	-32	2	4	7	11	0	12	45	117	0	1	1	1	1	0	0	0
2	2	16	-2	3	-3	4	7	-2	11	-3	19	-5	23	-6	334	-207	405	-251	2	4	13	83	0	12	165	6885	0	1	1	1	1	0	0	0
2	2	17	-2	3	-3	4	-5	4	-9	7	-17	13	-21	16	22	-9	27	-11	2	2	-1	11	0	0	-3	117	0	0	-1	1	1	1	0	0
2	2	18	-2	3	-3	4	5	-2	8	-3	14	-5	17	-6	133	-78	162	-95	2	2	8	38	0	0	60	1440	0	0	1	1	1	1	0	0
2	2	19	-2	3	-3	4	2	1	3	2	5	4	6	5	133	-78	162	-95	2	4	10	38	0	12	96	1440	0	1	1	1	1	0	0	0
2	2	20	-2	3	-3	4	7	-3	12	-5	22	-9	27	-11	271	-153	333	-188	2	2	11	83	0	0	117	6885	0	0	1	1	1	1	0	0
2	2	21	-2	3	-3	4	8	-5	13	-8	23	-14	28	-17	133	-78	162	-95	2	0	6	38	0	-4	32	1440	0	-1	1	1	1	0	0	0
2	2	22	-2	3	-3	4	5	-3	7	-4	11	-6	13	-7	43	-27	51	-32	2	1	4	11	0	-3	12	117	0	-1	1	1	1	0	0	0
2	2	23	-2	3	-3	4	3	-2	5	-3	9	-5	11	-6	22	-9	27	-11	2	0	3	11	0	-4	5	117	0	-1	1	1	1	0	0	0
2	2	24	-2	3	-3	4	7	-5	10	-7	16	-11	19	-13	43	-27	51	-32	2	0	3	11	0	-4	5	117	0	-1	1	1	1	0	0	0
2	2	25	-2	3	-3	4	7	-4	9	-5	13	-7	15	-8	70	-51	81	-59	2	2	5	11	0	0	21	117	0	0	1	1	1	1	0	0
2	2	26	-2	3	-3	4	2	-1	1	0	-1	2	-2	3	1	0	0	1	2	2	2	2	0	0	0	0	0	0	0	0	1	1	1	2
2	2	27	-2	3	-3	4	2	-1	3	-1	5	-1	6	-1	22	-9	27	-11	2	1	4	11	0	-3	12	117	0	-1	1	1	1	0	0	0
2	2	28	-2	3	-3	4	1	0	1	1	1	3	1	4	22	-9	27	-11	2	2	5	11	0	0	21	117	0	0	1	1	1	1	0	0
2	2	29	-2	3	-3	4	2	-1	5	-2	11	-4	14	-5	61	-18	78	-23	2	0	6	38	0	-4	32	1440	0	-1	1	1	1	0	0	0
2	2	30	-2	3	-3	4	3	-2	5	-3	9	-5	11	-6	22	-9	27	-11	2	0	3	11	0	-4	5	117	0	-1	1	1	1	0	0	0
2	2	31	-2	3	-3	4	3	-2	2	-1	0	1	-1	2	1	0	0	1	2	2	2	2	0	0	0	0	0	0	0	0	1	1	1	2
2	2	32	-2	3	-3	4	1	-1	2	-1	4	-1	5	-1	7	3	9	4	2	0	3	11	0	-4	5	117	0	-1	1	1	1	0	0	0
2	2	33	-2	3	-3	4	4	-3	3	-2	1	0	0	1	1	0	0	1	2	2	2	2	0	0	0	0	0	0	0	0	1	1	2	2
2	2	34	-2	3	-3	4	5	-3	2	-1	-4	3	-7	5	-5	9	-9	16	2	4	1	11	0	12	-3	117	0	1	-1	1	1	0	0	0
2	2	35	-2	3	-3	4	2	-1	-1	1	-7	5	-10	7	-2	9	-3	13	2	3	0	11	0	5	-4	117	0	1	-1	1	1	0	0	0
2	2	36	-2	3	-3	4	1	0	-1	1	-5	3	-7	4	-2	9	-3	13	2	2	-1	11	0	0	-3	117	0	0	-1	1	1	1	0	0
2	2	37	-2	3	-3	4	3	-2	-1	1	-9	7	-13	10	-2	9	-3	13	2	4	1	11	0	12	-3	117	0	1	-1	1	1	0	0	0
2	2	38	-2	3	-3	4	2	-1	-3	2	-13	8	-18	11	13	18	18	25	2	4	-2	38	0	12	0	1440	0	1	0	1	1	0	0	0
2	2	39	-2	3	-3	4	-1	1	-4	3	-10	7	-13	9	7	3	9	4	2	2	-1	11	0	0	-3	117	0	0	-1	1	1	1	0	0
2	2	40	-2	3	-3	4	-1	1	-3	2	-7	4	-9	5	7	3	9	4	2	1	-2	11	0	-3	0	117	0	-1	0	1	1	0	0	0
2	2	41	-2	3	-3	4	-1	1	-2	1	-4	1	-5	1	7	3	9	4	2	0	-3	11	0	-4	5	117	0	-1	1	1	1	0	0	0
2	2	42	-2	3	-3	4	1	0	-1	1	-5	3	-7	4	-2	9	-3	13	2	2	-1	11	0	0	-3	117	0	0	-1	1	1	1	0	0
2	2	43	-2	3	-3	4	-3	2	-5	3	-9	5	-11	6	22	-9	27	-11	2	0	-3	11	0	-4	5	117	0	-1	1	1	1	0	0	0
2	2	44	-2	3	-3	4	-1	1	-5	4	-13	10	-17	13	7	3	9	4	2	3	0	11	0	5	-4	117	0	1	-1	1	1	0	0	0
2	2	45	-2	3	-3	4	1	0	1	1	1	3	1	4	22	-9	27	-11	2	2	5	11	0	0	21	117	0	0	1	1	1	1	0	0
2	2	46	-2	3	-3	4	-1	1	-6	5	-16	13	-21	17	7	3	9	4	2	4	1	11	0	12	-3	117	0	1	-1	1	1	0	0	0
2	2	47	-2	3	-3	4	-3	2	-11	7	-27	17	-35	22	118	-27	153	-35	2	4	-5	83	0	12	21	6885	0	1	1	1	1	0	0	0
2	2	48	-2	3	-3	4	-3	2	-8	5	-18	11	-23	14	61	-18	78	-23	2	2	-4	38	0	0	12	1440	0	0	1	1	1	1	0	0
2	2	49	-2	3	-3	4	-2	1	-5	2	-11	4	-14	5	61	-18	78	-23	2	0	-6	38	0	-4	32	1440	0	-1	1	1	1	0	0	0
2	2	50	-2	3	-3	4	-4	3	-11	8	-25	18	-32	23	61	-18	78	-23	2	4	-2	38	0	12	0	1440	0	1	0	1	1	0	0	0
2	2	51	-2	3	-3	4	-5	3	-12	7	-26	15	-33	19	163	-63	207	-80	2	2	-7	83	0	0	45	6885	0	0	1	1	1	1	0	0
2	3	0	5	-1	6	-1	0	1	-1	2	1	3	1	4	-22	19	-29	25	4	2	5	3	12	0	21	5	1	0	1	1	0	1	0	0
2	3	1	5	-1	6	-1	-1	2	-2	3	-3	7	-4	9	-53	46	-68	59	4	2	6	6	12	0	32	32	1	0	1	1	0	1	0	0
2	3	2	5	-1	6	-1	-2	3	-3	4	-7	11	-9	14	-92	81	-117	103	4	2	7	11	12	0	45	117	1	0	1	1	0	1	0	0
2	3	3	5	-1	6	-1	5	-1	6	-1	19	-4	24	-5	1	0	0	1	4	4	14	2	12	12	192	0	1	1	1	0	0	0	0	2
2	3	4	5	-1	6	-1	-7	5	-10	7	-25	18	-32	23	69	-40	88	-51	4	0	-2	18	12	-4	0	320	1	-1	0	1	0	0	0	0
2	3	5	5	-1	6	-1	4	-1	5	-1	15	-4	19	-5	16	-11	19	-13	4	3	10	3	12	5	96	5	1	1	1	1	0	0	0	0
2	3	6	5	-1	6	-1	1	2	1	3	4	7	5	9	-177	131	-227	168	4	4	13	-9	12	12	165	77	1	1	1	1	0	0	0	0
2	3	7	5	-1	6	-1	8	-3	11	-4	29	-11	37	-14	138	-97	175	-123	4	4	15	15	12	12	221	221	1	1	1	1	0	0	0	0
2	3	8	5	-1	6	-1	7	-4	9	-5	26	-15	33	-19	121	-87	153	-110	4	2	7	11	12	0	45	117	1	0	1	1	0	1	0	0
2	3	9	5	-1	6	-1	-4	3	-7	5	-13	10	-17	13	24	-7	31	-9	4	1	0	15	12	-3	-4	221	1	-1	-1	1	0	0	0	0
2	3	10	5	-1	6	-1	-3	2	-5	3	-10	7	-13	9	29	-11	37	-14	4	0	-1	15	12	-4	-3	221	1	-1	-1	1	0	0	0	0
2	3	11	5	-1	6	-1	-5	4	-9	7	-16	13	-21	17	7	3	9	4	4	2	1	11	12	0	-3	117	1	0	-1	1	0	1	0	0
2	3	12	5	-1	6	-1	-8	5	-13	8	-27	17	-35	22	154	-89	199	-115	4	0	-5	39	12	-4	21	1517	1	-1	1	1	0	0	0	0
2	3	13	5	-1	6	-1	3	-1	4	-1	11	-4	14	-5	23	-14	28	-17	4	2	6	6	12	0	32	32	1	0	1	1	0	1	0	0
2	3	14	5	-1	6	-1	1	1	1	2	4	3	5	4	-63	41	-83	54	4	3	8	-9	12	5	60	77	1	1	1	1	0	0	0	0
2	3	15	5	-1	6	-1	-1	3	-2	5	-3	10	-4	13	-191	124	-248	161	4	4	10	-30	12	12	96	896	1	1	1	1	0	0	0	0
2	3	16	5	-1	6	-1	7	-2	11	-3	24	-7	31	-9	67	-41	85	-52	4	4	15	15	12	12	221	221	1	1	1	1	0	0	0	0
2	3	17	5	-1	6	-1	-5	4	-9	7	-16	13	-21	17	7	3	9	4	4	2	1	11	12	0	-3	117	1	0	-1	1	0	1	0	0
2	3	18	5	-1	6	-1	5	-2	8	-3	17	-7	22	-9	69	-40	88	-51	4	2	8	18	12	0	60	320	1	0	1	1	0	1	0	0
2	3	19	5	-1	6	-1	2	1	3	2	7	3	9	4	-116	69	-153	91	4	4	11	-25	12	12	117	621	1	1	1	1	0	0	0	0
2	3	20	5	-1	6	-1	7	-3	12	-5	23	-10	30	-13	139	-78	180	-101	4	2	10	38	12	0	96	1440	1	0	1	1	0	1	0	0
2	3	21	5	-1	6	-1	8	-5	13	-8	27	-17	35	-22	154	-89	199	-115	4	0	5	39	12	-4	21	1517	1	-1	1	1	0	0	0	0
2	3	22	5	-1	6	-1	5	-3	7	-4	18	-11	23	-14	67	-41	85	-52	4	1	4	15	12	-3	12	221	1	-1	1	1	0	0	0	0
2	3	23	5	-1	6	-1	3	-2	5	-3	10	-7	13	-9	29	-11	37	-14	4	0	1	15	12	-4	-3	221	1	-1	-1	1	0	0	0	0
2	3	24	5	-1	6	-1	7	-5	10	-7	25	-18	32	-23	69	-40	88	-51	4	0	2	18	12	-4	0	320	1	-1	0	1	0	0	1	0
2	3	25	5	-1	6	-1	7	-4	9	-5	26	-15	33	-19	121	-87	153	-110	4	2	7	11	12	0	45	117	1	0	1	1	0	1	0	0
2	3	26	5	-1	6	-1	2	-1	1	0	9	-5	11	-6	16	-11	19	-13	4	2	3	3	12	0	5	5	1	0	1	1	0	1	0	0
2	3	27	5	-1	6	-1	2	-1	3	-1	7	-4	9	-5	22	-9	27	-11	4	1	2	11	12	-3	0	117	1	-1	0	1	0	0	1	0
2	3	28	5	-1	6	-1	1	0	1	1	4	-1	5	-1	3	-1	1	0	4	2	3	3	12	0	5	5	1	0	1	1	0	1	0	0
2	3	29	5	-1	6	-1	2	-1	5	-2	5	-3	7	-4	24	-7	31	-9	4	0	1	15	12	-4	-3	221	1	-1	-1	1	0	0	0	0
2	3	30	5	-1	6	-1	3	-2	5	-3	10	-7	13	-9	29	-11	37	-14	4	0	1	15	12	-4	-3	221	1	-1	-1	1	0	0	0	0
2	3	31	5	-1	6	-1	3	-2	2	-1	13	-9	16	-11	23	-14	28	-17	4	2	2	6	12	0	0	32	1	0	0	1	0	1	1	0
2	3	32	5	-1	6	-1	1	-1	2	-1	3	-4	4	-5	13	4	16	5	4	0	-2	18	12	-4	0	320	1	-1	0	1	0	0	0	0
2	3	33	5	-1	6	-1	4	-3	3	-2	17	-13	21	-16	22	-9	27	-11	4	2	1	11	12	0	-3	117	1	0	-1	1	0	1	0	0
2	3	34	5	-1	6	-1	5	-3	2	-1	23	-14	28	-17	33	-52	40	-63	4	4	6	-30	12	12	32	896	1	1	1	1	0	0	0	0
2	3	35	5	-1	6	-1	2	-1	-1	1	11	-6	13	-7	6	-13	7	-15	4	3	4	-9	12	5	12	77	1	1	1	1	0	0	0	0
2	3	36	5	-1	6	-1	1	0	-1	1	6	-1	7	-1	1	1	1	2	4	2	5	3	12	0	21	5	1	0	1	1	0	1	0	0
2	3	37	5	-1	6	-1	3	-2	-1	1	16	-11	19	-13	11	-17	13	-20	4	4	3	-9	12	12	5	77	1	1	1	1	0	0	0	0
2	3	38	5	-1	6	-1	2	-1	-3	2	13	-7	15	-8	-8	-15	-9	-17	4	4	5	-25	12	12	21	621	1	1	1	1	0	0	0	0
2	3	39	5	-1	6	-1	-1	1	-4	3	-1	2	-2	3	3	2	4	3	4	2	2	6	12	0	0	32	1	0	0	1	0	1	1	0
2	3	40	5	-1	6	-1	-1	1	-3	2	-2	3	-3	4	7	3	9	4	4	1	2	11	12	-3	0	117	1	-1	0	1	0	0	1	0
2	3	41	5	-1	6	-1	-1	1	-2	1	-3	4	-4	5	13	4	16	5	4	0	2	18	12	-4	0	320	1	-1	0	1	0	0	1	0
2	3	42	5	-1	6	-1	1	0	-1	1	6	-1	7	-1	1	1	1	2	4	2	5	3	12	0	21	5	1	0	1	1	0	1	0	0
2	3	43	5	-1	6	-1	-3	2	-5	3	-10	7	-13	9	29	-11	37	-14	4	0	-1	15	12	-4	-3	221	1	-1	-1	1	0	0	0	0
2	3	44	5	-1	6	-1	-1	1	-5	4	0	1	-1	2	1	1	1	2	4	3	2	3	12	5	0	5	1	1	0	1	0	0	1	0
2	3	45	5	-1	6	-1	1	0	1	1	4	-1	5	-1	3	-1	1	0	4	2	3	3	12	0	5	5	1	0	1	1	0	1	0	0
2	3	46	5	-1	6	-1	-1	1	-6	5	1	0	0	1	1	0	0	1	4	4	2	2	12	12	0	0	1	1	0	0	0	0	2	2
2	3	47	5	-1	6	-1	-3	2	-11	7	-4	3	-7	5	23	-5	37	-8	4	4	1	15	12	12	-3	221	1	1	-1	1	0	0	0	0
2	3	48	5	-1	6	-1	-3	2	-8	5	-7	5	-10	7	29	-8	40	-11	4	2	0	18	12	0	-4	320	1	0	-1	1	0	1	0	0
2	3	49	5	-1	6	-1	-2	1	-5	2	-5	3	-7	4	24	-7	31	-9	4	0	-1	15	12	-4	-3	221	1	-1	-1	1	0	0	0	0
2	3	50	5	-1	6	-1	-4	3	-11	8	-9	7	-13	10	22	-5	31	-7	4	4	1	15	12	12	-3	221	1	1	-1	1	0	0	0	0
2	3	51	5	-1	6	-1	-5	3	-12	7	-13	8	-18	11	79	-30	108	-41	4	2	-2	38	12	0	0	1440	1	0	0	1	0	1	0	0
2	4	0	-7	5	-10	7	0	1	-1	2	-5	3	-7	4	-6	5	-11	9	0	2	-1	3	-4	0	-3	5	-1	0	-1	1	0	1	0	0
2	4	1	-7	5	-10	7	-1	2	-2	3	-3	1	-4	1	-17	14	-28	23	0	2	-2	6	-4	0	0	32	-1	0	0	1	0	1	0	0
2	4	2	-7	5	-10	7	-2	3	-3	4	-1	-1	-1	-2	-32	27	-51	43	0	2	-3	11	-4	0	5	117	-1	0	1	1	0	1	0	0
2	4	3	-7	5	-10	7	5	-1	6	-1	-5	2	-8	3	-51	40	-88	69	0	4	-2	18	-4	12	0	320	-1	1	0	1	0	0	0	0
2	4	4	-7	5	-10	7	-7	5	-10	7	-1	0	0	-1	1	0	0	1	0	0	-2	2	-4	-4	0	0	-1	-1	0	0	0	0	0	2
2	4	5	-7	5	-10	7	4	-1	5	-1	-3	2	-5	3	-4	3	-15	11	0	3	0	7	-4	5	-4	45	-1	1	-1	1	0	0	0	0
2	4	6	-7	5	-10	7	1	2	1	3	-2	1	-3	1	-15	11	-41	30	0	4	-1	15	-4	12	-3	221	-1	1	-1	1	0	0	0	0
2	4	7	-7	5	-10	7	8	-3	11	-4	-1	1	-3	2	10	-7	-7	5	0	4	1	15	-4	12	-3	221	-1	1	-1	1	0	0	0	0
2	4	8	-7	5	-10	7	7	-4	9	-5	-4	3	-7	5	-1	1	-5	4	0	2	1	3	-4	0	-3	5	-1	0	-1	1	0	1	0	0
2	4	9	-7	5	-10	7	-4	3	-7	5	-7	4	-9	5	4	-1	5	-1	0	1	-2	3	-4	-3	0	5	-1	-1	0	1	0	0	0	0
2	4	10	-7	5	-10	7	-3	2	-5	3	-4	1	-5	1	11	-3	15	-4	0	0	-3	7	-4	-4	5	45	-1	-1	1	1	0	0	0	0
2	4	11	-7	5	-10	7	-5	4	-9	7	-10	7	-13	9	9	-5	11	-6	0	2	-1	3	-4	0	-3	5	-1	0	-1	1	0	1	0	0
2	4	12	-7	5	-10	7	-8	5	-13	8	-9	5	-11	6	26	-15	33	-19	0	0	-3	7	-4	-4	5	45	-1	-1	1	1	0	0	0	0
2	4	13	-7	5	-10	7	3	-1	4	-1	-1	2	-2	3	23	-14	28	-17	0	2	2	6	-4	0	0	32	-1	0	0	1	0	1	1	0
2	4	14	-7	5	-10	7	1	1	1	2	-2	3	-3	4	43	-27	51	-32	0	3	2	11	-4	5	0	117	-1	1	0	1	0	0	1	0
2	4	15	-7	5	-10	7	-1	3	-2	5	-3	4	-4	5	69	-44	80	-51	0	4	2	18	-4	12	0	320	-1	1	0	1	0	0	1	0
2	4	16	-7	5	-10	7	7	-2	11	-3	6	-1	7	-1	157	-97	191	-118	0	4	5	39	-4	12	21	1517	-1	1	1	1	0	0	0	0
2	4	17	-7	5	-10	7	-5	4	-9	7	-10	7	-13	9	9	-5	11	-6	0	2	-1	3	-4	0	-3	5	-1	0	-1	1	0	1	0	0
2	4	18	-7	5	-10	7	5	-2	8	-3	5	-1	6	-1	69	-40	88	-51	0	2	4	18	-4	0	12	320	-1	0	1	1	0	1	0	0
2	4	19	-7	5	-10	7	2	1	3	2	1	3	1	4	152	-89	193	-113	0	4	5	39	-4	12	21	1517	-1	1	1	1	0	0	0	0
2	4	20	-7	5	-10	7	7	-3	12	-5	11	-4	14	-5	139	-78	180	-101	0	2	6	38	-4	0	32	1440	-1	0	1	1	0	1	0	0
2	4	21	-7	5	-10	7	8	-5	13	-8	9	-5	11	-6	26	-15	33	-19	0	0	3	7	-4	-4	5	45	-1	-1	1	1	0	0	0	0
2	4	22	-7	5	-10	7	5	-3	7	-4	0	1	-1	2	9	-5	11	-6	0	1	2	3	-4	-3	0	5	-1	-1	0	1	0	0	1	0
2	4	23	-7	5	-10	7	3	-2	5	-3	4	-1	5	-1	11	-3	15	-4	0	0	3	7	-4	-4	5	45	-1	-1	1	1	0	0	0	0
2	4	24	-7	5	-10	7	7	-5	10	-7	1	0	0	1	1	0	0	1	0	0	2	2	-4	-4	0	0	-1	-1	0	0	0	0	2	2
2	4	25	-7	5	-10	7	7	-4	9	-5	-4	3	-7	5	-1	1	-5	4	0	2	1	3	-4	0	-3	5	-1	0	-1	1	0	1	0	0
2	4	26	-7	5	-10	7	2	-1	1	0	-9	7	-13	10	4	-1	5	-1	0	2	1	3	-4	0	-3	5	-1	0	-1	1	0	1	0	0
2	4	27	-7	5	-10	7	2	-1	3	-1	1	2	1	3	30	-11	41	-15	0	1	4	15	-4	-3	12	221	-1	-1	1	1	0	0	0	0
2	4	28	-7	5	-10	7	1	0	1	1	-2	5	-3	7	61	-25	83	-34	0	2	5	27	-4	0	21	725	-1	0	1	1	0	1	0	0
2	4	29	-7	5	-10	7	2	-1	5	-2	11	-3	15	-4	76	-21	105	-29	0	0	7	47	-4	-4	45	2205	-1	-1	1	1	0	0	0	0
2	4	30	-7	5	-10	7	3	-2	5	-3	4	-1	5	-1	11	-3	15	-4	0	0	3	7	-4	-4	5	45	-1	-1	1	1	0	0	0	0
2	4	31	-7	5	-10	7	3	-2	2	-1	-11	9	-16	13	3	2	4	3	0	2	2	6	-4	0	0	32	-1	0	0	1	0	1	1	0
2	4	32	-7	5	-10	7	1	-1	2	-1	3	2	4	3	17	12	24	17	0	0	6	34	-4	-4	32	1152	-1	-1	1	1	0	0	0	0
2	4	33	-7	5	-10	7	4	-3	3	-2	-13	11	-19	16	-2	9	-3	13	0	2	3	11	-4	0	5	117	-1	0	1	1	0	1	0	0
2	4	34	-7	5	-10	7	5	-3	2	-1	-25	16	-36	23	-11	20	-16	29	0	4	-2	18	-4	12	0	320	-1	1	0	1	0	0	0	0
2	4	35	-7	5	-10	7	2	-1	-1	1	-19	12	-27	17	-2	9	-3	13	0	3	-2	11	-4	5	0	117	-1	1	0	1	0	0	0	0
2	4	36	-7	5	-10	7	1	0	-1	1	-12	5	-17	7	-9	25	-13	36	0	2	-5	27	-4	0	21	725	-1	0	1	1	0	1	0	0
2	4	37	-7	5	-10	7	3	-2	-1	1	-26	19	-37	27	5	7	7	10	0	4	1	15	-4	12	-3	221	-1	1	-1	1	0	0	0	0
2	4	38	-7	5	-10	7	2	-1	-3	2	-29	17	-41	24	12	19	17	27	0	4	-5	39	-4	12	21	1517	-1	1	1	1	0	0	0	0
2	4	39	-7	5	-10	7	-1	1	-4	3	-13	8	-18	11	3	2	4	3	0	2	-2	6	-4	0	0	32	-1	0	0	1	0	1	0	0
2	4	40	-7	5	-10	7	-1	1	-3	2	-8	3	-11	4	5	7	7	10	0	1	-4	15	-4	-3	12	221	-1	-1	1	1	0	0	0	0
2	4	41	-7	5	-10	7	-1	1	-2	1	-3	-2	-4	-3	17	12	24	17	0	0	-6	34	-4	-4	32	1152	-1	-1	1	1	0	0	0	0
2	4	42	-7	5	-10	7	1	0	-1	1	-12	5	-17	7	-9	25	-13	36	0	2	-5	27	-4	0	21	725	-1	0	1	1	0	1	0	0
2	4	43	-7	5	-10	7	-3	2	-5	3	-4	1	-5	1	11	-3	15	-4	0	0	-3	7	-4	-4	5	45	-1	-1	1	1	0	0	0	0
2	4	44	-7	5	-10	7	-1	1	-5	4	-18	13	-25	18	11	-3	15	-4	0	3	0	7	-4	5	-4	45	-1	1	-1	1	0	0	0	0
2	4	45	-7	5	-10	7	1	0	1	1	-2	5	-3	7	61	-25	83	-34	0	2	5	27	-4	0	21	725	-1	0	1	1	0	1	0	0
2	4	46	-7	5	-10	7	-1	1	-6	5	-23	18	-32	25	29	-8	40	-11	0	4	2	18	-4	12	0	320	-1	1	0	1	0	0	1	0
2	4	47	-7	5	-10	7	-3	2	-11	7	-34	21	-47	29	57	-13	79	-18	0	4	-5	39	-4	12	21	1517	-1	1	1	1	0	0	0	0
2	4	48	-7	5	-10	7	-3	2	-8	5	-19	11	-26	15	29	-8	40	-11	0	2	-4	18	-4	0	12	320	-1	0	1	1	0	1	0	0
2	4	49	-7	5	-10	7	-2	1	-5	2	-11	3	-15	4	76	-21	105	-29	0	0	-7	47	-4	-4	45	2205	-1	-1	1	1	0	0	0	0
2	4	50	-7	5	-10	7	-4	3	-11	8	-27	19	-37	26	30	-11	41	-15	0	4	-1	15	-4	12	-3	221	-1	1	-1	1	0	0	0	0
2	4	51	-7	5	-10	7	-5	3	-12	7	-25	14	-34	19	79	-30	108	-41	0	2	-6	38	-4	0	32	1440	-1	0	1	1	0	1	0	0
2	5	0	4	-1	5	-1	0	1	-1	2	1	2	1	3	-13	11	-19	16	3	2	4	3	5	0	12	5	1	0	1	1	0	1	0	0
2	5	1	4	-1	5	-1	-1	2	-2	3	-2	5	-3	7	-33	28	-46	39	3	2	5	6	5	0	21	32	1	0	1	1	0	1	0	0
2	5	2	4	-1	5	-1	-2	3	-3	4	-5	8	-7	11	-59	51	-81	70	3	2	6	11	5	0	32	117	1	0	1	1	0	1	0	0
2	5	3	4	-1	5	-1	5	-1	6	-1	14	-3	19	-4	-13	11	-19	16	3	4	10	3	5	12	96	5	1	1	1	1	0	0	0	0
2	5	4	4	-1	5	-1	-7	5	-10	7	-18	13	-25	18	11	-3	15	-4	3	0	0	7	5	-4	-4	45	1	-1	-1	1	0	0	0	0
2	5	5	4	-1	5	-1	4	-1	5	-1	11	-3	15	-4	1	0	0	1	3	3	7	2	5	5	45	0	1	1	1	0	0	0	0	2
2	5	6	4	-1	5	-1	1	2	1	3	3	5	4	7	-107	79	-149	110	3	4	10	3	5	12	96	5	1	1	1	1	0	0	0	0
2	5	7	4	-1	5	-1	8	-3	11	-4	21	-8	29	-11	45	-31	61	-42	3	4	10	3	5	12	96	5	1	1	1	1	0	0	0	0
2	5	8	4	-1	5	-1	7	-4	9	-5	19	-11	26	-15	45	-31	61	-42	3	2	4	3	5	0	12	5	1	0	1	1	0	1	0	0
2	5	9	4	-1	5	-1	-4	3	-7	5	-9	7	-13	10	3	2	4	3	3	1	1	6	5	-3	-3	32	1	-1	-1	1	0	0	0	0
2	5	10	4	-1	5	-1	-3	2	-5	3	-7	5	-10	7	11	-3	15	-4	3	0	0	7	5	-4	-4	45	1	-1	-1	1	0	0	0	0
2	5	11	4	-1	5	-1	-5	4	-9	7	-11	9	-16	13	-13	11	-19	16	3	2	2	3	5	0	0	5	1	0	0	1	0	1	1	0
2	5	12	4	-1	5	-1	-8	5	-13	8	-19	12	-27	17	49	-27	69	-38	3	0	-2	11	5	-4	0	117	1	-1	0	1	0	0	0	0
2	5	13	4	-1	5	-1	3	-1	4	-1	8	-3	11	-4	9	-5	11	-6	3	2	4	3	5	0	12	5	1	0	1	1	0	1	0	0
2	5	14	4	-1	5	-1	1	1	1	2	3	2	4	3	-37	24	-54	35	3	3	6	-2	5	5	32	0	1	1	1	0	0	0	0	0
2	5	15	4	-1	5	-1	-1	3	-2	5	-2	7	-3	10	-113	73	-161	104	3	4	8	-9	5	12	60	77	1	1	1	1	0	0	0	0
2	5	16	4	-1	5	-1	7	-2	11	-3	17	-5	24	-7	9	-5	11	-6	3	4	10	3	5	12	96	5	1	1	1	1	0	0	0	0
2	5	17	4	-1	5	-1	-5	4	-9	7	-11	9	-16	13	-13	11	-19	16	3	2	2	3	5	0	0	5	1	0	0	1	0	1	1	0
2	5	18	4	-1	5	-1	5	-2	8	-3	12	-5	17	-7	25	-14	34	-19	3	2	5	6	5	0	21	32	1	0	1	1	0	1	0	0
2	5	19	4	-1	5	-1	2	1	3	2	5	2	7	3	-69	41	-101	60	3	4	8	-9	5	12	60	77	1	1	1	1	0	0	0	0
2	5	20	4	-1	5	-1	7	-3	12	-5	16	-7	23	-10	49	-27	69	-38	3	2	6	11	5	0	32	117	1	0	1	1	0	1	0	0
2	5	21	4	-1	5	-1	8	-5	13	-8	19	-12	27	-17	49	-27	69	-38	3	0	2	11	5	-4	0	117	1	-1	0	1	0	0	1	0
2	5	22	4	-1	5	-1	5	-3	7	-4	13	-8	18	-11	25	-14	34	-19	3	1	2	6	5	-3	0	32	1	-1	0	1	0	0	1	0
2	5	23	4	-1	5	-1	3	-2	5	-3	7	-5	10	-7	11	-3	15	-4	3	0	0	7	5	-4	-4	45	1	-1	-1	1	0	0	0	0
2	5	24	4	-1	5	-1	7	-5	10	-7	18	-13	25	-18	11	-3	15	-4	3	0	0	7	5	-4	-4	45	1	-1	-1	1	0	0	0	0
2	5	25	4	-1	5	-1	7	-4	9	-5	19	-11	26	-15	45	-31	61	-42	3	2	4	3	5	0	12	5	1	0	1	1	0	1	0	0
2	5	26	4	-1	5	-1	2	-1	1	0	7	-4	9	-5	9	-5	11	-6	3	2	2	3	5	0	0	5	1	0	0	1	0	1	1	0
2	5	27	4	-1	5	-1	2	-1	3	-1	5	-3	7	-4	11	-4	14	-5	3	1	1	6	5	-3	-3	32	1	-1	-1	1	0	0	0	0
2	5	28	4	-1	5	-1	1	0	1	1	3	-1	4	-1	3	-1	1	0	3	2	2	3	5	0	0	5	1	0	0	1	0	1	1	0
2	5	29	4	-1	5	-1	2	-1	5	-2	3	-2	5	-3	11	-3	15	-4	3	0	0	7	5	-4	-4	45	1	-1	-1	1	0	0	0	0
2	5	30	4	-1	5	-1	3	-2	5	-3	7	-5	10	-7	11	-3	15	-4	3	0	0	7	5	-4	-4	45	1	-1	-1	1	0	0	0	0
2	5	31	4	-1	5	-1	3	-2	2	-1	10	-7	13	-9	11	-4	14	-5	3	2	1	6	5	0	-3	32	1	0	-1	1	0	1	0	0
2	5	32	4	-1	5	-1	1	-1	2	-1	2	-3	3	-4	7	3	9	4	3	0	-2	11	5	-4	0	117	1	-1	0	1	0	0	0	0
2	5	33	4	-1	5	-1	4	-3	3	-2	13	-10	17	-13	7	3	9	4	3	2	0	11	5	0	-4	117	1	0	-1	1	0	1	0	0
2	5	34	4	-1	5	-1	5	-3	2	-1	18	-11	23	-14	15	-19	19	-24	3	4	4	-9	5	12	12	77	1	1	1	1	0	0	0	0
2	5	35	4	-1	5	-1	2	-1	-1	1	9	-5	11	-6	5	-6	6	-7	3	3	3	-2	5	5	5	0	1	1	1	0	0	0	0	0
2	5	36	4	-1	5	-1	1	0	-1	1	5	-1	6	-1	1	1	1	2	3	2	4	3	5	0	12	5	1	0	1	1	0	1	0	0
2	5	37	4	-1	5	-1	3	-2	-1	1	13	-9	16	-11	9	-5	11	-6	3	4	2	3	5	12	0	5	1	1	0	1	0	0	1	0
2	5	38	4	-1	5	-1	2	-1	-3	2	11	-6	13	-7	-1	-7	-1	-8	3	4	4	-9	5	12	12	77	1	1	1	1	0	0	0	0
2	5	39	4	-1	5	-1	-1	1	-4	3	0	1	-1	2	1	1	1	2	3	2	2	3	5	0	0	5	1	0	0	1	0	1	1	0
2	5	40	4	-1	5	-1	-1	1	-3	2	-1	2	-2	3	3	2	4	3	3	1	2	6	5	-3	0	32	1	-1	0	1	0	0	1	0
2	5	41	4	-1	5	-1	-1	1	-2	1	-2	3	-3	4	7	3	9	4	3	0	2	11	5	-4	0	117	1	-1	0	1	0	0	1	0
2	5	42	4	-1	5	-1	1	0	-1	1	5	-1	6	-1	1	1	1	2	3	2	4	3	5	0	12	5	1	0	1	1	0	1	0	0
2	5	43	4	-1	5	-1	-3	2	-5	3	-7	5	-10	7	11	-3	15	-4	3	0	0	7	5	-4	-4	45	1	-1	-1	1	0	0	0	0
2	5	44	4	-1	5	-1	-1	1	-5	4	1	0	0	1	1	0	0	1	3	3	2	2	5	5	0	0	1	1	0	0	0	0	2	2
2	5	45	4	-1	5	-1	1	0	1	1	3	-1	4	-1	3	-1	1	0	3	2	2	3	5	0	0	5	1	0	0	1	0	1	1	0
2	5	46	4	-1	5	-1	-1	1	-6	5	2	-1	1	0	3	-1	1	0	3	4	2	3	5	12	0	5	1	1	0	1	0	0	1	0
2	5	47	4	-1	5	-1	-3	2	-11	7	-1	1	-4	3	5	-1	11	-2	3	4	2	3	5	12	0	5	1	1	0	1	0	0	1	0
2	5	48	4	-1	5	-1	-3	2	-8	5	-4	3	-7	5	9	-2	14	-3	3	2	1	6	5	0	-3	32	1	0	-1	1	0	1	0	0
2	5	49	4	-1	5	-1	-2	1	-5	2	-3	2	-5	3	11	-3	15	-4	3	0	0	7	5	-4	-4	45	1	-1	-1	1	0	0	0	0
2	5	50	4	-1	5	-1	-4	3	-11	8	-5	4	-9	7	1	1	1	2	3	4	2	3	5	12	0	5	1	1	0	1	0	0	1	0
2	5	51	4	-1	5	-1	-5	3	-12	7	-8	5	-13	8	25	-9	39	-14	3	2	0	11	5	0	-4	117	1	0	-1	1	0	1	0	0
2	6	0	1	2	1	3	0	1	-1	2	-2	5	-3	7	-13	11	-19	16	4	2	5	3	12	0	21	5	1	0	1	1	0	1	0	0
2	6	1	1	2	1	3	-1	2	-2	3	-5	8	-7	11	-33	28	-46	39	4	2	6	6	12	0	32	32	1	0	1	1	0	1	0	0
2	6	2	1	2	1	3	-2	3	-3	4	-8	11	-11	15	-59	51	-81	70	4	2	7	11	12	0	45	117	1	0	1	1	0	1	0	0
2	6	3	1	2	1	3	5	-1	6	-1	17	-3	23	-4	168	-131	227	-177	4	4	13	-9	12	12	165	77	1	1	1	1	0	0	0	0
2	6	4	1	2	1	3	-7	5	-10	7	-27	19	-37	26	30	-11	41	-15	4	0	-1	15	12	-4	-3	221	1	-1	-1	1	0	0	0	0
2	6	5	1	2	1	3	4	-1	5	-1	14	-3	19	-4	110	-79	149	-107	4	3	10	3	12	5	96	5	1	1	1	1	0	0	0	0
2	6	6	1	2	1	3	1	2	1	3	3	8	4	11	1	0	0	1	4	4	14	2	12	12	192	0	1	1	1	0	0	0	0	2
2	6	7	1	2	1	3	8	-3	11	-4	30	-11	41	-15	377	-265	515	-362	4	4	15	15	12	12	221	221	1	1	1	1	0	0	0	0
2	6	8	1	2	1	3	7	-4	9	-5	25	-14	34	-19	131	-92	178	-125	4	2	6	6	12	0	32	32	1	0	1	1	0	1	0	0
2	6	9	1	2	1	3	-4	3	-7	5	-18	13	-25	18	8	5	11	7	4	1	0	15	12	-3	-4	221	1	-1	-1	1	0	0	0	0
2	6	10	1	2	1	3	-3	2	-5	3	-13	8	-18	11	29	-8	40	-11	4	0	-2	18	12	-4	0	320	1	-1	0	1	0	0	0	0
2	6	11	1	2	1	3	-5	4	-9	7	-23	18	-32	25	-33	28	-46	39	4	2	2	6	12	0	0	32	1	0	0	1	0	1	1	0
2	6	12	1	2	1	3	-8	5	-13	8	-34	21	-47	29	173	-97	239	-134	4	0	-5	39	12	-4	21	1517	1	-1	1	1	0	0	0	0
2	6	13	1	2	1	3	3	-1	4	-1	11	-3	15	-4	64	-39	87	-53	4	2	7	11	12	0	45	117	1	0	1	1	0	1	0	0
2	6	14	1	2	1	3	1	1	1	2	3	5	4	7	9	-5	11	-6	4	3	10	3	12	5	96	5	1	1	1	1	0	0	0	0
2	6	15	1	2	1	3	-1	3	-2	5	-5	13	-7	18	-94	61	-131	85	4	4	13	-9	12	12	165	77	1	1	1	1	0	0	0	0
2	6	16	1	2	1	3	7	-2	11	-3	29	-8	40	-11	441	-272	608	-375	4	4	18	66	12	12	320	4352	1	1	1	1	0	0	0	0
2	6	17	1	2	1	3	-5	4	-9	7	-23	18	-32	25	-33	28	-46	39	4	2	2	6	12	0	0	32	1	0	0	1	0	1	1	0
2	6	18	1	2	1	3	5	-2	8	-3	21	-8	29	-11	187	-108	258	-149	4	2	10	38	12	0	96	1440	1	0	1	1	0	1	0	0
2	6	19	1	2	1	3	2	1	3	2	8	5	11	7	71	-41	97	-56	4	4	15	15	12	12	221	221	1	1	1	1	0	0	0	0
2	6	20	1	2	1	3	7	-3	12	-5	31	-13	43	-18	370	-207	513	-287	4	2	13	83	12	0	165	6885	1	0	1	1	0	1	0	0
2	6	21	1	2	1	3	8	-5	13	-8	34	-21	47	-29	173	-97	239	-134	4	0	5	39	12	-4	21	1517	1	-1	1	1	0	0	0	0
2	6	22	1	2	1	3	5	-3	7	-4	19	-11	26	-15	71	-41	97	-56	4	1	4	15	12	-3	12	221	1	-1	1	1	0	0	0	0
2	6	23	1	2	1	3	3	-2	5	-3	13	-8	18	-11	29	-8	40	-11	4	0	2	18	12	-4	0	320	1	-1	0	1	0	0	1	0
2	6	24	1	2	1	3	7	-5	10	-7	27	-19	37	-26	30	-11	41	-15	4	0	1	15	12	-4	-3	221	1	-1	-1	1	0	0	0	0
2	6	25	1	2	1	3	7	-4	9	-5	25	-14	34	-19	131	-92	178	-125	4	2	6	6	12	0	32	32	1	0	1	1	0	1	0	0
2	6	26	1	2	1	3	2	-1	1	0	4	-1	5	-1	9	-5	11	-6	4	2	3	3	12	0	5	5	1	0	1	1	0	1	0	0
2	6	27	1	2	1	3	2	-1	3	-1	8	-3	11	-4	30	-11	41	-15	4	1	4	15	12	-3	12	221	1	-1	1	1	0	0	0	0
2	6	28	1	2	1	3	1	0	1	1	3	2	4	3	11	-4	14	-5	4	2	6	6	12	0	32	32	1	0	1	1	0	1	0	0
2	6	29	1	2	1	3	2	-1	5	-2	12	-5	17	-7	63	-17	89	-24	4	0	5	39	12	-4	21	1517	1	-1	1	1	0	0	0	0
2	6	30	1	2	1	3	3	-2	5	-3	13	-8	18	-11	29	-8	40	-11	4	0	2	18	12	-4	0	320	1	-1	0	1	0	0	1	0
2	6	31	1	2	1	3	3	-2	2	-1	7	-4	9	-5	11	-4	14	-5	4	2	2	6	12	0	0	32	1	0	0	1	0	1	1	0
2	6	32	1	2	1	3	1	-1	2	-1	5	-3	7	-4	8	5	11	7	4	0	1	15	12	-4	-3	221	1	-1	-1	1	0	0	0	0
2	6	33	1	2	1	3	4	-3	3	-2	10	-7	13	-9	7	3	9	4	4	2	1	11	12	0	-3	117	1	0	-1	1	0	1	0	0
2	6	34	1	2	1	3	5	-3	2	-1	9	-5	11	-6	14	-19	17	-23	4	4	3	-9	12	12	5	77	1	1	1	1	0	0	0	0
2	6	35	1	2	1	3	2	-1	-1	1	0	1	-1	2	0	1	-1	3	4	3	2	3	12	5	0	5	1	1	0	1	0	0	1	0
2	6	36	1	2	1	3	1	0	-1	1	-1	2	-2	3	-1	4	-2	7	4	2	2	6	12	0	0	32	1	0	0	1	0	1	1	0
2	6	37	1	2	1	3	3	-2	-1	1	1	0	0	1	1	0	0	1	4	4	2	2	12	12	0	0	1	1	0	0	0	0	2	2
2	6	38	1	2	1	3	2	-1	-3	2	-4	3	-7	5	3	7	5	12	4	4	1	15	12	12	-3	221	1	1	-1	1	0	0	0	0
2	6	39	1	2	1	3	-1	1	-4	3	-9	7	-13	10	-2	9	-3	13	4	2	1	11	12	0	-3	117	1	0	-1	1	0	1	0	0
2	6	40	1	2	1	3	-1	1	-3	2	-7	5	-10	7	5	7	7	10	4	1	0	15	12	-3	-4	221	1	-1	-1	1	0	0	0	0
2	6	41	1	2	1	3	-1	1	-2	1	-5	3	-7	4	8	5	11	7	4	0	-1	15	12	-4	-3	221	1	-1	-1	1	0	0	0	0
2	6	42	1	2	1	3	1	0	-1	1	-1	2	-2	3	-1	4	-2	7	4	2	2	6	12	0	0	32	1	0	0	1	0	1	1	0
2	6	43	1	2	1	3	-3	2	-5	3	-13	8	-18	11	29	-8	40	-11	4	0	-2	18	12	-4	0	320	1	-1	0	1	0	0	0	0
2	6	44	1	2	1	3	-1	1	-5	4	-11	9	-16	13	-13	11	-19	16	4	3	2	3	12	5	0	5	1	1	0	1	0	0	1	0
2	6	45	1	2	1	3	1	0	1	1	3	2	4	3	11	-4	14	-5	4	2	6	6	12	0	32	32	1	0	1	1	0	1	0	0
2	6	46	1	2	1	3	-1	1	-6	5	-13	11	-19	16	-28	13	-41	19	4	4	3	-9	12	12	5	77	1	1	1	1	0	0	0	0
2	6	47	1	2	1	3	-3	2	-11	7	-25	16	-36	23	89	-16	128	-23	4	4	-2	66	12	12	0	4352	1	1	0	1	0	0	0	0
2	6	48	1	2	1	3	-3	2	-8	5	-19	12	-27	17	55	-12	78	-17	4	2	-2	38	12	0	0	1440	1	0	0	1	0	1	0	0
2	6	49	1	2	1	3	-2	1	-5	2	-12	5	-17	7	63	-17	89	-24	4	0	-5	39	12	-4	21	1517	1	-1	1	1	0	0	0	0
2	6	50	1	2	1	3	-4	3	-11	8	-26	19	-37	27	5	7	7	10	4	4	1	15	12	12	-3	221	1	1	-1	1	0	0	0	0
2	6	51	1	2	1	3	-5	3	-12	7	-29	17	-41	24	172	-63	243	-89	4	2	-5	83	12	0	21	6885	1	0	1	1	0	1	0	0
2	7	0	8	-3	11	-4	0	1	-1	2	3	2	4	3	-43	34	-62	49	4	2	6	6	12	0	32	32	1	0	1	1	0	1	0	0
2	7	1	8	-3	11	-4	-1	2	-2	3	-2	7	-3	10	-107	88	-152	125	4	2	8	18	12	0	60	320	1	0	1	1	0	1	0	0
2	7	2	8	-3	11	-4	-2	3	-3	4	-7	12	-10	17	-191	162	-270	229	4	2	10	38	12	0	96	1440	1	0	1	1	0	1	0	0
2	7	3	8	-3	11	-4	5	-1	6	-1	22	-5	31	-7	-123	97	-175	138	4	4	15	15	12	12	221	221	1	1	1	1	0	0	0	0
2	7	4	8	-3	11	-4	-7	5	-10	7	-26	19	-37	27	5	7	7	10	4	0	1	15	12	-4	-3	221	1	-1	-1	1	0	0	0	0
2	7	5	8	-3	11	-4	4	-1	5	-1	17	-5	24	-7	-42	31	-61	45	4	3	10	3	12	5	96	5	1	1	1	1	0	0	0	0
2	7	6	8	-3	11	-4	1	2	1	3	5	7	7	10	-362	265	-515	377	4	4	15	15	12	12	221	221	1	1	1	1	0	0	0	0
2	7	7	8	-3	11	-4	8	-3	11	-4	31	-12	44	-17	1	0	0	1	4	4	14	2	12	12	192	0	1	1	1	0	0	0	0	2
2	7	8	8	-3	11	-4	7	-4	9	-5	29	-17	41	-24	86	-59	121	-83	4	2	5	3	12	0	21	5	1	0	1	1	0	1	0	0
2	7	9	8	-3	11	-4	-4	3	-7	5	-11	9	-16	13	-2	9	-3	13	4	1	2	11	12	-3	0	117	1	-1	0	1	0	0	1	0
2	7	10	8	-3	11	-4	-3	2	-5	3	-9	7	-13	10	22	-5	31	-7	4	0	1	15	12	-4	-3	221	1	-1	-1	1	0	0	0	0
2	7	11	8	-3	11	-4	-5	4	-9	7	-13	11	-19	16	-42	31	-61	45	4	2	3	3	12	0	5	5	1	0	1	1	0	1	0	0
2	7	12	8	-3	11	-4	-8	5	-13	8	-25	16	-36	23	81	-44	116	-63	4	0	-2	18	12	-4	0	320	1	-1	0	1	0	0	0	0
2	7	13	8	-3	11	-4	3	-1	4	-1	12	-5	17	-7	9	-5	11	-6	4	2	5	3	12	0	21	5	1	0	1	1	0	1	0	0
2	7	14	8	-3	11	-4	1	1	1	2	5	2	7	3	-115	73	-167	106	4	3	8	-9	12	5	60	77	1	1	1	1	0	0	0	0
2	7	15	8	-3	11	-4	-1	3	-2	5	-2	9	-3	13	-323	207	-465	298	4	4	11	-25	12	12	117	621	1	1	1	1	0	0	0	0
2	7	16	8	-3	11	-4	7	-2	11	-3	23	-7	33	-10	-98	61	-143	89	4	4	13	-9	12	12	165	77	1	1	1	1	0	0	0	0
2	7	17	8	-3	11	-4	-5	4	-9	7	-13	11	-19	16	-42	31	-61	45	4	2	3	3	12	0	5	5	1	0	1	1	0	1	0	0
2	7	18	8	-3	11	-4	5	-2	8	-3	16	-7	23	-10	25	-14	34	-19	4	2	6	6	12	0	32	32	1	0	1	1	0	1	0	0
2	7	19	8	-3	11	-4	2	1	3	2	7	2	10	3	-211	124	-308	181	4	4	10	-30	12	12	96	896	1	1	1	1	0	0	0	0
2	7	20	8	-3	11	-4	7	-3	12	-5	20	-9	29	-13	49	-27	69	-38	4	2	7	11	12	0	45	117	1	0	1	1	0	1	0	0
2	7	21	8	-3	11	-4	8	-5	13	-8	25	-16	36	-23	81	-44	116	-63	4	0	2	18	12	-4	0	320	1	-1	0	1	0	0	1	0
2	7	22	8	-3	11	-4	5	-3	7	-4	19	-12	27	-17	49	-27	69	-38	4	1	2	11	12	-3	0	117	1	-1	0	1	0	0	1	0
2	7	23	8	-3	11	-4	3	-2	5	-3	9	-7	13	-10	22	-5	31	-7	4	0	-1	15	12	-4	-3	221	1	-1	-1	1	0	0	0	0
2	7	24	8	-3	11	-4	7	-5	10	-7	26	-19	37	-27	5	7	7	10	4	0	-1	15	12	-4	-3	221	1	-1	-1	1	0	0	0	0
2	7	25	8	-3	11	-4	7	-4	9	-5	29	-17	41	-24	86	-59	121	-83	4	2	5	3	12	0	21	5	1	0	1	1	0	1	0	0
2	7	26	8	-3	11	-4	2	-1	1	0	13	-8	18	-11	25	-14	34	-19	4	2	2	6	12	0	0	32	1	0	0	1	0	1	1	0
2	7	27	8	-3	11	-4	2	-1	3	-1	7	-5	10	-7	30	-11	41	-15	4	1	0	15	12	-3	-4	221	1	-1	-1	1	0	0	0	0
2	7	28	8	-3	11	-4	1	0	1	1	5	-3	7	-4	22	-9	27	-11	4	2	1	11	12	0	-3	117	1	0	-1	1	0	1	0	0
2	7	29	8	-3	11	-4	2	-1	5	-2	1	-2	2	-3	29	-8	40	-11	4	0	-2	18	12	-4	0	320	1	-1	0	1	0	0	0	0
2	7	30	8	-3	11	-4	3	-2	5	-3	9	-7	13	-10	22	-5	31	-7	4	0	-1	15	12	-4	-3	221	1	-1	-1	1	0	0	0	0
2	7	31	8	-3	11	-4	3	-2	2	-1	18	-13	25	-18	29	-8	40	-11	4	2	0	18	12	0	-4	320	1	0	-1	1	0	1	0	0
2	7	32	8	-3	11	-4	1	-1	2	-1	2	-5	3	-7	21	13	29	18	4	0	-5	39	12	-4	21	1517	1	-1	1	1	0	0	0	0
2	7	33	8	-3	11	-4	4	-3	3	-2	23	-18	32	-25	13	18	18	25	4	2	-2	38	12	0	0	1440	1	0	0	1	0	1	0	0
2	7	34	8	-3	11	-4	5	-3	2	-1	34	-21	47	-29	37	-45	51	-62	4	4	5	-25	12	12	21	621	1	1	1	1	0	0	0	0
2	7	35	8	-3	11	-4	2	-1	-1	1	19	-11	26	-15	14	-17	19	-23	4	3	4	-9	12	5	12	77	1	1	1	1	0	0	0	0
2	7	36	8	-3	11	-4	1	0	-1	1	11	-3	15	-4	-2	9	-3	13	4	2	7	11	12	0	45	117	1	0	1	1	0	1	0	0
2	7	37	8	-3	11	-4	3	-2	-1	1	27	-19	37	-26	30	-11	41	-15	4	4	1	15	12	12	-3	221	1	1	-1	1	0	0	0	0
2	7	38	8	-3	11	-4	2	-1	-3	2	25	-14	34	-19	-3	-20	-4	-27	4	4	6	-30	12	12	32	896	1	1	1	1	0	0	0	0
2	7	39	8	-3	11	-4	-1	1	-4	3	4	-1	5	-1	1	1	1	2	4	2	3	3	12	0	5	5	1	0	1	1	0	1	0	0
2	7	40	8	-3	11	-4	-1	1	-3	2	1	2	1	3	5	7	7	10	4	1	4	15	12	-3	12	221	1	-1	1	1	0	0	0	0
2	7	41	8	-3	11	-4	-1	1	-2	1	-2	5	-3	7	21	13	29	18	4	0	5	39	12	-4	21	1517	1	-1	1	1	0	0	0	0
2	7	42	8	-3	11	-4	1	0	-1	1	11	-3	15	-4	-2	9	-3	13	4	2	7	11	12	0	45	117	1	0	1	1	0	1	0	0
2	7	43	8	-3	11	-4	-3	2	-5	3	-9	7	-13	10	22	-5	31	-7	4	0	1	15	12	-4	-3	221	1	-1	-1	1	0	0	0	0
2	7	44	8	-3	11	-4	-1	1	-5	4	7	-4	9	-5	9	-5	11	-6	4	3	2	3	12	5	0	5	1	1	0	1	0	0	1	0
2	7	45	8	-3	11	-4	1	0	1	1	5	-3	7	-4	22	-9	27	-11	4	2	1	11	12	0	-3	117	1	0	-1	1	0	1	0	0
2	7	46	8	-3	11	-4	-1	1	-6	5	10	-7	13	-9	29	-11	37	-14	4	4	1	15	12	12	-3	221	1	1	-1	1	0	0	0	0
2	7	47	8	-3	11	-4	-3	2	-11	7	9	-5	11	-6	-10	1	-11	1	4	4	3	-9	12	12	5	77	1	1	1	1	0	0	0	0
2	7	48	8	-3	11	-4	-3	2	-8	5	0	1	-1	2	9	-2	14	-3	4	2	2	6	12	0	0	32	1	0	0	1	0	1	1	0
2	7	49	8	-3	11	-4	-2	1	-5	2	-1	2	-2	3	29	-8	40	-11	4	0	2	18	12	-4	0	320	1	-1	0	1	0	0	1	0
2	7	50	8	-3	11	-4	-4	3	-11	8	1	0	0	1	1	0	0	1	4	4	2	2	12	12	0	0	1	1	0	0	0	0	2	2
2	7	51	8	-3	11	-4	-5	3	-12	7	-4	3	-7	5	25	-9	39	-14	4	2	1	11	12	0	-3	117	1	0	-1	1	0	1	0	0
2	8	0	7	-4	9	-5	0	1	-1	2	4	-1	5	-1	-13	11	-19	16	2	2	3	3	0	0	5	5	0	0	1	1	1	1	0	0
2	8	1	7	-4	9	-5	-1	2	-2	3	1	2	1	3	-33	28	-46	39	2	2	4	6	0	0	12	32	0	0	1	1	1	1	0	0
2	8	2	7	-4	9	-5	-2	3	-3	4	-2	5	-3	7	-59	51	-81	70	2	2	5	11	0	0	21	117	0	0	1	1	1	1	0	0
2	8	3	7	-4	9	-5	5	-1	6	-1	11	-3	15	-4	-110	87	-153	121	2	4	7	11	0	12	45	117	0	1	1	1	1	0	0	0
2	8	4	7	-4	9	-5	-7	5	-10	7	-9	7	-13	10	4	-1	5	-1	2	0	1	3	0	-4	-3	5	0	-1	-1	1	1	0	0	0
2	8	5	7	-4	9	-5	4	-1	5	-1	8	-3	11	-4	-42	31	-61	45	2	3	4	3	0	5	12	5	0	1	1	1	1	0	0	0
2	8	6	7	-4	9	-5	1	2	1	3	3	2	4	3	-125	92	-178	131	2	4	6	6	0	12	32	32	0	1	1	1	1	0	0	0
2	8	7	7	-4	9	-5	8	-3	11	-4	12	-5	17	-7	-83	59	-121	86	2	4	5	3	0	12	21	5	0	1	1	1	1	0	0	0
2	8	8	7	-4	9	-5	7	-4	9	-5	13	-8	18	-11	1	0	0	1	2	2	2	2	0	0	0	0	0	0	0	0	1	1	1	2
2	8	9	7	-4	9	-5	-4	3	-7	5	0	1	-1	2	4	-1	5	-1	2	1	2	3	0	-3	0	5	0	-1	0	1	1	0	1	0
2	8	10	7	-4	9	-5	-3	2	-5	3	-1	2	-2	3	11	-4	14	-5	2	0	2	6	0	-4	0	32	0	-1	0	1	1	0	1	0
2	8	11	7	-4	9	-5	-5	4	-9	7	1	0	0	1	1	0	0	1	2	2	2	2	0	0	0	0	0	0	0	0	1	1	2	2
2	8	12	7	-4	9	-5	-8	5	-13	8	-4	3	-7	5	9	-5	11	-6	2	0	1	3	0	-4	-3	5	0	-1	-1	1	1	0	0	0
2	8	13	7	-4	9	-5	3	-1	4	-1	5	-3	7	-4	2	-1	-1	1	2	2	1	3	0	0	-3	5	0	0	-1	1	1	1	0	0
2	8	14	7	-4	9	-5	1	1	1	2	3	-1	4	-1	-17	11	-31	20	2	3	2	3	0	5	0	5	0	1	0	1	1	0	1	0
2	8	15	7	-4	9	-5	-1	3	-2	5	1	1	1	2	-48	31	-79	51	2	4	3	3	0	12	5	5	0	1	1	1	1	0	0	0
2	8	16	7	-4	9	-5	7	-2	11	-3	5	-2	8	-3	-45	28	-82	51	2	4	2	6	0	12	0	32	0	1	0	1	1	0	1	0
2	8	17	7	-4	9	-5	-5	4	-9	7	1	0	0	1	1	0	0	1	2	2	2	2	0	0	0	0	0	0	0	0	1	1	2	2
2	8	18	7	-4	9	-5	5	-2	8	-3	3	-2	5	-3	7	-4	2	-1	2	2	0	6	0	0	-4	32	0	0	-1	1	1	1	0	0
2	8	19	7	-4	9	-5	2	1	3	2	2	-1	3	-1	-5	3	-27	16	2	4	1	11	0	12	-3	117	0	1	-1	1	1	0	0	0
2	8	20	7	-4	9	-5	7	-3	12	-5	1	-1	3	-2	16	-9	9	-5	2	2	-1	11	0	0	-3	117	0	0	-1	1	1	1	0	0
2	8	21	7	-4	9	-5	8	-5	13	-8	4	-3	7	-5	9	-5	11	-6	2	0	-1	3	0	-4	-3	5	0	-1	-1	1	1	0	0	0
2	8	22	7	-4	9	-5	5	-3	7	-4	7	-5	10	-7	9	-5	11	-6	2	1	0	3	0	-3	-4	5	0	-1	-1	1	1	0	0	0
2	8	23	7	-4	9	-5	3	-2	5	-3	1	-2	2	-3	11	-4	14	-5	2	0	-2	6	0	-4	0	32	0	-1	0	1	1	0	0	0
2	8	24	7	-4	9	-5	7	-5	10	-7	9	-7	13	-10	4	-1	5	-1	2	0	-1	3	0	-4	-3	5	0	-1	-1	1	1	0	0	0
2	8	25	7	-4	9	-5	7	-4	9	-5	13	-8	18	-11	1	0	0	1	2	2	2	2	0	0	0	0	0	0	0	0	1	1	1	2
2	8	26	7	-4	9	-5	2	-1	1	0	10	-7	13	-9	9	-5	11	-6	2	2	1	3	0	0	-3	5	0	0	-1	1	1	1	0	0
2	8	27	7	-4	9	-5	2	-1	3	-1	2	-3	3	-4	22	-9	27	-11	2	1	-2	11	0	-3	0	117	0	-1	0	1	1	0	0	0
2	8	28	7	-4	9	-5	1	0	1	1	3	-4	4	-5	37	-16	44	-19	2	2	-2	18	0	0	0	320	0	0	0	1	1	1	0	0
2	8	29	7	-4	9	-5	2	-1	5	-2	-6	1	-7	1	43	-13	53	-16	2	0	-5	27	0	-4	21	725	0	-1	1	1	1	0	0	0
2	8	30	7	-4	9	-5	3	-2	5	-3	1	-2	2	-3	11	-4	14	-5	2	0	-2	6	0	-4	0	32	0	-1	0	1	1	0	0	0
2	8	31	7	-4	9	-5	3	-2	2	-1	13	-10	17	-13	11	-4	14	-5	2	2	0	6	0	0	-4	32	0	0	-1	1	1	1	0	0
2	8	32	7	-4	9	-5	1	-1	2	-1	-1	-3	-1	-4	18	7	23	9	2	0	-5	27	0	-4	21	725	0	-1	1	1	1	0	0	0
2	8	33	7	-4	9	-5	4	-3	3	-2	16	-13	21	-17	7	3	9	4	2	2	-1	11	0	0	-3	117	0	0	-1	1	1	1	0	0
2	8	34	7	-4	9	-5	5	-3	2	-1	27	-17	35	-22	4	-1	5	-1	2	4	5	3	0	12	21	5	0	1	1	1	1	0	0	0
2	8	35	7	-4	9	-5	2	-1	-1	1	18	-11	23	-14	4	-1	5	-1	2	3	4	3	0	5	12	5	0	1	1	1	1	0	0	0
2	8	36	7	-4	9	-5	1	0	-1	1	11	-4	14	-5	-3	16	-4	21	2	2	6	18	0	0	32	320	0	0	1	1	1	1	0	0
2	8	37	7	-4	9	-5	3	-2	-1	1	25	-18	32	-23	11	-4	14	-5	2	4	2	6	0	12	0	32	0	1	0	1	1	0	1	0
2	8	38	7	-4	9	-5	2	-1	-3	2	26	-15	33	-19	7	3	9	4	2	4	7	11	0	12	45	117	0	1	1	1	1	0	0	0
2	8	39	7	-4	9	-5	-1	1	-4	3	9	-5	11	-6	4	-1	5	-1	2	2	3	3	0	0	5	5	0	0	1	1	1	1	0	0
2	8	40	7	-4	9	-5	-1	1	-3	2	5	-1	6	-1	7	3	9	4	2	1	4	11	0	-3	12	117	0	-1	1	1	1	0	0	0
2	8	41	7	-4	9	-5	-1	1	-2	1	1	3	1	4	18	7	23	9	2	0	5	27	0	-4	21	725	0	-1	1	1	1	0	0	0
2	8	42	7	-4	9	-5	1	0	-1	1	11	-4	14	-5	-3	16	-4	21	2	2	6	18	0	0	32	320	0	0	1	1	1	1	0	0
2	8	43	7	-4	9	-5	-3	2	-5	3	-1	2	-2	3	11	-4	14	-5	2	0	2	6	0	-4	0	32	0	-1	0	1	1	0	1	0
2	8	44	7	-4	9	-5	-1	1	-5	4	13	-9	16	-11	9	-5	11	-6	2	3	2	3	0	5	0	5	0	1	0	1	1	0	1	0
2	8	45	7	-4	9	-5	1	0	1	1	3	-4	4	-5	37	-16	44	-19	2	2	-2	18	0	0	0	320	0	0	0	1	1	1	0	0
2	8	46	7	-4	9	-5	-1	1	-6	5	17	-13	21	-16	22	-9	27	-11	2	4	1	11	0	12	-3	117	0	1	-1	1	1	0	0	0
2	8	47	7	-4	9	-5	-3	2	-11	7	23	-14	28	-17	11	-4	14	-5	2	4	6	6	0	12	32	32	0	1	1	1	1	0	0	0
2	8	48	7	-4	9	-5	-3	2	-8	5	11	-6	13	-7	11	-4	14	-5	2	2	4	6	0	0	12	32	0	0	1	1	1	1	0	0
2	8	49	7	-4	9	-5	-2	1	-5	2	6	-1	7	-1	43	-13	53	-16	2	0	5	27	0	-4	21	725	0	-1	1	1	1	0	0	0
2	8	50	7	-4	9	-5	-4	3	-11	8	16	-11	19	-13	9	-5	11	-6	2	4	3	3	0	12	5	5	0	1	1	1	1	0	0	0
2	8	51	7	-4	9	-5	-5	3	-12	7	13	-7	15	-8	22	-9	27	-11	2	2	5	11	0	0	21	117	0	0	1	1	1	1	0	0
2	9	0	-4	3	-7	5	0	1	-1	2	-3	2	-5	3	-1	1	-5	4	1	2	0	3	-3	0	-4	5	-1	0	-1	1	0	1	0	0
2	9	1	-4	3	-7	5	-1	2	-2	3	-2	1	-3	1	-5	4	-14	11	1	2	-1	6	-3	0	-3	32	-1	0	-1	1	0	1	0	0
2	9	2	-4	3	-7	5	-2	3	-3	4	-1	0	-1	-1	-11	9	-27	22	1	2	-2	11	-3	0	0	117	-1	0	0	1	0	1	0	0
2	9	3	-4	3	-7	5	5	-1	6	-1	-2	1	-5	2	-9	7	-31	24	1	4	0	15	-3	12	-4	221	-1	1	-1	1	0	0	0	0
2	9	4	-4	3	-7	5	-7	5	-10	7	-2	1	-1	0	-1	1	-5	4	1	0	-2	3	-3	-4	0	5	-1	-1	0	1	0	0	0	0
2	9	5	-4	3	-7	5	4	-1	5	-1	-1	1	-3	2	3	-2	-4	3	1	3	1	6	-3	5	-3	32	-1	1	-1	1	0	0	0	0
2	9	6	-4	3	-7	5	1	2	1	3	-1	1	-2	1	7	-5	-11	8	1	4	0	15	-3	12	-4	221	-1	1	-1	1	0	0	0	0
2	9	7	-4	3	-7	5	8	-3	11	-4	1	0	-1	1	13	-9	3	-2	1	4	2	11	-3	12	0	117	-1	1	0	1	0	0	1	0
2	9	8	-4	3	-7	5	7	-4	9	-5	-1	1	-4	3	-1	1	-5	4	1	2	2	3	-3	0	0	5	-1	0	0	1	0	1	1	0
2	9	9	-4	3	-7	5	-4	3	-7	5	-5	3	-7	4	1	0	0	1	1	1	-1	2	-3	-3	-3	0	-1	-1	-1	0	0	0	0	2
2	9	10	-4	3	-7	5	-3	2	-5	3	-3	1	-4	1	1	1	1	2	1	0	-2	3	-3	-4	0	5	-1	-1	0	1	0	0	0	0
2	9	11	-4	3	-7	5	-5	4	-9	7	-7	5	-10	7	9	-5	11	-6	1	2	0	3	-3	0	-4	5	-1	0	-1	1	0	1	0	0
2	9	12	-4	3	-7	5	-8	5	-13	8	-7	4	-9	5	9	-5	11	-6	1	0	-2	3	-3	-4	0	5	-1	-1	0	1	0	0	0	0
2	9	13	-4	3	-7	5	3	-1	4	-1	0	1	-1	2	9	-5	11	-6	1	2	2	3	-3	0	0	5	-1	0	0	1	0	1	1	0
2	9	14	-4	3	-7	5	1	1	1	2	-1	2	-2	3	23	-14	28	-17	1	3	2	6	-3	5	0	32	-1	1	0	1	0	0	1	0
2	9	15	-4	3	-7	5	-1	3	-2	5	-2	3	-3	4	43	-27	51	-32	1	4	2	11	-3	12	0	117	-1	1	0	1	0	0	1	0
2	9	16	-4	3	-7	5	7	-2	11	-3	5	-1	6	-1	67	-41	85	-52	1	4	4	15	-3	12	12	221	-1	1	1	1	0	0	0	0
2	9	17	-4	3	-7	5	-5	4	-9	7	-7	5	-10	7	9	-5	11	-6	1	2	0	3	-3	0	-4	5	-1	0	-1	1	0	1	0	0
2	9	18	-4	3	-7	5	5	-2	8	-3	4	-1	5	-1	25	-14	34	-19	1	2	3	6	-3	0	5	32	-1	0	1	1	0	1	0	0
2	9	19	-4	3	-7	5	2	1	3	2	1	2	1	3	71	-41	97	-56	1	4	4	15	-3	12	12	221	-1	1	1	1	0	0	0	0
2	9	20	-4	3	-7	5	7	-3	12	-5	8	-3	11	-4	49	-27	69	-38	1	2	4	11	-3	0	12	117	-1	0	1	1	0	1	0	0
2	9	21	-4	3	-7	5	8	-5	13	-8	7	-4	9	-5	9	-5	11	-6	1	0	2	3	-3	-4	0	5	-1	-1	0	1	0	0	1	0
2	9	22	-4	3	-7	5	5	-3	7	-4	1	0	0	1	1	0	0	1	1	1	2	2	-3	-3	0	0	-1	-1	0	0	0	0	2	2
2	9	23	-4	3	-7	5	3	-2	5	-3	3	-1	4	-1	1	1	1	2	1	0	2	3	-3	-4	0	5	-1	-1	0	1	0	0	1	0
2	9	24	-4	3	-7	5	7	-5	10	-7	2	-1	1	0	-1	1	-5	4	1	0	2	3	-3	-4	0	5	-1	-1	0	1	0	0	1	0
2	9	25	-4	3	-7	5	7	-4	9	-5	-1	1	-4	3	-1	1	-5	4	1	2	2	3	-3	0	0	5	-1	0	0	1	0	1	1	0
2	9	26	-4	3	-7	5	2	-1	1	0	-5	4	-9	7	1	1	1	2	1	2	2	3	-3	0	0	5	-1	0	0	1	0	1	1	0
2	9	27	-4	3	-7	5	2	-1	3	-1	1	1	1	2	9	-2	14	-3	1	1	3	6	-3	-3	5	32	-1	-1	1	1	0	0	0	0
2	9	28	-4	3	-7	5	1	0	1	1	-1	3	-2	5	25	-9	39	-14	1	2	4	11	-3	0	12	117	-1	0	1	1	0	1	0	0
2	9	29	-4	3	-7	5	2	-1	5	-2	7	-2	11	-3	23	-5	37	-8	1	0	4	15	-3	-4	12	221	-1	-1	1	1	0	0	0	0
2	9	30	-4	3	-7	5	3	-2	5	-3	3	-1	4	-1	1	1	1	2	1	0	2	3	-3	-4	0	5	-1	-1	0	1	0	0	1	0
2	9	31	-4	3	-7	5	3	-2	2	-1	-6	5	-11	9	-1	4	-2	7	1	2	3	6	-3	0	5	32	-1	0	1	1	0	1	0	0
2	9	32	-4	3	-7	5	1	-1	2	-1	2	1	3	2	3	7	5	12	1	0	4	15	-3	-4	12	221	-1	-1	1	1	0	0	0	0
2	9	33	-4	3	-7	5	4	-3	3	-2	-7	6	-13	11	-5	9	-9	16	1	2	4	11	-3	0	12	117	-1	0	1	1	0	1	0	0
2	9	34	-4	3	-7	5	5	-3	2	-1	-14	9	-25	16	-5	9	-9	16	1	4	2	11	-3	12	0	117	-1	1	0	1	0	0	1	0
2	9	35	-4	3	-7	5	2	-1	-1	1	-11	7	-19	12	-1	4	-2	7	1	3	1	6	-3	5	-3	32	-1	1	-1	1	0	0	0	0
2	9	36	-4	3	-7	5	1	0	-1	1	-7	3	-12	5	-5	9	-9	16	1	2	-2	11	-3	0	0	117	-1	0	0	1	0	1	0	0
2	9	37	-4	3	-7	5	3	-2	-1	1	-15	11	-26	19	3	7	5	12	1	4	4	15	-3	12	12	221	-1	1	1	1	0	0	0	0
2	9	38	-4	3	-7	5	2	-1	-3	2	-17	10	-29	17	3	7	5	12	1	4	0	15	-3	12	-4	221	-1	1	-1	1	0	0	0	0
2	9	39	-4	3	-7	5	-1	1	-4	3	-8	5	-13	8	1	1	1	2	1	2	0	3	-3	0	-4	5	-1	0	-1	1	0	1	0	0
2	9	40	-4	3	-7	5	-1	1	-3	2	-5	2	-8	3	-1	4	-2	7	1	1	-2	6	-3	-3	0	32	-1	-1	0	1	0	0	0	0
2	9	41	-4	3	-7	5	-1	1	-2	1	-2	-1	-3	-2	3	7	5	12	1	0	-4	15	-3	-4	12	221	-1	-1	1	1	0	0	0	0
2	9	42	-4	3	-7	5	1	0	-1	1	-7	3	-12	5	-5	9	-9	16	1	2	-2	11	-3	0	0	117	-1	0	0	1	0	1	0	0
2	9	43	-4	3	-7	5	-3	2	-5	3	-3	1	-4	1	1	1	1	2	1	0	-2	3	-3	-4	0	5	-1	-1	0	1	0	0	0	0
2	9	44	-4	3	-7	5	-1	1	-5	4	-11	8	-18	13	9	-2	14	-3	1	3	2	6	-3	5	0	32	-1	1	0	1	0	0	1	0
2	9	45	-4	3	-7	5	1	0	1	1	-1	3	-2	5	25	-9	39	-14	1	2	4	11	-3	0	12	117	-1	0	1	1	0	1	0	0
2	9	46	-4	3	-7	5	-1	1	-6	5	-14	11	-23	18	23	-5	37	-8	1	4	4	15	-3	12	12	221	-1	1	1	1	0	0	0	0
2	9	47	-4	3	-7	5	-3	2	-11	7	-21	13	-34	21	23	-5	37	-8	1	4	0	15	-3	12	-4	221	-1	1	-1	1	0	0	0	0
2	9	48	-4	3	-7	5	-3	2	-8	5	-12	7	-19	11	9	-2	14	-3	1	2	-1	6	-3	0	-3	32	-1	0	-1	1	0	1	0	0
2	9	49	-4	3	-7	5	-2	1	-5	2	-7	2	-11	3	23	-5	37	-8	1	0	-4	15	-3	-4	12	221	-1	-1	1	1	0	0	0	0
2	9	50	-4	3	-7	5	-4	3	-11	8	-17	12	-27	19	25	-9	39	-14	1	4	2	11	-3	12	0	117	-1	1	0	1	0	0	1	0
2	9	51	-4	3	-7	5	-5	3	-12	7	-16	9	-25	14	25	-9	39	-14	1	2	-2	11	-3	0	0	117	-1	0	0	1	0	1	0	0
2	10	0	-3	2	-5	3	0	1	-1	2	-2	1	-3	1	-1	1	-5	4	0	2	-1	3	-4	0	-3	5	-1	0	-1	1	0	1	0	0
2	10	1	-3	2	-5	3	-1	2	-2	3	-1	0	-1	-1	-5	4	-14	11	0	2	-2	6	-4	0	0	32	-1	0	0	1	0	1	0	0
2	10	2	-3	2	-5	3	-2	3	-3	4	0	-1	1	-3	-11	9	-27	22	0	2	-3	11	-4	0	5	117	-1	0	1	1	0	1	0	0
2	10	3	-3	2	-5	3	5	-1	6	-1	-3	1	-7	2	-14	11	-37	29	0	4	-1	15	-4	12	-3	221	-1	1	-1	1	0	0	0	0
2	10	4	-3	2	-5	3	-7	5	-10	7	1	-1	5	-4	-4	3	-15	11	0	0	-3	7	-4	-4	5	45	-1	-1	1	1	0	0	0	0
2	10	5	-3	2	-5	3	4	-1	5	-1	-2	1	-5	2	-4	3	-15	11	0	3	0	7	-4	5	-4	45	-1	1	-1	1	0	0	0	0
2	10	6	-3	2	-5	3	1	2	1	3	-1	0	-2	-1	-11	8	-40	29	0	4	-2	18	-4	12	0	320	-1	1	0	1	0	0	0	0
2	10	7	-3	2	-5	3	8	-3	11	-4	-2	1	-7	3	-7	5	-31	22	0	4	1	15	-4	12	-3	221	-1	1	-1	1	0	0	0	0
2	10	8	-3	2	-5	3	7	-4	9	-5	-3	2	-8	5	-5	4	-14	11	0	2	2	6	-4	0	0	32	-1	0	0	1	0	1	1	0
2	10	9	-3	2	-5	3	-4	3	-7	5	-2	1	-1	0	2	-1	-1	1	0	1	-2	3	-4	-3	0	5	-1	-1	0	1	0	0	0	0
2	10	10	-3	2	-5	3	-3	2	-5	3	-1	0	0	-1	1	0	0	1	0	0	-2	2	-4	-4	0	0	-1	-1	0	0	0	0	0	2
2	10	11	-3	2	-5	3	-5	4	-9	7	-3	2	-2	1	7	-4	2	-1	0	2	-2	6	-4	0	0	32	-1	0	0	1	0	1	0	0
2	10	12	-3	2	-5	3	-8	5	-13	8	-2	1	1	-1	5	-3	-3	2	0	0	-3	7	-4	-4	5	45	-1	-1	1	1	0	0	0	0
2	10	13	-3	2	-5	3	3	-1	4	-1	-1	1	-3	2	2	-1	-1	1	0	2	1	3	-4	0	-3	5	-1	0	-1	1	0	1	0	0
2	10	14	-3	2	-5	3	1	1	1	2	-1	1	-2	1	5	-3	-3	2	0	3	0	7	-4	5	-4	45	-1	1	-1	1	0	0	0	0
2	10	15	-3	2	-5	3	-1	3	-2	5	-1	1	-1	0	8	-5	-11	7	0	4	-1	15	-4	12	-3	221	-1	1	-1	1	0	0	0	0
2	10	16	-3	2	-5	3	7	-2	11	-3	1	0	-2	1	13	-8	-8	5	0	4	2	18	-4	12	0	320	-1	1	0	1	0	0	1	0
2	10	17	-3	2	-5	3	-5	4	-9	7	-3	2	-2	1	7	-4	2	-1	0	2	-2	6	-4	0	0	32	-1	0	0	1	0	1	0	0
2	10	18	-3	2	-5	3	5	-2	8	-3	1	0	-1	1	7	-4	2	-1	0	2	2	6	-4	0	0	32	-1	0	0	1	0	1	1	0
2	10	19	-3	2	-5	3	2	1	3	2	0	1	-1	1	19	-11	7	-4	0	4	1	15	-4	12	-3	221	-1	1	-1	1	0	0	0	0
2	10	20	-3	2	-5	3	7	-3	12	-5	3	-1	1	0	16	-9	9	-5	0	2	3	11	-4	0	5	117	-1	0	1	1	0	1	0	0
2	10	21	-3	2	-5	3	8	-5	13	-8	2	-1	-1	1	5	-3	-3	2	0	0	3	7	-4	-4	5	45	-1	-1	1	1	0	0	0	0
2	10	22	-3	2	-5	3	5	-3	7	-4	-1	1	-4	3	-1	1	-5	4	0	1	2	3	-4	-3	0	5	-1	-1	0	1	0	0	1	0
2	10	23	-3	2	-5	3	3	-2	5	-3	1	0	0	1	1	0	0	1	0	0	2	2	-4	-4	0	0	-1	-1	0	0	0	0	2	2
2	10	24	-3	2	-5	3	7	-5	10	-7	-1	1	-5	4	-4	3	-15	11	0	0	3	7	-4	-4	5	45	-1	-1	1	1	0	0	0	0
2	10	25	-3	2	-5	3	7	-4	9	-5	-3	2	-8	5	-5	4	-14	11	0	2	2	6	-4	0	0	32	-1	0	0	1	0	1	1	0
2	10	26	-3	2	-5	3	2	-1	1	0	-4	3	-7	5	1	1	1	2	0	2	1	3	-4	0	-3	5	-1	0	-1	1	0	1	0	0
2	10	27	-3	2	-5	3	2	-1	3	-1	0	1	-1	2	4	-1	5	-1	0	1	2	3	-4	-3	0	5	-1	-1	0	1	0	0	1	0
2	10	28	-3	2	-5	3	1	0	1	1	-1	2	-2	3	11	-4	14	-5	0	2	2	6	-4	0	0	32	-1	0	0	1	0	1	1	0
2	10	29	-3	2	-5	3	2	-1	5	-2	4	-1	5	-1	11	-3	15	-4	0	0	3	7	-4	-4	5	45	-1	-1	1	1	0	0	0	0
2	10	30	-3	2	-5	3	3	-2	5	-3	1	0	0	1	1	0	0	1	0	0	2	2	-4	-4	0	0	-1	-1	0	0	0	0	2	2
2	10	31	-3	2	-5	3	3	-2	2	-1	-5	4	-9	7	-1	4	-2	7	0	2	2	6	-4	0	0	32	-1	0	0	1	0	1	1	0
2	10	32	-3	2	-5	3	1	-1	2	-1	1	1	1	2	2	3	3	5	0	0	3	7	-4	-4	5	45	-1	-1	1	1	0	0	0	0
2	10	33	-3	2	-5	3	4	-3	3	-2	-6	5	-11	9	-5	9	-9	16	0	2	3	11	-4	0	5	117	-1	0	1	1	0	1	0	0
2	10	34	-3	2	-5	3	5	-3	2	-1	-11	7	-19	12	-4	11	-7	19	0	4	1	15	-4	12	-3	221	-1	1	-1	1	0	0	0	0
2	10	35	-3	2	-5	3	2	-1	-1	1	-8	5	-13	8	2	3	3	5	0	3	0	7	-4	5	-4	45	-1	1	-1	1	0	0	0	0
2	10	36	-3	2	-5	3	1	0	-1	1	-5	2	-8	3	-1	4	-2	7	0	2	-2	6	-4	0	0	32	-1	0	0	1	0	1	0	0
2	10	37	-3	2	-5	3	3	-2	-1	1	-11	8	-18	13	5	8	8	13	0	4	2	18	-4	12	0	320	-1	1	0	1	0	0	1	0
2	10	38	-3	2	-5	3	2	-1	-3	2	-12	7	-19	11	7	5	11	8	0	4	-1	15	-4	12	-3	221	-1	1	-1	1	0	0	0	0
2	10	39	-3	2	-5	3	-1	1	-4	3	-5	3	-7	4	4	-1	5	-1	0	2	-1	3	-4	0	-3	5	-1	0	-1	1	0	1	0	0
2	10	40	-3	2	-5	3	-1	1	-3	2	-3	1	-4	1	1	1	1	2	0	1	-2	3	-4	-3	0	5	-1	-1	0	1	0	0	0	0
2	10	41	-3	2	-5	3	-1	1	-2	1	-1	-1	-1	-2	2	3	3	5	0	0	-3	7	-4	-4	5	45	-1	-1	1	1	0	0	0	0
2	10	42	-3	2	-5	3	1	0	-1	1	-5	2	-8	3	-1	4	-2	7	0	2	-2	6	-4	0	0	32	-1	0	0	1	0	1	0	0
2	10	43	-3	2	-5	3	-3	2	-5	3	-1	0	0	-1	1	0	0	1	0	0	-2	2	-4	-4	0	0	-1	-1	0	0	0	0	0	2
2	10	44	-3	2	-5	3	-1	1	-5	4	-7	5	-10	7	11	-3	15	-4	0	3	0	7	-4	5	-4	45	-1	1	-1	1	0	0	0	0
2	10	45	-3	2	-5	3	1	0	1	1	-1	2	-2	3	11	-4	14	-5	0	2	2	6	-4	0	0	32	-1	0	0	1	0	1	1	0
2	10	46	-3	2	-5	3	-1	1	-6	5	-9	7	-13	10	22	-5	31	-7	0	4	1	15	-4	12	-3	221	-1	1	-1	1	0	0	0	0
2	10	47	-3	2	-5	3	-3	2	-11	7	-13	8	-18	11	29	-8	40	-11	0	4	-2	18	-4	12	0	320	-1	1	0	1	0	0	0	0
2	10	48	-3	2	-5	3	-3	2	-8	5	-7	4	-9	5	11	-4	14	-5	0	2	-2	6	-4	0	0	32	-1	0	0	1	0	1	0	0
2	10	49	-3	2	-5	3	-2	1	-5	2	-4	1	-5	1	11	-3	15	-4	0	0	-3	7	-4	-4	5	45	-1	-1	1	1	0	0	0	0
2	10	50	-3	2	-5	3	-4	3	-11	8	-10	7	-13	9	29	-11	37	-14	0	4	-1	15	-4	12	-3	221	-1	1	-1	1	0	0	0	0
2	10	51	-3	2	-5	3	-5	3	-12	7	-9	5	-11	6	22	-9	27	-11	0	2	-3	11	-4	0	5	117	-1	0	1	1	0	1	0	0
2	11	0	-5	4	-9	7	0	1	-1	2	-4	3	-7	5	-1	1	-5	4	2	2	1	3	0	0	-3	5	0	0	-1	1	1	1	0	0
2	11	1	-5	4	-9	7	-1	2	-2	3	-3	2	-5	3	-5	4	-14	11	2	2	0	6	0	0	-4	32	0	0	-1	1	1	1	0	0
2	11	2	-5	4	-9	7	-2	3	-3	4	-2	1	-3	1	-11	9	-27	22	2	2	-1	11	0	0	-3	117	0	0	-1	1	1	1	0	0
2	11	3	-5	4	-9	7	5	-1	6	-1	-1	1	-3	2	4	-3	-9	7	2	4	1	11	0	12	-3	117	0	1	-1	1	1	0	0	0
2	11	4	-5	4	-9	7	-7	5	-10	7	-5	3	-7	4	-6	5	-11	9	2	0	-1	3	0	-4	-3	5	0	-1	-1	1	1	0	0	0
2	11	5	-5	4	-9	7	4	-1	5	-1	0	1	-1	2	16	-11	19	-13	2	3	2	3	0	5	0	5	0	1	0	1	1	0	1	0
2	11	6	-5	4	-9	7	1	2	1	3	-1	2	-2	3	39	-28	46	-33	2	4	2	6	0	12	0	32	0	1	0	1	1	0	1	0
2	11	7	-5	4	-9	7	8	-3	11	-4	4	-1	5	-1	45	-31	61	-42	2	4	3	3	0	12	5	5	0	1	1	1	1	0	0	0
2	11	8	-5	4	-9	7	7	-4	9	-5	1	0	0	1	1	0	0	1	2	2	2	2	0	0	0	0	0	0	0	0	1	1	2	2
2	11	9	-5	4	-9	7	-4	3	-7	5	-8	5	-13	8	-6	5	-11	9	2	1	0	3	0	-3	-4	5	0	-1	-1	1	1	0	0	0
2	11	10	-5	4	-9	7	-3	2	-5	3	-5	2	-8	3	-1	4	-2	7	2	0	-2	6	0	-4	0	32	0	-1	0	1	1	0	0	0
2	11	11	-5	4	-9	7	-5	4	-9	7	-11	8	-18	13	1	0	0	1	2	2	2	2	0	0	0	0	0	0	0	0	1	1	1	2
2	11	12	-5	4	-9	7	-8	5	-13	8	-12	7	-19	11	1	1	1	2	2	0	-1	3	0	-4	-3	5	0	-1	-1	1	1	0	0	0
2	11	13	-5	4	-9	7	3	-1	4	-1	1	1	1	2	20	-11	31	-17	2	2	3	3	0	0	5	5	0	0	1	1	1	1	0	0
2	11	14	-5	4	-9	7	1	1	1	2	-1	3	-2	5	51	-31	79	-48	2	3	4	3	0	5	12	5	0	1	1	1	1	0	0	0
2	11	15	-5	4	-9	7	-1	3	-2	5	-3	5	-5	8	94	-59	145	-91	2	4	5	3	0	12	21	5	0	1	1	1	1	0	0	0
2	11	16	-5	4	-9	7	7	-2	11	-3	9	-2	14	-3	151	-92	238	-145	2	4	6	6	0	12	32	32	0	1	1	1	1	0	0	0
2	11	17	-5	4	-9	7	-5	4	-9	7	-11	8	-18	13	1	0	0	1	2	2	2	2	0	0	0	0	0	0	0	0	1	1	1	2
2	11	18	-5	4	-9	7	5	-2	8	-3	7	-2	11	-3	51	-28	82	-45	2	2	4	6	0	0	12	32	0	0	1	1	1	1	0	0
2	11	19	-5	4	-9	7	2	1	3	2	2	3	3	5	151	-87	243	-140	2	4	7	11	0	12	45	117	0	1	1	1	1	0	0	0
2	11	20	-5	4	-9	7	7	-3	12	-5	13	-5	21	-8	94	-51	153	-83	2	2	5	11	0	0	21	117	0	0	1	1	1	1	0	0
2	11	21	-5	4	-9	7	8	-5	13	-8	12	-7	19	-11	1	1	1	2	2	0	1	3	0	-4	-3	5	0	-1	-1	1	1	0	0	0
2	11	22	-5	4	-9	7	5	-3	7	-4	3	-1	4	-1	1	1	1	2	2	1	2	3	0	-3	0	5	0	-1	0	1	1	0	1	0
2	11	23	-5	4	-9	7	3	-2	5	-3	5	-2	8	-3	-1	4	-2	7	2	0	2	6	0	-4	0	32	0	-1	0	1	1	0	1	0
2	11	24	-5	4	-9	7	7	-5	10	-7	5	-3	7	-4	-6	5	-11	9	2	0	1	3	0	-4	-3	5	0	-1	-1	1	1	0	0	0
2	11	25	-5	4	-9	7	7	-4	9	-5	1	0	0	1	1	0	0	1	2	2	2	2	0	0	0	0	0	0	0	0	1	1	2	2
2	11	26	-5	4	-9	7	2	-1	1	0	-6	5	-11	9	1	1	1	2	2	2	3	3	0	0	5	5	0	0	1	1	1	1	0	0
2	11	27	-5	4	-9	7	2	-1	3	-1	2	1	3	2	16	-3	27	-5	2	1	4	11	0	-3	12	117	0	-1	1	1	1	0	0	0
2	11	28	-5	4	-9	7	1	0	1	1	-1	4	-2	7	45	-16	76	-27	2	2	6	18	0	0	32	320	0	0	1	1	1	1	0	0
2	11	29	-5	4	-9	7	2	-1	5	-2	10	-3	17	-5	39	-7	67	-12	2	0	5	27	0	-4	21	725	0	-1	1	1	1	0	0	0
2	11	30	-5	4	-9	7	3	-2	5	-3	5	-2	8	-3	-1	4	-2	7	2	0	2	6	0	-4	0	32	0	-1	0	1	1	0	1	0
2	11	31	-5	4	-9	7	3	-2	2	-1	-7	6	-13	11	-1	4	-2	7	2	2	4	6	0	0	12	32	0	0	1	1	1	1	0	0
2	11	32	-5	4	-9	7	1	-1	2	-1	3	1	5	2	4	13	7	23	2	0	5	27	0	-4	21	725	0	-1	1	1	1	0	0	0
2	11	33	-5	4	-9	7	4	-3	3	-2	-8	7	-15	13	-5	9	-9	16	2	2	5	11	0	0	21	117	0	0	1	1	1	1	0	0
2	11	34	-5	4	-9	7	5	-3	2	-1	-17	11	-31	20	-6	5	-11	9	2	4	3	3	0	12	5	5	0	1	1	1	1	0	0	0
2	11	35	-5	4	-9	7	2	-1	-1	1	-14	9	-25	16	-6	5	-11	9	2	3	2	3	0	5	0	5	0	1	0	1	1	0	1	0
2	11	36	-5	4	-9	7	1	0	-1	1	-9	4	-16	7	-11	16	-20	29	2	2	-2	18	0	0	0	320	0	0	0	1	1	1	0	0
2	11	37	-5	4	-9	7	3	-2	-1	1	-19	14	-34	25	-1	4	-2	7	2	4	6	6	0	12	32	32	0	1	1	1	1	0	0	0
2	11	38	-5	4	-9	7	2	-1	-3	2	-22	13	-39	23	-5	9	-9	16	2	4	1	11	0	12	-3	117	0	1	-1	1	1	0	0	0
2	11	39	-5	4	-9	7	-1	1	-4	3	-11	7	-19	12	-6	5	-11	9	2	2	1	3	0	0	-3	5	0	0	-1	1	1	1	0	0
2	11	40	-5	4	-9	7	-1	1	-3	2	-7	3	-12	5	-5	9	-9	16	2	1	-2	11	0	-3	0	117	0	-1	0	1	1	0	0	0
2	11	41	-5	4	-9	7	-1	1	-2	1	-3	-1	-5	-2	4	13	7	23	2	0	-5	27	0	-4	21	725	0	-1	1	1	1	0	0	0
2	11	42	-5	4	-9	7	1	0	-1	1	-9	4	-16	7	-11	16	-20	29	2	2	-2	18	0	0	0	320	0	0	0	1	1	1	0	0
2	11	43	-5	4	-9	7	-3	2	-5	3	-5	2	-8	3	-1	4	-2	7	2	0	-2	6	0	-4	0	32	0	-1	0	1	1	0	0	0
2	11	44	-5	4	-9	7	-1	1	-5	4	-15	11	-26	19	1	1	1	2	2	3	4	3	0	5	12	5	0	1	1	1	1	0	0	0
2	11	45	-5	4	-9	7	1	0	1	1	-1	4	-2	7	45	-16	76	-27	2	2	6	18	0	0	32	320	0	0	1	1	1	1	0	0
2	11	46	-5	4	-9	7	-1	1	-6	5	-19	15	-33	26	16	-3	27	-5	2	4	7	11	0	12	45	117	0	1	1	1	1	0	0	0
2	11	47	-5	4	-9	7	-3	2	-11	7	-29	18	-50	31	-1	4	-2	7	2	4	2	6	0	12	0	32	0	1	0	1	1	0	1	0
2	11	48	-5	4	-9	7	-3	2	-8	5	-17	10	-29	17	-1	4	-2	7	2	2	0	6	0	0	-4	32	0	0	-1	1	1	1	0	0
2	11	49	-5	4	-9	7	-2	1	-5	2	-10	3	-17	5	39	-7	67	-12	2	0	-5	27	0	-4	21	725	0	-1	1	1	1	0	0	0
2	11	50	-5	4	-9	7	-4	3	-11	8	-24	17	-41	29	1	1	1	2	2	4	5	3	0	12	21	5	0	1	1	1	1	0	0	0
2	11	51	-5	4	-9	7	-5	3	-12	7	-23	13	-39	22	16	-3	27	-5	2	2	-1	11	0	0	-3	117	0	0	-1	1	1	1	0	0
2	12	0	-8	5	-13	8	0	1	-1	2	-5	2	-8	3	-19	14	-34	25	0	2	-2	6	-4	0	0	32	-1	0	0	1	0	1	0	0
2	12	1	-8	5	-13	8	-1	2	-2	3	-2	-1	-3	-2	-51	40	-88	69	0	2	-4	18	-4	0	12	320	-1	0	1	1	0	1	0	0
2	12	2	-8	5	-13	8	-2	3	-3	4	1	-4	2	-7	-95	78	-162	133	0	2	-6	38	-4	0	32	1440	-1	0	1	1	0	1	0	0
2	12	3	-8	5	-13	8	5	-1	6	-1	-10	3	-17	5	-115	89	-199	154	0	4	-5	39	-4	12	21	1517	-1	1	1	1	0	0	0	0
2	12	4	-8	5	-13	8	-7	5	-10	7	6	-5	11	-9	-19	15	-33	26	0	0	-3	7	-4	-4	5	45	-1	-1	1	1	0	0	0	0
2	12	5	-8	5	-13	8	4	-1	5	-1	-7	3	-12	5	-38	27	-69	49	0	3	-2	11	-4	5	0	117	-1	1	0	1	0	0	0	0
2	12	6	-8	5	-13	8	1	2	1	3	-3	-1	-5	-2	-134	97	-239	173	0	4	-5	39	-4	12	21	1517	-1	1	1	1	0	0	0	0
2	12	7	-8	5	-13	8	8	-3	11	-4	-9	4	-16	7	-63	44	-116	81	0	4	-2	18	-4	12	0	320	-1	1	0	1	0	0	0	0
2	12	8	-8	5	-13	8	7	-4	9	-5	-11	7	-19	12	-6	5	-11	9	0	2	1	3	-4	0	-3	5	-1	0	-1	1	0	1	0	0
2	12	9	-8	5	-13	8	-4	3	-7	5	-3	1	-4	1	-6	5	-11	9	0	1	-2	3	-4	-3	0	5	-1	-1	0	1	0	0	0	0
2	12	10	-8	5	-13	8	-3	2	-5	3	-1	-1	-1	-2	2	3	3	5	0	0	-3	7	-4	-4	5	45	-1	-1	1	1	0	0	0	0
2	12	11	-8	5	-13	8	-5	4	-9	7	-5	3	-7	4	2	-1	-1	1	0	2	-1	3	-4	0	-3	5	-1	0	-1	1	0	1	0	0
2	12	12	-8	5	-13	8	-8	5	-13	8	-1	0	0	-1	1	0	0	1	0	0	-2	2	-4	-4	0	0	-1	-1	0	0	0	0	0	2
2	12	13	-8	5	-13	8	3	-1	4	-1	-4	3	-7	5	9	-5	11	-6	0	2	1	3	-4	0	-3	5	-1	0	-1	1	0	1	0	0
2	12	14	-8	5	-13	8	1	1	1	2	-3	2	-5	3	5	-3	-3	2	0	3	0	7	-4	5	-4	45	-1	1	-1	1	0	0	0	0
2	12	15	-8	5	-13	8	-1	3	-2	5	-2	1	-3	1	-11	7	-41	26	0	4	-1	15	-4	12	-3	221	-1	1	-1	1	0	0	0	0
2	12	16	-8	5	-13	8	7	-2	11	-3	-1	1	-3	2	18	-11	5	-3	0	4	1	15	-4	12	-3	221	-1	1	-1	1	0	0	0	0
2	12	17	-8	5	-13	8	-5	4	-9	7	-5	3	-7	4	2	-1	-1	1	0	2	-1	3	-4	0	-3	5	-1	0	-1	1	0	1	0	0
2	12	18	-8	5	-13	8	5	-2	8	-3	0	1	-1	2	25	-14	34	-19	0	2	2	6	-4	0	0	32	-1	0	0	1	0	1	1	0
2	12	19	-8	5	-13	8	2	1	3	2	-1	2	-2	3	69	-40	88	-51	0	4	2	18	-4	12	0	320	-1	1	0	1	0	0	1	0
2	12	20	-8	5	-13	8	7	-3	12	-5	4	-1	5	-1	49	-27	69	-38	0	2	3	11	-4	0	5	117	-1	0	1	1	0	1	0	0
2	12	21	-8	5	-13	8	8	-5	13	-8	1	0	0	1	1	0	0	1	0	0	2	2	-4	-4	0	0	-1	-1	0	0	0	0	2	2
2	12	22	-8	5	-13	8	5	-3	7	-4	-5	4	-9	7	1	1	1	2	0	1	2	3	-4	-3	0	5	-1	-1	0	1	0	0	1	0
2	12	23	-8	5	-13	8	3	-2	5	-3	1	1	1	2	2	3	3	5	0	0	3	7	-4	-4	5	45	-1	-1	1	1	0	0	0	0
2	12	24	-8	5	-13	8	7	-5	10	-7	-6	5	-11	9	-19	15	-33	26	0	0	3	7	-4	-4	5	45	-1	-1	1	1	0	0	0	0
2	12	25	-8	5	-13	8	7	-4	9	-5	-11	7	-19	12	-6	5	-11	9	0	2	1	3	-4	0	-3	5	-1	0	-1	1	0	1	0	0
2	12	26	-8	5	-13	8	2	-1	1	0	-11	8	-18	13	9	-2	14	-3	0	2	2	6	-4	0	0	32	-1	0	0	1	0	1	1	0
2	12	27	-8	5	-13	8	2	-1	3	-1	-1	3	-2	5	26	-7	41	-11	0	1	4	15	-4	-3	12	221	-1	-1	1	1	0	0	0	0
2	12	28	-8	5	-13	8	1	0	1	1	-3	5	-5	8	66	-25	103	-39	0	2	5	27	-4	0	21	725	-1	0	1	1	0	1	0	0
2	12	29	-8	5	-13	8	2	-1	5	-2	9	-2	14	-3	53	-12	84	-19	0	0	6	34	-4	-4	32	1152	-1	-1	1	1	0	0	0	0
2	12	30	-8	5	-13	8	3	-2	5	-3	1	1	1	2	2	3	3	5	0	0	3	7	-4	-4	5	45	-1	-1	1	1	0	0	0	0
2	12	31	-8	5	-13	8	3	-2	2	-1	-14	11	-23	18	5	8	8	13	0	2	4	18	-4	0	12	320	-1	0	1	1	0	1	0	0
2	12	32	-8	5	-13	8	1	-1	2	-1	2	3	3	5	13	21	21	34	0	0	7	47	-4	-4	45	2205	-1	-1	1	1	0	0	0	0
2	12	33	-8	5	-13	8	4	-3	3	-2	-17	14	-28	23	-11	30	-18	49	0	2	6	38	-4	0	32	1440	-1	0	1	1	0	1	0	0
2	12	34	-8	5	-13	8	5	-3	2	-1	-30	19	-49	31	-3	11	-5	18	0	4	1	15	-4	12	-3	221	-1	1	-1	1	0	0	0	0
2	12	35	-8	5	-13	8	2	-1	-1	1	-21	13	-34	21	2	3	3	5	0	3	0	7	-4	5	-4	45	-1	1	-1	1	0	0	0	0
2	12	36	-8	5	-13	8	1	0	-1	1	-13	5	-21	8	-14	25	-23	41	0	2	-5	27	-4	0	21	725	-1	0	1	1	0	1	0	0
2	12	37	-8	5	-13	8	3	-2	-1	1	-29	21	-47	34	18	13	29	21	0	4	5	39	-4	12	21	1517	-1	1	1	1	0	0	0	0
2	12	38	-8	5	-13	8	2	-1	-3	2	-31	18	-50	29	5	8	8	13	0	4	-2	18	-4	12	0	320	-1	1	0	1	0	0	0	0
2	12	39	-8	5	-13	8	-1	1	-4	3	-12	7	-19	11	1	1	1	2	0	2	-1	3	-4	0	-3	5	-1	0	-1	1	0	1	0	0
2	12	40	-8	5	-13	8	-1	1	-3	2	-7	2	-11	3	-3	11	-5	18	0	1	-4	15	-4	-3	12	221	-1	-1	1	1	0	0	0	0
2	12	41	-8	5	-13	8	-1	1	-2	1	-2	-3	-3	-5	13	21	21	34	0	0	-7	47	-4	-4	45	2205	-1	-1	1	1	0	0	0	0
2	12	42	-8	5	-13	8	1	0	-1	1	-13	5	-21	8	-14	25	-23	41	0	2	-5	27	-4	0	21	725	-1	0	1	1	0	1	0	0
2	12	43	-8	5	-13	8	-3	2	-5	3	-1	-1	-1	-2	2	3	3	5	0	0	-3	7	-4	-4	5	45	-1	-1	1	1	0	0	0	0
2	12	44	-8	5	-13	8	-1	1	-5	4	-17	12	-27	19	25	-9	39	-14	0	3	2	11	-4	5	0	117	-1	1	0	1	0	0	1	0
2	12	45	-8	5	-13	8	1	0	1	1	-3	5	-5	8	66	-25	103	-39	0	2	5	27	-4	0	21	725	-1	0	1	1	0	1	0	0
2	12	46	-8	5	-13	8	-1	1	-6	5	-22	17	-35	27	69	-19	109	-30	0	4	5	39	-4	12	21	1517	-1	1	1	1	0	0	0	0
2	12	47	-8	5	-13	8	-3	2	-11	7	-31	19	-49	30	26	-7	41	-11	0	4	-1	15	-4	12	-3	221	-1	1	-1	1	0	0	0	0
2	12	48	-8	5	-13	8	-3	2	-8	5	-16	9	-25	14	9	-2	14	-3	0	2	-2	6	-4	0	0	32	-1	0	0	1	0	1	0	0
2	12	49	-8	5	-13	8	-2	1	-5	2	-9	2	-14	3	53	-12	84	-19	0	0	-6	34	-4	-4	32	1152	-1	-1	1	1	0	0	0	0
2	12	50	-8	5	-13	8	-4	3	-11	8	-23	16	-36	25	49	-20	76	-31	0	4	2	18	-4	12	0	320	-1	1	0	1	0	0	1	0
2	12	51	-8	5	-13	8	-5	3	-12	7	-20	11	-31	17	25	-9	39	-14	0	2	-3	11	-4	0	5	117	-1	0	1	1	0	1	0	0
2	13	0	3	-1	4	-1	0	1	-1	2	1	1	1	2	-6	5	-11	9	2	2	3	3	0	0	5	5	0	0	1	1	1	1	0	0
2	13	1	3	-1	4	-1	-1	2	-2	3	-1	3	-2	5	-17	14	-28	23	2	2	4	6	0	0	12	32	0	0	1	1	1	1	0	0
2	13	2	3	-1	4	-1	-2	3	-3	4	-3	5	-5	8	-32	27	-51	43	2	2	5	11	0	0	21	117	0	0	1	1	1	1	0	0
2	13	3	3	-1	4	-1	5	-1	6	-1	9	-2	14	-3	-17	14	-28	23	2	4	6	6	0	12	32	32	0	1	1	1	1	0	0	0
2	13	4	3	-1	4	-1	-7	5	-10	7	-11	8	-18	13	-17	14	-28	23	2	0	2	6	0	-4	0	32	0	-1	0	1	1	0	1	0
2	13	5	3	-1	4	-1	4	-1	5	-1	7	-2	11	-3	-6	5	-11	9	2	3	4	3	0	5	12	5	0	1	1	1	1	0	0	0
2	13	6	3	-1	4	-1	1	2	1	3	2	3	3	5	-53	39	-87	64	2	4	7	11	0	12	45	117	0	1	1	1	1	0	0	0
2	13	7	3	-1	4	-1	8	-3	11	-4	13	-5	21	-8	-6	5	-11	9	2	4	5	3	0	12	21	5	0	1	1	1	1	0	0	0
2	13	8	3	-1	4	-1	7	-4	9	-5	12	-7	19	-11	1	1	1	2	2	2	1	3	0	0	-3	5	0	0	-1	1	1	1	0	0
2	13	9	3	-1	4	-1	-4	3	-7	5	-5	4	-9	7	-6	5	-11	9	2	1	2	3	0	-3	0	5	0	-1	0	1	1	0	1	0
2	13	10	3	-1	4	-1	-3	2	-5	3	-4	3	-7	5	1	1	1	2	2	0	1	3	0	-4	-3	5	0	-1	-1	1	1	0	0	0
2	13	11	3	-1	4	-1	-5	4	-9	7	-6	5	-11	9	-17	11	-31	20	2	2	3	3	0	0	5	5	0	0	1	1	1	1	0	0
2	13	12	3	-1	4	-1	-8	5	-13	8	-11	7	-19	12	-6	5	-11	9	2	0	1	3	0	-4	-3	5	0	-1	-1	1	1	0	0	0
2	13	13	3	-1	4	-1	3	-1	4	-1	5	-2	8	-3	1	0	0	1	2	2	2	2	0	0	0	0	0	0	0	0	1	1	1	2
2	13	14	3	-1	4	-1	1	1	1	2	2	1	3	2	-17	11	-31	20	2	3	4	3	0	5	12	5	0	1	1	1	1	0	0	0
2	13	15	3	-1	4	-1	-1	3	-2	5	-1	4	-2	7	-53	34	-92	59	2	4	6	6	0	12	32	32	0	1	1	1	1	0	0	0
2	13	16	3	-1	4	-1	7	-2	11	-3	10	-3	17	-5	-17	11	-31	20	2	4	5	3	0	12	21	5	0	1	1	1	1	0	0	0
2	13	17	3	-1	4	-1	-5	4	-9	7	-6	5	-11	9	-17	11	-31	20	2	2	3	3	0	0	5	5	0	0	1	1	1	1	0	0
2	13	18	3	-1	4	-1	5	-2	8	-3	7	-3	12	-5	1	0	0	1	2	2	2	2	0	0	0	0	0	0	0	0	1	1	1	2
2	13	19	3	-1	4	-1	2	1	3	2	3	1	5	2	-32	19	-59	35	2	4	5	3	0	12	21	5	0	1	1	1	1	0	0	0
2	13	20	3	-1	4	-1	7	-3	12	-5	9	-4	16	-7	1	0	0	1	2	2	2	2	0	0	0	0	0	0	0	0	1	1	1	2
2	13	21	3	-1	4	-1	8	-5	13	-8	11	-7	19	-12	-6	5	-11	9	2	0	-1	3	0	-4	-3	5	0	-1	-1	1	1	0	0	0
2	13	22	3	-1	4	-1	5	-3	7	-4	8	-5	13	-8	1	1	1	2	2	1	0	3	0	-3	-4	5	0	-1	-1	1	1	0	0	0
2	13	23	3	-1	4	-1	3	-2	5	-3	4	-3	7	-5	1	1	1	2	2	0	-1	3	0	-4	-3	5	0	-1	-1	1	1	0	0	0
2	13	24	3	-1	4	-1	7	-5	10	-7	11	-8	18	-13	-17	14	-28	23	2	0	-2	6	0	-4	0	32	0	-1	0	1	1	0	0	0
2	13	25	3	-1	4	-1	7	-4	9	-5	12	-7	19	-11	1	1	1	2	2	2	1	3	0	0	-3	5	0	0	-1	1	1	1	0	0
2	13	26	3	-1	4	-1	2	-1	1	0	5	-3	7	-4	4	-1	5	-1	2	2	1	3	0	0	-3	5	0	0	-1	1	1	1	0	0
2	13	27	3	-1	4	-1	2	-1	3	-1	3	-2	5	-3	4	-1	5	-1	2	1	0	3	0	-3	-4	5	0	-1	-1	1	1	0	0	0
2	13	28	3	-1	4	-1	1	0	1	1	2	-1	3	-1	3	-1	1	0	2	2	1	3	0	0	-3	5	0	0	-1	1	1	1	0	0
2	13	29	3	-1	4	-1	2	-1	5	-2	1	-1	3	-2	4	-1	5	-1	2	0	-1	3	0	-4	-3	5	0	-1	-1	1	1	0	0	0
2	13	30	3	-1	4	-1	3	-2	5	-3	4	-3	7	-5	1	1	1	2	2	0	-1	3	0	-4	-3	5	0	-1	-1	1	1	0	0	0
2	13	31	3	-1	4	-1	3	-2	2	-1	7	-5	10	-7	3	2	4	3	2	2	0	6	0	0	-4	32	0	0	-1	1	1	1	0	0
2	13	32	3	-1	4	-1	1	-1	2	-1	1	-2	2	-3	3	2	4	3	2	0	-2	6	0	-4	0	32	0	-1	0	1	1	0	0	0
2	13	33	3	-1	4	-1	4	-3	3	-2	9	-7	13	-10	-2	9	-3	13	2	2	-1	11	0	0	-3	117	0	0	-1	1	1	1	0	0
2	13	34	3	-1	4	-1	5	-3	2	-1	13	-8	18	-11	3	2	4	3	2	4	2	6	0	12	0	32	0	1	0	1	1	0	1	0
2	13	35	3	-1	4	-1	2	-1	-1	1	7	-4	9	-5	4	-1	5	-1	2	3	2	3	0	5	0	5	0	1	0	1	1	0	1	0
2	13	36	3	-1	4	-1	1	0	-1	1	4	-1	5	-1	1	1	1	2	2	2	3	3	0	0	5	5	0	0	1	1	1	1	0	0
2	13	37	3	-1	4	-1	3	-2	-1	1	10	-7	13	-9	7	3	9	4	2	4	1	11	0	12	-3	117	0	1	-1	1	1	0	0	0
2	13	38	3	-1	4	-1	2	-1	-3	2	9	-5	11	-6	4	-1	5	-1	2	4	3	3	0	12	5	5	0	1	1	1	1	0	0	0
2	13	39	3	-1	4	-1	-1	1	-4	3	1	0	0	1	1	0	0	1	2	2	2	2	0	0	0	0	0	0	0	0	1	1	2	2
2	13	40	3	-1	4	-1	-1	1	-3	2	0	1	-1	2	1	1	1	2	2	1	2	3	0	-3	0	5	0	-1	0	1	1	0	1	0
2	13	41	3	-1	4	-1	-1	1	-2	1	-1	2	-2	3	3	2	4	3	2	0	2	6	0	-4	0	32	0	-1	0	1	1	0	1	0
2	13	42	3	-1	4	-1	1	0	-1	1	4	-1	5	-1	1	1	1	2	2	2	3	3	0	0	5	5	0	0	1	1	1	1	0	0
2	13	43	3	-1	4	-1	-3	2	-5	3	-4	3	-7	5	1	1	1	2	2	0	1	3	0	-4	-3	5	0	-1	-1	1	1	0	0	0
2	13	44	3	-1	4	-1	-1	1	-5	4	2	-1	1	0	3	-1	1	0	2	3	2	3	0	5	0	5	0	1	0	1	1	0	1	0
2	13	45	3	-1	4	-1	1	0	1	1	2	-1	3	-1	3	-1	1	0	2	2	1	3	0	0	-3	5	0	0	-1	1	1	1	0	0
2	13	46	3	-1	4	-1	-1	1	-6	5	3	-2	2	-1	7	-2	4	-1	2	4	2	6	0	12	0	32	0	1	0	1	1	0	1	0
2	13	47	3	-1	4	-1	-3	2	-11	7	2	-1	-1	1	3	-1	1	0	2	4	3	3	0	12	5	5	0	1	1	1	1	0	0	0
2	13	48	3	-1	4	-1	-3	2	-8	5	-1	1	-4	3	1	0	0	1	2	2	2	2	0	0	0	0	0	0	0	0	1	1	1	2
2	13	49	3	-1	4	-1	-2	1	-5	2	-1	1	-3	2	4	-1	5	-1	2	0	1	3	0	-4	-3	5	0	-1	-1	1	1	0	0	0
2	13	50	3	-1	4	-1	-4	3	-11	8	-1	1	-5	4	-2	1	-11	5	2	4	3	3	0	12	5	5	0	1	1	1	1	0	0	0
2	13	51	3	-1	4	-1	-5	3	-12	7	-3	2	-8	5	1	0	0	1	2	2	2	2	0	0	0	0	0	0	0	0	1	1	1	2
2	14	0	1	1	1	2	0	1	-1	2	-1	3	-2	5	-6	5	-11	9	3	2	4	3	5	0	12	5	1	0	1	1	0	1	0	0
2	14	1	1	1	1	2	-1	2	-2	3	-3	5	-5	8	-17	14	-28	23	3	2	5	6	5	0	21	32	1	0	1	1	0	1	0	0
2	14	2	1	1	1	2	-2	3	-3	4	-5	7	-8	11	-32	27	-51	43	3	2	6	11	5	0	32	117	1	0	1	1	0	1	0	0
2	14	3	1	1	1	2	5	-1	6	-1	11	-2	17	-3	54	-41	83	-63	3	4	8	-9	5	12	60	77	1	1	1	1	0	0	0	0
2	14	4	1	1	1	2	-7	5	-10	7	-17	12	-27	19	-32	27	-51	43	3	0	2	11	5	-4	0	117	1	-1	0	1	0	0	1	0
2	14	5	1	1	1	2	4	-1	5	-1	9	-2	14	-3	35	-24	54	-37	3	3	6	-2	5	5	32	0	1	1	1	0	0	0	0	0
2	14	6	1	1	1	2	1	2	1	3	2	5	3	8	-6	5	-11	9	3	4	10	3	5	12	96	5	1	1	1	1	0	0	0	0
2	14	7	1	1	1	2	8	-3	11	-4	19	-7	30	-11	106	-73	167	-115	3	4	8	-9	5	12	60	77	1	1	1	1	0	0	0	0
2	14	8	1	1	1	2	7	-4	9	-5	16	-9	25	-14	20	-11	31	-17	3	2	2	3	5	0	0	5	1	0	0	1	0	1	1	0
2	14	9	1	1	1	2	-4	3	-7	5	-11	8	-18	13	-17	14	-28	23	3	1	2	6	5	-3	0	32	1	-1	0	1	0	0	1	0
2	14	10	1	1	1	2	-3	2	-5	3	-8	5	-13	8	2	3	3	5	3	0	0	7	5	-4	-4	45	1	-1	-1	1	0	0	0	0
2	14	11	1	1	1	2	-5	4	-9	7	-14	11	-23	18	-48	31	-79	51	3	2	4	3	5	0	12	5	1	0	1	1	0	1	0	0
2	14	12	1	1	1	2	-8	5	-13	8	-21	13	-34	21	2	3	3	5	3	0	0	7	5	-4	-4	45	1	-1	-1	1	0	0	0	0
2	14	13	1	1	1	2	3	-1	4	-1	7	-2	11	-3	20	-11	31	-17	3	2	4	3	5	0	12	5	1	0	1	1	0	1	0	0
2	14	14	1	1	1	2	1	1	1	2	2	3	3	5	1	0	0	1	3	3	7	2	5	5	45	0	1	1	1	0	0	0	0	2
2	14	15	1	1	1	2	-1	3	-2	5	-3	8	-5	13	-48	31	-79	51	3	4	10	3	5	12	96	5	1	1	1	1	0	0	0	0
2	14	16	1	1	1	2	7	-2	11	-3	18	-5	29	-8	130	-79	209	-127	3	4	10	3	5	12	96	5	1	1	1	1	0	0	0	0
2	14	17	1	1	1	2	-5	4	-9	7	-14	11	-23	18	-48	31	-79	51	3	2	4	3	5	0	12	5	1	0	1	1	0	1	0	0
2	14	18	1	1	1	2	5	-2	8	-3	13	-5	21	-8	51	-28	82	-45	3	2	5	6	5	0	21	32	1	0	1	1	0	1	0	0
2	14	19	1	1	1	2	2	1	3	2	5	3	8	5	20	-11	31	-17	3	4	10	3	5	12	96	5	1	1	1	1	0	0	0	0
2	14	20	1	1	1	2	7	-3	12	-5	19	-8	31	-13	94	-51	153	-83	3	2	6	11	5	0	32	117	1	0	1	1	0	1	0	0
2	14	21	1	1	1	2	8	-5	13	-8	21	-13	34	-21	2	3	3	5	3	0	0	7	5	-4	-4	45	1	-1	-1	1	0	0	0	0
2	14	22	1	1	1	2	5	-3	7	-4	12	-7	19	-11	9	-2	14	-3	3	1	1	6	5	-3	-3	32	1	-1	-1	1	0	0	0	0
2	14	23	1	1	1	2	3	-2	5	-3	8	-5	13	-8	2	3	3	5	3	0	0	7	5	-4	-4	45	1	-1	-1	1	0	0	0	0
2	14	24	1	1	1	2	7	-5	10	-7	17	-12	27	-19	-32	27	-51	43	3	0	-2	11	5	-4	0	117	1	-1	0	1	0	0	0	0
2	14	25	1	1	1	2	7	-4	9	-5	16	-9	25	-14	20	-11	31	-17	3	2	2	3	5	0	0	5	1	0	0	1	0	1	1	0
2	14	26	1	1	1	2	2	-1	1	0	3	-1	4	-1	4	-1	5	-1	3	2	2	3	5	0	0	5	1	0	0	1	0	1	1	0
2	14	27	1	1	1	2	2	-1	3	-1	5	-2	8	-3	9	-2	14	-3	3	1	2	6	5	-3	0	32	1	-1	0	1	0	0	1	0
2	14	28	1	1	1	2	1	0	1	1	2	1	3	2	4	-1	5	-1	3	2	4	3	5	0	12	5	1	0	1	1	0	1	0	0
2	14	29	1	1	1	2	2	-1	5	-2	7	-3	12	-5	16	-3	27	-5	3	0	2	11	5	-4	0	117	1	-1	0	1	0	0	1	0
2	14	30	1	1	1	2	3	-2	5	-3	8	-5	13	-8	2	3	3	5	3	0	0	7	5	-4	-4	45	1	-1	-1	1	0	0	0	0
2	14	31	1	1	1	2	3	-2	2	-1	5	-3	7	-4	3	2	4	3	3	2	1	6	5	0	-3	32	1	0	-1	1	0	1	0	0
2	14	32	1	1	1	2	1	-1	2	-1	3	-2	5	-3	2	3	3	5	3	0	0	7	5	-4	-4	45	1	-1	-1	1	0	0	0	0
2	14	33	1	1	1	2	4	-3	3	-2	7	-5	10	-7	-2	9	-3	13	3	2	0	11	5	0	-4	117	1	0	-1	1	0	1	0	0
2	14	34	1	1	1	2	5	-3	2	-1	7	-4	9	-5	4	-1	5	-1	3	4	2	3	5	12	0	5	1	1	0	1	0	0	1	0
2	14	35	1	1	1	2	2	-1	-1	1	1	0	0	1	1	0	0	1	3	3	2	2	5	5	0	0	1	1	0	0	0	0	2	2
2	14	36	1	1	1	2	1	0	-1	1	0	1	-1	2	0	1	-1	3	3	2	2	3	5	0	0	5	1	0	0	1	0	1	1	0
2	14	37	1	1	1	2	3	-2	-1	1	2	-1	1	0	2	1	1	1	3	4	2	3	5	12	0	5	1	1	0	1	0	0	1	0
2	14	38	1	1	1	2	2	-1	-3	2	-1	1	-4	3	0	1	-1	3	3	4	2	3	5	12	0	5	1	1	0	1	0	0	1	0
2	14	39	1	1	1	2	-1	1	-4	3	-5	4	-9	7	-6	5	-11	9	3	2	2	3	5	0	0	5	1	0	0	1	0	1	1	0
2	14	40	1	1	1	2	-1	1	-3	2	-4	3	-7	5	-1	4	-2	7	3	1	1	6	5	-3	-3	32	1	-1	-1	1	0	0	0	0
2	14	41	1	1	1	2	-1	1	-2	1	-3	2	-5	3	2	3	3	5	3	0	0	7	5	-4	-4	45	1	-1	-1	1	0	0	0	0
2	14	42	1	1	1	2	1	0	-1	1	0	1	-1	2	0	1	-1	3	3	2	2	3	5	0	0	5	1	0	0	1	0	1	1	0
2	14	43	1	1	1	2	-3	2	-5	3	-8	5	-13	8	2	3	3	5	3	0	0	7	5	-4	-4	45	1	-1	-1	1	0	0	0	0
2	14	44	1	1	1	2	-1	1	-5	4	-6	5	-11	9	-13	6	-24	11	3	3	3	-2	5	5	5	0	1	1	1	0	0	0	0	0
2	14	45	1	1	1	2	1	0	1	1	2	1	3	2	4	-1	5	-1	3	2	4	3	5	0	12	5	1	0	1	1	0	1	0	0
2	14	46	1	1	1	2	-1	1	-6	5	-7	6	-13	11	-22	7	-41	13	3	4	4	-9	5	12	12	77	1	1	1	1	0	0	0	0
2	14	47	1	1	1	2	-3	2	-11	7	-14	9	-25	16	-6	5	-11	9	3	4	2	3	5	12	0	5	1	1	0	1	0	0	1	0
2	14	48	1	1	1	2	-3	2	-8	5	-11	7	-19	12	-1	4	-2	7	3	2	1	6	5	0	-3	32	1	0	-1	1	0	1	0	0
2	14	49	1	1	1	2	-2	1	-5	2	-7	3	-12	5	16	-3	27	-5	3	0	-2	11	5	-4	0	117	1	-1	0	1	0	0	0	0
2	14	50	1	1	1	2	-4	3	-11	8	-15	11	-26	19	-42	19	-73	33	3	4	4	-9	5	12	12	77	1	1	1	1	0	0	0	0
2	14	51	1	1	1	2	-5	3	-12	7	-17	10	-29	17	16	-3	27	-5	3	2	0	11	5	0	-4	117	1	0	-1	1	0	1	0	0
2	15	0	-1	3	-2	5	0	1	-1	2	-3	5	-5	8	-6	5	-11	9	4	2	5	3	12	0	21	5	1	0	1	1	0	1	0	0
2	15	1	-1	3	-2	5	-1	2	-2	3	-5	7	-8	11	-17	14	-28	23	4	2	6	6	12	0	32	32	1	0	1	1	0	1	0	0
2	15	2	-1	3	-2	5	-2	3	-3	4	-7	9	-11	14	-32	27	-51	43	4	2	7	11	12	0	45	117	1	0	1	1	0	1	0	0
2	15	3	-1	3	-2	5	5	-1	6	-1	13	-2	20	-3	161	-124	248	-191	4	4	10	-30	12	12	96	896	1	1	1	1	0	0	0	0
2	15	4	-1	3	-2	5	-7	5	-10	7	-23	16	-36	25	-51	44	-80	69	4	0	2	18	12	-4	0	320	1	-1	0	1	0	0	1	0
2	15	5	-1	3	-2	5	4	-1	5	-1	11	-2	17	-3	104	-73	161	-113	4	3	8	-9	12	5	60	77	1	1	1	1	0	0	0	0
2	15	6	-1	3	-2	5	1	2	1	3	2	7	3	11	85	-61	131	-94	4	4	13	-9	12	12	165	77	1	1	1	1	0	0	0	0
2	15	7	-1	3	-2	5	8	-3	11	-4	25	-9	39	-14	298	-207	465	-323	4	4	11	-25	12	12	117	621	1	1	1	1	0	0	0	0
2	15	8	-1	3	-2	5	7	-4	9	-5	20	-11	31	-17	51	-31	79	-48	4	2	3	3	12	0	5	5	1	0	1	1	0	1	0	0
2	15	9	-1	3	-2	5	-4	3	-7	5	-17	12	-27	19	-32	27	-51	43	4	1	2	11	12	-3	0	117	1	-1	0	1	0	0	1	0
2	15	10	-1	3	-2	5	-3	2	-5	3	-12	7	-19	11	7	5	11	8	4	0	-1	15	12	-4	-3	221	1	-1	-1	1	0	0	0	0
2	15	11	-1	3	-2	5	-5	4	-9	7	-22	17	-35	27	-91	59	-145	94	4	2	5	3	12	0	21	5	1	0	1	1	0	1	0	0
2	15	12	-1	3	-2	5	-8	5	-13	8	-31	19	-49	30	26	-7	41	-11	4	0	-1	15	12	-4	-3	221	1	-1	-1	1	0	0	0	0
2	15	13	-1	3	-2	5	3	-1	4	-1	9	-2	14	-3	59	-34	92	-53	4	2	6	6	12	0	32	32	1	0	1	1	0	1	0	0
2	15	14	-1	3	-2	5	1	1	1	2	2	5	3	8	51	-31	79	-48	4	3	10	3	12	5	96	5	1	1	1	1	0	0	0	0
2	15	15	-1	3	-2	5	-1	3	-2	5	-5	12	-8	19	1	0	0	1	4	4	14	2	12	12	192	0	1	1	1	0	0	0	0	2
2	15	16	-1	3	-2	5	7	-2	11	-3	26	-7	41	-11	433	-265	683	-418	4	4	15	15	12	12	221	221	1	1	1	1	0	0	0	0
2	15	17	-1	3	-2	5	-5	4	-9	7	-22	17	-35	27	-91	59	-145	94	4	2	5	3	12	0	21	5	1	0	1	1	0	1	0	0
2	15	18	-1	3	-2	5	5	-2	8	-3	19	-7	30	-11	157	-88	248	-139	4	2	8	18	12	0	60	320	1	0	1	1	0	1	0	0
2	15	19	-1	3	-2	5	2	1	3	2	7	5	11	8	168	-97	265	-153	4	4	15	15	12	12	221	221	1	1	1	1	0	0	0	0
2	15	20	-1	3	-2	5	7	-3	12	-5	29	-12	46	-19	295	-162	468	-257	4	2	10	38	12	0	96	1440	1	0	1	1	0	1	0	0
2	15	21	-1	3	-2	5	8	-5	13	-8	31	-19	49	-30	26	-7	41	-11	4	0	1	15	12	-4	-3	221	1	-1	-1	1	0	0	0	0
2	15	22	-1	3	-2	5	5	-3	7	-4	16	-9	25	-14	25	-9	39	-14	4	1	2	11	12	-3	0	117	1	-1	0	1	0	0	1	0
2	15	23	-1	3	-2	5	3	-2	5	-3	12	-7	19	-11	7	5	11	8	4	0	1	15	12	-4	-3	221	1	-1	-1	1	0	0	0	0
2	15	24	-1	3	-2	5	7	-5	10	-7	23	-16	36	-25	-51	44	-80	69	4	0	-2	18	12	-4	0	320	1	-1	0	1	0	0	0	0
2	15	25	-1	3	-2	5	7	-4	9	-5	20	-11	31	-17	51	-31	79	-48	4	2	3	3	12	0	5	5	1	0	1	1	0	1	0	0
2	15	26	-1	3	-2	5	2	-1	1	0	1	1	1	2	4	-1	5	-1	4	2	3	3	12	0	5	5	1	0	1	1	0	1	0	0
2	15	27	-1	3	-2	5	2	-1	3	-1	7	-2	11	-3	26	-7	41	-11	4	1	4	15	12	-3	12	221	1	-1	1	1	0	0	0	0
2	15	28	-1	3	-2	5	1	0	1	1	2	3	3	5	25	-9	39	-14	4	2	7	11	12	0	45	117	1	0	1	1	0	1	0	0
2	15	29	-1	3	-2	5	2	-1	5	-2	13	-5	21	-8	60	-13	97	-21	4	0	5	39	12	-4	21	1517	1	-1	1	1	0	0	0	0
2	15	30	-1	3	-2	5	3	-2	5	-3	12	-7	19	-11	7	5	11	8	4	0	1	15	12	-4	-3	221	1	-1	-1	1	0	0	0	0
2	15	31	-1	3	-2	5	3	-2	2	-1	3	-1	4	-1	3	2	4	3	4	2	2	6	12	0	0	32	1	0	0	1	0	1	1	0
2	15	32	-1	3	-2	5	1	-1	2	-1	5	-2	8	-3	5	8	8	13	4	0	2	18	12	-4	0	320	1	-1	0	1	0	0	1	0
2	15	33	-1	3	-2	5	4	-3	3	-2	5	-3	7	-4	-2	9	-3	13	4	2	1	11	12	0	-3	117	1	0	-1	1	0	1	0	0
2	15	34	-1	3	-2	5	5	-3	2	-1	1	0	0	1	1	0	0	1	4	4	2	2	12	12	0	0	1	1	0	0	0	0	2	2
2	15	35	-1	3	-2	5	2	-1	-1	1	-5	4	-9	7	-6	5	-11	9	4	3	2	3	12	5	0	5	1	1	0	1	0	0	1	0
2	15	36	-1	3	-2	5	1	0	-1	1	-4	3	-7	5	-5	9	-9	16	4	2	1	11	12	0	-3	117	1	0	-1	1	0	1	0	0
2	15	37	-1	3	-2	5	3	-2	-1	1	-6	5	-11	9	-7	-1	-13	-2	4	4	3	-9	12	12	5	77	1	1	1	1	0	0	0	0
2	15	38	-1	3	-2	5	2	-1	-3	2	-11	7	-19	12	-4	11	-7	19	4	4	1	15	12	12	-3	221	1	1	-1	1	0	0	0	0
2	15	39	-1	3	-2	5	-1	1	-4	3	-11	8	-18	13	-17	14	-28	23	4	2	2	6	12	0	0	32	1	0	0	1	0	1	1	0
2	15	40	-1	3	-2	5	-1	1	-3	2	-8	5	-13	8	-3	11	-5	18	4	1	0	15	12	-3	-4	221	1	-1	-1	1	0	0	0	0
2	15	41	-1	3	-2	5	-1	1	-2	1	-5	2	-8	3	5	8	8	13	4	0	-2	18	12	-4	0	320	1	-1	0	1	0	0	0	0
2	15	42	-1	3	-2	5	1	0	-1	1	-4	3	-7	5	-5	9	-9	16	4	2	1	11	12	0	-3	117	1	0	-1	1	0	1	0	0
2	15	43	-1	3	-2	5	-3	2	-5	3	-12	7	-19	11	7	5	11	8	4	0	-1	15	12	-4	-3	221	1	-1	-1	1	0	0	0	0
2	15	44	-1	3	-2	5	-1	1	-5	4	-14	11	-23	18	-37	17	-61	28	4	3	4	-9	12	5	12	77	1	1	1	1	0	0	0	0
2	15	45	-1	3	-2	5	1	0	1	1	2	3	3	5	25	-9	39	-14	4	2	7	11	12	0	45	117	1	0	1	1	0	1	0	0
2	15	46	-1	3	-2	5	-1	1	-6	5	-17	14	-28	23	-63	20	-104	33	4	4	6	-30	12	12	32	896	1	1	1	1	0	0	0	0
2	15	47	-1	3	-2	5	-3	2	-11	7	-30	19	-49	31	-3	11	-5	18	4	4	1	15	12	12	-3	221	1	1	-1	1	0	0	0	0
2	15	48	-1	3	-2	5	-3	2	-8	5	-21	13	-34	21	5	8	8	13	4	2	0	18	12	0	-4	320	1	0	-1	1	0	1	0	0
2	15	49	-1	3	-2	5	-2	1	-5	2	-13	5	-21	8	60	-13	97	-21	4	0	-5	39	12	-4	21	1517	1	-1	1	1	0	0	0	0
2	15	50	-1	3	-2	5	-4	3	-11	8	-29	21	-47	34	-98	45	-159	73	4	4	5	-25	12	12	21	621	1	1	1	1	0	0	0	0
2	15	51	-1	3	-2	5	-5	3	-12	7	-31	18	-50	29	67	-18	108	-29	4	2	-2	38	12	0	0	1440	1	0	0	1	0	1	0	0
2	16	0	7	-2	11	-3	0	1	-1	2	2	3	3	5	-53	39	-87	64	4	2	7	11	12	0	45	117	1	0	1	1	0	1	0	0
2	16	1	7	-2	11	-3	-1	2	-2	3	-3	8	-5	13	-137	108	-222	175	4	2	10	38	12	0	96	1440	1	0	1	1	0	1	0	0
2	16	2	7	-2	11	-3	-2	3	-3	4	-8	13	-13	21	-251	207	-405	334	4	2	13	83	12	0	165	6885	1	0	1	1	0	1	0	0
2	16	3	7	-2	11	-3	5	-1	6	-1	23	-5	37	-8	-52	41	-85	67	4	4	15	15	12	12	221	221	1	1	1	1	0	0	0	0
2	16	4	7	-2	11	-3	-7	5	-10	7	-29	21	-47	34	-118	97	-191	157	4	0	5	39	12	-4	21	1517	1	-1	1	1	0	0	0	0
2	16	5	7	-2	11	-3	4	-1	5	-1	18	-5	29	-8	-6	5	-11	9	4	3	10	3	12	5	96	5	1	1	1	1	0	0	0	0
2	16	6	7	-2	11	-3	1	2	1	3	5	8	8	13	-375	272	-608	441	4	4	18	66	12	12	320	4352	1	1	1	1	0	0	0	0
2	16	7	7	-2	11	-3	8	-3	11	-4	34	-13	55	-21	89	-61	143	-98	4	4	13	-9	12	12	165	77	1	1	1	1	0	0	0	0
2	16	8	7	-2	11	-3	7	-4	9	-5	31	-18	50	-29	51	-28	82	-45	4	2	2	6	12	0	0	32	1	0	0	1	0	1	1	0
2	16	9	7	-2	11	-3	-4	3	-7	5	-14	11	-23	18	-52	41	-85	67	4	1	4	15	12	-3	12	221	1	-1	1	1	0	0	0	0
2	16	10	7	-2	11	-3	-3	2	-5	3	-11	8	-18	13	5	8	8	13	4	0	2	18	12	-4	0	320	1	-1	0	1	0	0	1	0
2	16	11	7	-2	11	-3	-5	4	-9	7	-17	14	-28	23	-145	92	-238	151	4	2	6	6	12	0	32	32	1	0	1	1	0	1	0	0
2	16	12	7	-2	11	-3	-8	5	-13	8	-30	19	-49	31	-3	11	-5	18	4	0	1	15	12	-4	-3	221	1	-1	-1	1	0	0	0	0
2	16	13	7	-2	11	-3	3	-1	4	-1	13	-5	21	-8	20	-11	31	-17	4	2	5	3	12	0	21	5	1	0	1	1	0	1	0	0
2	16	14	7	-2	11	-3	1	1	1	2	5	3	8	5	-127	79	-209	130	4	3	10	3	12	5	96	5	1	1	1	1	0	0	0	0
2	16	15	7	-2	11	-3	-1	3	-2	5	-3	11	-5	18	-418	265	-683	433	4	4	15	15	12	12	221	221	1	1	1	1	0	0	0	0
2	16	16	7	-2	11	-3	7	-2	11	-3	27	-8	44	-13	1	0	0	1	4	4	14	2	12	12	192	0	1	1	1	0	0	0	0	2
2	16	17	7	-2	11	-3	-5	4	-9	7	-17	14	-28	23	-145	92	-238	151	4	2	6	6	12	0	32	32	1	0	1	1	0	1	0	0
2	16	18	7	-2	11	-3	5	-2	8	-3	19	-8	31	-13	51	-28	82	-45	4	2	6	6	12	0	32	32	1	0	1	1	0	1	0	0
2	16	19	7	-2	11	-3	2	1	3	2	8	3	13	5	-225	131	-371	216	4	4	13	-9	12	12	165	77	1	1	1	1	0	0	0	0
2	16	20	7	-2	11	-3	7	-3	12	-5	25	-11	41	-18	94	-51	153	-83	4	2	7	11	12	0	45	117	1	0	1	1	0	1	0	0
2	16	21	7	-2	11	-3	8	-5	13	-8	30	-19	49	-31	-3	11	-5	18	4	0	-1	15	12	-4	-3	221	1	-1	-1	1	0	0	0	0
2	16	22	7	-2	11	-3	5	-3	7	-4	21	-13	34	-21	23	-5	37	-8	4	1	0	15	12	-3	-4	221	1	-1	-1	1	0	0	0	0
2	16	23	7	-2	11	-3	3	-2	5	-3	11	-8	18	-13	5	8	8	13	4	0	-2	18	12	-4	0	320	1	-1	0	1	0	0	0	0
2	16	24	7	-2	11	-3	7	-5	10	-7	29	-21	47	-34	-118	97	-191	157	4	0	-5	39	12	-4	21	1517	1	-1	1	1	0	0	0	0
2	16	25	7	-2	11	-3	7	-4	9	-5	31	-18	50	-29	51	-28	82	-45	4	2	2	6	12	0	0	32	1	0	0	1	0	1	1	0
2	16	26	7	-2	11	-3	2	-1	1	0	12	-7	19	-11	25	-9	39	-14	4	2	1	11	12	0	-3	117	1	0	-1	1	0	1	0	0
2	16	27	7	-2	11	-3	2	-1	3	-1	8	-5	13	-8	26	-7	41	-11	4	1	0	15	12	-3	-4	221	1	-1	-1	1	0	0	0	0
2	16	28	7	-2	11	-3	1	0	1	1	5	-2	8	-3	11	-4	14	-5	4	2	2	6	12	0	0	32	1	0	0	1	0	1	1	0
2	16	29	7	-2	11	-3	2	-1	5	-2	4	-3	7	-5	23	-5	37	-8	4	0	-1	15	12	-4	-3	221	1	-1	-1	1	0	0	0	0
2	16	30	7	-2	11	-3	3	-2	5	-3	11	-8	18	-13	5	8	8	13	4	0	-2	18	12	-4	0	320	1	-1	0	1	0	0	0	0
2	16	31	7	-2	11	-3	3	-2	2	-1	17	-12	27	-19	19	12	30	19	4	2	-2	38	12	0	0	1440	1	0	0	1	0	1	0	0
2	16	32	7	-2	11	-3	1	-1	2	-1	3	-5	5	-8	12	17	19	27	4	0	-5	39	12	-4	21	1517	1	-1	1	1	0	0	0	0
2	16	33	7	-2	11	-3	4	-3	3	-2	22	-17	35	-27	-17	63	-27	100	4	2	-5	83	12	0	21	6885	1	0	1	1	0	1	0	0
2	16	34	7	-2	11	-3	5	-3	2	-1	31	-19	49	-30	26	-7	41	-11	4	4	1	15	12	12	-3	221	1	1	-1	1	0	0	0	0
2	16	35	7	-2	11	-3	2	-1	-1	1	16	-9	25	-14	20	-11	31	-17	4	3	2	3	12	5	0	5	1	1	0	1	0	0	1	0
2	16	36	7	-2	11	-3	1	0	-1	1	9	-2	14	-3	-1	4	-2	7	4	2	6	6	12	0	32	32	1	0	1	1	0	1	0	0
2	16	37	7	-2	11	-3	3	-2	-1	1	23	-16	36	-25	41	16	64	25	4	4	-2	66	12	12	0	4352	1	1	0	1	0	0	0	0
2	16	38	7	-2	11	-3	2	-1	-3	2	20	-11	31	-17	11	-13	17	-20	4	4	3	-9	12	12	5	77	1	1	1	1	0	0	0	0
2	16	39	7	-2	11	-3	-1	1	-4	3	1	1	1	2	-6	5	-11	9	4	2	3	3	12	0	5	5	1	0	1	1	0	1	0	0
2	16	40	7	-2	11	-3	-1	1	-3	2	-1	3	-2	5	-3	11	-5	18	4	1	4	15	12	-3	12	221	1	-1	1	1	0	0	0	0
2	16	41	7	-2	11	-3	-1	1	-2	1	-3	5	-5	8	12	17	19	27	4	0	5	39	12	-4	21	1517	1	-1	1	1	0	0	0	0
2	16	42	7	-2	11	-3	1	0	-1	1	9	-2	14	-3	-1	4	-2	7	4	2	6	6	12	0	32	32	1	0	1	1	0	1	0	0
2	16	43	7	-2	11	-3	-3	2	-5	3	-11	8	-18	13	5	8	8	13	4	0	2	18	12	-4	0	320	1	-1	0	1	0	0	1	0
2	16	44	7	-2	11	-3	-1	1	-5	4	3	-1	4	-1	3	-1	1	0	4	3	2	3	12	5	0	5	1	1	0	1	0	0	1	0
2	16	45	7	-2	11	-3	1	0	1	1	5	-2	8	-3	11	-4	14	-5	4	2	2	6	12	0	0	32	1	0	0	1	0	1	1	0
2	16	46	7	-2	11	-3	-1	1	-6	5	5	-3	7	-4	24	-7	31	-9	4	4	1	15	12	12	-3	221	1	1	-1	1	0	0	0	0
2	16	47	7	-2	11	-3	-3	2	-11	7	1	0	0	1	1	0	0	1	4	4	2	2	12	12	0	0	1	1	0	0	0	0	2	2
2	16	48	7	-2	11	-3	-3	2	-8	5	-5	4	-9	7	-1	4	-2	7	4	2	2	6	12	0	0	32	1	0	0	1	0	1	1	0
2	16	49	7	-2	11	-3	-2	1	-5	2	-4	3	-7	5	23	-5	37	-8	4	0	1	15	12	-4	-3	221	1	-1	-1	1	0	0	0	0
2	16	50	7	-2	11	-3	-4	3	-11	8	-6	5	-11	9	-43	19	-77	34	4	4	3	-9	12	12	5	77	1	1	1	1	0	0	0	0
2	16	51	7	-2	11	-3	-5	3	-12	7	-11	7	-19	12	16	-3	27	-5	4	2	1	11	12	0	-3	117	1	0	-1	1	0	1	0	0
2	17	0	-5	4	-9	7	0	1	-1	2	-4	3	-7	5	-1	1	-5	4	2	2	1	3	0	0	-3	5	0	0	-1	1	1	1	0	0
2	17	1	-5	4	-9	7	-1	2	-2	3	-3	2	-5	3	-5	4	-14	11	2	2	0	6	0	0	-4	32	0	0	-1	1	1	1	0	0
2	17	2	-5	4	-9	7	-2	3	-3	4	-2	1	-3	1	-11	9	-27	22	2	2	-1	11	0	0	-3	117	0	0	-1	1	1	1	0	0
2	17	3	-5	4	-9	7	5	-1	6	-1	-1	1	-3	2	4	-3	-9	7	2	4	1	11	0	12	-3	117	0	1	-1	1	1	0	0	0
2	17	4	-5	4	-9	7	-7	5	-10	7	-5	3	-7	4	-6	5	-11	9	2	0	-1	3	0	-4	-3	5	0	-1	-1	1	1	0	0	0
2	17	5	-5	4	-9	7	4	-1	5	-1	0	1	-1	2	16	-11	19	-13	2	3	2	3	0	5	0	5	0	1	0	1	1	0	1	0
2	17	6	-5	4	-9	7	1	2	1	3	-1	2	-2	3	39	-28	46	-33	2	4	2	6	0	12	0	32	0	1	0	1	1	0	1	0
2	17	7	-5	4	-9	7	8	-3	11	-4	4	-1	5	-1	45	-31	61	-42	2	4	3	3	0	12	5	5	0	1	1	1	1	0	0	0
2	17	8	-5	4	-9	7	7	-4	9	-5	1	0	0	1	1	0	0	1	2	2	2	2	0	0	0	0	0	0	0	0	1	1	2	2
2	17	9	-5	4	-9	7	-4	3	-7	5	-8	5	-13	8	-6	5	-11	9	2	1	0	3	0	-3	-4	5	0	-1	-1	1	1	0	0	0
2	17	10	-5	4	-9	7	-3	2	-5	3	-5	2	-8	3	-1	4	-2	7	2	0	-2	6	0	-4	0	32	0	-1	0	1	1	0	0	0
2	17	11	-5	4	-9	7	-5	4	-9	7	-11	8	-18	13	1	0	0	1	2	2	2	2	0	0	0	0	0	0	0	0	1	1	1	2
2	17	12	-5	4	-9	7	-8	5	-13	8	-12	7	-19	11	1	1	1	2	2	0	-1	3	0	-4	-3	5	0	-1	-1	1	1	0	0	0
2	17	13	-5	4	-9	7	3	-1	4	-1	1	1	1	2	20	-11	31	-17	2	2	3	3	0	0	5	5	0	0	1	1	1	1	0	0
2	17	14	-5	4	-9	7	1	1	1	2	-1	3	-2	5	51	-31	79	-48	2	3	4	3	0	5	12	5	0	1	1	1	1	0	0	0
2	17	15	-5	4	-9	7	-1	3	-2	5	-3	5	-5	8	94	-59	145	-91	2	4	5	3	0	12	21	5	0	1	1	1	1	0	0	0
2	17	16	-5	4	-9	7	7	-2	11	-3	9	-2	14	-3	151	-92	238	-145	2	4	6	6	0	12	32	32	0	1	1	1	1	0	0	0
2	17	17	-5	4	-9	7	-5	4	-9	7	-11	8	-18	13	1	0	0	1	2	2	2	2	0	0	0	0	0	0	0	0	1	1	1	2
2	17	18	-5	4	-9	7	5	-2	8	-3	7	-2	11	-3	51	-28	82	-45	2	2	4	6	0	0	12	32	0	0	1	1	1	1	0	0
2	17	19	-5	4	-9	7	2	1	3	2	2	3	3	5	151	-87	243	-140	2	4	7	11	0	12	45	117	0	1	1	1	1	0	0	0
2	17	20	-5	4	-9	7	7	-3	12	-5	13	-5	21	-8	94	-51	153	-83	2	2	5	11	0	0	21	117	0	0	1	1	1	1	0	0
2	17	21	-5	4	-9	7	8	-5	13	-8	12	-7	19	-11	1	1	1	2	2	0	1	3	0	-4	-3	5	0	-1	-1	1	1	0	0	0
2	17	22	-5	4	-9	7	5	-3	7	-4	3	-1	4	-1	1	1	1	2	2	1	2	3	0	-3	0	5	0	-1	0	1	1	0	1	0
2	17	23	-5	4	-9	7	3	-2	5	-3	5	-2	8	-3	-1	4	-2	7	2	0	2	6	0	-4	0	32	0	-1	0	1	1	0	1	0
2	17	24	-5	4	-9	7	7	-5	10	-7	5	-3	7	-4	-6	5	-11	9	2	0	1	3	0	-4	-3	5	0	-1	-1	1	1	0	0	0
2	17	25	-5	4	-9	7	7	-4	9	-5	1	0	0	1	1	0	0	1	2	2	2	2	0	0	0	0	0	0	0	0	1	1	2	2
2	17	26	-5	4	-9	7	2	-1	1	0	-6	5	-11	9	1	1	1	2	2	2	3	3	0	0	5	5	0	0	1	1	1	1	0	0
2	17	27	-5	4	-9	7	2	-1	3	-1	2	1	3	2	16	-3	27	-5	2	1	4	11	0	-3	12	117	0	-1	1	1	1	0	0	0
2	17	28	-5	4	-9	7	1	0	1	1	-1	4	-2	7	45	-16	76	-27	2	2	6	18	0	0	32	320	0	0	1	1	1	1	0	0
2	17	29	-5	4	-9	7	2	-1	5	-2	10	-3	17	-5	39	-7	67	-12	2	0	5	27	0	-4	21	725	0	-1	1	1	1	0	0	0
2	17	30	-5	4	-9	7	3	-2	5	-3	5	-2	8	-3	-1	4	-2	7	2	0	2	6	0	-4	0	32	0	-1	0	1	1	0	1	0
2	17	31	-5	4	-9	7	3	-2	2	-1	-7	6	-13	11	-1	4	-2	7	2	2	4	6	0	0	12	32	0	0	1	1	1	1	0	0
2	17	32	-5	4	-9	7	1	-1	2	-1	3	1	5	2	4	13	7	23	2	0	5	27	0	-4	21	725	0	-1	1	1	1	0	0	0
2	17	33	-5	4	-9	7	4	-3	3	-2	-8	7	-15	13	-5	9	-9	16	2	2	5	11	0	0	21	117	0	0	1	1	1	1	0	0
2	17	34	-5	4	-9	7	5	-3	2	-1	-17	11	-31	20	-6	5	-11	9	2	4	3	3	0	12	5	5	0	1	1	1	1	0	0	0
2	17	35	-5	4	-9	7	2	-1	-1	1	-14	9	-25	16	-6	5	-11	9	2	3	2	3	0	5	0	5	0	1	0	1	1	0	1	0
2	17	36	-5	4	-9	7	1	0	-1	1	-9	4	-16	7	-11	16	-20	29	2	2	-2	18	0	0	0	320	0	0	0	1	1	1	0	0
2	17	37	-5	4	-9	7	3	-2	-1	1	-19	14	-34	25	-1	4	-2	7	2	4	6	6	0	12	32	32	0	1	1	1	1	0	0	0
2	17	38	-5	4	-9	7	2	-1	-3	2	-22	13	-39	23	-5	9	-9	16	2	4	1	11	0	12	-3	117	0	1	-1	1	1	0	0	0
2	17	39	-5	4	-9	7	-1	1	-4	3	-11	7	-19	12	-6	5	-11	9	2	2	1	3	0	0	-3	5	0	0	-1	1	1	1	0	0
2	17	40	-5	4	-9	7	-1	1	-3	2	-7	3	-12	5	-5	9	-9	16	2	1	-2	11	0	-3	0	117	0	-1	0	1	1	0	0	0
2	17	41	-5	4	-9	7	-1	1	-2	1	-3	-1	-5	-2	4	13	7	23	2	0	-5	27	0	-4	21	725	0	-1	1	1	1	0	0	0
2	17	42	-5	4	-9	7	1	0	-1	1	-9	4	-16	7	-11	16	-20	29	2	2	-2	18	0	0	0	320	0	0	0	1	1	1	0	0
2	17	43	-5	4	-9	7	-3	2	-5	3	-5	2	-8	3	-1	4	-2	7	2	0	-2	6	0	-4	0	32	0	-1	0	1	1	0	0	0
2	17	44	-5	4	-9	7	-1	1	-5	4	-15	11	-26	19	1	1	1	2	2	3	4	3	0	5	12	5	0	1	1	1	1	0	0	0
2	17	45	-5	4	-9	7	1	0	1	1	-1	4	-2	7	45	-16	76	-27	2	2	6	18	0	0	32	320	0	0	1	1	1	1	0	0
2	17	46	-5	4	-9	7	-1	1	-6	5	-19	15	-33	26	16	-3	27	-5	2	4	7	11	0	12	45	117	0	1	1	1	1	0	0	0
2	17	47	-5	4	-9	7	-3	2	-11	7	-29	18	-50	31	-1	4	-2	7	2	4	2	6	0	12	0	32	0	1	0	1	1	0	1	0
2	17	48	-5	4	-9	7	-3	2	-8	5	-17	10	-29	17	-1	4	-2	7	2	2	0	6	0	0	-4	32	0	0	-1	1	1	1	0	0
2	17	49	-5	4	-9	7	-2	1	-5	2	-10	3	-17	5	39	-7	67	-12	2	0	-5	27	0	-4	21	725	0	-1	1	1	1	0	0	0
2	17	50	-5	4	-9	7	-4	3	-11	8	-24	17	-41	29	1	1	1	2	2	4	5	3	0	12	21	5	0	1	1	1	1	0	0	0
2	17	51	-5	4	-9	7	-5	3	-12	7	-23	13	-39	22	16	-3	27	-5	2	2	-1	11	0	0	-3	117	0	0	-1	1	1	1	0	0
2	18	0	5	-2	8	-3	0	1	-1	2	2	1	3	2	-19	14	-34	25	2	2	4	6	0	0	12	32	0	0	1	1	1	1	0	0
2	18	1	5	-2	8	-3	-1	2	-2	3	-1	4	-2	7	-51	40	-88	69	2	2	6	18	0	0	32	320	0	0	1	1	1	1	0	0
2	18	2	5	-2	8	-3	-2	3	-3	4	-4	7	-7	12	-95	78	-162	133	2	2	8	38	0	0	60	1440	0	0	1	1	1	1	0	0
2	18	3	5	-2	8	-3	5	-1	6	-1	13	-3	22	-5	-51	40	-88	69	2	4	8	18	0	12	60	320	0	1	1	1	1	0	0	0
2	18	4	5	-2	8	-3	-7	5	-10	7	-15	11	-26	19	-51	40	-88	69	2	0	4	18	0	-4	12	320	0	-1	1	1	1	0	0	0
2	18	5	5	-2	8	-3	4	-1	5	-1	10	-3	17	-5	-19	14	-34	25	2	3	5	6	0	5	21	32	0	1	1	1	1	0	0	0
2	18	6	5	-2	8	-3	1	2	1	3	3	4	5	7	-149	108	-258	187	2	4	10	38	0	12	96	1440	0	1	1	1	1	0	0	0
2	18	7	5	-2	8	-3	8	-3	11	-4	18	-7	31	-12	-19	14	-34	25	2	4	6	6	0	12	32	32	0	1	1	1	1	0	0	0
2	18	8	5	-2	8	-3	7	-4	9	-5	17	-10	29	-17	-1	4	-2	7	2	2	0	6	0	0	-4	32	0	0	-1	1	1	1	0	0
2	18	9	5	-2	8	-3	-4	3	-7	5	-6	5	-11	9	-19	14	-34	25	2	1	3	6	0	-3	5	32	0	-1	1	1	1	0	0	0
2	18	10	5	-2	8	-3	-3	2	-5	3	-5	4	-9	7	-1	4	-2	7	2	0	2	6	0	-4	0	32	0	-1	0	1	1	0	1	0
2	18	11	5	-2	8	-3	-5	4	-9	7	-7	6	-13	11	-45	28	-82	51	2	2	4	6	0	0	12	32	0	0	1	1	1	1	0	0
2	18	12	5	-2	8	-3	-8	5	-13	8	-14	9	-25	16	-19	14	-34	25	2	0	2	6	0	-4	0	32	0	-1	0	1	1	0	1	0
2	18	13	5	-2	8	-3	3	-1	4	-1	7	-3	12	-5	1	0	0	1	2	2	2	2	0	0	0	0	0	0	0	0	1	1	1	2
2	18	14	5	-2	8	-3	1	1	1	2	3	1	5	2	-45	28	-82	51	2	3	5	6	0	5	21	32	0	1	1	1	1	0	0	0
2	18	15	5	-2	8	-3	-1	3	-2	5	-1	5	-2	9	-139	88	-248	157	2	4	8	18	0	12	60	320	0	1	1	1	1	0	0	0
2	18	16	5	-2	8	-3	7	-2	11	-3	13	-4	23	-7	-45	28	-82	51	2	4	6	6	0	12	32	32	0	1	1	1	1	0	0	0
2	18	17	5	-2	8	-3	-5	4	-9	7	-7	6	-13	11	-45	28	-82	51	2	2	4	6	0	0	12	32	0	0	1	1	1	1	0	0
2	18	18	5	-2	8	-3	5	-2	8	-3	9	-4	16	-7	1	0	0	1	2	2	2	2	0	0	0	0	0	0	0	0	1	1	1	2
2	18	19	5	-2	8	-3	2	1	3	2	4	1	7	2	-79	46	-146	85	2	4	6	6	0	12	32	32	0	1	1	1	1	0	0	0
2	18	20	5	-2	8	-3	7	-3	12	-5	11	-5	20	-9	1	0	0	1	2	2	2	2	0	0	0	0	0	0	0	0	1	1	1	2
2	18	21	5	-2	8	-3	8	-5	13	-8	14	-9	25	-16	-19	14	-34	25	2	0	-2	6	0	-4	0	32	0	-1	0	1	1	0	0	0
2	18	22	5	-2	8	-3	5	-3	7	-4	11	-7	19	-12	-1	4	-2	7	2	1	-1	6	0	-3	-3	32	0	-1	-1	1	1	0	0	0
2	18	23	5	-2	8	-3	3	-2	5	-3	5	-4	9	-7	-1	4	-2	7	2	0	-2	6	0	-4	0	32	0	-1	0	1	1	0	0	0
2	18	24	5	-2	8	-3	7	-5	10	-7	15	-11	26	-19	-51	40	-88	69	2	0	-4	18	0	-4	12	320	0	-1	1	1	1	0	0	0
2	18	25	5	-2	8	-3	7	-4	9	-5	17	-10	29	-17	-1	4	-2	7	2	2	0	6	0	0	-4	32	0	0	-1	1	1	1	0	0
2	18	26	5	-2	8	-3	2	-1	1	0	8	-5	13	-8	9	-2	14	-3	2	2	0	6	0	0	-4	32	0	0	-1	1	1	1	0	0
2	18	27	5	-2	8	-3	2	-1	3	-1	4	-3	7	-5	9	-2	14	-3	2	1	-1	6	0	-3	-3	32	0	-1	-1	1	1	0	0	0
2	18	28	5	-2	8	-3	1	0	1	1	3	-2	5	-3	11	-4	14	-5	2	2	0	6	0	0	-4	32	0	0	-1	1	1	1	0	0
2	18	29	5	-2	8	-3	2	-1	5	-2	0	-1	1	-2	9	-2	14	-3	2	0	-2	6	0	-4	0	32	0	-1	0	1	1	0	0	0
2	18	30	5	-2	8	-3	3	-2	5	-3	5	-4	9	-7	-1	4	-2	7	2	0	-2	6	0	-4	0	32	0	-1	0	1	1	0	0	0
2	18	31	5	-2	8	-3	3	-2	2	-1	11	-8	18	-13	5	8	8	13	2	2	-2	18	0	0	0	320	0	0	0	1	1	1	0	0
2	18	32	5	-2	8	-3	1	-1	2	-1	1	-3	2	-5	5	8	8	13	2	0	-4	18	0	-4	12	320	0	-1	1	1	1	0	0	0
2	18	33	5	-2	8	-3	4	-3	3	-2	14	-11	23	-18	-11	30	-18	49	2	2	-4	38	0	0	12	1440	0	0	1	1	1	1	0	0
2	18	34	5	-2	8	-3	5	-3	2	-1	21	-13	34	-21	5	8	8	13	2	4	0	18	0	12	-4	320	0	1	-1	1	1	0	0	0
2	18	35	5	-2	8	-3	2	-1	-1	1	12	-7	19	-11	9	-2	14	-3	2	3	1	6	0	5	-3	32	0	1	-1	1	1	0	0	0
2	18	36	5	-2	8	-3	1	0	-1	1	7	-2	11	-3	-1	4	-2	7	2	2	4	6	0	0	12	32	0	0	1	1	1	1	0	0
2	18	37	5	-2	8	-3	3	-2	-1	1	17	-12	27	-19	19	12	30	19	2	4	-2	38	0	12	0	1440	0	1	0	1	1	0	0	0
2	18	38	5	-2	8	-3	2	-1	-3	2	16	-9	25	-14	9	-2	14	-3	2	4	2	6	0	12	0	32	0	1	0	1	1	0	1	0
2	18	39	5	-2	8	-3	-1	1	-4	3	3	-1	4	-1	1	0	0	1	2	2	2	2	0	0	0	0	0	0	0	0	1	1	1	2
2	18	40	5	-2	8	-3	-1	1	-3	2	1	1	1	2	-1	4	-2	7	2	1	3	6	0	-3	5	32	0	-1	1	1	1	0	0	0
2	18	41	5	-2	8	-3	-1	1	-2	1	-1	3	-2	5	5	8	8	13	2	0	4	18	0	-4	12	320	0	-1	1	1	1	0	0	0
2	18	42	5	-2	8	-3	1	0	-1	1	7	-2	11	-3	-1	4	-2	7	2	2	4	6	0	0	12	32	0	0	1	1	1	1	0	0
2	18	43	5	-2	8	-3	-3	2	-5	3	-5	4	-9	7	-1	4	-2	7	2	0	2	6	0	-4	0	32	0	-1	0	1	1	0	1	0
2	18	44	5	-2	8	-3	-1	1	-5	4	5	-3	7	-4	11	-4	14	-5	2	3	1	6	0	5	-3	32	0	1	-1	1	1	0	0	0
2	18	45	5	-2	8	-3	1	0	1	1	3	-2	5	-3	11	-4	14	-5	2	2	0	6	0	0	-4	32	0	0	-1	1	1	1	0	0
2	18	46	5	-2	8	-3	-1	1	-6	5	7	-5	10	-7	29	-8	40	-11	2	4	0	18	0	12	-4	320	0	1	-1	1	1	0	0	0
2	18	47	5	-2	8	-3	-3	2	-11	7	7	-4	9	-5	11	-4	14	-5	2	4	2	6	0	12	0	32	0	1	0	1	1	0	1	0
2	18	48	5	-2	8	-3	-3	2	-8	5	1	0	0	1	1	0	0	1	2	2	2	2	0	0	0	0	0	0	0	0	1	1	2	2
2	18	49	5	-2	8	-3	-2	1	-5	2	0	1	-1	2	9	-2	14	-3	2	0	2	6	0	-4	0	32	0	-1	0	1	1	0	1	0
2	18	50	5	-2	8	-3	-4	3	-11	8	2	-1	1	0	5	-2	-2	1	2	4	2	6	0	12	0	32	0	1	0	1	1	0	1	0
2	18	51	5	-2	8	-3	-5	3	-12	7	-1	1	-4	3	1	0	0	1	2	2	2	2	0	0	0	0	0	0	0	0	1	1	1	2
2	19	0	2	1	3	2	0	1	-1	2	-1	4	-2	7	-19	14	-34	25	4	2	6	6	12	0	32	32	1	0	1	1	0	1	0	0
2	19	1	2	1	3	2	-1	2	-2	3	-4	7	-7	12	-51	40	-88	69	4	2	8	18	12	0	60	320	1	0	1	1	0	1	0	0
2	19	2	2	1	3	2	-2	3	-3	4	-7	10	-12	17	-95	78	-162	133	4	2	10	38	12	0	96	1440	1	0	1	1	0	1	0	0
2	19	3	2	1	3	2	5	-1	6	-1	16	-3	27	-5	91	-69	153	-116	4	4	11	-25	12	12	117	621	1	1	1	1	0	0	0	0
2	19	4	2	1	3	2	-7	5	-10	7	-24	17	-41	29	-113	89	-193	152	4	0	5	39	12	-4	21	1517	1	-1	1	1	0	0	0	0
2	19	5	2	1	3	2	4	-1	5	-1	13	-3	22	-5	60	-41	101	-69	4	3	8	-9	12	5	60	77	1	1	1	1	0	0	0	0
2	19	6	2	1	3	2	1	2	1	3	3	7	5	12	-56	41	-97	71	4	4	15	15	12	12	221	221	1	1	1	1	0	0	0	0
2	19	7	2	1	3	2	8	-3	11	-4	27	-10	46	-17	181	-124	308	-211	4	4	10	-30	12	12	96	896	1	1	1	1	0	0	0	0
2	19	8	2	1	3	2	7	-4	9	-5	23	-13	39	-22	16	-3	27	-5	4	2	1	11	12	0	-3	117	1	0	-1	1	0	1	0	0
2	19	9	2	1	3	2	-4	3	-7	5	-15	11	-26	19	-56	41	-97	71	4	1	4	15	12	-3	12	221	1	-1	1	1	0	0	0	0
2	19	10	2	1	3	2	-3	2	-5	3	-11	7	-19	12	-4	11	-7	19	4	0	1	15	12	-4	-3	221	1	-1	-1	1	0	0	0	0
2	19	11	2	1	3	2	-5	4	-9	7	-19	15	-33	26	-140	87	-243	151	4	2	7	11	12	0	45	117	1	0	1	1	0	1	0	0
2	19	12	2	1	3	2	-8	5	-13	8	-29	18	-50	31	-51	40	-88	69	4	0	2	18	12	-4	0	320	1	-1	0	1	0	0	1	0
2	19	13	2	1	3	2	3	-1	4	-1	10	-3	17	-5	35	-19	59	-32	4	2	5	3	12	0	21	5	1	0	1	1	0	1	0	0
2	19	14	2	1	3	2	1	1	1	2	3	4	5	7	-17	11	-31	20	4	3	10	3	12	5	96	5	1	1	1	1	0	0	0	0
2	19	15	2	1	3	2	-1	3	-2	5	-4	11	-7	19	-153	97	-265	168	4	4	15	15	12	12	221	221	1	1	1	1	0	0	0	0
2	19	16	2	1	3	2	7	-2	11	-3	25	-7	43	-12	216	-131	371	-225	4	4	13	-9	12	12	165	77	1	1	1	1	0	0	0	0
2	19	17	2	1	3	2	-5	4	-9	7	-19	15	-33	26	-140	87	-243	151	4	2	7	11	12	0	45	117	1	0	1	1	0	1	0	0
2	19	18	2	1	3	2	5	-2	8	-3	18	-7	31	-12	85	-46	146	-79	4	2	6	6	12	0	32	32	1	0	1	1	0	1	0	0
2	19	19	2	1	3	2	2	1	3	2	7	4	12	7	1	0	0	1	4	4	14	2	12	12	192	0	1	1	1	0	0	0	0	2
2	19	20	2	1	3	2	7	-3	12	-5	26	-11	45	-19	151	-81	261	-140	4	2	7	11	12	0	45	117	1	0	1	1	0	1	0	0
2	19	21	2	1	3	2	8	-5	13	-8	29	-18	50	-31	-51	40	-88	69	4	0	-2	18	12	-4	0	320	1	-1	0	1	0	0	0	0
2	19	22	2	1	3	2	5	-3	7	-4	17	-10	29	-17	3	7	5	12	4	1	0	15	12	-3	-4	221	1	-1	-1	1	0	0	0	0
2	19	23	2	1	3	2	3	-2	5	-3	11	-7	19	-12	-4	11	-7	19	4	0	-1	15	12	-4	-3	221	1	-1	-1	1	0	0	0	0
2	19	24	2	1	3	2	7	-5	10	-7	24	-17	41	-29	-113	89	-193	152	4	0	-5	39	12	-4	21	1517	1	-1	1	1	0	0	0	0
2	19	25	2	1	3	2	7	-4	9	-5	23	-13	39	-22	16	-3	27	-5	4	2	1	11	12	0	-3	117	1	0	-1	1	0	1	0	0
2	19	26	2	1	3	2	2	-1	1	0	5	-2	8	-3	9	-2	14	-3	4	2	2	6	12	0	0	32	1	0	0	1	0	1	1	0
2	19	27	2	1	3	2	2	-1	3	-1	7	-3	12	-5	16	-3	27	-5	4	1	2	11	12	-3	0	117	1	-1	0	1	0	0	1	0
2	19	28	2	1	3	2	1	0	1	1	3	1	5	2	4	-1	5	-1	4	2	5	3	12	0	21	5	1	0	1	1	0	1	0	0
2	19	29	2	1	3	2	2	-1	5	-2	9	-4	16	-7	25	-4	44	-7	4	0	2	18	12	-4	0	320	1	-1	0	1	0	0	1	0
2	19	30	2	1	3	2	3	-2	5	-3	11	-7	19	-12	-4	11	-7	19	4	0	-1	15	12	-4	-3	221	1	-1	-1	1	0	0	0	0
2	19	31	2	1	3	2	3	-2	2	-1	8	-5	13	-8	5	8	8	13	4	2	0	18	12	0	-4	320	1	0	-1	1	0	1	0	0
2	19	32	2	1	3	2	1	-1	2	-1	4	-3	7	-5	3	7	5	12	4	0	-1	15	12	-4	-3	221	1	-1	-1	1	0	0	0	0
2	19	33	2	1	3	2	4	-3	3	-2	11	-8	18	-13	-11	30	-18	49	4	2	-2	38	12	0	0	1440	1	0	0	1	0	1	0	0
2	19	34	2	1	3	2	5	-3	2	-1	12	-7	19	-11	7	5	11	8	4	4	1	15	12	12	-3	221	1	1	-1	1	0	0	0	0
2	19	35	2	1	3	2	2	-1	-1	1	3	-1	4	-1	4	-1	5	-1	4	3	2	3	12	5	0	5	1	1	0	1	0	0	1	0
2	19	36	2	1	3	2	1	0	-1	1	1	1	1	2	0	1	-1	3	4	2	3	3	12	0	5	5	1	0	1	1	0	1	0	0
2	19	37	2	1	3	2	3	-2	-1	1	5	-3	7	-4	8	5	11	7	4	4	1	15	12	12	-3	221	1	1	-1	1	0	0	0	0
2	19	38	2	1	3	2	2	-1	-3	2	1	0	0	1	1	0	0	1	4	4	2	2	12	12	0	0	1	1	0	0	0	0	2	2
2	19	39	2	1	3	2	-1	1	-4	3	-6	5	-11	9	-17	11	-31	20	4	2	3	3	12	0	5	5	1	0	1	1	0	1	0	0
2	19	40	2	1	3	2	-1	1	-3	2	-5	4	-9	7	-5	9	-9	16	4	1	2	11	12	-3	0	117	1	-1	0	1	0	0	1	0
2	19	41	2	1	3	2	-1	1	-2	1	-4	3	-7	5	3	7	5	12	4	0	1	15	12	-4	-3	221	1	-1	-1	1	0	0	0	0
2	19	42	2	1	3	2	1	0	-1	1	1	1	1	2	0	1	-1	3	4	2	3	3	12	0	5	5	1	0	1	1	0	1	0	0
2	19	43	2	1	3	2	-3	2	-5	3	-11	7	-19	12	-4	11	-7	19	4	0	1	15	12	-4	-3	221	1	-1	-1	1	0	0	0	0
2	19	44	2	1	3	2	-1	1	-5	4	-7	6	-13	11	-33	13	-61	24	4	3	4	-9	12	5	12	77	1	1	1	1	0	0	0	0
2	19	45	2	1	3	2	1	0	1	1	3	1	5	2	4	-1	5	-1	4	2	5	3	12	0	21	5	1	0	1	1	0	1	0	0
2	19	46	2	1	3	2	-1	1	-6	5	-8	7	-15	13	-53	15	-99	28	4	4	5	-25	12	12	21	621	1	1	1	1	0	0	0	0
2	19	47	2	1	3	2	-3	2	-11	7	-17	11	-31	20	-40	17	-73	31	4	4	3	-9	12	12	5	77	1	1	1	1	0	0	0	0
2	19	48	2	1	3	2	-3	2	-8	5	-14	9	-25	16	-19	14	-34	25	4	2	2	6	12	0	0	32	1	0	0	1	0	1	1	0
2	19	49	2	1	3	2	-2	1	-5	2	-9	4	-16	7	25	-4	44	-7	4	0	-2	18	12	-4	0	320	1	-1	0	1	0	0	0	0
2	19	50	2	1	3	2	-4	3	-11	8	-19	14	-34	25	-123	52	-220	93	4	4	6	-30	12	12	32	896	1	1	1	1	0	0	0	0
2	19	51	2	1	3	2	-5	3	-12	7	-22	13	-39	23	-5	9	-9	16	4	2	1	11	12	0	-3	117	1	0	-1	1	0	1	0	0
2	20	0	7	-3	12	-5	0	1	-1	2	3	1	5	2	-38	27	-69	49	2	2	5	11	0	0	21	117	0	0	1	1	1	1	0	0
2	20	1	7	-3	12	-5	-1	2	-2	3	-1	5	-2	9	-101	78	-180	139	2	2	8	38	0	0	60	1440	0	0	1	1	1	1	0	0
2	20	2	7	-3	12	-5	-2	3	-3	4	-5	9	-9	16	-188	153	-333	271	2	2	11	83	0	0	117	6885	0	0	1	1	1	1	0	0
2	20	3	7	-3	12	-5	5	-1	6	-1	17	-4	30	-7	-101	78	-180	139	2	4	10	38	0	12	96	1440	0	1	1	1	1	0	0	0
2	20	4	7	-3	12	-5	-7	5	-10	7	-19	14	-34	25	-101	78	-180	139	2	0	6	38	0	-4	32	1440	0	-1	1	1	1	0	0	0
2	20	5	7	-3	12	-5	4	-1	5	-1	13	-4	23	-7	-38	27	-69	49	2	3	6	11	0	5	32	117	0	1	1	1	1	0	0	0
2	20	6	7	-3	12	-5	1	2	1	3	4	5	7	9	-287	207	-513	370	2	4	13	83	0	12	165	6885	0	1	1	1	1	0	0	0
2	20	7	7	-3	12	-5	8	-3	11	-4	23	-9	41	-16	-38	27	-69	49	2	4	7	11	0	12	45	117	0	1	1	1	1	0	0	0
2	20	8	7	-3	12	-5	7	-4	9	-5	22	-13	39	-23	-5	9	-9	16	2	2	-1	11	0	0	-3	117	0	0	-1	1	1	1	0	0
2	20	9	7	-3	12	-5	-4	3	-7	5	-7	6	-13	11	-38	27	-69	49	2	1	4	11	0	-3	12	117	0	-1	1	1	1	0	0	0
2	20	10	7	-3	12	-5	-3	2	-5	3	-6	5	-11	9	-5	9	-9	16	2	0	3	11	0	-4	5	117	0	-1	1	1	1	0	0	0
2	20	11	7	-3	12	-5	-5	4	-9	7	-8	7	-15	13	-83	51	-153	94	2	2	5	11	0	0	21	117	0	0	1	1	1	1	0	0
2	20	12	7	-3	12	-5	-8	5	-13	8	-17	11	-31	20	-38	27	-69	49	2	0	3	11	0	-4	5	117	0	-1	1	1	1	0	0	0
2	20	13	7	-3	12	-5	3	-1	4	-1	9	-4	16	-7	1	0	0	1	2	2	2	2	0	0	0	0	0	0	0	0	1	1	1	2
2	20	14	7	-3	12	-5	1	1	1	2	4	1	7	2	-83	51	-153	94	2	3	6	11	0	5	32	117	0	1	1	1	1	0	0	0
2	20	15	7	-3	12	-5	-1	3	-2	5	-1	6	-2	11	-257	162	-468	295	2	4	10	38	0	12	96	1440	0	1	1	1	1	0	0	0
2	20	16	7	-3	12	-5	7	-2	11	-3	16	-5	29	-9	-83	51	-153	94	2	4	7	11	0	12	45	117	0	1	1	1	1	0	0	0
2	20	17	7	-3	12	-5	-5	4	-9	7	-8	7	-15	13	-83	51	-153	94	2	2	5	11	0	0	21	117	0	0	1	1	1	1	0	0
2	20	18	7	-3	12	-5	5	-2	8	-3	11	-5	20	-9	1	0	0	1	2	2	2	2	0	0	0	0	0	0	0	0	1	1	1	2
2	20	19	7	-3	12	-5	2	1	3	2	5	1	9	2	-140	81	-261	151	2	4	7	11	0	12	45	117	0	1	1	1	1	0	0	0
2	20	20	7	-3	12	-5	7	-3	12	-5	13	-6	24	-11	1	0	0	1	2	2	2	2	0	0	0	0	0	0	0	0	1	1	1	2
2	20	21	7	-3	12	-5	8	-5	13	-8	17	-11	31	-20	-38	27	-69	49	2	0	-3	11	0	-4	5	117	0	-1	1	1	1	0	0	0
2	20	22	7	-3	12	-5	5	-3	7	-4	14	-9	25	-16	-5	9	-9	16	2	1	-2	11	0	-3	0	117	0	-1	0	1	1	0	0	0
2	20	23	7	-3	12	-5	3	-2	5	-3	6	-5	11	-9	-5	9	-9	16	2	0	-3	11	0	-4	5	117	0	-1	1	1	1	0	0	0
2	20	24	7	-3	12	-5	7	-5	10	-7	19	-14	34	-25	-101	78	-180	139	2	0	-6	38	0	-4	32	1440	0	-1	1	1	1	0	0	0
2	20	25	7	-3	12	-5	7	-4	9	-5	22	-13	39	-23	-5	9	-9	16	2	2	-1	11	0	0	-3	117	0	0	-1	1	1	1	0	0
2	20	26	7	-3	12	-5	2	-1	1	0	11	-7	19	-12	16	-3	27	-5	2	2	-1	11	0	0	-3	117	0	0	-1	1	1	1	0	0
2	20	27	7	-3	12	-5	2	-1	3	-1	5	-4	9	-7	16	-3	27	-5	2	1	-2	11	0	-3	0	117	0	-1	0	1	1	0	0	0
2	20	28	7	-3	12	-5	1	0	1	1	4	-3	7	-5	25	-9	39	-14	2	2	-1	11	0	0	-3	117	0	0	-1	1	1	1	0	0
2	20	29	7	-3	12	-5	2	-1	5	-2	-1	-1	-1	-2	16	-3	27	-5	2	0	-3	11	0	-4	5	117	0	-1	1	1	1	0	0	0
2	20	30	7	-3	12	-5	3	-2	5	-3	6	-5	11	-9	-5	9	-9	16	2	0	-3	11	0	-4	5	117	0	-1	1	1	1	0	0	0
2	20	31	7	-3	12	-5	3	-2	2	-1	15	-11	26	-19	7	18	12	31	2	2	-4	38	0	0	12	1440	0	0	1	1	1	1	0	0
2	20	32	7	-3	12	-5	1	-1	2	-1	1	-4	2	-7	7	18	12	31	2	0	-6	38	0	-4	32	1440	0	-1	1	1	1	0	0	0
2	20	33	7	-3	12	-5	4	-3	3	-2	19	-15	33	-26	-26	63	-45	109	2	2	-7	83	0	0	45	6885	0	0	1	1	1	1	0	0
2	20	34	7	-3	12	-5	5	-3	2	-1	29	-18	50	-31	7	18	12	31	2	4	-2	38	0	12	0	1440	0	1	0	1	1	0	0	0
2	20	35	7	-3	12	-5	2	-1	-1	1	17	-10	29	-17	16	-3	27	-5	2	3	0	11	0	5	-4	117	0	1	-1	1	1	0	0	0
2	20	36	7	-3	12	-5	1	0	-1	1	10	-3	17	-5	-5	9	-9	16	2	2	5	11	0	0	21	117	0	0	1	1	1	1	0	0
2	20	37	7	-3	12	-5	3	-2	-1	1	24	-17	41	-29	37	27	63	46	2	4	-5	83	0	12	21	6885	0	1	1	1	1	0	0	0
2	20	38	7	-3	12	-5	2	-1	-3	2	23	-13	39	-22	16	-3	27	-5	2	4	1	11	0	12	-3	117	0	1	-1	1	1	0	0	0
2	20	39	7	-3	12	-5	-1	1	-4	3	5	-2	8	-3	1	0	0	1	2	2	2	2	0	0	0	0	0	0	0	0	1	1	1	2
2	20	40	7	-3	12	-5	-1	1	-3	2	2	1	3	2	-5	9	-9	16	2	1	4	11	0	-3	12	117	0	-1	1	1	1	0	0	0
2	20	41	7	-3	12	-5	-1	1	-2	1	-1	4	-2	7	7	18	12	31	2	0	6	38	0	-4	32	1440	0	-1	1	1	1	0	0	0
2	20	42	7	-3	12	-5	1	0	-1	1	10	-3	17	-5	-5	9	-9	16	2	2	5	11	0	0	21	117	0	0	1	1	1	1	0	0
2	20	43	7	-3	12	-5	-3	2	-5	3	-6	5	-11	9	-5	9	-9	16	2	0	3	11	0	-4	5	117	0	-1	1	1	1	0	0	0
2	20	44	7	-3	12	-5	-1	1	-5	4	8	-5	13	-8	25	-9	39	-14	2	3	0	11	0	5	-4	117	0	1	-1	1	1	0	0	0
2	20	45	7	-3	12	-5	1	0	1	1	4	-3	7	-5	25	-9	39	-14	2	2	-1	11	0	0	-3	117	0	0	-1	1	1	1	0	0
2	20	46	7	-3	12	-5	-1	1	-6	5	11	-8	18	-13	67	-18	108	-29	2	4	-2	38	0	12	0	1440	0	1	0	1	1	0	0	0
2	20	47	7	-3	12	-5	-3	2	-11	7	12	-7	19	-11	25	-9	39	-14	2	4	1	11	0	12	-3	117	0	1	-1	1	1	0	0	0
2	20	48	7	-3	12	-5	-3	2	-8	5	3	-1	4	-1	1	0	0	1	2	2	2	2	0	0	0	0	0	0	0	0	1	1	1	2
2	20	49	7	-3	12	-5	-2	1	-5	2	1	1	1	2	16	-3	27	-5	2	0	3	11	0	-4	5	117	0	-1	1	1	1	0	0	0
2	20	50	7	-3	12	-5	-4	3	-11	8	5	-3	7	-4	22	-9	27	-11	2	4	1	11	0	12	-3	117	0	1	-1	1	1	0	0	0
2	20	51	7	-3	12	-5	-5	3	-12	7	1	0	0	1	1	0	0	1	2	2	2	2	0	0	0	0	0	0	0	0	1	1	2	2
2	21	0	8	-5	13	-8	0	1	-1	2	5	-2	8	-3	-19	14	-34	25	0	2	2	6	-4	0	0	32	-1	0	0	1	0	1	1	0
2	21	1	8	-5	13	-8	-1	2	-2	3	2	1	3	2	-51	40	-88	69	0	2	4	18	-4	0	12	320	-1	0	1	1	0	1	0	0
2	21	2	8	-5	13	-8	-2	3	-3	4	-1	4	-2	7	-95	78	-162	133	0	2	6	38	-4	0	32	1440	-1	0	1	1	0	1	0	0
2	21	3	8	-5	13	-8	5	-1	6	-1	10	-3	17	-5	-115	89	-199	154	0	4	5	39	-4	12	21	1517	-1	1	1	1	0	0	0	0
2	21	4	8	-5	13	-8	-7	5	-10	7	-6	5	-11	9	-19	15	-33	26	0	0	3	7	-4	-4	5	45	-1	-1	1	1	0	0	0	0
2	21	5	8	-5	13	-8	4	-1	5	-1	7	-3	12	-5	-38	27	-69	49	0	3	2	11	-4	5	0	117	-1	1	0	1	0	0	1	0
2	21	6	8	-5	13	-8	1	2	1	3	3	1	5	2	-134	97	-239	173	0	4	5	39	-4	12	21	1517	-1	1	1	1	0	0	0	0
2	21	7	8	-5	13	-8	8	-3	11	-4	9	-4	16	-7	-63	44	-116	81	0	4	2	18	-4	12	0	320	-1	1	0	1	0	0	1	0
2	21	8	8	-5	13	-8	7	-4	9	-5	11	-7	19	-12	-6	5	-11	9	0	2	-1	3	-4	0	-3	5	-1	0	-1	1	0	1	0	0
2	21	9	8	-5	13	-8	-4	3	-7	5	3	-1	4	-1	-6	5	-11	9	0	1	2	3	-4	-3	0	5	-1	-1	0	1	0	0	1	0
2	21	10	8	-5	13	-8	-3	2	-5	3	1	1	1	2	2	3	3	5	0	0	3	7	-4	-4	5	45	-1	-1	1	1	0	0	0	0
2	21	11	8	-5	13	-8	-5	4	-9	7	5	-3	7	-4	2	-1	-1	1	0	2	1	3	-4	0	-3	5	-1	0	-1	1	0	1	0	0
2	21	12	8	-5	13	-8	-8	5	-13	8	1	0	0	1	1	0	0	1	0	0	2	2	-4	-4	0	0	-1	-1	0	0	0	0	2	2
2	21	13	8	-5	13	-8	3	-1	4	-1	4	-3	7	-5	9	-5	11	-6	0	2	-1	3	-4	0	-3	5	-1	0	-1	1	0	1	0	0
2	21	14	8	-5	13	-8	1	1	1	2	3	-2	5	-3	5	-3	-3	2	0	3	0	7	-4	5	-4	45	-1	1	-1	1	0	0	0	0
2	21	15	8	-5	13	-8	-1	3	-2	5	2	-1	3	-1	-11	7	-41	26	0	4	1	15	-4	12	-3	221	-1	1	-1	1	0	0	0	0
2	21	16	8	-5	13	-8	7	-2	11	-3	1	-1	3	-2	18	-11	5	-3	0	4	-1	15	-4	12	-3	221	-1	1	-1	1	0	0	0	0
2	21	17	8	-5	13	-8	-5	4	-9	7	5	-3	7	-4	2	-1	-1	1	0	2	1	3	-4	0	-3	5	-1	0	-1	1	0	1	0	0
2	21	18	8	-5	13	-8	5	-2	8	-3	0	-1	1	-2	25	-14	34	-19	0	2	-2	6	-4	0	0	32	-1	0	0	1	0	1	0	0
2	21	19	8	-5	13	-8	2	1	3	2	1	-2	2	-3	69	-40	88	-51	0	4	-2	18	-4	12	0	320	-1	1	0	1	0	0	0	0
2	21	20	8	-5	13	-8	7	-3	12	-5	-4	1	-5	1	49	-27	69	-38	0	2	-3	11	-4	0	5	117	-1	0	1	1	0	1	0	0
2	21	21	8	-5	13	-8	8	-5	13	-8	-1	0	0	-1	1	0	0	1	0	0	-2	2	-4	-4	0	0	-1	-1	0	0	0	0	0	2
2	21	22	8	-5	13	-8	5	-3	7	-4	5	-4	9	-7	1	1	1	2	0	1	-2	3	-4	-3	0	5	-1	-1	0	1	0	0	0	0
2	21	23	8	-5	13	-8	3	-2	5	-3	-1	-1	-1	-2	2	3	3	5	0	0	-3	7	-4	-4	5	45	-1	-1	1	1	0	0	0	0
2	21	24	8	-5	13	-8	7	-5	10	-7	6	-5	11	-9	-19	15	-33	26	0	0	-3	7	-4	-4	5	45	-1	-1	1	1	0	0	0	0
2	21	25	8	-5	13	-8	7	-4	9	-5	11	-7	19	-12	-6	5	-11	9	0	2	-1	3	-4	0	-3	5	-1	0	-1	1	0	1	0	0
2	21	26	8	-5	13	-8	2	-1	1	0	11	-8	18	-13	9	-2	14	-3	0	2	-2	6	-4	0	0	32	-1	0	0	1	0	1	0	0
2	21	27	8	-5	13	-8	2	-1	3	-1	1	-3	2	-5	26	-7	41	-11	0	1	-4	15	-4	-3	12	221	-1	-1	1	1	0	0	0	0
2	21	28	8	-5	13	-8	1	0	1	1	3	-5	5	-8	66	-25	103	-39	0	2	-5	27	-4	0	21	725	-1	0	1	1	0	1	0	0
2	21	29	8	-5	13	-8	2	-1	5	-2	-9	2	-14	3	53	-12	84	-19	0	0	-6	34	-4	-4	32	1152	-1	-1	1	1	0	0	0	0
2	21	30	8	-5	13	-8	3	-2	5	-3	-1	-1	-1	-2	2	3	3	5	0	0	-3	7	-4	-4	5	45	-1	-1	1	1	0	0	0	0
2	21	31	8	-5	13	-8	3	-2	2	-1	14	-11	23	-18	5	8	8	13	0	2	-4	18	-4	0	12	320	-1	0	1	1	0	1	0	0
2	21	32	8	-5	13	-8	1	-1	2	-1	-2	-3	-3	-5	13	21	21	34	0	0	-7	47	-4	-4	45	2205	-1	-1	1	1	0	0	0	0
2	21	33	8	-5	13	-8	4	-3	3	-2	17	-14	28	-23	-11	30	-18	49	0	2	-6	38	-4	0	32	1440	-1	0	1	1	0	1	0	0
2	21	34	8	-5	13	-8	5	-3	2	-1	30	-19	49	-31	-3	11	-5	18	0	4	-1	15	-4	12	-3	221	-1	1	-1	1	0	0	0	0
2	21	35	8	-5	13	-8	2	-1	-1	1	21	-13	34	-21	2	3	3	5	0	3	0	7	-4	5	-4	45	-1	1	-1	1	0	0	0	0
2	21	36	8	-5	13	-8	1	0	-1	1	13	-5	21	-8	-14	25	-23	41	0	2	5	27	-4	0	21	725	-1	0	1	1	0	1	0	0
2	21	37	8	-5	13	-8	3	-2	-1	1	29	-21	47	-34	18	13	29	21	0	4	-5	39	-4	12	21	1517	-1	1	1	1	0	0	0	0
2	21	38	8	-5	13	-8	2	-1	-3	2	31	-18	50	-29	5	8	8	13	0	4	2	18	-4	12	0	320	-1	1	0	1	0	0	1	0
2	21	39	8	-5	13	-8	-1	1	-4	3	12	-7	19	-11	1	1	1	2	0	2	1	3	-4	0	-3	5	-1	0	-1	1	0	1	0	0
2	21	40	8	-5	13	-8	-1	1	-3	2	7	-2	11	-3	-3	11	-5	18	0	1	4	15	-4	-3	12	221	-1	-1	1	1	0	0	0	0
2	21	41	8	-5	13	-8	-1	1	-2	1	2	3	3	5	13	21	21	34	0	0	7	47	-4	-4	45	2205	-1	-1	1	1	0	0	0	0
2	21	42	8	-5	13	-8	1	0	-1	1	13	-5	21	-8	-14	25	-23	41	0	2	5	27	-4	0	21	725	-1	0	1	1	0	1	0	0
2	21	43	8	-5	13	-8	-3	2	-5	3	1	1	1	2	2	3	3	5	0	0	3	7	-4	-4	5	45	-1	-1	1	1	0	0	0	0
2	21	44	8	-5	13	-8	-1	1	-5	4	17	-12	27	-19	25	-9	39	-14	0	3	-2	11	-4	5	0	117	-1	1	0	1	0	0	0	0
2	21	45	8	-5	13	-8	1	0	1	1	3	-5	5	-8	66	-25	103	-39	0	2	-5	27	-4	0	21	725	-1	0	1	1	0	1	0	0
2	21	46	8	-5	13	-8	-1	1	-6	5	22	-17	35	-27	69	-19	109	-30	0	4	-5	39	-4	12	21	1517	-1	1	1	1	0	0	0	0
2	21	47	8	-5	13	-8	-3	2	-11	7	31	-19	49	-30	26	-7	41	-11	0	4	1	15	-4	12	-3	221	-1	1	-1	1	0	0	0	0
2	21	48	8	-5	13	-8	-3	2	-8	5	16	-9	25	-14	9	-2	14	-3	0	2	2	6	-4	0	0	32	-1	0	0	1	0	1	1	0
2	21	49	8	-5	13	-8	-2	1	-5	2	9	-2	14	-3	53	-12	84	-19	0	0	6	34	-4	-4	32	1152	-1	-1	1	1	0	0	0	0
2	21	50	8	-5	13	-8	-4	3	-11	8	23	-16	36	-25	49	-20	76	-31	0	4	-2	18	-4	12	0	320	-1	1	0	1	0	0	0	0
2	21	51	8	-5	13	-8	-5	3	-12	7	20	-11	31	-17	25	-9	39	-14	0	2	3	11	-4	0	5	117	-1	0	1	1	0	1	0	0
2	22	0	5	-3	7	-4	0	1	-1	2	3	-1	4	-1	-6	5	-11	9	1	2	2	3	-3	0	0	5	-1	0	0	1	0	1	1	0
2	22	1	5	-3	7	-4	-1	2	-2	3	1	1	1	2	-17	14	-28	23	1	2	3	6	-3	0	5	32	-1	0	1	1	0	1	0	0
2	22	2	5	-3	7	-4	-2	3	-3	4	-1	3	-2	5	-32	27	-51	43	1	2	4	11	-3	0	12	117	-1	0	1	1	0	1	0	0
2	22	3	5	-3	7	-4	5	-1	6	-1	7	-2	11	-3	-52	41	-85	67	1	4	4	15	-3	12	12	221	-1	1	1	1	0	0	0	0
2	22	4	5	-3	7	-4	-7	5	-10	7	-5	4	-9	7	-6	5	-11	9	1	0	2	3	-3	-4	0	5	-1	-1	0	1	0	0	1	0
2	22	5	5	-3	7	-4	4	-1	5	-1	5	-2	8	-3	-19	14	-34	25	1	3	2	6	-3	5	0	32	-1	1	0	1	0	0	1	0
2	22	6	5	-3	7	-4	1	2	1	3	2	1	3	2	-56	41	-97	71	1	4	4	15	-3	12	12	221	-1	1	1	1	0	0	0	0
2	22	7	5	-3	7	-4	8	-3	11	-4	7	-3	12	-5	-38	27	-69	49	1	4	2	11	-3	12	0	117	-1	1	0	1	0	0	1	0
2	22	8	5	-3	7	-4	7	-4	9	-5	8	-5	13	-8	-6	5	-11	9	1	2	0	3	-3	0	-4	5	-1	0	-1	1	0	1	0	0
2	22	9	5	-3	7	-4	-4	3	-7	5	1	0	0	1	1	0	0	1	1	1	2	2	-3	-3	0	0	-1	-1	0	0	0	0	2	2
2	22	10	5	-3	7	-4	-3	2	-5	3	0	1	-1	2	4	-1	5	-1	1	0	2	3	-3	-4	0	5	-1	-1	0	1	0	0	1	0
2	22	11	5	-3	7	-4	-5	4	-9	7	2	-1	1	0	2	-1	-1	1	1	2	2	3	-3	0	0	5	-1	0	0	1	0	1	1	0
2	22	12	5	-3	7	-4	-8	5	-13	8	-1	1	-4	3	2	-1	-1	1	1	0	2	3	-3	-4	0	5	-1	-1	0	1	0	0	1	0
2	22	13	5	-3	7	-4	3	-1	4	-1	3	-2	5	-3	2	-1	-1	1	1	2	0	3	-3	0	-4	5	-1	0	-1	1	0	1	0	0
2	22	14	5	-3	7	-4	1	1	1	2	2	-1	3	-1	-3	2	-14	9	1	3	1	6	-3	5	-3	32	-1	1	-1	1	0	0	0	0
2	22	15	5	-3	7	-4	-1	3	-2	5	1	0	1	1	-14	9	-39	25	1	4	2	11	-3	12	0	117	-1	1	0	1	0	0	1	0
2	22	16	5	-3	7	-4	7	-2	11	-3	2	-1	5	-2	-8	5	-37	23	1	4	0	15	-3	12	-4	221	-1	1	-1	1	0	0	0	0
2	22	17	5	-3	7	-4	-5	4	-9	7	2	-1	1	0	2	-1	-1	1	1	2	2	3	-3	0	0	5	-1	0	0	1	0	1	1	0
2	22	18	5	-3	7	-4	5	-2	8	-3	1	-1	3	-2	7	-4	2	-1	1	2	-1	6	-3	0	-3	32	-1	0	-1	1	0	1	0	0
2	22	19	5	-3	7	-4	2	1	3	2	1	-1	2	-1	12	-7	-5	3	1	4	0	15	-3	12	-4	221	-1	1	-1	1	0	0	0	0
2	22	20	5	-3	7	-4	7	-3	12	-5	-1	0	1	-1	16	-9	9	-5	1	2	-2	11	-3	0	0	117	-1	0	0	1	0	1	0	0
2	22	21	5	-3	7	-4	8	-5	13	-8	1	-1	4	-3	2	-1	-1	1	1	0	-2	3	-3	-4	0	5	-1	-1	0	1	0	0	0	0
2	22	22	5	-3	7	-4	5	-3	7	-4	4	-3	7	-5	1	0	0	1	1	1	-1	2	-3	-3	-3	0	-1	-1	-1	0	0	0	0	2
2	22	23	5	-3	7	-4	3	-2	5	-3	0	-1	1	-2	4	-1	5	-1	1	0	-2	3	-3	-4	0	5	-1	-1	0	1	0	0	0	0
2	22	24	5	-3	7	-4	7	-5	10	-7	5	-4	9	-7	-6	5	-11	9	1	0	-2	3	-3	-4	0	5	-1	-1	0	1	0	0	0	0
2	22	25	5	-3	7	-4	7	-4	9	-5	8	-5	13	-8	-6	5	-11	9	1	2	0	3	-3	0	-4	5	-1	0	-1	1	0	1	0	0
2	22	26	5	-3	7	-4	2	-1	1	0	7	-5	10	-7	4	-1	5	-1	1	2	0	3	-3	0	-4	5	-1	0	-1	1	0	1	0	0
2	22	27	5	-3	7	-4	2	-1	3	-1	1	-2	2	-3	11	-4	14	-5	1	1	-2	6	-3	-3	0	32	-1	-1	0	1	0	0	0	0
2	22	28	5	-3	7	-4	1	0	1	1	2	-3	3	-4	22	-9	27	-11	1	2	-2	11	-3	0	0	117	-1	0	0	1	0	1	0	0
2	22	29	5	-3	7	-4	2	-1	5	-2	-5	1	-6	1	24	-7	31	-9	1	0	-4	15	-3	-4	12	221	-1	-1	1	1	0	0	0	0
2	22	30	5	-3	7	-4	3	-2	5	-3	0	-1	1	-2	4	-1	5	-1	1	0	-2	3	-3	-4	0	5	-1	-1	0	1	0	0	0	0
2	22	31	5	-3	7	-4	3	-2	2	-1	9	-7	13	-10	3	2	4	3	1	2	-1	6	-3	0	-3	32	-1	0	-1	1	0	1	0	0
2	22	32	5	-3	7	-4	1	-1	2	-1	-1	-2	-1	-3	8	5	11	7	1	0	-4	15	-3	-4	12	221	-1	-1	1	1	0	0	0	0
2	22	33	5	-3	7	-4	4	-3	3	-2	11	-9	16	-13	-2	9	-3	13	1	2	-2	11	-3	0	0	117	-1	0	0	1	0	1	0	0
2	22	34	5	-3	7	-4	5	-3	2	-1	19	-12	27	-17	-2	9	-3	13	1	4	2	11	-3	12	0	117	-1	1	0	1	0	0	1	0
2	22	35	5	-3	7	-4	2	-1	-1	1	13	-8	18	-11	3	2	4	3	1	3	2	6	-3	5	0	32	-1	1	0	1	0	0	1	0
2	22	36	5	-3	7	-4	1	0	-1	1	8	-3	11	-4	-2	9	-3	13	1	2	4	11	-3	0	12	117	-1	0	1	1	0	1	0	0
2	22	37	5	-3	7	-4	3	-2	-1	1	18	-13	25	-18	8	5	11	7	1	4	0	15	-3	12	-4	221	-1	1	-1	1	0	0	0	0
2	22	38	5	-3	7	-4	2	-1	-3	2	19	-11	26	-15	8	5	11	7	1	4	4	15	-3	12	12	221	-1	1	1	1	0	0	0	0
2	22	39	5	-3	7	-4	-1	1	-4	3	7	-4	9	-5	4	-1	5	-1	1	2	2	3	-3	0	0	5	-1	0	0	1	0	1	1	0
2	22	40	5	-3	7	-4	-1	1	-3	2	4	-1	5	-1	3	2	4	3	1	1	3	6	-3	-3	5	32	-1	-1	1	1	0	0	0	0
2	22	41	5	-3	7	-4	-1	1	-2	1	1	2	1	3	8	5	11	7	1	0	4	15	-3	-4	12	221	-1	-1	1	1	0	0	0	0
2	22	42	5	-3	7	-4	1	0	-1	1	8	-3	11	-4	-2	9	-3	13	1	2	4	11	-3	0	12	117	-1	0	1	1	0	1	0	0
2	22	43	5	-3	7	-4	-3	2	-5	3	0	1	-1	2	4	-1	5	-1	1	0	2	3	-3	-4	0	5	-1	-1	0	1	0	0	1	0
2	22	44	5	-3	7	-4	-1	1	-5	4	10	-7	13	-9	11	-4	14	-5	1	3	1	6	-3	5	-3	32	-1	1	-1	1	0	0	0	0
2	22	45	5	-3	7	-4	1	0	1	1	2	-3	3	-4	22	-9	27	-11	1	2	-2	11	-3	0	0	117	-1	0	0	1	0	1	0	0
2	22	46	5	-3	7	-4	-1	1	-6	5	13	-10	17	-13	24	-7	31	-9	1	4	0	15	-3	12	-4	221	-1	1	-1	1	0	0	0	0
2	22	47	5	-3	7	-4	-3	2	-11	7	18	-11	23	-14	24	-7	31	-9	1	4	4	15	-3	12	12	221	-1	1	1	1	0	0	0	0
2	22	48	5	-3	7	-4	-3	2	-8	5	9	-5	11	-6	11	-4	14	-5	1	2	3	6	-3	0	5	32	-1	0	1	1	0	1	0	0
2	22	49	5	-3	7	-4	-2	1	-5	2	5	-1	6	-1	24	-7	31	-9	1	0	4	15	-3	-4	12	221	-1	-1	1	1	0	0	0	0
2	22	50	5	-3	7	-4	-4	3	-11	8	13	-9	16	-11	22	-9	27	-11	1	4	2	11	-3	12	0	117	-1	1	0	1	0	0	1	0
2	22	51	5	-3	7	-4	-5	3	-12	7	11	-6	13	-7	22	-9	27	-11	1	2	4	11	-3	0	12	117	-1	0	1	1	0	1	0	0
2	23	0	3	-2	5	-3	0	1	-1	2	2	-1	3	-1	-1	1	-5	4	0	2	1	3	-4	0	-3	5	-1	0	-1	1	0	1	0	0
2	23	1	3	-2	5	-3	-1	2	-2	3	1	0	1	1	-5	4	-14	11	0	2	2	6	-4	0	0	32	-1	0	0	1	0	1	1	0
2	23	2	3	-2	5	-3	-2	3	-3	4	0	1	-1	3	-11	9	-27	22	0	2	3	11	-4	0	5	117	-1	0	1	1	0	1	0	0
2	23	3	3	-2	5	-3	5	-1	6	-1	3	-1	7	-2	-14	11	-37	29	0	4	1	15	-4	12	-3	221	-1	1	-1	1	0	0	0	0
2	23	4	3	-2	5	-3	-7	5	-10	7	-1	1	-5	4	-4	3	-15	11	0	0	3	7	-4	-4	5	45	-1	-1	1	1	0	0	0	0
2	23	5	3	-2	5	-3	4	-1	5	-1	2	-1	5	-2	-4	3	-15	11	0	3	0	7	-4	5	-4	45	-1	1	-1	1	0	0	0	0
2	23	6	3	-2	5	-3	1	2	1	3	1	0	2	1	-11	8	-40	29	0	4	2	18	-4	12	0	320	-1	1	0	1	0	0	1	0
2	23	7	3	-2	5	-3	8	-3	11	-4	2	-1	7	-3	-7	5	-31	22	0	4	-1	15	-4	12	-3	221	-1	1	-1	1	0	0	0	0
2	23	8	3	-2	5	-3	7	-4	9	-5	3	-2	8	-5	-5	4	-14	11	0	2	-2	6	-4	0	0	32	-1	0	0	1	0	1	0	0
2	23	9	3	-2	5	-3	-4	3	-7	5	2	-1	1	0	2	-1	-1	1	0	1	2	3	-4	-3	0	5	-1	-1	0	1	0	0	1	0
2	23	10	3	-2	5	-3	-3	2	-5	3	1	0	0	1	1	0	0	1	0	0	2	2	-4	-4	0	0	-1	-1	0	0	0	0	2	2
2	23	11	3	-2	5	-3	-5	4	-9	7	3	-2	2	-1	7	-4	2	-1	0	2	2	6	-4	0	0	32	-1	0	0	1	0	1	1	0
2	23	12	3	-2	5	-3	-8	5	-13	8	2	-1	-1	1	5	-3	-3	2	0	0	3	7	-4	-4	5	45	-1	-1	1	1	0	0	0	0
2	23	13	3	-2	5	-3	3	-1	4	-1	1	-1	3	-2	2	-1	-1	1	0	2	-1	3	-4	0	-3	5	-1	0	-1	1	0	1	0	0
2	23	14	3	-2	5	-3	1	1	1	2	1	-1	2	-1	5	-3	-3	2	0	3	0	7	-4	5	-4	45	-1	1	-1	1	0	0	0	0
2	23	15	3	-2	5	-3	-1	3	-2	5	1	-1	1	0	8	-5	-11	7	0	4	1	15	-4	12	-3	221	-1	1	-1	1	0	0	0	0
2	23	16	3	-2	5	-3	7	-2	11	-3	-1	0	2	-1	13	-8	-8	5	0	4	-2	18	-4	12	0	320	-1	1	0	1	0	0	0	0
2	23	17	3	-2	5	-3	-5	4	-9	7	3	-2	2	-1	7	-4	2	-1	0	2	2	6	-4	0	0	32	-1	0	0	1	0	1	1	0
2	23	18	3	-2	5	-3	5	-2	8	-3	-1	0	1	-1	7	-4	2	-1	0	2	-2	6	-4	0	0	32	-1	0	0	1	0	1	0	0
2	23	19	3	-2	5	-3	2	1	3	2	0	-1	1	-1	19	-11	7	-4	0	4	-1	15	-4	12	-3	221	-1	1	-1	1	0	0	0	0
2	23	20	3	-2	5	-3	7	-3	12	-5	-3	1	-1	0	16	-9	9	-5	0	2	-3	11	-4	0	5	117	-1	0	1	1	0	1	0	0
2	23	21	3	-2	5	-3	8	-5	13	-8	-2	1	1	-1	5	-3	-3	2	0	0	-3	7	-4	-4	5	45	-1	-1	1	1	0	0	0	0
2	23	22	3	-2	5	-3	5	-3	7	-4	1	-1	4	-3	-1	1	-5	4	0	1	-2	3	-4	-3	0	5	-1	-1	0	1	0	0	0	0
2	23	23	3	-2	5	-3	3	-2	5	-3	-1	0	0	-1	1	0	0	1	0	0	-2	2	-4	-4	0	0	-1	-1	0	0	0	0	0	2
2	23	24	3	-2	5	-3	7	-5	10	-7	1	-1	5	-4	-4	3	-15	11	0	0	-3	7	-4	-4	5	45	-1	-1	1	1	0	0	0	0
2	23	25	3	-2	5	-3	7	-4	9	-5	3	-2	8	-5	-5	4	-14	11	0	2	-2	6	-4	0	0	32	-1	0	0	1	0	1	0	0
2	23	26	3	-2	5	-3	2	-1	1	0	4	-3	7	-5	1	1	1	2	0	2	-1	3	-4	0	-3	5	-1	0	-1	1	0	1	0	0
2	23	27	3	-2	5	-3	2	-1	3	-1	0	-1	1	-2	4	-1	5	-1	0	1	-2	3	-4	-3	0	5	-1	-1	0	1	0	0	0	0
2	23	28	3	-2	5	-3	1	0	1	1	1	-2	2	-3	11	-4	14	-5	0	2	-2	6	-4	0	0	32	-1	0	0	1	0	1	0	0
2	23	29	3	-2	5	-3	2	-1	5	-2	-4	1	-5	1	11	-3	15	-4	0	0	-3	7	-4	-4	5	45	-1	-1	1	1	0	0	0	0
2	23	30	3	-2	5	-3	3	-2	5	-3	-1	0	0	-1	1	0	0	1	0	0	-2	2	-4	-4	0	0	-1	-1	0	0	0	0	0	2
2	23	31	3	-2	5	-3	3	-2	2	-1	5	-4	9	-7	-1	4	-2	7	0	2	-2	6	-4	0	0	32	-1	0	0	1	0	1	0	0
2	23	32	3	-2	5	-3	1	-1	2	-1	-1	-1	-1	-2	2	3	3	5	0	0	-3	7	-4	-4	5	45	-1	-1	1	1	0	0	0	0
2	23	33	3	-2	5	-3	4	-3	3	-2	6	-5	11	-9	-5	9	-9	16	0	2	-3	11	-4	0	5	117	-1	0	1	1	0	1	0	0
2	23	34	3	-2	5	-3	5	-3	2	-1	11	-7	19	-12	-4	11	-7	19	0	4	-1	15	-4	12	-3	221	-1	1	-1	1	0	0	0	0
2	23	35	3	-2	5	-3	2	-1	-1	1	8	-5	13	-8	2	3	3	5	0	3	0	7	-4	5	-4	45	-1	1	-1	1	0	0	0	0
2	23	36	3	-2	5	-3	1	0	-1	1	5	-2	8	-3	-1	4	-2	7	0	2	2	6	-4	0	0	32	-1	0	0	1	0	1	1	0
2	23	37	3	-2	5	-3	3	-2	-1	1	11	-8	18	-13	5	8	8	13	0	4	-2	18	-4	12	0	320	-1	1	0	1	0	0	0	0
2	23	38	3	-2	5	-3	2	-1	-3	2	12	-7	19	-11	7	5	11	8	0	4	1	15	-4	12	-3	221	-1	1	-1	1	0	0	0	0
2	23	39	3	-2	5	-3	-1	1	-4	3	5	-3	7	-4	4	-1	5	-1	0	2	1	3	-4	0	-3	5	-1	0	-1	1	0	1	0	0
2	23	40	3	-2	5	-3	-1	1	-3	2	3	-1	4	-1	1	1	1	2	0	1	2	3	-4	-3	0	5	-1	-1	0	1	0	0	1	0
2	23	41	3	-2	5	-3	-1	1	-2	1	1	1	1	2	2	3	3	5	0	0	3	7	-4	-4	5	45	-1	-1	1	1	0	0	0	0
2	23	42	3	-2	5	-3	1	0	-1	1	5	-2	8	-3	-1	4	-2	7	0	2	2	6	-4	0	0	32	-1	0	0	1	0	1	1	0
2	23	43	3	-2	5	-3	-3	2	-5	3	1	0	0	1	1	0	0	1	0	0	2	2	-4	-4	0	0	-1	-1	0	0	0	0	2	2
2	23	44	3	-2	5	-3	-1	1	-5	4	7	-5	10	-7	11	-3	15	-4	0	3	0	7	-4	5	-4	45	-1	1	-1	1	0	0	0	0
2	23	45	3	-2	5	-3	1	0	1	1	1	-2	2	-3	11	-4	14	-5	0	2	-2	6	-4	0	0	32	-1	0	0	1	0	1	0	0
2	23	46	3	-2	5	-3	-1	1	-6	5	9	-7	13	-10	22	-5	31	-7	0	4	-1	15	-4	12	-3	221	-1	1	-1	1	0	0	0	0
2	23	47	3	-2	5	-3	-3	2	-11	7	13	-8	18	-11	29	-8	40	-11	0	4	2	18	-4	12	0	320	-1	1	0	1	0	0	1	0
2	23	48	3	-2	5	-3	-3	2	-8	5	7	-4	9	-5	11	-4	14	-5	0	2	2	6	-4	0	0	32	-1	0	0	1	0	1	1	0
2	23	49	3	-2	5	-3	-2	1	-5	2	4	-1	5	-1	11	-3	15	-4	0	0	3	7	-4	-4	5	45	-1	-1	1	1	0	0	0	0
2	23	50	3	-2	5	-3	-4	3	-11	8	10	-7	13	-9	29	-11	37	-14	0	4	1	15	-4	12	-3	221	-1	1	-1	1	0	0	0	0
2	23	51	3	-2	5	-3	-5	3	-12	7	9	-5	11	-6	22	-9	27	-11	0	2	3	11	-4	0	5	117	-1	0	1	1	0	1	0	0
2	24	0	7	-5	10	-7	0	1	-1	2	5	-3	7	-4	-6	5	-11	9	0	2	1	3	-4	0	-3	5	-1	0	-1	1	0	1	0	0
2	24	1	7	-5	10	-7	-1	2	-2	3	3	-1	4	-1	-17	14	-28	23	0	2	2	6	-4	0	0	32	-1	0	0	1	0	1	1	0
2	24	2	7	-5	10	-7	-2	3	-3	4	1	1	1	2	-32	27	-51	43	0	2	3	11	-4	0	5	117	-1	0	1	1	0	1	0	0
2	24	3	7	-5	10	-7	5	-1	6	-1	5	-2	8	-3	-51	40	-88	69	0	4	2	18	-4	12	0	320	-1	1	0	1	0	0	1	0
2	24	4	7	-5	10	-7	-7	5	-10	7	1	0	0	1	1	0	0	1	0	0	2	2	-4	-4	0	0	-1	-1	0	0	0	0	2	2
2	24	5	7	-5	10	-7	4	-1	5	-1	3	-2	5	-3	-4	3	-15	11	0	3	0	7	-4	5	-4	45	-1	1	-1	1	0	0	0	0
2	24	6	7	-5	10	-7	1	2	1	3	2	-1	3	-1	-15	11	-41	30	0	4	1	15	-4	12	-3	221	-1	1	-1	1	0	0	0	0
2	24	7	7	-5	10	-7	8	-3	11	-4	1	-1	3	-2	10	-7	-7	5	0	4	-1	15	-4	12	-3	221	-1	1	-1	1	0	0	0	0
2	24	8	7	-5	10	-7	7	-4	9	-5	4	-3	7	-5	-1	1	-5	4	0	2	-1	3	-4	0	-3	5	-1	0	-1	1	0	1	0	0
2	24	9	7	-5	10	-7	-4	3	-7	5	7	-4	9	-5	4	-1	5	-1	0	1	2	3	-4	-3	0	5	-1	-1	0	1	0	0	1	0
2	24	10	7	-5	10	-7	-3	2	-5	3	4	-1	5	-1	11	-3	15	-4	0	0	3	7	-4	-4	5	45	-1	-1	1	1	0	0	0	0
2	24	11	7	-5	10	-7	-5	4	-9	7	10	-7	13	-9	9	-5	11	-6	0	2	1	3	-4	0	-3	5	-1	0	-1	1	0	1	0	0
2	24	12	7	-5	10	-7	-8	5	-13	8	9	-5	11	-6	26	-15	33	-19	0	0	3	7	-4	-4	5	45	-1	-1	1	1	0	0	0	0
2	24	13	7	-5	10	-7	3	-1	4	-1	1	-2	2	-3	23	-14	28	-17	0	2	-2	6	-4	0	0	32	-1	0	0	1	0	1	0	0
2	24	14	7	-5	10	-7	1	1	1	2	2	-3	3	-4	43	-27	51	-32	0	3	-2	11	-4	5	0	117	-1	1	0	1	0	0	0	0
2	24	15	7	-5	10	-7	-1	3	-2	5	3	-4	4	-5	69	-44	80	-51	0	4	-2	18	-4	12	0	320	-1	1	0	1	0	0	0	0
2	24	16	7	-5	10	-7	7	-2	11	-3	-6	1	-7	1	157	-97	191	-118	0	4	-5	39	-4	12	21	1517	-1	1	1	1	0	0	0	0
2	24	17	7	-5	10	-7	-5	4	-9	7	10	-7	13	-9	9	-5	11	-6	0	2	1	3	-4	0	-3	5	-1	0	-1	1	0	1	0	0
2	24	18	7	-5	10	-7	5	-2	8	-3	-5	1	-6	1	69	-40	88	-51	0	2	-4	18	-4	0	12	320	-1	0	1	1	0	1	0	0
2	24	19	7	-5	10	-7	2	1	3	2	-1	-3	-1	-4	152	-89	193	-113	0	4	-5	39	-4	12	21	1517	-1	1	1	1	0	0	0	0
2	24	20	7	-5	10	-7	7	-3	12	-5	-11	4	-14	5	139	-78	180	-101	0	2	-6	38	-4	0	32	1440	-1	0	1	1	0	1	0	0
2	24	21	7	-5	10	-7	8	-5	13	-8	-9	5	-11	6	26	-15	33	-19	0	0	-3	7	-4	-4	5	45	-1	-1	1	1	0	0	0	0
2	24	22	7	-5	10	-7	5	-3	7	-4	0	-1	1	-2	9	-5	11	-6	0	1	-2	3	-4	-3	0	5	-1	-1	0	1	0	0	0	0
2	24	23	7	-5	10	-7	3	-2	5	-3	-4	1	-5	1	11	-3	15	-4	0	0	-3	7	-4	-4	5	45	-1	-1	1	1	0	0	0	0
2	24	24	7	-5	10	-7	7	-5	10	-7	-1	0	0	-1	1	0	0	1	0	0	-2	2	-4	-4	0	0	-1	-1	0	0	0	0	0	2
2	24	25	7	-5	10	-7	7	-4	9	-5	4	-3	7	-5	-1	1	-5	4	0	2	-1	3	-4	0	-3	5	-1	0	-1	1	0	1	0	0
2	24	26	7	-5	10	-7	2	-1	1	0	9	-7	13	-10	4	-1	5	-1	0	2	-1	3	-4	0	-3	5	-1	0	-1	1	0	1	0	0
2	24	27	7	-5	10	-7	2	-1	3	-1	-1	-2	-1	-3	30	-11	41	-15	0	1	-4	15	-4	-3	12	221	-1	-1	1	1	0	0	0	0
2	24	28	7	-5	10	-7	1	0	1	1	2	-5	3	-7	61	-25	83	-34	0	2	-5	27	-4	0	21	725	-1	0	1	1	0	1	0	0
2	24	29	7	-5	10	-7	2	-1	5	-2	-11	3	-15	4	76	-21	105	-29	0	0	-7	47	-4	-4	45	2205	-1	-1	1	1	0	0	0	0
2	24	30	7	-5	10	-7	3	-2	5	-3	-4	1	-5	1	11	-3	15	-4	0	0	-3	7	-4	-4	5	45	-1	-1	1	1	0	0	0	0
2	24	31	7	-5	10	-7	3	-2	2	-1	11	-9	16	-13	3	2	4	3	0	2	-2	6	-4	0	0	32	-1	0	0	1	0	1	0	0
2	24	32	7	-5	10	-7	1	-1	2	-1	-3	-2	-4	-3	17	12	24	17	0	0	-6	34	-4	-4	32	1152	-1	-1	1	1	0	0	0	0
2	24	33	7	-5	10	-7	4	-3	3	-2	13	-11	19	-16	-2	9	-3	13	0	2	-3	11	-4	0	5	117	-1	0	1	1	0	1	0	0
2	24	34	7	-5	10	-7	5	-3	2	-1	25	-16	36	-23	-11	20	-16	29	0	4	2	18	-4	12	0	320	-1	1	0	1	0	0	1	0
2	24	35	7	-5	10	-7	2	-1	-1	1	19	-12	27	-17	-2	9	-3	13	0	3	2	11	-4	5	0	117	-1	1	0	1	0	0	1	0
2	24	36	7	-5	10	-7	1	0	-1	1	12	-5	17	-7	-9	25	-13	36	0	2	5	27	-4	0	21	725	-1	0	1	1	0	1	0	0
2	24	37	7	-5	10	-7	3	-2	-1	1	26	-19	37	-27	5	7	7	10	0	4	-1	15	-4	12	-3	221	-1	1	-1	1	0	0	0	0
2	24	38	7	-5	10	-7	2	-1	-3	2	29	-17	41	-24	12	19	17	27	0	4	5	39	-4	12	21	1517	-1	1	1	1	0	0	0	0
2	24	39	7	-5	10	-7	-1	1	-4	3	13	-8	18	-11	3	2	4	3	0	2	2	6	-4	0	0	32	-1	0	0	1	0	1	1	0
2	24	40	7	-5	10	-7	-1	1	-3	2	8	-3	11	-4	5	7	7	10	0	1	4	15	-4	-3	12	221	-1	-1	1	1	0	0	0	0
2	24	41	7	-5	10	-7	-1	1	-2	1	3	2	4	3	17	12	24	17	0	0	6	34	-4	-4	32	1152	-1	-1	1	1	0	0	0	0
2	24	42	7	-5	10	-7	1	0	-1	1	12	-5	17	-7	-9	25	-13	36	0	2	5	27	-4	0	21	725	-1	0	1	1	0	1	0	0
2	24	43	7	-5	10	-7	-3	2	-5	3	4	-1	5	-1	11	-3	15	-4	0	0	3	7	-4	-4	5	45	-1	-1	1	1	0	0	0	0
2	24	44	7	-5	10	-7	-1	1	-5	4	18	-13	25	-18	11	-3	15	-4	0	3	0	7	-4	5	-4	45	-1	1	-1	1	0	0	0	0
2	24	45	7	-5	10	-7	1	0	1	1	2	-5	3	-7	61	-25	83	-34	0	2	-5	27	-4	0	21	725	-1	0	1	1	0	1	0	0
2	24	46	7	-5	10	-7	-1	1	-6	5	23	-18	32	-25	29	-8	40	-11	0	4	-2	18	-4	12	0	320	-1	1	0	1	0	0	0	0
2	24	47	7	-5	10	-7	-3	2	-11	7	34	-21	47	-29	57	-13	79	-18	0	4	5	39	-4	12	21	1517	-1	1	1	1	0	0	0	0
2	24	48	7	-5	10	-7	-3	2	-8	5	19	-11	26	-15	29	-8	40	-11	0	2	4	18	-4	0	12	320	-1	0	1	1	0	1	0	0
2	24	49	7	-5	10	-7	-2	1	-5	2	11	-3	15	-4	76	-21	105	-29	0	0	7	47	-4	-4	45	2205	-1	-1	1	1	0	0	0	0
2	24	50	7	-5	10	-7	-4	3	-11	8	27	-19	37	-26	30	-11	41	-15	0	4	1	15	-4	12	-3	221	-1	1	-1	1	0	0	0	0
2	24	51	7	-5	10	-7	-5	3	-12	7	25	-14	34	-19	79	-30	108	-41	0	2	6	38	-4	0	32	1440	-1	0	1	1	0	1	0	0
2	25	0	7	-4	9	-5	0	1	-1	2	4	-1	5	-1	-13	11	-19	16	2	2	3	3	0	0	5	5	0	0	1	1	1	1	0	0
2	25	1	7	-4	9	-5	-1	2	-2	3	1	2	1	3	-33	28	-46	39	2	2	4	6	0	0	12	32	0	0	1	1	1	1	0	0
2	25	2	7	-4	9	-5	-2	3	-3	4	-2	5	-3	7	-59	51	-81	70	2	2	5	11	0	0	21	117	0	0	1	1	1	1	0	0
2	25	3	7	-4	9	-5	5	-1	6	-1	11	-3	15	-4	-110	87	-153	121	2	4	7	11	0	12	45	117	0	1	1	1	1	0	0	0
2	25	4	7	-4	9	-5	-7	5	-10	7	-9	7	-13	10	4	-1	5	-1	2	0	1	3	0	-4	-3	5	0	-1	-1	1	1	0	0	0
2	25	5	7	-4	9	-5	4	-1	5	-1	8	-3	11	-4	-42	31	-61	45	2	3	4	3	0	5	12	5	0	1	1	1	1	0	0	0
2	25	6	7	-4	9	-5	1	2	1	3	3	2	4	3	-125	92	-178	131	2	4	6	6	0	12	32	32	0	1	1	1	1	0	0	0
2	25	7	7	-4	9	-5	8	-3	11	-4	12	-5	17	-7	-83	59	-121	86	2	4	5	3	0	12	21	5	0	1	1	1	1	0	0	0
2	25	8	7	-4	9	-5	7	-4	9	-5	13	-8	18	-11	1	0	0	1	2	2	2	2	0	0	0	0	0	0	0	0	1	1	1	2
2	25	9	7	-4	9	-5	-4	3	-7	5	0	1	-1	2	4	-1	5	-1	2	1	2	3	0	-3	0	5	0	-1	0	1	1	0	1	0
2	25	10	7	-4	9	-5	-3	2	-5	3	-1	2	-2	3	11	-4	14	-5	2	0	2	6	0	-4	0	32	0	-1	0	1	1	0	1	0
2	25	11	7	-4	9	-5	-5	4	-9	7	1	0	0	1	1	0	0	1	2	2	2	2	0	0	0	0	0	0	0	0	1	1	2	2
2	25	12	7	-4	9	-5	-8	5	-13	8	-4	3	-7	5	9	-5	11	-6	2	0	1	3	0	-4	-3	5	0	-1	-1	1	1	0	0	0
2	25	13	7	-4	9	-5	3	-1	4	-1	5	-3	7	-4	2	-1	-1	1	2	2	1	3	0	0	-3	5	0	0	-1	1	1	1	0	0
2	25	14	7	-4	9	-5	1	1	1	2	3	-1	4	-1	-17	11	-31	20	2	3	2	3	0	5	0	5	0	1	0	1	1	0	1	0
2	25	15	7	-4	9	-5	-1	3	-2	5	1	1	1	2	-48	31	-79	51	2	4	3	3	0	12	5	5	0	1	1	1	1	0	0	0
2	25	16	7	-4	9	-5	7	-2	11	-3	5	-2	8	-3	-45	28	-82	51	2	4	2	6	0	12	0	32	0	1	0	1	1	0	1	0
2	25	17	7	-4	9	-5	-5	4	-9	7	1	0	0	1	1	0	0	1	2	2	2	2	0	0	0	0	0	0	0	0	1	1	2	2
2	25	18	7	-4	9	-5	5	-2	8	-3	3	-2	5	-3	7	-4	2	-1	2	2	0	6	0	0	-4	32	0	0	-1	1	1	1	0	0
2	25	19	7	-4	9	-5	2	1	3	2	2	-1	3	-1	-5	3	-27	16	2	4	1	11	0	12	-3	117	0	1	-1	1	1	0	0	0
2	25	20	7	-4	9	-5	7	-3	12	-5	1	-1	3	-2	16	-9	9	-5	2	2	-1	11	0	0	-3	117	0	0	-1	1	1	1	0	0
2	25	21	7	-4	9	-5	8	-5	13	-8	4	-3	7	-5	9	-5	11	-6	2	0	-1	3	0	-4	-3	5	0	-1	-1	1	1	0	0	0
2	25	22	7	-4	9	-5	5	-3	7	-4	7	-5	10	-7	9	-5	11	-6	2	1	0	3	0	-3	-4	5	0	-1	-1	1	1	0	0	0
2	25	23	7	-4	9	-5	3	-2	5	-3	1	-2	2	-3	11	-4	14	-5	2	0	-2	6	0	-4	0	32	0	-1	0	1	1	0	0	0
2	25	24	7	-4	9	-5	7	-5	10	-7	9	-7	13	-10	4	-1	5	-1	2	0	-1	3	0	-4	-3	5	0	-1	-1	1	1	0	0	0
2	25	25	7	-4	9	-5	7	-4	9	-5	13	-8	18	-11	1	0	0	1	2	2	2	2	0	0	0	0	0	0	0	0	1	1	1	2
2	25	26	7	-4	9	-5	2	-1	1	0	10	-7	13	-9	9	-5	11	-6	2	2	1	3	0	0	-3	5	0	0	-1	1	1	1	0	0
2	25	27	7	-4	9	-5	2	-1	3	-1	2	-3	3	-4	22	-9	27	-11	2	1	-2	11	0	-3	0	117	0	-1	0	1	1	0	0	0
2	25	28	7	-4	9	-5	1	0	1	1	3	-4	4	-5	37	-16	44	-19	2	2	-2	18	0	0	0	320	0	0	0	1	1	1	0	0
2	25	29	7	-4	9	-5	2	-1	5	-2	-6	1	-7	1	43	-13	53	-16	2	0	-5	27	0	-4	21	725	0	-1	1	1	1	0	0	0
2	25	30	7	-4	9	-5	3	-2	5	-3	1	-2	2	-3	11	-4	14	-5	2	0	-2	6	0	-4	0	32	0	-1	0	1	1	0	0	0
2	25	31	7	-4	9	-5	3	-2	2	-1	13	-10	17	-13	11	-4	14	-5	2	2	0	6	0	0	-4	32	0	0	-1	1	1	1	0	0
2	25	32	7	-4	9	-5	1	-1	2	-1	-1	-3	-1	-4	18	7	23	9	2	0	-5	27	0	-4	21	725	0	-1	1	1	1	0	0	0
2	25	33	7	-4	9	-5	4	-3	3	-2	16	-13	21	-17	7	3	9	4	2	2	-1	11	0	0	-3	117	0	0	-1	1	1	1	0	0
2	25	34	7	-4	9	-5	5	-3	2	-1	27	-17	35	-22	4	-1	5	-1	2	4	5	3	0	12	21	5	0	1	1	1	1	0	0	0
2	25	35	7	-4	9	-5	2	-1	-1	1	18	-11	23	-14	4	-1	5	-1	2	3	4	3	0	5	12	5	0	1	1	1	1	0	0	0
2	25	36	7	-4	9	-5	1	0	-1	1	11	-4	14	-5	-3	16	-4	21	2	2	6	18	0	0	32	320	0	0	1	1	1	1	0	0
2	25	37	7	-4	9	-5	3	-2	-1	1	25	-18	32	-23	11	-4	14	-5	2	4	2	6	0	12	0	32	0	1	0	1	1	0	1	0
2	25	38	7	-4	9	-5	2	-1	-3	2	26	-15	33	-19	7	3	9	4	2	4	7	11	0	12	45	117	0	1	1	1	1	0	0	0
2	25	39	7	-4	9	-5	-1	1	-4	3	9	-5	11	-6	4	-1	5	-1	2	2	3	3	0	0	5	5	0	0	1	1	1	1	0	0
2	25	40	7	-4	9	-5	-1	1	-3	2	5	-1	6	-1	7	3	9	4	2	1	4	11	0	-3	12	117	0	-1	1	1	1	0	0	0
2	25	41	7	-4	9	-5	-1	1	-2	1	1	3	1	4	18	7	23	9	2	0	5	27	0	-4	21	725	0	-1	1	1	1	0	0	0
2	25	42	7	-4	9	-5	1	0	-1	1	11	-4	14	-5	-3	16	-4	21	2	2	6	18	0	0	32	320	0	0	1	1	1	1	0	0
2	25	43	7	-4	9	-5	-3	2	-5	3	-1	2	-2	3	11	-4	14	-5	2	0	2	6	0	-4	0	32	0	-1	0	1	1	0	1	0
2	25	44	7	-4	9	-5	-1	1	-5	4	13	-9	16	-11	9	-5	11	-6	2	3	2	3	0	5	0	5	0	1	0	1	1	0	1	0
2	25	45	7	-4	9	-5	1	0	1	1	3	-4	4	-5	37	-16	44	-19	2	2	-2	18	0	0	0	320	0	0	0	1	1	1	0	0
2	25	46	7	-4	9	-5	-1	1	-6	5	17	-13	21	-16	22	-9	27	-11	2	4	1	11	0	12	-3	117	0	1	-1	1	1	0	0	0
2	25	47	7	-4	9	-5	-3	2	-11	7	23	-14	28	-17	11	-4	14	-5	2	4	6	6	0	12	32	32	0	1	1	1	1	0	0	0
2	25	48	7	-4	9	-5	-3	2	-8	5	11	-6	13	-7	11	-4	14	-5	2	2	4	6	0	0	12	32	0	0	1	1	1	1	0	0
2	25	49	7	-4	9	-5	-2	1	-5	2	6	-1	7	-1	43	-13	53	-16	2	0	5	27	0	-4	21	725	0	-1	1	1	1	0	0	0
2	25	50	7	-4	9	-5	-4	3	-11	8	16	-11	19	-13	9	-5	11	-6	2	4	3	3	0	12	5	5	0	1	1	1	1	0	0	0
2	25	51	7	-4	9	-5	-5	3	-12	7	13	-7	15	-8	22	-9	27	-11	2	2	5	11	0	0	21	117	0	0	1	1	1	1	0	0
2	26	0	2	-1	1	0	0	1	-1	2	1	0	0	1	1	0	0	1	2	2	2	2	0	0	0	0	0	0	0	0	1	1	2	2
2	26	1	2	-1	1	0	-1	2	-2	3	0	1	-1	2	1	0	0	1	2	2	2	2	0	0	0	0	0	0	0	0	1	1	1	2
2	26	2	2	-1	1	0	-2	3	-3	4	-1	2	-2	3	1	0	0	1	2	2	2	2	0	0	0	0	0	0	0	0	1	1	1	2
2	26	3	2	-1	1	0	5	-1	6	-1	4	-1	5	-1	-13	11	-19	16	2	4	3	3	0	12	5	5	0	1	1	1	1	0	0	0
2	26	4	2	-1	1	0	-7	5	-10	7	-4	3	-7	5	-1	1	-5	4	2	0	1	3	0	-4	-3	5	0	-1	-1	1	1	0	0	0
2	26	5	2	-1	1	0	4	-1	5	-1	3	-1	4	-1	-6	5	-11	9	2	3	2	3	0	5	0	5	0	1	0	1	1	0	1	0
2	26	6	2	-1	1	0	1	2	1	3	1	1	1	2	-6	5	-11	9	2	4	3	3	0	12	5	5	0	1	1	1	1	0	0	0
2	26	7	2	-1	1	0	8	-3	11	-4	5	-2	8	-3	-19	14	-34	25	2	4	2	6	0	12	0	32	0	1	0	1	1	0	1	0
2	26	8	2	-1	1	0	7	-4	9	-5	5	-3	7	-4	-6	5	-11	9	2	2	1	3	0	0	-3	5	0	0	-1	1	1	1	0	0
2	26	9	2	-1	1	0	-4	3	-7	5	-1	1	-4	3	2	-1	-1	1	2	1	2	3	0	-3	0	5	0	-1	0	1	1	0	1	0
2	26	10	2	-1	1	0	-3	2	-5	3	-1	1	-3	2	2	-1	-1	1	2	0	1	3	0	-4	-3	5	0	-1	-1	1	1	0	0	0
2	26	11	2	-1	1	0	-5	4	-9	7	-1	1	-5	4	2	-1	-1	1	2	2	3	3	0	0	5	5	0	0	1	1	1	1	0	0
2	26	12	2	-1	1	0	-8	5	-13	8	-3	2	-8	5	-3	2	-14	9	2	0	2	6	0	-4	0	32	0	-1	0	1	1	0	1	0
2	26	13	2	-1	1	0	3	-1	4	-1	2	-1	3	-1	-1	1	-5	4	2	2	1	3	0	0	-3	5	0	0	-1	1	1	1	0	0
2	26	14	2	-1	1	0	1	1	1	2	1	0	1	1	-1	1	-5	4	2	3	2	3	0	5	0	5	0	1	0	1	1	0	1	0
2	26	15	2	-1	1	0	-1	3	-2	5	0	1	-1	3	-1	1	-5	4	2	4	3	3	0	12	5	5	0	1	1	1	1	0	0	0
2	26	16	2	-1	1	0	7	-2	11	-3	3	-1	7	-2	-14	9	-39	25	2	4	1	11	0	12	-3	117	0	1	-1	1	1	0	0	0
2	26	17	2	-1	1	0	-5	4	-9	7	-1	1	-5	4	2	-1	-1	1	2	2	3	3	0	0	5	5	0	0	1	1	1	1	0	0
2	26	18	2	-1	1	0	5	-2	8	-3	2	-1	5	-2	-3	2	-14	9	2	2	0	6	0	0	-4	32	0	0	-1	1	1	1	0	0
2	26	19	2	-1	1	0	2	1	3	2	1	0	2	1	-3	2	-14	9	2	4	2	6	0	12	0	32	0	1	0	1	1	0	1	0
2	26	20	2	-1	1	0	7	-3	12	-5	2	-1	7	-3	-5	3	-27	16	2	2	-1	11	0	0	-3	117	0	0	-1	1	1	1	0	0
2	26	21	2	-1	1	0	8	-5	13	-8	3	-2	8	-5	-3	2	-14	9	2	0	-2	6	0	-4	0	32	0	-1	0	1	1	0	0	0
2	26	22	2	-1	1	0	5	-3	7	-4	3	-2	5	-3	-1	1	-5	4	2	1	0	3	0	-3	-4	5	0	-1	-1	1	1	0	0	0
2	26	23	2	-1	1	0	3	-2	5	-3	1	-1	3	-2	2	-1	-1	1	2	0	-1	3	0	-4	-3	5	0	-1	-1	1	1	0	0	0
2	26	24	2	-1	1	0	7	-5	10	-7	4	-3	7	-5	-1	1	-5	4	2	0	-1	3	0	-4	-3	5	0	-1	-1	1	1	0	0	0
2	26	25	2	-1	1	0	7	-4	9	-5	5	-3	7	-4	-6	5	-11	9	2	2	1	3	0	0	-3	5	0	0	-1	1	1	1	0	0
2	26	26	2	-1	1	0	2	-1	1	0	3	-2	2	-1	1	0	0	1	2	2	2	2	0	0	0	0	0	0	0	0	1	1	1	2
2	26	27	2	-1	1	0	2	-1	3	-1	1	-1	2	-1	2	-1	-1	1	2	1	0	3	0	-3	-4	5	0	-1	-1	1	1	0	0	0
2	26	28	2	-1	1	0	1	0	1	1	1	-1	1	0	2	-1	-1	1	2	2	1	3	0	0	-3	5	0	0	-1	1	1	1	0	0
2	26	29	2	-1	1	0	2	-1	5	-2	-1	0	2	-1	5	-2	-2	1	2	0	-2	6	0	-4	0	32	0	-1	0	1	1	0	0	0
2	26	30	2	-1	1	0	3	-2	5	-3	1	-1	3	-2	2	-1	-1	1	2	0	-1	3	0	-4	-3	5	0	-1	-1	1	1	0	0	0
2	26	31	2	-1	1	0	3	-2	2	-1	4	-3	3	-2	1	0	0	1	2	2	2	2	0	0	0	0	0	0	0	0	1	1	1	2
2	26	32	2	-1	1	0	1	-1	2	-1	0	-1	1	-1	3	-1	1	0	2	0	-1	3	0	-4	-3	5	0	-1	-1	1	1	0	0	0
2	26	33	2	-1	1	0	4	-3	3	-2	5	-4	4	-3	1	0	0	1	2	2	2	2	0	0	0	0	0	0	0	0	1	1	1	2
2	26	34	2	-1	1	0	5	-3	2	-1	8	-5	5	-3	-1	5	-1	4	2	4	5	3	0	12	21	5	0	1	1	1	1	0	0	0
2	26	35	2	-1	1	0	2	-1	-1	1	5	-3	2	-1	2	1	1	1	2	3	4	3	0	5	12	5	0	1	1	1	1	0	0	0
2	26	36	2	-1	1	0	1	0	-1	1	3	-1	1	0	2	1	1	1	2	2	3	3	0	0	5	5	0	0	1	1	1	1	0	0
2	26	37	2	-1	1	0	3	-2	-1	1	7	-5	3	-2	2	1	1	1	2	4	5	3	0	12	21	5	0	1	1	1	1	0	0	0
2	26	38	2	-1	1	0	2	-1	-3	2	7	-4	2	-1	5	2	2	1	2	4	6	6	0	12	32	32	0	1	1	1	1	0	0	0
2	26	39	2	-1	1	0	-1	1	-4	3	2	-1	-1	1	3	-1	1	0	2	2	3	3	0	0	5	5	0	0	1	1	1	1	0	0
2	26	40	2	-1	1	0	-1	1	-3	2	1	0	-1	1	3	-1	1	0	2	1	2	3	0	-3	0	5	0	-1	0	1	1	0	1	0
2	26	41	2	-1	1	0	-1	1	-2	1	0	1	-1	1	3	-1	1	0	2	0	1	3	0	-4	-3	5	0	-1	-1	1	1	0	0	0
2	26	42	2	-1	1	0	1	0	-1	1	3	-1	1	0	2	1	1	1	2	2	3	3	0	0	5	5	0	0	1	1	1	1	0	0
2	26	43	2	-1	1	0	-3	2	-5	3	-1	1	-3	2	2	-1	-1	1	2	0	1	3	0	-4	-3	5	0	-1	-1	1	1	0	0	0
2	26	44	2	-1	1	0	-1	1	-5	4	3	-2	-1	1	3	-1	1	0	2	3	4	3	0	5	12	5	0	1	1	1	1	0	0	0
2	26	45	2	-1	1	0	1	0	1	1	1	-1	1	0	2	-1	-1	1	2	2	1	3	0	0	-3	5	0	0	-1	1	1	1	0	0
2	26	46	2	-1	1	0	-1	1	-6	5	4	-3	-1	1	3	-1	1	0	2	4	5	3	0	12	21	5	0	1	1	1	1	0	0	0
2	26	47	2	-1	1	0	-3	2	-11	7	5	-3	-3	2	10	-3	-3	1	2	4	7	11	0	12	45	117	0	1	1	1	1	0	0	0
2	26	48	2	-1	1	0	-3	2	-8	5	2	-1	-3	2	5	-2	-2	1	2	2	4	6	0	0	12	32	0	0	1	1	1	1	0	0
2	26	49	2	-1	1	0	-2	1	-5	2	1	0	-2	1	5	-2	-2	1	2	0	2	6	0	-4	0	32	0	-1	0	1	1	0	1	0
2	26	50	2	-1	1	0	-4	3	-11	8	3	-2	-4	3	5	-2	-2	1	2	4	6	6	0	12	32	32	0	1	1	1	1	0	0	0
2	26	51	2	-1	1	0	-5	3	-12	7	2	-1	-5	3	7	-3	-9	4	2	2	5	11	0	0	21	117	0	0	1	1	1	1	0	0
2	27	0	2	-1	3	-1	0	1	-1	2	1	0	1	1	-1	1	-5	4	1	2	2	3	-3	0	0	5	-1	0	0	1	0	1	1	0
2	27	1	2	-1	3	-1	-1	2	-2	3	0	1	-1	3	-5	4	-14	11	1	2	3	6	-3	0	5	32	-1	0	1	1	0	1	0	0
2	27	2	2	-1	3	-1	-2	3	-3	4	-1	2	-3	5	-11	9	-27	22	1	2	4	11	-3	0	12	117	-1	0	1	1	0	1	0	0
2	27	3	2	-1	3	-1	5	-1	6	-1	4	-1	9	-2	-11	9	-27	22	1	4	2	11	-3	12	0	117	-1	1	0	1	0	0	1	0
2	27	4	2	-1	3	-1	-7	5	-10	7	-4	3	-11	8	-15	11	-41	30	1	0	4	15	-3	-4	12	221	-1	-1	1	1	0	0	0	0
2	27	5	2	-1	3	-1	4	-1	5	-1	3	-1	7	-2	-5	4	-14	11	1	3	1	6	-3	5	-3	32	-1	1	-1	1	0	0	0	0
2	27	6	2	-1	3	-1	1	2	1	3	1	1	2	3	-15	11	-41	30	1	4	4	15	-3	12	12	221	-1	1	1	1	0	0	0	0
2	27	7	2	-1	3	-1	8	-3	11	-4	5	-2	13	-5	-15	11	-41	30	1	4	0	15	-3	12	-4	221	-1	1	-1	1	0	0	0	0
2	27	8	2	-1	3	-1	7	-4	9	-5	5	-3	12	-7	-11	9	-27	22	1	2	-2	11	-3	0	0	117	-1	0	0	1	0	1	0	0
2	27	9	2	-1	3	-1	-4	3	-7	5	-1	1	-5	4	-3	2	-14	9	1	1	3	6	-3	-3	5	32	-1	-1	1	1	0	0	0	0
2	27	10	2	-1	3	-1	-3	2	-5	3	-1	1	-4	3	-1	1	-5	4	1	0	2	3	-3	-4	0	5	-1	-1	0	1	0	0	1	0
2	27	11	2	-1	3	-1	-5	4	-9	7	-1	1	-6	5	-5	3	-27	16	1	2	4	11	-3	0	12	117	-1	0	1	1	0	1	0	0
2	27	12	2	-1	3	-1	-8	5	-13	8	-3	2	-11	7	-11	7	-41	26	1	0	4	15	-3	-4	12	221	-1	-1	1	1	0	0	0	0
2	27	13	2	-1	3	-1	3	-1	4	-1	2	-1	5	-2	-1	1	-5	4	1	2	0	3	-3	0	-4	5	-1	0	-1	1	0	1	0	0
2	27	14	2	-1	3	-1	1	1	1	2	1	0	2	1	-3	2	-14	9	1	3	2	6	-3	5	0	32	-1	1	0	1	0	0	1	0
2	27	15	2	-1	3	-1	-1	3	-2	5	0	1	-1	4	-11	7	-41	26	1	4	4	15	-3	12	12	221	-1	1	1	1	0	0	0	0
2	27	16	2	-1	3	-1	7	-2	11	-3	3	-1	10	-3	-11	7	-41	26	1	4	0	15	-3	12	-4	221	-1	1	-1	1	0	0	0	0
2	27	17	2	-1	3	-1	-5	4	-9	7	-1	1	-6	5	-5	3	-27	16	1	2	4	11	-3	0	12	117	-1	0	1	1	0	1	0	0
2	27	18	2	-1	3	-1	5	-2	8	-3	2	-1	7	-3	-3	2	-14	9	1	2	-1	6	-3	0	-3	32	-1	0	-1	1	0	1	0	0
2	27	19	2	-1	3	-1	2	1	3	2	1	0	3	1	-5	3	-27	16	1	4	2	11	-3	12	0	117	-1	1	0	1	0	0	1	0
2	27	20	2	-1	3	-1	7	-3	12	-5	2	-1	9	-4	-5	3	-27	16	1	2	-2	11	-3	0	0	117	-1	0	0	1	0	1	0	0
2	27	21	2	-1	3	-1	8	-5	13	-8	3	-2	11	-7	-11	7	-41	26	1	0	-4	15	-3	-4	12	221	-1	-1	1	1	0	0	0	0
2	27	22	2	-1	3	-1	5	-3	7	-4	3	-2	8	-5	-5	4	-14	11	1	1	-2	6	-3	-3	0	32	-1	-1	0	1	0	0	0	0
2	27	23	2	-1	3	-1	3	-2	5	-3	1	-1	4	-3	-1	1	-5	4	1	0	-2	3	-3	-4	0	5	-1	-1	0	1	0	0	0	0
2	27	24	2	-1	3	-1	7	-5	10	-7	4	-3	11	-8	-15	11	-41	30	1	0	-4	15	-3	-4	12	221	-1	-1	1	1	0	0	0	0
2	27	25	2	-1	3	-1	7	-4	9	-5	5	-3	12	-7	-11	9	-27	22	1	2	-2	11	-3	0	0	117	-1	0	0	1	0	1	0	0
2	27	26	2	-1	3	-1	2	-1	1	0	3	-2	5	-3	1	1	1	2	1	2	0	3	-3	0	-4	5	-1	0	-1	1	0	1	0	0
2	27	27	2	-1	3	-1	2	-1	3	-1	1	-1	3	-2	1	0	0	1	1	1	-1	2	-3	-3	-3	0	-1	-1	-1	0	0	0	0	2
2	27	28	2	-1	3	-1	1	0	1	1	1	-1	2	-1	3	-1	1	0	1	2	0	3	-3	0	-4	5	-1	0	-1	1	0	1	0	0
2	27	29	2	-1	3	-1	2	-1	5	-2	-1	0	1	-1	3	-1	1	0	1	0	-2	3	-3	-4	0	5	-1	-1	0	1	0	0	0	0
2	27	30	2	-1	3	-1	3	-2	5	-3	1	-1	4	-3	-1	1	-5	4	1	0	-2	3	-3	-4	0	5	-1	-1	0	1	0	0	0	0
2	27	31	2	-1	3	-1	3	-2	2	-1	4	-3	7	-5	-1	4	-2	7	1	2	-1	6	-3	0	-3	32	-1	0	-1	1	0	1	0	0
2	27	32	2	-1	3	-1	1	-1	2	-1	0	-1	1	-2	1	1	1	2	1	0	-2	3	-3	-4	0	5	-1	-1	0	1	0	0	0	0
2	27	33	2	-1	3	-1	4	-3	3	-2	5	-4	9	-7	-5	9	-9	16	1	2	-2	11	-3	0	0	117	-1	0	0	1	0	1	0	0
2	27	34	2	-1	3	-1	5	-3	2	-1	8	-5	13	-8	-3	11	-5	18	1	4	0	15	-3	12	-4	221	-1	1	-1	1	0	0	0	0
2	27	35	2	-1	3	-1	2	-1	-1	1	5	-3	7	-4	3	2	4	3	1	3	1	6	-3	5	-3	32	-1	1	-1	1	0	0	0	0
2	27	36	2	-1	3	-1	1	0	-1	1	3	-1	4	-1	1	1	1	2	1	2	2	3	-3	0	0	5	-1	0	0	1	0	1	1	0
2	27	37	2	-1	3	-1	3	-2	-1	1	7	-5	10	-7	5	7	7	10	1	4	0	15	-3	12	-4	221	-1	1	-1	1	0	0	0	0
2	27	38	2	-1	3	-1	2	-1	-3	2	7	-4	9	-5	7	3	9	4	1	4	2	11	-3	12	0	117	-1	1	0	1	0	0	1	0
2	27	39	2	-1	3	-1	-1	1	-4	3	2	-1	1	0	3	-1	1	0	1	2	2	3	-3	0	0	5	-1	0	0	1	0	1	1	0
2	27	40	2	-1	3	-1	-1	1	-3	2	1	0	0	1	1	0	0	1	1	1	2	2	-3	-3	0	0	-1	-1	0	0	0	0	2	2
2	27	41	2	-1	3	-1	-1	1	-2	1	0	1	-1	2	1	1	1	2	1	0	2	3	-3	-4	0	5	-1	-1	0	1	0	0	1	0
2	27	42	2	-1	3	-1	1	0	-1	1	3	-1	4	-1	1	1	1	2	1	2	2	3	-3	0	0	5	-1	0	0	1	0	1	1	0
2	27	43	2	-1	3	-1	-3	2	-5	3	-1	1	-4	3	-1	1	-5	4	1	0	2	3	-3	-4	0	5	-1	-1	0	1	0	0	1	0
2	27	44	2	-1	3	-1	-1	1	-5	4	3	-2	2	-1	7	-2	4	-1	1	3	2	6	-3	5	0	32	-1	1	0	1	0	0	1	0
2	27	45	2	-1	3	-1	1	0	1	1	1	-1	2	-1	3	-1	1	0	1	2	0	3	-3	0	-4	5	-1	0	-1	1	0	1	0	0
2	27	46	2	-1	3	-1	-1	1	-6	5	4	-3	3	-2	13	-3	9	-2	1	4	2	11	-3	12	0	117	-1	1	0	1	0	0	1	0
2	27	47	2	-1	3	-1	-3	2	-11	7	5	-3	2	-1	17	-5	7	-2	1	4	4	15	-3	12	12	221	-1	1	1	1	0	0	0	0
2	27	48	2	-1	3	-1	-3	2	-8	5	2	-1	-1	1	5	-2	-2	1	1	2	3	6	-3	0	5	32	-1	0	1	1	0	1	0	0
2	27	49	2	-1	3	-1	-2	1	-5	2	1	0	-1	1	3	-1	1	0	1	0	2	3	-3	-4	0	5	-1	-1	0	1	0	0	1	0
2	27	50	2	-1	3	-1	-4	3	-11	8	3	-2	-1	1	13	-5	-5	2	1	4	4	15	-3	12	12	221	-1	1	1	1	0	0	0	0
2	27	51	2	-1	3	-1	-5	3	-12	7	2	-1	-3	2	7	-3	-9	4	1	2	4	11	-3	0	12	117	-1	0	1	1	0	1	0	0
2	28	0	1	0	1	1	0	1	-1	2	0	1	-1	3	-1	1	-5	4	2	2	3	3	0	0	5	5	0	0	1	1	1	1	0	0
2	28	1	1	0	1	1	-1	2	-2	3	-1	2	-3	5	-5	4	-14	11	2	2	4	6	0	0	12	32	0	0	1	1	1	1	0	0
2	28	2	1	0	1	1	-2	3	-3	4	-2	3	-5	7	-11	9	-27	22	2	2	5	11	0	0	21	117	0	0	1	1	1	1	0	0
2	28	3	1	0	1	1	5	-1	6	-1	5	-1	11	-2	0	1	-1	3	2	4	3	3	0	12	5	5	0	1	1	1	1	0	0	0
2	28	4	1	0	1	1	-7	5	-10	7	-7	5	-17	12	-34	25	-83	61	2	0	5	27	0	-4	21	725	0	-1	1	1	1	0	0	0
2	28	5	1	0	1	1	4	-1	5	-1	4	-1	9	-2	0	1	-1	3	2	3	2	3	0	5	0	5	0	1	0	1	1	0	1	0
2	28	6	1	0	1	1	1	2	1	3	1	2	2	5	-5	4	-14	11	2	4	6	6	0	12	32	32	0	1	1	1	1	0	0	0
2	28	7	1	0	1	1	8	-3	11	-4	8	-3	19	-7	-11	9	-27	22	2	4	1	11	0	12	-3	117	0	1	-1	1	1	0	0	0
2	28	8	1	0	1	1	7	-4	9	-5	7	-4	16	-9	-19	16	-44	37	2	2	-2	18	0	0	0	320	0	0	0	1	1	1	0	0
2	28	9	1	0	1	1	-4	3	-7	5	-4	3	-11	8	-14	9	-39	25	2	1	4	11	0	-3	12	117	0	-1	1	1	1	0	0	0
2	28	10	1	0	1	1	-3	2	-5	3	-3	2	-8	5	-5	4	-14	11	2	0	2	6	0	-4	0	32	0	-1	0	1	1	0	1	0
2	28	11	1	0	1	1	-5	4	-9	7	-5	4	-14	11	-27	16	-76	45	2	2	6	18	0	0	32	320	0	0	1	1	1	1	0	0
2	28	12	1	0	1	1	-8	5	-13	8	-8	5	-21	13	-39	25	-103	66	2	0	5	27	0	-4	21	725	0	-1	1	1	1	0	0	0
2	28	13	1	0	1	1	3	-1	4	-1	3	-1	7	-2	0	1	-1	3	2	2	1	3	0	0	-3	5	0	0	-1	1	1	1	0	0
2	28	14	1	0	1	1	1	1	1	2	1	1	2	3	-1	1	-5	4	2	3	4	3	0	5	12	5	0	1	1	1	1	0	0	0
2	28	15	1	0	1	1	-1	3	-2	5	-1	3	-3	8	-14	9	-39	25	2	4	7	11	0	12	45	117	0	1	1	1	1	0	0	0
2	28	16	1	0	1	1	7	-2	11	-3	7	-2	18	-5	-5	4	-14	11	2	4	2	6	0	12	0	32	0	1	0	1	1	0	1	0
2	28	17	1	0	1	1	-5	4	-9	7	-5	4	-14	11	-27	16	-76	45	2	2	6	18	0	0	32	320	0	0	1	1	1	1	0	0
2	28	18	1	0	1	1	5	-2	8	-3	5	-2	13	-5	-5	4	-14	11	2	2	0	6	0	0	-4	32	0	0	-1	1	1	1	0	0
2	28	19	1	0	1	1	2	1	3	2	2	1	5	3	-1	1	-5	4	2	4	5	3	0	12	21	5	0	1	1	1	1	0	0	0
2	28	20	1	0	1	1	7	-3	12	-5	7	-3	19	-8	-14	9	-39	25	2	2	-1	11	0	0	-3	117	0	0	-1	1	1	1	0	0
2	28	21	1	0	1	1	8	-5	13	-8	8	-5	21	-13	-39	25	-103	66	2	0	-5	27	0	-4	21	725	0	-1	1	1	1	0	0	0
2	28	22	1	0	1	1	5	-3	7	-4	5	-3	12	-7	-11	9	-27	22	2	1	-2	11	0	-3	0	117	0	-1	0	1	1	0	0	0
2	28	23	1	0	1	1	3	-2	5	-3	3	-2	8	-5	-5	4	-14	11	2	0	-2	6	0	-4	0	32	0	-1	0	1	1	0	0	0
2	28	24	1	0	1	1	7	-5	10	-7	7	-5	17	-12	-34	25	-83	61	2	0	-5	27	0	-4	21	725	0	-1	1	1	1	0	0	0
2	28	25	1	0	1	1	7	-4	9	-5	7	-4	16	-9	-19	16	-44	37	2	2	-2	18	0	0	0	320	0	0	0	1	1	1	0	0
2	28	26	1	0	1	1	2	-1	1	0	2	-1	3	-1	1	1	1	2	2	2	1	3	0	0	-3	5	0	0	-1	1	1	1	0	0
2	28	27	1	0	1	1	2	-1	3	-1	2	-1	5	-2	0	1	-1	3	2	1	0	3	0	-3	-4	5	0	-1	-1	1	1	0	0	0
2	28	28	1	0	1	1	1	0	1	1	1	0	2	1	1	0	0	1	2	2	2	2	0	0	0	0	0	0	0	0	1	1	1	2
2	28	29	1	0	1	1	2	-1	5	-2	2	-1	7	-3	-1	1	-5	4	2	0	-1	3	0	-4	-3	5	0	-1	-1	1	1	0	0	0
2	28	30	1	0	1	1	3	-2	5	-3	3	-2	8	-5	-5	4	-14	11	2	0	-2	6	0	-4	0	32	0	-1	0	1	1	0	0	0
2	28	31	1	0	1	1	3	-2	2	-1	3	-2	5	-3	-1	4	-2	7	2	2	0	6	0	0	-4	32	0	0	-1	1	1	1	0	0
2	28	32	1	0	1	1	1	-1	2	-1	1	-1	3	-2	0	1	-1	3	2	0	-1	3	0	-4	-3	5	0	-1	-1	1	1	0	0	0
2	28	33	1	0	1	1	4	-3	3	-2	4	-3	7	-5	-5	9	-9	16	2	2	-1	11	0	0	-3	117	0	0	-1	1	1	1	0	0
2	28	34	1	0	1	1	5	-3	2	-1	5	-3	7	-4	-2	9	-3	13	2	4	1	11	0	12	-3	117	0	1	-1	1	1	0	0	0
2	28	35	1	0	1	1	2	-1	-1	1	2	-1	1	0	2	1	1	1	2	3	2	3	0	5	0	5	0	1	0	1	1	0	1	0
2	28	36	1	0	1	1	1	0	-1	1	1	0	0	1	1	0	0	1	2	2	2	2	0	0	0	0	0	0	0	0	1	1	2	2
2	28	37	1	0	1	1	3	-2	-1	1	3	-2	2	-1	3	4	2	3	2	4	2	6	0	12	0	32	0	1	0	1	1	0	1	0
2	28	38	1	0	1	1	2	-1	-3	2	2	-1	-1	1	3	1	-1	0	2	4	3	3	0	12	5	5	0	1	1	1	1	0	0	0
2	28	39	1	0	1	1	-1	1	-4	3	-1	1	-5	4	-2	1	-11	5	2	2	3	3	0	0	5	5	0	0	1	1	1	1	0	0
2	28	40	1	0	1	1	-1	1	-3	2	-1	1	-4	3	-1	1	-5	4	2	1	2	3	0	-3	0	5	0	-1	0	1	1	0	1	0
2	28	41	1	0	1	1	-1	1	-2	1	-1	1	-3	2	0	1	-1	3	2	0	1	3	0	-4	-3	5	0	-1	-1	1	1	0	0	0
2	28	42	1	0	1	1	1	0	-1	1	1	0	0	1	1	0	0	1	2	2	2	2	0	0	0	0	0	0	0	0	1	1	2	2
2	28	43	1	0	1	1	-3	2	-5	3	-3	2	-8	5	-5	4	-14	11	2	0	2	6	0	-4	0	32	0	-1	0	1	1	0	1	0
2	28	44	1	0	1	1	-1	1	-5	4	-1	1	-6	5	-3	1	-19	6	2	3	4	3	0	5	12	5	0	1	1	1	1	0	0	0
2	28	45	1	0	1	1	1	0	1	1	1	0	2	1	1	0	0	1	2	2	2	2	0	0	0	0	0	0	0	0	1	1	1	2
2	28	46	1	0	1	1	-1	1	-6	5	-1	1	-7	6	-4	1	-29	7	2	4	5	3	0	12	21	5	0	1	1	1	1	0	0	0
2	28	47	1	0	1	1	-3	2	-11	7	-3	2	-14	9	-13	4	-62	19	2	4	6	6	0	12	32	32	0	1	1	1	1	0	0	0
2	28	48	1	0	1	1	-3	2	-8	5	-3	2	-11	7	-9	4	-34	15	2	2	4	6	0	0	12	32	0	0	1	1	1	1	0	0
2	28	49	1	0	1	1	-2	1	-5	2	-2	1	-7	3	-1	1	-5	4	2	0	1	3	0	-4	-3	5	0	-1	-1	1	1	0	0	0
2	28	50	1	0	1	1	-4	3	-11	8	-4	3	-15	11	-23	9	-87	34	2	4	7	11	0	12	45	117	0	1	1	1	1	0	0	0
2	28	51	1	0	1	1	-5	3	-12	7	-5	3	-17	10	-20	9	-69	31	2	2	5	11	0	0	21	117	0	0	1	1	1	1	0	0
2	29	0	2	-1	5	-2	0	1	-1	2	1	0	2	1	-3	2	-14	9	0	2	2	6	-4	0	0	32	-1	0	0	1	0	1	1	0
2	29	1	2	-1	5	-2	-1	2	-2	3	0	1	-1	4	-11	8	-40	29	0	2	4	18	-4	0	12	320	-1	0	1	1	0	1	0	0
2	29	2	2	-1	5	-2	-2	3	-3	4	-1	2	-4	7	-23	18	-78	61	0	2	6	38	-4	0	32	1440	-1	0	1	1	0	1	0	0
2	29	3	2	-1	5	-2	5	-1	6	-1	4	-1	13	-3	-9	7	-31	24	0	4	1	15	-4	12	-3	221	-1	1	-1	1	0	0	0	0
2	29	4	2	-1	5	-2	-7	5	-10	7	-4	3	-15	11	-29	21	-105	76	0	0	7	47	-4	-4	45	2205	-1	-1	1	1	0	0	0	0
2	29	5	2	-1	5	-2	4	-1	5	-1	3	-1	10	-3	-4	3	-15	11	0	3	0	7	-4	5	-4	45	-1	1	-1	1	0	0	0	0
2	29	6	2	-1	5	-2	1	2	1	3	1	1	3	4	-24	17	-89	63	0	4	5	39	-4	12	21	1517	-1	1	1	1	0	0	0	0
2	29	7	2	-1	5	-2	8	-3	11	-4	5	-2	18	-7	-11	8	-40	29	0	4	-2	18	-4	12	0	320	-1	1	0	1	0	0	0	0
2	29	8	2	-1	5	-2	7	-4	9	-5	5	-3	17	-10	-16	13	-53	43	0	2	-5	27	-4	0	21	725	-1	0	1	1	0	1	0	0
2	29	9	2	-1	5	-2	-4	3	-7	5	-1	1	-6	5	-8	5	-37	23	0	1	4	15	-4	-3	12	221	-1	-1	1	1	0	0	0	0
2	29	10	2	-1	5	-2	-3	2	-5	3	-1	1	-5	4	-4	3	-15	11	0	0	3	7	-4	-4	5	45	-1	-1	1	1	0	0	0	0
2	29	11	2	-1	5	-2	-5	4	-9	7	-1	1	-7	6	-12	7	-67	39	0	2	5	27	-4	0	21	725	-1	0	1	1	0	1	0	0
2	29	12	2	-1	5	-2	-8	5	-13	8	-3	2	-14	9	-19	12	-84	53	0	0	6	34	-4	-4	32	1152	-1	-1	1	1	0	0	0	0
2	29	13	2	-1	5	-2	3	-1	4	-1	2	-1	7	-3	-1	1	-5	4	0	2	-1	3	-4	0	-3	5	-1	0	-1	1	0	1	0	0
2	29	14	2	-1	5	-2	1	1	1	2	1	0	3	1	-5	3	-27	16	0	3	2	11	-4	5	0	117	-1	1	0	1	0	0	1	0
2	29	15	2	-1	5	-2	-1	3	-2	5	0	1	-1	5	-21	13	-97	60	0	4	5	39	-4	12	21	1517	-1	1	1	1	0	0	0	0
2	29	16	2	-1	5	-2	7	-2	11	-3	3	-1	13	-4	-8	5	-37	23	0	4	-1	15	-4	12	-3	221	-1	1	-1	1	0	0	0	0
2	29	17	2	-1	5	-2	-5	4	-9	7	-1	1	-7	6	-12	7	-67	39	0	2	5	27	-4	0	21	725	-1	0	1	1	0	1	0	0
2	29	18	2	-1	5	-2	5	-2	8	-3	2	-1	9	-4	-3	2	-14	9	0	2	-2	6	-4	0	0	32	-1	0	0	1	0	1	0	0
2	29	19	2	-1	5	-2	2	1	3	2	1	0	4	1	-7	4	-44	25	0	4	2	18	-4	12	0	320	-1	1	0	1	0	0	1	0
2	29	20	2	-1	5	-2	7	-3	12	-5	2	-1	11	-5	-5	3	-27	16	0	2	-3	11	-4	0	5	117	-1	0	1	1	0	1	0	0
2	29	21	2	-1	5	-2	8	-5	13	-8	3	-2	14	-9	-19	12	-84	53	0	0	-6	34	-4	-4	32	1152	-1	-1	1	1	0	0	0	0
2	29	22	2	-1	5	-2	5	-3	7	-4	3	-2	11	-7	-9	7	-31	24	0	1	-4	15	-4	-3	12	221	-1	-1	1	1	0	0	0	0
2	29	23	2	-1	5	-2	3	-2	5	-3	1	-1	5	-4	-4	3	-15	11	0	0	-3	7	-4	-4	5	45	-1	-1	1	1	0	0	0	0
2	29	24	2	-1	5	-2	7	-5	10	-7	4	-3	15	-11	-29	21	-105	76	0	0	-7	47	-4	-4	45	2205	-1	-1	1	1	0	0	0	0
2	29	25	2	-1	5	-2	7	-4	9	-5	5	-3	17	-10	-16	13	-53	43	0	2	-5	27	-4	0	21	725	-1	0	1	1	0	1	0	0
2	29	26	2	-1	5	-2	2	-1	1	0	3	-2	8	-5	1	2	2	5	0	2	-2	6	-4	0	0	32	-1	0	0	1	0	1	0	0
2	29	27	2	-1	5	-2	2	-1	3	-1	1	-1	4	-3	0	1	-1	3	0	1	-2	3	-4	-3	0	5	-1	-1	0	1	0	0	0	0
2	29	28	2	-1	5	-2	1	0	1	1	1	-1	3	-2	4	-1	5	-1	0	2	-1	3	-4	0	-3	5	-1	0	-1	1	0	1	0	0
2	29	29	2	-1	5	-2	2	-1	5	-2	-1	0	0	-1	1	0	0	1	0	0	-2	2	-4	-4	0	0	-1	-1	0	0	0	0	0	2
2	29	30	2	-1	5	-2	3	-2	5	-3	1	-1	5	-4	-4	3	-15	11	0	0	-3	7	-4	-4	5	45	-1	-1	1	1	0	0	0	0
2	29	31	2	-1	5	-2	3	-2	2	-1	4	-3	11	-8	-3	8	-8	21	0	2	-4	18	-4	0	12	320	-1	0	1	1	0	1	0	0
2	29	32	2	-1	5	-2	1	-1	2	-1	0	-1	1	-3	-1	3	-3	8	0	0	-3	7	-4	-4	5	45	-1	-1	1	1	0	0	0	0
2	29	33	2	-1	5	-2	4	-3	3	-2	5	-4	14	-11	-11	18	-30	49	0	2	-6	38	-4	0	32	1440	-1	0	1	1	0	1	0	0
2	29	34	2	-1	5	-2	5	-3	2	-1	8	-5	21	-13	-5	17	-13	44	0	4	-5	39	-4	12	21	1517	-1	1	1	1	0	0	0	0
2	29	35	2	-1	5	-2	2	-1	-1	1	5	-3	12	-7	4	3	9	7	0	3	-2	11	-4	5	0	117	-1	1	0	1	0	0	0	0
2	29	36	2	-1	5	-2	1	0	-1	1	3	-1	7	-2	0	1	-1	3	0	2	1	3	-4	0	-3	5	-1	0	-1	1	0	1	0	0
2	29	37	2	-1	5	-2	3	-2	-1	1	7	-5	17	-12	8	13	19	31	0	4	-5	39	-4	12	21	1517	-1	1	1	1	0	0	0	0
2	29	38	2	-1	5	-2	2	-1	-3	2	7	-4	16	-9	9	4	20	9	0	4	-2	18	-4	12	0	320	-1	1	0	1	0	0	0	0
2	29	39	2	-1	5	-2	-1	1	-4	3	2	-1	3	-1	3	-1	1	0	0	2	1	3	-4	0	-3	5	-1	0	-1	1	0	1	0	0
2	29	40	2	-1	5	-2	-1	1	-3	2	1	0	1	1	-1	1	-5	4	0	1	2	3	-4	-3	0	5	-1	-1	0	1	0	0	1	0
2	29	41	2	-1	5	-2	-1	1	-2	1	0	1	-1	3	-1	3	-3	8	0	0	3	7	-4	-4	5	45	-1	-1	1	1	0	0	0	0
2	29	42	2	-1	5	-2	1	0	-1	1	3	-1	7	-2	0	1	-1	3	0	2	1	3	-4	0	-3	5	-1	0	-1	1	0	1	0	0
2	29	43	2	-1	5	-2	-3	2	-5	3	-1	1	-5	4	-4	3	-15	11	0	0	3	7	-4	-4	5	45	-1	-1	1	1	0	0	0	0
2	29	44	2	-1	5	-2	-1	1	-5	4	3	-2	5	-3	11	-3	15	-4	0	3	0	7	-4	5	-4	45	-1	1	-1	1	0	0	0	0
2	29	45	2	-1	5	-2	1	0	1	1	1	-1	3	-2	4	-1	5	-1	0	2	-1	3	-4	0	-3	5	-1	0	-1	1	0	1	0	0
2	29	46	2	-1	5	-2	-1	1	-6	5	4	-3	7	-5	23	-5	37	-8	0	4	-1	15	-4	12	-3	221	-1	1	-1	1	0	0	0	0
2	29	47	2	-1	5	-2	-3	2	-11	7	5	-3	7	-4	24	-7	31	-9	0	4	1	15	-4	12	-3	221	-1	1	-1	1	0	0	0	0
2	29	48	2	-1	5	-2	-3	2	-8	5	2	-1	1	0	5	-2	-2	1	0	2	2	6	-4	0	0	32	-1	0	0	1	0	1	1	0
2	29	49	2	-1	5	-2	-2	1	-5	2	1	0	0	1	1	0	0	1	0	0	2	2	-4	-4	0	0	-1	-1	0	0	0	0	2	2
2	29	50	2	-1	5	-2	-4	3	-11	8	3	-2	2	-1	21	-8	8	-3	0	4	2	18	-4	12	0	320	-1	1	0	1	0	0	1	0
2	29	51	2	-1	5	-2	-5	3	-12	7	2	-1	-1	1	7	-3	-9	4	0	2	3	11	-4	0	5	117	-1	0	1	1	0	1	0	0
2	30	0	3	-2	5	-3	0	1	-1	2	2	-1	3	-1	-1	1	-5	4	0	2	1	3	-4	0	-3	5	-1	0	-1	1	0	1	0	0
2	30	1	3	-2	5	-3	-1	2	-2	3	1	0	1	1	-5	4	-14	11	0	2	2	6	-4	0	0	32	-1	0	0	1	0	1	1	0
2	30	2	3	-2	5	-3	-2	3	-3	4	0	1	-1	3	-11	9	-27	22	0	2	3	11	-4	0	5	117	-1	0	1	1	0	1	0	0
2	30	3	3	-2	5	-3	5	-1	6	-1	3	-1	7	-2	-14	11	-37	29	0	4	1	15	-4	12	-3	221	-1	1	-1	1	0	0	0	0
2	30	4	3	-2	5	-3	-7	5	-10	7	-1	1	-5	4	-4	3	-15	11	0	0	3	7	-4	-4	5	45	-1	-1	1	1	0	0	0	0
2	30	5	3	-2	5	-3	4	-1	5	-1	2	-1	5	-2	-4	3	-15	11	0	3	0	7	-4	5	-4	45	-1	1	-1	1	0	0	0	0
2	30	6	3	-2	5	-3	1	2	1	3	1	0	2	1	-11	8	-40	29	0	4	2	18	-4	12	0	320	-1	1	0	1	0	0	1	0
2	30	7	3	-2	5	-3	8	-3	11	-4	2	-1	7	-3	-7	5	-31	22	0	4	-1	15	-4	12	-3	221	-1	1	-1	1	0	0	0	0
2	30	8	3	-2	5	-3	7	-4	9	-5	3	-2	8	-5	-5	4	-14	11	0	2	-2	6	-4	0	0	32	-1	0	0	1	0	1	0	0
2	30	9	3	-2	5	-3	-4	3	-7	5	2	-1	1	0	2	-1	-1	1	0	1	2	3	-4	-3	0	5	-1	-1	0	1	0	0	1	0
2	30	10	3	-2	5	-3	-3	2	-5	3	1	0	0	1	1	0	0	1	0	0	2	2	-4	-4	0	0	-1	-1	0	0	0	0	2	2
2	30	11	3	-2	5	-3	-5	4	-9	7	3	-2	2	-1	7	-4	2	-1	0	2	2	6	-4	0	0	32	-1	0	0	1	0	1	1	0
2	30	12	3	-2	5	-3	-8	5	-13	8	2	-1	-1	1	5	-3	-3	2	0	0	3	7	-4	-4	5	45	-1	-1	1	1	0	0	0	0
2	30	13	3	-2	5	-3	3	-1	4	-1	1	-1	3	-2	2	-1	-1	1	0	2	-1	3	-4	0	-3	5	-1	0	-1	1	0	1	0	0
2	30	14	3	-2	5	-3	1	1	1	2	1	-1	2	-1	5	-3	-3	2	0	3	0	7	-4	5	-4	45	-1	1	-1	1	0	0	0	0
2	30	15	3	-2	5	-3	-1	3	-2	5	1	-1	1	0	8	-5	-11	7	0	4	1	15	-4	12	-3	221	-1	1	-1	1	0	0	0	0
2	30	16	3	-2	5	-3	7	-2	11	-3	-1	0	2	-1	13	-8	-8	5	0	4	-2	18	-4	12	0	320	-1	1	0	1	0	0	0	0
2	30	17	3	-2	5	-3	-5	4	-9	7	3	-2	2	-1	7	-4	2	-1	0	2	2	6	-4	0	0	32	-1	0	0	1	0	1	1	0
2	30	18	3	-2	5	-3	5	-2	8	-3	-1	0	1	-1	7	-4	2	-1	0	2	-2	6	-4	0	0	32	-1	0	0	1	0	1	0	0
2	30	19	3	-2	5	-3	2	1	3	2	0	-1	1	-1	19	-11	7	-4	0	4	-1	15	-4	12	-3	221	-1	1	-1	1	0	0	0	0
2	30	20	3	-2	5	-3	7	-3	12	-5	-3	1	-1	0	16	-9	9	-5	0	2	-3	11	-4	0	5	117	-1	0	1	1	0	1	0	0
2	30	21	3	-2	5	-3	8	-5	13	-8	-2	1	1	-1	5	-3	-3	2	0	0	-3	7	-4	-4	5	45	-1	-1	1	1	0	0	0	0
2	30	22	3	-2	5	-3	5	-3	7	-4	1	-1	4	-3	-1	1	-5	4	0	1	-2	3	-4	-3	0	5	-1	-1	0	1	0	0	0	0
2	30	23	3	-2	5	-3	3	-2	5	-3	-1	0	0	-1	1	0	0	1	0	0	-2	2	-4	-4	0	0	-1	-1	0	0	0	0	0	2
2	30	24	3	-2	5	-3	7	-5	10	-7	1	-1	5	-4	-4	3	-15	11	0	0	-3	7	-4	-4	5	45	-1	-1	1	1	0	0	0	0
2	30	25	3	-2	5	-3	7	-4	9	-5	3	-2	8	-5	-5	4	-14	11	0	2	-2	6	-4	0	0	32	-1	0	0	1	0	1	0	0
2	30	26	3	-2	5	-3	2	-1	1	0	4	-3	7	-5	1	1	1	2	0	2	-1	3	-4	0	-3	5	-1	0	-1	1	0	1	0	0
2	30	27	3	-2	5	-3	2	-1	3	-1	0	-1	1	-2	4	-1	5	-1	0	1	-2	3	-4	-3	0	5	-1	-1	0	1	0	0	0	0
2	30	28	3	-2	5	-3	1	0	1	1	1	-2	2	-3	11	-4	14	-5	0	2	-2	6	-4	0	0	32	-1	0	0	1	0	1	0	0
2	30	29	3	-2	5	-3	2	-1	5	-2	-4	1	-5	1	11	-3	15	-4	0	0	-3	7	-4	-4	5	45	-1	-1	1	1	0	0	0	0
2	30	30	3	-2	5	-3	3	-2	5	-3	-1	0	0	-1	1	0	0	1	0	0	-2	2	-4	-4	0	0	-1	-1	0	0	0	0	0	2
2	30	31	3	-2	5	-3	3	-2	2	-1	5	-4	9	-7	-1	4	-2	7	0	2	-2	6	-4	0	0	32	-1	0	0	1	0	1	0	0
2	30	32	3	-2	5	-3	1	-1	2	-1	-1	-1	-1	-2	2	3	3	5	0	0	-3	7	-4	-4	5	45	-1	-1	1	1	0	0	0	0
2	30	33	3	-2	5	-3	4	-3	3	-2	6	-5	11	-9	-5	9	-9	16	0	2	-3	11	-4	0	5	117	-1	0	1	1	0	1	0	0
2	30	34	3	-2	5	-3	5	-3	2	-1	11	-7	19	-12	-4	11	-7	19	0	4	-1	15	-4	12	-3	221	-1	1	-1	1	0	0	0	0
2	30	35	3	-2	5	-3	2	-1	-1	1	8	-5	13	-8	2	3	3	5	0	3	0	7	-4	5	-4	45	-1	1	-1	1	0	0	0	0
2	30	36	3	-2	5	-3	1	0	-1	1	5	-2	8	-3	-1	4	-2	7	0	2	2	6	-4	0	0	32	-1	0	0	1	0	1	1	0
2	30	37	3	-2	5	-3	3	-2	-1	1	11	-8	18	-13	5	8	8	13	0	4	-2	18	-4	12	0	320	-1	1	0	1	0	0	0	0
2	30	38	3	-2	5	-3	2	-1	-3	2	12	-7	19	-11	7	5	11	8	0	4	1	15	-4	12	-3	221	-1	1	-1	1	0	0	0	0
2	30	39	3	-2	5	-3	-1	1	-4	3	5	-3	7	-4	4	-1	5	-1	0	2	1	3	-4	0	-3	5	-1	0	-1	1	0	1	0	0
2	30	40	3	-2	5	-3	-1	1	-3	2	3	-1	4	-1	1	1	1	2	0	1	2	3	-4	-3	0	5	-1	-1	0	1	0	0	1	0
2	30	41	3	-2	5	-3	-1	1	-2	1	1	1	1	2	2	3	3	5	0	0	3	7	-4	-4	5	45	-1	-1	1	1	0	0	0	0
2	30	42	3	-2	5	-3	1	0	-1	1	5	-2	8	-3	-1	4	-2	7	0	2	2	6	-4	0	0	32	-1	0	0	1	0	1	1	0
2	30	43	3	-2	5	-3	-3	2	-5	3	1	0	0	1	1	0	0	1	0	0	2	2	-4	-4	0	0	-1	-1	0	0	0	0	2	2
2	30	44	3	-2	5	-3	-1	1	-5	4	7	-5	10	-7	11	-3	15	-4	0	3	0	7	-4	5	-4	45	-1	1	-1	1	0	0	0	0
2	30	45	3	-2	5	-3	1	0	1	1	1	-2	2	-3	11	-4	14	-5	0	2	-2	6	-4	0	0	32	-1	0	0	1	0	1	0	0
2	30	46	3	-2	5	-3	-1	1	-6	5	9	-7	13	-10	22	-5	31	-7	0	4	-1	15	-4	12	-3	221	-1	1	-1	1	0	0	0	0
2	30	47	3	-2	5	-3	-3	2	-11	7	13	-8	18	-11	29	-8	40	-11	0	4	2	18	-4	12	0	320	-1	1	0	1	0	0	1	0
2	30	48	3	-2	5	-3	-3	2	-8	5	7	-4	9	-5	11	-4	14	-5	0	2	2	6	-4	0	0	32	-1	0	0	1	0	1	1	0
2	30	49	3	-2	5	-3	-2	1	-5	2	4	-1	5	-1	11	-3	15	-4	0	0	3	7	-4	-4	5	45	-1	-1	1	1	0	0	0	0
2	30	50	3	-2	5	-3	-4	3	-11	8	10	-7	13	-9	29	-11	37	-14	0	4	1	15	-4	12	-3	221	-1	1	-1	1	0	0	0	0
2	30	51	3	-2	5	-3	-5	3	-12	7	9	-5	11	-6	22	-9	27	-11	0	2	3	11	-4	0	5	117	-1	0	1	1	0	1	0	0
2	31	0	3	-2	2	-1	0	1	-1	2	2	-1	1	0	1	0	0	1	2	2	2	2	0	0	0	0	0	0	0	0	1	1	1	2
2	31	1	3	-2	2	-1	-1	2	-2	3	1	0	0	1	1	0	0	1	2	2	2	2	0	0	0	0	0	0	0	0	1	1	2	2
2	31	2	3	-2	2	-1	-2	3	-3	4	0	1	-1	2	1	0	0	1	2	2	2	2	0	0	0	0	0	0	0	0	1	1	1	2
2	31	3	3	-2	2	-1	5	-1	6	-1	3	-1	4	-1	-17	14	-28	23	2	4	2	6	0	12	0	32	0	1	0	1	1	0	1	0
2	31	4	3	-2	2	-1	-7	5	-10	7	-1	1	-4	3	3	-2	-4	3	2	0	2	6	0	-4	0	32	0	-1	0	1	1	0	1	0
2	31	5	3	-2	2	-1	4	-1	5	-1	2	-1	3	-1	-5	4	-14	11	2	3	1	6	0	5	-3	32	0	1	-1	1	1	0	0	0
2	31	6	3	-2	2	-1	1	2	1	3	1	0	1	1	-5	4	-14	11	2	4	2	6	0	12	0	32	0	1	0	1	1	0	1	0
2	31	7	3	-2	2	-1	8	-3	11	-4	2	-1	5	-2	-11	8	-40	29	2	4	0	18	0	12	-4	320	0	1	-1	1	1	0	0	0
2	31	8	3	-2	2	-1	7	-4	9	-5	3	-2	5	-3	-5	4	-14	11	2	2	0	6	0	0	-4	32	0	0	-1	1	1	1	0	0
2	31	9	3	-2	2	-1	-4	3	-7	5	2	-1	-1	1	7	-4	2	-1	2	1	3	6	0	-3	5	32	0	-1	1	1	1	0	0	0
2	31	10	3	-2	2	-1	-3	2	-5	3	1	0	-1	1	7	-4	2	-1	2	0	2	6	0	-4	0	32	0	-1	0	1	1	0	1	0
2	31	11	3	-2	2	-1	-5	4	-9	7	3	-2	-1	1	7	-4	2	-1	2	2	4	6	0	0	12	32	0	0	1	1	1	1	0	0
2	31	12	3	-2	2	-1	-8	5	-13	8	2	-1	-3	2	13	-8	-8	5	2	0	4	18	0	-4	12	320	0	-1	1	1	1	0	0	0
2	31	13	3	-2	2	-1	3	-1	4	-1	1	-1	2	-1	3	-2	-4	3	2	2	0	6	0	0	-4	32	0	0	-1	1	1	1	0	0
2	31	14	3	-2	2	-1	1	1	1	2	1	-1	1	0	3	-2	-4	3	2	3	1	6	0	5	-3	32	0	1	-1	1	1	0	0	0
2	31	15	3	-2	2	-1	-1	3	-2	5	1	-1	0	1	3	-2	-4	3	2	4	2	6	0	12	0	32	0	1	0	1	1	0	1	0
2	31	16	3	-2	2	-1	7	-2	11	-3	-1	0	3	-1	19	-12	-30	19	2	4	-2	38	0	12	0	1440	0	1	0	1	1	0	0	0
2	31	17	3	-2	2	-1	-5	4	-9	7	3	-2	-1	1	7	-4	2	-1	2	2	4	6	0	0	12	32	0	0	1	1	1	1	0	0
2	31	18	3	-2	2	-1	5	-2	8	-3	-1	0	2	-1	13	-8	-8	5	2	2	-2	18	0	0	0	320	0	0	0	1	1	1	0	0
2	31	19	3	-2	2	-1	2	1	3	2	0	-1	1	0	13	-8	-8	5	2	4	0	18	0	12	-4	320	0	1	-1	1	1	0	0	0
2	31	20	3	-2	2	-1	7	-3	12	-5	-3	1	2	-1	31	-18	-12	7	2	2	-4	38	0	0	12	1440	0	0	1	1	1	1	0	0
2	31	21	3	-2	2	-1	8	-5	13	-8	-2	1	3	-2	13	-8	-8	5	2	0	-4	18	0	-4	12	320	0	-1	1	1	1	0	0	0
2	31	22	3	-2	2	-1	5	-3	7	-4	1	-1	3	-2	3	-2	-4	3	2	1	-1	6	0	-3	-3	32	0	-1	-1	1	1	0	0	0
2	31	23	3	-2	2	-1	3	-2	5	-3	-1	0	1	-1	7	-4	2	-1	2	0	-2	6	0	-4	0	32	0	-1	0	1	1	0	0	0
2	31	24	3	-2	2	-1	7	-5	10	-7	1	-1	4	-3	3	-2	-4	3	2	0	-2	6	0	-4	0	32	0	-1	0	1	1	0	0	0
2	31	25	3	-2	2	-1	7	-4	9	-5	3	-2	5	-3	-5	4	-14	11	2	2	0	6	0	0	-4	32	0	0	-1	1	1	1	0	0
2	31	26	3	-2	2	-1	2	-1	1	0	4	-3	3	-2	1	0	0	1	2	2	2	2	0	0	0	0	0	0	0	0	1	1	1	2
2	31	27	3	-2	2	-1	2	-1	3	-1	0	-1	1	-1	7	-4	2	-1	2	1	-1	6	0	-3	-3	32	0	-1	-1	1	1	0	0	0
2	31	28	3	-2	2	-1	1	0	1	1	1	-2	1	-1	7	-4	2	-1	2	2	0	6	0	0	-4	32	0	0	-1	1	1	1	0	0
2	31	29	3	-2	2	-1	2	-1	5	-2	-4	1	-1	0	21	-8	8	-3	2	0	-4	18	0	-4	12	320	0	-1	1	1	1	0	0	0
2	31	30	3	-2	2	-1	3	-2	5	-3	-1	0	1	-1	7	-4	2	-1	2	0	-2	6	0	-4	0	32	0	-1	0	1	1	0	0	0
2	31	31	3	-2	2	-1	3	-2	2	-1	5	-4	4	-3	1	0	0	1	2	2	2	2	0	0	0	0	0	0	0	0	1	1	1	2
2	31	32	3	-2	2	-1	1	-1	2	-1	-1	-1	0	-1	7	-2	4	-1	2	0	-2	6	0	-4	0	32	0	-1	0	1	1	0	0	0
2	31	33	3	-2	2	-1	4	-3	3	-2	6	-5	5	-4	1	0	0	1	2	2	2	2	0	0	0	0	0	0	0	0	1	1	1	2
2	31	34	3	-2	2	-1	5	-3	2	-1	11	-7	8	-5	-5	14	-4	11	2	4	6	6	0	12	32	32	0	1	1	1	1	0	0	0
2	31	35	3	-2	2	-1	2	-1	-1	1	8	-5	5	-3	3	4	2	3	2	3	5	6	0	5	21	32	0	1	1	1	1	0	0	0
2	31	36	3	-2	2	-1	1	0	-1	1	5	-2	3	-1	3	4	2	3	2	2	4	6	0	0	12	32	0	0	1	1	1	1	0	0
2	31	37	3	-2	2	-1	3	-2	-1	1	11	-8	7	-5	3	4	2	3	2	4	6	6	0	12	32	32	0	1	1	1	1	0	0	0
2	31	38	3	-2	2	-1	2	-1	-3	2	12	-7	7	-4	13	8	8	5	2	4	8	18	0	12	60	320	0	1	1	1	1	0	0	0
2	31	39	3	-2	2	-1	-1	1	-4	3	5	-3	2	-1	7	-2	4	-1	2	2	4	6	0	0	12	32	0	0	1	1	1	1	0	0
2	31	40	3	-2	2	-1	-1	1	-3	2	3	-1	1	0	7	-2	4	-1	2	1	3	6	0	-3	5	32	0	-1	1	1	1	0	0	0
2	31	41	3	-2	2	-1	-1	1	-2	1	1	1	0	1	7	-2	4	-1	2	0	2	6	0	-4	0	32	0	-1	0	1	1	0	1	0
2	31	42	3	-2	2	-1	1	0	-1	1	5	-2	3	-1	3	4	2	3	2	2	4	6	0	0	12	32	0	0	1	1	1	1	0	0
2	31	43	3	-2	2	-1	-3	2	-5	3	1	0	-1	1	7	-4	2	-1	2	0	2	6	0	-4	0	32	0	-1	0	1	1	0	1	0
2	31	44	3	-2	2	-1	-1	1	-5	4	7	-5	3	-2	7	-2	4	-1	2	3	5	6	0	5	21	32	0	1	1	1	1	0	0	0
2	31	45	3	-2	2	-1	1	0	1	1	1	-2	1	-1	7	-4	2	-1	2	2	0	6	0	0	-4	32	0	0	-1	1	1	1	0	0
2	31	46	3	-2	2	-1	-1	1	-6	5	9	-7	4	-3	7	-2	4	-1	2	4	6	6	0	12	32	32	0	1	1	1	1	0	0	0
2	31	47	3	-2	2	-1	-3	2	-11	7	13	-8	5	-3	43	-12	18	-5	2	4	10	38	0	12	96	1440	0	1	1	1	1	0	0	0
2	31	48	3	-2	2	-1	-3	2	-8	5	7	-4	2	-1	21	-8	8	-3	2	2	6	18	0	0	32	320	0	0	1	1	1	1	0	0
2	31	49	3	-2	2	-1	-2	1	-5	2	4	-1	1	0	21	-8	8	-3	2	0	4	18	0	-4	12	320	0	-1	1	1	1	0	0	0
2	31	50	3	-2	2	-1	-4	3	-11	8	10	-7	3	-2	21	-8	8	-3	2	4	8	18	0	12	60	320	0	1	1	1	1	0	0	0
2	31	51	3	-2	2	-1	-5	3	-12	7	9	-5	2	-1	43	-18	12	-5	2	2	8	38	0	0	60	1440	0	0	1	1	1	1	0	0
2	32	0	1	-1	2	-1	0	1	-1	2	1	-1	1	0	2	-1	-1	1	0	2	1	3	-4	0	-3	5	-1	0	-1	1	0	1	0	0
2	32	1	1	-1	2	-1	-1	2	-2	3	1	-1	0	1	3	-2	-4	3	0	2	2	6	-4	0	0	32	-1	0	0	1	0	1	1	0
2	32	2	1	-1	2	-1	-2	3	-3	4	1	-1	-1	2	4	-3	-9	7	0	2	3	11	-4	0	5	117	-1	0	1	1	0	1	0	0
2	32	3	1	-1	2	-1	5	-1	6	-1	-1	0	4	-1	5	-4	-16	13	0	4	-2	18	-4	12	0	320	-1	1	0	1	0	0	0	0
2	32	4	1	-1	2	-1	-7	5	-10	7	3	-2	-4	3	17	-12	-24	17	0	0	6	34	-4	-4	32	1152	-1	-1	1	1	0	0	0	0
2	32	5	1	-1	2	-1	4	-1	5	-1	-1	0	3	-1	4	-3	-9	7	0	3	-2	11	-4	5	0	117	-1	1	0	1	0	0	0	0
2	32	6	1	-1	2	-1	1	2	1	3	0	-1	1	1	7	-5	-11	8	0	4	1	15	-4	12	-3	221	-1	1	-1	1	0	0	0	0
2	32	7	1	-1	2	-1	8	-3	11	-4	-3	1	5	-2	18	-13	-29	21	0	4	-5	39	-4	12	21	1517	-1	1	1	1	0	0	0	0
2	32	8	1	-1	2	-1	7	-4	9	-5	-2	1	5	-3	9	-7	-23	18	0	2	-5	27	-4	0	21	725	-1	0	1	1	0	1	0	0
2	32	9	1	-1	2	-1	-4	3	-7	5	3	-2	-1	1	12	-7	-5	3	0	1	4	15	-4	-3	12	221	-1	-1	1	1	0	0	0	0
2	32	10	1	-1	2	-1	-3	2	-5	3	2	-1	-1	1	5	-3	-3	2	0	0	3	7	-4	-4	5	45	-1	-1	1	1	0	0	0	0
2	32	11	1	-1	2	-1	-5	4	-9	7	4	-3	-1	1	23	-13	-7	4	0	2	5	27	-4	0	21	725	-1	0	1	1	0	1	0	0
2	32	12	1	-1	2	-1	-8	5	-13	8	5	-3	-3	2	34	-21	-21	13	0	0	7	47	-4	-4	45	2205	-1	-1	1	1	0	0	0	0
2	32	13	1	-1	2	-1	3	-1	4	-1	-1	0	2	-1	3	-2	-4	3	0	2	-2	6	-4	0	0	32	-1	0	0	1	0	1	0	0
2	32	14	1	-1	2	-1	1	1	1	2	0	-1	1	0	5	-3	-3	2	0	3	0	7	-4	5	-4	45	-1	1	-1	1	0	0	0	0
2	32	15	1	-1	2	-1	-1	3	-2	5	1	-2	0	1	13	-8	-8	5	0	4	2	18	-4	12	0	320	-1	1	0	1	0	0	1	0
2	32	16	1	-1	2	-1	7	-2	11	-3	-4	1	3	-1	27	-17	-19	12	0	4	-5	39	-4	12	21	1517	-1	1	1	1	0	0	0	0
2	32	17	1	-1	2	-1	-5	4	-9	7	4	-3	-1	1	23	-13	-7	4	0	2	5	27	-4	0	21	725	-1	0	1	1	0	1	0	0
2	32	18	1	-1	2	-1	5	-2	8	-3	-3	1	2	-1	13	-8	-8	5	0	2	-4	18	-4	0	12	320	-1	0	1	1	0	1	0	0
2	32	19	1	-1	2	-1	2	1	3	2	-1	-1	1	0	12	-7	-5	3	0	4	-1	15	-4	12	-3	221	-1	1	-1	1	0	0	0	0
2	32	20	1	-1	2	-1	7	-3	12	-5	-5	2	2	-1	31	-18	-12	7	0	2	-6	38	-4	0	32	1440	-1	0	1	1	0	1	0	0
2	32	21	1	-1	2	-1	8	-5	13	-8	-5	3	3	-2	34	-21	-21	13	0	0	-7	47	-4	-4	45	2205	-1	-1	1	1	0	0	0	0
2	32	22	1	-1	2	-1	5	-3	7	-4	-2	1	3	-2	7	-5	-11	8	0	1	-4	15	-4	-3	12	221	-1	-1	1	1	0	0	0	0
2	32	23	1	-1	2	-1	3	-2	5	-3	-2	1	1	-1	5	-3	-3	2	0	0	-3	7	-4	-4	5	45	-1	-1	1	1	0	0	0	0
2	32	24	1	-1	2	-1	7	-5	10	-7	-3	2	4	-3	17	-12	-24	17	0	0	-6	34	-4	-4	32	1152	-1	-1	1	1	0	0	0	0
2	32	25	1	-1	2	-1	7	-4	9	-5	-2	1	5	-3	9	-7	-23	18	0	2	-5	27	-4	0	21	725	-1	0	1	1	0	1	0	0
2	32	26	1	-1	2	-1	2	-1	1	0	1	-1	3	-2	0	1	-1	3	0	2	-1	3	-4	0	-3	5	-1	0	-1	1	0	1	0	0
2	32	27	1	-1	2	-1	2	-1	3	-1	-1	0	1	-1	2	-1	-1	1	0	1	-2	3	-4	-3	0	5	-1	-1	0	1	0	0	0	0
2	32	28	1	-1	2	-1	1	0	1	1	0	-1	1	-1	3	-1	1	0	0	2	-1	3	-4	0	-3	5	-1	0	-1	1	0	1	0	0
2	32	29	1	-1	2	-1	2	-1	5	-2	-3	1	-1	0	8	-3	3	-1	0	0	-3	7	-4	-4	5	45	-1	-1	1	1	0	0	0	0
2	32	30	1	-1	2	-1	3	-2	5	-3	-2	1	1	-1	5	-3	-3	2	0	0	-3	7	-4	-4	5	45	-1	-1	1	1	0	0	0	0
2	32	31	1	-1	2	-1	3	-2	2	-1	1	-1	4	-3	-1	2	-4	7	0	2	-2	6	-4	0	0	32	-1	0	0	1	0	1	0	0
2	32	32	1	-1	2	-1	1	-1	2	-1	-1	0	0	-1	1	0	0	1	0	0	-2	2	-4	-4	0	0	-1	-1	0	0	0	0	0	2
2	32	33	1	-1	2	-1	4	-3	3	-2	1	-1	5	-4	-2	3	-9	13	0	2	-3	11	-4	0	5	117	-1	0	1	1	0	1	0	0
2	32	34	1	-1	2	-1	5	-3	2	-1	3	-2	8	-5	-3	8	-8	21	0	4	-2	18	-4	12	0	320	-1	1	0	1	0	0	0	0
2	32	35	1	-1	2	-1	2	-1	-1	1	3	-2	5	-3	2	3	3	5	0	3	0	7	-4	5	-4	45	-1	1	-1	1	0	0	0	0
2	32	36	1	-1	2	-1	1	0	-1	1	2	-1	3	-1	1	1	1	2	0	2	1	3	-4	0	-3	5	-1	0	-1	1	0	1	0	0
2	32	37	1	-1	2	-1	3	-2	-1	1	4	-3	7	-5	3	7	5	12	0	4	-1	15	-4	12	-3	221	-1	1	-1	1	0	0	0	0
2	32	38	1	-1	2	-1	2	-1	-3	2	5	-3	7	-4	8	5	11	7	0	4	1	15	-4	12	-3	221	-1	1	-1	1	0	0	0	0
2	32	39	1	-1	2	-1	-1	1	-4	3	3	-2	2	-1	7	-2	4	-1	0	2	2	6	-4	0	0	32	-1	0	0	1	0	1	1	0
2	32	40	1	-1	2	-1	-1	1	-3	2	2	-1	1	0	3	-1	1	0	0	1	2	3	-4	-3	0	5	-1	-1	0	1	0	0	1	0
2	32	41	1	-1	2	-1	-1	1	-2	1	1	0	0	1	1	0	0	1	0	0	2	2	-4	-4	0	0	-1	-1	0	0	0	0	2	2
2	32	42	1	-1	2	-1	1	0	-1	1	2	-1	3	-1	1	1	1	2	0	2	1	3	-4	0	-3	5	-1	0	-1	1	0	1	0	0
2	32	43	1	-1	2	-1	-3	2	-5	3	2	-1	-1	1	5	-3	-3	2	0	0	3	7	-4	-4	5	45	-1	-1	1	1	0	0	0	0
2	32	44	1	-1	2	-1	-1	1	-5	4	4	-3	3	-2	13	-3	9	-2	0	3	2	11	-4	5	0	117	-1	1	0	1	0	0	1	0
2	32	45	1	-1	2	-1	1	0	1	1	0	-1	1	-1	3	-1	1	0	0	2	-1	3	-4	0	-3	5	-1	0	-1	1	0	1	0	0
2	32	46	1	-1	2	-1	-1	1	-6	5	5	-4	4	-3	21	-4	16	-3	0	4	2	18	-4	12	0	320	-1	1	0	1	0	0	1	0
2	32	47	1	-1	2	-1	-3	2	-11	7	8	-5	5	-3	47	-13	29	-8	0	4	5	39	-4	12	21	1517	-1	1	1	1	0	0	0	0
2	32	48	1	-1	2	-1	-3	2	-8	5	5	-3	2	-1	21	-8	8	-3	0	2	4	18	-4	0	12	320	-1	0	1	1	0	1	0	0
2	32	49	1	-1	2	-1	-2	1	-5	2	3	-1	1	0	8	-3	3	-1	0	0	3	7	-4	-4	5	45	-1	-1	1	1	0	0	0	0
2	32	50	1	-1	2	-1	-4	3	-11	8	7	-5	3	-2	46	-17	19	-7	0	4	5	39	-4	12	21	1517	-1	1	1	1	0	0	0	0
2	32	51	1	-1	2	-1	-5	3	-12	7	7	-4	2	-1	43	-18	12	-5	0	2	6	38	-4	0	32	1440	-1	0	1	1	0	1	0	0
2	33	0	4	-3	3	-2	0	1	-1	2	3	-2	2	-1	1	0	0	1	2	2	2	2	0	0	0	0	0	0	0	0	1	1	1	2
2	33	1	4	-3	3	-2	-1	2	-2	3	2	-1	1	0	1	0	0	1	2	2	2	2	0	0	0	0	0	0	0	0	1	1	1	2
2	33	2	4	-3	3	-2	-2	3	-3	4	1	0	0	1	1	0	0	1	2	2	2	2	0	0	0	0	0	0	0	0	1	1	2	2
2	33	3	4	-3	3	-2	5	-1	6	-1	2	-1	3	-1	-11	9	-27	22	2	4	1	11	0	12	-3	117	0	1	-1	1	1	0	0	0
2	33	4	4	-3	3	-2	-7	5	-10	7	2	-1	-1	1	13	-9	3	-2	2	0	3	11	0	-4	5	117	0	-1	1	1	1	0	0	0
2	33	5	4	-3	3	-2	4	-1	5	-1	1	-1	2	-1	4	-3	-9	7	2	3	0	11	0	5	-4	117	0	1	-1	1	1	0	0	0
2	33	6	4	-3	3	-2	1	2	1	3	1	-1	1	0	4	-3	-9	7	2	4	1	11	0	12	-3	117	0	1	-1	1	1	0	0	0
2	33	7	4	-3	3	-2	8	-3	11	-4	-1	0	2	-1	25	-18	-18	13	2	4	-2	38	0	12	0	1440	0	1	0	1	1	0	0	0
2	33	8	4	-3	3	-2	7	-4	9	-5	1	-1	3	-2	4	-3	-9	7	2	2	-1	11	0	0	-3	117	0	0	-1	1	1	1	0	0
2	33	9	4	-3	3	-2	-4	3	-7	5	5	-3	2	-1	16	-9	9	-5	2	1	4	11	0	-3	12	117	0	-1	1	1	1	0	0	0
2	33	10	4	-3	3	-2	-3	2	-5	3	3	-1	1	0	16	-9	9	-5	2	0	3	11	0	-4	5	117	0	-1	1	1	1	0	0	0
2	33	11	4	-3	3	-2	-5	4	-9	7	7	-5	3	-2	16	-9	9	-5	2	2	5	11	0	0	21	117	0	0	1	1	1	1	0	0
2	33	12	4	-3	3	-2	-8	5	-13	8	7	-4	2	-1	49	-30	18	-11	2	0	6	38	0	-4	32	1440	0	-1	1	1	1	0	0	0
2	33	13	4	-3	3	-2	3	-1	4	-1	0	-1	1	-1	13	-9	3	-2	2	2	-1	11	0	0	-3	117	0	0	-1	1	1	1	0	0
2	33	14	4	-3	3	-2	1	1	1	2	1	-2	1	-1	13	-9	3	-2	2	3	0	11	0	5	-4	117	0	1	-1	1	1	0	0	0
2	33	15	4	-3	3	-2	-1	3	-2	5	2	-3	1	-1	13	-9	3	-2	2	4	1	11	0	12	-3	117	0	1	-1	1	1	0	0	0
2	33	16	4	-3	3	-2	7	-2	11	-3	-5	1	-1	0	100	-63	27	-17	2	4	-5	83	0	12	21	6885	0	1	1	1	1	0	0	0
2	33	17	4	-3	3	-2	-5	4	-9	7	7	-5	3	-2	16	-9	9	-5	2	2	5	11	0	0	21	117	0	0	1	1	1	1	0	0
2	33	18	4	-3	3	-2	5	-2	8	-3	-4	1	-1	0	49	-30	18	-11	2	2	-4	38	0	0	12	1440	0	0	1	1	1	1	0	0
2	33	19	4	-3	3	-2	2	1	3	2	-1	-2	0	-1	49	-30	18	-11	2	4	-2	38	0	12	0	1440	0	1	0	1	1	0	0	0
2	33	20	4	-3	3	-2	7	-3	12	-5	-8	3	-3	1	109	-63	45	-26	2	2	-7	83	0	0	45	6885	0	0	1	1	1	1	0	0
2	33	21	4	-3	3	-2	8	-5	13	-8	-7	4	-2	1	49	-30	18	-11	2	0	-6	38	0	-4	32	1440	0	-1	1	1	1	0	0	0
2	33	22	4	-3	3	-2	5	-3	7	-4	-1	0	1	-1	13	-9	3	-2	2	1	-2	11	0	-3	0	117	0	-1	0	1	1	0	0	0
2	33	23	4	-3	3	-2	3	-2	5	-3	-3	1	-1	0	16	-9	9	-5	2	0	-3	11	0	-4	5	117	0	-1	1	1	1	0	0	0
2	33	24	4	-3	3	-2	7	-5	10	-7	-2	1	1	-1	13	-9	3	-2	2	0	-3	11	0	-4	5	117	0	-1	1	1	1	0	0	0
2	33	25	4	-3	3	-2	7	-4	9	-5	1	-1	3	-2	4	-3	-9	7	2	2	-1	11	0	0	-3	117	0	0	-1	1	1	1	0	0
2	33	26	4	-3	3	-2	2	-1	1	0	5	-4	4	-3	1	0	0	1	2	2	2	2	0	0	0	0	0	0	0	0	1	1	1	2
2	33	27	4	-3	3	-2	2	-1	3	-1	-1	-1	0	-1	16	-9	9	-5	2	1	-2	11	0	-3	0	117	0	-1	0	1	1	0	0	0
2	33	28	4	-3	3	-2	1	0	1	1	1	-3	1	-2	16	-9	9	-5	2	2	-1	11	0	0	-3	117	0	0	-1	1	1	1	0	0
2	33	29	4	-3	3	-2	2	-1	5	-2	-7	2	-4	1	49	-18	30	-11	2	0	-6	38	0	-4	32	1440	0	-1	1	1	1	0	0	0
2	33	30	4	-3	3	-2	3	-2	5	-3	-3	1	-1	0	16	-9	9	-5	2	0	-3	11	0	-4	5	117	0	-1	1	1	1	0	0	0
2	33	31	4	-3	3	-2	3	-2	2	-1	6	-5	5	-4	1	0	0	1	2	2	2	2	0	0	0	0	0	0	0	0	1	1	1	2
2	33	32	4	-3	3	-2	1	-1	2	-1	-2	-1	-1	-1	13	-3	9	-2	2	0	-3	11	0	-4	5	117	0	-1	1	1	1	0	0	0
2	33	33	4	-3	3	-2	4	-3	3	-2	7	-6	6	-5	1	0	0	1	2	2	2	2	0	0	0	0	0	0	0	0	1	1	1	2
2	33	34	4	-3	3	-2	5	-3	2	-1	14	-9	11	-7	-11	27	-9	22	2	4	7	11	0	12	45	117	0	1	1	1	1	0	0	0
2	33	35	4	-3	3	-2	2	-1	-1	1	11	-7	8	-5	4	9	3	7	2	3	6	11	0	5	32	117	0	1	1	1	1	0	0	0
2	33	36	4	-3	3	-2	1	0	-1	1	7	-3	5	-2	4	9	3	7	2	2	5	11	0	0	21	117	0	0	1	1	1	1	0	0
2	33	37	4	-3	3	-2	3	-2	-1	1	15	-11	11	-8	4	9	3	7	2	4	7	11	0	12	45	117	0	1	1	1	1	0	0	0
2	33	38	4	-3	3	-2	2	-1	-3	2	17	-10	12	-7	25	18	18	13	2	4	10	38	0	12	96	1440	0	1	1	1	1	0	0	0
2	33	39	4	-3	3	-2	-1	1	-4	3	8	-5	5	-3	13	-3	9	-2	2	2	5	11	0	0	21	117	0	0	1	1	1	1	0	0
2	33	40	4	-3	3	-2	-1	1	-3	2	5	-2	3	-1	13	-3	9	-2	2	1	4	11	0	-3	12	117	0	-1	1	1	1	0	0	0
2	33	41	4	-3	3	-2	-1	1	-2	1	2	1	1	1	13	-3	9	-2	2	0	3	11	0	-4	5	117	0	-1	1	1	1	0	0	0
2	33	42	4	-3	3	-2	1	0	-1	1	7	-3	5	-2	4	9	3	7	2	2	5	11	0	0	21	117	0	0	1	1	1	1	0	0
2	33	43	4	-3	3	-2	-3	2	-5	3	3	-1	1	0	16	-9	9	-5	2	0	3	11	0	-4	5	117	0	-1	1	1	1	0	0	0
2	33	44	4	-3	3	-2	-1	1	-5	4	11	-8	7	-5	13	-3	9	-2	2	3	6	11	0	5	32	117	0	1	1	1	1	0	0	0
2	33	45	4	-3	3	-2	1	0	1	1	1	-3	1	-2	16	-9	9	-5	2	2	-1	11	0	0	-3	117	0	0	-1	1	1	1	0	0
2	33	46	4	-3	3	-2	-1	1	-6	5	14	-11	9	-7	13	-3	9	-2	2	4	7	11	0	12	45	117	0	1	1	1	1	0	0	0
2	33	47	4	-3	3	-2	-3	2	-11	7	21	-13	13	-8	100	-27	63	-17	2	4	13	83	0	12	165	6885	0	1	1	1	1	0	0	0
2	33	48	4	-3	3	-2	-3	2	-8	5	12	-7	7	-4	49	-18	30	-11	2	2	8	38	0	0	60	1440	0	0	1	1	1	1	0	0
2	33	49	4	-3	3	-2	-2	1	-5	2	7	-2	4	-1	49	-18	30	-11	2	0	6	38	0	-4	32	1440	0	-1	1	1	1	0	0	0
2	33	50	4	-3	3	-2	-4	3	-11	8	17	-12	10	-7	49	-18	30	-11	2	4	10	38	0	12	96	1440	0	1	1	1	1	0	0	0
2	33	51	4	-3	3	-2	-5	3	-12	7	16	-9	9	-5	109	-45	63	-26	2	2	11	83	0	0	117	6885	0	0	1	1	1	1	0	0
2	34	0	5	-3	2	-1	0	1	-1	2	3	-1	1	0	2	1	1	1	4	2	3	3	12	0	5	5	1	0	1	1	0	1	0	0
2	34	1	5	-3	2	-1	-1	2	-2	3	1	1	0	1	7	-2	4	-1	4	2	2	6	12	0	0	32	1	0	0	1	0	1	1	0
2	34	2	5	-3	2	-1	-2	3	-3	4	-1	3	-1	2	16	-9	9	-5	4	2	1	11	12	0	-3	117	1	0	-1	1	0	1	0	0
2	34	3	5	-3	2	-1	5	-1	6	-1	7	-2	4	-1	-63	52	-40	33	4	4	6	-30	12	12	32	896	1	1	1	1	0	0	0	0
2	34	4	5	-3	2	-1	-7	5	-10	7	-5	4	-4	3	29	-20	16	-11	4	0	-2	18	12	-4	0	320	1	-1	0	1	0	0	0	0
2	34	5	5	-3	2	-1	4	-1	5	-1	5	-2	3	-1	-24	19	-19	15	4	3	4	-9	12	5	12	77	1	1	1	1	0	0	0	0
2	34	6	5	-3	2	-1	1	2	1	3	2	1	1	1	-23	19	-17	14	4	4	3	-9	12	12	5	77	1	1	1	1	0	0	0	0
2	34	7	5	-3	2	-1	8	-3	11	-4	7	-3	5	-2	-62	45	-51	37	4	4	5	-25	12	12	21	621	1	1	1	1	0	0	0	0
2	34	8	5	-3	2	-1	7	-4	9	-5	8	-5	5	-3	-1	1	-5	4	4	2	5	3	12	0	21	5	1	0	1	1	0	1	0	0
2	34	9	5	-3	2	-1	-4	3	-7	5	1	0	-1	1	16	-9	9	-5	4	1	2	11	12	-3	0	117	1	-1	0	1	0	0	1	0
2	34	10	5	-3	2	-1	-3	2	-5	3	0	1	-1	1	19	-11	7	-4	4	0	1	15	12	-4	-3	221	1	-1	-1	1	0	0	0	0
2	34	11	5	-3	2	-1	-5	4	-9	7	2	-1	-1	1	9	-5	11	-6	4	2	3	3	12	0	5	5	1	0	1	1	0	1	0	0
2	34	12	5	-3	2	-1	-8	5	-13	8	-1	1	-3	2	18	-11	5	-3	4	0	1	15	12	-4	-3	221	1	-1	-1	1	0	0	0	0
2	34	13	5	-3	2	-1	3	-1	4	-1	3	-2	2	-1	3	-2	-4	3	4	2	2	6	12	0	0	32	1	0	0	1	0	1	1	0
2	34	14	5	-3	2	-1	1	1	1	2	2	-1	1	0	-1	1	-5	4	4	3	2	3	12	5	0	5	1	1	0	1	0	0	1	0
2	34	15	5	-3	2	-1	-1	3	-2	5	1	0	0	1	1	0	0	1	4	4	2	2	12	12	0	0	1	1	0	0	0	0	2	2
2	34	16	5	-3	2	-1	7	-2	11	-3	2	-1	3	-1	-11	7	-41	26	4	4	1	15	12	12	-3	221	1	1	-1	1	0	0	0	0
2	34	17	5	-3	2	-1	-5	4	-9	7	2	-1	-1	1	9	-5	11	-6	4	2	3	3	12	0	5	5	1	0	1	1	0	1	0	0
2	34	18	5	-3	2	-1	5	-2	8	-3	1	-1	2	-1	13	-8	-8	5	4	2	0	18	12	0	-4	320	1	0	-1	1	0	1	0	0
2	34	19	5	-3	2	-1	2	1	3	2	1	-1	1	0	8	-5	-11	7	4	4	1	15	12	12	-3	221	1	1	-1	1	0	0	0	0
2	34	20	5	-3	2	-1	7	-3	12	-5	-1	0	2	-1	31	-18	-12	7	4	2	-2	38	12	0	0	1440	1	0	0	1	0	1	0	0
2	34	21	5	-3	2	-1	8	-5	13	-8	1	-1	3	-2	18	-11	5	-3	4	0	-1	15	12	-4	-3	221	1	-1	-1	1	0	0	0	0
2	34	22	5	-3	2	-1	5	-3	7	-4	4	-3	3	-2	13	-9	3	-2	4	1	2	11	12	-3	0	117	1	-1	0	1	0	0	1	0
2	34	23	5	-3	2	-1	3	-2	5	-3	0	-1	1	-1	19	-11	7	-4	4	0	-1	15	12	-4	-3	221	1	-1	-1	1	0	0	0	0
2	34	24	5	-3	2	-1	7	-5	10	-7	5	-4	4	-3	29	-20	16	-11	4	0	2	18	12	-4	0	320	1	-1	0	1	0	0	1	0
2	34	25	5	-3	2	-1	7	-4	9	-5	8	-5	5	-3	-1	1	-5	4	4	2	5	3	12	0	21	5	1	0	1	1	0	1	0	0
2	34	26	5	-3	2	-1	2	-1	1	0	7	-5	3	-2	4	-5	1	-1	4	2	5	3	12	0	21	5	1	0	1	1	0	1	0	0
2	34	27	5	-3	2	-1	2	-1	3	-1	1	-2	1	-1	18	-11	5	-3	4	1	0	15	12	-3	-4	221	1	-1	-1	1	0	0	0	0
2	34	28	5	-3	2	-1	1	0	1	1	2	-3	1	-1	13	-9	3	-2	4	2	1	11	12	0	-3	117	1	0	-1	1	0	1	0	0
2	34	29	5	-3	2	-1	2	-1	5	-2	-5	1	-1	0	44	-17	13	-5	4	0	-5	39	12	-4	21	1517	1	-1	1	1	0	0	0	0
2	34	30	5	-3	2	-1	3	-2	5	-3	0	-1	1	-1	19	-11	7	-4	4	0	-1	15	12	-4	-3	221	1	-1	-1	1	0	0	0	0
2	34	31	5	-3	2	-1	3	-2	2	-1	9	-7	4	-3	11	-14	4	-5	4	2	6	6	12	0	32	32	1	0	1	1	0	1	0	0
2	34	32	5	-3	2	-1	1	-1	2	-1	-1	-2	0	-1	21	-8	8	-3	4	0	-2	18	12	-4	0	320	1	-1	0	1	0	0	0	0
2	34	33	5	-3	2	-1	4	-3	3	-2	11	-9	5	-4	22	-27	9	-11	4	2	7	11	12	0	45	117	1	0	1	1	0	1	0	0
2	34	34	5	-3	2	-1	5	-3	2	-1	19	-12	8	-5	1	0	0	1	4	4	14	2	12	12	192	0	1	1	1	0	0	0	0	2
2	34	35	5	-3	2	-1	2	-1	-1	1	13	-8	5	-3	2	1	1	1	4	3	10	3	12	5	96	5	1	1	1	1	0	0	0	0
2	34	36	5	-3	2	-1	1	0	-1	1	8	-3	3	-1	7	9	3	4	4	2	7	11	12	0	45	117	1	0	1	1	0	1	0	0
2	34	37	5	-3	2	-1	3	-2	-1	1	18	-13	7	-5	-3	-17	-1	-6	4	4	13	-9	12	12	165	77	1	1	1	1	0	0	0	0
2	34	38	5	-3	2	-1	2	-1	-3	2	19	-11	7	-4	12	7	5	3	4	4	15	15	12	12	221	221	1	1	1	1	0	0	0	0
2	34	39	5	-3	2	-1	-1	1	-4	3	7	-4	2	-1	7	-2	4	-1	4	2	6	6	12	0	32	32	1	0	1	1	0	1	0	0
2	34	40	5	-3	2	-1	-1	1	-3	2	4	-1	1	0	17	-5	7	-2	4	1	4	15	12	-3	12	221	1	-1	1	1	0	0	0	0
2	34	41	5	-3	2	-1	-1	1	-2	1	1	2	0	1	21	-8	8	-3	4	0	2	18	12	-4	0	320	1	-1	0	1	0	0	1	0
2	34	42	5	-3	2	-1	1	0	-1	1	8	-3	3	-1	7	9	3	4	4	2	7	11	12	0	45	117	1	0	1	1	0	1	0	0
2	34	43	5	-3	2	-1	-3	2	-5	3	0	1	-1	1	19	-11	7	-4	4	0	1	15	12	-4	-3	221	1	-1	-1	1	0	0	0	0
2	34	44	5	-3	2	-1	-1	1	-5	4	10	-7	3	-2	-9	1	-1	0	4	3	8	-9	12	5	60	77	1	1	1	1	0	0	0	0
2	34	45	5	-3	2	-1	1	0	1	1	2	-3	1	-1	13	-9	3	-2	4	2	1	11	12	0	-3	117	1	0	-1	1	0	1	0	0
2	34	46	5	-3	2	-1	-1	1	-6	5	13	-10	4	-3	-31	4	-8	1	4	4	10	-30	12	12	96	896	1	1	1	1	0	0	0	0
2	34	47	5	-3	2	-1	-3	2	-11	7	18	-11	5	-3	17	-5	7	-2	4	4	15	15	12	12	221	221	1	1	1	1	0	0	0	0
2	34	48	5	-3	2	-1	-3	2	-8	5	9	-5	2	-1	21	-8	8	-3	4	2	8	18	12	0	60	320	1	0	1	1	0	1	0	0
2	34	49	5	-3	2	-1	-2	1	-5	2	5	-1	1	0	44	-17	13	-5	4	0	5	39	12	-4	21	1517	1	-1	1	1	0	0	0	0
2	34	50	5	-3	2	-1	-4	3	-11	8	13	-9	3	-2	-26	9	-3	1	4	4	11	-25	12	12	117	621	1	1	1	1	0	0	0	0
2	34	51	5	-3	2	-1	-5	3	-12	7	11	-6	2	-1	43	-18	12	-5	4	2	10	38	12	0	96	1440	1	0	1	1	0	1	0	0
2	35	0	2	-1	-1	1	0	1	-1	2	1	0	-1	1	3	-1	1	0	3	2	2	3	5	0	0	5	1	0	0	1	0	1	1	0
2	35	1	2	-1	-1	1	-1	2	-2	3	0	1	-1	1	7	-4	2	-1	3	2	1	6	5	0	-3	32	1	0	-1	1	0	1	0	0
2	35	2	2	-1	-1	1	-2	3	-3	4	-1	2	-1	1	13	-9	3	-2	3	2	0	11	5	0	-4	117	1	0	-1	1	0	1	0	0
2	35	3	2	-1	-1	1	5	-1	6	-1	4	-1	1	0	-15	13	-7	6	3	4	4	-9	5	12	12	77	1	1	1	1	0	0	0	0
2	35	4	2	-1	-1	1	-7	5	-10	7	-4	3	-3	2	13	-9	3	-2	3	0	-2	11	5	-4	0	117	1	-1	0	1	0	0	0	0
2	35	5	2	-1	-1	1	4	-1	5	-1	3	-1	1	0	-7	6	-6	5	3	3	3	-2	5	5	5	0	1	1	1	0	0	0	0	0
2	35	6	2	-1	-1	1	1	2	1	3	1	1	0	1	3	-1	1	0	3	4	2	3	5	12	0	5	1	1	0	1	0	0	1	0
2	35	7	2	-1	-1	1	8	-3	11	-4	5	-2	3	-1	-23	17	-19	14	3	4	4	-9	5	12	12	77	1	1	1	1	0	0	0	0
2	35	8	2	-1	-1	1	7	-4	9	-5	5	-3	2	-1	-1	1	-5	4	3	2	4	3	5	0	12	5	1	0	1	1	0	1	0	0
2	35	9	2	-1	-1	1	-4	3	-7	5	-1	1	-3	2	7	-4	2	-1	3	1	1	6	5	-3	-3	32	1	-1	-1	1	0	0	0	0
2	35	10	2	-1	-1	1	-3	2	-5	3	-1	1	-2	1	5	-3	-3	2	3	0	0	7	5	-4	-4	45	1	-1	-1	1	0	0	0	0
2	35	11	2	-1	-1	1	-5	4	-9	7	-1	1	-4	3	9	-5	11	-6	3	2	2	3	5	0	0	5	1	0	0	1	0	1	1	0
2	35	12	2	-1	-1	1	-8	5	-13	8	-3	2	-5	3	5	-3	-3	2	3	0	0	7	5	-4	-4	45	1	-1	-1	1	0	0	0	0
2	35	13	2	-1	-1	1	3	-1	4	-1	2	-1	1	0	-1	1	-5	4	3	2	2	3	5	0	0	5	1	0	0	1	0	1	1	0
2	35	14	2	-1	-1	1	1	1	1	2	1	0	0	1	1	0	0	1	3	3	2	2	5	5	0	0	1	1	0	0	0	0	2	2
2	35	15	2	-1	-1	1	-1	3	-2	5	0	1	-1	2	9	-5	11	-6	3	4	2	3	5	12	0	5	1	1	0	1	0	0	1	0
2	35	16	2	-1	-1	1	7	-2	11	-3	3	-1	4	-1	-17	11	-31	20	3	4	2	3	5	12	0	5	1	1	0	1	0	0	1	0
2	35	17	2	-1	-1	1	-5	4	-9	7	-1	1	-4	3	9	-5	11	-6	3	2	2	3	5	0	0	5	1	0	0	1	0	1	1	0
2	35	18	2	-1	-1	1	5	-2	8	-3	2	-1	3	-1	-3	2	-14	9	3	2	1	6	5	0	-3	32	1	0	-1	1	0	1	0	0
2	35	19	2	-1	-1	1	2	1	3	2	1	0	1	1	-1	1	-5	4	3	4	2	3	5	12	0	5	1	1	0	1	0	0	1	0
2	35	20	2	-1	-1	1	7	-3	12	-5	2	-1	5	-2	-5	3	-27	16	3	2	0	11	5	0	-4	117	1	0	-1	1	0	1	0	0
2	35	21	2	-1	-1	1	8	-5	13	-8	3	-2	5	-3	5	-3	-3	2	3	0	0	7	5	-4	-4	45	1	-1	-1	1	0	0	0	0
2	35	22	2	-1	-1	1	5	-3	7	-4	3	-2	2	-1	3	-2	-4	3	3	1	2	6	5	-3	0	32	1	-1	0	1	0	0	1	0
2	35	23	2	-1	-1	1	3	-2	5	-3	1	-1	2	-1	5	-3	-3	2	3	0	0	7	5	-4	-4	45	1	-1	-1	1	0	0	0	0
2	35	24	2	-1	-1	1	7	-5	10	-7	4	-3	3	-2	13	-9	3	-2	3	0	2	11	5	-4	0	117	1	-1	0	1	0	0	1	0
2	35	25	2	-1	-1	1	7	-4	9	-5	5	-3	2	-1	-1	1	-5	4	3	2	4	3	5	0	12	5	1	0	1	1	0	1	0	0
2	35	26	2	-1	-1	1	2	-1	1	0	3	-2	-1	1	1	-1	-1	2	3	2	4	3	5	0	12	5	1	0	1	1	0	1	0	0
2	35	27	2	-1	-1	1	2	-1	3	-1	1	-1	1	0	3	-2	-4	3	3	1	1	6	5	-3	-3	32	1	-1	-1	1	0	0	0	0
2	35	28	2	-1	-1	1	1	0	1	1	1	-1	0	1	1	-1	-1	2	3	2	2	3	5	0	0	5	1	0	0	1	0	1	1	0
2	35	29	2	-1	-1	1	2	-1	5	-2	-1	0	3	-1	7	-3	-9	4	3	0	-2	11	5	-4	0	117	1	-1	0	1	0	0	0	0
2	35	30	2	-1	-1	1	3	-2	5	-3	1	-1	2	-1	5	-3	-3	2	3	0	0	7	5	-4	-4	45	1	-1	-1	1	0	0	0	0
2	35	31	2	-1	-1	1	3	-2	2	-1	4	-3	-1	1	3	-4	-2	3	3	2	5	6	5	0	21	32	1	0	1	1	0	1	0	0
2	35	32	2	-1	-1	1	1	-1	2	-1	0	-1	1	0	5	-3	-3	2	3	0	0	7	5	-4	-4	45	1	-1	-1	1	0	0	0	0
2	35	33	2	-1	-1	1	4	-3	3	-2	5	-4	-1	1	7	-9	-3	4	3	2	6	11	5	0	32	117	1	0	1	1	0	1	0	0
2	35	34	2	-1	-1	1	5	-3	2	-1	8	-5	-3	2	1	-1	-1	2	3	4	10	3	5	12	96	5	1	1	1	1	0	0	0	0
2	35	35	2	-1	-1	1	2	-1	-1	1	5	-3	-3	2	1	0	0	1	3	3	7	2	5	5	45	0	1	1	1	0	0	0	0	2
2	35	36	2	-1	-1	1	1	0	-1	1	3	-1	-2	1	3	1	-1	0	3	2	4	3	5	0	12	5	1	0	1	1	0	1	0	0
2	35	37	2	-1	-1	1	3	-2	-1	1	7	-5	-4	3	-1	-5	1	4	3	4	10	3	5	12	96	5	1	1	1	1	0	0	0	0
2	35	38	2	-1	-1	1	2	-1	-3	2	7	-4	-5	3	3	1	-1	0	3	4	10	3	5	12	96	5	1	1	1	1	0	0	0	0
2	35	39	2	-1	-1	1	-1	1	-4	3	2	-1	-3	2	3	-1	1	0	3	2	4	3	5	0	12	5	1	0	1	1	0	1	0	0
2	35	40	2	-1	-1	1	-1	1	-3	2	1	0	-2	1	5	-2	-2	1	3	1	2	6	5	-3	0	32	1	-1	0	1	0	0	1	0
2	35	41	2	-1	-1	1	-1	1	-2	1	0	1	-1	0	5	-3	-3	2	3	0	0	7	5	-4	-4	45	1	-1	-1	1	0	0	0	0
2	35	42	2	-1	-1	1	1	0	-1	1	3	-1	-2	1	3	1	-1	0	3	2	4	3	5	0	12	5	1	0	1	1	0	1	0	0
2	35	43	2	-1	-1	1	-3	2	-5	3	-1	1	-2	1	5	-3	-3	2	3	0	0	7	5	-4	-4	45	1	-1	-1	1	0	0	0	0
2	35	44	2	-1	-1	1	-1	1	-5	4	3	-2	-4	3	-1	0	6	-1	3	3	6	-2	5	5	32	0	1	1	1	0	0	0	0	0
2	35	45	2	-1	-1	1	1	0	1	1	1	-1	0	1	1	-1	-1	2	3	2	2	3	5	0	0	5	1	0	0	1	0	1	1	0
2	35	46	2	-1	-1	1	-1	1	-6	5	4	-3	-5	4	-7	1	13	-2	3	4	8	-9	5	12	60	77	1	1	1	1	0	0	0	0
2	35	47	2	-1	-1	1	-3	2	-11	7	5	-3	-8	5	3	-1	1	0	3	4	10	3	5	12	96	5	1	1	1	1	0	0	0	0
2	35	48	2	-1	-1	1	-3	2	-8	5	2	-1	-5	3	5	-2	-2	1	3	2	5	6	5	0	21	32	1	0	1	1	0	1	0	0
2	35	49	2	-1	-1	1	-2	1	-5	2	1	0	-3	1	7	-3	-9	4	3	0	2	11	5	-4	0	117	1	-1	0	1	0	0	1	0
2	35	50	2	-1	-1	1	-4	3	-11	8	3	-2	-7	5	-3	1	17	-6	3	4	8	-9	5	12	60	77	1	1	1	1	0	0	0	0
2	35	51	2	-1	-1	1	-5	3	-12	7	2	-1	-7	4	7	-3	-9	4	3	2	6	11	5	0	32	117	1	0	1	1	0	1	0	0
2	36	0	1	0	-1	1	0	1	-1	2	0	1	-1	1	3	-1	1	0	2	2	1	3	0	0	-3	5	0	0	-1	1	1	1	0	0
2	36	1	1	0	-1	1	-1	2	-2	3	-1	2	-1	1	7	-4	2	-1	2	2	0	6	0	0	-4	32	0	0	-1	1	1	1	0	0
2	36	2	1	0	-1	1	-2	3	-3	4	-2	3	-1	1	13	-9	3	-2	2	2	-1	11	0	0	-3	117	0	0	-1	1	1	1	0	0
2	36	3	1	0	-1	1	5	-1	6	-1	5	-1	1	0	2	-1	-1	1	2	4	5	3	0	12	21	5	0	1	1	1	1	0	0	0
2	36	4	1	0	-1	1	-7	5	-10	7	-7	5	-3	2	36	-25	13	-9	2	0	-5	27	0	-4	21	725	0	-1	1	1	1	0	0	0
2	36	5	1	0	-1	1	4	-1	5	-1	4	-1	1	0	2	-1	-1	1	2	3	4	3	0	5	12	5	0	1	1	1	1	0	0	0
2	36	6	1	0	-1	1	1	2	1	3	1	2	0	1	7	-4	2	-1	2	4	2	6	0	12	0	32	0	1	0	1	1	0	1	0
2	36	7	1	0	-1	1	8	-3	11	-4	8	-3	3	-1	13	-9	3	-2	2	4	7	11	0	12	45	117	0	1	1	1	1	0	0	0
2	36	8	1	0	-1	1	7	-4	9	-5	7	-4	2	-1	21	-16	4	-3	2	2	6	18	0	0	32	320	0	0	1	1	1	1	0	0
2	36	9	1	0	-1	1	-4	3	-7	5	-4	3	-3	2	16	-9	9	-5	2	1	-2	11	0	-3	0	117	0	-1	0	1	1	0	0	0
2	36	10	1	0	-1	1	-3	2	-5	3	-3	2	-2	1	7	-4	2	-1	2	0	-2	6	0	-4	0	32	0	-1	0	1	1	0	0	0
2	36	11	1	0	-1	1	-5	4	-9	7	-5	4	-4	3	29	-16	20	-11	2	2	-2	18	0	0	0	320	0	0	0	1	1	1	0	0
2	36	12	1	0	-1	1	-8	5	-13	8	-8	5	-5	3	41	-25	23	-14	2	0	-5	27	0	-4	21	725	0	-1	1	1	1	0	0	0
2	36	13	1	0	-1	1	3	-1	4	-1	3	-1	1	0	2	-1	-1	1	2	2	3	3	0	0	5	5	0	0	1	1	1	1	0	0
2	36	14	1	0	-1	1	1	1	1	2	1	1	0	1	3	-1	1	0	2	3	2	3	0	5	0	5	0	1	0	1	1	0	1	0
2	36	15	1	0	-1	1	-1	3	-2	5	-1	3	-1	2	16	-9	9	-5	2	4	1	11	0	12	-3	117	0	1	-1	1	1	0	0	0
2	36	16	1	0	-1	1	7	-2	11	-3	7	-2	4	-1	7	-4	2	-1	2	4	6	6	0	12	32	32	0	1	1	1	1	0	0	0
2	36	17	1	0	-1	1	-5	4	-9	7	-5	4	-4	3	29	-16	20	-11	2	2	-2	18	0	0	0	320	0	0	0	1	1	1	0	0
2	36	18	1	0	-1	1	5	-2	8	-3	5	-2	3	-1	7	-4	2	-1	2	2	4	6	0	0	12	32	0	0	1	1	1	1	0	0
2	36	19	1	0	-1	1	2	1	3	2	2	1	1	1	3	-1	1	0	2	4	3	3	0	12	5	5	0	1	1	1	1	0	0	0
2	36	20	1	0	-1	1	7	-3	12	-5	7	-3	5	-2	16	-9	9	-5	2	2	5	11	0	0	21	117	0	0	1	1	1	1	0	0
2	36	21	1	0	-1	1	8	-5	13	-8	8	-5	5	-3	41	-25	23	-14	2	0	5	27	0	-4	21	725	0	-1	1	1	1	0	0	0
2	36	22	1	0	-1	1	5	-3	7	-4	5	-3	2	-1	13	-9	3	-2	2	1	4	11	0	-3	12	117	0	-1	1	1	1	0	0	0
2	36	23	1	0	-1	1	3	-2	5	-3	3	-2	2	-1	7	-4	2	-1	2	0	2	6	0	-4	0	32	0	-1	0	1	1	0	1	0
2	36	24	1	0	-1	1	7	-5	10	-7	7	-5	3	-2	36	-25	13	-9	2	0	5	27	0	-4	21	725	0	-1	1	1	1	0	0	0
2	36	25	1	0	-1	1	7	-4	9	-5	7	-4	2	-1	21	-16	4	-3	2	2	6	18	0	0	32	320	0	0	1	1	1	1	0	0
2	36	26	1	0	-1	1	2	-1	1	0	2	-1	-1	1	1	-1	-1	2	2	2	3	3	0	0	5	5	0	0	1	1	1	1	0	0
2	36	27	1	0	-1	1	2	-1	3	-1	2	-1	1	0	2	-1	-1	1	2	1	2	3	0	-3	0	5	0	-1	0	1	1	0	1	0
2	36	28	1	0	-1	1	1	0	1	1	1	0	0	1	1	0	0	1	2	2	2	2	0	0	0	0	0	0	0	0	1	1	2	2
2	36	29	1	0	-1	1	2	-1	5	-2	2	-1	3	-1	3	-1	1	0	2	0	1	3	0	-4	-3	5	0	-1	-1	1	1	0	0	0
2	36	30	1	0	-1	1	3	-2	5	-3	3	-2	2	-1	7	-4	2	-1	2	0	2	6	0	-4	0	32	0	-1	0	1	1	0	1	0
2	36	31	1	0	-1	1	3	-2	2	-1	3	-2	-1	1	3	-4	-2	3	2	2	4	6	0	0	12	32	0	0	1	1	1	1	0	0
2	36	32	1	0	-1	1	1	-1	2	-1	1	-1	1	0	2	-1	-1	1	2	0	1	3	0	-4	-3	5	0	-1	-1	1	1	0	0	0
2	36	33	1	0	-1	1	4	-3	3	-2	4	-3	-1	1	7	-9	-3	4	2	2	5	11	0	0	21	117	0	0	1	1	1	1	0	0
2	36	34	1	0	-1	1	5	-3	2	-1	5	-3	-3	2	4	-9	-3	7	2	4	7	11	0	12	45	117	0	1	1	1	1	0	0	0
2	36	35	1	0	-1	1	2	-1	-1	1	2	-1	-3	2	0	-1	1	3	2	3	4	3	0	5	12	5	0	1	1	1	1	0	0	0
2	36	36	1	0	-1	1	1	0	-1	1	1	0	-2	1	1	0	0	1	2	2	2	2	0	0	0	0	0	0	0	0	1	1	1	2
2	36	37	1	0	-1	1	3	-2	-1	1	3	-2	-4	3	-1	-4	2	7	2	4	6	6	0	12	32	32	0	1	1	1	1	0	0	0
2	36	38	1	0	-1	1	2	-1	-3	2	2	-1	-5	3	-1	-1	5	4	2	4	5	3	0	12	21	5	0	1	1	1	1	0	0	0
2	36	39	1	0	-1	1	-1	1	-4	3	-1	1	-3	2	4	-1	5	-1	2	2	1	3	0	0	-3	5	0	0	-1	1	1	1	0	0
2	36	40	1	0	-1	1	-1	1	-3	2	-1	1	-2	1	3	-1	1	0	2	1	0	3	0	-3	-4	5	0	-1	-1	1	1	0	0	0
2	36	41	1	0	-1	1	-1	1	-2	1	-1	1	-1	0	2	-1	-1	1	2	0	-1	3	0	-4	-3	5	0	-1	-1	1	1	0	0	0
2	36	42	1	0	-1	1	1	0	-1	1	1	0	-2	1	1	0	0	1	2	2	2	2	0	0	0	0	0	0	0	0	1	1	1	2
2	36	43	1	0	-1	1	-3	2	-5	3	-3	2	-2	1	7	-4	2	-1	2	0	-2	6	0	-4	0	32	0	-1	0	1	1	0	0	0
2	36	44	1	0	-1	1	-1	1	-5	4	-1	1	-4	3	5	-1	11	-2	2	3	2	3	0	5	0	5	0	1	0	1	1	0	1	0
2	36	45	1	0	-1	1	1	0	1	1	1	0	0	1	1	0	0	1	2	2	2	2	0	0	0	0	0	0	0	0	1	1	2	2
2	36	46	1	0	-1	1	-1	1	-6	5	-1	1	-5	4	6	-1	19	-3	2	4	3	3	0	12	5	5	0	1	1	1	1	0	0	0
2	36	47	1	0	-1	1	-3	2	-11	7	-3	2	-8	5	15	-4	34	-9	2	4	2	6	0	12	0	32	0	1	0	1	1	0	1	0
2	36	48	1	0	-1	1	-3	2	-8	5	-3	2	-5	3	11	-4	14	-5	2	2	0	6	0	0	-4	32	0	0	-1	1	1	1	0	0
2	36	49	1	0	-1	1	-2	1	-5	2	-2	1	-3	1	3	-1	1	0	2	0	-1	3	0	-4	-3	5	0	-1	-1	1	1	0	0	0
2	36	50	1	0	-1	1	-4	3	-11	8	-4	3	-7	5	25	-9	39	-14	2	4	1	11	0	12	-3	117	0	1	-1	1	1	0	0	0
2	36	51	1	0	-1	1	-5	3	-12	7	-5	3	-7	4	22	-9	27	-11	2	2	-1	11	0	0	-3	117	0	0	-1	1	1	1	0	0
2	37	0	3	-2	-1	1	0	1	-1	2	2	-1	-1	1	3	-1	1	0	4	2	3	3	12	0	5	5	1	0	1	1	0	1	0	0
2	37	1	3	-2	-1	1	-1	2	-2	3	1	0	-1	1	7	-4	2	-1	4	2	2	6	12	0	0	32	1	0	0	1	0	1	1	0
2	37	2	3	-2	-1	1	-2	3	-3	4	0	1	-1	1	13	-9	3	-2	4	2	1	11	12	0	-3	117	1	0	-1	1	0	1	0	0
2	37	3	3	-2	-1	1	5	-1	6	-1	3	-1	1	0	-20	17	-13	11	4	4	3	-9	12	12	5	77	1	1	1	1	0	0	0	0
2	37	4	3	-2	-1	1	-7	5	-10	7	-1	1	-3	2	10	-7	-7	5	4	0	1	15	12	-4	-3	221	1	-1	-1	1	0	0	0	0
2	37	5	3	-2	-1	1	4	-1	5	-1	2	-1	1	0	-6	5	-11	9	4	3	2	3	12	5	0	5	1	1	0	1	0	0	1	0
2	37	6	3	-2	-1	1	1	2	1	3	1	0	0	1	1	0	0	1	4	4	2	2	12	12	0	0	1	1	0	0	0	0	2	2
2	37	7	3	-2	-1	1	8	-3	11	-4	2	-1	3	-1	-15	11	-41	30	4	4	1	15	12	12	-3	221	1	1	-1	1	0	0	0	0
2	37	8	3	-2	-1	1	7	-4	9	-5	3	-2	2	-1	-5	4	-14	11	4	2	2	6	12	0	0	32	1	0	0	1	0	1	1	0
2	37	9	3	-2	-1	1	-4	3	-7	5	2	-1	-3	2	12	-7	-5	3	4	1	4	15	12	-3	12	221	1	-1	1	1	0	0	0	0
2	37	10	3	-2	-1	1	-3	2	-5	3	1	0	-2	1	13	-8	-8	5	4	0	2	18	12	-4	0	320	1	-1	0	1	0	0	1	0
2	37	11	3	-2	-1	1	-5	4	-9	7	3	-2	-4	3	7	-4	2	-1	4	2	6	6	12	0	32	32	1	0	1	1	0	1	0	0
2	37	12	3	-2	-1	1	-8	5	-13	8	2	-1	-5	3	21	-13	-29	18	4	0	5	39	12	-4	21	1517	1	-1	1	1	0	0	0	0
2	37	13	3	-2	-1	1	3	-1	4	-1	1	-1	1	0	4	-3	-9	7	4	2	1	11	12	0	-3	117	1	0	-1	1	0	1	0	0
2	37	14	3	-2	-1	1	1	1	1	2	1	-1	0	1	1	-1	-1	2	4	3	2	3	12	5	0	5	1	1	0	1	0	0	1	0
2	37	15	3	-2	-1	1	-1	3	-2	5	1	-1	-1	2	-2	1	13	-7	4	4	3	-9	12	12	5	77	1	1	1	1	0	0	0	0
2	37	16	3	-2	-1	1	7	-2	11	-3	-1	0	4	-1	25	-16	-64	41	4	4	-2	66	12	12	0	4352	1	1	0	1	0	0	0	0
2	37	17	3	-2	-1	1	-5	4	-9	7	3	-2	-4	3	7	-4	2	-1	4	2	6	6	12	0	32	32	1	0	1	1	0	1	0	0
2	37	18	3	-2	-1	1	5	-2	8	-3	-1	0	3	-1	19	-12	-30	19	4	2	-2	38	12	0	0	1440	1	0	0	1	0	1	0	0
2	37	19	3	-2	-1	1	2	1	3	2	0	-1	1	1	7	-5	-11	8	4	4	1	15	12	12	-3	221	1	1	-1	1	0	0	0	0
2	37	20	3	-2	-1	1	7	-3	12	-5	-3	1	5	-2	46	-27	-63	37	4	2	-5	83	12	0	21	6885	1	0	1	1	0	1	0	0
2	37	21	3	-2	-1	1	8	-5	13	-8	-2	1	5	-3	21	-13	-29	18	4	0	-5	39	12	-4	21	1517	1	-1	1	1	0	0	0	0
2	37	22	3	-2	-1	1	5	-3	7	-4	1	-1	2	-1	7	-5	-11	8	4	1	0	15	12	-3	-4	221	1	-1	-1	1	0	0	0	0
2	37	23	3	-2	-1	1	3	-2	5	-3	-1	0	2	-1	13	-8	-8	5	4	0	-2	18	12	-4	0	320	1	-1	0	1	0	0	0	0
2	37	24	3	-2	-1	1	7	-5	10	-7	1	-1	3	-2	10	-7	-7	5	4	0	-1	15	12	-4	-3	221	1	-1	-1	1	0	0	0	0
2	37	25	3	-2	-1	1	7	-4	9	-5	3	-2	2	-1	-5	4	-14	11	4	2	2	6	12	0	0	32	1	0	0	1	0	1	1	0
2	37	26	3	-2	-1	1	2	-1	1	0	4	-3	-1	1	1	-1	-1	2	4	2	5	3	12	0	21	5	1	0	1	1	0	1	0	0
2	37	27	3	-2	-1	1	2	-1	3	-1	0	-1	1	0	10	-7	-7	5	4	1	0	15	12	-3	-4	221	1	-1	-1	1	0	0	0	0
2	37	28	3	-2	-1	1	1	0	1	1	1	-2	0	1	3	-4	-2	3	4	2	2	6	12	0	0	32	1	0	0	1	0	1	1	0
2	37	29	3	-2	-1	1	2	-1	5	-2	-4	1	3	-1	31	-13	-19	8	4	0	-5	39	12	-4	21	1517	1	-1	1	1	0	0	0	0
2	37	30	3	-2	-1	1	3	-2	5	-3	-1	0	2	-1	13	-8	-8	5	4	0	-2	18	12	-4	0	320	1	-1	0	1	0	0	0	0
2	37	31	3	-2	-1	1	3	-2	2	-1	5	-4	-1	1	3	-4	-2	3	4	2	6	6	12	0	32	32	1	0	1	1	0	1	0	0
2	37	32	3	-2	-1	1	1	-1	2	-1	-1	-1	1	0	12	-7	-5	3	4	0	-1	15	12	-4	-3	221	1	-1	-1	1	0	0	0	0
2	37	33	3	-2	-1	1	4	-3	3	-2	6	-5	-1	1	7	-9	-3	4	4	2	7	11	12	0	45	117	1	0	1	1	0	1	0	0
2	37	34	3	-2	-1	1	5	-3	2	-1	11	-7	-3	2	-6	17	1	-3	4	4	13	-9	12	12	165	77	1	1	1	1	0	0	0	0
2	37	35	3	-2	-1	1	2	-1	-1	1	8	-5	-3	2	4	5	-1	-1	4	3	10	3	12	5	96	5	1	1	1	1	0	0	0	0
2	37	36	3	-2	-1	1	1	0	-1	1	5	-2	-2	1	7	4	-2	-1	4	2	6	6	12	0	32	32	1	0	1	1	0	1	0	0
2	37	37	3	-2	-1	1	3	-2	-1	1	11	-8	-4	3	1	0	0	1	4	4	14	2	12	12	192	0	1	1	1	0	0	0	0	2
2	37	38	3	-2	-1	1	2	-1	-3	2	12	-7	-5	3	19	11	-7	-4	4	4	15	15	12	12	221	221	1	1	1	1	0	0	0	0
2	37	39	3	-2	-1	1	-1	1	-4	3	5	-3	-3	2	10	-3	-3	1	4	2	7	11	12	0	45	117	1	0	1	1	0	1	0	0
2	37	40	3	-2	-1	1	-1	1	-3	2	3	-1	-2	1	13	-5	-5	2	4	1	4	15	12	-3	12	221	1	-1	1	1	0	0	0	0
2	37	41	3	-2	-1	1	-1	1	-2	1	1	1	-1	0	12	-7	-5	3	4	0	1	15	12	-4	-3	221	1	-1	-1	1	0	0	0	0
2	37	42	3	-2	-1	1	1	0	-1	1	5	-2	-2	1	7	4	-2	-1	4	2	6	6	12	0	32	32	1	0	1	1	0	1	0	0
2	37	43	3	-2	-1	1	-3	2	-5	3	1	0	-2	1	13	-8	-8	5	4	0	2	18	12	-4	0	320	1	-1	0	1	0	0	1	0
2	37	44	3	-2	-1	1	-1	1	-5	4	7	-5	-4	3	3	-1	1	0	4	3	10	3	12	5	96	5	1	1	1	1	0	0	0	0
2	37	45	3	-2	-1	1	1	0	1	1	1	-2	0	1	3	-4	-2	3	4	2	2	6	12	0	0	32	1	0	0	1	0	1	1	0
2	37	46	3	-2	-1	1	-1	1	-6	5	9	-7	-5	4	-8	1	7	-1	4	4	13	-9	12	12	165	77	1	1	1	1	0	0	0	0
2	37	47	3	-2	-1	1	-3	2	-11	7	13	-8	-8	5	57	-16	-32	9	4	4	18	66	12	12	320	4352	1	1	1	1	0	0	0	0
2	37	48	3	-2	-1	1	-3	2	-8	5	7	-4	-5	3	31	-12	-18	7	4	2	10	38	12	0	96	1440	1	0	1	1	0	1	0	0
2	37	49	3	-2	-1	1	-2	1	-5	2	4	-1	-3	1	31	-13	-19	8	4	0	5	39	12	-4	21	1517	1	-1	1	1	0	0	0	0
2	37	50	3	-2	-1	1	-4	3	-11	8	10	-7	-7	5	13	-5	-5	2	4	4	15	15	12	12	221	221	1	1	1	1	0	0	0	0
2	37	51	3	-2	-1	1	-5	3	-12	7	9	-5	-7	4	64	-27	-45	19	4	2	13	83	12	0	165	6885	1	0	1	1	0	1	0	0
2	38	0	2	-1	-3	2	0	1	-1	2	1	0	-2	1	5	-2	-2	1	4	2	2	6	12	0	0	32	1	0	0	1	0	1	1	0
2	38	1	2	-1	-3	2	-1	2	-2	3	0	1	-1	0	13	-8	-8	5	4	2	0	18	12	0	-4	320	1	0	-1	1	0	1	0	0
2	38	2	2	-1	-3	2	-2	3	-3	4	-1	2	0	-1	25	-18	-18	13	4	2	-2	38	12	0	0	1440	1	0	0	1	0	1	0	0
2	38	3	2	-1	-3	2	5	-1	6	-1	4	-1	-3	1	-17	15	9	-8	4	4	5	-25	12	12	21	621	1	1	1	1	0	0	0	0
2	38	4	2	-1	-3	2	-7	5	-10	7	-4	3	1	-1	27	-19	-17	12	4	0	-5	39	12	-4	21	1517	1	-1	1	1	0	0	0	0
2	38	5	2	-1	-3	2	4	-1	5	-1	3	-1	-2	1	-8	7	1	-1	4	3	4	-9	12	5	12	77	1	1	1	1	0	0	0	0
2	38	6	2	-1	-3	2	1	2	1	3	1	1	-1	0	12	-7	-5	3	4	4	1	15	12	12	-3	221	1	1	-1	1	0	0	0	0
2	38	7	2	-1	-3	2	8	-3	11	-4	5	-2	-2	1	-27	20	4	-3	4	4	6	-30	12	12	32	896	1	1	1	1	0	0	0	0
2	38	8	2	-1	-3	2	7	-4	9	-5	5	-3	-3	2	4	-3	-9	7	4	2	7	11	12	0	45	117	1	0	1	1	0	1	0	0
2	38	9	2	-1	-3	2	-4	3	-7	5	-1	1	-2	1	12	-7	-5	3	4	1	0	15	12	-3	-4	221	1	-1	-1	1	0	0	0	0
2	38	10	2	-1	-3	2	-3	2	-5	3	-1	1	-1	0	8	-5	-11	7	4	0	-1	15	12	-4	-3	221	1	-1	-1	1	0	0	0	0
2	38	11	2	-1	-3	2	-5	4	-9	7	-1	1	-3	2	16	-9	9	-5	4	2	1	11	12	0	-3	117	1	0	-1	1	0	1	0	0
2	38	12	2	-1	-3	2	-8	5	-13	8	-3	2	-2	1	13	-8	-8	5	4	0	-2	18	12	-4	0	320	1	-1	0	1	0	0	0	0
2	38	13	2	-1	-3	2	3	-1	4	-1	2	-1	-1	1	-1	1	-5	4	4	2	3	3	12	0	5	5	1	0	1	1	0	1	0	0
2	38	14	2	-1	-3	2	1	1	1	2	1	0	-1	1	3	-1	1	0	4	3	2	3	12	5	0	5	1	1	0	1	0	0	1	0
2	38	15	2	-1	-3	2	-1	3	-2	5	0	1	-1	1	19	-11	7	-4	4	4	1	15	12	12	-3	221	1	1	-1	1	0	0	0	0
2	38	16	2	-1	-3	2	7	-2	11	-3	3	-1	1	0	-20	13	-17	11	4	4	3	-9	12	12	5	77	1	1	1	1	0	0	0	0
2	38	17	2	-1	-3	2	-5	4	-9	7	-1	1	-3	2	16	-9	9	-5	4	2	1	11	12	0	-3	117	1	0	-1	1	0	1	0	0
2	38	18	2	-1	-3	2	5	-2	8	-3	2	-1	1	0	-3	2	-14	9	4	2	2	6	12	0	0	32	1	0	0	1	0	1	1	0
2	38	19	2	-1	-3	2	2	1	3	2	1	0	0	1	1	0	0	1	4	4	2	2	12	12	0	0	1	1	0	0	0	0	2	2
2	38	20	2	-1	-3	2	7	-3	12	-5	2	-1	3	-1	-5	3	-27	16	4	2	1	11	12	0	-3	117	1	0	-1	1	0	1	0	0
2	38	21	2	-1	-3	2	8	-5	13	-8	3	-2	2	-1	13	-8	-8	5	4	0	2	18	12	-4	0	320	1	-1	0	1	0	0	1	0
2	38	22	2	-1	-3	2	5	-3	7	-4	3	-2	-1	1	7	-5	-11	8	4	1	4	15	12	-3	12	221	1	-1	1	1	0	0	0	0
2	38	23	2	-1	-3	2	3	-2	5	-3	1	-1	1	0	8	-5	-11	7	4	0	1	15	12	-4	-3	221	1	-1	-1	1	0	0	0	0
2	38	24	2	-1	-3	2	7	-5	10	-7	4	-3	-1	1	27	-19	-17	12	4	0	5	39	12	-4	21	1517	1	-1	1	1	0	0	0	0
2	38	25	2	-1	-3	2	7	-4	9	-5	5	-3	-3	2	4	-3	-9	7	4	2	7	11	12	0	45	117	1	0	1	1	0	1	0	0
2	38	26	2	-1	-3	2	2	-1	1	0	3	-2	-4	3	1	-2	-2	5	4	2	6	6	12	0	32	32	1	0	1	1	0	1	0	0
2	38	27	2	-1	-3	2	2	-1	3	-1	1	-1	0	1	4	-3	-9	7	4	1	2	11	12	-3	0	117	1	-1	0	1	0	0	1	0
2	38	28	2	-1	-3	2	1	0	1	1	1	-1	-1	2	0	-1	1	3	4	2	3	3	12	0	5	5	1	0	1	1	0	1	0	0
2	38	29	2	-1	-3	2	2	-1	5	-2	-1	0	4	-1	9	-4	-20	9	4	0	-2	18	12	-4	0	320	1	-1	0	1	0	0	0	0
2	38	30	2	-1	-3	2	3	-2	5	-3	1	-1	1	0	8	-5	-11	7	4	0	1	15	12	-4	-3	221	1	-1	-1	1	0	0	0	0
2	38	31	2	-1	-3	2	3	-2	2	-1	4	-3	-5	4	5	-8	-8	13	4	2	8	18	12	0	60	320	1	0	1	1	0	1	0	0
2	38	32	2	-1	-3	2	1	-1	2	-1	0	-1	1	1	7	-5	-11	8	4	0	1	15	12	-4	-3	221	1	-1	-1	1	0	0	0	0
2	38	33	2	-1	-3	2	4	-3	3	-2	5	-4	-6	5	13	-18	-18	25	4	2	10	38	12	0	96	1440	1	0	1	1	0	1	0	0
2	38	34	2	-1	-3	2	5	-3	2	-1	8	-5	-11	7	3	-7	-5	12	4	4	15	15	12	12	221	221	1	1	1	1	0	0	0	0
2	38	35	2	-1	-3	2	2	-1	-1	1	5	-3	-8	5	0	-1	1	3	4	3	10	3	12	5	96	5	1	1	1	1	0	0	0	0
2	38	36	2	-1	-3	2	1	0	-1	1	3	-1	-5	2	4	1	-5	-1	4	2	5	3	12	0	21	5	1	0	1	1	0	1	0	0
2	38	37	2	-1	-3	2	3	-2	-1	1	7	-5	-11	8	-4	-11	7	19	4	4	15	15	12	12	221	221	1	1	1	1	0	0	0	0
2	38	38	2	-1	-3	2	2	-1	-3	2	7	-4	-12	7	1	0	0	1	4	4	14	2	12	12	192	0	1	1	1	0	0	0	0	2
2	38	39	2	-1	-3	2	-1	1	-4	3	2	-1	-5	3	3	-1	1	0	4	2	5	3	12	0	21	5	1	0	1	1	0	1	0	0
2	38	40	2	-1	-3	2	-1	1	-3	2	1	0	-3	1	7	-3	-9	4	4	1	2	11	12	-3	0	117	1	-1	0	1	0	0	1	0
2	38	41	2	-1	-3	2	-1	1	-2	1	0	1	-1	-1	7	-5	-11	8	4	0	-1	15	12	-4	-3	221	1	-1	-1	1	0	0	0	0
2	38	42	2	-1	-3	2	1	0	-1	1	3	-1	-5	2	4	1	-5	-1	4	2	5	3	12	0	21	5	1	0	1	1	0	1	0	0
2	38	43	2	-1	-3	2	-3	2	-5	3	-1	1	-1	0	8	-5	-11	7	4	0	-1	15	12	-4	-3	221	1	-1	-1	1	0	0	0	0
2	38	44	2	-1	-3	2	-1	1	-5	4	3	-2	-7	5	-5	1	19	-4	4	3	8	-9	12	5	60	77	1	1	1	1	0	0	0	0
2	38	45	2	-1	-3	2	1	0	1	1	1	-1	-1	2	0	-1	1	3	4	2	3	3	12	0	5	5	1	0	1	1	0	1	0	0
2	38	46	2	-1	-3	2	-1	1	-6	5	4	-3	-9	7	-17	3	45	-8	4	4	11	-25	12	12	117	621	1	1	1	1	0	0	0	0
2	38	47	2	-1	-3	2	-3	2	-11	7	5	-3	-13	8	-4	1	19	-5	4	4	13	-9	12	12	165	77	1	1	1	1	0	0	0	0
2	38	48	2	-1	-3	2	-3	2	-8	5	2	-1	-7	4	5	-2	-2	1	4	2	6	6	12	0	32	32	1	0	1	1	0	1	0	0
2	38	49	2	-1	-3	2	-2	1	-5	2	1	0	-4	1	9	-4	-20	9	4	0	2	18	12	-4	0	320	1	-1	0	1	0	0	1	0
2	38	50	2	-1	-3	2	-4	3	-11	8	3	-2	-10	7	-11	4	52	-19	4	4	10	-30	12	12	96	896	1	1	1	1	0	0	0	0
2	38	51	2	-1	-3	2	-5	3	-12	7	2	-1	-9	5	7	-3	-9	4	4	2	7	11	12	0	45	117	1	0	1	1	0	1	0	0
2	39	0	-1	1	-4	3	0	1	-1	2	-1	1	-3	2	2	-1	-1	1	2	2	1	3	0	0	-3	5	0	0	-1	1	1	1	0	0
2	39	1	-1	1	-4	3	-1	2	-2	3	-1	1	-2	1	3	-2	-4	3	2	2	0	6	0	0	-4	32	0	0	-1	1	1	1	0	0
2	39	2	-1	1	-4	3	-2	3	-3	4	-1	1	-1	0	4	-3	-9	7	2	2	-1	11	0	0	-3	117	0	0	-1	1	1	1	0	0
2	39	3	-1	1	-4	3	5	-1	6	-1	1	0	-2	1	3	-2	-4	3	2	4	2	6	0	12	0	32	0	1	0	1	1	0	1	0
2	39	4	-1	1	-4	3	-7	5	-10	7	-3	2	-2	1	3	-2	-4	3	2	0	-2	6	0	-4	0	32	0	-1	0	1	1	0	0	0
2	39	5	-1	1	-4	3	4	-1	5	-1	1	0	-1	1	2	-1	-1	1	2	3	2	3	0	5	0	5	0	1	0	1	1	0	1	0
2	39	6	-1	1	-4	3	1	2	1	3	0	1	-1	1	13	-9	3	-2	2	4	1	11	0	12	-3	117	0	1	-1	1	1	0	0	0
2	39	7	-1	1	-4	3	8	-3	11	-4	3	-1	1	0	2	-1	-1	1	2	4	3	3	0	12	5	5	0	1	1	1	1	0	0	0
2	39	8	-1	1	-4	3	7	-4	9	-5	2	-1	-1	1	-1	1	-5	4	2	2	3	3	0	0	5	5	0	0	1	1	1	1	0	0
2	39	9	-1	1	-4	3	-4	3	-7	5	-3	2	-5	3	2	-1	-1	1	2	1	0	3	0	-3	-4	5	0	-1	-1	1	1	0	0	0
2	39	10	-1	1	-4	3	-3	2	-5	3	-2	1	-3	1	-1	1	-5	4	2	0	-1	3	0	-4	-3	5	0	-1	-1	1	1	0	0	0
2	39	11	-1	1	-4	3	-5	4	-9	7	-4	3	-7	5	9	-5	11	-6	2	2	1	3	0	0	-3	5	0	0	-1	1	1	1	0	0
2	39	12	-1	1	-4	3	-8	5	-13	8	-5	3	-7	4	2	-1	-1	1	2	0	-1	3	0	-4	-3	5	0	-1	-1	1	1	0	0	0
2	39	13	-1	1	-4	3	3	-1	4	-1	1	0	0	1	1	0	0	1	2	2	2	2	0	0	0	0	0	0	0	0	1	1	2	2
2	39	14	-1	1	-4	3	1	1	1	2	0	1	-1	2	9	-5	11	-6	2	3	2	3	0	5	0	5	0	1	0	1	1	0	1	0
2	39	15	-1	1	-4	3	-1	3	-2	5	-1	2	-2	3	23	-14	28	-17	2	4	2	6	0	12	0	32	0	1	0	1	1	0	1	0
2	39	16	-1	1	-4	3	7	-2	11	-3	4	-1	5	-1	9	-5	11	-6	2	4	3	3	0	12	5	5	0	1	1	1	1	0	0	0
2	39	17	-1	1	-4	3	-5	4	-9	7	-4	3	-7	5	9	-5	11	-6	2	2	1	3	0	0	-3	5	0	0	-1	1	1	1	0	0
2	39	18	-1	1	-4	3	5	-2	8	-3	3	-1	4	-1	1	0	0	1	2	2	2	2	0	0	0	0	0	0	0	0	1	1	1	2
2	39	19	-1	1	-4	3	2	1	3	2	1	1	1	2	20	-11	31	-17	2	4	3	3	0	12	5	5	0	1	1	1	1	0	0	0
2	39	20	-1	1	-4	3	7	-3	12	-5	5	-2	8	-3	1	0	0	1	2	2	2	2	0	0	0	0	0	0	0	0	1	1	1	2
2	39	21	-1	1	-4	3	8	-5	13	-8	5	-3	7	-4	2	-1	-1	1	2	0	1	3	0	-4	-3	5	0	-1	-1	1	1	0	0	0
2	39	22	-1	1	-4	3	5	-3	7	-4	2	-1	1	0	-1	1	-5	4	2	1	2	3	0	-3	0	5	0	-1	0	1	1	0	1	0
2	39	23	-1	1	-4	3	3	-2	5	-3	2	-1	3	-1	-1	1	-5	4	2	0	1	3	0	-4	-3	5	0	-1	-1	1	1	0	0	0
2	39	24	-1	1	-4	3	7	-5	10	-7	3	-2	2	-1	3	-2	-4	3	2	0	2	6	0	-4	0	32	0	-1	0	1	1	0	1	0
2	39	25	-1	1	-4	3	7	-4	9	-5	2	-1	-1	1	-1	1	-5	4	2	2	3	3	0	0	5	5	0	0	1	1	1	1	0	0
2	39	26	-1	1	-4	3	2	-1	1	0	-1	1	-5	4	0	1	-1	3	2	2	3	3	0	0	5	5	0	0	1	1	1	1	0	0
2	39	27	-1	1	-4	3	2	-1	3	-1	1	0	1	1	0	1	-1	3	2	1	2	3	0	-3	0	5	0	-1	0	1	1	0	1	0
2	39	28	-1	1	-4	3	1	0	1	1	0	1	-1	3	5	-1	11	-2	2	2	3	3	0	0	5	5	0	0	1	1	1	1	0	0
2	39	29	-1	1	-4	3	2	-1	5	-2	3	-1	7	-2	0	1	-1	3	2	0	1	3	0	-4	-3	5	0	-1	-1	1	1	0	0	0
2	39	30	-1	1	-4	3	3	-2	5	-3	2	-1	3	-1	-1	1	-5	4	2	0	1	3	0	-4	-3	5	0	-1	-1	1	1	0	0	0
2	39	31	-1	1	-4	3	3	-2	2	-1	-1	1	-6	5	-1	2	-4	7	2	2	4	6	0	0	12	32	0	0	1	1	1	1	0	0
2	39	32	-1	1	-4	3	1	-1	2	-1	1	0	2	1	-1	2	-4	7	2	0	2	6	0	-4	0	32	0	-1	0	1	1	0	1	0
2	39	33	-1	1	-4	3	4	-3	3	-2	-1	1	-7	6	-2	3	-9	13	2	2	5	11	0	0	21	117	0	0	1	1	1	1	0	0
2	39	34	-1	1	-4	3	5	-3	2	-1	-3	2	-14	9	-1	2	-4	7	2	4	6	6	0	12	32	32	0	1	1	1	1	0	0	0
2	39	35	-1	1	-4	3	2	-1	-1	1	-3	2	-11	7	0	1	-1	3	2	3	4	3	0	5	12	5	0	1	1	1	1	0	0	0
2	39	36	-1	1	-4	3	1	0	-1	1	-2	1	-7	3	-1	1	-5	4	2	2	1	3	0	0	-3	5	0	0	-1	1	1	1	0	0
2	39	37	-1	1	-4	3	3	-2	-1	1	-4	3	-15	11	1	3	3	10	2	4	7	11	0	12	45	117	0	1	1	1	1	0	0	0
2	39	38	-1	1	-4	3	2	-1	-3	2	-5	3	-17	10	0	1	-1	3	2	4	5	3	0	12	21	5	0	1	1	1	1	0	0	0
2	39	39	-1	1	-4	3	-1	1	-4	3	-3	2	-8	5	1	0	0	1	2	2	2	2	0	0	0	0	0	0	0	0	1	1	1	2
2	39	40	-1	1	-4	3	-1	1	-3	2	-2	1	-5	2	-1	1	-5	4	2	1	0	3	0	-3	-4	5	0	-1	-1	1	1	0	0	0
2	39	41	-1	1	-4	3	-1	1	-2	1	-1	0	-2	-1	-1	2	-4	7	2	0	-2	6	0	-4	0	32	0	-1	0	1	1	0	0	0
2	39	42	-1	1	-4	3	1	0	-1	1	-2	1	-7	3	-1	1	-5	4	2	2	1	3	0	0	-3	5	0	0	-1	1	1	1	0	0
2	39	43	-1	1	-4	3	-3	2	-5	3	-2	1	-3	1	-1	1	-5	4	2	0	-1	3	0	-4	-3	5	0	-1	-1	1	1	0	0	0
2	39	44	-1	1	-4	3	-1	1	-5	4	-4	3	-11	8	5	-1	11	-2	2	3	4	3	0	5	12	5	0	1	1	1	1	0	0	0
2	39	45	-1	1	-4	3	1	0	1	1	0	1	-1	3	5	-1	11	-2	2	2	3	3	0	0	5	5	0	0	1	1	1	1	0	0
2	39	46	-1	1	-4	3	-1	1	-6	5	-5	4	-14	11	11	-2	28	-5	2	4	6	6	0	12	32	32	0	1	1	1	1	0	0	0
2	39	47	-1	1	-4	3	-3	2	-11	7	-8	5	-21	13	5	-1	11	-2	2	4	5	3	0	12	21	5	0	1	1	1	1	0	0	0
2	39	48	-1	1	-4	3	-3	2	-8	5	-5	3	-12	7	1	0	0	1	2	2	2	2	0	0	0	0	0	0	0	0	1	1	1	2
2	39	49	-1	1	-4	3	-2	1	-5	2	-3	1	-7	2	0	1	-1	3	2	0	-1	3	0	-4	-3	5	0	-1	-1	1	1	0	0	0
2	39	50	-1	1	-4	3	-4	3	-11	8	-7	5	-17	12	14	-5	31	-11	2	4	5	3	0	12	21	5	0	1	1	1	1	0	0	0
2	39	51	-1	1	-4	3	-5	3	-12	7	-7	4	-16	9	1	0	0	1	2	2	2	2	0	0	0	0	0	0	0	0	1	1	1	2
2	40	0	-1	1	-3	2	0	1	-1	2	-1	1	-2	1	2	-1	-1	1	1	2	0	3	-3	0	-4	5	-1	0	-1	1	0	1	0	0
2	40	1	-1	1	-3	2	-1	2	-2	3	-1	1	-1	0	3	-2	-4	3	1	2	-1	6	-3	0	-3	32	-1	0	-1	1	0	1	0	0
2	40	2	-1	1	-3	2	-2	3	-3	4	-1	1	0	-1	4	-3	-9	7	1	2	-2	11	-3	0	0	117	-1	0	0	1	0	1	0	0
2	40	3	-1	1	-3	2	5	-1	6	-1	1	0	-3	1	4	-3	-9	7	1	4	2	11	-3	12	0	117	-1	1	0	1	0	0	1	0
2	40	4	-1	1	-3	2	-7	5	-10	7	-3	2	1	-1	10	-7	-7	5	1	0	-4	15	-3	-4	12	221	-1	-1	1	1	0	0	0	0
2	40	5	-1	1	-3	2	4	-1	5	-1	1	0	-2	1	3	-2	-4	3	1	3	2	6	-3	5	0	32	-1	1	0	1	0	0	1	0
2	40	6	-1	1	-3	2	1	2	1	3	0	1	-1	0	10	-7	-7	5	1	4	0	15	-3	12	-4	221	-1	1	-1	1	0	0	0	0
2	40	7	-1	1	-3	2	8	-3	11	-4	3	-1	-2	1	10	-7	-7	5	1	4	4	15	-3	12	12	221	-1	1	1	1	0	0	0	0
2	40	8	-1	1	-3	2	7	-4	9	-5	2	-1	-3	2	4	-3	-9	7	1	2	4	11	-3	0	12	117	-1	0	1	1	0	1	0	0
2	40	9	-1	1	-3	2	-4	3	-7	5	-3	2	-2	1	7	-4	2	-1	1	1	-2	6	-3	-3	0	32	-1	-1	0	1	0	0	0	0
2	40	10	-1	1	-3	2	-3	2	-5	3	-2	1	-1	0	2	-1	-1	1	1	0	-2	3	-3	-4	0	5	-1	-1	0	1	0	0	0	0
2	40	11	-1	1	-3	2	-5	4	-9	7	-4	3	-3	2	16	-9	9	-5	1	2	-2	11	-3	0	0	117	-1	0	0	1	0	1	0	0
2	40	12	-1	1	-3	2	-8	5	-13	8	-5	3	-2	1	18	-11	5	-3	1	0	-4	15	-3	-4	12	221	-1	-1	1	1	0	0	0	0
2	40	13	-1	1	-3	2	3	-1	4	-1	1	0	-1	1	2	-1	-1	1	1	2	2	3	-3	0	0	5	-1	0	0	1	0	1	1	0
2	40	14	-1	1	-3	2	1	1	1	2	0	1	-1	1	7	-4	2	-1	1	3	1	6	-3	5	-3	32	-1	1	-1	1	0	0	0	0
2	40	15	-1	1	-3	2	-1	3	-2	5	-1	2	-1	1	18	-11	5	-3	1	4	0	15	-3	12	-4	221	-1	1	-1	1	0	0	0	0
2	40	16	-1	1	-3	2	7	-2	11	-3	4	-1	1	0	18	-11	5	-3	1	4	4	15	-3	12	12	221	-1	1	1	1	0	0	0	0
2	40	17	-1	1	-3	2	-5	4	-9	7	-4	3	-3	2	16	-9	9	-5	1	2	-2	11	-3	0	0	117	-1	0	0	1	0	1	0	0
2	40	18	-1	1	-3	2	5	-2	8	-3	3	-1	1	0	7	-4	2	-1	1	2	3	6	-3	0	5	32	-1	0	1	1	0	1	0	0
2	40	19	-1	1	-3	2	2	1	3	2	1	1	0	1	16	-9	9	-5	1	4	2	11	-3	12	0	117	-1	1	0	1	0	0	1	0
2	40	20	-1	1	-3	2	7	-3	12	-5	5	-2	3	-1	16	-9	9	-5	1	2	4	11	-3	0	12	117	-1	0	1	1	0	1	0	0
2	40	21	-1	1	-3	2	8	-5	13	-8	5	-3	2	-1	18	-11	5	-3	1	0	4	15	-3	-4	12	221	-1	-1	1	1	0	0	0	0
2	40	22	-1	1	-3	2	5	-3	7	-4	2	-1	-1	1	3	-2	-4	3	1	1	3	6	-3	-3	5	32	-1	-1	1	1	0	0	0	0
2	40	23	-1	1	-3	2	3	-2	5	-3	2	-1	1	0	2	-1	-1	1	1	0	2	3	-3	-4	0	5	-1	-1	0	1	0	0	1	0
2	40	24	-1	1	-3	2	7	-5	10	-7	3	-2	-1	1	10	-7	-7	5	1	0	4	15	-3	-4	12	221	-1	-1	1	1	0	0	0	0
2	40	25	-1	1	-3	2	7	-4	9	-5	2	-1	-3	2	4	-3	-9	7	1	2	4	11	-3	0	12	117	-1	0	1	1	0	1	0	0
2	40	26	-1	1	-3	2	2	-1	1	0	-1	1	-4	3	0	1	-1	3	1	2	2	3	-3	0	0	5	-1	0	0	1	0	1	1	0
2	40	27	-1	1	-3	2	2	-1	3	-1	1	0	0	1	1	0	0	1	1	1	2	2	-3	-3	0	0	-1	-1	0	0	0	0	2	2
2	40	28	-1	1	-3	2	1	0	1	1	0	1	-1	2	4	-1	5	-1	1	2	2	3	-3	0	0	5	-1	0	0	1	0	1	1	0
2	40	29	-1	1	-3	2	2	-1	5	-2	3	-1	4	-1	4	-1	5	-1	1	0	2	3	-3	-4	0	5	-1	-1	0	1	0	0	1	0
2	40	30	-1	1	-3	2	3	-2	5	-3	2	-1	1	0	2	-1	-1	1	1	0	2	3	-3	-4	0	5	-1	-1	0	1	0	0	1	0
2	40	31	-1	1	-3	2	3	-2	2	-1	-1	1	-5	4	-1	2	-4	7	1	2	3	6	-3	0	5	32	-1	0	1	1	0	1	0	0
2	40	32	-1	1	-3	2	1	-1	2	-1	1	0	1	1	0	1	-1	3	1	0	2	3	-3	-4	0	5	-1	-1	0	1	0	0	1	0
2	40	33	-1	1	-3	2	4	-3	3	-2	-1	1	-6	5	-2	3	-9	13	1	2	4	11	-3	0	12	117	-1	0	1	1	0	1	0	0
2	40	34	-1	1	-3	2	5	-3	2	-1	-3	2	-11	7	-2	5	-7	17	1	4	4	15	-3	12	12	221	-1	1	1	1	0	0	0	0
2	40	35	-1	1	-3	2	2	-1	-1	1	-3	2	-8	5	1	2	2	5	1	3	2	6	-3	5	0	32	-1	1	0	1	0	0	1	0
2	40	36	-1	1	-3	2	1	0	-1	1	-2	1	-5	2	0	1	-1	3	1	2	0	3	-3	0	-4	5	-1	0	-1	1	0	1	0	0
2	40	37	-1	1	-3	2	3	-2	-1	1	-4	3	-11	8	2	5	5	13	1	4	4	15	-3	12	12	221	-1	1	1	1	0	0	0	0
2	40	38	-1	1	-3	2	2	-1	-3	2	-5	3	-12	7	4	3	9	7	1	4	2	11	-3	12	0	117	-1	1	0	1	0	0	1	0
2	40	39	-1	1	-3	2	-1	1	-4	3	-3	2	-5	3	4	-1	5	-1	1	2	0	3	-3	0	-4	5	-1	0	-1	1	0	1	0	0
2	40	40	-1	1	-3	2	-1	1	-3	2	-2	1	-3	1	1	0	0	1	1	1	-1	2	-3	-3	-3	0	-1	-1	-1	0	0	0	0	2
2	40	41	-1	1	-3	2	-1	1	-2	1	-1	0	-1	-1	0	1	-1	3	1	0	-2	3	-3	-4	0	5	-1	-1	0	1	0	0	0	0
2	40	42	-1	1	-3	2	1	0	-1	1	-2	1	-5	2	0	1	-1	3	1	2	0	3	-3	0	-4	5	-1	0	-1	1	0	1	0	0
2	40	43	-1	1	-3	2	-3	2	-5	3	-2	1	-1	0	2	-1	-1	1	1	0	-2	3	-3	-4	0	5	-1	-1	0	1	0	0	0	0
2	40	44	-1	1	-3	2	-1	1	-5	4	-4	3	-7	5	9	-2	14	-3	1	3	1	6	-3	5	-3	32	-1	1	-1	1	0	0	0	0
2	40	45	-1	1	-3	2	1	0	1	1	0	1	-1	2	4	-1	5	-1	1	2	2	3	-3	0	0	5	-1	0	0	1	0	1	1	0
2	40	46	-1	1	-3	2	-1	1	-6	5	-5	4	-9	7	16	-3	27	-5	1	4	2	11	-3	12	0	117	-1	1	0	1	0	0	1	0
2	40	47	-1	1	-3	2	-3	2	-11	7	-8	5	-13	8	26	-7	41	-11	1	4	0	15	-3	12	-4	221	-1	1	-1	1	0	0	0	0
2	40	48	-1	1	-3	2	-3	2	-8	5	-5	3	-7	4	11	-4	14	-5	1	2	-1	6	-3	0	-3	32	-1	0	-1	1	0	1	0	0
2	40	49	-1	1	-3	2	-2	1	-5	2	-3	1	-4	1	4	-1	5	-1	1	0	-2	3	-3	-4	0	5	-1	-1	0	1	0	0	0	0
2	40	50	-1	1	-3	2	-4	3	-11	8	-7	5	-10	7	30	-11	41	-15	1	4	0	15	-3	12	-4	221	-1	1	-1	1	0	0	0	0
2	40	51	-1	1	-3	2	-5	3	-12	7	-7	4	-9	5	22	-9	27	-11	1	2	-2	11	-3	0	0	117	-1	0	0	1	0	1	0	0
2	41	0	-1	1	-2	1	0	1	-1	2	-1	1	-1	0	2	-1	-1	1	0	2	-1	3	-4	0	-3	5	-1	0	-1	1	0	1	0	0
2	41	1	-1	1	-2	1	-1	2	-2	3	-1	1	0	-1	3	-2	-4	3	0	2	-2	6	-4	0	0	32	-1	0	0	1	0	1	0	0
2	41	2	-1	1	-2	1	-2	3	-3	4	-1	1	1	-2	4	-3	-9	7	0	2	-3	11	-4	0	5	117	-1	0	1	1	0	1	0	0
2	41	3	-1	1	-2	1	5	-1	6	-1	1	0	-4	1	5	-4	-16	13	0	4	2	18	-4	12	0	320	-1	1	0	1	0	0	1	0
2	41	4	-1	1	-2	1	-7	5	-10	7	-3	2	4	-3	17	-12	-24	17	0	0	-6	34	-4	-4	32	1152	-1	-1	1	1	0	0	0	0
2	41	5	-1	1	-2	1	4	-1	5	-1	1	0	-3	1	4	-3	-9	7	0	3	2	11	-4	5	0	117	-1	1	0	1	0	0	1	0
2	41	6	-1	1	-2	1	1	2	1	3	0	1	-1	-1	7	-5	-11	8	0	4	-1	15	-4	12	-3	221	-1	1	-1	1	0	0	0	0
2	41	7	-1	1	-2	1	8	-3	11	-4	3	-1	-5	2	18	-13	-29	21	0	4	5	39	-4	12	21	1517	-1	1	1	1	0	0	0	0
2	41	8	-1	1	-2	1	7	-4	9	-5	2	-1	-5	3	9	-7	-23	18	0	2	5	27	-4	0	21	725	-1	0	1	1	0	1	0	0
2	41	9	-1	1	-2	1	-4	3	-7	5	-3	2	1	-1	12	-7	-5	3	0	1	-4	15	-4	-3	12	221	-1	-1	1	1	0	0	0	0
2	41	10	-1	1	-2	1	-3	2	-5	3	-2	1	1	-1	5	-3	-3	2	0	0	-3	7	-4	-4	5	45	-1	-1	1	1	0	0	0	0
2	41	11	-1	1	-2	1	-5	4	-9	7	-4	3	1	-1	23	-13	-7	4	0	2	-5	27	-4	0	21	725	-1	0	1	1	0	1	0	0
2	41	12	-1	1	-2	1	-8	5	-13	8	-5	3	3	-2	34	-21	-21	13	0	0	-7	47	-4	-4	45	2205	-1	-1	1	1	0	0	0	0
2	41	13	-1	1	-2	1	3	-1	4	-1	1	0	-2	1	3	-2	-4	3	0	2	2	6	-4	0	0	32	-1	0	0	1	0	1	1	0
2	41	14	-1	1	-2	1	1	1	1	2	0	1	-1	0	5	-3	-3	2	0	3	0	7	-4	5	-4	45	-1	1	-1	1	0	0	0	0
2	41	15	-1	1	-2	1	-1	3	-2	5	-1	2	0	-1	13	-8	-8	5	0	4	-2	18	-4	12	0	320	-1	1	0	1	0	0	0	0
2	41	16	-1	1	-2	1	7	-2	11	-3	4	-1	-3	1	27	-17	-19	12	0	4	5	39	-4	12	21	1517	-1	1	1	1	0	0	0	0
2	41	17	-1	1	-2	1	-5	4	-9	7	-4	3	1	-1	23	-13	-7	4	0	2	-5	27	-4	0	21	725	-1	0	1	1	0	1	0	0
2	41	18	-1	1	-2	1	5	-2	8	-3	3	-1	-2	1	13	-8	-8	5	0	2	4	18	-4	0	12	320	-1	0	1	1	0	1	0	0
2	41	19	-1	1	-2	1	2	1	3	2	1	1	-1	0	12	-7	-5	3	0	4	1	15	-4	12	-3	221	-1	1	-1	1	0	0	0	0
2	41	20	-1	1	-2	1	7	-3	12	-5	5	-2	-2	1	31	-18	-12	7	0	2	6	38	-4	0	32	1440	-1	0	1	1	0	1	0	0
2	41	21	-1	1	-2	1	8	-5	13	-8	5	-3	-3	2	34	-21	-21	13	0	0	7	47	-4	-4	45	2205	-1	-1	1	1	0	0	0	0
2	41	22	-1	1	-2	1	5	-3	7	-4	2	-1	-3	2	7	-5	-11	8	0	1	4	15	-4	-3	12	221	-1	-1	1	1	0	0	0	0
2	41	23	-1	1	-2	1	3	-2	5	-3	2	-1	-1	1	5	-3	-3	2	0	0	3	7	-4	-4	5	45	-1	-1	1	1	0	0	0	0
2	41	24	-1	1	-2	1	7	-5	10	-7	3	-2	-4	3	17	-12	-24	17	0	0	6	34	-4	-4	32	1152	-1	-1	1	1	0	0	0	0
2	41	25	-1	1	-2	1	7	-4	9	-5	2	-1	-5	3	9	-7	-23	18	0	2	5	27	-4	0	21	725	-1	0	1	1	0	1	0	0
2	41	26	-1	1	-2	1	2	-1	1	0	-1	1	-3	2	0	1	-1	3	0	2	1	3	-4	0	-3	5	-1	0	-1	1	0	1	0	0
2	41	27	-1	1	-2	1	2	-1	3	-1	1	0	-1	1	2	-1	-1	1	0	1	2	3	-4	-3	0	5	-1	-1	0	1	0	0	1	0
2	41	28	-1	1	-2	1	1	0	1	1	0	1	-1	1	3	-1	1	0	0	2	1	3	-4	0	-3	5	-1	0	-1	1	0	1	0	0
2	41	29	-1	1	-2	1	2	-1	5	-2	3	-1	1	0	8	-3	3	-1	0	0	3	7	-4	-4	5	45	-1	-1	1	1	0	0	0	0
2	41	30	-1	1	-2	1	3	-2	5	-3	2	-1	-1	1	5	-3	-3	2	0	0	3	7	-4	-4	5	45	-1	-1	1	1	0	0	0	0
2	41	31	-1	1	-2	1	3	-2	2	-1	-1	1	-4	3	-1	2	-4	7	0	2	2	6	-4	0	0	32	-1	0	0	1	0	1	1	0
2	41	32	-1	1	-2	1	1	-1	2	-1	1	0	0	1	1	0	0	1	0	0	2	2	-4	-4	0	0	-1	-1	0	0	0	0	2	2
2	41	33	-1	1	-2	1	4	-3	3	-2	-1	1	-5	4	-2	3	-9	13	0	2	3	11	-4	0	5	117	-1	0	1	1	0	1	0	0
2	41	34	-1	1	-2	1	5	-3	2	-1	-3	2	-8	5	-3	8	-8	21	0	4	2	18	-4	12	0	320	-1	1	0	1	0	0	1	0
2	41	35	-1	1	-2	1	2	-1	-1	1	-3	2	-5	3	2	3	3	5	0	3	0	7	-4	5	-4	45	-1	1	-1	1	0	0	0	0
2	41	36	-1	1	-2	1	1	0	-1	1	-2	1	-3	1	1	1	1	2	0	2	-1	3	-4	0	-3	5	-1	0	-1	1	0	1	0	0
2	41	37	-1	1	-2	1	3	-2	-1	1	-4	3	-7	5	3	7	5	12	0	4	1	15	-4	12	-3	221	-1	1	-1	1	0	0	0	0
2	41	38	-1	1	-2	1	2	-1	-3	2	-5	3	-7	4	8	5	11	7	0	4	-1	15	-4	12	-3	221	-1	1	-1	1	0	0	0	0
2	41	39	-1	1	-2	1	-1	1	-4	3	-3	2	-2	1	7	-2	4	-1	0	2	-2	6	-4	0	0	32	-1	0	0	1	0	1	0	0
2	41	40	-1	1	-2	1	-1	1	-3	2	-2	1	-1	0	3	-1	1	0	0	1	-2	3	-4	-3	0	5	-1	-1	0	1	0	0	0	0
2	41	41	-1	1	-2	1	-1	1	-2	1	-1	0	0	-1	1	0	0	1	0	0	-2	2	-4	-4	0	0	-1	-1	0	0	0	0	0	2
2	41	42	-1	1	-2	1	1	0	-1	1	-2	1	-3	1	1	1	1	2	0	2	-1	3	-4	0	-3	5	-1	0	-1	1	0	1	0	0
2	41	43	-1	1	-2	1	-3	2	-5	3	-2	1	1	-1	5	-3	-3	2	0	0	-3	7	-4	-4	5	45	-1	-1	1	1	0	0	0	0
2	41	44	-1	1	-2	1	-1	1	-5	4	-4	3	-3	2	13	-3	9	-2	0	3	-2	11	-4	5	0	117	-1	1	0	1	0	0	0	0
2	41	45	-1	1	-2	1	1	0	1	1	0	1	-1	1	3	-1	1	0	0	2	1	3	-4	0	-3	5	-1	0	-1	1	0	1	0	0
2	41	46	-1	1	-2	1	-1	1	-6	5	-5	4	-4	3	21	-4	16	-3	0	4	-2	18	-4	12	0	320	-1	1	0	1	0	0	0	0
2	41	47	-1	1	-2	1	-3	2	-11	7	-8	5	-5	3	47	-13	29	-8	0	4	-5	39	-4	12	21	1517	-1	1	1	1	0	0	0	0
2	41	48	-1	1	-2	1	-3	2	-8	5	-5	3	-2	1	21	-8	8	-3	0	2	-4	18	-4	0	12	320	-1	0	1	1	0	1	0	0
2	41	49	-1	1	-2	1	-2	1	-5	2	-3	1	-1	0	8	-3	3	-1	0	0	-3	7	-4	-4	5	45	-1	-1	1	1	0	0	0	0
2	41	50	-1	1	-2	1	-4	3	-11	8	-7	5	-3	2	46	-17	19	-7	0	4	-5	39	-4	12	21	1517	-1	1	1	1	0	0	0	0
2	41	51	-1	1	-2	1	-5	3	-12	7	-7	4	-2	1	43	-18	12	-5	0	2	-6	38	-4	0	32	1440	-1	0	1	1	0	1	0	0
2	42	0	1	0	-1	1	0	1	-1	2	0	1	-1	1	3	-1	1	0	2	2	1	3	0	0	-3	5	0	0	-1	1	1	1	0	0
2	42	1	1	0	-1	1	-1	2	-2	3	-1	2	-1	1	7	-4	2	-1	2	2	0	6	0	0	-4	32	0	0	-1	1	1	1	0	0
2	42	2	1	0	-1	1	-2	3	-3	4	-2	3	-1	1	13	-9	3	-2	2	2	-1	11	0	0	-3	117	0	0	-1	1	1	1	0	0
2	42	3	1	0	-1	1	5	-1	6	-1	5	-1	1	0	2	-1	-1	1	2	4	5	3	0	12	21	5	0	1	1	1	1	0	0	0
2	42	4	1	0	-1	1	-7	5	-10	7	-7	5	-3	2	36	-25	13	-9	2	0	-5	27	0	-4	21	725	0	-1	1	1	1	0	0	0
2	42	5	1	0	-1	1	4	-1	5	-1	4	-1	1	0	2	-1	-1	1	2	3	4	3	0	5	12	5	0	1	1	1	1	0	0	0
2	42	6	1	0	-1	1	1	2	1	3	1	2	0	1	7	-4	2	-1	2	4	2	6	0	12	0	32	0	1	0	1	1	0	1	0
2	42	7	1	0	-1	1	8	-3	11	-4	8	-3	3	-1	13	-9	3	-2	2	4	7	11	0	12	45	117	0	1	1	1	1	0	0	0
2	42	8	1	0	-1	1	7	-4	9	-5	7	-4	2	-1	21	-16	4	-3	2	2	6	18	0	0	32	320	0	0	1	1	1	1	0	0
2	42	9	1	0	-1	1	-4	3	-7	5	-4	3	-3	2	16	-9	9	-5	2	1	-2	11	0	-3	0	117	0	-1	0	1	1	0	0	0
2	42	10	1	0	-1	1	-3	2	-5	3	-3	2	-2	1	7	-4	2	-1	2	0	-2	6	0	-4	0	32	0	-1	0	1	1	0	0	0
2	42	11	1	0	-1	1	-5	4	-9	7	-5	4	-4	3	29	-16	20	-11	2	2	-2	18	0	0	0	320	0	0	0	1	1	1	0	0
2	42	12	1	0	-1	1	-8	5	-13	8	-8	5	-5	3	41	-25	23	-14	2	0	-5	27	0	-4	21	725	0	-1	1	1	1	0	0	0
2	42	13	1	0	-1	1	3	-1	4	-1	3	-1	1	0	2	-1	-1	1	2	2	3	3	0	0	5	5	0	0	1	1	1	1	0	0
2	42	14	1	0	-1	1	1	1	1	2	1	1	0	1	3	-1	1	0	2	3	2	3	0	5	0	5	0	1	0	1	1	0	1	0
2	42	15	1	0	-1	1	-1	3	-2	5	-1	3	-1	2	16	-9	9	-5	2	4	1	11	0	12	-3	117	0	1	-1	1	1	0	0	0
2	42	16	1	0	-1	1	7	-2	11	-3	7	-2	4	-1	7	-4	2	-1	2	4	6	6	0	12	32	32	0	1	1	1	1	0	0	0
2	42	17	1	0	-1	1	-5	4	-9	7	-5	4	-4	3	29	-16	20	-11	2	2	-2	18	0	0	0	320	0	0	0	1	1	1	0	0
2	42	18	1	0	-1	1	5	-2	8	-3	5	-2	3	-1	7	-4	2	-1	2	2	4	6	0	0	12	32	0	0	1	1	1	1	0	0
2	42	19	1	0	-1	1	2	1	3	2	2	1	1	1	3	-1	1	0	2	4	3	3	0	12	5	5	0	1	1	1	1	0	0	0
2	42	20	1	0	-1	1	7	-3	12	-5	7	-3	5	-2	16	-9	9	-5	2	2	5	11	0	0	21	117	0	0	1	1	1	1	0	0
2	42	21	1	0	-1	1	8	-5	13	-8	8	-5	5	-3	41	-25	23	-14	2	0	5	27	0	-4	21	725	0	-1	1	1	1	0	0	0
2	42	22	1	0	-1	1	5	-3	7	-4	5	-3	2	-1	13	-9	3	-2	2	1	4	11	0	-3	12	117	0	-1	1	1	1	0	0	0
2	42	23	1	0	-1	1	3	-2	5	-3	3	-2	2	-1	7	-4	2	-1	2	0	2	6	0	-4	0	32	0	-1	0	1	1	0	1	0
2	42	24	1	0	-1	1	7	-5	10	-7	7	-5	3	-2	36	-25	13	-9	2	0	5	27	0	-4	21	725	0	-1	1	1	1	0	0	0
2	42	25	1	0	-1	1	7	-4	9	-5	7	-4	2	-1	21	-16	4	-3	2	2	6	18	0	0	32	320	0	0	1	1	1	1	0	0
2	42	26	1	0	-1	1	2	-1	1	0	2	-1	-1	1	1	-1	-1	2	2	2	3	3	0	0	5	5	0	0	1	1	1	1	0	0
2	42	27	1	0	-1	1	2	-1	3	-1	2	-1	1	0	2	-1	-1	1	2	1	2	3	0	-3	0	5	0	-1	0	1	1	0	1	0
2	42	28	1	0	-1	1	1	0	1	1	1	0	0	1	1	0	0	1	2	2	2	2	0	0	0	0	0	0	0	0	1	1	2	2
2	42	29	1	0	-1	1	2	-1	5	-2	2	-1	3	-1	3	-1	1	0	2	0	1	3	0	-4	-3	5	0	-1	-1	1	1	0	0	0
2	42	30	1	0	-1	1	3	-2	5	-3	3	-2	2	-1	7	-4	2	-1	2	0	2	6	0	-4	0	32	0	-1	0	1	1	0	1	0
2	42	31	1	0	-1	1	3	-2	2	-1	3	-2	-1	1	3	-4	-2	3	2	2	4	6	0	0	12	32	0	0	1	1	1	1	0	0
2	42	32	1	0	-1	1	1	-1	2	-1	1	-1	1	0	2	-1	-1	1	2	0	1	3	0	-4	-3	5	0	-1	-1	1	1	0	0	0
2	42	33	1	0	-1	1	4	-3	3	-2	4	-3	-1	1	7	-9	-3	4	2	2	5	11	0	0	21	117	0	0	1	1	1	1	0	0
2	42	34	1	0	-1	1	5	-3	2	-1	5	-3	-3	2	4	-9	-3	7	2	4	7	11	0	12	45	117	0	1	1	1	1	0	0	0
2	42	35	1	0	-1	1	2	-1	-1	1	2	-1	-3	2	0	-1	1	3	2	3	4	3	0	5	12	5	0	1	1	1	1	0	0	0
2	42	36	1	0	-1	1	1	0	-1	1	1	0	-2	1	1	0	0	1	2	2	2	2	0	0	0	0	0	0	0	0	1	1	1	2
2	42	37	1	0	-1	1	3	-2	-1	1	3	-2	-4	3	-1	-4	2	7	2	4	6	6	0	12	32	32	0	1	1	1	1	0	0	0
2	42	38	1	0	-1	1	2	-1	-3	2	2	-1	-5	3	-1	-1	5	4	2	4	5	3	0	12	21	5	0	1	1	1	1	0	0	0
2	42	39	1	0	-1	1	-1	1	-4	3	-1	1	-3	2	4	-1	5	-1	2	2	1	3	0	0	-3	5	0	0	-1	1	1	1	0	0
2	42	40	1	0	-1	1	-1	1	-3	2	-1	1	-2	1	3	-1	1	0	2	1	0	3	0	-3	-4	5	0	-1	-1	1	1	0	0	0
2	42	41	1	0	-1	1	-1	1	-2	1	-1	1	-1	0	2	-1	-1	1	2	0	-1	3	0	-4	-3	5	0	-1	-1	1	1	0	0	0
2	42	42	1	0	-1	1	1	0	-1	1	1	0	-2	1	1	0	0	1	2	2	2	2	0	0	0	0	0	0	0	0	1	1	1	2
2	42	43	1	0	-1	1	-3	2	-5	3	-3	2	-2	1	7	-4	2	-1	2	0	-2	6	0	-4	0	32	0	-1	0	1	1	0	0	0
2	42	44	1	0	-1	1	-1	1	-5	4	-1	1	-4	3	5	-1	11	-2	2	3	2	3	0	5	0	5	0	1	0	1	1	0	1	0
2	42	45	1	0	-1	1	1	0	1	1	1	0	0	1	1	0	0	1	2	2	2	2	0	0	0	0	0	0	0	0	1	1	2	2
2	42	46	1	0	-1	1	-1	1	-6	5	-1	1	-5	4	6	-1	19	-3	2	4	3	3	0	12	5	5	0	1	1	1	1	0	0	0
2	42	47	1	0	-1	1	-3	2	-11	7	-3	2	-8	5	15	-4	34	-9	2	4	2	6	0	12	0	32	0	1	0	1	1	0	1	0
2	42	48	1	0	-1	1	-3	2	-8	5	-3	2	-5	3	11	-4	14	-5	2	2	0	6	0	0	-4	32	0	0	-1	1	1	1	0	0
2	42	49	1	0	-1	1	-2	1	-5	2	-2	1	-3	1	3	-1	1	0	2	0	-1	3	0	-4	-3	5	0	-1	-1	1	1	0	0	0
2	42	50	1	0	-1	1	-4	3	-11	8	-4	3	-7	5	25	-9	39	-14	2	4	1	11	0	12	-3	117	0	1	-1	1	1	0	0	0
2	42	51	1	0	-1	1	-5	3	-12	7	-5	3	-7	4	22	-9	27	-11	2	2	-1	11	0	0	-3	117	0	0	-1	1	1	1	0	0
2	43	0	-3	2	-5	3	0	1	-1	2	-2	1	-3	1	-1	1	-5	4	0	2	-1	3	-4	0	-3	5	-1	0	-1	1	0	1	0	0
2	43	1	-3	2	-5	3	-1	2	-2	3	-1	0	-1	-1	-5	4	-14	11	0	2	-2	6	-4	0	0	32	-1	0	0	1	0	1	0	0
2	43	2	-3	2	-5	3	-2	3	-3	4	0	-1	1	-3	-11	9	-27	22	0	2	-3	11	-4	0	5	117	-1	0	1	1	0	1	0	0
2	43	3	-3	2	-5	3	5	-1	6	-1	-3	1	-7	2	-14	11	-37	29	0	4	-1	15	-4	12	-3	221	-1	1	-1	1	0	0	0	0
2	43	4	-3	2	-5	3	-7	5	-10	7	1	-1	5	-4	-4	3	-15	11	0	0	-3	7	-4	-4	5	45	-1	-1	1	1	0	0	0	0
2	43	5	-3	2	-5	3	4	-1	5	-1	-2	1	-5	2	-4	3	-15	11	0	3	0	7	-4	5	-4	45	-1	1	-1	1	0	0	0	0
2	43	6	-3	2	-5	3	1	2	1	3	-1	0	-2	-1	-11	8	-40	29	0	4	-2	18	-4	12	0	320	-1	1	0	1	0	0	0	0
2	43	7	-3	2	-5	3	8	-3	11	-4	-2	1	-7	3	-7	5	-31	22	0	4	1	15	-4	12	-3	221	-1	1	-1	1	0	0	0	0
2	43	8	-3	2	-5	3	7	-4	9	-5	-3	2	-8	5	-5	4	-14	11	0	2	2	6	-4	0	0	32	-1	0	0	1	0	1	1	0
2	43	9	-3	2	-5	3	-4	3	-7	5	-2	1	-1	0	2	-1	-1	1	0	1	-2	3	-4	-3	0	5	-1	-1	0	1	0	0	0	0
2	43	10	-3	2	-5	3	-3	2	-5	3	-1	0	0	-1	1	0	0	1	0	0	-2	2	-4	-4	0	0	-1	-1	0	0	0	0	0	2
2	43	11	-3	2	-5	3	-5	4	-9	7	-3	2	-2	1	7	-4	2	-1	0	2	-2	6	-4	0	0	32	-1	0	0	1	0	1	0	0
2	43	12	-3	2	-5	3	-8	5	-13	8	-2	1	1	-1	5	-3	-3	2	0	0	-3	7	-4	-4	5	45	-1	-1	1	1	0	0	0	0
2	43	13	-3	2	-5	3	3	-1	4	-1	-1	1	-3	2	2	-1	-1	1	0	2	1	3	-4	0	-3	5	-1	0	-1	1	0	1	0	0
2	43	14	-3	2	-5	3	1	1	1	2	-1	1	-2	1	5	-3	-3	2	0	3	0	7	-4	5	-4	45	-1	1	-1	1	0	0	0	0
2	43	15	-3	2	-5	3	-1	3	-2	5	-1	1	-1	0	8	-5	-11	7	0	4	-1	15	-4	12	-3	221	-1	1	-1	1	0	0	0	0
2	43	16	-3	2	-5	3	7	-2	11	-3	1	0	-2	1	13	-8	-8	5	0	4	2	18	-4	12	0	320	-1	1	0	1	0	0	1	0
2	43	17	-3	2	-5	3	-5	4	-9	7	-3	2	-2	1	7	-4	2	-1	0	2	-2	6	-4	0	0	32	-1	0	0	1	0	1	0	0
2	43	18	-3	2	-5	3	5	-2	8	-3	1	0	-1	1	7	-4	2	-1	0	2	2	6	-4	0	0	32	-1	0	0	1	0	1	1	0
2	43	19	-3	2	-5	3	2	1	3	2	0	1	-1	1	19	-11	7	-4	0	4	1	15	-4	12	-3	221	-1	1	-1	1	0	0	0	0
2	43	20	-3	2	-5	3	7	-3	12	-5	3	-1	1	0	16	-9	9	-5	0	2	3	11	-4	0	5	117	-1	0	1	1	0	1	0	0
2	43	21	-3	2	-5	3	8	-5	13	-8	2	-1	-1	1	5	-3	-3	2	0	0	3	7	-4	-4	5	45	-1	-1	1	1	0	0	0	0
2	43	22	-3	2	-5	3	5	-3	7	-4	-1	1	-4	3	-1	1	-5	4	0	1	2	3	-4	-3	0	5	-1	-1	0	1	0	0	1	0
2	43	23	-3	2	-5	3	3	-2	5	-3	1	0	0	1	1	0	0	1	0	0	2	2	-4	-4	0	0	-1	-1	0	0	0	0	2	2
2	43	24	-3	2	-5	3	7	-5	10	-7	-1	1	-5	4	-4	3	-15	11	0	0	3	7	-4	-4	5	45	-1	-1	1	1	0	0	0	0
2	43	25	-3	2	-5	3	7	-4	9	-5	-3	2	-8	5	-5	4	-14	11	0	2	2	6	-4	0	0	32	-1	0	0	1	0	1	1	0
2	43	26	-3	2	-5	3	2	-1	1	0	-4	3	-7	5	1	1	1	2	0	2	1	3	-4	0	-3	5	-1	0	-1	1	0	1	0	0
2	43	27	-3	2	-5	3	2	-1	3	-1	0	1	-1	2	4	-1	5	-1	0	1	2	3	-4	-3	0	5	-1	-1	0	1	0	0	1	0
2	43	28	-3	2	-5	3	1	0	1	1	-1	2	-2	3	11	-4	14	-5	0	2	2	6	-4	0	0	32	-1	0	0	1	0	1	1	0
2	43	29	-3	2	-5	3	2	-1	5	-2	4	-1	5	-1	11	-3	15	-4	0	0	3	7	-4	-4	5	45	-1	-1	1	1	0	0	0	0
2	43	30	-3	2	-5	3	3	-2	5	-3	1	0	0	1	1	0	0	1	0	0	2	2	-4	-4	0	0	-1	-1	0	0	0	0	2	2
2	43	31	-3	2	-5	3	3	-2	2	-1	-5	4	-9	7	-1	4	-2	7	0	2	2	6	-4	0	0	32	-1	0	0	1	0	1	1	0
2	43	32	-3	2	-5	3	1	-1	2	-1	1	1	1	2	2	3	3	5	0	0	3	7	-4	-4	5	45	-1	-1	1	1	0	0	0	0
2	43	33	-3	2	-5	3	4	-3	3	-2	-6	5	-11	9	-5	9	-9	16	0	2	3	11	-4	0	5	117	-1	0	1	1	0	1	0	0
2	43	34	-3	2	-5	3	5	-3	2	-1	-11	7	-19	12	-4	11	-7	19	0	4	1	15	-4	12	-3	221	-1	1	-1	1	0	0	0	0
2	43	35	-3	2	-5	3	2	-1	-1	1	-8	5	-13	8	2	3	3	5	0	3	0	7	-4	5	-4	45	-1	1	-1	1	0	0	0	0
2	43	36	-3	2	-5	3	1	0	-1	1	-5	2	-8	3	-1	4	-2	7	0	2	-2	6	-4	0	0	32	-1	0	0	1	0	1	0	0
2	43	37	-3	2	-5	3	3	-2	-1	1	-11	8	-18	13	5	8	8	13	0	4	2	18	-4	12	0	320	-1	1	0	1	0	0	1	0
2	43	38	-3	2	-5	3	2	-1	-3	2	-12	7	-19	11	7	5	11	8	0	4	-1	15	-4	12	-3	221	-1	1	-1	1	0	0	0	0
2	43	39	-3	2	-5	3	-1	1	-4	3	-5	3	-7	4	4	-1	5	-1	0	2	-1	3	-4	0	-3	5	-1	0	-1	1	0	1	0	0
2	43	40	-3	2	-5	3	-1	1	-3	2	-3	1	-4	1	1	1	1	2	0	1	-2	3	-4	-3	0	5	-1	-1	0	1	0	0	0	0
2	43	41	-3	2	-5	3	-1	1	-2	1	-1	-1	-1	-2	2	3	3	5	0	0	-3	7	-4	-4	5	45	-1	-1	1	1	0	0	0	0
2	43	42	-3	2	-5	3	1	0	-1	1	-5	2	-8	3	-1	4	-2	7	0	2	-2	6	-4	0	0	32	-1	0	0	1	0	1	0	0
2	43	43	-3	2	-5	3	-3	2	-5	3	-1	0	0	-1	1	0	0	1	0	0	-2	2	-4	-4	0	0	-1	-1	0	0	0	0	0	2
2	43	44	-3	2	-5	3	-1	1	-5	4	-7	5	-10	7	11	-3	15	-4	0	3	0	7	-4	5	-4	45	-1	1	-1	1	0	0	0	0
2	43	45	-3	2	-5	3	1	0	1	1	-1	2	-2	3	11	-4	14	-5	0	2	2	6	-4	0	0	32	-1	0	0	1	0	1	1	0
2	43	46	-3	2	-5	3	-1	1	-6	5	-9	7	-13	10	22	-5	31	-7	0	4	1	15	-4	12	-3	221	-1	1	-1	1	0	0	0	0
2	43	47	-3	2	-5	3	-3	2	-11	7	-13	8	-18	11	29	-8	40	-11	0	4	-2	18	-4	12	0	320	-1	1	0	1	0	0	0	0
2	43	48	-3	2	-5	3	-3	2	-8	5	-7	4	-9	5	11	-4	14	-5	0	2	-2	6	-4	0	0	32	-1	0	0	1	0	1	0	0
2	43	49	-3	2	-5	3	-2	1	-5	2	-4	1	-5	1	11	-3	15	-4	0	0	-3	7	-4	-4	5	45	-1	-1	1	1	0	0	0	0
2	43	50	-3	2	-5	3	-4	3	-11	8	-10	7	-13	9	29	-11	37	-14	0	4	-1	15	-4	12	-3	221	-1	1	-1	1	0	0	0	0
2	43	51	-3	2	-5	3	-5	3	-12	7	-9	5	-11	6	22	-9	27	-11	0	2	-3	11	-4	0	5	117	-1	0	1	1	0	1	0	0
2	44	0	-1	1	-5	4	0	1	-1	2	-1	1	-4	3	2	-1	-1	1	3	2	2	3	5	0	0	5	1	0	0	1	0	1	1	0
2	44	1	-1	1	-5	4	-1	2	-2	3	-1	1	-3	2	3	-2	-4	3	3	2	1	6	5	0	-3	32	1	0	-1	1	0	1	0	0
2	44	2	-1	1	-5	4	-2	3	-3	4	-1	1	-2	1	4	-3	-9	7	3	2	0	11	5	0	-4	117	1	0	-1	1	0	1	0	0
2	44	3	-1	1	-5	4	5	-1	6	-1	1	0	-1	1	2	-1	-1	1	3	4	2	3	5	12	0	5	1	1	0	1	0	0	1	0
2	44	4	-1	1	-5	4	-7	5	-10	7	-3	2	-5	3	-4	3	-15	11	3	0	0	7	5	-4	-4	45	1	-1	-1	1	0	0	0	0
2	44	5	-1	1	-5	4	4	-1	5	-1	1	0	0	1	1	0	0	1	3	3	2	2	5	5	0	0	1	1	0	0	0	0	2	2
2	44	6	-1	1	-5	4	1	2	1	3	0	1	-1	2	16	-11	19	-13	3	4	2	3	5	12	0	5	1	1	0	1	0	0	1	0
2	44	7	-1	1	-5	4	8	-3	11	-4	3	-1	4	-1	-6	5	-11	9	3	4	2	3	5	12	0	5	1	1	0	1	0	0	1	0
2	44	8	-1	1	-5	4	7	-4	9	-5	2	-1	1	0	-6	5	-11	9	3	2	2	3	5	0	0	5	1	0	0	1	0	1	1	0
2	44	9	-1	1	-5	4	-4	3	-7	5	-3	2	-8	5	-3	2	-14	9	3	1	2	6	5	-3	0	32	1	-1	0	1	0	0	1	0
2	44	10	-1	1	-5	4	-3	2	-5	3	-2	1	-5	2	-4	3	-15	11	3	0	0	7	5	-4	-4	45	1	-1	-1	1	0	0	0	0
2	44	11	-1	1	-5	4	-5	4	-9	7	-4	3	-11	8	2	-1	-1	1	3	2	4	3	5	0	12	5	1	0	1	1	0	1	0	0
2	44	12	-1	1	-5	4	-8	5	-13	8	-5	3	-12	7	-14	9	-39	25	3	0	2	11	5	-4	0	117	1	-1	0	1	0	0	1	0
2	44	13	-1	1	-5	4	3	-1	4	-1	1	0	1	1	0	1	-1	3	3	2	2	3	5	0	0	5	1	0	0	1	0	1	1	0
2	44	14	-1	1	-5	4	1	1	1	2	0	1	-1	3	11	-6	24	-13	3	3	3	-2	5	5	5	0	1	1	1	0	0	0	0	0
2	44	15	-1	1	-5	4	-1	3	-2	5	-1	2	-3	5	28	-17	61	-37	3	4	4	-9	5	12	12	77	1	1	1	1	0	0	0	0
2	44	16	-1	1	-5	4	7	-2	11	-3	4	-1	9	-2	0	1	-1	3	3	4	2	3	5	12	0	5	1	1	0	1	0	0	1	0
2	44	17	-1	1	-5	4	-5	4	-9	7	-4	3	-11	8	2	-1	-1	1	3	2	4	3	5	0	12	5	1	0	1	1	0	1	0	0
2	44	18	-1	1	-5	4	5	-2	8	-3	3	-1	7	-2	-5	4	-14	11	3	2	1	6	5	0	-3	32	1	0	-1	1	0	1	0	0
2	44	19	-1	1	-5	4	2	1	3	2	1	1	2	3	24	-13	61	-33	3	4	4	-9	5	12	12	77	1	1	1	1	0	0	0	0
2	44	20	-1	1	-5	4	7	-3	12	-5	5	-2	13	-5	-14	9	-39	25	3	2	0	11	5	0	-4	117	1	0	-1	1	0	1	0	0
2	44	21	-1	1	-5	4	8	-5	13	-8	5	-3	12	-7	-14	9	-39	25	3	0	-2	11	5	-4	0	117	1	-1	0	1	0	0	0	0
2	44	22	-1	1	-5	4	5	-3	7	-4	2	-1	3	-1	-5	4	-14	11	3	1	1	6	5	-3	-3	32	1	-1	-1	1	0	0	0	0
2	44	23	-1	1	-5	4	3	-2	5	-3	2	-1	5	-2	-4	3	-15	11	3	0	0	7	5	-4	-4	45	1	-1	-1	1	0	0	0	0
2	44	24	-1	1	-5	4	7	-5	10	-7	3	-2	5	-3	-4	3	-15	11	3	0	0	7	5	-4	-4	45	1	-1	-1	1	0	0	0	0
2	44	25	-1	1	-5	4	7	-4	9	-5	2	-1	1	0	-6	5	-11	9	3	2	2	3	5	0	0	5	1	0	0	1	0	1	1	0
2	44	26	-1	1	-5	4	2	-1	1	0	-1	1	-6	5	0	1	-1	3	3	2	4	3	5	0	12	5	1	0	1	1	0	1	0	0
2	44	27	-1	1	-5	4	2	-1	3	-1	1	0	2	1	-1	2	-4	7	3	1	2	6	5	-3	0	32	1	-1	0	1	0	0	1	0
2	44	28	-1	1	-5	4	1	0	1	1	0	1	-1	4	6	-1	19	-3	3	2	4	3	5	0	12	5	1	0	1	1	0	1	0	0
2	44	29	-1	1	-5	4	2	-1	5	-2	3	-1	10	-3	-4	3	-15	11	3	0	0	7	5	-4	-4	45	1	-1	-1	1	0	0	0	0
2	44	30	-1	1	-5	4	3	-2	5	-3	2	-1	5	-2	-4	3	-15	11	3	0	0	7	5	-4	-4	45	1	-1	-1	1	0	0	0	0
2	44	31	-1	1	-5	4	3	-2	2	-1	-1	1	-7	6	-1	2	-4	7	3	2	5	6	5	0	21	32	1	0	1	1	0	1	0	0
2	44	32	-1	1	-5	4	1	-1	2	-1	1	0	3	1	-2	3	-9	13	3	0	2	11	5	-4	0	117	1	-1	0	1	0	0	1	0
2	44	33	-1	1	-5	4	4	-3	3	-2	-1	1	-8	7	-2	3	-9	13	3	2	6	11	5	0	32	117	1	0	1	1	0	1	0	0
2	44	34	-1	1	-5	4	5	-3	2	-1	-3	2	-17	11	0	-1	1	-9	3	4	8	-9	5	12	60	77	1	1	1	1	0	0	0	0
2	44	35	-1	1	-5	4	2	-1	-1	1	-3	2	-14	9	-1	0	-6	-1	3	3	6	-2	5	5	32	0	1	1	1	0	0	0	0	0
2	44	36	-1	1	-5	4	1	0	-1	1	-2	1	-9	4	-2	1	-11	5	3	2	2	3	5	0	0	5	1	0	0	1	0	1	1	0
2	44	37	-1	1	-5	4	3	-2	-1	1	-4	3	-19	14	0	1	-1	3	3	4	10	3	5	12	96	5	1	1	1	1	0	0	0	0
2	44	38	-1	1	-5	4	2	-1	-3	2	-5	3	-22	13	-4	-1	-19	-5	3	4	8	-9	5	12	60	77	1	1	1	1	0	0	0	0
2	44	39	-1	1	-5	4	-1	1	-4	3	-3	2	-11	7	-2	1	-11	5	3	2	4	3	5	0	12	5	1	0	1	1	0	1	0	0
2	44	40	-1	1	-5	4	-1	1	-3	2	-2	1	-7	3	-3	2	-14	9	3	1	1	6	5	-3	-3	32	1	-1	-1	1	0	0	0	0
2	44	41	-1	1	-5	4	-1	1	-2	1	-1	0	-3	-1	-2	3	-9	13	3	0	-2	11	5	-4	0	117	1	-1	0	1	0	0	0	0
2	44	42	-1	1	-5	4	1	0	-1	1	-2	1	-9	4	-2	1	-11	5	3	2	2	3	5	0	0	5	1	0	0	1	0	1	1	0
2	44	43	-1	1	-5	4	-3	2	-5	3	-2	1	-5	2	-4	3	-15	11	3	0	0	7	5	-4	-4	45	1	-1	-1	1	0	0	0	0
2	44	44	-1	1	-5	4	-1	1	-5	4	-4	3	-15	11	1	0	0	1	3	3	7	2	5	5	45	0	1	1	1	0	0	0	0	2
2	44	45	-1	1	-5	4	1	0	1	1	0	1	-1	4	6	-1	19	-3	3	2	4	3	5	0	12	5	1	0	1	1	0	1	0	0
2	44	46	-1	1	-5	4	-1	1	-6	5	-5	4	-19	15	6	-1	19	-3	3	4	10	3	5	12	96	5	1	1	1	1	0	0	0	0
2	44	47	-1	1	-5	4	-3	2	-11	7	-8	5	-29	18	-16	5	-61	19	3	4	10	3	5	12	96	5	1	1	1	1	0	0	0	0
2	44	48	-1	1	-5	4	-3	2	-8	5	-5	3	-17	10	-9	4	-34	15	3	2	5	6	5	0	21	32	1	0	1	1	0	1	0	0
2	44	49	-1	1	-5	4	-2	1	-5	2	-3	1	-10	3	-4	3	-15	11	3	0	0	7	5	-4	-4	45	1	-1	-1	1	0	0	0	0
2	44	50	-1	1	-5	4	-4	3	-11	8	-7	5	-24	17	-2	1	-11	5	3	4	10	3	5	12	96	5	1	1	1	1	0	0	0	0
2	44	51	-1	1	-5	4	-5	3	-12	7	-7	4	-23	13	-20	9	-69	31	3	2	6	11	5	0	32	117	1	0	1	1	0	1	0	0
2	45	0	1	0	1	1	0	1	-1	2	0	1	-1	3	-1	1	-5	4	2	2	3	3	0	0	5	5	0	0	1	1	1	1	0	0
2	45	1	1	0	1	1	-1	2	-2	3	-1	2	-3	5	-5	4	-14	11	2	2	4	6	0	0	12	32	0	0	1	1	1	1	0	0
2	45	2	1	0	1	1	-2	3	-3	4	-2	3	-5	7	-11	9	-27	22	2	2	5	11	0	0	21	117	0	0	1	1	1	1	0	0
2	45	3	1	0	1	1	5	-1	6	-1	5	-1	11	-2	0	1	-1	3	2	4	3	3	0	12	5	5	0	1	1	1	1	0	0	0
2	45	4	1	0	1	1	-7	5	-10	7	-7	5	-17	12	-34	25	-83	61	2	0	5	27	0	-4	21	725	0	-1	1	1	1	0	0	0
2	45	5	1	0	1	1	4	-1	5	-1	4	-1	9	-2	0	1	-1	3	2	3	2	3	0	5	0	5	0	1	0	1	1	0	1	0
2	45	6	1	0	1	1	1	2	1	3	1	2	2	5	-5	4	-14	11	2	4	6	6	0	12	32	32	0	1	1	1	1	0	0	0
2	45	7	1	0	1	1	8	-3	11	-4	8	-3	19	-7	-11	9	-27	22	2	4	1	11	0	12	-3	117	0	1	-1	1	1	0	0	0
2	45	8	1	0	1	1	7	-4	9	-5	7	-4	16	-9	-19	16	-44	37	2	2	-2	18	0	0	0	320	0	0	0	1	1	1	0	0
2	45	9	1	0	1	1	-4	3	-7	5	-4	3	-11	8	-14	9	-39	25	2	1	4	11	0	-3	12	117	0	-1	1	1	1	0	0	0
2	45	10	1	0	1	1	-3	2	-5	3	-3	2	-8	5	-5	4	-14	11	2	0	2	6	0	-4	0	32	0	-1	0	1	1	0	1	0
2	45	11	1	0	1	1	-5	4	-9	7	-5	4	-14	11	-27	16	-76	45	2	2	6	18	0	0	32	320	0	0	1	1	1	1	0	0
2	45	12	1	0	1	1	-8	5	-13	8	-8	5	-21	13	-39	25	-103	66	2	0	5	27	0	-4	21	725	0	-1	1	1	1	0	0	0
2	45	13	1	0	1	1	3	-1	4	-1	3	-1	7	-2	0	1	-1	3	2	2	1	3	0	0	-3	5	0	0	-1	1	1	1	0	0
2	45	14	1	0	1	1	1	1	1	2	1	1	2	3	-1	1	-5	4	2	3	4	3	0	5	12	5	0	1	1	1	1	0	0	0
2	45	15	1	0	1	1	-1	3	-2	5	-1	3	-3	8	-14	9	-39	25	2	4	7	11	0	12	45	117	0	1	1	1	1	0	0	0
2	45	16	1	0	1	1	7	-2	11	-3	7	-2	18	-5	-5	4	-14	11	2	4	2	6	0	12	0	32	0	1	0	1	1	0	1	0
2	45	17	1	0	1	1	-5	4	-9	7	-5	4	-14	11	-27	16	-76	45	2	2	6	18	0	0	32	320	0	0	1	1	1	1	0	0
2	45	18	1	0	1	1	5	-2	8	-3	5	-2	13	-5	-5	4	-14	11	2	2	0	6	0	0	-4	32	0	0	-1	1	1	1	0	0
2	45	19	1	0	1	1	2	1	3	2	2	1	5	3	-1	1	-5	4	2	4	5	3	0	12	21	5	0	1	1	1	1	0	0	0
2	45	20	1	0	1	1	7	-3	12	-5	7	-3	19	-8	-14	9	-39	25	2	2	-1	11	0	0	-3	117	0	0	-1	1	1	1	0	0
2	45	21	1	0	1	1	8	-5	13	-8	8	-5	21	-13	-39	25	-103	66	2	0	-5	27	0	-4	21	725	0	-1	1	1	1	0	0	0
2	45	22	1	0	1	1	5	-3	7	-4	5	-3	12	-7	-11	9	-27	22	2	1	-2	11	0	-3	0	117	0	-1	0	1	1	0	0	0
2	45	23	1	0	1	1	3	-2	5	-3	3	-2	8	-5	-5	4	-14	11	2	0	-2	6	0	-4	0	32	0	-1	0	1	1	0	0	0
2	45	24	1	0	1	1	7	-5	10	-7	7	-5	17	-12	-34	25	-83	61	2	0	-5	27	0	-4	21	725	0	-1	1	1	1	0	0	0
2	45	25	1	0	1	1	7	-4	9	-5	7	-4	16	-9	-19	16	-44	37	2	2	-2	18	0	0	0	320	0	0	0	1	1	1	0	0
2	45	26	1	0	1	1	2	-1	1	0	2	-1	3	-1	1	1	1	2	2	2	1	3	0	0	-3	5	0	0	-1	1	1	1	0	0
2	45	27	1	0	1	1	2	-1	3	-1	2	-1	5	-2	0	1	-1	3	2	1	0	3	0	-3	-4	5	0	-1	-1	1	1	0	0	0
2	45	28	1	0	1	1	1	0	1	1	1	0	2	1	1	0	0	1	2	2	2	2	0	0	0	0	0	0	0	0	1	1	1	2
2	45	29	1	0	1	1	2	-1	5	-2	2	-1	7	-3	-1	1	-5	4	2	0	-1	3	0	-4	-3	5	0	-1	-1	1	1	0	0	0
2	45	30	1	0	1	1	3	-2	5	-3	3	-2	8	-5	-5	4	-14	11	2	0	-2	6	0	-4	0	32	0	-1	0	1	1	0	0	0
2	45	31	1	0	1	1	3	-2	2	-1	3	-2	5	-3	-1	4	-2	7	2	2	0	6	0	0	-4	32	0	0	-1	1	1	1	0	0
2	45	32	1	0	1	1	1	-1	2	-1	1	-1	3	-2	0	1	-1	3	2	0	-1	3	0	-4	-3	5	0	-1	-1	1	1	0	0	0
2	45	33	1	0	1	1	4	-3	3	-2	4	-3	7	-5	-5	9	-9	16	2	2	-1	11	0	0	-3	117	0	0	-1	1	1	1	0	0
2	45	34	1	0	1	1	5	-3	2	-1	5	-3	7	-4	-2	9	-3	13	2	4	1	11	0	12	-3	117	0	1	-1	1	1	0	0	0
2	45	35	1	0	1	1	2	-1	-1	1	2	-1	1	0	2	1	1	1	2	3	2	3	0	5	0	5	0	1	0	1	1	0	1	0
2	45	36	1	0	1	1	1	0	-1	1	1	0	0	1	1	0	0	1	2	2	2	2	0	0	0	0	0	0	0	0	1	1	2	2
2	45	37	1	0	1	1	3	-2	-1	1	3	-2	2	-1	3	4	2	3	2	4	2	6	0	12	0	32	0	1	0	1	1	0	1	0
2	45	38	1	0	1	1	2	-1	-3	2	2	-1	-1	1	3	1	-1	0	2	4	3	3	0	12	5	5	0	1	1	1	1	0	0	0
2	45	39	1	0	1	1	-1	1	-4	3	-1	1	-5	4	-2	1	-11	5	2	2	3	3	0	0	5	5	0	0	1	1	1	1	0	0
2	45	40	1	0	1	1	-1	1	-3	2	-1	1	-4	3	-1	1	-5	4	2	1	2	3	0	-3	0	5	0	-1	0	1	1	0	1	0
2	45	41	1	0	1	1	-1	1	-2	1	-1	1	-3	2	0	1	-1	3	2	0	1	3	0	-4	-3	5	0	-1	-1	1	1	0	0	0
2	45	42	1	0	1	1	1	0	-1	1	1	0	0	1	1	0	0	1	2	2	2	2	0	0	0	0	0	0	0	0	1	1	2	2
2	45	43	1	0	1	1	-3	2	-5	3	-3	2	-8	5	-5	4	-14	11	2	0	2	6	0	-4	0	32	0	-1	0	1	1	0	1	0
2	45	44	1	0	1	1	-1	1	-5	4	-1	1	-6	5	-3	1	-19	6	2	3	4	3	0	5	12	5	0	1	1	1	1	0	0	0
2	45	45	1	0	1	1	1	0	1	1	1	0	2	1	1	0	0	1	2	2	2	2	0	0	0	0	0	0	0	0	1	1	1	2
2	45	46	1	0	1	1	-1	1	-6	5	-1	1	-7	6	-4	1	-29	7	2	4	5	3	0	12	21	5	0	1	1	1	1	0	0	0
2	45	47	1	0	1	1	-3	2	-11	7	-3	2	-14	9	-13	4	-62	19	2	4	6	6	0	12	32	32	0	1	1	1	1	0	0	0
2	45	48	1	0	1	1	-3	2	-8	5	-3	2	-11	7	-9	4	-34	15	2	2	4	6	0	0	12	32	0	0	1	1	1	1	0	0
2	45	49	1	0	1	1	-2	1	-5	2	-2	1	-7	3	-1	1	-5	4	2	0	1	3	0	-4	-3	5	0	-1	-1	1	1	0	0	0
2	45	50	1	0	1	1	-4	3	-11	8	-4	3	-15	11	-23	9	-87	34	2	4	7	11	0	12	45	117	0	1	1	1	1	0	0	0
2	45	51	1	0	1	1	-5	3	-12	7	-5	3	-17	10	-20	9	-69	31	2	2	5	11	0	0	21	117	0	0	1	1	1	1	0	0
2	46	0	-1	1	-6	5	0	1	-1	2	-1	1	-5	4	2	-1	-1	1	4	2	3	3	12	0	5	5	1	0	1	1	0	1	0	0
2	46	1	-1	1	-6	5	-1	2	-2	3	-1	1	-4	3	3	-2	-4	3	4	2	2	6	12	0	0	32	1	0	0	1	0	1	1	0
2	46	2	-1	1	-6	5	-2	3	-3	4	-1	1	-3	2	4	-3	-9	7	4	2	1	11	12	0	-3	117	1	0	-1	1	0	1	0	0
2	46	3	-1	1	-6	5	5	-1	6	-1	1	0	0	1	1	0	0	1	4	4	2	2	12	12	0	0	1	1	0	0	0	0	2	2
2	46	4	-1	1	-6	5	-7	5	-10	7	-3	2	-8	5	-11	8	-40	29	4	0	2	18	12	-4	0	320	1	-1	0	1	0	0	1	0
2	46	5	-1	1	-6	5	4	-1	5	-1	1	0	1	1	0	1	-1	3	4	3	2	3	12	5	0	5	1	1	0	1	0	0	1	0
2	46	6	-1	1	-6	5	1	2	1	3	0	1	-1	3	19	-13	41	-28	4	4	3	-9	12	12	5	77	1	1	1	1	0	0	0	0
2	46	7	-1	1	-6	5	8	-3	11	-4	3	-1	7	-2	-14	11	-37	29	4	4	1	15	12	12	-3	221	1	1	-1	1	0	0	0	0
2	46	8	-1	1	-6	5	7	-4	9	-5	2	-1	3	-1	-11	9	-27	22	4	2	1	11	12	0	-3	117	1	0	-1	1	0	1	0	0
2	46	9	-1	1	-6	5	-4	3	-7	5	-3	2	-11	7	-8	5	-37	23	4	1	4	15	12	-3	12	221	1	-1	1	1	0	0	0	0
2	46	10	-1	1	-6	5	-3	2	-5	3	-2	1	-7	3	-7	5	-31	22	4	0	1	15	12	-4	-3	221	1	-1	-1	1	0	0	0	0
2	46	11	-1	1	-6	5	-5	4	-9	7	-4	3	-15	11	-5	3	-27	16	4	2	7	11	12	0	45	117	1	0	1	1	0	1	0	0
2	46	12	-1	1	-6	5	-8	5	-13	8	-5	3	-17	10	-30	19	-109	69	4	0	5	39	12	-4	21	1517	1	-1	1	1	0	0	0	0
2	46	13	-1	1	-6	5	3	-1	4	-1	1	0	2	1	-1	2	-4	7	4	2	2	6	12	0	0	32	1	0	0	1	0	1	1	0
2	46	14	-1	1	-6	5	1	1	1	2	0	1	-1	4	13	-7	41	-22	4	3	4	-9	12	5	12	77	1	1	1	1	0	0	0	0
2	46	15	-1	1	-6	5	-1	3	-2	5	-1	2	-4	7	33	-20	104	-63	4	4	6	-30	12	12	32	896	1	1	1	1	0	0	0	0
2	46	16	-1	1	-6	5	7	-2	11	-3	4	-1	13	-3	-9	7	-31	24	4	4	1	15	12	12	-3	221	1	1	-1	1	0	0	0	0
2	46	17	-1	1	-6	5	-5	4	-9	7	-4	3	-15	11	-5	3	-27	16	4	2	7	11	12	0	45	117	1	0	1	1	0	1	0	0
2	46	18	-1	1	-6	5	5	-2	8	-3	3	-1	10	-3	-11	8	-40	29	4	2	0	18	12	0	-4	320	1	0	-1	1	0	1	0	0
2	46	19	-1	1	-6	5	2	1	3	2	1	1	3	4	28	-15	99	-53	4	4	5	-25	12	12	21	621	1	1	1	1	0	0	0	0
2	46	20	-1	1	-6	5	7	-3	12	-5	5	-2	18	-7	-29	18	-108	67	4	2	-2	38	12	0	0	1440	1	0	0	1	0	1	0	0
2	46	21	-1	1	-6	5	8	-5	13	-8	5	-3	17	-10	-30	19	-109	69	4	0	-5	39	12	-4	21	1517	1	-1	1	1	0	0	0	0
2	46	22	-1	1	-6	5	5	-3	7	-4	2	-1	5	-2	-9	7	-31	24	4	1	0	15	12	-3	-4	221	1	-1	-1	1	0	0	0	0
2	46	23	-1	1	-6	5	3	-2	5	-3	2	-1	7	-3	-7	5	-31	22	4	0	-1	15	12	-4	-3	221	1	-1	-1	1	0	0	0	0
2	46	24	-1	1	-6	5	7	-5	10	-7	3	-2	8	-5	-11	8	-40	29	4	0	-2	18	12	-4	0	320	1	-1	0	1	0	0	0	0
2	46	25	-1	1	-6	5	7	-4	9	-5	2	-1	3	-1	-11	9	-27	22	4	2	1	11	12	0	-3	117	1	0	-1	1	0	1	0	0
2	46	26	-1	1	-6	5	2	-1	1	0	-1	1	-7	6	0	1	-1	3	4	2	5	3	12	0	21	5	1	0	1	1	0	1	0	0
2	46	27	-1	1	-6	5	2	-1	3	-1	1	0	3	1	-2	3	-9	13	4	1	2	11	12	-3	0	117	1	-1	0	1	0	0	1	0
2	46	28	-1	1	-6	5	1	0	1	1	0	1	-1	5	7	-1	29	-4	4	2	5	3	12	0	21	5	1	0	1	1	0	1	0	0
2	46	29	-1	1	-6	5	2	-1	5	-2	3	-1	13	-4	-8	5	-37	23	4	0	-1	15	12	-4	-3	221	1	-1	-1	1	0	0	0	0
2	46	30	-1	1	-6	5	3	-2	5	-3	2	-1	7	-3	-7	5	-31	22	4	0	-1	15	12	-4	-3	221	1	-1	-1	1	0	0	0	0
2	46	31	-1	1	-6	5	3	-2	2	-1	-1	1	-8	7	-1	2	-4	7	4	2	6	6	12	0	32	32	1	0	1	1	0	1	0	0
2	46	32	-1	1	-6	5	1	-1	2	-1	1	0	4	1	-3	4	-16	21	4	0	2	18	12	-4	0	320	1	-1	0	1	0	0	1	0
2	46	33	-1	1	-6	5	4	-3	3	-2	-1	1	-9	8	-2	3	-9	13	4	2	7	11	12	0	45	117	1	0	1	1	0	1	0	0
2	46	34	-1	1	-6	5	5	-3	2	-1	-3	2	-20	13	1	-4	8	-31	4	4	10	-30	12	12	96	896	1	1	1	1	0	0	0	0
2	46	35	-1	1	-6	5	2	-1	-1	1	-3	2	-17	11	-2	-1	-13	-7	4	3	8	-9	12	5	60	77	1	1	1	1	0	0	0	0
2	46	36	-1	1	-6	5	1	0	-1	1	-2	1	-11	5	-3	1	-19	6	4	2	3	3	12	0	5	5	1	0	1	1	0	1	0	0
2	46	37	-1	1	-6	5	3	-2	-1	1	-4	3	-23	17	-1	-1	-7	-8	4	4	13	-9	12	12	165	77	1	1	1	1	0	0	0	0
2	46	38	-1	1	-6	5	2	-1	-3	2	-5	3	-27	16	-8	-3	-45	-17	4	4	11	-25	12	12	117	621	1	1	1	1	0	0	0	0
2	46	39	-1	1	-6	5	-1	1	-4	3	-3	2	-14	9	-5	2	-28	11	4	2	6	6	12	0	32	32	1	0	1	1	0	1	0	0
2	46	40	-1	1	-6	5	-1	1	-3	2	-2	1	-9	4	-5	3	-27	16	4	1	2	11	12	-3	0	117	1	-1	0	1	0	0	1	0
2	46	41	-1	1	-6	5	-1	1	-2	1	-1	0	-4	-1	-3	4	-16	21	4	0	-2	18	12	-4	0	320	1	-1	0	1	0	0	0	0
2	46	42	-1	1	-6	5	1	0	-1	1	-2	1	-11	5	-3	1	-19	6	4	2	3	3	12	0	5	5	1	0	1	1	0	1	0	0
2	46	43	-1	1	-6	5	-3	2	-5	3	-2	1	-7	3	-7	5	-31	22	4	0	1	15	12	-4	-3	221	1	-1	-1	1	0	0	0	0
2	46	44	-1	1	-6	5	-1	1	-5	4	-4	3	-19	14	-3	1	-19	6	4	3	10	3	12	5	96	5	1	1	1	1	0	0	0	0
2	46	45	-1	1	-6	5	1	0	1	1	0	1	-1	5	7	-1	29	-4	4	2	5	3	12	0	21	5	1	0	1	1	0	1	0	0
2	46	46	-1	1	-6	5	-1	1	-6	5	-5	4	-24	19	1	0	0	1	4	4	14	2	12	12	192	0	1	1	1	0	0	0	0	2
2	46	47	-1	1	-6	5	-3	2	-11	7	-8	5	-37	23	-37	11	-175	52	4	4	15	15	12	12	221	221	1	1	1	1	0	0	0	0
2	46	48	-1	1	-6	5	-3	2	-8	5	-5	3	-22	13	-19	8	-88	37	4	2	8	18	12	0	60	320	1	0	1	1	0	1	0	0
2	46	49	-1	1	-6	5	-2	1	-5	2	-3	1	-13	4	-8	5	-37	23	4	0	1	15	12	-4	-3	221	1	-1	-1	1	0	0	0	0
2	46	50	-1	1	-6	5	-4	3	-11	8	-7	5	-31	22	-18	7	-85	33	4	4	15	15	12	12	221	221	1	1	1	1	0	0	0	0
2	46	51	-1	1	-6	5	-5	3	-12	7	-7	4	-30	17	-41	18	-180	79	4	2	10	38	12	0	96	1440	1	0	1	1	0	1	0	0
2	47	0	-3	2	-11	7	0	1	-1	2	-2	1	-7	3	-5	3	-27	16	4	2	1	11	12	0	-3	117	1	0	-1	1	0	1	0	0
2	47	1	-3	2	-11	7	-1	2	-2	3	-1	0	-3	-1	-17	12	-78	55	4	2	-2	38	12	0	0	1440	1	0	0	1	0	1	0	0
2	47	2	-3	2	-11	7	-2	3	-3	4	0	-1	1	-5	-35	27	-153	118	4	2	-5	83	12	0	21	6885	1	0	1	1	0	1	0	0
2	47	3	-3	2	-11	7	5	-1	6	-1	-3	1	-13	4	-8	5	-37	23	4	4	1	15	12	12	-3	221	1	1	-1	1	0	0	0	0
2	47	4	-3	2	-11	7	-7	5	-10	7	1	-1	7	-6	-18	13	-79	57	4	0	-5	39	12	-4	21	1517	1	-1	1	1	0	0	0	0
2	47	5	-3	2	-11	7	4	-1	5	-1	-2	1	-9	4	-2	1	-11	5	4	3	2	3	12	5	0	5	1	1	0	1	0	0	1	0
2	47	6	-3	2	-11	7	1	2	1	3	-1	0	-4	-1	-23	16	-128	89	4	4	-2	66	12	12	0	4352	1	1	0	1	0	0	0	0
2	47	7	-3	2	-11	7	8	-3	11	-4	-2	1	-11	5	1	-1	11	-10	4	4	3	-9	12	12	5	77	1	1	1	1	0	0	0	0
2	47	8	-3	2	-11	7	7	-4	9	-5	-3	2	-14	9	-5	4	-14	11	4	2	6	6	12	0	32	32	1	0	1	1	0	1	0	0
2	47	9	-3	2	-11	7	-4	3	-7	5	-2	1	-5	2	-8	5	-37	23	4	1	0	15	12	-3	-4	221	1	-1	-1	1	0	0	0	0
2	47	10	-3	2	-11	7	-3	2	-5	3	-1	0	-2	-1	-11	8	-40	29	4	0	-2	18	12	-4	0	320	1	-1	0	1	0	0	0	0
2	47	11	-3	2	-11	7	-5	4	-9	7	-3	2	-8	5	7	-4	2	-1	4	2	2	6	12	0	0	32	1	0	0	1	0	1	1	0
2	47	12	-3	2	-11	7	-8	5	-13	8	-2	1	-3	1	-11	7	-41	26	4	0	-1	15	12	-4	-3	221	1	-1	-1	1	0	0	0	0
2	47	13	-3	2	-11	7	3	-1	4	-1	-1	1	-5	4	0	1	-1	3	4	2	3	3	12	0	5	5	1	0	1	1	0	1	0	0
2	47	14	-3	2	-11	7	1	1	1	2	-1	1	-4	3	9	-5	11	-6	4	3	2	3	12	5	0	5	1	1	0	1	0	0	1	0
2	47	15	-3	2	-11	7	-1	3	-2	5	-1	1	-3	2	18	-11	5	-3	4	4	1	15	12	12	-3	221	1	1	-1	1	0	0	0	0
2	47	16	-3	2	-11	7	7	-2	11	-3	1	0	0	1	1	0	0	1	4	4	2	2	12	12	0	0	1	1	0	0	0	0	2	2
2	47	17	-3	2	-11	7	-5	4	-9	7	-3	2	-8	5	7	-4	2	-1	4	2	2	6	12	0	0	32	1	0	0	1	0	1	1	0
2	47	18	-3	2	-11	7	5	-2	8	-3	1	0	1	1	-5	4	-14	11	4	2	2	6	12	0	0	32	1	0	0	1	0	1	1	0
2	47	19	-3	2	-11	7	2	1	3	2	0	1	-1	3	31	-17	73	-40	4	4	3	-9	12	12	5	77	1	1	1	1	0	0	0	0
2	47	20	-3	2	-11	7	7	-3	12	-5	3	-1	7	-2	-14	9	-39	25	4	2	1	11	12	0	-3	117	1	0	-1	1	0	1	0	0
2	47	21	-3	2	-11	7	8	-5	13	-8	2	-1	3	-1	-11	7	-41	26	4	0	1	15	12	-4	-3	221	1	-1	-1	1	0	0	0	0
2	47	22	-3	2	-11	7	5	-3	7	-4	-1	1	-6	5	-9	7	-31	24	4	1	4	15	12	-3	12	221	1	-1	1	1	0	0	0	0
2	47	23	-3	2	-11	7	3	-2	5	-3	1	0	2	1	-11	8	-40	29	4	0	2	18	12	-4	0	320	1	-1	0	1	0	0	1	0
2	47	24	-3	2	-11	7	7	-5	10	-7	-1	1	-7	6	-18	13	-79	57	4	0	5	39	12	-4	21	1517	1	-1	1	1	0	0	0	0
2	47	25	-3	2	-11	7	7	-4	9	-5	-3	2	-14	9	-5	4	-14	11	4	2	6	6	12	0	32	32	1	0	1	1	0	1	0	0
2	47	26	-3	2	-11	7	2	-1	1	0	-4	3	-15	11	1	3	3	10	4	2	7	11	12	0	45	117	1	0	1	1	0	1	0	0
2	47	27	-3	2	-11	7	2	-1	3	-1	0	1	-1	4	-2	5	-7	17	4	1	4	15	12	-3	12	221	1	-1	1	1	0	0	0	0
2	47	28	-3	2	-11	7	1	0	1	1	-1	2	-4	7	19	-4	62	-13	4	2	6	6	12	0	32	32	1	0	1	1	0	1	0	0
2	47	29	-3	2	-11	7	2	-1	5	-2	4	-1	13	-3	-9	7	-31	24	4	0	1	15	12	-4	-3	221	1	-1	-1	1	0	0	0	0
2	47	30	-3	2	-11	7	3	-2	5	-3	1	0	2	1	-11	8	-40	29	4	0	2	18	12	-4	0	320	1	-1	0	1	0	0	1	0
2	47	31	-3	2	-11	7	3	-2	2	-1	-5	4	-19	15	-5	12	-18	43	4	2	10	38	12	0	96	1440	1	0	1	1	0	1	0	0
2	47	32	-3	2	-11	7	1	-1	2	-1	1	1	3	4	-8	13	-29	47	4	0	5	39	12	-4	21	1517	1	-1	1	1	0	0	0	0
2	47	33	-3	2	-11	7	4	-3	3	-2	-6	5	-23	19	-17	27	-63	100	4	2	13	83	12	0	165	6885	1	0	1	1	0	1	0	0
2	47	34	-3	2	-11	7	5	-3	2	-1	-11	7	-41	26	-2	5	-7	17	4	4	15	15	12	12	221	221	1	1	1	1	0	0	0	0
2	47	35	-3	2	-11	7	2	-1	-1	1	-8	5	-29	18	0	1	-1	3	4	3	10	3	12	5	96	5	1	1	1	1	0	0	0	0
2	47	36	-3	2	-11	7	1	0	-1	1	-5	2	-18	7	-9	4	-34	15	4	2	2	6	12	0	0	32	1	0	0	1	0	1	1	0
2	47	37	-3	2	-11	7	3	-2	-1	1	-11	8	-40	29	9	16	32	57	4	4	18	66	12	12	320	4352	1	1	1	1	0	0	0	0
2	47	38	-3	2	-11	7	2	-1	-3	2	-12	7	-43	25	-5	-1	-19	-4	4	4	13	-9	12	12	165	77	1	1	1	1	0	0	0	0
2	47	39	-3	2	-11	7	-1	1	-4	3	-5	3	-17	10	-2	1	-11	5	4	2	5	3	12	0	21	5	1	0	1	1	0	1	0	0
2	47	40	-3	2	-11	7	-1	1	-3	2	-3	1	-10	3	-11	7	-41	26	4	1	0	15	12	-3	-4	221	1	-1	-1	1	0	0	0	0
2	47	41	-3	2	-11	7	-1	1	-2	1	-1	-1	-3	-4	-8	13	-29	47	4	0	-5	39	12	-4	21	1517	1	-1	1	1	0	0	0	0
2	47	42	-3	2	-11	7	1	0	-1	1	-5	2	-18	7	-9	4	-34	15	4	2	2	6	12	0	0	32	1	0	0	1	0	1	1	0
2	47	43	-3	2	-11	7	-3	2	-5	3	-1	0	-2	-1	-11	8	-40	29	4	0	-2	18	12	-4	0	320	1	-1	0	1	0	0	0	0
2	47	44	-3	2	-11	7	-1	1	-5	4	-7	5	-24	17	19	-5	61	-16	4	3	10	3	12	5	96	5	1	1	1	1	0	0	0	0
2	47	45	-3	2	-11	7	1	0	1	1	-1	2	-4	7	19	-4	62	-13	4	2	6	6	12	0	32	32	1	0	1	1	0	1	0	0
2	47	46	-3	2	-11	7	-1	1	-6	5	-9	7	-31	24	52	-11	175	-37	4	4	15	15	12	12	221	221	1	1	1	1	0	0	0	0
2	47	47	-3	2	-11	7	-3	2	-11	7	-13	8	-44	27	1	0	0	1	4	4	14	2	12	12	192	0	1	1	1	0	0	0	0	2
2	47	48	-3	2	-11	7	-3	2	-8	5	-7	4	-23	13	-9	4	-34	15	4	2	6	6	12	0	32	32	1	0	1	1	0	1	0	0
2	47	49	-3	2	-11	7	-2	1	-5	2	-4	1	-13	3	-9	7	-31	24	4	0	-1	15	12	-4	-3	221	1	-1	-1	1	0	0	0	0
2	47	50	-3	2	-11	7	-4	3	-11	8	-10	7	-33	23	45	-17	143	-54	4	4	13	-9	12	12	165	77	1	1	1	1	0	0	0	0
2	47	51	-3	2	-11	7	-5	3	-12	7	-9	5	-29	16	-20	9	-69	31	4	2	7	11	12	0	45	117	1	0	1	1	0	1	0	0
2	48	0	-3	2	-8	5	0	1	-1	2	-2	1	-5	2	-3	2	-14	9	2	2	0	6	0	0	-4	32	0	0	-1	1	1	1	0	0
2	48	1	-3	2	-8	5	-1	2	-2	3	-1	0	-2	-1	-11	8	-40	29	2	2	-2	18	0	0	0	320	0	0	0	1	1	1	0	0
2	48	2	-3	2	-8	5	-2	3	-3	4	0	-1	1	-4	-23	18	-78	61	2	2	-4	38	0	0	12	1440	0	0	1	1	1	1	0	0
2	48	3	-3	2	-8	5	5	-1	6	-1	-3	1	-10	3	-11	8	-40	29	2	4	0	18	0	12	-4	320	0	1	-1	1	1	0	0	0
2	48	4	-3	2	-8	5	-7	5	-10	7	1	-1	6	-5	-11	8	-40	29	2	0	-4	18	0	-4	12	320	0	-1	1	1	1	0	0	0
2	48	5	-3	2	-8	5	4	-1	5	-1	-2	1	-7	3	-3	2	-14	9	2	3	1	6	0	5	-3	32	0	1	-1	1	1	0	0	0
2	48	6	-3	2	-8	5	1	2	1	3	-1	0	-3	-1	-17	12	-78	55	2	4	-2	38	0	12	0	1440	0	1	0	1	1	0	0	0
2	48	7	-3	2	-8	5	8	-3	11	-4	-2	1	-9	4	-3	2	-14	9	2	4	2	6	0	12	0	32	0	1	0	1	1	0	1	0
2	48	8	-3	2	-8	5	7	-4	9	-5	-3	2	-11	7	-5	4	-14	11	2	2	4	6	0	0	12	32	0	0	1	1	1	1	0	0
2	48	9	-3	2	-8	5	-4	3	-7	5	-2	1	-3	1	-3	2	-14	9	2	1	-1	6	0	-3	-3	32	0	-1	-1	1	1	0	0	0
2	48	10	-3	2	-8	5	-3	2	-5	3	-1	0	-1	-1	-5	4	-14	11	2	0	-2	6	0	-4	0	32	0	-1	0	1	1	0	0	0
2	48	11	-3	2	-8	5	-5	4	-9	7	-3	2	-5	3	7	-4	2	-1	2	2	0	6	0	0	-4	32	0	0	-1	1	1	1	0	0
2	48	12	-3	2	-8	5	-8	5	-13	8	-2	1	-1	0	-3	2	-14	9	2	0	-2	6	0	-4	0	32	0	-1	0	1	1	0	0	0
2	48	13	-3	2	-8	5	3	-1	4	-1	-1	1	-4	3	1	0	0	1	2	2	2	2	0	0	0	0	0	0	0	0	1	1	1	2
2	48	14	-3	2	-8	5	1	1	1	2	-1	1	-3	2	7	-4	2	-1	2	3	1	6	0	5	-3	32	0	1	-1	1	1	0	0	0
2	48	15	-3	2	-8	5	-1	3	-2	5	-1	1	-2	1	13	-8	-8	5	2	4	0	18	0	12	-4	320	0	1	-1	1	1	0	0	0
2	48	16	-3	2	-8	5	7	-2	11	-3	1	0	-1	1	7	-4	2	-1	2	4	2	6	0	12	0	32	0	1	0	1	1	0	1	0
2	48	17	-3	2	-8	5	-5	4	-9	7	-3	2	-5	3	7	-4	2	-1	2	2	0	6	0	0	-4	32	0	0	-1	1	1	1	0	0
2	48	18	-3	2	-8	5	5	-2	8	-3	1	0	0	1	1	0	0	1	2	2	2	2	0	0	0	0	0	0	0	0	1	1	2	2
2	48	19	-3	2	-8	5	2	1	3	2	0	1	-1	2	25	-14	34	-19	2	4	2	6	0	12	0	32	0	1	0	1	1	0	1	0
2	48	20	-3	2	-8	5	7	-3	12	-5	3	-1	4	-1	1	0	0	1	2	2	2	2	0	0	0	0	0	0	0	0	1	1	1	2
2	48	21	-3	2	-8	5	8	-5	13	-8	2	-1	1	0	-3	2	-14	9	2	0	2	6	0	-4	0	32	0	-1	0	1	1	0	1	0
2	48	22	-3	2	-8	5	5	-3	7	-4	-1	1	-5	4	-5	4	-14	11	2	1	3	6	0	-3	5	32	0	-1	1	1	1	0	0	0
2	48	23	-3	2	-8	5	3	-2	5	-3	1	0	1	1	-5	4	-14	11	2	0	2	6	0	-4	0	32	0	-1	0	1	1	0	1	0
2	48	24	-3	2	-8	5	7	-5	10	-7	-1	1	-6	5	-11	8	-40	29	2	0	4	18	0	-4	12	320	0	-1	1	1	1	0	0	0
2	48	25	-3	2	-8	5	7	-4	9	-5	-3	2	-11	7	-5	4	-14	11	2	2	4	6	0	0	12	32	0	0	1	1	1	1	0	0
2	48	26	-3	2	-8	5	2	-1	1	0	-4	3	-11	8	1	2	2	5	2	2	4	6	0	0	12	32	0	0	1	1	1	1	0	0
2	48	27	-3	2	-8	5	2	-1	3	-1	0	1	-1	3	1	2	2	5	2	1	3	6	0	-3	5	32	0	-1	1	1	1	0	0	0
2	48	28	-3	2	-8	5	1	0	1	1	-1	2	-3	5	15	-4	34	-9	2	2	4	6	0	0	12	32	0	0	1	1	1	1	0	0
2	48	29	-3	2	-8	5	2	-1	5	-2	4	-1	9	-2	1	2	2	5	2	0	2	6	0	-4	0	32	0	-1	0	1	1	0	1	0
2	48	30	-3	2	-8	5	3	-2	5	-3	1	0	1	1	-5	4	-14	11	2	0	2	6	0	-4	0	32	0	-1	0	1	1	0	1	0
2	48	31	-3	2	-8	5	3	-2	2	-1	-5	4	-14	11	-3	8	-8	21	2	2	6	18	0	0	32	320	0	0	1	1	1	1	0	0
2	48	32	-3	2	-8	5	1	-1	2	-1	1	1	2	3	-3	8	-8	21	2	0	4	18	0	-4	12	320	0	-1	1	1	1	0	0	0
2	48	33	-3	2	-8	5	4	-3	3	-2	-6	5	-17	14	-11	18	-30	49	2	2	8	38	0	0	60	1440	0	0	1	1	1	1	0	0
2	48	34	-3	2	-8	5	5	-3	2	-1	-11	7	-30	19	-3	8	-8	21	2	4	8	18	0	12	60	320	0	1	1	1	1	0	0	0
2	48	35	-3	2	-8	5	2	-1	-1	1	-8	5	-21	13	1	2	2	5	2	3	5	6	0	5	21	32	0	1	1	1	1	0	0	0
2	48	36	-3	2	-8	5	1	0	-1	1	-5	2	-13	5	-5	4	-14	11	2	2	0	6	0	0	-4	32	0	0	-1	1	1	1	0	0
2	48	37	-3	2	-8	5	3	-2	-1	1	-11	8	-29	21	7	12	18	31	2	4	10	38	0	12	96	1440	0	1	1	1	1	0	0	0
2	48	38	-3	2	-8	5	2	-1	-3	2	-12	7	-31	18	1	2	2	5	2	4	6	6	0	12	32	32	0	1	1	1	1	0	0	0
2	48	39	-3	2	-8	5	-1	1	-4	3	-5	3	-12	7	1	0	0	1	2	2	2	2	0	0	0	0	0	0	0	0	1	1	1	2
2	48	40	-3	2	-8	5	-1	1	-3	2	-3	1	-7	2	-5	4	-14	11	2	1	-1	6	0	-3	-3	32	0	-1	-1	1	1	0	0	0
2	48	41	-3	2	-8	5	-1	1	-2	1	-1	-1	-2	-3	-3	8	-8	21	2	0	-4	18	0	-4	12	320	0	-1	1	1	1	0	0	0
2	48	42	-3	2	-8	5	1	0	-1	1	-5	2	-13	5	-5	4	-14	11	2	2	0	6	0	0	-4	32	0	0	-1	1	1	1	0	0
2	48	43	-3	2	-8	5	-3	2	-5	3	-1	0	-1	-1	-5	4	-14	11	2	0	-2	6	0	-4	0	32	0	-1	0	1	1	0	0	0
2	48	44	-3	2	-8	5	-1	1	-5	4	-7	5	-17	12	15	-4	34	-9	2	3	5	6	0	5	21	32	0	1	1	1	1	0	0	0
2	48	45	-3	2	-8	5	1	0	1	1	-1	2	-3	5	15	-4	34	-9	2	2	4	6	0	0	12	32	0	0	1	1	1	1	0	0
2	48	46	-3	2	-8	5	-1	1	-6	5	-9	7	-22	17	37	-8	88	-19	2	4	8	18	0	12	60	320	0	1	1	1	1	0	0	0
2	48	47	-3	2	-8	5	-3	2	-11	7	-13	8	-31	19	15	-4	34	-9	2	4	6	6	0	12	32	32	0	1	1	1	1	0	0	0
2	48	48	-3	2	-8	5	-3	2	-8	5	-7	4	-16	9	1	0	0	1	2	2	2	2	0	0	0	0	0	0	0	0	1	1	1	2
2	48	49	-3	2	-8	5	-2	1	-5	2	-4	1	-9	2	1	2	2	5	2	0	-2	6	0	-4	0	32	0	-1	0	1	1	0	0	0
2	48	50	-3	2	-8	5	-4	3	-11	8	-10	7	-23	16	37	-14	82	-31	2	4	6	6	0	12	32	32	0	1	1	1	1	0	0	0
2	48	51	-3	2	-8	5	-5	3	-12	7	-9	5	-20	11	1	0	0	1	2	2	2	2	0	0	0	0	0	0	0	0	1	1	1	2
2	49	0	-2	1	-5	2	0	1	-1	2	-1	0	-2	-1	-3	2	-14	9	0	2	-2	6	-4	0	0	32	-1	0	0	1	0	1	0	0
2	49	1	-2	1	-5	2	-1	2	-2	3	0	-1	1	-4	-11	8	-40	29	0	2	-4	18	-4	0	12	320	-1	0	1	1	0	1	0	0
2	49	2	-2	1	-5	2	-2	3	-3	4	1	-2	4	-7	-23	18	-78	61	0	2	-6	38	-4	0	32	1440	-1	0	1	1	0	1	0	0
2	49	3	-2	1	-5	2	5	-1	6	-1	-4	1	-13	3	-9	7	-31	24	0	4	-1	15	-4	12	-3	221	-1	1	-1	1	0	0	0	0
2	49	4	-2	1	-5	2	-7	5	-10	7	4	-3	15	-11	-29	21	-105	76	0	0	-7	47	-4	-4	45	2205	-1	-1	1	1	0	0	0	0
2	49	5	-2	1	-5	2	4	-1	5	-1	-3	1	-10	3	-4	3	-15	11	0	3	0	7	-4	5	-4	45	-1	1	-1	1	0	0	0	0
2	49	6	-2	1	-5	2	1	2	1	3	-1	-1	-3	-4	-24	17	-89	63	0	4	-5	39	-4	12	21	1517	-1	1	1	1	0	0	0	0
2	49	7	-2	1	-5	2	8	-3	11	-4	-5	2	-18	7	-11	8	-40	29	0	4	2	18	-4	12	0	320	-1	1	0	1	0	0	1	0
2	49	8	-2	1	-5	2	7	-4	9	-5	-5	3	-17	10	-16	13	-53	43	0	2	5	27	-4	0	21	725	-1	0	1	1	0	1	0	0
2	49	9	-2	1	-5	2	-4	3	-7	5	1	-1	6	-5	-8	5	-37	23	0	1	-4	15	-4	-3	12	221	-1	-1	1	1	0	0	0	0
2	49	10	-2	1	-5	2	-3	2	-5	3	1	-1	5	-4	-4	3	-15	11	0	0	-3	7	-4	-4	5	45	-1	-1	1	1	0	0	0	0
2	49	11	-2	1	-5	2	-5	4	-9	7	1	-1	7	-6	-12	7	-67	39	0	2	-5	27	-4	0	21	725	-1	0	1	1	0	1	0	0
2	49	12	-2	1	-5	2	-8	5	-13	8	3	-2	14	-9	-19	12	-84	53	0	0	-6	34	-4	-4	32	1152	-1	-1	1	1	0	0	0	0
2	49	13	-2	1	-5	2	3	-1	4	-1	-2	1	-7	3	-1	1	-5	4	0	2	1	3	-4	0	-3	5	-1	0	-1	1	0	1	0	0
2	49	14	-2	1	-5	2	1	1	1	2	-1	0	-3	-1	-5	3	-27	16	0	3	-2	11	-4	5	0	117	-1	1	0	1	0	0	0	0
2	49	15	-2	1	-5	2	-1	3	-2	5	0	-1	1	-5	-21	13	-97	60	0	4	-5	39	-4	12	21	1517	-1	1	1	1	0	0	0	0
2	49	16	-2	1	-5	2	7	-2	11	-3	-3	1	-13	4	-8	5	-37	23	0	4	1	15	-4	12	-3	221	-1	1	-1	1	0	0	0	0
2	49	17	-2	1	-5	2	-5	4	-9	7	1	-1	7	-6	-12	7	-67	39	0	2	-5	27	-4	0	21	725	-1	0	1	1	0	1	0	0
2	49	18	-2	1	-5	2	5	-2	8	-3	-2	1	-9	4	-3	2	-14	9	0	2	2	6	-4	0	0	32	-1	0	0	1	0	1	1	0
2	49	19	-2	1	-5	2	2	1	3	2	-1	0	-4	-1	-7	4	-44	25	0	4	-2	18	-4	12	0	320	-1	1	0	1	0	0	0	0
2	49	20	-2	1	-5	2	7	-3	12	-5	-2	1	-11	5	-5	3	-27	16	0	2	3	11	-4	0	5	117	-1	0	1	1	0	1	0	0
2	49	21	-2	1	-5	2	8	-5	13	-8	-3	2	-14	9	-19	12	-84	53	0	0	6	34	-4	-4	32	1152	-1	-1	1	1	0	0	0	0
2	49	22	-2	1	-5	2	5	-3	7	-4	-3	2	-11	7	-9	7	-31	24	0	1	4	15	-4	-3	12	221	-1	-1	1	1	0	0	0	0
2	49	23	-2	1	-5	2	3	-2	5	-3	-1	1	-5	4	-4	3	-15	11	0	0	3	7	-4	-4	5	45	-1	-1	1	1	0	0	0	0
2	49	24	-2	1	-5	2	7	-5	10	-7	-4	3	-15	11	-29	21	-105	76	0	0	7	47	-4	-4	45	2205	-1	-1	1	1	0	0	0	0
2	49	25	-2	1	-5	2	7	-4	9	-5	-5	3	-17	10	-16	13	-53	43	0	2	5	27	-4	0	21	725	-1	0	1	1	0	1	0	0
2	49	26	-2	1	-5	2	2	-1	1	0	-3	2	-8	5	1	2	2	5	0	2	2	6	-4	0	0	32	-1	0	0	1	0	1	1	0
2	49	27	-2	1	-5	2	2	-1	3	-1	-1	1	-4	3	0	1	-1	3	0	1	2	3	-4	-3	0	5	-1	-1	0	1	0	0	1	0
2	49	28	-2	1	-5	2	1	0	1	1	-1	1	-3	2	4	-1	5	-1	0	2	1	3	-4	0	-3	5	-1	0	-1	1	0	1	0	0
2	49	29	-2	1	-5	2	2	-1	5	-2	1	0	0	1	1	0	0	1	0	0	2	2	-4	-4	0	0	-1	-1	0	0	0	0	2	2
2	49	30	-2	1	-5	2	3	-2	5	-3	-1	1	-5	4	-4	3	-15	11	0	0	3	7	-4	-4	5	45	-1	-1	1	1	0	0	0	0
2	49	31	-2	1	-5	2	3	-2	2	-1	-4	3	-11	8	-3	8	-8	21	0	2	4	18	-4	0	12	320	-1	0	1	1	0	1	0	0
2	49	32	-2	1	-5	2	1	-1	2	-1	0	1	-1	3	-1	3	-3	8	0	0	3	7	-4	-4	5	45	-1	-1	1	1	0	0	0	0
2	49	33	-2	1	-5	2	4	-3	3	-2	-5	4	-14	11	-11	18	-30	49	0	2	6	38	-4	0	32	1440	-1	0	1	1	0	1	0	0
2	49	34	-2	1	-5	2	5	-3	2	-1	-8	5	-21	13	-5	17	-13	44	0	4	5	39	-4	12	21	1517	-1	1	1	1	0	0	0	0
2	49	35	-2	1	-5	2	2	-1	-1	1	-5	3	-12	7	4	3	9	7	0	3	2	11	-4	5	0	117	-1	1	0	1	0	0	1	0
2	49	36	-2	1	-5	2	1	0	-1	1	-3	1	-7	2	0	1	-1	3	0	2	-1	3	-4	0	-3	5	-1	0	-1	1	0	1	0	0
2	49	37	-2	1	-5	2	3	-2	-1	1	-7	5	-17	12	8	13	19	31	0	4	5	39	-4	12	21	1517	-1	1	1	1	0	0	0	0
2	49	38	-2	1	-5	2	2	-1	-3	2	-7	4	-16	9	9	4	20	9	0	4	2	18	-4	12	0	320	-1	1	0	1	0	0	1	0
2	49	39	-2	1	-5	2	-1	1	-4	3	-2	1	-3	1	3	-1	1	0	0	2	-1	3	-4	0	-3	5	-1	0	-1	1	0	1	0	0
2	49	40	-2	1	-5	2	-1	1	-3	2	-1	0	-1	-1	-1	1	-5	4	0	1	-2	3	-4	-3	0	5	-1	-1	0	1	0	0	0	0
2	49	41	-2	1	-5	2	-1	1	-2	1	0	-1	1	-3	-1	3	-3	8	0	0	-3	7	-4	-4	5	45	-1	-1	1	1	0	0	0	0
2	49	42	-2	1	-5	2	1	0	-1	1	-3	1	-7	2	0	1	-1	3	0	2	-1	3	-4	0	-3	5	-1	0	-1	1	0	1	0	0
2	49	43	-2	1	-5	2	-3	2	-5	3	1	-1	5	-4	-4	3	-15	11	0	0	-3	7	-4	-4	5	45	-1	-1	1	1	0	0	0	0
2	49	44	-2	1	-5	2	-1	1	-5	4	-3	2	-5	3	11	-3	15	-4	0	3	0	7	-4	5	-4	45	-1	1	-1	1	0	0	0	0
2	49	45	-2	1	-5	2	1	0	1	1	-1	1	-3	2	4	-1	5	-1	0	2	1	3	-4	0	-3	5	-1	0	-1	1	0	1	0	0
2	49	46	-2	1	-5	2	-1	1	-6	5	-4	3	-7	5	23	-5	37	-8	0	4	1	15	-4	12	-3	221	-1	1	-1	1	0	0	0	0
2	49	47	-2	1	-5	2	-3	2	-11	7	-5	3	-7	4	24	-7	31	-9	0	4	-1	15	-4	12	-3	221	-1	1	-1	1	0	0	0	0
2	49	48	-2	1	-5	2	-3	2	-8	5	-2	1	-1	0	5	-2	-2	1	0	2	-2	6	-4	0	0	32	-1	0	0	1	0	1	0	0
2	49	49	-2	1	-5	2	-2	1	-5	2	-1	0	0	-1	1	0	0	1	0	0	-2	2	-4	-4	0	0	-1	-1	0	0	0	0	0	2
2	49	50	-2	1	-5	2	-4	3	-11	8	-3	2	-2	1	21	-8	8	-3	0	4	-2	18	-4	12	0	320	-1	1	0	1	0	0	0	0
2	49	51	-2	1	-5	2	-5	3	-12	7	-2	1	1	-1	7	-3	-9	4	0	2	-3	11	-4	0	5	117	-1	0	1	1	0	1	0	0
2	50	0	-4	3	-11	8	0	1	-1	2	-3	2	-8	5	-3	2	-14	9	4	2	2	6	12	0	0	32	1	0	0	1	0	1	1	0
2	50	1	-4	3	-11	8	-1	2	-2	3	-2	1	-5	2	-11	8	-40	29	4	2	0	18	12	0	-4	320	1	0	-1	1	0	1	0	0
2	50	2	-4	3	-11	8	-2	3	-3	4	-1	0	-2	-1	-23	18	-78	61	4	2	-2	38	12	0	0	1440	1	0	0	1	0	1	0	0
2	50	3	-4	3	-11	8	5	-1	6	-1	-2	1	-7	3	-7	5	-31	22	4	4	1	15	12	12	-3	221	1	1	-1	1	0	0	0	0
2	50	4	-4	3	-11	8	-7	5	-10	7	-2	1	-3	1	-15	11	-41	30	4	0	-1	15	12	-4	-3	221	1	-1	-1	1	0	0	0	0
2	50	5	-4	3	-11	8	4	-1	5	-1	-1	1	-4	3	2	-1	-1	1	4	3	2	3	12	5	0	5	1	1	0	1	0	0	1	0
2	50	6	-4	3	-11	8	1	2	1	3	-1	1	-3	2	10	-7	-7	5	4	4	1	15	12	12	-3	221	1	1	-1	1	0	0	0	0
2	50	7	-4	3	-11	8	8	-3	11	-4	1	0	0	1	1	0	0	1	4	4	2	2	12	12	0	0	1	1	0	0	0	0	2	2
2	50	8	-4	3	-11	8	7	-4	9	-5	-1	1	-5	4	-6	5	-11	9	4	2	3	3	12	0	5	5	1	0	1	1	0	1	0	0
2	50	9	-4	3	-11	8	-4	3	-7	5	-5	3	-12	7	-14	9	-39	25	4	1	2	11	12	-3	0	117	1	-1	0	1	0	0	1	0
2	50	10	-4	3	-11	8	-3	2	-5	3	-3	1	-7	2	-14	11	-37	29	4	0	-1	15	12	-4	-3	221	1	-1	-1	1	0	0	0	0
2	50	11	-4	3	-11	8	-5	4	-9	7	-7	5	-17	12	2	-1	-1	1	4	2	5	3	12	0	21	5	1	0	1	1	0	1	0	0
2	50	12	-4	3	-11	8	-8	5	-13	8	-7	4	-16	9	-31	20	-76	49	4	0	2	18	12	-4	0	320	1	-1	0	1	0	0	1	0
2	50	13	-4	3	-11	8	3	-1	4	-1	0	1	-1	3	5	-1	11	-2	4	2	3	3	12	0	5	5	1	0	1	1	0	1	0	0
2	50	14	-4	3	-11	8	1	1	1	2	-1	2	-3	5	33	-19	73	-42	4	3	4	-9	12	5	12	77	1	1	1	1	0	0	0	0
2	50	15	-4	3	-11	8	-1	3	-2	5	-2	3	-5	7	73	-45	159	-98	4	4	5	-25	12	12	21	621	1	1	1	1	0	0	0	0
2	50	16	-4	3	-11	8	7	-2	11	-3	5	-1	11	-2	34	-19	77	-43	4	4	3	-9	12	12	5	77	1	1	1	1	0	0	0	0
2	50	17	-4	3	-11	8	-5	4	-9	7	-7	5	-17	12	2	-1	-1	1	4	2	5	3	12	0	21	5	1	0	1	1	0	1	0	0
2	50	18	-4	3	-11	8	5	-2	8	-3	4	-1	9	-2	1	2	2	5	4	2	2	6	12	0	0	32	1	0	0	1	0	1	1	0
2	50	19	-4	3	-11	8	2	1	3	2	1	2	2	5	93	-52	220	-123	4	4	6	-30	12	12	32	896	1	1	1	1	0	0	0	0
2	50	20	-4	3	-11	8	7	-3	12	-5	8	-3	19	-7	-11	9	-27	22	4	2	1	11	12	0	-3	117	1	0	-1	1	0	1	0	0
2	50	21	-4	3	-11	8	8	-5	13	-8	7	-4	16	-9	-31	20	-76	49	4	0	-2	18	12	-4	0	320	1	-1	0	1	0	0	0	0
2	50	22	-4	3	-11	8	5	-3	7	-4	1	0	1	1	-11	9	-27	22	4	1	2	11	12	-3	0	117	1	-1	0	1	0	0	1	0
2	50	23	-4	3	-11	8	3	-2	5	-3	3	-1	7	-2	-14	11	-37	29	4	0	1	15	12	-4	-3	221	1	-1	-1	1	0	0	0	0
2	50	24	-4	3	-11	8	7	-5	10	-7	2	-1	3	-1	-15	11	-41	30	4	0	1	15	12	-4	-3	221	1	-1	-1	1	0	0	0	0
2	50	25	-4	3	-11	8	7	-4	9	-5	-1	1	-5	4	-6	5	-11	9	4	2	3	3	12	0	5	5	1	0	1	1	0	1	0	0
2	50	26	-4	3	-11	8	2	-1	1	0	-5	4	-14	11	1	2	2	5	4	2	6	6	12	0	32	32	1	0	1	1	0	1	0	0
2	50	27	-4	3	-11	8	2	-1	3	-1	1	1	2	3	2	5	5	13	4	1	4	15	12	-3	12	221	1	-1	1	1	0	0	0	0
2	50	28	-4	3	-11	8	1	0	1	1	-1	3	-3	8	34	-9	87	-23	4	2	7	11	12	0	45	117	1	0	1	1	0	1	0	0
2	50	29	-4	3	-11	8	2	-1	5	-2	7	-2	18	-5	-3	8	-8	21	4	0	2	18	12	-4	0	320	1	-1	0	1	0	0	1	0
2	50	30	-4	3	-11	8	3	-2	5	-3	3	-1	7	-2	-14	11	-37	29	4	0	1	15	12	-4	-3	221	1	-1	-1	1	0	0	0	0
2	50	31	-4	3	-11	8	3	-2	2	-1	-6	5	-17	14	-3	8	-8	21	4	2	8	18	12	0	60	320	1	0	1	1	0	1	0	0
2	50	32	-4	3	-11	8	1	-1	2	-1	2	1	5	3	-7	17	-19	46	4	0	5	39	12	-4	21	1517	1	-1	1	1	0	0	0	0
2	50	33	-4	3	-11	8	4	-3	3	-2	-7	6	-20	17	-11	18	-30	49	4	2	10	38	12	0	96	1440	1	0	1	1	0	1	0	0
2	50	34	-4	3	-11	8	5	-3	2	-1	-14	9	-39	25	1	-9	3	-26	4	4	11	-25	12	12	117	621	1	1	1	1	0	0	0	0
2	50	35	-4	3	-11	8	2	-1	-1	1	-11	7	-30	19	-6	-1	-17	-3	4	3	8	-9	12	5	60	77	1	1	1	1	0	0	0	0
2	50	36	-4	3	-11	8	1	0	-1	1	-7	3	-19	8	-14	9	-39	25	4	2	1	11	12	0	-3	117	1	0	-1	1	0	1	0	0
2	50	37	-4	3	-11	8	3	-2	-1	1	-15	11	-41	30	2	5	5	13	4	4	15	15	12	12	221	221	1	1	1	1	0	0	0	0
2	50	38	-4	3	-11	8	2	-1	-3	2	-17	10	-46	27	-19	-4	-52	-11	4	4	10	-30	12	12	96	896	1	1	1	1	0	0	0	0
2	50	39	-4	3	-11	8	-1	1	-4	3	-8	5	-21	13	-11	5	-31	14	4	2	5	3	12	0	21	5	1	0	1	1	0	1	0	0
2	50	40	-4	3	-11	8	-1	1	-3	2	-5	2	-13	5	-15	11	-41	30	4	1	0	15	12	-3	-4	221	1	-1	-1	1	0	0	0	0
2	50	41	-4	3	-11	8	-1	1	-2	1	-2	-1	-5	-3	-7	17	-19	46	4	0	-5	39	12	-4	21	1517	1	-1	1	1	0	0	0	0
2	50	42	-4	3	-11	8	1	0	-1	1	-7	3	-19	8	-14	9	-39	25	4	2	1	11	12	0	-3	117	1	0	-1	1	0	1	0	0
2	50	43	-4	3	-11	8	-3	2	-5	3	-3	1	-7	2	-14	11	-37	29	4	0	-1	15	12	-4	-3	221	1	-1	-1	1	0	0	0	0
2	50	44	-4	3	-11	8	-1	1	-5	4	-11	8	-29	21	5	-1	11	-2	4	3	10	3	12	5	96	5	1	1	1	1	0	0	0	0
2	50	45	-4	3	-11	8	1	0	1	1	-1	3	-3	8	34	-9	87	-23	4	2	7	11	12	0	45	117	1	0	1	1	0	1	0	0
2	50	46	-4	3	-11	8	-1	1	-6	5	-14	11	-37	29	33	-7	85	-18	4	4	15	15	12	12	221	221	1	1	1	1	0	0	0	0
2	50	47	-4	3	-11	8	-3	2	-11	7	-21	13	-55	34	-54	17	-143	45	4	4	13	-9	12	12	165	77	1	1	1	1	0	0	0	0
2	50	48	-4	3	-11	8	-3	2	-8	5	-12	7	-31	18	-31	14	-82	37	4	2	6	6	12	0	32	32	1	0	1	1	0	1	0	0
2	50	49	-4	3	-11	8	-2	1	-5	2	-7	2	-18	5	-3	8	-8	21	4	0	-2	18	12	-4	0	320	1	-1	0	1	0	0	0	0
2	50	50	-4	3	-11	8	-4	3	-11	8	-17	12	-44	31	1	0	0	1	4	4	14	2	12	12	192	0	1	1	1	0	0	0	0	2
2	50	51	-4	3	-11	8	-5	3	-12	7	-16	9	-41	23	-59	27	-153	70	4	2	7	11	12	0	45	117	1	0	1	1	0	1	0	0
2	51	0	-5	3	-12	7	0	1	-1	2	-3	1	-7	2	-14	9	-39	25	2	2	-1	11	0	0	-3	117	0	0	-1	1	1	1	0	0
2	51	1	-5	3	-12	7	-1	2	-2	3	-1	-1	-2	-3	-41	30	-108	79	2	2	-4	38	0	0	12	1440	0	0	1	1	1	1	0	0
2	51	2	-5	3	-12	7	-2	3	-3	4	1	-3	3	-8	-80	63	-207	163	2	2	-7	83	0	0	45	6885	0	0	1	1	1	1	0	0
2	51	3	-5	3	-12	7	5	-1	6	-1	-7	2	-18	5	-41	30	-108	79	2	4	-2	38	0	12	0	1440	0	1	0	1	1	0	0	0
2	51	4	-5	3	-12	7	-7	5	-10	7	5	-4	14	-11	-41	30	-108	79	2	0	-6	38	0	-4	32	1440	0	-1	1	1	1	0	0	0
2	51	5	-5	3	-12	7	4	-1	5	-1	-5	2	-13	5	-14	9	-39	25	2	3	0	11	0	5	-4	117	0	1	-1	1	1	0	0	0
2	51	6	-5	3	-12	7	1	2	1	3	-2	-1	-5	-3	-89	63	-243	172	2	4	-5	83	0	12	21	6885	0	1	1	1	1	0	0	0
2	51	7	-5	3	-12	7	8	-3	11	-4	-7	3	-19	8	-14	9	-39	25	2	4	1	11	0	12	-3	117	0	1	-1	1	1	0	0	0
2	51	8	-5	3	-12	7	7	-4	9	-5	-8	5	-21	13	-11	9	-27	22	2	2	5	11	0	0	21	117	0	0	1	1	1	1	0	0
2	51	9	-5	3	-12	7	-4	3	-7	5	-1	0	-1	-1	-14	9	-39	25	2	1	-2	11	0	-3	0	117	0	-1	0	1	1	0	0	0
2	51	10	-5	3	-12	7	-3	2	-5	3	0	-1	1	-3	-11	9	-27	22	2	0	-3	11	0	-4	5	117	0	-1	1	1	1	0	0	0
2	51	11	-5	3	-12	7	-5	4	-9	7	-2	1	-3	1	-5	3	-27	16	2	2	-1	11	0	0	-3	117	0	0	-1	1	1	1	0	0
2	51	12	-5	3	-12	7	-8	5	-13	8	1	-1	5	-4	-14	9	-39	25	2	0	-3	11	0	-4	5	117	0	-1	1	1	1	0	0	0
2	51	13	-5	3	-12	7	3	-1	4	-1	-3	2	-8	5	1	0	0	1	2	2	2	2	0	0	0	0	0	0	0	0	1	1	1	2
2	51	14	-5	3	-12	7	1	1	1	2	-2	1	-5	2	-5	3	-27	16	2	3	0	11	0	5	-4	117	0	1	-1	1	1	0	0	0
2	51	15	-5	3	-12	7	-1	3	-2	5	-1	0	-2	-1	-29	18	-108	67	2	4	-2	38	0	12	0	1440	0	1	0	1	1	0	0	0
2	51	16	-5	3	-12	7	7	-2	11	-3	-2	1	-7	3	-5	3	-27	16	2	4	1	11	0	12	-3	117	0	1	-1	1	1	0	0	0
2	51	17	-5	3	-12	7	-5	4	-9	7	-2	1	-3	1	-5	3	-27	16	2	2	-1	11	0	0	-3	117	0	0	-1	1	1	1	0	0
2	51	18	-5	3	-12	7	5	-2	8	-3	-1	1	-4	3	1	0	0	1	2	2	2	2	0	0	0	0	0	0	0	0	1	1	1	2
2	51	19	-5	3	-12	7	2	1	3	2	-1	1	-3	2	16	-9	9	-5	2	4	1	11	0	12	-3	117	0	1	-1	1	1	0	0	0
2	51	20	-5	3	-12	7	7	-3	12	-5	1	0	0	1	1	0	0	1	2	2	2	2	0	0	0	0	0	0	0	0	1	1	2	2
2	51	21	-5	3	-12	7	8	-5	13	-8	-1	1	-5	4	-14	9	-39	25	2	0	3	11	0	-4	5	117	0	-1	1	1	1	0	0	0
2	51	22	-5	3	-12	7	5	-3	7	-4	-4	3	-11	8	-11	9	-27	22	2	1	4	11	0	-3	12	117	0	-1	1	1	1	0	0	0
2	51	23	-5	3	-12	7	3	-2	5	-3	0	1	-1	3	-11	9	-27	22	2	0	3	11	0	-4	5	117	0	-1	1	1	1	0	0	0
2	51	24	-5	3	-12	7	7	-5	10	-7	-5	4	-14	11	-41	30	-108	79	2	0	6	38	0	-4	32	1440	0	-1	1	1	1	0	0	0
2	51	25	-5	3	-12	7	7	-4	9	-5	-8	5	-21	13	-11	9	-27	22	2	2	5	11	0	0	21	117	0	0	1	1	1	1	0	0
2	51	26	-5	3	-12	7	2	-1	1	0	-7	5	-17	12	4	3	9	7	2	2	5	11	0	0	21	117	0	0	1	1	1	1	0	0
2	51	27	-5	3	-12	7	2	-1	3	-1	-1	2	-3	5	4	3	9	7	2	1	4	11	0	-3	12	117	0	-1	1	1	1	0	0	0
2	51	28	-5	3	-12	7	1	0	1	1	-2	3	-5	7	31	-9	69	-20	2	2	5	11	0	0	21	117	0	0	1	1	1	1	0	0
2	51	29	-5	3	-12	7	2	-1	5	-2	5	-1	11	-2	4	3	9	7	2	0	3	11	0	-4	5	117	0	-1	1	1	1	0	0	0
2	51	30	-5	3	-12	7	3	-2	5	-3	0	1	-1	3	-11	9	-27	22	2	0	3	11	0	-4	5	117	0	-1	1	1	1	0	0	0
2	51	31	-5	3	-12	7	3	-2	2	-1	-9	7	-22	17	-5	18	-12	43	2	2	8	38	0	0	60	1440	0	0	1	1	1	1	0	0
2	51	32	-5	3	-12	7	1	-1	2	-1	1	2	2	5	-5	18	-12	43	2	0	6	38	0	-4	32	1440	0	-1	1	1	1	0	0	0
2	51	33	-5	3	-12	7	4	-3	3	-2	-11	9	-27	22	-26	45	-63	109	2	2	11	83	0	0	117	6885	0	0	1	1	1	1	0	0
2	51	34	-5	3	-12	7	5	-3	2	-1	-19	12	-46	29	-5	18	-12	43	2	4	10	38	0	12	96	1440	0	1	1	1	1	0	0	0
2	51	35	-5	3	-12	7	2	-1	-1	1	-13	8	-31	19	4	3	9	7	2	3	6	11	0	5	32	117	0	1	1	1	1	0	0	0
2	51	36	-5	3	-12	7	1	0	-1	1	-8	3	-19	7	-11	9	-27	22	2	2	-1	11	0	0	-3	117	0	0	-1	1	1	1	0	0
2	51	37	-5	3	-12	7	3	-2	-1	1	-18	13	-43	31	19	27	45	64	2	4	13	83	0	12	165	6885	0	1	1	1	1	0	0	0
2	51	38	-5	3	-12	7	2	-1	-3	2	-19	11	-45	26	4	3	9	7	2	4	7	11	0	12	45	117	0	1	1	1	1	0	0	0
2	51	39	-5	3	-12	7	-1	1	-4	3	-7	4	-16	9	1	0	0	1	2	2	2	2	0	0	0	0	0	0	0	0	1	1	1	2
2	51	40	-5	3	-12	7	-1	1	-3	2	-4	1	-9	2	-11	9	-27	22	2	1	-2	11	0	-3	0	117	0	-1	0	1	1	0	0	0
2	51	41	-5	3	-12	7	-1	1	-2	1	-1	-2	-2	-5	-5	18	-12	43	2	0	-6	38	0	-4	32	1440	0	-1	1	1	1	0	0	0
2	51	42	-5	3	-12	7	1	0	-1	1	-8	3	-19	7	-11	9	-27	22	2	2	-1	11	0	0	-3	117	0	0	-1	1	1	1	0	0
2	51	43	-5	3	-12	7	-3	2	-5	3	0	-1	1	-3	-11	9	-27	22	2	0	-3	11	0	-4	5	117	0	-1	1	1	1	0	0	0
2	51	44	-5	3	-12	7	-1	1	-5	4	-10	7	-23	16	31	-9	69	-20	2	3	6	11	0	5	32	117	0	1	1	1	1	0	0	0
2	51	45	-5	3	-12	7	1	0	1	1	-2	3	-5	7	31	-9	69	-20	2	2	5	11	0	0	21	117	0	0	1	1	1	1	0	0
2	51	46	-5	3	-12	7	-1	1	-6	5	-13	10	-30	23	79	-18	180	-41	2	4	10	38	0	12	96	1440	0	1	1	1	1	0	0	0
2	51	47	-5	3	-12	7	-3	2	-11	7	-18	11	-41	25	31	-9	69	-20	2	4	7	11	0	12	45	117	0	1	1	1	1	0	0	0
2	51	48	-5	3	-12	7	-3	2	-8	5	-9	5	-20	11	1	0	0	1	2	2	2	2	0	0	0	0	0	0	0	0	1	1	1	2
2	51	49	-5	3	-12	7	-2	1	-5	2	-5	1	-11	2	4	3	9	7	2	0	-3	11	0	-4	5	117	0	-1	1	1	1	0	0	0
2	51	50	-5	3	-12	7	-4	3	-11	8	-13	9	-29	20	70	-27	153	-59	2	4	7	11	0	12	45	117	0	1	1	1	1	0	0	0
2	51	51	-5	3	-12	7	-5	3	-12	7	-11	6	-24	13	1	0	0	1	2	2	2	2	0	0	0	0	0	0	0	0	1	1	1	2
