complex.connection-incidence	complex	(d_A φ)_e = g_e φ(t e) − φ(s e);  Σ_walk d_A φ = T_walk φ(b) − φ(a)	the connection-valued incidence; its covariant difference telescopes along any walk	edge transports g_e ∈ 𝕜ˣ	L:Holon/Complex:connectionIncidence; L:Holon/Complex:walkRead_connection; R:holonics::geometry::complex::ConnectionIncidence	formal-checked	
complex.da-squared-curvature	complex	(d_A² φ)_cell = (hol_cell − 1) φ(base);  triangle: (dA1 dA0 φ)₀ = (g₀₁g₁₂g₂₀ − 1)φ₀	d_A² = F_A: the square of the covariant incidence is the curvature (holonomy minus one) read at the base	cell given as a closed walk	L:Holon/Complex:dA_squared; L:Holon/Complex:cell_curvature; R:holonics::geometry::complex::ConnectionIncidence	formal-checked	uses:holonomy.cell-face
complex.exact-closed-iff-flat	complex	(∀φ d_A²φ = 0) ⇔ hol = 1;  pure gauge g_ij = k_i k_j⁻¹ ⇒ flat	every exact effort is covariantly closed exactly when the holonomy is trivial	triangle	L:Holon/Complex:exact_closed_iff_flat; L:Holon/Complex:pure_gauge_is_flat	formal-checked	uses:complex.da-squared-curvature
complex.connection-is-dirac	complex, holon	kirchhoff(d_A) is Dirac for every connection g	power neutrality of the Kirchhoff structure uses only the adjoint pair d_A, d_Aᵀ, not flatness	any graph with edge transports	L:Holon/Complex:connection_isDirac; L:Holon/Complex:connectionIncidence_isDirac	formal-checked	uses:holon.kirchhoff-dirac
complex.curved-witnesses	complex	triangle g₀₁ = 2: hol 2, Dirac intact, d_A²δ₀ = 1;  two-edge seam transports (1, −1): hol −1, reads −2	curvature and Dirac structure are independent: a curved or orientation-reversing connection keeps power neutrality	witnesses over ℚ	L:Holon/Complex:curved_witness; L:Holon/Complex:seam_curvature_witness	counterexample	instance-of:complex.da-squared-curvature
complex.graded-boundary-squared	complex	∂[a,b,c] = [b,c] − [a,c] + [a,b], ∂[u,v] = [v] − [u] ⇒ ∂∂ = 0 on chains	an apertured graded complex satisfies the boundary law unconditionally; a resolution decides which cells stand, never their algebra	ℤ coefficients, finite support	L:Foundation/AperturedGradedComplex:d_comp_d; L:Foundation/AperturedGradedComplex:constraint_boundary_squared; L:Foundation/AperturedGradedComplex:GradedComplex	formal-checked	
complex.boundary-squared	complex, holon	∂∘∂ = 0 (∂₁∂₂ = 0 on the cellular chain complex)	the complex: oriented cells whose boundary of a boundary vanishes; every Stokes, gauge and class statement rests on it	any chain complex	L:Foundation/AperturedGradedComplex:d_comp_d; L:Objects/Pairing:classPairing_representatives; L:Objects/RelativeCompleteness:square_boundary_squared; D:docs/ELEMENTARY_OBJECTS.md#0-complex	definition	
complex.aperture-trichotomy	complex, contact, receipt	exact interval vs aperture ↦ inside | outside | openContact; a point interval is never openContact; decided admission is resolution-free, openContact is plural	an undecided contact is kept as a family of complexes, never quietly decided; its open class comes from genuine width	exact intervals	L:Foundation/AperturedGradedComplex:classify; L:Foundation/AperturedGradedComplex:classify_point_ne_openContact; L:Foundation/AperturedGradedComplex:decided_admission_is_resolution_free; L:Foundation/AperturedGradedComplex:openContact_is_plural	formal-checked	
complex.within-component-pairs	complex, contact	|withinComponentPairs| = Σ_c C(n_c, 2);  within and cross families disjoint; within pairs not covalent	the within-component contact family counts choose-two pairs per component and is disjoint from the cross family and the covalent chain	finite components	L:Foundation/AperturedGradedComplex:withinComponentPairs_card; L:Foundation/AperturedGradedComplex:withinPairs_disjoint_crossPairs; L:Foundation/AperturedGradedComplex:withinComponentPairs_not_covalent	formal-checked	
complex.contact-closes-cycle	complex, contact, cycle	backbone path + one contact edge = nonzero cycle; segment cycles are multiples of it; a covalent segment alone has zero cycle	one contact on a covalent chain closes exactly one independent cycle	covalent chain with a contact	L:Foundation/AperturedGradedComplex:backboneContactCycle_is_cycle; L:Foundation/AperturedGradedComplex:backboneContactCycle_ne_zero; L:Foundation/AperturedGradedComplex:segment_cycles_are_multiples; L:Foundation/AperturedGradedComplex:segment_cycle_is_zero	formal-checked	
complex.visible-cycle-not-boundary	complex, coholon, receiver	ρ ∘ ∂ = 0 ∧ ρ(z) ≠ 0 ⇒ z ∉ range ∂;  the zero receiver never establishes visibility	a receiver annihilating every boundary but reading a cycle nonzero separates that cycle from the boundary image	additive groups	L:Foundation/BoundaryReceiver:not_mem_range_of_receiver_ne_zero; L:Foundation/BoundaryReceiver:not_mem_range_of_receiver_boundary_eq_zero; L:Foundation/BoundaryReceiver:zero_receiver_not_visible	formal-checked	uses:holon.nonzero-pairing-certifies
complex.cycle-filling	complex, compression	fill: Z_k → C_(k+1) with ∂∘fill = inclusion ⇒ exact at k, H_k = 0	a cycle filling keeps the current that realizes vanishing homology; it is the minimal constructive input, weaker than a contraction	chain complex of modules	L:Foundation/CycleFilling:exactAt; L:Foundation/CycleFilling:homologyIsZero; L:Foundation/CycleFilling:CycleFilling	formal-checked	
complex.diagonal-alexander-whitney	complex, contact	diagonal boundary then separation = separated boundary (degrees 0–3); degree-two separation into 0×2, 1×1, 2×0 with the 1×1 off-axis population kept; round-trip defect = boundary of a filler	the degree-two Alexander–Whitney law as an elementary transport: the middle interaction current is neither discarded nor identified with a ruling	free rational currents on product simplices	L:Foundation/DiagonalChainTransport:boundary_separateTwo; L:Foundation/DiagonalChainTransport:boundary_separateThree; L:Foundation/DiagonalChainTransport:diagonalReconstructionHomotopyTwo; L:Foundation/DiagonalChainTransport:diagonalRoundTripDefectTwo_eq_boundary_of_cycle	formal-checked	
holon.orientation-reversing-walk	holon, coholon, complex	∏_i r_i = −1 ⇒ ¬∃ s: Face→ℤ, s²=1, s(c_i)·s(c_(i+1)) = r_i	a closed walk of faces whose joint relations multiply to −1 admits no orientation	any face carrier, closed walk c: Fin(k+1)→Face	L:Objects/Orientation:reversing_closed_walk_has_no_orientation; L:Objects/Pairing:no_orientation_of_reversing_cycle	formal-checked	
holon.orientation-preserving-cycle	holon, complex	c injective, r_i²=1, ∏ r_i = 1 ⇒ ∃ s, s²=1, s(c_i)s(c_(i+1)) = r_i (extended by +1 off the cycle)	a preserving simple cycle is orientable on the whole carrier	injective cycle	L:Objects/Orientation:preserving_simple_cycle_has_orientation; L:Objects/Pairing:orientation_of_preserving_cycle	formal-checked	dual-of:holon.orientation-reversing-walk
holon.junction-orientation-vacuous	holon	∀ s: Unit→ℤ, s²=1 ⇒ s()·s() = 1 ≠ −1	the old JunctionLaw orientation hypothesis carries no loop datum; it is the one-face case of the cycle theorem	one face, self-joint	L:Objects/Orientation:junction_hypothesis_is_refuted_by_unit_alone; L:Objects/Orientation:junction_statement_from_cycle	counterexample	specializes:holon.orientation-reversing-walk
holon.mobius-annulus-orientation	holon, complex	Möbius two faces r=(1,−1): ∏=−1, no orientation though each joint is satisfiable; annulus r=(−1,−1): oriented by s=(1,−1)	orientability is a cycle product, not a joint-by-joint property	two-face witnesses	L:Objects/Orientation:two_face_mobius_band; L:Objects/Orientation:two_face_annulus	formal-checked	instance-of:holon.orientation-reversing-walk
holon.coholon	coholon, holon	⟨Ȟ| ∈ Module.Dual R Chain;  face ⟨Ȟ|H⟩;  d = ∂ᵀ = ∂.dualMap	a coholon is the dual (potential/receiver) of the Holon's chain module, not a new type; the face is their pairing	commutative ring R	L:Objects/Pairing:Coholon; D:docs/ELEMENTARY_OBJECTS.md#1-holon-and-coholon	definition	
holon.face-is-potential-drop	holon, coholon, receipt	⟨φ, ∂(receive o)⟩ = φ(target o) − φ(source o)	a coholon read on the boundary of a Holon's returned current is the drop across the occurrence	BoundaryHolon	L:Objects/Pairing:face_is_potential_drop; L:Objects/Pairing:coboundary_face	formal-checked	uses:holon.stokes
holon.total-face-interior-cancels	holon, coholon	⟨dφ, Σ_o H(o)⟩ = φ(totalTarget) − φ(totalSource)	over a finite occurrence population every joined interior port cancels	finite occurrences, linear ∂	L:Objects/Pairing:coboundary_total_face; L:Foundation/Holon:BoundaryHolon	formal-checked	uses:holon.face-is-potential-drop
holon.exact-silent-on-closed	holon, coholon	totalTarget = totalSource ⇒ ⟨dφ, H_total⟩ = 0 ∀φ	an exact coholon is silent on a closed population	finite occurrences	L:Objects/Pairing:exact_coholon_silent_on_closed	formal-checked	uses:holon.total-face-interior-cancels
holon.path-face-witness	holon, coholon	path 0→1→2, φ=(0,2,5): ⟨dφ, e₁⟩ = 3, ⟨dφ, e₀+e₁⟩ = 5 = φ(2)−φ(0)	the interior node cancels on the whole population	witness	L:Objects/Pairing:path_faces	formal-checked	instance-of:holon.total-face-interior-cancels
holon.face-joint-reorientation	holon, coholon	s_i² = 1 ⇒ ⟨s·ω, s·z⟩ = ⟨ω, z⟩;  reorienting one side negates the reversed cell; Stokes: ⟨(∂∘s)ᵀφ, s z⟩ = ⟨∂ᵀφ, z⟩	orientation exists only in the pairing: reorienting both sides changes no face	unit signs	L:Objects/Pairing:face_unchanged_by_joint_reorientation; L:Objects/Pairing:one_side_reorientation_negates_the_cell; L:Objects/Pairing:stokes_face_independent_of_orientation	formal-checked	uses:holon.stokes
holon.face-invariance-forces-unit-signs	holon, coholon	(∀ω,z ⟨s·ω, s·z⟩ = ⟨ω,z⟩) ⇒ ∀i s_i² = 1 ⇒ closed-walk holonomy ∏ = 1	only unit signs preserve every face, and such a reorientation has trivial holonomy on every closed dual walk	char 0	L:Objects/Pairing:face_invariance_forces_unit_signs; L:Objects/Pairing:pairing_preserving_reorientation_has_trivial_closed_holonomy	formal-checked	uses:holon.face-joint-reorientation
holon.reorientation-witness	holon, coholon	ω(z)=z₀+3z₁, z=(2,5), s=(1,−1): joint reorientation reads 17 = 17; chain-only reads −13	the orientation is visible only when the two sides disagree	witness	L:Objects/Pairing:reorientation_witness	formal-checked	instance-of:holon.face-joint-reorientation
holon.three-cycle-orientation	holon, complex	r=(1,1,−1): ∏=−1, none; r=(−1,−1,1): s=(1,−1,1); Möbius seam k=0, r=(−1): none	orientation witnesses on a 3-cycle and a one-cell seam	witness	L:Objects/Pairing:three_cycle_orientation_witness	formal-checked	instance-of:holon.orientation-reversing-walk
holon.pairing-descends-to-classes	holon, coholon, complex	∂z=0 ⇒ ⟨ω + dη, z⟩ = ⟨ω, z⟩;  dω=0 ⇒ ⟨ω, z + ∂c⟩ = ⟨ω, z⟩;  ⟨ω + B₁ᵀη, z + B₂c⟩ = ⟨ω,z⟩ when B₁B₂=0	a coboundary is invisible to a cycle and a boundary to a cocycle, so one bilinear pairing H¹×H₁→R exists	any Module.Dual; quotient in the cell-coordinate chart	L:Objects/Pairing:pairing_add_coboundary; L:Objects/Pairing:pairing_add_boundary; L:Objects/Pairing:classPairing; L:Objects/Pairing:classPairing_representatives	formal-checked	uses:holon.stokes
holon.nonzero-pairing-certifies	holon, coholon, complex	dω=0, ∂z=0, ⟨ω,z⟩ ≠ 0 ⇒ ω ∉ range d ∧ z ∉ range ∂	a cocycle pairing nonzero with a cycle certifies both a nontrivial cohomology class and a nontrivial homology class	any ring	L:Objects/Pairing:nonzero_pairing_certifies	formal-checked	uses:holon.pairing-descends-to-classes
holon.coordinate-stokes	holon, coholon	⟨Bᵀη, z⟩ = ⟨η, B z⟩	Stokes in the cell-coordinate chart: the coboundary is the transpose of the boundary matrix	finite cells	L:Objects/Pairing:coordinate_stokes	formal-checked	instance-of:holon.stokes
holon.hollow-square-class-pairing	holon, coholon, complex	square 0,1,2,3 with filled f=e₀+e₁−e₄ and hollow e₂+e₃+e₄: ∂₁∂₂=0, ⟨[e₃*], [e₂+e₃+e₄]⟩ = 1, ⟨e₃*, ∂f⟩ = 0	a cocycle that is not a coboundary pairs to 1 with a cycle that is not a boundary	witness	L:Objects/Pairing:square_class_pairing_is_one	formal-checked	instance-of:holon.nonzero-pairing-certifies
holon.cycle-reads-harmonic-representative	holon, coholon, constitution	dω=0, ∂z=0 ⇒ ∃! h harmonic, ω − h exact, ⟨ω,z⟩ = ⟨h,z⟩	a cycle reads a cocycle's class only through its unique harmonic (dormant) representative	WeightedComplex over ℚ	L:Objects/Pairing:cycle_reads_the_harmonic_representative; L:Transport/CellHolonomy:closed_field_retains_unique_harmonic_mode	formal-checked	uses:cell.harmonic-unique
holon.cayley-isometry	holon, navigator, parametron	J* = −J ⇒ det(I − ½hJ) ≠ 0 and C = (I − ½hJ)⁻¹(I + ½hJ) satisfies |Cs|² = |s|²	the implicit-midpoint (Cayley) reaction step has gain exactly one whatever the contrast	skew-Hermitian J, real h; realified form for real skew J	L:Holon/Cayley:cayley_isometry; L:Holon/Cayley:cayley_denominator_det; L:Holon/Cayley:cayley_isometry_rel; L:Holon/Cayley:cayley_isometry_real	formal-checked	
holon.midpoint-resistance-balance	holon, constitution	x⁺ − x = h(J − R)x̄, x̄ = ½(x + x⁺) ⇒ ½|x⁺|² − ½|x|² = −h⟨x̄, R x̄⟩ ≤ 0	the implicit midpoint step dissipates exactly the resistive power at the midpoint, whatever the skew part	Jᵀ = −J, R ⪰ 0, h ≥ 0	L:Holon/Cayley:midpoint_reaction_balance	formal-checked	uses:holon.energy-balance
holon.explicit-step-grows	holon	x⁺ = (I + hJ)x, J* = −J ⇒ |x⁺|² = |x|² + h²|Jx|²;  J = s[[0,−1],[1,0]] at (s,0): gain 1 + h²s²	the explicit reaction step is not an isometry: its gain grows at second order with the energy	skew-Hermitian J	L:Holon/Cayley:explicit_step_growth; L:Holon/Cayley:explicit_growth_witness	counterexample	obstructs:holon.cayley-isometry
holon.minimal-certified-shift	holon, constitution, deposition	⟨v, Wv⟩ ≤ λ_max(sym W)|v|²;  (∀v ⟨v,(W − τI)v⟩ ≤ 0) ⇔ τ ≥ λ_max(sym W);  shifted blocks: E_N ≤ ∏(1+ε_k) E₀	a learned block becomes passive exactly when shifted by at least the top eigenvalue of its symmetric part, restoring the committed-energy bound	real matrices, storage drift ε_k	L:Holon/Cayley:rayleigh_le; L:Holon/Cayley:shift_passive_iff; L:Holon/Cayley:shifted_committed_energy_bound; L:Holon/Cayley:lamMax	formal-checked	uses:holon.committed-energy-bound
holon.passive-cayley-contraction	holon, constitution	⟨v,Kv⟩ ≤ 0: δ − e = ½K(δ+e) + f ⇒ ‖δ‖ ≤ ‖e‖ + ‖f‖;  ‖(I − ½K)⁻¹‖ ≤ 1;  ‖(I − ½K)⁻¹(I + ½K)‖ ≤ 1; I − ½K bijective (finite dim)	the Cayley step of a passive operator is a contraction	real inner-product space	L:Holon/Cayley:key_contraction; L:Holon/Cayley:resolvent_bound; L:Holon/Cayley:cayley_contraction; L:Holon/Cayley:cayley_bijective	formal-checked	generalizes:holon.cayley-isometry
holon.skew-modulation-no-work	holon, constitution	K(c) = K_s + Σ c_r A_r, ⟨v, A_r v⟩ = 0 ⇒ ⟨v, K(c)v⟩ = ⟨v, K_s v⟩	a skew modulation does no work, so K(c) is passive whenever K_s is	A_r skew	L:Holon/Cayley:inner_devK; L:Holon/Cayley:devK	formal-checked	
holon.drive-balance	holon, constitution	y − p = K(c)x̄ + w, x̄ = ½(p+y) ⇒ ½‖y‖² − ½‖p‖² = ⟨x̄, K_s x̄⟩ + ⟨x̄, w⟩ = −⟨x̄, R x̄⟩ + ⟨x̄, W_c c⟩	the Cayley solve's energy change is resistive loss plus drive power	R = −K_s, A_r skew	L:Holon/Cayley:drive_balance	formal-checked	uses:holon.skew-modulation-no-work
holon.medium-is-port-holon	holon, constitution	q̇ = (Ω − M) G q + B u ⇔ bond (−q̇, Gq; Gq, −MGq; BᵀGq, u) ∈ graph(mediumJ);  2⟨Gq, Aq⟩ = quad(AᵀG + GA)q = −2 quad M (Gq)	the linear medium is a port Holon with skew Ω, storage G, contact dissipation M and inputs B	Ωᵀ = −Ω, Gᵀ = G	L:Holon/Conformance:medium_admits; L:Holon/Conformance:mediumHolon; L:Holon/Conformance:medium_rate_agrees; L:Holon/Conformance:mediumJ_skew	formal-checked	instance-of:holon.port-holon
holon.two-media-witness	holon, holarchy	two one-coordinate media joined at a shared input, storages 2 and 3, state (1,1): E = 1 + 3/2	interconnected Holons form a Holon whose energy is the sum of the parts	witness	L:Holon/Conformance:two_media_witness	formal-checked	instance-of:holon.interconnect
holon.diffusion-dissipates	holon, constitution	Ω = 0: ⟨Gq, −MGq⟩ = −⟨Gq, MGq⟩ ≤ 0;  G = M = q = 1: rate −1	diffusion is the purely resistive medium	M ⪰ 0	L:Holon/Conformance:diffusion_dissipates; L:Holon/Conformance:diffusion_witness	formal-checked	specializes:holon.medium-is-port-holon
holon.ssm-port-output	holon, receiver	ẋ = (Ω − M)Gx + Bu, y = BᵀGx: dE/dt = −⟨Gx, MGx⟩ + ⟨u, y⟩;  y = C'(Gx) is a zero-power coholon reading	a linear state-space model is a port Holon with collocated output; a general output is a passive coholon reading	Ωᵀ = −Ω	L:Holon/Conformance:ssm_port_output	formal-checked	specializes:holon.medium-is-port-holon
holon.lie-poisson-navier-stokes	holon, constitution	ẋ = (hat(x) − M)Gx, hat(x)w = x × w: ⟨x, hat(x)w⟩ = 0 (Casimir |x|²);  d/dt ½⟨x,Gx⟩ = −⟨Gx, MGx⟩	Euler/Navier–Stokes in the three-mode Lie–Poisson truncation is a port Holon: zero energy change for Euler, viscous dissipation otherwise	three-mode Galerkin triad	L:Holon/Conformance:hat_casimir; L:Holon/Conformance:navierStokes_balance; L:Holon/Conformance:hat_skew	formal-checked	specializes:holon.medium-is-port-holon
holon.occurrence-is-port-event	holon, holarchy, coholon	φ(∂(joined o)) = drop₁ + drop₂, shared port contributes nothing	an occurrence is a port event and composition of occurrences is port identification	BoundaryHolon.comp with left.target = right.source	L:Holon/Conformance:comp_is_port_identification	formal-checked	uses:holon.face-is-potential-drop
holon.committed-energy-bound	holon, deposition, constitution	R_k ⪰ 0, ⟨e,L_k e⟩ ≤ 0, h ≥ 0, Q_(k+1) ⪯ (1+ε_k)Q_k ⇒ E_n ≤ ∏_(k<n)(1+ε_k) E₀ ≤ exp(Σε_k) E₀	passivity-preserving deposition bounds the committed energy by the product of storage growths	inputs off, 1+ε_k ≥ 0; the HNN certifies every contact's C/K and every unpumped resonator's C/K by inertia at each deposit and refuses a deposit no ε_k of the fixed search certifies (UncertifiedStorage); a pumped resonator's Floquet growth is certified by hnn::ring (parametron.floquet-consumer) and not yet read by the step, a declared boost's is owed (#62), and no step through either is certified (UncertifiedGain, ActiveContact)	L:Holon/Deposition:committed_energy_bound; L:Holon/Deposition:energy_product_bound; L:Holon/Deposition:product_le_exp_sum; R:holonics::holon::deposition::CommittedEnergyBound; R:holonics::hnn::constitution::DepositReading::storage_growth; R:holonics::hnn::constitution::Constitution::storage_product; H:crates/holonics/src/hnn/prediction.rs@f5fd8f3b	formal-checked	uses:deposition.commit-balance
holon.certified-step	deposition, constitution	φ′(0) = −a, φ″ ≤ C on [0, η] ⇒ φ(η) ≤ φ(0) − ηa + ½η²C;  φ ≤ φ₀ − Σ_(ℓ∈B) η_ℓ a_ℓ + ½ Σ_(ℓ∈B) η_ℓ² C_ℓ, η_ℓ ≥ 0, η_ℓ C_ℓ ≤ a_ℓ ⇒ φ ≤ φ₀ − ½ Σ_(ℓ∈B) η_ℓ a_ℓ;  η = max{2^k : ηC ≤ a, ηc ≤ 1}	a step certified by its unit step's first-order decrease a and a curvature bound C along its whole ray descends by at least half its first-order decrease, loci stepping together included; the machine's step is the largest dyadic that the curvature and the lattice's covector scale c admit	ordered field (the ray model over ℝ); a < 0 refused (Misaligned), a = 0 moves nothing; C read at the end of the ray and the step halved until it holds there	L:Holon/Deposition:certified_step_descends; L:Holon/Deposition:quadratic_upper_model; R:holonics::holon::deposition::CertifiedStep; N:2026-09-29_THE_CERTIFIED_DEPOSITION_STEP_THE_MOIRE_STAYS_BOUNDED_AT_K_EIGHT_THE_COPY_KEEPS_ITS_REACH_CAP_AND_THE_FACTOR_STEP_IS_UNCERTIFIED.md	formal-checked	uses:holon.gauss-newton-curvature
holon.gauss-newton-curvature	deposition, constitution, receiver	‖Σ_(ℓ∈B) u_ℓ‖² ≤ |B| Σ_(ℓ∈B) ‖u_ℓ‖²;  ‖A_ℓ v‖ ≤ κ‖v‖ ⇒ s‖Σ_(ℓ∈B) A_ℓ u_ℓ‖² ≤ |B| s κ² Σ_(ℓ∈B) ‖u_ℓ‖²;  ‖W‖₂² ≤ ‖W‖₁ ‖W‖_∞	the curvature a linear locus reads: a score of curvature s in its logits, reached through gains κ, is bounded per locus, the moves of the loci stepping together adding by Cauchy–Schwarz; a learned map's gain is read by the Schur test, exact over ℚ	the logits linear in the step; the bilinear coupling of R with E and a contrast port acting on its own downstream contrast are owed (#62); the station score's s = ½ is owed (#62); the machine reads each family's own curvature (|B| = 1) with the joint triangle (holon.joint-step) in place of the count, and the readout's gain by the Gram certificate (holon.gram-certificate) in place of the Schur test	L:Holon/Deposition:gauss_newton_curvature; L:Holon/Deposition:joint_cauchy_schwarz; R:holonics::holon::deposition::schur_norms; R:holonics::holon::deposition::sqrt_ceiling	formal-checked	
holon.active-element-growth	holon, constitution, deposition	½‖s′‖² − ½‖b‖² ≤ ⟨½(b + s′), w⟩, ‖w‖ ≤ ωc ⇒ ‖s′‖ ≤ ‖b‖ + ωc;  ‖b‖, c ≤ r, ω ≥ 0 ⇒ ‖s′‖² ≤ (1 + ω)² r², ‖s′‖² − ‖b‖² ≤ (2ω + ω²) r²	an element whose active relation has operator bound ω grows the energy share it reads by at most (1 + ω)² per step; the contrast port, passive only at W_c = 0, enters the committed energy bound through this growth instead of a projection	real inner product space; the element's passive part dropped (W_s ⪯ 0, the slices skew)	L:Holon/Deposition:active_element_growth; L:Holon/Deposition:active_energy_growth; R:holonics::holon::deposition::active_growth; R:holonics::hnn::constitution::Constitution::amplitude	formal-checked	uses:hnn.element-balance, uses:hnn.contrast-port-active
holon.factor-unit-step	deposition, constitution	h′ > 0:  ⟨G, h′⁻¹ G⟩ = h′⁻¹ |G|² ≥ 0	a factor family's unit step through its positive scalar metric descends its covector: the alignment is checked, never negative	real inner product space	L:Holon/Deposition:factor_unit_step_alignment; R:holonics::hnn::constitution::Constitution::deposited	formal-checked	uses:holon.certified-step
holon.square-ray-move	deposition, constitution, contact	B(x + tD, x + tD) − B(x + sD, x + sD) = (t − s)(B(D, x) + B(x, D)) + (t² − s²)B(D, D);  ‖·‖ ≤ |t − s| ‖B‖‖D‖(2‖x‖ + |t + s|‖D‖);  d/dt B(x + tD, x + tD) = B(D, x + tD) + B(x + tD, D), ‖·‖ ≤ 2‖B‖‖D‖(‖x‖ + η‖D‖) on [0, η]	a square carrier's output moves along its ray with its Jacobian bounded at the ray's end: the move the Gauss–Newton curvature of a factor family reads	B a continuous bilinear map of normed real spaces; the carriers c cᵀ, b bᵀ, F Fᵀ, −f fᵀ, u vᵀ − v uᵀ and g²·base are its diagonals	L:Holon/Deposition:square_ray_identity; L:Holon/Deposition:square_ray_move; L:Holon/Deposition:square_ray_deriv; L:Holon/Deposition:square_ray_deriv_bound; R:holonics::hnn::constitution::Constitution::deposited	formal-checked	uses:holon.gauss-newton-curvature
holon.contracting-resolvent	deposition, contact, parametron	∀v ‖v‖² ≤ ⟨v, M v⟩ ⇒ ‖v‖ ≤ ‖M v‖	an operator ⪰ 1, as the transit's m_a = 1 + (G/2h)(2C + hD + (h²/2)K) and the loaded resonator's are for positive semidefinite carriers, has a contracting solve: |ζ| ≤ |r| for m ζ = r	real inner product space	L:Holon/Deposition:contracting_resolvent; R:holonics::hnn::constitution::Constitution::deposited	formal-checked	
holon.transit-difference-power	deposition, contact, parametron	(h/4)G(‖ι_g δζ/h‖² + ‖ι_h δζ/h‖²) + ½⟨(G/h)δζ, C(G/h)δζ⟩ + ½⟨(G/2)δζ, K(G/2)δζ⟩ ≤ (G/(2h) + ½(G/h)²c + ⅛G²k)|δζ|²	the transit's difference state carries at most P|δζ|² in its two waves and its states; the loaded resonator is the case G = 2Y with both ends its one port	‖ι v‖ ≤ ‖v‖ at both ends, ⟨w, Cw⟩ ≤ c|w|², ⟨u, Ku⟩ ≤ k|u|², G, h > 0	L:Holon/Deposition:transit_difference_power; R:holonics::hnn::constitution::Constitution::deposited	formal-checked	uses:holon.contracting-resolvent
holon.joint-step	deposition, constitution, receiver	η_ℓ ≥ 0, ‖u_ℓ‖ ≤ m_ℓ ⇒ s‖Σ_(ℓ∈B) η_ℓ u_ℓ‖² ≤ s(Σ_(ℓ∈B) η_ℓ m_ℓ)²;  φ ≤ φ₀ − Σ η_ℓ a_ℓ + ½Q, Q ≤ s(Σ η_ℓ m_ℓ)² ≤ Σ η_ℓ a_ℓ, a_ℓ ≥ 0 ⇒ φ ≤ φ₀ − ½ Σ η_ℓ a_ℓ (certified_step_descends at C_ℓ = s(Σηm)² a_ℓ / (η_ℓ Σηa))	the families stepping together bound their joint curvature by the triangle on their logit moves (the cross terms by Cauchy–Schwarz on the joint ray), not by the count |B| times the worst: a family whose move is small next to its decrease no longer pays for the others' moves; the joint certificate descends by half the first-order decrease through certified_step_descends, the joint term apportioned by decrease	the Gauss–Newton curvature (the logits' second-order terms owed #62); each family keeps its own ηC ≤ a and ηc ≤ 1; m_ℓ read at the rays' ends	L:Holon/Deposition:joint_move_triangle; L:Holon/Deposition:joint_step_descends; R:holonics::holon::deposition::JointReading; R:holonics::hnn::constitution::Constitution::deposited; N:2026-09-29_THE_TIGHTENED_CERTIFICATE_PINNED_BEFORE_ITS_RUNS.md; H:crates/holonics/src/holon/deposition.rs@f5fd8f3b; L:HNN/BankFace:joint_descends_beside	formal-checked	uses:holon.certified-step, uses:holon.gauss-newton-curvature
holon.gram-certificate	deposition, constitution, receiver	⟨T x, y⟩ = ⟨x, S y⟩:  ⟨x, S T x⟩ ≤ μ‖x‖² ⇒ ‖T x‖² ≤ μ‖x‖²;  ‖S y‖² ≤ μ‖y‖², μ ≥ 0 ⇒ ‖T x‖² ≤ μ‖x‖²;  |E_ij| ≤ ε ⇒ ‖E v‖² ≤ m n ε² ‖v‖²;  X = 2^e N + E, μI − G_N ⪰ 0 ⇒ ‖X‖₂ ≤ 2^e(√μ + ½√(mn))	a map's spectral bound certified by its Gram: the smaller side's Gram of a dyadic face over the integers, a guessed μ taken only where μI − G ⪰ 0 is decided by exact inertia, plus the face's entrywise error; it sharpens the Schur test, which stays the fallback	the guess is never trusted (Rayleigh quotient of power steps raised by 2^(−6), 2^(−4), …); the inertia decision is Sylvester's law on the exact congruence (ratio::linear::inertia); a face of 16 significant bits	L:Holon/Deposition:gram_certificate_bound; L:Holon/Deposition:adjoint_gram_certificate_bound; L:Holon/Deposition:entrywise_error_bound; R:holonics::holon::deposition::spectral_norm; N:2026-09-29_THE_TIGHTENED_CERTIFICATE_PINNED_BEFORE_ITS_RUNS.md	formal-checked	uses:inertia.pullback-bound
holon.dirac-structure	holon	𝒟 = 𝒟^⊥ for the bond pairing ⟨⟨(f,e),(f',e')⟩⟩ = ⟨e,f'⟩ + ⟨e',f⟩;  isotropic ∧ co-isotropic ⇒ Dirac	a Dirac interconnection structure is a subspace equal to its own orthogonal	finite-dimensional, field	L:Holon/Dirac:IsDirac; L:Holon/Dirac:isDirac_of; D:docs/ELEMENTARY_OBJECTS.md#the-holon-as-one-object; R:holonics::holon::dirac::DiracStructure	definition	
holon.power-neutral	holon	(f,e) ∈ 𝒟 ⇒ ⟨e,f⟩ = 0	every bond of a Dirac structure carries zero power (Tellegen)	char 0	L:Holon/Dirac:IsDirac.power_eq_zero	formal-checked	uses:holon.dirac-structure
holon.skew-graph-dirac	holon	Jᵀ = −J ⇒ {(Je, e)} is Dirac;  skewGraph J = kernelForm(1, −J)	the graph of a skew effort-to-flow map is a Dirac structure		L:Holon/Dirac:skewGraph_isDirac; L:Holon/Dirac:skewGraph_eq_kernelForm; L:Holon/Dirac:skewGraph_kernel_hypotheses	formal-checked	instance-of:holon.dirac-structure
holon.tellegen	holon, coholon, complex	⟨dφ, f⟩ = ⟨φ, dᵀf⟩	Tellegen is Stokes: an exact effort paired with a flow is the potential paired with the flow's boundary	any incidence	L:Holon/Dirac:tellegen	formal-checked	instance-of:holon.stokes
holon.kirchhoff-dirac	holon, complex	KCL dᵀf = 0 ∧ KVL e = dφ is Dirac for every incidence d	the Kirchhoff–Stokes–Dirac structure: isotropy is Tellegen, co-isotropy from the Fredholm alternative	any incidence over a field	L:Holon/Dirac:kirchhoff_isDirac; L:Holon/Dirac:kirchhoff	formal-checked	uses:holon.tellegen
holon.kernel-form-dirac	holon	{(f,e) | Ff + Ee = 0} Dirac ⇐ FEᵀ + EFᵀ = 0 ∧ rank[F|E] = n;  its orthogonal is {(Eᵀλ, Fᵀλ)}	the kernel form of a Dirac structure and its image form	finite ports over a field	L:Holon/Dirac:kernelForm_isDirac; L:Holon/Dirac:orthogonal_kernelForm; L:Holon/Dirac:bondForm_imageMap; R:holonics::holon::dirac::KernelForm	formal-checked	uses:holon.dirac-structure
holon.kirchhoff-is-kernel-form	holon, complex	∃ cycle matrix C, range C = ker dᵀ;  kirchhoff d = kernelForm([dᵀ;0],[0;Cᵀ])	every Kirchhoff structure is a kernel form (KCL rows, KVL rows), with no hypothesis	over a field	L:Holon/Dirac:kirchhoff_is_kernelForm; L:Holon/Dirac:exists_cycleMatrix; L:Holon/Dirac:kirchhoff_eq_kernelForm; L:Holon/Dirac:triangle_kernelForm	formal-checked	uses:holon.kernel-form-dirac
holon.dirac-witnesses	holon	gyrator J = [[0,−1],[1,0]]: e = (1,1), f = (−1,1), power 0;  identity graph not Dirac (power 1 at (1,0));  zero subspace isotropic, not Dirac	a moving bond can carry no power; non-skew graphs and bare isotropy fail	witnesses over ℚ	L:Holon/Dirac:gyrator_witness; L:Holon/Dirac:identity_graph_not_dirac; L:Holon/Dirac:zero_not_dirac	counterexample	instance-of:holon.dirac-structure
holon.dirac-composition	holon, holarchy	D Dirac on P×Q, L Dirac on Q ⇒ {p | ∃q∈L, (p,q)∈D} Dirac;  (A ⊓ C)^⊥ = A^⊥ ⊔ C^⊥	composing a Dirac structure with a Dirac link is Dirac (Cervera, van der Schaft, Baños 2007)	finite dim, nondegenerate symmetric pairings	L:Holon/Dirac:compose_isDirac; L:Holon/Dirac:orthogonal_inf	formal-checked	uses:holon.dirac-structure
holon.interconnect	holon, holarchy	interconnect(D_A, D_B) at shared ports τ (f_τ opposite, e_τ equal) is Dirac;  power(partA) + power(partB) = power(b)	interconnecting two Dirac structures at shared ports is Dirac with exact power balance: the shared terms cancel	D_A on α⊕τ, D_B on τ⊕β	L:Holon/Dirac:interconnect_isDirac; L:Holon/Dirac:interconnect_power; L:Holon/Dirac:mem_interconnect; L:Holon/Dirac:link_isDirac; L:Holon/Dirac:split_power	formal-checked	uses:holon.dirac-composition
holon.dirac-reindex	holon	relabelling ports ι ≃ ι' preserves the bond pairing and Dirac structures	port names carry no power	port bijection	L:Holon/Dirac:IsDirac.reindex; L:Holon/Dirac:bondForm_reindex	formal-checked	
holon.gyrator-chain-transformer	holon, holarchy	two gyrators via a shared port: Dirac, carries f = (1,−1), e = (2,2) through shared (2,−1), power 0	two interconnected gyrators are a transformer	witness	L:Holon/Dirac:gyrator_chain_witness	formal-checked	instance-of:holon.interconnect
holon.port-holon	holon, constitution	ports σ ⊕ ρ ⊕ π ⊕ α; storage E = ½⟨x,Qx⟩, effort Qx, flow −ẋ; resistance e_R = −R f_R; power = ⟨e_S,f_S⟩ + ⟨e_R,f_R⟩ + ⟨e_P,f_P⟩ + ⟨e_A,f_A⟩	a port Holon is a Dirac structure on storage, resistive, external and active ports with linear element relations	finite ports over a field	L:Holon/Element:PortHolon; L:Holon/Element:power_assemble; L:Holon/Element:storageEnergy; R:holonics::holon::PortHolon	definition	uses:holon.dirac-structure
holon.power-balance	holon, constitution	admitted point ⇒ ⟨Qx, ẋ⟩ = −⟨f_R, R f_R⟩ + ⟨e_P, f_P⟩ + ⟨e_A, f_A⟩	the pointwise power balance is power neutrality of 𝒟 and nothing else: dissipation, port power, active power	char 0	L:Holon/Element:PortHolon.power_balance	formal-checked	uses:holon.power-neutral
holon.passivity-proved	holon, constitution	R ⪰ 0 ⇒ ⟨Qx, ẋ⟩ ≤ ⟨e_P, f_P⟩ + ⟨e_A, f_A⟩	passivity is a proved inequality from a positive semidefinite resistance, never assumed	ordered field	L:Holon/Element:PortHolon.passive	formal-checked	uses:holon.power-balance
holon.energy-balance	holon, constitution, deposition	d/dτ ½⟨x, Q(τ)x⟩ = −⟨f_R, R f_R⟩ + ⟨e_P,f_P⟩ + ⟨e_A,f_A⟩ + ½⟨x, Q̇x⟩;  dE/dt = ⟨Qx, ẋ⟩ + ½⟨x, Q̇x⟩	along a motion the storage changes by dissipation, port power, active power and the deposition work of a changing constitution	Q(τ) symmetric, over ℝ; fixed Q drops the last term	L:Holon/Element:PortHolon.energy_balance; L:Holon/Element:PortHolon.energy_balance_const; L:Holon/Element:hasDerivAt_storageEnergy; D:docs/ELEMENTARY_OBJECTS.md#the-holon-as-one-object	formal-checked	uses:holon.power-balance
holon.nonlinear-storage-balance	holon, constitution	d𝓗 = ⟨e, ·⟩ ⇒ d𝓗(x)/dτ = −⟨f_R, R f_R⟩ + ⟨e_P,f_P⟩ + ⟨e_A,f_A⟩;  𝓗 = x⁴/4 has effort x³	the balance holds for a nonlinear storage whose Fréchet derivative is the effort	admitted motion with effort e	L:Holon/Element:PortHolon.energy_balance_fderiv; L:Holon/Element:quartic_storage_effort	formal-checked	generalizes:holon.energy-balance
holon.midpoint-balance-exact	holon, navigator	q⁺ − q = h((J − R)Q q̄ + Bu), q̄ = ½(q + q⁺) ⇒ E⁺ − E = −h⟨ē, Rē⟩ + h⟨ē, Bu⟩, ē = Q q̄	the implicit midpoint step has zero balance residual (the advance law)	Qᵀ = Q, Jᵀ = −J, char 0	L:Holon/Element:midpoint_balance; L:Holon/Law:advance_law; R:holonics::holon::law::HolonLaw; R:holonics::holon::law::ReferenceHolon::prepare_commit	formal-checked	instance-of:holon.energy-balance
holon.backward-euler-defect	holon	q⁺ − q = h((J − R)Qq⁺ + Bu) ⇒ E⁺ − E = −h⟨e⁺,Re⁺⟩ + h⟨e⁺,Bu⟩ − ½⟨Δq, QΔq⟩;  Q = B = h = u = 1, q = 0: defect 1/2	backward Euler dissipates ½⟨Δq,QΔq⟩ that no element does	Qᵀ = Q, Jᵀ = −J	L:Holon/Element:backwardEuler_balance; L:Holon/Element:backwardEuler_defect_witness	counterexample	obstructs:holon.midpoint-balance-exact
holon.interconnect-port-holons	holon, holarchy	A ⋈_τ B: storage diag(Q_A, Q_B), resistance diag(R_A, R_B), composed Dirac;  E = E_A + E_B, dissipation additive; b admitted ⇔ ∃ shared q admitting both sides with (−f_q, e_q)	a Holon of Holons is a Holon: interconnection at shared ports adds energies and dissipations	shared external ports τ	L:Holon/Law:PortHolon.interconnect; L:Holon/Law:storageEnergy_blocks; L:Holon/Law:dissipation_blocks; L:Holon/Law:PortHolon.mem_interconnect; R:holonics::holon::PortHolon	formal-checked	uses:holon.interconnect
holon.pullback-law	holon, navigator, coholon	⟨e', P f⟩ = ⟨Pᵀ e', f⟩	a port map moves efforts by its transpose and preserves power; the learning covector travels on the effort side	any port matrix P	L:Holon/Law:pullback_law	formal-checked	uses:holon.stokes
holon.quadratic-moment-storage	holon, constitution, receipt	C = Σ_s w_s f_s f_sᵀ = Cᵀ;  ⟨x, Cx⟩ = Σ_s w_s ⟨f_s, x⟩²;  ½⟨x,Cx⟩ ≥ 0 for w ≥ 0	the weighted second moment is one symmetric storage element, passive for nonnegative weights	finite support	L:Holon/MomentStorage:storageEnergy_quadraticMoment; L:Holon/MomentStorage:quadraticMoment_symm; L:Holon/MomentStorage:dotProduct_mulVec_quadraticMoment; L:Holon/MomentStorage:storageEnergy_quadraticMoment_nonneg	formal-checked	
holon.bond-pairing	holon	Bond = (ι→𝕜)×(ι→𝕜), power(f,e) = ⟨e,f⟩;  ⟨⟨(f₁,e₁),(f₂,e₂)⟩⟩ = ⟨e₁,f₂⟩ + ⟨e₂,f₁⟩ symmetric, nondegenerate;  ⟨⟨b,b⟩⟩ = 2 power b	a port carries a flow and an effort; power is their pairing, and the bond pairing is the symmetric form whose Lagrangians are Dirac structures	finite ports over a field	L:Holon/Port:Bond; L:Holon/Port:power; L:Holon/Port:bondForm_self; L:Holon/Port:bondForm_nondegenerate; L:Holon/Port:bondForm_symm; R:holonics::holon::port::Bond	formal-checked	
holon.fredholm-field	holon, coholon, compression	φ(u) = ⟨u, (φ(δ_i))_i⟩;  (∃x Mx = y) ⇔ ∀w (Mᵀw = 0 ⇒ ⟨w,y⟩ = 0)	every functional on a coordinate space is a dot product, and the Fredholm alternative holds over any field	finite coordinates	L:Holon/Port:dual_eq_dotProduct; L:Holon/Port:mem_range_iff_annihilators_vanish	formal-checked	generalizes:compression.fredholm-alternative
holon.skew-hermitian-no-work	holon, constitution	M* = −M ⇒ Re⟨s, Ms⟩ = 0;  (∀s ⟨s, Ws⟩ = 0) ⇒ W = 0 (complex polarization)	a skew-Hermitian map does no work, and a complex form vanishing on the diagonal vanishes	complex matrices	L:Holon/Reaction:re_herm_skew; L:Holon/Reaction:eq_zero_of_herm_zero; L:Holon/Reaction:re_sum_antiConj	formal-checked	
holon.bilinear-reaction-impossible	holon, constitution, navigator	B(c,s) = Σ_k c_k W_k s, Re⟨s, B(c,s)⟩ = 0 ∀c,s ⇒ ∀k W_k = 0	a power-neutral reaction cannot be complex-bilinear in the contrast unless it vanishes (probes c = δ_k and c = iδ_k)	complex contrast c	L:Holon/Reaction:bilinear_reaction_workless_iff_zero; L:Holon/Reaction:bilinearReaction	formal-checked	uses:holon.skew-hermitian-no-work
holon.modulated-skew-reaction	holon, constitution, navigator	J(c) = Σ_k (Re c_k A_k + Im c_k B_k), A_k, B_k skew-Hermitian ⇒ J(c)* = −J(c), Re⟨s, J(c)s⟩ = 0;  realify skew;  ẋ = (realify J(c(τ)) − M)x ⇒ d½|x|²/dτ = −⟨x, Mx⟩	the learned reaction must be a modulated skew interconnection, which contributes zero power for every contrast trajectory	skew-Hermitian A_k, B_k	L:Holon/Reaction:skewReaction_skew; L:Holon/Reaction:skewReaction_workless; L:Holon/Reaction:realify_skew; L:Holon/Reaction:reaction_balance; L:Holon/Reaction:skewReaction	formal-checked	uses:holon.bilinear-reaction-impossible
holon.skew-part-projection	holon, deposition	skewPart W = ½(W − W*): skew-Hermitian, fixes skew W, idempotent, residual Frobenius-orthogonal to every skew-Hermitian matrix	the orthogonal projection of a learned reaction onto the workless (skew-Hermitian) subspace	complex matrices	L:Holon/Reaction:skewPart; L:Holon/Reaction:skewPart_of_skew; L:Holon/Reaction:skewPart_idem; L:Holon/Reaction:skewPart_orthogonal; L:Holon/Reaction:skewPart_skew	formal-checked	uses:holon.modulated-skew-reaction
holon.hermitian-slice-runaway	holon	W = κ > 0, contrast Δ = s: explicit gain 1 + hκ|s| > 1, increasing in |s|; skewPart W = 0, projected step with resistance r ≥ 0 has gain 1 − hr ≤ 1	a Hermitian slice driven by its own amplitude runs away; its skew projection is bounded	h > 0, κ > 0	L:Holon/Reaction:runaway_witness	counterexample	obstructs:holon.bilinear-reaction-impossible
holon.pushforward-morphism	holon, tower	(f', e') = (Pf, e'), e = Pᵀe': ⟨e', Pf⟩ = ⟨Pᵀe', f⟩;  morphisms compose	a port map pushes flows forward and pulls efforts back, preserving power	any port matrix P	L:Holon/Restriction/Morphism:power_pushforward; L:Holon/Restriction/Morphism:IsMorphism.comp; L:Holon/Restriction/Morphism:pushforward; R:holonics::holon::restriction::PortMap	formal-checked	uses:holon.pullback-law
holon.pushforward-dirac	holon, tower	D Dirac ⇒ pushforwardD(P, D) = graph(P) ∘ negEffort(D) Dirac, for any P	the pushforward of a Dirac structure along any port map is Dirac, injective or not (finite dimension)	finite ports over a field	L:Holon/Restriction/Morphism:pushforwardD_isDirac; L:Holon/Restriction/Morphism:graphD_isDirac; L:Holon/Restriction/Morphism:mem_pushforwardD; L:Holon/Restriction/Morphism:negEffort_isDirac	formal-checked	uses:holon.dirac-composition
holon.gyrator-projection-coholon	holon, receipt	gyrator pushed along [1, 0] contains (0, e) ∀e	projecting a gyrator onto one port returns the passive coholon	witness	L:Holon/Restriction/Morphism:gyrator_projection_witness	formal-checked	instance-of:holon.pushforward-dirac
holon.occurrence-holon	holon, receipt	Holon = AddressedPassage (occurrences, source, target ports) + receiver current per occurrence;  BoundaryHolon: ∂(receive o) = target o − source o;  ∂(Σ_o receive o) = Σ target − Σ source	the elementary occurrence-bearing Holon is the event chart of the Holon; its finite-population boundary is total outgoing minus total incoming, with no conservation assumed beyond the constitutive law	finite occurrence population	L:Foundation/Holon:Holon; L:Foundation/Holon:BoundaryHolon; L:Foundation/Holon:boundary_totalCurrent	formal-checked	
holon.occurrence-composition-pullback	holon, holarchy	comp(H₂, H₁): occurrences = pullback over the shared boundary; composite preimage fibre ≃ pairs of component fibres; the joining face cancels	serial composition keeps both component occurrences and their exact joining equality	additive boundary Holons	L:Foundation/Holon:comp; L:Foundation/Holon:compPreimageFibreEquiv; L:Foundation/Holon:interaction_middle_boundary	formal-checked	uses:holon.occurrence-holon
holon.lineage-addressed-passage	holon, tube	AddressedPassage X Y = (occurrences, src, tgt);  comp = pullback of adjacent occurrence populations;  shadow(comp) = Rel.comp(shadow, shadow)	an addressed passage retains which intermediate occurrence carried a transport, which relational composition forgets	finite passages	L:Foundation/Lineage:AddressedPassage; L:Foundation/Lineage:shadow_comp; L:Foundation/Lineage:join_split; L:Foundation/Lineage:split_join	formal-checked	
holon.relation-hides-occurrences	holon	one relational edge ← single unit passage and parallel unit passage (two distinct occurrences)	the same relation can hide different occurrence populations; persistence belongs to lineage	witness	L:Foundation/Lineage:theSameRelationCanHideDifferentOccurrencePopulations; L:Foundation/Lineage:theParallelOccurrencesRemainDistinct	counterexample	obstructs:holon.lineage-addressed-passage
holon.causal-natural-family	holon, holarchy, receiver	NaturalHolonFamily over a parameter category: occurrences, ports and receiver faces functorial, structure maps natural; arrows map preimage fibres forward; equivalence only for an isomorphism of Holon diagrams (Rebase)	a parameter category makes the occurrence Holon a causal-natural family; a tensor carrier alone supplies none of this	strict Type-valued presentation	L:Foundation/CausalNaturalHolon:CausalNaturalHolon; L:Foundation/CausalNaturalHolon:receive_natural; L:Foundation/CausalNaturalHolon:mapPreimageFibre; L:Foundation/CausalNaturalHolon:receiverTransformer_natural	formal-checked	uses:holon.occurrence-holon
holon.relation-ladder	holon, receiver, compression	rungs: x = y ⊢ x ⇝ y (lineage), x ≅ y (situation automorphism), x ~_ρ y, x ~_(G,R) y (equal potential = futureAgreement), x ≈_(ρ,ε) y (width ≤ ε); no rung below identity entails identity	identity belongs to an occurrence, persistence to lineage, sameness to a receiver, potential to a family of futures; the rungs form a partial, non-total entailment order	declared situation (G, R), tolerance ε	L:Foundation/RelationLadder:no_rung_below_identity_entails_identity; L:Foundation/RelationLadder:identityImpliesEveryRung; L:Foundation/RelationLadder:entails_is_not_total; L:Foundation/RelationLadder:Rung	formal-checked	
holon.ladder-implications	holon, receiver	equal potential ⇒ present agreement ⇒ within any ε ≥ 0;  situation automorphism with natural transports and receivers ⇒ equal potential; enlarging (G,R) refines; one separator refutes	the implications that hold on the relation ladder	declared situation	L:Foundation/RelationLadder:equalPotentialImpliesPresentAgreement; L:Foundation/RelationLadder:receiverEqualImpliesWithinTolerance; L:Foundation/RelationLadder:situationAutoImpliesEqualPotential; L:Foundation/RelationLadder:equalPotentialAntitone; L:Foundation/RelationLadder:separatorRefutesEqualPotential	formal-checked	uses:holon.relation-ladder
holon.ladder-counterexamples	holon, receiver	receiver equality ⇏ equal potential; equal potential ⇏ isomorphism; isomorphism ⇏ identity; continuation ⇏ any equal face; lossy continuation ⇏ isomorphism; tolerance not transitive (0,1,2 at ε=1), n-step chain within nε	every failing implication of the ladder has a constructed witness; each equivariance half is necessary	witnesses	L:Foundation/RelationLadder:receiverEqualityWithoutEqualPotential; L:Foundation/RelationLadder:equalPotentialWithoutIsomorphism; L:Foundation/RelationLadder:isomorphismWithoutIdentity; L:Foundation/RelationLadder:lossyContinuationIsNotAnIsomorphism; L:Foundation/RelationLadder:toleranceIsNotTransitive; L:Foundation/RelationLadder:withinToleranceIterate; L:Foundation/RelationLadder:receiverEquivarianceIsNecessary; L:Foundation/RelationLadder:generatorEquivarianceIsNecessary	counterexample	obstructs:holon.relation-ladder
holon.four-and-two-squared	holon, receiver	4 ≠ 2^2 as Expression, eval 4 = eval 2^2;  bumpExponent separates them; postcompose-add family gives equal potential	the equality belongs to the scalar receiver and does not ascend to identify the formulations	Expression witness	L:Foundation/RelationLadder:fourAndTwoSquaredAgreeUnderEval; L:Foundation/RelationLadder:fourAndTwoSquaredAreNotIdentical; L:Foundation/RelationLadder:bumpExponentSeparatesThem; L:Foundation/RelationLadder:theEqualityBelongsToTheScalarReceiver	counterexample	instance-of:holon.relation-ladder
holon.song-is-a-family	holon, receiver	transpose, scale tempo, revoice are musically invisible (interval and rhythm contours); two enactments agree musically; the absolute receiver separates them	a song is the family of its enactments, not one enactment	Enactment witness	L:Foundation/RelationLadder:admissibleTransformationsAreMusicallyInvisible; L:Foundation/RelationLadder:theSongIsTheFamilyNotOneEnactment; L:Foundation/RelationLadder:theAbsoluteReceiverSeparatesThem	formal-checked	instance-of:holon.relation-ladder
holon.addressed-boundary-join	holon, complex	∂(o) = −[source] + [target];  serial join returns (incoming, middle, outgoing) and the middle face cancels through the pullback equality	edge-boundary cancellation at a join, not ∂² = 0 and not a conservation law	heterogeneous free abelian faces	L:Foundation/AddressedBoundary:boundary_join; L:Foundation/AddressedBoundary:boundary_comp; L:Foundation/AddressedBoundary:additiveBoundary_shadow_forgets_the_carrier	formal-checked	uses:holon.lineage-addressed-passage
holon.port-storage-rate	holon, constitution, contact	A = (Ω − M)G: AᵀG + GA = −2GMG;  ⟨v, (AᵀG + GA)v⟩ = 2⟨Gv, Av⟩ = −2 P_diss(Gv);  M = 0 ⇒ 0	the storage rate form of a port-Hamiltonian medium reads only its contact dissipation; strict decay exactly on the slip-active subspace	Gᵀ = G, Ωᵀ = −Ω, Mᵀ = M	L:Transport/HolonicInteraction:port_storage_rate; L:Transport/HolonicInteraction:storage_rate_reading; L:Transport/HolonicInteraction:storage_rate_nonpos; L:Transport/HolonicInteraction:storage_rate_neg_of_active_slip; L:Transport/HolonicInteraction:port_storage_rate_zero_of_no_dissipation	formal-checked	uses:contact.material
holon.conservative-core	holon, constitution, globe	MGv = 0 ⇒ Av = ΩGv;  core = ⋂_k ker(MG Aᵏ) is A-invariant and ⊆ ker(MG)	on the modes dissipation cannot see the navigator is the skew structure alone: the conservative core	port-Hamiltonian generator	L:Transport/HolonicInteraction:generator_is_conservative_on_the_core; L:Transport/HolonicInteraction:core_is_generator_invariant; L:Transport/HolonicInteraction:core_le_ker	formal-checked	uses:globe.observability-kernel
holon.eigenvalue-reads-dissipation	holon, parametron, constitution	Av = λv ⇒ λ⟨v,Gv⟩ = −⟨Gv, M Gv⟩;  G ≻ 0 on v ⇒ λ ≤ 0 and (λ = 0 ⇔ MGv = 0)	a real eigenvalue is the dissipated power per unit storage; on positive storage it is nonpositive and zero exactly where dissipation is blind (finite LaSalle)	Gᵀ = G, Ωᵀ = −Ω, M ⪰ 0	L:Transport/HolonicInteraction:eigenvalue_reads_the_dissipation; L:Transport/HolonicInteraction:real_eigenvalue_nonpos_and_zero_iff_unseen	formal-checked	uses:holon.port-storage-rate
holon.no-structure-self-adjoint	holon, constitution	A = −MG: AᵀG = GA;  GA = −GMG	a navigator with no skew structure is self-adjoint in the G-pairing; with G ≻ 0 its spectrum is real (Horn–Johnson 4.5.15, cited)	Gᵀ = G, Mᵀ = M	L:Transport/HolonicInteraction:selfAdjoint_of_no_structure; L:Transport/HolonicInteraction:symmetrized_generator_of_no_structure	formal-checked	
holon.indefinite-storage-no-placement	holon, parametron	G = diag(1,−1), A = [[0,1],[1,0]]: AᵀG + GA = 0, yet A has eigenvalue +1	a vanishing rate form licenses no spectral placement without positive definite storage	witness	L:Transport/HolonicInteraction:indefiniteStorage_rate_form_vanishes; L:Transport/HolonicInteraction:swapGenerator_has_a_right_half_plane_mode; L:Transport/HolonicInteraction:vanishing_rate_form_places_no_spectrum	counterexample	obstructs:holon.eigenvalue-reads-dissipation
holon.stokes	holon, coholon, complex	⟨dȞ, H⟩ = ⟨Ȟ, ∂H⟩,  d = ∂ᵀ = ∂.dualMap	Stokes is the definition of the coboundary as the dual of the boundary: the one pairing between Holon and coholon	any linear boundary over a commutative ring	L:Geometry/ExteriorBoundary:stokes_pairing; L:Objects/Pairing:coboundary_face; D:docs/ELEMENTARY_OBJECTS.md#1-holon-and-coholon	formal-checked	
holon.ket-chart	holon, coholon, navigator	|H⟩_F = Σ_I H_F^I |e_I⟩_F;  Ĝ_(F'←F) = Σ G^j_i |e_j⟩_(F') ⟨e^i|_F;  |H'⟩_(F') = Ĝ_(F'←F)|H⟩_F;  face ⟨r|H⟩	a Holon in a declared tensor chart; dual bras need not be orthonormal transposes; a metric identification supplies its conjugation	declared frame and pairing	D:docs/HOLON.md#the-object-and-its-notation; D:docs/HOLONIC_NOTATION.md	definition	uses:holon.coholon
holon.operator-is-a-holon	holon, navigator, contact	Ĝ ∈ V_(F') ⊗ V_F*;  bilinear interaction 𝓘 ∈ V_C ⊗ V_A* ⊗ V_B*;  joint |H⟩ = Σ h_ab |a⟩⊗|b⟩ need not factor	a linear operator is a tensor-valued Holon; keeping the joint tensor prevents inventing an unsupported product combination	finite port chart	D:docs/HOLON.md#the-object-and-its-notation	definition	uses:holon.ket-chart
holon.medium-storage-rate	holon, constitution, contact	q̇ = (Ω − M_contact)Gq + Bu, V = ½qᵀGq: V̇ = −(Gq)ᵀM_contact(Gq) + (Gq)ᵀBu (+ ½qᵀĠq when G moves)	the medium's flux law; nonincreasing V controls the norm only for positive definite G, and attraction needs undamped invariant modes excluded	G = Gᵀ fixed, Ωᵀ = −Ω, M_contact ⪰ 0	D:docs/HOLON.md#situated-generator-inference-dormant-modes-and-action; L:Transport/HolonicInteraction:port_storage_rate; L:Holon/Conformance:medium_rate_agrees	proved-derived	uses:holon.port-storage-rate
holon.interference-before-intensity	holon, receipt, parametron	|a + b|² = |a|² + |b|² + 2 Re(a b̄)	complex current addition precedes intensity: phase and interference cannot be recovered from component magnitudes	complex currents	D:docs/HOLON.md#algebra-and-calculus-in-those-charts; L:Physics/Wave/Interference:intensity_eq; L:Physics/Wave/Interference:coherent_not_a_function_of_incoherent; R:holonics::physics::wave::interfere	proved-standard	
holon.chain-rule-adjoint	holon, navigator, coholon	D(g∘f)_x = Dg_(f(x)) Df_x;  (D(g∘f))* = Df* Dg*;  (A⊗B)(x⊗y) = Ax ⊗ By	differentiation composes forward and the adjoint reverses the order; material and frame dependence add their own terms	differentiable composition	D:docs/HOLON.md#algebra-and-calculus-in-those-charts; L:Transport/AddressedLinearizedPassage:addressedTwoStep_adjoint_reverseOrder	proved-standard	uses:navigator.adjoint-reverse-order
holon.generation-commutes-with-decoder	holon, navigator, receipt	Holon.ofEvolution prepare evolve read; evolution and decoder commute ⇒ generation in the encoded state returns the same face; joined occurrences of two deterministic refinements ≃ the seed population	generation is an operation on Holons with no output-token order; neither result requires a trajectory archive	deterministic refinements	L:Foundation/Holon:ofEvolution_receive_eq_encoded; L:Foundation/Holon:ofEvolutionCompOccurrenceEquiv; D:docs/HOLON.md#generation-is-an-operation-on-holons	formal-checked	uses:holon.occurrence-holon
holon.map-receiver-not-rebase	holon, receiver	mapReceiver changes the reading, keeps ports and occurrence population, may be noninjective; Rebase transports the whole diagram through commuting squares and is invertible	changing a reading is not a rebase; a rebase preserves preimage fibres		L:Foundation/Holon:mapReceiver; L:Foundation/Holon:Rebase.preimageFibreEquiv; D:docs/HOLON.md#generation-is-an-operation-on-holons	definition	uses:holon.occurrence-holon
holon.joint-composition	holon, holarchy	cartesian product adds independent degrees of freedom; a diagonal shares one occurrence; off-diagonal keeps the rest; preimage fibres of the cartesian join ≃ products	joint composition distinguishes independent occurrences from a shared one	occurrence Holons	L:Foundation/Holon:cartesian; L:Foundation/Holon:diagonal; L:Foundation/Holon:cartesianPreimageFibreEquiv	definition	uses:holon.occurrence-holon
holon.frame-operator	holon, deposition, coholon	Σ|a_i⟩⟨a_i| = I only for a family orthonormal in a declared metric G; otherwise it is the frame operator S and reconstruction runs through the dual frame S⁻¹|a_i⟩;  |a⟩⟨a| is a deposit	a deposit reverses a construction into a receiver; resolution of the identity needs a declared metric	finite frame	D:docs/HOLONIC_NOTATION.md#typed-dirac-primitives	proved-standard	uses:deposition.normal-law-psd
holon.index-ports	holon, coholon, complex	upper index = ket port, lower = bra port; contraction joins oriented lines; two uppers contract only through a declared metric G (Riesz); H^(i') = Λ^(i')_i H^i, r_(j') = r_j (Λ⁻¹)^j_(j')	raising and lowering is a frame-bound identification with its split and hand stated	tensor chart	D:docs/HOLONIC_NOTATION.md#index-einstein-notation-for-holons-as-tensors	definition	uses:holon.ket-chart
holon.sign-is-a-turn	holon, swing, parametron	−1 = e^(iπ) enacts a half-turn, i = e^(iπ/2) a quarter-turn; PhaseCarrier: false ↦ phase 0, sign +1; true ↦ phase π, sign −1; −w cos(θ_i − θ_j) = −w ε_i ε_j on locked sheets	a binary state is a polarized side reading; a sign is what remains of a phase once the winding is deleted	declared complex carrier	D:docs/HOLONIC_NOTATION.md#arrows-signs-and-turns; L:Physics/PhaseCarrier:phaseNetworkEnergy_binaryPhase	formal-checked	uses:parametron.ising-lock
holon.block-arrows	holon, tube	A_↗ upstream → downstream, A_↘ the return; along one axis → ← ↑ ↓; six signed unit shifts of three axes = octahedron vertices	a passage between neighbouring blocks is written as an arrow: direction is the content	notation	D:docs/HOLONIC_NOTATION.md#arrows-signs-and-turns	definition	uses:tube.chain-cross-block
holon.unoriented-junction	holon, swing, complex	z = x + y read as the unoriented junction x + y + e^(iπ)z = 0; framing assigns kets and receivers; re-orienting a leg costs a half-turn; non-orientable = nontrivial holonomy of the hand in H¹(·; ℤ/2)	an abstract expression is unoriented until causally framed; orientability is a reading of the continuing object at a station	interpretation, agent-inferred	D:docs/HOLONIC_NOTATION.md#orientation-an-expression-is-unoriented-until-it-is-causally-framed; L:Objects/Pairing:no_orientation_of_reversing_cycle	interpretation	uses:holon.orientation-reversing-walk
holon.four-slots	holon, receiver, navigator	source geometry → receiver map → transport → returned residual	the same operation in every subject; the material is the variable	project postulate	D:docs/HOLONIC_NOTATION.md#the-same-form-in-every-subject	definition	
holon.generalized-stokes	holon, coholon, complex	∫_Ω dω = ∫_(∂Ω) ω;  d(f*ω) = f*(dω);  d² = 0;  local dω = Σ_i dq^i ∧ ∂_iω (moving coframes add dθ terms)	the continuum Stokes theorem and pullback naturality; FTC, Green and the curl/divergence formulas are instances	oriented compact (k+1)-manifold with boundary; smooth f (Mathlib extDeriv_pullback, extDeriv_extDeriv)	D:docs/FORMAL_FRAMEWORK.md#exterior-change-boundary-reception-and-change-of-chart	proved-standard	generalizes:holon.stokes
holon.world-tube-balance	holon, tube, aeon	dJ = S on a world-tube: final stored − initial stored + outward lateral flux = integrated source (temporal caps oppositely oriented)	Stokes on a world-tube joins changing interior storage and external interaction in one boundary calculation	supplied current, units, source law	D:docs/FORMAL_FRAMEWORK.md#exterior-change-boundary-reception-and-change-of-chart	proved-standard	uses:holon.generalized-stokes
holon.connection-d-squared	holon, complex	ordinary d² = 0; covariant d_A² = F_A (curvature); closed forms need not be globally exact	a connection's covariant exterior derivative has curvature in its square; periods and retained classes remain part of the framework		D:docs/FORMAL_FRAMEWORK.md#exterior-change-boundary-reception-and-change-of-chart; L:Holon/Complex:dA_squared	formal-checked	uses:complex.da-squared-curvature
holon.presentation-rebase	holon, complex, compression	affine relation = origin + span(generators); equal spans and origins differing by a direction ⇒ same carrier, domain, image and every fibre; rebase invertible with empty residual; different spans over ℤ differ	a generating family is a presentation of a relation, not the relation; passing between presentations is a residual-free rebase	commutative ring	L:Foundation/RelationPresentation:carrier_eq; L:Foundation/RelationPresentation:Rebase.faces_eq; L:Foundation/RelationPresentation:residual_empty; L:Foundation/RelationPresentation:presentationsWithDifferentSpansDiffer	formal-checked	uses:tower.continuing-transition
holon.face-not-identity	holon, receiver	occurrence equality ⇒ carrier equality ⇒ face equality; equal face does not force occurrence identity	equality at one cut (occurrence, presentation, face) is not promoted to the others		L:Foundation/Presentation:faceEq_of_occurrenceEq; L:Foundation/Presentation:faceEq_of_carrierEq; L:Foundation/Presentation:equal_face_does_not_force_occurrence_identity	formal-checked	uses:holon.relation-ladder
holon.bridge-statuses	holon, receiver	coPresence < numericalResemblance, sharedReceiverFace, actualMap < structurePreservingMap < {equivalence, naturalFamily}, speculativeAnalogy off the order; entails is a partial, non-total order; a shared receiver face supplies no map; composition takes the status meet and refuses a speculative analogy	co-presence is not contact and equal receiver output is not source equality: the kind of a connection is data, and the weakest kinds carry no map	typed bridges	L:Foundation/Bridge:entails_antisymm; L:Foundation/ReceiverAtlas:no_transformer_from_the_blind_chart; L:Foundation/Bridge:speculativeAnalogy_is_off_the_order; L:Foundation/Bridge:statusMeet_greatest; L:Foundation/Bridge:comp_at_meet	formal-checked	uses:holon.relation-ladder
holon.bridge-grade-composition	holon	composeGrade reads each grade's declared support level (commutative, associative, idempotent, ≤ each support); a counterexample or historical link does not compose; a counterexample, false hypothesis or missing passage blocks promotion	epistemic grades carry no order; a composite inherits only what each link's support allows	canon grades	L:Foundation/Bridge:composeGrade_comm; L:Foundation/Bridge:composeGrade_assoc; L:Foundation/Bridge:counterexample_does_not_compose; L:Foundation/Bridge:counterexample_blocks_promotion; L:Foundation/Bridge:missing_passage_blocks_promotion	formal-checked	uses:holon.bridge-statuses
constitution.hodge-split	constitution, holon, coholon	C¹ = im d₀ ⊕ im δ₁ ⊕ ker Δ, pairwise ⟨,⟩_W-orthogonal, unique;  δ₀ = W₀⁻¹ d₀ᵀ W₁;  ⟨Δx, x⟩ = |δ₀x|² + |d₁x|² ≥ 0;  ker Δ = ker d₁ ∩ ker δ₀	a Holon's motion splits into exact (potential-driven), coexact (induced) and harmonic (dormant) parts in the declared constitution metric	finite weighted complex over ℚ, d₁d₀ = 0, positive declared weights	L:Foundation/HodgeReceiver:hodge_decomposition; L:Foundation/HodgeReceiver:hodge_decomposition_unique; L:Foundation/HodgeReceiver:laplacian_quadratic; L:Foundation/HodgeReceiver:mem_harmonic_iff; L:Foundation/HodgeReceiver:codiff₀_adjoint; D:docs/ELEMENTARY_OBJECTS.md#2-constitution	formal-checked	
constitution.harmonic-is-cohomology	constitution, coholon, complex	every cocycle ≡ exactly one harmonic cochain mod exact; harmonic ≃ H¹; dim harmonic + dim exact = dim cocycles	the harmonic (dormant) space is the cohomology, counted by the Betti number over ℚ (torsion invisible)	finite weighted complex	L:Foundation/HodgeReceiver:harmonic_meets_every_class; L:Foundation/HodgeReceiver:harmonic_representative_unique; L:Foundation/HodgeReceiver:harmonicEquivCohomology; L:Foundation/HodgeReceiver:finrank_harmonic_add_finrank_exact	formal-checked	uses:constitution.hodge-split
constitution.metric-moves-representative	constitution, coholon	two metrics on one complex: harmonic representatives lie in the same class; dim harmonic metric-free; a shear commuting with d₀ moves the harmonic representative outside, by an exact difference	a constitution change moves the dormant representative, never its class or count; chain transport need not preserve harmonic representatives	positive weights	L:Foundation/HodgeReceiver:harmonic_moves_within_class; L:Foundation/HodgeReceiver:finrank_harmonic_metric_free; L:Foundation/HodgeReceiver:shear_moves_harmonic_outside; L:Foundation/HodgeReceiver:shear_difference_is_exact	formal-checked	uses:constitution.harmonic-is-cohomology
constitution.modes	constitution, parametron, holon	C = Bᵀ M_C B (capacitive), K = Bᵀ M_L B (inverse-inductive stiffness), D ⪰ 0;  modes K v = ω² C v;  energies ½⟨ẋ, Cẋ⟩ and ½⟨x, Kx⟩ exchange along a mode	the constitution relates a coholon to the motion it excites; its two energies exchange along modes, and which is read as storage is a chart choice	oriented incidence B, diagonal weights	L:Physics/CoupledIncidence:IsGeneralizedMode; L:Objects/Parametron:modeStorage_balance; L:Objects/Parametron:modeEnergy_conserved; D:docs/ELEMENTARY_OBJECTS.md#2-constitution	formal-checked	uses:parametron.mode-energy-conserved
constitution.motion-split	constitution, holon, coholon	motion = exact (potential-driven) ⊕ coexact (induced; Faraday emf is not an exact drop) ⊕ harmonic (dormant, silent at node/cell receivers)	a Holon's motion under its constitution has three orthogonal kinds	finite weighted complex	L:Foundation/HodgeReceiver:hodge_decomposition; L:Transport/CellHolonomy:dormant_mode_is_locally_silent; D:docs/ELEMENTARY_OBJECTS.md#2-constitution	formal-checked	specializes:constitution.hodge-split
constitution.flux-from-constitution	constitution, deposition, holon	j = ⋆_Θ dφ, ∂j = σ;  Θ ← Θ + Γ(j);  next growth ∝ |⟨dφ, e⟩|^η on frontier cells (dielectric breakdown, standard)	one law covers flux from constitution and constitution from flux; the chain is Markov on (Θ, φ), not on events	guide statement; growth measure open in Lean	D:docs/ELEMENTARY_OBJECTS.md#8-deposition; L:Objects/Deposition:solves_iff_boundary_flux; L:Objects/Deposition:deposit	definition	uses:deposition.law
navigator.clocked-ring-moment	navigator, epoch, aeon	m_g⁺ = U_g^(c_g(u)) m_g + I_g E_g(u);  m_g = Σ_k U_g^(τ_g(n) − τ_g(k+1)) I_g E_g(u_k),  τ_g = Σ c_g	each ring advances on its own clock; its moment has a closed form in clock time and the unit clock is the one-tick case	ClockedRing over a commutative ring	L:Objects/SourceHolon:moment_closed_form; L:Objects/SourceHolon:moment_unit_clock; L:Objects/SourceHolon:ClockedRing	formal-checked	generalizes:navigator.source-moment
navigator.joint-moment-per-ring	navigator	jointMoment(l ++ [u])_g = U_g^(c_g(u)) jointMoment(l)_g + I_g E_g(u)	a machine of rings advances ring by ring, one component per ring whatever the source length	family of clocked rings	L:Objects/SourceHolon:jointMoment_append_one; L:Objects/SourceHolon:jointMoment	formal-checked	uses:navigator.clocked-ring-moment
navigator.clock-changes-moment	navigator, epoch	quarter-turn ring, source [true,false]: every-letter clock (0,1), true-only clock (1,0)	the ring clock is part of the phase: the same advance and encoder read differently under two clocks	witness	L:Objects/SourceHolon:clock_changes_the_moment	formal-checked	instance-of:navigator.clocked-ring-moment
navigator.source-frame-form	navigator, complex	m = U^(n−1) Σ_k U^(−k) I E(u_k);  m̃(l ++ [u]) = m̃(l) + U^(−|l|) I E(u)	increments are carried back to the source phase by Ĝ⁻¹ and summed; the receiving phase U^(n−1) is applied once at read time	invertible advance, nonempty source	L:Objects/SourceHolon:moment_eq_receivingPhase_sourceFrame; L:Objects/SourceHolon:sourceFrame_append_one; L:Objects/SourceHolon:sourceFrame	formal-checked	uses:navigator.source-moment
navigator.moment-append-affine	navigator, compression	m(l ++ w) = U^|w| m(l) + m(w)	the future after any word is affine in the moment: the moment is a StandingLaw for the append action, reopened by U_u(m) = U m + I E u	MomentMachine	L:Objects/SourceHolon:moment_append; L:Objects/SourceHolon:momentStanding	formal-checked	instance-of:compression.retention-quotient
navigator.moment-minimal-iff-observable	navigator, compression, receiver	reader P after every word: futureAgreement(l,l') ⇔ ∀k P U^k (m − m') = 0;  all linear readings over a field: ⇔ m = m'	the minimal retention of a source is the moment modulo the observability kernel of (U, P)	field for the all-readings case	L:Objects/SourceHolon:native_futureAgreement_iff; L:Objects/SourceHolon:moment_eq_iff_futureAgreement	formal-checked	uses:globe.observability-kernel
navigator.moment-minimality-witnesses	navigator, compression	quarter-turn read by fst: agreement ⇔ equal moments;  identity advance with a hidden coordinate: [true], [] differ in moment but agree for fst	the moment is minimal when (U,P) is observable and not otherwise	witnesses	L:Objects/SourceHolon:observable_native_minimal; L:Objects/SourceHolon:unobservable_native_not_minimal	counterexample	instance-of:navigator.moment-minimal-iff-observable
navigator.offset-moment-separates	navigator, contact	C(δ) = Σ_k v(k) ⊗ v(k+δ), v(k) = U^k I E(u_k);  δ≥1: a0^(δ−1)b and b0^(δ−1)a equal moments (U = 1) and equal C(δ') ∀δ' ≠ δ, C(δ) separates	every offset of the oriented pair moment is a distinct separator	identity advance on ℚ², δ≥1	L:Objects/SourceHolon:offset_separates_exactly_at_its_offset; L:Objects/SourceHolon:phased	formal-checked	uses:navigator.source-moment
navigator.truncated-resolvent	navigator, receipt	(X − U) Σ_(k<N) X^(N−1−k) U^k = X^N − U^N	the finite form of (zI − U)⁻¹ = Σ_k U^k z^(−k−1)	matrices over K[X]	L:Objects/SourceHolon:charmatrix_mul_truncatedResolvent	formal-checked	
navigator.transfer-markov-expansion	navigator, receipt, tube	X^N·num = den·Σ_(k<N) X^(N−1−k)(C U^k I) + C adj(X − U) U^N I;  C(zI−U)⁻¹I = Σ_(k<N) (C U^k I) z^(−k−1) + O(z^(−N−1))	the z-transform of the moment is a causal-chord transfer whose coefficients are the Markov parameters	CausalChord.Linearization (U,I,C)	L:Objects/SourceHolon:numerator_expansion	formal-checked	uses:navigator.truncated-resolvent
navigator.impulse-moment	navigator, receipt	m(e 0^k) = U^k I e;  C m(e 0^k) = (C U^k I) e	the moment of an impulse source is the Markov parameter	encode = id	L:Objects/SourceHolon:impulse_moment	formal-checked	face-of:navigator.transfer-markov-expansion
navigator.moment-is-address	navigator, tower	Cantor reader x ↦ x/3, left ↦ 0, right ↦ 2/3: descend w root = [m(w), m(w) + 3^(−|w|)]	the moment of a contracting affine reader is the fractal address of the restriction word; the first letter is the finest scale	restriction words over {left,right}	L:Objects/SourceHolon:descend_eq_moment; L:Objects/SourceHolon:cantor_separates_the_orders	formal-checked	uses:fractal.restriction-word-address
navigator.identity-advance-no-address	navigator, tower	¬∃ MomentMachine with identity advance and read: descend w = read(m(w))	no identity-advance moment realizes the address: it merges [left,right] and [right,left], which the address separates		L:Objects/SourceHolon:no_identity_advance_realizes_the_address	counterexample	obstructs:navigator.moment-is-address
navigator.port-symbol-sum	navigator, contact	Σ_((f,t)∈p) L^(N−1−t) I(E(u_t) − E(u_f)) = Σ_a D_(p,a) I E(a),  D_(p,a) = Σ_(u_t=a) L^(N−1−t) − Σ_(u_f=a) L^(N−1−t);  m = Σ_a C_a I E(a)	a phase-weighted edge port and the moment are symbol sums over the alphabet	finite alphabet, word length N	L:Objects/SourcePorts:port_eq_symbol_sum; L:Objects/SourcePorts:moment_eq_symbol_sum; L:Objects/SourcePorts:portSymbol	formal-checked	
navigator.offset-port-telescopes	navigator, contact	L = 1: port(offsetEdges δ) = I(Σ_(k≥N−δ) E(u_k) − Σ_(k<δ) E(u_k))	at identity phase an offset port collapses to its endpoints (the A3 collision)	δ ≤ N	L:Objects/SourcePorts:offset_port_identity_telescopes; L:Objects/SourcePorts:port_offsetEdges	formal-checked	specializes:navigator.port-symbol-sum
navigator.quarter-turn-port-witness	navigator, contact	a↦0, b↦(1,0), c↦(0,1), offset 1: L=1 ports of abca, acba both 0; quarter turn: (−2,−2) and 0	the phase separates what the identity merges; a port is not its endpoints	witness	L:Objects/SourcePorts:quarter_turn_port_witness	counterexample	obstructs:navigator.offset-port-telescopes
navigator.port-transpose	navigator, coholon	g(Σ_a D_a I E(a)) = Σ_a (I* D_a* g)(E a);  g(m) = Σ_a (I* C_a* g)(E a)	every covector reads the port and moment symbols through their transposes	any covector g	L:Objects/SourcePorts:port_transpose; L:Objects/SourcePorts:moment_transpose	formal-checked	uses:navigator.port-symbol-sum
navigator.symbol-standing	navigator, compression	retain(word, q₀) = (C, D, L^N q₀): 2|A| endomorphisms fixed in N plus the anchor reading	the word-intrinsic symbols with the anchor reading are a StandingLaw for every encoder and covector pair; the contemporary retained constitution enters only through the anchor	passages (word, contemporary anchor)	L:Objects/SourcePorts:symbolStanding; L:Objects/SourcePorts:retainSymbols	definition	instance-of:compression.retention-quotient
navigator.symbols-witness	navigator, compression	abca ≠ acba: equal symbols at L = 1 (one standing); separated under the quarter turn by fst of the offset-1 port	identity phase merges words that the quarter turn distinguishes	witness	L:Objects/SourcePorts:identity_phase_equal_symbols; L:Objects/SourcePorts:quarter_turn_symbols_separate	counterexample	instance-of:navigator.symbol-standing
navigator.anchor-separability	navigator	q_(k+1) = L q_k + τ + I E(u_k) ⇒ q_N = U^N q₀ + Σ_k L^(N−1−k) I E(u_k);  U^N q₀ − U^N q₀' = L^N(q₀ − q₀');  F(q_N) − F(q_N') = (L^N)*F(q₀ − q₀')	the anchor separates from the moment; its covector is (L^N)* F and the moment does not enter	affine advance U q = L q + τ, linear reading F	L:Objects/SourcePorts:stepped_eq_anchor_add_moment; L:Objects/SourcePorts:iterate_affine_sub; L:Objects/SourcePorts:anchor_covector	formal-checked	uses:navigator.source-moment
navigator.lifted-phase-jump	navigator, aeon, epoch	θ̃ ↦ θ̃ + 2π, n ↦ n + 1, chart θ̃ − 2πn unchanged; storage(e^{iθ̃}) and pump storage unchanged; jump ≠ identity	a clock jump at a section crossing is lossless for every carrier storage and carries winding: storage forgets what the lift retains	LiftedPhase	L:Holon/Navigator:jump_lossless; L:Holon/Navigator:jump_carries_winding; L:Holon/Navigator:LiftedPhase; R:holonics::navigator::PhaseLift	formal-checked	uses:winding.carry-cocycle
navigator.jumps-are-carries	navigator, aeon	winding_n(a+b) = winding_n a + winding_n b + carry_n(a,b);  carry(a,b) + carry(a+b,c) = carry(b,c) + carry(a,b+c)	jump counts compose as the carry cocycle; a rational clock passage jumps losslessly to its retained residue	ring period n > 0	L:Holon/Navigator:jumps_are_carries; L:Holon/Navigator:clockPassage_jumps_lossless; R:holonics::navigator::Clock	formal-checked	instance-of:winding.carry-cocycle
navigator.transport-word	navigator	transportWord T (w₁ ++ w₂) = transportWord T w₂ ∘ transportWord T w₁ (order kept);  equivariance extends to every word	an ordered transport word keeps the sequence of navigator entries; equivariance per navigator extends to the exact word	any action	L:Foundation/TransportWord:transportWord; L:Foundation/TransportWord:transportWord_append; L:Foundation/TransportWord:generatorEquivarianceExtendsToEveryTransportWord	formal-checked	
navigator.order-blind-iff-commute	navigator, compression	OrderBlind T (permuting a word keeps the endpoint) ⇔ ∀i,j,x T_i T_j x = T_j T_i x	endpoint order blindness is exactly pairwise commutation; it identifies endpoints, not words or lineage	endpoint action	L:Foundation/TransportWord:orderBlind_iff_commute; L:Foundation/TransportWord:chronology_discard_iff_commuting	formal-checked	
navigator.descending-word-optimal	navigator, key, landmark	potential p: ℕ, goal ⇔ p = 0, p(x) ≤ 1 + p(T_i x), p(T_choose x) + 1 = p(x) ⇒ descending word reaches goal with length p(x), ≤ every goal word	a local distance certificate compiles an optimal navigation word	unit-cost moves	L:Foundation/TransportWord:descendingWord_is_optimal; L:Foundation/TransportWord:word_length_lower_bound; L:Foundation/TransportWord:descendingWord_zero_face	formal-checked	
navigator.source-moment	navigator, compression	m([]) = 0, m(l ++ [u]) = U m(l) + I E(u);  m(l) = Σ_(k<n) U^(n−1−k) I E(u_k)	the source passage enters as phase-carried moments m_g = Σ_k Ĝ_g(τ_g(k))⁻¹ E_g(u_k) read at the receiving phase; the retained object has size independent of source length	linear advance U, injection I, encoder E	L:Transport/SourceMoment:moment_closed_form; L:Transport/SourceMoment:moment_append_one; L:Transport/SourceMoment:accumulate_closed_form; L:Transport/SourceMoment:MomentMachine	formal-checked	
navigator.position-adjoint-tape-free	navigator, deposition, compression	∂/∂(E u_k) g(m) = g ∘ U^(n−1−k) ∘ I, identical for all sources of length n	the per-position adjoint of the moment depends only on n and k: the learning covector needs no tape of intermediate states	linear functional g	L:Transport/SourceMoment:position_adjoint_is_tape_free; L:Transport/SourceMoment:positionMap	formal-checked	uses:navigator.source-moment
navigator.order-through-advance	navigator, key	m[a,b] = m[b,a] ⇔ (U − 1) I (E a − E b) = 0;  U = 1 ⇒ every permutation has the same moment	order enters the moment only through the advance; the identity advance merges permutations into a plural preimage fibre that survives every successor	MomentMachine	L:Transport/SourceMoment:moment_pair_eq_iff; L:Transport/SourceMoment:identity_advance_merges_permutations; L:Transport/SourceMoment:advance_separates_pair; L:Transport/SourceMoment:identity_advance_fibre_survives_every_successor	formal-checked	uses:navigator.source-moment
navigator.quarter-turn-separates	navigator	quarter turn (x,y) ↦ (−y, x): m[true,false] ≠ m[false,true]	a nonidentity rotation separates the two-letter order the identity advance merges	ℚ² witness	L:Transport/SourceMoment:rotation_separates_pair; L:Transport/SourceMoment:quarterTurn	formal-checked	instance-of:navigator.order-through-advance
navigator.offset-moment-stream	navigator, compression, contact	C(1) = Σ_k v(k) ⊗ v(k+1): U = 1 and E a ⊗ E b ≠ E b ⊗ E a ⇒ m[a,b] = m[b,a] but C(1)[a,b] ≠ C(1)[b,a];  stream (m, last, C(1)) is a constant-size history compression	the oriented δ = 1 moment separates what the moment merges, and the constant-size stream state carries it	identity advance for the separation	L:Transport/SourceMoment:offset_moment_separates_under_identity_advance; L:Transport/SourceMoment:stream_separates_what_the_moment_merges; L:Transport/SourceMoment:streamDescent; L:Transport/SourceMoment:stream_append_one	formal-checked	uses:compression.history-compression
navigator.adjoint-reverse-order	navigator, holon	(D₂ D₁)* = D₁* D₂* along an addressed join; the adjoint radical and every preimage fibre agree with the reverse composition	the adjoint of a linearized passage follows the joined word in reverse factor order, keeping the addressed occurrences	addressed two-step word	L:Transport/AddressedLinearizedPassage:addressedTwoStep_adjoint_reverseOrder; L:Transport/AddressedLinearizedPassage:addressedTwoStep_adjointRadical_reverseOrder; L:Transport/AddressedLinearizedPassage:addressedTwoStep_adjointPreimageFibre_reverseOrder	formal-checked	uses:holon.pullback-law
navigator.reflective-continuation	navigator, receiver	requestReflection snapshots (codec, instruction); reviseAndResume succeeds only for a child codec naming the reflected codec as parent, resuming at the same instruction with the returned environment; resumeUnchanged keeps codec and instruction	a running continuation is reflected by a receiver and resumes at the revised codec without losing its place	source-neutral codec chart	L:Transport/ReflectiveContinuation:requestReflection_success; L:Transport/ReflectiveContinuation:reviseAndResume_success; L:Transport/ReflectiveContinuation:resumeUnchanged_success; L:Transport/ReflectiveContinuation:revision_resumes_the_requested_boundary	formal-checked	
navigator.current-chart-adjoint	navigator, complex, coholon	affine frame acts on real and imaginary current parts; ⟨g, L z⟩ = ⟨L* g, z⟩; real projection pullback kills the imaginary covector; six-real-channel encode/decode round-trips real-coded currents; weighted mixtures covariant when Σw = 1	the navigator machine's spatial and current charts are exact affine algebra with explicit adjoints	exact rational affine frames	L:Transport/NavigatorMachineCharts:currentLinear_pairing_adjoint; L:Transport/NavigatorMachineCharts:realProjectionPullback_pairing; L:Transport/NavigatorMachineCharts:nativeDecode_encode; L:Transport/NavigatorMachineCharts:inducedCurrentMap_weightedCurrent_covariant; L:Transport/NavigatorMachineCharts:flatLinear_pairing_adjoint	formal-checked	uses:holon.pullback-law
navigator.pooled-contrast-adjoint	navigator, contact, complex	pooled directed contrasts: absent kinds are zero, repeated edges keep multiplicity, and Σ covector · pooledContrast = Σ pullback · source (the +target/−source incidence adjoint); the ordered supplied-linearized recurrence (the retired tape) is history	directed source-cell contrasts have an exact incidence adjoint that keeps kinds and multiplicity	finite contacts, cells, kinds, sites and axes	L:HNN/Moment:DirectedContact; L:HNN/Moment:pooledContrast; L:HNN/Moment:pooledContrastPullback; L:HNN/Moment:pooledContrast_zero_of_absent_kind; L:HNN/Moment:pooledContrast_pairing_adjoint; L:HNN/Moment:repeated_contact_doubles_its_contrast; H:formal/elementary-holonics/ElementaryHolonics/Transport/GeneratorSourceEpisode.lean	formal-checked	uses:navigator.adjoint-reverse-order
navigator.gaussian-rebase-cocycle	navigator, complex	shift amplitudes carry their changing base point: shift(a+b) composes, amplitude cocycle, act_comp, act_zero; the unrebased return differs	the Gaussian coefficient and argument shift form one action whose cocycle carries the base point; not a history replay rule		L:Transport/GaussianRebase:amplitude_cocycle; L:Transport/GaussianRebase:act_comp; L:Transport/GaussianRebase:returned_inverse; L:Transport/GaussianRebase:unrebased_return	formal-checked	
navigator.initial-configuration	navigator, key	Ĝ = (transport, initial configuration, clock, phase lift θ̃ = θ + 2πn, restrictions with scale square, address words);  key = initial configuration	a navigator is a transport with an initial configuration and its own clock; the configuration is the key that loop closure infers	guide definition	D:docs/ELEMENTARY_OBJECTS.md#3-navigator; D:docs/plans/THE_REBUILD.md#the-line-the-rebuild-serves; L:Holon/Navigator:LiftedPhase	definition	
navigator.adjoint	navigator, coholon, deposition	⟨Ĝ*Ȟ | H⟩ = ⟨Ȟ | ĜH⟩;  the learning covector travels along Ĝ*	a navigator acts on Holons and its adjoint on coholons; the learning covector pulls back along the adjoint using the producing operands	linear navigator	D:docs/ELEMENTARY_OBJECTS.md#3-navigator; L:Holon/Law:pullback_law; L:Transport/SourceMoment:position_adjoint_is_tape_free	definition	uses:holon.pullback-law
navigator.release-at-tolerance	navigator, receipt	navigator runs until its receiver face is within tolerance (Releasable, Extinct); then it is released and a new one founded	release is receiver-relative and caller-declared; a navigator's life ends at release, not at a global gate	declared tolerance	D:docs/ELEMENTARY_OBJECTS.md#3-navigator; L:Foundation/ReceiverRelease:Releasable; L:Foundation/Standing:Extinct	definition	uses:receipt.release-receiver-relative
navigator.trace-faces	navigator, parametron, landmark	class functions of carried material S⁻ᵈMSᵈ: det M, tr(Mᵏ) ∀k, det(1 − T·M); 2×2 site: (a, q) = (tr, det), det(1 − TM) = 1 − aT + qT², SiteKind rotation ⇔ a² < 4q	a navigator's trace faces are the invariants its phase carriage conserves; they are faces, not a complete action certificate	invertible material over a commutative ring	L:Transport/NavigatorTraceFaces:carried_material_conserves_trace_sequence; L:Transport/NavigatorTraceFaces:carried_material_conserves_transfer_determinant; L:Geometry/LocalFactor:theLocalFactorIsTheTransferDeterminant; R:holonics::navigator::trace::SiteFactor	formal-checked	uses:trace.phase-carriage-conserves-faces
navigator.zeta	navigator, aeon, cycle, landmark	ζ(T) = exp Σ_(n≥1) N_n Tⁿ/n = 1/det(1 − T·M), N_n = tr(Mⁿ) (= #{x | fⁿ x = x} for the 0/1 matrix of a map f);  machine: det(1 − T·M) = ∏_g(1 − a_g T + q_g T²), N_n = Σ_g t_n(a_g, q_g)	the dynamical zeta of the epoch return map is the machine's conserved transfer determinant read as a generating function of cycle counts (aeon A8)	finite return map over ℚ, formal power series; machine of rotation–dilation sites; h_top = log ρ(M) and the first pole at e^(−h) owed #62 (only tr(Mᵏ) ≤ d·ρᵏ is proved, aeon.zeta-perron-growth)	N:2026-09-24_THE_AEON_EPOCH_AND_CYCLE_STANDARDIZE_THE_PASSAGE_OF_TIME.md; L:Aeon/Production/Zeta:zeta_eq_exp; L:Aeon/Production/Zeta:machine_zeta; L:Aeon/Production/Zeta:trace_pow_mapMatrix; L:Transport/NavigatorTraceFaces:machine_factor_of_companions; L:Transport/NavigatorTraceFaces:machine_trace_sequence	formal-checked	face-of:trace.det-one-minus-tm
navigator.fractal-family	navigator, tower, compression	fractal navigator = family of maps with parameters, restriction maps, composition order, scale square r∘T_fine = T_coarse∘r, first-arrival populations of one full recurrence; ordered source word = address	recursive description and branch/address information are separate compression operands	guide definition	D:docs/ELEMENTARY_OBJECTS.md#3-navigator; L:Foundation/FractalPacking:restriction_word_cannot_collapse_to_a_multiset; L:Holon/Restriction:scale_square_pow	definition	uses:tower.scale-square
navigator.first-arrival	navigator, receiver, tower	F_n = Φ_(n,0)⁻¹(A_n) ∖ ⋃_(k<n) Φ_(k,0)⁻¹(A_k);  clocked: (x,k) ↦ (T_k x, k+1), evolution iterate (evolution T k n x, k+n)	receiver-first-arrival populations of the actual recurrence, with moving receiving regions	clocked transports	D:docs/RECEIVER_HOLARCHY.md#fractal-dynamics-are-received-through-a-changing-family-of-cuts; L:Computation/HolonicRecurrentEcology:mem_population_iff; L:Computation/HolonicRecurrentEcology:step_iterate	formal-checked	uses:navigator.fractal-family
navigator.action-consequence	navigator, receiver, key	F_o = {z : O(z) = o};  Y_R(a, F_o) = {ρ_R(T_a z) : z ∈ F_o, a admissible at z}	action inference finds a compatible control (word or causal policy) under the requested receiving relation; existential, robust and expected quantifiers differ	declared interval and admissibility	D:docs/HOLON.md#situated-generator-inference-dormant-modes-and-action	definition	uses:receipt.compatible-potential
navigator.dormant-direction	navigator, compression, receiver	ρ(x,h) = x, T_u(x,h) = (x + u h, h): (0,1) and (0,−1) share the present face and differ after u = 1	a dormant direction with ρv = 0 may satisfy ρT_w v ≠ 0 later and cannot be discarded by a representation promising that reading	linear chart	D:docs/HOLON.md#situated-generator-inference-dormant-modes-and-action; L:Foundation/Standing:one_present_face_two_standings_separated_later; H:crates/holonics/src/exact_linear/contextual.rs	counterexample	obstructs:compression.kernel
navigator.action-domain-retained	navigator, compression, key	continuing compression keeps D E = ρ and E_next T_a = U_a E for declared actions and receivers, plus the action's domain: a quotient merging an enabled and a disabled action cannot decide applicability	state-dependent actions retain their domain as a receiving predicate or the distinguishing fibre	declared action family	D:docs/HOLON.md#situated-generator-inference-dormant-modes-and-action	definition	uses:compression.encoder-decoder-square
swing.half-turn	swing, navigator	S_a x = 2a − x = a + e^{iπ}(x − a);  S_a S_a = 1;  S_a a = a	the frozen-board Swing is the point reflection, a half-turn about its anchor	additive group (a frame point RatVec3 or a vector of ℚ^d)	L:Geometry/AffineSwing:swing; L:Geometry/AffineSwing:theSwingIsAnInvolution; L:Geometry/AffineSwing:theAnchorIsFixed; L:Geometry/SwingBridges:affineSwing_is_the_unique_negated_displacement; D:docs/ELEMENTARY_OBJECTS.md#the-swing; R:holonics::geometry::swing::half_turn; R:holonics::geometry::swing::RationalPoint	formal-checked	
swing.compose-translation	swing, navigator	S_b S_a x = x + 2(b − a);  S_b S_a − S_a S_b = 4(b − a)	two half-turns compose to a translation and do not commute; the length-two case of the half-turn word law	additive group	L:Geometry/AffineSwing:twoSwingsAreADoubledTranslation; L:Geometry/AffineSwing:theSwingsDoNotCommute; L:Geometry/Navigation:theEvenCircuitIsATranslation; R:holonics::geometry::swing::composed_translation	formal-checked	uses:swing.half-turn, specializes:motion.point-reflection-words
swing.parity-grading	swing, navigator, cycle	S_(b₁)S_(b₂)S_(b₃) = S_(b₁ − b₂ + b₃);  even words are translations (length 2 and 4);  an odd returning circuit reverses the hand: span(a,b,c) = −span(a,b,c)	odd words of half-turns are half-turns, even words translations: a ℤ/2 grading that is the orientation class	affine chart	L:Geometry/Navigation:theOddCircuitIsASwingAboutTheAlternatingSum; L:Geometry/Navigation:theFourLetterCircuitIsATranslation; L:Geometry/Navigation:theOddReturningCircuitReversesTheHand; L:Geometry/Navigation:theOddReturningCircuitLiesOnTheConstraintLine	formal-checked	uses:swing.compose-translation, specializes:motion.point-reflection-words, equiv:coupling.swing-words
swing.harmonic-conjugation	swing, ratio	(A, A'; B, D) = −1 with anchor B and board D; in the chart B ↦ 0, D ↦ ∞ the Swing is negation; it fixes anchor and board; the harmonic conjugate is unique	the Swing is harmonic conjugation; freezing the board at infinity makes it the point reflection	projective line, undivided pairs	L:Geometry/Swing:theSwingIsNegationInTheConstraintChart; L:Geometry/Swing:theSwingFixesTheAnchor; L:Geometry/Swing:theSwingFixesTheBoard; L:Geometry/SwingBridges:harmonicConjugate_unique; L:Geometry/SwingBridges:swingPair_inversion_projectively; R:holonics::geometry::swing::harmonic_conjugate	formal-checked	generalizes:swing.half-turn
swing.board-parity-invariant	swing, key	S_b preserves the ℤ² parity class, negates the oriented span, keeps |span|; three bodies at a cell's corners: the fourth corner is unreachable; the board's obstruction group is nontrivial	the frozen board's invariants decide reachability without search: a parity that never moves and a hand that alternates	ℤ² lattice	L:Geometry/Swing:theSwingPreservesTheParityClass; L:Geometry/Swing:theSwingNegatesTheOrientedSpan; L:Geometry/Swing:theFourthCornerIsUnreachable; L:Geometry/Swing:theBoardDoesNotGlue; L:Geometry/Swing:theBoardsObstructionGroupIsNontrivial	formal-checked	uses:swing.half-turn
swing.parity-not-sufficient	swing, key	a configuration with matched per-body parity whose lattice area |span| cannot arise by Swing moves	per-body parity is necessary and not sufficient for whole-configuration reachability; the configuration span is a further invariant	exact configuration	L:Geometry/SwingBridges:reachability_is_not_characterized_by_perBodyParity; L:Geometry/SwingBridges:reachable_preserves_configurationSpan_natAbs; L:Geometry/SwingBridges:orientedSpan_eq_paying_eq_winding	counterexample	obstructs:swing.board-parity-invariant
swing.pantograph	swing, navigator, tower	Q − O = s(P − O); pantographs compose by multiplying scales; s = −1 is the Swing	the pantographic Swing scales about its anchor; the Swing is the scale −1 case	affine chart	L:Geometry/HolonicPantographicSwingJets:pantographicPoint_sub_anchor; L:Geometry/HolonicPantographicSwingJets:pantographicPoint_comp; L:Geometry/HolonicPantographicSwingJets:pantographicPoint_neg_one_eq_swing; R:holonics::geometry::swing::pantograph	formal-checked	generalizes:swing.half-turn
swing.pantograph-jet-ledger	swing, ratio	j_(n+1) = g sⁿ j_n ⇒ j_n = gⁿ s^C(n,2) j₀	the pantograph equation y'(t) = g y(st) has a triangular scale ledger in its jet coefficients (algebraic recurrence only)	coefficients over a commutative ring	L:Geometry/HolonicPantographicSwingJets:pantographicJet_closedForm; L:Geometry/HolonicPantographicSwingJets:pantographicJetCoefficient_succ	formal-checked	uses:swing.pantograph
swing.force-jet-dimensions	swing, ratio	D^r F = mass + D^(r+2) position;  yank, tug, snatch, shake ↔ jerk, snap, crackle, pop	force-current jets and length jets are different typed carriers joined by a constant-mass passage	declared constant-mass passage	L:Geometry/HolonicPantographicSwingJets:forceDerivativeDimension_eq_mass_add_lengthJetDimension; L:Geometry/HolonicPantographicSwingJets:timeWordDimension_append	formal-checked	uses:ratio.jet
swing.clocked-tick	swing, epoch, aeon, parametron	tick = oriented crossing of a declared oscillator section;  q·targetTicks + phaseResidue = r₀ + p·sourceTicks, phaseResidue < q;  rates compose;  phase potential injective, advance additive	a clock ratio is carried by integer quotient and remainder (the remainder is within-cycle phase), with no float accumulator	RationalClockPassage p/q	L:Geometry/HolonicClockedPantographicSwing:denominator_mul_targetTicks_add_phaseResidue; L:Geometry/HolonicClockedPantographicSwing:phaseResidue_lt_denominator; L:Geometry/HolonicClockedPantographicSwing:rate_comp; L:Geometry/HolonicClockedPantographicSwing:phasePotential_injective; L:Geometry/HolonicClockedPantographicSwing:advanceBy_add	formal-checked	uses:ratio.div-rem
swing.clock-route-holonomy	swing, complex, aeon	two addressed clock routes: returnedHolonomy = 1 ⇔ the routes agree	clock holonomy reuses the retained addressed-route owner	addressed clock routes	L:Geometry/HolonicClockedPantographicSwing:ClockRouteComparison.returnedHolonomy_eq_one_iff	formal-checked	uses:cell.connection-route-return
swing.cheapest-split	swing, navigator, landmark	x ↦ T/x involution; work(x) = x + T/x; work(x) − 2√T = (x − √T)²/x ≥ 0; fixed point ⇔ cheapest split	the cheapest split of a computation of size T is the fixed point of the split Swing: symmetry and cost pick the same point	T > 0, x > 0	L:Geometry/Navigation:theCheapestSplitIsTheFixedPointOfTheSwing; L:Geometry/Navigation:theWorkExcessIsASquare; L:Geometry/Navigation:theBalancedSplitIsCheapest; L:Geometry/Navigation:theSplitSwingIsAnInvolution	formal-checked	uses:swing.half-turn
swing.cost-alphabet-order	swing, navigator	frequency Swing (p,q) ↦ (q − 1/2, p + 1/2) involutive; difference contraction; contraction ∘ swing on the trivial cost = (1/6, 2/3); the two moves do not commute	the cost alphabet of exponent pairs is a genuine chronology: its order is irreducible information	ℚ² exponent pairs	L:Geometry/Navigation:theFrequencySwingIsAnInvolution; L:Geometry/Navigation:theWeylCostIsOneSwingThenOneContraction; L:Geometry/Navigation:theTwoMovesDoNotCommute; L:Geometry/Navigation:theCostAlphabetIsNotOrderBlind	formal-checked	uses:navigator.order-blind-iff-commute
swing.reflection-algebra	swing, receipt, contact	R_D = 2P_D − I: splits one current into two shares and recombines them, conserving the joint norm; J = 2P_+ − I centred at one half: invariant component = seam, anti-invariant = transverse defect; graph scattering is involutive and equals the Swing	the reflection algebra shared by seam and Swing	self-adjointness declared (D_t = Dᵀ, K = I + DDᵀ)	D:docs/RECEIVER_HOLARCHY.md#the-reflection-algebra-shared-by-seam-and-swing; L:Computation/HolonicConstitutiveCirculation:graphScattering_eq_swing; L:Computation/HolonicConstitutiveCirculation:graphScattering_involutive; L:Computation/HolonicConstitutiveCirculation:graphProjection_idempotent	formal-checked	uses:swing.half-turn
swing.involution-word-reversal	swing, epoch	J_i² = 1 ⇒ (J₁ ⋯ J_n)⁻¹ = J_n ⋯ J₁;  S_a S_b x = x + 2(a − b) = (S_b S_a)⁻¹ x;  a = 1/3, b = 1/2: −1/3 and +1/3	one involution has no direction; a chain is oriented exactly where a receiver separates the composite from its inverse	any group; half-turns on the line	N:2026-10-09_SERIES_CANCEL_AT_JUNCTIONS_AND_A_PASSAGES_ORDER_COMES_FROM_CHAINING_ITS_GRAINS.md; L:Geometry/AffineSwing:theSwingIsAnInvolution	proved-standard	uses:swing.half-turn, uses:hnn.junction-scattering
contact.affine-contact-successor	contact, constitution, receipt	F = a + range P, P orthogonal projection: h' = P h + (a − P a),  n_in = a − P a,  n_ret = h − P h,  h' − h = n_in − n_ret	an actual current meets an affine constitutive family through the unit-admittance metric: the tangent part is kept and the normal part is exchanged	P idempotent self-adjoint, real inner-product space	L:Holon/AffineContact:contactSuccessor; L:Holon/AffineContact:contact_difference	formal-checked	
contact.affine-contact-lossless	contact, constitution	‖h‖² + ‖n_in‖² = ‖h'‖² + ‖n_ret‖²;  ‖x‖² = ‖Px‖² + ‖x − Px‖²	the exchange at an affine contact does no work: the returned normal is replaced by the family's	orthogonal P	L:Holon/AffineContact:contact_lossless; L:Holon/AffineContact:norm_sq_proj_add_normal; L:Holon/AffineContact:inner_proj_normal	formal-checked	uses:contact.affine-contact-successor
contact.affine-contact-idempotent	contact	h' − P h' = n_in, h' ∈ a + range P;  h ∈ F ⇒ h' = h;  contact(contact(h)) = contact(h)	the successor lies in the family, a current already in it is unchanged, and a second contact returns nothing	orthogonal P	L:Holon/AffineContact:contact_normal; L:Holon/AffineContact:contact_mem_family; L:Holon/AffineContact:contact_fixes_family; L:Holon/AffineContact:contact_idempotent	formal-checked	uses:contact.affine-contact-successor
contact.oblique-contact-witness	contact	h = (7,4) against c₁ + c₂ = 2: h' = (5/2, −1/2), n_in = (1,1), n_ret = (11/2, 11/2); 49 + 16 + 2 = 67 = 25/4 + 1/4 + 121/4 + 121/4	a rational witness of the lossless affine exchange	witness	L:Holon/AffineContact:oblique_contact_witness	formal-checked	instance-of:contact.affine-contact-lossless
contact.power	contact, holon, constitution	f = Jv, e = −Df: ⟨e, f⟩ = −⟨Jv, DJv⟩ ≤ 0	the pair contact is a resistive element on relative slip, dissipative when D ⪰ 0	D ⪰ 0	L:Holon/Conformance:pairContact_resistive; D:docs/ELEMENTARY_OBJECTS.md#4-pair-contact; R:holonics::holon::contact::ContactMaterial	formal-checked	uses:contact.material
contact.dq	contact, navigator	Δ = x_a(s) − x_b(t), Q = ⟨Δ|Δ⟩, J = [v_a | −v_b]:  DQ = 2J*Δ = 2(Δ·v_a, −Δ·v_b)	the first variation of pair quadrance is the slip map's adjoint applied to the separation	one pair configuration	L:Transport/HelicalPairInteraction:pairFeatureAt_gradient; L:Transport/HelicalPairInteraction:pairSlip_transpose_mulVec; D:docs/ELEMENTARY_OBJECTS.md#4-pair-contact; R:holonics::holon::contact::PairContact	formal-checked	
contact.d2q	contact, navigator	D²Q = 2J*J + 2 diag(Δ·a_a, −Δ·a_b)	the second variation includes both motions and the geometric Δ·a terms; the scalar Q pullback alone misses the Hessian return		L:Transport/HelicalPairInteraction:pairQuadranceHessian_quad; L:Transport/HelicalPairInteraction:pairQuadranceHessian; R:holonics::holon::contact::PairContact	formal-checked	uses:contact.dq
contact.material	contact, constitution	M_contact = Σ_f w_f J_fᵀ D_f J_f;  P_diss(v) = ⟨v, M v⟩ = Σ_f w_f ⟨s_f, D_f s_f⟩ ≥ 0, s_f = J_f v	the contact material pulls each face's constitutive response back along its slip map; dissipation is nonnegative for PSD faces	w_f ≥ 0, D_f ⪰ 0; neither D nor storage assumed definite	L:Transport/HolonicInteraction:contactForm; L:Transport/HolonicInteraction:quad_contactForm; L:Transport/HolonicInteraction:quad_faceForm; L:Transport/HolonicInteraction:contactForm_nonneg; R:holonics::holon::contact::ContactMaterial	formal-checked	
contact.kernel-zero-slip	contact, key	⟨v, Mv⟩ = 0 ⇔ each face ⟨s_f, D_f s_f⟩ = 0;  faces definite ⇒ Mv = 0 ⇔ J_f v = 0 ∀f;  PSD: ⟨w,Mw⟩ = 0 ⇒ Mw = 0	the contact material's kernel is exactly the motions of zero slip on every dissipative face, as an operator statement	w_f > 0	L:Transport/HolonicInteraction:contactForm_quad_eq_zero_iff; L:Transport/HolonicInteraction:contactForm_quad_eq_zero_iff_no_slip; L:Transport/HolonicInteraction:contactForm_kernel_iff; L:Transport/HolonicInteraction:psd_mulVec_eq_zero_of_quad_eq_zero; R:holonics::holon::contact::ContactMaterial	formal-checked	uses:contact.material
contact.clocked-energy	contact, epoch	E(δq; h) = ⟨δq, M δq⟩/h = h·P_diss(δq/h) ≥ 0;  halving h doubles E	a position edit is not an energy until its clock is declared; the clock does not cancel	h > 0	L:Transport/HolonicInteraction:clockedEnergy_eq_duration_times_power; L:Transport/HolonicInteraction:clockedEnergy_nonneg; L:Transport/HolonicInteraction:clockedEnergy_scales_inversely	formal-checked	uses:contact.material
contact.factor-scale-cotangent	contact, constitution	amplitude ρ, Gram = ρ² BᵀB;  rectangular cotangent ⟨G, B⟩_F kept distinct from the scalar Gram derivative 2ρBᵀB; relative cotangent counterexample	the resident contact-scale law keeps the rectangular Frobenius cotangent separate from the scalar Gram derivative	real rectangular matrices	L:Transport/ContactFactorScale:factor_cotangent_pairing; L:Transport/ContactFactorScale:gram_scale; L:Transport/ContactFactorScale:relative_cotangent_counterexample; L:Transport/ContactFactorScale:nonzero_amplitude_null_kernel	formal-checked	
contact.helical-pair-unit	contact, navigator, parametron, receiver	objects a = (ξ_a, x_a(0)), b = (ξ_b, x_b(0)); parameters (s,t) as RationalPhase; Δ = x_a(s) − x_b(t), Q = ⟨Δ|Δ⟩; J = [v_a | −v_b]; DQ = 2J*Δ; D²Q = 2J*J + 2diag(Δ·a_a, −Δ·a_b); M_contact = Σ w_f J_f*D_f J_f; medium q̇ = (Ω − M_contact)Gq + Bu; reading ρ_R	the helical pair interaction is the computational object and the HNN's site: a Holonic Interaction whose rate ports carry the pair's parameter rates and whose slip is the pair's relative velocity	J_f derived from the pair, never declared apart	D:docs/HOLON.md#the-helical-pair-interaction-unit; L:Transport/HelicalPairInteraction:pair_face_power	definition	uses:contact.dq
contact.rigidity-jacobian	contact, constitution, key	F_c(q) = |q_i − q_j|² − ℓ_c²; F_c(q + tv) = F_c(q) + t(Jv)_c + t²|δv|²; J rows 2(q_i − q_j), −2(q_i − q_j)	the rigidity Jacobian is exactly the differential of the constraint map, with no analysis	finite occurrences in ℚ^d	L:Foundation/RigidityReceiver:constraint_expansion; L:Foundation/RigidityReceiver:jacobian_is_the_differential; L:Foundation/RigidityReceiver:rigidityMatrix_mulVec	formal-checked	uses:pair.quadrance-two-jet
contact.maxwell-relation	contact, key, compression	rank J + dim ker J = d·n; rank J + dim ker Jᵀ = m; dim ker J − dim ker Jᵀ = d·n − m; self-stresses annihilate every constraint reading	the exact Maxwell relation: the count d·n − m is the motion dimension only when no self-stress exists	finite constraint system	L:Foundation/RigidityReceiver:maxwell_relation; L:Foundation/RigidityReceiver:rank_nullity; L:Foundation/RigidityReceiver:self_stress_dimension; L:Foundation/RigidityReceiver:self_stress_pairing; L:Foundation/RigidityReceiver:motion_dimension_eq_count_of_no_self_stress	formal-checked	uses:contact.rigidity-jacobian
contact.rigid-motions-in-kernel	contact, complex	v_i = t + Ω q_i, Ωᵀ = −Ω ⇒ J v = 0; coincident configuration: rotations become translations; coincident constraint: zero Jacobian row; more constraints shrink ker J	rigid motions lie in the infinitesimal-motion kernel; the trivial motion count is measured, never assumed d(d+1)/2	finite configurations	L:Foundation/RigidityReceiver:rigid_motion_mem_ker; L:Foundation/RigidityReceiver:rigidMotionSpace_le_motions; L:Foundation/RigidityReceiver:rotation_is_a_translation_of_coincident; L:Foundation/RigidityReceiver:motions_antitone	formal-checked	uses:contact.rigidity-jacobian
parametron.lc-exchange	parametron, constitution	q = A cos(ωt+φ), i = q̇, ω²LC = 1 ⇒ q²/(2C) + L i²/2 = A²/(2C) ∀t	storage and flow exchange at ω = 1/√(LC) while their sum is conserved	C>0	L:Objects/Parametron:lc_energy_conserved; L:Objects/Parametron:hasDerivAt_lcCharge	formal-checked	
parametron.lc-terms-not-conserved	parametron, constitution	ω ≠ 0: (q²/2C constant in t ⇔ A = 0);  L>0: (L i²/2 constant ⇔ A = 0)	neither storage nor flow is conserved alone; only the exchange's sum is	C>0, ω≠0	L:Objects/Parametron:lc_storage_constant_iff; L:Objects/Parametron:lc_flow_constant_iff	formal-checked	uses:parametron.lc-exchange
parametron.lc-exchange-witness	parametron	A=L=C=ω=1, φ=0: t=0 storage 1/2, flow 0; t=π/2 storage 0, flow 1/2	all energy is capacitive at t=0 and inductive at a quarter period	witness	L:Objects/Parametron:lc_exchange_witness	formal-checked	instance-of:parametron.lc-exchange
parametron.measured-frequency	parametron, receiver	measuredAngularFrequency(τ ↦ ωτ+φ; s,t) = ω, s ≠ t	the ring's measured angular frequency between any two distinct times is ω	s≠t	L:Objects/Parametron:lc_measuredAngularFrequency	formal-checked	uses:parametron.lc-exchange
parametron.mode-storage-balance	parametron, constitution	K v = ω² C v ⇒ ½⟨v,Kv⟩ = ω²·½⟨v,Cv⟩;  ⟨v, BᵀWBv⟩ = Σ_b W_b (Bv)_b² = 2·storage	pairing the mode relation with v balances the two storages	generalized mode, diagonal weights	L:Objects/Parametron:modeStorage_balance; L:Objects/Parametron:sum_mul_diagonalResponse; L:Objects/Parametron:diagonalStorage_smul	formal-checked	
parametron.mode-energy-conserved	parametron, constitution	x(t) = cos(ωt) v, Kv = ω²Cv ⇒ ½⟨ẋ, C ẋ⟩ + ½⟨x, K x⟩ = ω²·½⟨v, C v⟩ ∀t	energy along a generalized mode is conserved; the exchange is chart-free	C=BᵀW_C B, K=BᵀW_K B, node-flux chart	L:Objects/Parametron:modeEnergy_conserved; L:Objects/Parametron:modeEnergy; R:holonics::holon::parametron::ModeEnergy; R:holonics::holon::parametron::Parametron	formal-checked	generalizes:parametron.lc-exchange
parametron.mode-energy-exchange	parametron, constitution	t=0: capacity term 0, stiffness term ω²·½⟨v,Cv⟩;  ωt=π/2: the reverse	the two constitutive energies trade places each quarter period along a mode	ω≠0, generalized mode	L:Objects/Parametron:modeEnergy_exchange	formal-checked	uses:parametron.mode-energy-conserved
parametron.ring-crossing-is-tick	parametron, epoch, aeon	d ≥ 2: micro-step from a is an owner Crossing ⇔ (a+1) ≡ 0 mod d;  crossings of N steps from r<d = ⌊(r+N)/d⌋	a section crossing of the ring is a clock tick, counted by the completed turns	RationalClockPassage n/d, d≥2, r<d	L:Objects/Parametron:ringCrossing_iff; L:Objects/Parametron:ringCrossings_eq; L:Objects/Parametron:ringOscillator; R:holonics::holon::parametron::ring_crossings	formal-checked	instance-of:aeon.epoch-ticks
parametron.ticks-are-crossings	parametron, epoch	ownerCrossings(r, n·k) = targetTicks(r,k) = ⌊(r+nk)/d⌋ ∧ d·ticks + residue = r + n k	along k source ticks the owner crossings equal the rational passage's target ticks, with the remainder as residue	d≥2, r<d	L:Objects/Parametron:ownerCrossings_eq_targetTicks	formal-checked	uses:parametron.ring-crossing-is-tick
parametron.no-crossing-denominator-one	parametron, epoch	d = 1 ⇒ no Crossing exists (every state is on the section)	at denominator one the arithmetic count (r+N)/1 = N is not a crossing count	d=1	L:Objects/Parametron:no_crossing_of_denominator_one	counterexample	obstructs:parametron.ring-crossing-is-tick
parametron.residue-is-phase	parametron, ratio, aeon	carrier(r + n k) = e^{2πi·phaseResidue(r,k)/d};  e^{i(θ + 2πm)} = e^{iθ}	the ring carrier after k ticks is the residue's carrier: the completed turns are exactly what the carrier forgets	m∈ℕ	L:Objects/Parametron:ringPhase_eq_residuePhase; L:Objects/Parametron:phaseCarrier_add_nat_turns	formal-checked	uses:ratio.div-rem
parametron.three-quarter-witness	parametron, epoch	rate 3/4 (3/2²), 3 source ticks from r=0: 9 micro-steps, 2 crossings, targetTicks 2, residue 1, carrier i	a rational clock passage keeps quotient ticks and remainder phase	witness	L:Objects/Parametron:threeQuarter_witness	formal-checked	instance-of:parametron.ticks-are-crossings
parametron.ising-lock	parametron	drivenPhaseEnergy(θ_i ∈ {0,π}) = drivenIsingEnergy(σ): −w cos(θ_i−θ_j) = −w σ_iσ_j, drive h_i as coupling to phase 0	on locked sheets the driven phase energy is exactly the driven Ising energy	locked sheets	L:Objects/Parametron:drivenPhaseEnergy_binaryPhase; R:holonics::holon::parametron::Population	formal-checked	
parametron.local-field-update	parametron	no self-loops: E(σ with σ_i := s) = rest_i − σ(s)·(Σ_j w_ij σ_j + h_i);  the local field of i does not read σ_i	the local-field reduction of the driven Ising energy	no self-loops	L:Objects/Parametron:drivenIsing_update; L:Objects/Parametron:localField_update; R:holonics::holon::parametron::Population	formal-checked	uses:parametron.ising-lock
parametron.threshold-minimizes	parametron, receiver	sheet = sign(Σ_j w_ij σ_j + h_i) minimizes E_i; strict with gap 2|field| when field ≠ 0	the perceptron threshold is the energy-minimizing locked sheet	no self-loops	L:Objects/Parametron:thresholdSheet_minimizes; L:Objects/Parametron:thresholdSheet_strict; R:holonics::holon::parametron::threshold_sheet	formal-checked	uses:parametron.local-field-update
parametron.perceptron-is-a-face	parametron, receiver, receipt	two sites, unit coupling and drive: phases (0,0) and (π/3, 0) both have local field 2 and threshold output false, yet driven phase energy −3 vs −2 and quadrature Im e^(i·0) = 0 vs Im e^(iπ/3) = √3/2	a perceptron is one receiver face of a coupled parametron population; it forgets phase energy and quadrature	two-site witness, unit coupling and drive	L:Objects/Parametron:perceptron_is_a_face; L:Objects/Parametron:perceptronOutput; R:holonics::holon::parametron::Population	counterexample	face-of:parametron.ising-lock
parametron.global-half-turn	parametron, swing	θ ↦ θ + π: coupling energies and pump storage preserved, every carrier negated (e^{iπ} = −1), locked sheets σ ↦ ¬σ with Ising energy preserved	the pump and couplings are blind to the global half-turn that exchanges the two sheets	any phase configuration	L:Objects/Parametron:globalHalfTurn_composite; L:Objects/Parametron:phaseNetworkEnergy_halfTurnSheet; L:Objects/Parametron:isingNetworkEnergy_not; R:holonics::holon::parametron::Carrier	formal-checked	uses:swing.half-turn
parametron.drive-breaks-half-turn	parametron	one site, unit drive: E(σ=0) = −1, E(σ=π) = +1	the drive is what breaks the half-turn symmetry	witness	L:Objects/Parametron:drive_breaks_halfTurn; L:Objects/Parametron:halfTurn_witness	formal-checked	obstructs:parametron.global-half-turn
parametron.pump-work	parametron, holon, deposition	ẋ = Ω_LC Q(t)x, Q = diag(c(t), l) ⇒ dE/dt = ½ ċ q²;  ċ = 0 conserves, ċ = 1 at q = 1 supplies 1/2	the pumped LC loop is a lossless port Holon whose energy changes by the pump work only	time-varying inverse capacitance c(t)	L:Holon/Conformance:lc_pump_work; L:Holon/Conformance:lc_pump_witness	formal-checked	uses:holon.energy-balance
tube.dn-elimination	tube, globe, constitution	L=[[A,B],[C,D]] on I⊕B, det A unit, (Lu)_I=0 ⇒ u_I = −A⁻¹B u_B,  (Lu)_B = (D − C A⁻¹ B) u_B = Λ_DN u_B	eliminating a balanced interior is the Schur complement, the discrete Dirichlet-to-Neumann map	invertible interior block	L:Objects/Membrane:interior_elimination; L:Objects/Membrane:dtn; L:Objects/Membrane:harmonicExtension	formal-checked	
tube.dtn-energy-on-boundary	tube, globe, constitution	(Lu)_I = 0 ⇒ ⟨u, Lu⟩ = ⟨u_B, Λ_DN u_B⟩	an interior-balanced state's energy lives on its boundary	invertible interior block	L:Objects/Membrane:energy_on_boundary	formal-checked	uses:tube.dn-elimination
tube.dtn-reads-boundary-source	tube, globe, deposition, receiver	Solves(d,Θ,φ,σ), σ|_I=0 ⇒ σ_B = Λ_DN φ_B,  φ_I = harmonic extension of φ_B	a solve with no interior source reads the boundary source through Λ_DN	any node split Fin p ≃ I⊕B, invertible interior block	L:Objects/Membrane:solves_boundary_is_dtn	formal-checked	uses:tube.dn-elimination
tube.reflection-row-schur	tube, constitution	eliminate interior capacity m coupled by c₁,c₂: row (p − c₁²/m, −c₁c₂/m)	one interior site eliminates to the Reflection module's transported row	m ≠ 0	L:Objects/Membrane:reflection_row_is_schur	formal-checked	instance-of:tube.dn-elimination
tube.series-path-dtn	tube, constitution	b₀ —1— i —2— b₁ eliminates to conductance 2/3 = (1·2)/(1+2)	a two-edge path's Λ_DN is the series conductance	witness	L:Objects/Membrane:series_path_dtn	formal-checked	instance-of:tube.dn-elimination
tube.kron-exact	tube, holon, tower	interior-balanced u: boundary bond (σ_B, u_B) on graph(Λ_DN), boundary power = ⟨u, Lu⟩, every u_B extends	Kron/Schur elimination of a network interior is an exact restriction with reading Λ_DN and full power preserved	invertible interior block	L:Holon/Restriction:kron_exact; L:Holon/Restriction:boundaryBond; R:holonics::holon::restriction::KronReduction	formal-checked	uses:tube.dn-elimination
tube.series-path-restriction	tube, tower	conductances 1, 2: Λ_DN = (2/3)[[1,−1],[−1,1]]	the series path restricts to its boundary relation	witness	L:Objects/Membrane:series_path_dtn	formal-checked	instance-of:tube.kron-exact
tube.interface-normal-remainder	tube, contact	Snell-compatible incoming/outgoing phases with tangential agreement: normal face difference ≠ 0 (incoming (1,0), outgoing (1,π))	tangential agreement at a shared face retains an explicit normal remainder	witness	L:Transport/HolonicInteraction:interface_tangential_agreement_retains_normal_remainder	formal-checked	uses:tube.junction-tangential-agreement
tube.chain-cross-block	tube, receipt	source on upstream, perspective on downstream: C X B = C₂ X₂₁ B₁;  (sI − A)X = 1 ⇒ (sI − A)₂₂ X₂₁ = A₂₁ X₁₁	whatever a chain's perspective reads of its source passes through the downstream–upstream block and nothing else; no Schur complement or one-directional hypothesis	joint chart Fin n₁ ⊕ Fin n₂	L:Transport/HolonicChain:port_transfer_is_the_cross_block; L:Transport/HolonicChain:cross_block_of_inverse; L:Transport/HolonicChain:resolvent_cross_block; L:Transport/HolonicChain:crossBlock	formal-checked	
tube.neck-rank-bound	tube, receipt, compression	A₂₁ = U V (inner width r) ⇒ C X B = (C₂ N₂₂⁻¹ U)(V X₁₁ B₁), rank(C X B) ≤ r at every s off the poles; r = 1 is the pinhole	the neck is the rank of the cross block between consecutive media: every upstream-to-downstream transfer, feedback included, has at most that rank	resolvent and downstream block invertible	L:Transport/HolonicChain:transfer_factors_through_the_neck; L:Transport/HolonicChain:transfer_rank_le_neck_rank; L:Transport/HolonicChain:pinhole_transfer_rank_le_one; D:docs/ELEMENTARY_OBJECTS.md#6-tube-and-tower	formal-checked	uses:tube.chain-cross-block
tube.full-rank-ports-read-neck	tube, receipt	C₂ left-invertible, B₁ right-invertible, nullity hypothesis ⇒ rank(C X B) = rank A₂₁; pinhole ⇒ rank exactly 1	full-rank ports read the whole neck: the rank bound is an equality and the single pinhole channel is carried	nullity theorem as a named hypothesis	L:Transport/HolonicChain:full_rank_ports_read_the_whole_neck; L:Transport/HolonicChain:full_rank_ports_read_a_pinhole_as_one	formal-checked	uses:tube.neck-rank-bound
tube.closed-neck-silent	tube, receipt	A₂₁ = 0 ⇒ (Aᵏ)₂₁ = 0 ∀k ⇒ C Aᵏ B = 0 ∀k	a closed neck transmits nothing: every Markov parameter vanishes	source upstream, perspective downstream	L:Transport/HolonicChain:cross_block_pow_eq_zero_of_closed; L:Transport/HolonicChain:markov_eq_zero_of_closed_neck	formal-checked	uses:tube.chain-cross-block
tube.chain-relative-degree	tube, receipt, epoch	C B = 0 (no feedthrough); C Aᵏ B ≠ 0 ⇒ k ≥ 1;  C A B = C₂ A₂₁ B₁ with rank ≤ r	a chain's perspective reads nothing before the coupling acts once; the first Markov parameter is the neck product	separated ports	L:Transport/HolonicChain:markov_zero_of_separated_ports; L:Transport/HolonicChain:relative_degree_of_a_chain_is_at_least_one; L:Transport/HolonicChain:markov_one_eq_neck_product; L:Transport/HolonicChain:markov_one_rank_le_neck_rank	formal-checked	uses:tube.neck-rank-bound
tube.transfer-expansion-remainder	tube, receipt, ratio	(sI − A) Σ_(k<N) s^(N−1−k) Aᵏ = sᴺ I − Aᴺ;  sᴺ C X B = Σ_(k<N) s^(N−1−k) C Aᵏ B + C X Aᴺ B	the jet of the transfer at infinity with its remainder kept: Markov parameters are the expansion coefficients, exact over ℚ with no division	X a left inverse of sI − A	L:Transport/HolonicChain:resolvent_telescope; L:Transport/HolonicChain:transfer_expansion_with_remainder; L:Transport/HolonicChain:markov_are_the_expansion_coefficients; L:Transport/HolonicChain:markov_is_the_separating_atlas_parameter	formal-checked	uses:navigator.truncated-resolvent
tube.chain-power-balance	tube, holon, contact	ẋ = (Ω − M)Gx + Bu: d/dt ½⟨x,Gx⟩ = ⟨u, BᵀGx⟩ − ⟨Gx, MGx⟩ = port power − Σ_f w_f⟨J_f Gx, D_f J_f Gx⟩;  ⟨v, Ωv⟩ = 0	a chain's power balance is injected port power minus dissipation resolved face by face; the skew part contributes nothing	Ωᵀ = −Ω	L:Transport/HolonicChain:port_power_balance; L:Transport/HolonicChain:port_power_balance_faces; L:Transport/HolonicChain:skew_quad_eq_zero	formal-checked	uses:holon.port-storage-rate
tube.neck-power-jump	tube, contact	A₁₂ = (K − M_c)G₂, A₂₁ = (−Kᵀ − M_cᵀ)G₁: Φ₂ − Φ₁ = −2⟨G₁x₁, M_c G₂x₂⟩;  M_c = 0 ⇒ Φ₂ = Φ₁	the power current is continuous across a lossless neck; its jump is exactly twice the cross dissipation (the neck's sink σ)	port-Hamiltonian interconnection	L:Transport/HolonicChain:neck_power_jump_is_twice_the_cross_dissipation; L:Transport/HolonicChain:power_current_is_continuous_across_a_lossless_neck	formal-checked	uses:tube.chain-power-balance
tube.chain-reversal	tube, holon, aeon	((Ω − M)G)ᵀ = G(−Ω − M);  rate form of the reversed chain = rate form (−2GMG);  (CXB)ᵀ = BᵀXᵀCᵀ, rank preserved	reversing a chain reverses its conservative structure, leaves dissipation's sign, and is reciprocal in transfer; no direction undoes the dissipation	Gᵀ = G, Ωᵀ = −Ω, Mᵀ = M ⪰ 0	L:Transport/HolonicChain:adjoint_is_the_reversed_structure; L:Transport/HolonicChain:reversal_preserves_the_storage_rate; L:Transport/HolonicChain:no_direction_undoes_the_dissipation; L:Transport/HolonicChain:reciprocity_of_the_reversed_chain; L:Transport/HolonicChain:reversal_preserves_the_transfer_rank	formal-checked	uses:tube.chain-power-balance
tube.chain-placement	tube, parametron, constitution	Ω = e^{iπ/2}H, H Hermitian: A = (e^{iπ/2}H + e^{iπ}M)G;  G ≻ 0, M ⪰ 0 ⇒ σ(conservative) ⊂ iℝ, σ(dissipative) ⊂ (−∞, 0], σ(A) ⊂ {Re ≤ 0};  Ω_↘ = e^{iπ}Ω_↗ᵀ, M_↘ = M_↗ᵀ	the conservative and dissipative parts of a chain navigator are a quarter-turn apart, and the conservative coupling returns with a half-turn	G ≻ 0; guide statement (Lean owner not located in these directories)	D:docs/ELEMENTARY_OBJECTS.md#6-tube-and-tower	proved-derived	uses:holon.eigenvalue-reads-dissipation
tube.pontryagin-bound	tube, parametron	G indefinite with κ negative squares, A G-skew ⇒ at most min(κ, n − κ) eigenvalues in Re λ > 0; G = diag(1,−1), A = [[0,1],[1,0]] attains it	the number of unstable modes of a G-skew operator is bounded by the storage's negative index	Lean lift owed (#54)	D:docs/ELEMENTARY_OBJECTS.md#6-tube-and-tower	proved-standard	generalizes:holon.indefinite-storage-no-placement
tube.generation-step	tube, swing, receipt	F_(k+1) = T_(g_k)(F_k) ∩ C_k;  stepMulti for a Swing with sub-Swings	generation is a tube whose cross-section changes: longitudinal transport followed by transverse restriction; the visible draft is one member, never the state	finite artifact families	L:Transport/ArtifactRelease:step; L:Transport/ArtifactRelease:stepMulti; L:Transport/ArtifactRelease:mem_step; D:docs/ELEMENTARY_OBJECTS.md#6-tube-and-tower	definition	
tube.release-width-zero	tube, receipt	Releasable F B := ∀a,a' ∈ F, π_B a = π_B a' ⇔ width = 0 at every coordinate of B	release is the station where the section is a point at the receiver's grain while plural inside	finite family, region B	L:Transport/ArtifactRelease:releasable_iff_every_coordinate_width_is_zero; L:Transport/ArtifactRelease:Releasable	formal-checked	uses:receipt.width
tube.width-not-monotone-along-edits	tube, receipt, swing	restriction never widens; the name Swing carries 1 artifact to 2, width 0 before and nonzero after	width is monotone along restriction only, not along edits	six-slot role frame witness	L:Transport/ArtifactRelease:restriction_never_widens; L:Transport/ArtifactRelease:width_is_not_monotone_along_edits; L:Transport/ArtifactRelease:the_swing_enlarges_the_family	counterexample	uses:tube.release-width-zero
tube.release-refuted-not-rewritten	tube, receipt	edit supported off B ⇒ released face on B unchanged; after it, the family is empty or the face stands	a released region is never silently rewritten from elsewhere: it is refuted (emptied), and only an edit touching the region changes its face	edits supported off B	L:Transport/ArtifactRelease:an_edit_supported_off_a_released_region_cannot_change_its_face; L:Transport/ArtifactRelease:reopening_from_outside_is_an_emptying; L:Transport/ArtifactRelease:only_an_edit_touching_the_region_can_change_its_face; L:Transport/ArtifactRelease:release_preserved_by_swing_supported_off	formal-checked	uses:tube.release-width-zero
tube.entangled-edit	tube, receipt, key	name pivot ⟶ Hermes, supported off the released pronoun, empties T_g(F) ∩ C under gender agreement; the correction on the region restores it;  dog ⟶ cat and is ⟶ why both commute, only the constraint separates them	commutation is not the discriminator of independence; the admitted constraint is	role-frame witness	L:Transport/ArtifactRelease:the_name_edit_empties_the_family; L:Transport/ArtifactRelease:the_correction_restores_the_family; L:Transport/ArtifactRelease:commuting_does_not_separate_the_independent_from_the_entangled; L:Transport/ArtifactRelease:the_entangled_edit_is_not_chartwise	counterexample	obstructs:tube.release-refuted-not-rewritten
tube.revision-circuit-holonomy	tube, complex, cycle	functorial rotation tube: no holonomy; commutator of rotation and shear = translation y ↦ y − 1, a declared circuit with defect; no defect on a declared face ≠ cancellation	draft–observe–revise is a declared circuit whose holonomy is a chartwise defect; a bounded search refutes and never affirms	region tower	L:Transport/ArtifactRelease:the_rotation_tube_carries_no_holonomy; L:Transport/ArtifactRelease:the_commutator_of_the_entangled_pair_is_a_translation; L:Transport/ArtifactRelease:the_commutator_circuit_has_a_defect; L:Transport/ArtifactRelease:no_defect_on_a_declared_face_is_not_cancellation	formal-checked	uses:tube.circuit-no-defect
tube.edit-circuit-torus	tube, cycle, aeon	two commuting edit circuits; the first returns every face after 3 turns (defect at 1, 2), the second after 4	independent edit circuits form a two-torus of edit phases, each closing only at its own period	witness	L:Transport/ArtifactRelease:the_two_edit_circuits_commute; L:Transport/ArtifactRelease:three_turns_of_the_first_circuit_return_every_face; L:Transport/ArtifactRelease:four_turns_of_the_second_circuit_return_every_face; L:Transport/ArtifactRelease:one_turn_of_the_first_circuit_has_a_defect	formal-checked	uses:lock.coprime-torus-diagonal
tube.periplus-residual	tube, receipt	periplus residual empty ⇔ the draft returns; the visible face can return while the residual is nonzero	an outward edit with a returning observation leaves a residual the visible face does not show		L:Transport/ArtifactRelease:residual_empty_iff_the_draft_returns; L:Transport/ArtifactRelease:the_visible_face_returns_while_the_residual_is_nonzero	formal-checked	
tube.irrevocable-utterance	tube, aeon, receipt	a correction never changes the committed boundary, only appends; no sequence of corrections retracts; the committed boundary is a prefix of every later emission	an emitted utterance is irrevocable, unlike an editable draft	IrrevocableUtterance	L:Transport/ArtifactRelease:a_correction_never_changes_the_committed_boundary; L:Transport/ArtifactRelease:no_sequence_of_corrections_retracts; L:Transport/ArtifactRelease:the_committed_boundary_is_a_prefix_of_every_later_emission	formal-checked	
tube.disposition-refusal	tube, receipt	disposition is a function of (family, receivers); an empty family is a refusal; no candidate carries the disposition	release disposition belongs to the family and its receivers, never to one candidate		L:Transport/ArtifactRelease:the_disposition_is_a_function_of_the_family_and_receivers; L:Transport/ArtifactRelease:an_empty_family_is_a_refusal; L:Transport/ArtifactRelease:no_candidate_carries_the_disposition	formal-checked	
tube.product-family-release	tube, receipt	|∏ F_i| = ∏ |F_i|; product restriction = coordinate intersection; product releasable ⇔ every coordinate a singleton	independent coordinate families release exactly coordinatewise	finite product family	L:Transport/ArtifactRelease:product_family_cardinality; L:Transport/ArtifactRelease:product_releasable_iff_singleton_coordinates; L:Transport/ArtifactRelease:product_restriction_is_coordinate_intersection	formal-checked	
tube.edit-free-compensable-obstructed	tube, key, compression	J_keep = kept-receiver Jacobian;  free ⇔ J g = 0;  compensable ⇔ (JA)c = −Jg solvable (affine family);  obstructed ⇔ ∃ y, yᵀJA = 0, yᵀJg ≠ 0	edits are free (no kept receiver sees them), compensable within an allowed subspace, or obstructed with a left-null certificate: an obstruction is a return	exact linearized chart over ℚ	L:Transport/EditRigidity:free_iff_mem_ker; L:Transport/EditRigidity:compensating_iff_solves; L:Transport/EditRigidity:compensating_family_is_affine; L:Transport/EditRigidity:obstructed_iff_certificate; L:Transport/EditRigidity:mem_range_iff_annihilators_vanish	formal-checked	uses:compression.fredholm-alternative
tube.entanglement-self-stress	tube, key, contact	for a kept face c: some self-stress is supported at c ⇔ row c is a combination of the others ⇔ dropping c loses no first-order restriction	entanglement of a kept face is self-stress support; first-order edits always commute, so commutation separates nothing	rigidity Jacobian	L:Transport/EditRigidity:entanglement_is_self_stress_support; L:Transport/EditRigidity:entangled_iff_dependent; L:Transport/EditRigidity:first_order_edits_always_commute; L:Transport/EditRigidity:the_kept_face_differential_is_the_rigidity_jacobian	formal-checked	uses:tube.edit-free-compensable-obstructed
tube.rethreading-work	tube, constitution	W²(g) = min{‖δ‖²_M : δ compensating}, M ≻ 0 declared (LDLᵀ certificate); minimizer ⇔ M δ* ⟂ allowed; W² = 0 ⇔ g free	rethreading work is the exact rational minimum of a declared metric; the unit metric is one declaration, not a default	positive definite M	L:Transport/EditRigidity:normal_equation_gives_the_unique_minimizer; L:Transport/EditRigidity:work_zero_iff_free; L:Transport/EditRigidity:positive_definite_of_ldl	formal-checked	uses:tube.edit-free-compensable-obstructed
tube.edit-torque	tube, navigator, deposition	τ = J_g^† r;  τ = 0 ⇔ r ⟂ image ⇔ first-order stationary;  τ ≠ 0 ⇒ exact rational descent step	edit torque pulls the unresolved receiver residual back to the navigators; the metric adjoint pairs residual with navigators	declared metrics	L:Transport/EditRigidity:torque_zero_iff_residual_annihilates_image; L:Transport/EditRigidity:stationary_iff_torque_zero; L:Transport/EditRigidity:the_exact_descent_step; L:Transport/EditRigidity:metric_adjoint_pairs_the_residual_with_the_generators	formal-checked	
tube.stationarity-not-cancellation	tube	a coincident kept face has a zero Jacobian row: every torque is zero yet a second-order edit moves the face by exactly t²	first-order stationarity is necessary and not sufficient for cancellation	witness	L:Transport/EditRigidity:stationarity_is_not_cancellation; L:Transport/EditRigidity:the_coincident_face_has_a_zero_row	counterexample	obstructs:tube.edit-torque
tube.knot-implication-ascends	tube, key	ImpliedBy is monotone in the region (ascending); points 0,1,2 with consecutive separations kept: the outer pair is implied at the whole region, not at the subregion	a knot's induced implication ascends and does not descend to subregions	line-chain witness	L:Transport/EditRigidity:impliedBy_mono; L:Transport/EditRigidity:induced_implication_does_not_descend; L:Transport/EditRigidity:ambient_knot_is_downward_closed	counterexample	
tube.fold-reflection	tube, swing	reflect x = x − 2σ(x) n/⟨n,n⟩ (no square root): involution, fixes the crease, preserves squared distance;  fold = id on σ ≥ 0, reflect on σ < 0	a fold is the hyperplane reflection applied to one side of a crease	crease with exact rational normal	L:Transport/Fold:reflect_involutive; L:Transport/Fold:reflect_eq_self_of_side_zero; L:Transport/Fold:reflect_distSq; L:Transport/Fold:fold; D:docs/ELEMENTARY_OBJECTS.md#6-tube-and-tower	formal-checked	uses:swing.half-turn
tube.fold-piecewise-isometry	tube	same side: d²(fold x, fold y) = d²(x,y);  opposite sides: defect 4σ(x)σ(y)/⟨n,n⟩, a strict decrease	the fold is a piecewise isometry and not an isometry: each half stays rigid and the halves move together	ℚ^d	L:Transport/Fold:fold_distSq_same_side; L:Transport/Fold:fold_distSq_opposite_side; L:Transport/Fold:fold_brings_the_two_sides_together	formal-checked	uses:tube.fold-reflection
tube.fold-residual-bit	tube, compression, tower	fibre of fold through x = {x, reflect x} (two-to-one off the crease); foldTransition residual = one side bit; k folds: 2ᵏ layers; residual injective on each fibre	reversibility is the residual: one bit reopens a fold, and a residual is at least as large as the largest fibre (a cut needs the whole gluing pattern)		L:Transport/Fold:fold_fibre; L:Transport/Fold:foldTransition_residual; L:Transport/Fold:sideWord_card; L:Transport/Fold:k_folds_branch_dyadically; L:Transport/Fold:residual_injective_on_fibre	formal-checked	uses:tower.continuing-transition
tube.bounce	tube	side affine along a segment, crossing located exactly; folded straight segment = reflected path; tangential direction fixed, normal negated	a bounce is the fold read in the trajectory; equal angles need no angle	ℚ^d	L:Transport/Fold:bounce_direction; L:Transport/Fold:linReflect_fixes_tangential; L:Transport/Fold:linReflect_normal; L:Transport/Fold:crossing_side_eq_zero	formal-checked	uses:tube.fold-reflection
tube.kawasaki-maekawa	tube, swing, cycle	R_v ∘ R_u = rot(v ū) (Gaussian rationals, no angle); flat-foldable ⇔ Im ∏(d_(2k) d̄_(2k−1)) = 0 (Kawasaki); M − V = ±2 ⇔ M = n ± 1 (Maekawa, all 16 degree-four assignments)	rotation is two reflections exactly over ℚ; Kawasaki's condition is one rational equation, Maekawa an integer count	degree-2n vertex	L:Transport/Fold:lineReflect_comp_eq_rotBy; L:Transport/Fold:kawasaki_iff; L:Transport/Fold:plusVertexIsFlatFoldable; L:Transport/Fold:skewVertexIsNotFlatFoldable; L:Transport/Fold:maekawa_iff_mountain_count; L:Transport/Fold:maekawa_degree_four	formal-checked	uses:swing.compose-translation
tube.shear-not-fold	tube, swing	nonzero shear changes a squared distance near every point at every scale ⇒ no isometry is a shear;  inversion: exact d² law, preserves the cross ratio	a shear deforms rather than folds; inversion is the third of the triple	ℚ²	L:Transport/Fold:no_isometry_is_a_shear; L:Transport/Fold:shear_changes_a_squared_distance_at_every_point_and_scale; L:Transport/Fold:inversion_preserves_cross_ratio; L:Transport/Fold:inversion_distSq	counterexample	obstructs:tube.fold-reflection
tube.fold-preserves-homology	tube, complex	a cellular relabelling commuting with ∂ preserves every rank and Betti number; an edge on one closed side keeps its exact length	a fold preserves homology and intrinsic length; a cut does not	finite chain complex	L:Transport/Fold:fold_preserves_betti; L:Transport/Fold:fold_preserves_intrinsic_length; L:Transport/Fold:no_relabelling_when_the_rank_moves	formal-checked	
tube.fold-catastrophe	tube, constitution	V_a(x) = x³/3 − a x: equilibrium ⇔ a ≥ 0, two for a > 0, stable at +√a, unstable at −√a;  crease: held ⇔ load ≤ κ u₀²	unfolding at a tolerance is the fold catastrophe; the held crease disappears at an exact threshold	real a	L:Transport/Fold:foldEquilibria_iff; L:Transport/Fold:foldEquilibria_two_of_pos; L:Transport/Fold:positiveRoot_is_stable; L:Transport/Fold:negativeRoot_is_unstable; L:Transport/Fold:held_equilibrium_iff_load_le_threshold	formal-checked	
tube.lever-arm	tube, parametron	rational rotation (cos, sin) = ((1 − t²)/(1 + t²), 2t/(1 + t²)) orthogonal; displacement² of a point at distance ℓ from the crease ∝ ℓ²	the offset grows linearly with distance from the crease, with no square root	t ∈ ℚ	L:Transport/Fold:displacementSq_scales_with_lever; L:Transport/Fold:rationalRotation_orthogonal; L:Transport/Fold:displacementSq_eq	formal-checked	uses:chain.cayley-z-chart
tube.backbone-linkage	tube, navigator	fixed-bond planar chain of r residues: internal DOF = 2(r − 1); cos²(dihedral) = rational in [0,1] by Lagrange's identity; pivots preserve squared lengths and fix the axis	a protein backbone is rigid origami of a one-dimensional linkage; the dihedral needs no angle	exact rational coordinates	L:Transport/Fold:backbone_internal_dof; L:Transport/Fold:lagrange_identity; L:Transport/Fold:dihedralCosSq_le_one; L:Transport/Fold:pivot_preserves_squared_lengths	formal-checked	
tube.two-axis-square	tube, tower	longitudinal transport ∘ restrict = restrict ∘ longitudinal transport (Migration.naturality with identity index map); ChartwiseMigration = Migration that stays at its chart	a tube is a tower stretched along a longitudinal axis; its two axes are joined by exactly one commuting law	preorder-indexed family of towers	L:Transport/ContinuingTube:square; L:Transport/ContinuingTube:toMigration_staysAtItsChart; L:Transport/ContinuingTube:ofStationaryMigration_toMigration_face; L:Transport/ContinuingTube:square_is_genuine_content	formal-checked	uses:tower.migration
tube.square-verdict	tube, tower, contact	SquareVerdict ∈ {commutes, defect}, total; the grain square fails: the contact receiver does not commute with the grain selection (301 vs 1,397 Inside on the M5 deposit), and the defect is not a loss	where the two-axis square fails, the failure is returned whole as content	declared tube	L:Transport/ContinuingTube:squareVerdict_total; L:Transport/ContinuingTube:grainSquare_fails; L:Transport/ContinuingTube:grainSquare_defect_is_not_a_loss; R:holonics::holon::restriction::tube::SquareVerdict	formal-checked	uses:tube.two-axis-square
tube.wormhole	tube, tower	Wormhole = passage between stations connecting incomparable charts; a tube's own passages (transport, refinement route) never are; swapWormhole over two charts with no common refinement is one; lossiness is independent of being a wormhole (all four cells inhabited)	a wormhole is exact: a founded passage where the tube's order relates nothing, with traversability decided by the residual	two-chart index	L:Transport/ContinuingTube:transport_is_not_a_wormhole; L:Transport/ContinuingTube:refinementRoute_is_not_a_wormhole; L:Transport/ContinuingTube:swapWormhole; L:Transport/ContinuingTube:lossiness_is_independent_of_being_a_wormhole; R:holonics::holon::restriction::tube::wormhole_receipt	formal-checked	uses:tower.migration-incomparable
tube.circuit-no-defect	tube, complex, cycle	functorial tube: transport round trip = id; tube circuit has no defect; a declared circuit's defect is the atlas cocycle defect (holonomy, not loss); flip circuit has a defect and carries no invariant end	neither axis of a functorial tube carries holonomy; holonomy lives in declared circuits, and non-orientability is a flip circuit with no invariant end	functorial tube	L:Transport/ContinuingTube:transport_roundTrip; L:Transport/ContinuingTube:tube_circuit_has_no_defect; L:Transport/ContinuingTube:circuit_defect_is_holonomy_not_loss; L:Transport/ContinuingTube:flipCircuit_hasDefect; L:Transport/ContinuingTube:flipCircuit_carries_no_invariant_end; R:holonics::holon::restriction::tube::check_circuit_holonomy	formal-checked	uses:receipt.atlas-cocycle-defect
tube.padic-tube	tube, tower	padicTube end ≃ ℤ_p; cross-section branches p-adically: p^k refinements, p per adjacent step	the p-adic tube: a tower stretched along stations whose cross-section branches p-adically	prime p	L:Transport/ContinuingTube:padicTube_end_equiv; L:Transport/ContinuingTube:padicTube_crossSection_branching; L:Transport/ContinuingTube:padicTube_adjacent_branching	formal-checked	uses:tower.padic-plural
tube.flat-near-curved-far	tube, complex, receiver	cycle tube: short circuit no defect, long circuit defect; ladder: square commutes below, fails at the top; the fine observer sees at one step what the coarse sees at three; a poorer receiver reads the defect flat	curvature is a function of distance and of the observer's grain: flat near, curved far	declared tubes	L:Transport/ContinuingTube:flat_near_curved_far; L:Transport/ContinuingTube:cycleLongCircuit_hasDefect; L:Transport/ContinuingTube:the_fine_observer_sees_at_one_step_what_the_coarse_one_sees_at_three; L:Transport/ContinuingTube:a_poorer_receiver_reads_the_defect_flat	formal-checked	uses:tube.circuit-no-defect
tube.cross-rank-passages	tube, tower	descending chain is the tube's own; a rising step needs the retained residual; three kinds of cross-rank passage	passing between ranks: down is restriction, up requires the residual	ladder tower	L:Transport/ContinuingTube:descending_chain_is_the_tubes_own; L:Transport/ContinuingTube:rising_step_needs_the_retained_residual; L:Transport/ContinuingTube:the_three_kinds_of_cross_rank_passage	formal-checked	uses:tower.reverse-passage-is-residual
tube.clocked-span	tube, aeon, epoch	ClockedSpan: occurrences, both boundaries, exact local-clock face, receiver face, obstruction; comp = pullback join; split/rejoin preserves the complete face; a missing joining equality is an open gap with no joined occurrence; equal clock coordinate does not identify the clock address	the longitudinal axis is the clocked span: resegmenting a world-line changes only its presentation	addressed spans	L:Transport/WorldTube:split_rejoin_preserves_completeFace; L:Transport/WorldTube:resegmentation_natural; L:Transport/WorldTube:openGap_has_no_joined_occurrence; L:Transport/WorldTube:equal_coordinate_does_not_identify_clock_address	formal-checked	uses:holon.lineage-addressed-passage
tube.world-tube-lawful-silence	tube, globe, receiver	IsLawfulSilence(s) ⇔ s ≠ 0 ∧ radiation(s) = 0 (s in the outward radical); nonradical sections must radiate; first-coordinate outward receiver admits a nonzero silent interior	a nonzero interior section in the kernel of the outward restriction radiates nothing while conducting inside: dead to this receiver, alive inside	WorldTube outward receiver	L:Transport/WorldTube:lawfulSilence_iff_nonzero_and_radiation_zero; L:Transport/WorldTube:nonradical_must_radiate; L:Transport/WorldTube:nonzero_interior_section_can_lie_in_outward_radical; L:Transport/WorldTube:finite_nonradical_section_cannot_be_silent	formal-checked	
tube.cultivated-rest	tube, deposition, compression	returned difference = world consequence and later return; cultivatedRest − rest = causal adjoint of it; the cultivated rest descends through every finite ordered successor word	the world return changes the one continuing rest through its causal adjoint, and the rest remains a history compression	WorldTube	L:Transport/WorldTube:cultivatedRest_sub_rest; L:Transport/WorldTube:cultivatedRest_descends_every_finite_successor_word; L:Transport/WorldTube:returnedDifference	formal-checked	uses:compression.history-compression
tube.resegmentation-associator	tube, aeon	split/rejoin equivalence and three-way associator are natural for source, target, clock, face, obstruction and receiver; history outcomes rebase along them; boundary-scale images compose	clocked world-tube resegmentation is an equivalence on the complete face, with no inverse or singleton fibre introduced		L:Transport/WorldTubePotential:splitRejoin_completeFace; L:Transport/WorldTubePotential:associator_completeFace_natural; L:Transport/WorldTubePotential:associator_historyOutcomes_rebase; L:Transport/WorldTubePotential:boundaryScale_comp_boundary_image_natural	formal-checked	uses:tube.clocked-span
tube.junction-pullback	tube, holon, holarchy	AddressedPassage.Join = exactly the compatible pairs; no shared boundary ⇒ empty join; valence-2 station is serial, valence ≥ 3 is a junction	the joint of two charts is the pullback of their occurrence populations		L:Transport/JunctionLaw:join_is_exactly_the_compatible_pairs; L:Transport/JunctionLaw:noSharedBoundary_isEmpty_join; L:Transport/JunctionLaw:serial_station_is_not_a_junction; L:Transport/JunctionLaw:trivalent_station_is_a_junction	formal-checked	uses:holon.lineage-addressed-passage
tube.junction-tangential-agreement	tube, coholon	[[ι*u]] = 0 ⇔ two side fields descend to one field on the union; a nonzero jump prevents descent	the tangential half of the junction law: continuity of the pullback is being one cochain on the glued complex	WeightedComplex	L:Transport/JunctionLaw:glues_iff_agree; L:Transport/JunctionLaw:descend_restricts_left; L:Transport/JunctionLaw:no_descent_of_nonzero_jump	formal-checked	
tube.junction-normal-balance	tube, holon, deposition	[[n·flux]] = normal jump = δ₀ f;  Balanced ⇔ δ₀ f = σ ⇔ residual 0	the normal half of the junction law: the flux jump across the joint is the source that lives on it	any interface side split	L:Transport/JunctionLaw:normalJump_eq_divergence; L:Transport/JunctionLaw:balanced_iff_divergence; L:Transport/JunctionLaw:balanced_iff_residual_zero	formal-checked	
tube.junction-gauss-tellegen	tube, holon, coholon	⟨1_A, δ₀f⟩_(W₀) = ⟨d₀1_A, f⟩_(W₁) (discrete Gauss); interior cells carry no boundary flux; δ∘δ = 0 ⇒ interface sources close at vertices; a nonclosing source admits no interface flux	discrete Gauss and Tellegen are the junction's energy ledger; the codimension-2 obstruction is returned, not repaired	WeightedComplex	L:Transport/JunctionLaw:discrete_gauss; L:Transport/JunctionLaw:tellegen; L:Transport/JunctionLaw:codiff_comp_zero; L:Transport/JunctionLaw:vertex_closure; L:Transport/JunctionLaw:no_interface_flux_for_a_nonclosing_source	formal-checked	instance-of:holon.tellegen
tube.junction-euler-cost	tube, complex, holarchy	χ(A ∪ B) + χ(A ∩ B) = χ(A) + χ(B); χ(A ∩ B) = 0 ⇒ χ(A ∪ B) = χ(A) + χ(B); n pieces of χ = −1 glued along zero ⇒ χ = −n	each junction costs one unit of Euler characteristic	finite cell sets	L:Transport/JunctionLaw:chi_union_add_inter; L:Transport/JunctionLaw:chi_glue_along_zero; L:Transport/JunctionLaw:each_junction_costs_one_euler	formal-checked	
tube.orientation-bit	tube, cycle, holon	consistent signs ⇒ closed dual walk holonomy 1; a circuit of k reflections has determinant (−1)ᵏ = −1 ⇔ k odd	orientability is a ℤ/2 holonomy, the parity face of a winding (w₁ is its mod-2 reduction)		L:Transport/JunctionLaw:walkHolonomy_telescopes; L:Transport/JunctionLaw:closed_walk_holonomy_one; L:Transport/JunctionLaw:orientation_reversing_iff_odd; L:Transport/JunctionLaw:reflection_circuit_determinant	formal-checked	uses:holon.orientation-reversing-walk
tube.plateau-balance	tube, constitution	|a|² = |b|² = |c|² = T: a + b + c = 0 ⇔ ⟨a,b⟩ = ⟨a,c⟩ = ⟨b,c⟩ = −T/2; four conormals balance from pairwise sums	Plateau's tension balance at a junction line (120°) and vertex, exact over ℚ	equal tensions	L:Transport/JunctionLaw:three_conormals_balance_iff; L:Transport/JunctionLaw:four_conormals_balance_of_pairwise	formal-checked	instance-of:tube.junction-normal-balance
tube.rankine-hugoniot	tube, constitution	Burgers f(u) = u²/2: s = [[f]]/[[u]] = (u_L + u_R)/2;  Lax admissible (u_R < s < u_L) ⇔ u_R < u_L; an expansion shock violates Lax	the Rankine–Hugoniot jump is the normal balance of a scalar conservation law, with its entropy condition belonging to the (junction, direction) pair	u_R ≠ u_L	L:Transport/JunctionLaw:rankine_hugoniot_speed; L:Transport/JunctionLaw:lax_admissible_iff; L:Transport/JunctionLaw:expansion_shock_violates_lax	formal-checked	instance-of:tube.junction-normal-balance
tube.snell-interface	tube, coholon, constitution	tangential parts equal, |k_i|² = n_i² κ² ⇒ n₁² sin²₁ = n₂² sin²₂;  |tangent|² > n₂² κ² ⇒ no transmitted covector (total reflection)	Snell's law is tangential continuity plus dispersion on rational wave covectors; beyond the critical angle nothing is transmitted	declared rational n², κ²	L:Transport/JunctionLaw:snell_squared; L:Transport/JunctionLaw:no_transmitted_covector_beyond_the_critical_angle; L:Transport/JunctionLaw:totally_reflected_iff	formal-checked	instance-of:tube.junction-tangential-agreement
tube.neck-density	tube	flux A·j = Φ constant, A_i > 0: j_i = Φ/A_i; Φ > 0 and A_k ≤ A_i ⇒ j_i ≤ j_k; Φ < 0 reverses	under a positive constant flux a narrower section carries a faster density; the conclusion is this law under this hypothesis, not a law of tubes	A_i > 0	L:Transport/Neck:density_of_constant_flux; L:Transport/Neck:speedup_of_narrowing; L:Transport/Neck:no_speedup_of_negative_flux	formal-checked	
tube.neck-residual	tube, receipt	residual_i = Φ_(i+1) − Φ_i − σ_i; zero ⇔ station balance; sourceless balance ⇒ constant flux; unmatched source ⇒ nonzero residual	with sources the neck's reading is the residual, not a speed-up		L:Transport/Neck:residual_eq_zero_iff; L:Transport/Neck:flux_constant_of_sourceless_balance; L:Transport/Neck:residual_of_unmatched_source	formal-checked	
tube.point-focus-angular-spread	tube, receipt	ray transfer M ∈ ℚ^(2×2), det M = 1, B = M₀₁ = 0: transverse extent 0, angular extent > 0, phase area unchanged; phaseArea(MN) composes; reduced étendue across an interface scales by n₁/n₂	at a point focus the bundle is a point at the receiver's grain while plural inside; the point source has zero phase area on both sides, and a bundle of positive phase area keeps it	exact rational ray matrices	L:Transport/Neck:point_focus_keeps_angular_spread; L:Transport/Neck:focus_has_zero_extent; L:Transport/Neck:phaseArea_comp; L:Transport/Neck:reducedEtendue_interface; L:Transport/Neck:phaseArea_unmoved_at_the_focus	formal-checked	
tube.frame-compatibility	tube, navigator, complex	R(s,t) ∈ SO(3), K = R⁻¹∂_sR, W = R⁻¹∂_tR: ∂_tK − ∂_sW + [W, K] = 0	a framed filament's bending/twist and temporal rotation satisfy the zero-curvature compatibility (not a force equation)	twice differentiable invertible frame	D:docs/FORMAL_FRAMEWORK.md#twist-curvature-and-phase-keep-their-different-meanings	proved-derived	uses:curvature.gauge-covariance
tube.twist-torsion-distinct	tube, complex	material twist, Frenet torsion, Cartan torsion, curvature/holonomy and integral-cokernel torsion are five different constructions	twist, curvature and phase keep their different meanings; a connection alone does not identify them	definition	D:docs/FORMAL_FRAMEWORK.md#twist-curvature-and-phase-keep-their-different-meanings	definition	
globe.membrane-face-gauge-free	globe, coholon, complex	S bounds ⇒ ⟨dφ, S⟩ = 0  and  face_S(ω + dφ) = face_S(ω)	exact coholons read zero on a bounding membrane, so the membrane face is gauge free (uses ∂∂=0)	membrane S with ∂S bounding the interior chain	L:Objects/Membrane:membraneFace_exact_eq_zero; L:Objects/Membrane:membraneFace_gauge	formal-checked	uses:complex.boundary-squared
globe.tube-membrane-not-gauge-free	tube, globe, coholon	face_lateral(0 + d(proj₁)) ≠ face_lateral(0)  (moves by 1)	a lateral tube membrane does not return a gauge-free datum; only a bounding membrane does	tube witness	L:Objects/Membrane:tube_face_is_not_gauge_free	counterexample	obstructs:globe.membrane-face-gauge-free
globe.linear-globe-datum-is-membrane-face	globe, coholon, receiver	massC v = face_S(edgeField v) = ⟨d(edgeField v), interiorChain⟩	the quarter-turn globe's boundary datum β is the membrane face of its edge cochain	linear globe witness	L:Objects/Membrane:linearGlobe_boundary_is_membrane_face	formal-checked	uses:globe.membrane-face-gauge-free
globe.relative-completeness	globe, receiver, tube	RelativelyComplete(Ω, S) := Coupled ∧ NotDetermined ∧ ∂(interiorChain) = S	a region is relatively complete for a receiver family when its boundary datum is coupled to the interior, the interior is not determined by the boundary history (persistent recurrent motion in every fibre), and the membrane bounds the interior	declared receiver family R∘β, β = Prod.snd	L:Objects/RelativeCompleteness:RelativelyComplete; L:Objects/RelativeCompleteness:Coupled; L:Objects/RelativeCompleteness:NotDetermined; L:Objects/RelativeCompleteness:BoundsInterior; D:docs/ELEMENTARY_OBJECTS.md#7-relative-completeness-globe	definition	
globe.persistent-motion	globe, navigator	PersistentMotion(x,y): ∀ word, ∃ g, step_g moves the difference; ∃ nonempty word returning it exactly;  one additive transport: ⇔ ∃n>0, Eⁿd = d ∧ Ed ≠ d	persistence is exact recurrence of the fibre difference (a discrete Poincaré recurrence); a periodic moving point never reaches a fixed point	agent-inferred; quasi-periodic interiors excluded (open)	L:Objects/RelativeCompleteness:PersistentMotion; L:Objects/RelativeCompleteness:ofAdditive_persistent_iff; L:Objects/RelativeCompleteness:periodic_moves_forever	formal-checked	uses:globe.relative-completeness
globe.fibre-nontrivial	globe, receiver	NotDetermined ⇒ ∀ admitted x, ∃ y ≠ x, Agree(x,y)	clause 2 makes every admitted fibre nontrivial: the exterior receivers do not separate the region's states		L:Objects/RelativeCompleteness:NotDetermined.fibre_nontrivial	formal-checked	uses:globe.relative-completeness
globe.receiver-relativity	globe, receiver	fine refines coarse ⇒ (NotDetermined_fine ⇒ NotDetermined_coarse) ∧ (Coupled_coarse ⇒ Coupled_fine)	refining the receivers can only remove non-determination and only add coupling: completeness is relative to the receiver family	same dynamics and admitted states	L:Objects/RelativeCompleteness:Refines.notDetermined; L:Objects/RelativeCompleteness:Refines.coupled; L:Objects/RelativeCompleteness:Refines.agree	formal-checked	uses:globe.relative-completeness
globe.additive-fibre-coset	globe, receiver, compression	Agree(x,y) ⇔ y − x ∈ futureCollapsed(outwardRead, transport)	in the additive chart a boundary-history fibre is a coset of the future-blind population	additive transports and receivers	L:Objects/RelativeCompleteness:ofAdditive_agree_iff; L:Objects/RelativeCompleteness:transportWord_sub	formal-checked	uses:compression.kernel
globe.observability-kernel	globe, receiver, compression	𝒩(A,C) = ⋂_k ker(C Aᵏ): A-invariant, ⊆ ker C, greatest A-invariant subspace of ker C; 𝒩 = ⊤ ⇔ C = 0;  finite dim: 𝒩 = ⋂_(k<dim) ker(C Aᵏ)	the unobservable subspace is the part of the outward radical silent after every history; a horizon of dim I suffices (Cayley–Hamilton)	linear maps over a field	L:Objects/RelativeCompleteness:observabilityKernel; L:Objects/RelativeCompleteness:observabilityKernel_greatest; L:Objects/RelativeCompleteness:observabilityKernel_invariant; L:Objects/RelativeCompleteness:observabilityKernel_eq_horizonKernel_finrank; L:Objects/RelativeCompleteness:observabilityKernel_eq_top_iff	formal-checked	specializes:compression.kernel
globe.block-criterion	globe, receiver	[x_int; x_bd]' = [[A,B],[C,D]][x_int; x_bd], step 1+M: future-blind = {(u,0) | u ∈ 𝒩(A,C)} ∀B,D;  Coupled ⇔ C ≠ 0;  NotDetermined ⇔ ∃u ∈ 𝒩(A,C), Au ≠ 0, (1+A)ⁿu = u, n>0	the linear criterion for relative completeness: coupling is a nonzero outward block; non-determination is a moving recurrent unobservable interior vector	unit-clock Euler step, read on the full boundary datum	L:Objects/RelativeCompleteness:mem_blockCollapsed_iff; L:Objects/RelativeCompleteness:block_coupled_iff; L:Objects/RelativeCompleteness:block_notDetermined_iff; L:Objects/RelativeCompleteness:block_agree_iff; L:Objects/RelativeCompleteness:blockStep_iterate_kernel	formal-checked	uses:globe.observability-kernel
globe.unobservable-is-lawful-silence	globe, tube, receiver	current ∈ 𝒩(A,C), current ≠ 0 ⇒ WorldTube.IsLawfulSilence ∧ ∀k C(Aᵏ current) = 0	a nonzero unobservable interior current is lawful silence for the world tube's outward receiver C	outward receiver C	L:Objects/RelativeCompleteness:observabilityKernel_lawfulSilence	formal-checked	uses:tube.world-tube-lawful-silence
globe.bounding-membrane-closed	globe, complex, coholon	∂(interiorChain) = S ⇒ ∂S = 0;  ∂S = 0 ⇔ ∀φ ⟨dφ, S⟩ = 0	a bounding membrane is closed, and closed means no exact flux escapes	chain complex over a field	L:Objects/RelativeCompleteness:Bounds.closed; L:Objects/RelativeCompleteness:closed_iff_no_exact_flux	formal-checked	uses:holon.stokes
globe.linear-globe	globe, parametron, receiver	interior (x,y,m), (1+A)(x,y,m) = (−y,x,m), (1+A)⁴ = 1, C = m;  𝒩 = {m = 0}	a quarter-turning pair read only through a conserved mass is relatively complete (Birkhoff type)	ℚ	L:Objects/RelativeCompleteness:linearGlobe_relativelyComplete; L:Objects/RelativeCompleteness:quarter_pow_four; L:Objects/RelativeCompleteness:mass_observabilityKernel_iff	formal-checked	instance-of:globe.block-criterion
globe.birkhoff-globe	globe, receiver	quarter turn (x,y) ↦ (−y,x) read only through planeEnergy; energies 1 and 4 separate; partner q(p) − p turns with period 4	the nonlinear Birkhoff globe is relatively complete: coupled through a conserved charge, not determined by it	nonvacuum states over ℚ	L:Objects/RelativeCompleteness:birkhoffGlobe_relativelyComplete; L:Objects/RelativeCompleteness:birkhoffGlobe_diff; L:Objects/RelativeCompleteness:iterate_quarter_energy	formal-checked	instance-of:globe.relative-completeness
globe.cold-lattice-and-quench-fail	globe	A = 0: coupled, nothing moves;  A = −1: coupled, (1,0,0) ∈ 𝒩, but (1+A) = 0 quenches the interior	a cold lattice and a quench fail non-determination: a fibre that does not persist is not motion	mass receiver	L:Objects/RelativeCompleteness:coldLattice_fails; L:Objects/RelativeCompleteness:quench_fails	counterexample	obstructs:globe.relative-completeness
globe.ricci-decay-fails	globe	triangle Ricci flow at τ=1/6 read by its conserved total: (1+A)u = u/2 on total-free u; (1,−1,0) ∈ 𝒩 moves but contracts	a decaying fibre of the finite Ricci-type flow fails clause 2: nonzero and moving, but never recurrent (a counterexample in that finite flow, not a claim about smooth Ricci flow)		L:Objects/RelativeCompleteness:ricci_fails; L:Objects/RelativeCompleteness:ricci_step_halves	counterexample	obstructs:globe.relative-completeness
globe.observable-and-sealed-fail	globe	C = x + m on the quarter globe: 𝒩 = 0, not NotDetermined;  C = 0: not Coupled	a fully observable interior fails clause 2 and a sealed interior fails clause 1	ℚ	L:Objects/RelativeCompleteness:fullyObservable_fails; L:Objects/RelativeCompleteness:sealedInterior_not_coupled	counterexample	obstructs:globe.relative-completeness
globe.tube-and-hollow-fail-bounds	globe, tube, complex	lateral strip e₀−e₂: ⟨d proj₁, S⟩ = 1, not bounding;  hollow loop: closed, bounds nothing	an open tube and a hollow cycle fail clause 3	square complex witnesses	L:Objects/RelativeCompleteness:tubeMembrane_escapes; L:Objects/RelativeCompleteness:hollowMembrane_closed_not_bounds; L:Objects/RelativeCompleteness:globeMembrane_boundsInterior	counterexample	obstructs:globe.relative-completeness
globe.relativity-witness	globe, receiver	same dynamics and membrane: complete for the mass channel w₁' = m alone, not complete once w₂' = x is read	refining the receiver removes completeness	two-channel witness	L:Objects/RelativeCompleteness:relativity_witness; L:Objects/RelativeCompleteness:fine_refines_coarse	counterexample	instance-of:globe.receiver-relativity
deposition.law	deposition, constitution	Θ'_e = Θ_e + Γ_e(j_e, (dφ)_e),  j = Θ·dφ (edgewise),  Γ_e reads only edge e	deposition changes an edge's conductance from the flux and drop that actually reached that edge	finite graph, node×edge incidence d, Θ_e>0 kept positive by Γ	L:Objects/Deposition:deposit; L:Objects/Deposition:DepositionLaw; D:docs/ELEMENTARY_OBJECTS.md#8-deposition	definition	
deposition.balance-is-junction-law	deposition, constitution, complex	Solves(d,Θ,φ,σ) ⇔ dᵀ(Θ·dφ) = σ ⇔ JunctionLaw.Balanced(complexOf d Θ, I, dφ, σ)	the constitutive solve is the normal half of the junction law, for every interface split	finite graph, rational Θ>0	L:Objects/Deposition:solves_iff_boundary_flux; L:Objects/Deposition:solves_iff_balanced; L:Objects/Deposition:codiff_mulVec	formal-checked	uses:tube.junction-normal-balance
deposition.solve-is-laplacian	deposition, constitution	Solves(d,Θ,φ,σ) ⇔ L φ = σ,  L = dᵀ diag(Θ) d	the balance is the conductance-Laplacian equation	finite graph	L:Objects/Membrane:solves_iff_laplacian; L:Objects/Membrane:laplacian	formal-checked	equiv:deposition.balance-is-junction-law
deposition.flux-unique	deposition, constitution, coholon	Solves(φ,σ) ∧ Solves(φ',σ) ⇒ dφ = dφ' ∧ Θ·dφ = Θ·dφ'	the flux is a function of constitution and source alone; the potential's gauge is not carried by the flux	Θ>0 edgewise	L:Objects/Deposition:drop_unique; L:Objects/Deposition:flux_unique; L:Objects/Deposition:deposit_eq_of_solves	formal-checked	uses:deposition.joule-ledger
deposition.joule-ledger	deposition, constitution, holon, coholon	⟨j, dφ⟩ = ⟨dφ, Θ dφ⟩ = ⟨φ, σ⟩ ≥ 0;  ⟨φ,σ⟩ = 0 ⇔ j = 0	Joule dissipation equals the source's pairing with the potential (Tellegen) and vanishes exactly when no flux moves	solved φ, Θ>0	L:Objects/Deposition:joule_ledger; L:Objects/Deposition:dissipation_zero_iff_no_flux	formal-checked	instance-of:holon.tellegen
deposition.source-zero-charge	deposition, holon	Solves(d,Θ,φ,σ) ∧ ∀e Σ_i d_(e,i)=0 ⇒ Σ_i σ_i = 0	a source that admits a balance carries zero total charge (Tellegen at the constant potential); a route return has it	every edge a difference	L:Objects/Deposition:source_total_zero; L:Objects/Deposition:route_return_has_zero_charge	formal-checked	uses:deposition.joule-ledger
deposition.locality-edge	deposition, constitution	Θ|_U=Θ'|_U ∧ j|_U=j'|_U ∧ dφ|_U=dφ'|_U ⇒ deposit(Θ,φ)|_U = deposit(Θ',φ')|_U	configurations agreeing on U's edges deposit identically there	any edge set U	L:Objects/Deposition:deposit_local_edges	formal-checked	specializes:deposition.law
deposition.locality-region	deposition, constitution	φ|_A=φ'|_A ∧ Θ|_U=Θ'|_U ∧ (d_(e,i)≠0 ⇒ i∈A for e∈U) ⇒ deposit|_U equal	what happened off the node region A does not reach the edges it encloses	A contains every node incident to U	L:Objects/Deposition:deposit_local_region	formal-checked	specializes:deposition.law
deposition.unreached-edge-unchanged	deposition, constitution	Γ_e(0,0)=0 ∧ j_e = 0 ⇒ Θ'_e = Θ_e	an edge no flux reached keeps its conductance	Θ_e>0 so j_e=0 forces (dφ)_e=0	L:Objects/Deposition:unreached_edge_unchanged	formal-checked	specializes:deposition.law
deposition.constitution-is-sufficient-retention	deposition, constitution, receiver	StandingLaw with retain(state) = Θ, future observation = flux of the later solve; Θ_left = Θ_right ⇒ futureAgreement(left,right)	the constitution suffices for every solver's admitted future, including solvers that consult the flux record for gauge	ordered source words as histories, admitted sources as receivers	L:Objects/Deposition:constitutionStanding; L:Objects/Deposition:equal_constitution_equal_future; L:Objects/Deposition:transportWord_constitution	formal-checked	uses:receipt.standing-law
deposition.last-flux-not-retention	deposition, constitution, receiver	histories [0] and [0, (−1,1)] on Θ₀=(1,2): equal last flux 0, constitutions Θ₀ ≠ Θ₁=(10/9,22/9); next unit source splits (1/3,2/3) vs (5/16,11/16)	the last flux is not a lawful retention: a later source separates two presents with equal last flux	square law, two parallel edges, every solver	L:Objects/Deposition:last_flux_is_not_a_standing; L:Objects/Deposition:equal_last_flux_separated_later	counterexample	obstructs:deposition.constitution-is-sufficient-retention
deposition.constitution-not-minimal	deposition, constitution, compression	Θ=(1,1) ≠ (2,2), yet futureAgreement under every source after every ordered history (square law, parallel pair)	the constitution is sufficient but not minimal; minimal retention is a proper quotient of it (symmetric constitutions collapse)	square law on the parallel pair, every solver	L:Objects/Deposition:constitution_is_not_minimal; L:Objects/Deposition:symmetric_observe; L:Objects/Deposition:symmetric_transportWord	counterexample	uses:compression.kernel
deposition.square-law-bends-split	deposition, constitution	Γ_e=j_e²: Θ₀=(1,2), σ=(−1,1): j=(1/3,2/3), deposit (1/9,4/9)=(1/3², 2²/3²), Θ₁=(10/9,22/9), next split (5/16,11/16)=(5/2⁴,11/2⁴)	a nonproportional deposit bends the next current split toward the heavier channel (lightning/canyon at its smallest)	two parallel edges, unit source	L:Objects/Deposition:square_deposit_bends_the_next_split; L:Objects/Deposition:deposit_square_Θ₀; L:Objects/Deposition:flux_Θ₀	formal-checked	instance-of:deposition.law
deposition.joule-law-keeps-split	deposition, constitution	Γ_e=j_e(dφ)_e on Θ₀=(1,2): deposit (1/9,2/9) ∝ Θ₀, Θ'=(10/9,20/9) ≠ Θ₀, next split (1/3,2/3)	a deposit proportional to the conductances changes the constitution without bending the split; the bend depends on the declared law	two parallel edges, unit source	L:Objects/Deposition:joule_deposit_keeps_the_split; L:Objects/Deposition:deposit_joule_Θ₀	formal-checked	instance-of:deposition.law
deposition.parallel-solve	deposition, constitution	on two parallel edges: Solves(Θ,φ,σ) ⇔ σ = (−(Θ₀+Θ₁)(φ₁−φ₀), (Θ₀+Θ₁)(φ₁−φ₀))	a parallel pair reads the source as the common drop times total conductance	parallel pair	L:Objects/Deposition:parallel_solves_iff_source	formal-checked	specializes:deposition.balance-is-junction-law
deposition.normal-law-local	deposition, constitution	(H + x xᴴ)_(ij) = H_(ij)  whenever x_i = 0 ∨ x_j = 0	the normal law deposits only on the support of its feature	complex matrices	L:Objects/Deposition:normal_law_local	formal-checked	instance-of:deposition.law
deposition.normal-law-psd	deposition, constitution	H ⪰ 0 ⇒ H + x xᴴ ⪰ 0;  updatedGram H (c·f) = H + c² f fᴴ	the (weighted) normal law keeps a positive semidefinite constitution positive semidefinite	w=c²≥0	L:Objects/Deposition:normal_law_keeps_posSemidef; L:Objects/Deposition:weighted_normal_law	formal-checked	instance-of:deposition.law
deposition.square-law-is-edgewise-normal-law	deposition, constitution	diag(Θ_e + j_e²) = diag(Θ) + Σ_e f_e f_eᴴ,  f_e = j_e·δ_e	the edge square law is the normal law summed over one single-edge feature per edge	finite edge set	L:Objects/Deposition:square_law_is_the_edgewise_normal_law	formal-checked	uses:deposition.normal-law-local
deposition.unit-stroke-squared-shares	deposition, constitution	unit source on (Θ₀,Θ₁), T = Θ₀+Θ₁: j = (Θ₀/T, Θ₁/T);  square law: Θ'_e = Θ_e + (Θ_e/T)²	a unit source splits in proportion to the conductances and one stroke deposits the squared shares	parallel pair, every solver	L:Objects/Retention:flux_unitPotential; L:Objects/Retention:observe_unit; L:Objects/Retention:step_unit_constitution	formal-checked	instance-of:deposition.law
deposition.parallel-future-agreement	deposition, compression, receiver	futureAgreement(left,right) ⇔ Θ_left = Θ_right ∨ (both symmetric)	under the square law on the parallel pair two presents share every future exactly when their constitutions are equal or both symmetric	square law, parallel pair, any solver	L:Objects/Retention:parallel_futureAgreement_iff; L:Objects/Retention:symmetric_futureAgreement	formal-checked	uses:compression.kernel
deposition.stroke-separates-equal-shares	deposition, constitution	a(a′+b′) = a′(a+b), a+b ≠ a′+b′, a ≠ b ⇒ after one unit stroke the shares (a + (a/T)²)/(T + (a/T)² + (b/T)²) and the primed share differ; with share r the new shares are (rT + r²)/(T + c), c = r² + (1−r)², and their difference carries r(T − T′)(2r − 1)(r − 1) ≠ 0	equal shares with unequal totals are separated by one unit stroke then one unit source	a,b,a',b' > 0, a ≠ b	L:Objects/Retention:stroke_separates_equal_shares	formal-checked	uses:deposition.unit-stroke-squared-shares
deposition.minimal-retention	deposition, compression, constitution	minimalRetain(Θ) = none if Θ₀ = Θ₁ else Θ;  ker(minimalRetain) = futureAgreement; StandingLaw exists; every StandingLaw retain refines it	the minimal retention of the square-law parallel pair collapses exactly the symmetric class and is the least lawful retention	square law, parallel pair	L:Objects/Retention:minimalRetain; L:Objects/Retention:minimalRetain_eq_iff_futureAgreement; L:Objects/Retention:minimalStanding_exists; L:Objects/Retention:minimalRetain_factors_through_every_standing	formal-checked	instance-of:compression.retention-quotient
deposition.minimal-retention-witness	deposition, compression	(1,1) ~ (2,2) merge; (1,2) and (2,4) do not	the minimal retention is strictly coarser than the constitution and strictly finer than nothing	witness	L:Objects/Retention:minimalRetain_witness	counterexample	instance-of:deposition.minimal-retention
deposition.solve-sees-projective-class	deposition, constitution, receiver	Solves(cΘ, φ, σ) ⇔ Solves(Θ, cφ, σ);  observe(cΘ) = observe(Θ), c > 0	on every incidence the present observation sees only the projective class of the constitution	c>0	L:Objects/Retention:observeConstitution_scale; L:Objects/Retention:solves_scale_iff	formal-checked	
deposition.projective-class-not-retention	deposition, compression	(1,2) and (2,4): projectively equal, agree on every present source, separated after one unit stroke	the projective class is not a retention under the square law, which does not commute with scaling	square law	L:Objects/Retention:projective_class_is_not_a_retention	counterexample	obstructs:deposition.solve-sees-projective-class
deposition.work	deposition, constitution	E(x; Q') − E(x; Q) = ½⟨x, (Q' − Q) x⟩	the deposition work of a storage change at fixed state	storage energy ½⟨x,Qx⟩	L:Holon/Deposition:deposition_work	formal-checked	
deposition.commit-balance	deposition, holon, constitution	E(x⁺; Q') − E(x; Q) = −h⟨ē,Rē⟩ + h⟨ē,Lē⟩ + h⟨ē,Bu⟩ + ½⟨x⁺, (Q' − Q)x⁺⟩,  ē = Q(x + x⁺)/2	one implicit-midpoint word followed by a deposit: word balance plus deposition work	Qᵀ = Q, Jᵀ = −J, over a field	L:Holon/Deposition:commit_balance; R:holonics::holon::law::ReferenceHolon::commit; R:holonics::holon::law::ReferenceHolon::prepare_commit	formal-checked	uses:deposition.work
deposition.learned-energy-balance	deposition, holon, constitution	ẋ = (J − R + L)Q(τ)x + Bu, e = Qx ⇒ dE/dτ = −⟨e,Re⟩ + ⟨e,Le⟩ + ⟨e,Bu⟩ + ½⟨x, Q̇x⟩;  ⟨x,((LQ)ᵀQ + Q LQ)x⟩ = 2⟨Qx, L Qx⟩	under learning the balance carries two terms fixed-material passivity does not see: learned power and deposition work	J skew, Q(τ) symmetric	L:Holon/Deposition:learned_energy_balance; L:Holon/Deposition:learned_rate_form	formal-checked	generalizes:holon.energy-balance
deposition.normal-law-divergence	deposition, holon	H = 1, B = diag(1,−1) ⇒ W = B, WᵀQ + QW = 2W indefinite; (3ⁿ, 0) a midpoint trajectory with energy 9ⁿ/2 = 3²ⁿ/2	learning through an indefinite normal-law block diverges by 9 per commit though the material never changes	J = R = 0, h = 1	L:Holon/Deposition:normal_law_divergence_witness	counterexample	obstructs:holon.committed-energy-bound
deposition.passive-projection	deposition, constitution	projectPassive(L) = skew(L) + U diag(min(λ,0)) Uᵀ of sym L: ⟨e, L'e⟩ ≤ 0, fixes passive L, restores E_n ≤ ∏(1+ε_k)E₀	clipping the positive eigenvalues of the symmetric part makes each learned update passive	real spectral theorem	L:Holon/Deposition:projectPassive; L:Holon/Deposition:projectPassive_passive; L:Holon/Deposition:projectPassive_of_passive; L:Holon/Deposition:projected_committed_energy_bound; L:Holon/Deposition:clipNeg; R:holonics::holon::deposition::PassiveProjection	formal-checked	uses:holon.committed-energy-bound
deposition.certified-congruence-clip	deposition, constitution	Pᵀ(sym L)P = diag d, P P⁻¹ = 1 ⇒ clip = P⁻ᵀ diag(min(d,0)) P⁻¹ ⪯ 0; d_i = ⟨Pδ_i, S Pδ_i⟩; fixes S ⪯ 0	an exact rational certified passive projection via congruence, restoring the committed-energy bound without eigenvalues	char 0 field	L:Holon/Deposition:congruenceClip_eq; L:Holon/Deposition:congruenceClip_nonpos; L:Holon/Deposition:congruence_diag; L:Holon/Deposition:projectPassiveCongruence_passive; L:Holon/Deposition:certified_committed_energy_bound	formal-checked	uses:deposition.passive-projection
deposition.congruence-not-eigen-clip	deposition	S = [[1,1],[1,0]], P = [[1,−1],[0,1]], PᵀSP = diag(1,−1): congruence clip diag(0,−1), removed [[1,1],[1,1]] does not commute with S; eigen-clip commutes	the certified clip and the eigen-clip are different negative semidefinite matrices	witness	L:Holon/Deposition:congruence_vs_eigen_witness; L:Holon/Deposition:clipNeg_commute	counterexample	instance-of:deposition.certified-congruence-clip
deposition.cartographic-fibre	constitution, receiver, deposition	Λ_Θ = L_BB − L_BI L_II⁻¹ L_IB;  star (1, 2, 3) and triangle (1/3, 1, 1/2): Λ = [[5/6, −1/3, −1/2], [−1/3, 4/3, −1], [−1/2, −1, 3/2]] for both	a boundary receiver locates a medium only up to its response's fibre; cartography inverts the elimination of the interior	finite resistor network; boundary readings only	N:2026-10-09_CARTOGRAPHY_INVERTS_AN_ELIMINATED_INTERIOR_AND_A_FLOCK_ALIGNS_THROUGH_ITS_CONTACTS_AT_ITS_SPECTRAL_GAP.md	proved-standard	uses:deposition.solve-is-laplacian, uses:junction.pivot-series, uses:compression.kernel-greatest-invariant
deposition.clamped-query-affine	constitution, receiver	L = Σ_(i<j) c_ij (e_i − e_j)(e_i − e_j)ᵀ ⇒ rᵀLφ = Σ_(i<j) c_ij (r_i − r_j)(φ_i − φ_j)	with interior access each clamped query is one affine constraint on the conductances	undirected weighted graph	N:2026-10-09_CARTOGRAPHY_INVERTS_AN_ELIMINATED_INTERIOR_AND_A_FLOCK_ALIGNS_THROUGH_ITS_CONTACTS_AT_ITS_SPECTRAL_GAP.md	proved-standard	uses:deposition.solve-is-laplacian
ratio.finite-order	ratio	sign(n₁/d₁ − n₂/d₂) = sign(n₁d₂ − n₂d₁) · sign(d₁d₂)	finite rational order reads the integer pairs without recursive continued-fraction comparison	integer pairs, d₁ ≠ 0, d₂ ≠ 0; equal numerators or denominators require no products	R:holonics::ratio::compare; R:holonics::ratio::algebraic::ExactInterval; R:holonics::ratio::Presentation	proved-standard	
ratio.jacobi-formula	ratio	d det M = det M · tr(M⁻¹ M');  d/ds det(1+sA)|₀ = tr A	the log derivative of a block ratio's determinant is the trace of its Maurer–Cartan form R⁻¹dR	entrywise-differentiable complex matrix curve, M(t) invertible	L:Objects/RatioBlock:hasDerivAt_det_curve; L:Objects/RatioBlock:logDerivative_det_line; L:Objects/RatioBlock:detDeriv_eq; L:Objects/RatioBlock:hasDerivAt_det_line_one	formal-checked	uses:ratio.log-derivative
ratio.det-exp-trace	ratio	det(exp A) = exp(tr A)	the determinant face of a matrix exponential is the exponential of its trace (Jacobi along t ↦ exp(tA))	complex square matrices	L:Objects/RatioBlock:det_exp	formal-checked	uses:ratio.jacobi-formula
ratio.trace-log-in-det-fibre	ratio, navigator	exp L = A_H⁻¹A_T, A_H invertible ⇒ tr L ∈ logFibre(det A_T : det A_H);  tr L = ℓ + 2πik for every ℓ in that fibre	tr log R = log det R modulo whole turns; the determinant face cannot choose the branch	declared matrix log	L:Objects/RatioBlock:trace_log_mem_logFibre; L:Objects/RatioBlock:trace_log_eq_log_det_mod	formal-checked	uses:ratio.log-branch
ratio.trace-log-carries-winding	ratio	exp 0 = exp diag(2πi, 0) = 1, tr differ by 2πi	two declared logs of R = 1 differ by one turn: the declared log carries the winding the determinant face forgets	2×2 witness	L:Objects/RatioBlock:trace_log_carries_the_winding	counterexample	obstructs:ratio.trace-log-in-det-fibre
ratio.schwarzian	ratio, swing	S(f) = (f''/f')' − ½(f''/f')² = f'''/f' − (3/2)(f''/f')²	the Schwarzian is the second-order projective invariant of a ratio, read from a declared 3-jet	open set, f' ≠ 0	L:Objects/RatioBlock:schwarzian_eq_of_jet; L:Objects/RatioBlock:preSchwarzian	formal-checked	
ratio.schwarzian-mobius-invariant	ratio, swing	S(M∘f) = S(f), M(w) = (aw+b)/(cw+d), ad−bc ≠ 0;  S(M) = 0	post-composition by a Möbius transport is invisible to the Schwarzian, which vanishes on Möbius maps	cf+d ≠ 0 on U	L:Objects/RatioBlock:schwarzian_mobius_comp; L:Objects/RatioBlock:schwarzian_mobius	formal-checked	uses:ratio.schwarzian
ratio.schwarzian-witnesses	ratio	S(exp) = −1/2;  S(w²) = −3/(2w²) ≠ 0	exp and the square are not projective transports	w ≠ 0	L:Objects/RatioBlock:schwarzian_exp; L:Objects/RatioBlock:schwarzian_sq	formal-checked	instance-of:ratio.schwarzian
ratio.bracket-mobius	ratio, swing	[p,q] = p_num q_den − q_num p_den;  swingPair(Mp₁..Mp₄) = (ad−bc)²·swingPair(p₁..p₄)	a Möbius block transport scales the undivided swing pair by (ad−bc)²; no division is performed	undivided pairs over a field	L:Objects/RatioBlock:projectiveSwing_mobius; L:Objects/RatioBlock:bracket; L:Objects/RatioBlock:projectiveSwing	formal-checked	uses:frame.cross-ratio-undivided
ratio.cross-ratio-mobius-invariant	ratio, swing	crossRatio(Ma, Mb, Mc, Md) = crossRatio(a,b,c,d)	the scalar cross ratio is invariant under the whole projective group	ad−bc ≠ 0, no poles, c≠b, d≠a	L:Objects/RatioBlock:crossRatio_mobius; L:Objects/RatioBlock:mobius_eq_blockTransport_chart	formal-checked	uses:ratio.bracket-mobius
ratio.logit-covector	ratio, receiver	∂/∂s_j(−log p_t) = p_j − [t=j];  ∂/∂s_j H(T, face s) = p_j − T_j;  Σ_j (p_j − T_j) = 0	the cross-entropy logit gradient is produced minus target and carries no total (gauge) current	p = softmax(s), positive target section	L:Objects/Ratio:hasDerivAt_targetSurprisal_coordinate; L:Objects/Ratio:hasDerivAt_crossEntropy_coordinate; L:Objects/Ratio:sum_logitCovector	formal-checked	face-of:ratio.loss-is-log-ratio, equiv:learn.logit-covector
ratio.surprisal-partition	ratio, receiver	−log p_t = log Z(s) − s_t;  section-line derivative E_p[d] − d_t	surprisal is the partition logarithm minus the target potential	normalized exponential receiver	L:Objects/Ratio:targetSurprisal_eq; L:Objects/Ratio:hasDerivAt_targetSurprisal_sectionLine	formal-checked	
ratio.logit-covector-witness	ratio	s = 0 over Bool, target true: covector (1/2, −1/2)	the uniform binary receiver returns a nonzero real covector	witness	L:Objects/Ratio:logitCovector_witness; L:Objects/Ratio:face_zero_bool	formal-checked	instance-of:ratio.logit-covector
ratio.lifted-log-amplitude	ratio, parametron	z_i = √q_i e^{iθ_i},  log̃ z_i = ½ log q_i + iθ_i,  exp(log̃ z_i) = z_i ≠ 0	the lift is carried as data, a genuine logarithm of the amplitude, not Complex.log	positive section	L:Objects/Ratio:exp_liftedLog; L:Objects/Ratio:liftedLog_eq; L:Objects/Ratio:amplitude_ne_zero	formal-checked	uses:ratio.log-branch
ratio.lifted-cross-entropy-excess	ratio, receipt	H̃(T,H;θ_H) − H̃(T,T;θ_T) = (2/ln 2) Σ_i T_i ℓ_i,  ℓ_i = log̃(z^T_i / z^H_i);  Re = KL(T‖H)/ln 2	the lifted cross-entropy excess is the target expectation of the log Holon ratio	positive sections, phase lifts	L:Objects/Ratio:liftedCrossEntropy_excess_eq_logRatio; L:Objects/Ratio:liftedCrossEntropy_eq_liftedLog; L:Objects/Ratio:exp_logRatio	formal-checked	face-of:ratio.loss-is-log-ratio
ratio.fisher-sphere	ratio, receiver	|z_i| = ψ(p)_i = √p_i;  Σ_i ψ_i² = 1;  dψ_p(u)_i = u_i/(2√p_i) = d/ds √(p_i + s u_i) at s = 0;  Σ_i u_i v_i/p_i = 4⟨dψ_p(u), dψ_p(v)⟩;  ⟨ψ, dψ_p(u)⟩ = (Σ_i u_i)/2, zero on simplex tangents	the amplitude's magnitude section puts a positive finite face on the unit sphere, and Fisher's form is four times the sphere's inner product pulled back through it; the Fisher reading keeps no phase or winding, which the lifted log ratio carries	finite index; p a strictly positive normalized section; u, v arbitrary tangents	L:Objects/Ratio:fisher_sqrt_pullback; L:Objects/Ratio:sqrtChart_sphere; L:Objects/Ratio:norm_amplitude; L:Objects/Ratio:sqrtChartDifferential; N:2026-09-27_PROBABILITY_IS_A_RECEIVER_GEOMETRY_BAYES_IS_THE_RATIOS_TRANSLATION_AND_THE_EGGS_PERIOD_IS_HYPERGEOMETRIC.md	formal-checked	uses:ratio.lifted-log-amplitude
ratio.winding-shift-phase-face	ratio, aeon	θ_i ↦ θ_i + 2πk_i: Re H̃ unchanged, Im H̃ moves by −(4π/ln 2) Σ p_i k_i	a whole-turn shift moves only the phase face of the lifted cross-entropy	k_i ∈ ℤ	L:Objects/Ratio:liftedCrossEntropy_windShift_re; L:Objects/Ratio:liftedCrossEntropy_windShift_im	formal-checked	uses:ratio.log-branch
ratio.amplitude-loses-winding	ratio, aeon	z(θ) = z(θ') ⇔ ∃k∈ℤ, θ' = θ + 2πk;  Log z = log̃ z ⇔ θ ∈ (−π, π]	the amplitude forgets exactly the winding; the principal log recovers the lift only in the principal window	positive q	L:Objects/Ratio:amplitude_eq_iff_winding; L:Objects/Ratio:principalLog_amplitude_iff; L:Objects/Ratio:amplitude_windShift	formal-checked	uses:ratio.log-branch
ratio.winding-separates-cross-entropy	ratio	uniform binary section: lifts 0 and 0+2π have equal amplitudes, lifted cross-entropies differ by −4π/ln 2	equal amplitudes and principal logs can carry different lifted cross-entropy: the winding is information	witness	L:Objects/Ratio:winding_separates_liftedCrossEntropy; L:Objects/Ratio:liftedCrossEntropy_windShift_im	counterexample	obstructs:ratio.amplitude-loses-winding
ratio.log-branch	ratio, aeon	ℓ = log R ∈ logFibre(num : den);  (a≠0 : 0) ↦ ∅;  (0 : 0) ↦ everything;  den unit ⇒ 2πiℤ-torsor: ℓ' ∈ fibre ⇔ ℓ' = ℓ + 2πin, exp ℓ = num·den⁻¹	the log of a ratio is a lift fibre whose winding is the branch; it is refused on a zero denominator and a torsor on the unit chart	undivided complex pair	L:Objects/Ratio:logFibre_torsor; L:Objects/Ratio:logFibre_eq_empty_of_den_eq_zero; L:Objects/Ratio:logFibre_zero_zero; L:Objects/Ratio:exp_eq_fractionalChart; L:Objects/Ratio:logFibre_nonempty; D:docs/ELEMENTARY_OBJECTS.md#9-ratio	formal-checked	
ratio.log-fibre-projective-additive	ratio	logFibre(u·r) = logFibre(r) (u≠0);  ℓ₁ ∈ fib(a:b), ℓ₂ ∈ fib(b:c) ⇒ ℓ₁+ℓ₂ ∈ fib(a:c)	the log fibre is projective and log ratios add along composed comparisons	u ≠ 0	L:Objects/Ratio:logFibre_scale; L:Objects/Ratio:logFibre_comp	formal-checked	uses:ratio.log-branch
ratio.undivided-retains-refused	ratio	(1:0) ≠ (2:0), both log fibres ∅	the undivided pair retains what the log chart refuses	witness	L:Objects/Ratio:undividedPair_retains_refused; L:Objects/Ratio:holonRatio	counterexample	uses:ratio.log-branch
ratio.log-derivative	ratio, navigator	exp∘L = R ⇒ L' = R⁻¹R'	the derivative of any lift is the logarithmic derivative; the first order does not depend on the winding branch	differentiable lift	L:Objects/Ratio:lift_deriv_eq_logDeriv	formal-checked	uses:ratio.log-branch
ratio.loss-is-log-ratio	ratio, receiver, navigator	ℓ_i ∈ logFibre(z^T_i : z^H_i);  along logit j: R_i⁻¹∂_jR_i = (p_j − [i=j])/2;  ∂_j Re(2/ln2 Σ T_i ℓ_i) = (H_j − T_j)/ln 2 = (2/ln 2) Σ_i T_i Re(R_i⁻¹∂_jR_i)	loss is the log of the Holon ratio Ĝ_(T←H), and its logit covector is the target expectation of the ratio's logarithmic derivative	H = face s; logits do not move the lifts (phase face of R⁻¹dR zero)	L:Objects/Ratio:lossCovector_eq_expected_logDerivative; L:Objects/Ratio:ratio_logDerivative_logit; L:Objects/Ratio:logRatio_mem_logFibre; L:Objects/Ratio:hasDerivAt_logRatio_logit	formal-checked	uses:ratio.log-derivative
ratio.maurer-cartan-pure-gauge	ratio, navigator	g⁻¹∂g = gaugeTransform(g⁻¹)(0) = −(∂g⁻¹) g	R⁻¹dR is the pure-gauge term of the inverse gauge acting on the zero connection	gauge over a normed algebra	L:Objects/Ratio:logDerivative_eq_pureGauge; L:Objects/Ratio:logDerivative_eq_neg_differential_inverse	formal-checked	uses:ratio.log-derivative
ratio.log-derivative-product	ratio, navigator	(g₁g₂)⁻¹∂(g₁g₂) = g₂⁻¹(g₁⁻¹∂g₁)g₂ + g₂⁻¹∂g₂	the log derivative of a product is the gauge transform of the first factor's log derivative	gauges	L:Objects/Ratio:logDerivative_mul_eq_gaugeTransform	formal-checked	uses:ratio.maurer-cartan-pure-gauge
ratio.log-derivative-not-additive	ratio	R = rotor·j (quaternions): R⁻¹∂R = −i ≠ i = (rotor⁻¹∂rotor) + (j⁻¹∂j)	in a noncommutative carrier the product split is a conjugation, not a sum	quaternion witness	L:Objects/Ratio:logDerivative_mul_ne_sum; L:Objects/Ratio:logDerivative_rotor	counterexample	obstructs:ratio.log-derivative-product
ratio.jet	ratio, aeon	logJet(L,k) = L^(k);  L' = R'/R,  L'' = R''/R − (R'/R)²;  orders ≥ 1 winding-blind	the jet of the log ratio: order 0 carries the branch, orders 1, 2, 3 are velocity, acceleration, jerk (names of orders only)	C² lift	L:Objects/Ratio:logJet_two; L:Objects/Ratio:logJet	formal-checked	uses:ratio.log-derivative
ratio.quadratic-jet-lattice	ratio, epoch	R = e^{at + bt²/2}: jet (a+bt, b, 0);  sampled on ℕ: Δ²ℓ = b, Δ³ℓ = 0	the continuous jet and the tick-lattice differences read the same acceleration and jerk	a, b ∈ ℚ for the lattice	L:Objects/Ratio:quadraticLog_jet; L:Objects/Ratio:quadraticLog_chain; L:Objects/Ratio:sampledQuadraticLog_differences; L:Objects/Ratio:jet_continuous_matches_lattice	formal-checked	uses:jet.staircase-difference
ratio.log-partition-derivative	ratio, receiver	d log Z(s) = E_H[ds];  d log H_i = ds_i − E_H[ds];  dH_i = H_i(ds_i − E_H[ds])	the log partition moves by the produced expectation of the logit velocity	H = face s, differentiable logits	L:Objects/RatioPhase:hasDerivAt_log_partition; L:Objects/RatioPhase:hasDerivAt_log_mass; L:Objects/RatioPhase:hasDerivAt_face_mass_curve	formal-checked	
ratio.full-covector	ratio, receiver, navigator	R_i⁻¹dR_i = (E_H[ds] − ds_i)/2 − i·dφ_i;  d(excess) = (2/ln 2) Σ_i T_i R_i⁻¹dR_i	when the produced Holon moves in logits and phase lifts, the excess moves by the target expectation of the full R⁻¹dR	R_i = z^T_i/z^H_i, H = face s, lifts φ	L:Objects/RatioPhase:ratio_logDerivative_curve; L:Objects/RatioPhase:hasDerivAt_logRatio_curve; L:Objects/RatioPhase:hasDerivAt_excess_curve; L:Objects/RatioPhase:ratioCovector	formal-checked	generalizes:ratio.loss-is-log-ratio
ratio.excess-covector-faces	ratio, receipt	Re: (E_H[ds] − E_T[ds])/ln 2;  Im: −(2/ln 2) Σ_i T_i dφ_i	the code-length face of the covector is the logit covector H−T; its phase face is the signed phase reading	positive sections	L:Objects/RatioPhase:excessCovector_re; L:Objects/RatioPhase:excessCovector_im	formal-checked	face-of:ratio.full-covector
ratio.phase-covector-witness	ratio	uniform binary, logits fixed, produced lift of true at unit rate: d(excess) = −i/ln 2 (Re 0, Im −1/ln 2)	the phase covector moves where the logit covector does not	witness	L:Objects/RatioPhase:phase_covector_witness	formal-checked	instance-of:ratio.excess-covector-faces
ratio.phase-alignment-descent	ratio, deposition	cost ½ Σ_c q_c Δ_c², Δ_c = φ^T_c − Im s^H_c/2;  ∂/∂(Im s^H_c) = −½ q_c Δ_c; zero ⇔ Δ_c = 0, sign reverses with the gap	learning descends the phase by alignment on the squared gap, weighted by the target	q_c>0; ruling of September 22	L:Objects/RatioPhase:hasDerivAt_alignCost; L:Objects/RatioPhase:alignCost_gradient_sign; L:Objects/RatioPhase:phaseGap	formal-checked	uses:ratio.log-branch
ratio.phase-gap-winding-cancels	ratio, aeon	Δ(φ^T + 2πn, Im s^H + 2·2πn) = Δ(φ^T, Im s^H)	a common ring winding cancels from the phase gap	same ring, same phase	L:Objects/RatioPhase:phaseGap_winding	formal-checked	uses:ratio.phase-alignment-descent
ratio.signed-reading-not-descent	ratio	Δ_c = 0 ⇒ alignment gradient 0, signed reading −(2/ln 2)T_c ≠ 0	the signed phase covector is a reading of the excess, not the descent law (a signed push produced a −17,534-bit excess)	T_c>0	L:Objects/RatioPhase:signed_reading_is_not_alignment; D:docs/ELEMENTARY_OBJECTS.md#9-ratio	counterexample	obstructs:ratio.excess-covector-faces
ratio.moving-weight-reads-branch	ratio, aeon	d(Σ q_i φ_i) = Σ dq_i φ_i + Σ q_i dφ_i;  Σ dq_i(φ_i + 2πk_i) = Σ dq_i φ_i + 2π Σ dq_i k_i;  binary witness dq = (1/4, −1/4), one turn moves it by π/2	a phase mean weighted by a moving section reads the lift itself; a fixed-target-weighted covector is branch-free	differentiable weights and lifts	L:Objects/RatioPhase:hasDerivAt_phaseMean_moving; L:Objects/RatioPhase:movingWeight_term_windShift; L:Objects/RatioPhase:movingWeight_term_sees_the_winding	formal-checked	uses:ratio.log-branch
ratio.continuous-lift	ratio, aeon, navigator	R: [a,b] → ℂ∖0 continuous ⇒ ∃ L continuous, exp∘L = R;  two lifts differ by one constant 2πin;  L' = R⁻¹R' where R is differentiable	continuous lifts of a nonvanishing ratio exist, are unique up to whole turns, and carry the log derivative	interval domain (simply connected); interior points	L:Objects/RatioPhase:exists_continuous_lift; L:Objects/RatioPhase:continuous_lift_unique; L:Objects/RatioPhase:continuous_lift_hasDerivAt; L:Objects/RatioPhase:continuous_lift_deriv_agrees	formal-checked	uses:ratio.log-derivative
ratio.circle-lift-winding	ratio, aeon, cycle	R(t) = e^{it} on [0, 2π]: every continuous lift is it + 2πin; end-to-end change 2πi while Log is equal at both ends	the continuous lift returns the winding the principal logarithm cannot	witness	L:Objects/RatioPhase:circle_lift_winding	formal-checked	instance-of:ratio.continuous-lift
ratio.exp-kernel	ratio, aeon	exp x = 1 ⇔ ∃n∈ℤ, x = 2πi n	the complex exponential forgets exactly the integer full turns	x ∈ ℂ	L:Objects/Ratio/ExponentialKernel:exp_eq_one_iff_integer_period	formal-checked	uses:ratio.log-branch
ratio.gauge-transform	ratio, navigator, complex	A^g_i = g A_i g⁻¹ + g ∂_i g⁻¹;  ∂_i g⁻¹ = −g⁻¹(∂_i g)g⁻¹	the gauge transform of a connection and the differentiated unit law used by ratio jets	C² unit-valued gauge in a normed algebra	L:Objects/Ratio/GaugeCalculus:gaugeTransform; L:Objects/Ratio/GaugeCalculus:differential_ginv; L:Objects/Ratio/GaugeCalculus:differential_gaugeTransform	formal-checked	uses:ratio.maurer-cartan-pure-gauge
ratio.inversion-fibre	ratio, compression	lift(T, target) = {s | T s = target}: nonempty ⇔ target ∈ range T;  additive: fibre = s₀ + ker T; unique ⇔ ker T = 0	division of a transported object is the exact lifting problem, returning its complete fibre; the inversion keeps its nonunit fibre	additive transport for the kernel form	L:Foundation/TransportLift:TransportLift; L:Foundation/TransportLift:nonempty_iff_mem_range; L:Foundation/TransportLift:fibreEquivKernel; L:Foundation/TransportLift:difference_mem_kernel; L:Foundation/TransportLift:subsingleton_of_kernel_eq_bot; D:docs/ELEMENTARY_OBJECTS.md#9-ratio	formal-checked	
ratio.lattice-index-receipt	ratio, compression	integer-linear T: kernel, image, cokernel, lift fibres; fibre nonempty ⇔ cokernel class = 0;  t saturated by image (∃n≠0, n t ∈ image) ⇔ cokernel class torsion	a lattice transport returns kernel, image, cokernel, index and torsion; there is no lattice divisor	integer lattices	L:Foundation/LatticeTransport:nonempty_preimageFibre_iff_cokernelClass_eq_zero; L:Foundation/LatticeTransport:saturated_iff_cokernelClass_has_torsionWitness; L:Foundation/LatticeTransport:LatticeIndexReceipt	formal-checked	uses:compression.cokernel
ratio.div-rem	ratio, aeon	x = n·⌊x/n⌋ + (x mod n);  value(digits n x) = x;  winding(x+c) = winding x + winding(phase x + c)	division with remainder keeps divisor, quotient (winding) and remainder (phase); modulo is the residue face and winding/carry the lift	n > 0	L:Geometry/PhaseCarry:value_digits; L:Geometry/PhaseCarry:winding_add_right; L:Geometry/PhaseCarry:phase; D:docs/ELEMENTARY_OBJECTS.md#9-ratio; R:holonics::geometry::winding::phase	formal-checked	uses:winding.carry-cocycle
ratio.comma-placement-gauge	ratio, cycle	κ = log(3¹² : 2¹⁹):  12 · (κ/12)² = κ²/12 (spread over twelve fifths) against κ² (one wolf fifth);  ratio 12	the comma spread evenly has one twelfth the quadratic gauge of the comma placed in one wolf fifth: a temperament's smoothness is where its residual is placed	any base of the logarithm	N:2026-10-09_THE_SMOOTHNESS_OF_AN_INTEGRATING_ARC_IS_THE_SERIES_OF_ITS_TURNS_AND_A_COMPARISON_IS_NEVER_AN_ERROR.md	proved-derived	uses:ratio.comma-never-closes, uses:motion.turn-spread-gauge
receipt.commit-rebase-step	receipt, deposition	‖F(c)−F(x̂)‖ ≤ K·ρ  when ‖x̂−c‖ ≤ ρ and F is K-Lipschitz	a step read from a published centre differs from the exact step by at most the Lipschitz constant times the recorded residual	normed carriers, K≥0	L:Objects/CommitRebase:rebase_step_residual	formal-checked	
receipt.commit-rebase-dyadic-witness	receipt	x̂=1/3, c=5/16=5/2⁴, ρ=1/48=1/(2⁴·3), F=2x: ‖F c−F x̂‖ = 2·(1/48) exactly	the one-step rebase bound is attained by a dyadic centre	witness	L:Objects/CommitRebase:dyadic_rebase_witness	formal-checked	uses:receipt.commit-rebase-step
receipt.commit-chain-residual	receipt, tube	‖x_n−y_n‖ ≤ Σ_(i<n) K^(n−1−i) r_i  for x_(i+1)=F_i x_i, y₀=x₀, ‖F_i y_i−y_(i+1)‖ ≤ r_i	n successive commits stay within the telephone-chain budget of the exact trajectory	every F_i K-Lipschitz, K≥0, r_i≥0	L:Objects/CommitRebase:commit_chain_residual; L:Objects/CommitRebase:expansion_const; L:Transport/AccumulatedReceiverDefect:distance_le_budget	formal-checked	uses:receipt.commit-rebase-step
receipt.propagated-radius-equals-ledger	receipt	R₀=0, R_(i+1)=K R_i+r_i  ⇒  R_n = Σ_(i<n) r_i K^(n−1−i)	radius propagation and the rebase ledger carry the same number; they differ only in whether later reads consume it	K, r_i real	L:Objects/CommitRebase:propagatedRadius_eq	formal-checked	equiv:receipt.commit-chain-residual
receipt.boundary-source-star-face	receipt, coholon, deposition	σ_b = ⟨j, d δ_b⟩	the source at a node is the flux face on that node's star (Stokes on the star)	solved φ	L:Objects/Membrane:boundary_source_is_star_face	formal-checked	instance-of:holon.stokes
receipt.recentre-containment	receipt	‖x − c‖ ≤ r ∧ ‖c − c'‖ ≤ r' − r ⇒ ‖x − c'‖ ≤ r';  x_(k+1) = L_k x_k, ‖L_k‖ ≤ K_k, ‖L_k c_k − c_(k+1)‖ ≤ r_(k+1) − K_k r_k ⇒ x_k ∈ B(c_k, r_k)∀k	re-centring keeps an exact state contained, and containment propagates along device steps	normed space	L:Holon/Cayley:recentre_contains; L:Holon/Cayley:device_containment	formal-checked	uses:receipt.commit-chain-residual
receipt.device-solve-radius	receipt, holon	‖y − y₀‖ ≤ r_p + r_c(F_A X + F_c) + ‖ρ‖;  adjoint u = (I − ½K)^(−†)g: ‖u − u₀‖ ≤ r_g + ½ r_c F_A ‖g‖, drive covector 2u − g	radius composition of the device Cayley solve and its adjoint from input, parameter and residual radii	K_s passive, A_r skew, Σ‖A_r‖ ≤ F_A, ‖x̄‖ ≤ X, ‖W‖ ≤ F_c, sup norm on c	L:Holon/Cayley:device_radius; L:Holon/Cayley:adjoint_radius; L:Holon/Cayley:driveCovector	formal-checked	uses:holon.passive-cayley-contraction
receipt.ball-image	receipt	‖x − c‖ ≤ r, ‖L‖ ≤ K ⇒ ‖Lx − Lc‖ ≤ K r	an exact value in B(c,r) maps into B(Lc, Kr) under a bounded linear step	bounded linear L	L:Holon/Element:ball_image; L:Transport/AffineJointBall:affine_forward_deviation	formal-checked	
receipt.passive-coholon	receipt, receiver, coholon	passive coholon {(0, e)} is Dirac; power 0; reading g(e) linear; any r(e) (linear or not) draws zero power and depends on e alone	the passive coholon is the zero-storage zero-power receiver: it reads an effort without drawing power	ports τ	L:Holon/Law:passiveCoholon_isDirac; L:Holon/Law:passive_reading; L:Holon/Law:coholon_reading_power; L:Holon/Law:passiveCoholon; R:holonics::holon::law::PassiveReading	formal-checked	specializes:receipt.reception
receipt.active-receiver-law	receipt, receiver, contact	i = G(e_H − e_R): P_(H→R) + P_(R→H) = −⟨Δ, GΔ⟩, Δ = e_H − e_R, ⟨Δ,GΔ⟩ ≥ 0	an active receiver joined through an interface conductance dissipates the interface power; both participants change	G ⪰ 0	L:Holon/Law:active_receiver_law; R:holonics::holon::law::ActiveReceiverReading	formal-checked	instance-of:receipt.reception
receipt.exterior-drive-balance	receipt, receiver	⟨e_in, 0⟩ + ⟨e_D, −y⟩ + ⟨e_D, y⟩ = 0	a receiver reading at zero flow and injecting y against the drive effort stores nothing; the Holon receives ⟨e_D, y⟩		L:Holon/Law:exterior_drive_balance	formal-checked	
receipt.learned-receiver-balance	receipt, receiver, deposition	⟨L f, −f⟩ + ⟨f, L f⟩ = 0	a learned relation e_A = L f_A delivers its declared power and its own balance closes		L:Holon/Law:learned_receiver_balance	formal-checked	
receipt.softmax-jacobian-power	receipt, receiver, ratio	J_p = diag p − p pᵀ = J_pᵀ;  ⟨g, J_p d⟩ = ⟨J_p g, d⟩;  Σp = 1 ⇒ J_p·1 = 0	the normalized face's Jacobian is symmetric, so its covector return preserves power; a uniform potential shift does not move the face	p on the simplex	L:Holon/Law:softmaxJacobian_transpose; L:Holon/Law:softmax_pullback_power; L:Holon/Law:softmaxJacobian_mulVec_one; L:Holon/Law:softmaxJacobian	formal-checked	uses:holon.pullback-law
receipt.quadratic-receiver-is-moment-contraction	receipt, receiver, compression	contract(W, Σ_s w_s c_s c_sᵀ) = Σ_s w_s ⟨c_s, W c_s⟩	every finite quadratic receiver is exactly a contraction of the second-moment field: the support need not be enumerated	finite support, bilinear receiver W	L:Holon/QuadraticMoment:contract_quadraticMoment_eq_enumerateQuadraticReceiver; L:Holon/QuadraticMoment:quadraticMoment	formal-checked	uses:holon.quadratic-moment-storage
receipt.receiver-transformer	receipt, receiver, compression	∃ T, ρ₂ = T ∘ ρ₁ ⇔ ρ₁x = ρ₁y ⇒ ρ₂x = ρ₂y (the ρ₁ preimage fibre is ρ₂-constant)	one receiver transforms into another exactly through its retained fibre; otherwise a ReceiverInsufficiency pair exists	any receivers	L:Foundation/Receiver:receiverTransformer_exists_iff; L:Foundation/Receiver:ReceiverInsufficiency; L:Foundation/Receiver:ReceiverTransformer.excludesInsufficiency	formal-checked	
receipt.shared-junction-fibre	receipt, receiver, contact	fibre(ρ₁ ∧ ρ₂) = fibre(ρ₁) ∩ fibre(ρ₂);  removing a constraint only enlarges it; a continuation seen only by the second constraint is a separator	the shared-junction fibre is the intersection of the constraint fibres	any receivers	L:Foundation/Receiver:theSharedJunctionFibreIsTheIntersection; L:Foundation/Receiver:removingTheSecondConstraintCanOnlyEnlargeTheFibre; L:Foundation/Receiver:aContinuationSeenOnlyByTheSecondConstraintIsASeparator	formal-checked	
receipt.standing-law	receipt, compression, receiver	StandingLaw: reopen(ρ, w, retain x) = observe(ρ, T_w x) ∀ρ,w,x;  retain x = retain y ⇒ futureAgreement(x,y);  a separating future refutes a standing	a retention is lawful exactly by the one obligation that every admitted future observation factors through it; the history need not be recoverable	declared receivers, finite ordered histories	L:Foundation/Standing/Law:StandingLaw; L:Foundation/Standing/Law:futureAgreement_of_retain_eq; L:Foundation/Standing/Law:separating_future_refutes_the_standing	definition	
receipt.retention-contract	receipt, receiver, compression, deposition	each collapse C: retain_C is a StandingLaw for its admitted future (every admitted action word and deposit), certified through its own carrier: the HNN structural collapse (the diamond on the field’s sparsity), species collapse (each key’s exact signature), the receiving tree (chains stored where paths part);  C reopens for a wider future ⇔ what it retained rebuilds every member that future separates	every collapse is the standing law’s instance, certified through its own carrier and keeping its own recoverability condition (the structural collapse cannot be reopened; species collapse and the tree’s chains split); no dense global representation is forced	the admitted future declared at an aeon boundary	D:docs/ELEMENTARY_OBJECTS.md#the-retention-contract; L:HNN/Retention:fieldStanding; L:Compression/Landmark/Context/Evolution:species_collapse_standing; L:Compression/Landmark/Context/Compaction:compacted_is_the_full_tree; R:holonics::hnn::retention::collapse; R:holonics::receiver::population::Population::collapse	definition	uses:receipt.standing-law, uses:hnn.field-standing, uses:receiver.species-collapse-standing, uses:hnn.landmark-compacted-storage
receipt.memory-is-generated	receipt, navigator, compression	m_t = D_t(S_t, c_t) at the present time;  one standing, two contexts → two faces;  faithful at ρ ⇔ ρ factors through the standing	a remembered face is generated now from the retained constitution and context, not retrieved; fidelity holds exactly at receivers the retention kept	MemoryLaw	L:Foundation/Standing:MemoryLaw; L:Foundation/Standing:the_remembered_face_is_a_new_occurrence; L:Foundation/Standing:faithfulAt_iff_receiver_factors_through_standing; L:Foundation/Standing:one_standing_two_contexts_two_faces	formal-checked	uses:compression.retention-quotient
receipt.unretained-reconstructed-wrongly	receipt, compression	song: melody retained, timbre not; the total reconstruction returns a definite timbre that is exactly wrong, with ReceiverInsufficiency beside it	a reconstruction cannot confabulate without origin but can be confidently wrong at a receiver the retention did not keep	witness	L:Foundation/Standing:the_unretained_receiver_is_reconstructed_confidently_and_wrongly	counterexample	obstructs:receipt.memory-is-generated
receipt.aperture-chain	receipt, receiver, tower	ρ_t(M) changes each step while M is fixed; compatible fibre antitone; never a singleton at finite t; ⋂ = {M} only for a separating chain; one unread coordinate never reaches a singleton	a receiver that keeps changing after its source stops narrows the fibre without ever closing it	aperture refinement chain	L:Foundation/Standing:compatibleFibre_antitone; L:Foundation/Standing:the_fibre_is_never_a_singleton_and_a_later_step_separates; L:Foundation/Standing:the_chain_separates; L:Foundation/Standing:a_non_separating_chain_never_reaches_a_singleton	formal-checked	
receipt.extinction-is-release	receipt, receiver, navigator	Extinct(x; R, G, ε) := ∀ρ∈R, ∀w∈G*, |ρ(T_w x) − ρ(T_w 0)| ≤ ε ⇔ Releasable on {T_w x, T_w 0}	effective extinction is release of the two-point family; it is monotone in tolerance, receivers and navigators	finite receiver family	L:Foundation/Standing:Extinct; L:Foundation/Standing:extinct_iff_release_width_inside_tolerance; L:Foundation/Standing:extinct_mono_tolerance; L:Foundation/Standing:extinct_mono_receivers; L:Foundation/Standing:extinct_mono_generators	formal-checked	uses:receipt.width
receipt.extinction-contraction-certificate	receipt, receiver, navigator	chart C with A[i][j] = 0 (i ∈ C, j ∉ C) and Σ_(j∈C) |A[i][j]| ≤ λ ≤ 1 for every navigator, readings supported on C, γ = max_i Σ_(j∈C) |R[i][j]|:  |ρ(T_w x) − ρ(T_w z)|_∞ ≤ γ λ^|w| ‖(x − z)_C‖_∞ ≤ γ ‖(x − z)_C‖_∞ ∀w;  γ ‖(x − z)_C‖_∞ ≤ ε ⇒ Extinct at ε	extinction quantifies over every word, so an enumeration only refutes it; an invariant contracting chart affirms it for the whole infinite word family	exact linear navigator family; sup norm	D:docs/ELEMENTARY_OBJECTS.md#affirming-extinction	proved-derived	uses:receipt.extinction-is-release
receipt.fossil	receipt, deposition, tube, receiver, constitution	(a, e, m) ↦ (a/2, e/4, m + e/4) from (1,1,0): a_n = 2⁻ⁿ, e_n = a_n² = 4⁻ⁿ, m_n = (1 − 4⁻ⁿ)/3, dissipated 2(1 − 4⁻ⁿ)/3; horizon 3: wave extinct at tolerance 1/8 = 2⁻³, medium reads 21/64 = (3·7)/2⁶ and stays below its limit 1/3	a wave chart can be extinct while the medium it inscribed keeps the fossil, a durable inscription a richer receiver separates; the energy ledger closes exactly	exact damped linear fixture	L:Foundation/Standing:the_wave_is_extinct_at_horizon_three; L:Foundation/Standing:the_medium_separates_what_the_wave_chart_declared_extinct; L:Foundation/Standing:the_fossil_is_durable; L:Foundation/Standing:the_energy_that_left_the_wave_is_accounted_for; L:Foundation/Standing:the_inscription_stays_below_its_limit	counterexample	instance-of:receipt.extinction-is-release, uses:standing.extinct, uses:deposition.constitution-is-sufficient-retention
receipt.rotation-never-extinct	receipt, parametron	exact 3-4-5 rotation (3/5, 4/5) preserves planeEnergy along every word; nothing nonzero is extinct at tolerance 0	a nondissipative exchange redistributes a difference and never removes it	rational rotation	L:Foundation/Standing:rotate_preserves_energy_along_every_word; L:Foundation/Standing:nothing_nonzero_is_extinct_at_zero_tolerance; L:Foundation/Standing:the_difference_is_redistributed_not_removed	counterexample	obstructs:receipt.extinction-is-release
receipt.lawful-silence-is-extinction	receipt, tube, globe	outward reading of an interior section in the outward radical: extinct at the outward receiver	dead to this receiver, alive inside: lawful silence read through Extinct	world-tube outward receiver	L:Foundation/Standing:lawful_silence_is_extinction_at_the_outward_receiver	formal-checked	uses:tube.world-tube-lawful-silence
receipt.extinct-zero-is-equal-potential	receipt, compression	Extinct at 0 ⇔ EqualPotential(x, 0);  retain x = retain y ⇒ EqualPotential(x,y);  causalSignature = potential	the retention results (Foundation/Standing) restated on the relation ladder		L:Foundation/Standing:extinct_at_zero_iff_equalPotential; L:Foundation/Standing:retain_eq_establishes_equalPotential; L:Foundation/Standing:causalSignature_eq_potential	formal-checked	uses:holon.relation-ladder
receipt.width	receipt, receiver	w_R(h) = diam{R(Φ_h x u) : x ∈ F, u admitted};  w = 0 ⇔ R∘Φ_h constant on F ⇔ releasable at every tolerance	the width is the diameter of an actual image set, a structural uncertainty, not a probability	finite compatible family F	L:Foundation/ReceiverRelease:width; L:Foundation/ReceiverRelease:width_eq_zero_iff; L:Foundation/ReceiverRelease:releasable_at_every_tolerance_iff_width_zero; L:Foundation/ReceiverRelease:Releasable; R:holonics::receiver::face::width_over_readings	formal-checked	
receipt.width-laws	receipt, receiver	F' ⊆ F ⇒ w_F' ≤ w_F;  g non-expansive ⇒ w_(g∘R) ≤ w_R;  g expansive can widen (doubling)	a narrower fibre and a non-expansive coarser receiver never widen; a coarser but expansive reading can	finite fibres	L:Foundation/ReceiverRelease:width_mono; L:Foundation/ReceiverRelease:width_nonExpansive_factor; L:Foundation/ReceiverRelease:expansive_factor_increases_width; L:Foundation/ReceiverRelease:doubling_factor_not_nonExpansive	formal-checked	uses:receipt.width
receipt.release-receiver-relative	receipt, receiver, navigator	one fibre: receiver A releases at every tolerance, receiver B at none;  two lawful ReleaseLaws return different arms on one reading	release is receiver-relative and caller-declared; there is no global certainty gate and no default		L:Foundation/ReceiverRelease:release_is_receiver_relative_not_a_global_gate; L:Foundation/ReceiverRelease:no_default_among_the_lawful_returns; L:Foundation/ReceiverRelease:ReleaseLaw	formal-checked	uses:receipt.width
receipt.release-returns	receipt, receiver	ReleaseReturn ∈ {released, hold, widen, ask, releaseCoarser, noContinuationBridges}; released ⇒ w ≤ tol; widen names tol' ≥ w; releaseCoarser carries coarserWidth ≤ tol	the lawful non-release returns; only the arms naming a tolerance are constrained; the Rust ReleaseReturn adds Drawn and Unresolved, released and hold at tolerance zero on a key's class reading, and has no releaseCoarser (no owner builds a coarser receiver)	declared ReleaseLaw	L:Foundation/ReceiverRelease:ReleaseReturn; L:Foundation/ReceiverRelease:every_lawful_return_other_than_hold_ask_or_no_continuation_is_inside_its_tolerance; R:holonics::receiver::release::ReleaseReturn	formal-checked	uses:receipt.width
receipt.event-stable-timing-unstable	receipt, receiver, epoch	x ↦ 2x, fibre {1/8, 1/4} = {2⁻³, 2⁻²}, horizon 3: width("occurs by 3") = 0, width("time of event") = 1	an event can be future-stable while its timing is not; the timing receiver does not factor through the released coarse face	doubling recurrence	L:Foundation/ReceiverRelease:future_stable_event_with_unstable_timing; L:Foundation/ReceiverRelease:timeOfEvent_is_least; L:Foundation/ReceiverRelease:no_transformer_from_the_released_coarse_face	counterexample	instance-of:receipt.release-receiver-relative
receipt.two-axis-horizon	receipt, tube, tower	horizon = (longitudinal steps, grain index); width monotone in both; toward the coarse the reach is determined (width 0), toward the fine it is a plural fibre	the release horizon has two coordinates: along the tube and across grains	Horizon.Within is a preorder, not total	L:Foundation/ReceiverRelease:twoAxisWidth_mono; L:Foundation/ReceiverRelease:coarse_width_eq_zero; L:Foundation/ReceiverRelease:looking_toward_the_coarse_is_determined_and_toward_the_fine_is_plural; L:Foundation/ReceiverRelease:horizonWithin_is_not_total	formal-checked	uses:receipt.width
receipt.quotient-preimage-fibre	receipt, compression, ratio	ReceiverQuotient keeps preimageFibre(face); a section is additional structure;  binary exponential: common shift stays in one fibre	a quotient face is never assigned an invented inverse: its inverse image is a typed preimage fibre		L:Foundation/ReceiverQuotient:preimageFibre; L:Foundation/ReceiverQuotient:QuotientSection; L:Foundation/ReceiverQuotient:binaryExponentialQuotient_common_shift; L:Foundation/ReceiverQuotient:binaryExponentialReceiver_common_shift	formal-checked	uses:ratio.log-branch
receipt.causal-chord-transfer	receipt, navigator, tube	Lin = (A, B, C): transfer = C adj(sI − A) B / charpoly A = C(sI − A)⁻¹B;  charpoly · transfer = numerator (poles ⊆ eigenvalues)	the causal chord is the transfer function of a linearization; clearing one characteristic polynomial returns a polynomial matrix	matrices over a field	L:Foundation/CausalChord:resolvent_identity; L:Foundation/CausalChord:denominator_smul_transfer_eq_numerator; L:Foundation/CausalChord:transfer; L:Foundation/CausalChord:denominator_ne_zero	formal-checked	
receipt.causal-chord-rebase-invariant	receipt, complex	(UAV, UB, CV), UV = VU = 1: same numerator, denominator and transfer	the chord is a property of the current, not of the coordinates	two-sided inverse pair	L:Foundation/CausalChord:rebase_transfer; L:Foundation/CausalChord:rebase_numerator; L:Foundation/CausalChord:rebase_denominator; L:Foundation/CausalChord:charpoly_conj; L:Foundation/CausalChord:adjugate_conj	formal-checked	uses:receipt.causal-chord-transfer
receipt.cancellation-strict	receipt, compression	diagonal Lin over ℚ with eigenvalue 2 neither excited nor observed: 2 a root of charpoly, not a pole; reduced denominator X − 1;  simple λ, Av = λv, wᵀA = λwᵀ: Res_λ C_i(sI − A)⁻¹B_j = (C_i v)(wᵀB_j)/(wᵀv), a pole ⇔ C_i v ≠ 0 and wᵀB_j ≠ 0;  C = I, B = (1, 1)ᵀ recovers s − 2	poles ⊆ eigenvalues is strict: an unexcited unobserved mode cancels visibly	witness	L:Foundation/CausalChord:cancellation_is_strict; L:Foundation/CausalChord:cancellingWitness; D:docs/RECEIVER_HOLARCHY.md#the-causal-chord	counterexample	obstructs:receipt.causal-chord-transfer
receipt.rate-form-congruence	receipt, constitution, complex	Σ_G = A*G + GA;  chart B: Σ_(G') = B^(−*) Σ_G B^(−1)	the rate form transforms by congruence; its signature, not A's eigenvalues, is the invariant content of a situated role	constant invertible chart, over ℂ	L:Foundation/CausalChord:rateForm_congruence; L:Foundation/CausalChord:rateForm	formal-checked	
receipt.seam-g-skew	receipt, constitution, parametron	Σ_G(L) = 0 ⇔ L*G + GL = G (centre at ½);  A*G + GA = 0, G ≻ 0 ⇒ Re λ = 0;  seam ⇒ Re λ = 1/2	a G-skew navigator with positive definite G has purely imaginary spectrum, and the seam places it on Re λ = 1/2	G positive definite	L:Foundation/CausalChord:seam_iff_gSkew; L:Foundation/CausalChord:gSkew_eigenvalue_re_eq_zero; L:Foundation/CausalChord:seam_eigenvalue_re_eq_half	formal-checked	uses:receipt.rate-form-congruence
receipt.semisimple-conserving-receiver	receipt, receiver, parametron	A = S D S⁻¹, Re d_i = 0 ⇒ G = S^(−*) S^(−1) ≻ 0 and A*G + GA = 0	a semisimple purely imaginary navigator has a conserving receiver	semisimple	L:Foundation/CausalChord:semisimple_imaginary_has_conserving_receiver	formal-checked	uses:receipt.seam-g-skew
receipt.jordan-no-conserving-receiver	receipt, receiver	J = [[i,1],[0,i]]: only eigenvalue i, yet (A*G + GA)₁₀ = G₀₀ > 0 for every G ≻ 0	purely imaginary spectrum does not give a conserving receiver: semisimplicity is the dropped hypothesis	witness	L:Foundation/CausalChord:jordan_has_no_conserving_receiver; L:Foundation/CausalChord:jordan_eigenvalue_eq_I	counterexample	obstructs:receipt.semisimple-conserving-receiver
receipt.resolvent-index	receipt, receiver, parametron	‖(sI − A)⁻¹‖ grows at an eigenvalue with its index (largest Jordan block), not its multiplicity;  (sI − A)⁻¹ at s = σ + iω over ℚ: invert [[σI − A, −ωI], [ωI, σI − A]];  realified [[i, 1], [0, i]] and diag(i, i): charpoly (s² + 1)² both, minimal (s² + 1)² and s² + 1; at s = i + δ, δ = 1/10, 1/100, 1/1000: ‖·‖²_F grows > 10³ a decade (δ^(−4)) and < 10³ (δ^(−2))	for a non-normal operator the resolvent, not the spectrum, governs response: two isospectral operators on the imaginary axis differ by a pole order	square rational A; Gaussian-rational probe point off the spectrum	D:docs/RECEIVER_HOLARCHY.md#the-causal-chord	proved-standard	uses:receipt.causal-chord-transfer, uses:receipt.jordan-no-conserving-receiver
receipt.spectrum-not-response	receipt, receiver, landmark	two linearizations over ℚ with charpoly X² and different numerators;  Fin 2: the full probe/readout atlas adj(sI − A) determines A;  six vertices, A = −L of contacts (0,2)(0,3)(0,4)(0,5)(1,4)(1,5)(2,3) and (0,2)(0,4)(0,5)(1,2)(1,4)(1,5)(2,3): det(sI − A) = s⁶ + 14s⁵ + 73s⁴ + 176s³ + 192s² + 72s for both; driving point at 0: s⁵ + 10s⁴ + 37s³ + 62s² + 46s + 12 against s⁵ + 11s⁴ + 43s³ + 73s² + 52s + 12; the full atlas separates 32 of 36 pairs	isospectral objects exist: identity is carried by the response atlas under admitted probes, not by one spectrum	2×2 witness; full-atlas theorem at Fin 2 only	L:Foundation/CausalChord:spectrum_does_not_determine_response; L:Foundation/CausalChord:full_atlas_determines_the_operator_fin_two; D:docs/RECEIVER_HOLARCHY.md#the-causal-chord	counterexample	uses:receipt.causal-chord-transfer
receipt.normal-iff-turn-boost-commute	receipt, motion, receiver	A♯ = B − T;  A A♯ − A♯ A = 2(TB − BT);  A A♯ = A♯ A ⇔ TB = BT;  energy rate 2⟨x, GBx⟩	a rate commutes with its receiver's adjoint exactly when its turn and boost commute; only then do the eigenvalues read the response, otherwise the boost can grow the energy while every eigenmode decays (transient amplification)	2 invertible in K; T, B the turn and boost of A against G	L:Geometry/TurnBoostNormality:adjointIn_eq_boost_sub_turn; L:Geometry/TurnBoostNormality:commutator_adjointIn; L:Geometry/TurnBoostNormality:commute_adjointIn_iff_commute_turn_boost; N:2026-10-05_THE_GHOST_LIVES_IN_THE_GAP_THE_JOINTS_OF_THE_LENS.md	formal-checked	uses:motion.turn-boost-split, uses:motion.energy-moving-metric, uses:receipt.spectrum-not-response
receipt.reafference-lag	receipt, receiver, cycle, navigator	κ = S ⊖ E on a mode turned by ζ over the lag between prediction and arrival: residual |1 − ζ|;  |1 − ζ| = 0 ⇔ ζ = 1;  ∏_(ζⁿ=1, ζ≠1) (1 − ζ) = n	a receiver cancels its own release only at its own clock's phase; a lag leaves the chord as news (efference copy, corollary discharge; graded self-touch attenuation restored by delay)	one mode; ζ a root of unity at a rational lag (von Holst–Mittelstaedt 1950; Sperry 1950; Blakemore, Wolpert, Frith 1998–1999); HNN re-entry owed	N:2026-10-05_THE_GHOST_LIVES_IN_THE_GAP_THE_JOINTS_OF_THE_LENS.md	interpretation	uses:trace.torsion-green-product
receipt.capability-supplied	receipt, receiver	empty capability: no operation from the carrier alone;  two admissible metrics on one carrier give two operations	a metric, smooth structure or scaling is supplied to an object, never conferred by its carrier		L:Foundation/ReceiverAtlas:no_operation_from_the_carrier_alone; L:Foundation/ReceiverAtlas:operation_is_supplied_not_conferred; L:Foundation/ReceiverAtlas:Capability	formal-checked	
receipt.atlas-cocycle-defect	receipt, receiver, complex	triple overlap: routed transition vs direct transition, both lossy with residuals; cocycle ⇔ defect set empty; the defect is holonomy, not loss	a receiver atlas's transition cocycle is stated with residuals and its failure is a holonomy content	lossy Transition charts	L:Foundation/ReceiverAtlas:cocycle_iff_isEmpty_defect; L:Foundation/ReceiverAtlas:defect_is_holonomy_not_loss; L:Foundation/ReceiverAtlas:CocycleDefect; L:Foundation/ReceiverAtlas:coarseGrain_not_cocycle	formal-checked	uses:cell.connection-route-return
receipt.atlas-gluing-trichotomy	receipt, holarchy, tower	AtlasGluing ∈ {unique, plural, obstructed}, total;  a defect admits no coherent placement;  invertible transitions + cocycle ⇒ placements ≃ any one chart	an embedding is an atlas of placements whose content is its transition maps: gluing is unique, plural or obstructed	ReceiverAtlas	L:Foundation/ReceiverAtlas:atlasGluing_total; L:Foundation/ReceiverAtlas:no_coherentPlacement_through_defect; L:Foundation/ReceiverAtlas:placementEquiv; L:Foundation/ReceiverAtlas:AtlasGluing	formal-checked	uses:receipt.atlas-cocycle-defect
receipt.embedding-not-one-vector	receipt, holarchy	shift atlas: every chart and region inhabited, every transition lawful, no coherent placement; transitions not invertible; residual separates	an embedding cannot be one global vector: an atlas can have every chart inhabited and no coherent placement	witness	L:Foundation/ReceiverAtlas:theEmbeddingIsNotOneVector; L:Foundation/ReceiverAtlas:shiftAtlas_gluing; L:Foundation/ReceiverAtlas:shiftAtlas_not_invertible	counterexample	obstructs:receipt.atlas-gluing-trichotomy
receipt.atlas-indistinguishable	receipt, receiver	indistinguishable under an atlas ⇒ every chart reading factors; refinement preserves indistinguishability; coarse atlas cannot separate, rich atlas separates; two charts may be incomparable by refinement	what one atlas can and cannot separate; comparison by common refinement can be undefined		L:Foundation/ReceiverAtlas:indistinguishable_factors; L:Foundation/ReceiverAtlas:indistinguishable_of_refinement; L:Foundation/ReceiverAtlas:coarse_cannot_separate; L:Foundation/ReceiverAtlas:rich_separates; L:Foundation/ReceiverAtlas:twoCharts_comparison_undefined	formal-checked	
receipt.separating-atlas	receipt, receiver, landmark	bounded-dimension linear systems under the full probe atlas: identity probe determines A; Markov truncation A^k = (A^k mod charpoly) so 2n parameters suffice	for a declared bounded class, any two inequivalent objects admit a probe, receiver and time where their responses differ (a property of atlas and class)	exact linear systems of bounded dimension	L:Foundation/ReceiverAtlas:fullProbeAtlas_separates; L:Foundation/ReceiverAtlas:identity_probe_determines_the_operator; L:Foundation/ReceiverAtlas:markov_truncation; L:Foundation/ReceiverAtlas:Separates	formal-checked	uses:receipt.spectrum-not-response
receipt.spectral-topological-insufficient	receipt, receiver, complex	finite complexes on six occurrences, seven contacts: the R3+R5 spectral-topological reading agrees on two graphs no transformer separates	the spectral plus topological receiver atlas is not separating on finite complexes	established-bounded, measured class	L:Foundation/ReceiverAtlas:no_transformer_from_the_spectral_topological_reading; L:Foundation/ReceiverAtlas:readings_agree	counterexample	obstructs:receipt.separating-atlas
receipt.cost-receipt-frontier	receipt, compression	CostReceipt = (bytes, decodeWork, updateWork, certificateWork, residual) with provenance; dominance = product partial order; frontier of a finite family nonempty, antichain, dominates all	cost is a receipt: presentations are compared by the receiver-relative Pareto frontier, never one scalar	finite declared family	L:Foundation/PresentationCost:frontier_nonempty; L:Foundation/PresentationCost:exists_frontier_dominating; L:Foundation/PresentationCost:frontier_isAntichain; L:Foundation/PresentationCost:CostReceipt; L:Foundation/PresentationCost:dominates_antisymm_fails_on_receipts	formal-checked	
receipt.scalar-objective-misses-frontier	receipt, compression	positive weighting minimizer ∈ frontier; converse fails: a frontier point above the chord of two others is selected by no weighting; no frontier has a least point in general	a scalar score sees only the lower convex hull of the frontier; the optimal presentation is not well formed for more than one axis	chord witness	L:Foundation/PresentationCost:minimizer_isFrontierPoint; L:Foundation/PresentationCost:unsupported_not_minimizer; L:Foundation/PresentationCost:frontier_has_no_least_point	counterexample	obstructs:receipt.cost-receipt-frontier
receipt.frontier-reparameterization	receipt, compression	monotone change of unit per axis preserves the frontier; the scalar minimizer is not preserved	the frontier survives reparameterization; a scalar minimizer does not	strictly monotone per-axis maps	L:Foundation/PresentationCost:frontier_reparameterization_invariant; L:Foundation/PresentationCost:scalar_minimizer_not_reparameterization_invariant	formal-checked	uses:receipt.cost-receipt-frontier
receipt.receipts-compose	receipt, tube	compose(r₁, r₂) vector = sum, commutative, associative; residual code bits subadditive: codeBits(res₁ × res₂) ≤ codeBits res₁ + codeBits res₂, strict at a witness	receipts compose serially and the residual behaves as the carrier's residual does		L:Foundation/PresentationCost:compose_vector; L:Foundation/PresentationCost:serial_receipt_balance; L:Foundation/PresentationCost:codeBits_residual_comp_le; L:Foundation/PresentationCost:codeBits_residual_comp_lt_witness	formal-checked	uses:compression.serial-code-balance
receipt.refinement-route-padic	receipt, tower	p-adic costed tower: migration cost bounded by the refine-then-restrict route, equality on step axes, strict at certificateWork and residual; squared-gap receipt admits no costed tower	the open refinement-route comparison is discharged at the p-adic tower and fails for a squared-gap assignment	padicTower	L:Foundation/PresentationCost:costBoundedByRefinementRoute_padic; L:Foundation/PresentationCost:padicCostedTower_route_strict_at_certificateWork; L:Foundation/PresentationCost:no_costedTower_with_squaredGapReceipt	formal-checked	uses:tower.continuing-transition
receipt.information-rate	receipt, receiver	rate = totalInformation / totalMass, invariant under relabelling;  duplicating unweighted occurrences with halved information halves the rate	information per Holon is a receiver-relative quotient that keeps its weighted family	finite weighted family	L:Foundation/SituatedInformationRate:rate_eq_quotient; L:Foundation/SituatedInformationRate:rate_equiv; L:Foundation/SituatedInformationRate:duplicated_unweighted_rate_halves; L:Foundation/SituatedInformationRate:split_rate	formal-checked	
receipt.throughput-clock	receipt, epoch, aeon	throughput = N/dt;  t' = a t + b ⇒ N/dt' = (N/dt)/a;  dt ↦ −dt negates;  serial intervals: ΣN/Σdt	a rate is a count over an interval of a named clock; an affine clock change divides it and reversal flips only the orientation	caller-supplied quantity and clock	L:Foundation/SituatedInformationRate:throughput_affine_clock; L:Foundation/SituatedInformationRate:throughput_clock_rebase; L:Foundation/SituatedInformationRate:throughput_oriented_clock_reversal; L:Foundation/SituatedInformationRate:throughput_serial	formal-checked	
receipt.throughput-ceiling	receipt	N·w_min ≤ W ≤ B·dt, dt > 0, w_min > 0 ⇒ N/dt ≤ B/w_min	a resource ceiling bounds a workload's rate; it is not a universal speed	same resource units	L:Foundation/SituatedInformationRate:throughput_resource_ceiling	formal-checked	
receipt.bits-per-second	receipt, ratio	bits/s = occ/s × bits/occ;  r·H(p,q) = r·H(p) + r·D(p‖q) (nats → bits by ÷ ln 2)	an information throughput factors through occurrence rate and per-occurrence code; its expected form splits into entropy and KL rates	one occurrence family; positive probability sections p, q	L:Foundation/SituatedInformationRate:Reading.information_throughput; L:Foundation/SituatedInformationRate:crossEntropy_throughput_decomposition; L:Foundation/SituatedInformationRate:natsToBits_crossEntropy_decomposition	formal-checked	
receipt.comparison-cell	receipt, receiver, complex	two parallel carrying occurrences from a common source: Commutes ⇒ CommutesAt ρ; a ReceiverDefect (left face ≠ right face) ⇒ ¬Commutes	commutation of two routes is derived from retained occurrences, exactly or at a receiver	addressed comparison cell	L:Foundation/ComparisonCell:commutesAt_of_commutes; L:Foundation/ComparisonCell:not_commutes_of_receiverDefect; L:Foundation/ComparisonCell:ComparisonCell	formal-checked	
receipt.section-residual	receipt, compression, key	q linear, s section (q∘s = id): x = s(q x) + r(x), q(r x) = 0;  changing section: r' = r − shift(q x), shift ∈ ker q, shift₁₃ = shift₁₂ + shift₂₃	section coordinates and the receiver-blind remainder reconstruct the source exactly; a change of section moves only the kernel residual, as a cocycle	linear receiver, possibly nonlinear section	L:Foundation/SectionResidual:source_reconstructs; L:Foundation/SectionResidual:receiver_remainder_zero; L:Foundation/SectionResidual:remainder_change; L:Foundation/SectionResidual:shift_cocycle	formal-checked	uses:compression.kernel
receipt.telephone-chain-budget	receipt, tube	e_(n+1) = L_n e_n + ε_n ⇒ ‖x_n − y_n‖ ≤ e₀ ∏_(j<n) L_j + Σ_(k<n) ε_k ∏_(k<j<n) L_j	a receiver-relative approximation defect accumulates along two compared trajectories by the affine budget	F_n L_n-Lipschitz, one-step defect ε_n	L:Transport/AccumulatedReceiverDefect:distance_le_budget; L:Transport/AccumulatedReceiverDefect:budget; L:Transport/AccumulatedReceiverDefect:expansion	formal-checked	
receipt.affine-joint-ball	receipt	‖(L + δL)(x + δx) + t + δt − (Lx + t)‖ ≤ bound in the joint radii; projection nonexpansive; exact identity ball has no inflation; adjoint deviation bound	a joint ball on (linear map, translation, input) encloses the forward and adjoint affine current	declared norms	L:Transport/AffineJointBall:affine_forward_deviation; L:Transport/AffineJointBall:adjoint_deviation; L:Transport/AffineJointBall:projection_nonexpansive; L:Transport/AffineJointBall:exact_identity_ball_no_inflation	formal-checked	
receipt.changing-receiver-defect	receipt, receiver, tube	defect = target receiver of source vs transported; zero ⇔ a receiver transformer exists; serial composition transports the first defect through the second operation (additive chain law); moving receiver adds D_Rρ·X_R	a changing receiver retains its addressed transport defect, owned by the target receiver	addressed passages	L:Transport/ChangingReceiver/Defect:defect_zero_iff; L:Transport/ChangingReceiver/Defect:passageDefect_comp; L:Transport/ChangingReceiver/Defect:passageDefect_comp_additive; L:Transport/ChangingReceiver/Defect:moving_receiver_rate; L:Transport/ChangingReceiver/Defect:opposite_translations_cancel	formal-checked	uses:receipt.receiver-transformer
receipt.compatible-potential	receipt, receiver, compression	outcomes = future receiver image of the retained preimage fibre of the entering face; more observation refines it; a source rebase transports it; a tolerance bound on outcomes suffices for a requested consequence while the source stays plural	compatible potential is the future image of a retained receiver fibre; no universal certainty gate	observed entering face	L:Transport/ReceiverPotential:additional_observation_refines; L:Transport/ReceiverPotential:outcomes_rebase; L:Transport/ReceiverPotential:bounded_outcomes_suffice; L:Transport/ReceiverPotential:compatible_outcomes_pairwise_bound; L:Transport/ReceiverPotential:future_observations_converge	formal-checked	uses:receipt.quotient-preimage-fibre
receipt.pair-joint-ball	receipt, contact	Σw = 1 anchors the normalized combination; simplex-weighted deviation bound; scalar–vector and inner-product perturbation bounds	norm laws for the normalized pair current keep the joint weighted centre and one value-ball radius	finite dimension	L:Transport/PairJointBall:partition_unity_anchor; L:Transport/PairJointBall:simplex_weighted_deviation_bound; L:Transport/PairJointBall:inner_product_perturbation_bound	formal-checked	uses:receipt.affine-joint-ball
receipt.open-fibre-prediction	receipt, compression	A(τ) = M + τ(S + K + R); observation fibre; a functional killing the unresolved directions is constant on the fibre; one seeing a kernel direction distinguishes two compatible models	an open fibre predicts exactly what its kernel directions do not reach	one source potential, one receiver functional	L:Transport/GenerativeTransport:prediction_invariant_on_fiber; L:Transport/GenerativeTransport:kernel_direction_distinguishes; L:Transport/GenerativeTransport:eventOperator_interval_difference	formal-checked	uses:compression.kernel
receipt.reception	receipt, receiver, holon	I_C(|H_S⟩, |H_R⟩) = (|H'_S⟩, |H'_R⟩, f_R), with source, receiver, locus, frame, clock, grain and unresolved fibre;  a moving receiver adds D_Rρ·X_R beside D_Sρ·X_S	to receive is to measure and compare: an interaction that changes both participants and returns a face with its receipt; the passive coholon reading is its zero-storage limit	receiver is a role of a participating Holon at a port	D:docs/ELEMENTARY_OBJECTS.md#10-receipt; L:Holon/Law:active_receiver_law; L:Holon/Law:passive_reading; L:Transport/ChangingReceiver/Defect:moving_receiver_rate	definition	
receipt.field-of-readings	receipt, receiver, epoch	receipt = field of readings over a partition of the complex, each region in its own frame and clock; cross-region comparison carries the interface clock-rate ratio	there is no global scalar and no global gradient: each region reports its readings' distribution over its own ticks, joined to its interface flux	guide definition	D:docs/ELEMENTARY_OBJECTS.md#10-receipt	definition	uses:receipt.reception
receipt.measurement-conventions	receipt, epoch	rate = N/dt of a named clock; disjoint intervals aggregate as ΣN/Σdt; bits/s = occ/s × bits/occ; expected code r·H(p,q) = r·H(p) + r·D(p‖q); a zero-probability observed event costs infinitely or returns a missing code; a missing counter is unknown, not zero	a measurement is an exterior face of a receipt that no law or HNN operation consumes	exterior measurements	D:docs/ELEMENTARY_OBJECTS.md#10-receipt; L:Foundation/SituatedInformationRate:throughput_serial	definition	uses:receipt.bits-per-second
receipt.moving-receiver-chain-rule	receipt, receiver	y = ρ(z, τ), z = (x_S, x_R): ẏ = D_Sρ·F_S + D_Rρ·F_R + ∂_τρ;  linear chart: ẏ = q̇x + qẋ	replacing the receiving Holon by a fixed row suppresses a term whenever the row actually changes	ρ Fréchet-differentiable at (τ, x_S(τ), x_R(τ)), x_S and x_R differentiable at τ, normed spaces over ℝ; linear chart: a differentiable row q and state x	D:docs/RECEIVER_HOLARCHY.md#the-object-the-receiving-operation-and-the-displayed-face; L:Holarchy/Reception:moving_receiver_rate; L:Holarchy/Reception:moving_receiver_rate_of_law; L:Transport/ChangingReceiver/Defect:moving_receiver_rate	formal-checked	uses:receipt.reception, equiv:holarchy.moving-receiver-three-term
receipt.response-family	receipt, receiver, landmark	A(X) = {y_(u,R)(t) : u admitted source, R admitted receiver, t ≥ 0}	identity is carried by the organized family of responses under admitted probes, not by one global spectrum; active local probing separates what one passive reading cannot	declared admitted probes	D:docs/RECEIVER_HOLARCHY.md#no-object-has-one-intrinsic-face-the-receiver-atlas; L:Foundation/ReceiverAtlas:fullProbeAtlas_separates	definition	uses:receipt.spectrum-not-response
receipt.causal-chord	receipt, receiver, navigator	H_x(s) = C_x(sI − A_x)⁻¹B_x;  C_R(x) = {(ω_j, σ_j, support_j, residue_(R,j))}, λ_j = σ_j + iω_j	the causal chord carries poles, excitability, observability and residues per source–mode–receiver path; for non-normal A read the resolvent or its singular modes, not eigenvalues	local linearization	D:docs/RECEIVER_HOLARCHY.md#the-causal-chord; L:Foundation/CausalChord:transfer	definition	uses:receipt.causal-chord-transfer
receipt.chord-residues	receipt, receiver, ratio	simple rational pole a: Res N/D = N(a)/D′(a);  pole of order m: a Laurent head of m coefficients, 1/((s − 1)²(s + 3)) = 1/(4(s − 1)²) − 1/(16(s − 1)) + …;  irrational pole of squarefree factor f: Res ∈ ℚ[x]/(f), 1/(s² − 2) ↦ x/4 (√2/4 at √2)	each source–mode–receiver path of the chord carries an exact residue, an element of the pole's own residue field, so an irrational pole is read at every conjugate root at once	reduced entry N/D over ℚ; squarefree factorization of D	D:docs/RECEIVER_HOLARCHY.md#the-causal-chord	proved-standard	face-of:receipt.causal-chord
receipt.rate-reading	receipt, constitution, holon	ẋ = A(t)x + s(t), E_G = x*Gx/2: Ė_G = Re(x*Gs) + x*Σ_G x/2, Σ_G = A*G + GA + Ġ; discrete: T*G_next T − G	the rate of a receiver's energy reading is supplied port work plus a source-free form whose signature is the invariant content; a coarse entropy rise is not heat	differentiable Hermitian positive metric	D:docs/RECEIVER_HOLARCHY.md#no-object-has-one-intrinsic-face-the-receiver-atlas; L:Foundation/CausalChord:rateForm_congruence; L:Geometry/Motion:energy_rate_moving_metric	proved-derived	generalizes:receipt.rate-form-congruence, equiv:motion.energy-moving-metric
receipt.rest-space-foliation	receipt, receiver, complex	a rest-space foliation U♭ = a dt requires U♭ ∧ dU♭ = 0	one globally perpendicular I/O direction is an additional geometric condition, not a property of every observer	Lorentzian receiver	D:docs/RECEIVER_HOLARCHY.md#perspective-is-a-physical-relation-before-it-becomes-screen-coordinates	proved-derived	
receipt.observer-current	receipt, receiver, holon	E_R = −g(k, U_R);  j_R^μ = −T^(μν)U_(R,ν), F_R = j_R^μ n_(R,μ);  ∇_μ j_R^μ = −(∇_μT^(μν))U_(R,ν) − T^(μν)∇_μU_(R,ν)	a relativistic receiver participates through its trajectory, orientation and constitutive boundary	symmetric stress, future-directed unit U_R	D:docs/RECEIVER_HOLARCHY.md#perspective-is-a-physical-relation-before-it-becomes-screen-coordinates; L:Physics/ObserverBoundaryCurrent:observerCurrentDivergence	proved-derived	uses:receipt.moving-receiver-chain-rule
receipt.moving-surface-emf	receipt, coholon, complex	d/dt ∫_(S_t) β = ∮_(∂S_t)(−e + ι_vβ);  EMF = ∮(e − ι_vβ) = −d/dt ∫_(S_t) β, e − ι_vβ = (E + v × B)♭	induction includes the moving receiving surface: the motional EMF survives without explicit field change	dβ = 0, ∂_tβ = −de, stated contraction convention	D:docs/RECEIVER_HOLARCHY.md#induction-includes-the-moving-receiving-surface	proved-derived	uses:holon.stokes
receipt.finite-mixed-difference	receipt, receiver	r₁(B₁) − r₀(B₀) = r₀(ΔB) + Δr(B₀) + Δr(ΔB)	the finite reading change of a changing field on a changing face keeps the genuine mixed difference	bilinear reading	D:docs/RECEIVER_HOLARCHY.md#induction-includes-the-moving-receiving-surface	proved-derived	uses:receipt.moving-receiver-chain-rule
receipt.history-partition	receipt, receiver, compression	observed history partition = ⋁_(k<n) Φ_(k,0)⁻¹ P_(R,k); probabilities need a declared measure μ	Shannon entropy, refinement rate, basin dimension and heat production are distinct receivers of one construction	declared measure	D:docs/RECEIVER_HOLARCHY.md#fractal-dynamics-are-received-through-a-changing-family-of-cuts	definition	uses:navigator.first-arrival
receipt.reynolds-moving-cell	receipt, receiver, tube	∂_tρ + div J = s, cell A_i(t) with boundary velocity v_i: ṁ_i = −∫_(∂A_i)(J − ρv_i)·n + ∫_(A_i) s	a moving receiving cell reads the flux relative to its own boundary	smooth flat chart	D:docs/RECEIVER_HOLARCHY.md#the-calculus-of-entropy-also-contains-receiver-motion	proved-derived	uses:receipt.moving-receiver-chain-rule
receipt.aperture-normalization	receipt, receiver, ratio	Z = Σ m_i > 0, p_i = m_i/Z: ṗ_i = (ṁ_i − p_i Ż)/Z	a partial aperture's moving normalization cannot be omitted when the admitted current changes	positive total	D:docs/RECEIVER_HOLARCHY.md#the-calculus-of-entropy-also-contains-receiver-motion	proved-derived	uses:receipt.reynolds-moving-cell
receipt.entropy-rates	receipt, ratio, aeon	H_R = −Σ p log p, Ḣ_R = −Σ ṗ log p;  C(p,q) = −Σ p log q, Ċ = −Σ ṗ log q − Σ p q̇/q	both the measured distribution and its reference move; entropy changed by a moving aperture is not physical entropy production	fixed positive-support stratum	D:docs/RECEIVER_HOLARCHY.md#the-calculus-of-entropy-also-contains-receiver-motion	proved-derived	uses:receipt.aperture-normalization
receipt.tensor-lens	receipt, receiver, holon	TensorFace = dependent tensor product over a finite axis family; TensorLens = receiver map into faces; a coherent permutation of equal slots that lifts to occurrences and preserves both ports transports the complete preimage fibre	a tensor face is a receiver reading, not a Holon; slot relabelling transports fibres only under naturality	homogeneous Fin-order tensor power	L:Foundation/HolonTensorLens:TensorLens; L:Foundation/HolonTensorLens:receiver_after_remount; L:Foundation/HolonTensorLens:HomogeneousSlotNaturality.preimageFibreEquiv	formal-checked	uses:receipt.quotient-preimage-fibre
receipt.lineage-split	receipt, receiver, holarchy	splits built on lineage classes never straddle a class; a raw design split can leak a pair; a receiver fitted on development material is refused at evaluation; calibration does not cross assays without a bridge; the external return is a new occurrence and does not relabel the prediction	an evaluation's conclusions stand at its own split and receiver and do not travel	declared edit radius and splits	L:Foundation/EvaluationDiscipline:ofClassPredicate_does_not_straddle; L:Foundation/EvaluationDiscipline:rawSplit_straddles; L:Foundation/EvaluationDiscipline:evaluateAt_refuses_a_fitted_occurrence; L:Foundation/EvaluationDiscipline:across_assays_without_a_bridge_is_refused; L:Foundation/EvaluationDiscipline:a_conclusion_does_not_travel_to_another_split	formal-checked	uses:holon.bridge-statuses
receipt.exterior-intake	receipt, ratio	a finite IEEE-754 word decodes exactly to its dyadic rational value (nonfinite refused); a wider format carries every narrower value (binary32 strictly refines binary16); outward projection floors/ceils and contains the source, never flipping inside ↔ outside; no occurrence without its environment index; pair readings are directional	intake of an exterior float is an exact dyadic decoding at the boundary, never a rounding inside the machinery	exterior codewords	L:Foundation/ExteriorIntake:decode_exact_on_finite; L:Foundation/ExteriorIntake:binary32_strictly_refines_binary16; L:Foundation/ExteriorIntake:widening_never_flips_a_decision; L:Foundation/ExteriorIntake:no_occurrence_without_environment; L:Foundation/ExteriorIntake:reading_is_directional	formal-checked	uses:complex.aperture-trichotomy
holarchy.interconnect	holarchy, holon	interconnect(A, B) at shared ports τ: composite Dirac structure (f_τ opposite, e_τ equal), storage and resistance block-diagonal, E = E_A + E_B, shared power cancels; or a typed gluing defect	a Holarchy is what interconnect returns: the joined whole with its retained constituents, incidence and typed gluing	typed port gluing; unit checks at the join	L:Holon/Law:PortHolon.interconnect; L:Holon/Dirac:interconnect_isDirac; L:Holon/Dirac:interconnect_power; L:Holon/Law:storageEnergy_blocks; D:docs/ELEMENTARY_OBJECTS.md#11-holarchy; R:holonics::holon::Holon::interconnect; R:holonics::holarchy::Holarchy	formal-checked	uses:holon.interconnect
holarchy.view-count	holarchy, receiver, compression	view(receiver, grain, clock) = constituent faces, interface flux, unresolved classes; count only under a finite, exhaustive, disjoint, distinguishing partition certified by that receiver; refine returns a commuting scale square or its defect	a Holarchy's quantities belong to the receiver: one continuing whole, many receiver-relative counts	definition; Lean owner Holarchy/View	D:docs/ELEMENTARY_OBJECTS.md#11-holarchy; L:Holon/Restriction:squareDefect_mulVec_eq_zero_iff; L:Foundation/HodgeReceiver:finrank_harmonic_metric_free; L:Holarchy/View:view; L:Holarchy/View:count; L:Holarchy/View:refine_flux; L:Holarchy/View:certified_count_eq_faces; R:holonics::holarchy::Holarchy::view; R:holonics::holarchy::Holarchy::count; R:holonics::holarchy::Holarchy::refine	definition	uses:tower.scale-square
holarchy.shared-face-cancels	holarchy, holon, coholon	a shared physical flux cancels once on every joined face, whatever the grain	the interior faces of a joined whole contribute nothing to its total boundary	finite occurrence population	L:Objects/Pairing:coboundary_total_face; L:Foundation/Holon:boundary_totalCurrent; L:Foundation/AddressedBoundary:boundary_join; R:holonics::holarchy::Holarchy::block_boundaries; R:holonics::holarchy::Holarchy::flux	formal-checked	uses:holon.total-face-interior-cancels
holarchy.exact-partition	holarchy, complex, compression	partition = typed map occurrence ↦ piece address; population ≃ Σ piece fibres; cut boundaries paired with opposite hands cancel exactly (mate∘mate = id); factor witness d | n ⇔ lift through multiplication, cofactor unique for d > 0	a partition is not division by an integer: the whole reconstructs exactly from its piece fibres; divisibility is one narrower transport lift	no equal piece sizes assumed	L:Foundation/ExactPartition:disassemblyEquiv; L:Foundation/ExactPartition:pairedBoundaryCancels; L:Foundation/ExactPartition:mate_mate; L:Foundation/ExactPartition:nonempty_iff_dvd; L:Foundation/ExactPartition:cofactor_unique_of_positive	formal-checked	uses:ratio.inversion-fibre
holarchy.section-layout	holarchy, receipt, constitution	⟨gather x, y⟩ = ⟨x, scatterAdd y⟩;  scatterAdd ∘ applyLocal ∘ gather = Σ_r P_rᵀ L_r P_r (assembled operator); symmetric blocks give a symmetric assembly; a colour schedule with single-region fibres scatters without conflict	a declared incidence generates gather, local application and transposed scatter; stated over a commutative semiring, never a floating type	CommSemiring (ZMod p, ℤ)	L:Foundation/SectionLayout:adjoint; L:Foundation/SectionLayout:assembled_apply; L:Foundation/SectionLayout:assembled_sum_regions; L:Foundation/SectionLayout:assembled_symm; L:Foundation/SectionLayout:colour_schedule	formal-checked	uses:holon.pullback-law
holarchy.launch-cover	holarchy, receipt	cover: grid·block ≥ extent with guarded tail < block; blockIdx·blockDim + threadIdx bijective onto [0,n) under exact cover, injective under guarded cover with exactly threads − n threads off; per-thread exclusive write regions commute (race-free under any interleaving); scatter order matters, scatterAdd does not	co-present regions execute together when their read/write effects commute; exclusive regions are one sufficient pattern	device launch law	L:Foundation/DeviceLaunchLaw:cover_covers; L:Foundation/DeviceLaunchLaw:cover_tail; L:Foundation/DeviceLaunchLaw:linear_thread_bijective; L:Foundation/DeviceLaunchLaw:linear_thread_injective_guarded; L:Foundation/DeviceLaunchLaw:raceFreeInterleaved; L:Foundation/DeviceLaunchLaw:scatter_order_dependent; L:Foundation/DeviceLaunchLaw:scatterAdd_perm	formal-checked	uses:holarchy.section-layout
aeon.definition	aeon, epoch, cycle, holarchy	aeon γ = 1-chain of the motion in the lift ℝᵏ of the navigators' joint clock torus 𝕋ᵏ, bounded by occurrences; epoch = division of γ by a receiver's section crossings; cycle = closed aeon	aeon, epoch and cycle are the standard vocabulary for time; no interval of a privileged clock	record definition	N:2026-09-24_THE_AEON_EPOCH_AND_CYCLE_STANDARDIZE_THE_PASSAGE_OF_TIME.md; D:docs/ELEMENTARY_OBJECTS.md#12-aeon-epoch-and-cycle-the-passage-of-time; R:holonics::aeon::Aeon; R:holonics::aeon::Epochs; R:holonics::aeon::Cycle	definition	uses:aeon.groupoid
aeon.pairing	aeon, coholon, receiver, ratio	t_R(γ) = ⟨ω_R | γ⟩ = ∫_γ ω_R = n_R + r_R, n_R ∈ ℤ windings (quotient), r_R open phase (remainder);  ω_R = dθ_R or −U_μ dx^μ	elapsed time is the Holon/coholon pairing of an aeon with a receiver's closed clock form; no frame is privileged and rates are ratios of readings	closed 1-form clocks	N:2026-09-24_THE_AEON_EPOCH_AND_CYCLE_STANDARDIZE_THE_PASSAGE_OF_TIME.md; L:Geometry/PhaseCarry:winding_add; L:Objects/Pairing:coboundary_face; R:holonics::aeon::reading	definition	uses:holon.stokes
aeon.concatenation-carry	aeon, ratio	t_R(γ₁ · γ₂) = t_R(γ₁) + t_R(γ₂) with winding(x+y) = winding x + winding y + carry	readings add under concatenation with the carry cocycle		N:2026-09-24_THE_AEON_EPOCH_AND_CYCLE_STANDARDIZE_THE_PASSAGE_OF_TIME.md; L:Geometry/PhaseCarry:carry_cocycle; R:holonics::aeon::Reading::add	formal-checked	uses:winding.carry-cocycle
aeon.cycle-reading	aeon, cycle, coholon	closed aeon: r_R = 0 for every integral clock; n_R topological, gauge-free, deformation-invariant; exact parts integrate to zero	a cycle's readings are whole windings, conserved counts rather than elapsed quantities	integral clock	N:2026-09-24_THE_AEON_EPOCH_AND_CYCLE_STANDARDIZE_THE_PASSAGE_OF_TIME.md; L:Geometry/PhaseCarry:closed_loop_has_integer_winding; L:Objects/Pairing:pairing_add_coboundary; R:holonics::aeon::Cycle	formal-checked	uses:aeon.pairing
aeon.epoch-ticks	aeon, epoch, receiver	epoch ticks = oriented crossings of Σ_R; tick rate = flux ∫_(Σ_R) ρ v·n dS; coarsening merges epochs by first return to Σ' ⊂ Σ (the Odometer's carry on a digit clock)	the time a receiver counts is the flux of the Holarchy's motion through its section; the partition belongs to the receiver and grain	record definition	N:2026-09-24_THE_AEON_EPOCH_AND_CYCLE_STANDARDIZE_THE_PASSAGE_OF_TIME.md; L:Objects/Parametron:ownerCrossings_eq_targetTicks; L:Geometry/PhaseCarry:odometer_iterate; R:holonics::aeon::epochs	definition	uses:aeon.signed-flux
aeon.kac-grain-ratio	aeon, epoch, tower	mean first return to Σ' from π|Σ' as the undivided pair (Σ_(y∈Σ') π_y m_y : π(Σ')) = (π(Σ) : π(Σ')); = μ(Σ)/μ(Σ') fine epochs per coarse epoch when π(Σ') ≠ 0	how much finer time passes per coarse epoch is a ratio of section measures (Kac), not a property of a privileged clock	finite chain, stationary π, m solving the first-step equations (exists if stochastic, irreducible, Σ' ≠ ∅); divided form for π(Σ') ≠ 0; ergodic measure-preserving maps owed #62	N:2026-09-24_THE_AEON_EPOCH_AND_CYCLE_STANDARDIZE_THE_PASSAGE_OF_TIME.md; L:Aeon/Production/Kac:kac_grain_ratio; R:holonics::aeon::MarkovChain::grain_ratio	formal-checked	uses:aeon.epoch-ticks
aeon.two-clocks-lock	aeon, cycle, key, landmark	α = p/q ⇒ lock at Farey address (q v_a = p v_b), every q-tick aeon a cycle;  α irrational ⇒ no cycle, epoch grains are convergents p_n/q_n with |q_n α − p_n| ≤ 1/q_(n+1) and < 1/q_n (n ≥ 1); three-distance theorem bounds the gaps	the winding decides where a Holarchy's own temporal boundaries fall	two clocks with frequency ratio α; the strict bound and the three-distance theorem are in aeon.near-return-strict-open	N:2026-09-24_THE_AEON_EPOCH_AND_CYCLE_STANDARDIZE_THE_PASSAGE_OF_TIME.md; L:Geometry/PairResonance:mediant_neighbours_both; L:Geometry/Farey:theProductCarriesTheConvergents; L:Aeon/Clock/Lock:lock_at_address; L:Aeon/Clock/Lock:no_cycle_of_irrational; L:Aeon/Clock/Lock:convergent_near_return; L:Aeon/Clock/Lock:convergent_near_return_lt; R:holonics::aeon::TwoClocks	formal-checked	uses:lock.farey-neighbour
aeon.boundary-retention	aeon, compression, deposition	at an aeon boundary the future-sufficient quotient of the constitution is taken; what rests is the retained constitution, not a record of the aeon's interior	a program-chosen save point was a proxy for this	record definition	N:2026-09-24_THE_AEON_EPOCH_AND_CYCLE_STANDARDIZE_THE_PASSAGE_OF_TIME.md; L:Foundation/Standing/Law:standingLaw_exists_iff_future_factors	definition	uses:compression.retention-quotient
aeon.a1-groupoid	aeon, cycle	occurrences = objects, aeons = arrows, concatenation, reversal Rγ inverse; clock = representation in (ℝ,+) lifting a circle phase; closed form = flat time connection; epoch crossings = ℤ-valued cocycle; carry = 2-cocycle of reduction mod the period; closed-clock cycle readings factor through H₁	A1: the aeon groupoid with clocks as time connections	combinatorial aeons on an oriented 2-complex; epoch crossings as a closed cut cochain; smooth fundamental groupoid outside the Lean	L:Aeon/Clock/Groupoid:instGroupoid; L:Aeon/Clock/Reading:classReading_comp; L:Aeon/Clock/Reading:cycle_reading_factors_through_homology; L:Aeon/Clock/Epoch:crossings_concat; L:Aeon/Clock/Winding:carry_cocycle; N:2026-09-24_THE_AEON_EPOCH_AND_CYCLE_STANDARDIZE_THE_PASSAGE_OF_TIME.md; R:holonics::aeon::Aeon	formal-checked	uses:aeon.pairing
aeon.a2-hodge-time	aeon, constitution, coholon	ω = dφ (state: boundary-read) + h (winding: cycle-read, conserved) + δβ (production: coexact curvature, nonzero on contractible cycles)	A2: Hodge-decomposed time; an aeon is relatively complete for a clock exactly when that clock reads exactly on it (agent-inferred)	finite weighted cell complex over ℚ in Lean; compact Riemannian manifold standard (continuum Hodge owed #62)	N:2026-09-24_THE_AEON_EPOCH_AND_CYCLE_STANDARDIZE_THE_PASSAGE_OF_TIME.md; L:Foundation/HodgeReceiver:hodge_decomposition; L:Aeon/Production/HodgeTime:timeSplit_unique; L:Aeon/Production/HodgeTime:boundary_determined_iff_exact; L:Aeon/Production/HodgeTime:production_is_curvature; L:Aeon/Production/HodgeTime:isClosed_iff_production_zero; R:holonics::aeon::hodge_split	formal-checked	uses:constitution.hodge-split
aeon.a3-asymptotic-cycle	aeon, cycle, receiver	γ_T/T → A_μ ∈ H₁(M;ℝ) (Schwartzman); long-run tick rate of R = ⟨[ω_R], A_μ⟩; on a torus A_μ is the rotation vector	A3: receivers' long-run rates are pairings with one asymptotic cycle	flow-invariant probability measure	N:2026-09-24_THE_AEON_EPOCH_AND_CYCLE_STANDARDIZE_THE_PASSAGE_OF_TIME.md	proved-standard	uses:aeon.pairing
aeon.a4-entropy-clock-change	aeon, epoch, ratio	entropy per epoch = entropy per unit time × mean epoch length (Abramov); with Kac, entropy is a density along aeons transforming by the ratio of clock readings	A4: each clock has its own entropy rate, related by pairings	ergodic return map (standard); finite stochastic irreducible Markov chain with π(A) ≠ 0 in Lean; KS entropy of the induced shift owed #62	L:Aeon/Production/Kac:abramov; L:Aeon/Production/Kac:abramov_ledger; N:2026-09-24_THE_AEON_EPOCH_AND_CYCLE_STANDARDIZE_THE_PASSAGE_OF_TIME.md	proved-standard	uses:aeon.kac-grain-ratio
aeon.a5-production-clock	aeon, contact, holon	dS = δQ/T + σ, σ ≥ 0; ∮δQ/T = −∮σ ≤ 0 (Clausius); in the Holon σ = ⟨Jv, DJv⟩/T, Dirac and Cayley parts contribute zero	A5: production is a positive non-closed clock, the arrow; the entropy axis is a curvature term, not a second phase clock	standard; Holon reading agent-inferred	N:2026-09-24_THE_AEON_EPOCH_AND_CYCLE_STANDARDIZE_THE_PASSAGE_OF_TIME.md; L:Holon/Conformance:pairContact_resistive	proved-standard	uses:contact.power
aeon.a6-irreversibility-kl	aeon, ratio, receipt	σ(γ) = D(P_γ ‖ P_(Rγ)) ≥ 0, additive over epochs (Markov), zero ⇔ detailed balance	A6: the arrow of an aeon is the divergence between the aeon and its reversal: cross-entropy as a literal physical effect	finite chain of exact rationals, π > 0, P ≥ 0 with symmetric support; stationary stochastic for additivity and the ⇔; logarithms read in ℝ	N:2026-09-24_THE_AEON_EPOCH_AND_CYCLE_STANDARDIZE_THE_PASSAGE_OF_TIME.md; L:Aeon/Production/PathReversal:production_eq_zero_iff; L:Aeon/Production/PathReversal:detailedBalance_eigenvalue_real; R:holonics::aeon::MarkovChain::mean_production	formal-checked	uses:aeon.a5-production-clock
aeon.a7-first-law-learning	aeon, deposition, ratio	ΔC = ∫ −Σ ṗ log q (exchange) + ∫ −Σ p q̇/q (deposition); each path-dependent, the sum boundary-determined; over a cycle exchange = −deposition	A7: the first law of learning, the heat/work structure of cross-entropy change	exact identity; reading agent-inferred	N:2026-09-24_THE_AEON_EPOCH_AND_CYCLE_STANDARDIZE_THE_PASSAGE_OF_TIME.md; R:holonics::aeon::learning_balance; L:Aeon/Production/FirstLaw:first_law_epoch; L:Aeon/Production/FirstLaw:first_law_aeon	formal-checked	uses:aeon.a2-hodge-time
aeon.a8-dynamical-zeta	aeon, cycle, navigator	ζ(T) = exp Σ N_n Tⁿ/n = 1/det(I − T·M); flow: ∏_c (1 − e^(−s·t(c)))⁻¹; trace formula weights cycles by t(c)/|det(1 − P_cᵏ)|^(1/2)	A8: the dynamical zeta of the epoch return map is the machine's trace faces	finite/linear return map	N:2026-09-24_THE_AEON_EPOCH_AND_CYCLE_STANDARDIZE_THE_PASSAGE_OF_TIME.md	proved-standard	equiv:navigator.zeta
aeon.a9-placement-reversibility	aeon, parametron, constitution	detailed balance ⇒ navigator self-adjoint in L²(π), real spectrum; G ≻ 0, S = Sᵀ ⇒ σ(G⁻¹S) ⊂ ℝ; production permits complex spectrum	A9: spectral placement on the real line is reversibility; modes on the unit circle are conserved, inside it decay	finite form of #54	N:2026-09-24_THE_AEON_EPOCH_AND_CYCLE_STANDARDIZE_THE_PASSAGE_OF_TIME.md; L:Transport/HolonicInteraction:selfAdjoint_of_no_structure	proved-standard	uses:holon.no-structure-self-adjoint
aeon.a10-production-functional	aeon, cycle, compression	P ≥ 0 on aeons with zero set = distinguished class: σ (reversible cycles), antisymmetric part (real spectrum), calibration defect Vol(Z) − ⟨ω^p/p!, Z⟩ (complex cycles), 2ν|Def u|²/T (Kelvin-conserved Euler cycles)	A10: one production functional whose zero set is the distinguished class in each subject; indefiniteness removes the lower bound	agent-inferred synthesis over standard facts	N:2026-09-24_THE_AEON_EPOCH_AND_CYCLE_STANDARDIZE_THE_PASSAGE_OF_TIME.md	interpretation	uses:aeon.a5-production-clock
aeon.a11-singular-aeon	aeon, epoch	one clock's reading finite while another clock's epoch count diverges (ratio blows up); Beale–Kato–Majda: smooth continuation past T* ⇔ ∫₀^(T*) ‖ω‖_∞ dt < ∞	A11: a singular aeon is two clocks whose ratio blows up; closed orbits of commuting clocks are its cycles	definition; BKM standard	N:2026-09-24_THE_AEON_EPOCH_AND_CYCLE_STANDARDIZE_THE_PASSAGE_OF_TIME.md	definition	uses:aeon.pairing
aeon.parametric-time-cross-entropy	aeon, ratio, receipt	d/dλ H(p,q) = −Σ ṗ log q − Σ p q̇/q along a clock λ; σ = D(P_γ‖P_(Rγ)); F(p) − F(q) = k_B T·D(p‖q)	cross-entropy is flux across crossing sections and axes of time; its rate along an aeon depends on which clock form parametrizes it	CLAUDE.md governing law	D:docs/ELEMENTARY_OBJECTS.md#12-aeon-epoch-and-cycle-the-passage-of-time; N:2026-09-24_THE_AEON_EPOCH_AND_CYCLE_STANDARDIZE_THE_PASSAGE_OF_TIME.md	definition	uses:aeon.a7-first-law-learning
compression.cokernel-two-term	compression, coholon	(∀y∈range T, ω y = 0) ⇔ Tᵀω = 0 ⇔ ω ∈ (range T)^⊥	a coholon annihilating the image is exactly a cocycle of the two-term complex C₁→C₀; kernel/cokernel is the two-term pairing	any linear T	L:Objects/Pairing:annihilates_range_iff_cocycle; L:Objects/Pairing:annihilates_range_iff_mem_dualAnnihilator	formal-checked	specializes:compression.cokernel
compression.fredholm-alternative	compression, coholon, key	(∃x, Mx = y) ⇔ ∀ω (Mᵀω = 0 ⇒ ⟨ω,y⟩ = 0)	a target is reached exactly when every cokernel coholon vanishes on it; an obstructed target is certified by one cocycle	rational matrices	L:Objects/Pairing:mem_range_iff_coholon_cocycles_vanish; L:Transport/EditRigidity:mem_range_iff_annihilators_vanish	formal-checked	uses:compression.cokernel-two-term
compression.joint-kernel	compression, receiver	collapsed(ρ family) = ⋂ ker ρ_i = ker(joint reading);  x, y unseparated ⇔ x − y ∈ collapsed	an additive receiver family collapses exactly its joint kernel	additive receivers	L:Foundation/Receiver:theCollapsedIsTheJointKernel; L:Foundation/Receiver:unseparatedIffDifferenceCollapsed; L:Foundation/Receiver:jointReading	formal-checked	specializes:compression.kernel
compression.retention-quotient	compression, receipt, deposition	∃ StandingLaw with retain r ⇔ ∀x,y (r x = r y ⇒ causalSignature x = causalSignature y);  canonical standing = the causal signature itself	retention is any quotient through which every admitted future observation factors, and no other; the causal signature is the coarsest such quotient	Nonempty Face	L:Foundation/Standing/Law:standingLaw_exists_iff_future_factors; L:Foundation/Standing/Law:canonicalStanding; L:Foundation/Standing/Law:causalSignature_eq_iff_futureAgreement	formal-checked	uses:receipt.standing-law
compression.two-histories-one-standing	compression, receipt	two different passage histories leave one medium standing; two presents with one present face carry standings a later receiver separates	retention forgets history, and a present face does not determine the retained constitution	witness carrier (wave, medium)	L:Foundation/Standing:two_histories_leave_one_standing; L:Foundation/Standing:one_present_face_two_standings_separated_later	counterexample	instance-of:compression.retention-quotient
compression.kernel	compression, receiver, navigator	𝒦 = futureCollapsed = {x | ∀ρ, ∀w∈G*, ρ(T_w x) = 0} (additive);  generally futureAgreement(x,y) := ∀ρ,w ρ(T_w x) = ρ(T_w y)	the relevance kernel: the differences no admitted future receiver distinguishes after any ordered navigator history; quotienting by it is compression and is retention	additive transports and receivers for the subgroup form	L:Foundation/CausalRelevance:futureCollapsed; L:Foundation/CausalRelevance:mem_futureCollapsed_iff; L:Foundation/CausalRelevance:futureAgreement; D:docs/plans/THE_REBUILD.md#the-line-the-rebuild-serves	definition	
compression.kernel-greatest-invariant	compression, receiver, navigator	𝒦 is navigator-invariant, 𝒦 ⊆ present blind subgroup, and every navigator-invariant present-blind subgroup ⊆ 𝒦	the relevance kernel is the greatest navigator-invariant subgroup blind to the present receivers	additive	L:Foundation/CausalRelevance:futureCollapsed_is_greatest_generatorInvariant; L:Foundation/CausalRelevance:futureCollapsed_invariant; L:Foundation/CausalRelevance:futureCollapsed_le_presentCollapsed; L:Foundation/CausalRelevance:futureCollapsed_is_presentBlind_and_invariant	formal-checked	uses:compression.kernel, equiv:info.relevance-kernel
compression.future-agreement-greatest-stable	compression, receiver	futureAgreement is an equivalence, preserved by every step, ⊆ present agreement, and the greatest step-stable relation inside present agreement; = collapseOf(future receiver family)	future agreement is the coarsest retention compatible with every admitted continuation	any transports and receivers	L:Foundation/CausalRelevance:futureAgreement_is_greatest_stable; L:Foundation/CausalRelevance:futureAgreement_equivalence; L:Foundation/CausalRelevance:futureAgreement_preserved_by_step; L:Foundation/CausalRelevance:futureAgreement_iff_collapseOf	formal-checked	uses:compression.kernel
compression.quotient-ne-returns-separator	compression, receiver	complete future history: quotient equal ⇔ causal signatures equal;  quotient unequal ⇒ returns a separating (receiver, word)	an unequal kernel class is witnessed by a concrete separating future	additive	L:Foundation/CausalRelevance:completeFutureHistory_quotientEq_iff_causalSignatureEq; L:Foundation/CausalRelevance:futureHistory_quotientNe_returns_separator	formal-checked	uses:compression.kernel
compression.present-blind-not-stable	compression, receiver, navigator	three-coordinate source, receiver reads x₁; third coordinate blind and stable; a swap navigator reopens the second coordinate	the present blind set need not be navigator-stable: a later navigator can reopen what the present receiver cannot see	nonlinear control	L:Foundation/CausalRelevance:swap_reopens_second_coordinate; L:Foundation/CausalRelevance:thirdBlind_future	counterexample	obstructs:compression.kernel
compression.history-compression	compression, receiver, navigator	q(x) = q(y) ⇒ ∀w, ∀ρ ρ(T_w x) = ρ(T_w y), given q ∘ T_g = T̄_g ∘ q (navigator-wise equivariance)	navigator-wise equivariance of a quotient proves every declared receiver factors through it after every ordered word, with noncommuting order retained	declared receiver family and transports	L:Foundation/ReceiverHistoryCompression:quotientEqForcesEverySuccessorFace; L:Foundation/ReceiverHistoryCompression:quotientCommutesWithEveryOrderedWord; L:Foundation/ReceiverHistoryCompression:allSuccessorHistories	formal-checked	instance-of:compression.retention-quotient
compression.static-reopens-under-successor	compression, receiver	first-coordinate compression agrees on two occurrences; exchangeCoordinates reopens them	a static receiver and quotient can collapse what one successor transport reopens	finite control	L:Foundation/ReceiverHistoryCompression:aStaticCompressionCanReopenUnderOneSuccessor; L:Foundation/ReceiverHistoryCompression:separatingSuccessorReopensTheProposedQuotient	counterexample	obstructs:compression.history-compression
compression.complete-history-identity	compression, receiver	complete receiver-history quotient: q(x) = q(y) ⇔ causalSignature(x) = causalSignature(y);  q(x) ≠ q(y) ⇒ returns a separating (receiver, history)	the coarsest stable receiver/history relation is exact identity of future signatures, with a constructive separator	completeness hypothesis named	L:Foundation/CompleteReceiverHistory:quotientEq_iff_causalSignatureEq; L:Foundation/CompleteReceiverHistory:quotientNe_returnsSeparatingReceiverHistory; L:Foundation/CompleteReceiverHistory:quotientEqualityRetainsBothOccurrences	formal-checked	uses:compression.quotient-ne-returns-separator
compression.joint-receiver-descent	compression, receiver, navigator	X/𝒦_joint, 𝒦_joint = ⋂ ker ρ_i;  navigator g descends ⇔ g(𝒦_joint) ⊆ 𝒦_joint;  then q x = q y ⇒ every successor face agrees	an additive receiver family has a canonical quotient keeping every joint face's full inverse image; preserving navigators descend and give history exactness	additive receivers and navigators	L:Foundation/JointReceiverDescent:joint_generator_descends_iff; L:Foundation/JointReceiverDescent:quotient_eq_iff_joint_readings_eq; L:Foundation/JointReceiverDescent:quotient_eq_forces_every_successor_face; L:Foundation/JointReceiverDescent:separating_successor_reopens_quotient	formal-checked	uses:compression.joint-kernel
compression.mode-gram	compression, navigator, receiver	det Gram(E v_i) = 0 ⇔ (E v_i) linearly dependent;  dependent ⇒ every alternating volume vanishes;  independent ⇒ #modes ≤ dim Q	independent navigator modes at a receiver are exactly those with a nonvanishing receiver Gram determinant, at most the receiver dimension	real encoder E: V → Q	L:Foundation/NavigatorModeQuotient:receiver_gram_zero_iff; L:Foundation/NavigatorModeQuotient:dependent_modes_excluded; L:Foundation/NavigatorModeQuotient:independent_mode_count_le	formal-checked	
compression.eliminate-redundant-mode	compression, navigator	E(extra) = Σ r_i E(v_i) ⇒ E(Σ c_i v_i + a·extra) = E(Σ (c_i + a r_i) v_i), and so after every word when E∘T_g = T̄_g∘E	a dependent mode is eliminated into the independent ones exactly, for every admitted future	encoder intertwines fine and coarse navigators	L:Foundation/NavigatorModeQuotient:eliminate_redundant_mode; L:Foundation/NavigatorModeQuotient:eliminated_mode_every_future	formal-checked	uses:compression.mode-gram
compression.repeated-navigator-amplitude	compression, navigator	double(double 1) = 4 ≠ 2 = double 1	alternation excludes a dependent direction as a new mode, not the repeated application of a navigator, which can change amplitude	witness	L:Foundation/NavigatorModeQuotient:repeated_navigator_can_change_amplitude	counterexample	obstructs:compression.mode-gram
compression.inference-posterior	compression, navigator, key	posterior ∝ 2^(−description) · likelihood;  minimizer of description + code cost ⇔ posterior mode;  variational gap = KL bits	navigator inference: minimizing description plus loss is the posterior mode, and a variational chart's gap is a KL divergence in bits	finite admitted candidate type, positive chart	L:Foundation/NavigatorInference:minimizer_iff_posterior_mode; L:Foundation/NavigatorInference:posterior_of_log_description_and_likelihood; L:Foundation/NavigatorInference:variational_gap_eq_kl_bits; L:Foundation/NavigatorInference:exact_solver_iff_posterior_mode	formal-checked	
compression.sufficient-statistic-inference	compression, navigator	posterior depends on the source only through a sufficient statistic, for every future; two symbol counts carry a whole finite candidate likelihood family	a recursively sufficient representation keeps navigator inference exact; order is discarded only for an additive source law	additive source law	L:Foundation/NavigatorInference:sufficient_statistic_posterior; L:Foundation/NavigatorInference:sufficient_statistic_every_future; L:Foundation/NavigatorInference:same_counts_preserve_inference	formal-checked	instance-of:compression.retention-quotient
compression.coarse-posterior-pushforward	compression, tower	noninjective representation change: coarse objective = −log Σ_fibre 2^(−objective);  posterior_coarse = pushforward of posterior_fine	a noninjective change of representation transports candidate mass through the whole fibre	positive fibre weights	L:Foundation/NavigatorInference:posterior_coarse_eq_pushforward; L:Foundation/NavigatorInference:coarse_exponential; L:Foundation/NavigatorInference:sum_fibreWeight	formal-checked	
compression.serial-code-balance	compression, receipt, holon	code(joined) = code₁ + code₂, endpoint potentials cancel at the joined boundary through the stored pullback equality	serial code costs add; the middle potential cancels only through its joining equality	ReceiverCodeCost chart	L:Foundation/ReceiverCodeCost:serial_boundary_balance	formal-checked	
compression.perron-code-balance	compression, navigator	A v = λ v, v > 0: P_ij = A_ij v_j/(λ v_i) nonnegative, rows sum 1; edge code balance; edge code production nonnegative, antisymmetric under swap, zero under detailed balance	a positive eigenvector of a nonnegative adjacency supplies an explicit code/boundary law	nonnegative finite weighted adjacency	L:Foundation/ReceiverCodeCost:perronTransition_normalized; L:Foundation/ReceiverCodeCost:perron_edge_code_balance; L:Foundation/ReceiverCodeCost:edgeCodeProduction_nonnegative; L:Foundation/ReceiverCodeCost:perron_edgeCodeProduction_zero	formal-checked	
compression.cost-bracket-transport	compression, receipt	code balance ⇒ cost ∈ [lower, upper];  an exact candidate equivalence transports a feasible optimum's cost bound	a receiver reading brackets the real cost, and an optimum transports across an exact candidate equivalence	declared balance hypotheses	L:Foundation/ReceiverCodeCost:cost_mem_Icc_of_code_balance; L:Foundation/ReceiverCodeCost:feasible_cost_le_transported	formal-checked	
compression.fold-tautology-not-standing	compression, deposition	the result of List.foldl over an update list suffices for that fold's future (StandingLaw with the update list as source)	a fold over updates is a tautological sufficiency, not the retention of the contact material, which remains owed (#17, #62)	generic fold	H:formal/elementary-holonics/ElementaryHolonics/Transport/ContactAmplitudeState.lean	formal-checked	instance-of:receipt.standing-law
compression.cokernel	compression, navigator, key	coker F = target / range F: the residual a navigator's image does not reach, emanated or retained as a separator, interior or defect; reached ⇔ every cokernel coholon vanishes; a class reachable only in a multiple is torsion in the cokernel	the cokernel is the dual side of the coupling: what the navigator cannot reach	against a declared receiver family	D:docs/plans/THE_REBUILD.md#the-line-the-rebuild-serves; L:Objects/Pairing:mem_range_iff_coholon_cocycles_vanish; L:Landmarks/CokernelCalculus:theMultipleReachableClassIsTorsionInTheCokernel; L:Foundation/LatticeTransport:saturated_iff_cokernelClass_has_torsionWitness	definition	dual-of:compression.kernel
compression.codec-pivot	compression, navigator	compression = codec pivot carrying its decoder; its description is an actual code over a declared codec family (fixed-width indices of step, configuration and read), read back by the decoder; measured by Kt = |code| + ⌈log₂ t⌉ against the literal code; a partial pivot adds one patch per face outside the navigator's image	a compression is a navigator plus decoder standing in for the material it regenerates, causally over the navigator's clock; every bit counted is a bit written; no single scalar of progress	guide definition	D:docs/plans/THE_REBUILD.md#the-line-the-rebuild-serves; D:docs/ELEMENTARY_OBJECTS.md#emanation-and-resonance; L:Compression/Core/Cost:CodecPivot; L:Compression/Core/Cost:CodecFamily.describe; L:Compression/Core/Cost:CodecFamily.partialCode; R:holonics::compression::CodecPivot	definition	uses:compression.kernel
compression.resonate-emanate	compression, constitution, parametron	drive d = r + e: r ∈ ker(K − ω²C) resonates (RIDE: zero holding effort, the mode-energy exchange conserved); e ⟂_C ker(K − ω²C) emanates (FOUND: nonzero holding effort; work over [0, t] of the held motion is sin²(ωt)(ω²S_C(e) − S_K(e)), which may be zero or negative); floors: Landauer (erasure), Margolus–Levitin (ops per energy), Bekenstein (bits per energy × radius)	resonating rides an existing mode at zero effort; emanating always needs effort, but its work is a quadratic form of the emanating part that can vanish or be negative; the physical floors are floors, not an exchange rate	anisotropic C (a singular C is refused or quotiented); no dissipation	D:docs/ELEMENTARY_OBJECTS.md#emanation-and-resonance; L:Compression/Core/Resonance:split_exists_unique; L:Compression/Core/Resonance:resonant_drive_rides; L:Compression/Core/Resonance:emanating_drive_needs_effort; L:Compression/Core/Resonance:work_ledger; L:Compression/Core/Resonance:clamp_witness; R:holonics::compression::resonance_split	definition	uses:constitution.modes
compression.landmarks	compression, landmark, key	landmarks = faces where navigator paths converge: lock addresses and fixed points; constraint identities (π, e, Λ_DN); zeros and primes	landmark discovery is locating keys by loop closure, the same inference the HNN performs	guide definition	D:docs/plans/THE_REBUILD.md#the-line-the-rebuild-serves; L:Transport/HelicalPairInteraction:menu_loop_closure; R:holonics::compression::landmark	definition	uses:key.menu-loop-closure
compression.encoder-decoder-square	compression, navigator, receiver	ρ_j = d_j C and C T_i = U_i C for the admitted receivers and navigators⇒ every word descends; equality at one current receiver is insufficient when a later receiver separates	an encoding admits decoders and descended navigators exactly by these two equations, composed through words	admitted receiver and navigator families	D:docs/RECEIVER_HOLARCHY.md#compression-storage-and-reconstruction-are-receiver-relative-conduct; L:Foundation/ReceiverHistoryCompression:quotientCommutesWithEveryOrderedWord	proved-derived	uses:compression.history-compression
compression.landmark-pullback	compression, landmark, receiver	F_I = ⋂_(i∈I)(ρ_i ∘ p_i)⁻¹(O_i) ⊆ Ω,  Y_* = (ρ_* ∘ p_*)(F_I);  F_(0,1,2) ⊆ F_(0,2) ⇒ Y_*^(0,1,2) ⊆ Y_*^(0,2)	landmarks constrain one continuing interior by a joint pullback on one family; a future face can be determined while the interior stays plural	admitted family of evolutions Ω	D:docs/RECEIVER_HOLARCHY.md#landmarks-constrain-one-continuing-interior; L:Transport/ReceiverPotential:additional_observation_refines; L:Transport/ReceiverPotential:outcomes_singleton_of_factor	proved-derived	uses:receipt.compatible-potential
compression.boundary-reduction	compression, tube, globe	E_next(Ax + Bz) = U(Ex) ∀x,z ⇔ E_next A = U E ∧ E_next B = 0	interior omission is lawful exactly when the interior coupling contributes nothing to the admitted future face	linear chart, boundary x and interior z	L:Physics/ReflectedBoundaryMemory:boundary_reduction_iff; D:docs/RECEIVER_HOLARCHY.md#landmarks-constrain-one-continuing-interior	formal-checked	uses:compression.encoder-decoder-square
compression.design-merge-by-potential	compression, receiver	merge ⇔ EqualPotential over all declared receivers, environments and admitted futures; only equivalentBy licenses a merge; "not separated within the bound" and "refuted" never do; one separating future receiver refutes the merge	a bounded search can refute a merge and never license one	declared design situation	L:Foundation/DesignSelection:only_equivalentBy_licenses_merge; L:Foundation/DesignSelection:notSeparatedWithinBound_does_not_license_merge; L:Foundation/DesignSelection:oneSeparatingFutureReceiverRefutesTheMerge	formal-checked	uses:holon.ladder-implications
compression.design-agreement-controls	compression, receiver	present agreement ⇏ environment agreement; declared-environment agreement ⇏ undeclared; tolerance closeness at one receiver licenses nothing; a violating design is never admitted and the best design can still be refused	design equivalence is equal potential, never equal score	witnesses	L:Foundation/DesignSelection:presentAgreementDoesNotImplyEnvironmentAgreement; L:Foundation/DesignSelection:declaredEnvironmentAgreementDoesNotImplyUndeclared; L:Foundation/DesignSelection:toleranceClosenessAtOneReceiverLicensesNothing; L:Foundation/DesignSelection:theBestDesignIsStillRefused	counterexample	obstructs:compression.design-merge-by-potential
key.every-action-is-a-key	key, constitution, navigator	action expression + antecedents against a constitution (the lock) induce a consequence as flux only when they fit; dormant modes wait for a fitting antecedent; learning = locating keys (configuration and gauge) from loop-closure constraints	every action is a key; learning is compression (pruning) and navigation (the route)	project postulate	D:docs/ELEMENTARY_OBJECTS.md#keys-locks-and-navigation	definition	uses:key.menu-loop-closure
key.enigma-reading	key, parametron, navigator	rotor = parametron ring stepping by winding with carry (Odometer); plugboard/reflector = fixed material and boundary involution; return A⁻¹FA; key = navigators' initial configuration; Bombe = pairwise loop closure over the menu	the Enigma/Bombe reading is literal in the elementary objects; no cryptanalytic application is pursued	definition	D:docs/ELEMENTARY_OBJECTS.md#keys-locks-and-navigation; L:Geometry/PhaseCarry:odometer_iterate; L:Transport/HelicalPairInteraction:reflectedReturn; R:holonics::compression::ReflectorMachine; R:holonics::holon::contact::menu::reflected_return	definition	uses:key.menu-loop-closure
key.menu-loop-closure	key, navigator, contact, landmark	(∏ S⁻¹ C_i S)(a) = a ⇔ (∏ C_i)(S a) = S a;  S⁻¹(∏ C_i)S = ∏ S⁻¹C_i S	a closed menu path of boundary-conjugated stages closes exactly when the known stage word fixes the unknown boundary image: the Bombe's loop-closure inference refutes a phase without resolving S	permutations	L:Transport/HelicalPairInteraction:menu_loop_closure; L:Transport/HelicalPairInteraction:boundary_conj_list_prod; D:docs/ELEMENTARY_OBJECTS.md#keys-locks-and-navigation; R:holonics::holon::contact::menu::menu_loop_closure	formal-checked	uses:pair.reflected-return
inertia.pullback-bound	constitution, ratio	n₊(PᵀAP) ≤ n₊(A) and n₋(PᵀAP) ≤ n₋(A) for every P of any shape; ker P lies in the radical of PᵀAP;  A=diag(1,−1), P=[[1,1],[1,1]]: PᵀAP=0 drops both n₊ and n₋	pulling a symmetric form back through any map can only lose inertia; a rank-one collapse loses both signs	symmetric A over an ordered field, any P	H:crates/holonics/src/inertia.rs; N:2026-08-11_THE_RUNG_REFUSES_BY_NAME_AND_THE_UNRESOLVED_PAIR_IS_THE_REMAINDER.md	proved-derived	uses:constitution.modes
inertia.rank-trace-defect	constitution, ratio	2c·tr A − ‖A‖²_F = Σ_i (c² − (c−λ_i)²)	the trace/Frobenius defect at a shift c reads the spectrum without computing it	symmetric A, c rational	H:crates/holonics/src/inertia.rs; N:2026-08-11_THE_RUNG_REFUSES_BY_NAME_AND_THE_UNRESOLVED_PAIR_IS_THE_REMAINDER.md	proved-derived	uses:inertia.pullback-bound
aeon.groupoid	aeon, cycle	occurrences = objects, aeon classes (chained signed-edge words mod backtrack and two-cell moves) = arrows; (γ·δ)·ε = γ·(δ·ε), rest·γ = γ = γ·rest, R(γ·δ) = Rδ·Rγ, γ·Rγ ~ rest ~ Rγ·γ	aeons compose by concatenation and invert by reversal up to homotopy: a Mathlib groupoid	oriented 2-complex, combinatorial words	L:Aeon/Clock/Groupoid:instGroupoid; L:Aeon/Clock/Groupoid:Aeon.concat_assoc; L:Aeon/Clock/Groupoid:Aeon.reverse_concat; L:Aeon/Clock/Groupoid:concat_reverse_homotopic; L:Aeon/Clock/Groupoid:homotopic_concat; R:holonics::aeon::Aeon	formal-checked	specializes:aeon.a1-groupoid
aeon.reading-representation	aeon, receiver, coholon	t_ω(γ) = Σ_steps ±ω(e);  t(γ·δ) = t(γ) + t(δ), t(Rγ) = −t(γ), t(rest) = 0;  descends to aeon classes: classReading(f ≫ g) = classReading f + classReading g, classReading(inv f) = −classReading f	a clock is a representation of the aeon groupoid in (A,+)	closed form ω, A additive comm group	L:Aeon/Clock/Reading:reading_concat; L:Aeon/Clock/Reading:reading_reverse; L:Aeon/Clock/Reading:classReading_comp; L:Aeon/Clock/Reading:classReading_inv; L:Aeon/Clock/Reading:classReading_id; R:holonics::aeon::reading	formal-checked	specializes:aeon.a1-groupoid,uses:aeon.groupoid
aeon.homotopy-iff-closed	aeon, cycle, coholon	(∀ p ~ q, t_ω(p) = t_ω(q)) ⇔ ∀ cells f, t_ω(∂f) = 0	a form's readings are homotopy-invariant exactly when it is closed (a flat time connection)	any oriented 2-complex	L:Aeon/Clock/Reading:homotopy_invariant_iff_closed; L:Aeon/Clock/Reading:reading_homotopy_invariant; L:Aeon/Clock/Reading:wordReading_move; R:holonics::aeon::ClosedForm; R:holonics::aeon::Aeon::with_cell	formal-checked	uses:aeon.groupoid
aeon.stokes-gauge	aeon, cycle, coholon	t_(dφ)(γ: u→v) = φ(v) − φ(u);  dφ closed on a well-formed complex;  cycle γ: t_(ω+dφ)(γ) = t_ω(γ)	an exact clock reads the boundary occurrences; cycle readings are gauge-free	chained aeon; two-cell boundaries are loops	L:Aeon/Clock/Reading:wordReading_exactForm; L:Aeon/Clock/Reading:reading_exactClock; L:Aeon/Clock/Reading:exactForm_isClosed; L:Aeon/Clock/Reading:cycle_reading_gauge_free	formal-checked	uses:aeon.reading-representation
aeon.cycle-through-homology	aeon, cycle, coholon, complex	chainOf γ ∈ ker ∂₁ for a cycle; ∂₁∂₂ = 0; clock ∈ ker ∂₂ᵀ;  t_ω(γ) = classPairing [ω] [chainOf γ];  chainOf δ = chainOf γ + ∂₂x ⇒ t_ω(δ) = t_ω(γ)	a cycle's reading factors through homology via the owner's class pairing	finite complex over ℚ, well-formed	L:Aeon/Clock/Reading:cycle_reading_factors_through_homology; L:Aeon/Clock/Reading:homologous_cycles_read_alike; L:Aeon/Clock/Reading:wordReading_eq_dotProduct; L:Aeon/Clock/Reading:incidence₁_mul_incidence₂; L:Aeon/Clock/Reading:chainOf_mem_cycles; L:Aeon/Clock/Reading:clock_mem_cocycles; R:holonics::aeon::FiniteComplex::chain	formal-checked	uses:holon.pairing-descends-to-classes,specializes:aeon.cycle-reading
aeon.nonclosed-clock-counterexample	aeon, cycle, coholon	filled triangle, ω = (1,0,0): not closed; boundary loop ~ rest by one face move; t(rest) = 0, t(loop) = 1; loop chain = rest chain + ∂₂(1);  ofAdd t(loop) = triangleHolonomy(ofAdd ω₀₁, ofAdd ω₁₂, ofAdd ω₂₀), closed ⇔ holonomy = 1	a non-closed "clock" is neither homotopy-invariant nor a homology reading; its loop reading is the cell's curvature	witness over ℚ	L:Aeon/Clock/Reading:nonclosed_form_is_not_homotopy_invariant; L:Aeon/Clock/Reading:nonclosed_form_does_not_factor_through_homology; L:Aeon/Clock/Reading:triangleLoop_reading_is_cell_holonomy; R:holonics::aeon::ClosedForm::new	counterexample	obstructs:aeon.homotopy-iff-closed,uses:holonomy.cell-face
aeon.rate-undivided-pair	aeon, receiver, ratio	rate(a,b,γ) = ⟨t_a(γ), t_b(γ)⟩;  rate(b,a) = swap;  ⟨t_a t_b, t_b t_c⟩ = t_b · ⟨t_a, t_c⟩ exactly;  t_b ≠ 0 ⇒ projectively ⟨t_a, t_c⟩, admitted iff it is, and (t_a/t_b)(t_b/t_c) = t_a/t_c for t_c ≠ 0;  t_b = 0 ⇒ (0 : 0);  cycle: regauging either clock keeps the rate, repeating it m ≥ 1 times scales it by m, m = 0 gives (0 : 0);  (0 : 0) ~ every pair, so ~ is transitive only through admitted ratios	the rate between two receivers is the undivided pair of their readings; no clock is privileged	clocks over ℚ; projective statements on admitted (≠ (0 : 0)) ratios	L:Aeon/Clock/Reading:rate_swap; L:Aeon/Clock/Reading:rate_through; L:Aeon/Clock/Reading:rate_regauge_cycle; L:Aeon/Clock/Reading:rate_iterate; L:Aeon/Clock/Reading:rate_through_projectivelyEq; L:Aeon/Clock/Reading:rate_through_zero; L:Aeon/Clock/Reading:projectivelyEq_trans; L:Aeon/Clock/Reading:undetermined_breaks_transitivity; L:Aeon/Clock/Reading:Admitted; R:holonics::aeon::rate	formal-checked	uses:aeon.pairing
aeon.clock-lift	aeon, cycle, navigator	clockLift ι: vertices ℤ^ι, edges x → x + e_i, squares closed (x + e_i + e_j = x + e_j + e_i);  navigator clock dx_i reads y_i − x_i;  torus closes ⇔ ∀i d_i | reading_i ⇒ open phase 0, windings (y_i − x_i)/d_i;  d = 3: three steps and rest close at one torus point, windings 1 and 0	an aeon is a 1-chain in the lift of the joint clock torus; the lift retains the winding the torus forgets	any navigator family ι with decidable equality, periods d_i > 0	L:Aeon/Clock/Winding:clockLift_wellFormed; L:Aeon/Clock/Winding:reading_navigatorClock; L:Aeon/Clock/Winding:torus_closes_iff; L:Aeon/Clock/Winding:torus_cycle_reads_whole_windings; L:Aeon/Clock/Winding:lift_retains_winding; R:holonics::aeon::ClockLift; R:holonics::aeon::TorusClock	formal-checked	specializes:aeon.definition
aeon.windings-open-phase	aeon, cycle, ratio	t = ⌊t⌋ + fract t, 0 ≤ fract t < 1, unique;  fract t = 0 ⇔ t ∈ ℤ	a reading splits uniquely into whole windings (quotient) and open phase (remainder); cycle readings have zero open phase	ordered field with floor	L:Aeon/Clock/Winding:reading_split; L:Aeon/Clock/Winding:split_unique; L:Aeon/Clock/Winding:openPhase_eq_zero_iff; R:holonics::aeon::Reading	formal-checked	specializes:aeon.pairing
aeon.reading-carry-cocycle	aeon, ratio	⌊s+t⌋ = ⌊s⌋ + ⌊t⌋ + c(s,t), c = ⌊fract s + fract t⌋ ∈ {0,1};  fract(s+t) = fract s + fract t − c;  c(a,b) + c(a+b,c) = c(b,c) + c(a,b+c);  windings t(γ·δ) = windings t(γ) + windings t(δ) + c	readings add under concatenation with the carry cocycle	ordered field with floor; ℚ-valued clocks for aeons	L:Aeon/Clock/Winding:windings_add; L:Aeon/Clock/Winding:openPhase_add; L:Aeon/Clock/Winding:carry_cocycle; L:Aeon/Clock/Winding:carry_le_one; L:Aeon/Clock/Winding:aeon_windings_concat; R:holonics::aeon::Reading::carry	formal-checked	generalizes:winding.carry-cocycle,specializes:aeon.concatenation-carry
aeon.split-is-div-rem	aeon, ratio	windings(m/d) = m / d, d·fract(m/d) = m % d, m = d(m/d) + m % d, 0 ≤ m % d < d;  natural chart: windings = PhaseCarry.winding, fract = phase/d, carry(a/n, b/n) = PhaseCarry.carry n a b;  = normalize(passage, potential)	the windings/open-phase split of a ratio reading is its division with remainder, and concatenation carries as the Odometer carries	m ∈ ℤ, d > 0	L:Aeon/Clock/Winding:ratio_split; L:Aeon/Clock/Winding:windings_of_microsteps; L:Aeon/Clock/Winding:openPhase_of_microsteps; L:Aeon/Clock/Winding:carry_of_microsteps; L:Aeon/Clock/Winding:split_eq_clockPassage_normalize; R:holonics::aeon::Reading::of_turns	formal-checked	equiv:ratio.div-rem,uses:winding.carry-cocycle
aeon.ticks-windings-carry	aeon, epoch, parametron, navigator	r < d: targetTicks r k = winding d (n k) + carry d r (n k);  d ≥ 2: ownerCrossings = ⌊(r + n k)/d⌋;  jump^m: θ + 2πm, n + m, chart fixed;  e^{2πi t} = e^{2πi fract t}	ticks crossed are whole windings plus the carry of the starting residue; each winding is one lossless jump; the carrier reads only the open phase	rational clock passage n/d	L:Aeon/Clock/Winding:targetTicks_eq_windings_add_carry; L:Aeon/Clock/Winding:ownerCrossings_eq_windings; L:Aeon/Clock/Winding:jump_iterate; L:Aeon/Clock/Winding:carrier_reads_only_open_phase; R:holonics::aeon::Reading::wind	formal-checked	uses:aeon.split-is-div-rem,uses:aeon.epoch-ticks
aeon.farey-lock-cycle	aeon, cycle, contact	jointReading α k = (kα, k);  α = p/q: every (q m)-tick aeon reads (p m, q m) and is a cycle, and (q, p) is the no-slip rate pair of the clocks read as a pair on one axis, q·(p/q)v = p v, of zero power on every definite face;  gcd(q,p) = 1: cycle ⇔ q | k;  α irrational, k ≠ 0: no cycle;  two clocks on clockLift (Fin 2): IsCycle(turn readings) ⇔ closed loop on the torus, and (kα, k) is the turn reading of the lift aeon	two clocks lock at their Farey address, where every q-tick aeon is a cycle; an irrational ratio closes at no grain	q > 0	L:Aeon/Clock/Lock:lock_at_address; L:Aeon/Clock/Lock:cycle_iff_period_dvd; L:Aeon/Clock/Lock:no_cycle_of_irrational; L:Aeon/Clock/Lock:jointReading_isCycle_iff; L:Aeon/Clock/Lock:isCycle_iff_torus_closes; L:Aeon/Clock/Lock:openPhases_zero_iff_torus_closes; L:Aeon/Clock/Lock:turnReading_eq_jointReading; L:Transport/HelicalPairInteraction:lock_iff_zero_power; R:holonics::aeon::TwoClocks::is_cycle	formal-checked	specializes:aeon.two-clocks-lock, uses:aeon.clock-lift
aeon.convergent-near-return	aeon, cycle, ratio, landmark	p_n, q_n ∈ ℤ, q_n ≥ 1;  α irrational: |q_n α − p_n| ≤ 1/q_(n+1);  n ≥ 1: q_n < q_(n+1), |q_n α − p_n| < 1/q_n;  q_n α − p_n ≠ 0	the convergents are near-returns at every grain and closures at none	GenContFract.of α, α irrational	L:Aeon/Clock/Lock:convergent_near_return; L:Aeon/Clock/Lock:convergent_near_return_lt; L:Aeon/Clock/Lock:convergent_never_closes; L:Aeon/Clock/Lock:dens_lt_dens_succ; L:Aeon/Clock/Lock:nums_integral; L:Aeon/Clock/Lock:dens_integral; L:Aeon/Clock/Lock:one_le_dens; R:holonics::aeon::TwoClocks::near_return	formal-checked	specializes:aeon.two-clocks-lock
aeon.convergents-are-neighbours	aeon, ratio, contact	p_n q_(n+1) − q_n p_(n+1) = (−1)^(n+1);  a/b strictly between consecutive convergents ⇒ b ≥ q_n + q_(n+1)	consecutive convergents are Farey neighbours, so any lock between them costs at least the mediant's period	α irrational, b > 0	L:Aeon/Clock/Lock:convergents_are_farey_neighbours; L:Aeon/Clock/Lock:between_consecutive_convergents_costs_the_mediant; R:holonics::aeon::TwoClocks::convergents	formal-checked	uses:lock.farey-neighbour
aeon.best-near-returns	aeon, cycle, landmark	∀N>0 ∃ 0<q≤N: |qα − p| ≤ 1/(N+1) (Dirichlet);  α irrational: infinitely many p/q with |qα − p| < 1/q;  |qα − p| < 1/(2q), p/q reduced ⇒ p/q is a convergent (Legendre);  α ∈ ℚ ⇒ some convergent closes: q_n α = p_n and the q_n-tick aeon is a cycle	the best near-returns of two clocks are the continued-fraction convergents; a rational ratio locks at one	Mathlib Diophantine approximation	L:Aeon/Clock/Lock:near_return_at_every_grain; L:Aeon/Clock/Lock:infinitely_many_near_returns; L:Aeon/Clock/Lock:good_near_return_is_convergent; L:Aeon/Clock/Lock:rational_ratio_locks_at_a_convergent	formal-checked	uses:aeon.convergent-near-return
aeon.near-return-strict-open	aeon, cycle	|q_n α − p_n| < 1/q_(n+1) (strict);  three-distance theorem for the gaps at each grain	the strict convergent bound and the gap structure are not formalized	α irrational	N:2026-09-24_THE_AEON_EPOCH_AND_CYCLE_STANDARDIZE_THE_PASSAGE_OF_TIME.md	open	uses:aeon.convergent-near-return
aeon.epoch-partition	aeon, epoch, receiver	epochOf ticks j = #{t ∈ ticks | t ≤ j};  epochs exhaustive, disjoint, intervals;  epochOf (j+1) = epochOf j + [j+1 ∈ ticks];  ticks ⊆ (0,N): epochs attained = {0,…,#ticks}, #epochs = #ticks + 1	a receiver's ticks partition an aeon into epochs; a certified section cuts #ticks + 1 of them	aeon of N micro-steps, N > 0	L:Aeon/Clock/Epoch:epoch_exhaustive; L:Aeon/Clock/Epoch:epoch_disjoint; L:Aeon/Clock/Epoch:epoch_contiguous; L:Aeon/Clock/Epoch:epochOf_succ; L:Aeon/Clock/Epoch:epochs_attained; L:Aeon/Clock/Epoch:epoch_count; R:holonics::aeon::Epochs	formal-checked	specializes:aeon.epoch-ticks
aeon.transversal-section	aeon, epoch, receiver	transversal mark (never on Σ twice in a row) ⇒ arrivals = interior visits;  mark' ≤ mark ⇒ arrivals(mark') ⊆ arrivals(mark);  ring section transversal for d ≥ 2	a transversal section's sub-section ticks among its ticks	Boolean section mark along the motion	L:Aeon/Clock/Epoch:arrivals_of_transversal; L:Aeon/Clock/Epoch:arrivals_subset_of_subsection; L:Aeon/Clock/Epoch:ring_section_transversal	formal-checked	uses:aeon.epoch-partition
aeon.epoch-tower	aeon, epoch, tower, receiver	coarse ⊆ fine ⇒ epochOf coarse j = coarsen fine coarse (epochOf fine j);  coarsen mid coarse ∘ coarsen fine mid = coarsen fine coarse;  epoch coarse k' = ⋃_{coarsen k = k'} epoch fine k;  #fine + 1 = Σ_{k'} #{k | coarsen k = k'}, #fine = #coarse + #(fine ∖ coarse)	coarsening by a sub-section's first returns is a function of the fine epoch, composes along a tower, and refinement then coarsening is the identity on coarse epochs	nested tick sets	L:Aeon/Clock/Epoch:epochOf_coarse; L:Aeon/Clock/Epoch:coarsen_tower; L:Aeon/Clock/Epoch:coarse_epoch_is_union_of_fine; L:Aeon/Clock/Epoch:fine_epochs_distribute_over_coarse; L:Aeon/Clock/Epoch:coarse_epoch_of_fine_epoch; R:holonics::aeon::EpochTower::coarsen	formal-checked	uses:aeon.epoch-partition
aeon.count-is-flux	aeon, epoch, parametron	#{j ∈ (0, n k] | ring state r + j on Σ} = ringCrossings d r (n k) = targetTicks r k = ⌊(r + n k)/d⌋;  d ≥ 2: = ownerCrossings	on a monotone ring the epoch count over an aeon is the flux of the motion through the receiver's section, the whole windings of its reading; the signed law is aeon.signed-flux	rational clock passage n/d, r < d	L:Aeon/Clock/Epoch:ring_count_is_flux; L:Aeon/Clock/Epoch:ring_arrivals_eq_ringCrossings; L:Objects/Parametron:ownerCrossings_eq_targetTicks; R:holonics::aeon::Epochs::flux; R:holonics::aeon::ClockLift::ring_section	formal-checked	uses:aeon.ticks-windings-carry,specializes:aeon.epoch-ticks
aeon.odometer-epoch-tower	aeon, epoch, tower, navigator	ticks = multiples of n in (0,N): epochOf j = j / n = winding n j;  j ∈ epoch k ⇔ j < N ∧ n k ≤ j < n (k + 1);  odometer^j (0,0) = (phase n j, epochOf j);  multiples of n m ⊆ multiples of n, coarse epoch = winding m (winding n j) = coarsen	the Odometer is a tower of epochs: its upper digit counts epochs and its carry is coarsening	j < N, n > 0 for the odometer	L:Aeon/Clock/Epoch:epochOf_digitTicks; L:Aeon/Clock/Epoch:mem_epoch_digitTicks; L:Aeon/Clock/Epoch:odometer_counts_epochs; L:Aeon/Clock/Epoch:odometer_tower; L:Geometry/PhaseCarry:odometer_iterate; R:holonics::aeon::EpochTower	formal-checked	instance-of:aeon.epoch-tower,uses:winding.odometer
aeon.uncertified-ticks-no-partition	aeon, epoch	declared [3,1], N = 4: [0,3) ∩ [1,4) ≠ ∅;  certified {1,3}: {0}, {1,2}, {3} = sorted declaration [1,3];  tick {0}, N = 2: epoch 0 = ∅, one epoch attained	an uncertified declared tick list does not partition an aeon, and a tick outside the aeon leaves an empty epoch	witnesses	L:Aeon/Clock/Epoch:declared_ticks_do_not_partition; L:Aeon/Clock/Epoch:tick_outside_leaves_an_empty_epoch	counterexample	obstructs:aeon.epoch-partition
aeon.nontransversal-section	aeon, epoch, parametron	d = 1: every ring state on Σ, not transversal, 0 crossings, winding d (r+N) = r + N;  lingering mark {1,2}, sub-section {2}: arrivals {2} ⊄ {1}, micro-steps 1, 2 share a fine epoch but not a coarse one	a non-transversal section neither counts flux nor coarsens	witnesses	L:Aeon/Clock/Epoch:nontransversal_count_is_not_flux; L:Aeon/Clock/Epoch:nontransversal_subsection_does_not_coarsen; L:Objects/Parametron:no_crossing_of_denominator_one; R:holonics::aeon::ClockLift::ring_section	counterexample	obstructs:aeon.count-is-flux,obstructs:aeon.epoch-tower,uses:parametron.no-crossing-denominator-one
aeon.clock-hodge-split	aeon, coholon, constitution	time form ω = state + production + winding, state ∈ im d₀, production ∈ im δ₁, winding ∈ ker Δ; the split exists and is unique	every time form on a finite cell complex carries exactly one state, one production and one winding time in the declared constitution metric; a clock is a time form with no production time	finite weighted complex over ℚ, positive weights, d₁d₀ = 0	L:Aeon/Production/HodgeTime:TimeSplit; L:Aeon/Production/HodgeTime:timeSplit_nonempty; L:Aeon/Production/HodgeTime:timeSplit_unique; R:holonics::aeon::hodge_split; R:holonics::aeon::TimeSplit	formal-checked	specializes:aeon.a2-hodge-time, uses:constitution.hodge-split
aeon.state-time-boundary-read	aeon, coholon, cycle	⟨d₀φ | γ⟩ = ⟨φ | ∂γ⟩;  ∂γ = ∂γ′ ⇒ ⟨a | γ⟩ = ⟨a | γ′⟩ for exact a;  ∂γ = [v] − [u] ⇒ reading = φ v − φ u;  (∀γ γ′, ∂γ = ∂γ′ ⇒ equal readings) ⇔ exact ⇔ silent on every cycle	state time is read by the two bounding occurrences alone, and it is exactly the boundary-determined time	finite weighted complex over ℚ	L:Aeon/Production/HodgeTime:state_reading_eq_potential_drop; L:Aeon/Production/HodgeTime:state_reading_boundary_determined; L:Aeon/Production/HodgeTime:state_reading_of_walk; L:Aeon/Production/HodgeTime:boundary_determined_iff_exact; L:Aeon/Production/HodgeTime:exact_iff_silent_on_cycles; R:holonics::aeon::TimeSplit	formal-checked	specializes:aeon.a2-hodge-time, uses:aeon.pairing
aeon.winding-time-cycle-invariant	aeon, cycle, coholon	d₁ω = 0, z − z′ = ∂c ⇒ ⟨ω | z⟩ = ⟨ω | z′⟩;  harmonic part reads homologous aeons equally;  ∂z = 0 ⇒ ⟨ω | z⟩ = ⟨production | z⟩ + ⟨winding | z⟩	winding time is a cycle invariant, and on a cycle the state part is silent	finite weighted complex over ℚ	L:Aeon/Production/HodgeTime:closed_reading_homology_invariant; L:Aeon/Production/HodgeTime:winding_reading_homology_invariant; L:Aeon/Production/HodgeTime:cycle_reading_split; R:holonics::aeon::TimeSplit	formal-checked	specializes:aeon.a2-hodge-time, uses:aeon.cycle-reading
aeon.production-time-curvature	aeon, cycle, coholon	⟨ω | ∂c⟩ = ⟨d₁ω | c⟩ = ⟨production | ∂c⟩;  z − z′ = ∂c ⇒ ⟨ω|z⟩ − ⟨ω|z′⟩ = ⟨d₁ω | c⟩;  production ≠ 0 ⇔ d₁ω ≠ 0 ⇔ production reads nonzero on some cycle ⇔ on some cell boundary	production time is the curvature of the clock: it appears on a cycle exactly when the clock is not closed, and a contractible cycle suffices	finite weighted complex over ℚ	L:Aeon/Production/HodgeTime:cell_boundary_reading_is_curvature_flux; L:Aeon/Production/HodgeTime:homologous_reading_difference_is_curvature; L:Aeon/Production/HodgeTime:closed_iff_silent_on_cell_boundaries; L:Aeon/Production/HodgeTime:cell_boundary_reads_production; L:Aeon/Production/HodgeTime:production_ne_zero_iff_not_closed; L:Aeon/Production/HodgeTime:production_is_curvature; R:holonics::aeon::Form::curvature	formal-checked	specializes:aeon.a2-hodge-time, uses:complex.da-squared-curvature
aeon.hodge-time-witnesses	aeon, cycle, coholon	hollow triangle: harmonic (1,1,1) reads 3 on the loop, 0 on the empty aeon of the same boundary;  filled triangle: tick (1,0,0) = (2/3,−1/3,−1/3) + (1/3,1/3,1/3) + 0, production reads 1 on the loop	winding time is not boundary-determined, and a non-closed clock carries production time on a contractible cycle	ℚ witnesses, unit metric	L:Aeon/Production/HodgeTime:HollowTriangle.hollowTriangle_winding_not_boundary_determined; L:Aeon/Production/HodgeTime:FilledTriangle.filledTriangle_split; L:Aeon/Production/HodgeTime:FilledTriangle.filledTriangle_production_reads_the_loop; R:holonics::aeon::hodge_split	counterexample	obstructs:aeon.state-time-boundary-read, instance-of:aeon.production-time-curvature
aeon.kac-ledger	aeon, epoch, receipt	Σ_(y∈A) π_y E_y[min(τ_A, N)] = Σ_y π_y − Σ_y π_y P_y(τ_A > N);  P_y(τ_A > n) = avoid^[n] 1,  avoid g y = Σ_(z∉A) P_yz g_z	the mass that has crossed the section is the mass that entered minus the mass still avoiding it, exactly at every truncation	finite chain over any commutative ring, stationary π; nothing else	L:Aeon/Production/Kac:kac_ledger; L:Aeon/Production/Kac:survival; L:Aeon/Production/Kac:truncatedReturn; L:Aeon/Production/Kac:stationary_avoid_sum	formal-checked	uses:aeon.kac-grain-ratio
aeon.kac-observable	aeon, epoch, tower, ratio	m = f + avoid m ⇒ Σ_(y∈A) π_y m_y = Σ_y π_y f_y;  f = 1: Σ_A π E[τ_A] = π(S), π_x E_x[τ_x] = π(S), mean first return from π|A = (π(S) : π(A)), = π(S)/π(A) when π(A) ≠ 0	Kac: fine epochs per coarse epoch are a ratio of section measures; for observables, the stationary mean is carried by one coarse epoch	finite chain over any commutative ring (grain ratio over a field), stationary π, m solving the first-step equations; divided form for π(A) ≠ 0	L:Aeon/Production/Kac:kac_observable; L:Aeon/Production/Kac:kac; L:Aeon/Production/Kac:kac_single_state; L:Aeon/Production/Kac:kac_grain_ratio; L:Aeon/Production/Kac:FirstReturnEquations; R:holonics::aeon::MarkovChain::mean_return	formal-checked	specializes:aeon.kac-grain-ratio
aeon.kac-existence	aeon, epoch	stochastic, irreducible, A ≠ ∅ ⇒ ∀f ∃! m, m = f + avoid m;  v = avoid v ⇒ v = 0 (maximum principle);  mean first return ≥ 1;  m = Σ_(n<N) P(τ_A>n) + avoid^[N] m	under irreducibility the mean first return exists, is unique, and splits into the truncated return plus the mass still avoiding	finite stochastic irreducible chain over ℚ, nonempty section	L:Aeon/Production/Kac:firstReturn_existsUnique; L:Aeon/Production/Kac:avoid_fixed_eq_zero; L:Aeon/Production/Kac:avoid_fixed_nonpos; L:Aeon/Production/Kac:one_le_meanReturn; L:Aeon/Production/Kac:meanReturn_split; R:holonics::aeon::MarkovChain::mean_return	formal-checked	uses:aeon.kac-observable
aeon.kac-series	aeon, epoch, cycle	Σ_n P_x(τ_x > n) = 1/π_x (HasSum in ℝ of exact rationals), π_x > 0;  solution of the first-step equations = Σ_n P_y(τ_A > n)	Kac lemma for one state: the mean return time is the reciprocal stationary mass	finite stochastic irreducible chain over ℚ, stationary law of mass 1	L:Aeon/Production/Kac:kac_hasSum; L:Aeon/Production/Kac:meanReturn_hasSum	formal-checked	specializes:aeon.kac-grain-ratio, uses:aeon.kac-existence
aeon.abramov-ledger	aeon, epoch, ratio, receipt	word law of one coarse epoch stopped at N: W_(N+1)(y, z::w) = P_yz · (z ∈ A ? [w = []] : W_N(z, w)), Σ_w W_N = 1;  H_(N+1) = h + avoid H_N (chain rule), H_N = Σ_(n<N) avoidⁿ h, h_y = −Σ_z P_yz log P_yz;  Σ_(y∈A) π_y H_N(y) = Σ_y π_y h_y − Σ_y π_y (avoidᴺ h)(y)	Abramov's ledger: the entropy of the coarse epoch's word, stopped at N fine epochs and read from π on the section, is the fine entropy of π minus the entropy still avoiding the section, exactly at every truncation	finite chain of exact rationals, stochastic rows, stationary π; logarithms read in ℝ	L:Aeon/Production/Kac:wordLaw; L:Aeon/Production/Kac:wordLaw_mass; L:Aeon/Production/Kac:wordEntropy_succ; L:Aeon/Production/Kac:wordEntropy_eq_sum; L:Aeon/Production/Kac:kac_ledger_observable; L:Aeon/Production/Kac:abramov_ledger; L:Aeon/Production/Kac:epochEntropy; R:holonics::aeon::MarkovChain::epoch_entropy; R:holonics::aeon::MarkovChain::word_entropy	formal-checked	uses:aeon.kac-observable, uses:aeon.kac-ledger
aeon.kac-reducible-fails	aeon, epoch	identity chain on 2 states, π = (1/2, 1/2): E_0[min(τ_0, N+1)] = 1, π_0 · 1 = 1/2 ≠ 1, ledger residue 1/2 at every N, no solution of the first-step equations	irreducibility is load-bearing for Kac: mass that never crosses keeps the ledger open	ℚ witness	L:Aeon/Production/Kac:Reducible.reducible_kac_fails; R:holonics::aeon::MarkovChain::mean_return	counterexample	obstructs:aeon.kac-series
aeon.production-path-kl-nonneg	aeon, ratio, receipt	σ_n = Σ_γ P_γ log(P_γ/P_(Rγ)) ≥ 0,  Rγ = γ ∘ rev,  Σ_γ P_(Rγ) = Σ_γ P_γ;  Σ p log(p/q) ≥ 0 for p, q ≥ 0 of equal mass with p ≪ q	the production of an aeon is a relative entropy against its reversal and is nonnegative with no stationarity	finite chain of exact rationals, π > 0, P ≥ 0 with symmetric support; the logarithm read in ℝ	L:Aeon/Production/PathReversal:production; L:Aeon/Production/PathReversal:production_nonneg_of_support; L:Aeon/Production/PathReversal:relativeEntropy_nonneg; L:Aeon/Production/PathReversal:sum_pathLaw_reversal; L:Aeon/Production/PathReversal:pathLaw_reversal; R:holonics::aeon::MarkovChain::mean_production; R:holonics::aeon::MarkovChain::path_law	formal-checked	specializes:aeon.a6-irreversibility-kl, instance-of:xent.passage-production
aeon.production-additive	aeon, epoch	σ_(n+1) = σ_n + σ,  σ_n = n · σ,  σ = Σ_(x,y) J_xy log(J_xy/J_yx),  J_xy = π_x P_xy;  last occurrence of a stationary aeon has law π	production is additive over epochs	stationary stochastic chain of exact rationals, π > 0, symmetric support	L:Aeon/Production/PathReversal:production_succ; L:Aeon/Production/PathReversal:production_eq_mul; L:Aeon/Production/PathReversal:last_marginal; L:Aeon/Production/PathReversal:revLaw_snoc; L:Aeon/Production/PathReversal:pathLaw_snoc; R:holonics::aeon::MarkovChain::mean_production	formal-checked	specializes:aeon.a6-irreversibility-kl
aeon.production-edge-code	aeon, ratio, contact	σ = (ln 2/2) Σ_(x,y) edgeCodeProduction(J_xy, J_yx) ≥ 0;  σ = 0 ⇔ J_xy = J_yx ∀x,y;  n ≥ 1: σ_n = 0 ⇔ detailed balance;  edgeCodeProduction f b = 0 ⇔ f = b (f, b > 0)	the epoch production is the existing edge code production, and the arrow vanishes exactly under detailed balance	finite chain, π > 0, P ≥ 0 with symmetric support; stationary stochastic for σ_n	L:Aeon/Production/PathReversal:epochProduction_eq_edgeCode; L:Aeon/Production/PathReversal:epochProduction_nonneg; L:Aeon/Production/PathReversal:epochProduction_eq_zero_iff; L:Aeon/Production/PathReversal:production_eq_zero_iff; L:Aeon/Production/PathReversal:edgeCodeProduction_eq_zero_iff; L:Foundation/ReceiverCodeCost:edgeCodeProduction; R:holonics::aeon::MarkovChain::epoch_production	formal-checked	specializes:aeon.a6-irreversibility-kl, uses:compression.perron-code-balance
aeon.production-state-heat	aeon, cycle, coholon	log(P_γ/P_(Rγ)) = (log π(γ₀) − log π(γ_n)) + Σ_i log(P(γ_i,γ_(i+1))/P(γ_(i+1),γ_i));  closed aeon: = cycle affinity, π-free;  detailed balance ⇒ affinity(x,y) = log π_y − log π_x ⇒ every cycle affinity = 0	the path log-ratio is state time read at the boundary plus heat read by the medium; reversibility makes the affinity an exact clock	positive aeon, π > 0, symmetric support; Kolmogorov converse not formalized	L:Aeon/Production/PathReversal:pathLogRatio_split; L:Aeon/Production/PathReversal:cycle_logRatio_eq_affinity; L:Aeon/Production/PathReversal:detailedBalance_affinity_exact; L:Aeon/Production/PathReversal:detailedBalance_cycle_affinity_zero; L:Aeon/Production/PathReversal:sum_fin_telescope; L:Aeon/Production/PathReversal:pathLogRatio_eq_reading; L:Aeon/Production/PathReversal:reading_pathAeon_reversal; R:holonics::aeon::MarkovChain::production; R:holonics::aeon::MarkovChain::heat; R:holonics::aeon::MarkovChain::reversible_law	formal-checked	specializes:aeon.a5-production-clock, uses:aeon.state-time-boundary-read
aeon.reversibility-real-spectrum	aeon, parametron, constitution	(∀f g, ⟨f, Pg⟩_π = ⟨Pf, g⟩_π) ⇔ detailed balance;  detailed balance, π > 0, Pv = μv, v ≠ 0 ⇒ Im μ = 0	self-adjointness in ℓ²(π) is reversibility, and it places every eigenvalue on the real line	finite chain, complex eigenpairs	L:Aeon/Production/PathReversal:selfAdjoint_iff_detailedBalance; L:Aeon/Production/PathReversal:detailedBalance_eigenvalue_real	formal-checked	specializes:aeon.a9-placement-reversibility
aeon.rotation-production-counterexample	aeon, cycle, parametron	biased rotation of 3 states (2/3 forward, 1/3 back), π uniform: σ = (log 2)/3 > 0, σ_n = n (log 2)/3, cycle 0→1→2→0 affinity 3 log 2, eigenvalue −1/2 + i√3/6 with eigenvector (1, ω, ω̄)	a stationary chain with symmetric support need not be reversible: production is positive, the cycle reads heat, and the spectrum leaves the real line	ℝ witness	L:Aeon/Production/PathReversal:Rotation.rotation_production_pos; L:Aeon/Production/PathReversal:Rotation.rotation_cycle_affinity; L:Aeon/Production/PathReversal:Rotation.rotation_nonreal_eigenvalue; R:holonics::aeon::MarkovChain::epoch_production; R:holonics::aeon::MarkovChain::reversible_law	counterexample	obstructs:aeon.production-edge-code, obstructs:aeon.reversibility-real-spectrum
aeon.jacobi-transfer	aeon, navigator, cycle	d/dT det A = Σ_j det(A with column j differentiated);  d/dT det(1 − TM) = −tr(adj(1 − TM) M);  (1 − TM) Σ_k TᵏMᵏ = 1;  adj(1 − TM) = det(1 − TM) Σ_k TᵏMᵏ	Jacobi's formula and the resolvent series of the return map, over every commutative ring	square matrix over a commutative ring; polynomial and power-series charts	L:Aeon/Production/Zeta:derivative_det; L:Aeon/Production/Zeta:derivative_charpolyRev; L:Aeon/Production/Zeta:transfer_mul_resolventSeries; L:Aeon/Production/Zeta:adjugate_transfer	formal-checked	uses:tube.transfer-expansion-remainder
aeon.zeta-log-derivative	aeon, cycle, navigator	d/dT det(1 − TM) = −det(1 − TM) · Σ_k tr(M^(k+1)) Tᵏ;  equivalently T ζ′/ζ = Σ_(n≥1) N_n Tⁿ, N_n = tr(Mⁿ)	the logarithmic derivative of the transfer determinant is the cycle-count series (Newton identities), with no division	square matrix over a commutative ring	L:Aeon/Production/Zeta:transferDet_derivative; L:Aeon/Production/Zeta:trace_resolventSeries_mul; L:Aeon/Production/Zeta:coe_charpolyRev	formal-checked	face-of:aeon.a8-dynamical-zeta
aeon.zeta-exp	aeon, cycle, navigator	exp(Σ_(n≥1) tr(Mⁿ) Tⁿ/n) · det(1 − TM) = 1 in ℚ⟦T⟧:  ζ(T) = 1/det(1 − TM) = exp Σ_n N_n Tⁿ/n	the dynamical zeta of a finite return map is the exponential of its cycle series and the reciprocal of its transfer determinant	square matrix over ℚ; formal power series	L:Aeon/Production/Zeta:zeta_eq_exp; L:Aeon/Production/Zeta:cycleLog	formal-checked	specializes:aeon.a8-dynamical-zeta, equiv:navigator.zeta
aeon.machine-zeta	aeon, cycle, navigator, parametron	det(1 − T·blockDiag(companion a_g q_g)) = ∏_g (1 − a_g T + q_g T²);  N_n = Σ_g t_n(a_g, q_g);  exp(Σ_n N_n Tⁿ/n) · ∏_g (1 − a_g T + q_g T²) = 1	the machine's conserved transfer determinant is the reciprocal of its dynamical zeta, and its cycle counts are the site trace sequences	rotation–dilation sites; integer traces for N_n, ℚ for the zeta	L:Aeon/Production/Zeta:machine; L:Aeon/Production/Zeta:machine_charpolyRev; L:Aeon/Production/Zeta:machine_cycle_count; L:Aeon/Production/Zeta:machine_zeta; L:Transport/NavigatorTraceFaces:machine_factor_of_companions; L:Geometry/LocalFactor:theCompanionPowersCarryTheSequence	formal-checked	instance-of:aeon.zeta-exp, uses:navigator.trace-faces
aeon.zeta-perron-growth	aeon, cycle, navigator	M ≥ 0, Mv = ρv, v > 0 ⇒ 0 ≤ tr(Mᵏ) ≤ d · ρᵏ;  [[3,−2],[−2,3]] fixes (1,1) with ρ = 1 yet tr M = 6 > 2	cycle counts grow at most at rate log ρ; the pole-free disc |T| < 1/ρ is the analytic consequence, not formalized	finite nonnegative matrix over ℚ with a positive eigenvector; h = log ρ(M) as an equality and the first pole at e^(−h) owed (Perron–Frobenius)	L:Aeon/Production/Zeta:cycle_count_le_perron; L:Aeon/Production/Zeta:signed_return_map_exceeds_bound	formal-checked	face-of:aeon.a8-dynamical-zeta, uses:compression.perron-code-balance
aeon.first-law-epoch	aeon, deposition, ratio, receipt	C(p′,q′) − C(p,q) = exchange + deposition,  exchange = −Σ(p′−p) log q = C(p′,q) − C(p,q),  deposition = −Σ p′(log q′ − log q) = D(p′‖q′) − D(p′‖q);  q′ = p′ ⇒ deposition = −D(p′‖q) ≤ 0	over one epoch the change of cross-entropy is the source's flux through the unchanged receiver plus the constitution's deposition at the arrived source	finite strictly positive sections	L:Aeon/Production/FirstLaw:first_law_epoch; L:Aeon/Production/FirstLaw:exchange_eq_crossEntropy_change; L:Aeon/Production/FirstLaw:deposition_eq_crossEntropy_change; L:Aeon/Production/FirstLaw:deposition_eq_kl_change; L:Aeon/Production/FirstLaw:deposition_onto_source; R:holonics::aeon::exchange; R:holonics::aeon::deposition	formal-checked	specializes:aeon.a7-first-law-learning, uses:xent.decomposition
aeon.first-law-aeon	aeon, cycle, deposition	C(p_N,q_N) − C(p_0,q_0) = Σ_(k<N) exchange_k + Σ_(k<N) deposition_k;  closed aeon: Σ exchange = −Σ deposition;  (½,½) → (¼,⅓): source first exchanges 0, deposit first exchanges −(log 2)/4	the sum is boundary-determined, each term depends on the path, and over a cycle exchange balances deposition	finite strictly positive sections; Bool witness	L:Aeon/Production/FirstLaw:first_law_aeon; L:Aeon/Production/FirstLaw:cycle_exchange_eq_neg_deposition; L:Aeon/Production/FirstLaw:PathWitness.exchange_is_path_dependent; R:holonics::aeon::learning_balance	formal-checked	specializes:aeon.a7-first-law-learning
aeon.first-law-continuous	aeon, ratio	d/dλ(−Σ p log q) = −Σ ṗ log q − Σ p q̇/q;  ∫_a^b (exchange rate + deposition rate) dλ = C(b) − C(a)	the first law of learning in the continuous chart along a clock, with its integrated form	differentiable curves with q > 0; the rate interval-integrable	L:Aeon/Production/FirstLaw/Continuous:hasDerivAt_crossEntropy; L:Aeon/Production/FirstLaw/Continuous:first_law_integral	formal-checked	specializes:aeon.parametric-time-cross-entropy
aeon.first-law-heat-work	aeon, deposition, constitution	T log q_i = −E_i − T log Z ⇒ T·exchange = Σ (p′_i − p_i) E_i,  T·deposition = Σ p′_i (E′_i − E_i) + T (log Z′ − log Z)	against canonical receivers the first law of learning is the first law of thermodynamics: exchange is heat, deposition is work plus the log-partition shift	canonical receivers at thermal scale T	L:Aeon/Production/FirstLaw:thermal_first_law; L:Physics/InformationDifference:thermal_crossEntropy_identity	formal-checked	uses:xent.thermal-identity, specializes:aeon.a7-first-law-learning
aeon.first-law-reached-edges	aeon, deposition, constitution	q_Θ(e) = exp(−level(Θ_e)/T)/Z_Θ, T log q_Θ(e) = −level(Θ_e) − T log Z_Θ;  Θ' = deposit(Θ), Γ_e(0,0) = 0 ⇒ T · deposition(p', q_Θ, q_Θ') = Σ_(e: flux_e ≠ 0) p'_e (level Θ'_e − level Θ_e) + T (log Z_Θ' − log Z_Θ)	the first law's deposition between the canonical receivers of a constitution and of its deposit is work on exactly the edges the flux reached, plus the log-partition shift	finite graph, k ≥ 1 edges, T ≠ 0, declared level map, deposition law with zero deposit at zero flux and drop	L:Aeon/Production/FirstLaw:canonicalReceiver; L:Aeon/Production/FirstLaw:canonicalReceiver_log; L:Aeon/Production/FirstLaw:work_on_reached_edges; L:Objects/Deposition:unreached_edge_unchanged	formal-checked	uses:deposition.law, uses:aeon.first-law-heat-work
aeon.enclosed-ledger	aeon, deposition, ratio, receipt	occurrences (s_k, Θ_k), code length C_k:  exchange step C(s_k, Θ_k) − C(s_(k−1), Θ_k),  deposition step C(s_k, Θ_(k+1)) − C(s_k, Θ_k);  Σ exchange + Σ deposition = C_N − C_0;  lo_k ≤ C_k ≤ hi_k:  step = [lo_(k+1) − hi_k, hi_(k+1) − lo_k],  total.lower = (lo_N − hi_0) − W,  total.upper = (hi_N − lo_0) + W,  W = Σ_(0<k<N)(hi_k − lo_k);  C = cross-entropy, one law per step ⇒ the sums are first_law_aeon's	the first law of learning read on enclosed code lengths: the steps chain, so exchange and deposition telescope to the aeon's change of code length, and their enclosures are that change widened exactly by the interior widths; aeons concatenate at the occurrence reached	N ≥ 1 for the widened identity; code lengths known only as exact enclosures (faces in ℚ(θ))	L:Aeon/Production/FirstLaw:ledger_telescopes; L:Aeon/Production/FirstLaw:ledger_is_first_law; L:Aeon/Production/FirstLaw:enclosed_contains; L:Aeon/Production/FirstLaw:enclosed_telescopes; R:holonics::aeon::EnclosedLedger; R:holonics::aeon::EnclosedBalance	formal-checked	specializes:aeon.first-law-aeon
aeon.literal-comparison	aeon, ratio, receipt, compression	per arrived cell log₂|A| = ℓ_k + g_k,  ℓ_k = −log₂ p̂_k(t_k),  g_k = log₂(|A| p̂_k(t_k));  over an aeon Σ ℓ_k + Σ g_k = n·log₂|A|;  p̂ = 1/16, |A| = 2: 1 = 4 + (−3)	the face against the literal over an aeon's arrivals: exact algebra and a reading, not a budget, since g_k < 0 wherever the face predicts worse than uniform	enclosed code lengths; the gain is the exact reflection of the code's enclosure when |A| is a power of two	N:2026-09-25_THE_CLASSICAL_LOSS_IS_THE_PERCEIVED_DIFFERENCE_AND_THE_DEPOSITION_REMAINDER_IS_A_REPRESENTATION_RESIDUAL.md; R:holonics::aeon::LiteralComparison; R:holonics::aeon::EnclosedBalance::against_literal	proved-derived	uses:aeon.enclosed-ledger
aeon.forward-aeon	aeon, epoch, navigator	x ≤ y in ℤ^ι:  forward(x, y) = each navigator's y_i − x_i micro-steps in navigator order;  every clock Σ c_i dθ_i reads it Σ c_i (y_i − x_i)/d_i;  ring section flux ⌊y_i/d_i⌋ − ⌊x_i/d_i⌋, as for every aeon from x to y	an aeon of the clock lift is carried by its two lift points: the forward word between them is read by every clock and section of the lift as the motion itself, so no word is stored and one is built where a reading needs it	lift of the joint clock torus; y ≥ x coordinatewise (refused otherwise)	L:Aeon/Clock/Winding:reading_navigatorClock; L:Aeon/Clock/Epoch:signed_count_is_flux; L:Aeon/Clock/Winding:clockLift_wellFormed; R:holonics::aeon::ClockLift::forward	formal-checked	uses:aeon.clock-lift
holarchy.join-interface-power	holarchy, holon	P_int(q) = ⟨e,f⟩ + ⟨E e, −F f⟩ = ⟨e, (1 − EᵀF) f⟩;  ∀q P_int(q) = 0 ⇔ EᵀF = 1;  F = E = 1 is Dirac.link	the declared port join f_B = −F f_A, e_B = E e_A cancels the interface power exactly when EᵀF = 1	finite shared ports, any field	L:Holarchy/Join:interfacePower_eq; L:Holarchy/Join:interfacePower_cancels_iff; L:Holarchy/Join:exists_interfacePower_ne_zero; L:Holarchy/Join:gainLink_one; R:holonics::holarchy::Gluing::join_bond; R:holonics::holarchy::Gluing::interface_power	formal-checked	uses:holon.interconnect
holarchy.gain-link-dirac	holarchy, holon	EᵀF = 1 ⇒ graph{(q, (−F q_f, E q_e))} is Dirac;  joinHolon A B F E = (compose(pairedD D_A D_B, gainLink F E), diag Q, diag R);  joinHolon A B 1 1 = A.interconnect B	a join that cancels the interface power composes two port Holons into a port Holon	EᵀF = 1, finite ports	L:Holarchy/Join:gainLink_isDirac; L:Holarchy/Join:joinD_isDirac; L:Holarchy/Join:joinHolon; L:Holarchy/Join:joinHolon_one; R:holonics::holarchy::Holarchy::whole	formal-checked	uses:holon.dirac-composition, generalizes:holon.interconnect-port-holons
holarchy.join-balance	holarchy, holon	whole admits (x,v,f_R,f_P,e_P,f_A,e_A) ⇒ ∃q: A admits (·|inl; f_P|inl ⊕ q_f, e_P|inl ⊕ q_e), B admits (·|inr; joinBond q ⊕ f_P|inr);  P_ext,A + P_ext,B = ⟨e_P, f_P⟩;  ⟨Qx,v⟩, ⟨f_R, R f_R⟩, ⟨e_A,f_A⟩ add	the whole's power balance is the sum of the constituents' own balances, each with its shared ports external; the shared terms cancel	a Holarchy of two constituents (the port join cancels the interface power); CharZero for the balance sum	L:Holarchy/Join:mem_joinD; L:Holarchy/Join:Holarchy.power_balance; L:Holarchy/Join:Holarchy.balance_is_sum; R:holonics::holarchy::Holarchy::power_balance; R:holonics::holarchy::JoinBalance	formal-checked	uses:holon.power-balance, uses:holarchy.join-interface-power
holarchy.interface-gluing-trichotomy	holarchy, tower, holon	fibre(b) = {q | left admits q, right admits joinBond q}; b ∈ whole ⇔ fibre nonempty; obstructed ⇔ the whole refuses b; plural ⇔ two shared bonds realize b	gluing at the interface is unique, plural or obstructed, read by the continuing tower's own classification	finite ports	L:Holarchy/Join:interfaceFibre; L:Holarchy/Join:interfaceTower; L:Holarchy/Join:interface_obstructed_iff; L:Holarchy/Join:interface_plural_iff; L:Holarchy/Join:mem_join_iff_interfaceFibre_nonempty; R:holonics::holarchy::Holarchy::interface_fibre; R:holonics::holarchy::InterfaceGluing	formal-checked	uses:tower.gluing
holarchy.interface-gluing-witnesses	holarchy, tower, coholon	two passive coholons at one port: shared effort free (plural);  wire f₁ + f₂ = 0 driven by f = 1 into a passive coholon (obstructed);  two wires in series driven (1, −1): q = (−1, 0) (unique)	every arm of the interface gluing is inhabited	exact ℚ witnesses	L:Holarchy/Join:plural_interface_witness; L:Holarchy/Join:obstructed_interface_witness; L:Holarchy/Join:unique_interface_witness; L:Holarchy/Join:mem_wire_iff; R:holonics::holarchy::Holarchy::interface_fibre	formal-checked	instance-of:holarchy.interface-gluing-trichotomy
holarchy.cellular-flux-pullback	holarchy, complex	cellular embedding: cells ↦ cells with unit gauges, m_k(c i, i) = s_k i;  d₂′ m₂ = m₁ d₂ ⇒ ⟨j, d₂′ m₂ c⟩ = ⟨m₁ᵀ j, d₂ c⟩;  d₁′ m₁ = m₀ d₁ ⇒ m₁ᵀ d₁′ᵀ φ = d₁ᵀ m₀ᵀ φ;  ⟨d₁ᵀ φ, d₂ c⟩ = 0;  an embedding of a complex with a region is never the zero map	a commuting cellular map carries a child's own flux to the glued complex, and the child restriction carries exact currents to exact currents	finite complexes, incidence matrices over a field (connection-valued allowed)	L:Holarchy/Join:CellEmbedding.flux_pullback; L:Holarchy/Join:CellEmbedding.restrict_exact; L:Holarchy/Join:CellComplex.exact_flux_zero; L:Holarchy/Join:CellEmbedding.m₂_ne_zero; R:holonics::holarchy::CellularMap; R:holonics::holarchy::Holarchy::flux	formal-checked	uses:complex.boundary-squared
holarchy.whole-flux	holarchy, complex	⟨j, ∂(m_A c_A + m_B c_B)⟩ = ⟨m_Aᵀ j, ∂_A c_A⟩ + ⟨m_Bᵀ j, ∂_B c_B⟩ = ⟨∂ᵀ j, c⟩;  shared face t: (∂(m_A c_A + m_B c_B))(c_A(face t)) = 0	the whole's flux is the sum of the constituents' own fluxes, and every shared face is silent in the whole's boundary	both cellular squares commute	L:Holarchy/Join:Holarchy.whole_flux; L:Holarchy/Join:Holarchy.wholeInterior; L:Holarchy/Join:Holarchy.sharedFace_silent; R:holonics::holarchy::Holarchy::flux; R:holonics::holarchy::Holarchy::whole_interior	formal-checked	uses:holarchy.cellular-flux-pullback
holarchy.joint-clock	holarchy, navigator, parametron, cycle	pump rate = rate of its navigator; on the joint clock ω: rate = k ω, k ∈ ℕ;  then every joint aeon of m ticks is a cycle of the pump, and two pumps k ω, k′ ω (k′ > 0) lock at their Farey address k/k′: every k′m-tick aeon is a cycle (Lock.lock_at_address, no-slip reading)	pumps join only under a declared compatible joint clock, which locks every pair at a Farey address and closes each joint period as a cycle	ω ≠ 0 for the period	L:Holarchy/Join:OnJointClock; L:Holarchy/Join:OnJointClock.closes; L:Holarchy/Join:OnJointClock.lock; L:Holarchy/Join:Holarchy.wholeConstituent_pumpRate; L:Aeon/Clock/Lock:lock_at_address; R:holonics::holarchy::JointClock; R:holonics::holarchy::Holarchy::pump_lock	formal-checked	uses:lock.farey-neighbour, uses:aeon.farey-lock-cycle
holarchy.incommensurate-pumps	holarchy, navigator, parametron	rates 1 and √2: no aeon of k ≠ 0 ticks is a cycle of the pair	pump rates 1 and √2 admit no joint clock	over ℝ	L:Holarchy/Join:incommensurate_rates_never_close; L:Aeon/Clock/Lock:no_cycle_of_irrational	counterexample	obstructs:holarchy.joint-clock
holarchy.interconnect-typed	holarchy, holon	interconnect(A, B, d) = Holarchy ⇔ A.unit(inr t) = B.unit(inl t) ∀t ∧ EᵀF = 1 ∧ both embeddings commute ∧ injective ∧ images cover the glued complex ∧ each shared port's faces identified ∧ images meet only on shared faces ∧ each shared face cancels (s_A (∂_A c_A) + s_B (∂_B c_B) = 0) ∧ every pump rate (from its navigator) ∈ ℕ·ω;  else the first failed check as a typed defect;  every defect refutes gluing; the whole is again a constituent (port join, glued complex, units, port faces, navigators A.Nav ⊕ B.Nav, pumps by Sum), with parametric orientation clockLift(A.Nav ⊕ B.Nav)	interconnect reads both constituents: their units, complexes and interiors under the declared embeddings, port faces and pumps' navigators; it returns their Holarchy exactly when all checks pass	constituents of port Holons; a declaration typed by the two constituents holding only the gluing (join law, glued complex and embeddings, joint clock)	L:Holarchy/Join:Constituent; L:Holarchy/Join:JoinDeclaration.Glues; L:Holarchy/Join:interconnect; L:Holarchy/Join:interconnect_ok_iff; L:Holarchy/Join:interconnect_ok_retains; L:Holarchy/Join:interconnect_error_of_not_glues; L:Holarchy/Join:GluingDefect.not_glues; L:Holarchy/Join:Holarchy.wholeConstituent; L:Holarchy/Join:Holarchy.parametric; R:holonics::holon::Holon::interconnect; R:holonics::holarchy::Gluing; R:holonics::holarchy::GluingDefect; R:holonics::holarchy::CellularMap	formal-checked	generalizes:holarchy.interconnect
holarchy.gluing-defect-witnesses	holarchy, holon, complex	each defect reached with every earlier check passing: unit true/false; F = −1 (interface power 2ef); glued coefficient +1 against a reversed face; two regions merged; an uncovered glued region; shared port on faces false/true; both regions on one; right face unreversed (shared coefficient 2); pump rate 1 on joint clock 2;  positives: two constituents sharing a reversed face glue; pumps 1 and 2 on joint clock 1 glue and lock at 1/2	each defect constructor is reached by a declaration passing every earlier check	exact ℚ witnesses	L:Holarchy/Join:unitMismatch_witness; L:Holarchy/Join:uncancelledPower_witness; L:Holarchy/Join:nonCommutingCells_witness; L:Holarchy/Join:degenerateCells_witness; L:Holarchy/Join:uncoveredCells_witness; L:Holarchy/Join:unidentifiedSharedFace_witness; L:Holarchy/Join:strayOverlap_witness; L:Holarchy/Join:sharedFaceUncancelled_witness; L:Holarchy/Join:incompatibleClocks_witness; L:Holarchy/Join:base_glues; L:Holarchy/Join:pumped_glues; L:Holarchy/Join:pumped_pumps_lock; L:Holarchy/Join:interfacePower_same_orientation; R:holonics::holarchy::GluingDefect	counterexample	obstructs:holarchy.interconnect-typed
holarchy.count-certified	holarchy, receiver	count read g = counted n ⇔ (finite ∧ exhaustive ∧ disjoint ∧ distinguishing) ∧ #Block = n, else unresolved;  certified ⇒ #Block = #range(read ∘ blocks) ≤ #Cell	count exists only under a receiver-certified partition and counts the faces the receiver distinguishes at that grain	count defined only under certification (the ⇔ unfolds the definition); the ≤ #Cell clause needs [Finite Cell]	L:Holarchy/View:count; L:Holarchy/View:Certified; L:Holarchy/View:count_eq_counted_iff; L:Holarchy/View:count_eq_unresolved_iff; L:Holarchy/View:certified_count_eq_faces; L:Holarchy/View:certified_count_le_cells; R:holonics::holarchy::Holarchy::count; R:holonics::holarchy::Count	formal-checked	generalizes:holarchy.view-count
holarchy.count-hypotheses-load-bearing	holarchy, receiver	ℕ singletons: infinite, Nat.card = 0 junk;  one block {false} of Bool: true uncovered;  {f,t},{f},{t} read as themselves: 3 for 2 regions;  singletons read by cardinality: both read 1	each hypothesis of count is load-bearing: dropping one while keeping three leaves count unresolved where the bare block number misreports	exact witnesses	L:Holarchy/View:infinite_witness; L:Holarchy/View:uncovered_witness; L:Holarchy/View:overlapping_witness; L:Holarchy/View:blind_witness; R:holonics::holarchy::Unresolved	counterexample	obstructs:holarchy.count-certified
holarchy.telescoping-join	holarchy, complex, receipt	partition g ⇒ Σ_b chain_b = whole, Σ_b ⟨j, ∂ chain_b⟩ = ⟨j, ∂ whole⟩ at every grain;  e interior, touched only by b ≠ b' ⇒ (∂ chain_b)_e = −(∂ chain_b')_e;  e inside b ⇒ (∂ chain_b)_e = 0;  ⟨j, ∂ chain_b⟩ = ⟨∂ᵀ j, chain_b⟩;  ⟨dφ, ∂ chain_b⟩ = 0	a shared face's flux cancels exactly once at every grain, and the total is the same at every grain	finite glued complex, partitioning grains	L:Holarchy/View:sum_blockChain; L:Holarchy/View:sum_blockFlux; L:Holarchy/View:total_flux_grain_independent; L:Holarchy/View:shared_face_cancels; L:Holarchy/View:interior_face_silent; L:Holarchy/View:blockFlux_stokes; L:Holarchy/View:blockFlux_exact; L:Holarchy/View:holarchy_view_flux; R:holonics::holarchy::Holarchy::block_boundaries; R:holonics::holarchy::Holarchy::interface_flux	formal-checked	generalizes:holarchy.shared-face-cancels, uses:holarchy.whole-flux
holarchy.refine	holarchy, tower, receiver	fine block ⊆ coarse block of its image; flux(coarse B) = Σ_(π b = B) flux(fine b) for a fine partition and disjoint coarse blocks; a fine reading separating a merged fibre has no coarse reading	refine returns the commuting scale square or its defect; the flux reading always closes its square	fine grain a partition, coarse blocks disjoint (flux)	L:Holarchy/View:GrainRestriction; L:Holarchy/View:refine_flux; L:Holarchy/View:refine_defect_witness; R:holonics::holarchy::GrainRestriction; R:holonics::holarchy::Holarchy::refine	formal-checked	uses:tower.scale-square
holarchy.view	holarchy, receiver, receipt	view(receiver, grain, aeon, section) at each crossing tick t of the aeon at the receiver's cut clock: the occurrence reached, the epoch t opens, the faces R(occ t)(block), the interface fluxes ⟨current(occ t), ∂ block⟩, the unresolved classes;  #ticks = forward + backward crossings, reading = forward − backward, epochs = #ticks + 1;  unresolved all singletons ⇔ distinguishing at every tick;  Σ interface flux = whole flux = constituents' own fluxes	the view returns the constituent faces, the interface flux and the unresolved classes at the receiver's own ticks	aeon of a parametric complex, receiver section as a cut clock; partitioning grain for the totals	L:Holarchy/View:view; L:Holarchy/View:ViewReturn; L:Holarchy/View:view_unresolved_singleton_iff; L:Holarchy/View:view_flux_total; L:Holarchy/View:view_ticks; L:Holarchy/View:occurrenceAt; R:holonics::holarchy::Holarchy::view; R:holonics::holarchy::TickView	formal-checked	uses:holarchy.telescoping-join
holarchy.count-stable-representative-moves	holarchy, receiver, cycle	line d₀ = [1; 1]: dim H(unit) = dim H(w₁ = (1,2)) while the harmonic representative of [(1, 0)] is (1/2, −1/2) resp. (2/3, −1/3);  singleton grain counted 2 at ticks 0 and 5 while every face moves by 5	a count can be stable while its representative changes	exact ℚ witnesses	L:Holarchy/View:count_stable_representative_moves; L:Holarchy/View:count_stable_while_faces_move	formal-checked	uses:constitution.metric-moves-representative
holarchy.quotient-card-depends-on-restriction	holarchy, tower	#range(ℤ/p^(m+k) → ℤ/p^m) = p^m with fibres p^k;  p ≠ p²;  Fin 4 counted 2 (continents) and 4 (islands) by one receiver	a quotient's cardinality depends on the restriction	p prime	L:Holarchy/View:padic_quotient_card; L:Holarchy/View:padic_two_restrictions_differ; L:Holarchy/View:continents_and_islands	formal-checked	uses:tower.padic-fibre-splitting
holarchy.between-frame-invariance	ratio, receipt	common(r) = frame · reading · clock^(−k), k the reading's clock exponent;  between(a,b)(r) = (b.common r : a.common r);  common reframe by k ⇒ scaled by k, projectively unchanged, log fibre unchanged;  common reclock by c, equal exponents k ⇒ scaled by c^(−k): rates compare projectively, counts (k = 0) exactly;  rate against count: (1 : 1) becomes (1 : 2);  gauge chart: readings and frames in any group, betweenGauge = a⁻¹ b invariant under a common left frame	Ratio.between compares two receipts after their common transport and is invariant under a common change of frame or clock	units per region	L:Holarchy/Receipt:between; L:Holarchy/Receipt:Receipt; L:Holarchy/Receipt:between_reframe_projectivelyEq; L:Holarchy/Receipt:logFibre_between_reframe; L:Holarchy/Receipt:Receipt.common_reclock; L:Holarchy/Receipt:between_reclock; L:Holarchy/Receipt:between_reclock_projectivelyEq; L:Holarchy/Receipt:between_reclock_count; L:Holarchy/Receipt:rate_against_count_is_clock_dependent; L:Holarchy/Receipt:betweenGauge_reframe; L:Holarchy/Receipt:gauge_frames_do_not_commute; R:holonics::receiver::receipt::ReceiptRatio::between; R:holonics::receiver::receipt::Receipt	formal-checked	uses:frame.cross-ratio-undivided, uses:ratio.log-fibre-projective-additive
holarchy.between-composition	ratio, receipt	follow(between a b, between b c) = b.common · between a c exactly;  b.common ≠ 0 ⇒ projectively between a c, admitted iff it is;  b.common = 0 ⇒ (0 : 0), not a comparison;  log chart: lifts add, two lifts differ by 2πi n;  gauge chart: (a⁻¹b)(b⁻¹c) = a⁻¹c	between composes in the ratio's own composition, keeping both operands and the winding	any field; projective statements through an admitted middle reading; log chart over ℂ with nonzero denominator	L:Holarchy/Receipt:followRatio; L:Holarchy/Receipt:between_comp; L:Holarchy/Receipt:between_comp_through_zero; L:Holarchy/Receipt:between_log_comp; L:Holarchy/Receipt:between_log_winding; L:Holarchy/Receipt:betweenGauge_comp; L:Holarchy/Receipt:between_comp_projectivelyEq; R:holonics::receiver::receipt::ReceiptRatio::follow; R:holonics::ratio::Presentation::follow	formal-checked	uses:ratio.log-fibre-projective-additive, uses:ratio.log-branch
holarchy.raw-comparison-frame-dependent	ratio, receipt	reading 1 in frame 2 vs reading 2 in frame 1: raw (2 : 1) ≁ (1 : 1), between = (2 : 2);  a.common r = 0 ≠ b.common r ⇒ logFibre = ∅	raw readings compared before the common transport are not a comparison; a zero reading refuses the logarithm	exact witnesses	L:Holarchy/Receipt:raw_comparison_is_frame_dependent; L:Holarchy/Receipt:between_refuses_log; R:holonics::receiver::receipt::ReceiptRatio::between	counterexample	obstructs:holarchy.between-frame-invariance
holarchy.joint-reception	receipt, receiver, holon	stepMatrix = 1 − (h/2)(J − R)Q, stepSource = (1 + (h/2)(J − R)Q)x + hBu;  midpoint step ⇔ stepMatrix x⁺ = stepSource;  interact returns ⇔ det stepMatrix is a unit, with the unique next state of both participants, else a typed refusal with a kernel vector;  E⁺ − E + h⟨ē, Rē⟩ = h⟨ē, Bu⟩, E split into the participants' own;  boundary bond (u, Bᵀē), h·power = supplied;  R ⪰ 0, h ≥ 0 ⇒ ΔE ≤ supplied	joint reception solves the step for both next states and returns them with the face, the receipt, the boundary bond, the certified balance and the unresolved fibre, or refuses a singular step	implicit midpoint step, block Q, skew J; Rust: roles exchanged, nullity	L:Holarchy/Reception:stepMatrix; L:Holarchy/Reception:jointStep_iff; L:Holarchy/Reception:solveStep_unique; L:Holarchy/Reception:interact; L:Holarchy/Reception:interact_ok_iff; L:Holarchy/Reception:interact_solves; L:Holarchy/Reception:readStep; L:Holarchy/Reception:boundaryBond_power; L:Holarchy/Reception:readStep_stored_split; L:Holarchy/Reception:readStep_passive; L:Holarchy/Reception:readStep_unresolved_face; R:holonics::receiver::reception::JointLaw::interact; R:holonics::receiver::reception::InteractionReturn; R:holonics::receiver::reception::JointStep	formal-checked	uses:holon.midpoint-balance-exact, generalizes:receipt.reception, uses:receipt.interaction-return
holarchy.bound-reception-continuation	receiver, holon, constitution, aeon	x_next = JointStep.next_state; clock_next = clock + one crossing; storage return at x_next: W = 1/2 x_next^T (Q_next - Q) x_next = E_next - E; Q_next <= (1 + epsilon) Q	a producer/source/clock-bound joint state continues both reached participants; a same-chart storage return retains that physical point and clock, certifies its growth and reads its work before continuation	immutable admitted source owner; unpumped joint law; same source extent, chart, Dirac, resistance, active relation, boundary structure and clock; no comparison-covector or descent claim	R:holonics::receiver::reception::continuation::JointProducer; R:holonics::receiver::reception::continuation::BoundJointState; R:holonics::receiver::reception::continuation::StorageReturn; R:holonics::receiver::reception::JointStep::next_state; R:holonics::holon::deposition::CommittedEnergyBound::certify_deposit	definition	uses:holarchy.joint-reception, uses:receipt.interaction-return
holarchy.zero-storage-reception	receiver, coholon, receipt	Q_R = 0 ⇒ ē_R = 0;  ((J−R)_SR ē_R, ē_S) ∈ passive coholon, power 0;  Δx_S = h((J−R)_SS ē_S + (Bu)_S);  Δx_R = h((J−R)_RS ē_S + (Bu)_R);  E_S⁺ − E_S + h⟨ē_S, R_SS ē_S⟩ = h⟨ē_S, (Bu)_S⟩	HolonLaw.receive is the zero-storage specialization of joint reception: no back-action, a linear reading of the source's effort at zero power	Q_R = 0	L:Holarchy/Reception:zero_storage_receiver_is_passive_reading; R:holonics::receiver::reception::JointLaw::reading; R:holonics::holon::law::HolonLaw::receive	formal-checked	specializes:holarchy.joint-reception, uses:receipt.passive-coholon
holarchy.moving-receiver-three-term	receiver, receipt	along ẋ = F(x,u) = (J − R)Qx + Bu, y(t) = ρ(t, x_S(t), x_R(t)) ⇒ ẏ = D_Sρ F_S + D_Rρ F_R + ∂_tρ, F_S, F_R the source and receiver blocks of F	a moving receiver's face reads the source's motion, its own motion and its chart's explicit motion	ρ Fréchet-differentiable at the point, normed spaces over ℝ	L:Holarchy/Reception:moving_receiver_rate; L:Holarchy/Reception:moving_receiver_rate_of_law; L:Holarchy/Reception:JointLaw.field; R:holonics::receiver::reception::FaceMotion	formal-checked	equiv:receipt.moving-receiver-chain-rule
holarchy.reception-witnesses	receiver, receipt, holon	interact solves the gyrator pair (1, 0) at h = 1 (det 5/4) to (3/5, 4/5), ΔE_S = −8/25 = −ΔE_R, nothing supplied or dissipated;  active pair at h = 2: stepMatrix = 0, refused;  R = −1: E 1/2 → 9/2 with zero supply, dissipation −4;  a face reading one receiver coordinate leaves the other unresolved	reception changes both participants; passivity needs R ⪰ 0; the unresolved fibre is plural	exact ℚ witnesses	L:Holarchy/Reception:reception_changes_both; L:Holarchy/Reception:active_element_is_not_passive; L:Holarchy/Reception:unresolved_fibre_is_plural; L:Holarchy/Reception:singular_step_refused; R:holonics::receiver::reception::JointLaw::interact	counterexample	obstructs:holarchy.joint-reception
holarchy.constituent-globe	globe, holarchy	constituent region of block b: interior = values on the block's regions; boundary datum = glued face current j; exterior r reads R_r⟨j, ∂(block)⟩ = R_r(view interfaceFlux); step = whole field law on the glued complex restricted to b (rest held at 0); membrane = the block's boundary chain;  HolarchyGlobe ⇔ coupled ∧ not determined (clause 3 by construction);  additive law: coupled ⇔ ∃x, (x,0) ∉ F; not determined ⇔ ∃ d ∈ F, Eⁿd = d, Ed ≠ d, F the future-blind population of the interface-flux receivers	a block of a Holarchy is a globe exactly when its own interior, read only through its view interface, is coupled and not determined under the whole's law restricted to it	field law declared on the glued complex (additive for the linear criterion); the relative completeness theorem and the derivation of the field law from the whole's port Holon are owed #62	L:Holarchy/Globe:constituentRegion; L:Holarchy/Globe:constituentRegion_observe; L:Holarchy/Globe:HolarchyGlobe; L:Holarchy/Globe:holarchyGlobe_iff_coupled_notDetermined; L:Holarchy/Globe:constituent_agree_iff; L:Holarchy/Globe:constituent_coupled_iff; L:Holarchy/Globe:constituent_notDetermined_iff; L:Holarchy/Globe:holarchyGlobe_iff_linear; L:Holarchy/Globe:blockMembrane_gauss; L:Holarchy/Globe:constituent_no_exact_flux	formal-checked	uses:globe.relative-completeness, uses:globe.block-criterion, uses:holarchy.view
holarchy.constituent-globe-instances	globe, holarchy	globeHolarchy: a two-region constituent (inner region touching no face, outer region on the shared face) glued to a one-region constituent across a reversed face;  law: inner storage flips sign, outer storage conserved, face current reads the outer storage;  two-region block: coupled through the outer charge, not determined by the flipping inner region (period 2) ⇒ a globe;  one-region block: its storage never moves ⇒ not a globe	a globe of an actual Holarchy, and a block of the same Holarchy that is not one	ℚ witness; receiver reading the interface flux	L:Holarchy/Globe:globeDecl_glues; L:Holarchy/Globe:globeHolarchy_left_block_is_globe; L:Holarchy/Globe:globeHolarchy_right_block_is_not_globe	formal-checked	instance-of:holarchy.constituent-globe
holarchy.tube-hollow-not-constituents	globe, holarchy, tube	∀ region, constituentMembrane(region) ≠ tubeMembrane;  ≠ hollowMembrane on the faceless complex	an open tube's lateral membrane and a hollow loop are the interface of no constituent	square complex over ℚ	L:Holarchy/Globe:tube_is_not_a_constituent; L:Holarchy/Globe:hollow_is_not_a_constituent	counterexample	obstructs:holarchy.constituent-globe, uses:globe.tube-and-hollow-fail-bounds
aeon.signed-flux	aeon, epoch, receipt	flux(γ, Σ_R) = #forward crossings − #backward crossings = reading of the cut clock of Σ_R;  flux(γ·γ′) = flux(γ) + flux(γ′);  flux(Rγ) = −flux(γ);  lift section {x | d ∣ x_i}: cut = d⌊x_i/d⌋, flux = ⌊y_i/d⌋ − ⌊x_i/d⌋ for any ±1 walk; monotone aeon: #ticks = flux;  0→1→2→1→2 at d = 2: 3 ticks, flux 1	epoch ticks are oriented crossings of the receiver section: a passage back through Σ_R cancels a forward tick	finite aeon, section as a closed 0/1 cut cochain (CutClock)	L:Aeon/Clock/Epoch:reading_eq_crossings; L:Aeon/Clock/Epoch:crossings_concat; L:Aeon/Clock/Epoch:sectionForm_eq_exactForm; L:Aeon/Clock/Epoch:signed_count_is_flux; L:Aeon/Clock/Epoch:monotone_count_is_flux; L:Aeon/Clock/Epoch:unsigned_count_is_not_flux; R:holonics::aeon::Epochs	formal-checked	uses:aeon.pairing
aeon.oriented-coarsen-refusal	aeon, epoch, tower	coarsening by first return to Σ′ ⊂ Σ is refused when a backward crossing of Σ′ falls between forward ones	an epoch tower coarsens only along a consistently oriented sub-section	finite aeon, sub-section Σ′	R:holonics::aeon::EpochTower	counterexample	uses:aeon.signed-flux
aeon.kolmogorov-converse	aeon, cycle, ratio	∏_cycle P(x→y)/P(y→x) = 1 for every cycle of a symmetric connected support ⇒ ∃ π, π(x)P(x,y) = π(y)P(y,x)	every cycle ratio product equal to one is exactly detailed balance: the reversible law is read along a spanning tree	finite chain, rational P, symmetric connected support	R:holonics::aeon::MarkovChain	proved-standard	uses:aeon.a6-irreversibility-kl
aeon.rational-near-return	aeon, cycle, landmark	α = p/q rational, convergents p_n/q_n of its continued fraction: |q_n α − p_n| ≤ 1/q_(n+1), exactly; consecutive convergents are Farey neighbours, p_(n+1)q_n − p_n q_(n+1) = ±1	the near-return grains of two clocks at a rational rate are its convergents, computed exactly	α ∈ ℚ	R:holonics::aeon::TwoClocks	proved-standard	uses:aeon.two-clocks-lock, uses:lock.farey-neighbour
aeon.hodge-groupoid-bridge	aeon, coholon, complex	K matching C (d₀ = ∂₁ᵀ, d₁ = ∂₂ᵀ): wordReading ω γ = ⟨ω | chainOf γ⟩;  ∂(chainOf γ) = [v] − [u], a groupoid cycle's chain is a cycle;  a Reading.Clock is a cocycle of C and its production part is 0;  IsClosed K ω ⇔ production(ω) = 0	the Hodge time owner reads the groupoid's aeons and clocks: a clock is exactly a time form with no production time	finite parametric complex matching a weighted complex over ℚ	L:Aeon/Production/HodgeTime:Matches; L:Aeon/Production/HodgeTime:wordReading_eq_timeReading; L:Aeon/Production/HodgeTime:boundary_chainOf; L:Aeon/Production/HodgeTime:clock_mem_cocycles'; L:Aeon/Production/HodgeTime:clock_production_zero; L:Aeon/Production/HodgeTime:isClosed_iff_production_zero	formal-checked	uses:aeon.clock-hodge-split, uses:aeon.cycle-through-homology
aeon.abramov-induced-chain	aeon, epoch, ratio	stochastic irreducible P, π ≥ 0 stationary, π(A) ≠ 0: H_N(y) → M(y) and informationRate(π|A, H_N) → Σ_y π_y h_y / π(A);  Σ π = 1: h(T_A) = h(T)/μ(A)	Abramov for the induced chain: the entropy of one coarse epoch's word from the section's normalized law is the fine entropy rate divided by the section's measure	finite chain of exact rationals, logarithms in ℝ; the KS entropy of the induced shift equals the per-word entropy is owed #62; general ergodic maps owed #62	L:Aeon/Production/Kac:abramov; L:Aeon/Production/Kac:abramov_ledger; L:Aeon/Production/Kac:meanReturn_hasSum; L:Foundation/SituatedInformationRate:informationRate; R:holonics::aeon::MarkovChain::abramov	formal-checked	specializes:aeon.a4-entropy-clock-change, uses:aeon.abramov-ledger, uses:aeon.kac-series
aeon.epoch-cut-clock	aeon, epoch, receiver	cut clock = closed 0/1 cochain;  ticks(γ) = {j + 1 | step j crosses} ⊆ (0, len γ + 1), a certified section;  #ticks = forward + backward crossings;  epochs attained = {0, …, #ticks}	the epochs of an aeon at a receiver's section are cut by the aeon's own crossing steps	finite aeon of a parametric complex	L:Aeon/Clock/Epoch:CutClock; L:Aeon/Clock/Epoch:crossingTicks; L:Aeon/Clock/Epoch:aeonSection; L:Aeon/Clock/Epoch:card_crossingTicks; L:Aeon/Clock/Epoch:aeon_epochs_attained	formal-checked	uses:aeon.epoch-partition, uses:aeon.signed-flux
aeon.path-aeon	aeon, cycle, receipt	transition complex: edges x → y, no two-cell (every form closed);  pathAeon γ: γ₀ → γₙ with steps (γᵢ, γᵢ₊₁);  log(P_γ/P_(Rγ)) = log π(γ₀) − log π(γₙ) + reading(affinity clock, pathAeon γ);  positive symmetric support: reading along Rγ = reading of (pathAeon γ)⁻¹ = −reading;  arrival clock of A reads #{i | γᵢ₊₁ ∈ A}	a Markov path is an aeon of the groupoid: its heat is a clock reading and Kac's coarse ticks are the section's arrival readings	finite chain of exact rationals, logarithms in ℝ	L:Aeon/Production/PathReversal:transitionComplex; L:Aeon/Production/PathReversal:pathAeon; L:Aeon/Production/PathReversal:affinityClock; L:Aeon/Production/PathReversal:pathLogRatio_eq_reading; L:Aeon/Production/PathReversal:reading_pathAeon_reversal; L:Aeon/Production/PathReversal:arrivalClock; L:Aeon/Production/PathReversal:arrivalClock_reading	formal-checked	uses:aeon.production-state-heat, uses:aeon.reading-representation, uses:aeon.kac-observable
aeon.zeta-map-periodic-points	aeon, cycle, navigator	M_f x y = [f x = y] ⇒ (M_fᵏ) x y = [fᵏ x = y], tr(M_fᵏ) = #{x | fᵏ x = x}	the cycle count of a map's return matrix is its number of periodic points, so the zeta of a map is its Artin–Mazur zeta	finite set of occurrences	L:Aeon/Production/Zeta:mapMatrix; L:Aeon/Production/Zeta:mapMatrix_pow_apply; L:Aeon/Production/Zeta:trace_pow_mapMatrix	formal-checked	instance-of:aeon.zeta-exp
holarchy.port-face-sign-law	holarchy, holon, coholon	face-read port flow f_A(t) = (m_Aᵀ j)(face_A t)·(∂_A c_A)(face_A t), f_B likewise;  at an identified shared face: (∀ j, f_B = −f_A) ⇔ s_A (∂_A c_A)(face_A) + s_B (∂_B c_B)(face_B) = 0;  in a Holarchy f_B = −f_A, the flow of joinBond 1 1	the port join at F = E = 1 and the face cancellation are one sign law: which shared port sits on which shared face is declared by each constituent's port faces	identity join; a transformer join is an element on the shared face, owed	L:Holarchy/Join:JoinDeclaration.faceFlowLeft; L:Holarchy/Join:JoinDeclaration.faceFlows_join_iff; L:Holarchy/Join:Holarchy.sharedPort_face_join; L:Holarchy/Join:Holarchy.sharedFace_silent	formal-checked	uses:holarchy.join-interface-power, uses:holarchy.telescoping-join
holarchy.terrain-draw	holarchy, navigator, key	x_(t+1) = x_t + γ (mod 2^64),  γ = ⌊2^64/φ⌋ = 0x9E3779B97F4A7C15:  γ² + γ·2^64 ≤ 2^128 < (γ + 1)² + (γ + 1)·2^64, γ odd (one orbit of 2^64 ticks);  word = mix(x_t) (SplitMix64, bijective);  below(b): reject the words < 2^64 mod b, return word mod b, exactly uniform on ℤ/b;  a family's key description ⌈log₂ |key space|⌉	the terrain's keys are drawn by a navigator, a Weyl rotation keyed by its seed read through a bijective face, exactly uniform below a bound, so a drawn key costs its family's description	uniform words; b ≥ 1	R:holonics::holarchy::terrain::Draw; N:2026-09-27_THE_HOLARCHY_AND_ITS_AEONS_ARE_THE_TOP_THE_DECISIONS_DISSOLVE_INTO_THEIR_OWNERS_AND_LEARNING_IS_PROTOTYPED_WHERE_A_HOLARCHY_MADE_THE_TERRAIN.md	definition	
holarchy.terrain-moire	holarchy, parametron, navigator, contact, cycle, key	ring i: the rotor of ℤ/q_i keyed at c_i, p_i ports a tick (0 < p_i < q_i, gcd(p_i, q_i) = 1): port_i(t) = (c_i + t p_i) mod q_i;  s_i(t) = ⌊2 frac(t p_i/q_i + c_i/q_i)⌋ = [2 port_i(t) ≥ q_i];  cell = Σ s_i mod 2 (parity) or Σ s_i 2^i (sheets), a silent grating's sheet 0;  truth: joint period lcm(q_i) (the forward aeon of lcm ticks on the joint torus is a cycle, a proper divisor's not), least period ∣ lcm, determining depth D* = min{D : the D cells before each tick determine it}, each pair's ratio r_i/r_j at its Farey lock address and period with the contact reading over one joint period's windings, rate 0, key bits ⌈log₂ (Σ_(q=2)^Q q φ(q))^k⌉;  1/4 @ 0, 1/3 @ 1/3: parity 011110100001, least period 12, D* = 4, lock 3/4 of period 4, windings (3, 4) read 2/3;  Q = 16: N = 862 = 2·431, k = 3: 30 bits	the moiré is k gratings whose half-turn sheets overlap at the receiver's face; its truth is its keys, its cycle and its pairs' locks, at rate zero	2 ≤ q_i ≤ Q; the emission read over one joint period	R:holonics::holarchy::terrain::Moire; R:holonics::holarchy::terrain::MoireTruth; R:holonics::holarchy::terrain::Grating; R:holonics::aeon::TwoClocks::lock_address; R:holonics::hnn::contact::lock_address; L:Aeon/Clock/Lock:lock_at_address; L:Aeon/Clock/Lock:cycle_iff_period_dvd; L:Aeon/Clock/CarryWord:eventually_periodic_rational_iff; L:HNN/Contact:contact_lock_address; L:Compression/Landmark/Context/Evolution:leastPeriod_dvd; N:2026-09-27_THE_HOLARCHY_AND_ITS_AEONS_ARE_THE_TOP_THE_DECISIONS_DISSOLVE_INTO_THEIR_OWNERS_AND_LEARNING_IS_PROTOTYPED_WHERE_A_HOLARCHY_MADE_THE_TERRAIN.md	definition	uses:rotation.lock-or-quasicrystal, uses:aeon.two-clocks-lock, uses:contact.lock-address
holarchy.terrain-tree-source	holarchy, landmark, navigator, receiver, compression, aeon	S shift-closed (leafOf S a = leafOf S a′ ⇒ leafOf S (b :: a) = leafOf S (b :: a′), checked over every address of S's depth);  θ_s positive on 1/g;  leaf chain P(s → leafOf(c :: s)) = θ_s(c);  π P = π (one exact solve, unique: every face positive);  h = Σ_s π(s) H(θ_s) as its exact form in log₂ p;  the passage's own code Σ_(s,c) n_(s,c) (−log₂ θ_s(c));  draw: a fair coin a node above d, a drawn spine to d, then the shift closure (split the leaf of each witness);  minimal tree: merge each split whose leaves share one face;  [0], [1] with (1/4, 3/4), (1/2, 1/2): π = (2/5, 3/5), h = 7/5 − (3/10) log₂ 3 ∈ [1849/2000, 92453/100000];  Lean's unclosed tree closes by splitting [1]	a tree source is the shift navigator with a leaf-map retention; its truth is the tree, the faces, the leaf chain's stationary law and the entropy rate, exact, and its minimal tree is the source's own quotient	finite alphabet ≥ 2; faces positive on a declared grid; an initial past covering the depth	R:holonics::holarchy::terrain::TreeSource; R:holonics::holarchy::terrain::ContextTree; R:holonics::holarchy::terrain::TreeSourceTruth; R:holonics::holarchy::terrain::TreeSource::minimal; R:holonics::aeon::MarkovChain::stationary_law; L:Compression/Landmark/Context/Standing:ShiftClosed; L:Compression/Landmark/Context/Standing:leaf_standing; L:Compression/Landmark/Context/Standing:unclosed_leaf_is_not_a_standing; N:2026-09-27_THE_HOLARCHY_AND_ITS_AEONS_ARE_THE_TOP_THE_DECISIONS_DISSOLVE_INTO_THEIR_OWNERS_AND_LEARNING_IS_PROTOTYPED_WHERE_A_HOLARCHY_MADE_THE_TERRAIN.md	definition	uses:landmark.context-tree-standing
holarchy.terrain-weighting-bound	landmark, receiver, compression	S′ = S with a boundary leaf under each split, over {Boundary} ∪ A at depth D ≥ depth(S):  Γ(S′) = #splits + #leaves above depth D;  code(x) − (−log₂ P_θ(x)) ≤ Γ(S′) + Σ_(n_s ≥ 1) (½ log₂ n_s + 1) + b, b the cells whose address meets the boundary before a leaf of S (binary, KT nodes);  the executed tree: plus n · (the largest certified per-cell residual);  [0], [1] at D = 3 on 1 1 0: Γ = 4, b = 1, arrivals (0, 2), bound 13/2	the receiving tree's code in excess of a declared tree source's own code is at most the tree's model cost, each leaf's KT parameter cost and the boundary cells	binary alphabet; ½ stop prior; KT nodes; D ≥ depth(S)	R:holonics::holarchy::terrain::TreeSource::weighting_bound; R:holonics::holarchy::terrain::ContextTree::cost; L:Compression/Landmark/Context/Tree:kraft_and_dominance; L:Compression/Landmark/Context/Tree:PrunedTree.prior_half_bits	proved-standard	uses:hnn.landmark-tree-mixture
holarchy.terrain-tree-recovery	landmark, receiver, compression, key	along each address a of depth D, the standing's stored levels in order (a chain one level, its nodes holding the same arrivals): the first with β > 1 (posterior stop weight β/(1 + β) > ½) stops the recovered tree at its top; else the address's depth, or unvisited below its stored path;  the recovered leaves against the drawn and the minimal tree;  [0], [1] from 2^11 cells at D = 3: recovered [0], [1]; the one-face source: the root	the recovered tree is where the receiving tree's retained constitution weighs stopping above splitting, read against the drawn tree and the source's minimal tree	binary; the cell-only family; the ½ stop prior	R:holonics::holarchy::terrain::TreeSource::recovery; R:holonics::holarchy::terrain::Recovery; R:holonics::compression::landmark::context::Landmarks::opened	definition	uses:hnn.landmark-stop-prior, uses:holarchy.terrain-tree-source
holarchy.terrain-rotor-crib	key, navigator, holarchy	x_(k+1) = S⁻¹ W_(key + steps_g(k)) S x_k,  W_m = ρ^(−m) F ρ^m,  steps_g by the field's selective law;  drawn: key uniform on ℤ/d, S uniform among the d! permutations (Fisher–Yates), start uniform;  key bits ⌈log₂(d · d!)⌉ (d = 7: ⌈log₂ 35280⌉ = 16);  the truth (key, S) lies in the located fibre, one rotor-gauge orbit	a rotor crib is the terrain of key location; its truth is the key and the plugboard	a declared field's ring of period d	R:holonics::holarchy::terrain::rotor_crib; R:holonics::holarchy::terrain::RotorCrib; R:holonics::hnn::keys::locate_ring	definition	uses:hnn.rotor-gauge, uses:hnn.selective-position
holarchy.terrain-aeon-switching	aeon, epoch, holarchy, parametron	cell t = source_(epochOf(t) mod 2)(t);  epochs = aeon::epochs(the forward aeon of n steps on the one-circle lift, the section of the passages arriving on a switch cell):  epochOf(t) = #{switch cells ≤ t},  flux = #switches;  lengths uniform on [shortest, longest];  dormant grating: both sources one moiré, grating r silent (sheet 0) in the odd aeons, its ring turning throughout;  lengths 3, 2, 4 over 9 cells: switches 3, 5, epochs 0 0 0 1 1 2 2 2 2	an aeon-switching terrain alternates two sources by drawn aeons; its switch epochs are the aeon owner's epochs, and a dormant grating returns at its continued phase	lengths ≥ 1 covering the passage	R:holonics::holarchy::terrain::Switching; R:holonics::holarchy::terrain::SwitchTruth; R:holonics::aeon::epochs; L:Aeon/Clock/Epoch:epochOf	definition	uses:aeon.epoch-ticks, uses:holarchy.terrain-moire
aeon.closure-at-finite-grain	aeon, cycle, receipt	Poincaré: conserving motion on finite measure returns near a.e. point infinitely often;  Dirichlet: |qα − p| < 1/(N+1) for some q ≤ N;  asymptotic cycle A3 = average winding per time	at every finite grain an aeon closes again; openness is the infinite-resolution limit face; a long aeon heads toward its asymptotic cycle	finite invariant measure; any real α	N:2026-09-24_THE_NULL_CONE_IS_THE_CONSTITUTIONS_LOCK_AND_CLOSURE_IS_A_RECEIVER_READING.md	proved-standard	uses:aeon.kac-observable, uses:aeon.two-clocks-lock
aeon.remission	constitution, key, compression	a mode is released only if it lies in the relevance kernel of every admitted future receiver; otherwise it is dormant (silent at present receivers) with its lock's cost changed by deposition	recovery from an addiction is remission: a receiver statement over an aeon, compatible with a key fitting again	admitted future receiver family	N:2026-09-24_THE_NULL_CONE_IS_THE_CONSTITUTIONS_LOCK_AND_CLOSURE_IS_A_RECEIVER_READING.md	interpretation	uses:compression.kernel
aeon.singular-epoch-accumulation	aeon, epoch, receiver	t_R: [0, T*) → ℝ continuous, strictly increasing, t_R(0) = 0, finite for s < T*, t_R → ∞ as s → T*:  ∃! s_n, t_R(s_n) = n;  s_n ↑ T*;  epochs_R([0, s]) = ⌊t_R(s)⌋	a receiver whose clock diverges over an aeon that another clock reads finitely ticks infinitely many epochs, and the singular time is the accumulation point of its epoch boundaries	as stated; a bounded reading instead has finitely many epochs and a terminal value	N:2026-10-09_A_SINGULARITY_IS_READ_BY_ITS_RECEIVERS_CLOCKS_AND_MARKS_THE_EPOCHS_THAT_ACCUMULATE_AT_IT.md	proved-derived	uses:aeon.a11-singular-aeon, uses:aeon.epoch-ticks
aeon.reversed-chain-is-adjoint	aeon, receiver, ratio	P̂(y, x) = π(x) P(x, y)/π(y);  ⟨f, P g⟩_π = ⟨P̂ f, g⟩_π;  P = P̂ ⇔ detailed balance ⇔ σ_n = 0 (n ≥ 1)	the ℓ²(π) adjoint of a stationary chain is the chain read backward, a Bayes inversion of one step; it equals the chain exactly when the aeon's production vanishes	stationary π > 0; finite chain of exact rationals	N:2026-10-09_THERE_IS_NO_PRIVILEGED_BACKWARD_THE_RETURN_IS_THE_ADJOINT_IN_REVERSE_FACTOR_ORDER_AND_REVERSAL_IS_ANOTHER_MOVE.md; L:Aeon/Production/PathReversal:selfAdjoint_iff_detailedBalance; L:Aeon/Production/PathReversal:production_eq_zero_iff	proved-standard	uses:aeon.reversibility-real-spectrum, uses:aeon.a6-irreversibility-kl
aeon.stationary-diffusion-reversal	aeon, motion, receiver	dx = Ax dt + noise of covariance rate D, AΣ + ΣAᵀ + D = 0, G = Σ⁻¹:  reversed stationary covariance Σe^(Aᵀs) = e^(A♯s)Σ, A♯ = ΣAᵀΣ⁻¹ = −A − DΣ⁻¹;  2B = −DΣ⁻¹;  A♯ − (−A) = −DΣ⁻¹, the score term D∇log p with ∇log p = −Σ⁻¹x	the time reversal of a stationary linear diffusion is the adjoint in its stationary metric; running the drift backward misses exactly the score term, twice the boost, the dissipation that the noise balances	A Hurwitz, D ≻ 0, Σ ≻ 0 the stationary covariance; the stationary Gaussian process; the reversed-covariance step is standard (Anderson's reverse drift agrees)	N:2026-10-09_THERE_IS_NO_PRIVILEGED_BACKWARD_THE_RETURN_IS_THE_ADJOINT_IN_REVERSE_FACTOR_ORDER_AND_REVERSAL_IS_ANOTHER_MOVE.md	proved-derived	uses:motion.reversal-adjoint-split, uses:aeon.reversed-chain-is-adjoint
epoch.lock-commutation	epoch, receiver	joint lock of j, k is one class with both orders ⇔ F_fut(T_j T_k x) = F_fut(T_k T_j x) for every admitted x;  linear chart: F_fut [T_j, T_k] = 0	simultaneity is a commutation claim: an unresolved order that an admitted future separates is held as a two-member fibre, never merged	the release's lock rule	N:2026-10-09_SERIES_CANCEL_AT_JUNCTIONS_AND_A_PASSAGES_ORDER_COMES_FROM_CHAINING_ITS_GRAINS.md; L:HNN/ExecutedComparison:certifiedLock	definition	uses:hnn.certified-lock
compression.face-map-kernel	compression, navigator, receiver	F x (ρ, w) = ρ(T_w x),  F : X → (Receiver × Navigator* → V);  ker F = futureCollapsed(ρ, T);  F x = causalSignature x	the face map of a navigator family against terrain and a receiver family has exactly the relevance kernel: the kernel of a product map is the meet of its components' kernels	linear navigators and receivers over a field	L:Compression/Core/FaceMap:faceMap; L:Compression/Core/FaceMap:ker_faceMap_eq_relevanceKernel; L:Compression/Core/FaceMap:causalSignature_eq_faceMap	proved-standard	equiv:compression.kernel, uses:compression.joint-kernel
compression.kernel-quotient-coarsest-retention	compression, receiver, receipt	∃ StandingLaw with retain = mkQ(ker F);  any StandingLaw retain r: r x = r y ⇒ [x] = [y];  [x] = [y] ⇔ futureAgreement(x, y)	quotienting by the face map's kernel is future-sufficient retention and the coarsest one, among all retention maps, linear or not	linear navigators and receivers over a field	L:Compression/Core/FaceMap:kernelQuotient_is_coarsest_retention; L:Compression/Core/FaceMap:kernelQuotient_eq_iff_futureAgreement	formal-checked	uses:compression.retention-quotient, uses:compression.face-map-kernel
compression.retention-carries-navigator	compression, navigator, receiver	T_g(ker F) ⊆ ker F;  T̄_g = mapQ T_g on X/ker F;  [T_w x] = T̄_w [x];  X/ker F is a ReceiverQuotient of (Receiver × Navigator*)	every navigator descends to the retained kernel quotient, so the navigator runs on retention with every future face factoring through it	linear navigators and receivers over a field	L:Compression/Core/FaceMap:ker_faceMap_invariant; L:Compression/Core/FaceMap:descendedNavigator; L:Compression/Core/FaceMap:kernelHistoryCompression; L:Compression/Core/FaceMap:kernelClass_after_word; L:Compression/Core/FaceMap:kernelReceiverQuotient	formal-checked	uses:compression.history-compression, uses:compression.face-map-kernel
compression.redundant-mode-kernel	compression, navigator	F extra = Σ r_i F m_i ⇒ extra − Σ r_i m_i ∈ ker F  and  F(Σ c_i m_i + a·extra) = F(Σ (c_i + a r_i) m_i)	a mode dependent at the future receiver differs from its elimination by a kernel element; eliminating it changes no future face	linear face map; the elimination form over ℝ	L:Compression/Core/FaceMap:redundant_mode_in_kernel; L:Compression/Core/FaceMap:eliminated_mode_same_future	formal-checked	uses:compression.eliminate-redundant-mode, uses:compression.face-map-kernel
compression.finite-horizon-kernel	compression, navigator, receiver	H₀ = ⋂_ρ ker ρ,  H_(n+1) = H₀ ∩ ⋂_g T_g⁻¹ H_n = {x : ρ(T_w x) = 0 ∀ρ, |w| ≤ n+1};  H_m = H_(m+1) ⇒ ker F = H_m = H_(m+j) ∀j;  dim X < ∞ ⇒ ∃ m ≤ dim X − 1 with H_m = H_(m+1), so n ≥ dim X − 1 ⇒ H_n = ker F = ker F_n;  shift (a,b,c) ↦ (b,c,0) read at a: (0,0,1) ∈ H_1 ∖ ker F	words of length at most dim X − 1 read the whole relevance kernel for any family of noncommuting navigators, and that bound is attained: finitely many admitted observations suffice for retention	finite-dimensional terrain over a field; any receiver and navigator families	L:Compression/Core/FaceMap:mem_horizonBlind_iff; L:Compression/Core/FaceMap:horizonBlind_stable_forever; L:Compression/Core/FaceMap:ker_faceMap_eq_of_stable; L:Compression/Core/FaceMap:exists_stable_le_finrank_pred; L:Compression/Core/FaceMap:horizonBlind_eq_ker_of_le; L:Compression/Core/FaceMap:horizonBlind_finrank_pred_eq_ker; L:Compression/Core/FaceMap:ker_horizonFaceMap_finrank_pred_eq_relevanceKernel; L:Compression/Core/FaceMap:Shift.horizon_sharp	formal-checked	generalizes:globe.observability-kernel, uses:compression.face-map-kernel
compression.rank-cokernel-ledger	compression, navigator, receiver	rank F_N + dim ker F_N = dim X;  dim faces = #(Receiver × words≤N) · dim V;  dim coker F_N = dim faces − rank F_N	the finite face map keeps an exact dimension ledger between what is retained, what is reached and the residual it cannot reach	finite receivers and navigators, finite-dimensional X and V over a field; the cokernel is relative to the horizon N and the declared request set	L:Compression/Core/FaceMap:horizonFaceMap; L:Compression/Core/FaceMap:rank_nullity_ledger; L:Compression/Core/FaceMap:finrank_faces; L:Compression/Core/FaceMap:cokernel_ledger	formal-checked	uses:compression.cokernel, uses:compression.finite-horizon-kernel
compression.exact-sequence	compression, coholon, navigator	0 → ker F → X → faces → coker F → 0 exact;  y ∈ im F ⇔ [y] = 0 in coker F ⇔ ∀ω (F*ω = 0 ⇒ ω y = 0)	kernel, image and cokernel of the face map form a short exact sequence, as for every linear map; a face is reached exactly when its cokernel class vanishes, certified by cocycles	any linear face map over a field	L:Compression/Core/FaceMap:exact_sequence; L:Compression/Core/FaceMap:reachable_iff_cokernelClass_zero; L:Compression/Core/FaceMap:reachable_iff_cocycles_vanish	proved-standard	uses:compression.cokernel-two-term, uses:compression.fredholm-alternative, dual-of:compression.face-map-kernel
compression.ramp-ledger	compression, navigator, receiver	T(a,b,c) = (a+b, b, c), ρ = a: face after n steps a + n·b;  ker F = ℚ·(0,0,1);  (0,1,0) present-blind, not in ker F;  horizon 3: ker 1, rank 2, faces 4, coker 2;  (0,0,0,1) ∉ im F_3	a released direction, a dormant direction and an unreachable face on one ramp: retention is not injective, present blindness is not release, and the cokernel carries residual	ℚ³, one navigator, one receiver	L:Compression/Core/FaceMap:Ramp.relevanceKernel_eq_span; L:Compression/Core/FaceMap:Ramp.released_pair_one_class; L:Compression/Core/FaceMap:Ramp.dormant_direction_not_released; L:Compression/Core/FaceMap:Ramp.ledger; L:Compression/Core/FaceMap:Ramp.unreachable_face	counterexample	instance-of:compression.rank-cokernel-ledger, obstructs:compression.present-blind-not-stable
compression.resonance-split	compression, constitution, parametron	E_λ = ker(k − λc),  d = r + e uniquely with r ∈ E_λ, e ⟂_c E_λ;  c(r,e) = 0;  (k − λc)d = (k − λc)e;  (k − λc)e = 0 ⇔ e = 0;  λc(d,d) − k(d,d) = λc(e,e) − k(e,e)	a drive splits uniquely and c-orthogonally into its resonating part (RIDE) and its emanating part (FOUND); effort and the reactive form see only the emanating part	symmetric k, c; c anisotropic; finite dimension over a field (the reactive identity needs only r ∈ E_λ)	L:Compression/Core/Resonance:modeSpace; L:Compression/Core/Resonance:emanationSpace; L:Compression/Core/Resonance:split_exists_unique; L:Compression/Core/Resonance:split_orthogonal; L:Compression/Core/Resonance:effort_split; L:Compression/Core/Resonance:emanating_effort_eq_zero_iff; L:Compression/Core/Resonance:reactive_split; R:holonics::compression::resonance_split; R:holonics::compression::ResonanceSplit	formal-checked	instance-of:compression.resonate-emanate, uses:constitution.modes
compression.parametron-mode-space	compression, parametron, constitution	⟨u,v⟩_W = Σ_b W_b (Bu)_b (Bv)_b;  ⟨v,v⟩_W = 2 S_W(v);  ⟨u,v⟩_W = Σ_n u_n (B^T W B v)_n;  IsGeneralizedMode K C B λ v ⇔ v ≠ 0 ∧ v ∈ ker(K − λC)	the parametron constitution is a pair of symmetric storage forms whose mode space is exactly the generalized modes with zero	finite nodes and branches, real weights	L:Compression/Core/Resonance:storageForm; L:Compression/Core/Resonance:storageForm_self; L:Compression/Core/Resonance:storageForm_eq_pairing; L:Compression/Core/Resonance:mem_modeSpace_iff_response; L:Compression/Core/Resonance:isGeneralizedMode_iff; R:holonics::compression::ResonanceSplit::mode_space	formal-checked	uses:constitution.modes, uses:parametron.mode-storage-balance
compression.held-motion-balance	compression, parametron, holon	x(t) = cos(ωt) d:  f(t) = C ẍ + K x = cos(ωt)(K − ω²C) d;  E(t) = ω² sin²(ωt) S_C(d) + cos²(ωt) S_K(d);  dE/dt = ⟨f(t), ẋ(t)⟩	holding a motion against the constitution needs the port effort f, and the stored energy changes at exactly its power: work is the time integral of that port power	parametron diagonal constitution, no dissipation	L:Compression/Core/Resonance:holdingEffort; L:Compression/Core/Resonance:holdingEffort_newton; L:Compression/Core/Resonance:modeEnergy_closed; L:Compression/Core/Resonance:hasDerivAt_modeEnergy; R:holonics::compression::ResonanceSplit::effort_amplitude; R:holonics::compression::ResonanceSplit::work	formal-checked	uses:parametron.mode-energy-conserved
compression.ride-free	compression, parametron, constitution	v, δ ∈ ker(K − ω²C), v + δ ≠ 0 ⇒ IsGeneralizedMode(v + δ), E(t) = ω² S_C(v + δ) ∀t, f ≡ 0	driving an existing motion within its eigenspace keeps a mode at the same frequency, conserves its exchange and needs zero effort (RIDE)	parametron diagonal constitution, no dissipation	L:Compression/Core/Resonance:resonant_drive_rides; R:holonics::compression::ResonanceSplit::rides	formal-checked	uses:parametron.mode-energy-conserved, instance-of:compression.resonate-emanate
compression.found-effort-work	compression, parametron, constitution	e ⟂_C ker(K − ω²C), e ≠ 0, S_C > 0 ⇒ ∃n f_n(0) ≠ 0 and f(r+e) = f(e);  held motion x = cos(ωt)(r + e): E(t) − E(0) = sin²(ωt)(ω² S_C(e) − S_K(e));  IsGeneralizedMode v, ω ≠ 0 ⇒ E_v(t) = ω² S_C(v) > 0	the emanating part always needs effort, and the work it exchanges on the held motion is an exact quadratic form of the emanating part alone (FOUND); a mode's energy is positive; no fixed price	parametron diagonal constitution, positive capacitive storage, no dissipation; the work ledger is for the held motion x(t) = cos(ωt)d	L:Compression/Core/Resonance:emanating_drive_needs_effort; L:Compression/Core/Resonance:work_ledger; L:Compression/Core/Resonance:founded_mode_energy_pos; R:holonics::compression::ResonanceSplit::work	formal-checked	instance-of:compression.resonate-emanate, uses:compression.held-motion-balance
compression.clamp-effort-not-work	compression, parametron	chain K = [[2,−1],[−1,2]], C = I: ker(K − 2C) = 0; d = (2,0): f₁(0) = −2, ⟨f(t), ẋ(t)⟩ = 0 ∀t, E ≡ 4;  ω = 1: (2,0) = (1,1) + (1,−1), E(t) − E(0) = −2 sin² t	effort is not work: an emanating drive can need nonzero effort on a node that never moves and exchange no work, while another exchanges −2	Parametron.chainIncidence witness	L:Compression/Core/Resonance:clamp_witness; L:Compression/Core/Resonance:work_witness; R:holonics::compression::ResonanceSplit::work	counterexample	obstructs:compression.resonate-emanate, instance-of:compression.found-effort-work
compression.learning-resonance	compression, deposition, receiver	D(p‖q) = 0 ⇔ p = q;  deposition(p′, q, p′) = −D(p′‖q): = 0 ⇔ q = p′, < 0 ⇔ q ≠ p′	in the learning chart a deposition onto the arrived source is free exactly when the receiver already resonates with it, and otherwise moves cross-entropy by exactly the KL excess	finite strictly positive sections	L:Compression/Core/Resonance:klDivergence_eq_zero_iff; L:Compression/Core/Resonance:deposition_onto_source_zero_iff	formal-checked	uses:aeon.first-law-epoch, uses:xent.decomposition
compression.navigator-codec-causal	compression, navigator	decode(n) = (ρ(Ĝᵏ x₀))_(k<n);  decode(n+1) = decode(n) ++ [ρ(Ĝⁿ x₀)];  take n (decode(n+m)) = decode(n)	a navigator codec releases its material causally, one face per tick of the navigator clock; earlier faces never depend on later ticks	any step, initial configuration and read	L:Compression/Core/Cost:NavigatorCodec; L:Compression/Core/Cost:NavigatorCodec.decode_succ; L:Compression/Core/Cost:NavigatorCodec.decode_take; L:Compression/Core/Cost:CodecPivot; R:holonics::compression::NavigatorCodec; R:holonics::compression::CodecPivot	formal-checked	instance-of:compression.codec-pivot
compression.kt-pays-off	compression, navigator, key	Kt = |code| + ⌈log₂ t⌉ with code = describe(codec) over a declared CodecFamily, t = ticks (one reading per tick);  ℓ = |literalCode m| = ⌈log₂ |A|⌉·n;  pays off :⇔ Kt < ℓ ⇔ |code| + ⌈log₂ n⌉ < |literalCode m|;  two-candidate posterior: π(literal) < π(navigator) ⇔ Kt < ℓ	a compression pays off exactly when its actual code plus the work term is shorter than the literal code; the MDL posterior on the two presentations is the two-candidate instance of its bit-objective order	exact natural-number bits; codes over declared finite families	L:Compression/Core/Cost:CodecPivot.kt; L:Compression/Core/Cost:CodecPivot.kt_eq; L:Compression/Core/Cost:literalBits; L:Compression/Core/Cost:CodecPivot.PaysOff; L:Compression/Core/Cost:CodecPivot.paysOff_iff_code_shorter; L:Compression/Core/Cost:posterior_prefers_iff_pays_off; R:holonics::compression::CompressionCost::pays_off	formal-checked	uses:code.levin-kt, uses:compression.description-code, instance-of:infer.mdl-map-order, instance-of:compression.codec-pivot
compression.alternator-crossover	compression, navigator	one-bit family (4 steps, 2 configurations, 4 reads): descriptionBits = 2 + 1 + 2 = 5;  alternator: step = not, x₀ = false, read = id;  Kt(n) = 5 + ⌈log₂ n⌉ against ℓ = n;  pays off ⇔ n ≥ 10;  on lengths 2^m ⇔ m ≥ 4;  64: 11 < 64;  8: 8 = 8 (breaks even);  4: 7 > 4;  no one-bit navigator regenerates (false, false, true)	a navigator beats the literal exactly from length 10, breaks even at 8 and 9, and material outside the navigator family's image stays literal residual	one-bit maps; one reading per tick	L:Compression/Core/Cost:oneBit_descriptionBits; L:Compression/Core/Cost:alternator_regenerates; L:Compression/Core/Cost:alternator_pays_off_iff; L:Compression/Core/Cost:alternator_pays_off_iff_pow; L:Compression/Core/Cost:alternation_witnesses; L:Compression/Core/Cost:no_one_bit_navigator_regenerates; R:holonics::compression::NavigatorCodec::description; R:holonics::compression::CompressionCost::pays_off	counterexample	instance-of:compression.kt-pays-off
key.consistent-fibre	key, navigator, contact, landmark	closure(k, S) = (⟦(S⁻¹ C S)-word of ℓ closes at a_ℓ⟧)_(ℓ ∈ menu);  consistent = closure⁻¹(closure(truth)) ∋ truth;  observed menu ⇒ consistent = {(k, S) | ∀ℓ, (stages_k ℓ).prod (S a_ℓ) = S a_ℓ}	the keys consistent with a menu are the fibre of the loop-closure map, which is exactly the Bombe's test set at the boundary images, and it keeps the true key	permutation stage words; menu of observed closed loops	L:Compression/Core/Keys:Loop.Closes; L:Compression/Core/Keys:Loop.closes_iff; L:Compression/Core/Keys:closureMap; L:Compression/Core/Keys:fibre; L:Compression/Core/Keys:truth_mem_fibre; L:Compression/Core/Keys:fibre_eq_bombe; R:holonics::compression::Loop::closes; R:holonics::compression::Menu::fibre; R:holonics::compression::PortImages	definition	uses:key.menu-loop-closure, instance-of:key.every-action-is-a-key
key.pruning	key, compression	fibre(ℓ :: M) = fibre(M) ∩ {x | closes_ℓ x ⇔ closes_ℓ truth};  fibre(E ++ M) ⊆ fibre(M);  S = S′ on every port ⇒ ((k,S) ∈ fibre ⇔ (k,S′) ∈ fibre)	adding a loop can only shrink the fibre of consistent keys (pruning is compression), and the Bombe reads the boundary map only at the menu ports	permutation stage words	L:Compression/Core/Keys:fibre_cons; L:Compression/Core/Keys:fibre_append_subset; L:Compression/Core/Keys:fibre_depends_only_on_port_images; R:holonics::compression::Menu::extended; R:holonics::compression::Menu::candidates	formal-checked	uses:key.consistent-fibre
key.reflector-machine	key, parametron, navigator	ports Fin 3, stage R_m = ρ^(−m) F ρ^m, F = swap 0 1: loop at a closes ⇔ S a = 2 − (k + i);  R_(m+1) = ρ⁻¹ R_m ρ, so (k, S) ↦ (k + 1, ρ⁻¹S) is a gauge;  candidates 18 → 6 → 3;  (0, swap 0 1) refuted by the second loop;  two loops: fibre = the gauge orbit of (0, 1);  one loop: (0, swap 0 1) survives off that orbit;  S = 1 ⇒ k = 0	loop closure prunes strictly yet locates the key only up to a gauge; with the boundary pinned at each key the survivors are one gauge orbit, and unpinned they are not	three-port reflector machine	L:Compression/Core/Keys:Machine.loopAt_closes_iff; L:Compression/Core/Keys:Machine.stage_succ; L:Compression/Core/Keys:Machine.rotorGauge; L:Compression/Core/Keys:Machine.pruning_counts; L:Compression/Core/Keys:Machine.second_loop_refutes; L:Compression/Core/Keys:Machine.plural_fibre; L:Compression/Core/Keys:Machine.gauge_invariant; L:Compression/Core/Keys:Machine.two_loop_fibre_is_one_orbit; L:Compression/Core/Keys:Machine.one_loop_fibre_is_not_one_orbit; L:Compression/Core/Keys:Machine.known_boundary_locates_key; R:holonics::compression::ReflectorMachine; R:holonics::compression::ReflectorMachine::gauge	counterexample	instance-of:key.gauge-orbit, instance-of:key.pruning, uses:key.enigma-reading
landmark.site-traceless-square	navigator, landmark	(M − (tr M/2)·1)² = ((tr M)² − 4 det M)/4 · 1;  kind(a, q): q < 0 reflection, q = 0 degenerate; q > 0: a² < 4q rotation, a² = 4q null, a² > 4q boost;  rotation ⇔ x² − axy + qy² definite ⇔ (q > 0) 1 − aT + qT² has no real root;  null ⇔ q > 0 ∧ (M − (tr M/2)·1)² = 0;  companion(a, q) − (a/2)·1 ≠ 0	a site's traceless part squares to a quarter of its discriminant; for a positive determinant rotation, null lock and boost are the three signs of that scalar, a null companion site is a shear, and determinants of other signs are reflections or degenerate	2×2 material over an ordered field; the three kinds need q > 0	L:Compression/Landmark/SiteKind:traceless_sq; L:Compression/Landmark/SiteKind:siteKind; L:Compression/Landmark/SiteKind:siteKind_eq_rotation_iff; L:Compression/Landmark/SiteKind:siteKind_eq_null_iff; L:Compression/Landmark/SiteKind:siteKind_eq_boost_iff; L:Compression/Landmark/SiteKind:siteKind_eq_reflection_iff; L:Compression/Landmark/SiteKind:siteKind_eq_degenerate_iff; L:Compression/Landmark/SiteKind:rotation_iff_definite; L:Compression/Landmark/SiteKind:rotation_iff_no_real_root; L:Compression/Landmark/SiteKind:disc_zero_iff_traceless_nilpotent; L:Compression/Landmark/SiteKind:null_iff_traceless_nilpotent; L:Compression/Landmark/SiteKind:companion_traceless_ne_zero; R:holonics::compression::landmark::site::traceless_square; R:holonics::navigator::trace::SiteFactor::kind; R:holonics::navigator::trace::SiteKind	formal-checked	specializes:trace.site-classification, uses:trace.local-factor-companion
landmark.boost-doppler	navigator, landmark, ratio	det M = 1, tr M > 2 ⇒ ∃ k > 1: tr M = k + k⁻¹, det(k·1 − M) = 0, γ = tr/2, γβ = (k − k⁻¹)/2, γ² − (γβ)² = 1, (γβ)² = (tr² − 4)/4;  unitBoost((k − k⁻¹)/(k + k⁻¹), tr/2) preserves ⟪P,P⟫;  companion(10/3, 1): k = 3, (γ, β) = (5/3, 4/5)	a boost site of determinant one carries a real Doppler ratio, an eigenvalue, whose Lorentz factor is half the trace, and the site acts as the Lorentz boost	ℝ; a rational k gives a rational boost with no logarithm	L:Compression/Landmark/SiteKind:boost_doppler_ratio; L:Compression/Landmark/SiteKind:boost_site_is_a_lorentz_boost; L:Compression/Landmark/SiteKind:rational_doppler_three; R:holonics::compression::landmark::DopplerRatio; R:holonics::compression::landmark::lorentz_factor_squared	formal-checked	specializes:trace.site-classification, uses:lorentz.boost-scale, uses:trace.circular-or-hyperbolic
landmark.cat-map-irrational-doppler	navigator, landmark	[[2,1],[1,1]]: tr 3, det 1, boost, γ = 3/2, (γβ)² = γ² − 1 = 5/4;  ¬∃ r ∈ ℚ, r² = 5/4	a boost's Doppler ratio is rational only when (tr² − 4)/4 is a rational square; the cat map's ratio φ² is a quadratic constraint identity		L:Compression/Landmark/SiteKind:catMap_boost; R:holonics::compression::landmark::DopplerRatio; R:holonics::compression::landmark::QuadraticSurd	counterexample	instance-of:landmark.boost-doppler, uses:trace.boost-torus-entropy
landmark.site-kind-conserved	navigator, landmark	kind(tr S⁻ᵈPSᵈ, det S⁻ᵈPSᵈ) = kind(tr P, det P);  kind(companion a q) = kind(a, q);  kind(−a, q) = kind(a, q);  I₂ and [[1,1],[0,1]] are both null	phase carriage conserves the site kind; the kind is a class function of the site, not an action certificate	invertible carriers	L:Compression/Landmark/SiteKind:carried_site_kind; L:Compression/Landmark/SiteKind:companion_siteKind; L:Compression/Landmark/SiteKind:siteKind_neg; L:Compression/Landmark/SiteKind:identity_and_shear_are_both_null; R:holonics::navigator::trace::SiteFactor::kind	formal-checked	uses:trace.phase-carriage-conserves-faces, uses:trace.faces-not-certificate
landmark.boost-entropy-rapidity	navigator, landmark, cycle	a ∈ ℤ, q = 1, t_n = tr(Mⁿ) = trace(a, 1, n):  (∀n, |t_n| ≤ 2) ⇔ a² ≤ 4;  a² > 4 ⇒ n + 2 ≤ |t_n|;  k + k⁻¹ = a ⇒ t_n = kⁿ + k⁻ⁿ;  k ≥ 1 ⇒ kⁿ ≤ t_n ≤ 2kⁿ and (1/n) log t_n → log k;  det(Mⁿ − 1) = 2 − t_n;  k > 1 ⇒ (1/n) log |t_n − 2| → log k	the trace counts stay bounded exactly for rotation and null sites and grow at exactly the rapidity log k for boosts: for a nonnegative adjacency t_n counts closed walks and log k is the graph entropy; on the torus the periodic-point count is |det(Mⁿ − 1)| = |t_n − 2| (Lefschetz reading, not formalized), with the same rate	determinant-one integer sites	L:Compression/Landmark/SiteKind:bounded_iff_not_boost; L:Compression/Landmark/SiteKind:boost_counts_grow; L:Compression/Landmark/SiteKind:boost_counts_grow_pos; L:Compression/Landmark/SiteKind:boost_counts_are_doppler_powers; L:Compression/Landmark/SiteKind:boost_counts_sandwich; L:Compression/Landmark/SiteKind:boost_count_rate; L:Compression/Landmark/SiteKind:trace_pow_eq; L:Compression/Landmark/SiteKind:det_pow_sub_one; L:Compression/Landmark/SiteKind:torus_count_rate; L:Compression/Landmark/SiteKind:trace_neg; R:holonics::compression::landmark::DopplerRatio::power; R:holonics::compression::landmark::torus_fixed_points; R:holonics::navigator::trace::SiteFactor::trace_sequence	formal-checked	specializes:trace.boost-torus-entropy, uses:trace.sequence-recurrence
landmark.hasse-site-rotation	navigator, landmark	p prime, a ∈ ℤ, a² ≤ 4p ⇒ a² < 4p ⇒ kind(a, p) = rotation;  rotation (a, q ∈ ℤ) ⇒ 1 − aT + qT² = (1 − αT)(1 − ᾱT), |α|² = q	a Hasse site never sits on the null cone, since equality would make p a square; it splits through the Weil root	p prime	L:Compression/Landmark/SiteKind:hasse_site_is_rotation; L:Compression/Landmark/SiteKind:rotation_splits_through_weil_root; R:holonics::navigator::trace::SiteFactor::kind	formal-checked	generalizes:trace.hasse-strict-at-two, uses:trace.weil-root-split, uses:trace.hasse-bound
landmark.mobius-fixed-points	navigator, landmark, ratio	m(z) = (az + b)/(cz + d);  a z₁ + b = z₁(c z₁ + d) ⇒ (az + b) − z₁(cz + d) = (a − c z₁)(z − z₁);  z₁ ≠ z₂ fixed ⇒ every fixed z ∈ {z₁, z₂} or (b = c = 0, a = d);  μ_i = c z_i + d: μ₁ + μ₂ = tr, μ₁μ₂ = det, tr² − 4 det = (μ₁ − μ₂)²;  c ≠ 0, z₁ ≠ z₂ ⇒ tr² − 4 det > 0; with det > 0 a boost site;  w = (z − z₁)/(z − z₂): w(mz) = (μ₂/μ₁) w(z)	a Möbius navigator has at most two fixed points, whose multipliers are its eigenvalues; two distinct fixed points force a positive discriminant, a boost only at positive determinant; in the fixed-point chart it is a scaling	field; undivided fixed points; poles excluded	L:Compression/Landmark/FixedPoint:Mobius.act_eq_blockTransport; L:Compression/Landmark/FixedPoint:Mobius.sub_fixed; L:Compression/Landmark/FixedPoint:Mobius.act_sub_fixed; L:Compression/Landmark/FixedPoint:Mobius.fixed_points_at_most_two; L:Compression/Landmark/FixedPoint:Mobius.multipliers_sum; L:Compression/Landmark/FixedPoint:Mobius.multipliers_prod; L:Compression/Landmark/FixedPoint:Mobius.discriminant_eq_sq; L:Compression/Landmark/FixedPoint:Mobius.chart_conjugates; L:Compression/Landmark/FixedPoint:Mobius.two_fixed_points_is_boost; R:holonics::compression::landmark::MobiusNavigator::fixed_points; R:holonics::compression::landmark::MobiusNavigator::chart	formal-checked	uses:landmark.site-traceless-square, uses:frame.cross-ratio-undivided
landmark.attracting-repelling	navigator, landmark, swing	c ≠ 0, z₁ ≠ z₂ fixed, μ_i = c z_i + d:  (|μ₂/μ₁| < 1 ∨ |μ₁/μ₂| < 1) ⇔ tr ≠ 0;  |μ₂| < |μ₁|, z ≠ z₂, cmⁿz + d ≠ 0 ∀n ⇒ mⁿz → z₁;  (z + 2)/(2z + 1): det = −3, multipliers −1/3 at 1 and −3 at −1, z ≥ 0 ⇒ mⁿz → 1;  Swing z ↦ 1/z: tr = 0, det = −1, multiplier −1 at both, involution	one fixed point attracts and the other repels exactly when the trace is not zero, whatever the determinant's sign, and every path off the pole converges to the attracting one; tr = 0 is neutral	ordered field (classification); Archimedean ordered field with its order topology (convergence)	L:Compression/Landmark/FixedPoint:Mobius.attracting_iff_trace_ne_zero; L:Compression/Landmark/FixedPoint:Mobius.act_ne_fixed; L:Compression/Landmark/FixedPoint:Mobius.iterate_tendsto_fixed; L:Compression/Landmark/FixedPoint:reflection_attracts; L:Compression/Landmark/FixedPoint:swing_neither_attracts; R:holonics::compression::landmark::MobiusNavigator::attraction	formal-checked	uses:landmark.mobius-fixed-points, uses:swing.harmonic-conjugation
landmark.c-velocity-addition	landmark, navigator, ratio	u ⊕ v = (u + v)/(1 + uv) = [[1, v],[v, 1]]: tr 2, det 1 − v², boost, tr²/(4 det) = 1/(1 − v²) = γ²;  u ⊕ 1 = 1, u ⊕ −1 = −1;  D(u) = (1 + u)/(1 − u): D(u ⊕ v) = D(u)D(v), |u ⊕ v| < 1;  1 − (⊕v)ⁿu = 2/(D(u)D(v)ⁿ + 1);  0 < v < 1 ⇒ (⊕v)ⁿu → 1;  −1 < v < 0 ⇒ (⊕v)ⁿu → −1;  ⊕_c v u = (u + v)/(1 + uv/c²) = c·((v/c) ⊕ (u/c)) fixes ±c;  c > 0: 0 < v < c, |u| < c ⇒ (⊕_c v)ⁿu → c;  −c < v < 0 ⇒ → −c	velocity addition is a boost navigator whose projective trace face is the Lorentz factor; it multiplies Doppler ratios, and the iterates of one boost converge to ±c, the landmark of the boost family	|u|, |v| < c, rational c > 0; iterates of one fixed boost; exact over ℚ	L:Compression/Landmark/FixedPoint:velocity_act; L:Compression/Landmark/FixedPoint:velocity_is_boost; L:Compression/Landmark/FixedPoint:vadd_fixes_one; L:Compression/Landmark/FixedPoint:vadd_fixes_neg_one; L:Compression/Landmark/FixedPoint:doppler_vadd; L:Compression/Landmark/FixedPoint:vadd_mem; L:Compression/Landmark/FixedPoint:iterate_doppler; L:Compression/Landmark/FixedPoint:one_sub_iterate; L:Compression/Landmark/FixedPoint:vadd_iterate_tendsto_one; L:Compression/Landmark/FixedPoint:vadd_iterate_tendsto_neg_one; L:Compression/Landmark/FixedPoint:vaddC_fixes; L:Compression/Landmark/FixedPoint:vaddC_iterate; L:Compression/Landmark/FixedPoint:vaddC_iterate_tendsto_c; L:Compression/Landmark/FixedPoint:vaddC_iterate_tendsto_neg_c; R:holonics::compression::landmark::velocity_addition; R:holonics::compression::landmark::doppler_chart	formal-checked	instance-of:landmark.attracting-repelling, uses:lorentz.velocity-cone, uses:lorentz.boost-scale
landmark.identity-kernel	landmark, receiver, compression	identity(c₁, c₂) :⇔ F c₁ = F c₂;  face_V : K[x_σ] → (V → K), p ↦ p|_V:  identity(p, q) ⇔ p − q ∈ ker face_V ⇔ (p − q)|_V = 0;  σ finite ⇒ ker face_V finitely generated;  compile[1,1,1] = compile[1/2, 3, 2/3] with distinct interiors	an identity is two constructions with one face; the identities of a configuration are the kernel of its face map, finitely generated by Hilbert's basis theorem	field K; finitely many variables for finite generation	L:Compression/Landmark/Identity:IsIdentity; L:Compression/Landmark/Identity:identity_iff_sub_mem_identityIdeal; L:Compression/Landmark/Identity:mem_identityIdeal_iff; L:Compression/Landmark/Identity:identityIdeal_fg; L:Compression/Landmark/Identity:ratio_routes_are_an_identity	formal-checked	uses:series.block-fibre
landmark.coverage-law	landmark, receiver	charts χ_i : P_i → Kˢ, image W = ⋃_i χ_i(P_i):  χ certifies p ⇔ p ∈ I(W);  (∀p, χ certifies p ⇔ p ∈ I(V)) ⇔ I(W) = I(V);  W ⊆ V ⇒ (I(W) = I(V) ⇔ V ⊆ Z(I(W)));  arbitrary receivers X → R: (∀f, certified ⇒ f|_V = 0) ⇔ V ⊆ W	a chart family certifies exactly the polynomial identities of a configuration exactly when its images are Zariski dense in it, checked per component: missing a point is harmless, missing a component is not; only arbitrary (non-polynomial) receivers need pointwise covering	polynomial receivers over a field; the pointwise form for receiver values with 0 ≠ 1	L:Compression/Landmark/Identity:certified_eval_iff; L:Compression/Landmark/Identity:certifies_exactly_iff; L:Compression/Landmark/Identity:zariskiClosure; L:Compression/Landmark/Identity:identityIdeal_eq_iff_dense; L:Compression/Landmark/Identity:identityIdeal_antitone; L:Compression/Landmark/Identity:certified_of_vanishes; L:Compression/Landmark/Identity:vanishes_of_certified; L:Compression/Landmark/Identity:certification_sound_iff_covers	formal-checked	uses:landmark.identity-kernel
landmark.one-winding-invents	landmark, receiver, cycle	k = 0 fibre C² = 1: principal chart e = 1 certifies C − 1, yet the half-turn point lies on the fibre with C = −1;  I(fibre) < I(principal image), C − 1 in the second;  charts e = ±1 with t = S·C/2 cover it, I(two-winding image) = I(fibre), and certify exactly its identities;  C² − 1 ∈ ker face, C − 1 ∉ ker face	a chart family that misses a component has a strictly larger identity ideal and invents an identity; the multi-winding family refuses it	two-sided angle at k = 0 over ℚ	L:Compression/Landmark/Identity:principal_winding_invents_an_identity; L:Compression/Landmark/Identity:principal_image_ideal_strictly_larger; L:Compression/Landmark/Identity:two_windings_cover; L:Compression/Landmark/Identity:two_windings_image_ideal; L:Compression/Landmark/Identity:two_windings_certify_exactly; L:Compression/Landmark/Identity:galilean_identity_ideal	counterexample	instance-of:landmark.coverage-law, uses:phase.galilean-chart-not-fibre, uses:phase.two-sided-pythagoras
landmark.block-monoid	landmark, navigator	(a∘b)∘c = a∘(b∘c);  (0,1,0)∘b = b = b∘(0,1,0);  compile(u ++ v) = compile u ∘ compile v;  execute(u ++ v) s = execute v (execute u s);  t_(i+1) = r_i t_i ⇒ compile(r₀ … r_(n−1)).act(t₀, t₀) = (t_n, Σ_(i≤n) t_i)	ratio-series blocks form a monoid, so every bracketing of a ratio word (binary splitting) compiles to one partial navigator, which returns the convergent	exact ℚ	L:Compression/Landmark/ConstraintIdentity:compose_assoc; L:Compression/Landmark/ConstraintIdentity:unit_compose; L:Compression/Landmark/ConstraintIdentity:compose_unit; L:Compression/Landmark/ConstraintIdentity:execute_append; L:Compression/Landmark/ConstraintIdentity:compile_append; L:Compression/Landmark/ConstraintIdentity:execute_ratioWord; L:Compression/Landmark/ConstraintIdentity:partial_navigator_act	formal-checked	uses:arith.ratio-series-block, uses:series.block-future
landmark.window-finite-block	landmark, receiver	bᵏ⁺ˡx ∉ ℤ, L_N ≤ x ≤ U_N, U_N − L_N → 0 ⇒ ∃N: ⌊bᵏ⁺ˡL_N⌋ = ⌊bᵏ⁺ˡU_N⌋ and window_b(k, l, x) = ⌊bᵏ⁺ˡL_N⌋ mod bˡ;  x irrational ⇒ bᵏ⁺ˡx ∉ ℤ;  1 − 1/(N+1) ≤ 1 ≤ 1: ⌊10(1 − 1/(N+1))⌋ ≠ ⌊10⌋ ∀N	an off-grid value's digit window is certified at a finite block of a shrinking enclosure; the one-sided enclosure 1 − 1/(N+1) ≤ 1 ≤ 1 of an on-grid value never certifies, while an exact enclosure L = U = x certifies at once	b > 0	L:Compression/Landmark/ConstraintIdentity:window_of_enclosure; L:Compression/Landmark/ConstraintIdentity:off_grid_of_irrational; L:Compression/Landmark/ConstraintIdentity:on_grid_never_certifies	formal-checked	uses:radix.window-certificate, uses:radix.window
landmark.e-partial-navigator	landmark, navigator	r_i = 1/(i+1), t_i = 1/i!, s_N = Σ_(i≤N) t_i, U_N = s_N + (N+2)/((N+1)!(N+1)):  s_N + 1/(N+1)! ≤ e ≤ U_N;  s_N → e;  e ∉ ℚ (N!(e − s_N) ∈ (0, 1) ∩ ℤ at N = den);  ⌊bᵏ⁺ˡ s_N⌋ = ⌊bᵏ⁺ˡ U_N⌋ ⇒ window_b(k, l, e) = ⌊bᵏ⁺ˡ s_N⌋ mod bˡ;  ∀b > 0, k, l ∃N with that certificate;  window_10(0, 1, e) = 7 ≠ 0 = ⌊10 s_0⌋ mod 10	e is the limit of its partial navigator's convergents, its own enclosure proves it irrational, and every digit window is certified by the floors of both ends of a finite block's enclosure; a block without the certificate misreads	exact ℚ convergents; the certificate is a rational floor equality	L:Compression/Landmark/ConstraintIdentity:eTerm_succ; L:Compression/Landmark/ConstraintIdentity:eConvergent_eq; L:Compression/Landmark/ConstraintIdentity:e_enclosure; L:Compression/Landmark/ConstraintIdentity:e_width_tendsto; L:Compression/Landmark/ConstraintIdentity:e_convergents_tendsto; L:Compression/Landmark/ConstraintIdentity:exp_one_irrational; L:Compression/Landmark/ConstraintIdentity:eUpper; L:Compression/Landmark/ConstraintIdentity:e_window_certified; L:Compression/Landmark/ConstraintIdentity:e_window_certificate_exists; L:Compression/Landmark/ConstraintIdentity:uncertified_block_misreads	formal-checked	instance-of:landmark.exponential-mode, uses:landmark.block-monoid, uses:landmark.window-finite-block
landmark.pi-partial-navigator	landmark, navigator	π = 16 arctan(1/5) − 4 arctan(1/239);  arm x: r_i = arctanRatio x i = −x²(2i+1)/(2i+3), t_i = (−1)ⁱx^(2i+1)/(2i+1), S_n = Σ_(i≤n) t_i, 0 ≤ x < 1 ⇒ S_(2N+1) ≤ arctan x ≤ S_(2N);  L_N = 16S⁽⁵⁾_(2N+1) − 4S⁽²³⁹⁾_(2N) ≤ π ≤ 16S⁽⁵⁾_(2N) − 4S⁽²³⁹⁾_(2N+1) = U_N;  U_N − L_N → 0, L_N → π;  ⌊bᵏ⁺ˡ L_N⌋ = ⌊bᵏ⁺ˡ U_N⌋ ⇒ window_b(k, l, π) = ⌊bᵏ⁺ˡ L_N⌋ mod bˡ;  ∀b > 0, k, l ∃N with that certificate	π is the limit of Machin's partial navigators, each arm bracketed by consecutive partial sums, and every digit window is certified by the floors of both ends of a finite block's enclosure	exact ℚ convergents; the arm 1/5 gains log₁₀ 25 digits per ratio	L:Compression/Landmark/ConstraintIdentity:armSum_eq; L:Compression/Landmark/ConstraintIdentity:arm_enclosure; L:Compression/Landmark/ConstraintIdentity:armSum_tendsto; L:Compression/Landmark/ConstraintIdentity:machin; L:Compression/Landmark/ConstraintIdentity:pi_enclosure; L:Compression/Landmark/ConstraintIdentity:pi_width_tendsto; L:Compression/Landmark/ConstraintIdentity:pi_convergents_tendsto; L:Compression/Landmark/ConstraintIdentity:pi_window_certified; L:Compression/Landmark/ConstraintIdentity:pi_window_certificate_exists	formal-checked	uses:series.arctan-ratio, uses:landmark.block-monoid, uses:landmark.window-finite-block
landmark.primitive-cycle-count	landmark, cycle, navigator, aeon	f : α → α, |α| < ∞, p_d = #{periodic orbits of least period d}:  #{x | least period d} = d·p_d;  tr(M_fⁿ) = #{x | fⁿx = x} = Σ_(d∣n) d·p_d;  d·p_d = Σ_(ab=d) μ(a)·N_b;  d > |α| ⇒ p_d = 0;  [[−1]]: N₁ = −1 is no map's count	primitive cycles are the primes of a return map: every closed aeon repeats exactly one, and Möbius inversion recovers them from the cycle counts	n, d ≥ 1; 0/1 matrix of a map	L:Compression/Landmark/PrimitiveCycle:primitiveCycles; L:Compression/Landmark/PrimitiveCycle:primitiveCount; L:Compression/Landmark/PrimitiveCycle:card_minimalPeriod_eq; L:Compression/Landmark/PrimitiveCycle:periodic_count; L:Compression/Landmark/PrimitiveCycle:trace_pow_eq_primitive; L:Compression/Landmark/PrimitiveCycle:primitive_count_moebius; L:Compression/Landmark/PrimitiveCycle:primitiveCount_eq_zero_of_card_lt; L:Compression/Landmark/PrimitiveCycle:signed_map_has_no_primitive_cycles	formal-checked	uses:aeon.zeta-map-periodic-points
landmark.euler-product	landmark, cycle, navigator, aeon	F′ = F·A, G′ = G·A, F(0) = G(0) ≠ 0 ⇒ F = G;  (1 − T^d)′ = (1 − T^d)·(−Σ_k d·[d ∣ k+1]Tᵏ);  det(1 − T·M_f) = ∏_(d=1)^(|α|) (1 − T^d)^(p_d);  exp(Σ_n N_n Tⁿ/n) · ∏_d (1 − T^d)^(p_d) = 1	the return-map zeta is the Euler product over primitive cycles, ζ(T) = ∏_γ (1 − T^|γ|)⁻¹, by the log/trace identity	ℚ⟦T⟧; finite map	L:Compression/Landmark/PrimitiveCycle:HasLogDeriv.unique; L:Compression/Landmark/PrimitiveCycle:cycleFactor_logDeriv; L:Compression/Landmark/PrimitiveCycle:one_sub_X_pow_mul_cycleCurrent; L:Compression/Landmark/PrimitiveCycle:transfer_determinant_euler_product_series; L:Compression/Landmark/PrimitiveCycle:transfer_determinant_euler_product; L:Compression/Landmark/PrimitiveCycle:zeta_euler_product	formal-checked	uses:aeon.zeta-exp, uses:aeon.zeta-log-derivative, uses:landmark.primitive-cycle-count, instance-of:navigator.zeta
compression.description-code	compression, navigator	describe(i) = toBits(⌈log₂ #steps⌉, step) ++ toBits(⌈log₂ #configurations⌉, initial) ++ toBits(⌈log₂ #reads⌉, read);  |describe i| = descriptionBits;  readIndex(describe i ++ r) = some (i, r);  describe injective;  release(code p, |m|) = some m;  readLiteral(|m|, literalCode m) = some m	a codec's description is an actual fixed-width code the decoder reads back, so the pivot's code alone releases the material; the literal is a code too	declared finite codec families; ofBits(toBits w n) = n mod 2ʷ	L:Compression/Core/Cost:toBits; L:Compression/Core/Cost:ofBits; L:Compression/Core/Cost:ofBits_toBits; L:Compression/Core/Cost:readField_toBits; L:Compression/Core/Cost:CodecFamily.describe; L:Compression/Core/Cost:CodecFamily.describe_length; L:Compression/Core/Cost:CodecFamily.readIndex_describe; L:Compression/Core/Cost:CodecFamily.ofDescription_describe; L:Compression/Core/Cost:CodecFamily.describe_injective; L:Compression/Core/Cost:CodecPivot.release_code; L:Compression/Core/Cost:literalCode_length; L:Compression/Core/Cost:readLiteral_literalCode; R:holonics::compression::NavigatorCodec::description; R:holonics::compression::CodecFamily::codec_of; R:holonics::compression::Alphabet::literal; R:holonics::compression::Alphabet::read_literal	formal-checked	instance-of:compression.codec-pivot, uses:compression.navigator-codec-causal
compression.partial-pivot	compression, navigator, constitution	partialCode(i, m) = describe i ++ toBits(⌈log₂(n+1)⌉, #founded) ++ (position, symbol) patches;  |partialCode| = descriptionBits + ⌈log₂(n+1)⌉ + #founded·(⌈log₂ n⌉ + ⌈log₂ |A|⌉);  partialRelease(partialCode(i, m), n) = some m;  founded = [] ⇔ the codec regenerates m;  one flipped face in 64: 19 + 6 = 25 < 64;  (false, false, true): every partial code ≥ its literal 3	RIDE and FOUND in bits: faces the navigator regenerates ride on its description at no further bit, each founded face adds exactly one patch, and the decoder releases every material from its partial code; only the codec's residual is priced	any codec of a declared family and any material over a finite alphabet; no bit price is asserted for the resonance work or the linear face map's cokernel	L:Compression/Core/Cost:foundedFaces; L:Compression/Core/Cost:foundedFaces_eq_nil_iff; L:Compression/Core/Cost:CodecFamily.partialCode; L:Compression/Core/Cost:CodecFamily.partialCode_length; L:Compression/Core/Cost:CodecFamily.partialRelease; L:Compression/Core/Cost:CodecFamily.partialRelease_partialCode; L:Compression/Core/Cost:one_founded_face_pays_off; L:Compression/Core/Cost:outside_material_stays_literal; R:holonics::compression::NavigatorCodec::partial_pivot; R:holonics::compression::CodecFamily::release	formal-checked	instance-of:compression.resonate-emanate, uses:compression.description-code, uses:compression.kt-pays-off
compression.perron-walk-code	compression, navigator, receipt	P(i → j) = w_ij v_j/(λ v_i), Σ_j P(i → j) = 1;  Σ_(k<n) −log₂ P(w_k → w_(k+1)) = n·log₂ λ − Σ_(k<n) log₂ w_(w_k w_(k+1)) + log₂ v_(w_0) − log₂ v_(w_n);  two-regular graph on 4 states, λ = 2, v ≡ 1: every walk of n steps costs n bits against ⌈log₂ 4⌉·n = 2n	the Perron navigator's code of a walk telescopes to n log₂ λ minus the weights plus a boundary term, so knowing the graph halves the literal code of a two-regular walk	positive eigenvector v, positive eigenvalue λ, positive weights on the walk	L:Compression/Core/Cost:perronCodeLength; L:Compression/Core/Cost:perron_walk_code_length; L:Compression/Core/Cost:two_regular_perron_code; L:Foundation/ReceiverCodeCost:perron_edge_code_balance; L:Foundation/ReceiverCodeCost:perronTransition_normalized	formal-checked	uses:compression.perron-code-balance, uses:compression.serial-code-balance, instance-of:compression.kt-pays-off
compression.motion-energy-balance	compression, parametron, constitution	E(t) = S_C(ẋ(t)) + S_K(x(t)), dE/dt = ⟨C ẍ + K x, ẋ⟩;  E(t) − E(0) = ∫₀ᵗ ⟨C ẍ + K x, ẋ⟩;  x(0) = ẋ(0) = 0, x(t) = cos(ωτ)v, ẋ(t) = −ω sin(ωτ)v, v a generalized mode ⇒ ∫₀ᵗ ⟨C ẍ + K x, ẋ⟩ = ω² S_C(v) > 0	every motion exchanges with the ports exactly its change of stored energy, so founding a mode from rest takes exactly the mode's energy as port work	parametron diagonal constitution, no dissipation; x twice differentiable with continuous ẍ; ω ≠ 0 and positive capacitive storage for the positivity	L:Compression/Core/Resonance:motionEnergy; L:Compression/Core/Resonance:portPower; L:Compression/Core/Resonance:hasDerivAt_diagonalStorage; L:Compression/Core/Resonance:hasDerivAt_motionEnergy; L:Compression/Core/Resonance:motion_work_ledger; L:Compression/Core/Resonance:founding_from_rest_costs_work	formal-checked	generalizes:compression.held-motion-balance, instance-of:compression.resonate-emanate
key.gauge-orbit	key, navigator, contact	gauge (γ, ρ): stages(γ k) = ρ⁻¹ stages(k) ρ elementwise on every menu loop ⇒ closes(γ k, ρ⁻¹S) ⇔ closes(k, S);  gᵐc ∈ fibre ⇔ c ∈ fibre;  fibre(M, g·truth) = fibre(M, truth);  γ reaches every key from truth, at most one consistent S per key ⇒ fibre = {gⁿ·truth}	loop closure is gauge invariant: the consistent keys are a union of gauge orbits, no menu separates the true key from its gauge image, and when the menu pins the boundary at each key the survivors are exactly one gauge orbit	permutation stage words	L:Compression/Core/Keys:Gauge; L:Compression/Core/Keys:Gauge.act; L:Compression/Core/Keys:Gauge.closes_iff; L:Compression/Core/Keys:Gauge.closureMap_act; L:Compression/Core/Keys:fibre_gauge_invariant; L:Compression/Core/Keys:iterate_mem_fibre_iff; L:Compression/Core/Keys:fibre_gauge_truth; L:Compression/Core/Keys:fibre_eq_orbit; R:holonics::compression::Gauge; R:holonics::compression::ReflectorMachine::gauge	formal-checked	uses:key.menu-loop-closure, uses:key.consistent-fibre
landmark.site-kind-matrix	navigator, landmark	det(λ·1 − M) = λ² − (tr M)λ + det M;  rotation ⇔ ∀λ ∈ ℝ, det(λ·1 − M) ≠ 0;  boost ⇔ ∃λ₁ ≠ λ₂ real eigenvalues with λ₁λ₂ > 0;  reflection ⇔ real eigenvalues λ₁ < 0 < λ₂;  degenerate ⇔ det(0·1 − M) = 0;  det M > 0 ⇒ exactly one of: no real eigenvalue, nilpotent traceless part, two real eigenvalues of one sign;  Swing [[0,1],[1,0]]: reflection;  γ² = tr²/(4 det) is invariant under M ↦ sM	the site kinds are proved from the matrix: a rotation has no real eigenvalue, a boost two of one sign, a reflection two of opposite signs; the Lorentz factor of a site is projective, so only at det = 1 is γ = tr/2	real 2×2 material; the projective factor over a field	L:Compression/Landmark/SiteKind:det_sub_eq; L:Compression/Landmark/SiteKind:rotation_iff_no_real_eigenvalue; L:Compression/Landmark/SiteKind:eigenvalues_sum_prod; L:Compression/Landmark/SiteKind:boost_iff_two_real_eigenvalues; L:Compression/Landmark/SiteKind:reflection_iff_opposite_eigenvalues; L:Compression/Landmark/SiteKind:degenerate_iff_zero_eigenvalue; L:Compression/Landmark/SiteKind:site_trichotomy; L:Compression/Landmark/SiteKind:lorentz_factor_sq_smul; L:Compression/Landmark/SiteKind:swing_is_reflection; R:holonics::navigator::trace::SiteFactor::kind; R:holonics::compression::landmark::lorentz_factor_squared	formal-checked	uses:landmark.site-traceless-square, specializes:trace.site-classification
landmark.punctured-plane-density	landmark, receiver	χ: ℚ² ∖ {0} → ℚ², x ↦ x: 0 ∉ image, I(image) = I(ℚ²) = 0 (p vanishing off 0 ⇒ p·X₀ = 0 ⇒ p = 0)	a chart that misses a point still certifies exactly the plane's polynomial identities: pointwise covering is sufficient but not necessary for polynomial receivers	ℚ, polynomial receivers	L:Compression/Landmark/Identity:puncturedChart; L:Compression/Landmark/Identity:punctured_plane_certifies_exactly; L:Compression/Landmark/Identity:polynomial_density_suffices	counterexample	instance-of:landmark.coverage-law
hnn.junction-participation-anchor	swing, contact, receiver	v_r = (Y_r s_r + Σ_a G_a a_(r←a)) / (Y_r + Σ_a G_a) = π_s s_r + Σ_a π_a a_(r←a),  π_s = Y_r/Σ, π_a = G_a/Σ ≥ 0, π_s + Σ_a π_a = 1;  Y_r(v − s_r) + Σ_a G_a(v − a_(r←a)) = 0 exactly at v = v_r;  the Swing's outputs keep the anchor	the junction anchor is the ring's normalized participation of its arrivals, its own storage port included, and the unique zero of the W-weighted residual	Y_r > 0, G_a ≥ 0; one conductance G_a = κ_a Y_a per contact	L:HNN/Propagation:admittanceSum; L:HNN/Propagation:anchor; L:HNN/Propagation:anchor_is_participation; L:HNN/Propagation:junction_anchor_preserved; R:holonics::hnn::propagation::participation	formal-checked	uses:swing.half-turn
hnn.junction-scattering	swing, contact	o_(r→a) = 2v_r − a_(r←a),  b_r = 2v_r − s_r;  junction = 2P − I, the source-derived scatter with D = Σ_a (G_a/Y_r) proj_a, Kinv = Y_r/(Y_r + Σ_a G_a);  junction ∘ junction = id;  Y_r|b_r|² + Σ_a G_a|o_(r→a)|² = Y_r|s_r|² + Σ_a G_a|a_(r←a)|²;  one contact port: (o, b) = (emitted, successorHeld)	the junction scattering is an involutive W-isometry about the participation anchor, so the junction contributes zero power; with one contact port it is the scalar two-port circulation junction	Y_r + Σ_a G_a ≠ 0 (isometry, no sign needed); Y_r ≠ 0 (scatter chart)	L:HNN/Propagation:storageOut; L:HNN/Propagation:portOut; L:HNN/Propagation:junction; L:HNN/Propagation:junction_eq_sourceDerivedScatter; L:HNN/Propagation:junctionScattering_involutive; L:HNN/Propagation:junctionScattering_isometry; L:HNN/Propagation:junctionScattering_twoPort; L:Geometry/AffineSwing:swing; R:holonics::hnn::propagation::scattering_about; R:holonics::geometry::swing::half_turn	formal-checked	uses:hnn.junction-participation-anchor, generalizes:wave.two-port-junction, uses:swing.half-turn
hnn.conductance-covector-executed-potential	contact, constitution, receiver	S(v*′ − v*) = Σ_p ΔG_p (a_p − v*′),  S = Y + ΣG;  ∂v*/∂G_p = (a_p − v*)/S;  v̂′ − v̂ = S⁻¹Σ_p ΔG_p(a_p − v̂) + (e′ − e) + (S⁻¹ΣΔG)(v̂ − v*′),  e = v̂ − v*;  |⟨ā, v̂′ − v̂⟩ − S⁻¹Σ_p ΔG_p⟨ā, a_p − v̂⟩| ≤ ‖ā‖(‖e′‖ + ‖e‖ + |S⁻¹ΣΔG| ‖v̂ − v*′‖);  ‖v̂ − v*‖ ≤ ‖v̂ − x̂‖ + |ŵ_s − Y/S|‖s‖ + Σ_p |ŵ_p − G_p/S|‖a_p‖,  x̂ = ŵ_s s + Σ_p ŵ_p a_p	the return reads each conductance's covector ⟨ā, a_p − v̂⟩/S (the potential drop across the contact paired with the adjoint node potential ā/S), the smooth node potential's derivative read at the executed potential; a finite change of conductances moves the executed potential by that covector's prediction, the change of its deviation from the node potential and a second-order term, each deviation within the split and the weights' rounding	S ≠ 0 before and after (secant, return); Y > 0, G ≥ 0 (deviation); the executed potentials v̂, v̂′ and weights ŵ arbitrary; the pairing bound in an inner-product space	L:HNN/Word:anchor_secant; L:HNN/Word:anchor_hasDerivAt; L:HNN/Word:executed_conductance_return; L:HNN/Word:executed_conductance_return_bound; L:HNN/Word:executed_potential_deviation; R:holonics::hnn::propagation::conductance_covector; R:holonics::hnn::propagation::junction_weights	formal-checked	uses:hnn.junction-participation-anchor
hnn.contact-partial-isometry	contact, complex	U_a = ι_(a,h) ι_(a,g)ᵀ with ιᵀι = I:  U_aᵀ = ι_(a,g) ι_(a,h)ᵀ,  U_a U_aᵀ U_a = U_a;  |o|² = |ι_gᵀ o|² + |o − ι_g ι_gᵀ o|²;  C = K = D = 0:  a_(g←a) = (I − ι_g ι_gᵀ) o_g + U_aᵀ o_h,  a_(h←a) = (I − ι_h ι_hᵀ) o_h + U_a o_g,  |a_(g←a)|² + |a_(h←a)|² = |o_g|² + |o_h|²	a contact's channel transport is a partial isometry whose reverse is its transpose; the untransmitted part of a wave reflects to its own ring with its norm, and the constitution-free transit is pure transmission	isometric channel embeddings; G, h ≠ 0 for the transit	L:HNN/Propagation:IsChannelEmbedding; L:HNN/Propagation:contactTransport; L:HNN/Propagation:partialIsometry_transit; R:holonics::hnn::field::Field::connection; R:holonics::hnn::field::Field::contrast; R:holonics::hnn::propagation::transit	formal-checked	uses:complex.connection-incidence, uses:holonomy.block-flat-closed
hnn.contact-transit-balance	contact, constitution	M_a ω = 2C w + h(α_g − α_h) − hK u,  M_a = 2C + (2h/G) I + hD + (h²/2)K,  w′ = 2ω − w,  u′ = u + hω,  E_a = ½⟨w, Cw⟩ + ½⟨u, Ku⟩:  E_a′ − E_a + h⟨ω, Dω⟩ = (hG/4)(|α_g|² + |α_h|² − |α_g − (2/G)ω|² − |α_h + (2/G)ω|²) = (hG/4)(|o_g|² + |o_h|² − |a_(g←a)|² − |a_(h←a)|²)	the contact's midpoint two-port balances its stored energy against the power its channel waves carry in and out, less its dissipation, in channel waves and in full waves	C, K symmetric; G ≠ 0; α = ιᵀ o through channel embeddings for the wave form	L:HNN/Propagation:transitOperator; L:HNN/Propagation:TransitSolves; L:HNN/Propagation:contactEnergy; L:HNN/Propagation:transit_balance; L:HNN/Propagation:transit_balance_waves; R:holonics::hnn::propagation::transit	formal-checked	uses:hnn.contact-partial-isometry
hnn.tick-well-defined	constitution, contact, holon	K = W_s + Σ_ρ σ_ρ A_ρ, ⟨v, W_s v⟩ ≤ 0, A_ρ skew ⇒ ∀ (b, c) ∃! s′: (I − ½K) s′ = (I + ½K) b + W_c c;  C, D, K ⪰ 0, G, h > 0 ⇒ ⟨v, M_a v⟩ ≥ (2h/G)|v|² and ∃! ω: M_a ω = r;  K = −2 on ℝ: the element step sends every b to 0;  C = (h/G) I, D = K = 0: 2C + hD − (2h/G) I − (h²/2)K = 0	every local solve of a tick exists and is unique, and no inverse of the tick is claimed: the element step and the reverse transit can be singular	finite dimension	L:HNN/Propagation:tick_well_defined; L:HNN/Propagation:tick_step_not_invertible; L:HNN/Word:elementSolve_spec; L:HNN/Word:transitSolve_spec; R:holonics::hnn::propagation::Operands::at_cut	formal-checked	uses:holon.passive-cayley-contraction
hnn.element-balance	constitution, holon, swing	s′ − b = K x̄ + W_c c,  x̄ = ½(b + s′),  K = W_s + Σ_ρ σ_ρ A_ρ:  ½|s′|² − ½|b|² = ⟨x̄, W_s x̄⟩ + ⟨x̄, W_c c⟩;  W_s = 0, W_c = 0 ⇒ |s′| = |b|;  ℝ, W_s = −¼: b = 1 ↦ s′ = 7/9;  W_c = 1, c = 1: b = 0 ↦ s′ = 1	the ring's element at its sheet-class operands is the Cayley drive step: its skew slices are workless, and only its passive part and its contrast port change its energy	real inner-product space; A_ρ skew	L:HNN/Word:ElementStep; L:HNN/Word:elementStep_iff; L:HNN/Word:reaction_stage_balance; L:HNN/Word:reaction_stage_isometry; L:HNN/Word:reaction_stage_isometry_needs_both; R:holonics::hnn::propagation::element_step	formal-checked	uses:holon.drive-balance, uses:holon.cayley-isometry
hnn.contrast-port-active	constitution, holon	W_c c = w ≠ 0,  t = |w|²/(|w|² − ⟨w, W_s w⟩),  x̄ = t w,  b = x̄ − ½K x̄ − ½w,  s′ = 2x̄ − b:  ⟨x̄, W_c c⟩ > 0 and ½|s′|² − ½|b|² > 0;  (every element step has |s′| ≤ |b|) ⇔ W_c = 0	the learned contrast port is an active element relation: it supplies power on some input, and the element is passive for every input exactly when the port vanishes	W_s passive, A_ρ skew	L:HNN/Word:contrastPort_active; R:holonics::hnn::propagation::element_step	formal-checked	uses:hnn.element-balance
hnn.element-adjoint	constitution, coholon	u − ½K* u = g;  δs′ − δb = K(½(δb + δs′)) + W_c δc + Σ_ρ δσ_ρ A_ρ x̄ ⇒ ⟨g, δs′⟩ = ⟨2u − g, δb⟩ + ⟨W_c* u, δc⟩ + Σ_ρ δσ_ρ ⟨u, A_ρ x̄⟩;  σ₁ = σ + ε e_ρ, u₁ − ½K₁* u₁ = g ⇒ ⟨g, s₁′ − s′⟩ = ε ⟨u₁, A_ρ x̄⟩	the element's return: drive covector 2u − g, contrast covector W_c* u and slice covectors ⟨u, A_ρ x̄⟩; a finite change of one sheet class is read exactly by the adjoint at the changed classes	finite-dimensional real inner-product spaces	L:HNN/Word:reaction_stage_adjoint; L:HNN/Word:reaction_stage_slice_difference; L:Holon/Cayley:driveCovector; R:holonics::hnn::port::Word::pull_back	formal-checked	uses:hnn.element-balance
hnn.tick-power-balance	holon, contact, constitution, swing	P = (h/4)[Σ_r Y_r|s_r|² + Σ_(r,a) G_a|a_(r←a)|²] + Σ_a E_a:  P(t+1) = P(t) − h Σ_a ⟨ω_a, D_a ω_a⟩ + (h/2) Σ_r Y_r ⟨x̄_r, W_s,r x̄_r⟩ + Π_c,  Π_c = (h/2) Σ_r Y_r ⟨x̄_r, W_c,r c_r⟩;  per-ring end weights (1, 2) on a transmitting contact: power 1 ↦ 2	one tick changes the field's power by exactly the contacts' dissipation, the passive element terms and the contrast ports' supplied power; one conductance per contact, read at both of its ends, is load-bearing	junction admittance sums ≠ 0, C and K symmetric, channel embeddings, G_a ≠ 0 (admissible medium for the tick map)	L:HNN/Word:fieldPower; L:HNN/Word:word_tick_balance; L:HNN/Word:fieldTick; L:HNN/Word:fieldTick_balance; L:HNN/Word:word_tick_balance_needs_one_conductance; R:holonics::hnn::propagation::global_power; R:holonics::hnn::propagation::TickBalance	formal-checked	uses:hnn.junction-scattering, uses:hnn.element-balance, uses:hnn.contact-transit-balance
hnn.tick-cone	complex, contact, holon	blocks: rings (storage with received waves) and contacts; one tick carries r → r, r′ → r when r′ shares a contact with r, a ↔ its rings, a → a;  BlockZero on a block and on every block carried into it ⇒ BlockZero after the tick;  supp X ⊆ Z ⇒ supp T^t X ⊆ ball(Z, t);  a covector swept n ticks back from R vanishes where o_y > n	a change moves one contact per tick: after t ticks the word's change lies within t hops of where it started, and the swept covector within the receivers' observe distance; there is no global solve	admissible medium (the tick map); any sparse block operator family (the abstract word); word_tick_cone on the concrete tick; tick_causal_cone and covector_causal_cone on the abstract BlockOp	L:HNN/Word:blockAdj; L:HNN/Word:fieldTick_local; L:HNN/Word:word_tick_cone; L:HNN/Propagation:ReachIn; L:HNN/Propagation:reachWithin; L:HNN/Propagation:tick_causal_cone; L:HNN/Propagation:covector_causal_cone; R:holonics::hnn::word::Word::support	formal-checked	uses:hnn.tick-well-defined
hnn.concrete-tick-blocks	complex, contact, holon, coholon	fieldTick μ (c X₁ + X₂) = c fieldTick μ X₁ + fieldTick μ X₂;  blocks M_r = V_r × (Port_r → V_r), M_a = Ch_a × Ch_a;  T y z = π_y ∘ fieldTick ∘ ι_z;  (T x)_y = Σ_z T y z x_z = fieldTick x;  T y z = 0 off blockAdj;  toBlocks (fieldTick^[t] X) = trajectory T (toBlocks X) t	the concrete tick is linear in the change at a cut's fixed operands, because the element and contact solves solve linear relations uniquely; it is the tick of a block operator sparse on the ring/contact graph, so the cone, the pairing, the exact variation and the release past the diamond read on the concrete word	admissible medium (unique local solves), the exact law; the executed tick's carried outputs are not linear (their defects are HNN/Word item 7); which operand moves which block edge is the locus map (hnn.locus-map; HNN/LocusMap), which also reads HNN/Retention's release and deposit laws on the concrete medium; the tick-indexed family on pumped-resonator rings is hnn.tick-family; the loci with no Word.Medium operand stay owed (#62)	L:HNN/TickBlocks:elementSolve_comb; L:HNN/TickBlocks:transitSolve_comb; L:HNN/TickBlocks:fieldTick_comb; L:HNN/TickBlocks:blockZero_iff; L:HNN/TickBlocks:blockOp; L:HNN/TickBlocks:tick_blockOp; L:HNN/TickBlocks:blockOp_sparse; L:HNN/TickBlocks:fieldTick_iterate_blocks; L:HNN/TickBlocks:fieldTick_causal_cone; L:HNN/TickBlocks:fieldTick_pairing; L:HNN/TickBlocks:fieldTick_variation_exact; L:HNN/TickBlocks:fieldTick_release_past_diamond; L:HNN/TickBlocks:fieldTick_agrees_where_observed; R:holonics::hnn::word::Word::tick	formal-checked	uses:hnn.tick-cone, uses:hnn.word-variation-exact, uses:hnn.release-past-diamond
hnn.word-variation-exact	holon, coholon, navigator	⟨λ_n, x_k⟩ = ⟨g, x_(k+n)⟩ with λ_n the covector swept n ticks back;  ⟨g, x′_t⟩ − ⟨g, x_t⟩ = Σ_(k<t) ⟨λ′_(t−1−k), (T′ − T) x_k⟩	the reading pairs with the swept covector at every tick, and changing the block operators changes a reading by exactly the reverse telescope over the word's own trajectory: no inverse and no replay	block operator families on one open state; proved on an abstract time-invariant sparse linear BlockOp; it reads on the concrete tick HNN/Word.fieldTick through hnn.concrete-tick-blocks; the medium-level edge agreement is HNN/LocusMap:blockOp_agree (hnn.locus-map)	L:HNN/Propagation:tick; L:HNN/Propagation:trajectory; L:HNN/Propagation:sweep; L:HNN/Propagation:pair_tick; L:HNN/Propagation:trajectory_pairing; L:HNN/Propagation:word_variation_exact; R:holonics::hnn::port::Word::pull_back	formal-checked	uses:navigator.adjoint-reverse-order
hnn.release-past-diamond	compression, complex, receiver	r_z + 1 + o_y > t ⇒ ∀ k < t: λ_(t−1−k)(y) = 0 ∨ x_k(z) = 0, and the edge covector Σ_k λ_(t−1−k)(y)(δ x_k(z)) = 0;  T′ = T on every edge with r_z + 1 + o_y ≤ e_last ⇒ ⟨g, x′_t⟩ = ⟨g, x_t⟩ for t ≤ e_last, supp g ⊆ R;  x′_k(z) = x_k(z) where o_z ≤ e_last − k;  λ′_n(y) = λ_n(y) where r_y ≤ e_last − n	the return's covector lies in the time-indexed causal diamond, so an operator on an edge outside it changes no admitted reading, and the features and covectors read inside the diamond are unchanged	sparse block operators; open state supported on the source rings; proved on an abstract time-invariant sparse linear BlockOp; it reads on the concrete tick HNN/Word.fieldTick through hnn.concrete-tick-blocks; the medium-level edge agreement is HNN/LocusMap:blockOp_agree (hnn.locus-map)	L:HNN/Propagation:InDiamond; L:HNN/Propagation:edgeCovector; L:HNN/Propagation:reached_loci_diamond; L:HNN/Propagation:release_past_diamond; L:HNN/Propagation:trajectory_agrees_where_observed; L:HNN/Propagation:sweep_agrees_where_reached; R:holonics::hnn::retention::Diamond; R:holonics::hnn::retention::collapse	formal-checked	uses:hnn.word-variation-exact, uses:hnn.tick-cone
hnn.diamond-recursion	compression, complex, receiver	r⁰_b = 0 on 𝒮, ⊤ elsewhere;  r^(k+1)_b = min(r^k_b, min_(z→b) r^k_z + 1);  t ≤ k ⇒ (r^k_b ≤ t ⇔ b within t hops of 𝒮);  o = the same recursion on the reversed graph from R;  z → y in the diamond ⇔ r_z + 1 + o_y ≤ e_last;  every block of Z observes no receiver within n hops ⇒ supp ⊆ Z lies in horizonBlind n	the reach and observe recursions compute the hop distances in e_last rounds and decide the diamond; a block that observes no receiver within n hops is horizon-blind for the word	finite block graph	L:HNN/Retention:reachRound; L:HNN/Retention:reachRound_le_iff; L:HNN/Retention:observeRound; L:HNN/Retention:diamond_recursion; L:HNN/Retention:blind_outside_observe; R:holonics::hnn::retention::Diamond::of	formal-checked	uses:hnn.release-past-diamond
hnn.release-indistinguishable	compression, constitution, receiver	collapse θ = θ on the diamond, rel off it, op_c(rel) = 0:  ⟨g, x_t⟩(collapse θ) = ⟨g, x_t⟩(θ) for every class c, t ≤ e_last, supp g ⊆ R;  collapse ∘ collapse = collapse, each locus kept or released, inside the declared graph;  retained loci keep their values	every locus the diamond rule releases changes no admitted reading at any class configuration; the collapse is a local idempotent 0/1 projection that keeps retained values and the contact graph, and every admitted receiver factors through it	loci sparse on the declared block graph; open state on the source rings; proved on an abstract time-invariant sparse linear BlockOp; the concrete tick HNN/Word.fieldTick is a sparse BlockOp (hnn.concrete-tick-blocks), and the locus map (hnn.locus-map; HNN/LocusMap) reads it on the concrete medium (HNN/LocusMap:release_indistinguishable)	L:HNN/Retention:collapse; L:HNN/Retention:release_indistinguishable; L:HNN/Retention:local_retention_blocks; L:HNN/Retention:constitution_descends; R:holonics::hnn::retention::collapse	formal-checked	uses:hnn.release-past-diamond, uses:compression.kernel-quotient-coarsest-retention
hnn.deposit-descends	deposition, compression, constitution	D(z→y, t) = {k < t | r_z ≤ k, o_y ≤ t − 1 − k} (the ticks inside the causal diamond);  data = (x_k(z), λ_(t−1−k)(y)) over D(z→y, t);  Φ(θ, []) = θ ⇒ collapse ∘ deposit = deposit ∘ collapse;  released loci stay released under every admitted deposit sequence	a deposit reads only the covectors that reach its locus inside its causal diamond, which the collapse does not change, and none reaches a released locus: collapsing then depositing equals depositing then collapsing, and no later deposit resurrects a released locus	admitted families (epochs ≤ e_last, covectors on R); loci sparse; proved on an abstract time-invariant sparse linear BlockOp; the concrete tick HNN/Word.fieldTick is a sparse BlockOp (hnn.concrete-tick-blocks), and the locus map (hnn.locus-map; HNN/LocusMap) reads it on the concrete medium (HNN/LocusMap:deposit_descends)	L:HNN/Retention:windowTicks; L:HNN/Retention:depositData; L:HNN/Retention:deposit; L:HNN/Retention:deposit_descends; L:HNN/Retention:release_structural; R:holonics::hnn::retention::Diamond::element_window; R:holonics::hnn::retention::Diamond::channel_window	formal-checked	uses:hnn.release-indistinguishable
hnn.admitted-nonincreasing	compression, receiver, aeon	R′ ⊆ R, e_last′ ≤ e_last ⇒ collapse(R, e_last) is invisible to every reading of (R′, e_last′);  path 0 → 1 → 2, 𝒮 = {0}, R = {1}, e_last = 1: edge 1 → 2 released, and R′ = {2} at t = 2 reads 1 without the collapse and 0 with it	the collapse is sufficient for every later admitted family contained in this one; a family that adds a receiver can read a released locus	loci sparse; proved on an abstract time-invariant sparse linear BlockOp; the concrete tick HNN/Word.fieldTick is a sparse BlockOp (hnn.concrete-tick-blocks), and the operands each block edge reads are the locus map (hnn.locus-map; HNN/LocusMap)	L:HNN/Retention:admitted_nonincreasing; L:HNN/Retention:admitted_growth_reads_released; R:holonics::hnn::retention::contained	formal-checked	uses:hnn.release-indistinguishable
hnn.diamond-opened	compression, receiver, deposition, aeon	x(0) = u + x_c, supp u ⊆ 𝒮, supp x_c ⊆ S′:  collapse(𝒮 ∪ S′) is invisible to every admitted reading and commutes with every admitted deposit;  k ∈ D(z→y, t) ⇔ k < t ∧ r_z ≤ k ∧ o_y ≤ t − 1 − k for the recursions seeded at 𝒮 ∪ S′ and run e_last rounds;  an edge in the diamond of 𝒮 ∪ S′ and not of 𝒮: the rest collapse of the 0/1 constitution lowers the reading at a receiver of the word opened on a unit change in S′, at an epoch ≤ e_last	a word opened on a carried change has its diamond seeded at the sources and the carried support; the rest diamond, seeded at the sources alone, drops the carried motion on every edge it releases	loci sparse; proved on an abstract time-invariant sparse linear BlockOp; the concrete tick HNN/Word.fieldTick is a sparse BlockOp (hnn.concrete-tick-blocks), and the operands each block edge reads are the locus map (hnn.locus-map; HNN/LocusMap)	L:HNN/Retention:opened_release_indistinguishable; L:HNN/Retention:opened_deposit_descends; L:HNN/Retention:windowTicks_recursion; L:HNN/Retention:rest_diamond_drops_opened; R:holonics::hnn::retention::Diamond::opened; R:holonics::hnn::word::EndChange::support	formal-checked	uses:hnn.deposit-descends
hnn.continuing-collapse	compression, receiver, aeon, holon	chain at A = 0: x_(n+1)(0) = x_n(T_n) + u_(n+1), supp u ⊆ 𝒮;  released ⇔ no walk 𝒮 ⇝ z → y ⇝ R ⇔ ¬(r_z + 1 + o_y ≤ 2|B|) with |B| rounds;  every admitted reading of every later word unchanged at every epoch;  any released walk edge lowers a receiver's reading at the 0/1 constitution;  every block reached and observing ⇒ nothing released	under the carry the admitted future reads every locus a walk from a source to the receiver passes, so the continuing collapse releases exactly the off-walk loci, and in a connected field none	loci sparse; a fixed constitution over the chain; proved on an abstract time-invariant sparse linear BlockOp; the concrete tick HNN/Word.fieldTick is a sparse BlockOp (hnn.concrete-tick-blocks), and the locus map (hnn.locus-map; HNN/LocusMap) reads it on the concrete medium (HNN/LocusMap:continuing_release_indistinguishable); a value-level release (material falling below the lattice grain) is not this collapse	L:HNN/Retention:chainEnd; L:HNN/Retention:continuing_release_indistinguishable; L:HNN/Retention:continuing_walk_edge_is_read; L:HNN/Retention:walk_edge_is_read; L:HNN/Retention:inDiamond_continuing_iff; L:HNN/Retention:continuing_recursion; L:HNN/Retention:reachWithin_card; L:HNN/Retention:continuing_collapse_connected; R:holonics::hnn::retention::Diamond::continuing; R:holonics::hnn::retention::collapse; R:holonics::hnn::retention::Opens; R:holonics::hnn::reference::Reception::opens	formal-checked	uses:hnn.release-indistinguishable
hnn.pending-chain	ratio, receiver, holon, deposition	refine_k opens on end_(k−1), the end of the last word read, and writes carried ← end_k;  compare_k and discard_k leave the carry;  the commits c_1 … c_m (m ≥ 0) published between refine_k and refine_(k+1) act on end_k at held momentum, C_m w_m = C w, and dep_k = Σ_j work(c_j) = P_after(x_m) − P_before(x)	several pending ratios are consecutive words of one chain in refine order: a word runs at its refine, its compare is a reading of it (kept, or read again at the contemporary constitution on the same opening), and a commit acts on the motion where it stands, so the chained balance closes with dep k the composite commit's work	the carry at A = 0 (record B §8); production refines, compares and deposits one window at a time, where the two orders agree; the Lean chain takes any dep k; checked in Rust (tests/reference.rs, several_pending_ratios_are_one_chain_in_refine_order_and_the_chained_balance_closes); the resident that holds the carry, with the refine writing it and the chain in refine order, is hnn.carried-standing; the commits composed at held momentum stay owed (#62)	R:holonics::hnn::reference::Reception; R:holonics::hnn::word::ChainedBalance; R:holonics::hnn::word::WordBalance::commit_held; L:HNN/ChainedBalance:chain_telescopes; L:HNN/ChainedBalance:chain_dissipative	proved-derived	uses:hnn.reception-carry, uses:hnn.contemporary-read
hnn.carried-motion-released	deposition, holon, receiver, constitution	released ⊆ off-walk loci ⇒ carry′ = carry with [u_a, w_a] = 0, π_a = 0 at every released channel a and the state and momentum of every released resonator;  arrivals at the declared conductance and ring storage waves at the declared admittances stay;  opening′ crossed onto the collapsed constitution: C′_a = 0, π_a = 0 ⇒ w′_a = w_a	a releasing collapse releases the carried motion the released material held: no walk from a source to an admitted receiver passes a released locus, so its motion reaches no admitted reading, as its material does not; without the release the next opening holds a nonzero momentum on a zero storage, which no rate does	the carry at A = 0 (record B §8); the release reaches the next opening, every carried pending ratio's opening and the arrived targets' opening; close_aeon forms the collapse, the release, the separators and the first law's re-read before the resident moves; checked in Rust (tests/retention.rs, a_releasing_collapse_releases_the_carried_motion_its_material_held; holonics-cuda port_tests, the_card_port_returns_the_reference_through_a_releasing_collapse); proved in Lean on any sparse block operator family (motion_release_agrees, carried_motion_release_indistinguishable') and on the concrete medium for channels (releaseMotion zeroes a released channel's contact block, ring blocks stay; carried_motion_release_indistinguishable, continuing_motion_release_indistinguishable), with the first law's re-read on the pre-release opening's diamond (first_law_held_diamond, the 80546c9e fix); the loaded ring's block carries the resonator's state in hnn.loaded-medium, and the concrete release of a resonator's state, phase and momentum there is hnn.loaded-motion-release; the standing law over the resident that holds the carry is hnn.carried-standing	R:holonics::hnn::word::ReceptionCarry::released; R:holonics::hnn::word::WordOpening::released; R:holonics::hnn::reference::Reference; L:HNN/Retention:continuing_release_indistinguishable; L:HNN/Retention:continuing_collapse_connected; L:HNN/CarriedMotion:motion_release_agrees; L:HNN/CarriedMotion:carried_motion_release_indistinguishable'; L:HNN/CarriedMotion:releaseMotion_agrees; L:HNN/CarriedMotion:carried_motion_release_indistinguishable; L:HNN/CarriedMotion:continuing_motion_release_indistinguishable; L:HNN/CarriedMotion:first_law_held_diamond	formal-checked	uses:hnn.reception-carry, uses:hnn.pending-chain, uses:hnn.continuing-collapse, uses:hnn.locus-map, uses:hnn.carried-standing
hnn.tick-family	complex, holon, coholon, parametron, aeon	x_(k+1) = T_k x_k (trajectoryAt);  ⟨g, x′_t⟩ − ⟨g, x_t⟩ = Σ_(k<t) ⟨g, Φ′_(t←k+1) (T′_k − T_k) x_k⟩;  T_k = T′_k on every edge z→y with r_z ≤ k, o_y ≤ e_last − 1 − k ⇒ every reading on R agrees at every t ≤ e_last;  T_k = T′_k on every walk edge for all k ⇒ trajectories agree on the observing blocks at every tick;  ⟨λ_n, x_(t−n)⟩ = ⟨g, x_t⟩ with λ_(n+1) = T_(t−1−n)* λ_n	the word's laws hold for a block operator family indexed by the tick, as on a ring whose pump phase moves its element edge g→g each tick on the field's elapsed clock: the causal cone, the exact Duhamel variation, release past the space-time diamond at every tick, the walk agreement with no bound on the word's length, the return swept through the ticks' duals and the deposit's data	every tick's operator sparse on the declared block graph; no relation assumed between ticks; the constant family gives HNN/Propagation and HNN/Retention	L:HNN/TickFamily:trajectoryAt; L:HNN/TickFamily:trajectoryAt_causal_cone; L:HNN/TickFamily:word_variation_at; L:HNN/TickFamily:release_past_diamond_at; L:HNN/TickFamily:release_past_diamond_static; L:HNN/TickFamily:trajectoryAt_agrees_where_observed; L:HNN/TickFamily:trajectoryAt_agrees_on_walk; L:HNN/TickFamily:readings_agree_on_walk; L:HNN/TickFamily:sweepAt_pairing; L:HNN/TickFamily:sweepAt_agrees_on_walk; L:HNN/TickFamily:depositDataAt_agree; R:holonics::hnn::word::Word::opened_at; R:holonics::hnn::ring::PumpDeclaration::phase_at	formal-checked	generalizes:hnn.tick-cone, generalizes:hnn.word-variation-exact, generalizes:hnn.release-past-diamond
hnn.tick-standing	compression, holon, aeon, receiver, deposition, parametron	carry = (x_c, ref, λ_c, τ);  word on a carry runs k ↦ op(cls(λ, τ + k), θ) (wordOp);  the carry at the word's end stands at τ + ticks;  opening x_0 = openState θ l m, reading ⟨p, x⟩ through recv θ;  Retained ℓ ⇔ ℓ read by an edge on a walk S→R, by the reference of a reached block that observes R, by the opening of a seeded block that observes R, or by the reading at a receiver;  staged = (edges, opens), opens b = [(l, m, λ_t swept to b)] at a seeded b observing R, [] elsewhere (openDataAt);  ⟨g, x_t⟩ − ⟨g, x′_t⟩ = ⟨sweep_(t←0) g, x_0 − x′_0⟩;  retain = release(Retained) on the loci, carries and staged kept whole:  a StandingLaw;  ¬Retained ℓ ⇒ agreeOn ℓ (release θ) (loci after any word)	the standing with the carried change holds when the carry holds its tick, each word runs its lift's class at every absolute tick of the field's clock, and the loci are shared across edges: every admitted face of the current and the pending words is read off the collapsed resident; and a deposit between words never reopens a released locus	the locus map's laws as hypotheses (TickLaw.Local, and of the deposit only that it moves every retained locus alike, TickLaw.ApplyRetained, which a per-locus deposit has, TickLaw.Lawful; the joint step is hnn.joint-step; sparse operators, loci read along declared edges, an edge's operator, a block's reference, its opening and its receiving map move only with the loci they read, a locus deposits from its own state, its edges' data and the opening data staged at the blocks whose opening reads it, the release keeps what it keeps); for the release's persistence the agreement on a locus is an equivalence and a deposit keeps a locus no datum reaches (TickLaw.Quiet); open states on the sources; commits composed at held momentum are hnn.held-commits; the concrete instance on Word.Medium is hnn.medium-standing	L:HNN/TickStanding:tickStanding; L:HNN/TickStanding:tickStandingOf; L:HNN/TickStanding:TickLaw.Lawful.applyRetained; L:HNN/TickStanding:step_agree; L:HNN/TickStanding:observe_agree; L:HNN/TickStanding:stagedOf_agree; L:HNN/TickStanding:depositDataAt_off_walk; L:HNN/TickStanding:released_stays_released; L:HNN/TickStanding:step_released; L:HNN/TickStanding:step_stagedOff; L:HNN/TickStanding:TickStage; L:HNN/TickStanding:openDataAt; L:HNN/TickStanding:reading_opening_variation; R:holonics::hnn::reference::Resident; R:holonics::hnn::word::ReceptionCarry; R:holonics::hnn::constitution::Constitution::deposited	formal-checked	generalizes:hnn.carried-standing, uses:hnn.tick-family, uses:hnn.locus-map, uses:receipt.standing-law
hnn.medium-standing	compression, holon, aeon, receiver, deposition, constitution	Con = {μ : Word.Medium // μ.Admissible ∧ μ.h = h₀};  op c θ = blockOp(θ at sheet classes c);  ref(contact a) = (G_a, C_a), ref(ring) = ();  apply θ d = deposited Φe Φc (ℓ ↦ d on the edges reading ℓ) θ;  release = LocusMap.release;  Φe, Φc keep each locus admissible ⇒ deposited admissible;  TickLaw.Lawful and, for Φ(p, []) = p, TickLaw.Quiet;  keep ⊇ Retained ⇒ release keep is sufficient;  Retained ℓ ⇒ Diamond::retains ℓ at e = 2|B|	the tick-indexed standing law holds on the concrete medium: the deposit keeps the medium admissible when each locus law keeps its locus admissible, the locus map's laws hold, a deposit between words never reopens a released locus, and the collapse the Rust runs (its per-locus rule under the continuing diamond, which keeps at least the standing law's loci) changes no admitted face of the current or any pending word	tick length h₀ declared and never released; the class reads only the sheet classes (the medium has no resonator operand; the resonator's edge is hnn.loaded-ring-resonator, the loaded blocks hnn.loaded-medium); per-locus admissibility of Φe, Φc assumed here; the Rust's factor forms discharge it for every factor step (hnn.factored-medium); a seeded contact block comes with its end rings and receivers are rings; SourcePort, Standing and ReceivingMap loci are hnn.ring-loci	L:HNN/MediumStanding:deposited_admissible; L:HNN/MediumStanding:mediumLaw_lawful; L:HNN/MediumStanding:mediumLaw_quiet; L:HNN/MediumStanding:mediumStanding; L:HNN/MediumStanding:medium_released_stays_released; L:HNN/MediumStanding:keeps_sufficient; L:HNN/MediumStanding:retained_rust; L:HNN/MediumStanding:rust_collapse_sufficient; R:holonics::hnn::constitution::Constitution::deposited; R:holonics::hnn::constitution::Constitution::release; R:holonics::hnn::retention::Diamond::retains; R:holonics::hnn::word::ReceptionCarry	formal-checked	uses:hnn.tick-standing, uses:hnn.locus-map, uses:hnn.concrete-tick-blocks
hnn.factored-medium	compression, holon, receiver, deposition, constitution	W_s = −f f*, A_ρ = u_ρ v_ρ* − v_ρ u_ρ*, C = c c*, K = b b*, D = F F*;  ⟨v, −f f* v⟩ = −‖f* v‖² ≤ 0;  ⟨v, (u w* − w u*) v⟩ = ⟨u* v, w* v⟩ − ⟨w* v, u* v⟩ = 0;  ⟨c c* x, y⟩ = ⟨c* x, c* y⟩ = ⟨x, c c* y⟩;  toMedium(frelease keep φ) = LocusMap.release keep (toMedium φ);  apply φ d = factors moved per locus by Ψe, Ψc from d on the edges reading the locus;  certifiedStep η g p dat = p + η(p, dat) Σ_y Σ_z Σ_(t ∈ dat y z) g(p, y, z, t), certifiedStep η g p [] = p	the medium with the learned operands' factors as its state, as the Rust carries them: every carrier re-formed from its factors is admissible whatever the factors, so the standing law holds for every per-locus factor law and the collapse the Rust runs is sufficient for each; the certified step moves by a sum over the data that reached the locus, so it is quiet on empty data and released loci stay released under it	factor spaces of any finite dimension per ring and per contact; W_c a linear locus with no constraint; declared operands (Y, G, h, the embeddings) admissible; the step's certified descent is Holon/Deposition's, not stated here; the Rust's step is not yet a per-locus factor law (source-inspected): its moves read the locus's carried statistic or successor chart; its reads beyond the locus (the joint certified step's 1 + ω, span factor F(s) and Floquet decisions, the standing's lobe hold and the boost gate) read only the loci the word's diamond holds (Reach::loci, record B §8), and B_Θ reads the resident's retention (retention::retained) at the deposit, the lock, the re-base and the executed source move (Constitution::deposited_within), so a collapse changes no step and no refusal of the joint step (hnn.joint-step; tests/retention.rs a_collapse_releasing_a_pumped_ring_changes_no_step, a_collapse_releasing_a_standings_neighbours_changes_no_lobe_hold, a_boost_refuses_only_the_steps_whose_word_reads_its_channel, the_budget_reads_the_residents_retention, a_rebase_reads_the_residents_retention, the_source_step_reads_the_retention_under_the_carry; the carried statistics in the locus's state owed, #62); a seeded contact block comes with its end rings and receivers are rings; SourcePort, Standing and ReceivingMap loci are hnn.ring-loci; the loaded ring on the medium is hnn.loaded-medium	L:HNN/FactoredMedium:toMedium_admissible; L:HNN/FactoredMedium:toMedium_release; L:HNN/FactoredMedium:factoredLaw_lawful; L:HNN/FactoredMedium:factoredLaw_quiet; L:HNN/FactoredMedium:factoredStanding; L:HNN/FactoredMedium:factored_released_stays_released; L:HNN/FactoredMedium:retained_rust_factored; L:HNN/FactoredMedium:factored_rust_collapse_sufficient; L:HNN/FactoredMedium:certifiedStep_quiet; L:HNN/FactoredMedium:certified_released_stays_released; L:HNN/FactoredMedium:sq_psd; L:HNN/FactoredMedium:sq_symm; L:HNN/FactoredMedium:skew_no_work; R:holonics::hnn::constitution::Locus; R:holonics::hnn::constitution::Constitution::deposited; R:holonics::hnn::constitution::Constitution::deposited_within; R:holonics::hnn::constitution::Constitution::release; R:holonics::hnn::retention::Diamond::retains; R:holonics::hnn::retention::retained	formal-checked	uses:hnn.medium-standing, uses:hnn.tick-standing, uses:hnn.locus-map
hnn.ring-loci	compression, holon, receiver, deposition, constitution	Δ_r(q) = self_r q_r + Σ_(e : endRing e = r) across_e q_(endRing(e.1, ¬e.2));  σ_(r,ρ)(q) = 1 if 0 ≤ Δ_(r,ρ)(q) else −1;  (∀ g near r, q_g = q'_g) ⇒ σ_r(q) = σ_r(q');  Standing(g) read on r → r for r near g;  open(g) = src_(l,m)(E_g), linear in the port, at a source ring g, 0 elsewhere, reads SourcePort(g);  θ, θ′ differing only in E: reading(θ) − reading(θ′) = Σ_(g ∈ Src) (λ_t(g) ∘ src_(l,m))(E_g − E′_g), λ_t the reading's covector swept to the opening;  ⟨p, R_g x⟩ = ⟨R_gᵀ p, x⟩ reads ReceivingMap(g);  op θ = blockOp(toMedium θ.φ at σ(θ.q));  release zeroes a released q_g, E_g, R_g;  Retained(Standing g) ⇒ element(g) ∨ element(neighbour);  Retained(SourcePort g) ⇒ g ∈ Src ∧ o_g ≤ e;  ReceivingMap(g) always kept, at e = 2|B|	ring g's standing, source port and receiving map as loci of the factored medium: the element reads its sheet classes from the standings through the lock chart, the opening reads a source ring's source port, whose deposit reads the opening's data (l, m, λ_t(g)) a compare stages there, the gradient the Rust's encoder_covector forms, the reading reads a ring's receiving map; the Rust's rules (the element of g or of a neighbour kept, a source observing a receiver within e, every receiving map kept) keep every retained locus, so the collapse it runs is sufficient for every per-locus factor and ring-locus law, and under the certified step released loci stay released	the lock chart linear and read on the incidence (self term and one term per contact end); sign 0 = +1; the class is Unit, the pump's phase being the loaded ring's; every declared source ring seeded; a seeded contact block comes with its end rings and receivers are rings; a source port's deposit reads its own state and the opening's data staged at its ring, which carries the source input through the moment and the anchor; the Rust's steps at these loci are not yet per-locus laws (source-inspected): the source port's and the receiving map's share the deposit's joint certified step, which reads the medium's reach, and the standing's is held in its lobes against the contrasts of every ring it reaches, halved with the families whose moves reach a crossed slice (the joint step on retained loci is hnn.joint-step; the carried statistics and remainders in the locus's state owed, #62); the loaded ring on the medium is hnn.loaded-medium	L:HNN/RingLoci:contrast_congr; L:HNN/RingLoci:sheets_congr; L:HNN/RingLoci:ringLaw_lawful; L:HNN/RingLoci:ringLaw_quiet; L:HNN/RingLoci:ringOpen_supported; L:HNN/RingLoci:ringStanding; L:HNN/RingLoci:ring_released_stays_released; L:HNN/RingLoci:retained_receiver; L:HNN/RingLoci:retained_rust_ring; L:HNN/RingLoci:ring_rust_collapse_sufficient; L:HNN/RingLoci:certified_ring_released_stays_released; L:HNN/RingLoci:portData; L:HNN/RingLoci:portGradient; L:HNN/RingLoci:port_gradient; L:HNN/RingLoci:portStep; L:HNN/RingLoci:portStep_quiet; R:holonics::hnn::constitution::Locus; R:holonics::hnn::moment::SourceMoment::encoder_covector; R:holonics::hnn::reference::compose_return; R:holonics::hnn::constitution::Constitution::release; R:holonics::hnn::retention::Diamond::retains; R:holonics::hnn::retention::retained	formal-checked	uses:hnn.factored-medium, uses:hnn.tick-standing, uses:hnn.locus-map, uses:hnn.standing-lock-chart
hnn.loaded-ring-resonator	parametron, holon, aeon, receiver, deposition	ω = M_j⁻¹(2C w + h e − h K_j u), M_j = 2C + (h/Y)I + hD + (h²/2)K_j;  (u, w, e) ↦ (u + hω, 2ω − w, e − (2/Y)ω) linear;  j = t mod P;  E_(K_j)(u′,w′) − E_(K_(j−1))(u,w) = ½⟨u,(K_j − K_(j−1))u⟩ + (hY/4)(|e|² − |s′|²) − h⟨ω,Dω⟩;  E_end − E_open = Σ_k (pump_k + port_k − dissipation_k);  word(τ, s + n) = word(τ + s, n) ∘ word(τ, s);  word(τ, nP) = word(τ, P)^n;  Resonator(g) retained ⇔ r_g + 1 + o_g ≤ e_last ⇔ InDiamond(g → g)	the resonator is an operand of its ring's element edge g→g alone: its tick is one linear map, its exact balance closes per tick and telescopes over the word from the open energy at the previous phase, its pump continues across receptions and one period is the monodromy, and releasing it (material and motion) past the Rust's rule changes no admitted reading of the tick-indexed word	C, K_j symmetric; Minv_j a right inverse of M_j (the exact law, no lattice split); Y ≠ 0; the pumped family moves only on loaded diagonals, which are block-graph edges; motion release at the continuing diamond e_last = 2|B|; the loaded block on the medium is hnn.loaded-medium	L:HNN/LoadedRing:rateMap; L:HNN/LoadedRing:stepMap; L:HNN/LoadedRing:resonator_rate_solves; L:HNN/LoadedRing:resonator_tick_balance; L:HNN/LoadedRing:resonance; L:HNN/LoadedRing:resonance_word_balance; L:HNN/LoadedRing:resonance_shift; L:HNN/LoadedRing:phaseFamily; L:HNN/LoadedRing:phaseFamily_continues; L:HNN/LoadedRing:trajectoryAt_monodromy; L:HNN/LoadedRing:MovesOnLoaded; L:HNN/LoadedRing:resonatorRule_iff; L:HNN/LoadedRing:resonator_release_past_diamond; L:HNN/LoadedRing:resonator_continuing_iff; L:HNN/LoadedRing:resonator_release_on_walk; L:HNN/LoadedRing:resonator_motion_release_agrees; L:HNN/LoadedRing:resonator_release_indistinguishable; L:HNN/LoadedRing:loadedEdge; L:HNN/LoadedRing:loadedEdge_balance; R:holonics::hnn::ring::ResonatorOperands::step; R:holonics::hnn::ring::ResonatorOperands::phase_at; R:holonics::hnn::ring::ResonatorStep::closes; R:holonics::hnn::word::ResonatorBalance::of; R:holonics::hnn::retention::Diamond::retains; R:holonics::hnn::word::ReceptionCarry::released	formal-checked	uses:hnn.loaded-ring-stage, uses:hnn.resonator-carried-opening, uses:hnn.tick-family, uses:hnn.carried-motion-released
hnn.loaded-medium	parametron, holon, aeon, receiver, deposition, constitution	LoadedM(g) = BlockM(g) × (V g × V g), LoadedM(a) = BlockM(a) × 0;  loadedOp T res h t = lift T + diag(loadCorr);  loadedOp(g, g) = loadedEdge(T_(g,g) − store ∘ elem, elem, store, C, K_(t mod P), M_(t mod P)⁻¹, Y, h);  ω = 0, s′ = e at zero operands;  cls l t = (L.cls l t, t);  open θ = (L.open θ.inner, 0);  recv θ = R ∘ fst + id on the resonator part;  Resonator(g) read on g → g and by ref θ (g);  Retained(Resonator g) ⇒ element(g) at e = 2|B|;  ref θ (g) = (L.ref θ (g), C_g);  heldCross: (x, (u, w)) ↦ (crossIn x, (u, hold(C, C′) w));  C′ hold(C, C′) w = C w ⇒ C′ w′ = C w;  C′ symmetric ∧ C′ w₁ = C′ w₂ ⇒ ⟨w₁, C′ w₁⟩ = ⟨w₂, C′ w₂⟩	the loaded ring block joined to the medium: every ring block carries its resonator's state, its element edge is the loaded edge at the pump's phase of the field's absolute tick, so the class reads the pump's phase; for any medium law the locus map's laws hold on the loaded blocks, a deposit never reopens a released locus, and the collapse the Rust runs (a resonator kept with its ring's element) is sufficient for every per-locus law at every pump phase, the ring loci included	zero operands unload a ring and the release zeroes a released resonator's operands; the opening's staged data reach the medium part, restricted to it (projStage); a resonator's law reads only its operands and the data on its edge, while the Rust's resonator steps read beyond it: a resonator whose ring the medium's reach reads holds its gain families out of the joint certified step unless the readout is zero along the whole joint ray and it is unpumped, and otherwise they share that step, which reads 1 + ω and F(s) over the medium (the joint step on retained loci is hnn.joint-step; the carried statistics in the locus's state owed, #62); the resonator's momentum is held across a deposit by heldCross where its hold solves the contemporary capacity, the medium part's crossing a parameter; the concrete release of a resonator's motion is hnn.loaded-motion-release	L:HNN/LoadedMedium:loadedOp; L:HNN/LoadedMedium:loadedOp_sparse; L:HNN/LoadedMedium:loadedOp_self; L:HNN/LoadedMedium:loadedOp_self_balance; L:HNN/LoadedMedium:loadedLaw; L:HNN/LoadedMedium:projStage; L:HNN/LoadedMedium:loadedLaw_lawful; L:HNN/LoadedMedium:loadedLaw_quiet; L:HNN/LoadedMedium:loadedOpen_supported; L:HNN/LoadedMedium:loadedStanding; L:HNN/LoadedMedium:loaded_released_stays_released; L:HNN/LoadedMedium:retained_rust_loaded; L:HNN/LoadedMedium:loaded_collapse_sufficient; L:HNN/LoadedMedium:loaded_ring_rust_collapse_sufficient; L:HNN/LoadedMedium:heldCross; L:HNN/LoadedMedium:heldCross_interior; L:HNN/LoadedMedium:heldCross_momentum; L:HNN/LoadedMedium:heldCross_kinetic; R:holonics::hnn::word::ReceptionCarry::crossed; R:holonics::hnn::word::held_resonator_rate; R:holonics::hnn::ring::ResonatorOperands::step; R:holonics::hnn::ring::ResonatorOperands::phase_at; R:holonics::hnn::constitution::Locus; R:holonics::hnn::constitution::Constitution::release; R:holonics::hnn::retention::Diamond::retains	formal-checked	uses:hnn.loaded-ring-resonator, uses:hnn.ring-loci, uses:hnn.tick-standing, uses:hnn.locus-map, uses:hnn.held-commits
hnn.loaded-motion-release	deposition, holon, receiver, constitution, parametron	chainEndAt A x [] = x,  chainEndAt A x ((c, τ, n, u) :: ws) = chainEndAt A (trajectoryAt (k ↦ A c (τ + k)) (x + u) n) ws;  A = A' on walk edges ∧ x = x' on observing blocks ⇒ ⟨g, word after the chain⟩ equal at every class, opening tick and epoch;  res′ g = res g if element(g) kept else 0;  x′(g) = (releaseMotion x (g), (u, w) if element(g) kept else 0),  x′(a) = (releaseMotion x (a), ·);  OnWalk(g → g) ⇒ Retained(element g)	a releasing collapse on the loaded medium releases the motion its released material held: a released channel's [u, w] and momentum, and a released resonator's state, phase and momentum (its operands zeroed, its (u, w) zeroed); arrivals and ring storage stay; along any tick-indexed chain of later words, at any pump phase, no admitted reading changes	the continuing rule at e_last = 2|B|; a resonator kept with its ring's element; the phase is the field's absolute tick read through the operands and the momentum C w its operands on its state, so zeroing operands and state releases both; a seeded contact block comes with its end rings and receivers are rings; the resonator's momentum is held across a deposit by heldCross where its hold solves the contemporary capacity, the medium part's crossing a parameter (#62)	L:HNN/LoadedMotion:chainEndAt; L:HNN/LoadedMotion:chainAt_agrees_on_walk; L:HNN/LoadedMotion:chainAt_release_indistinguishable; L:HNN/LoadedMotion:resRelease; L:HNN/LoadedMotion:loadedReleaseMotion; L:HNN/LoadedMotion:loadedOp_agree_on_walk; L:HNN/LoadedMotion:loadedReleaseMotion_agrees; L:HNN/LoadedMotion:loadedReleaseMotion_supported; L:HNN/LoadedMotion:loadedFamily; L:HNN/LoadedMotion:element_retained_of_walk; L:HNN/LoadedMotion:loaded_motion_release_indistinguishable; R:holonics::hnn::word::ReceptionCarry::released; R:holonics::hnn::reference::Reference; R:holonics::hnn::retention::Diamond::retains	formal-checked	uses:hnn.loaded-medium, uses:hnn.carried-motion-released, uses:hnn.locus-map, uses:hnn.tick-family
hnn.joint-step	deposition, constitution, receiver, compression, holon	jointApply J stepAt θ d = θ if J θ d = none, stepAt γ θ d if J θ d = some γ;  ReadsOnly keep J: (∀ ℓ ∈ keep, θ ~_ℓ θ′) ∧ d ≈ d′ ⇒ J θ d = J θ′ d′;  budgeted Jd within stepAt θ d = Jd θ d >>= γ ↦ (some γ if within(stepAt γ θ d) else none);  diam ⊆ keep ∧ ReadsOnly diam Jd ∧ within reads keep ∧ stepAt per-locus ⇒ ReadsOnly keep (budgeted Jd within stepAt);  Retained ⊆ keep ∧ ReadsOnly keep J ⇒ observe(transport w (release keep s)) = observe(transport w s) ∧ J reading(transport w (release keep s)) = J reading(transport w s);  OpenedDiamond S R ℓ ⇔ Retained S R (2|B|) ℓ, so ReadsOnly OpenedDiamond Jd ∧ within reads Retained S R (2|B|) ⇒ the Rust's collapse changes no face and no reading	the deposit's joint step: a joint reading refuses or decides a joint value (the certified step per element and channel, the Floquet decisions, held families, lobe holds and lock), and each locus then moves by the per-locus step at that value; when the joint reading reads only loci a collapse keeps, the budget over the collapse's retained set and the other reads over the word's diamond inside it, the collapse changes no admitted face and no staged deposit's reading after any word, a refusal included, and a released locus stays released; on the factored medium under the certified step with the Rust's retained loci this holds with no hypothesis on the moves	the joint reading's restriction to the word's opened diamonds (HNN/WordDiamond, which proves them inside the retained set) and the budget's to the retained set are hypotheses here, which the Rust's release-law fix carries (Reach::loci = Diamond::retained; Constitution::deposited_within, bits_within over retention::retained; record B §8) with its fixtures in tests/retention.rs; staged deposits (the edges' data and the opening's data at the source rings) quiet off every walk at the collapse; the agreement on a locus an equivalence; the carried statistics and remainders in the locus's state are hnn.locus-statistics; the certified descent is Holon/Deposition's	L:HNN/JointStep:jointApply; L:HNN/JointStep:jointLaw; L:HNN/JointStep:jointLaw_applyRetained; L:HNN/JointStep:jointStanding; L:HNN/JointStep:step_keepAgree; L:HNN/JointStep:joint_keeps_sufficient; L:HNN/JointStep:joint_reading_unchanged; L:HNN/JointStep:joint_released_stays_released; L:HNN/JointStep:budgeted; L:HNN/JointStep:budgeted_readsOnly; L:HNN/JointStep:certifiedJointLaw; L:HNN/JointStep:certified_joint_rust_collapse_sufficient; L:HNN/JointStep:certified_joint_rust_reading_unchanged; L:HNN/JointStep:certified_budgeted_readsOnly; L:HNN/JointStep:certified_budgeted_rust_unchanged; L:HNN/JointStep:certified_word_rust_unchanged; R:holonics::hnn::constitution::Constitution::deposited; R:holonics::hnn::constitution::Constitution::deposited_within; R:holonics::hnn::constitution::Constitution::certify_steps; R:holonics::hnn::retention::Diamond::retained	formal-checked	uses:hnn.tick-standing, uses:hnn.factored-medium, uses:hnn.ring-loci, uses:hnn.loaded-medium, uses:hnn.word-diamond
hnn.locus-statistics	deposition, constitution, receiver, contact, holon	withState L A rel: agreeOn ℓ (θ, s) (θ′, s′) = L.agreeOn ℓ θ θ′ ∧ s ℓ = s′ ℓ, release keep (θ, s) = (L.release keep θ, ℓ ↦ s ℓ if keep ℓ else rel ℓ (s ℓ)), reads = L's ⇒ Retained (withState L A rel) = Retained L;  carriedDeposit: (x_ℓ, s_ℓ)′ = Ψ_ℓ((x_ℓ, s_ℓ), data reaching ℓ);  Ψ_ℓ(p, ∅) = p ⇒ quiet;  ReadsOnly (Retained S R (2|B|)) J ⇒ observe(transport w (release s)) = observe(transport w s) ∧ J reading unchanged;  carriedStep: h′ = h + Σ_t e_t, x′ = x + η X(h′, Σ_t g_t);  X(h, 0) = 0 ⇒ carriedStep(p, ∅) = p;  h > 0, e_t ≥ 0 ⇒ h ≤ h′, 0 < h′;  X(h′, G) = h′⁻¹G ⇒ ⟨G, h′⁻¹G⟩ = |G|²/h′ ≥ 0	the carried statistics (a factor family's h_x′, a linear locus's successor Gram and solved chart) and the carried remainders stand in each locus's state, read through the locus's agreement and moved only by the data that reached it; with them there, the factored medium's law is lawful and quiet, and the Rust's collapse changes no admitted face and no staged deposit's joint reading, a refusal included, with the joint reading (the budget included) reading the retained loci's statistics; a family's carried step keeps its statistic positive and its unit step aligned	the per-locus law Ψ_ℓ is any function of the locus's factors, state and data (the Rust's is the product of its families' carried steps, agent-inferred); the release of the state is any rel (the Rust resets the contrast port's Gram to its prior, keeps the factor statistics h_x and drops the released loci's remainders and clocks); quiet: the Rust deposits only at loci data reached; the ring loci's statistics (the standing's and the pair port's h_x) on RingLoci owed (#62); the remainder's lattice law is hnn.lattice-deposit's	L:HNN/LocusStatistics:releaseState; L:HNN/LocusStatistics:withState; L:HNN/LocusStatistics:withState_local; L:HNN/LocusStatistics:withState_equiv; L:HNN/LocusStatistics:retained_withState; L:HNN/LocusStatistics:LocusSt; L:HNN/LocusStatistics:carriedDeposit; L:HNN/LocusStatistics:carriedLaw; L:HNN/LocusStatistics:carriedDeposit_local; L:HNN/LocusStatistics:carriedDeposit_quiet; L:HNN/LocusStatistics:carriedLaw_lawful; L:HNN/LocusStatistics:carried_equiv; L:HNN/LocusStatistics:carriedLaw_quiet; L:HNN/LocusStatistics:carried_stepLocal; L:HNN/LocusStatistics:carried_stepQuiet; L:HNN/LocusStatistics:retained_rust_carried; L:HNN/LocusStatistics:carried_word_readsOnly; L:HNN/LocusStatistics:carried_rust_collapse_sufficient; L:HNN/LocusStatistics:carried_rust_reading_unchanged; L:HNN/LocusStatistics:carried_released_stays_released; L:HNN/LocusStatistics:carriedStep; L:HNN/LocusStatistics:carriedStep_quiet; L:HNN/LocusStatistics:familyStatistic_pos; L:HNN/LocusStatistics:family_step_aligned; R:holonics::hnn::constitution::Constitution::deposited; R:holonics::hnn::constitution::Constitution::release; R:holonics::hnn::constitution::Constitution::contact_scales; R:holonics::hnn::constitution::NormalLaw; R:holonics::hnn::constitution::SolvedChart	formal-checked	uses:hnn.joint-step, uses:hnn.factored-medium, uses:hnn.word-diamond, uses:hnn.certified-factor-step, uses:hnn.lattice-deposit
hnn.word-diamond	receiver, deposition, constitution, holon	b ∈ reach(S ∪ U, j), U ⊆ reachAll S ⇒ b ∈ reach(S, |B| − 1);  Observes Rw y m, Rw ⊆ R ⇒ Observes R y (|B| − 1);  U ⊆ reachAll S ∧ Rw ⊆ R ⇒ Retained (S ∪ U) Rw e ℓ → Retained S R (2|B|) ℓ (every e);  S ⊆ S′ ∧ R ⊆ R′ ∧ e ≤ e′ ⇒ Retained S R e ⊆ Retained S′ R′ e′;  (∃ U Rw e, U ⊆ reachAll S ∧ Rw ⊆ R ∧ Retained (S ∪ U) Rw e ℓ) ⇔ Retained S R (2|B|) ℓ;  Valid S res ⇒ supp(carried) ⊆ reachAll S ∧ ∀ p ∈ pending, supp(p.opening) ⊆ reachAll S	the word's opened diamond (Reach::loci: reach seeded at the sources and the carried interior's support, observed from the word's receiving ring, at the phases' epoch bound) lies in the continuing collapse's retained set for every epoch bound, every support the sources reach and every receiver among the admitted family; with the ring loci (standing, source port, receiving map) too; a valid resident's carried and pending support is reached from the sources; so the joint step's diamond hypothesis is discharged	distances counted on the block graph (one contact hop is two block hops), where the Rust counts on rings; the statements hold at every epoch bound, so the inclusion does not depend on how e_last is scaled; the at-rest collapse keeps each admitted receiver's Diamond::of at its own e_last, and a word read at the same receiver and at most that bound lies inside it (monotonicity); the word's receivers are among the admitted ones (mount_with)	L:HNN/WordDiamond:reach_lift; L:HNN/WordDiamond:observes_lift; L:HNN/WordDiamond:inDiamond_mono; L:HNN/WordDiamond:opened_retained; L:HNN/WordDiamond:opened_mono; L:HNN/WordDiamond:opened_rust_retained; L:HNN/WordDiamond:OpenedDiamond; L:HNN/WordDiamond:word_diamond_retained; L:HNN/WordDiamond:carried_support; L:HNN/WordDiamond:pending_support; L:HNN/JointStep:certified_word_rust_unchanged; R:holonics::hnn::retention::Diamond::opened; R:holonics::hnn::retention::Diamond::of; R:holonics::hnn::retention::Diamond::continuing; R:holonics::hnn::retention::retained; R:holonics::hnn::constitution::Reach::loci	formal-checked	uses:hnn.tick-standing, uses:hnn.locus-map, uses:hnn.ring-loci, uses:hnn.joint-step
hnn.field-standing	compression, holon, aeon, receiver	Resident (Θ, λ, M, pending), no wave field;  generators ingest, locateKeys, refine, deposit;  observe: the admitted faces of the current word and of every pending ratio at the contemporary constitution;  retain = collapse:  a StandingLaw	the field's retention is the collapse: it commutes with every transport generator (ingest, locateKeys, refine, deposit) and every admitted observation factors through it	admissible deposits (Φ(θ, []) = θ), open state on the source rings; proved on an abstract time-invariant sparse linear BlockOp; the concrete tick HNN/Word.fieldTick is a sparse BlockOp (hnn.concrete-tick-blocks), and the operands each block edge reads are the locus map (hnn.locus-map; HNN/LocusMap); this is the rest limit (A = I): under the default reception carry at A = 0 (record B §8) the resident also holds the one carried change, and the standing law over that resident is hnn.carried-standing (abstract BlockOp; commits composed at held momentum owed, #62)	L:HNN/Retention:Resident; L:HNN/Retention:FieldGen; L:HNN/Retention:fieldTransport; L:HNN/Retention:fieldObserve; L:HNN/Retention:fieldRetain; L:HNN/Retention:fieldStanding; R:holonics::hnn::reference::Resident	formal-checked	uses:hnn.deposit-descends, uses:receipt.standing-law
hnn.carried-standing	compression, holon, aeon, receiver, deposition	Resident (Θ, λ, M, carried, pending, staged), carried = (x_c, ref, λ_c), pending = [(λ, M, opening)];  opening x(0) = u_(λ,M) + cross_(λ_c→λ)(ref, θ_bb) x_c, blockwise;  refine: pending ← pending ++ [(λ, M, carried)], carried ← end of the word on carried (one chain in refine order);  compare i: staged ← staged ++ [deposit data of pending_i seeded at 𝒮 ∪ supp(interior) at the contemporary θ], pending ← pending \ i;  discard i: pending ← pending \ i;  compare and discard leave the carry;  commit i: θ ← applyStaged(staged_i, θ), staged ← staged \ i;  discard staged i: staged ← staged \ i;  retain = collapse at e_last = 2|B| (the walk diamond), carry kept whole:  a StandingLaw	under the reception carry the field's retention is the continuing collapse: every admitted face of the current word on the carried change and of each pending word on its stored opening, after any word of ingests, re-keyings, refines, compares and discards of pending words and commits or discards of staged deposits, is read off the collapsed resident; the collapse does not commute with the generators, and the law holds through the agreement they keep (loci and staged data on walk edges, carries on the observing blocks)	crossing local to each block (an abstract local linear map; the crossing laws are not derived here) and linear in the change, open state on the source rings, readings supported on the receivers at any epoch; time-invariant word at its class, which the Rust violates on rings with a pumped resonator (the pump phase moves the element edge g→g each tick; the tick-indexed family's laws are hnn.tick-family, and the standing with a carry at its tick on shared loci is hnn.tick-standing); proved on an abstract time-invariant sparse linear BlockOp; the concrete tick HNN/Word.fieldTick is a sparse BlockOp (hnn.concrete-tick-blocks), and the operands each block edge reads are hnn.locus-map; commits composed at held momentum are not stated here (#62); the carry is kept whole, while the Rust's close_aeon also releases the carried motion on the released loci (hnn.carried-motion-released), indistinguishable along the continuing chain by HNN/CarriedMotion (channels concrete; the resonator's on the loaded blocks, hnn.loaded-motion-release)	L:HNN/CarriedStanding:carriedStanding; L:HNN/CarriedStanding:step_agree; L:HNN/CarriedStanding:observe_agree; L:HNN/CarriedStanding:deposit_agree; L:HNN/CarriedStanding:sweep_agrees_on_walk; L:HNN/CarriedStanding:windowTicks_agree; L:HNN/CarriedStanding:applyStaged_agree; R:holonics::hnn::reference::Resident; R:holonics::hnn::word::ReceptionCarry; R:holonics::hnn::reference::Reference::deposit	formal-checked	uses:hnn.field-standing, uses:hnn.continuing-collapse, uses:receipt.standing-law
hnn.locus-map	constitution, contact, compression, receiver, deposition	Reads: element g on g → g;  junction g on g → y, y ~ g;  channel a and conductance a on z → y with z an end of a (a or its rings), y ~ z;  AgreeOn μ μ′ ℓ for every ℓ read by z → y, h = h′ ⇒ T_μ(y,z) = T_μ′(y,z);  retains(element g) ⇔ r_g + 1 + o_g ≤ e, retains(junction g) ⇔ r_g + o_g ≤ e, retains(channel a) ⇔ min r + 1 + min o ≤ e:  r_z + 1 + o_y ≤ e ∧ Reads ℓ z y ⇒ retains ℓ;  release(Ws, A, Wc of elements, C, D, K of channels) agrees with μ on the diamond;  locusData ℓ = ⊔ depositData over the edges reading ℓ;  Φ(θ, []) = θ ⇒ release ∘ deposited = deposited ∘ release	the locus map from the medium's operands to the block edges: an edge's operator moves only with the loci it reads, the Rust's per-locus retention keeps every locus the causal diamond reads, so its release is indistinguishable on the concrete word at every epoch and along the continuing chain at every class, and the per-locus deposit descends through it	admissible Word.Medium at one tick length h (declared, never released); junctions, conductances, embeddings and sheet classes declared and kept; a seeded contact block comes with its end rings (EndChange::support); receivers are rings; Resonator, SourcePort, Standing and ReceivingMap have no Medium operand (owed, #62); the resident standing law with agreement on loci shared across edges is hnn.tick-standing, under the locus map's laws as hypotheses (TickLaw.Lawful); its concrete instance is hnn.medium-standing	L:HNN/LocusMap:blockOp_agree; L:HNN/LocusMap:reads_adj; L:HNN/LocusMap:opSub_reads; L:HNN/LocusMap:retained_of_reads; L:HNN/LocusMap:release_admissible; L:HNN/LocusMap:blockOp_release; L:HNN/LocusMap:release_indistinguishable; L:HNN/LocusMap:readOp_uniform; L:HNN/LocusMap:lociSparse_uniform; L:HNN/LocusMap:mediumOp_release_on_walk; L:HNN/LocusMap:continuing_release_indistinguishable; L:HNN/LocusMap:locusData_release; L:HNN/LocusMap:locusData_released; L:HNN/LocusMap:deposit_descends; R:holonics::hnn::constitution::Locus; R:holonics::hnn::constitution::Constitution::release; R:holonics::hnn::retention::Diamond::retains; R:holonics::hnn::retention::Diamond::continuing; R:holonics::hnn::word::Word::tick	formal-checked	uses:hnn.concrete-tick-blocks, uses:hnn.release-past-diamond, uses:hnn.continuing-collapse, uses:hnn.deposit-descends
hnn.contemporary-read	receipt, ratio, deposition	pending_i = (λ_i, M_i);  ingest, locateKeys and refine leave compare_i unchanged;  after a deposit, compare_i′ − compare_i = Σ_(k<t) ⟨λ′_(t−1−k), (T′ − T) x_k⟩	a pending ratio keeps its producing anchor: with no intervening deposit a delayed read equals the immediate one, and after a deposit it returns exactly the residual	i < |pending|; proved on an abstract time-invariant sparse linear BlockOp; the concrete tick HNN/Word.fieldTick is a sparse BlockOp (hnn.concrete-tick-blocks), and the operands each block edge reads are the locus map (hnn.locus-map; HNN/LocusMap)	L:HNN/Retention:contemporary_read; R:holonics::hnn::pending::PendingRatio::open	formal-checked	uses:hnn.word-variation-exact
hnn.word-opens-at-zero	holon	x_0 = 0 ⇒ x_t = 0 for every t;  x_t(a x + x′) = a x_t(x) + x_t(x′)	nothing is carried into a word, and at one class configuration the word is linear in its open state, so its readings are linear in the moment	block operator family; proved on an abstract time-invariant sparse linear BlockOp; the concrete tick HNN/Word.fieldTick is a sparse BlockOp (hnn.concrete-tick-blocks), and the operands each block edge reads are the locus map (hnn.locus-map; HNN/LocusMap); this is the rest opening (A = I): under the default reception carry at A = 0 a word opens on the carried interior change, nonzero off the sources (hnn.reception-carry, hnn.diamond-opened)	L:HNN/Retention:word_opens_at_zero; R:holonics::hnn::word::Word::open; R:holonics::hnn::field::Current	formal-checked	face-of:hnn.field-standing
hnn.reception-carry	holon, constitution	x_(k+1)(0) = (I − A) Π_int x″_k + s_(k+1)(0), x″ = x_k(T_k) the change arriving at the last crossing T_k = t_k + steps_k − 1, with a″_a = (1+Γ_a)a_a, Γ_a = (G_a−G′_a)/(G_a+G′_a), C′_a w″_a = C_a w_a and C′_r w″_r = C_r w_r at tick t_(k+1) = T_k = Σ_(j≤k) (steps_j − 1), the pump at phase_at(t) continuing;  A = I ⇒ the word at rest (no declared resonator);  P_open(k+1) = P_(Θ,λ)(y) + deposition_k + ingest_k + E_S(s_(k+1)(0)), y = Π_int x_k(end), E_S(x_k(end)) absorbed once;  E_end(k+1) ≤ P_(Θ,λ)(y) + deposition_k + ingest_k + E_S(s) + Π_c + pump + interconnection + bound;  ingest_k = −Σ_a (h/4)Γ_a² G_a |a_a|² ≤ 0 (the lift emits)	a reception's word opens on the interior of the end change the previous reception's consumed word left, the source rings' storage imposed by the moment; complete absorption is today's reception exactly; the chain is dissipative with respect to its declared supply (the ingest is the source port's work); the return stops at the opening; each carried wave crosses the lift's move of its conductance at the junction's reference change, the reflection emitted (agent-inferred), and each contact's and resonator's rate crosses the deposit at held momentum; the carry stands at the last crossing, so the next word scatters that crossing once and its first hop runs at the pump phase of that tick	built at A = I and A = 0 only (an intermediate absorption needs an undeclared exterior admittance); the carry first built (#285, #292) carried the change after the last junction at T_k + 1, which refused a resonator and scattered crossing T_k twice (an involution: one hop of total reflection per reception), superseded by the record's §2.4; the reception cut's composition is checked in Rust (the_reception_carry_continues_from_the_last_crossing) and is Lean at fixed operands (hnn.reception-cut); the stronger reading deposition + ingest ≤ the next word's loss holds only where the deposition does no positive work, proved for an accreting contact mass at held momentum with no other coordinate of the constitution moved (hnn.chained-balance); a deposit that lowers a mass, or whose same-state work ½⟨x, ΔΘ x⟩ on a stiffness, admittance or conductance is positive, is not covered, and there only the dissipative form holds (on the chain fixture no deposit moves a contact's storage and the stronger reading holds at all eight receptions; it failed at reception 7 on the carry that kept the waves); a transmitted wave or held rate is split at the word's lattice at the opening; a momentum outside range C′ is refused, and the refusal is the law at held momentum (hnn.singular-hold); the lift's work, its sign and its equality case are Lean (junction.reference-lift-work), and their identification with ingest_k is the Rust join ChainedBalance::lift_emits; the chained balance, its rest limit and the opening split's bound are Lean (hnn.chained-balance, hnn.opening-split); the device word is hnn.device-reception-carry; the carry at A = 0 is the production default since October 4 (record §8: no declared port absorbs an interior coordinate), rest its A = I limit; a saved state mounts through Reference::mount_continued, one at rest opening with zero carry; the word is a function of its operands, the constitution and the kept charts (a warm chart kept within the target after a deposit and the cold chart are two lattice points at one certificate, and the read separates them: the fold-free chain's window 6), so the whole continuation carries the kept charts in the passage, and Reference::mount_carried (the carry and a constitution alone) is the narrower remount, exact only where each kept chart is its operator's cold chart (a_cold_restore_continues_the_carry_chain_where_the_kept_charts_have_moved)	R:holonics::hnn::word::Word::open_received; R:holonics::hnn::word::ReceptionCarry; R:holonics::hnn::word::ChainedBalance; R:holonics::hnn::reference::Reception; R:holonics::hnn::reference::Reference::mount_carried; R:holonics::hnn::reference::Reference::mount_continued; R:holonics::hnn::constitution::ContinuingState; R:holonics::hnn::word::ReceptionCarry::crossed; R:holonics::hnn::word::PowerForm::held; R:holonics::hnn::word::WordBalance::commit_held; R:holonics::hnn::word::WordBalance::carried; R:holonics::hnn::word::Word::reception_end; L:HNN/Ring:two_port_reference_balance; L:HNN/Ring:reference_lift_work; L:HNN/Ring:reference_lift_work_nonpos	definition	uses:hnn.word-opens-at-zero, uses:hnn.word-commit-deposition, uses:junction.reference-lift-work
hnn.device-reception-carry	holon, constitution, contact, tube	card(open_received(x_k(T))) = host(open_received(x_k(T))), byte-identical as ReceptionCarry text, x_k(T) the change arriving at the last crossing T = opened_at + steps − 1;  pump phase = (opened_at + step) mod order;  a′ = split_(L_w)(p·a/q), p/q = 2G/(G+G′) reduced;  a crossed wave split over D: s = Q·D·2^k + R, Q = ⌊s/(D·2^k) + ½⌋, −D·2^(k−1) ≤ R < D·2^(k−1), each later split of the word reads D·y + R;  a held rate w′ = w + δ (C′δ = π − C′w; resonators C′_r δ_r = π_r − C′_r w_r) split as the host splits it, W′ = ⌊w′·2^(L_w) + ½⌋, its remainder at 2^(L_w+k) = R + g with R ∈ ℤ, 0 ≤ g < 1 fixed for the word: k ≥ 1 ⇒ ⌊(I + g)/2^k + ½⌋ = ⌊(I + 2^(k−1))/2^k⌋, k = 0 ⇒ Q = I + [g ≥ ½];  D = 1, g = 0 ⇒ the rest word unchanged	the card word opens on the last crossing kept on the card, its pump continuing at the field's elapsed ticks, crosses each wave at the lift's reference change and holds each contact's and resonator's rate at momentum in its open, and carries the off-dyadic remainders over their denominators through the word, so its returns, its balance read to the crossing and its carried end are the host reference's	A ∈ {I, 0}; δ and δ_r read from the host owner ReceptionCarry::crossed (agent-inferred: the card carries no exact preimage solve), no bound on the width of δ·2^(L_w) = n/d entering (read on a 71-bit jump), refused only past the state word; the card's resonator material dyadic (a non-dyadic pump carrier is refused at the plan, as at rest); parity read on the chain carry fixture (8 receptions at A = 0 and A = I, with and without a pumped resonator on every ring) and generic constitutions; a held resonator jump off the dyadics is read on a capacity gain declared between a saved carry and its restore, not deposited: the deposit holds every gain of a pumped ring (never certified passive, it is read by its reach), and on these chains no deposit moves an unpumped resonator's capacity gain, only its dissipation gain; a carry off 2^(−L_w)ℤ or past the signed 64-bit word is refused at its restore	R:holonics_cuda::hnn::carry::CardCarry; R:holonics_cuda::hnn::carry::CardOpening; R:holonics_cuda::hnn::port::Resident::with_reception; R:holonics_cuda::hnn::port::Resident::mount_carried; R:holonics_cuda::hnn::execute::CarryPlan; R:holonics_cuda::hnn::execute::ResidentWord::end_words; N:2026-10-03_THE_RECEPTION_CARRIES_THE_INTERIOR_CHANGE_THE_SOURCE_PORT_IMPOSES_THE_MOMENT_AND_REST_IS_COMPLETE_ABSORPTION.md	definition	uses:hnn.reception-carry, uses:hnn.held-momentum
hnn.lift-reading	aeon, epoch, cycle, navigator, receipt	reading(navigatorClock i, γ) = y_i − x_i;  torusPoint d x = torusPoint d y ⇔ ∀ i, d_i ∣ y_i − x_i;  flux of ring i's section over γ = ⌊y_i/d_i⌋ − ⌊x_i/d_i⌋;  last ring stepped only by carry from its section: the aeon read on its clock is a cycle of one whole winding	the resident's aeon is an Aeon on the certified Holarchy's parametric orientation, carried by its opening lift point and the carry-out: each ring reads its own clock's lift displacement, its epochs are the flux through its section, and the carry-out closes a cycle of the last ring's clock when that ring opened on its section	lift ℤ^ι of the rings' joint clock torus; forward aeon between the two lift points	L:HNN/Retention:lift_reading; L:Aeon/Clock/Winding:reading_navigatorClock; L:Aeon/Clock/Epoch:signed_count_is_flux; L:Aeon/Clock/Winding:torus_cycle_reads_whole_windings; R:holonics::hnn::retention::aeon_readings; R:holonics::hnn::retention::AeonBoundary	formal-checked	uses:aeon.clock-lift, uses:aeon.forward-aeon
hnn.selective-position	navigator, key, aeon	port_g(x) from the declared port chart (the codec's residue code(x) mod d_g; the passage-founded chart hnn.founded-port-chart retired September 29),  c_g(x) = [port_g(x) ∈ N_g],  carry_(g+1) = ⌊τ′_g/d_g⌋ − ⌊τ_g/d_g⌋,  τ′_g = τ_g + c_g(x) + carry_g;  τ⁰_h ≡ σ⁰_h (mod d_h) ∀ h < g ⇒ steps_g(τ⁰) = steps_g(σ⁰);  τ_g(k) = key_g + steps_g(k);  d ≥ 2 ⇒ carry ≤ 1, advance ≤ 2;  a notch at the ring's own position makes its steps depend on its key	selective stepping reads the input's port class, so a ring's step count depends only on the cells, the declared locks and the earlier rings' phase classes, never on its own key	ring periods ≥ 1 (carry bound: ≥ 2)	L:HNN/Moment:SelectiveDecl; L:HNN/Moment:SelectiveDecl.carryIn; L:HNN/Moment:SelectiveDecl.advance; L:HNN/Moment:SelectiveDecl.run; L:HNN/Moment:SelectiveDecl.selective_position; L:HNN/Moment:SelectiveDecl.position_eq_key_add_steps; L:HNN/Moment:SelectiveDecl.carryIn_le_one; L:HNN/Moment:SelectiveDecl.advance_le_two; L:HNN/Moment:notch_steps_depend_on_own_key; L:HNN/Moment:earlier_phase_class_is_load_bearing; R:holonics::hnn::field::Field::selective_step; R:holonics::hnn::keys::ring_steps; R:holonics::hnn::keys::crib_opening	formal-checked	uses:key.reflector-machine
hnn.phase-binned-moment	navigator, parametron	P^d = 1:  Σ_(k<n) P^(−τ_k) I x_k = Σ_(c<d) P^(−c) I h_c,  h_c = Σ_(τ_k ≡ c mod d) x_k;  the doubling advance: the bins do not carry the moment	on a closing ring the source moment is carried exactly by its phase-binned counts; a non-closing ring's moment is not	P a unit with P^d = 1, d > 0	L:HNN/Moment:sourceMoment; L:HNN/Moment:binnedMoment; L:HNN/Moment:closingRing_moment_is_phaseBinned; L:HNN/Moment:nonclosing_binning_fails; R:holonics::hnn::moment::SourceMoment::ingest	formal-checked	uses:navigator.clocked-ring-moment
hnn.encoder-moment-contract	navigator, coholon	m̃(E) = Σ_c Σ_a M(c, a) • P^(−c) I E(e_a),  M(c, a) = #{k | τ_k ≡ c, u_k = a};  g(m̃(E + δE)) − g(m̃(E)) = g(m̃(δE)), equal for streams with equal counts;  offset counts C(δ, c, a, b) = #{k ≥ δ | τ_k ≡ c, u_k = a, u_(k−δ) = b} carry every pair port;  P^T m̃ = ClockedRing moment of (cells, increments)	the source moment is the contraction of the phase-binned counts with the encoder, so the encoder covector is tape-free, and the offset counts are independent of every learned port	closing ring P^d = 1	L:HNN/Moment:counts; L:HNN/Moment:encoderMoment; L:HNN/Moment:encoderMoment_contract; L:HNN/Moment:encoder_covector_tape_free; L:HNN/Moment:offsetCounts; L:HNN/Moment:exteriorOffset_independent_of_E; L:HNN/Moment:open_eq_clockedRing_moment; R:holonics::hnn::moment::SourceMoment::encode; R:holonics::hnn::moment::SourceMoment::encoder_covector	formal-checked	uses:hnn.phase-binned-moment, uses:navigator.clocked-ring-moment
hnn.selective-stream-descent	compression, navigator	StreamState = (lift, phase-binned counts on 𝒮, offset counts, the last max Δ cells);  stream (l ++ [x]) = ingest x (stream l);  the source moment of a source ring is read off its counts	the fixed-size stream state is a receiver-history compression of the source for the append action; nothing of the cell sequence beyond it is retained	declared source rings and offsets	L:HNN/Moment:SourceDecl.StreamState; L:HNN/Moment:SourceDecl.ingest; L:HNN/Moment:SourceDecl.stream; L:HNN/Moment:SourceDecl.selectiveClock_stream_descent; L:HNN/Moment:SourceDecl.binsMoment_stream; R:holonics::hnn::moment::SourceMoment	formal-checked	uses:hnn.encoder-moment-contract
hnn.moment-capacity	compression, navigator	N(n) = |A|^(max Δ) · ∏_g (2n + d_g) · ∏_(g∈𝒮) [C(n + d_g|A| − 1, d_g|A| − 1) · ∏_(δ∈Δ) C(n − δ + d_g|A|² − 1, d_g|A|² − 1)];  the persisting state after n cells takes ≤ N(n) values;  N(n) < |A|^n ⇒ the source → state map on A^n is not injective;  N log-concave past max Δ, so N(n*) < |A|^(n*) ≤ … ⇒ ∀ n ≥ n*, N(n) < |A|^n	the source moment is lossless only below its capacity crossover n*, and lossy by construction for every longer source	the identity route (a ring steps by its lock's Boolean fit plus the carry); one aeon (no re-keying); every period ≥ 2; every offset ≥ 1; n* > max Δ; the located route's lift factor is hnn.ranged-moment-capacity's, read persistently once a located occurrence is counted; the reading is checked against the producing partition and reached lift (SourceCapacity::checked_of)	L:HNN/Moment:SourceDecl.capacityBound; L:HNN/Moment:SourceDecl.moment_capacity; L:HNN/Moment:SourceDecl.capacityBound_logConcave; L:HNN/Moment:SourceDecl.capacity_persists; L:HNN/Moment:logConcavity_is_load_bearing; L:HNN/Moment:below_capacity_separates; R:holonics::hnn::moment::capacity; R:holonics::hnn::moment::Capacity; R:holonics::hnn::moment::SourceMoment::capacity; R:holonics::hnn::moment::SourceCapacity::checked_of	formal-checked	uses:hnn.selective-stream-descent
hnn.normal-statistic-standing	deposition, constitution, compression	J(W) = Σ_t w_t|W f_t − y_t|² = tr(W H Wᵀ) − 2 tr(W Bᵀ) + C_data,  (H, B, C_data) = Σ_t w_t (f_t f_tᵀ, y_t f_tᵀ, |y_t|²);  [(1,1),(1,1)] and [(1,1),(−1,−1)] share one statistic	each locus's normal objective factors through its statistic after every further sample, a retention that keeps the statistic and never the sample list	general field, realified; at an internal locus the Rust consumer holds the statistic's H only, carried on the locus's lattice within one unit of I + Σ w f fᵀ, and never B or C_data: its W is the prox iterate at the carried Gram (hnn.lattice-prox), not the minimizer of the accumulated J; at the receiving map (the first repair) it holds (H, B), each carried on the locus's lattice, and never C_data, and its W steps by the exogenous law (hnn.exogenous-normal-law)	L:HNN/Normal:objective_eq_statisticObjective; L:HNN/Normal:normalStanding; L:HNN/Normal:normalStatistic_standing; L:HNN/Normal:statistic_forgets_the_samples; R:holonics::hnn::constitution::NormalLaw::gram; R:holonics::hnn::constitution::NormalLaw::target	formal-checked	uses:receipt.standing-law
hnn.normal-prox-step	deposition, constitution	W H = B,  H′ = H + w f fᵀ,  B′ = B + w(W f + γ g) fᵀ, H′ invertible:  W′ H′ = B′ ⇔ W′ = W + w γ g fᵀ H′⁻¹	the normal law's deposit is the preconditioned covector step of the locus: the solved map moves by its covector through the updated Gram	general field; H′ invertible; the previous state solved	L:HNN/Normal:normal_prox_step; L:HNN/Normal:normal_prox_step_complex; L:HNN/Normal:normal_prox_step_needs_the_solve; L:HNN/Normal:normal_prox_step_needs_invertible_gram; R:holonics::hnn::constitution::NormalLaw::deposited; L:HNN/Normal:certified_normal_step	formal-checked	uses:deposition.normal-law-local
hnn.certified-normal-step	deposition, constitution	W′ = W + η D,  D = (Σ_t w g_t f_tᵀ) H′⁻¹;  a = Σ_t w⟨g_t, D f_t⟩ = Σ_i ⟨G_i, H′⁻¹ G_i⟩ ≥ 0 (G = Σ_t w g_t f_tᵀ, H′ ⪰ 0 invertible);  η = max{2^k : η · B · s · κ² · Σ_t w|D f_t|² ≤ a, η · max_t |w g_t|_∞ ≤ 1}	the normal law's step is certified per locus: the unit step through the solved chart descends the covector that reached the locus, and the step is the largest dyadic its curvature and the lattice's covector scale admit; the declared γ_U = 1 is retired	B the families stepping together, s = ½, κ² the reach gain (hnn.reach-gain); the running chart X̂ is the lattice's refined solve, so a is checked, never assumed; B counts every family stepping together, the factor families' included (hnn.certified-factor-step); reads no codec	L:HNN/Normal:certified_normal_step; L:HNN/Normal:window_alignment_eq; L:HNN/Normal:frobenius_chart; L:HNN/Normal:inv_psd; R:holonics::hnn::constitution::NormalLaw::prepare; R:holonics::hnn::constitution::StepReading; R:holonics::hnn::constitution::Constitution::deposited; N:2026-09-29_THE_CERTIFIED_DEPOSITION_STEP_THE_MOIRE_STAYS_BOUNDED_AT_K_EIGHT_THE_COPY_KEEPS_ITS_REACH_CAP_AND_THE_FACTOR_STEP_IS_UNCERTIFIED.md	formal-checked	uses:holon.certified-step, uses:holon.gauss-newton-curvature, uses:hnn.normal-prox-step, uses:hnn.reach-gain
hnn.reach-gain	deposition, constitution, receiver, tube	R_g: κ² = 1;  E_g: κ² = d ‖R‖² (Y_g/Y_R) Σ_j (Σ_(n: T_n ≤ T_j) (1 + ω)^(T_j − T_n))² F(T_j − min_n T_n);  W_c,r: κ² = ‖R‖² (Y_r/Y_R) Σ_j Σ_(τ < T_j) (1 + ω)^(2(T_j − τ − 1)) F(T_j − τ);  channel a: κ² = ‖R‖² (4/(h Y_R)) P_a Σ_j Σ_(τ < T_j) (1 + ω)^(2(T_j − τ − 1)) F(T_j − τ), P_a = G_a/(2h) + ½(G_a/h)²‖C_a‖ + ⅛G_a²‖K_a‖;  loaded resonator r: the channel's at G = 2Y_r;  the standing: N_g · max_r the element's at each ring r its lock chart moves;  F ≡ 1 when every resonator is certified passive	the gain from a locus's output to the stacked station logits, over every station T_j, every re-entry T_n of the source and the readout, in the rings' admittances, each tick growing the power by at most (1 + ω)² and each span of s ticks through a ring not certified passive by the span factor F(s); a channel's and a resonator's output is its solve's right-hand side, a contraction at m ⪰ 1, whose difference carries at most P|δζ|²	‖R‖² by the Gram certificate, (‖R‖₂ + η‖D‖₂)² at the end of the ray (holon.gram-certificate); ω the contrast ports' certified bound at the element lattice grain, over the rings the word's diamond holds (Reach::loci: a stepped difference reaches the stations only along walks within the word, record B §8); d the phases one moment occupies; F the pumped medium's span factor (hnn.pumped-span-factor), a reach-read ring's own gain families held; a declared boost on a channel the word's diamond holds refused (ActiveContact; its growth bound owed #62), the budget B_Θ read over the resident's retention (Constitution::deposited_within), a ring whose decided Floquet certificate is refused refused (UncertifiedGain); G_a ≤ Y_a when β_a ≥ 0, a channel family through β_a < 0 refused (UncertifiedConductance); the composition over stations and ticks is Lean Holon/Deposition.station_tick_gain, the per-tick growth of the executed ticks owed (#62); exact source-bound contact-only continuation now uses hnn.finite-loaded-contact-gain; generic/charted undriven-factor route remains conditional	R:holonics::hnn::constitution::Reach; R:holonics::hnn::constitution::Constitution::deposited; H:crates/holonics/src/hnn/prediction.rs@f5fd8f3b; L:Holon/Deposition:contracting_resolvent; L:Holon/Deposition:transit_difference_power; R:holonics::holon::deposition::spectral_norm; N:2026-09-29_THE_TIGHTENED_CERTIFICATE_PINNED_BEFORE_ITS_RUNS.md; L:Holon/Deposition:station_tick_gain; L:Holon/Deposition:entry_span_gain	definition	uses:holon.active-element-growth, uses:holon.gauss-newton-curvature, uses:holon.gram-certificate, uses:hnn.pumped-span-factor, uses:hnn.finite-loaded-contact-gain
hnn.certified-factor-step	deposition, constitution, contact, parametron	D = G_x / h_x′ (h_x′ = h_x + Σ_t w|φ_t|², the family's carried metric);  a = ⟨G_x, D⟩ = |G_x|²/h_x′ ≥ 0;  c = max_t |g_t|_∞ at the family's output;  C = ½ · κ² · b(η) (its own curvature), b(η) = w² · 4 S(D) S(x + ηD) e for a square carrier w x xᵀ (S(X) = ‖X‖₁‖X‖_∞);  η = max{2^k : ηC ≤ a, ηc ≤ 1}, halved with every other family until each holds and ½(Σ_ℓ η_ℓ m_ℓ)² ≤ Σ_ℓ η_ℓ a_ℓ (m_ℓ = √(κ²_ℓ b_ℓ) at its dyadic ceiling; the family whose halving gains it most is halved);  Δx = η G_x / h_x′	every factor family (the element's passive factor and slices, the standing through its lock chart, a pair port, a resonator's gains, a channel's c, b, F) steps by the same certificate as a normal law, in one loop and one joint certificate (the count B retired September 29): its unit step through its scalar metric, its alignment, its output's moves along the whole ray read at the ray's end, and the gain from its output to the stations; the declared η_x = ½ is retired	the Gauss–Newton curvature only: the square's own 2DDᵀ, the resolvents differentiated twice and the ticks' products are owed (#62); the standing's certificate rates its amplitude in its lock chart; its step is held in its lobes and leaves the realized joint certificate, a crossing is the lock's (hnn.standing-fold); the pair port's trilinear moves by Cauchy–Schwarz over 3k terms; reads no codec	L:Holon/Deposition:factor_unit_step_alignment; L:Holon/Deposition:square_ray_move; L:Holon/Deposition:square_ray_deriv_bound; L:Holon/Deposition:certified_step_descends; R:holonics::hnn::constitution::FactorStep; R:holonics::hnn::constitution::Family; R:holonics::hnn::constitution::Constitution::deposited; N:2026-09-29_THE_FACTOR_FAMILIES_CERTIFIED_STEP_PINNED_BEFORE_ITS_RUNS.md; L:Holon/Deposition:joint_step_descends; N:2026-09-29_THE_TIGHTENED_CERTIFICATE_PINNED_BEFORE_ITS_RUNS.md	formal-checked	uses:holon.certified-step, uses:holon.gauss-newton-curvature, uses:holon.square-ray-move, uses:hnn.reach-gain, uses:hnn.factor-carrier-psd, uses:holon.joint-step
hnn.refinement-energy-bound	deposition, constitution, holon	E_committed ≤ (1 + ε_k) (Σ_(n<K) g^(Kw − nw) √P_inj + g^(Kw) √((Kw + 1) r))²,  g = 1 + ω	a refinement's committed energy is bounded by its injections grown at the active per-tick factor, its executed residual and the commit's certified storage growth	square roots at their dyadic ceilings on the word's transient lattice; read at every commit; the executed word's deviation is the lattice word's certificate (owed #62); measured loose where the factor families' declared step grows the rank-deficient storage (∏(1+ε_k) up to 2²⁷⁵ over 25 text deposits)	H:crates/holonics/src/hnn/prediction.rs@f5fd8f3b; D:docs/HNN_FORMULA.md#generation-as-field-refinement-and-boundary-radiation; N:2026-09-29_THE_CERTIFIED_DEPOSITION_STEP_THE_MOIRE_STAYS_BOUNDED_AT_K_EIGHT_THE_COPY_KEEPS_ITS_REACH_CAP_AND_THE_FACTOR_STEP_IS_UNCERTIFIED.md	proved-derived	uses:holon.committed-energy-bound, uses:holon.active-element-growth
hnn.deposit-local	deposition, constitution	nothing reaches the locus inside its diamond ⇒ (W, H, B) unchanged;  all covectors 0 ⇒ W unchanged, H grows;  each locus reads only what reaches it inside its causal diamond;  H_ij moves only where some feature that reaches it is nonzero at i and j	deposition is per locus and local to its causal diamond: a locus that no covector reaches is unchanged, and a locus that receives no covector keeps its map	per-locus normal statistics	L:HNN/Normal:depositLocus; L:HNN/Normal:depositLocus_solves; L:HNN/Normal:deposit_local; L:HNN/Normal:deposit_local_complex; L:HNN/Normal:nonempty_window_moves_the_map; R:holonics::hnn::constitution::Constitution::deposited	formal-checked	uses:deposition.normal-law-local
hnn.lattice-deposit	deposition, constitution, ratio	k_m = 2⌊log₂ m⌋ + 1 (m the locus's deposit clock);  y = Δ + r_prev = y_f + e,  y_f ∈ 2^(−L−k_m)ℤ nearest (ties upward),  −½·2^(−L−k_m) ≤ e < ½·2^(−L−k_m);  y_f = q·2^(−L) + r,  −2^(−L−1) ≤ r < 2^(−L−1),  r ∈ 2^(−L−k_m)ℤ;  q = ⌊y·2^L + 1/2 + 2^(−k_m−1)⌋ (k_m ≥ 1);  value ← value + q·2^(−L), r carried, e released;  value + r + Σ e = value₀ + r₀ + Σ Δ;  Δ = 0 ⇒ carry(s, 0) = s (clock included);  Δ_i = 0 ⇒ entry i unmoved, e_i = 0;  r = ρ·2^(−L−k_m), |ρ| ≤ 2^(k_m−1), L + 2k_m + 1 bits;  |value| ≤ M ⇒ ⌈log₂(⌊M·2^L⌋ + 1)⌉ + 1 bits;  carry(s, 0) = s ⇒ collapse ∘ deposit = deposit ∘ collapse	each locus's entries live on its declared dyadic lattice; a deposit splits the exact update plus the carried remainder at the fine lattice of the locus's Elias-gamma clock precision (the released residual, reported exactly) and at the lattice (the applied step and the carried remainder), the two roundings composing into one floor whose cell boundaries sit half a fine unit below the lattice's own: nothing is rounded away unreported, a remainder takes O(L + log m) bits, a zero update moves nothing, and the budgeted deposit descends through the collapse, which releases no retained remainder and resets no clock	per entry; exact updates at lattice-valued operands; the clock counts the epochs at the locus's section (the deposits that reached it with a nonzero update) from its founding, not reset at an aeon boundary; L_ℓ = ⌈log₂(2 L_R X_ℓ)⌉ with X_ℓ the operand's ℓ1 bound; native C/K/D factors and FactorScale carriers now use one exact coarse split and charge actual rational bits, with no fine release; the clock-grid bit/release formulas here remain the separately bounded-carrier law	L:HNN/LatticeDeposit:div_rem_spec; L:HNN/LatticeDeposit:rem_bounds; L:HNN/LatticeDeposit:carry; L:HNN/LatticeDeposit:release; L:HNN/LatticeDeposit:carry_accounting; L:HNN/LatticeDeposit:quot_fine_eq_floor; L:HNN/LatticeDeposit:step_coordinate_eq_floor; L:HNN/LatticeDeposit:lattice_deposit_accounting; L:HNN/LatticeDeposit:carried_remainder_bounded; L:HNN/LatticeDeposit:carry_zero; L:HNN/LatticeDeposit:carry_entry_zero; L:HNN/LatticeDeposit:remainder_numerator_bounded; L:HNN/LatticeDeposit:remainder_rat_bits_bounded; L:HNN/LatticeDeposit:lattice_bits_bounded; L:HNN/LatticeDeposit:lattice_rat_bits_bounded; L:HNN/LatticeDeposit:lattice_deposit_descends; R:holonics::hnn::constitution::Lattice; R:holonics::hnn::constitution::BudgetedCarry; R:holonics::hnn::retention::collapse; T:crates/holonics/src/hnn/tests/constitution.rs:the_two_splits_compose_into_one_floor	formal-checked	uses:hnn.deposit-descends, uses:hnn.release-since-founding
hnn.first-reach-split	deposition, constitution, ratio	q_i(k) = quot_L(2^k d_(f,i) + r_i) (nearest, ties upward),  −u/2 ≤ r_i < u/2;  k_f = min{k ≥ k_cert(f) : ∃ i, q_i(k) ≠ 0};  |x| > u/2 ⇒ quot_L x ≠ 0;  |y| > u ∧ −u/2 ≤ r < u/2 ⇒ quot_L(y + r) ≠ 0, so k_f ≤ max(k_cert, k_max), k_max = min{k : 2^k max_i |d_i| > u};  d_f = 0 ⇒ quot_L(2^k·0 + r) = 0 for every k	a reached contact family's declared step is its first reach, read entry by entry from the owner's own split of its unit step plus the part the native pass carries there, never from max|ηd|: a remainder of the opposite sign can hold the widest entry in its cell while a narrower one leaves; the scan is finite, and a zero direction is not in the candidate	per contact factor family (Carrier::Factor: the staged residual is zero, the carried remainder lies in its coarse cell); d_f = G_f / h′_f at this pass's statistic; simultaneous families form one joint candidate, each at its own k_f, with no search and no second candidate; the producer shares every check with the certified step and keeps η c ≤ 1; after pass 2 each claimed family's applied factor must move (proposed reach is committed reach), else the candidate refuses typed	L:HNN/FiniteDecrease:split_spec; L:HNN/FiniteDecrease:split_bounds; L:HNN/FiniteDecrease:quot_ne_zero_of_half_lt; L:HNN/FiniteDecrease:first_reach_endpoint; L:HNN/FiniteDecrease:zero_direction_stays; R:holonics::hnn::constitution::first_reach_scan; R:holonics::hnn::constitution::Constitution::first_reach; R:holonics::hnn::constitution::Constitution::deposited_with_contact_spans_at; R:holonics::hnn::constitution::DeclaredExponents; R:holonics::hnn::constitution::CommittedReach; N:2026-10-08_THE_MEDIUM_OF_JOINTS_SNAPS_CRACKLES_POPS_OR_FLOWS_AND_ITS_CURRENTS_CURVE_ITS_CONSTITUTION.md; T:crates/holonics/src/hnn/tests/finite_decrease.rs:a_signed_remainder_moves_the_first_reach_off_the_widest_entry	formal-checked	uses:hnn.lattice-deposit, uses:hnn.certified-factor-step
hnn.finite-decrease-admission	deposition, ratio, receiver, constitution	admit(θ′) ⇔ (upper(L′) < lower(L) ∧ X′ ≤ X) ∨ (W ∧ X′ < X);  W ⇔ at every compared station L_R, t, φ^T and the branch are equal and ∀ c (n_c − n_max, k_c) are equal;  codeLength(f + s·1) = codeLength(f) ⇒ (W ⇒ code(θ) = code(θ′));  ℓ ∈ L ∧ ℓ′ ∈ L′ ∧ admit ⇒ (ℓ′ ≤ ℓ ∧ X′ ≤ X) ∧ (ℓ′ < ℓ ∨ X′ < X);  lower(L) ≤ upper(L) ⇒ ¬admit(L, L, X, X′, ⊥);  e = x_cand(T) − x_held(T) at θ′ and one absolute tick T	one declared candidate per deposit is admitted only when its re-read of the declared comparison, θ′ in force from the Word's own opening cut, is no worse classically and strictly better in one part, exactly; the witness reads gauge-normalized cells, never enclosure endpoints; the admission binds the producing and candidate constitutions with their carries, the source, the opening by value, both supports, the cut, the deposit, the receiver, targets, mask and both ratios by equality, and is the declared step's only certificate	source-opened, contact-only comparison on exact operands, opened at Rest or on a received carry with nothing absorbed, which the candidate re-enters through θ′ at held momentum (hnn.held-crossing-opening); an opening that is not the Word's own, a completely absorbing one, the held-variation route and charted operands issue no candidate; at a received opening the proposal is the fixed-rate covector (no J_open term, whose certificate term is owed), so the admission alone decides; consumed on the W0 route (a typed refusal continues on the certified step unchanged); claims the re-read comparison only, never the held continuation or a later perception, which stay measured; every refusal is typed and never retried	L:HNN/FiniteDecrease:admission_sound; L:HNN/FiniteDecrease:equal_endpoints_need_the_witness; L:HNN/FiniteDecrease:witness_code_eq; L:HNN/FiniteDecrease:witness_total_eq; L:HNN/FiniteDecrease:codeLength_shift; L:HNN/FiniteDecrease:cellCode_gauge; R:holonics::hnn::word::continuation::FiniteDecrease; R:holonics::hnn::word::continuation::decide; R:holonics::hnn::word::continuation::reading_identity; R:holonics::hnn::word::Word::compare_contacts_landing; R:holonics::hnn::word::continuation::ContactCut::continue_admitted; R:holonics::hnn::physical::contact::ContactPublication; N:2026-10-08_THE_MEDIUM_OF_JOINTS_SNAPS_CRACKLES_POPS_OR_FLOWS_AND_ITS_CURRENTS_CURVE_ITS_CONSTITUTION.md; T:crates/holonics/src/hnn/tests/finite_decrease.rs:the_admission_is_an_exact_strict_improvement_and_refuses_typed	formal-checked	uses:hnn.first-reach-split, uses:hnn.face-grain-fibre, uses:hnn.deposit-hold, uses:hnn.held-crossing-opening
hnn.held-crossing-opening	holon, constitution, deposition	C w = π ∧ C′ w′ = π ⇒ C (w′ − w) = −(C′ − C) w′;  C injective ∧ C w = π ∧ C w′ = π ⇒ w′ = w;  C′ injective ∧ C′ w′ = 0 ⇒ w′ = 0	a received opening re-entered through a changed constitution moves each contact's rate by exactly the held crossing; at the producing constitution it does not move, and at Rest nothing moves	per contact, exact storage forms; the finite identity needs no invertibility; the Rust held_rate returns w itself whenever C w = π (its zero-target short circuit, a singular C included), while the Lean identity at the producing constitution assumes C injective, and its particular preimage where C′ is singular is outside the Lean statement; a momentum outside range C′ refuses (HeldMomentum); displacements and storage as carried, arriving waves at conductances no contact factor moves	L:HNN/FiniteDecrease:held_crossing_identity; L:HNN/FiniteDecrease:held_crossing_at_producing; L:HNN/FiniteDecrease:held_crossing_rest; R:holonics::hnn::word::ReceptionCarry::crossed; R:holonics::hnn::word::Word::open_exact_received; N:2026-10-08_THE_MEDIUM_OF_JOINTS_SNAPS_CRACKLES_POPS_OR_FLOWS_AND_ITS_CURRENTS_CURVE_ITS_CONSTITUTION.md	formal-checked	uses:hnn.reception-carry
hnn.gamma-kraft	deposition, compression	Σ_(m=1..M) 2^(−(2⌊log₂ m⌋+1)) < 1;  Σ_(m ∈ [2^j, 2^(j+1))) 2^(−(2j+1)) = 2^(−(j+1));  Σ_(m=1..2^J−1) 2^(−k_m) = 1 − 2^(−J)	the Elias-gamma lengths satisfy Kraft strictly: each dyadic block of clocks weighs 2^(−(j+1)), so every prefix weighs less than one	M ≥ 0; k_m = 2⌊log₂ m⌋ + 1	L:HNN/LatticeDeposit:gammaLength; L:HNN/LatticeDeposit:gamma_block; L:HNN/LatticeDeposit:gamma_prefix; L:HNN/LatticeDeposit:gamma_kraft_lt_one; R:holonics::hnn::constitution::gamma_length	formal-checked	
hnn.release-since-founding	deposition, constitution, receiver	|e_m| ≤ ½·2^(−L−k_m);  |Σ_m e_m| ≤ (u/2)·Σ_(m ∈ (c₀, c]) 2^(−k_m) < u/2;  |value_M − (value₀ + r₀ + Σ Δ)| < u = 2^(−L);  |Σ_i r_i x_i| ≤ 2^(−L)‖x‖₁ ≤ 1/(2L_R) under 2 L_R X ≤ 2^L	the residuals one entry releases since the locus's founding sum to less than half a lattice unit, so the carried value stays within one unit of the exact accumulation of what reached the locus, which moves a read by less than the receiver's grain	any run from any carrier, the locus's founding in particular (the clock counts the deposits that reached it with a nonzero update, not reset at an aeon boundary); per entry; unit-scale operands for the grain bound; the counterfactual (Lipschitz) bound against never-rounded operands is owed (Objects/CommitRebase)	L:HNN/LatticeDeposit:release_bounded; L:HNN/LatticeDeposit:released_le; L:HNN/LatticeDeposit:release_bounded_since_founding; L:HNN/LatticeDeposit:within_one_unit_since_founding; L:HNN/LatticeDeposit:remainder_below_grain; R:holonics::hnn::constitution::DepositReading; R:holonics::hnn::field::lattice_exponent	formal-checked	uses:hnn.gamma-kraft
hnn.contact-step-log-law	deposition, constitution, contact	|δ_i| ≤ κ (h_(i+1) − h_i)/h_(i+1) ⇒ |Σ_(i ∈ [m,n)) δ_i| ≤ κ log(h_n/h_m);  u ≤ |Σ δ| ⇒ h_n ≥ h_m e^(u/κ);  δ_i ≥ κ′ (h_(i+1) − h_i)/h_(i+1), h_(i+1) ≤ (1+ρ) h_i ⇒ Σ δ ≥ κ′/(1+ρ) log(h_n/h_m);  1/(2m²) ≤ 2^(−k_m) < 2/m²;  m ≥ 1, u < κ′m, |δ| ≥ κ′/m ⇒ |δ| > ½·2^(−L−k_m);  |value_n − value_0| ≥ k u ⇒ |Σ Δ| > (k − 3/2) u (> (k − 1) u from a founding carrier)	a factor family's step is its covector over the carried statistic h′, so the accumulated updates of an entry sum to at most κ times the log growth of the statistic: for the updates alone to reach one lattice unit the statistic must grow by e^(u/κ) (the carried remainder can bring the first move sooner, but moving k units needs |Σδ| > (k − 3/2)u), and a coherent entry moves only logarithmically; a step decaying as 1/m exceeds the fine cell, which refines as 1/m², so it is carried, not released: the contacts freeze at the coarse unit by the step law, not by rounding	per entry; h positive and nondecreasing (the family's carried statistic h′ = h + e); κ read per deposit as |ηD|_∞·h′/e; the cap ηc ≤ 1 binding (record 2026-10-02 §14); the gamma fine-cell crossing conclusion requires its stated lower/alignment hypotheses; v80 m=1 all36 positive-step proposals lie below the fine half-cell and are released, so this is no unconditional native no-release claim; successor exact contact aggregate removes fine release but does not enlarge eta or promise a coarse move	L:HNN/LatticeDeposit/Freeze:move_le_log; L:HNN/LatticeDeposit/Freeze:move_needs_growth; L:HNN/LatticeDeposit/Freeze:coherent_move_ge; L:HNN/LatticeDeposit/Freeze:gammaWeight_bounds; L:HNN/LatticeDeposit/Freeze:step_exceeds_fine_cell; L:HNN/LatticeDeposit/Freeze:frozen_accumulation_lt_unit; L:HNN/LatticeDeposit/Freeze:moved_of_accumulation; R:holonics::hnn::constitution::BudgetedCarry; L:HNN/LatticeDeposit/Freeze:move_needs_accumulation; L:HNN/LatticeDeposit/Freeze:move_needs_accumulation_fresh	formal-checked	uses:hnn.lattice-deposit, uses:hnn.release-since-founding
hnn.update-coherence	deposition, receiver, contact	S = Σ δ_i, Q = Σ δ_i², Z = S/√Q;  Z² ≤ n;  δ_i ≥ 0 ⇒ Z² ≥ 1;  Σ_ε e^(λ Σ ε_i δ_i) ≤ 2^n e^(λ² Q/2);  #{ε : |Σ ε_i δ_i| ≥ t√Q} ≤ 2·2^n e^(−t²/2)	an entry's updates (or its released residuals) add coherently when |Z| exceeds √(2 ln(2/α)); with uninformative signs fewer than that fraction α of sign patterns reach it; the carried remainder's own sign is not the statistic, since it changes whenever the entry moves	per entry; magnitudes fixed, signs the only randomness in the null; Q > 0	L:HNN/LatticeDeposit/Freeze:sign_mgf_le; L:HNN/LatticeDeposit/Freeze:sign_tail; L:HNN/LatticeDeposit/Freeze:sign_tail_abs; L:HNN/LatticeDeposit/Freeze:coherence_ratio_le; L:HNN/LatticeDeposit/Freeze:coherence_ratio_one_sign	formal-checked	uses:hnn.contact-step-log-law
hnn.release-schedule	deposition, compression, receiver	|Σ_j rem_(L+k_j)(y_j)| ≤ (u/2) Σ_j 2^(−k_j), attained by y_j = −½·2^(−L−k_j) (fine point 0);  code schedule k_m = 2⌊log₂ m⌋+1: 2^J − 1 deposits from the founding drop exactly (u/2)(1 − 2^(−J)), entry unmoved;  2^(k_m) ≤ 2L(m), L(m) ≤ 2√m ⇒ Σ_(m=1..N) 2^(−k_m) ≥ √N/4 (≥ 1 from N = 16)	the released total per entry is bounded by the precision schedule's Kraft sum and reaches it: under the code's Elias-gamma schedule half a unit is the supremum since the founding, whatever the residuals' signs; a schedule whose fine cell refines only as the confirmable grain 1/L(N) is not summable, so the drop could reach (u/2)√N/4, a whole unit from N = 64	per entry; any precision schedule for the bound; the refining grain L(N) = ⌈√(N ln 2/2)⌉ (HNN/Ratio/Resolution, PR #151) satisfies L(m) ≤ 2√m	L:HNN/LatticeDeposit/Freeze:fine_neg_half_cell; L:HNN/LatticeDeposit/Freeze:drain_run; L:HNN/LatticeDeposit/Freeze:release_bound_tight; L:HNN/LatticeDeposit/Freeze:schedule_release_le; L:HNN/LatticeDeposit/Freeze:schedule_release_attained; L:HNN/LatticeDeposit/Freeze:refining_schedule_kraft_ge; L:HNN/LatticeDeposit/Freeze:refining_schedule_kraft_ge_one; L:HNN/LatticeDeposit:release_bounded_since_founding; R:holonics::hnn::constitution::BudgetedCarry::precision; R:holonics::hnn::constitution::gamma_length	formal-checked	uses:hnn.gamma-kraft, uses:hnn.release-since-founding
hnn.lattice-rebase	deposition, constitution, ratio, receiver	r = q′u′ + r′, u′ = 2^(−L−j), r′ ∈ [−u′/2, u′/2):  value′ = value + q′u′, rem′ = r′, clock′ = clock;  value′ + rem′ = value + rem;  value ∈ 2^(−L)ℤ ⇒ value′ ∈ 2^(−L−j)ℤ;  rem′ ∈ 2^(−L−j−k_c)ℤ;  any history of deposit runs and re-bases from s₀ on 2^(−L)ℤ: value + rem + Σ e = value₀ + rem₀ + Σ Δ,  |Σ e| ≤ (u/2) Σ_(m ∈ (c₀, c]) 2^(−k_m) < u/2,  |value − exact| < u/2 + u_now/2	a carrier moves onto a finer dyadic lattice by dividing its remainder at the finer unit: the stored accumulation value + carry is unchanged, nothing is released, and the clock continues; over any number of re-bases one invariant holds, so the releases since the founding stay below half the founding unit (and can come arbitrarily close to it), which relative to a grain refined j levels is just under 2^(j−1) current units	per entry; a dyadic schedule 2^⌈log₂ L(N)⌉ keeps every coarser read (receiver.refining-grain); realized by BudgetedCarry::rebase before a deposit stages an entry and, at the machine, by Constitution::rebased at a contact's channel (the ring loci read their lattice outside the deposit and are refused), published as a commit (the boost and the storage growth certified, B_Θ held, a deposit staged before it refused as stale); the declared schedule (one lattice per locus) never calls it; private native boundary control also reads applied C/K movement, same carried state/clock/pump, material work, WordBalance::commit and the reflected-interior chart change	L:HNN/LatticeDeposit/Rebase:Carried.rebase; L:HNN/LatticeDeposit/Rebase:rebase_value_add_rem; L:HNN/LatticeDeposit/Rebase:rebase_shift; L:HNN/LatticeDeposit/Rebase:rebase_onLattice; L:HNN/LatticeDeposit/Rebase:unit_anti; L:HNN/LatticeDeposit/Rebase:Invariant; L:HNN/LatticeDeposit/Rebase:invariant_deposit; L:HNN/LatticeDeposit/Rebase:invariant_rebase; L:HNN/LatticeDeposit/Rebase:invariant_history; L:HNN/LatticeDeposit/Rebase:history_accounting; L:HNN/LatticeDeposit/Rebase:history_release_lt; L:HNN/LatticeDeposit/Rebase:history_within_founding_unit; R:holonics::hnn::constitution::BudgetedCarry::rebase; R:holonics::hnn::constitution::Constitution::rebased; T:crates/holonics/src/hnn/tests/rebase_boundary.rs:native_rebase_moves_material_at_the_same_carried_boundary_with_work	formal-checked	uses:hnn.lattice-deposit, uses:hnn.release-since-founding, uses:receiver.refining-grain
hnn.carried-gram-posdef	constitution, deposition	|H_ij − H_exact,ij| ≤ u,  H_exact = I + Σ w f fᵀ ⪰ I  ⇒  |vᵀ(H − H_exact)v| ≤ u(Σ|v_i|)² ≤ n·u·|v|²,  vᵀHv ≥ (1 − n·u)|v|²;  2 L_R X ≤ 2^L, n ≤ X ⇒ H ⪰ (1 − 1/(2L_R)) I	the carried Gram stays positive definite since the locus's founding, with no clamp: the bound since the founding keeps every entry within one unit of the exact Gram, which dominates the unit prior	n the Gram width; w ≥ 0; the lattice rule with X_ℓ at least the Gram width	L:HNN/LatticeDeposit:carried_gram_posDef; L:HNN/LatticeDeposit:carried_gram_posDef_rule; R:holonics::hnn::constitution::NormalLaw	formal-checked	uses:hnn.release-since-founding, uses:hnn.normal-prox-step
hnn.lattice-prox	deposition, constitution, ratio	H′ = H + Σ_t w f_t f_tᵀ,  G = Σ_t w g_t f_tᵀ,  W_next = W + η G X̂ at the carried Gram H′, η the certified step (hnn.certified-normal-step), X̂ the certified chart of H′⁻¹ (the lattice word) (B = W H is not carried at an internal locus);  each carried entry x after any run from the locus's founding: |x − (x₀ + r₀ + Σ Δx)| < 2^(−L), so |H′ − (I + Σ w f fᵀ)|_ij < 2^(−L)	the running normal law of an internal linear locus is the prox step at its carried Gram, not a solve of the accumulated statistic: its map moves by η G H′⁻¹, the Gram is carried on the lattice, and every carried value stays within one lattice unit of the exact sum of the updates that reached it	per internal linear locus (E_g, W_c); the receiving map R carries B and steps by the exogenous law instead (hnn.exogenous-normal-law, the first repair); each update exact at the predecessor's lattice-valued operands; H′ invertible (carried_gram_posDef); the counterfactual bound against never-rounded operands is owed (Objects/CommitRebase)	L:HNN/Normal:normal_prox_step; L:HNN/LatticeDeposit:within_one_unit_since_founding; L:HNN/LatticeDeposit:carried_gram_posDef; R:holonics::hnn::constitution::NormalLaw::deposited; R:holonics::hnn::constitution::NormalLaw::gram	formal-checked	uses:hnn.normal-prox-step, uses:hnn.release-since-founding, uses:hnn.carried-gram-posdef, uses:hnn.certified-normal-step
hnn.reaction-deposit-no-work	deposition, constitution, holon	Q′ = Q ⇒ ½⟨x, (Q′ − Q)x⟩ = 0, commit balance = word balance;  passive words, ε_k = 0 ⇒ E_N ≤ E_0	a deposit that changes only the reaction material does no deposition work, so the committed energy of passive words never grows	storage unchanged by the deposit	L:HNN/Normal:reaction_deposit_storage_unchanged; L:HNN/Normal:reaction_deposits_keep_committed_energy; L:HNN/Normal:storage_deposit_does_work; L:HNN/Normal:active_reaction_diverges; R:holonics::hnn::constitution::Constitution::deposited	formal-checked	uses:deposition.normal-law-divergence
hnn.factor-carrier-psd	constitution, contact	C = c cᵀ, K = b bᵀ, D = F Fᵀ:  ⟨v, c cᵀ v⟩ = |cᵀ v|² ≥ 0 after every factor update;  an additive update of C itself can leave PSD	contact constitutions carried as squares stay positive semidefinite under every factor step, with no clamp		L:HNN/Normal:carrier_eq_quadraticMoment; L:HNN/Normal:factorCarrier_psd; L:HNN/Normal:additive_carrier_update_leaves_psd; R:holonics::hnn::constitution::FactorStep; R:holonics::hnn::constitution::Constitution::deposited	formal-checked	uses:holon.quadratic-moment-storage
hnn.standing-lock-chart	constitution, key	σ_ρ(q) = sign(Δ_ρ), sign 0 = +1, Δ = L q;  K(q) = W_s + Σ_ρ σ_ρ(q) A_ρ depends on q only through σ;  σ locally constant off the fold;  q′ = q + η Lᵀ g_σ / h;  a class changes exactly where Δ_ρ crosses zero;  within a lobe (every class kept, no slice onto its node) the element and every score read through it are constant: the standing leaves the realized joint certificate;  a crossing is the lock's half-turn (hnn.standing-fold)	the word reads the retained constitution only through its sheet classes; the retained constitution moves only by deposit through the declared lock chart, and a class changes only where a deposit carries its contrast across zero	general ordered field	L:HNN/Normal:sheetClass; L:HNN/Normal:elementOperator; L:HNN/Normal:elementOperator_eq_of_sheetClass_eq; L:HNN/Normal:sheetClass_locally_constant; L:HNN/Normal:standing_deposit; L:HNN/Normal:sheet_fold_witness; L:HNN/Normal:standing_step_sign_witness; R:holonics::hnn::reference::compose; L:HNN/Normal:lobe_ray_keeps_class; L:HNN/Normal:lobe_move_is_null	formal-checked	uses:hnn.element-balance
hnn.standing-fold	constitution, parametron, deposition, key	Δ = M q a standing pattern: Δ_ρ = 0 a node, σ_ρ = sign Δ_ρ its lobes, |Δ_ρ| its amplitude, a crossing the half-turn e^{iπ};  founding: M_C q_C = k u_C 𝟙 on each chart component (u_C the coarsest standing unit, k the least with k M_C⁻¹𝟙 integral), a singular component on its node (fixed nodes);  within a lobe: the carried successor keeps every class and never reaches a node (η |(M D)_ρ| < |Δ_ρ| where the move points toward the node), the families reaching a crossed slice halved together, dropped below half a fine unit; only the slices of the rings the word's diamond holds are read (Reach::loci, record B §8: an element outside it is read by no admitted reading);  at a node: the chart's step is the lock's proposal, taken as its own commit only when ℓ_turned⁺ < ℓ_held⁻ (θ = a/(a + K) > ½ ⇔ K < a)	the standing is founded off its nodes in the +1 lobe the tie rule read at q = 0, so the declared element is unchanged; a deposit holds every standing step inside its lobes, where the element does not move, and a sheet turns only by the lock's exact comparison of the comparison's code at both sheets	the lock's comparison is run by the machine that holds the cells the comparison reads (the prediction path); a port that does not read it takes the held step; the carry's reading of the lobe is checked on the exact successor, its statement owed (#62)	L:HNN/Normal:lobe_of_step_bound; L:HNN/Normal:lobe_ray_keeps_class; L:HNN/Normal:lobe_move_is_null; L:HNN/Normal:lobe_deposit_descends; L:HNN/Normal:lock_face_decides; L:HNN/Normal:lock_flip_descends; L:HNN/Normal:founding_off_node; L:HNN/Normal:chain_founding; L:HNN/Normal:channel_fixed_node; R:holonics::hnn::constitution::LobeReading; R:holonics::hnn::constitution::LockProposal; R:holonics::hnn::constitution::Constitution::locked; R:holonics::holon::deposition::strictly_better; H:crates/holonics/src/hnn/prediction.rs@f5fd8f3b; N:2026-09-29_THE_STANDINGS_FOLD_PINNED_BEFORE_ITS_RUNS.md	formal-checked	uses:hnn.standing-lock-chart, uses:holon.joint-step, uses:hnn.certified-factor-step
hnn.receiving-phase-ratio	ratio, receiver	ℓ_j(θ + s, φ + s) = ℓ_j(θ, φ) ∈ logFibre(z^T : z^H) at the recharted phases;  the lifted cross-entropy excess is unchanged;  a produced-only rechart moves ℓ_j	a common rechart of target and produced phases by the receiving clock leaves the Holon-ratio loss unchanged	positive probability sections	L:HNN/Ratio:receivingPhase_ratio; L:HNN/Ratio:produced_rechart_moves_the_ratio; R:holonics::hnn::ratio::HolonRatio::compare	formal-checked	uses:ratio.loss-is-log-ratio
hnn.receiving-phase-pullback	ratio, coholon, receiver	⟨g, R P^τ v⟩ = ⟨(P^τ)⁻¹ R* g, v⟩,  P^d = 1 ⇒ (P^τ)⁻¹ = P^((d−1)τ);  along v + xδ: code-length face moves by Σ_j (p̂_j − q_j)(Re R P^τ δ)_j / ln 2, phase descent by Σ_c −½ q_c Δ_c (Im R P^τ δ)_c	the receiving read's covector pulls back to the receiving ring's anchor through Rᵀ and the inverse clock; the smooth score at the grain representative has magnitude derivative p̂ − q; the implemented covector reads the odometer chart (hnn.odometer-covector-descends), and its phase part is −q_c Δ_c	P a linear isometry; closing ring for the power form; the current read is the landmark face plus R P^τ v; the first repair's harmonic standing read is retired, its law kept in hnn.standing-read	L:HNN/Ratio:receivingPhase_pullback; L:HNN/Ratio:receivingPhase_magnitude_pullback; L:HNN/Ratio:receivingPhase_phase_pullback; L:HNN/Ratio:closing_period_is_load_bearing; R:holonics::hnn::receiving::ReceivingPhases::read; R:holonics::hnn::ratio::RatioCovector	formal-checked	uses:ratio.logit-covector
hnn.odometer-covector-descends	ratio, receiver	2^(n + k/L) ↦ 2^n(1 + k/L);  p̃_c ∝ 2^(n_c)(L + k_c);  ⟨p̂ − q, p̃ − q⟩ = Σ_(c≠t) p̂_c p̃_c + (1 − p̂_t)(1 − p̃_t) > 0;  k = 0 ⇒ p̃ = p̂;  2^(n + k/L) ≤ 2^n(1 + k/L)	the learning covector is read in the rational odometer chart of the carried power; its negative is a descent direction for the smooth score at the grain representative; the quantized score may stay constant inside a grain cell; it equals the face at integer cells and dominates its weight	p̂, p̃ positive, summing to 1; at least two classes; 0 ≤ k ≤ L, L > 0	L:HNN/Ratio:odometerWeight; L:HNN/Ratio:odometer_covector_descends; L:HNN/Ratio:odometer_descent_needs_two_classes; L:HNN/Ratio:odometer_eq_face_at_integer_cells; L:HNN/Ratio:face_weight_le_odometer; R:holonics::hnn::ratio::Face::odometer_masses; R:holonics::ratio::exponentiated::CarriedPower::odometer; R:holonics::hnn::ratio::HolonRatio::covector	formal-checked	uses:hnn.receiving-phase-pullback, uses:hnn.carried-power
hnn.align-cost-turns	ratio, aeon	τ_R(j) = d_R w + ρ_j, w = ⌊λ_R/d_R⌋;  φ^T_j = ρ_j/d_R ∈ [0, 1 + 2(j+1)/d_R);  Im ℓ = w + Δ, Δ_c = ρ_c/d_R − y_c/2;  ½ Σ_c q_c Δ_c² exact over ℚ;  gradient −½ q_c Δ_c;  a common winding cancels	the target phase is read in the cut's frame: the cut's winding w is the log's branch, never descended on, and the gap past it carries the phase cost and its covector at the scale of the magnitude part	d > 0; w the receiving ring's winding at the anchor	L:HNN/Ratio:alignCost_turns; L:HNN/Ratio:turns_need_a_period; R:holonics::hnn::ratio::target_phases; R:holonics::hnn::ratio::PhaseRatio	formal-checked	uses:ratio.winding-shift-phase-face
hnn.carried-power	ratio	ℚ(θ) = ℚ[X]/(X^L − 2), θ^L = 2 (X^L − 2 Eisenstein at 2, a field);  cp(n, k) = 2^n θ^k,  cp(n, k + L) = cp(n + 1, k),  cp(n, k)·cp(m, l) = cp(n + m, k + l);  θ ↦ 2^(1/L): cp(n, k) ↦ 2^(n + k/L)	the carried power 2^(n + k/L) is exact in ℚ(θ): the integer n is a carry, the remainder k/L a phase whose carry is multiplication by 2	L ≥ 1	L:Objects/Ratio/CarriedPower:irreducible_X_pow_sub_two_int; L:Objects/Ratio/CarriedPower:irreducible_X_pow_sub_two; L:Objects/Ratio/CarriedPower:PhaseField; L:Objects/Ratio/CarriedPower:theta; L:Objects/Ratio/CarriedPower:theta_pow; L:Objects/Ratio/CarriedPower:carriedPower; L:Objects/Ratio/CarriedPower:realChart; L:Objects/Ratio/CarriedPower:carriedPower_exact; L:Objects/Ratio/CarriedPower:zero_grain_is_not_a_field; R:holonics::ratio::exponentiated::CarriedPower; R:holonics::ratio::exponentiated::PhaseField; R:holonics::ratio::exponentiated::power_of_two	formal-checked	uses:hnn.face-grain-fibre
hnn.face-grain-fibre	ratio, receiver	grainRead f = (⌊f⌋, ⌊L fract f⌋),  f = n + k/L + ε,  0 ≤ ε < 1/L;  f′ in the same cell ⇒ same (n, k);  reading every exponent down within its cell moves −log₂ p̂(t) by < 1/L bits;  L_R = ⌈1/ε_bits⌉ (1/16 ↦ 16)	the receiver's face depends only on the grain cell of its exponents; the unresolved fibre ε is returned, and the grain bounds each cell's code length within 1/L bits	L > 0	L:HNN/Ratio:grainRead; L:HNN/Ratio:grainFibre; L:HNN/Ratio:face_constant_on_fibre; L:HNN/Ratio:codeLength_eq_face; L:HNN/Ratio:face_code_length_within_grain; L:HNN/Ratio:grain_of_tolerance; L:HNN/Ratio:reading_beyond_the_grain_moves_the_code; L:HNN/Ratio:grain_needs_positive_L; R:holonics::hnn::ratio::Face; R:holonics::receiver::face::GrainCell	formal-checked	uses:ratio.log-branch
hnn.rotor-gauge	key, navigator	R_m = ρ^(−m) F ρ^m on ℤ/d:  R_(m+1) = ρ⁻¹ R_m ρ;  (k, S) ↦ (k + 1, ρ⁻¹ S) is a gauge of every menu of one-stage loops;  the fibre is the Bombe test set, a union of rotor-gauge orbits, with a candidate at every key	a ring's reflected returns are covariant under its rotor, so loop closure locates a ring key only up to the rotor gauge	period d ≥ 1; reflector an involution	L:HNN/Keys:rotor; L:HNN/Keys:stage; L:HNN/Keys:stage_succ; L:HNN/Keys:loopAt; L:HNN/Keys:rotorGauge; L:HNN/Keys:field_loop_fibre; R:holonics::hnn::keys::locate_ring; R:holonics::hnn::field::Ring::machine	formal-checked	generalizes:key.reflector-machine, uses:key.gauge-orbit
hnn.contact-menu-closes	key, contact	edge p —i→ p′ observed from the true machine: S p′ = R_(key+i)(S p);  a closed walk of observed edges transports S p back to itself ⇒ its loop closes under the truth (Observed)	a cycle of observed deterministic contacts closes under the true key, so the menu the data forms is an observed menu of the Bombe		L:HNN/Keys:MenuEdge; L:HNN/Keys:walkLoop; L:HNN/Keys:walk_transports; L:HNN/Keys:contact_menu_closes; R:holonics::hnn::keys::locate_ring	formal-checked	uses:key.menu-loop-closure
hnn.propagation-edge-fibre	key, contact	propagate k p₀ s₀ es (traversal-ordered): S v := W_k(S u), refuse on conflict or repeated image;  = some f ⇔ f is the injective edge-consistent assignment on the component's ports with f p₀ = s₀;  unique;  a full plugboard satisfying every edge survives;  survivors close every closed walk	the Bombe's diagonal board returns exactly the candidates whose images satisfy every menu edge injectively, by propagation instead of enumeration	traversal-ordered edge list of one component	L:HNN/Keys:propagate; L:HNN/Keys:propagation_eq_edge_fibre; L:HNN/Keys:consistent_unique; L:HNN/Keys:permutation_survives; L:HNN/Keys:survivor_closes_walks; L:HNN/Keys:conflict_refuses; L:HNN/Keys:repeated_image_refuses; R:holonics::compression::keys::edges::Menu::propagate	formal-checked	uses:hnn.contact-menu-closes
hnn.gauge-fix-unique	key	each rotor-gauge orbit {(k + n, ρ^(−n) S)} has exactly one member with S p₀ = 0	the gauge-fixed key is a declared convention: exactly one member of each rotor-gauge orbit sends the least visited port to 0	period d ≥ 1	L:HNN/Keys:gauge_fix_unique; R:holonics::hnn::keys::locate_ring	formal-checked	uses:hnn.rotor-gauge
hnn.selective-step-dormant	key, navigator, parametron	no cell fits N_h for h ≤ g ⇒ τ_g unchanged over the cells (no carry reaches g);  one fitting cell moves ring 0;  a carry moves a ring no cell fits	a ring whose lock no input fits keeps its configuration: its mode is dormant until a fitting input or a carry arrives		L:HNN/Keys:dormant_step; L:HNN/Keys:selective_step_dormant; L:HNN/Keys:fitting_cell_moves; L:HNN/Keys:carry_moves_an_unfitted_ring; R:holonics::hnn::field::Field::selective_step	formal-checked	uses:hnn.selective-position
hnn.rekey-keeps-winding	key, aeon	τ′ = d⌊τ/d⌋ + key, key < d:  ⌊τ′/d⌋ = ⌊τ/d⌋,  τ′ mod d = key;  counts, offset counts and the held cells unchanged	publishing a key at an aeon boundary re-configures the ring's phase class and keeps its winding, rewriting no past cell	key < d	L:HNN/Keys:rekey; L:HNN/Keys:rekey_keeps_winding; R:holonics::hnn::field::Current::rekey; R:holonics::hnn::keys::KeyLocation::rekey; R:holonics::hnn::field::Ring::clock_at	formal-checked	uses:hnn.selective-stream-descent
hnn.turn-menu-fibre	key, contact, navigator	edge u → v at distance δ reads S(v) = S(u) + c, c ∈ ℤ/d (the rotor's turns), S injective on the menu ports;  survivors: R = {(u, v)} a partial injection, every cycle of length ord(c) = d/gcd(c, d), every path of p edges with p < ord(c), each cycle a whole coset of ⟨c⟩ and the paths' runs packed into the free cosets;  published map = R when R permutes its menu ports (a consequence never read stays plural);  order-2 on d = 60: R = (0 1 2 3), turns {15, 45} = 3·5 and 3²·5	the turn machine's fibre, quotiented by the rotor gauge (every turn commutes with the rotor), is read from the menu relation's components, and its gauge-invariant reading is the relation itself	ring period d ≥ 1; ports of ℤ/d; publication only from read consequences	R:holonics::compression::keys::TurnMenu; R:holonics::compression::keys::TurnReading; N:2026-10-05_LOCATED_KEYS_BECOME_THE_SOURCE_PORTS_PAIR_COMPONENT.md	proved-derived	uses:hnn.propagation-edge-fibre, uses:hnn.rotor-gauge
hnn.pair-location	key, contact, aeon	observation = a seen station t;  edges port(x_(t−δ)) → port(x_t) for every δ ∈ [1, min(t, d − 1)];  each distance's turn menu only shrinks (Keys.fibre_cons);  contacts compose along the ring's clock: (δ₀, f₀)^k = (kδ₀, f₀^k), turns summing;  located ⇔ the least survivor δ₀ publishes f₀ and every survivor δ = kδ₀ publishes f₀^k on its ports (one survivor: itself);  the located pair is (δ₀, f₀), deposited at the passage's end (the aeon's boundary);  order-2 training passage (seed 2_026_093_031): δ = 2's map published at observation 4, located from observation 16 (2 requests plus 0 stations) to the passage's end, the distances 46 and 47 (read only by stations 6 and 7) the last to die;  the alternation (2_026_093_034): the windings 2k, k ∈ [1, 23], each the identity, located (2, id) from observation 33 (n*_terrain 33);  the line (2_026_093_037): the windings 4k, k ∈ [1, 11], located (4, id) from observation 24 (n*_terrain 20), x_t − x_(t−4) = 4s ≡ 0 carrying every slope;  a plural class that is not one family of windings (2 and 3; (2, +1) beside (4, +1)) stays plural	learning is locating keys over the span's distances: no distance is declared, and the survivors decide the distance, the turn and the map from the seen passage	the source ring's period d > the span; the crib is seen cells only (a request and its read stations)	R:holonics::hnn::keys::PairLocation; R:holonics::hnn::keys::station_pairs; R:holonics::hnn::keys::PairSurvivors; R:holonics::compression::keys::generator; N:2026-10-05_LOCATED_KEYS_BECOME_THE_SOURCE_PORTS_PAIR_COMPONENT.md; N:2026-10-05_THE_REGRESSIONS_LOCATE_THE_LEAST_WINDING_AND_ARE_READ_BY_THE_PAIR_RELEASE.md	definition	uses:hnn.turn-menu-fibre
compression.pair-repair	key, contact, tube, receiver, compression	F_t⁽⁰⁾ = {x_t} intact, A erased;  R(a, b) :⇔ f(a) unread ∨ f(a) = b;  D = [max(o, δ), L) the stations the pair was read at;  F_t ← F_t ∩ R(F_(t−δ)) if t ∈ D, ∩ R⁻¹(F_(t+δ)) if t + δ ∈ D, each sweep along the clock and back, to the fixed point; an empty family refuses the key;  the edges (t − δ, t), t ∈ D, are chains (residue classes of ℤ/δ), a forest: the fixed point is the joint fibre's projection, checked as fwd_t(a)·bwd_t(a) > 0 for every a ∈ F_t;  N = Π_chains Σ_a fwd_end(a);  release at width zero where F_t is one certified class, hold with F_t otherwise;  codec: key (δ − 1 in ⌈log₂(d − 1)⌉ bits, each consequence or unread in ⌈log₂(|A| + 1)⌉) + residual (the truth's index in the first held F_t in ⌈log₂|F_t|⌉ bits, pin, restrict, repeat);  reopen(damage(x), key, residual(x)) = x; the residuals a prefix code over the fibre, the longest ≥ ⌈log₂ N⌉;  order-2, the line and the alternation, 48 cells (opening 8), 64 passages a run: spans erased, 1,088 = 2⁶·17 released, all equal to the truth, cell 3 held, codec 146 = 2·73 bits against the literal 2,304 = 2⁸·3²; every odd cell from 7 erased: a 21-cell chain held with N = 4, one 2-bit patch reopens it, 146 against 2,688 = 2⁷·3·7	repair is the located pair read the other way: the key known and the cells unknown, a damaged passage's compatible family restricted jointly from both sides, released where one certified class, held with its plural family otherwise, priced as the key plus the Fold's side residual; continuation is the case whose damage is the tail	one located pair (one distance, so the relation graph is a forest of paths); each class on its own port; the relation applied only at the stations it was read at	R:holonics::compression::keys::repair::restrict; R:holonics::compression::keys::repair::Restriction; R:holonics::compression::keys::repair::residual_code; R:holonics::compression::keys::repair::reopen; R:holonics::hnn::keys::damaged_station_pairs; R:holonics::hnn::keys::LocatedPair::relation; L:Transport/ArtifactRelease:step; L:Transport/Fold:reopen_apply_fold; L:Transport/Fold:residual_injective_on_fibre; N:2026-10-05_REPAIR_BY_REFLECTION_THE_LOCATED_PAIR_RESTRICTS_THE_ERASED_CELLS_FROM_BOTH_SIDES.md; L:Transport/ForestRestriction:restriction_eq_projection	definition	instance-of:tube.generation-step, uses:hnn.pair-location, uses:receipt.width
compression.forest-restriction-projection	compression, key, contact, tube, receiver	forest of pair relations: parent v, rank(parent v) < rank v, rel v b a on edge (parent v, v);  fibre = {x ∈ Π_v D_v : ∀ edges rel v (x_p) (x_v)} = step id Sat (Π_v D_v);  revise F_v = F_v ∩ R(F_parent) ∩ ⋂_children R⁻¹(F_c);  revise F ⊆ F, monotone, revise(proj) = proj, proj ⊆ revise^[n] D;  fixed within Σ_v |D_v| sweeps (Σ|F_v| strictly falls);  fixed F ⊆ D with nonempty families ⇒ F ⊆ proj (lift (v, a) to the root by supports, complete downward keeping the guide);  fibre ≠ ∅ ⇒ fixed iterate = proj at every cell;  some family empties ⇔ fibre = ∅;  tree (one root): an emptied family empties all, so fixed iterate = proj unconditionally;  truth ∈ fibre, F_v = {a} ⇒ x_v = a;  Releasable fibre {i} ⇔ |F_i| = 1	the two-sided restriction on an acyclic constraint graph reaches the joint fibre's projection: arc consistency is global consistency on a forest; a one-class family is the width-zero release and is the truth's class	finite cells; Finset families; forest by a rank strictly increasing to the consequent; the forest statement keeps fibre ≠ ∅ (an inconsistent tree empties only its own families)	L:Transport/ForestRestriction:revise_proj; L:Transport/ForestRestriction:proj_subset_iterate; L:Transport/ForestRestriction:exists_fixed_iterate; L:Transport/ForestRestriction:exists_guide; L:Transport/ForestRestriction:complete_spec; L:Transport/ForestRestriction:fixed_subset_proj; L:Transport/ForestRestriction:restriction_eq_projection; L:Transport/ForestRestriction:restriction_empties_iff; L:Transport/ForestRestriction:fixed_empty_spreads; L:Transport/ForestRestriction:tree_restriction_eq_projection; L:Transport/ForestRestriction:released_class_is_truth; L:Transport/ForestRestriction:offsetChains; L:Transport/ForestRestriction:jointFibre_eq_step; L:Transport/ForestRestriction:jointFibre_width_le; L:Transport/ForestRestriction:releasable_iff_one_class; L:Transport/ArtifactRelease:step; L:Transport/ArtifactRelease:restriction_never_widens; R:holonics::compression::keys::repair::restrict	formal-checked	uses:compression.pair-repair, uses:receipt.width
compression.restriction-cycle-obstruction	compression, key, contact	triangle, ≠ on every edge, classes {0, 1}: every class has a support across every edge (the full families are fixed by the two-sided restriction), yet no x satisfies x₀ ≠ x₁, x₁ ≠ x₂, x₂ ≠ x₀	on a cycle a supported family need not meet the joint fibre: acyclicity is load-bearing in the restriction's projection law	three cells, two classes	L:Transport/ForestRestriction:triangle_supported_but_empty	counterexample	obstructs:compression.forest-restriction-projection
compression.local-keys-glue	key, contact, tower, receiver, compression	cover: regions of ℓ cells at stride s, read at δ ∈ [1, r], ω = ℓ − s ≥ 2r (each overlap holds two turns of every read distance, so a key's restriction to it is a certified reading; every pair (t − δ, t), δ ≤ r, lies in one region);  a region's fibre: one turn menu a distance over its intact pairs, its key unread / empty / one (the windings law) / plural;  glue(U, V) at δ ⇔ the joint menu over E_U(δ) ∪ E_V(δ) admits a turn (the rotor gauge (k, s) ↦ (k + 1, ρ⁻¹ ∘ s) keeps every turn): unique (one generator), plural, obstructed (both keyed, no joint survivor), open (a side unkeyed);  glued region: extended along the clock while the joint fibre locates one generator;  member = the generator's published map; a plural glued region restricts nothing;  F_t = the member's certified projection (one glued region), the intersection across an unglued overlap (held: an enclosure, not a certificate);  release at width zero;  development text (the U6 choosing role, 64 passages of 48 bytes, 12 erased, ℓ = 16, s = 8, r = 4, 2⁸ ports): regions 187 empty, 130 plural, 3 one; joins 211 open, 27 obstructed, 17 plural, 1 unique; 11 of 768 erased released, 11 equal to their truth (an indentation run), 757 held with the whole alphabet; restricting through unpublished survivors' read pairs released 40, 15 equal to their truth	a key that is not global is a section over a cover: located per region, glued on the overlaps in the tower's trichotomy, and read the other way only through a located key, so a plural fibre is held, never indexed	the passage's classes one to a port; ω ≥ 2r; the regions tile the passage	R:holonics::compression::keys::local::Cover; R:holonics::compression::keys::local::locate; R:holonics::compression::keys::local::LocalRepair; R:holonics::compression::keys::local::Join; L:Foundation/ContinuingTower:GluingResult; N:2026-10-05_TEXT_REPAIR_BY_LOCAL_KEYS_GLUED_ON_OVERLAPS.md	definition	uses:compression.pair-repair, uses:hnn.pair-location, uses:receipt.width
compression.located-transport	navigator, key, aeon, compression	ℓ(k+1) = ℓ(k) + A(u_k), ℓ ∈ ℤ/D, D = ∏ d_g;  odometer chart τ_g(k+1) = τ_g(k) + a_g(u_k) + carry_g(k) (mod d_g), carry_(g+1) = ⌊(τ_g + a_g + carry_g)/d_g⌋, A(u) = Σ_g a_g(u) ∏_(h<g) d_h;  CRT chart (coprime d_g) r_g(k+1) = r_g(k) + (A(u_k) mod d_g), no carry;  receiving cell c(ℓ) = ⌊ℓ/D_low⌋, D_low = ∏_(g<last) d_g, read through injective labels λ;  survivor (A|_seen, λ|_seen, L): L′ = (L + A(u_k)) ∩ cell(λ⁻¹(u_(k+1))), branching an unread advance over ℤ/D and an unread label over the free cells; a survivor dies when L′ = ∅ (the loop since the class's last visit does not close at the grain)	each occurrence steps the rings' lift by its class's located advance; the advance is located by loop closure of the receiving reading over the passage, never set by a class's code, and the hidden rings reach the reading only through their carry word	pairwise coprime periods ≥ 2, D ≤ 2^12; |A| ≤ d_last; the machine's family: every transport, every injective label map, every key	R:holonics::compression::keys::transport::TransportLocation::locate; R:holonics::compression::keys::transport::CarryHelix; R:holonics::compression::keys::transport::SteppedTerrain; R:holonics::compression::keys::transport::LocatedTransport; L:Geometry/PhaseCarry:winding_add; L:Compression/Keys:fibre_cons; N:2026-10-05_THE_LOCATED_TRANSPORT_EACH_OCCURRENCE_STEPS_THE_RINGS_BY_ITS_LOCATED_ADVANCE.md	definition	uses:winding.odometer, uses:winding.carry-cocycle, uses:hnn.turn-menu-fibre
compression.transport-gauge	navigator, key, receiver	(A, λ, ℓ) ~ (A, λ∘ρ^(−j), ℓ + j D_low) (rotation);  (A, λ, ℓ) ~ (−A, λ∘(c ↦ −c), D_low − 1 − ℓ) (reflection): the digits of D − 1 − ℓ are d_g − 1 − τ_g;  gauge fixed: the read set's first emission at cell 0; representative = the lesser of a survivor and its reflection in the classes' first-occurrence order	the receiving chart reads a located transport only up to the dihedral gauge of the receiving ring; the representative is chosen without reading a label	receiving reading c(ℓ) = ⌊ℓ/D_low⌋	R:holonics::compression::keys::transport::LocatedTransport::reflected; R:holonics::compression::keys::transport::gauge_representative; N:2026-10-05_THE_LOCATED_TRANSPORT_EACH_OCCURRENCE_STEPS_THE_RINGS_BY_ITS_LOCATED_ADVANCE.md	proved-derived	uses:compression.located-transport, specializes:hnn.turn-menu-fibre
compression.transport-relabelling	compression, key, receiver	L(π∘x) = L(x) and A_(π∘x) = A_x ∘ π⁻¹, λ_(π∘x) = π ∘ λ_x for every permutation π of the classes (location reads only the equality of occurrences);  the residue chart A_res(u) = Σ_g [u mod d_g ∈ N_g] ∏_(h<g) d_h is not carried by π: its code length changes	the located transport and its code length do not see the labels; a transport a class's code chooses does (THE_MACHINE guard 9's test)	a code over declared D, |A|, passage count and lengths	R:holonics::compression::keys::transport::located_code; R:holonics::compression::keys::transport::residual_code; N:2026-10-05_THE_LOCATED_TRANSPORT_EACH_OCCURRENCE_STEPS_THE_RINGS_BY_ITS_LOCATED_ADVANCE.md; L:Compression/Relabelling:carried_codeLength; L:Compression/Relabelling:residue_not_carried	proved-derived	uses:compression.located-transport
compression.code-relabelling-invariance	compression, key, receiver	encode(c∘π⁻¹, π∘x) = encode(c, x), so L(π∘x) = L(x);  prefix-free and the Kraft sum Σ_a 2^(−ℓ_a) ∈ ℚ invariant;  passage mass Π_k p(x_k) invariant under (p∘π⁻¹, π∘x);  Π_k 2^(−ℓ(x_k)) = 2^(−L(x));  carried coder K(π∘x) = K(x)∘π⁻¹ ⇒ its bits and length are invariant;  first-occurrence codewords w(idx_x(a)) and count-read lengths f(#_x a, |x|) are carried;  a uniform width (the literal code) is invariant in any chart	relabelling the passage and the code by the same permutation changes no bit; a code located from the passage, whose labels enter only the boundary's decoder, keeps its length under every relabelling, with no logarithm taken	finite alphabet; codes as Bool words; masses in ℚ	L:Compression/Relabelling:encode_relabel; L:Compression/Relabelling:codeLength_relabel; L:Compression/Relabelling:prefixFree_relabel; L:Compression/Relabelling:kraftSum_relabel; L:Compression/Relabelling:passageMass_relabel; L:Compression/Relabelling:passageMass_dyadic; L:Compression/Relabelling:carried_codeLength; L:Compression/Relabelling:firstOccurrence_carried; L:Compression/Relabelling:countLengths_carried; L:Compression/Relabelling:totalLength_relabel; L:Compression/Relabelling:literalCode_length_relabel; L:Compression/Core/Cost:literalCode_length	formal-checked	face-of:compression.transport-relabelling
compression.residue-chart-not-carried	compression, key, receiver	ℤ/3 (Fin 3), codewords by numeric residue 0 ↦ 0, 1 ↦ 10, 2 ↦ 11 (prefix-free, Kraft sum 1), kept on the values under the turn u ↦ u + 1:  L([0]) = 1, L([1]) = 2;  dyadic mass 1/2 ↦ 1/4;  the constant residue coder is not carried	a code a class's numeric value chooses changes its length when the classes are relabelled, even by the ring's own turn (THE_MACHINE guard 9's test)	three classes	L:Compression/Relabelling:residueCode_prefixFree; L:Compression/Relabelling:residueCode_kraftSum; L:Compression/Relabelling:residue_codeLength_moves; L:Compression/Relabelling:residue_mass_moves; L:Compression/Relabelling:residue_not_carried	counterexample	obstructs:compression.code-relabelling-invariance
compression.transport-code	compression, navigator, key	code = d_r ⌈log₂ D⌉ (transport per cell) + ⌈log₂ |A|!⌉ (labels) + P ⌈log₂ D⌉ (keys) + ⌈log₂(n + 1)⌉ (patch count) + patches · (⌈log₂ n⌉ + ⌈log₂(|A| − 1)⌉); decoded by stepping the lift by each decoded class;  (3, 4, 5), 16 passages × 60: 5·6 + 7 + 16·6 + 10 = 143 bits against the literal 2,880	the located navigator codes its passages by its description and keys alone where it regenerates them; any fixed transport is priced by the same residual	labels a bijection of |A| ≤ 12 classes	R:holonics::compression::keys::transport::located_code; R:holonics::compression::keys::transport::read_located; R:holonics::compression::keys::transport::residual_code; R:holonics::compression::keys::transport::read_residual; N:2026-10-05_THE_LOCATED_TRANSPORT_EACH_OCCURRENCE_STEPS_THE_RINGS_BY_ITS_LOCATED_ADVANCE.md	definition	uses:compression.located-transport, uses:info.codec-pivot
compression.transport-repair	tube, receiver, compression, key	L_t⁽⁰⁾ = cell(λ⁻¹(x_t)) intact, ℤ/D erased;  L_(t+1) ← L_(t+1) ∩ F(L_t), L_t ← L_t ∩ F⁻¹(L_(t+1)), F(ℓ) = ℓ + A(λ(c(ℓ))), to the fixed point;  certified ⇔ L_t = {F^t(k) : k's orbit meets every intact cell} (a chain: arc consistency is the projection);  over a plural fibre the class family is the union over the members the passage keeps, released at width zero only when one class and every member certified;  residual: the truth's index in the first held family, pin, re-run	the located navigator runs through the damage from both sides on the hidden lifts; a cell is released only where every member agrees	members located on intact passages; damaged passage over the same helix and classes	R:holonics::compression::keys::transport::LocatedTransport::restrict; R:holonics::compression::keys::transport::restrict_fibre; R:holonics::compression::keys::transport::lift_residual; R:holonics::compression::keys::transport::lift_reopen; L:Transport/ArtifactRelease:step; L:Transport/Fold:reopen_apply_fold; N:2026-10-05_THE_LOCATED_TRANSPORT_EACH_OCCURRENCE_STEPS_THE_RINGS_BY_ITS_LOCATED_ADVANCE.md; L:Transport/ForestRestriction:restriction_eq_projection	definition	generalizes:compression.pair-repair, uses:compression.located-transport, uses:receipt.width
hnn.encoding-helix-dimension	receiver, navigator, compression	chart ℚ^D read in the receiving cells: T_c e_ℓ = e_(ℓ + A(λ(c))) per labelled cell c, ρ_c = Σ_(c(ℓ) = c) e_ℓ* per cell;  ⟨A(u)⟩ = ℤ/D ⇒ reached = D and founded dimension = D − (D_low − 1): the readings are the shifts of an interval of D_low lifts, whose DFT Σ_(j<D_low) ω^(jk) vanishes exactly at the D_low − 1 nonzero multiples of D/D_low;  (2, 3, 5): 25 = 30 − 5;  (3, 4, 5): 49 = 60 − 11 = 7²	the encoding founded on located transports keeps every helix mode but the D_low − 1 the receiving grain is silent on	advances generating ℤ/D; D_low | D	R:holonics::hnn::encoding::Encoding::found; R:holonics::hnn::encoding::PassageChart::located; R:holonics::compression::keys::transport::LocatedTransport::chart; L:HNN/Encoding:hankel_identification; N:2026-10-05_THE_LOCATED_TRANSPORT_EACH_OCCURRENCE_STEPS_THE_RINGS_BY_ITS_LOCATED_ADVANCE.md	proved-derived	uses:compression.located-transport
hnn.encoded-source-type	receiver, compression, navigator, key	Encoded = ((c_k)_k, |A|, D, ker E ∩ R, λ, a_g(c)):  c_k ∈ ℤ/|A| with |A| ≤ d_g ∀ g ∈ sources (else Fold);  identity(KnownTruth, field): c_k = x_k, D = I_|A|, fibre ∅, λ = id;  through(E, chart, field, x): chart = PassageChart::located(TransportLocation over the read set, one gauge class), D E = ρ and E T_c = U_c E checked on every reached state, c_k = λ⁻¹(u_k), a_g(c) the digits of A(λ(c)), a_g < d_g at the period's width;  a chart nothing located (the byte chart, bare matrices, the moment chart over exterior codes) or a code no label reads ⇒ Unencoded;  a plural fibre ⇒ Plural;  257 > 60 and 61 > 60 refused, 60 ≤ 60 accepted;  the entries (Field::selective_step, Current::step, SourceMoment::ingest, ExecutionPort::{ingest, locate_keys, compare} on host and card, hnn::keys::{locate_keys, station_pairs, damaged_station_pairs}, target_phases, clock_letters, the exposure's Cut, Word::compare_contacts) take &Encoded only and admit it when encoded against the field's source rings, classes ≤ |A|, a located helix the field's rings (Field::admit, HnnError::Unadmitted); DamagedPassage::new is private outside the crate (DamagedPassage::encoded); PortChart::residue, one_hot and codes are deleted	the field's one source type, built only by hnn::encoding, from a terrain's known truth or a located encoding, and the only type its entries read	KnownTruth built only by holarchy::terrain::known's generators; the located route's chart read in the receiving cells	R:holonics::hnn::encoding::Encoded; R:holonics::hnn::encoding::PortCell; R:holonics::hnn::encoding::LocatedAdvances; R:holonics::hnn::encoding::Encoded::identity; R:holonics::hnn::encoding::Encoded::through; R:holonics::hnn::encoding::PassageChart::located; R:holonics::holarchy::terrain::KnownTruth; N:2026-10-05_THE_LOCATED_TRANSPORT_EACH_OCCURRENCE_STEPS_THE_RINGS_BY_ITS_LOCATED_ADVANCE.md; R:holonics::hnn::field::Field::admit; R:holonics::hnn::field::Field::selective_step; R:holonics::hnn::moment::SourceMoment::ingest; R:holonics::hnn::port::ExecutionPort; N:2026-10-05_THE_FIELDS_ENTRIES_TAKE_ONLY_THE_ENCODED_SOURCE.md	definition	uses:hnn.encoding-helix-dimension; uses:compression.located-transport
hnn.encoded-located-step	navigator, receiver, key, compression	located route: τ_g′ = τ_g + a_g(c) + carry_g, a_g(c) the digits of A(λ(c)) (ring 0 least significant), carry_(g+1) = ⌊(τ_g mod d_g + a_g + carry_g)/d_g⌋ ∈ {0, 1}, ticks a_g + carry_g ≤ d_g held at u64;  identity: τ_g′ = τ_g + [c ∈ N_g] + carry_g;  at each consuming step, with ℓ = Σ_g τ_g ∏_(h<g) d_h on ℚ^D: D E e_ℓ = ρ e_ℓ and E e_ℓ′ = U_a E e_ℓ for the class's transport a	a located class steps the field's rings by its own advance with the carry, at its period's width, and the encoding's squares are checked on the lift the field actually steps	an Encoded the field admits; the field's rings the helix's in carry order; the step is atomic, staged and committed only once its squares hold, so a refused occurrence (a lift off a partial-span chart's reached coset, EncodingError::Unreached) leaves the lift point and the moment unchanged; the card takes the same digits (hnn.card-located-source-ingest)	R:holonics::hnn::field::Field::selective_step; R:holonics::hnn::encoding::Encoded::check_step; R:holonics::hnn::encoding::Encoded::advance; N:2026-10-05_THE_FIELDS_ENTRIES_TAKE_ONLY_THE_ENCODED_SOURCE.md; R:holonics::hnn::moment::SourceMoment::ingest	definition	uses:hnn.encoded-source-type; uses:compression.located-transport
hnn.fold-free-fixture	receiver, contact, constitution	a class enters only where it injects into every source ring's ports (|A| ≤ d_g, else EncodingError::Fold), so a fixture that read |A| classes through c mod d_g is re-declared: the chain 2,3,2 with |A| = 4 → source period 4, lock {0, 2} (n* 71 → 134 = 2·67) or the two-class chain (periods 2, 3, 2, |A| = 2, n* 70); campaign 1: |A| 256 → 5, n* 6,148 → 190 = 2·5·19;  on the 65-circle placements a period-4 source ring meets ring 1 at pair quadrance Q = 98, κ_a = 2^(−β_a Q_a/2) = 2^(−98), a 4×4 operator's D = 2^101 and D·2^(L_c) = 2^129 > 2^127 at L_c = 28; the two-class chain's Q ≤ 52	the fold's fixtures change their configurations when unfolded; a claim is re-derived on the smallest fold-free fixture that exercises it, and a carrier overflow from a larger fixture is no reason to widen the carrier	the in-crate test chain; the card's chain on the quarter turns (Q ≤ 4)	R:holonics::hnn::chart::Operator::scale; R:holonics::hnn::propagation::contact_exponent; N:2026-10-05_THE_FIELDS_ENTRIES_TAKE_ONLY_THE_ENCODED_SOURCE.md	definition	uses:hnn.encoded-source-type
hnn.encoded-located-relabelling	receiver, compression, key	for every permutation π of the exterior codes:  chart(π∘x) = chart(x) (T_c, ρ_c, openings at the least keys with the fewest patches),  E_(π∘x) = E_x,  cells(π∘x) = cells(x),  D, ker E ∩ R and a_g(c) equal,  λ_(π∘x) = π∘λ_x,  L(π∘x) = L(x);  the identity route is carried by π instead (its classes are the terrain's)	the located route's encoding and encoded classes do not see the labels; only the boundary's decoder carries them (the strong form of guard 9's code-length law)	one gauge class located on the read set; implemented-exact on twelve permutations of five classes on (2, 3, 5)	R:holonics::hnn::encoding::Encoded::through; R:holonics::compression::keys::transport::LocatedTransport::chart; N:2026-10-05_THE_LOCATED_TRANSPORT_EACH_OCCURRENCE_STEPS_THE_RINGS_BY_ITS_LOCATED_ADVANCE.md	proved-derived	uses:compression.transport-relabelling; uses:hnn.encoded-source-type
hnn.pair-deposit	deposition, contact, key	Δ_y = U B e_y − (E − B) e_(f(y)),  U = P^δ the ring's transport over the located distance,  B the declared prior (the opening E₀);  Q = Σ_y ⟨Δ_y|Δ_y⟩;  samples (e_(f(y)), Δ_y, weight 1) through the source port's normal law, unit step D;  Q(η) = Q − η a + ½η²C exactly, a = 2Σ⟨Δ_y, D e_(f(y))⟩, C = 2Σ|D e_(f(y))|²;  η = CertifiedStep::certify(a, C, c), adopted iff CertifiedStep::holds, Q′ ≤ Q − ½ηa, every entry ≤ 2³, storage growth certified, budget held;  consumer (E − B) T = U B on the menu's classes;  order-2 at the opening: Q = 120 = 2³·3·5 → 0 at η = 2 (a = 120, C = 60, c = 1/2), largest entry 1	a located pair becomes the source port's pair component by one certified deposition: each consequence's column carries its antecedent's prior image carried over the distance, so a continuation that fits the key adds coherently at its antecedent's placement	one class of the exterior chart at each located port (|A| ≤ d on the residue chart); a second deposit of the same key finds no slip and is refused	R:holonics::hnn::executed::pair_deposit; R:holonics::hnn::executed::PairDeposit; R:holonics::holon::deposition::CertifiedStep; N:2026-10-05_LOCATED_KEYS_BECOME_THE_SOURCE_PORTS_PAIR_COMPONENT.md	definition	uses:hnn.pair-location, uses:contact.dq, uses:holon.certified-step
hnn.pair-intertwiner-order	key, navigator, contact	E T = P^δ E, T a k-cycle on the menu's classes ⇒ E annihilates T's eigenvectors at k-th roots of unity outside the spectrum of P^δ (the (d/gcd(δ, d))-th roots);  E injective on the cycle ⇒ k | d/gcd(δ, d);  order-2's declaration: d = 60 = 2²·3·5, δ = 2, k = 4 ∤ 30 ⇒ E e_0 = E e_2, E e_1 = E e_3;  the located turn c = 15 of order 4 intertwines instead: E e_x = P^(S(x)) w gives E T = P^c E exactly	the ring's own transport over the located distance carries a k-cycle only when k divides its order; on the order-2 declaration it cannot carry order-2's 4-cycle at distance 2, so a source port that reads the rule through the free transport alone merges two pairs of classes	a ring of period d; P its rotor; T a permutation of the classes	N:2026-10-05_LOCATED_KEYS_BECOME_THE_SOURCE_PORTS_PAIR_COMPONENT.md	proved-derived	uses:hnn.pair-location
hnn.pair-release	receiver, contact, key, parametron	closed contacts C = {δ ∈ [1, d) : ∃ y, x: P^δ B e_y − (E − B) e_x = 0, B e_y ≠ 0},  B the founding prior (E₀: the field's declared port, completed by the law's symmetry on a paired port);  candidate x at station j joined to every placed crossing p at residue c_p ≡ c_j ± δ (δ ∈ C; a request phase or a locked station): z_pair(j, x) = ν̂(N)(P^(λ−c_j) E e_x + Σ_p P^(λ−c_p) E M[p]),  z_alone(j, x) = ν̂(N) P^(λ−c_j) E e_x,  N = 1 + Σ_p n(p);  x = f(a) ⇒ z_pair = ν̂(N)(P^(λ−c_j) B e_x + 2 P^(λ−c_a) B e_a + P^(λ−c_a)(E − B) e_a);  gain Γ(j, x) = ∏ over the bank's members m of g_m(z_pair) / g_m(z_alone), enclosed [∏ L_pair,m / U_alone,m,  ∏ U_pair,m / L_alone,m] (hnn.pair-gain-joint; lane C's least member retired October 5);  flip and gap on Γ, lock on z_pair's joint growth (lower > 1), certified there;  a station no closed contact joins to a placed crossing waits;  C = ∅ ⇒ the span's law (hnn.bank-generation);  consumer: released class at t = f(class at t − δ);  order-2 validation (seed 2_026_093_032, 64 requests): keys on the founded opening 64 of 64 whole, 512 of 512 stations (the least member); the joint gain's validation in N:2026-10-05_THE_PAIR_GAIN_IS_THE_JOINED_BANKS_LOG_DETERMINANT.md	the release reads the located pair from the material on equal material: which contacts are closed is the deposit's consumer read back, each candidate reads only the crossings its closed contacts join to it, and its gain over its own column alone, read by the joined bank (the product over its members), decides the lock's flip, so neither the nearest lock nor a class's own resonance does	a deposit whose consumer holds exactly (a later move of a located column reopens its contact); the bank's members read the distance's line as P^δ = ±1 (δ = 2 on the quarter-turn members), so the antecedent's copy as a wrong class gains at half of them and pays at the rest; read in the deep regime of a period-60 ring (on a period-16 ring the growths sit near one and the least member does not separate the fit from the copy)	R:holonics::hnn::prediction::closed_pairs; R:holonics::hnn::prediction::BankPlacement::pair_storage; R:holonics::hnn::prediction::generate_by_bank; R:holonics::hnn::executed::pair_slip; R:holonics::hnn::constitution::declared_source_port; N:2026-10-05_THE_RELEASE_READS_THE_LOCATED_PAIR_ON_EQUAL_MATERIAL.md; R:holonics::hnn::prediction::gain; N:2026-10-05_THE_PAIR_GAIN_IS_THE_JOINED_BANKS_LOG_DETERMINANT.md; R:holonics::hnn::constitution::founding_prior	definition	uses:hnn.pair-deposit, uses:hnn.bank-generation, uses:contact.dq, uses:hnn.pair-intertwiner-order, uses:hnn.pair-gain-joint
hnn.pair-gain-joint	receiver, ratio, parametron, holarchy, contact	bank joint monodromy T = ⊕_m M_m(z) ⇒ TᵀG₁T − rG₀ = ⊕_m (M_mᵀG_(1,m)M_m − rG_(0,m));  R = ⊕_m R_m (from z_alone's motion to z_pair's);  log Γ(j, x) = log det R on the members' dominant lines = Σ_m (λ_m(z_pair) − λ_m(z_alone)),  λ_m = log g_m;  Γ = ∏_m g_m(z_pair)/g_m(z_alone), enclosed [∏_m L_pair,m/U_alone,m,  ∏_m U_pair,m/L_alone,m];  first-order face λ_m(z) = λ⁰_m + κ_m|ẑ_m|: λ_m(â + p̂) − λ_m(â) ≤ κ_m|p̂_m|, equality iff â_m ∥ p̂_m;  f = id: E e_x = (1 + P^δ)B e_x for every x, so a member with e^(iω_m δ) = −1 is neutral for every candidate;  development (seeds 2_026_093_042, 043; 64 stations each along the target's trajectory): ∏ decides 64 on order-2, the alternation and the line; the least member 64, 20 and 4, 64; max_m g/max_m g 32, 64, 64; Σg²/Σg² 48, 64, 64 (every order-2 loss the antecedent's copy)	the release's gain on equal material is the joined bank's log determinant over its members: the bank's full form is a direct sum, a ratio of joint quadratic forms reads a weight between members no owner supplies (each member's metric is attained and certifies at any positive multiple), and the loss's additive chart on the direct sum is the sum of the members' Floquet exponent shifts, in which a neutral member moves nothing and joined banks multiply	a receiving bank of independent members (block-sum monodromy), every reading alone with a positive lower end, the same members for both storages; the first-order face is lane C's §8.2 chart, the executed law's own is owed (#62)	R:holonics::hnn::prediction::gain; R:holonics::hnn::ring::ReceivingBank::read_turn; L:Geometry/Motion:finite_work_form_rechart; N:2026-10-05_THE_PAIR_GAIN_IS_THE_JOINED_BANKS_LOG_DETERMINANT.md	proved-derived	uses:motion.finite-work-chart, uses:motion.energy-moving-metric
receipt.interaction-return	receipt, receiver, holarchy	InteractionReturn⟨Fw, Pb, Dp, Ph, Rc⟩ = (forward: Component⟨Fw⟩, pullback: Component⟨Pb⟩, deposit: Component⟨Dp⟩, order: Component⟨SourceOrder⟩, phases: Component⟨Ph⟩, receipt: Rc);  Component⟨T⟩ = Absent(reason) | Present(T);  joint law: InteractionReturn⟨JointStep⟩, pullback and deposit absent	every reception returns the one owner's type, generic in its forward, pullback and deposit payloads; a component a passage does not produce is a declared absence with its reason, never a default; the base owner depends on no consumer		L:Holarchy/Reception:InteractionReturn; R:holonics::receiver::reception::InteractionReturn; R:holonics::receiver::reception::Component; R:holonics::receiver::reception::SourceOrder; R:holonics::receiver::reception::JointStep; R:holonics::hnn::port::ExecutionPort	definition	uses:holarchy.joint-reception
hnn.boundary-transpose	compression, coholon, receiver	V = ⊕_ℓ V_ℓ, V_ℓ ∈ {0, 1} per locus;  carried pending ratio P: Vᵀ|_P = inclusion of the retained loci its diamond reads;  refused P: separator = the released loci its diamond reads	close_aeon's pullback: each carried pending ratio's covectors pull back through the transpose of the 0/1 collapse, the inclusion of the retained loci it reads; a ratio reading a released locus is refused with its separator	structural 0/1 release	L:HNN/Retention:release_structural; R:holonics::hnn::port::Transpose; R:holonics::hnn::retention::separator	definition	uses:hnn.release-past-diamond, uses:hnn.admitted-nonincreasing
hnn.published-clocks	key, navigator, aeon	published ring g: clock_g = Clock_ring(d_g) advanced λ_g ticks, λ_g = d_g⌊λ_g/d_g⌋ + carried key;  fell back: none	locate_keys' material return is the published ring clocks at the boundary, phase class the carried key and winding kept; a ring whose fibre is not one orbit publishes none	keys admitted between close_aeon and the next ingest	L:HNN/Keys:rekey_keeps_winding; R:holonics::hnn::field::Ring::clock_at; R:holonics::hnn::reference::Reference	definition	uses:hnn.rekey-keeps-winding
hnn.boundary-first-law	aeon, deposition, ratio, receipt	compare k: arrive ℓ_k(Θ_k) (exchange step from the occurrence reached);  deposit: re-read the arrived targets ℓ_k(Θ_(k+1)) (deposition step);  collapse releasing a locus the arrived targets' diamond reads: re-read (exchange, the released part);  close_aeon: the aeon's EnclosedBalance and Σ ℓ + Σ g = n·log₂|A| beside it, the next aeon opened at the occurrence reached	the resident's first law over an aeon is the aeon owner's enclosed ledger: its steps chain across compares, deposits and the collapse, so they telescope to the aeon's change of code length; a collapse changes no admitted reading, exactly	campaign 1's learning aeons; code lengths enclosed	L:Aeon/Production/FirstLaw:enclosed_telescopes; L:HNN/Retention:release_indistinguishable; R:holonics::hnn::reference::Resident::ledger; R:holonics::hnn::retention::AeonBoundary	formal-checked	uses:aeon.enclosed-ledger, uses:aeon.literal-comparison
hnn.deposit-clock-flux	deposition, epoch, aeon, constitution	commits are occurrences, deposits passages;  Σ_ℓ = the deposits whose update at ℓ is nonzero;  m_ℓ = flux of the constitution's aeon since ℓ's founding through Σ_ℓ = forward − backward crossings = #crossings (deposits only advance);  k_(m) = 2⌊log₂ m⌋ + 1	a locus's deposit clock is the epoch owner's flux reading at the locus's section, kept as a count, the sufficient statistic the budgeted carry reads; the ticks are not retained, and the count adds across aeons	deposits only advance the commit; not reset at an aeon boundary; ends when the collapse releases the locus whole	L:Aeon/Clock/Epoch:reading_eq_crossings; L:Aeon/Clock/Epoch:crossings_concat; L:Aeon/Clock/Epoch:monotone_count_is_flux; L:HNN/LatticeDeposit:carry_clock; R:holonics::hnn::constitution::Constitution::clock; R:holonics::aeon::Epochs::flux	definition	uses:hnn.lattice-deposit
hnn.ppm-baseline	compression, ratio, receipt	order K = 2, contexts of k ≤ K cells, longest first;  at a context with counts n_s over the symbols not excluded, n = Σ n_s, d distinct:  P(s) = n_s/(n + d),  escape d/(n + d) excluding them;  unseen context escapes with mass 1;  below order 0 uniform over |A| − #excluded;  mass = the exact product, code length −log₂ enclosed;  every order counted after each cell	the exposure's PPM baseline (escape rule C, full exclusion), exact and online with a declared prior, beside the order-0 and order-1 Krichevsky–Trofimov baselines; xz and zstd are exterior, owed to the application	online, the same stream and order as the model; declared order 2	R:holonics::compression::landmark::context::baseline::Ppm; R:holonics::hnn::reference::Bits	definition	uses:compression.kt-pays-off
hnn.below-grain-released	deposition, receipt, receiver	−½·2^(−L−k_m) ≤ Δ_i < ½·2^(−L−k_m) ⇒ value_i and rem_i unchanged, e_i = Δ_i;  a ≤ b ⇒ 2^(−L−k_b) ≤ 2^(−L−k_a);  carry_entry_zero is the case Δ_i = 0;  Δ_i ≠ 0 below grain ⇒ Heard(release_i) ∧ ¬Listened(entry_i) ∧ Listened(clock)	an update below the locus's fine grain is heard (reported exactly) and released whole: that entry is not deposited, while the clock still counts the nonzero deposit; the grain refines with the locus's age	the deposit advancing the clock to m; k_m = 2⌊log₂ m⌋ + 1	L:HNN/LatticeDeposit:carry_entry_below_grain; L:HNN/LatticeDeposit:listening_grain_refines; N:2026-09-25_THE_MUSIC_IS_IN_THE_HOLES_HEARING_MULTIPLIES_BY_ZETA_AND_A_QUASICRYSTAL_IS_A_HELIX_THAT_NEVER_LOCKS.md; L:HNN/LatticeDeposit:below_grain_heard_counted_not_deposited	formal-checked	instance-of:receiver.heard-reached-future-kernels, uses:hnn.lattice-deposit, uses:hnn.release-since-founding
hnn.newton-schulz-chart	ratio, constitution, navigator	X′ = X(2 − AX) = (2 − XA)X;  1 − AX′ = (1 − AX)²,  1 − X′A = (1 − XA)²;  k steps: (1 − AX)^(2^k);  1 − A(X′ + Δ) = (1 − AX)² − AΔ;  ‖1 − A·round_L(X′)‖∞ ≤ ‖1 − AX‖∞² + ‖A‖∞·n·2^(−L−1);  ‖1 − (A + D)X‖ ≤ ‖1 − AX‖ + ‖D‖‖X‖;  ‖A⁻¹ − X‖ ≤ ‖X‖δ/(1 − δ)	an inverse is carried as a lattice chart with a certified residual: one Newton–Schulz step squares the residual, rounding adds a bounded term, a deposit's warm start adds ‖D‖‖X‖, and the chart is within ‖X‖δ/(1 − δ) of the exact inverse	any ring for the identities; ℓ∞ row norm over ℚ for the bounds; δ < 1 (the lattice word)	L:HNN/LatticeWord:newton_schulz_right; L:HNN/LatticeWord:newton_schulz_left; L:HNN/LatticeWord:newton_schulz_iter_rowNorm; L:HNN/LatticeWord:rounded_refinement_residual; L:HNN/LatticeWord:rounded_refinement_certificate; L:HNN/LatticeWord:roundedIter_certificate; L:HNN/LatticeWord:warm_start_certificate; L:HNN/LatticeWord:inverse_chart_deviation; R:holonics::hnn::constitution::SolvedChart; R:holonics::hnn::constitution::ChartRule; R:holonics::hnn::chart::ChartWords; R:holonics::hnn::chart::Charts	formal-checked	uses:hnn.lattice-deposit
hnn.feedback-word	navigator, holon, receipt	x_t + r_(t+1) = y_t + r_t (nearest point of 2^(−L)ℤ, |r| ≤ 2^(−L−1));  Σ_(t<T) x_t + r_T = Σ_(t<T) y_t + r_0;  |Σ x − Σ y| ≤ 2^(−L−1);  carried word: y_t = T(s_t)	a word's transient is carried on its lattice with error feedback: every tick is on the lattice, the remainder stays within half a unit however long the word, and the word releases it at its end	componentwise; any tick map T	L:HNN/LatticeWord:feedback_tick; L:HNN/LatticeWord:feedback_accounting; L:HNN/LatticeWord:feedback_sum_within_half_unit; L:HNN/LatticeWord:feedback_tick_deviation; L:HNN/LatticeWord:carried_word_accounting; R:holonics::hnn::chart::WordLattice	formal-checked	uses:hnn.lattice-deposit
hnn.executed-adjoint	coholon, navigator, deposition	⟨λ, M̂x⟩ = ⟨M̂ᵀλ, x⟩;  (∀x ⟨λ, M̂x⟩ = ⟨μ, x⟩) ⇔ μ = M̂ᵀλ;  ‖Mᵀλ − M̂ᵀλ‖₁ ≤ ‖M − M̂‖∞‖λ‖₁	the learning covector pulls back through the chart actually executed; its deviation from the exact adjoint is bounded by the chart's residual	finite index types	L:HNN/LatticeWord:executed_adjoint_pairing; L:HNN/LatticeWord:executed_adjoint_unique; L:HNN/LatticeWord:exact_adjoint_pairing_defect; L:HNN/LatticeWord:executed_adjoint_deviation; L:HNN/LatticeWord:inverse_chart_adjoint_deviation	formal-checked	uses:hnn.newton-schulz-chart
hnn.cayley-chart-energy	parametron, holon, constitution	CᵀC = 1 ⇒ |(C+E)x|² − |x|² = 2⟨Cx, Ex⟩ + |Ex|²;  Kᵀ = −K ⇒ det(1 − K) ≠ 0 and (2(1 − K)⁻¹ − 1)ᵀ(2(1 − K)⁻¹ − 1) = 1;  ‖1 − (1 − K)X̂‖_F ≤ δ ⇒ ||(2X̂ − 1)x|² − |x|²| ≤ (4δ + 4δ²)|x|²	the ring's power-neutral Cayley element executed as a certified chart keeps its energy up to (4δ + 4δ²)|x|², released and reported	over ℚ; skew K (the lossless element; the passive part and contrast port are owed)	L:HNN/LatticeWord:chart_energy_identity; L:HNN/LatticeWord:chart_energy_deviation; L:HNN/LatticeWord:cayley_chart_orthogonal; L:HNN/LatticeWord:cayley_denominator_det_rat; L:HNN/LatticeWord:cayley_chart_error_le_residual; L:HNN/LatticeWord:cayley_chart_energy; L:HNN/LatticeWord:cayley_chart_energy_rowNorm	formal-checked	uses:hnn.newton-schulz-chart
hnn.prox-chart	deposition, constitution	WH = B ⇒ (W + wγ g fᵀ X̂)H′ − B′ = −wγ g fᵀ(1 − X̂H′)	the prox step at a certified inverse chart keeps the normal law up to the left residual, released at the deposit	over ℚ	L:HNN/LatticeWord:prox_chart_residual; L:HNN/LatticeWord:prox_chart_certificate; R:holonics::hnn::constitution::NormalLaw; R:holonics::hnn::constitution::ChartReading	formal-checked	uses:hnn.newton-schulz-chart
hnn.deposition-chart-balance	deposition, constitution, ratio	H′ = H + F + c_H,  W′ = W + γGX̂ + c_W,  F = Σ_t w f_t f_tᵀ,  G = Σ_t w g_t f_tᵀ:  W′H′ − (WH + Σ_t w(W f_t + γ g_t)f_tᵀ) = −γG(1 − X̂H′) + W c_H + c_W H′;  Σ_t −(wγ) g_t f_tᵀ(1 − X̂H′) = −γG(1 − X̂H′);  ‖·‖∞ ≤ ‖γG‖∞‖1 − X̂H′‖∞ + ‖W‖∞‖c_H‖∞ + ‖c_W‖∞‖H′‖∞;  value′ = value + Δ + c,  c = r − r′ − e,  |c| < 2^(−L) + 2^(−L−k_m)/2	the covectors that reach a locus inside its causal diamond move its map's product with the Gram by the exact deposition's move up to three terms: the chart's residual at the published Gram (summed over the arrivals), the Gram's carry through the map, and the map's carry through the Gram	any field for the identity; ℓ∞ row norm over ℚ for the certificate; the carriers deposit by the budgeted carry at the locus clock m (October 2)	L:HNN/LatticeWord:deposition_residual_sum; L:HNN/LatticeWord:deposition_chart_balance; L:HNN/LatticeWord:deposition_chart_certificate; L:HNN/LatticeWord:carry_value_eq; L:HNN/LatticeWord:carryDefect_bounded; L:HNN/LatticeWord:carried_deposition_balance; R:holonics::hnn::constitution::NormalLaw::deposited	formal-checked	uses:hnn.prox-chart, uses:hnn.lattice-deposit
hnn.warm-start-window	constitution, deposition, ratio	X₀ = X̂ − X̂F S⁻¹FᵀX̂,  S = Ω⁻¹ + FᵀX̂F:  1 − X₀(H + FΩFᵀ) = (1 − X̂F S⁻¹Fᵀ)(1 − X̂H);  X̂H = 1 ⇒ X₀(H + FΩFᵀ) = 1;  ‖1 − X₀(H + FΩFᵀ)‖∞ ≤ ‖1 − X̂F S⁻¹Fᵀ‖∞ ‖1 − X̂H‖∞	the rank-one steps of the returns that reached the locus warm-start the chart of the moved Gram after a deposition: an exact chart stays exact and a certified one keeps its residual up to the factor those returns read, where the previous chart alone adds the deposit's size	any ring for the identity, with Ω⁻¹ and S⁻¹ as left inverses (Ωi Ω = 1, Si S = 1); ℓ∞ row norm over ℚ for the certificate	L:HNN/LatticeWord:warm_start_window; L:HNN/LatticeWord:warm_start_window_exact; L:HNN/LatticeWord:warm_start_window_certificate; R:holonics::hnn::constitution::SolvedChart	formal-checked	uses:hnn.newton-schulz-chart, uses:hnn.prox-chart
hnn.chart-release-read	deposition, constitution, receiver	c|v|² ≤ vᵀHv ∀v, c > 0, Hy = x ⇒ c²|y|² ≤ |x|²;  |(ρy)_i| ≤ ‖ρ‖∞‖x‖₁/c;  at the carried Gram c = 1 − 1/(2L_R):  |(ρH′⁻¹x)_i| ≤ ‖ρ‖∞‖x‖₁/(1 − 1/(2L_R))	the prox residual a chart releases moves a read at an operand by at most its row norm times the operand's ℓ1 over the Gram's margin, the bound each deposit reports	over ℚ; the margin as a quadratic-form bound (no symmetry or inverse assumed); the lattice rule 2 L_R n ≤ 2^L for the carried form	L:HNN/LatticeWord:dot_self_le_l1_sq; L:HNN/LatticeWord:solve_energy_le; L:HNN/LatticeWord:chart_release_read; L:HNN/LatticeWord:carried_chart_release_read; R:holonics::hnn::constitution::ChartRule::read	formal-checked	uses:hnn.prox-chart, uses:hnn.carried-gram-posdef
hnn.l1-carrier	ratio, receiver	Σ_(j∈s) |p_j| < 2^127, T ⊆ s ⇒ |Σ_(j∈T) p_j| < 2^127 and valMinAbs(Σ_(j∈T) p_j mod 2^128) = Σ_(j∈T) p_j;  certify(a, b) = min(a + b, M) (the card's branch form), commutative and associative;  every reduction tree t over the terms: bound(t) = min(Σ_j |p_j|, M) and word(t) = Σ_j p_j mod 2^128;  bound = 2^127 ⇔ 2^127 ≤ Σ_j |p_j|;  bound < 2^127 ⇒ valMinAbs(word) = Σ_j p_j;  foldl certify (min(b, M)) m = min(b + Σ m, M)	under the ℓ1 certificate every partial sum, in any order, is a word of the 128-bit carrier, so the ring's signed read is the integer sum; the certificate's saturated addition is order-free, so every tree over the same terms (the card's block tree, the host's left-to-right pass) carries the same bound and word, and a read is refused exactly when the terms' ℓ1 norm reaches 2^127, whatever its value	integer terms (the products of two 64-bit coordinates); the ring ℤ/2^128 read at its signed representative; a saturated term (a product past the carrier) enters at M	L:HNN/LatticeWord:carrier_partial_sum; L:HNN/LatticeWord:carrier_ring_read; L:HNN/LatticeWord:certify_eq_branch; L:HNN/LatticeWord:certify_comm; L:HNN/LatticeWord:certify_assoc; L:HNN/LatticeWord:Reduction.bound_eq; L:HNN/LatticeWord:Reduction.word_eq; L:HNN/LatticeWord:Reduction.order_free; L:HNN/LatticeWord:Reduction.refused_iff; L:HNN/LatticeWord:Reduction.read_of_bound_lt; L:HNN/LatticeWord:foldl_certify; R:holonics::hnn::chart::ChartWords; R:holonics_cuda::hnn::lattice; T:crates/holonics/src/hnn/tests/chart.rs:the_carriers_refusal_depends_on_the_terms_not_their_order	formal-checked	uses:hnn.newton-schulz-chart
hnn.solved-chart-refinement	constitution, deposition, ratio	1 − (X + (R + E)X + Δ)H = R² − E(XH) − ΔH,  R = 1 − XH;  ‖1 − (X + round_L(round_L(R)X))H‖∞ ≤ ‖R‖∞² + n2^(−L−1)(1 + ‖R‖∞) + n2^(−L−1)‖H‖∞;  Xᵀ = X, Hᵀ = H, X'' = mirror(X + round_L(round_L(R)X)) ⇒ ‖1 − X''H‖∞ ≤ ‖R‖∞² + n2^(−L−1)(1 + 2‖X‖∞)‖H‖∞;  ‖X‖∞ ≤ ρ, 2n2^(−L−1)(1 + 2ρ)‖H‖∞ ≤ c ≤ 1/2, ‖R‖∞ ≤ c ⇒ ‖1 − X''H‖∞ ≤ c;  c₀|v|² ≤ vᵀHv ∀v (c₀ > 0), n(1 + ‖R‖∞)² ≤ c₀²ρ² ⇒ ‖X‖∞ ≤ ρ;  c₀ ≥ 1/2, n ≤ 2^a, ‖H‖∞ ≤ 2^b, 36n ≤ (2^k − 1)², ‖R‖∞ ≤ 2^(−D), D ≥ 1 ⇒ ‖1 − X″H‖∞ ≤ 2^(−D) at L = D + a + b + k	the refinement with both the residual and the chart rounded keeps a certified residual: formed whole, XH ≈ 1 absorbs the residual's rounding; the solved chart forms the upper triangle and mirrors it, which carries the rounding's transpose through X and costs 2‖X‖∞‖H‖∞ in the rounding term: the Gram's margin bounds ‖X‖∞ by its residual (‖X‖∞ ≤ 3√n), so a lattice of the target plus ⌈log₂ n⌉ + ⌈log₂ ‖H‖∞⌉ + k_n, k_n the least k with 36n ≤ (2^k − 1)², keeps the certificate; the executed chart rule does not count k_n, since counting it raised campaign 1's held-out code length by (3/16, 13/64) bits on 1,190 targets while lowering the training one by (27/128, 7/32)	any ring for the identity; ℓ∞ row norm over ℚ, round_L the nearest point of 2^(−L)ℤ ties upward; X and H symmetric for the mirrored step	L:HNN/LatticeWord:rounded_residual_refinement_left; L:HNN/LatticeWord:rounded_residual_refinement_certificate_left; L:HNN/LatticeWord:solved_refinement_certificate; L:HNN/LatticeWord:solved_refinement_stays; L:HNN/LatticeWord:l1_sq_le_card_mul; L:HNN/LatticeWord:chart_rowNorm_le_of_margin; L:HNN/LatticeWord:solved_chart_lattice_stays; R:holonics::hnn::constitution::SolvedChart; R:holonics::hnn::constitution::ChartRule; N:2026-10-02_THE_MIRRORED_CHART_IS_BOUNDED_BY_ITS_RESIDUAL_AND_COUNTING_ITS_NORM_RAISES_THE_HELD_OUT_CODE.md	formal-checked	uses:hnn.newton-schulz-chart, uses:hnn.lattice-deposit
hnn.target-code-face	receiver, ratio, receipt	finite f ⇒ every class has positive mass (no finite logit is one-hot);  χ_R(T) = m·e_t codes the target within the grain ⇔ (2^m + |A| − 1)^(L_R) ≤ 2^(m L_R + 1);  least m exists, monotone in |A| and L_R;  m = 13 at |A| = 2^8, L_R = 2^4	the target Holon's face at the receiver's grain: the least finite margin that codes the target within one grain per cell	The first repair	L:HNN/TargetFace:finite_chart_obstruction; L:HNN/TargetFace:margin_rule_codeLength; L:HNN/TargetFace:margin_exists; L:HNN/TargetFace:marginLeast_mono; L:HNN/TargetFace:margin_campaign_one	formal-checked	uses:hnn.lattice-prox
hnn.exogenous-normal-law	deposition, constitution, ratio	WH = B, H′ = H + F, B′ = B + T ⇒ B′H′⁻¹ = W + (T − WF)H′⁻¹;  executed W′ = W + (T − WF)X̂: W′H′ − B′ = −(T − WF)(1 − X̂H′);  B_0 = W_0H_0 ⇒ W_n = W_0H_0H_n⁻¹ + T_nH_n⁻¹;  T_n = W_*F_n ⇒ W_n − W_* = (W_0 − W_*)H_0H_n⁻¹;  eigen: prior weight 1/(1+λ);  (H, B) future-sufficient, W alone not	the receiving law regresses the log Holon ratio onto the target's code face: its prior decays as the Gram grows, and its statistic is (H, B); the proxy target is the case where the map supplies its own target	any field; ordered field for the eigen form; the first repair	L:HNN/TargetFace:exogenous_normal_step; L:HNN/TargetFace:exogenous_chart_residual; L:HNN/TargetFace:exogenous_chart_certificate; L:HNN/TargetFace:prior_weight_identity; L:HNN/TargetFace:prior_decay_fixed_target; L:HNN/TargetFace:prior_weight_eigen; L:HNN/TargetFace:normal_statistic_future_sufficient; L:HNN/TargetFace:proxy_target_innovation	formal-checked	generalizes:hnn.lattice-prox, uses:hnn.prox-chart
hnn.standing-read	parametron, receiver, deposition	P h = h ⇒ R Pᵗ(v + h) = R Pᵗ v + R h;  at v = 0 the read is R h;  ⟨g, R h⟩ = ⟨Rᵀg, h⟩ = ⟨Π Rᵀg, h⟩ for a symmetric idempotent Π commuting with P onto its fixed space	the face reads the receiving parametron's bound harmonic coordinate, a retained value that survives the word's zero-change open and the ring's rotation; its return is the harmonic projection of Rᵀg	commutative ring; the first repair	L:HNN/StandingRead:harmonic_read_rotation_invariant; L:HNN/StandingRead:standing_read_at_zero_change; L:HNN/StandingRead:standing_read_pullback; L:HNN/StandingRead:harmonic_deposit_stays_standing; L:HNN/StandingRead:rotating_coordinate_is_not_standing; R:holonics::hnn::receiving::ReceivingPhases::read	formal-checked	uses:hnn.target-code-face
hnn.indexed-open	navigator, receiver, compression	Σ M/n = 1 (n = Σ M > 0);  M/n = ⌊M/n⌋ + (M mod n)/n;  pair read at address a = contraction with C[·,·,a]/N_a;  pairing ⟨g, read⟩ = Σ adjoint·port, zero off a;  scaling all counts by k > 0 leaves every normalized read unchanged;  zero population contributes 0	the source opens on its phase counts normalized by their population and on the pair-port slice addressed by the retained window, with no tape and no invented value at an empty address; the indexed pair read is retired from the open (U6: a depth-limited window on the source's read), which reads the whole offset moment (hnn.window-free-open); its laws stay	over ℚ; address window[δ − 1]; the first repair	L:HNN/IndexedOpen:normalized_phase_counts_mass; L:HNN/IndexedOpen:normalized_div_rem; L:HNN/IndexedOpen:indexed_pair_read_eq_column_contraction; L:HNN/IndexedOpen:indexed_pair_adjoint_pairing; L:HNN/IndexedOpen:normalized_open_population_invariant; L:HNN/IndexedOpen:indexed_read_zero_population; R:holonics::hnn::moment::SourceMoment; R:holonics::hnn::moment::PopulationChart	formal-checked	uses:hnn.selective-position
hnn.region-class-masses	parametron, deposition, receiver, ratio	C′ = C + w e_t: Σ C′ = N + w, C′ > 0, p′ − p = w/(N+w)(q − p) = w/(N+w)(g + p̃ − p);  p = A/(A+S)·α/A + S/(A+S)·q̄;  α = 1/2: p_c = (n_c + 1/2)/(n + |A|/2) (KT);  a, a, b from (1/2, 1/2): C = (5/2, 3/2), p = (5/8, 3/8);  equal masses ⇒ equal faces and successors (a StandingLaw);  one-hot regions: H = diag(N_r), W H = B solved by the count face	the receiving parametron stores class masses per region: deposition adds the reached target's mass, the prior decays exactly, the face is the online KT estimate, and the masses are the future-sufficient quotient	over ℚ; finite classes and regions; positive prior (the region table)	L:HNN/RegionCounts:count_step_mass; L:HNN/RegionCounts:count_step_covector; L:HNN/RegionCounts:count_prior_decay; L:HNN/RegionCounts:context_free_fixed_face; L:HNN/RegionCounts:count_face_eq_kt; L:HNN/RegionCounts:kt_fixture; L:HNN/RegionCounts:count_future_sufficient; L:HNN/RegionCounts:countStanding; L:HNN/RegionCounts:regionRun_perm; L:HNN/RegionCounts:count_face_solves_normal_law; L:HNN/RegionCounts:count_lattice_accounting	formal-checked	uses:hnn.lattice-deposit, uses:info.standing-quotient
hnn.grain-log-read	receiver, ratio	x = a/b > 0, L ≥ 1: ∃! k, 2^k ≤ x^L < 2^(k+1), decided by natural-number comparisons;  k/L ≤ log₂ x < (k+1)/L;  (carry, phase) = (k div L, k mod L);  |ℓ_grain − (−log₂ p_t)| < 1/L;  5/8 → k = −11 → (−1, 5); 3/8 → k = −23 → (−2, 9) at L = 16	the count face is read at the receiver's grain by exact integer power comparison: carry and phase class, within one grain of the true code length	rational x > 0	L:HNN/RegionCounts:grain_log_iff_pow_bounds; L:HNN/RegionCounts:grain_face_residual; L:HNN/RegionCounts:grain_code_residual; L:HNN/RegionCounts:grain_fixture; R:holonics::receiver::face::grain_exponent; R:holonics::hnn::receiving::grain_logits	formal-checked	uses:hnn.region-class-masses
hnn.combined-face-pullback	receiver, coholon, deposition	logits = grain(log₂ q(·|a)) + R Pᵗ v;  along R + x δR the logits move by x δR u (u = Pᵗ v), at every count state;  ⟨g, δR u⟩ = Σ (g uᵀ)_(cj) δR_(cj);  anchor return (Pᵗ)ᵀ Rᵀ g;  d/dx ℓ = ⟨(p̂ − q) uᵀ, δR⟩	the combined face's covector flows through the wave's map only; the count part is a stored face, not pulled back	realified logits (the region table)	L:HNN/RegionCounts:combined_face_pullback; L:HNN/RegionCounts:hasDerivAt_codeLength_line; L:HNN/RegionCounts:combined_code_pullback; R:holonics::hnn::receiving::ReceivingRead; R:holonics::hnn::receiving::ReceivingPhases	formal-checked	uses:hnn.region-class-masses
hnn.receiver-suffix-address	receiver, landmark, navigator, tower	register ← [x, register_0, …, register_(D−2)] at each ingested cell x (Boundary before the first);  a_j = [x_(p+j−1), …, x_p] ++ register, truncated to D;  a_j = address(x, p + j, D);  no known target (release): a_j = register	the receiving parametron's active suffix address: the last D cells received, which each phase of an epoch extends by the epoch's earlier targets to its own causal address; the word never reads it, so the moment's declared offsets and n* are unchanged, and the collapse keeps it with the tree	aperture A, depth D ≥ 0, epoch opening at p	R:holonics::hnn::receiving::ActiveAddress; R:holonics::hnn::receiving::ReceivingPhases; L:Compression/Landmark/Context/Tree:release_rule; L:Compression/Landmark/Context/Address:bundle_causal; R:holonics::hnn::receiving::LetterReader; R:holonics::hnn::receiving::clock_letters	definition	uses:hnn.landmark-path-step, uses:hnn.combined-face-pullback
hnn.receiver-mixture	receiver, landmark, ratio, deposition	q_t = λ_t q_T + (1 − λ_t) q_C,  λ_t = β_t/(1 + β_t),  β_0 = 1;  β_(t+1) = β_t q_T(x_t)/q_C(x_t) after each cell in cell order (phase j of an epoch reads β after phases < j, the tree after their deposits);  ∏_t q_t = ½ W_T + ½ W_C;  min(L_T, L_C) ≤ L_model ≤ min(L_T, L_C) + 1 bit;  read as the two-family population at ½/½: w_T = L_T/(L_T + L_C), q_C through its exact enclosure (no chart);  the retired carried-ratio execution (β at W, rebases, q̃_C = lo): L_model ≤ min(L_T, L_C) + 1 + Σ|log₂ ρ_t|	the receiver's scored face weighs the landmark tree's face against the combined face (tree grain logits plus the wave) by their prequential likelihoods, as a tree node weighs its own face against its split, since U1 as the receiver's population at the port (the carried ratio β retired, history at 19f1eb61); the wave still learns from the combined face's covector	positive normalized faces; the combined face enclosed in ℚ(θ)	R:holonics::hnn::receiving::receiving_population; R:holonics::hnn::receiving::score; R:holonics::hnn::receiving::ReceivingStep; R:holonics::receiver::population::port::PortPopulation; L:Compression/Landmark/Context/LocalWeighing:two_face_prior; L:Compression/Landmark/Context/Tree:path_face_normalized; L:Compression/Landmark/Context/Tree:kraft_and_dominance; L:Compression/Landmark/Context/Tree:sequential_mixture; L:Compression/Landmark/Context/Tree:sequential_mixture_bounds; L:Compression/Landmark/Context/Tree:sequential_mixture_executed	formal-checked	uses:hnn.landmark-path-step, uses:hnn.landmark-tree-mixture, uses:hnn.combined-face-pullback, specializes:receiver.population-port
hnn.receiver-mixture-within-population	receiver, ratio, landmark	β̂_t = A_t/(B_t ∏_(s<t) ρ_s);  seqMix_t ≤ max(k_t, k_t⁻¹) execMix_t and execMix_t ≤ max(k_t, k_t⁻¹) seqMix_t,  k_t = ∏_(s<t) ρ_s;  ½A_n + ½B_n ≤ K_n ∏_(t<n) execMix_t and ∏_(t<n) execMix_t ≤ K_n (½A_n + ½B_n),  K_n = ∏_(t<n) max(ρ_t, ρ_t⁻¹);  in bits |Δ log₂ q_t| ≤ |Σ_(s<t) log₂ ρ_s|, |Δ log₂ ∏ q| ≤ Σ_t |log₂ ρ_t|	the carried-ratio execution of the two-face mixture stays within its chart's factors of the two-family population at ½/½, cell by cell and over the passage: the pinned bound of THE_REBUILD U1's acceptance	positive faces; positive chart factors ρ_t	L:Compression/Landmark/Context/Population:executed_face_within_population; L:Compression/Landmark/Context/Population:executed_mixture_within_population; L:Compression/Landmark/Context/Population:two_face_skew; L:Compression/Landmark/Context/Population:execRatio_eq; L:Compression/Landmark/Context/Population:max_inv_eq_mul; D:plans/THE_REBUILD.md#u1-one-machine-the-receiving-composition-at-the-fields-port	formal-checked	uses:hnn.receiver-mixture, uses:receiver.population-port, uses:hnn.static-two-face-prior
hnn.landmark-kt-sequential	deposition, receiver, ratio	KT(w ++ [c]) = KT(w)·(n_c(w) + 1/2)/(|w| + |A|/2);  Σ_c KT(w ++ [c]) = KT(w);  KT(w) > 0;  w ~ w′ (a permutation) ⇒ KT(w) = KT(w′);  the sequential law with these conditionals is unique	a landmark's masses are the Krichevsky–Trofimov likelihood of the cells routed through it: consistent, exchangeable, its conditional the likelihood ratio	finite alphabet; α = 1/2 (the landmark tree)	L:Compression/Landmark/Context/Tree:kt_likelihood_laws; L:Compression/Landmark/Context/Tree:ktMass_bump; R:holonics::compression::landmark::context::Landmarks	formal-checked	uses:hnn.region-class-masses
hnn.landmark-kt-dirichlet-half	deposition, receiver, ratio	k(c) = (n_c + 1/2)/(Σn + |A|/2) = Dir_α(c | n) = (n_c + α)/(Σn + |A|α) at α = 1/2;  urn_α(w ++ [c]) = urn_α(w)·Dir_α(c | counts w), urn_α([]) = 1;  urn_{1/2}(w) = KT(counts w)	a landmark's KT face is the Dirichlet-½ predictive law, and its sequential likelihood is the Pólya urn that starts with weight one half per class	finite alphabet	L:Compression/Landmark/Context/Tree:kt_eq_dirichlet_half; L:Compression/Landmark/Context/Tree:dirichletPredictive; L:Compression/Landmark/Context/Tree:urnSeq_snoc	formal-checked	uses:hnn.landmark-kt-sequential
hnn.landmark-beta-binomial	deposition, receiver, ratio, landmark	M_(α,β)(Xʲ) = (α)_j/(α + β)_j (linear on ℚ[X]);  M(Xᵏ(1 − X)ᵐ) = (α)_k(β)_m/(α + β)_(k+m);  Σ_(k≤n) C(n,k)(α)_k(β)_(n−k)/(α + β)_n tᵏ = Σ_(j≤n) (−n)_j(α)_j/((α + β)_j j!) (1 − t)ʲ = ₂F₁(−n, α; α + β; 1 − t);  (−n)_j = (−1)ʲ j! C(n,j);  urn_α(w) = (α)_k(α)_(n−k)/(2α)_n on Bool;  mass(k) = C(n,k) urn_α(w)	the Beta law enters as its rational moments (Euler's integral read on polynomials), the count of one class in n draws has the terminating hypergeometric generating polynomial, and the two-class Pólya urn draws exactly that count at β = α (KT at α = 1/2)	α, β ∈ ℚ, α, β > 0; n ∈ ℕ; t ∈ ℚ; w a binary word with k = #true, n = |w|	L:Compression/Landmark/Context/Tree:betaBinomial_pgf; L:Compression/Landmark/Context/Tree:betaMoments_mixed; L:Compression/Landmark/Context/Tree:betaMoments; L:Compression/Landmark/Context/Tree:betaBinomialMass; L:Compression/Landmark/Context/Tree:ascPochhammer_neg_nat; L:Compression/Landmark/Context/Tree:urnSeq_bool; L:Compression/Landmark/Context/Tree:betaBinomial_is_urn_count; N:2026-09-27_PROBABILITY_IS_A_RECEIVER_GEOMETRY_BAYES_IS_THE_RATIOS_TRANSLATION_AND_THE_EGGS_PERIOD_IS_HYPERGEOMETRIC.md	formal-checked	uses:hnn.landmark-kt-dirichlet-half
hnn.landmark-tree-mixture	compression, receiver, deposition	W_s = ½E_s + ½∏_b W_(s b) (W_s = E_s at depth D; the stop prior at w = ½, stopWeight_half);  W_s = Σ_S 2^(−Γ(S)) ∏_(leaves) E;  Σ_S 2^(−Γ(S)) = 1;  −log₂ W ≤ Γ(S) − log₂ ∏E for every pruned tree S;  over a causal-context stream Σ_(|x| = n) W(x) = 1;  each node's mass is KT of its routed subsequence	the landmark tree's weight is the mixture over every pruned address tree with Kraft weights, a probability on words of each length, within Γ(S) bits of the best tree's code (context-tree weighting, Willems–Shtarkov–Tjalkens)	finite letters and classes; bounded depth D; causal context (the landmark tree)	L:Compression/Landmark/Context/Tree:mixture_over_trees; L:Compression/Landmark/Context/Tree:kraft_and_dominance; L:Compression/Landmark/Context/Tree:stopWeight_half; L:Compression/Landmark/Context/Tree:PrunedTree.prior_half; L:Compression/Landmark/Context/Tree:mixture_is_probability; L:Compression/Landmark/Context/Tree:standing_is_routed_counts; R:holonics::compression::landmark::context::Landmarks; R:holonics::hnn::reference::prequential; H:crates/holonics/src/hnn/reference.rs@f5fd8f3b	formal-checked	uses:hnn.landmark-kt-sequential, specializes:hnn.landmark-stop-prior
hnn.landmark-path-step	receiver, deposition, ratio	q_D = k_D,  q_d = λ_d k_d + (1 − λ_d) q_(d+1):  λ_d ∈ [0,1] ⇒ q_d > 0, Σ q_d = 1, q_d ≥ min_path k;  λ = β/(1+β), β = E/∏W (under a stop prior β = w_d E/((1 − w_d)∏W), the same step);  after c: W′_d = W_d q_d(c), E′ = E k(c), P′ = P q_(d+1)(c), β′ = β k(c)/q_(d+1)(c);  off the opened path nothing moves	the face is read along the one path the address opens, the conditional is the successive likelihood ratio, and a deposit is local to that path; any executed λ keeps the face a normalized law	opened path of depth D (the landmark tree)	L:Compression/Landmark/Context/Tree:path_face_normalized; L:Compression/Landmark/Context/Tree:path_face_ge_min; L:Compression/Landmark/Context/Tree:lamAt_eq_beta; L:Compression/Landmark/Context/Tree:weight_step; L:Compression/Landmark/Context/Tree:stop_weight_step; L:Compression/Landmark/Context/Tree:stop_ratio_step; L:Compression/Landmark/Context/Tree:stopWeight_arrive_off; L:Compression/Landmark/Context/Tree:landmark_step; L:Compression/Landmark/Context/Tree:treeWeight_arrive_off; L:Compression/Landmark/Context/Tree:depth_one_is_the_whole_cell_table; R:holonics::compression::landmark::context::Landmarks; R:holonics::compression::landmark::context::LandmarkDeclaration; R:holonics_cuda::hnn::tree::CardTree	formal-checked	uses:hnn.landmark-tree-mixture, uses:hnn.region-class-masses
hnn.landmark-cochain	ratio, deposition, receiver	log q_0 = log q_D + Σ_d log(q_d/q_(d+1)) (segments add);  q_0 = q_D ∏ q_d/q_(d+1) in ℚ;  d log R = R⁻¹ dR;  code change at a fixed arrival = deposition term −Σ p′ log(q′/q);  one-hot arrival: −log(q′(t)/q(t))	the path's edge log ratios are an exact additive cochain (a tree has no two-cells), and a deposit's change of code length is the first law's deposition term, not its exchange term	positive faces on an opened path	L:Compression/Landmark/Context/Tree:path_cochain; L:Compression/Landmark/Context/Tree:path_telescope_exact; L:Compression/Landmark/Context/Tree:tree_telescope; L:Compression/Landmark/Context/Tree:edge_log_derivative; L:Compression/Landmark/Context/Tree:deposition_is_log_ratio; L:Compression/Landmark/Context/Tree:concentrated_deposition; L:Compression/Landmark/Context/Tree:tree_deposit_is_deposition; R:holonics::compression::landmark::context::OpenedPath	formal-checked	uses:hnn.landmark-path-step, uses:aeon.first-law-epoch
hnn.landmark-digit-partition	receiver, compression, navigator	c < 2^w ↦ toBits w c, ofBits ∘ toBits = id;  digit-prefix and context restrictions commute;  ∏_(i<w) q_i(bit_i c) sums to 1 over c (forced digits when |A| < 2^w);  binary KT ≥ 1/(2n+2);  q̂(0) = round_(2^(−M)) q(0) in [2^(−M), 1 − 2^(−M)], q̂(1) = 1 − q̂(0), |q̂ − q| ≤ 2^(−M−1);  the cell's face is the width of its descended interval;  |ln q̂ − ln q| ≤ ε/(μ − ε), ε = 2^(−M−1), μ = 1/(2n+2);  counterexample to ε(2n+2)log₂e: M = 7, n = 42, q = 1/86, q̂ = 1/128	a cell is emitted as its odometer digits; the executed face is a dyadic partition of the unit cell, exactly normalized, within a certified residual of the ideal mixture	binary digits; M ≥ log₂(2n+2) (the landmark tree)	L:Compression/Landmark/Context/Tree:address_scale_square; L:Compression/Landmark/Context/Tree:digit_context_square; L:Compression/Landmark/Context/Tree:digit_emission_descends; L:Compression/Landmark/Context/Tree:digit_emission_normalized; L:Compression/Landmark/Context/Tree:forced_digits_normalized; L:Compression/Landmark/Context/Tree:kt_binary_ge; L:Compression/Landmark/Context/Tree:digit_face_ge; L:Compression/Landmark/Context/Tree:executed_split_laws; L:Compression/Landmark/Context/Tree:face_cell_width; L:Compression/Landmark/Context/Tree:cell_faces_partition; L:Compression/Landmark/Context/Tree:digit_log_residual; L:Compression/Landmark/Context/Tree:digit_log_residual_kt; L:Compression/Landmark/Context/Tree:host_digit_bound_fails_downward; R:holonics::compression::landmark::context::Letter; R:holonics::compression::landmark::context::address; R:holonics::compression::landmark::context::face_bits; R:holonics::compression::landmark::context::CellReading	formal-checked	uses:hnn.landmark-path-step, uses:hnn.grain-log-read
hnn.landmark-lattice-path	receiver, compression, deposition, landmark	q̂_D = ⟦k_D⟧, q̂_d = ⟦λ̂_d k_d + (1 − λ̂_d) q̂_(d+1)⟧, λ̂_d = ⟦β_d/(1 + β_d)⟧₀¹ on 2^(−M)ℤ, ⟦·⟧ nearest (ties up) in [2^(−M), 1 − 2^(−M)], ⟦·⟧₀¹ the same rounding unclamped in [0, 1];  any λ̂ ⇒ every q̂ a lattice point, (q̂_0, 1 − q̂_0) positive and normalized, the cells' faces partition the unit cell;  k ≥ μ ⇒ q̂ ≥ ⌊2^M μ⌋/2^M;  |q̂_d − q_d| ≤ (m + 1) 2^(−M−1) + Σ|λ̂ − λ|;  (β̂ k + q̂)/(1 + β̂) within ρ_β ρ_q of (β k + q)/(1 + β);  a cell: |log₂ q̂ − log₂ q| ≤ (3/2) B [(n* D² + 2D + 1) 2^(−M−1)/μ̂ + n* D² 2^(1−W)];  2^M ≥ 3 B L_R (2n* + 2)(n* D² + 2D + 1): M = 39 at n* = 6148, L_R = 16, B = 8, D = 4;  split operands: λ̂u = q_a v + r_a, (2^M − λ̂)x = q_b 2^M + r_b, ⟦λ̂ u/v + (1 − λ̂)x⟧ = q_a + q_b + ⌊(2r_a 2^M + 2r_b v + v 2^M)/(2v 2^M)⌋ (the single division's integer, for all naturals) in max(2M, M + κ + 3) bits, the single numerator in 2M + κ + 3;  λ̂ decided before its division once one side of 1 + β passes the other by 2^(M+1), and in every case 2^M λ̂ = ⌊2^M β/(1 + β) + ½⌋ exactly (for all naturals), in M + W + 3 bits: D = 4 declares to 19,372,659 cells (M = 62), on host and card alike (the card's tree_mix and tree_stop_weight); the single divisions alone admit to 605,394	the receiving tree executes on a declared dyadic lattice with fixed-width integers; its face stays exactly normalized, within a per-cell residual carried at the nodes (not recomputed) of the ideal tree weighting, below half a grain a cell	binary digits; KT faces ≥ 1/(2n* + 2); the passage-level composition owed in #62 (the landmark tree's lattice law)	L:Compression/Landmark/Context/Tree:lattice_path_laws; L:Compression/Landmark/Context/Tree:lattice_path_floor; L:Compression/Landmark/Context/Tree:lattice_path_deviation; L:Compression/Landmark/Context/Tree:mix_ratio_bound; L:Compression/Landmark/Context/SplitOperands:split_round; L:Compression/Landmark/Context/SplitOperands:latticeSplit_eq_single; L:Compression/Landmark/Context/SplitOperands:latticeMix_eq_single; L:Compression/Landmark/Context/SplitOperands:split_operands_lt; L:Compression/Landmark/Context/SplitOperands:split_operands_lt_max; L:Compression/Landmark/Context/SplitOperands:single_numerator_lt; L:Compression/Landmark/Context/SplitOperands:round_above; L:Compression/Landmark/Context/SplitOperands:stopWeightAbove_eq; L:Compression/Landmark/Context/SplitOperands:stopWeightBelow_eq; L:Compression/Landmark/Context/SplitOperands:stop_operands_above_lt; L:Compression/Landmark/Context/SplitOperands:stop_operands_below_lt; R:holonics::compression::landmark::context::Landmarks; R:holonics::compression::landmark::context::face_bits; R:holonics::compression::landmark::context::CellReading; R:holonics::compression::landmark::context::IdealLandmarks; R:holonics::compression::landmark::context::lattice_mix; R:holonics::compression::landmark::context::Beta::stop_weight; R:holonics::compression::landmark::context::Widths; R:holonics_cuda::hnn::tree::CardTree	proved-derived	uses:hnn.landmark-path-step, uses:hnn.landmark-digit-partition, uses:hnn.landmark-beta-chart
hnn.landmark-founding-release	deposition, receiver, compression	unfounded node: E = P = W = β = 1, uniform face (W = 1 under any stop prior);  founding keeps β = 1, and under a declared stop prior founds and keeps β₀ = w_d/(1 − w_d) (2^j − 1 on the ladder);  the tree founded at first arrival = the materialized tree;  release preserves every future face ⇔ causal signatures agree;  a retention is lawful ⇔ it refines the signature;  nodes deeper than D are releasable;  evicting an occupied child moves a later face 3/4 → 7/12	landmarks open at first arrival at no cost to the law; they are released only by the future quotient, never by a budget alone	bounded depth D (the landmark tree)	L:Compression/Landmark/Context/Tree:unfounded_reads_prior; L:Compression/Landmark/Context/Tree:founding_step; L:Compression/Landmark/Context/Tree:stop_unfounded; L:Compression/Landmark/Context/Tree:stop_founding_step; L:Compression/Landmark/Context/Tree:founded_tree_same_law; L:Compression/Landmark/Context/Tree:release_rule; L:Compression/Landmark/Context/Tree:budget_eviction_changes_face; R:holonics::compression::landmark::context::Landmarks	formal-checked	uses:hnn.landmark-tree-mixture, uses:info.standing-quotient, uses:hnn.landmark-stop-prior
hnn.landmark-future-sufficient-merges	receiver, landmark, compression, deposition	receiver: the executed face of every class at every cell of every admitted continuation, each read before its own deposit;  exact: the chains (chain_split rebuilds both parts), the readings beside the state (certificates, cached λ̂ = ⟦β/(1 + β)⟧, rebase counts), a subtree no continuing address reaches (the boundary letter 0; β carried, β′ = β k/q̂′), nodes past D (none);  not exact: equal present faces or counts, equal validation code, budget eviction, once-reached leaf chains;  a coarser receiver: K′ ≤ K + m ⇔ P·W ≤ 2^m·P′·W′	which merges and releases of the receiving tree’s storage are future-sufficient: beyond its chains only readings and unreachable contexts, so exact node merges are essentially empty and every larger saving is a charged coarsening, priced by its code-length pair and never retention	the executed receiving tree (β carried as state) on the continuing passage; the unreachable subtree’s Lean owed (#62)	R:holonics::compression::landmark::context; D:docs/ELEMENTARY_OBJECTS.md#the-retention-contract; L:Compression/Landmark/Context/Merge:equal_present_faces_do_not_merge; L:Compression/Landmark/Context/Merge:coarsening_within_margin_iff; L:Compression/Landmark/Context/Tree:release_rule; L:Compression/Landmark/Context/Compaction:chain_split; N:2026-09-28_U2_F0S_MEMORY_ACCEPTANCE_RUN_PINNED_BEFORE_ITS_SPLIT_IS_READ.md	proved-derived	instance-of:receipt.retention-contract, uses:hnn.landmark-founding-release, uses:hnn.landmark-compacted-storage, uses:receiver.merge-equal-present-faces, uses:receiver.coarsening-margin
hnn.landmark-stop-prior	receiver, landmark, compression, deposition	W_s = w_d E_s + (1 − w_d) ∏_b W_(s b) (d = |s|, W_s = E_s at depth D);  W_s = Σ_S prior_w(S) ∏_(leaves) E,  prior_w(S) = ∏_(stops) w_d ∏_(splits) (1 − w_d), at a constant w: w^(stops S) (1 − w)^(splits S);  Σ_S prior_w(S) = 1;  −log₂ W ≤ −log₂ prior_w(S) − log₂ ∏E;  λ_d = β_d/(1 + β_d), β_d = w_d E_d/((1 − w_d) P_d), after c: W′_d = W_d q_d(c), β′ = β k(c)/q_(d+1)(c);  founding β₀ = w_d/(1 − w_d), kept through the founding arrival;  ladder w = 1 − 2^(−j): 0 < w < 1, β₀ = 2^j − 1;  w = ½: prior = 2^(−Γ(S)), Γ(S) = stops + splits, β₀ = 1	the landmark tree under any declared stop-weight law is a Kraft-complete mixture over pruned trees coding within its prior's code of every pruned tree; the law enters the executed tree only through each node's founding ratio, every later step is the landmark tree's, and the ½ stop prior tree is its corollary	finite letters and classes; bounded depth D; w_d ∈ (0,1) read at the node's depth in its branch (the declared stop prior); a mixing depth's rung within the carrier W	L:Compression/Landmark/Context/Tree:stopWeight; L:Compression/Landmark/Context/Tree:stop_mixture_over_trees; L:Compression/Landmark/Context/Tree:PrunedTree.prior_const; L:Compression/Landmark/Context/Tree:PrunedTree.prior_sum; L:Compression/Landmark/Context/Tree:PrunedTree.cost_eq; L:Compression/Landmark/Context/Tree:PrunedTree.prior_half_bits; L:Compression/Landmark/Context/Tree:stop_kraft_and_dominance; L:Compression/Landmark/Context/Tree:stop_weight_step; L:Compression/Landmark/Context/Tree:stop_ratio_step; L:Compression/Landmark/Context/Tree:stopLam_eq_ratio; L:Compression/Landmark/Context/Tree:stop_founding_step; L:Compression/Landmark/Context/Tree:ladder_founding; L:Compression/Landmark/Context/Tree:stopWeight_half; L:Compression/Landmark/Context/Tree:stopFace_half; R:holonics::compression::landmark::context::StopPrior; R:holonics::compression::landmark::context::LandmarkDeclaration; R:holonics::compression::landmark::context::Landmarks; R:holonics::compression::landmark::context::IdealLandmarks; R:holonics::compression::landmark::context::ArenaView::founding; R:holonics::hnn::field::Field::describe	formal-checked	generalizes:hnn.landmark-tree-mixture, generalizes:hnn.landmark-founding-release, uses:hnn.landmark-path-step, uses:hnn.landmark-beta-chart
hnn.landmark-prior-choice	receiver, landmark, compression	J = ⌈log₂(n* B)⌉ (a fixed pruned tree's best rung at depth d is log₂((stops_d + splits_d)/splits_d), and a depth holds at most n* B founded nodes; J < W = ⌈log₂(12 B L_R (2n* + 1) P²)⌉);  family: the global ladder j = 1..J, then (j_0, j_(≥1)), j_0 ≠ j_(≥1): J² laws (256 at n* = 6148 = 2²·29·53, B = 8 = 2³);  each law its own depth sweep, charged ⌈log₂ depths tried⌉;  the choice charged ⌈log₂ J²⌉;  chosen = the least charged law when its enclosure lies strictly below ½'s, ½ otherwise;  the depth sweep within a declared deepest depth: the resident cap bounds 3(n* B D + 2^B − 1) bytes a node + n* bytes a cell, D ≤ 6 at n* = 2^20 = 1048576 (131 bytes a node, 50 a cell, measured on the standing cut; the wide cut); [campaign 1's former byte declaration, |A| = 256 through the residue chart; on its five classes since October 5 (THE_MACHINE guard 9) n* = 190 = 2·5·19, B = 3, M_p = 49, W = 35]	the stop prior is chosen on the development cells alone from a family derived from the passage, every law tried charged, and ½ kept unless a law codes strictly below it	development cells only; disjoint exact enclosures (the declared stop prior)	R:holonics::compression::landmark::context::ladder_top; R:holonics::compression::landmark::context::prior_family; H:crates/holonics/src/hnn/reference.rs@f5fd8f3b; H:crates/holonics/src/hnn/reference.rs@8a1b41cf	definition	uses:hnn.landmark-stop-prior, uses:hnn.landmark-tree-mixture
hnn.landmark-prior-mass	receiver, landmark, compression	k_s(b) = (2^j n_s(b) + 1)/(2^j n_s + 2) (prior mass 2^(−j) on each digit; KT at j = 1);  floor 1/(2^j n* + 2), so M_p = ⌈log₂(3 B L_R (2^j n* + 2)(n* P² + 2P + 1))⌉;  family j = 1..B (at j = B a digit's prior mass is 1/|A|), chosen on the development cells, charged ⌈log₂ B⌉;  2α KT(k, m) ≤ U_α(k, m) (at most j − 1 bits over KT);  (k/n)^k (m/n)^m ≤ 2^j √n U_α(k, m) (regret ≤ ½ log₂ n + j; KT ½ log₂ n + 1);  KT(n, 0) ≤ U_α(n, 0), U_α(n + 1, 0) ≥ 1/(2(1 + αn));  Σ_w 2^(−(3 + code_ĵ(w))) ≤ 1 for any choice ĵ	the node's binary masses at a declared prior mass: a smaller mass trusts a context seen a few times sooner, which the passage's recurring contexts reward; the rule, certificates and normalization keep their form at the wider lattice	a register's ceiling only at KT's half-unit masses; campaign 1 declares j = 3 (development 17959 + 1/16 against KT's 18539 + 6/16 bits); held-out model − PPM-2 from −208 + 0/16 to −453 + 13/16 bits (October 2); the bounds for j ≥ 1, n = k + m ≥ 1; the worst case is the balanced count, the gain the one-sided; the host deposit adds 2^j (Landmarks::deposit through Law's unit; the ideal tree's Arena::count), the card's kernel hnn_tree_deposit adds TreeLaw.unit = 2^j	L:Compression/Landmark/Context/PriorMass:priorMass_face; L:Compression/Landmark/Context/PriorMass:massLaw; L:Compression/Landmark/Context/PriorMass:massLaw_read; L:Compression/Landmark/Context/PriorMass:priorMass_ge_kt; L:Compression/Landmark/Context/PriorMass:priorMass_code_le_kt; L:Compression/Landmark/Context/PriorMass:kt_regret; L:Compression/Landmark/Context/PriorMass:priorMass_regret; L:Compression/Landmark/Context/PriorMass:priorMass_regret_bits; L:Compression/Landmark/Context/PriorMass:priorMass_one_sided_ge_kt; L:Compression/Landmark/Context/PriorMass:priorMass_one_sided_two_bits; L:Compression/Landmark/Context/PriorMass:priorMass_face_ge; L:Compression/Landmark/Context/PriorMass:priorMass_digit_face_ge; L:Compression/Landmark/Context/PriorMass:two_part_kraft; L:Compression/Landmark/Context/PriorMass:priorMass_two_part; R:holonics::compression::landmark::context::LandmarkDeclaration; R:holonics::compression::landmark::context::face_bits; R:holonics::compression::landmark::context::Landmarks::deposit; R:holonics::compression::landmark::context::Arena::count; R:holonics::hnn::field::ReceiverDeclaration; R:holonics_cuda::hnn::tree::CardTree; N:2026-10-02_THE_CONTACT_LOOP_THE_RETURN_REACHES_EVERY_CONTACT_AND_ITS_CHANGE_IS_RELEASED_BEFORE_THE_LATER_CUT.md	formal-checked	uses:hnn.landmark-path-step, uses:hnn.landmark-prior-choice
hnn.landmark-root-base	receiver, landmark, compression	16π_0 = ⌊16(½ k_root(0) + ¼) + ½⌋, k_root(0) = (2^j n_0 + 1)/(2^j n + 2) read before the deposit;  k_s(b) = (2^(j+4) n_s(b) + 2·16π_b)/(2^(j+4) n_s + 32) at every node of the digit tree, the root included;  past the last stored level the face reads π_0;  π_b ≥ ¼ ⇒ floor 1/(2(2^j n* + 2));  r = ⌊(2(8 m_0 + 4M) + M)/(2M)⌋ ∈ [4, 12] (m_b = 2^j n_b + 1, M = 2^j n + 2; ties up), r = 8 at a root with no arrival;  ∏_t q_0(x_t) = W_root over the based own weights, every face normalized, Σ over the words of each length = 1;  E^π_s ≥ U_(2^(−j))(k_s, m_s) g(k_s) g(m_s), g(K) = ∏_(r<K) (2^j r + ½)/(2^j r + 1);  −log₂ ∏_t q_0(x_t) ≤ −log₂ prior_w(S) + Σ_(leaves s) [−log₂ (k_s/n_s)^(k_s) (m_s/n_s)^(m_s) + ½ log₂ n_s + j + c(k_s) + c(m_s)], c = −log₂ g, c(K + 1) ≤ 1 + 3/2^(j+2)(1 + ln K);  code, floor and cost for any base read per node before the arrival with every mass ≥ ¼, widths for any such base at the grain 1/16 (face denominator 16M);  a root base read after the arrival's own deposit: Σ_c q(c) = 11/8 on an empty passage at j = 3, and the Rust reads every face at the standing before the deposit (Landmarks::receive_digits; test the_roots_base_is_read_before_the_arrivals_deposit);  campaign 1 (n* = 6148 = 2²·29·53, j = 3, P = 63): M_p = 50, W = 37, κ = 20, R = 89, operands ≤ 127 bits, c < 2 a value, < 4 a leaf; [campaign 1's former byte declaration, |A| = 256 through the residue chart; on its five classes since October 5 (THE_MACHINE guard 9) n* = 190 = 2·5·19, B = 3, M_p = 49, W = 35]	the urn's base measure: every node of a digit tree splits its prior masses by its root's unconditional split (mixed with the even split at ½, read at the receiver's grain), so a fresh or sparse context leans on what its digit tree has seen; one shared base keeps a chain under one law	campaign 1: held out model − PPM-2 from −462 + 2/16 to −560 + 15/16 bits (October 2); the replica's shared-g4 mode codes the same to the bit; the field's prediction as the base gains no more than another reading's (§30); the code, floor and cost proved for the ideal tree per digit tree (j ≥ 1, addresses reach D, the unbounded register); the base an exact sixteenth, so the lattice drift is the even base's with the doubled floor; the worst cost a one-sided leaf against a root at ¼ for its value; a parent base (§35) is covered when it reads every ancestor before the cell's deposit, but is not built for campaign 1 and its chain law is not stated	L:Compression/Landmark/Context/BaseMeasure:rootSixteenths_round; L:Compression/Landmark/Context/BaseMeasure:rootSixteenths_mem; L:Compression/Landmark/Context/BaseMeasure:rootSixteenths_empty; L:Compression/Landmark/Context/BaseMeasure:rootBase_quarter; L:Compression/Landmark/Context/BaseMeasure:rootBase_face_sixteenths; L:Compression/Landmark/Context/BaseMeasure:prior_read; L:Compression/Landmark/Context/BaseMeasure:sixteenthsBase_face; L:Compression/Landmark/Context/BaseMeasure:deposit_first_overcounts; L:Compression/Landmark/Context/BaseMeasure:rootBase_face_ge; L:Compression/Landmark/Context/BaseMeasure:rootBase_path_face_ge; L:Compression/Landmark/Context/BaseMeasure:basedPath_face_ge; L:Compression/Landmark/Context/BaseMeasure:campaign_face_bits; L:Compression/Landmark/Context/BaseMeasure:campaign_operands; L:Compression/Landmark/Context/BaseMeasure:campaign_rule_floor; L:Compression/Landmark/Context/BaseMeasure:baseEmitted_eq_weight; L:Compression/Landmark/Context/BaseMeasure:baseEmitted_face_normalized; L:Compression/Landmark/Context/BaseMeasure:baseEmitted_sum; L:Compression/Landmark/Context/BaseMeasure:basedOwn_ge; L:Compression/Landmark/Context/BaseMeasure:baseCost_succ_le; L:Compression/Landmark/Context/BaseMeasure:baseCost_campaign; L:Compression/Landmark/Context/BaseMeasure:base_tree_redundancy; L:Compression/Landmark/Context/BaseMeasure:rootBase_tree_redundancy; R:holonics::compression::landmark::context::BaseMeasure; R:holonics::compression::landmark::context::face_bits_at; R:holonics::hnn::field::ReceiverDeclaration; R:holonics_cuda::hnn::tree::CardTree; N:2026-10-02_THE_CONTACT_LOOP_THE_RETURN_REACHES_EVERY_CONTACT_AND_ITS_CHANGE_IS_RELEASED_BEFORE_THE_LATER_CUT.md	formal-checked	uses:hnn.landmark-prior-mass, uses:hnn.landmark-path-step
hnn.landmark-prior-mass-tree-redundancy	receiver, landmark, compression	∏_t q_0(x_t) = W_root (over the urn own weights U_(2^(−j))(k_s, m_s));  −log₂ ∏_t q_0(x_t) ≤ −log₂ prior_w(S) + Σ_(leaves s) [−log₂ (k_s/n_s)^(k_s) (m_s/n_s)^(m_s) + ½ log₂ n_s + j] for every pruned tree S with prior_w(S) > 0, w_d ∈ [0, 1), the charge 0 at a leaf with n_s = 0;  Σ_v 2^(−(log₂ B + code_(ĵ v)(v))) ≤ 1 for any choice among B declarations (j, w): 3 bits for j = 1..8	the receiving tree's code at prior mass 2^(−j) is within each pruned tree's prior code, its leaves' best fixed digit codes and ½ log₂ n_s + j a reached leaf, and choosing the rung on the coded word itself costs 3 bits	j ≥ 1; binary digit trees whose addresses reach D; the unbounded register (the HNN's Capacity::Unbounded); the exact (ideal) code per digit tree, a cell's code the sum over its digits; the executed lattice adds its drift (#62) and the enlarged tree's join at most one bit a dyadic cell, neither composed here; the leaves' charges summed, not in |S| γ(N/|S|); the 3-bit charge for one binary tree under a causal context, the cell code's completeness over its digit trees not composed	L:Compression/Landmark/Context/PriorMass:emitted_eq_weight; L:Compression/Landmark/Context/PriorMass:own_dominance₀; L:Compression/Landmark/Context/PriorMass:priorMass_tree_redundancy; L:Compression/Landmark/Context/PriorMass:priorMass_tree_redundancy_source; L:Compression/Landmark/Context/PriorMass:emitted_sum; L:Compression/Landmark/Context/PriorMass:tree_two_part; L:Compression/Landmark/Context/PriorMass:priorMass_tree_two_part; R:holonics::compression::landmark::context::IdealLandmarks; R:holonics::compression::landmark::context::StopPrior; R:holonics::hnn::field::ReceiverDeclaration	formal-checked	uses:hnn.landmark-prior-mass, uses:hnn.landmark-own-weights, uses:hnn.landmark-stop-prior
hnn.landmark-depth-lift	receiver, landmark, compression	lift_k S: the pruned tree S of depth ≤ D read at depth ≤ k + D, its depth-D leaves stops;  prior_w(lift_k S) = prior_w(S) · w_D^(deepLeaves S) (k ≥ 1), ∏_(leaves) E and the leaves' routed counts unchanged;  so the redundancy bound at k + D against S is the bound at D plus deepLeaves(S) · (−log₂ w_D);  −log₂(1 − 2^(−j)) = j − log₂(2^j − 1) ≤ 1 (j ≥ 1)	raising the landmark tree's maximum depth raises the redundancy bound against any tree source of the old depth by one stop code a leaf at the old maximum depth and changes nothing else in it; that the depth is therefore a storage limit is agent-inferred, and whether the code falls is measured	j ≥ 1; w_D > 0; addresses reach k + D; a comparison of bounds against a fixed S, not of the codes at D and k + D; the Rust's depth in bundles is k = 1 a bundle in the cell branch and 1 + r in the bundle branch; w_D is StopPrior::weight at the branch's old letter depth, D in the cell branch and D(1 + r) in the bundle branch; at the ½ stop prior (rung 1) exactly one bit a deep leaf; any D and k ≥ 1	L:Compression/Landmark/Context/PriorMass:PrunedTree.prior_lift; L:Compression/Landmark/Context/PriorMass:ownLik_lift; L:Compression/Landmark/Context/PriorMass:leafSum_lift; L:Compression/Landmark/Context/PriorMass:priorMass_depth_lift; L:Compression/Landmark/Context/PriorMass:ladder_stop_bits; L:Compression/Landmark/Context/PriorMass:priorMass_depth_lift_ladder; R:holonics::compression::landmark::context::LandmarkDeclaration; R:holonics::compression::landmark::context::StopPrior; R:holonics::hnn::field::ReceiverDeclaration	formal-checked	uses:hnn.landmark-prior-mass-tree-redundancy, uses:hnn.landmark-stop-prior
hnn.landmark-constant-slots-prior	receiver, landmark, compression	r slots of one letter after each cell, the bundle branch at ½: a chain of r constant nodes routes its cell node's counts, W = (1 − 2^(−r)) E + 2^(−r)(½E + ½P) = (1 − 2^(−(r+1))) E + 2^(−(r+1)) P at every cell depth past the root, ½ at the root, W = E at the bottom  ⇒  the bundle branch = the cell tree under (j_0, j_(≥1)) = (1, r + 1), face by face in ℚ;  the control = that law joined with the ½ tree per dyadic cell h: L ∈ [Σ_h min(L_(½,h), L_(law,h)), Σ_h min(L_(½,h), L_(law,h)) + |H|]	campaign 2's constant-slot controls are the per-depth stop prior (1, r + 1) joined with the ½ tree in each digit tree: their gain is a choice of stop weight per dyadic cell, not a better single law	ideal weighting (β exact) for the identity; the join bound from sequential_mixture_bounds (the declared stop prior)	R:holonics::compression::landmark::context::LetterFamily::constant_control; R:holonics::compression::landmark::context::StopPrior; R:holonics::compression::landmark::context::IdealLandmarks; L:Compression/Landmark/Context/Tree:sequential_mixture_bounds	proved-derived	uses:hnn.landmark-stop-prior, uses:hnn.landmark-cell-dominance, uses:hnn.receiver-mixture
hnn.landmark-beta-chart	deposition, receiver, ratio	β = (odd a/odd b)·2^e exact while a, b < 2^W, stepped on the lattice face: β' = β k(c)/q̂_(d+1)(c);  rebase: m' = ⌊β 2^s⌋ ∈ [2^(W−1), 2^W), ln(β 2^s/m') ∈ [0, 1/m'), |log₂(1 − r)| < 2^(3−W) for r ∈ [0, 2^(1−W));  one step: (β k + x)/(1 + β) = (E' + (1 − r) P')/(E + P) with E' = E k, P' = P x/(1 − r), β' = β k/x · (1 − r);  a node's passage: ∏ faces = (E_n + P_n)/(E_0 + P_0) · ∏ γ_t, γ_t ∈ [1 − r_t, 1];  E + P̂ within ρ of E + P when P̂ is;  2^W ≥ 12 B L_R (n* D² + max((n* + 1) D², 4n* D)), (2n* + 1) D² for D ≥ 4 (the rebases and the splits, the storage where paths part): W = 29 at n* = 6148 = 2²·29·53, L_R = 16, B = 8 = 2³, D = 4;  −log₂(n/d) = log₂ d − log₂ n, each by exact squaring within 2^(−97); [campaign 1's former byte declaration, |A| = 256 through the residue chart; on its five classes since October 5 (THE_MACHINE guard 9) n* = 190 = 2·5·19, B = 3, M_p = 49, W = 35]	the mixture ratio of each landmark is carried exactly until it outgrows its carrier, then rebased with its exponent as the carry and a certified residual; its drift is the subtree's rounding and rebases summed, never compounded, held within a quarter grain a cell	rebases per node ≤ n*; every operand within u128; the passage-level composition in Context/Drift (hnn.landmark-lattice-drift), its compacted instance in Context/StoredDrift (hnn.landmark-stored-drift)	L:Compression/Landmark/Context/Tree:lattice_step_telescope; L:Compression/Landmark/Context/Tree:lattice_node_telescope; L:Compression/Landmark/Context/Tree:weight_log_lipschitz; L:Compression/Landmark/Context/Tree:rebase_log_residual; R:holonics::compression::landmark::context::Beta; R:holonics::compression::landmark::context::carrier_width; R:holonics::compression::landmark::context::Landmarks; R:holonics::compression::landmark::context::code_length; R:holonics::compression::landmark::context::binary_log; R:holonics_cuda::hnn::tree::CardTree	proved-derived	uses:hnn.landmark-path-step, uses:hnn.grain-log-read, uses:hnn.landmark-lattice-path
hnn.landmark-lattice-drift	receiver, landmark, compression, deposition	q_t = (E_(t+1) + P_t x_t)/(E_t + P_t), q̂_t within θ_t in ln of (E_(t+1) + Q_t x̂_t)/(E_t + Q_t), P' = P x, Q' = Q x̂ c at an arrival;  ln Q_N − ln P_N = ln Q_0 − ln P_0 + Σ (ln x̂ − ln x + ln c);  |Σ (ln q̂ − ln q)| ≤ |Σ (ln x̂ − ln x)| + Σ (θ + |ln c|) + 2|ln Q_0 − ln P_0| a node;  |Σ_(t<N) (ln q̂_root − ln q_root)| ≤ Σ_(t<N) Σ_(d ≤ D) (θ_d + |ln c_d|);  one cell: |ln q̂ − ln q| ≤ Σ_(d ≤ D) θ_d + Σ_(d < D) Σ_(earlier arrivals at s_d) (|ln c| + Σ_(d′ > d) (θ + |ln c|));  θ ≤ 2u, θ_D ≤ u, |ln c| ≤ ρ: passage ≤ N((2D + 1)u + Dρ), cell ≤ t₀ D² (u + ρ) + (2D + 1)u	the executed lattice tree departs from the ideal tree by its roundings and carrier factors summed once over the passage, never compounded, because each node's code telescopes to its weight and the weight is 1-Lipschitz in its split mass; one cell's read carries its nodes' earlier arrivals, which gives the per-cell rule	addresses reach D; founding exact (Q_0 = P_0); the full executed tree (the compacted storage its instance, hnn.landmark-stored-drift; the executed join hnn.landmark-join-drift; binary_log hnn.binary-log); u = 2^(−M_p−1)/μ̂, ρ = 2^(1−W) + ρ_c in the Rust's units; the cell bound before (3/2) B; the rule's P is path_depth, D on the cell branch alone and both branches' depths plus 2 with the bundle branch (P ≥ D, the bound growing with D)	L:Compression/Landmark/Context/Drift:log_add_le; L:Compression/Landmark/Context/Drift:log_add_between; L:Compression/Landmark/Context/Drift:face_log_le; L:Compression/Landmark/Context/Drift:split_drift; L:Compression/Landmark/Context/Drift:node_passage_drift; L:Compression/Landmark/Context/Drift:node_face_drift; L:Compression/Landmark/Context/Drift:tree_drift; L:Compression/Landmark/Context/Drift:tree_drift_below; L:Compression/Landmark/Context/Drift:arrivals_partition; L:Compression/Landmark/Context/Drift:ExecutedTree.passage_drift; L:Compression/Landmark/Context/Drift:ExecutedTree.cell_drift; L:Compression/Landmark/Context/Drift:ExecutedTree.passage_drift_uniform; L:Compression/Landmark/Context/Drift:ExecutedTree.cell_drift_uniform; R:holonics::compression::landmark::context::Landmarks::face_rule; R:holonics::compression::landmark::context::face_bits; R:holonics::compression::landmark::context::carrier_width; R:holonics::compression::landmark::context::Landmarks::deposit; R:holonics::compression::landmark::context::CellReading	formal-checked	uses:hnn.landmark-beta-chart, uses:hnn.landmark-lattice-path, uses:hnn.landmark-stop-prior
hnn.landmark-stored-drift	receiver, landmark, compression, deposition	W_s = E_s + κ_s ∏_b W_(s b),  Ŵ_s = E_s + e^(K_s) κ_s ∏_b Ŵ_(s b) (|s| < D),  Ŵ = W at D,  K = 0 at implicit nodes;  tot(0, s) = 0, tot(n + 1, s) = |K_s| + Σ_b tot(n, s b);  |ln Ŵ_s − ln W_s| ≤ tot(D − |s|, s),  |ln Q̂_s − ln P_s| ≤ tot(D − |s|, s);  |Σ_(t<N) (ln q̂_t − ln q_t)| ≤ Σ_(t<N) tot(ΔK_t)(D, root) + Σ_(t<N) |J_t|;  a step ΔK = ln c − J_child;  |J| ≤ θ + |ln c|;  a split ΔK_(s_j) = ln r_u − J_off, ΔK_ℓ = ln ρ_ℓ, |J_off| ≤ |ln ρ_ℓ|, the weights above s_j move by at most |ln r_u|: u + 2ℓ to the upper part's drift, 2(u + ℓ) to the increment;  one cell ≤ Σ θ + Σ |ln Q̂_i − ln P_i| over the stored levels;  the walk bottom first: carried_0 = 0, carried_(k+1) = θ_k + 2r_k + carried_k + 2s_k, a level takes carried_k + r_k + o_k = r_k + o_k + Σ_(i<k) 2(r_i + s_i) + Σ_(i<k) θ_i;  ⌈2^C/m⌉ ≤ 2^(C+1−W) for 2^(W−1) ≤ m;  linear in r, so mantissa and carrier rebases count apart;  one arrival charges a level with bottom b < D at most U(2(D − b) − 1) + 4V;  a cell's levels Σ (2(D − b) − 1) ≤ D²;  per cell ≤ n*(U D² + 4V D): mantissa (U = V = 1 unit of 2^(1−W)) n* D² + 4n* D ≤ n* P² + max((n* + 1) P², 4n* P) (D ≤ P), = (2n* + 1) P² for P ≥ 4;  carrier (V = 0) n* D²	the tree stored where paths part is the full executed tree with each stored chain's discrepancy at its bottom and every implicit node exact, so the drift bounds reach the executed code; a split's two roundings are discrepancies at the two parts' bottoms, the upper one read against the lower part's weight before its rounding	K(0) = 0 (the founding); the instance mapping from the arena (chain bottom, leaf chains exact, the split's closed forms) is hnn.landmark-stored-instance; the units' instance (carried and r, s, o read from Law::apply_branch and Law::part's loop, a lower part's ℓ charged to the arrival that split it, at most n* arrivals a level) is agent-inferred	L:Compression/Landmark/Context/StoredDrift:tot_le_history; L:Compression/Landmark/Context/StoredDrift:tot_path_le; L:Compression/Landmark/Context/StoredDrift:ConsistentTree.split_log; L:Compression/Landmark/Context/StoredDrift:ConsistentTree.drift_le_tot; L:Compression/Landmark/Context/StoredDrift:ConsistentTree.split_mass_drift; L:Compression/Landmark/Context/StoredDrift:stored_passage; L:Compression/Landmark/Context/StoredDrift:carried_step; L:Compression/Landmark/Context/StoredDrift:read_jump; L:Compression/Landmark/Context/StoredDrift:off_jump; L:Compression/Landmark/Context/StoredDrift:split_effect; L:Compression/Landmark/Context/StoredDrift:up_path; L:Compression/Landmark/Context/StoredDrift:split_charge; L:Compression/Landmark/Context/StoredDrift:level_read_drift; L:Compression/Landmark/Context/StoredDrift:walk_units; L:Compression/Landmark/Context/StoredDrift:arrivalUnits_add; L:Compression/Landmark/Context/StoredDrift:unit_le; L:Compression/Landmark/Context/StoredDrift:rebases_below; L:Compression/Landmark/Context/StoredDrift:arrival_units_le; L:Compression/Landmark/Context/StoredDrift:levels_units; L:Compression/Landmark/Context/StoredDrift:cell_units; L:Compression/Landmark/Context/StoredDrift:rule_units; R:holonics::compression::landmark::context::Landmarks; R:holonics::compression::landmark::context::Landmarks::face_rule; R:holonics::compression::landmark::context::CellReading; R:holonics_cuda::hnn::tree::CardTree	formal-checked	uses:hnn.landmark-lattice-drift, uses:hnn.landmark-beta-chart
hnn.landmark-stored-instance	receiver, landmark, compression, tower	C(S, s) = E_s at D;  C(S + j_d, s b) at an implicit node;  (1 − 2^(−S′)) E_s + 2^(−S′) X̂_s at a kept node (S′ = S + j_d);  Ŵ_s = (1 − 2^(−j)) E_s + 2^(−j) e^(K_s) ∏_b Ŵ(s b),  K_s = ln X̂_s − ln ∏_b Ŵ(s b) at a reached kept node above D, 0 elsewhere;  C(S, s) = (1 − 2^(−S)) E_s + 2^(−S) Ŵ_s;  X̂_ℓ kept at β_ℓ = β (2^(S_low) − 1)/(2^S − 1),  (2^(S_up) − 1) E/β_u = (1 − 2^(−S_low)) E + 2^(−S_low) X̂;  the read: β̂ = (2^(S′) − 1) E/X = E_c/Q (E_c = (1 − 2^(−S′)) E, Q = 2^(−S′) X), λ = β̂/(1 + β̂) = E_c/C(S, s), C(S, s) = E_c + Q, X the carried X̂ or at a cut the lower part's C(0, s b);  λ k + (1 − λ) q = (E_c k + Q q)/C(S, s);  S′ = 0 passes q through;  C(S + T, s) = (1 − 2^(−S)) E_s + 2^(−S) C(T, s);  β̂′ = β̂ k/x	the arena's read of each stored chain at its carried split mass is a ConsistentTree's executed weight with each chain's discrepancy at its bottom, so every StoredDrift bound reaches the executed compacted tree; the split's closed forms leave no discrepancy before the two roundings; Law::read walks only the stored levels and at each mixes at the stop weight of the chain's carried β̂, which is the own share of execFrom's chain weight, so StoredDrift.level_read_drift reads the Rust's levels with E = E_c, E' = E_c k, Q = 2^(−S′) X	routing: an unreached node has KT mass 1 and nothing reached below it, a unary node holds its child's counts; X̂ > 0; the read is exact before its roundings (the stop weight's and the face's, Drift's θ); storedRead mirrors Law::read's loop, its correspondence to the Rust's variables (bottoms, rung_sum, parting.upper) agent-inferred	L:Compression/Landmark/Context/StoredInstance:instTree; L:Compression/Landmark/Context/StoredInstance:inst_node; L:Compression/Landmark/Context/StoredInstance:exec_eq; L:Compression/Landmark/Context/StoredInstance:instance_read; L:Compression/Landmark/Context/StoredInstance:instK_implicit; L:Compression/Landmark/Context/StoredInstance:instK_exact; L:Compression/Landmark/Context/StoredInstance:split_closed_form; L:Compression/Landmark/Context/StoredInstance:stop_beta; L:Compression/Landmark/Context/StoredInstance:exec_shift; L:Compression/Landmark/Context/StoredInstance:read_level; L:Compression/Landmark/Context/StoredInstance:read_face; L:Compression/Landmark/Context/StoredInstance:storedRead_levels; L:Compression/Landmark/Context/StoredInstance:storedRead_stored; L:Compression/Landmark/Context/StoredInstance:stop_numerators; L:Compression/Landmark/Context/StoredInstance:beta_step; R:holonics::compression::landmark::context::Landmarks; R:holonics::compression::landmark::context::Beta; R:holonics::compression::landmark::context::Beta::stop_weight	formal-checked	uses:hnn.landmark-stored-drift
hnn.landmark-join-drift	receiver, landmark, compression, deposition, ratio	β = W_c/W_b,  q = (β x_c + x_b)/(1 + β) = (W_c′ + W_b′)/(W_c + W_b);  β̂′ = β̂ (x̂_c/x̂_b) c,  β̂_0 = β_0,  q̂ within θ in ln of (β̂ x̂_c + x̂_b)/(1 + β̂);  |ln(a′ + b′) − ln(a + b)| ≤ |ln a′ − ln a| + |ln b′ − ln b|;  |ln q̂ − ln q| ≤ θ + |ln β̂ − ln β| + |ln x̂_c − ln x_c| + |ln x̂_b − ln x_b|;  ln β̂_N − ln β_N = Σ (ln x̂_c − ln x_c) − Σ (ln x̂_b − ln x_b) + Σ ln c;  |Σ_(t<N) (ln q̂_t − ln q_t)| ≤ |Σ (ln x̂_c − ln x_c)| + |Σ (ln x̂_b − ln x_b)| + Σ (θ + 2|ln c|);  join tree: exc(face) = E, exc(join) = exc_l + exc_r + Σ (θ + 2|ln c|), cert(join) = cert_l + cert_r + θ + exc_l + exc_r + Σ |ln c| ⇒ |Σ_(t<N) (ln q̂ − ln q)| ≤ exc(N), |ln q̂_t − ln q_t| ≤ cert(t);  cell: |ln ∏ q̂ − ln ∏ q| ≤ Σ_digits cert	the join of two executed trees reads the weight Ŵ_c (1 + 1/β̂): a rebase makes its face depart from that weight's step by at most |ln c| and the final weight from W_c + W_b by the two branches' drifts and the rebases once more, so the join's excess charges twice the rebase units and its drift once, exactly as the Rust carries them; a side that is itself a join stands where a branch root stood, so the bounds compose up a join tree exactly as FaceJoins carries its charts	every arrival of the join is a digit at its dyadic cell; founding exact (β̂_0 = β_0 = 1 in an enlarged tree, β₀ at a JoinTree join); each branch root's increments sum to at least its passage drift (hnn.landmark-lattice-drift, hnn.landmark-stored-drift); the rounding bound θ_h = 2^(−M)/min(q̂_h, q̂_c, q̂_b) is the lattice blend's	L:Compression/Landmark/Context/JoinDrift:mix_log_le; L:Compression/Landmark/Context/JoinDrift:join_face_drift; L:Compression/Landmark/Context/JoinDrift:join_read_drift; L:Compression/Landmark/Context/JoinDrift:log_step_sum; L:Compression/Landmark/Context/JoinDrift:join_ratio; L:Compression/Landmark/Context/JoinDrift:join_ratio_drift; L:Compression/Landmark/Context/JoinDrift:join_passage; L:Compression/Landmark/Context/JoinDrift:JoinNode.tree_passage; L:Compression/Landmark/Context/JoinDrift:JoinNode.tree_read; L:Compression/Landmark/Context/JoinDrift:JoinNode.cell_read; R:holonics::compression::landmark::context::FaceJoins; R:holonics::compression::landmark::context::Landmarks::deposit; R:holonics::compression::landmark::context::CellReading; R:holonics::compression::landmark::context::StopMixture	formal-checked	uses:hnn.landmark-lattice-drift, uses:hnn.landmark-stored-drift, uses:hnn.landmark-beta-chart
hnn.passage-code	receiver, ratio, compression	∏_t q_t = N/(D 2^E), q_t = n_t/(d_t 2^(k_t)), E = Σ k_t exact;  N and D each between integer bounds m 2^e, m < 2^127, the lower rounded down and the upper up after each factor (relative ≤ 2^(−126) a factor);  −log₂ ∏ q ∈ [log₂ D_lo + E − log₂ N_hi, log₂ D_hi + E − log₂ N_lo], each log₂ by exact squaring within 2^(−97), rounded out on 2^(−96);  width ≤ f 2^(−125) + 2^(−95) over f factors;  a dyadic face moves N and E only	a population's code length is its faces' product carried between exact integer bounds and enclosed once, not a sum of per-cell enclosures	positive faces; f factors (the wide cut: on the wide cut's 917,504 = 2^17·7 development cells the D = 1 run with the per-cell sum took 29,902 ms, its passage 3,137 ms)	R:holonics::compression::landmark::context::PassageCode; R:holonics::compression::landmark::context::ProductBound; R:holonics::compression::landmark::context::binary_log; R:holonics::hnn::reference::prequential; R:holonics::compression::landmark::context::baseline::Baselines	proved-derived	uses:hnn.landmark-beta-chart, uses:hnn.binary-log
hnn.binary-log	ratio, compression, receiver	y = m/2^w ∈ [1, 2) (w the top bit),  z = y^(2^k)/2^f after k bits f;  1 ≤ z < 2, lo ≤ 2^P z ≤ hi;  ⌊lo²/2^P⌋ ≤ 2^P z² ≤ ⌈hi²/2^P⌉;  bit 1 at 2^(P+1) ≤ ⌊lo²/2^P⌋: z′ = z²/2, lo′ = ⌊⌊lo²/2^P⌋/2⌋, hi′ = ⌈⌈hi²/2^P⌉/2⌉;  bit 0 at ⌈hi²/2^P⌉ < 2^(P+1): z′ = z²;  founding lo = hi = m 2^(P−w) (w ≤ P) or lo = ⌊m/2^(w−P)⌋, hi = lo + 1 (P < w);  w + f/2^k ≤ log₂ m < w + (f + 1)/2^k;  hi ≤ 2^(P+1) throughout, ⌈hi²/2^P⌉ ≤ 2^(P+2);  ⌊L base/2^k⌋ = ⌊(L(base + 1) − 1)/2^k⌋ ⟹ ⌊L log₂ m⌋ is it (base = w 2^k + f);  wide_mul: a b = hi 2^128 + lo, hi, lo < 2^128 (a, b < 2^128);  square: (hi << 3) | (lo >> 125) = ⌊x²/2^125⌋ for x ≤ 2^126 + 1;  grain_floor: L < 2^32, w < 2^31, k ≤ 64 ⟹ w 2^k + f < 2^95, L(w 2^k + f + 1) < 2^127	a binary logarithm is read by exact squaring: each emitted bit is one carry of y^(2^k) past 2, the two fixed-point bounds rounded outward keep the hidden ratio enclosed, so the enclosure is certified at whatever step the loop stops	m > 0; P = 125 (FIXED = 128 − 3); u128 addition and product read as exact where each is shown below 2^128, the left shift as dropping bits past 128	L:Compression/Landmark/Context/BinaryLog:sqHi_le; L:Compression/Landmark/Context/BinaryLog:square_encl; L:Compression/Landmark/Context/BinaryLog:bit_one; L:Compression/Landmark/Context/BinaryLog:bit_zero; L:Compression/Landmark/Context/BinaryLog:step_one; L:Compression/Landmark/Context/BinaryLog:step_zero; L:Compression/Landmark/Context/BinaryLog:found_exact; L:Compression/Landmark/Context/BinaryLog:found_floor; L:Compression/Landmark/Context/BinaryLog:start; L:Compression/Landmark/Context/BinaryLog:log_encl; L:Compression/Landmark/Context/BinaryLog:found_exact_le; L:Compression/Landmark/Context/BinaryLog:found_floor_le; L:Compression/Landmark/Context/BinaryLog:hi_one_le; L:Compression/Landmark/Context/BinaryLog:grain_floor_decided; L:Compression/Landmark/Context/BinaryLog:grain_floor_of_encl; R:holonics::compression::landmark::context::binary_log; R:holonics::compression::landmark::context::BinaryLog; R:holonics::compression::landmark::context::ProductBound; L:Compression/Landmark/Context/BinaryLog:wideMul_eq; L:Compression/Landmark/Context/BinaryLog:squareWord_eq; L:Compression/Landmark/Context/BinaryLog:fraction_step; L:Compression/Landmark/Context/BinaryLog:grain_operands	formal-checked	
parametron.ring-tick-form	parametron, constitution	AᵀQ+QA=0, det(1−A_h) unit ⇒ UᵀQU=Q, U=(1+A_h)(1−A_h)⁻¹; Q=diag(K,C), A=[[0,1],[−C⁻¹K,0]]	the lossless unpumped ring Cayley tick keeps its mode-storage form, sign included	K,C symmetric, C invertible	L:HNN/Ring:cayley_preserves_form; L:HNN/Ring:ring_generator_qSkew; L:HNN/Ring:ring_tick_conserves_mode_energy; L:HNN/Ring:cayley_forms_agree	formal-checked	uses:parametron.lc-exchange
parametron.ring-descriptor-tick	parametron, constitution	(2C+(h²/2)K)ω=2Cw−hKu, u′=u+hω, w′=2ω−w ⇒ E_Q(u′,w′)=E_Q(u,w)	the closed descriptor tick conserves ½⟨w,Cw⟩+½⟨u,Ku⟩ with no C⁻¹; it runs, one generalized mode at a time, as the contact's closed scalar transfer (p = d = 0); the executed resonator runs the ported tick (parametron.ring-executed-balance)	C,K symmetric, any sign	L:HNN/Ring:ring_descriptor_tick_conserves; L:HNN/Contact:contact_mode_transfer; R:holonics::hnn::contact::transfer	formal-checked	specializes:parametron.ring-tick-form
parametron.ring-denominator	parametron, constitution	⟨v,Mv⟩ ≥ (h/Y)|v|², M=2C+(h/Y)I+hD+(h²/2)K; closed: 2C+(h²/2)K bijective ⇐ C+K definite; cycle C=K=BᵀB: (2C+(h²/2)K)1=0	the ring's solve is certified with its port; closed, the harmonic mode is its only obstruction	C,D,K⪰0, Y,h>0; ker C∩ker K=0	L:HNN/Ring:ring_cayley_denominator_nonsingular; L:HNN/Ring:ring_harmonic_mode_singular; R:holonics::hnn::ring::ResonatorMaterial::certify	formal-checked	obstructs:parametron.ring-tick-form
parametron.ring-executed-balance	parametron, constitution, deposition	E_(K′)(û′,ŵ′)−E_K(u,w) = ½⟨u,(K′−K)u⟩ + (hY/4)(|β|²−|β−(2/Y)ω|²) − h⟨ω,Dω⟩ + ⟨ω,Mω−r⟩ + [E(û′,ŵ′)−E(u′,w′)]	the executed ring tick closes with pump, port, dissipation, chart and split, none set to zero	C,K′ symmetric, any executed ω	L:HNN/Ring:ring_tick_executed_energy_balance; L:HNN/Ring:ring_tick_port_balance; R:holonics::hnn::ring::ResonatorStep::closes; R:holonics::hnn::word::ResonatorBalance; R:holonics_cuda::hnn::readout::resonator_balance	formal-checked	uses:ph.lc-pump-work
parametron.ring-executed-bound	parametron, constitution, receipt	|⟨ω,Mω−r⟩ + [E(û′,ŵ′)−E(u′,w′)]| ≤ ‖ω‖₁(δ‖r‖∞ + ‖M‖∞u) + (u/2)(‖C(ŵ′+w′)‖₁ + ‖K(û′+u′)‖₁);  δ = ‖1−MX̂‖∞,  Mω−r = M(ω−X̂r) − (1−MX̂)r,  |ω−X̂r|∞ ≤ u,  E(ŷ)−E(y) = ½⟨ŷ−y, Q(ŷ+y)⟩	the executed resonator tick's chart and split terms lie within its chart certificate's and its cells' bound, so the balance refuses a wrong solve that the chart term alone would absorb; summed into the tick's and the word's bounds	C,K symmetric; carried rate and state within one unit u = 2^(−L_w) of their images (error feedback); δ the executed chart's certificate, zero with u under the exact law (the loaded resonator's repair)	L:HNN/Ring:loaded_solve_chart_bound; L:HNN/Ring:loaded_state_split_bound; L:HNN/Ring:abs_mulVec_le_rowNorm; L:HNN/Ring:abs_dot_le_l1; R:holonics::hnn::ring::ResonatorStep::bound; R:holonics::hnn::word::FieldBalance::closes; R:holonics::hnn::word::WordBalance::closes; R:holonics_cuda::hnn::readout::resonator_balance	formal-checked	uses:parametron.ring-executed-balance
junction.two-port-reference	complex, receiver	Γ=(G₀−G₁)/(G₀+G₁), T=4G₀G₁/(G₀+G₁)²: Γ²+T=1; emitted=Γi, transmitted=(1+Γ)i, G₁|(1+Γ)i|²=T·G₀|i|²	a reference change reflects Γ and transmits the power fraction T, both read in one frame	G₀,G₁>0	L:HNN/Ring:two_port_reference_balance	formal-checked	specializes:hnn.junction-scattering
junction.reference-lift-work	complex, receiver, constitution	G₁|(1+Γ)i|² − G₀|i|² = −Γ²G₀|i|²;  (h/4) Σ_a Σ_i (G′_a|x′_(a,i)|² − G_a|x_(a,i)|²) = −(h/4) Σ_a Σ_i Γ_a² G_a |x_(a,i)|² ≤ 0 (h ≥ 0);  = 0 ⇔ ∀ a i, x_(a,i) ≠ 0 ⇒ G′_a = G_a (h > 0)	the lift's work on the waves a reception carries across its contacts' conductance change is minus their reflected power: it never raises the carried energy, and it vanishes exactly when no carried wave meets a moved conductance	G_a, G′_a > 0; Γ_a = (G_a − G′_a)/(G_a + G′_a); its identification with the chained balance's ingest is the Rust owner's join (ChainedBalance::lift_emits, #286), not a Lean statement	L:HNN/Ring:reference_carry_change; L:HNN/Ring:reference_lift_work; L:HNN/Ring:reference_lift_work_nonpos; L:HNN/Ring:reference_lift_work_eq_zero_iff; R:holonics::hnn::word::ReceptionCarry; R:holonics::hnn::word::ChainedBalance	formal-checked	uses:junction.two-port-reference
junction.pivot-series	holon, tube, constitution	S = A − B D⁻¹ C;  D = I − N, ρ(N) < 1 ⇒ D⁻¹ = Σ_(k≥0) Nᵏ, (Σ_(k<n) Nᵏ)(I − N) = I − Nⁿ;  g₁ = 2, g₂ = 3 in series: S = (6/5)[[1, −1], [−1, 1]]	eliminating a junction's interior at its pivot sums its series of returns into one boundary ratio	static linear constitution; the dynamic form keeps the interior memory	N:2026-10-09_SERIES_CANCEL_AT_JUNCTIONS_AND_A_PASSAGES_ORDER_COMES_FROM_CHAINING_ITS_GRAINS.md; D:HNN_FORMULA.md#reflection-leaders-and-recursive-packing	proved-standard	specializes:resolvent.dynamic-schur, uses:jet.telescoping
junction.reciprocal-unoriented	constitution, tube	K = Kᵀ ⇒ (A − B D⁻¹ Bᵀ)ᵀ = A − B D⁻¹ Bᵀ;  a unit antisymmetric coupling on the series example gives [[7/5, −3/5], [−9/5, 6/5]]	a reciprocal interior eliminated leaves a reciprocal boundary, which cannot orient a passage between its ports; orientation needs a nonreciprocal relation with its power	finite linear constitution, D invertible	N:2026-10-09_SERIES_CANCEL_AT_JUNCTIONS_AND_A_PASSAGES_ORDER_COMES_FROM_CHAINING_ITS_GRAINS.md	proved-standard	uses:junction.pivot-series, uses:aeon.a9-placement-reversibility
parametron.crossings-epoch-ticks	parametron, epoch, aeon	#arrivals over N micro-steps from r<d = (r+N)/d; d≥2 ⇒ transversal, #epochs = #ticks+1	a ring's section crossings are its epoch ticks	r<d	L:HNN/Ring:ring_crossings_are_epoch_ticks; R:holonics::aeon::epochs; R:holonics::aeon::ClockLift::ring_section; R:holonics::hnn::retention::aeon_readings	formal-checked	uses:aeon.count-is-flux
hnn.ring-clock	navigator, aeon, parametron	clock_g(λ) = Clock_ring(d_g) advanced λ ticks (λ ≥ 0):  digit = λ mod d_g,  jumps = ⌊λ/d_g⌋;  Reading.of_turns(λ/d_g) = (⌊λ/d_g⌋, (λ mod d_g)/d_g) for every λ ∈ ℤ, equal to the clock at λ ≥ 0;  Current::{phase, winding}, Ring::{point, rotate}, the keys' crib opening and carried key, the cut's branch and the letters' register read these, and no copy of the split is kept	every ring clock the machine keeps is its ring navigator's clock; a signed lift coordinate splits by the aeon's division with remainder, which agrees with the clock wherever both read	ring period d_g ≥ 2; lift point nonnegative (the signed split for map powers)	L:Aeon/Clock/Winding:ratio_split; L:Aeon/Clock/Winding:split_unique; L:Aeon/Clock/Winding:windings_of_microsteps; L:Aeon/Clock/Winding:openPhase_of_microsteps; L:Holon/Navigator:jumps_are_carries; R:holonics::hnn::field::Ring::clock_at; R:holonics::hnn::field::Current::clock; R:holonics::navigator::Clock; R:holonics::aeon::Reading	formal-checked	uses:winding.odometer, uses:aeon.split-is-div-rem, uses:hnn.published-clocks
hnn.carry-is-section-flux	navigator, aeon, epoch, parametron	carry_(g+1)(x) = winding d_g(τ′_g) − winding d_g(τ_g) = forward − backward crossings of Σ_g = {x | d_g ∣ x} over any aeon τ_g → τ′_g of ring g's circle lift, τ′_g = τ_g + c_g(x) + carry_g;  Σ_(cells) carry_(g+1) = ⌊τ_g,end/d_g⌋ − ⌊τ_g,start/d_g⌋ = ring_crossings(d_g, r, N)	the selective step's carry is the ring clock's jumps over its advance and the flux of its section across the cell: a ring's carry word over a passage is its section's epoch reading at the cell clock's sections	d_g > 0 (carry ≤ 1 at d_g ≥ 2); lift coordinates in ℕ	L:HNN/Moment:SelectiveDecl.carryIn_is_section_flux; L:Aeon/Clock/Epoch:signed_count_is_flux; L:Holon/Navigator:jumps_are_carries; R:holonics::hnn::field::Field::selective_step; R:holonics::navigator::Clock::advance; R:holonics::hnn::keys::crib_opening; R:holonics::hnn::receiving::LetterReader	formal-checked	uses:hnn.selective-position, uses:aeon.signed-flux, uses:parametron.crossings-epoch-ticks, uses:hnn.ring-clock
hnn.receiving-window-epoch	aeon, epoch, receiver, tube	windows(n, A) = epochs of the cell clock's forward aeon 0 → n at the section {x | A ∣ x}:  epoch k = [kA, min((k+1)A, n)),  epoch(c) = ⌊c/A⌋,  closed epochs = flux = ⌊n/A⌋;  the cell clock's grain 1 coarsens to A by winding A;  inside the word the receiver reads the word clock's ticks e_0 … e_0 + A − 1, phase j at tick e_0 + j reading cell p + j	the cells a receiver reads between two crossings of its section are an epoch of the passage, a clocked span of the tube; the exposure reads its epochs from the aeon owner, not a loop stride	A ≥ 1; the cut's cells in order; a last epoch holding no cell is not read	L:Aeon/Clock/Epoch:forward_epoch_is_window; L:Aeon/Clock/Epoch:crossingTicks_forwardWord; L:Aeon/Clock/Epoch:forwardWord_chained; L:Aeon/Clock/Epoch:mem_epoch_digitTicks; L:Aeon/Clock/Epoch:epochOf_digitTicks; L:Aeon/Clock/Epoch:odometer_tower; R:holonics::hnn::receiving::ReceivingPhases::windows; R:holonics::hnn::receiving::receiving_windows; R:holonics::hnn::reference::expose_from; R:holonics::aeon::Epochs::intervals	formal-checked	instance-of:aeon.odometer-epoch-tower, uses:aeon.epoch-partition
parametron.pump-period-cycle	parametron, cycle, aeon, navigator	s = i^k (k < 4), ord = 1, 4, 2, 4 for k = 0, 1, 2, 3:  s^t = 1 ⇔ ord ∣ t;  a² s^t = a² s^(t mod ord);  torusPoint_ord(0) = torusPoint_ord(t) ⇔ s^t = 1;  pump phase at word tick t = torus point of the pump clock (one circle of period ord); the aeon of ord ticks is a cycle reading one whole winding	the pump's period is a cycle of its own clock: the carrier returns exactly where the pump clock's aeon closes, and the pump phase is that clock's torus point	quarter-turn pump steps; a any carrier	L:HNN/Ring:pump_period_is_cycle; L:HNN/Ring:quarterTurn_pow_eq_one_iff; L:HNN/Ring:pumpOrder; L:Aeon/Clock/Winding:torus_closes_iff; R:holonics::hnn::ring::PumpDeclaration::clock; R:holonics::hnn::ring::PumpDeclaration::phase_at; R:holonics::hnn::ring::PumpDeclaration::period; R:holonics::hnn::ring::ResonatorOperands::phase_at	formal-checked	uses:parametron.pump-sheets, uses:aeon.clock-lift, uses:aeon.cycle-reading
parametron.pump-sheets	parametron	pumpBlock(p,ψ,r cosθ,r sinθ)=r²·(−p cos(2θ−ψ)); invariant under θ↦θ+π and z↦−z; −p cos(2(φ+βπ)−2φ)=−p	the pump reads the doubled phase and is blind to the two sheets of its axis	—	L:HNN/Ring:pump_half_turn_invariant; L:HNN/Ring:pump_blind_to_sheets; R:holonics::hnn::ring::PumpDeclaration	formal-checked	uses:phase.half-turn-receiver
parametron.locked-sheet-face	parametron, receiver	locked sheets: drivenPhaseEnergy=drivenIsingEnergy; sheetReading(binaryPhase b)=b; threshold sheet minimizes	the locked sheet has an Ising receiver face; the perceptron is its threshold, not the ring	no self-loops	L:HNN/Ring:locked_sheet_receiver_face; R:holonics::hnn::ring::sheets	formal-checked	face-of:parametron.ring-tick-form
parametron.pumped-passage	parametron, constitution, key	E_end − E_start = Σ_ticks (pump + port − dissipation + chart + split) + Σ_switches ½⟨u,(K_new − K_old)u⟩; K_t ≺ 0 on the axis ⇒ the in-phase sheet holds	a ring's resonator through a schedule that moves only the pump's strength closes with each switch's work; past the bifurcation its sheet holds (a lock), unpumped it turns (the nonlocking control)	stages share C, K, D and the pump's axis and step; each stage's pump from its phase 0; the declared work counts the motion (a tick 6n²+15n on the lattices), not the balance	N:2026-09-28_THE_RINGS_AS_A_SEARCH_FOR_KEYS_PINNED_BEFORE_THE_RUN.md; L:HNN/Ring:ring_material_commit_work; L:HNN/Ring:ring_tick_executed_energy_balance	proved-derived	uses:parametron.ring-executed-balance, uses:parametron.pump-sheets, uses:parametron.locked-sheet-face
parametron.ring-search-not-a-search	parametron, contact, key	W_bank(blind) + declaration = 2235 rem 17280 over 21810 · W_enum on its 7 certified seeds; W_bank(crib) = W_control = 5640 rem 64405 over 268218 · W_menu; plural lock ∈ [1 − 597/2^24, 1 − 596/2^24) of 2^122 undriven configurations, single locks ∈ [585/2^24, 586/2^24)	the HNN's pumped ring bank is not a key search: it misses seeds on both moirés, costs more than enumeration and menu propagation, its lock proposes nothing its unpumped control does not, and undriven its rings lock together instead of weighting keys by 2^(−ℓ)	the pinned bank (21 rings q ≤ 8, T_A = 2^8, T_B = 2^5, σ = 1/4; the crib as the Bombe's board, 49 wires); blind and parity moirés (k = 3) and the rotor crib, 8 fresh seeds each; ℓ the self-delimiting Stern–Brocot length	N:2026-09-28_THE_RINGS_AS_A_SEARCH_FOR_KEYS_PINNED_BEFORE_THE_RUN.md	counterexample	uses:parametron.pumped-passage, uses:key.consistent-fibre, uses:lock.tongue-exponent-not-universal
parametron.pump-schedule	parametron, constitution, navigator	K_t = K + ⊕ −2p R_(ψ_t), R_ψ = [[cos ψ, sin ψ], [sin ψ, −cos ψ]];  declared e^(iψ_t) = a²s^t over the order of s;  modulated e^(iψ_t) = (a²s^(t mod T))·c_t, one tick a crossing cell	the pump is a periodic modulation of the constitution: one carrier a tick of its period, declared or modulated by the cells crossing the ring's section	p ≥ 0; under a schedule the material is declared unpumped and each tick is certified by its signed form 2C + hD + (h²/2)K_t ⪰ 0	R:holonics::hnn::ring::PumpSchedule; R:holonics::hnn::ring::ResonatorOperands::scheduled; D:docs/ELEMENTARY_OBJECTS.md#5-parametron	definition	uses:parametron.pump-sheets
parametron.floquet-monodromy	parametron, constitution, cycle	x′ = T_t x on x = (u, w),  T_t = [[I − h²X_tK_t, 2hX_tC], [−2hX_tK_t, 4X_tC − I]];  M_T = T_(T−1) ⋯ T_0	the executed undriven tick is linear in the state, and one pump period composes the monodromy, the holonomy of the pump's cycle	X_t the executed solve of M_t (the law's inverse or the certified chart's exact matrix); drive zero	R:holonics::hnn::ring::Floquet; R:holonics::hnn::ring::Floquet::ticks	definition	uses:parametron.ring-executed-balance
parametron.floquet-certificate	parametron, constitution, deposition	G ≻ 0 ∧ M_TᵀGM_T ⪯ ρ²G ⇒ E_G(M_T x) ≤ ρ²E_G(x), E_G(M_T^m x) ≤ ρ^(2m)E_G(x);  ρ² ≤ 1 ∧ G ⪰ 0 ⇒ E_G(M_T^m x) ≤ E_G(x);  decided by In(G) = (n, 0, 0) and no negative direction of ρ²G − M_TᵀGM_T	the Floquet growth certificate: a metric attained by any exterior means is certified inside by Sylvester inertia and bounds the energy's growth per period	ρ ≥ 0; the Loewner order in the quadratic-form sense	L:HNN/Floquet:energy_transport; L:HNN/Floquet:certificate_reading; L:HNN/Floquet:floquet_energy_step; L:HNN/Floquet:floquet_energy_iterate; L:HNN/Floquet:floquet_passive; R:holonics::hnn::ring::Floquet::certify; R:holonics::hnn::ring::FloquetCertificate	formal-checked	uses:parametron.floquet-monodromy
parametron.floquet-attainment	parametron	M_TᵀGM_T − ρ²G = −ρ²I over symmetric G;  every |μ_i| < ρ ⇒ G = Σ_k (M_T/ρ)^(kᵀ)(M_T/ρ)^k ≻ 0 and ρ²G − M_TᵀGM_T = ρ²I;  singular exactly when ρ² = μ_iμ_j	the exterior attainment of a Floquet metric by the exact Stein solve; the certificate trusts none of it	exact rationals; a singular operator is refused (FloquetRefusal::Unattainable)	R:holonics::hnn::ring::attain_metric	proved-standard	uses:parametron.floquet-certificate
parametron.floquet-placement	parametron, receiver	q(s) = (1 − s)^n χ(r(1 + s)/(1 − s)) = ∏_i ((r − μ_i) + (r + μ_i)s);  #{|μ| > r} = right(q),  #{|μ| = r} = axis(q) + n − deg q,  #{|μ| < r} = left(q)	the Cayley map places the Floquet multipliers about any circle exactly through the half-plane count of one polynomial	r > 0; χ the monodromy's monic characteristic polynomial	R:holonics::hnn::ring::Floquet::placement; R:holonics::ratio::polynomial::half_plane_count	proved-derived	uses:wave.cayley-resonator
parametron.floquet-decision	parametron, receiver, swing	at r = 1: none outside and none on ⇒ passive, certified at ρ = 1;  none outside, some on ⇒ the edge, certified at ρ = 1 + 2^(−g);  one outside ⇒ growing, lower ≤ ρ(M_T) ≤ upper, upper − lower ≤ 2^(−g), certified at ρ = upper	the exact decision of a pumped ring's growth: a damped turn below the bifurcation, a turn or shear at its edge, a boost past it	grain 2^(−g); lower reached by a multiplier's placement	R:holonics::hnn::ring::Floquet::decide; R:holonics::hnn::ring::FloquetReading	proved-derived	uses:parametron.floquet-placement, uses:parametron.floquet-attainment
parametron.standing-bifurcation	parametron, constitution, swing	K_ψ a = (k − 2p)a, K_ψ(ia) = (k + 2p)(ia), a = (c, s), c² + s² = 1;  h ≠ 0: the tick fixes (u, w) ⇔ ω = 0 ∧ w = 0 ∧ Ku = 0;  below, at the exact undriven solve, E_Q(u′, w′) ≤ E_Q(u, w)	a standing pump's bifurcation is where its in-phase stiffness k − 2p vanishes; below it the storage form is itself the Floquet certificate at ρ = 1	C, K symmetric, ⟨x, Dx⟩ ≥ 0, Y > 0, h ≥ 0	L:HNN/Floquet:pumped_inphase_axis; L:HNN/Floquet:pumped_quadrature_axis; L:HNN/Floquet:standing_fixed_point_iff; L:HNN/Floquet:storage_form_certifies_passive	formal-checked	uses:parametron.ring-executed-balance
parametron.phase-sensitive-amplification	parametron, receiver, swing	[[0, 1], [κ², 0]](1, ±κ) = ±κ(1, ±κ);  (κ, 1)[[0, 1], [κ², 0]] = κ(κ, 1);  [[0, 1], [−ω², 0]]² = −ω²I;  Av = λv ⇒ (1 − hA/2)⁻¹(1 + hA/2)v = ((2 + hλ)/(2 − hλ))v;  sheet = sign(κu_∥ + w_∥)	past the bifurcation the in-phase axis boosts (a growing and a squeezed quadrature) and the quadrature turns; the locked sheet is the sign of the seed's growing coordinate, cos(φ_in − ψ/2) for a seed on the displacement: linear, then threshold	κ² = (2p − k)/c > 0; the continuous chart at unit capacity (Lean); the executed law (Rust)	L:HNN/Floquet:inphase_growing; L:HNN/Floquet:inphase_squeezed; L:HNN/Floquet:inphase_growing_coordinate; L:HNN/Floquet:quadrature_turns; L:HNN/Floquet:cayley_eigen; L:HNN/Floquet:cayley_tick_eigen; R:holonics::hnn::ring::lock; R:holonics::hnn::ring::LockedSheets	formal-checked	uses:parametron.standing-bifurcation
parametron.pump-relative-phase	parametron, swing, ratio	R(c, s) = [[c, s], [s, −c]]: R² = I;  R(c, s)R(c′, s′) = [[cc′ + ss′, cs′ − sc′], [sc′ − cs′, cc′ + ss′]];  tr = 2(cc′ + ss′) = 2Re(u ū′)	two pumped ticks compose two reflections into the turn by their carriers' relative phase, the pump's square law; with the crossing cells as carriers the monodromy reads their relative phase	any commutative ring; c² + s² = 1	L:HNN/Floquet:reflection_sq; L:HNN/Floquet:reflection_mul_reflection; L:HNN/Floquet:reflection_pair_trace; L:HNN/Floquet:reflection_pair_trace_carriers; R:holonics::hnn::ring::PumpSchedule::modulated	formal-checked	uses:parametron.pump-schedule
parametron.no-linear-relative-phase	parametron, receiver	Re((−z_a)(−z̄_b)) = Re(z_a z̄_b);  ∀ L : ℂ × ℂ →ₗ[ℝ] ℝ, ¬ ∀ z_a z_b, (0 < L(z_a, z_b) ↔ 0 < Re(z_a z̄_b))	a relative phase is even under the half-turn and every linear reading is odd, so no linear threshold (the perceptron face) reads it: it enters the lock only through the pump		L:HNN/Floquet:relativePairing_halfTurn; L:HNN/Floquet:no_linear_threshold_reads_relative_phase	formal-checked	obstructs:parametron.locked-sheet-face
parametron.receiving-bank	parametron, receiver, receipt	member j: axis 1, step i^j, carriers (c_e, i^j c_l);  locks ⇔ c_e = i^j c_l;  class = the one locked member, every other certified silent	a bank of receiving parametrons at declared pump phases reads the relative phase class of two crossing cells by its lock pattern, each member decided by its Floquet certificate	one node C = I, K = I, Y = 16, h = 1; p = 5/8 in the lock interval (1/2, p*], p* ∈ (361/512, 725/1024]; quarter-turn cells	R:holonics::hnn::ring::ReceivingBank; R:holonics::hnn::ring::BankReading; N:2026-09-29_THE_PARAMETRON_RE_DERIVED_THE_PUMP_READS_RELATIVE_PHASE_AND_THE_FLOQUET_CERTIFICATE_DECIDES_THE_LOCK.md	definition	uses:parametron.pump-relative-phase, uses:parametron.floquet-decision
parametron.floquet-consumer	parametron, deposition, constitution	γ_lo Q ⪯ G ⪯ γ_hi Q ∧ M_TᵀGM_T ⪯ ρ²G ⇒ E_Q(M_T^m x) ≤ (γ_hi/γ_lo)ρ^(2m)E_Q(x);  T_tᵀGT_t ⪯ σ_t²G ⇒ E_G(T_k ⋯ T_1 x) ≤ (∏σ_t²)E_G(x);  reach(s) = (γ_hi/γ_lo) max_(o<T) ρ^(2m_o)(max σ_t²)^(s − Tm_o), m_o = ⌊(s − o)/T⌋;  E_Q(Post Mᵐ Pre x) ≤ (γ_hi/γ_lo) σ_post ρ^(2m) σ_pre E_Q(x) (a span from any pump phase)	the consumer equation: the constitution's certified step reads a pumped resonator's gain through its Floquet bound, one change of metric and ρ² a period	0 < γ_lo, ρ² ≥ 0, σ_t² ≥ 0; each bound certified by inertia at a dyadic grain; read by hnn::constitution through the span factor (hnn.pumped-span-factor); the driven ring's loop within a span (the port's feedback) owed #62	L:HNN/Floquet:floquet_tick_product; L:HNN/Floquet:floquet_metric_change; R:holonics::hnn::ring::Floquet::bound; R:holonics::hnn::ring::FloquetBound::reach; L:HNN/Floquet:floquet_span_reach; L:HNN/Floquet:partial_period_le_pow; R:holonics::hnn::constitution::RingReach	formal-checked	uses:parametron.floquet-certificate, uses:holon.committed-energy-bound
hnn.pumped-span-factor	parametron, deposition, constitution, tube	F(s) = ∏_r max_(s′ ≤ s) reach_r(s′), r over the rings the word's diamond holds (Reach::loci, record B §8);  ‖Ψ(Λv)‖² ≤ b a ‖v‖² for ‖Λv‖² ≤ a‖v‖², ‖Ψw‖² ≤ b‖w‖²;  Σ_j ‖Σ_τ Φ_(jτ) δ_τ‖² ≤ (Σ_j Σ_τ G_(jτ)) Σ_τ ‖δ_τ‖² for ‖Φ_(jτ)v‖² ≤ G_(jτ)‖v‖²;  ‖Σ_n Φ_n v‖² ≤ F (Σ_n a_n)² ‖v‖² for ‖Φ_n v‖² ≤ a_n² F_n ‖v‖², 0 ≤ F_n ≤ F	the pumped medium's span factor: a difference carried within s ticks by rings not certified passive (a pump or a signed stiffness) moves by at most the product of their running-maximum reaches, composed with the medium's ticks by the product of bounds, summed over stations and ticks into κ² by Cauchy–Schwarz, and over one injection's re-entries at the longest span's factor	R_r(s) ≥ 0 each ring's certified reach over a span (parametron.floquet-consumer), the least over the metrics its growth ladder ρ₀(1 + 2^k), |k| ≤ g, certifies; the factorization of a span's transport through the ring's undriven ticks and the medium's is the consumer equation's hypothesis, the driven ring's supply-rate certificate owed #62; a reach-read ring's own gain families held (their ray moves the monodromy)	L:Holon/Deposition:runningMax; L:Holon/Deposition:le_runningMax; L:Holon/Deposition:runningMax_mono; L:Holon/Deposition:pumped_span_factor; L:Holon/Deposition:span_transport_compose; L:Holon/Deposition:station_tick_gain; L:Holon/Deposition:entry_span_gain; R:holonics::holon::deposition::span_factors; R:holonics::hnn::constitution::Constitution::medium_reach; R:holonics::hnn::constitution::MediumReach; R:holonics::hnn::constitution::PumpedReading; N:2026-09-29_THE_CERTIFIED_STEP_READS_THE_FLOQUET_REACH_PINNED_BEFORE_ITS_RUNS.md	formal-checked	uses:parametron.floquet-consumer, uses:hnn.reach-gain
parametron.lock-exchange-polynomial	parametron, receiver	Π(a) = 1 + a/K;  θ = aΠ′/Π = a/(a + K) = 1/(1 + e^(−(ln a − ln K)));  a∂_aθ = θ(1 − θ) ≤ 1/4;  N locks: ∏_i (1 + a/K_i) = 0 ⇔ ∃ i, a = −K_i	a two-sheet lock is an Ising site: its exchange polynomial, its logistic face with susceptibility at most a quarter, and its pivots; the threshold is its face at zero temperature	K ≠ 0, a + K ≠ 0; 0 < a, K for the logistic	L:Objects/ParametronLock:exchange_hasDerivAt; L:Objects/ParametronLock:lockFace_eq_bias_logDeriv; L:Objects/ParametronLock:lockFace_logistic; L:Objects/ParametronLock:lockFace_hasDerivAt; L:Objects/ParametronLock:bias_susceptibility; L:Objects/ParametronLock:susceptibility_le_quarter; L:Objects/ParametronLock:lock_susceptibility_le_quarter; L:Objects/ParametronLock:exchangeN_eq_zero_iff	formal-checked	face-of:parametron.locked-sheet-face, equiv:quantum.fermi-dirac
parametron.lock-capacity	parametron, ratio, receiver	S = Π(a₂)/Π(a₁) = ∏_i (a₂ + K_i)/(a₁ + K_i);  0 < a₂ < a₁: a₂/a₁ < (a₂ + K)/(a₁ + K) < 1 and (a₂/a₁)^N < S < 1;  0 < a₁ < a₂: 1 < S < (a₂/a₁)^N	each factor is the cross ratio of the two biases about a pivot and ∞, so N locks separate two biases by at most (a₂/a₁)^N: capacity is the lock count, not the coordinate count	K_i > 0, N ≥ 1	L:Objects/ParametronLock:selectivity_eq_exchange_ratio; L:Objects/ParametronLock:pivotRatio_between; L:Objects/ParametronLock:pivotRatio_between'; L:Objects/ParametronLock:selectivity_lock_count_bound; L:Objects/ParametronLock:selectivity_lock_count_bound'	formal-checked	uses:parametron.lock-exchange-polynomial
parametron.winding-carry	parametron, cycle, aeon	Π′/Π = Σ_i (a + K_i)⁻¹;  K_i > 0, K_i ≠ r: (2πi)⁻¹ ∮_(|a| = r) Σ_i (a + K_i)⁻¹ da = #{i : K_i < r}	the winding of the locks' exchange polynomial on |a| = r counts the pivots inside: as the bias passes a pivot one more lock flips, and the count is the carry	r > 0 (the argument principle, read on the locks)	L:Objects/ParametronLock:logDeriv_exchangeC; L:Objects/ParametronLock:pivot_winding_inside; L:Objects/ParametronLock:pivot_winding_outside; L:Objects/ParametronLock:winding_is_carry	formal-checked	uses:parametron.lock-exchange-polynomial
parametron.coupled-locks-lee-yang	parametron, contact	Π(a) = a² + 2ya + 1 (weights 1, ya, ya, a²; y = e^(−2w));  y = 1: (a + 1)²;  |y| < 1 ∧ Π(a) = 0 ⇒ |a| = 1 ∧ Im a ≠ 0	a ferromagnetic coupling moves two locks' double pivot off the negative real axis onto the unit circle: the coupled-sheet parametron	two locks	L:Objects/ParametronLock:uncoupled_double_pivot; L:Objects/ParametronLock:coupled_zeros_leave_the_axis	formal-checked	uses:parametron.lock-exchange-polynomial
parametron.modal-hearing	parametron, receiver, receipt	c_v = ⟨s, Mv⟩⟨r, v⟩ = 0 ⇔ ⟨s, Mv⟩ = 0 ∨ ⟨r, v⟩ = 0;  M = I, s = r = (1, 0): v = (0, 1) silent, v′ = (1, 1) heard with c = 1	a mode is silent exactly when its source or receiver coupling vanishes, and a constitutive change can reopen it: dormancy; a bank's silent members are dormant until a modulation aligns their pumps	the spectral expansion rᵀ(K − λM)⁻¹Ms = Σ_v c_v/(λ_v − λ) is owed (#62)	L:Objects/ParametronLock:modal_silent_iff; L:Objects/ParametronLock:dormant_mode_reopens	formal-checked	
parametron.rotating-pump-resonance	parametron, swing, cycle	one node C = I, K = I, Y = 16, h = 1: the quarter-turn pump grows at p = 1/4 with a negative growing multiplier, where the standing pump is passive; the half-turn pump is passive at p = 1	a rotating pump resonates parametrically below the standing bifurcation (a half-turn with a boost, the subharmonic lock), and a half-turn pump's perpendicular axes cancel	exact witnesses; the tongue boundaries and the subharmonic multiplier below −1 are owed (#62)	R:holonics::hnn::ring::Floquet::decide; N:2026-09-29_THE_PARAMETRON_RE_DERIVED_THE_PUMP_READS_RELATIVE_PHASE_AND_THE_FLOQUET_CERTIFICATE_DECIDES_THE_LOCK.md	open	uses:parametron.floquet-decision
parametron.transported-pair	parametron, swing, ratio	R_ψ Rot(α) = R_(ψ−α);  Rot(α) R_ψ = R_(ψ+α);  R_u Rot_v R_w = Rot(u v̄ w̄) (carriers u, v, w);  tr Rot(z) = 2 Re z	two crossings separated by the ring's transport compose to the turn by their relative phase less the transport	2×2 over a commutative ring; carriers in ℂ	L:HNN/FloquetPassage:reflection_mul_rotation; L:HNN/FloquetPassage:rotation_mul_reflection; L:HNN/FloquetPassage:reflection_transport_reflection; L:HNN/FloquetPassage:reflection_transport_reflection_carriers; L:HNN/FloquetPassage:rotation_trace_carrier; L:HNN/FloquetPassage:rot_mul_rot; L:HNN/FloquetPassage:rot_mul_ref; L:HNN/FloquetPassage:ref_mul_rot; L:HNN/FloquetPassage:ref_mul_ref	formal-checked	generalizes:parametron.pump-relative-phase
parametron.passage-second-order	parametron, holon, cycle	kick(v, u) = C(Rot_v) + X·C(Rot_v R_u);  (kick·P)₀ = Rot_v P₀,  (kick·P)₁ = Rot_v P₁ + Rot_v R_u P₀,  (kick·P)₂ = Rot_v P₂ + Rot_v R_u P₁;  over a passage of n crossings: c₀ = Rot(v^n),  c₁ = Σ_t R(v^(n−t) u_t v̄^t),  c₂ = Σ_(t<n) Σ_(s<t) Rot(v^(n−t) v̄^(t−s) v^s u_t ū_s);  2 Re Σ_t w_t conj(Σ_(s<t) w_s) = |Σ_t w_t|² − Σ_t |w_t|²	a passage's monodromy through every crossing's pump carries at second order every ordered pair's relative phase read at the ring's parametric resonance, and at a whole turn its trace is the passage's power spectrum	the kicked chart Rot_v(1 + p R_u), polynomials in p with matrix coefficients; the executed law's second order owed (#62)	L:HNN/FloquetPassage:kick_coeff_zero; L:HNN/FloquetPassage:kick_coeff_one; L:HNN/FloquetPassage:kick_coeff_two; L:HNN/FloquetPassage:passage_coeff_zero; L:HNN/FloquetPassage:passage_coeff_one; L:HNN/FloquetPassage:passage_coeff_two; L:HNN/FloquetPassage:pair_sum_power_spectrum	formal-checked	uses:parametron.transported-pair
parametron.passage-monodromy	parametron, receiver, tube	tick t reads node d − 1 − t of the receiving ring's storage;  K_t = K − 2p R(a² s^t z_t), R(c) = [[Re c, Im c], [Im c, −Re c]];  M = T_(d−1) ⋯ T_0 = N/Δ (T_t = N_t/L_t, Δ = ∏ L_t);  lower ≤ ρ(M) < upper, upper − lower ≤ upper·2^(−g), each step the Schur–Cohn test on det(Δμ − N);  the joint growth the largest member's;  a member reads a turn only when its pump's period divides d	the receiving bank reads the superposed passage: the ring's placed storage crosses the section node by node, each crossing pumping every member, and each member's growth over the turn is enclosed exactly and certified	members on one unpumped node material, each tick certified by its signed form; the bracket attained on a shifted copy and the metric on a rounded monodromy, both certified exactly	R:holonics::hnn::ring::ReceivingBank::read_turn; R:holonics::hnn::ring::ReceivingBank::certify_turn; R:holonics::hnn::ring::turn; R:holonics::hnn::ring::PumpSchedule::placed; R:holonics::hnn::ring::Growth; R:holonics::hnn::ring::Floquet::growth; N:2026-09-29_THE_BANK_READS_A_SUPERPOSED_PASSAGE_PINNED_BEFORE_ITS_RUNS.md	definition	uses:parametron.passage-second-order, uses:parametron.floquet-decision, generalizes:parametron.receiving-bank, uses:poly.schur-cohn-inside
parametron.monodromy-lattice-floor	parametron, receiver, ratio	M = N/Δ, N ∈ ℤ^(n×n), det N ≠ 0 ⇒ ∃ μ ∈ spec(N), |μ| ≥ 1, so ρ(M) ≥ 1/Δ;  N singular, c_k the lowest nonzero coefficient of det(ν − N) ⇒ |c_k| = ∏_(μ≠0)|μ| ≥ 1;  N nilpotent ⇔ every coefficient below the leading one is zero ⇒ spec = {0}, growth read as [0, 1/Δ);  lower ≥ (1 − 2^(−g))/Δ otherwise	on the lattice a ring's growth over one pump period is zero or at least 1/Δ: a ring's motion either vanishes exactly after finitely many periods or decays no faster than the lattice resolves, so no reading falls continuously toward zero; a nilpotent monodromy is read as the floor's cell without bisecting	Δ the product of the period's tick denominators; the invertible case formal-checked, the singular non-nilpotent case derived with its Lean statement owed (#62); a target reading zero is refused by the lock face (October 2)	L:HNN/Floquet:integer_monodromy_floor; R:holonics::hnn::ring::growth_of; R:holonics::hnn::ring::ReceivingBank::read_turn; N:2026-10-02_THE_RELEASE_GUARD_CERTIFIES_THE_FIXED_MASK_AND_CHARGES_THE_FLIP_OVER_A_WINDOW.md	formal-checked	uses:parametron.passage-monodromy
parametron.bank-spectral-line	parametron, receiver, receipt	one node C = I, K = I, Y = 16, h = 1, p = 5/8, members axis 1 and steps i^j; a turn of 8 unit cells z_t = u·i^(−jt): member m reads [46, 1473/32] at m − j ≡ 0, [1061/16, 531/8] at m − j ≡ ±1 and [827/1024, 1655/2048] (silent) at m − j ≡ 2 (mod 4);  the last cell open: the completing candidate reads the joint growth [1061/16, 531/8], above [35, 1121/32] and [1779/64, 445/16]	the bank reads a passage's spectral line by its lock pattern (the half-turn partner silent), and its lock's flip continues the line	every class j and offset u, exact at the relative grain 2^(−10); the general law owed (#62)	R:holonics::hnn::ring::ReceivingBank::read_turn; R:holonics::hnn::ring::Growth::exceeds	open	instance-of:parametron.passage-monodromy, uses:parametron.rotating-pump-resonance
parametron.bank-face	parametron, receiver, ratio	v = (2 + ihω)/(2 − ihω), ω² = k/c;  ζ = v̄²;  W^±_m = Σ_(t<d) a_m² s_m^t ζ^(±t) z_t;  A = Σ_m p_m² (|W⁺_m|² + |W⁻_m|²) ≤ κ²|z|², κ² = 2dΣ_m p_m²;  θ_x = A(x)/Σ_y A(y);  ℓ = log Σ_y A(y) − log A(t);  ∂ℓ/∂log A(x) = θ_x − q_x;  |W + ηV|² = |W|² + 2η Re(W̄V) + η²|V|²;  ∂A/∂(p_m²) = |W⁺_m|² + |W⁻_m|²	the receiving bank's lock at a declared temperature: a station's candidates are the sheets of one lock, each weighing the bank's second-order reading of its passage (the pair sum at each member's parametric resonance and its mirror), the face is the exchange face and the comparison's covector θ − q; the reading is exactly quadratic in the placed amplitudes and linear in each member's p²	one node with C = cI, K = kI and hω rational (else refused); the kicked chart's transport, the lossless Cayley multiplier; the ordering past the perturbative regime owed (#62)	H:crates/holonics/src/hnn/ring.rs@f5fd8f3b; L:HNN/BankFace:bank_face_covector; L:HNN/BankFace:member_amplitude_ray; L:HNN/BankFace:resonance_gain; N:2026-09-29_THE_BANKS_LEARNING_PATH_PINNED_BEFORE_ITS_RUNS.md	formal-checked	uses:parametron.passage-second-order, uses:parametron.lock-exchange-polynomial, face-of:parametron.passage-monodromy
parametron.bank-executed-sidebands	parametron, holon, cycle	F = R(1):  F R(c) F = R(c̄),  F Rot(v) F = Rot(v̄);  the executed tick A ⊗ 1 + p B ⊗ R(c) (transport on the phase plane (u, w)): member m on z and member −m on z̄ have one characteristic polynomial;  Σ_(t,s) Re(c_t c̄_s) Re(β ζ^t conj ζ^s) = ½ Re β (|Σ_t c_t ζ^t|² + |Σ_t c_t ζ̄^t|²)	the executed law departs from the kicked chart: its transport acts on the phase plane, so the node plane's reflection maps a passage to its conjugate with the transport unchanged and the executed growth reads both; a real pair kernel reads the parametric resonance and its mirror equally, where the kicked chart Rot_v(1 + pR_u) reads one sideband	the executed lossy transport λ = (24 + i√1023)/41 against v = (3 + 4i)/5 (4/3 − √1023/24 = 1/(24(32 + √1023))); the executed self term in p²|c|² and the lag-independent part |Σ_t c_t|² (the standing reading) owed (#62)	L:HNN/BankFace:flip_reflection; L:HNN/BankFace:flip_rotation; L:HNN/BankFace:sideband_pair_sum; H:crates/holonics/src/hnn/ring.rs@f5fd8f3b; N:2026-09-29_THE_BANKS_LEARNING_PATH_PINNED_BEFORE_ITS_RUNS.md	formal-checked	specializes:parametron.passage-second-order, uses:parametron.transported-pair
contact.transfer-faces	contact	m=2c+p+hd+(h²/2)k, T=(1/m)[[m−h²k,2hc],[−2hk,4c−m]]: tr=(4c−h²k)/m, det=(2c+h²k/2−p−hd)/m	the contact's own transfer and the faces its site is classified by	m≠0	L:HNN/Contact:transfer_trace_det; L:HNN/Contact:transfer_solves; L:HNN/Contact:transitOperator_scalar; R:holonics::hnn::contact::transfer	formal-checked	uses:hnn.contact-transit-balance
contact.kind-by-stiffness-sign	contact, landmark	lossless closed: det T=1; k>0 rotation, k=0 null shear [[1,h],[0,1]], k<0 boost	the contact's site kind is the sign of its stiffness	c>0, h≠0, 4c+h²k≠0	L:HNN/Contact:contact_transfer_kind_by_storage_sign; R:holonics::hnn::contact::site_reading	formal-checked	uses:trace.site-kind
contact.mode-plane	contact	Kv=μCv ⇒ closed transit keeps span{(v,0),(0,v)}, acting as T(1,μ);  no signature: c, b of full row rank ⇔ C ≻ 0, K ≻ 0 ⇒ census (k, 0, 0), certified by a nonzero maximal minor mod 2^61 − 1	a generalized mode is a plane of the scalar transfer; the census is the inertia of K for C≻0	transferDen(1,μ,0,0,h)≠0	L:HNN/Contact:contact_mode_transfer; R:holonics::hnn::contact::site_reading; R:holonics::hnn::contact::site_reading_of_factors	formal-checked	specializes:contact.kind-by-stiffness-sign
contact.boost-solve	contact, constitution	transitOperator bijective ∨ ∃v≠0, M_a v=0; 2C+hD+(h²/2)K⪰0 ⇒ ⟨v,M_a v⟩ ≥ (2h/G)|v|² ∀G>0	a boost is admitted only with a certified solve; a refusal returns its singular direction	G,h>0	L:HNN/Contact:contact_boost_solve_or_singular_direction; R:holonics::hnn::contact::certify_boost; R:holonics::hnn::contact::signed_form_certifies; R:holonics::hnn::Constitution::with_contact_signature	formal-checked	generalizes:hnn.tick-well-defined
contact.signed-storage	contact	E_a′−E_a+h⟨ω,Dω⟩=(hG/4)(|α|²−|α_out|²) at indefinite K; boost c=1,k=−1,h=1: (1,1)↦(3,3), ½w²−½u² stays 0	the balance is exact at signed storage; passivity does not follow	C,K symmetric	L:HNN/Contact:contact_signed_storage_balance; L:HNN/Contact:boost_grows_at_conserved_signed_storage	formal-checked	uses:hnn.contact-transit-balance
contact.lock-address	contact, key, cycle	m_g,m_h≥1: fibre (m_g/(m_h+1), (m_g+1)/m_h) ∋ x_g/x_h for m_g≤x_g<m_g+1, m_h≤x_h<m_h+1;  IsLockAddress a b r ⇔ r∈(a,b), r.den least, then r least;  exists, unique;  q≥2 ⇒ the least denominator alone fixes r (Bézout: m/t = p/q + 1/(qt), 0<t<q);  1≤p≤m_g, 1≤q≤m_h;  cycles at p/q ⇔ q∣k	the contact's lock address is the least-denominator rate of its measured winding fibre: unique, in the box of its windings, closing at its period q; windings read up to the horizon land in the lock letters of the derived bounds	m_g, m_h ≥ 1 (both rings wound); a < b for the general law	L:HNN/Contact:contact_lock_address; L:HNN/Contact:IsLockAddress; L:HNN/Contact:lockAddress_exists; L:HNN/Contact:lockAddress_unique; L:HNN/Contact:exists_smaller_den_between; L:HNN/Contact:least_denominator_unique; L:HNN/Contact:lockAddress_closes; R:holonics::hnn::contact::lock_address; R:holonics::navigator::address::simplest_between; R:holonics::hnn::contact::contact_readings; L:Compression/Landmark/Context/Address:lock_partition_finite; R:holonics::hnn::contact::LockDeclaration; R:holonics::hnn::contact::ContactLock	formal-checked	uses:aeon.two-clocks-lock
contact.break-release	contact, holarchy	R(a,a′)=E_a+W_a−D_a−E_a′ = E_(C,K)(z′)−E_(C′,K′)(z′); admitted ⇔ R−J≥0; J=γ(a′−a); W=D=0: E_a−E_a′≥γ(a′−a)	the parting releases the storage the parted constitution no longer holds; Griffith is the closed-port case	transit solve at (C,K)	L:HNN/ContactBreak:break_release_balance; L:HNN/ContactBreak:break_iff_release_covers_gluing; L:HNN/ContactBreak:griffith_closed_port_case; R:holonics::hnn::contact::BreakReceipt	formal-checked	uses:contact.signed-storage
contact.parted-face-defect	contact, holarchy	F′=F with column t₀ zeroed ⇒ (EᵀF′)_(t₀t₀)=0≠1 ⇒ interconnect = error(uncancelledPower)	a parted shared face returns its typed gluing defect, exhibited by the failed power check	units agree	L:HNN/ContactBreak:parting_returns_gluing_defect; L:HNN/ContactBreak:partedAt_not_powerCancels	formal-checked	uses:holarchy.interconnect-typed
contact.alignment-spectral-gap	contact, receiver	v̇ = −Mv, M = Σ_(i<j) w_ij (e_i − e_j)(e_i − e_j)ᵀ;  1ᵀM = 0;  ‖v(t) − v̄‖ ≤ e^(−λ₂t)‖v(0) − v̄‖;  path of three: spectrum 0, 1, 3, (I − M/3)ᵏ(1, 0, −1) = (2/3)ᵏ(1, 0, −1)	alignment through pairwise slip contacts conserves the mean and decays at the spectral gap	connected graph, w_ij ≥ 0	N:2026-10-09_CARTOGRAPHY_INVERTS_AN_ELIMINATED_INTERIOR_AND_A_FLOCK_ALIGNS_THROUGH_ITS_CONTACTS_AT_ITS_SPECTRAL_GAP.md	proved-standard	uses:contact.material
hnn.field-executed-balance	holon, contact, parametron, receipt	P′=P−hΣ⟨ω̂,Dω̂⟩+(h/2)ΣY⟨x̄,W_s x̄⟩+Π_c+hΣW⟨v̂,v̂−v*⟩+(h/2)ΣY⟨x̄,e⟩+Σ⟨ω̂,Mω̂−r⟩	the executed tick's power moves by dissipation, passive work, Π_c and the junction, element and transit defects	executed anchors, outputs and rates arbitrary; A skew, C,K symmetric, G≠0	L:HNN/Word:field_executed_balance_with_defects; L:HNN/Word:junctionScattering_executed; L:HNN/Word:element_executed_balance; L:HNN/Word:transit_executed_balance; R:holonics::hnn::word::FieldBalance; R:holonics::hnn::word::WordBalance::of	formal-checked	generalizes:hnn.tick-power-balance
hnn.word-commit-deposition	holon, contact, constitution, deposition	P_(C′,K′)(x) = P_(C,K)(x) + ½Σ_a(⟨w_a,(C′_a−C_a)w_a⟩ + ⟨u_a,(K′_a−K_a)u_a⟩);  P_end′ + E_end = P_open + E_open − D + resist + Π_c + defects + last + pump − D_res + chart_res + split_res + (W − δ) + ½⟨x,ΔΘx⟩	a word's balance carried across the deposit that follows it: the end change's power moves by the deposition work ½⟨x, ΔΘ x⟩ of the contacts' storage and stiffness, closing the word's one combined identity	Y, G, h declared by the field and read at the lift; C, K symmetric of any sign	L:HNN/Word:field_commit_deposition; L:Holon/Deposition:deposition_work; R:holonics::hnn::word::PowerForm; R:holonics::hnn::word::WordBalance::commit; R:holonics::hnn::word::WordBalance::closes; R:holonics::hnn::reference::WordBalances; L:HNN/Ring:ring_material_commit_work	formal-checked	uses:hnn.field-executed-balance
hnn.contact-reflected-storage-receipt	contact, tube, constitution, deposition	r=z−K_chart x; r_next=𝒟r+(𝒞+𝒟K_chart)x−K_next x_next+e_z; E(z)=E(r)+rᵀQK_chart x+E(K_chart x); Δr=−ΔK_chart x at fixed z,x	private instrumentation checks executed propagation operands, full incoming Passage and resonator input, carried clock/phases, solve/state splits and three storage terms; native deposited-return consumer checks whole successor/publication; manual replacement remains a separate control	declared constitution witness, not recovered source/receiving provenance; before-junction cut; local held boundary or actual next junction; unique chart only when I−𝒟 invertible, else complete fibre/obstruction; native successor/publication and actual first-passage/next-junction controls passed in a sealed in-crate harness; contact instantiation owed in #62	R:holonics::hnn::tests::contact_residual; L:Physics/ReflectedBoundaryMemory:reflectedResidual_step; L:HNN/Word:field_commit_deposition	definition	uses:hnn.word-commit-deposition, uses:fluid.boundary-memory
hnn.resonator-carried-opening	parametron, tube, receipt	E_end−E_open=W_pump+W_port−D+chart+split; E_end=E_open for zero ticks; opening phase=phase_at(max(opened_at−1,0))	private production proposal reads opening energy through actual scheduled operands, carries it into native balances, validates supplied phases, and admits absent state/phase as clock-framed rest; CUDA readout supplies zero opening storage under its kernel-established rest opening	focused native host controls passed for inherited storage, zero ticks, scheduled previous form, incompatible phase and absent state with supplied phase; native phase check does not prove absolute cut/clock; CUDA caller checked by source inspection only	R:holonics::hnn::word::{Resonance,ResonatorBalance,WordBalance}; R:holonics::hnn::ring::ResonatorOperands::energy_at; R:holonics_cuda::hnn::readout::resonator_balance; L:HNN/Ring:ring_tick_executed_energy_balance; L:HNN/LoadedRing:resonance_word_balance	definition	uses:hnn.word-commit-deposition, uses:parametron.ring-executed-bound
hnn.unloaded-port-defect	holon, parametron, receipt	P′ = P + F − δ, E′ = E + R + W ⇒ P′ + E′ = P + E + F + R + (W − δ);  unloaded port: δ = 0, defect = W	the combined storage of a field and a receiver at its port moves by both balances plus the interconnection's defect W − δ, zero exactly when the interconnection is power-neutral; the historical unloaded campaign-2 resonator draws port work without loading the word, so that specialization's defect is its port work	unloaded specialization: the receiver returns no wave; historical campaign-2 diagnostic; the loaded resonator forms δ = W, so its loaded interconnection defect is zero by construction and is not evidence; the loaded evidence is the bounded executed residual (parametron.ring-executed-bound)	L:HNN/Word:combined_balance_unloaded_port; R:holonics::hnn::word::FieldBalance::closes; R:holonics::hnn::word::WordBalance::closes	formal-checked	uses:parametron.ring-executed-balance
hnn.landmark-bundle-address	receiver, landmark, tower, navigator	b(c :: h) = (c, read σ_(c::h));  a_D(w ++ h) = (bundles_σh(w) ++ a_D(h)).take D;  a_d = a_D.take d;  flat(a_D).take(d(1 + r)) = flat(a_d);  ret σ = ret σ′ ⇒ bundles agree	the address of typed bundles is causal and restricts by whole bundles: each tick's bundle is read after its step from the retained state, never again, and the epoch's bundles are a function of the state at the cut and its known targets	d ≤ D; r slots; the retained state steps by cells only between refreshes	L:Compression/Landmark/Context/Address:bundle_causal; L:Compression/Landmark/Context/Address:bundle_restrict; L:Compression/Landmark/Context/Address:address_descends_retention; R:holonics::compression::landmark::context::Letter; R:holonics::compression::landmark::context::Bundle; R:holonics::compression::landmark::context::letter_address; R:holonics::hnn::receiving::LetterReader; R:holonics::hnn::receiving::ActiveAddress; R:holonics::hnn::receiving::clock_letters	formal-checked	uses:hnn.receiver-suffix-address
hnn.landmark-section-address	receiver, landmark, tower, tube	chart A = [0, B) ∪ {B + C·k + c : k < K, c < C};  section(x) = ((x − B) div C, (x − B) mod C) for x ≥ B;  open_(t+1) = section(x_t) if x_t ≥ B, open_t otherwise;  b_t = (x_t, slots(section(x_t) or open_t)), slots ∈ {[c], [c, k]};  no slots []: b_t = x_t, the sections read only where a part opens;  a byte before any letter refused	a curated stream's typed address: each tick's bundle carries the slots of the part it lies in, read once at the part's section letter and carried by every bundle of the part (the channel is read from the coded past, never supplied); with no slots the address is the cells alone, the whole-stream control whose aeons open at the letter	B ≥ 2, C ≥ 2, K ≥ 1; the cut opens at a section letter	R:holonics::compression::landmark::context::sections::SectionChart; H:crates/holonics/src/compression/landmark/context/sections.rs@f5fd8f3b; H:crates/holonics/src/receiver/population/families.rs@f5fd8f3b	definition	specializes:hnn.landmark-bundle-address
hnn.landmark-feature-square	receiver, landmark, tower, parametron	π(step σ c) = step′(π σ) c ∧ read′(π σ) = ρ(read σ) ⇒ a′_D = ρ ∘ a_D, commuting with take d;  ⌊g′ y⌋ = ⌊g′m y⌋ / m;  phaseClass g′ (k/d) = ⌊g′ k / d⌋	a feature extraction that commutes with the state restriction gives a scale square of addresses; a dividing grain and an exact phase are its instances	the commutation hypothesis; m > 0; k < d	L:Compression/Landmark/Context/Address:feature_scale_square; L:Compression/Landmark/Context/Address:phaseClass_coarsen; L:Compression/Landmark/Context/Address:phaseClass_of_exact; R:holonics::hnn::receiving::LetterReader; R:holonics::receiver::face::GrainCell	formal-checked	uses:hnn.landmark-bundle-address
hnn.landmark-letter-partitions	receiver, landmark, contact, parametron	phaseClass g x = ⌊g fract x⌋ ∈ [0, g), fibre [k/g, (k+1)/g), phaseClass d (j/d) = j mod d;  lock letters Unlocked ∪ {(p, q) coprime : 0 < p ≤ P, 0 < q ≤ Q}, |·| ≤ (P+1)(Q+1) + 1;  first return by H ⇔ q ≤ H;  bundle code 0 | 1 + x + |A| f injective, f = Σ v_i Π_(k<i) s_k < Π s_i	each letter's partition is finite and derived from its declaration; a contact's lock letters are the box its reading lands in, in the contact's orientation, not the Farey family of [0, 1]; the bundle code is injective	g ≥ 2 (a slot of one letter is refused: it carries nothing); (P, Q) = the horizon ∏_(j>r) d_j of the contact's rings; values within their slots	L:Compression/Landmark/Context/Address:phase_partition_finite; L:Compression/Landmark/Context/Address:lock_partition_finite; L:Compression/Landmark/Context/Address:bundle_code_injective; R:holonics::compression::landmark::context::LetterFamily; R:holonics::hnn::receiving::Feature; R:holonics::hnn::contact::LockDeclaration; R:holonics::hnn::contact::ContactLock; R:holonics::hnn::contact::ContactReading	formal-checked	uses:contact.lock-address
hnn.landmark-cell-dominance	receiver, landmark, compression	W_enlarged = ½ W_cells + ½ W_bundles per dyadic cell;  −log₂ ∏ q_join ≤ −log₂ prior_w(S) + 1 − log₂ ∏_(leaves of S) E (Γ(S) + 1 at w = ½);  over the passage −log₂ ∏_h ∏_t q_(h,t) ≤ Σ_h −log₂ W_h + |H|;  L ≤ L_c + |H| + ρ + ρ_c	the enlarged tree keeps the cell-only branch: it codes within one bit a dyadic cell of every cell-only pruned tree, and over the passage within one bit a dyadic cell opened of the cell-only tree (|H| ≤ 2^B − 1, 255 at |A| = 256), plus both trees' certified drift; the features' description is charged beside it	executed codes within their drifts ρ, ρ_c of the ideal join and cell tree; H the dyadic cells the passage opened; the cell branch under any declared stop prior w_d ∈ (0,1)	L:Compression/Landmark/Context/Address:cell_only_dominance_with_feature_charge; L:Compression/Landmark/Context/Address:passage_join_bound; R:holonics::compression::landmark::context::Landmarks; R:holonics::compression::landmark::context::IdealLandmarks; R:holonics::compression::landmark::context::Landmarks::face_rule	formal-checked	uses:hnn.landmark-tree-mixture, uses:hnn.landmark-stop-prior
hnn.landmark-carrier-rebase	deposition, receiver, ratio	N = 2^e N̂ + r_N, D = 2^e D̂ + r_D (0 ≤ r < 2^e): N/D exact while carried;  released: N̂/(D̂ + 1) ≤ N/D ≤ (N̂ + 1)/D̂, log width < 1/D̂;  β ∈ [β̌, β̌(1 + δ)] ⇒ β k/x and (β k + q)/(1 + β) within (1 + δ);  Σ_t log₂((1 + δ_t)(1 − r_t)) ≤ n(2^(3−W) + 2^(2−R))	a tree carrier past its width rebases by a common power of two, its ratio enclosed and the enclosure carried through every later step; the rebases add and never compound, and widths are never reduced to fit	δ_t ≤ 2^(1−R), r_t < 2^(1−W); R = 126 − W ≥ W	L:Compression/Landmark/Context/Carrier:rebase_decode; L:Compression/Landmark/Context/Carrier:rebase_ratio_enclosed; L:Compression/Landmark/Context/Carrier:rebase_step_enclosed; L:Compression/Landmark/Context/Carrier:rebase_log_residual_sum; L:Compression/Landmark/Context/Carrier:width_or_rebase_total; R:holonics::compression::landmark::context::Beta; R:holonics::compression::landmark::context::Widths; R:holonics::compression::landmark::context::Landmarks; R:holonics_cuda::hnn::tree::CardTree	formal-checked	uses:hnn.landmark-beta-chart
hnn.landmark-executed-face-bound	receiver, landmark, receipt	q_ideal ≥ μ, lattice deviation (m + 1) 2^(−M−1) + Σ|λ̂ − λ| ≤ ε < μ, |ln q_ideal(a) − ln q′(a′)| ≤ ρ_A ⇒ |ln q̂ − ln q′| ≤ ε/(μ − ε) + ρ_A;  executed address = ideal address ⇒ ρ_A = 0	the executed face against the ideal face at the ideal address is bounded by the lattice residual plus the address residual, which is zero when host and card read the same bundle codes	M ≥ 1; ε < μ	L:Compression/Landmark/Context/Tree:executed_face_bound; R:holonics::compression::landmark::context::CellReading	formal-checked	uses:hnn.landmark-lattice-path
hnn.born-split	receiver, parametron, ratio	T_c = re Tr(A_c ρ A_c†);  p(b | ρ) = T_b/(T_0 + T_1), T_0 + T_1 > 0;  p ≥ 0, p(0) + p(1) = 1;  cell face = ∏_i p_i(c_i | ρ after the digit prefix), Σ_(c<2^w) = 1 when every denominator a positive-mass prefix reaches is positive;  executed q̂_0 = ⟦T̃_0/(T̃_0 + T̃_1)⟧ on 2^(−M) in [2^(−M), 1 − 2^(−M)], q̂_1 = 1 − q̂_0: a dyadic partition of the unit cell	the Born face splits each odometer digit by the ratio of its two operators' traces at the receiving ring's density; the executed cell face is the tree's dyadic partition	ρ ⪰ 0; operators indexed by the digit prefix (per digit position or per dyadic cell)	L:HNN/BornFace:born_face_normalized; L:HNN/BornFace:born_executed_partition; L:Compression/Landmark/Context/Tree:cell_faces_partition	formal-checked	uses:hnn.landmark-digit-partition
hnn.born-reception	receiver, parametron, receipt	ρ′ = A_b ρ A_b†/Tr(A_b ρ A_b†):  ρ′ ⪰ 0, Tr ρ′ = 1 (Tr(A_b ρ A_b†) > 0);  A ψψ† A† = (Aψ)(Aψ)†	observing a digit collapses the ring's density through the observed operator, the reception's receipt; a pure density stays pure, so the carried state is the ray ψ	ρ ⪰ 0; a zero trace is refused	L:HNN/BornFace:born_update_trace_one; L:HNN/BornFace:bornUpdate_posSemidef; L:HNN/BornFace:born_pure_stays_pure	formal-checked	uses:hnn.born-split
hnn.born-standing	receiver, deposition, holon	retain(ρ_0, steps) = foldl (ρ ↦ A_b ρ A_b†/Tr) ρ_0;  reopen r w (retain h) = split_r(retain(h ++ w));  retain h = retain h′ ⇒ causalSignature h = causalSignature h′;  (ρ, []) ≠ (ρ, [(I, 0)]) with one retained density	the density is a lawful retention: every future Born face factors through it, and distinct histories leave one density (a quotient, not a tape)	Foundation/Standing.StandingLaw over histories	L:HNN/BornFace:born_state_future_sufficient; L:HNN/BornFace:two_histories_one_density; L:Foundation/Standing/Law:StandingLaw	formal-checked	uses:hnn.born-reception
hnn.born-tick	parametron, swing, receiver	U ∈ U(n), ρ ⪰ 0 ⇒ UρU† ⪰ 0, Tr(UρU†) = Tr ρ;  Tr(A UρU† A†) = Tr((AU)ρ(AU)†) and update(A, UρU†) = update(AU, ρ);  the ring tick keeps Q = diag(K, C), only semidefinite on a closed ring (the shared harmonic mode), so the declared tick is U = I	power-neutral evolution between cells keeps a density, and a fixed unitary tick is absorbed exactly into the first digit's learned operators (the Frobenius prox step is invariant under A ↦ AU)	U unitary; campaign 1's field declares no resonator	L:HNN/BornFace:born_unitary_invariant; L:HNN/BornFace:born_tick_absorbed; L:HNN/Ring:ring_harmonic_mode_singular	formal-checked	uses:hnn.born-reception
hnn.born-interference-zero	receiver, parametron, holon	ρ = [[½, ½], [½, ½]], A₁ = [[1, 0], [0, 0]], A₂ = [[0, −1], [0, 0]]:  T(A₁) = T(A₂) = ½, T(A₁ + A₂) = 0;  M ≥ 0 entrywise, π > 0:  mass(M₁ + M₂) = mass(M₁) + mass(M₂),  mass(M) = 0 ⇒ M = 0	complex amplitudes cancel before they are squared (a shadow), which no nonnegative (hidden Markov) receiver of the same width makes at a positive state; the executed face floors the shadow at 2^(−M)	width-2 witness; nonnegative real receivers of any width; the general separation (Glasser et al.) is owed in #62	L:HNN/BornFace:born_interference_zero; L:HNN/BornFace:hmm_mass_add; L:HNN/BornFace:hmm_mass_pos	counterexample	uses:hnn.born-split
hnn.born-covector	ratio, deposition, receiver	T(A + tE) = T(A) + 2t re Tr(EρA†) + t² T(E);  d/dt log p_b(A_b + tE) = 2 re Tr(EρA_b†)(1/T_b − 1/Z);  d/dt log p_b(A_c + tE) = −2 re Tr(EρA_c†)/Z (c ≠ b);  G_c = (2/Z)(q_c/p_c − 1) A_c ρ,  re Tr(EρA†) = re Tr((Aρ)†E)	the ratio covector of the Born face, R⁻¹dR of the trace ratio, is each operator's image of the density scaled by its target-to-face ratio minus one	ρ Hermitian; T_b > 0; Z = T_0 + T_1	L:HNN/BornFace:born_covector_eq; L:HNN/BornFace:bornMass_add_smul; L:HNN/BornFace:riesz_trace	formal-checked	uses:hnn.born-split
hnn.born-fisher-step	deposition, ratio, receiver	Fisher information of the split along a unit direction of a_c = A_c ψ̂: (4/Z)(1 − p_c) ≤ 4/Z;  γ = Z/4, H_0 = I, unit weight:  H′ = H + ψ̂ψ̂†,  A_c ← A_c + ½(q_c/p̂_c − 1)(A_c ψ̂)(H′⁻¹ψ̂)†;  first-order logit move h (q_0 − p_0)/(p_0 p_1), h = ψ̂†H′⁻¹ψ̂	the Born operators learn by the normal law's prox step at the Fisher-scoring step: Newton's step for the log loss times the normal law's leverage	the executed coefficient reads the face at its lattice point p̂ ≥ 2^(−M), so |½(q/p̂ − 1)| ≤ 2^(M−1); convergence owed in #62	L:HNN/BornFace:born_fisher_bound; L:HNN/Normal:normal_prox_step_complex	formal-checked	uses:hnn.born-covector
hnn.born-lattices	receiver, deposition, receipt	χ = 2^j;  M least with 2^M ≥ 3 B L_R (2n* + 2);  S = M + 3 + ⌈j/2⌉ (the joint rebase moves the split by ≤ √χ 2^(1−S) ≤ 2^(−M−2));  L_A = M + 3 + j;  L_H = ⌈log₂(2 L_R χ)⌉;  C = M + 4 + j (the covector's charts, relative 2^(1−C) each);  F = C + j + 3, the solve certified ‖ψ − H′v̂‖∞ ≤ 2^(−C)‖ψ‖∞;  carries at 2^(−L−k_m), k_m = 2⌊log₂ m⌋ + 1	every quantity of the Born receiver sits on a declared lattice with a certified residual: the face, the state's mantissa, the operators and the Gram with their refining remainders, the covector's charts and the certified solve	standing cut: M = 23; χ = 128: S = 30, L_A = 33, L_H = 12, C = 34, F = 44; the passage composition owed in #62	L:HNN/LatticeDeposit:lattice_deposit_accounting; L:HNN/LatticeDeposit:release_bounded_since_founding; L:Compression/Landmark/Context/Tree:digit_log_residual	definition	uses:hnn.landmark-lattice-path, uses:hnn.born-fisher-step
hnn.born-mixture-order	receiver, landmark, ratio	∏_t q_t = ½ W_T + ½ W_B  ⇒  L_mix < L_T ⟺ W_B > W_T ⟺ L_B < L_T (ideal; the executed chart adds its drift)	The likelihood mixture codes below the tree exactly when the Born face alone does over the passage	sequential mixture from β_0 = 1	L:Compression/Landmark/Context/Tree:sequential_mixture; L:Compression/Landmark/Context/Tree:sequential_mixture_bounds; R:holonics::receiver::population::port::PortPopulation	proved-derived	uses:hnn.receiver-mixture, uses:hnn.born-split
hnn.forward-mixture	receiver, landmark, ratio, epoch	F_0 = π;  F_(t+1)(x) = Σ_y F_t(y) f_y(t) T(y, x);  q_t = Σ_x F_t(x) f_x(t)/Σ_x F_t(x);  T stochastic ⇒ ∏_(t<n) q_t = Σ_x F_n(x);  F_n(σ_n) ≥ π(σ_0) ∏_t f_(σ_t)(t) T(σ_t, σ_(t+1)), so −log₂ ∏ q ≤ −log₂ π(σ_0) − Σ log₂ T(σ_t, σ_(t+1)) − Σ log₂ f_(σ_t)(t);  v_(t+1)(x) = Σ_y (v_t(y) f_y(t)/q_t) T(y, x);  weights run on f ρ with r_t ≤ ρ ≤ R_t: the same bound + Σ_t log₂(R_t/r_t)	one law weighs every face by its own evidence: a mixture over faces with a stochastic kernel telescopes to its total forward weight and codes within its prior and kernel's price of every face sequence; a chart on the weights adds its drift once over the passage	prior π ≥ 0, Σπ = 1; faces f > 0; T stochastic (local weighing)	L:Compression/Landmark/Context/LocalWeighing:fwd; L:Compression/Landmark/Context/LocalWeighing:fwdMix; L:Compression/Landmark/Context/LocalWeighing:forward_telescope; L:Compression/Landmark/Context/LocalWeighing:forward_dominance; L:Compression/Landmark/Context/LocalWeighing:forward_weight_step; L:Compression/Landmark/Context/LocalWeighing:forward_executed; R:holonics::compression::landmark::context::FaceJoins; R:holonics::receiver::population::port::PortPopulation	formal-checked	generalizes:hnn.receiver-mixture
hnn.static-two-face-prior	receiver, landmark, ratio	T = 1:  F_n(x) = π_x A_x(n),  ∏ q = Σ_x π_x A_x(n),  −log₂ ∏ q ≤ −log₂ π_x − log₂ A_x(n);  two faces at (π, 1 − π): β_0 = π/(1 − π), β′ = β a/b, λ = β/(1 + β), ∏ q = π A_n + (1 − π) B_n;  π = 1 − 2^(−j): β_0 = 2^j − 1;  π = ½: the likelihood mixture's seqMix	the static mixture of faces under a declared prior codes within −log₂ of each face's prior weight; a two-face join founded at 2^j − 1 weighs the incumbent at 1 − 2^(−j)	π_x > 0; faces > 0; the dyadic ladder j ≥ 1 (local weighing)	L:Compression/Landmark/Context/LocalWeighing:static_mixture; L:Compression/Landmark/Context/LocalWeighing:two_face_prior; L:Compression/Landmark/Context/LocalWeighing:idKernel_stochastic; R:holonics::compression::landmark::context::JoinTree; R:holonics::compression::landmark::context::FaceJoins	formal-checked	specializes:hnn.forward-mixture, generalizes:hnn.receiver-mixture
hnn.fixed-share	receiver, ratio, epoch	T(y, x) = 1 − α (x = y), α (x ≠ y), F_0 = ½/½:  −log₂ ∏_(t<n) q_t ≤ −log₂ ∏_t f_(σ_t)(t) + 1 + k(−log₂ α) + (n − k)(−log₂(1 − α)),  k = #{t < n : σ_(t+1) ≠ σ_t};  β′ = S_α(β a/b),  S_α(β) = ((1 − α)β + α)/((1 − α) + αβ),  α = 2^(−j): ((2^j − 1)β + 1)/((2^j − 1) + β);  |log S_α(y) − log S_α(x)| ≤ |log y − log x|	the switching mixture lets the weights move between epochs at a declared price a switch (Herbster–Warmuth), its executed ratio the likelihood step then the share, which never amplifies a drift in log β	α ∈ (0, 1); faces > 0; the rate on the dyadic ladder (local weighing)	L:Compression/Landmark/Context/LocalWeighing:fixed_share; L:Compression/Landmark/Context/LocalWeighing:shareKernel; L:Compression/Landmark/Context/LocalWeighing:share_ratio_step; L:Compression/Landmark/Context/LocalWeighing:share_log_lipschitz; L:Compression/Landmark/Context/LocalWeighing:stays_add_switches; R:holonics::receiver::population::Dormancy	formal-checked	specializes:hnn.forward-mixture
hnn.landmark-own-weights	receiver, landmark, compression	W_s = E_s at depth D, W_s = w_d E_s + (1 − w_d) ∏_b W_(s b);  W_s = Σ_S prior_w(S) ∏_(leaves) E;  E_s = KT(N s) ⇒ W = stopWeight w N;  E ≡ 1 ⇒ W = 1;  Σ_S prior_w(S) = 1,  prior_w(S) ∏ E ≤ W,  −log₂ W ≤ −log₂ prior_w(S) − log₂ ∏_(leaves) E;  E′ = E e(c) on the opened path ⇒ W′_d = W_d q_d(c), q_d = λ_d e_d + (1 − λ_d) q_(d+1) (w_d ∈ [0, 1))	the landmark tree over any positive own weights is a Kraft-complete mixture over pruned trees coding within its prior's code of every pruned tree, stepping by its path face; the declared stop law is its KT case, and every node law's tree is this tree at the law's own weights	finite letters; bounded depth; w_d ∈ (0, 1) (the step: [0, 1)); E > 0 (local weighing and the register's capacity; stated once in Context/Tree since the capacity)	L:Compression/Landmark/Context/Tree:ownWeight; L:Compression/Landmark/Context/Tree:ownLik; L:Compression/Landmark/Context/Tree:own_mixture_over_trees; L:Compression/Landmark/Context/Tree:ownWeight_kt; L:Compression/Landmark/Context/Tree:ownLik_kt; L:Compression/Landmark/Context/Tree:ownWeight_one; L:Compression/Landmark/Context/Tree:own_kraft_and_dominance; L:Compression/Landmark/Context/Tree:own_weight_step₀; L:Compression/Landmark/Context/Tree:own_face_positive_normalized; L:Compression/Landmark/Context/Tree:stop_mixture_over_trees; L:Compression/Landmark/Context/Tree:stop_kraft_and_dominance; L:Compression/Landmark/Context/Tree:stop_weight_step₀	formal-checked	generalizes:hnn.landmark-stop-prior
hnn.landmark-stopped-path	receiver, landmark, compression	q_τ = e_τ, q_d = λ_d e_d + (1 − λ_d) q_(d+1) (d < τ): e_d > 0, Σ e_d = 1, λ_d ∈ [0, 1] ⇒ q_d > 0, Σ q_d = 1 for every τ;  τ(h), e(h), λ(h) functions of the past h only ⇒ ∏_t q_t(h)(c_t) > 0 and Σ_(|h| = n) ∏_t q_t = 1 (the prequential code is complete)	a path read stopped at any depth decided before the symbol is a normalized face, and a causal stopping rule codes a complete prequential law	finite classes; τ ≤ D; the stop decided from the standing, never the next class (second-arrival founding)	L:Compression/Landmark/Context/ConvergenceFounding:stopped_face_normalized; L:Compression/Landmark/Context/ConvergenceFounding:prequentialCode; L:Compression/Landmark/Context/ConvergenceFounding:prequential_code_complete; L:Compression/Landmark/Context/ConvergenceFounding:stopping_rule_normalized; R:holonics::compression::landmark::context::Landmarks::face	formal-checked	uses:hnn.landmark-path-step
hnn.landmark-absent-children	receiver, landmark, compression	W_s = E_s at depth D, W_s = w_d E_s + (1 − w_d) ∏_b R_(s b) W_(s b);  W_s = Σ_S prior_w(S) ∏_(leaves ℓ) E_ℓ ∏_(splits t, letters b) R_(t b);  Σ_S prior_w(S) = 1,  prior_w(S) L(S) ≤ W,  −log₂ W ≤ −log₂ prior_w(S) − log₂ L(S) for every pruned tree S (the ones whose leaves are founded included);  E ≡ 1, R ≡ 1 below s ⇒ W_s = 1;  R ≡ 1 ⇒ W = ownWeight w E, and E = KT(N) ⇒ W = stopWeight w N	the landmark tree whose absent children read through their parent (pre-factor R: the parent's faces over the arrivals that found the child absent) is a Kraft-complete mixture over pruned trees; with no pre-factor it is the tree over own weights, and with KT own weights the landmark tree's	finite letters; bounded depth; w_d ∈ (0, 1); E, R > 0 (second-arrival founding; its Rust realization retired at d137e8a6)	L:Compression/Landmark/Context/ConvergenceFounding:convWeight; L:Compression/Landmark/Context/ConvergenceFounding:convLik; L:Compression/Landmark/Context/ConvergenceFounding:conv_mixture_over_trees; L:Compression/Landmark/Context/ConvergenceFounding:conv_kraft_and_dominance; L:Compression/Landmark/Context/ConvergenceFounding:convWeight_unit; L:Compression/Landmark/Context/ConvergenceFounding:convWeight_first_arrival; L:Compression/Landmark/Context/ConvergenceFounding:convLik_first_arrival	formal-checked	generalizes:hnn.landmark-own-weights, generalizes:hnn.landmark-stop-prior
hnn.landmark-stopped-step	receiver, landmark, deposition, ratio	E'_d = E_d e_d(c) (d ≤ τ), R'_(τ+1) = R_(τ+1) e_τ(c) (τ < D), nothing else ⇒ W'_d = W_d q_d(c) (d ≤ τ);  P'_d = P_d q_(d+1)(c) (d < τ), P'_τ = P_τ e_τ(c);  λ = β/(1 + β), β_d = w_d E_d/((1 − w_d) P_d):  β'_d = β_d e_d(c)/q_(d+1)(c) (d < τ), β'_τ = β_τ	an arrival stopped at τ multiplies each opened node's weight by the stopped face; the ratio steps as the landmark tree's above the stop and does not move at it, so the executed tree stores no pre-factor	|a| ≥ D; τ ≤ D; E, R > 0; w_d ∈ (0, 1) (second-arrival founding; its Rust realization retired at d137e8a6)	L:Compression/Landmark/Context/ConvergenceFounding:convLam; L:Compression/Landmark/Context/ConvergenceFounding:convRatio; L:Compression/Landmark/Context/ConvergenceFounding:conv_off; L:Compression/Landmark/Context/ConvergenceFounding:conv_deep; L:Compression/Landmark/Context/ConvergenceFounding:conv_weight_step; L:Compression/Landmark/Context/ConvergenceFounding:conv_split_step; L:Compression/Landmark/Context/ConvergenceFounding:conv_ratio_step	formal-checked	uses:hnn.landmark-absent-children, generalizes:hnn.landmark-path-step
hnn.landmark-convergence-founding	receiver, landmark, navigator, compression	present(s) ⇔ s = root ∨ an earlier arrival reached s;  τ = stopDepth(present, a, D);  the arrival counts c on a.take d, d ≤ τ + 1 (≤ D); a.take(τ+1) (τ < D) opens with count c and R ← R·k_τ(c);  E_s = KT(N_s)/KT(opening_s);  W_root(h) = ∏_t q_t(c_t) and Σ_(|h| = n) W_root(h) = 1;  the opening moves no weight (own = 1);  present ≡ true ⇒ τ = D, R = 1, W = stopWeight, λ = stopLam (the first-arrival tree = found at the first arrival);  founded ≤ n B + 2^B − 1, pending ≤ n B at every D	a landmark is founded at its second arrival, where two paths meet: until then the path stops at its deepest founded node and the child reads as absent; the first arrival is kept as the child's pending count (one digit in the child table's word), and the node opens with it; measured on the wide cut and retired from Rust (second-arrival founding, commit d137e8a6): the development cells kept the first arrival, and the storage where paths part stores the first-arrival tree where paths part	causal context of depth ≥ D; forced depths founded at the first arrival (second-arrival founding)	L:Compression/Landmark/Context/ConvergenceFounding:stopDepth; L:Compression/Landmark/Context/ConvergenceFounding:stopDepth_spec; L:Compression/Landmark/Context/ConvergenceFounding:stopDepth_all; L:Compression/Landmark/Context/ConvergenceFounding:first_arrival_is_the_full_tree; L:Compression/Landmark/Context/ConvergenceFounding:Convergence; L:Compression/Landmark/Context/ConvergenceFounding:receive_inv; L:Compression/Landmark/Context/ConvergenceFounding:convergence_step; L:Compression/Landmark/Context/ConvergenceFounding:convergence_is_probability; L:Compression/Landmark/Context/ConvergenceFounding:second_arrival_opens_with_the_first_count	formal-checked	uses:hnn.landmark-stopped-step, uses:hnn.landmark-stopped-path, generalizes:hnn.landmark-founding-release
hnn.landmark-founding-choice	receiver, landmark, compression	the founding law ∈ {first arrival, second arrival}, charged ⌈log₂ 2⌉ = 1;  each law's depth sweep D = 1, 2, … while the development code decreases strictly (disjoint enclosures), charged ⌈log₂ depths tried⌉;  second arrival: D ≤ the carriers' limit (73 at n* = 2^20), the sweep concurrent within the cap (⌊20·10^9/3389100652⌋ = 5 trees at the a-priori bound);  wide cut (n* = 2^20 = 1048576, development 917504 = 2^17·7): D = 19 of 20, 1827190 + 13/16 + ε bits, above the first arrival at D = 6 (1822006 + 1/16 + ε) by 5186 + 12/16 + ε charged: the development cells choose the first arrival; held out (131072 = 2^17) below it by −490 + 11/16 + ε, with 671092356 live bytes against 914360948	the founding law and its depth are chosen on the development cells alone, every depth tried charged; at 2^20 cells the convergence tree's slower growth loses on development and wins held out	development cells only; disjoint exact enclosures (second-arrival founding; the founded sweep and pass retired from Rust at d137e8a6)	D:research/records/2026-09-26_THE_LANDMARK_TREE_AT_SCALE_THE_STOP_PRIOR_LOCAL_WEIGHING_THE_WIDE_CUT_AND_THE_STORAGE_WHERE_PATHS_PART.md; H:crates/holonics/src/hnn/reference.rs@f5fd8f3b	definition	uses:hnn.landmark-convergence-founding, uses:hnn.landmark-prior-choice
hnn.landmark-chain-node	receiver, landmark, compression, tower	a chain t..b, each node with one reached child (every address runs to D, padded with Boundary): the same counts E at every node;  ρ = P_w/P_e:  1 − ρ_d = (1 − w_d)(1 − ρ_(d+1));  w_d = 1 − 2^(−j_d) ⇒ 1 − ρ_t = 2^(−S)(1 − ρ_(b+1)), S = Σ_(d=max(t, forced))^b j_d (a forced depth j = 0);  with its bottom: P_w(t) = W E + (1 − W) X, 1 − W = 2^(−S), X the bottom's children's product;  β₀ = 2^S − 1, β′ = β k(c)/q_X(c) (the tree's step);  a chain to D (w_D = 1): ρ ≡ 1, P_w = E, one KT node;  executed: β₀ exact within W bits, else (2^W − 1)·2^(S − W) with its rebase unit	a unary chain with the node below it is one KT node at the chain's summed rung, founded at 2^S − 1 and stepped by the unchanged law; a chain ending at the declared depth is one KT node	bounded depth D; addresses padded to D; dyadic rungs w = 1 − 2^(−j) (stored where paths part)	L:Compression/Landmark/Context/Compaction:chain_ratio; L:Compression/Landmark/Context/Compaction:chain_ratio_dyadic; L:Compression/Landmark/Context/Compaction:leaf_chain_is_one_node; L:Compression/Landmark/Context/Compaction:compacted_is_the_full_tree; R:holonics::compression::landmark::context::Landmarks; R:holonics::compression::landmark::context::LandmarkDeclaration::rung_sums; R:holonics::compression::landmark::context::IdealLandmarks; R:holonics_cuda::hnn::tree::CardTree	formal-checked	specializes:hnn.landmark-stop-prior, uses:hnn.landmark-path-step
hnn.landmark-chain-split	receiver, landmark, ratio, tower	a chain of summed rung S = S_up + S_low parting at depth k:  β_ℓ = β (2^(S_low) − 1)/(2^S − 1) (the lower part, its counts kept);  β_u = (2^(S_up) − 1) 2^(S_low) β_ℓ/((2^(S_low) − 1)(β_ℓ + 1)) = (2^(S_up) − 1) 2^(S_low) β/(β (2^(S_low) − 1) + 2^S − 1) (the upper part, the same counts);  above a leaf β_u = 2^(S_up) − 1;  S_up = 0 (above the forced depths): the upper part passes its face	an arrival that parts from a label splits its chain: the lower part keeps its counts at β_ℓ, the upper part holds the same counts at β_u, and the arrival founds its leaf below it	dyadic rungs; S_up ≥ 1 for the division; exact in ℚ (stored where paths part)	L:Compression/Landmark/Context/Compaction:chain_split; R:holonics::compression::landmark::context::IdealLandmarks	formal-checked	uses:hnn.landmark-chain-node, uses:hnn.landmark-beta-chart
hnn.landmark-chain-split-executed	receiver, landmark, ratio, tower	executed split: β_ℓ and β_u each formed exactly and carried once at W bits, exact when both odd parts fit, else the W-bit floor m′ ∈ [2^(W−1), 2^W) below it by a relative [0, 1/m′);  |ln β̂ − ln β| ≤ Δ + 1/m′ < Δ + 2^(1−W) (β ↦ β_u 1-Lipschitz in ln β, β ↦ β_ℓ a shift, Δ the chain's drift), u + 2ℓ to the upper part's drift, ℓ to the lower part's and 2(u + ℓ) to the deposit's increment;  rule: (n* P² + max((n* + 1) P², 4n* P)) 2^(1−W) + n* P² ρ_c for the rebases (an arrival's split at most 4 units to each of at most P levels), within a quarter grain at 2^W ≥ 12 B L_R (n* P² + max((n* + 1) P², 4n* P));  card: the integers formed at the capped exponent, e ≥ E* = 2W + 2S + 4 reading as E* and −e ≥ F* = 3W + 2S + 4 as F* with its exponent shifted, 5W + 3S + 5 bits	the executed split rounds each ratio once and carries its unit as the rebases do, and the carrier counts the splits, so the rule stays below half a grain; the card forms the same carried ratios on bounded integers	the executed carrier W; the card's single-division widths and 5W + 3S + 5 < 512 (stored where paths part)	L:Compression/Landmark/Context/StoredDrift:split_charge; R:holonics::compression::landmark::context::Beta::split; R:holonics::compression::landmark::context::Landmarks::face_rule; R:holonics::compression::landmark::context::carrier_width; R:holonics_cuda::hnn::tree::split_ratios	proved-derived	specializes:hnn.landmark-chain-split, uses:hnn.landmark-beta-chart
hnn.landmark-compacted-storage	receiver, landmark, compression, tower	stored: each chain whose bottom has ≥ 2 reached children and each leaf, each with its bottom depth, counts, chart and label (the letters from its parent's face to its bottom, a leaf's to D); a unary root folds into its chain: the root stands alone only while nothing has arrived, and a first arrival stores one leaf chain from the root to D;  read: each label compared letter by letter (exact), a mismatch at depth k + 1 parts the chain at k and the path stops at the prior ½;  labels: per founding cell and branch one run of the address below its shallowest new leaf, every letter on a stored edge; after a split the letter at k + 1 is the lower part's child letter and stays in the pool (one letter more a split);  ≤ 2ℓ − 1 chains over ℓ leaves, ≤ 2n − 1 a tree of n arrivals, ≤ 2 n B a passage at every D, ≤ n D label letters a branch;  every face the landmark tree's in ℚ	the landmark tree is stored at the faces where paths part: the same prior and the same code, with memory bounded by the arrivals at every depth, so memory no longer caps the depth	the one storage, on the host and the card (stored where paths part; the full arena of one node a depth retired)	L:Compression/Landmark/Context/Compaction:compacted_node_bound; L:Compression/Landmark/Context/Compaction:compacted_is_the_full_tree; R:holonics::compression::landmark::context::Landmarks; R:holonics::compression::landmark::context::Landmarks::tree_sizes; R:holonics::compression::landmark::context::Landmarks::held; R:holonics::compression::landmark::context::ArenaView; R:holonics_cuda::hnn::tree::CardTree	formal-checked	uses:hnn.landmark-chain-node, uses:hnn.landmark-chain-split, generalizes:hnn.landmark-founding-release
hnn.landmark-compacted-depth	receiver, landmark, compression	wide cut (n* = 2^20 = 1048576, development 917504 = 2^17·7, held out 131072 = 2^17), the ½ tree: D = 6 compacted 1822006 + 1/16 + ε = the full arena's within their certificates (difference [−505516772782985345855/2^96, −505516772782985345853/2^96] bits, certificates 1005 + 4/16), 2784875 nodes against 4620707;  sweep D = 6, 12, 24, 48, 73 (73 the carriers' limit), charged ⌈log₂ 5⌉ = 3: 1822006 + 1/16, 1802252 + 14/16, 1801962 + 7/16, 1801940 + 12/16, D = 73 above D = 48 by [51135399609700288000155/2^93, 204541598438801152000621/2^95]: D = 48, below the landmark tree's D = 6 (charged ⌈log₂ 6⌉ = 3) by −20066 + 10/16 + ε;  held out once: 258201 + 3/16 + ε (1 + 15/16 a cell) against 261616 + 4/16 + ε, below it by −3416 + 15/16 + ε, below PPM-2 by −137395 + 11/16 + ε, order-1 by −238483 + 1/16 + ε, order-0 by −373509 + 2/16 + ε;  10985626 nodes and 2097158484 allocated bytes at D = 48 (development; capacity), each passage 14291 to 25133 ms, at W from n* alone (commit 2fb0c1c0);  re-measured with the splits counted in W (W = 37, 39, 41, 43, 44): every reading at the grain reproduced, D = 73 above D = 48 by [402375638051304080257559/2^96, 402375638051304080257561/2^96], 1371879880 bytes occupied at D = 48 (96 a node, 16 a table entry, 4 a label letter)	with memory bounded by the arrivals, the development cells choose D = 48 and the held-out cells code −3416 + 15/16 + ε bits against the memory-capped full tree at D = 6	development cells only for the choice; disjoint exact enclosures (stored where paths part)	H:crates/holonics/src/hnn/reference.rs@f5fd8f3b; R:holonics::compression::landmark::context::Landmarks	definition	uses:hnn.landmark-compacted-storage, uses:hnn.landmark-founding-choice
hnn.landmark-node-law	receiver, landmark, compression, tower	L = (State, init, step, face), face(σ) > 0, Σ_c face(σ)(c) = 1;  run(w) = foldl step init w;  M(w ++ [c]) = M(w)·face(run w)(c), M([]) = 1, Σ_c M(w ++ [c]) = M(w);  after a passage each node holds (run, M) of its routed subsequence, nothing where unreached (init, 1);  the tree over E = M: W′_d = W_d q_d(c), q normalized, W = Σ_S prior_w(S) ∏_(leaves) M, −log₂ W ≤ −log₂ prior_w(S) − log₂ ∏ M;  routed (unreached: E = 1, face(init); a node with at most one reached child holds its child's (run, M)) ⇒ compacted weight = W, compacted face = the tree face, compacted root weight = ∏ prequential faces, Σ over words = 1;  KT: (counts, bump, ktFace), M = ktSeq, the KT tree's standing	the landmark tree weighting, its Kraft form and dominance, its step, its compaction where paths part and its complete prequential code hold for any node law whose register is a function of the sequence of symbols that reached the node, with a positive normalized face per register; KT's counts are one such law, and a stored chain keeps one register	finite letters and classes; bounded depth D; addresses reaching D (Boundary padding); w_d = 1 − 2^(−j_d), j_d ≥ 0 for the compaction (the register's capacity)	L:Compression/Landmark/Context/Tree:NodeLaw; L:Compression/Landmark/Context/Tree:NodeLaw.mass_laws; L:Compression/Landmark/Context/Tree:ktLaw; L:Compression/Landmark/Context/Tree:ktLaw_read; L:Compression/Landmark/Context/Tree:law_standing_is_routed; L:Compression/Landmark/Context/Tree:law_state_own_routed; L:Compression/Landmark/Context/Tree:law_weight_step₀; L:Compression/Landmark/Context/Tree:law_face_normalized; L:Compression/Landmark/Context/Tree:ktLaw_standing; L:Compression/Landmark/Context/Compaction:MassRouted; L:Compression/Landmark/Context/Compaction:massCompactFrom_eq; L:Compression/Landmark/Context/Compaction:massCompact_face_eq; L:Compression/Landmark/Context/Compaction:own_weight_prequential; L:Compression/Landmark/Context/Compaction:Routed.mass; L:Compression/Landmark/Context/Compaction:LawRouted.mass; L:Compression/Landmark/Context/Compaction:lawRouted_standingOf; L:Compression/Landmark/Context/Compaction:compacted_node_law; L:Compression/Landmark/Context/Compaction:compacted_is_the_full_tree; R:holonics::compression::landmark::context::Landmarks; R:holonics::compression::landmark::context::IdealLandmarks	formal-checked	generalizes:hnn.landmark-compacted-storage, uses:hnn.landmark-own-weights, uses:hnn.landmark-kt-sequential, uses:hnn.landmark-chain-node
hnn.landmark-capped-register	receiver, landmark, compression, epoch	n′ = carry_L(n + e_c), carry_L(m) = ⌈m/2⌉ each count when Σ m ≥ L, else m;  L = 2^c;  face(n) = KT(n) = (n_c + 1/2)/(Σ n + |A|/2), read on the carried register before the next arrival;  Σ carry(m) ≤ Σ m, carry(m)_c ≤ m_c, carry(m)_c > 0 ⇔ m_c > 0;  Σ run(w) ≤ |w|;  half units h = 2n + 1: ⌈n/2⌉ ↦ 2⌊(h + 1)/4⌋ + 1, binary: n_0 + n_1 ≥ L ⇔ h_0 + h_1 ≥ 2L + 2;  c = ∞: carry = id, the law is KT's;  |w| < L ⇒ run(w) = counts(w), |w| ≤ L ⇒ M(w) = KT(w);  a passage of fewer than L arrivals (every passage at c = ∞): the capped tree is the landmark tree's, weight stopWeight and face stopFace	a landmark's count register has a capacity: after the deposit that brings its total to 2^c both counts carry to their halves rounded up; its face is KT's on the carried counts, a positive normalized node law, so the compacted tree, its normalization and its complete prequential code hold, and below its ceiling it is the full tree exactly	the register a function of the arrivals so far (not exchangeable); the carry acts after the deposit that reaches L, before the next read; the executed counts exact integers, every total at most its arrivals, so KT's floor, the widths and the certificates unchanged (the register's capacity); the card's mirror uploads the ceiling in half-units 2L + 2 and carries in its deposit at the same nodes, a split's upper part taking the chain's carried register (the hardware-surfaces rule)	L:Compression/Landmark/Context/Capacity:capCarry; L:Compression/Landmark/Context/Capacity:capLaw; L:Compression/Landmark/Context/Capacity:cap_face_pos; L:Compression/Landmark/Context/Capacity:cap_face_sum; L:Compression/Landmark/Context/Capacity:cap_carry_laws; L:Compression/Landmark/Context/Capacity:cap_carry_half_units; L:Compression/Landmark/Context/Capacity:cap_run_total_le; L:Compression/Landmark/Context/Capacity:cap_unbounded_is_kt; L:Compression/Landmark/Context/Capacity:cap_below_ceiling_is_kt; L:Compression/Landmark/Context/Capacity:cap_standing_below; L:Compression/Landmark/Context/Capacity:capped_tree_laws; R:holonics::compression::landmark::context::Capacity; R:holonics::compression::landmark::context::Capacity::carry; R:holonics::compression::landmark::context::Capacity::ceiling_halves; R:holonics::compression::landmark::context::LandmarkDeclaration; R:holonics::compression::landmark::context::Landmarks; R:holonics::compression::landmark::context::IdealLandmarks; R:holonics_cuda::hnn::tree::CardTree	formal-checked	uses:hnn.landmark-node-law, uses:hnn.landmark-kt-sequential, uses:hnn.landmark-compacted-storage
landmark.context-tree-standing	landmark, navigator, receiver, compression, tower	shift b a = b :: a,  transportWord shift w a = w ++ a;  leafOf S a ⊑ a, leafOf S (a.take D) = leafOf S a;  a tree source over S reads θ(leafOf S a)(c);  restrict D is a StandingLaw on the shift's words for every such source;  leafOf S is one when S is shift-closed (leafOf S a = leafOf S a′ ⇒ leafOf S (b :: a) = leafOf S (b :: a′));  over Bool at D = 3, S stopping at [true] and splitting [false, true]: leafOf [true, false] = leafOf [true, true] = [true] while their shifts by false reach [false, true, false] ≠ [false, true, true], so no standing retains that leaf map	the receiving tree's nodes are the shift navigator's landmarks: each pruned context tree is a candidate retention, its source's future faces factoring through the address at the declared depth, and through the leaf-context map itself exactly when the tree's leaves are closed under the shift (a finite-state tree source)	finite letters; pruned tree S of depth D; next-symbol faces read through the leaf context	L:Compression/Landmark/Context/Standing:transportWord_shift; L:Compression/Landmark/Context/Standing:leafOf; L:Compression/Landmark/Context/Standing:leafOf_take; L:Compression/Landmark/Context/Standing:leafOf_prefix; L:Compression/Landmark/Context/Standing:address_standing; L:Compression/Landmark/Context/Standing:ShiftClosed; L:Compression/Landmark/Context/Standing:leaf_standing; L:Compression/Landmark/Context/Standing:unclosed_leaf_is_not_a_standing; L:Foundation/Standing/Law:standingLaw_exists_iff_future_factors; R:holonics::compression::landmark::context::Landmarks	formal-checked	uses:info.standing-quotient, uses:compression.retention-quotient
landmark.context-tree-mixture-over-standings	landmark, receiver, compression, deposition	∏_(leaves ℓ of S) E_ℓ = ∏_t face(σ_(leafOf S (a_t)))(x_t)  (E the node law's own weights after the passage, σ the register before cell t, |a_t| ≥ D);  E′ = E e on the opened path ⇒ ownLik E′ S = ownLik E S · e(leafOf S a);  W_root = Σ_S prior_w(S) ∏_t face(σ_(leafOf S (a_t)))(x_t)	the tree's weight is the stop prior's mixture over the candidate standings: each pruned tree's likelihood is its tree source's, read through its leaf map with the node law's leaf registers, and the dominance bound is the code cost of choosing among them	finite letters and classes; bounded depth D; every address of length at least D; any node law, any stop weights	L:Compression/Landmark/Context/Standing:ownLik_off; L:Compression/Landmark/Context/Standing:ownLik_arrive; L:Compression/Landmark/Context/Standing:treeSourceLik; L:Compression/Landmark/Context/Standing:tree_source_likelihood; L:Compression/Landmark/Context/Standing:mixture_over_leaf_standings; L:Compression/Landmark/Context/Tree:own_mixture_over_trees; L:Compression/Landmark/Context/Tree:own_kraft_and_dominance; R:holonics::compression::landmark::context::Landmarks; R:holonics::compression::landmark::context::IdealLandmarks	formal-checked	uses:hnn.landmark-own-weights, uses:landmark.context-tree-standing
landmark.context-node-epochs	landmark, receiver, aeon, epoch	ticks_s = {t + 1 : the address of cell t opens s} ⊆ (0, n + 1), a certified section of the aeon of n + 1 micro-states;  |routed (obs.take k) s| = epochOf ticks_s k;  |routed obs s| = #ticks_s;  #epochs = #ticks_s + 1;  after the first k cells: σ_s = run(routed (obs.take k) s), E_s = mass(routed (obs.take k) s);  capped: σ_s = capLaw.run(routed (obs.take k) s), Σ_c σ_s(c) ≤ epochOf ticks_s k	a node of the receiving tree is a receiver whose section is reached at the cells whose address opens it: its arrivals are the epochs of that section, and its register, capped or not, is a function of its epoch history, so the capacity's carry acts on the node's own clock	a passage of n cells, oldest first; any node law; the capped register at any ceiling	L:Compression/Landmark/Context/Epoch:nodeTicks; L:Compression/Landmark/Context/Epoch:nodeSection; L:Compression/Landmark/Context/Epoch:nodeTicks_snoc; L:Compression/Landmark/Context/Epoch:node_epochs_attained; L:Compression/Landmark/Context/Epoch:arrivals_are_epochs; L:Compression/Landmark/Context/Epoch:node_arrivals_card; L:Compression/Landmark/Context/Epoch:observations_drop; L:Compression/Landmark/Context/Epoch:node_register_on_epochs; L:Compression/Landmark/Context/Epoch:capped_register_on_epochs; L:Aeon/Clock/Epoch:epochOf; R:holonics::compression::landmark::context::Capacity	formal-checked	uses:aeon.epoch-partition, uses:hnn.landmark-capped-register
hnn.landmark-capacity-choice	receiver, landmark, compression	wide cut (n* = 2^20 = 1048576, development 917504 = 2^17·7, held out 131072 = 2^17), D = 48, the ½ prior: c ∈ {∞, 5, 7, 9, 11} charged ⌈log₂ 5⌉ = 3 (c = ∞ carries no capacity bit);  development: c = ∞ 1801940 + 12/16 + ε (the compacted tree reproduced), c = 5 1950535 + 3/16, c = 7 1827589 + 1/16, c = 9 1804070 + 6/16, c = 11 1801600 + 13/16 (each + ε), against c = ∞ +148594 + 7/16, +25648 + 5/16, +2129 + 9/16, −340 + 1/16 (each decided);  c = 11 charged 3 below c = ∞ by −337 + 1/16 + ε and below every other ceiling: the development cells choose c = 11 (L = 2048);  held out once: 258018 + 5/16 + ε (1 + 15/16 a cell), against the compacted tree's recorded 258201 + 3/16 + ε charged 3 within [−180 + 1/16, −180 + 3/16] (uncharged [−183 + 1/16, −183 + 3/16]), against PPM-2's recorded 395598 + 8/16 + ε charged 6 within [−137575 + 12/16, −137575 + 14/16];  10985626 nodes and 1371879880 occupied bytes at every c (development), 19940 to 20259 ms a passage	on the wide cut a landmark count register of capacity 2^11 codes below the unbounded register on the development cells and on the held-out cells; smaller capacities code above it, and the code falls with c through the declared family's edge	development cells only for the choice; disjoint exact enclosures; the held-out comparison against the recorded grain readings of the storage where paths part (the register's capacity)	D:research/records/2026-09-27_A_LANDMARKS_STORAGE_HAS_A_CAPACITY_AT_ITS_CEILING_IT_CARRIES.md; R:holonics::compression::landmark::context::Capacity; R:holonics::compression::landmark::context::Landmarks	definition	uses:hnn.landmark-capped-register, uses:hnn.landmark-compacted-depth
hnn.landmark-node-local	receiver, landmark, compression, deposition	E_s = π KT_s + (1 − π) X_s over the digits routed to s;  e_s = μ_s k_s + (1 − μ_s) x,  μ = γ/(1 + γ),  γ_0 = π/(1 − π) = 2^j − 1 at π = 1 − 2^(−j),  γ′ = γ k(b)/x(b);  unfounded: e_0 = π/|A| + (1 − π) x;  q_d = λ_d e_d + (1 − λ_d) q_(d+1),  β′ = β e_d(b)/q_(d+1)(b);  −log₂ W ≤ −log₂ prior_w(S) + Σ_(leaves ℓ) −log₂ π_(σ ℓ) − log₂ ∏_ℓ X_(σ ℓ)(ℓ) for every S and face choice σ	each landmark weighs its own KT face against an admitted external face by its own routed evidence: the tree stays normalized and Kraft-complete, and each landmark pays at most −log₂ of its face's prior weight	the external face read causally at the same digit, positive and normalized; the rung within W and M_p (local weighing); its Rust realization retired (measured at commit d2a2e0db, at commit 89460425), the law kept in Lean	L:Compression/Landmark/Context/LocalWeighing:node_local_dominance; L:Compression/Landmark/Context/LocalWeighing:own_face_normalized; L:Compression/Landmark/Context/LocalWeighing:node_local_founding; L:Compression/Landmark/Context/Tree:own_weight_step; L:Compression/Landmark/Context/Tree:own_ratio_step; L:Compression/Landmark/Context/LocalWeighing:ownLik_mul; L:Compression/Landmark/Context/LocalWeighing:ownLik_mono	formal-checked	uses:hnn.landmark-own-weights, uses:hnn.static-two-face-prior, uses:hnn.landmark-lattice-path
hnn.landmark-stop-mixture	receiver, landmark, compression	W_h = Σ_k π_k W_h^(w_k) = Σ_(k, S) π_k prior_(w_k)(S) ∏_(leaves) E;  Σ_(k, S) π_k prior_(w_k)(S) = 1;  −log₂ W_h ≤ −log₂ π_k − log₂ prior_(w_k)(S) − log₂ treeLik;  executed: per dyadic cell a join tree of two-face joins over the K trees' digit faces, each ⟦λ̂ q̂_l + (1 − λ̂) q̂_r⟧, β′ = β q̂_l(b)/q̂_r(b), founded at π_l/π_r;  the incumbent's tree: π_½ = 1 − 2^(−j)	each digit tree mixes the declared stop-weight laws by its own evidence: the mixture over (law, pruned tree) is Kraft-complete and codes within −log₂ π_k of each law's tree in that dyadic cell	w_k each a stop law; π > 0, Σ π = 1; the trees share one declaration but the prior (local weighing)	L:Compression/Landmark/Context/LocalWeighing:stop_mixture_per_tree; L:Compression/Landmark/Context/LocalWeighing:static_mixture; L:Compression/Landmark/Context/LocalWeighing:forward_executed; R:holonics::compression::landmark::context::StopMixture; R:holonics::compression::landmark::context::JoinTree; R:holonics::compression::landmark::context::FaceJoins	formal-checked	uses:hnn.landmark-stop-prior, uses:hnn.static-two-face-prior
hnn.local-oracle	receiver, landmark, compression, epoch	O_X = Σ_u min(ℓ_T(u), ℓ_X(u)) − L_T ≤ 0 at a grain u (a digit, a cell, a dyadic cell);  a per-unit mixture q_u = λ q_T + (1 − λ) q_X ≤ max(q_T, q_X) codes at least Σ_u min, so L_mix − L_T ≥ O_X;  a local law is refused when −O_X does not exceed its price (⌈log₂ |family|⌉ plus its naming at its grain);  standing cut, development: Born O at the digit, cell, dyadic-cell grains −3499 + 10/16, −1531 + 9/16, −46 + 3/16 (Dyadic χ = 128); the least stop law −2750 + 8/16, −1871 + 10/16, −244 + 9/16	the first falsifiable landmark of local weighing: what any local mixture of the tree with a face can gain before its price, measured exactly at each grain; held out only the stop-weight mixture per digit tree codes below the tree (−7 + 12/16 bits charged), the node-local and switching laws' development gains do not hold	development cells only; exact enclosures; the per-digit splits an exterior measurement, never retained (local weighing)	R:holonics::compression::landmark::context::ratio_code_length; R:holonics::compression::landmark::context::Landmarks::receive_digits; R:holonics::compression::landmark::context::FaceJoins; D:docs/plans/THE_REBUILD.md#step-4-design-the-hnn-law	definition	uses:hnn.forward-mixture, uses:hnn.landmark-node-local, uses:hnn.landmark-stop-mixture, uses:hnn.fixed-share
hnn.loaded-ring-stage	parametron, holon, contact, receipt	e = element(b,c); Mω = 2Cw + h e − hKu, M = 2C + (h/Y)I + hD + (h²/2)K; u′ = u+hω, w′ = 2ω−w, s′ = e−2ω/Y; (hY/4)(|s′|²−|b|²)+ΔE+h⟨ω,Dω⟩ = (hY/2)(⟨x̄,W_s x̄⟩+⟨x̄,W_c c⟩)	the existing element drives the resonator and its returned wave loads the next junction; the internal port work cancels in the combined energy	symmetric C,K; Y≠0; exact descriptor solve; transient mode state inside one word (the loaded resonator)	L:HNN/Ring:loaded_word_stage_balance; L:HNN/Ring:loaded_tick_port_balance; L:HNN/Ring:loaded_tick_solve_unique; R:holonics::hnn::ring::ResonatorOperands::step; R:holonics::hnn::word::Word::tick; L:HNN/LoadedRing:stepMap; L:HNN/LoadedRing:loadedEdge	formal-checked	uses:hnn.element-balance,uses:hnn.tick-power-balance
hnn.loaded-ring-executed-balance	parametron, holon, receipt	ΔE + h⟨ω,Dω⟩ + (hY/4)(|ŝ′|²−|e|²) = pump + ⟨ω,Mω−r⟩ + [E(û′,ŵ′)−E(u+hω,2ω−w)] + (hY/4)(|ŝ′|²−|e−2ω/Y|²)	the loaded balance keeps the solve defect, carried state-energy split and returned-wave energy split as distinct terms	arbitrary executed rate, state and returned wave; symmetric C,K at the compared pump phases; Y≠0 (the loaded resonator)	L:HNN/Ring:loaded_tick_executed_interconnection_balance; R:holonics::hnn::word::FieldBalance	formal-checked	specializes:hnn.loaded-ring-stage,uses:hnn.field-executed-balance
hnn.loaded-ring-adjoint	parametron, coholon, navigator	z̄ = h ū′+2w̄′−(2/Y)s̄′, M* r̄ = z̄; ē=s̄′+h r̄, ū=ū′−hK* r̄, w̄=−w̄′+2C* r̄; ⟨ū′,δu′⟩+⟨w̄′,δw′⟩+⟨s̄′,δs′⟩=⟨ū,δu⟩+⟨w̄,δw⟩+⟨ē,δe⟩	the resonator return precedes the element return and uses the same producing material and state	exact tangent descriptor equation and exact adjoint solve; executed chart pullback has its separately declared residual (the loaded resonator)	L:HNN/Ring:loaded_tick_adjoint_pairing; R:holonics::hnn::port::Word::pull_back	formal-checked	uses:hnn.loaded-ring-stage,uses:hnn.word-variation-exact
hnn.loaded-ring-material	parametron, constitution, deposition, coholon	M δω = 2δC(w−ω)−hδDω−hδK(u+hω/2); δℓ=⟨r̄,M δω⟩; A(g)=g²A₀ ⇒ ΔA=(2gδg+δg²)A₀; ΔE_commit=½⟨w,ΔCw⟩+½⟨u,ΔKu⟩	the reached comparison pulls back to the declared scalar amplitudes of storage, stiffness, dissipation and pump, with exact finite material and energy increments	immutable symmetric base forms, PSD C0/D0, four scalar gains; phase certification required before publication; exact inverse derivative, separately declared chart covector (the loaded resonator)	L:HNN/Ring:loaded_material_rate_tangent; L:HNN/Ring:loaded_tick_material_variation; L:HNN/Ring:loaded_gains_preserve_storage_dissipation; L:HNN/Ring:loaded_gain_family_increment; L:HNN/Ring:ring_material_commit_work; R:holonics::hnn::ring::ResonatorMaterial::with_gains; R:holonics::hnn::reference::compose; R:holonics::hnn::constitution::Constitution::deposited; R:holonics::hnn::constitution::Constitution::describe_physics	formal-checked	uses:hnn.loaded-ring-adjoint,uses:hnn.word-commit-deposition
hnn.loaded-gain-backtrack	parametron, constitution, deposition	g = q·2^(−L), q ≥ 1, carried candidate g + Δ ≤ 0 ⇒ g′ = quot_L(g/2)·2^(−L) = ⌊(q+1)/2⌋·2^(−L),  1 ≤ ⌊(q+1)/2⌋ ≤ q;  L = ⌈log₂(2 L_R n)⌉, n the ring's realified width	a loaded gain step past zero backtracks to the midpoint of the admissible side on its lattice, so deposition never releases a material family (release belongs to the collapse law) and the reading names each substitution	scalar gain amplitudes on the resonator locus's rule lattice; nearest point, ties upward; the substitute step is on the lattice, so the carry moves the gain by it exactly (the loaded resonator's repair)	L:HNN/Ring:gain_backtrack_midpoint; R:holonics::hnn::constitution::GainBacktrack; R:holonics::hnn::constitution::DepositReading; R:holonics::hnn::ring::ResonatorMaterial::with_gains; R:holonics::hnn::constitution::Constitution::with_ring_resonator	formal-checked	uses:hnn.loaded-ring-material,uses:hnn.lattice-deposit
hnn.grain-score-plateau	ratio, receiver	L=2: grain(1/8)=grain(3/16)=(0,0); equal class grain representatives give the same probability face and code despite different logits	positive smooth-score gradient pairing does not prove strict decrease of the quantized score inside a grain cell	two positive classes, one-hot target; fixed receiver grain	L:HNN/Ratio:quantized_score_has_grain_plateau; R:holonics::hnn::ratio::Face::code_length	counterexample	uses:hnn.odometer-covector-descends
hnn.mode-quotient-period-lift	parametron, navigator, receiver, compression	Φ(0) = 1, Φ(t+1) = T_t Φ(t), T and ρ P-periodic ⇒ Φ(mP + k) = Φ(k) T_P^m, T_P = T_(P−1)⋯T_0;  (∀r, t: ρ_(r, t mod P) Φ(t) x = 0) ⇔ x ∈ ker F[{T_P}; ρ_(r,k) Φ(k), k < P]	the admitted words of a pumped loaded ring are its pump's cycle; lifted to the one period navigator with phase-offset receivers, the face map's kernel is exactly the periodic system's future kernel, while the phase family over arbitrary words admits words the pump never runs	P-periodic linear ticks and readings over a field, P > 0; the loaded ring under the exact law (not a lattice chart)	L:HNN/ModeQuotient:cycle_mul_add; L:HNN/ModeQuotient:periodic_lift_exact	formal-checked	uses:compression.face-map-kernel, uses:compression.finite-horizon-kernel
hnn.mode-quotient-one-chart	parametron, receiver, compression, tube	V T_t = T̄_t V and ρ_(r,t) = ρ̄_(r,t) V for every phase ⇔ ker V ⊆ K_rel = ker F[{T_t}; ρ_(r,t)] (every word);  K_rel ⊆ K_adm ⊆ ker F_now;  C = 1, K = 0, half-turn pump p = ¼, h = Y = 1: K_adm = span{(1, 0, −¼, 0), (0, 1, 0, ¼)} = ker F_now, K_rel = 0, E_0(1, 0, −¼, 0) = −7/32, separator (port, phase 1, empty word)	a retention chart shared by every pump phase releases at most the phase family's kernel, which lies in the admitted future kernel; a present-silent direction is either heard later by the admitted cycle (retained with its first tick and receiver), or silent to the whole admitted future but failing a shared chart's square (retained with the phase-family reading that separates it), or released; the pumped dormant pair is the second kind and stores energy	loaded ring under the exact law, the port admitted at every phase; declared state receivers read at declared phases	L:HNN/ModeQuotient:phase_kernel_le_cycle; L:HNN/ModeQuotient:phase_kernel_le_lift; L:HNN/ModeQuotient:shared_chart_le_phase_kernel; L:HNN/ModeQuotient:wordMap_cycleWord; L:Holarchy/Hearing:HearingLaw.futureNull_le_ker_present; L:Compression/Core/FaceMap:ker_faceMap_invariant	formal-checked	uses:hnn.mode-quotient-period-lift, uses:compression.retention-carries-navigator, uses:receiver.heard-reached-future-kernels
hnn.mode-quotient-later-phase-witness	parametron, receiver, cycle, tube	two nodes, C = diag(1, 0, 1, 0), K = ½, half-turn pump p = ¼ (K_0 = diag(0, 1, 0, 1), K_1 = diag(1, 0, 1, 0)), h = Y = 1: ker F_now = span{u_0x, u_1x, w_0y, w_1y};  port only: u_0x, u_1x heard at (port, phase 1, word [0]), w_0y, w_1y released, retained 6, released 2;  with a cycle receiver reading w_0y at phase 1: w_0y heard at (receiver 1, phase 1, word [0]), retained 7, released 1;  cycle base C = 2L̃, K = 4L̃, D = ⅛: ker F_now of dimension 6, released ker K × ker C of dimension 4, two directions heard at tick 1	a coordinate silent to the present receiver but read by the admitted cycle at a later phase is retained with its separator, while one in the stable future kernel is released; admitting a cycle receiver retains a mode silent to the port	exact fixtures at h = Y = 1	D:docs/HNN_FORMULA.md#the-loaded-rings-mode-quotient	counterexample	instance-of:hnn.mode-quotient-one-chart, obstructs:compression.present-blind-not-stable
hnn.mode-quotient-descended-run	parametron, receiver, compression, receipt	V T_t = T̄_t V, ρ_t = ρ̄_t V ⇒ V x_t = q_t for x_(t+1) = T_t x_t + B_t e_t, q_(t+1) = T̄_t q_t + (V B_t) e_t, q_0 = V x_0;  ρ̄_t q_t + D_t e_t = ρ_t x_t + D_t e_t	the descended loaded ring returns the full ring's wave at every tick for every drive sequence, decode(T_native(encode x)) = T(x) at the port; on the exact chain control's word it reproduces the resonator's returned waves tick for tick	linear ticks over a field; every drive sequence	L:HNN/ModeQuotient:descended_run; L:HNN/ModeQuotient:descended_run_reads; L:Compression/Core/FaceMap:kernelClass_after_word	formal-checked	uses:hnn.mode-quotient-one-chart, uses:compression.retention-carries-navigator
hnn.mode-quotient-storage-null	parametron, constitution, receiver	−(2/Y)ω = 0 at (u, w) and at its tick (u + hω, 2ω − w) with M ω = 2Cw − hK u ⇒ ω = 0, 2Cw = hKu = −2Cw ⇒ Cw = 0, Ku = 0;  port admitted ⇒ K_rel ⊆ ker K_t × ker C for every phase t ⇒ Q_t K_rel = 0, E_t(x + k) = E_t(x)	what one chart releases from a loaded ring with its port admitted stores nothing at any phase: the released split is Q_t-orthogonal, hence C-orthogonal, for every complement, and the storage form descends to the retained ring	exact solve at zero drive over a field of characteristic 0, h ≠ 0, Y ≠ 0	L:HNN/ModeQuotient:released_pair_storage_null	formal-checked	uses:hnn.mode-quotient-one-chart, uses:parametron.ring-executed-balance
hnn.mode-quotient-costate	parametron, coholon, receiver, compression	λ_(m+1,t) = λ_(m,t+1) T_t + c_t, λ_(0,t) = 0;  V T_t = T̄_t V, c_t = c̄_t V ⇒ λ_(m,t) = λ̄_(m,t) V, λ_(m,t) k = 0 for V k = 0;  ē_t = λ_(t+1) B_t + s̄_t D_t = λ̄_(t+1)(V B_t) + s̄_t D_t;  r̄_t = X_tᵀ z̄_t = (ē_t − s̄_t)/h	the costate of a declared comparison on the admitted readings (the port's wave, the declared receivers) lies in the retention chart's row space and runs on the quotient; the drive and solved covectors of the loaded ring are computed on the descended block exactly	linear ticks over a field; covectors on admitted readings only; the word-local state dropped at the word's end	L:HNN/ModeQuotient:costate; L:HNN/ModeQuotient:descended_costate; L:HNN/ModeQuotient:costate_null_on_release; L:HNN/ModeQuotient:descended_drive_covector	formal-checked	uses:hnn.mode-quotient-descended-run, uses:hnn.loaded-ring-material
hnn.mode-quotient-gain-descent	parametron, constitution, deposition, coholon, receiver	G_f = Σ_t ⟨r̄_t, φ_(f,t)⟩, φ = 2δC(w − ω) − hδD ω − hδK_t(u + hω/2) = F x + H e, δ = 2g·base;  F_t = F̄_t V ⇒ G_f(x₀ + k) = G_f(x₀), G_f = Σ_t ⟨r̄_t, F̄_t q_t + H_t e_t⟩;  released k: φ(x + k) − φ(x) = 2δC k_w − hδK_t k_u;  (∀ s̄: ⟨r̄(s̄), v⟩ = 0) ⇔ v = 0;  capacity: g ≠ 0, g²C₀ k_w = 0 ⇒ C₀ k_w = 0;  dissipation: ω(k) = 0;  stiffness, pump: (aK₀ + bΠ)u = 0 = (aK₀ − bΠ)u, a, b ≠ 0 ⇒ K₀ u = 0 = Π u	a gain family's covector is constant on the released fibre for every admitted comparison exactly when its variation vanishes on the release (every solved covector is reached by a port comparison); capacity and dissipation always factor; stiffness and pump factor when unpumped or when the pump's cycle holds a half-turn (every pump of order 2 or 4), and then the four covectors are computed from the descended state	loaded ring under the exact law with its port admitted; M invertible, Y ≠ 0, characteristic 0; gains positive	L:HNN/ModeQuotient:gainCovector; L:HNN/ModeQuotient:descended_gain; L:HNN/ModeQuotient:gain_fibre_invariant; L:HNN/ModeQuotient:released_variation_shift; L:HNN/ModeQuotient:solved_pairing_null_iff; L:HNN/ModeQuotient:squared_gain_variation_null; L:HNN/ModeQuotient:half_turn_separates	formal-checked	uses:hnn.mode-quotient-costate, uses:hnn.mode-quotient-storage-null, uses:hnn.loaded-ring-material
hnn.mode-quotient-standing-threshold	parametron, constitution, deposition, receiver	one node, C = K₀ = 1, D = 0, standing pump (P = 1) p₀ = ½ on the axis 1 (Π = diag(−2, 2)), h = Y = 1: K_0 = K₀ + ½Π = diag(0, 2);  (K₀ + ½Π)(1, 0) = 0, K₀(1, 0) ≠ 0, Π(1, 0) ≠ 0;  frozen: retained 3, released 1 = span{u_x};  G_K(x + u_x) − G_K(x) = −2 Σ_t r̄_t(u_x) = −(G_P(x + u_x) − G_P(x)) ≠ 0;  learning: retained 4 = 2², released 0, u_x deposited at (receiver 1 + 0 + 1, phase 0, empty word);  g_K = 3/2 ⇒ K_0 = diag(5/4, 13/4), u_x heard	a standing pump at threshold cancels the stiffness on a displacement, which then moves no rate and is released by one chart, but the stiffness and pump covectors read it: they do not descend, only their joint scaling does, a deposit along either makes the mode heard, and a learning aeon retains it with the deposit's separator	exact fixture at h = Y = 1	L:HNN/ModeQuotient:standing_pump_threshold_reads_release	counterexample	obstructs:hnn.mode-quotient-gain-descent, instance-of:hnn.mode-quotient-learning-chart
hnn.mode-quotient-learning-chart	parametron, deposition, receiver, compression	V T_t = T̄_t V, ρ_(r,t) = ρ̄_(r,t) V, φ_(f,t) = φ̄_(f,t) V ⇒ ker V ⊆ K_learn = ker F[{T_t}; ρ_(r,t), φ_(f,t)] ⊆ K_rel;  K_rel ∖ K_learn retained with the deposit's separator (receiver 1 + m + f)	in a learning aeon the deposit is a receiver of the ring's state: admitting the four gain families' variations beside the exterior readings gives the largest one-chart release through which every gain covector descends; a direction the frozen quotient releases but a variation reads is retained with the reading that separates it	loaded ring under the exact law; m declared receivers; the declared four-gain material family	L:HNN/ModeQuotient:learning_chart_le_kernel; L:HNN/ModeQuotient:shared_chart_le_phase_kernel	formal-checked	uses:hnn.mode-quotient-one-chart, uses:hnn.mode-quotient-gain-descent
hnn.mode-quotient-descended-balance	parametron, constitution, receiver, compression, receipt	V σ = 1;  S(k, ·) = S(·, k) = 0 for V k = 0 ⇒ S x x = S̄(Vx, Vx), S̄ = S(σ ·, σ ·);  K_t k_u = 0, C k_w = 0 ⇒ (k_u, k_w) in the radical of β(x_u, K_t y_u) + β(x_w, C y_w);  q′ = T̄_t q + B̄_t e, s′ = ρ̄_(0,t) q + D_t e, ω = (Y/2)(e − s′), Q̄_t = σᵀ Q_t σ, Q_t = Vᵀ Q̄_t V;  ½⟨q′, Q̄_t q′⟩ − ½⟨q, Q̄_(t−1) q⟩ = ½⟨q, (Q̄_t − Q̄_(t−1)) q⟩ + (hY/4)(|e|² − |s′|²) − h⟨ω, D ω⟩	the descended block, which has no Cayley or two-port form of its own, ticks as an exact linear system on the quotient with the descended storage form, and its balance is the full ring's at every lift, term for term: storage before and after, pump work, port work and dissipation	linear ticks over a field; the release in the storage forms' radicals (the port admitted); exact law (chart and split terms zero)	L:HNN/ModeQuotient:modeForm_radical; L:HNN/ModeQuotient:descended_form; L:HNN/ModeQuotient:descended_balance_terms; L:HNN/ModeQuotient:descended_balance	formal-checked	uses:hnn.mode-quotient-storage-null, uses:hnn.mode-quotient-descended-run, uses:parametron.ring-executed-balance
hnn.mode-quotient-chord-survives	parametron, receiver, receipt, compression	V T_t = T̄_t V, V B_t = B̄_t, ρ_(r,t) = ρ̄_(r,t) V ⇒ (sI − T̄_t)⁻¹ V = V (sI − T_t)⁻¹ and ρ_(r,t)(sI − T_t)⁻¹B_t = ρ̄_(r,t)(sI − T̄_t)⁻¹B̄_t, entry by entry in lowest terms	the chord survives the release: a released direction is unobservable to every admitted receiver, so the descended ring's causal chord equals the full ring's; the release removes only factors of det(sI − T_t) every admitted entry cancels, and an energy-storing mode is dormant, never released	every phase and every admitted (receiver, phase); exact rational operators; one phase at a time, the admitted receivers' rows stacked as the readout	L:Foundation/CausalChord:transfer_descend; L:Foundation/CausalChord:charmatrix_intertwine; L:Foundation/CausalChord:transfer_eq_resolvent; L:Foundation/CausalChord:descended_denominator_clears; L:Foundation/CausalChord:charpoly_dvd_of_quotient; L:Foundation/CausalChord:release_cancels; D:docs/HNN_FORMULA.md#the-loaded-rings-mode-quotient	formal-checked	uses:hnn.mode-quotient-one-chart, uses:receipt.causal-chord-transfer, uses:hnn.mode-quotient-storage-null
hnn.founded-port-chart	navigator, key, landmark	step codes = the constituents of Birth's closure on the founded machine's chart (the charged founding's classes, merged where no reading separates them) and the plural fibre (the codes never met);  s_k = machine(s_(k−1), x_k) from the opening, the source moment carrying the class (z ← U_x z);  port_g(s) = τ_g mod d_g at s's first arrival on the field's own selective clock as the machine reads the founding passage;  the fibre (and a class never reached) at min{p : p ∉ N_g};  target phases, the keys' crib and the letters' reader read step codes;  a relabeling σ of the codes gives the same placements and step codes;  E_0 column x = ½ e_(2 port_g(injection x))	[retired September 29] the field's step classes are the passage's founded classes, reached from the cells in context by the founded machine and placed by the rings' own clocks, never a codec value; a ring ticks when a founded class placed at its notch recurs	a founding passage over the field's exterior chart; the chart fixed after its founding; the host only (the card refuses a founded machine); retired from the native path September 29 (code at 96d8940b): its classes were the charged founding's, placed by first arrival, and the founded E_0 aliased cells at one node; every field reads the declared residue chart and E_0 opens at the sign sequence	L:HNN/Moment:SelectiveDecl; L:HNN/Encoding:encoding_reduced_recurrence; N:2026-09-29_HOLONIC_ENCODING_FOR_THE_FIELD_PINNED_BEFORE_ITS_RUN.md; N:2026-09-29_THE_PASSAGES_OWN_TRANSPORTS_PINNED_BEFORE_ITS_RUNS.md; N:2026-09-29_THE_PASSAGES_OWN_TRANSPORTS_THE_MOIRE_FOUNDS_ITS_RANKS_WITH_NO_TRANSPORT_DECLARED_AND_TEXT_CODES_BELOW_THE_CELL_CHART.md; H:crates/holonics/src/hnn/encoding.rs; H:crates/holonics/src/hnn/field.rs; N:2026-09-29_LESSONS_THE_FAILURES_THAT_REPEATED_AFTER_THEY_WERE_RECORDED.md	definition	uses:hnn.selective-position, uses:encoding.minimal-realization, uses:encoding.charged-founding
hnn.window-free-open	navigator, receiver, compression	pair read = Σ_c P^(−c) Σ_(x,a) (C[c,x,a]/n_δ) I F(e_x ⊗ e_a),  n_δ = Σ C;  = n_δ⁻¹ · offsetContribution on a closing ring;  scaling C by k > 0 leaves it;  equal tables give equal reads;  n_δ = 0 reads 0	the open reads the whole offset moment over its pair population, never a column at the address a buffer supplies; the buffer is only the offset moment's one-step state	over ℚ; a closing ring for the offset-moment form	L:HNN/Encoding:whole_pair_read_counts; L:HNN/Encoding:whole_pair_read_offset_moment; L:HNN/Encoding:whole_pair_read_population_invariant; L:HNN/Encoding:whole_pair_read_tape_free; L:HNN/Encoding:whole_pair_read_zero; R:holonics::hnn::moment::SourceMoment::offset_table; R:holonics::hnn::moment::PairPort::apply_table; N:2026-09-29_HOLONIC_ENCODING_FOR_THE_FIELD_PINNED_BEFORE_ITS_RUN.md	formal-checked	uses:hnn.indexed-open, uses:encoding.offset-moment
hnn.continuing-word	holon, tube, parametron, aeon	x_(n+1)(0) = x_n(w) + s_inj,  opened at the refinement clock's tick n·w;  x_0 = rest ⇒ Word::open;  exact law: two continuing words of w ticks with nothing injected = one word of 2w ticks (waves, contact states, resonator states and pump phases included);  pump phase at tick t = phase_at(n·w + t)	within one refinement the storage waves, arriving waves, contact states and resonator states carry across a word's boundary and only the request's moment re-enters; the refinement owns its words until its return, so no change outlives it and Current holds no wave	one refinement at one cut; remainders released at each word's end	R:holonics::hnn::word::Word::continuing; R:holonics::hnn::word::Word::change; R:holonics::hnn::word::EndChange::rest	definition	generalizes:hnn.word-opens-at-zero
hnn.section-refinement	holon, tube, receiver, navigator, parametron	x(0) = I_h: the change at rest, s_g = P_g^(τ_g) m̃_g on 𝒮, plus the section's locked data placed at their stations' residues;  x_(n+1) = F_Θ(x_n, m̃) (w full ticks: junction → element → loaded resonator → transit), n < K;  y_j = ρ_R(P_R^(1+j) v_R(K·w)), j < m ≤ d_R;  target phase (1 + j)/d_R turns	a requested section is one refined field read at every station at once from the receiving ring's anchor on the response clock unwound from the request's last tick, with the request's placement and the section's locked data placed together (every placement through E at the request's frame, each over its own population); the refinement clock is the word index, never an output-cell index; no window, tree or copy stage is read	one cut; the operands read once for all K words	H:crates/holonics/src/hnn/prediction.rs@f5fd8f3b; R:holonics::hnn::prediction::Refinement; L:HNN/Prediction:jointSection; L:HNN/Prediction:jointSection_receive; L:HNN/Prediction:refine_iterate	definition	uses:hnn.continuing-word, uses:hnn.phase-binned-moment, uses:hnn.section-placement, instance-of:hnn.joint-not-marginals
hnn.joint-not-marginals	receiver, holon	jointImage(s) = range s ⊆ marginalProduct(s) = {σ | ∀ j ∃ seed, s seed j = σ j};  seeds {0, 1}, both stations read the field: 01 ∈ marginalProduct, 01 ∉ jointImage = {00, 11}	the product of the stations' marginal images holds sections no seed produces; independent per-station draws would release them, so a section is read whole from one field	finite seed family	L:HNN/Prediction:joint_not_marginals; L:HNN/Prediction:jointImage_subset_marginalProduct; L:HNN/Prediction:jointImage_ne_marginalProduct; L:Computation/JointReceiverWitness:strictMarginalMajority_is_absent	formal-checked	
hnn.section-release	receiver, receipt, ratio	reading_j = argmax_c (n_c, k_c) (the station's top grain cell);  face constant on the grain fibre ⇒ width(code ∘ face) = 0 ⇒ holdingLaw(0) releases;  a shared top cell parts the fibre: width 1 (discrete), held	the section is committed at tolerance zero exactly when every station's top class is unique at the receiver's grain; a plural reading is a typed Hold, never retried and never completed by a marginal draw (the keyed latent, a pseudo-random sign vector, retired September 29)	finite nonempty fibre; tolerance zero	R:holonics::hnn::prediction::SectionRelease; R:holonics::hnn::prediction::bank_release; H:crates/holonics/src/hnn/prediction.rs@f5fd8f3b; L:HNN/Prediction:release_width_zero; L:HNN/Prediction:plural_section_held; N:2026-09-29_LESSONS_THE_FAILURES_THAT_REPEATED_AFTER_THEY_WERE_RECORDED.md	formal-checked	uses:hnn.face-grain-fibre, instance-of:hnn.joint-not-marginals
hnn.section-return	coholon, holon, deposition	ḡ_v = Σ_j P_R^(−(1+j)) Rᵀ g_j at the last junction;  μ_(K−1) = W_(K−1)ᵀ(ḡ_v), μ_n = W_nᵀ(μ_(n+1));  Σ_j ⟨g_j, R P_R^(1+j) v_R⟩ = Σ_n ⟨μ_n.storage, s_inj⟩ on the executed charts (the change opens at rest);  E's covector = Σ_n μ_n on 𝒮, read against every placement's counts (the request's and the section's) and summed	the section's covector R⁻¹dR at every compared station is pulled back through the K words in reverse, each word's opening covector the end covector of the word before, and composed onto the refinement's diamond; the pairing is checked exactly on every refinement	executed charts with no transient split for the pairing; the lattice word within its released remainders	R:holonics::hnn::port::Word::pull_back_continuing; R:holonics::hnn::port::ChangeCovector; H:crates/holonics/src/hnn/prediction.rs@f5fd8f3b; R:holonics::hnn::reference::compose_return	proved-derived	uses:hnn.executed-adjoint, uses:hnn.deposit-descends
hnn.refinement-balance	holon, contact, parametron, deposition	E_end = E_open − Σ D + Σ resist + Σ Π_c + residual + Σ pump − Σ D_res + Σ interconnection + Σ_(n≥1) (P(open_n) − P(end_(n−1)));  every tick closes;  ticks chain within and across words (resonator energy unchanged at an open);  |residual| ≤ bound;  commit: P_Θ′(x_end) = E_end + ½⟨x_end, ΔΘ x_end⟩	a refinement's energy is accounted tick by tick across its words, the request's re-entry the only jump, and across the deposit that follows	one refinement at one cut	H:crates/holonics/src/hnn/prediction.rs@f5fd8f3b; D:docs/HNN_FORMULA.md#generation-as-field-refinement-and-boundary-radiation; L:HNN/Ring:loaded_tick_executed_interconnection_balance; L:HNN/Word:field_commit_deposition	proved-derived	uses:hnn.tick-power-balance, uses:hnn.continuing-word
hnn.prediction-consumer	holon, receiver, compression	ρ(F^K(I_h)) = T(request) ⇐ encodeNext(F^K x) = T_native(encode x) and decode ∘ encodeNext = ρ	the native refinement returns the requested consequence when its encoding and reading squares commute: Holon.ofEvolution_receive_eq_encoded at evolve = F^K	commuting squares	L:HNN/Prediction:consumer_eq; L:Foundation/Holon:ofEvolution_receive_eq_encoded	formal-checked	uses:hnn.section-refinement
hnn.refinement-diamond	compression, complex, receiver	Diamond.over(field, R, K·w): reach from 𝒮 and observe from R over K·w rounds;  a locus outside it: material and deposit clock unchanged by the refinement's deposit	the loci a refinement's covector cannot reach are exactly those its deposit leaves unchanged, checked on every refinement	the source re-enters at every word's open, never before the first	R:holonics::hnn::retention::Diamond::over; H:crates/holonics/src/hnn/prediction.rs@f5fd8f3b; L:HNN/Retention:deposit_descends	proved-derived	specializes:hnn.diamond-recursion, uses:hnn.deposit-descends
hnn.joint-residue-placement	navigator, parametron, key	Coprime m n, a, b < m·n: a ≡ b (mod m) ∧ a ≡ b (mod n) ⇒ a = b (a ring of period D = ∏ d_i, pairwise coprime, places a datum at its joint residue class);  x₀ ≠ x₁, y₀ ≠ y₁ ⇒ ¬∃ f g, f x + g y = [x = x₀ ∧ y = y₀]	position by remainders: a datum at its residue on a ring whose period is a product of pairwise coprime factors sits at its joint residue class, the ring's modes the products of the factors' modes; the joint class is placed on the product because a sum of per-factor placements carries only the factors' marginal modes (no indicator of one class is additive)	pairwise coprime factors; two residues per factor for the second	L:HNN/Prediction:joint_residue_determines_position; L:HNN/Prediction:joint_class_not_additive; R:holonics::hnn::prediction; N:2026-09-29_THE_ORDER_REPAIR_PINNED_BEFORE_ITS_RUNS.md; N:2026-09-29_THE_ORDER_REPAIR_ORDER_REACHES_THE_SECTION_ON_KNOWN_TRUTH_AND_TEXT_STAYS_AT_THE_BYTE_MARGINAL.md	formal-checked	uses:hnn.phase-binned-moment, uses:navigator.order-through-advance
hnn.section-placement	navigator, holon, receiver	passage(τ, cells)[c, x] = M[c, x] + #{j | cells_j = x, c ≡ τ_R + 1 + j (mod d_R)};  the passage's population n + v;  P_R^(1+j) of the passage's open ∋ E e_(x_j) w(j) at rotation zero: (1 + j) + (τ − (τ + 1 + j)) = 0	a refinement's locked data continue the request's passage: counted into the request's phase counts at their stations' residues and read with it at each datum's transported weight (hnn.passage-weights), so every station reads the request's cells and its neighbours by their relative phases, and station j reads its own datum at rotation zero; the retired reading placed the section over its own population	the receiving ring a source ring; no offset pair of the section counted; nothing placed continues nothing on any ring	R:holonics::hnn::moment::SourceMoment::continued; H:crates/holonics/src/hnn/prediction.rs@f5fd8f3b; L:HNN/Prediction:placed_at_station; L:HNN/IndexedOpen:passage_population; L:HNN/IndexedOpen:passage_read; N:2026-09-30_THE_PASSAGE_LAW_THE_SECTION_CONTINUES_THE_REQUEST_AND_THE_TRANSPORT_WEIGHS_ITS_FRONTIER.md	formal-checked	uses:navigator.source-moment, uses:hnn.phase-binned-moment, uses:hnn.passage-weights
hnn.partition-comparison	ratio, receipt, deposition	locked ∼ mask: v uniform on {0 … m − 1}, then v stations uniform;  R_j at compared (unlocked) j only, R⁻¹dR = 0 at locked j;  targets equal on the locked stations ⇒ equal readings	a training refinement places the targets of a drawn partition's locked stations and compares only the unlocked ones, so no compared station reads its own target; the ratio is a receipt over the partition, never a global scalar over the section	at least one station compared	R:holonics::hnn::ratio::HolonRatio::compare_partition; R:holonics::hnn::prediction::mask; H:crates/holonics/src/hnn/executed.rs@9078f103; H:crates/holonics/src/hnn/prediction.rs@f5fd8f3b; L:HNN/Prediction:partition_reading_ignores_compared_targets	formal-checked	uses:hnn.section-placement, uses:hnn.section-return
hnn.lock-generation	receiver, parametron, holon	gap_j = (n_top − n_2) L + (k_top − k_2) on the unlocked stations;  lock {j | gap_j = max gap} if max gap > 0, else hold the unlocked (plural);  repeat with the locked data placed until every station is locked (released at width zero)	generation opens with nothing locked and refines: every unlocked station is read jointly from the one refined field with the locked data placed; the stations whose top grain cell leads its runner-up by the largest gap lock together and re-enter as placed data; a positive gap is a unique top, so the released section has width zero; the lock order is the field's own, never an output index	at most m refinements; the operands read once at the cut	R:holonics::hnn::prediction::bank_release; R:holonics::hnn::prediction::BankGeneration; H:crates/holonics/src/hnn/prediction.rs@f5fd8f3b; L:HNN/Prediction:lock_reads_unique_top; L:HNN/Prediction:release_width_zero	formal-checked	uses:hnn.section-placement, uses:hnn.section-release, instance-of:hnn.joint-not-marginals
hnn.bank-generation	receiver, parametron, holon	candidates: every unlocked station j and class x, storage read from j = z_pairs + Σ_c w_j(c) P^(λ−c) E M[c] + Σ_(k∈S) w_j(k) P^(λ − c_k) E e_(x_k) over the request, the locked data and x at j, each datum at its two-sided distance from j (hnn.station-framed-weights);  reading: the bank's joint growth over the storage's turn;  station j: its top exceeds every other candidate (lower_top > upper_b) and locks (lower_top > 1), gap = lower_top − max_b upper_b;  the largest gap locks (ties together), its reading certified;  all locked ⇒ released at width zero, no positive gap ⇒ held;  a refused Floquet certificate refuses the release (held, the refused lock first);  where the material closes a pair contact, each candidate reads its pair storage on equal material instead (hnn.pair-release)	generation by the receiving bank: the section's stations are the bank's locks, read jointly, each decided by the lock's flip on exact growth enclosures and released through the release law	the bank declared, E the source port at the constitution's cut (trained beside the readout by hnn.bank-learning-path); the lock iteration of hnn.lock-generation	R:holonics::hnn::prediction::generate_by_bank; R:holonics::hnn::prediction::bank_release; R:holonics::hnn::prediction::BankRefinement; R:holonics::hnn::prediction::BankPlacement; R:holonics::hnn::prediction::BankGeneration; N:2026-09-29_THE_BANK_READS_A_SUPERPOSED_PASSAGE_PINNED_BEFORE_ITS_RUNS.md	definition	uses:parametron.passage-monodromy, uses:hnn.section-placement, uses:hnn.section-release, uses:parametron.lock-exchange-polynomial, uses:hnn.lock-generation, uses:hnn.station-framed-weights
hnn.bank-certified-step	deposition, constitution, parametron, receiver	log(1 + u) ≥ u − 2u² (u ≥ −1/2);  (log A(η) − log a(η)) − (log A₀ − log a₀) ≤ (A(η) − A₀)/A₀ − (a(η) − a₀)/a₀ + 2((a(η) − a₀)/a₀)² (a(η) ≥ a₀/2);  a₁² ≤ 4a₀a₂, a₂ ≤ â₂, η²â₂ ≤ a₀/16 ⇒ u ≥ −1/2, 2u² ≤ (81/8)η²â₂/a₀;  δ_x = δ + νP_j De_x, Â₂ = κ²Σ_x|δ_x|², â₂ = κ²|δ_t|²;  C_bank = Σ (2Â₂/A₀ + (81/4)â₂/a₀), c_bank = max √(16â₂/a₀);  a ← a − Σ 2e√(A₀Â₂) (|c_x − ĉ_x| ≤ e);  η(sκ²b + C_bank) ≤ a, η max(c, c_bank) ≤ 1, s(Σηm)² + η_E²C_bank ≤ Σηa	the receiving bank's comparison is deposited at the source port under the existing certified step: its returns join the returns E's normal law reads, beside the readout's, its own curvature along the unit step (the quadratic reading's second order and the log's) and its trust scale join E's certificate, the covector's dyadic face is charged against the alignment, and its endpoint term joins the joint certificate	the bank reads E through the placements, not the field's words; no limit moves (s = ½, ηc ≤ 1, the storage search, the entry bound, the lobes, the Floquet reach); the bank's pumps are declared and held	L:HNN/BankFace:log_one_add_ge; L:HNN/BankFace:bank_score_endpoint; L:HNN/BankFace:bank_score_trust; L:HNN/BankFace:rounded_alignment; L:HNN/BankFace:sum_sqrt_mul_le; L:HNN/BankFace:joint_descends_beside; H:crates/holonics/src/hnn/constitution.rs@f5fd8f3b; H:crates/holonics/src/holon/deposition.rs@f5fd8f3b; N:2026-09-29_THE_BANKS_LEARNING_PATH_PINNED_BEFORE_ITS_RUNS.md	formal-checked	uses:holon.certified-step, uses:holon.joint-step, uses:hnn.certified-normal-step, uses:parametron.bank-face
hnn.bank-learning-path	receiver, parametron, deposition, ratio	images Φ(P^r E e_x) for every rotation r and class x;  per compared station j of the readout's partition: W(x) = W_shared + ν̂(n + v + 1) Φ(P^(r_j) E e_x), W_shared the request's phases and the locked targets at ν̂(n + v + 1), r_j = λ − (τ + 1 + j);  c_x = 1/Σ_y A(y) − [x = t]/A(t) at its dyadic face ĉ_x;  K^±_m(x) = 2ĉ_x p_m² W^±_m(x);  returns: per shared phase (f_c, −P^(−r_c) Ω(Σ_(j,x) K)), per class (e_x at weight Σ ν², −Σ ν P^(−r_j) Ω(K(x)) / Σ ν²)	the bank's learning path: every training request is compared by the bank's face beside the readout on the same partition, the lock's covector carried from each candidate's reading through the chart and each placement's rotation back to E, and deposited with the readout's returns	a field with no pair offset (else refused); the storages sums of images, held to BankPlacement::storage exactly; −⟨G, δE⟩ equals the stations' score derivative within the charged rounding; the pumps' covector read and held; the passage's one population (the candidate's own image no longer outweighs the request's cells); refused below transport modulus one (FaceTransport: one shared resonance a request holds only at one)	H:crates/holonics/src/hnn/prediction.rs@f5fd8f3b; L:HNN/BankFace:bank_face_covector; N:2026-09-29_THE_BANKS_LEARNING_PATH_PINNED_BEFORE_ITS_RUNS.md	definition	uses:parametron.bank-face, uses:hnn.bank-certified-step, uses:hnn.bank-generation, uses:hnn.section-placement
hnn.monodromy-variation	parametron, cycle	tick with its variation C T + X·C ΔT;  c₀(passage) = T_(n−1)⋯T_0;  c₁′ = c₁ T + c₀ ΔT (forward);  c₁ = Σ_t T_(>t) ΔT_t T_(<t) (reverse);  ΔT_t through ΔX_t = −X_t ΔM_t X_t, ΔM_t = (h²/2) ΔK_t, ∂K_t/∂Re z = −2pR(w_t), ∂K_t/∂Im z = −2pR(i w_t)	the executed monodromy's variation through the executed tick and its solve: the dual product and the prefix–suffix sum are one variation	any ring of matrices; the bank member at its declared pump carriers w_t = a² s^t	L:HNN/ExecutedComparison:passage_coeff_zero; L:HNN/ExecutedComparison:passage_coeff_one; L:HNN/ExecutedComparison:product_deriv; R:holonics::hnn::ring::ReceivingBank::turn_variation	formal-checked	uses:parametron.passage-monodromy
hnn.executed-growth-covector	parametron, receiver, ratio	D log|μ|[ΔM] = Re(ℓᵀ ΔM r / (μ ℓᵀ r)),  r, ℓᵀ a column and a row of adj(μ − M);  μ′ = −∂_ηΦ/∂_λΦ at ∂_λΦ ≠ 0;  d log|μ| = Re(μ′/μ);  per crossing ∂ log|μ|/∂Re z_t = Re(a_tᵀ ∂K_t r_t / (μ ℓᵀr)), r_t = −y_t/2 − f₁,t, y_t = X_t(−h²K_t f₁ + 2hC f₂), a_t = X_t(h² b₁ + 2h b₂)	the executed growth's covector: the simple dominant multiplier's eigen-derivative carried to every crossing amplitude, each entry an enclosure; the joint max's active members returned as branches	a certified simple dominant multiplier (hnn.dominant-multiplier); the passage on the exact tick maps held as dyadic disks	L:HNN/ExecutedComparison:simple_root_deriv; L:HNN/ExecutedComparison:log_modulus_deriv; R:holonics::hnn::ring::ReceivingBank::read_turn_covector; R:holonics::hnn::ring::MemberCovector; R:holonics::hnn::ring::ReceivingBank::directional_routes	proved-derived	uses:hnn.monodromy-variation, uses:hnn.dominant-multiplier, uses:parametron.passage-monodromy
hnn.dominant-multiplier	parametron, cycle	in the chart μ = σs (σ = 2^e ≥ upper): p(s) = χ_M(σs)/σ^n;  every root attained and isolated by Krawczyk;  the dominant disk real (symmetric) or disjoint from its conjugate with exactly one partner;  every other disk inside inner = σ(|c| − r)(1 − 2^(−48));  else the placement at inner counts 1 (real) or 2 (pair)	the dominant multiplier certified simple and separated in modulus, or a typed refusal: collision (a multiple root or a close pair), tie in modulus, defective eigen-pairing	M = N/Δ on integers; det(νI − N) monic; the growth enclosure of the Schur–Cohn bisection	R:holonics::hnn::ring::dominant_multiplier; R:holonics::hnn::ring::CovectorRefusal; R:holonics::hnn::ring::DominantMultiplier	definition	uses:poly.krawczyk-disk, uses:poly.schur-cohn-inside
hnn.release-comparison	receiver, parametron, ratio, receipt	z_(S,j,x) = z_pairs + Σ_c w(c) P^(λ−c) E M[c] + Σ_(k∈S) w(k) P^(r_k) E e_(S_k) + w(j) P^(r_j) E e_x, w the passage's transported weights over S ∪ {j} read from j (w(k) = ρ^|τ_j − τ_k| / Σ_l ρ^|τ_j − τ_l|);  a = max_m ρ(M_m(z)) ∈ [L, U];  class: L_t > U_x ∀x ≠ t;  threshold: L_t > 1;  order: the largest eligible gap locks, safe iff every station it locks is correct;  f_j = max(max_(x≠t) ln(a_x/a_t), −ln a_t);  F = Σ_(contexts, open j) (f_j)_+;  the lock's flip (solved): 1 + Σ_(x≠t) U_x < L_t, per station	the release's own comparison: the predicates the release executes, read exactly along the machine's own open-section trajectory or a partition; class and threshold holding strictly at every open station make every lock correct and the section whole, and F = 0 does not supply them (its zero set is the closed predicate set, ties included: hnn.hinge-zero-set)	the receiving bank; contexts Open (the refinements of bank_release, read by the declared reading: every refinement, the decisions, teacher-forced) or Partition (targets placed); the targets validated, one per station, each a class of the chart; zero denominators keep their fibre	L:HNN/ExecutedComparison:predicates_release_the_section; H:crates/holonics/src/hnn/executed.rs@9078f103; R:holonics::hnn::prediction::bank_release; N:2026-09-30_THE_LEARNING_FAILURE_DIAGNOSED_THE_TRAINED_COMPARISON_IS_NOT_THE_ONE_THE_RELEASE_EXECUTES.md	definition	uses:hnn.bank-generation, uses:hnn.executed-growth-covector, uses:hnn.passage-weights, uses:hnn.station-framed-weights
hnn.executed-move	deposition, constitution, receiver, ratio	returns per request phase (M[c] at Σ w(c)², −Σ w(c) P^(c−λ) c g / Σ w(c)²) and per class (e_x at Σ w², −Σ w P^(r) c g / Σ w²), c the contribution's weight in its term's covector (the hinge's ±1 on its leading branch; the lock face's θ_x, θ_t − 1 on every candidate);  γ_ρ = Σ c ⟨ĝ, ∂z/∂ρ⟩, ∂z/∂ρ = Σ_k w_k (r_k − r̄)/ρ · read_k, r_k the datum's distance from the contribution's station;  unit moves D (the normal law's) and Δρ = −γ_ρ/G_ρ, G_ρ = Σ_c |∂z_c/∂ρ|² (γ_ρΔρ = −γ_ρ²/G_ρ ≤ 0; none upward from ρ = 1);  refused when a term of the certificate's support reads an unresolved active member;  s = Σ_terms bound_term on the joint unit direction Δz = (z(E + D) − z(E)) + (∂z/∂ρ)Δρ, refused unless s⁺ < 0;  s_X = Σ_(above) bound + Σ_(boundary) max(bound, 0);  η₀ = 2^⌊log₂ min(X⁻/(−s_X⁺), ½/max|D|)⌋, the entry scale alone when X⁻ = 0 or s_X⁺ ≥ 0;  under MoveMetric::Witness: (α, β) = −G⁻¹g on the plane (hnn.witness-plane), η₀ = min(α, ½/max|D|), Δρ = β/α per unit of E's step, refused Invisible (G not ≻ 0) or Reversed (α ≤ 0);  the lock face's covector weights θ_x − [x = t] read LockFace::sheets (one normalized reading at a common representative);  (E′, ρ′) = (E + η D, ρ + η Δρ) carried, ρ′ within [ρ/2, max(ρ₀, ρ)] on the lattice (ρ₀ the founding's one-turn alias bound, every metric), η halved at most 8 times;  adopt iff |E′|∞ ≤ 2³, every crossing of the own release admissible, every lock certified, every reading supported, Σ_terms bound_term[Δz] < 0 on the exact carried storage moves, C_mask(E′, ρ′)⁺ < C(E, ρ)⁻ on the fixed incumbent mask	the committed move of E and the source transport's modulus on a declared comparison (the hinge or the lock face, at every refinement, the decisions or teacher-forced): proposed from the covector, carried onto their lattice, re-read on the fixed incumbent mask (the descent account) and on the successor's own release (behaviour and its certificates), and adopted only when every condition of adoption holds, the executed release's own composition strictly lower among them (October 1); the conditions are the same for every composition and reading	E and ρ; the pumps, the other families and the fold held; the mask is the incumbent's terms' sections, transient within the move (no event or replay history); the own release's recomputed composition is a condition of adoption (C_own(Θ′)⁺ < C(Θ)⁻, beside the mask's C_mask(Θ′)⁺ < C(Θ)⁻; the native direction record: gate A's first move certified the mask sixteen times past the trajectory cell while the executed release rose), never decision progress, the context change (own less mask) a receipt; the modulus's unit move is its least-squares step (agent-inferred; it retires the equal-share Δρ = slope⁺/γ_ρ); the refusals repaired for every arm September 30 (step 1b §13.4: an unresolved active member refuses; the slope read on the joint direction before any refusal); the receipt splits γ_ρ by term kind, counts the terms (attempted, coverage, absent, post-error, held, support) and re-reads each solved decision after the later locks of its section	L:HNN/ExecutedComparison:sum_max_descends; L:HNN/ExecutedComparison:modulus_least_squares; L:HNN/ExecutedComparison:modulus_least_squares_descends; L:HNN/ExecutedComparison:disjoint_enclosures_decrease; L:HNN/IndexedOpen:decayed_weight_antitone; H:crates/holonics/src/hnn/executed.rs@9078f103; R:holonics::hnn::prediction::bank_release_forced; H:crates/holonics/src/hnn/executed.rs@f5fd8f3b; R:holonics::hnn::constitution::Constitution::stepped_source; R:holonics::hnn::constitution::Constitution::with_transport; R:holonics::hnn::prediction::BankPlacement::modulus_derivative; N:2026-09-30_STEP_1B_THE_CANDIDATE_COMPARISON_PINNED_BEFORE_ITS_RUNS.md	definition	uses:hnn.release-comparison, uses:hnn.executed-growth-covector, uses:hnn.passage-weights, uses:hnn.transport-modulus, uses:hnn.station-framed-weights, uses:hnn.transport-founding, uses:hnn.lock-face-comparison
hnn.witness-plane	receiver, ratio, deposition	G = Dᵀ(⊕_j J_θj)D, J_θ = diag θ − θθᵀ over the sheets (θ = (1, a)/Π at one common representative), i.e. Σ_j Σ_(x,y) δ_x (θ_x[x = y] − θ_x θ_y) δ_yᵀ; vᵀGv = Σ_j Var_θj(0, (D_j v)_x), ker G = ∩ ker D_j;  δ_x = (⟨ĝ_x, Δz_x(ΔE)⟩, ⟨ĝ_x, ∂z_x/∂ρ⟩);  g = Σ_j Σ_x (θ_x − [x = t]) δ_x (g_ρ = γ_ρ);  (α, β) = −G⁻¹g;  model change −½ gᵀG⁻¹g;  z′ = Bz leaves G, g, (α, β) unchanged while −γ_ρ/Σ|∂z/∂ρ|² scales by B⁻²	the committed move's plane (the port's unit move and the transport modulus) measured by its witness, the lock at each decision: the lock face's Hessian in the log-readings, the curvature of its log mass log Π, Π = 1 + Σ a_x (the resting sheet the lossless ring's return), pulled back with its cross term	lock face only; the plane of E's own unit step and ρ (full covariance of E's direction not claimed); δ held at 128 significant bits; a reading, no move made (October 1; the coordinate control is the move's −γ_ρ/G_ρ)	H:crates/holonics/src/hnn/executed.rs@9078f103; R:holonics::receiver::face::softmax_jacobian; R:holonics::ratio::linear::inertia::SymmetricForm::pullback; R:holonics::ratio::linear::inertia::inertia; N:2026-10-01_THE_MOVES_METRIC_IS_ITS_WITNESSS_THE_LOCKS_FISHER_FORM_ON_THE_MOVES_PLANE.md	definition	uses:hnn.executed-move, uses:hnn.lock-face-comparison, uses:ratio.fisher-sphere, uses:hnn.executed-growth-covector
hnn.kinetic-move	receiver, constitution, deposition, ratio	min_v cᵀAv + ½ vᵀAᵀFAv, least ½⟨Mv, v⟩ among minimizers;  F = ⊕_j (diag θ_j − θ_jθ_jᵀ) on the non-resting sheets, c = ⊕_j (θ_j − e_t);  M = I ⊗ H′, H′ = H + Σ_t w_t f_t f_tᵀ;  A surjective ⇒ v = M⁻¹Aᵀ M_F w, M_F = (AM⁻¹Aᵀ)⁻¹, w = −F⁻¹c;  G_m = Σ_c w_S(c) P^(c−λ)ĝ_m M[c]ᵀ + Σ_j w_S(j) P^(c_j−λ)ĝ_m e_(x_j)ᵀ, ⟨G_m, ΔE⟩ = ⟨ĝ_m, Δz_S(ΔE)⟩, Σ_m c_m G_m = −Σ_t w_t g_t f_tᵀ;  CG on AᵀFA v = −Aᵀc preconditioned by M⁻¹ from 0: v_k = M⁻¹Aᵀμ_k, v_1 ∥ −M⁻¹Aᵀc (the normal law)	the receiver's minimum-energy move over all of E: the witness's Gauss–Newton change of its readings, lifted to the source port at the least kinetic energy of the port's retained Gram, and deposited by the normal law from the returns at the solve's reading weights	lock and order readings at the incumbent; E alone (ρ held); the recurrence held at 128 significant bits toward zero, stopped at residual energy 2^(−32), the kernel, or as many iterations as readings; every trial is certified whole by the move's conditions of adoption (October 2)	H:crates/holonics/src/hnn/executed.rs@9078f103; L:Holon/Element:KineticFace.unique_minimum_energy; L:Holon/Element:horizontal_reads; N:2026-10-02_THE_REPRESENTATION_THE_REFITS_E_MAKES_RHO_A_MONOTONE_PATH_TO_THE_DECISIONS.md	definition	uses:holon.kinetic-face-minimum, uses:hnn.witness-plane, uses:hnn.executed-move, uses:hnn.lock-face-comparison
hnn.kinetic-modulus	receiver, constitution, deposition, ratio	v = (ΔE, Δρ);  a_m = ⟨ĝ_m, ∂z_m/∂ρ⟩;  ∂w_k/∂ρ = w_k s_k, s_k = (r_k − r̄)/ρ;  M = [[I ⊗ H′, b], [bᵀ, g]], b = E Σ_k w_k² s_k f_k f_kᵀ, g = Σ_k w_k² s_k² |E f_k|²;  s = g − ⟨b, bH′⁻¹⟩ > 0 ⇔ M ≻ 0 (H′ ≻ 0);  x_ρ = (y_ρ − ⟨bH′⁻¹, Y⟩)/s, X = YH′⁻¹ − x_ρ bH′⁻¹;  return covector += −Δρ (S/W) E f, S = Σ w² s;  ρ^d ≤ 2^(−L_ν);  ρ = ρ₀ ∧ Δρ_free > 0 ⇒ Δρ = 0;  Δρ = (own − supplied)/s, own = Σ_m w_m a_m, supplied = ⟨bH′⁻¹, (Aᵀμ)_E⟩;  readings depending on amplitude ratios ⇒ move at λE = (λΔE, Δρ)	the transport modulus joined to the receiver's minimum-energy move: the readings' Gauss–Newton change split between E and ρ by the squared norm of the storage change each causes (the law's quadratic form, not a measured energy of the Holons); the retained Gram has no ρ row (it holds moments formed at their own passages' transport); ρ held at or below the one-turn alias bound ρ₀, and at the bound an upward Δρ is held and the move is E's alone; the memory moves by what the readings ask less what E's own move already supplies through the coupling, so γ_ρ's sign does not give the joined direction	the proposal's data at the incumbent; s ≤ 0 leaves ρ unjoined; trials ρ + ηΔρ within [ρ/2, max(ρ₀, ρ)] on the port's lattice; the bound-active rule's and the amplitude law's Lean statements owed (#62); the executed reading depends on absolute amplitude, so the amplitude law does not apply along the chain; October 2	H:crates/holonics/src/hnn/executed.rs@9078f103; R:holonics::hnn::prediction::BankPlacement::reach_slopes; L:Holon/Element:KineticFace.unique_minimum_energy; L:HNN/IndexedOpen:IsFounding; N:2026-10-02_THE_TRANSPORT_MODULUS_JOINS_THE_RECEIVERS_MINIMUM_ENERGY_MOVE.md	definition	uses:hnn.kinetic-move
hnn.move-reach	receiver, constitution, deposition	P ≻ 0:  P g = 0 ⇔ g = 0;  g ≠ 0 ⇒ ⟨g, −P g⟩ < 0;  g ≠ 0, ⟨d, g⟩ < 0 ⇒ ∃ P ≻ 0, −P g = d  (P = I − ggᵀ/|g|² − ddᵀ/⟨d, g⟩);  ∃ p > 0, d = −diag(p) g ⇔ ∀ i, (g_i = 0 ⇒ d_i = 0) ∧ (g_i ≠ 0 ⇒ d_i g_i < 0);  v = M⁻¹Aᵀμ ⇒ horizontal(Av) = v, hidden v = 0	every metric step of a comparison rests at its stationary points; what separates two moves from one state is the class of metric each admits: a full metric reaches every descent direction, a per-coordinate scale (rms, adam without momentum) the sign-consistent ones, and the native family the readings' horizontal space, never a target's hidden part	P positive definite; M ≻ 0, A surjective for the horizontal statement; finite index types (October 2)	L:HNN/ExecutedComparison:metric_step_zero_iff; L:HNN/ExecutedComparison:metric_step_descends; L:HNN/ExecutedComparison:posDef_reach; L:HNN/ExecutedComparison:diagonal_reach_iff; L:HNN/ExecutedComparison:native_step_horizontal; L:Holon/Element:KineticFace.energy_split; H:crates/holonics/src/hnn/executed.rs@9078f103; N:2026-10-02_THE_NATIVE_MOVE_AT_E_ALONE_ITS_FIXED_POINTS_AND_ONE_STEPS_REACH.md	formal-checked	uses:hnn.kinetic-move, uses:holon.kinetic-face-minimum
hnn.reading-metric	receiver, constitution, deposition	hidden v = 0 ⇔ ∃ μ, M v = Aᵀμ;  (∀ c, hidden(P Aᵀc) = 0) ⇔ ∀ c, P Aᵀc = H (A P Aᵀ) c;  P_D = H D Hᵀ + (1 − HA) M⁻¹ (1 − HA)ᵀ:  D ≻ 0 ⇒ P_D ≻ 0,  P_D Aᵀc = H D c,  A P_D Aᵀ = D;  H S c = M⁻¹Aᵀc;  D ≻ 0: H(−Dc) = 0 ⇔ Aᵀc = 0;  ⟨Aᵀc, H(−Dc)⟩ = −⟨c, Dc⟩;  per-reading d > 0: reach = horizontal moves with sign-consistent reading change;  η ln2 2^ω Var_p(d⊙c) ≤ Σ d c² ⇒ code falls ≥ η Σ d c²/2	a metric keeps the move in the native span exactly when it acts through a form D on the readings; every D ≻ 0 is such a metric, the normal law is D = AM⁻¹Aᵀ, and a per-reading scale (the candidate native counterpart of rms) rests at L's stationary points, reaches the sign-consistent reading changes, and is certified in the Fisher form	M ≻ 0, A surjective, H = M⁻¹Aᵀ(AM⁻¹Aᵀ)⁻¹, S = AM⁻¹Aᵀ; certificate on one sheet's first-order reading change; finite index types (October 2)	L:HNN/ExecutedComparison:hidden_eq_zero_iff; L:HNN/ExecutedComparison:keeps_span_iff; L:HNN/ExecutedComparison:readingMetric_posDef; L:HNN/ExecutedComparison:readingMetric_step; L:HNN/ExecutedComparison:readingMetric_reads; L:HNN/ExecutedComparison:readingStep_normal; L:HNN/ExecutedComparison:readingStep_zero_iff; L:HNN/ExecutedComparison:readingStep_slope; L:HNN/ExecutedComparison:reading_diagonal_reach; L:HNN/ExecutedComparison:reading_posDef_reach; L:HNN/ExecutedComparison:reading_scale_descends; L:HNN/Ratio/Certificate:codeLength_step_descends; H:crates/holonics/src/hnn/executed.rs@9078f103; N:2026-10-02_A_METRIC_KEEPS_THE_MOVE_NATIVE_EXACTLY_WHEN_IT_ACTS_THROUGH_THE_READINGS.md	formal-checked	uses:hnn.move-reach, uses:hnn.kinetic-move, uses:holon.kinetic-face-minimum
hnn.port-mass-hidden	receiver, constitution, deposition	M ≻ 0, A δ = 0, M δ = Aᵀμ ⇒ δ = 0;  (∃ M ≻ 0, ∃ μ, M δ = Aᵀμ) ⇔ δ = 0 ∨ A δ ≠ 0;  z = Aᵀμ − M δ, ⟨δ, z⟩ > 0 ⇒ K = z zᵀ/⟨δ, z⟩ ⪰ 0, (M + K) δ = Aᵀμ;  Z = X − Δ H, Z Δᵀ ≻ 0 ⇒ k = Zᵀ(Z Δᵀ)⁻¹Z ⪰ 0, Δ(H + k) = X;  k ⪰ 0, Δ(H + k) = X ⇒ (X − Δ H)Δᵀ ⪰ 0;  K ⪰ 0 ⇒ ½⟨w, (AM⁻¹Aᵀ)⁻¹w⟩ ≤ ½⟨w, (A(M+K)⁻¹Aᵀ)⁻¹w⟩	no mass makes a direction no reading sees native or visible; a mass change can only tilt the lift of a visible reading change, by a rank-one addition or, through the feature Gram, a deposit of rank at most the rows' under a condition on every pair of rows; the reading change and its Fisher certificate are mass-free and the kinetic energy never falls; the normal law's deposit, with the returns' own weights, cannot aim such a tilt	M ≻ 0, A surjective for the energy statement; M = I ⊗ H acting V ↦ V H for the feature form; finite index types (October 2)	L:HNN/ExecutedComparison:hidden_never_native; L:HNN/ExecutedComparison:native_under_some_mass_iff; L:HNN/ExecutedComparison:deposit_makes_native; L:HNN/ExecutedComparison:feature_deposit_makes_native; L:HNN/ExecutedComparison:feature_deposit_native_needs; L:HNN/ExecutedComparison:deposit_raises_native_energy; L:Holon/Element:KineticFace.unique_minimum_energy; L:HNN/Normal:normal_prox_step; R:holonics::hnn::constitution::NormalLaw; H:crates/holonics/src/hnn/executed.rs@9078f103; N:2026-10-02_NO_MASS_MAKES_A_HIDDEN_DIRECTION_VISIBLE_THE_DEPOSIT_CAN_ONLY_TILT_A_VISIBLE_STEP.md	formal-checked	uses:hnn.reading-metric, uses:hnn.kinetic-move, uses:holon.kinetic-face-minimum
hnn.release-guard	receiver, ratio, deposition	f(k+1) − f k = (m k − f k) + (f(k+1) − m k);  f b ≤ f a − σ ⇔ Σ_[a,b) flip ≤ Σ_[a,b) (f k − m k) − σ;  t n ≤ j ≤ t(n+1) ⇒ f j ≤ f(t n) + h;  f(t(n+1)) ≤ f(t n) − σ n;  W = 1, h = 0 ⇔ f(n+1) ≤ f n − σ n;  f(t n) ≤ f 0 − Σ σ;  f j ≤ f 0 + h;  Σ σ ≤ f 0 − m;  σ = η q, Σ η = ∞ ⇒ ∀ ε N ∃ b ≥ N, q b < ε;  η ≥ c > 0 ⇒ Σ η = ∞;  closes ∧ (f k − m k ≤ d) ⇒ F + σ ≤ (b − a) d;  m ≤ f ≤ B ⇒ h = B − m;  ρ₀ ≤ a, r ≤ R ⇒ log((1 + a + r)/a) ≤ log(1 + (1 + R)/ρ₀);  ∀ B ∃ a > 0, log((1 + a)/a) > B;  σ ≥ γ > 0 ⇒ n γ ≤ f 0 − m	the released code length changes by its change with the incumbent's commitments held (continuous, certified at first order) plus the jump where a ring's commitment switches; the jump is set by placement, so the code length is compared between the two endpoint states of an interval of the path, the closing below the opening by one receiver grain; the states between are free and bounded by the code length's range, finite because a target's reading has the lattice's floor; one step with no excursion is strict descent; restarting from the opening state is a selection among paths with no physical statement	σ ≥ 0 and a held h ≥ 0 (a negative one refused); lower and upper ends of enclosures for the comparisons; h unchecked inside an interval, the range B − m, finite with a floor ρ₀ on every target's reading (the lattice's 1/Δ; a zero target refused) and a bound R on its rivals; R and a floor uniform over a path agent-inferred (#62); σ one receiver grain over the requests' decisions (decisions × tolerance × ln 2 nats); W at least 2 and at least (F + σ)/d with its upper end chosen (October 2)	L:HNN/ExecutedComparison:own_telescopes; L:HNN/ExecutedComparison:window_closes_iff; L:HNN/ExecutedComparison:checkpoint_one_iff; L:HNN/ExecutedComparison:checkpoint_descends; L:HNN/ExecutedComparison:excursion_le_start; L:HNN/ExecutedComparison:excursion_enclosure; L:HNN/ExecutedComparison:checkpoints_sum_le; L:HNN/ExecutedComparison:large_windows_card; L:HNN/ExecutedComparison:schedule_frequently_small; L:HNN/ExecutedComparison:floor_steps_diverge; L:HNN/ExecutedComparison:floor_large_slopes_card; L:HNN/ExecutedComparison:one_move_closes_iff; L:HNN/ExecutedComparison:window_length_lower; L:HNN/ExecutedComparison:lockFace_le_of_floor; L:HNN/ExecutedComparison:lockFace_unbounded; L:HNN/ExecutedComparison:excursion_of_bounded; L:HNN/ExecutedComparison:grain_windows_bounded; H:crates/holonics/src/hnn/executed.rs@9078f103; N:2026-10-02_THE_RELEASE_GUARD_CERTIFIES_THE_FIXED_MASK_AND_CHARGES_THE_FLIP_OVER_A_WINDOW.md	formal-checked	uses:hnn.reading-metric, uses:parametron.monodromy-lattice-floor
hnn.flip	receiver, ratio	own η = g η + J on (0,δ), J > 0 ⇒ ∀ s K ∃ η, own 0 − η s + K η² < own η;  own η_c = g η_c + J ∧ own η_c ≤ own 0 − η_c s + K η_c² ⇒ J − η_c (s₁ − s) ≤ K η_c²;  |μ η − μ 0| ≤ Λ η ∧ Λ η < μ 0 ⇒ μ η > 0;  η < (w(⌊x/w⌋+1) − x)/v ⇒ ⌊(x + η v)/w⌋ = ⌊x/w⌋;  0 < (w(⌊x/w⌋+1) − x)/v ≤ w/v;  e^(−δ) ≤ a′/a, r′/r ≤ e^δ ⇒ |ℓ(a′,r′) − ℓ(a,r)| ≤ 2δ;  |Σ_(j∈D) (ℓ′_j − ℓ_j)| ≤ 2 Σ_(j∈D) δ_j	a flip is where the lock rule's margin (largest gap less the next, the threshold, eligibility) changes sign on the readings' cell ends; its cost is the comparison re-read on the successor's sections, a sum of context values of correct placed data; no first-order bound survives it, a flip-free step needs a segment rate bound on the readings that the chain lacks, and a margin within the summed cell widths can flip at any small step; a true crossing of two gaps is a jump in the code length: its jump is read at the first carried state past the cut on both commitment orders, does not shrink with the step, and its lock faces' part is bounded by twice the re-read stations' log reading changes, which no owner bounds before the crossing is read	w, v > 0; μ the visible margin, bounding the true one within four cell widths; Λ is not in the chain	L:HNN/ExecutedComparison:flip_defeats_first_order; L:HNN/ExecutedComparison:flip_curvature_lower; L:HNN/ExecutedComparison:no_flip_within_margin; L:HNN/ExecutedComparison:cell_holds_until_cut; L:HNN/ExecutedComparison:cell_moves_at_cut; L:HNN/ExecutedComparison:cut_within_cell; L:HNN/ExecutedComparison:lockFace_sub_abs_le; L:HNN/ExecutedComparison:crossing_cost_le	formal-checked	uses:hnn.release-guard
hnn.certified-lock	receiver, parametron, ratio	lo j = L_top − max U ≤ g j ≤ hi j = U_top − max L;  lock j ⇔ ∀ i, lo i ≤ hi j;  lo k = max lo ⇒ lock k;  g k = max g ⇒ lock k;  lock = {k} ⇒ ∀ j ≠ k, g j < g k;  hi j < lo k ∧ lock′ = {j} ⇒ g j < g k ∧ g′ k < g′ j;  lo = hi = g ⇒ (lock j ⇔ g j = max g);  Σ_(j∈W) hi j < lo r, hi ≥ 0 ⇒ ∀ j ∈ W, ¬ lock j	the release locks together every eligible station the readings do not certify below the largest gap; the largest certain gap and the true largest gap always lock, a lone lock has the strictly largest true gap, and a certified order is swapped only by a crossing of the true gaps; on exact readings it is the largest gap with its ties; the comparison's order term reads the same ends (the right station's certain gap against each wrong station's upper end), so where it is solved no wrong station locks	each gap enclosed by its certain gap and reach from the readings' cells at the release's grain	L:HNN/ExecutedComparison:certifiedLock; L:HNN/ExecutedComparison:certifiedLock_largest; L:HNN/ExecutedComparison:leader_locks; L:HNN/ExecutedComparison:certifiedLock_exact; L:HNN/ExecutedComparison:lone_lock_is_largest; L:HNN/ExecutedComparison:certified_order_needs_crossing; L:HNN/ExecutedComparison:order_solved_locks_no_wrong; R:holonics::hnn::prediction::uncertified_largest; H:crates/holonics/src/hnn/executed.rs@9078f103	formal-checked	uses:hnn.flip
hnn.order-temperature	receiver, parametron, ratio	R(n) = a_top^(−n) + Σ_y (a_y/a_top)^n,  commit at R(t) = 2^τ − 1;  a_top > 1, r_y < 1 ⇒ R strictly falls;  a_top ≤ 1 ⇒ R ≥ 1;  two classes: t = c/ln(a_top/a_run), c = −ln(2^τ − 1);  R(n) ≤ 2^τ − 1 ⇔ ⌈t⌉ ≤ n (n whole);  charpoly(BA) = charpoly(AB);  t continuous, t(0) ∉ ℤ ⇒ ⌈t(η)⌉ = ⌈t(0)⌉ near 0;  f = g near 0, g′₊(0) < 0 ⇒ ∃ k, f(η₀/2^k) < f 0;  f η = g η + J (η > 0), J > 0 ⇒ f 0 < f η near 0;  averaged kernel Φ = clamp(Δ) C_A + max(0, 1 − |Δ|) C_C + clamp(−Δ) C_B;  |(⌈p t_B⌉ − ⌈p t_A⌉)/p − (t_B − t_A)| < 1/p	a station commits at the instant its lock face read over n turns places its top within the grain, which orders stations by the log ratio of top to runner, and read at whole turns at the ceiling of that instant; in the code the receiving ring's key enters the release only through phase differences and the whole-turn count has one carried origin, so the order is a step resolved to one turn: stations in one turn commit together, an order changes only where a step carries an instant across a whole turn, and off whole turns the comparison is a fixed order's and a negative slope is adopted by some halving; the three-arc kernel is that order averaged over a pair's position in the turn, a population statistic, not the release's comparison	premise (agent-inferred): the lock is read at whole turns, a proposed law no owner implements (LockOrder::Gap ranks gaps); instants continuous in the constitution (hypothesis); instants enclosed exactly; τ the declared grain (October 2)	L:HNN/OrderTemperature:orderMixture_continuous; L:HNN/OrderTemperature:orderMixture_hasDerivAt; L:HNN/OrderTemperature:anticipation_integral; L:HNN/OrderTemperature:eventually_lt_of_neg_slope; L:HNN/OrderTemperature:halving_adopts_of_neg_slope; L:HNN/OrderTemperature:jump_refuses_every_halving; L:HNN/OrderTemperature:anticipation_pos_iff; L:HNN/OrderTemperature:orderMixture_sharpens; L:HNN/OrderTemperature:orderMixture_resolution; L:HNN/OrderTemperature:shares_sum; L:HNN/OrderTemperature:copresentShare_eq; L:HNN/OrderTemperature:aheadShare_of_one_le; L:HNN/OrderTemperature:aheadShare_lipschitz; L:HNN/OrderTemperature:threeOrder_continuous; L:HNN/OrderTemperature:commitResidual_strictAnti; L:HNN/OrderTemperature:commitResidual_ge_one; L:HNN/OrderTemperature:commit_instant_le; L:HNN/OrderTemperature:commit_turn_iff; L:HNN/OrderTemperature:ceil_eventually_eq; L:HNN/OrderTemperature:wholeTurn_counts_eventually_const; L:HNN/OrderTemperature:fixed_order_halving_adopts; L:HNN/OrderTemperature:turn_reading_section_free; L:HNN/OrderTemperature:tick_count_near; L:HNN/OrderTemperature:tick_share_near; N:2026-10-02_THE_COMMITMENT_IS_READ_ON_THE_TURN_CLOCK_ITS_ORDER_IS_RESOLVED_TO_ONE_TURN_AND_A_CROSSING_JUMPS_ONLY_AT_A_WHOLE_TURN.md	formal-checked	uses:hnn.release-guard
hnn.order-jumps	receiver, ratio	η₀ ≥ w, η₀/2^k < w first ⇒ η₀/2^k ≥ w/2;  w − η₀/2^k ≤ w/2;  d(n+1) ≤ d(n)/2 ⇒ d(n) ≤ d(0)/2^n;  k < D, w < η₀/2^(D−1) ⇒ w < η₀/2^k;  |g x − g y| ≤ G|x − y|, 0 ≤ η ≤ d ⇒ g 0 − g η ≤ G d	a halving descent whose direction meets a jump up in code length (the release's order changes) that its conditions do not admit lands within half the jump's distance each move and gains at most G times that distance; once the jump is nearer than the smallest trial every trial crosses it and the move is refused, so the run closes short of the jump with a negative slope; the gap order (largest a_top − a_runner) is not the commitment order, locking a station of strictly later turn in 17 of 56 decided refinements at the founded opening	the jump exceeds the release excursion; trials η₀/2^k above the lattice floor (η₀2^(−k)·2u ≥ λ); the next move's direction meets the same jump (hypothesis); measured on order-2, development seed 2026093061, 8 requests, the founded opening (October 2)	L:HNN/OrderTemperature:first_halving_short_of_jump; L:HNN/OrderTemperature:jump_distance_halves; L:HNN/OrderTemperature:jump_distance_le; L:HNN/OrderTemperature:trials_cross_jump; L:HNN/OrderTemperature:gain_short_of_jump; N:2026-10-02_THE_HALVING_DESCENT_STOPS_SHORT_OF_A_JUMP_IN_THE_RELEASES_ORDER_AND_THE_GAP_ORDER_IS_NOT_THE_COMMITMENT_ORDER.md	formal-checked	uses:hnn.order-temperature
hnn.move-direction	receiver, ratio	Q R_c Qᵀ = R_((p+iq)²c);  S R_c S = R_c̄;  charpoly(U M U⁻¹) = charpoly M;  charpoly(BA) = charpoly(AB);  AᵀFAv = −Aᵀc ⇒ ⟨Au, F Av⟩ = −⟨Aᵀc, u⟩;  min_(|w|=1) ‖x − w y‖² = ‖x‖² + ‖y‖² − 2‖⟪y,x⟫‖;  K+L antitone ⇒ L k ≤ K 0 + L 0	the executed comparison reads E only through the bank's pump carriers and each growth through a characteristic polynomial, so it is invariant under the ring's 60 shifts and a global phase with conjugation (Z₆₀ × O(2)); the fit is one point of an orbit, at a closed-form distance; the Gauss–Newton step points toward a lower point in its own form exactly when the chord descends at first order, so a step pointing away is a pass, the metric or the orbit; the native move is a leap from rest, a velocity summed from steps pointing away points away, and a throw adds only energy to cross a pass; measured, the case is the metric: one lock's Gauss–Newton change raises only its target by 1/θ_t, so the worst-read targets dominate the kinetic step, while a throw over a finite flight caps each soft mode at the force's free fall, with or without damping	the harness's bank (one node, C = K = I₂, D = 0, members k ∈ {0,1,2,3}); no pair offset; the ring's reversal and the certificate's orbit invariance not shown (#62); the opening E₀ fixed by no nontrivial lattice element (measured)	L:HNN/MoveDirection:rotor_conj_reflection; L:HNN/MoveDirection:flip_conj_reflection; L:HNN/MoveDirection:charpoly_conj_ticks; L:HNN/MoveDirection:charpoly_rotate_ticks; L:HNN/MoveDirection:fderiv_orbit_tangent; L:HNN/MoveDirection:mass_orthogonal_unread; L:HNN/MoveDirection:gaussNewton_pairing; L:HNN/MoveDirection:nonconvex_of_uphill_lower; L:HNN/MoveDirection:dist_phase_orbit_sq_eq; L:HNN/MoveDirection:pairing_nonpos_of_steps; L:HNN/MoveDirection:comparison_le_energy; L:HNN/MoveDirection:throw_between; L:HNN/MoveDirection:fisher_step_target_only; L:HNN/MoveDirection:throw_le_free_fall; L:HNN/MoveDirection:damped_throw_le_free_fall; L:HNN/MoveDirection:carried_velocity; N:2026-10-02_THE_COMPARISON_IS_INVARIANT_UNDER_THE_RINGS_SHIFTS_AND_A_GLOBAL_PHASE_AND_THE_GAUSS_NEWTON_STEP_POINTS_TOWARD_A_LOWER_POINT_EXACTLY_WHEN_ITS_CHORD_DESCENDS.md	formal-checked	uses:hnn.order-jumps
hnn.held-momentum	deposition, constitution, contact	C w = (C+F) w′ ⇒ ⟨w,Cw⟩ − ⟨w′,(C+F)w′⟩ = ⟨w′,Fw′⟩ + ⟨w−w′,C(w−w′)⟩;  H ≻ 0, F ⪰ 0 ⇒ (H+F)⁻¹ ⪯ H⁻¹;  ⟨w,(C+F)w⟩ = ⟨w,Cw⟩ + ⟨w,Fw⟩;  C′ ⪰ C/(1+ε), Cw = C′w′ ⇒ ⟨w′,C′w′⟩ ≤ (1+ε)⟨w,Cw⟩;  p²/(2m) − p²/(2(m+f)) = p²f/(2m(m+f));  ΔE = (P+ηG)H′⁻¹ = ηD + c;  Σ_(k≤n) k i/(m₀+kf) ≤ (i/m₀)·n(n+1)/2	a deposit is a sudden change of a mass at a held canonical state: the contact's (u, π = C_a w) and the source port's momentum P = dH; holding the momentum, an accretion lowers the kinetic reading by the accreted mass's energy at the new rate plus the rate jump's energy in the old mass, so the accreted mass is the throw's damping on the deposit clock with no chosen constant; holding the rate instead injects ½⟨w,Fw⟩ with no source; a production deposit can shrink a mass (C = c cᵀ, the factor step makes ΔC indefinite), and the hold stands for either sign: a constitution change carries no departing body and no port, so a shrink is the deposit's parametric work (record B §2.3b), bounded by a mass certified from below; the leap is the throw from rest	real symmetric forms; the discrete scheme's hold across a jump is hnn.deposit-hold, H as the imposed storage's inertia is hnn.imposed-inertia, the throw's per-move energy law is hnn.throw-energy and the nonconvex floor is hnn.nonconvex-floor; the throw's executed arm in history at 4743e836, not on main; consumed by the reception carry (ReceptionCarry::crossed, PowerForm::held) and the within-refinement continuation (ContactCut::continue_deposited); a momentum a singular C′ cannot hold is hnn.singular-hold, and the held work joins the chained balance in HNN/HeldDeposition	L:HNN/MoveDirection:accretion_loss; L:HNN/MoveDirection:accretion_dissipates; L:HNN/MoveDirection:thrown_move; L:HNN/MoveDirection:throw_velocity_le_terminal; L:HNN/MoveDirection:throw_velocity_rises; L:HNN/MoveDirection:leap_velocity_le; L:HNN/MoveDirection:throw_velocity_le_unaccreted; L:HNN/MoveDirection:throw_reach_le_free_fall; L:HNN/MoveDirection:convex_slope_le; L:HNN/MoveDirection:coast_apex_no_floor_ahead; L:HNN/MoveDirection:coast_floor; L:HNN/MoveDirection:coast_floor_at_end; L:HNN/MoveDirection:line_falls_to; L:HNN/MoveDirection:coast_secant_curvature; L:HNN/MoveDirection:held_momentum_loss; L:HNN/MoveDirection:held_momentum_dissipates; L:HNN/MoveDirection:accretion_inverse_antitone; L:HNN/MoveDirection:velocity_held_injects; L:HNN/MoveDirection:held_momentum_bound; N:2026-10-03_THE_DEPOSIT_HOLDS_THE_CARRIED_MOMENTUM_AND_THE_ACCRETED_MASS_IS_THE_THROWS_DAMPING.md; N:2026-10-03_THE_RECEPTION_CARRIES_THE_INTERIOR_CHANGE_THE_SOURCE_PORT_IMPOSES_THE_MOMENT_AND_REST_IS_COMPLETE_ABSORPTION.md; R:holonics::hnn::word::PowerForm::held; R:holonics::hnn::word::ReceptionCarry::crossed; R:holonics::hnn::word::continuation::ContactCut::continue_deposited; L:HNN/HeldDeposition:held_deposition_work; L:HNN/HeldDeposition:held_deposition_nonpos	formal-checked	uses:hnn.move-direction
hnn.chained-balance	holon, constitution, receiver	P_m(x) = P_m(Π_int x) + E_S(x);  P_open(k+1) = P_(Θ,λ)(y) + dep_k + ingest_k + E_S(s) = P_(Θ,λ)(x) + dep_k + ingest_k + E_S(s) − E_S(x);  draft − P_open = −E_S(x);  A = I ⇒ P_open = E_S(s);  E_end ≤ P(y) + dep + ingest + E_S(s) − split + Π + bound;  E_(n+1) = E_0 − A_0 + Σ_(k≤n)(dep + ingest + imp − split − L + Π + res)_k − Σ_(1≤k≤n) A_k ≤ E_0 − A_0 + Σ_(k≤n)(dep + ingest + imp − split + Π + b)_k;  ingest = −(h/4) Σ_a Γ_a² G_a |a_a|² ≤ 0;  dep, ingest ≤ 0 ⇒ dep + ingest ≤ L	the reception carry chains its words on one baseline: the opening is the interior's power plus the work between the words plus the imposed storage, the absorbed source storage subtracted once; each reception and the whole chain are dissipative with respect to the declared supply, and the chain telescopes; at rest the opening is today's and the carried interior enters the word additively; the ingest only emits, so the stronger reading holds wherever the deposition does no positive work (under accretion at held momentum)	the state is (source coordinates, interior) with E_S a field constant and the deposit and ingest keeping the source coordinates (#62 comment 5973454514); L ≥ 0, |residual| ≤ bound and the absorbed storages ≥ 0 are hypotheses read from their owners; the ingest's sign over ℚ (HNN/Ring), the held deposition's over ℝ (MoveDirection); the stronger reading is proved only for a deposition that is the held work of an accreting contact mass (C ⪰ 0, F ⪰ 0; HNN/HeldDeposition) with no other coordinate of the constitution moved; a deposit that lowers a mass, or whose same-state work ½⟨x, ΔΘ x⟩ on a stiffness, admittance or conductance is positive, can do positive work, and then only the dissipative form holds; the scalar chain is the identity ChainedBalance::{closes, dissipative} checks; on a field with declared resonators the Rust reads the opening as P_open + R_open = interior + R_interior + dep + ingest + E_S(s), with word k read to its last crossing (WordBalance::carried: end = P(end) − last, the last junction's residual and bound dropped), checked closing and dissipative on a pumped chain (the_chained_balance_closes_on_a_pumped_field); the resonator terms' Lean is owed (#62)	L:HNN/ChainedBalance:power_split; L:HNN/ChainedBalance:opening_one_baseline; L:HNN/ChainedBalance:draft_subtracts_twice; L:HNN/ChainedBalance:rest_opens_at_imposed; L:HNN/ChainedBalance:carry_enters_additively; L:HNN/ChainedBalance:reception_dissipative; L:HNN/ChainedBalance:reception_within_loss; L:HNN/ChainedBalance:chain_telescopes; L:HNN/ChainedBalance:chain_dissipative; L:HNN/ChainedBalance:chain_dissipative_certified; L:HNN/ChainedBalance:ingest_emits; L:HNN/ChainedBalance:ingest_nonpos; L:HNN/HeldDeposition:reception_within_loss_of_accretion; R:holonics::hnn::word::ChainedBalance; R:holonics::hnn::word::ReceptionCarry; R:holonics::hnn::word::PowerForm	formal-checked	uses:hnn.reception-carry, uses:junction.reference-lift-work, uses:hnn.held-momentum, uses:hnn.word-opens-at-zero
hnn.opening-split	receiver, constitution	Qᵀ = Q ⇒ ½⟨z,Qz⟩ − ½⟨z−r,Q(z−r)⟩ = ½⟨r,Q(2z−r)⟩;  |r_i| ≤ c_i ⇒ |split| ≤ ½ Σ_i c_i (2|(Qz)_i| + Σ_j |Q_ij| c_j);  r = 0 ⇒ split = 0	the opening splits a transmitted wave or held rate at the word's transient lattice; the split, an executed residual of the chained balance, is the remainder's pairing with the opening and its representative, and is certified from the opening alone, whatever the sign of the form	Q the power form's symmetric block form (ring and wave admittances, contact C and signed K, possibly indefinite); c_i the half cell of coordinate i; the uniform-cell form is HNN/Ring.loaded_state_split_bound	L:HNN/ChainedBalance:opening_split_eq; L:HNN/ChainedBalance:opening_split_le; L:HNN/ChainedBalance:splitBound; L:HNN/ChainedBalance:opening_split_on_lattice; L:HNN/ChainedBalance:chain_dissipative_certified; R:holonics::hnn::word::ChainedBalance; R:holonics::hnn::word::Word::open_received	formal-checked	uses:hnn.chained-balance
hnn.singular-hold	deposition, constitution, contact	C′ᵀ = C′ ⇒ (∃ w′, C′w′ = π ⇔ ∀ k, C′k = 0 ⇒ ⟨k,π⟩ = 0);  range C′ ⊓ ker C′ = 0;  C′w₁ = C′w₂ = π ⇒ ⟨w₁,π⟩ = ⟨w₂,π⟩;  C′ ⪰ 0, ε > 0, C′k = 0, (C′+εI)w = π ⇒ ⟨k,π⟩² ≤ ε|k|²⟨w,π⟩;  ⟨k,π⟩ ≠ 0 ⇒ no hold, and ∀ E ∃ ε₀ > 0, ε ≤ ε₀ ⇒ ⟨w,(C′+εI)w⟩ > E	a deposit that leaves a contact's mass singular holds the carried momentum exactly when the momentum has no component along the massless directions, and every hold reads one energy; a momentum with such a component has no hold, and holding it at any nearby mass costs energy that grows as 1/ε, so the refusal is the held-momentum law, not a gap	symmetric C′ over an ordered field (ℚ for the Rust owner); where the hold exists, the deposition's work is hnn.held-momentum's identity, which assumes no invertibility; emitting the kernel component instead would be another law, not derived	L:HNN/ChainedBalance:dot_self_nonneg; L:HNN/ChainedBalance:hold_needs_kernel_free; L:HNN/ChainedBalance:held_energy_unique; L:HNN/ChainedBalance:range_inf_ker; L:HNN/ChainedBalance:hold_iff_kernel_free; L:HNN/ChainedBalance:singular_hold_energy; L:HNN/ChainedBalance:singular_hold_unbounded; R:holonics::hnn::word::ReceptionCarry::crossed	formal-checked	uses:hnn.held-momentum
hnn.deposit-hold	deposition, constitution, contact	(2C+(h²/2)K)ω = 2Cw − hKu, u′ = u+hω, w′ = 2ω−w ⇒ C(u′−u) = (h/2)(Cw+Cw′) and Cw′−Cw = −(h/2)K(u+u′);  Cw₁ = Cw₂ ⇒ (ω₁, Cw′₁) = (ω₂, Cw′₂);  C′w′ = Cw ⇒ E_(C′,K′)(u,w′) − E_(C,K)(u,w) = −½⟨w′,(C′−C)w′⟩ − ½⟨w−w′,C(w−w′)⟩ + ½⟨u,(K′−K)u⟩;  tick, hold, tick: ΔE = Σ(port − h⟨ω,Dω⟩ + chart) + depositTerm, closed ticks: ΔE = depositTerm;  ramp of m sub-ticks of step s with ‖K_j‖∞ ≤ κ, ‖X_j‖∞ ≤ γ, |u| ≤ U, |π| ≤ P ⇒ |π_m−π_0| ≤ msκU, |u_m−u_0| ≤ msγP, |X_mπ_m − X_mπ_0| ≤ γ·msκU	the contact's midpoint tick is the midpoint law on the canonical state (u, π = Cw) and reads the rate only through π; a deposit between two ticks holds (u, π) and moves the energy by exactly its deposit term, so the reception's balance is the ticks' port, dissipation and chart terms plus that term; every ramp of the parameters, of any size, moves (u, π) by at most the ramp time times bounded rates, so the hold is the limit of every ramp (the sudden-change law of the Hamiltonian ½⟨π,C⁻¹π⟩ + ½⟨u,Ku⟩) while the rate jumps to the held-momentum rate	real inner-product spaces for the tick and the hold (C symmetric; C′, K, K′ of any sign); the ramp over ℚ with ‖·‖∞ and a left inverse X_jC_j = 1 at each sub-tick, under a priori state bounds; the descriptor tick that carries w across a parameter change instead holds the rate (hnn.held-momentum's injection)	L:HNN/DepositHold:tick_canonical_position; L:HNN/DepositHold:tick_canonical_momentum; L:HNN/DepositHold:tick_reads_momentum; L:HNN/DepositHold:depositTerm; L:HNN/DepositHold:hold_energy; L:HNN/DepositHold:reception_hold_balance; L:HNN/DepositHold:closed_reception_hold_balance; L:HNN/DepositHold:ramp_momentum_step; L:HNN/DepositHold:ramp_position_step; L:HNN/DepositHold:ramp_moves_by_at_most; L:HNN/DepositHold:ramp_rate_near_held; N:2026-10-03_THE_DEPOSIT_HOLDS_THE_CARRIED_MOMENTUM_AND_THE_ACCRETED_MASS_IS_THE_THROWS_DAMPING.md; R:holonics::hnn::word::ReceptionCarry::crossed; R:holonics::hnn::word::PowerForm::held	formal-checked	uses:hnn.held-momentum, uses:hnn.chained-balance
hnn.held-commits	deposition, constitution, holon, receiver	C_(j+1)w_(j+1) = C_j w_j, u held, waves held ⇒ P_(j+1)(x_(j+1)) = P_j(x_j) + work_j, work_j = Σ_i ΔY_i q_i + Σ_a depositTerm_a;  C_m w_m = C_0 w_0;  Σ_(j<m) work_j = P_m(x_m) − P_0(x_0) = dep_k;  Σ_(j<m) work_j = Σ_i (Y_m − Y_0)_i q_i + Σ_a depositTerm(C_0, C_m, K_0, K_m; u, w_0, w_m);  C w₁ = C w₂, C symmetric ⇒ ⟨w₁, C w₁⟩ = ⟨w₂, C w₂⟩	the commits between two refines compose at held momentum: each closes with its deposit terms and the waves' same-state work, their works telescope into the chained balance's dep k, and the chain is one held commit from the first material to the last, so the order and grouping of the staged commits change neither the work nor the end power	every capacity symmetric; positions and waves held; no sign and no invertibility; a resonator's stiffness read at its carried phase	L:HNN/HeldCommits:held_kinetic_unique; L:HNN/HeldCommits:held_chain_momentum; L:HNN/HeldCommits:locus_telescope; L:HNN/HeldCommits:locus_compose; L:HNN/HeldCommits:power; L:HNN/HeldCommits:commitWork; L:HNN/HeldCommits:commit_closes; L:HNN/HeldCommits:commits_telescope; L:HNN/HeldCommits:commits_are_dep; L:HNN/HeldCommits:commits_compose; L:HNN/HeldCommits:held_end_power_unique; R:holonics::hnn::word::WordBalance::commit_held; R:holonics::hnn::word::PowerForm::held	formal-checked	uses:hnn.deposit-hold, uses:hnn.chained-balance, uses:hnn.resonator-hold
hnn.imposed-inertia	constitution, receiver, deposition	H = H₀ + Σ_t w_t f_t f_tᵀ, S(E) = Σ_t (w_t/2)|E f_t|² ⇒ ½⟨ΔE H, ΔE⟩ = ½⟨ΔE H₀, ΔE⟩ + S(ΔE);  S(E+ΔE) = S(E) + Σ_t w_t⟨E f_t, ΔE f_t⟩ + S(ΔE);  S(E+τV) = S(E) + τΣ_t w_t⟨E f_t, V f_t⟩ + τ²S(V);  c > 0, ΔE ≠ 0 ⇒ ½⟨ΔE (cI), ΔE⟩ > 0 and ½⟨ΔE H, ΔE⟩ ≠ S(ΔE)	the source Gram is the inertia of the storage the map imposes on the returns' features: the move's kinetic reading is the prior's reading plus exactly the second-order part of the imposed storage's change; the prior's part is no imposed storage, so the deposit record's identity holds for H − H₀ and fails under the prior for every nonzero move	matrices over an ordered field; s_t = E f_t and the returns' weights as the source rings' storage weights ((h/4)Y_g in E_S) are the record's readings, declared, not proved	L:HNN/DepositHold:gram; L:HNN/DepositHold:kinetic; L:HNN/DepositHold:imposedStorage; L:HNN/DepositHold:mulVec_dot_self; L:HNN/DepositHold:kinetic_gram; L:HNN/DepositHold:imposed_storage_expand; L:HNN/DepositHold:kinetic_is_imposed_curvature; L:HNN/DepositHold:imposed_storage_along_line; L:HNN/DepositHold:prior_reading_pos; L:HNN/DepositHold:kinetic_ne_imposed; N:2026-10-03_THE_DEPOSIT_HOLDS_THE_CARRIED_MOMENTUM_AND_THE_ACCRETED_MASS_IS_THE_THROWS_DAMPING.md; R:holonics::hnn::constitution::NormalLaw::prepare	formal-checked	uses:hnn.held-momentum, uses:hnn.chained-balance
hnn.throw-energy	constitution, deposition, ratio	H′X = 1, Xᵀ = X, c = XP, D = XG, v = τ(ηD+c) ⇒ ⟨v,H′v⟩ = τ²(⟨P,c⟩ + 2η⟨G,c⟩ + η²⟨G,D⟩);  d′ = v + r, P′ = H′d′, (H′+F′)X′ = 1, c′ = X′P′ ⇒ ½⟨P′,c′⟩ + L(x+d′) = ½⟨P,c⟩ + L(x) − (1−τ²)½⟨P,c⟩ − loss′ − τ(1−τη)⟨G,c⟩ − τη(1−τη/2)⟨G,D⟩ + ρ + R, loss′ = ½⟨c′,F′c′⟩ + ½⟨d′−c′,H′(d′−c′)⟩, ρ = τ⟨r,ηG+P⟩ + ½⟨r,H′r⟩ − ⟨G,r⟩, R = L(x+d′) − L(x) + ⟨G,d′⟩;  H′, F′ ⪰ 0, 0 ≤ τ ≤ 1, 0 ≤ τη ≤ 1 ⇒ halving, loss′, impulse ≥ 0 and ⟨G,c⟩ ≥ 0 ⇒ coast term ≥ 0	across one adopted move the throw's energy ½⟨P,c⟩ + L_held changes by exactly the halving's dropped momentum, the next deposit's sticking loss, the coast's power and the impulse's descent, less the lattice's rounding and the comparison's second-order remainder; it falls exactly when the remainder is within those dissipations, each nonnegative under the throw's conditions except the coast's, which injects where the coast climbs unless τη = 1	real matrices, the exact chart H′X = 1 (the executed chart's residual is hnn.throw-energy-chart); the executed arm is in history at 4743e836, to be ported when U6's moves resume	L:HNN/ThrowEnergy:mass_chart; L:HNN/ThrowEnergy:dot_mulVec_symm; L:HNN/ThrowEnergy:throw_kinetic_after; L:HNN/ThrowEnergy:throw_energy_law; L:HNN/ThrowEnergy:throw_energy_falls; L:HNN/ThrowEnergy:throw_dissipation_nonneg; N:2026-10-03_THE_DEPOSIT_HOLDS_THE_CARRIED_MOMENTUM_AND_THE_ACCRETED_MASS_IS_THE_THROWS_DAMPING.md	formal-checked	uses:hnn.held-momentum, uses:hnn.move-direction
hnn.throw-energy-chart	constitution, deposition, ratio	M (X y) = y − (1 − MX) y;  (H′+F′) c′ = H′d′ − e′ ⇒ ½⟨H′d′,c′⟩ = ½⟨d′,H′d′⟩ − loss′ − ½⟨c′,e′⟩;  Xᵀ = X ⇒ the law of hnn.throw-energy − ⟨½v + r, (1 − H′X) τ(ηG + P)⟩ − ½⟨c′, (1 − (H′+F′)X′) P′⟩;  Mᵀ = M, Xᵀ = X, Σ_j |(1 − XM)_ij| ≤ δ, |a_j| ≤ α ⇒ |⟨a, (1 − MX) b⟩| ≤ δ α Σ_i |b_i|;  ⟨y, X y⟩ = ⟨X y, M X y⟩ + ⟨X y, (1 − MX) y⟩ ≥ −δ α Σ_i |y_i| (M ⪰ 0, |(X y)_j| ≤ α);  ρ + R + b + b′ ≤ dissipations ⇒ E₁ ≤ E₀	the throw's per-move energy law through the charts the machine executes: each inexact chart adds one pairing of its residual, the move's momentum read through the deposit's chart and the next hold read through the next one, each within the chart's certificate; the halving's and the impulse's readings are nonnegative up to the same term, and the energy still falls whenever the remainder and both residual bounds are within the four dissipations	real matrices, H′ and both charts symmetric; δ the row-sum certificate of 1 − XH′ (SolvedChart::certificate); #62 receipt 5974606207; the executed arm is in history at 4743e836	L:HNN/ThrowEnergy:mass_chart_residual; L:HNN/ThrowEnergy:held_loss_chart; L:HNN/ThrowEnergy:throw_energy_law_chart; L:HNN/ThrowEnergy:chart_residual_pairing_le; L:HNN/ThrowEnergy:chart_reading_ge; L:HNN/ThrowEnergy:throw_energy_falls_chart; R:holonics::hnn::constitution::SolvedChart; N:2026-10-03_THE_DEPOSIT_HOLDS_THE_CARRIED_MOMENTUM_AND_THE_ACCRETED_MASS_IS_THE_THROWS_DAMPING.md	formal-checked	uses:hnn.throw-energy, uses:hnn.receiving-prior-chart
hnn.nonconvex-floor	ratio, constitution	f″ ≤ κ⁺ on [0,T] ⇒ f′(t) ≤ f′(0) + κ⁺t;  f′(0) ≤ 0, f′(0) + κ⁺τ₂ ≤ 0, 0 ≤ τ₁ ≤ τ₂ ≤ T ⇒ f(τ₂) ≤ f(τ₁);  f(τ) ≤ f(0) + f′(0)τ + κ⁺τ²/2;  κ⁺ > 0, −f′(0)/κ⁺ ≤ T ⇒ f(−f′(0)/κ⁺) ≤ f(0) − f′(0)²/(2κ⁺);  f″ ≥ κ⁻, f′(0) + κ⁻τ/2 ≥ 0 ⇒ f(0) ≤ f(τ)	along a move's line with only an upper curvature bound, of either sign, the line falls up to where its slope bound turns and the derived stop −s/κ⁺ lowers it by at least s²/(2κ⁺); at an apex with a lower curvature bound nothing is lower at least as far as min(T, −2s/κ⁻), all of [0,T] in the convex case (a lower bound on the reach, not its extent); the quadratic profile of MoveDirection §9 is the case f″ ≡ κ	real C² lines, derivatives on all of ℝ and curvature bounds on [0,T]; the stop is unbuilt: no code reads κ or stops a move at its floor	L:HNN/ThrowEnergy:antitoneOn_Icc_of_hasDerivAt; L:HNN/ThrowEnergy:line_slope_le; L:HNN/ThrowEnergy:nonconvex_line_falls_to; L:HNN/ThrowEnergy:nonconvex_line_le_quadratic; L:HNN/ThrowEnergy:nonconvex_stop_value; L:HNN/ThrowEnergy:nonconvex_apex_rises; N:2026-10-03_THE_DEPOSIT_HOLDS_THE_CARRIED_MOMENTUM_AND_THE_ACCRETED_MASS_IS_THE_THROWS_DAMPING.md	formal-checked	uses:hnn.held-momentum, uses:hnn.move-direction
hnn.carried-cuts	deposition, receiver, ratio	q_i(η) = ⌊(r_i + η d_i)/u + c⌋, c = 1/2 + 2^(−k−1);  q_i(η) ≠ q_i(η′) ⇔ ∃ k ∈ ℤ, (r_i + η d_i)/u + c < k ≤ (r_i + η′ d_i)/u + c;  |η′ − η||d_i|/u − 1 < |Δq_i| < |η′ − η||d_i|/u + 1;  |η′ − η|‖d‖₁/u − n < Σ|Δq_i| < |η′ − η|‖d‖₁/u + n;  |μ η − μ 0| ≤ κ·Σ|Δq_i| ∧ κ(η‖d‖₁/u + n) ≤ μ 0 ⇒ μ η > 0;  w_i ≥ 0 ∧ |μ η − μ 0| ≤ Σ w_i|Δq_i| ∧ η/u·Σ w_i|d_i| + Σ w_i < μ 0 ⇒ μ η > 0	the carried path along a step's direction is constant between cuts: each entry's coordinate changes exactly at a progression of step sizes of spacing u/|d_i|, so the candidate successors are indexed by the cuts, their count grows as η‖d‖₁/u with fluctuation below the number of entries (a Weyl law whose fluctuation is a sum of sawtooth functions over the real spectrum m|d_i|/u), and a station's margin survives every carried state it can pay for at its rate per coordinate, entry by entry only over the entries it reads	u the locus's lattice unit, r_i the carried remainder, 2^(−k) the fine lattice's ratio, k ≥ 1; κ a margin's rate per coordinate; the rounding composition derived, its Lean owed (#62); d_i ≥ 0 per entry, a negative one reflects; the step law on the cut index agent-inferred and not built (October 2)	L:HNN/CarriedCuts:floor_ne_iff; L:HNN/CarriedCuts:coordinate_changes_iff; L:HNN/CarriedCuts:coordinate_moves_lt; L:HNN/CarriedCuts:coordinate_moves_gt; L:HNN/CarriedCuts:moves_sum_lt; L:HNN/CarriedCuts:moves_sum_gt; L:HNN/CarriedCuts:margin_survives_moves; L:HNN/CarriedCuts:weighted_moves_le; L:HNN/CarriedCuts:margin_survives_weighted; L:HNN/LatticeDeposit:quot_fine_eq_floor; L:HNN/LatticeDeposit:step_coordinate_eq_floor; R:holonics::hnn::constitution::carried_entry; N:2026-10-02_THE_STEPS_CANDIDATE_STATES_ARE_THE_CUTS_OF_THE_CARRIED_PATH_AND_THEIR_COUNT_IS_A_WEYL_LAW.md	formal-checked	uses:hnn.release-guard, uses:unicity.helix-farey-cells, uses:hnn.lattice-deposit
hnn.release-run	deposition, receiver, ratio	∀ W, σ ≥ 0 ∃ f, m: m k < f k ∀k, f k ≥ f 0 − σ (k ≤ W), f(W+1) < f 0 − σ, |f(k+1) − f k| ≤ σ + 1;  λ ≤ η₀2^(−k)·2u ∧ η₀·2u ≤ 1 ⇒ 2^k ≤ 1/λ;  2η|d| < u ⇒ |q(η) − q(0)| ≤ 1;  f η ≤ f 0 + dη + Kη²/2 on (0, η₀] ∧ η₀2^(−k) ≤ |d|/K ⇒ f(η₀2^(−k)) ≤ f 0 + dη₀2^(−k)/2;  |d|/K < η₀2^(−k) ⇒ d²/(4K) < |d|η₀2^(−k−1)/2;  f = g on [0, η_c) ∧ η₀2^(−k) < η_c ⇒ the same;  K ≤ 2^m|d| ⇒ 2^(−m) ≤ |d|/K;  |e(k+1) − e k| ≤ s ⇒ |e n − e 0| ≤ n s	a run of moves closes on a condition, never a length: the repayment law admits a first close at every length, so the run length W is a bound on work; the halvings end at the lattice's resolution of the move (below η·2u < λ each entry's carried coordinate moves at most one unit, set by the remainders); a halving within the curvature length |d|/K adopts with half its first-order decrease and the first such decreases by more than d²/(4K); for the Gauss–Newton first step the halvings read the comparison's curvature over the receiver's model (eight step sizes reach 128); the entry scale ½ bounds n moves' reach by n/2 per entry, sixteen moves by the entry bound 8	the close test reads the opening's and the current code-length enclosures and σ only; the continuing state's deposit clock and carried Gram advance at every adopted move, so no state of a run repeats and a restart repeats the failed run; K a curvature bound along the move, not read by the chain (owed #62); LADDER_DEPTH is retired and built (#236: the halvings end at the lattice; released on the paired held-out read m7-3 against m7, tail [560, 561)/2^20); the entry scale's retirement is agent-inferred and not built	L:HNN/ReleaseRun:close_at_any_length; L:HNN/ReleaseRun:attempted_halvings_le_lattice; L:HNN/ReleaseRun:below_floor_one_coordinate; L:HNN/ReleaseRun:halving_within_curvature; L:HNN/ReleaseRun:exists_halving_within; L:HNN/ReleaseRun:least_halving_decrease; L:HNN/ReleaseRun:halving_adopts_before_crossing; L:HNN/ReleaseRun:gauss_newton_halvings; L:HNN/ReleaseRun:reach_le_moves; H:crates/holonics/src/hnn/executed.rs@9078f103	formal-checked	uses:hnn.release-guard, uses:hnn.carried-cuts, uses:hnn.excess-ladder-start, uses:hnn.kinetic-move
hnn.storage-resolution	deposition, contact, receiver	m ζ = b, m′ = m + (G/h)ΔC, m′ζ′ = b + 2ΔC w ⇒ m′(ζ′ − ζ) = ΔC(w − w⁺), w⁺ = (G/h)ζ − w;  Σ_(t<N)(w_t − w⁺_t) = (w_0 − w_N) + (ρ_0 − ρ_N) + (G/h)(r_0 − r_N);  equal carried values ⇒ r′_N − r_N = Σ_(t<N)(y′_t − y_t);  |Σ(y′ − y)_i| ≥ u ⇒ ∃ t < N, x′_t ≠ x_t;  (c + S)V = b, S ⪰ 0 ⇒ c²|V|² ≤ |b|²	a storage deposit reaches the next contact passage only through the rate's jump across a tick (the capacitor's current C dw/dt); the jumps telescope to the rate's net excursion plus remainders, so the accumulated response m′⁻¹ΔC J_N does not grow with the tick count; two words at one representative carry the response in their solve remainders, and a parting is forced only once it reaches one word unit, never while |ΔC J_N| < λ_min(m′)·u	the exact solve; the executed charts add a residual difference that does not telescope; measured on Astra's continuation control: equal representatives for 18 ticks, parted at tick 19 by a crossing below one unit; at the held rate, which the continuation no longer executes (hnn.storage-resolution-held)	L:HNN/StorageResolution:storage_transit_response; L:HNN/StorageResolution:storage_response_of_still_rate; L:HNN/StorageResolution:rate_jumps_telescope; L:HNN/StorageResolution:feedback_remainder_difference; L:HNN/StorageResolution:representatives_part_of_accumulated_unit; L:HNN/StorageResolution:le_of_margin_add_psd; L:HNN/StorageResolution:storage_floor; R:holonics::hnn::propagation::transit_solve; R:holonics::hnn::reference::continuation; N:2026-10-02_A_STORAGE_DEPOSIT_IS_FELT_ONLY_THROUGH_THE_RATE_S_JUMP_AND_THE_WORD_HOLDS_IT_BELOW_ONE_UNIT.md	formal-checked	uses:hnn.feedback-word
hnn.storage-resolution-held	deposition, contact, receiver	C′w′ = Cw ⇒ m ζ = b, (m + cΔC)ζ′ = b ⇒ (m + cΔC)(ζ′ − ζ) = −ΔC(cζ), cζ = w + w⁺;  u_(t+1) + σ_(t+1) = u_t + kζ̂_t + σ_t, ζ̂_t + r_(t+1) = ζ_t + r_t ⇒ k Σ_(t<N) ζ_t = (u_N − u_0) + (σ_N − σ_0) + k(r_N − r_0);  equal carried values ⇒ r′_N − r_N = (r′_0 − r_0) + Σ_(t<N)(y′_t − y_t)	at held momentum the transit's right side does not move, so a storage deposit reaches the next contact passage through the motion 2ω = w + w⁺, not the rate's jump, and accumulates with the displacement's travel (the midpoints sum to it); on the word lattice a jump inside the half cell opens in the rate remainder, so two words start from different openings and the solve reads the representatives with the held-rate response, while a jump outside it parts the representative at the opening	the exact solve, c = G/h, k = G/2; the floor (storage_floor) applies unchanged; the deposit's work at held momentum is hnn.held-momentum; measured on Astra's continuation control: the jump is under 1/25 of a unit, held in the rate remainder, parting unchanged at tick 19	L:HNN/StorageResolution:held_storage_transit_response; L:HNN/StorageResolution:midpoint_sum_is_travel; L:HNN/StorageResolution:feedback_remainder_difference_of_openings; R:holonics::hnn::word::continuation::ContactCut::continue_deposited; R:holonics::hnn::reference::continuation; N:2026-10-02_A_STORAGE_DEPOSIT_IS_FELT_ONLY_THROUGH_THE_RATE_S_JUMP_AND_THE_WORD_HOLDS_IT_BELOW_ONE_UNIT.md	formal-checked	uses:hnn.storage-resolution, uses:hnn.held-momentum
hnn.receiving-reach	receiver, deposition, contact	R₀ = 0, ΔR = η Σ_t w_t g_t (X̂ f_t)ᵀ ⇒ R₁ f = Σ_t η w_t ⟨X̂ f_t, f⟩ g_t;  0 · f = 0;  rᵀM = λ, M v = b ⇒ ⟨λ, v⟩ = ⟨r, b⟩;  m ζ = b, m ζ′ = b′ ⇒ ⟨λ, ζ′ − ζ⟩ = ⟨r, b′ − b⟩;  m′(ζ′ − ζ) = ΔC j, rᵀm′ = λ ⇒ ⟨λ, ζ′ − ζ⟩ = Σ_ik ΔC_ik r_i j_k;  2(w − ω) = w − (2ω − w)	the receiving map opens at zero, and from zero its first deposit reads a feature by its overlap with the deposited features, with covectors that do not depend on E; E is not in the power form, so its change reaches the next contact only as motion through the passage of a word opened after it, deposits nothing and does no work; the storage covector is the rate jump r̄(w − w⁺)ᵀ, dual to the storage response; every covector into the passage is Rᵀg, so at R = 0 the contact return deposits nothing	R₀ = 0 an agent-inferred opening value; the prior Gram H₀ = I is the anchors' unit (hnn.receiving-prior-unit); the duality exact with r at the deposited operator, the executed pull reading r̄ at the producing one	L:HNN/ReceivingReach:first_deposit_read; L:HNN/ReceivingReach:zero_map_reads_nothing; L:HNN/ReceivingReach:adjoint_read_of_response; L:HNN/ReceivingReach:passage_reach_of_unmoved_material; L:HNN/ReceivingReach:pairing_eq_frobenius; L:HNN/ReceivingReach:storage_covector_dual; L:HNN/ReceivingReach:slip_is_half_jump; R:holonics::hnn::constitution::Constitution::initial; R:holonics::hnn::moment::SourceMoment::open_storage; R:holonics::hnn::reference::compose_contact; R:holonics::hnn::reference::continuation; N:2026-10-02_THE_RECEIVING_MAP_OPENS_AT_ZERO_AND_THE_SOURCE_MAP_REACHES_THE_CONTACT_ONLY_AS_MOTION.md	formal-checked	uses:hnn.receiving-class-metric
hnn.receiving-prior-unit	receiver, deposition, constitution	H = s I + Σ w f fᵀ, f = c f′, x = c x′, s = c² ⇒ ⟨H⁻¹ f, x⟩ = ⟨H′⁻¹ f′, x′⟩ (H′ = I + Σ w f′ f′ᵀ);  (s I + z zᵀ)⁻¹ z = z/(s + |z|²);  1/2 ≤ s/(s + |z|²) ⇔ |z|² ≤ s;  a, osc ∝ 1/s, C ∝ 1/s² ⇒ min(a/C, 1/max(osc, 1)) D₁/s = D₁ min(a₁/C₁, 1/max(osc₁, s))	the receiving map's prior Gram is the anchors' amplitude unit: a prior c² I on anchors c f reads every unit-step quantity exactly as the unit prior on f; the opening keeps at least half of a reading's correction iff the reading's energy is below the prior; where the readings' Gram is negligible the prior enters the certified move only as the floor of the unit-step cap, the same constant as the cap's 1	c ≠ 0 over a field; the opening share s > 0 over an ordered field; the one-constant identity where the reads scale exactly as 1/s (the readings' Gram negligible against the prior); on campaign 1's first 2,192 of 3,400 readings every anchor energy is below 2^(−7) and the accumulated trace below 1 (at the measured mean it reaches 1 at 3,239 readings), and the replayed prequential code is worse at every prior below I, with I within the family's charge log₂ 11 of the best member 2^2 I and 2^4 I outside it (exterior replay; the charge is the replayed grid's, and the whole campaign selects 2 I, hnn.receiving-prior-located); the per-field law is hnn.receiving-prior-located	L:HNN/ReceivingPrior:unit_step_read_prior_scale; L:HNN/ReceivingPrior:gram_scale; L:HNN/ReceivingPrior:inv_smul_of_ne_zero; L:HNN/ReceivingPrior:first_reach; L:HNN/ReceivingPrior:first_read_share; L:HNN/ReceivingPrior:opening_outweighs_iff; L:HNN/ReceivingPrior:cap_and_prior_one_constant; R:holonics::hnn::constitution::NormalLaw::with_prior; R:holonics::hnn::constitution::NormalLaw::prepare; R:holonics::hnn::constitution::receiving_class_metric; N:2026-10-02_THE_RECEIVING_PRIOR_IS_THE_ANCHORS_UNIT_AND_THE_CAP_IS_THE_SAME_CONSTANT.md	formal-checked	uses:hnn.receiving-reach, uses:hnn.receiving-class-metric, uses:hnn.carried-gram-posdef
hnn.receiving-prior-departure	receiver, deposition, constitution	(s I + G)⁻¹ = s⁻¹ (I − G (s I + G)⁻¹) (s ≠ 0, s I + G invertible);  G v = g v ⇒ (s I + G)⁻¹ v = (s + g)⁻¹ v;  s⁻¹ v − (s + g)⁻¹ v = (g/(s + g)) s⁻¹ v;  0 < s, 0 ≤ g ≤ λ ⇒ 0 ≤ g/(s + g) ≤ λ/(s + λ)	what reading the receiving map as 1/s times its unit drops: along a direction where the readings' Gram is g the reach is 1/(s + g), so the 1/s map loses the fraction g/(s + g), at most λ/(s + λ)	the exact solve only (the chart's lattice residual is hnn.receiving-prior-chart, the certified step hnn.receiving-prior-certified-step); proved along eigen-directions; the lift to every direction is hnn.receiving-prior-lift; on campaign 1 (λ_max(F) < 8599330/2^24) the loss is below 8599330/42153762 at 2 I and below 8599330/25376546 at I	L:HNN/ReceivingPrior:prior_resolvent; L:HNN/ReceivingPrior:eigen_reach; L:HNN/ReceivingPrior:eigen_departure; L:HNN/ReceivingPrior:departure_le; L:HNN/ReceivingPrior:campaign_one_departure; R:holonics::hnn::constitution::SolvedChart; N:2026-10-02_THE_READINGS_LOCATE_THE_RECEIVING_PRIOR_BY_THE_PREQUENTIAL_CERTIFICATE.md	formal-checked	uses:hnn.receiving-prior-unit, uses:hnn.receiving-prior-located
hnn.receiving-prior-lift	receiver, deposition, constitution	G ⪯ F ⪯ λ I, G v = g v, v ≠ 0 ⇒ g ≤ λ;  Gᵀ = G, 0 ⪯ G ⪯ λ I ⇒ |G y|² ≤ λ ⟨y, G y⟩;  y = (s I + G)⁻¹ x, d = s⁻¹ x − y = s⁻¹ G y ⇒ |d|² ≤ (λ/(s + λ))² |s⁻¹ x|² and 0 ≤ ⟨x, d⟩ ≤ (λ/(s + λ)) ⟨x, s⁻¹ x⟩;  ⟨d_u, z⟩² ≤ (λ/(s + λ))² |s⁻¹ u|² |z|²	the 1/s reading's departure bounded in every direction with no eigenbasis: the Rayleigh step carries the Gram's certified bound to its eigenvalues, and the read x = s y + G y carries it to every x and every pair read of the executed map	exact solve only (the chart's lattice residual is hnn.receiving-prior-chart); s > 0, λ > 0, s I + G invertible; on campaign 1 at 2 I (λ = 8599330/2^24) |d| ≤ (8599330/42153762) |x/2|	L:HNN/ReceivingPrior:rayleigh_eigen_le; L:HNN/ReceivingPrior:rayleigh_eigen_lt; L:HNN/ReceivingPrior:eigen_nonneg; L:HNN/ReceivingPrior:image_sq_le; L:HNN/ReceivingPrior:departure_sq_le; L:HNN/ReceivingPrior:departure_form_le; L:HNN/ReceivingPrior:departure_pair_sq_le; L:HNN/ReceivingPrior:campaign_one_lift; R:holonics::hnn::constitution::SolvedChart; N:2026-10-02_THE_READINGS_LOCATE_THE_RECEIVING_PRIOR_BY_THE_PREQUENTIAL_CERTIFICATE.md	formal-checked	uses:hnn.receiving-prior-departure
hnn.receiving-prior-second-order	receiver, deposition, ratio	|E_t c| ≤ r_t ⇒ Σ_t code(f_t + φ M_t − E_t) ≤ Σ_t code(f_t) − φ a + φ² (ln 2) 2^ω Σ_t Var_(p_t)(M_t) + (ln 2) 2^ω Σ_t r_t² + 2 Σ_t r_t;  Var_p(v − e) ≤ 2 Var_p(v) + 2 Σ p e²;  E = Σ_u w_u q_u, q_u² ≤ ρ_u² ⇒ |E| ≤ Σ_u |w_u| ρ_u	the prequential code along the executed map, the 1/s move plus its departure, with the departure as an explicit remainder	η = 1 (the certified step is hnn.receiving-prior-certified-step); ω bounds the executed move's class spread; the quadratic is twice the held map's because the cross term is bounded, not dropped	L:HNN/ReceivingPrior:departure_class_le; L:HNN/ReceivingPrior:faceVariance_sub_le; L:HNN/ReceivingPrior:prequential_code_departure_le; R:holonics::hnn::constitution::NormalLaw::prepare; R:holonics::hnn::constitution::Constitution::deposited; N:2026-10-02_THE_READINGS_LOCATE_THE_RECEIVING_PRIOR_BY_THE_PREQUENTIAL_CERTIFICATE.md	formal-checked	uses:hnn.receiving-prior-lift, uses:hnn.receiving-prior-located
hnn.receiving-prior-chart	receiver, deposition, constitution	A Y = 1, ‖1 − X̂A‖∞ ≤ δ < 1 ⇒ ‖Y − X̂‖∞ ≤ ‖X̂‖∞ δ/(1 − δ);  |u_j| ≤ μ ⇒ |⟨D u, z⟩| ≤ ‖D‖∞ μ ‖z‖₁;  H = s I + G, ‖1 − X̂H‖∞ ≤ δ < 1, ρ² ≥ (λ/(s + λ))² |s⁻¹ u|² |z|² ⇒ |⟨s⁻¹ u − X̂ u, z⟩| ≤ ρ + ‖X̂‖∞ δ/(1 − δ) μ ‖z‖₁;  |q_u| ≤ ρ_u + β_u ⇒ |Σ_u w_u q_u| ≤ Σ_u |w_u| (ρ_u + β_u)	the receiving prior's pair read through the chart the machine executes: the solved chart is a certified inverse on its lattice, not H⁻¹, and its certificate puts the exact inverse within ‖X̂‖∞ δ/(1 − δ) of it, so the departure from the 1/s reading is the exact solve's plus a lattice term read from the chart and its certificate alone; a class's departure carries both into the prequential code's remainder	over ℚ, the left residual δ = ‖1 − X̂H‖∞ that SolvedChart::certificate carries, at most the rule's target δ_ℓ ≤ 1/2 (a refinement that misses it is refused); s, λ > 0, G symmetric, 0 ⪯ G ⪯ λ I, H invertible; the code bound cast to ℝ at those classwise bounds; #62 receipt 5973559786 item 3	L:HNN/ChartResidual:inverse_chart_deviation_left; L:HNN/ChartResidual:matrix_pair_le; L:HNN/ChartResidual:chart_pair_departure_le; L:HNN/ChartResidual:chart_class_departure_le; L:HNN/ChartResidual:prequential_code_chart_le; R:holonics::hnn::constitution::SolvedChart; N:2026-10-02_THE_READINGS_LOCATE_THE_RECEIVING_PRIOR_BY_THE_PREQUENTIAL_CERTIFICATE.md	formal-checked	uses:hnn.receiving-prior-lift, uses:hnn.receiving-prior-second-order
hnn.receiving-prior-certified-step	receiver, deposition, constitution, ratio	a → φ a, C → φ² C, osc → φ osc ⇒ η = min(a/(φ C), 1/max(φ osc, 1)), ψ = φ η, 0 ≤ ψ ≤ φ, ψ = φ ⇔ η = 1;  Σ_u ψ_u m_u − E = φ Σ_u m_u − E′, E′ = E + Σ_u (φ − ψ_u) m_u;  |E_t c| ≤ r_t, |m_u t c| ≤ μ_u t ⇒ Σ_t code(f_t + Σ_u ψ_u m_u t − E_t) ≤ Σ_t code(f_t) − φ a + φ² (ln 2) 2^ω Σ_t Var_(p_t)(M_t) + (ln 2) 2^ω Σ_t r′_t² + 2 Σ_t r′_t, r′_t = r_t + Σ_u (φ − ψ_u) μ_u t	the second order at the certified step rather than η = 1: under the prior s/φ each deposit moves by φ η times its unit-prior move, never more than φ, and the shortfall of the certified step from 1 enters the prequential code as one more departure, zero where every step is 1	φ > 0, a ≥ 0, C > 0; the min is the step's cap: the executed η is the largest power of two at most it, halved with the joint certificate (CertifiedStep), so ψ = φη ≤ φ, the only bound the code uses; ω bounds the executed move's class spread; m_u the deposits' unit-prior moves, M_t = Σ_u m_u t; #62 receipt 5973559786 item 3 and receipt 5963172941 item 3	L:HNN/ChartResidual:certified_move_scaled; L:HNN/ChartResidual:prequential_code_certified_step_le; R:holonics::hnn::constitution::NormalLaw::prepare; R:holonics::hnn::constitution::Constitution::deposited; R:holonics::holon::deposition::CertifiedStep; N:2026-10-02_THE_READINGS_LOCATE_THE_RECEIVING_PRIOR_BY_THE_PREQUENTIAL_CERTIFICATE.md	formal-checked	uses:hnn.receiving-prior-second-order, uses:hnn.receiving-prior-unit
hnn.receiving-prior-located	receiver, deposition, constitution, ratio	a = Σ_t ⟨g_t, W_t z_t⟩, V = ln 2 Σ_t Var_p_t(W_t z_t) ⇒ s ↦ s/(1 + a/V);  2 Σ_(u<t) k(u,t) = Σ_(u,t) k(u,t) − Σ_t k(t,t) (k symmetric);  Σ_c p_c |e_c − p|² = 1 − Σ p² (Σ p = 1);  −(a/V) a + (a/V)² V/2 ≤ −φ a + φ² V/2 (V > 0);  Var_p(k x) = k² Var_p(x)	the readings locate the receiving map's prior where the map's prequential alignment (the certificate's alignment read on readings before their deposit) vanishes, at the Newton point s/(1 + a/V); at the opening a₀ is the covectors' signal less their self-energy, whose chance level is the class Fisher trace, and the located prior V₀/a₀ scales with the anchors' energy	the map 1/s times its unit (readings' Gram small against the prior, η = 1; a reading, kept in #62); the second order certified along a map held as φ M_t (prequential_code_le: code ≤ face − φ a + φ² (ln 2/2) 2^ω Σ Var_p(M), and a decrease of a²/(4K) at its Newton point); on campaign 1's 3,400 readings a changes sign between I and 2 I and the best replayed member is 2 I, 3813/1024 bits below I, a selection on the powers of two (s and s⁻¹ both dyadic), not a separation at 1/64, so H₀ = I is released to the per-field scale 2 I, which the code declares on campaign 1 (#259); its held-out read is not resolved at the grain, L(I) − U(2 I) in [3 + 12/16, 3 + 13/16) bits against the gate 74 + 6/16; the storage coefficient (h/4)Y_R = 1/2 codes 23837/1024 bits above 2 I (exterior replay)	L:HNN/ReceivingPrior:prequential_pairs; L:HNN/ReceivingPrior:fisher_trace; L:HNN/ReceivingPrior:newton_point; L:HNN/ReceivingPrior:variance_smul; L:HNN/ReceivingPrior:prequential_code_le; L:HNN/ReceivingPrior:prequential_newton_decrease; R:holonics::hnn::constitution::NormalLaw::with_prior; R:holonics::hnn::constitution::receiving_fisher_face; N:2026-10-02_THE_READINGS_LOCATE_THE_RECEIVING_PRIOR_BY_THE_PREQUENTIAL_CERTIFICATE.md	formal-checked	uses:hnn.receiving-prior-unit, uses:hnn.receiving-class-metric
hnn.receiving-prior-scaled-chart	receiver, deposition, constitution	H₀ = 2^k I (k ≥ 0) ⇒ X̂₀ = 2^(−k) I on 2^(−k)ℤ, δ = 0;  off the support S of H − 2^k I: H_ii = 2^k, X̂_ii = 2^(−k), (X̂f)_i = 2^(−k) f_i;  a newly reached index enters the warm start at 2^(−k);  k = 0: H₀ = I, X̂₀ = I	the receiving map's normal law founds at its field's declared prior 2^k I (where located, it is re-founded at each moved k), and the solved chart carries 2^(−k) wherever it read the identity off its support	k founded by the receiver's declaration (ReceiverDeclaration::receiving_prior: k, the founding member, from which the readings move it on every receiving law, hnn.receiving-prior-carry; no receiver holds its prior, record §8; campaign 1 founds at k = 1, every other field at k = 0); k ≥ 0 keeps the carried Gram's positivity margin at least the unit prior's, which the lattice rule's certificate cites; powers of two keep both 2^k and 2^(−k) dyadic; SolvedChart::identity, with_prior and the source and contrast laws unchanged; merged with campaign 1's held-out read not resolved at the grain (2 I codes lower on held-out and training)	R:holonics::hnn::constitution::NormalLaw::with_scaled_prior; R:holonics::hnn::constitution::SolvedChart::founded; R:holonics::hnn::field::ReceiverDeclaration; N:2026-10-02_THE_READINGS_LOCATE_THE_RECEIVING_PRIOR_BY_THE_PREQUENTIAL_CERTIFICATE.md	definition	uses:hnn.receiving-prior-located, uses:hnn.warm-start-window
hnn.receiving-prior-carry	receiver, deposition, constitution, ratio	(a, C) ← (a + w⟨g, Δ⟩, C + 2|w| ((119/80) Var_p(Δ_Re) + ¼|Δ_Im|²));  carried(c, xs ++ ys) = carried(carried(c, xs), ys);  Δ ↦ ψ Δ (g, p held) ⇒ (a, C) ↦ (ψ a, ψ² C), ψ (ψ a/(ψ² C)) = a/C;  q(φ) = −(φ − 1) a + ½ (φ − 1)² V, (a, V) ↦ (ψ (a − (ψ − 1) V), ψ² V) ⇒ q(ψ χ) = q(ψ) + q′(χ), ψ (1 + a′/V′) = 1 + a/V, rebase_ψ₂ ∘ rebase_ψ₁ = rebase_(ψ₁ψ₂);  q(x) − q(y) = ½ (x − y) ((x + y − 2) V − 2a);  q(x) ≤ q(2x) ⇔ 2 (V + a) ≤ 3 x V (x > 0);  3x/4 ≤ 1 + a/V ≤ 3x/2, V > 0 ⇒ q(x) ≤ q(2^j x) for every j ∈ ℤ;  φ = s/σ: cell of s/σ_m ⇔ 2σ_m/3 ≤ σ ≤ 4σ_m/3	the per-field prior's native form, the production default on every receiving law (record §8: no receiver holds its prior; the declared k is the founding member, whose zero pair the mount does not move): the receiving certificate's alignment and curvature carried as two running sums across deposits, rebased when the prior moves (exactly on a held face, at second order at the map, an action of the scales that locates one prior from every member), and the prior moved on the powers of two to the member whose cell holds the Newton point, which codes least on the grid and stays until new readings move it	the at-map rebase is the record's quadratic; the curvature's own drift is the third order it drops; the move compares members by code, the law's objective (the cell [2σ_m/3, 4σ_m/3], harmonic midpoints of the neighbours); record §6 states it, replacing its first cell (σ_m/√2, σ_m √2), the exponent's approximation; on campaign 1 both select 2 I for every at-map Newton point and 2² I for the opening's; the Rust carries the at-map pair (a = A₀ + A₁ ln 2, V = S ln 2) with V the record's quadratic's curvature ln 2 Σ|w| Var_p̃((W z)_Re), not the certificate's C, read from each window's samples through the map before its deposit (prequential_terms), terms adding to A₀ and S and only a move changing A₁; the move decides the cell's edge signs through ln 2's enclosure (an undecided sign holds k), floors at k = 0, holds at the carrier's residual shift (PriorHeld::Carrier, on both exits; at V + a ≤ 0 no member codes least and k climbs one member per read until the readings change or that hold, by rebaseAt_add, exit_down_iterate and model_lt_of_add_nonpos in HNN/PriorMove), and re-founds the map's value W′ + r′ = x (W + r) through map_carry's deposit (x − 1)(W + r), H′ = H + (2^k′ − 2^k) I and the chart (SolvedChart::moved, whose re-founding is hnn.receiving-prior-moved-chart); a continuing state saves every receiving law with its pair inside the identity check; the at-map carried_eq_sum, the move's two exits and the map's move are hnn.receiving-prior-move (HNN/PriorMove)	L:HNN/PriorCarry:carried_append; L:HNN/PriorCarry:carried_eq_sum; L:HNN/PriorCarry:carried_scale; L:HNN/PriorCarry:certified_newton_rebase; L:HNN/PriorCarry:model_rebase; L:HNN/PriorCarry:rebaseAt_mul; L:HNN/PriorCarry:newton_rebaseAt; L:HNN/PriorCarry:rebase_into_cell; L:HNN/PriorCarry:neighbour_le_iff; L:HNN/PriorCarry:grid_member_best_zpow; L:HNN/PriorCarry:cell_prior_iff; L:HNN/PriorCarry:campaign_one_cell; L:HNN/PriorCarry:campaign_one_open_cell; R:holonics::hnn::constitution::receiving_fisher_face; R:holonics::hnn::constitution::NormalLaw::with_scaled_prior; R:holonics::hnn::constitution::LocatedPrior; R:holonics::hnn::constitution::prequential_terms; R:holonics::hnn::constitution::NormalLaw::moved_prior; R:holonics::hnn::constitution::SolvedChart::moved; R:holonics::hnn::constitution::ContinuingState; N:2026-10-04_THE_RECEIVING_PRIOR_IS_CARRIED_BESIDE_ITS_GRAM_AND_MOVES_TO_THE_CODES_CELL.md; N:2026-10-02_THE_READINGS_LOCATE_THE_RECEIVING_PRIOR_BY_THE_PREQUENTIAL_CERTIFICATE.md	formal-checked	uses:hnn.receiving-prior-located, uses:hnn.receiving-prior-scaled-chart
hnn.receiving-prior-move	receiver, deposition, constitution, ratio	a = A₀ + A₁ ℓ, V = S ℓ (ℓ = ln 2);  read: (A₀, A₁, S) ← (A₀ + w⟨g_Re, δ_Re⟩, A₁, S + |w| Var_p̃(δ_Re)), δ = W z;  carried(p, xs ++ ys) = carried(carried(p, xs), ys);  rebased x: (A₀, A₁, S) ↦ (x A₀, x (A₁ − (x − 1) S), x² S), value(rebased x p) = rebaseAt x (value p);  V > 0, V + a ≤ 0, 0 ≤ x < y ⇒ q(x) < q(y), so q(y/2) < q(y);  V′ + a′ = x (V + a), so the exit down persists under its own move;  0 ≤ V, 0 ≤ y, 2yV ≤ V + a ⇒ q(2y) ≤ q(y);  2^k V ≤ V + a ⇒ q(2^k) ≤ q(2^k/2ⁿ) ∀n;  move: W′ + r′ + e = W + r + (x − 1)(W + r) = x (W + r)	the located prior's pair as the Rust carries it, exactly in three rationals beside ln 2: readings add their at-map terms to A₀ and S with no tape, only a move changes A₁, and the exact rebase is the at-map rebase; the move's two exits are code-least: where the Newton point is at most zero half the map codes strictly less, and at the floor, with the Newton point at least 2^k, the prior 2^0 codes least among the admitted members	the signs the Rust decides through ln 2's enclosure (an undecided sign holds k) are hypotheses here, read at the exact ℓ; the class part only (the phase pairing belongs to the phase comparison); the map's move scales its value with the remainder, exactly where the deposit releases nothing; the chart's re-founding at the moved scale is hnn.receiving-prior-moved-chart; #62 comment 5975754141	L:HNN/PriorMove:carried_append; L:HNN/PriorMove:carried_eq_sum; L:HNN/PriorMove:value_carried; L:HNN/PriorMove:value_rebased; L:HNN/PriorMove:rebased_mul; L:HNN/PriorMove:model_rebased; L:HNN/PriorMove:value_newton_rebased; L:HNN/PriorMove:model_lt_of_add_nonpos; L:HNN/PriorMove:halving_exit; L:HNN/PriorMove:rebaseAt_add; L:HNN/PriorMove:exit_down_rebased; L:HNN/PriorMove:exit_down_iterate; L:HNN/PriorMove:double_le; L:HNN/PriorMove:descend_to_floor; L:HNN/PriorMove:floor_member_best; L:HNN/PriorMove:moved_map_accounting; L:HNN/PriorMove:moved_map_scaled; R:holonics::hnn::constitution::LocatedPrior; R:holonics::hnn::constitution::prequential_terms; R:holonics::hnn::constitution::NormalLaw::moved_prior	formal-checked	uses:hnn.receiving-prior-carry
hnn.receiving-prior-moved-chart	receiver, deposition, constitution, ratio	H′ = H + (s′ − s) I, H′ − s′ I = H − s I = G;  x = s/s′ = 2^(k − k′):  1 − x X̂ H′ = (1 − X̂ H) + (1 − x) X̂ G;  x ≤ 1, ‖1 − X̂ H‖∞ ≤ δ ⇒ ‖1 − x X̂ H′‖∞ ≤ δ + (1 − x) ‖X̂ G‖∞;  Y H = 1 ⇒ 1 − x Y H′ = (1 − x) Y G;  X̂ = s⁻¹, H = s on a row ⇒ (1 − x X̂ H′) = 0 on that row;  1 − X̂ H′ = (1 − X̂ H) + (1 − x⁻¹) s X̂, off the support (1 − X̂ H′)_ii = 1 − x⁻¹, so 0 < x ≤ ½ ⇒ ‖1 − X̂ H′‖∞ ≥ 1;  k ≤ k′: 2^k/2^k′ · m/2^a = m/2^(a + k′ − k)	the located prior's chart re-founded at the moved scale: the Gram keeps its statistic and moves its diagonal with the prior, and the previous chart scaled by the same x that rebases the at-map pair leaves the previous certificate plus (1 − x) times the part of the Gram the prior does not carry, exact off the support; the unscaled chart leaves 1 − x⁻¹ there, outside the contraction for a move up, which is why the warm start is scaled; the scaled entries lie on the lattice k′ − k levels finer	over ℚ, on any square block (the Rust warm-starts the Gram's support block, off it the founded 2^(−k′) I); the refinement's convergence is not stated: settled restarts once from the scaled identity and refuses the move when δ_ℓ is not reached; for a move down (x = 2^(k − k′) > 1, as the floor's 6 → 0 at x = 2⁶) the residual (1 − X̂ H) − (x − 1) X̂ G is not bounded here; #62 (#317's SolvedChart::moved)	L:HNN/MovedChart:moved_gram_statistic; L:HNN/MovedChart:moved_residual; L:HNN/MovedChart:moved_residual_le; L:HNN/MovedChart:moved_exact_residual; L:HNN/MovedChart:moved_off_support; L:HNN/MovedChart:unmoved_residual; L:HNN/MovedChart:unmoved_off_support; L:HNN/MovedChart:unmoved_not_contracting; L:HNN/MovedChart:moved_lattice; R:holonics::hnn::constitution::SolvedChart::moved; R:holonics::hnn::constitution::NormalLaw::moved_prior	formal-checked	uses:hnn.receiving-prior-move, uses:hnn.receiving-prior-chart, uses:hnn.receiving-prior-scaled-chart
hnn.receiving-class-metric	receiver, deposition, ratio	λ̄ = mean_t (1 − Σ_c p̃_(t,c)²)/(|A| − 1);  κ = 2^⌊log₂(1/λ̄)⌋;  g_t^Re ← κ g_t^Re;  D = Σ_t w g_t (X̂ f_t)ᵀ;  C_R = 2 Σ_t ((119/80) Var_p̃t(Δ_t^Re) + ¼|Δ_t^Im|²), Δ_t = D f_t;  η · max(max_t osc Δ_t^Re, 1) ≤ 1	the receiving map's normal-law step with its covectors' magnitude parts through the inverse of the readings' mean class Fisher eigenvalue (about |A| near uniform), certified in the readings' own Fisher form and capped at the unit step, so it keeps the 1/n decay of its feature metric	the mean eigenvalue over the readings that reached the receiving map at this deposit stands for the accumulated class Fisher; p_c/p̃_c ≤ 17/16 and ln 2 ≤ 7/10 bound the odometer chart and the base; campaign 1: held-out model − PPM-2 from −200 + 1/16 to −208 + 0/16 bits (October 2)	R:holonics::hnn::constitution::receiving_class_metric; R:holonics::hnn::constitution::receiving_fisher_face; L:HNN/Ratio/Certificate:codeLength_add_le_odometer; L:HNN/Ratio/Certificate:face_mass_le_odometer_on_grain; N:2026-10-02_THE_CONTACT_LOOP_THE_RETURN_REACHES_EVERY_CONTACT_AND_ITS_CHANGE_IS_RELEASED_BEFORE_THE_LATER_CUT.md	definition	uses:hnn.witness-plane, uses:hnn.lock-face-comparison, uses:receiver.fisher-certificate
hnn.contact-refining-grain	contact, deposition, receiver	k(N) = min{k : 2^(2k+1) ≥ N ln 2} = ⌈log₂ L(N)⌉, L(N) = ⌈√(N ln 2/2)⌉;  after each deposit with N readings, every retained channel re-based by k(N) − k(N − A) levels onto 2^(−L−j)ℤ	the contacts' lattices follow the receiver's confirmable grain of the readings deposited, dyadically, so a contact's carried remainder is released at the grain the receiver can confirm rather than frozen by the declared schedule's logarithmic carry	an option of the exposure (grain refining), not the declared schedule; ln 2 read through its enclosure, a count inside it refused; campaign 1: every contact moves (channels 1 and 2 at 2,832 to 3,064 of 3,072 deposits) and held-out model − PPM-2 moves from −208 + 0/16 to −209 + 13/16 bits, training from −699 + 8/16 to −699 + 12/16 (October 2)	R:holonics::hnn::reference::refining_grain_exponent; R:holonics::hnn::reference::Resident::refine_contact_grain; R:holonics::hnn::constitution::Constitution::rebased; L:HNN/Ratio/Resolution:refiningGrain_spec; L:HNN/Ratio/Resolution:grainRead_of_refined; L:HNN/LatticeDeposit/Rebase:history_release_lt; N:2026-10-02_THE_CONTACT_LOOP_THE_RETURN_REACHES_EVERY_CONTACT_AND_ITS_CHANGE_IS_RELEASED_BEFORE_THE_LATER_CUT.md	definition	uses:hnn.receiving-class-metric
hnn.hinge-zero-set	receiver, parametron, ratio	f = max(max_(x≠t) ln(a_x/a_t), −ln a_t);  (f)_+ = 0 ⇔ (∀x ≠ t: a_x ≤ a_t) ∧ 1 ≤ a_t;  a_x = a_t = a ≥ 1 ∀x ⇒ (f)_+ = 0 while ¬(∀x ≠ t: a_x < a_t);  a_x < a_t ∀x ≠ t, 1 < a_t ⇒ (f)_+ = 0 on an open set (no covector)	the executed comparison's hinge is zero on the closed predicate set: every candidate tie above threshold is a zero where the class predicate fails and the release holds, and a right decision leaves the composition with no covector holding its margin; its certified descent is drawn to ties	positive readings a (the executed growths)	L:HNN/ExecutedComparison:hinge_zero_iff; L:HNN/ExecutedComparison:hinge_zero_at_tie; L:HNN/ExecutedComparison:hinge_right_leaves; H:crates/holonics/src/hnn/executed.rs@9078f103; N:2026-09-30_THE_TWO_COUNTS_MEASURED_THE_TERRAIN_PINS_ORDER_TWO_IN_SEVEN_READINGS_AND_THE_CERTIFIED_STEP_DESCENDS_TOWARD_TIES_WHILE_ITS_DECISIONS_STAY_AT_A_GUESS.md; N:2026-09-30_STEP_1B_THE_CANDIDATE_COMPARISON_PINNED_BEFORE_ITS_RUNS.md	formal-checked	uses:hnn.release-comparison
hnn.lock-face-comparison	parametron, receiver, ratio, deposition	Π_j = 1 + Σ_(x∈A) a_(j,x) (the lock's exchange read at its resting sheet, weight 1, the lossless ring);  θ_(j,x) = a_(j,x)/Π_j;  ℓ_j = log(Π_j/a_(j,t)) = −log θ_(j,t) > 0, strictly decreasing in a_t, increasing in every rival;  ∂ℓ/∂ln a_x = θ_x − q_x;  ℓ < log 2 ⇔ 1 + Σ_(x≠t) a_x < a_t;  a rival ≥ a_t ⇒ ℓ ≥ log 2;  1 + Σ_(x≠t) U_x < L_t ⇒ U_x < L_t ∀x ≠ t, 1 < L_t, ℓ < log 2;  a_y = max_m e^(σ_(y,m)): D⁺ℓ ≤ Σ_(y≠t) θ_y max_(m active) σ′_(y,m) + (θ_t − 1) σ′_(t,m₀) (m₀ active);  L = Σ_requests Σ_j ℓ_(d(j),j), d(j) the refinement locking j if before r*, else r*, r* the last refinement whose placed cells equal their targets;  every decision at its target ⇒ every lock at its target;  ℓ ∈ [ln(1 + (1 + Σ_(x≠t) L_x)/U_t), ln(1 + (1 + Σ_(x≠t) U_x)/L_t)], θ_x ∈ [L_x/(1 + L_x + Σ_(y≠x) U_y), U_x/(1 + U_x + Σ_(y≠x) L_y)];  solved: 1 + Σ_(x≠t) U_x < L_t, fails: 1 + Σ_(x≠t) L_x ≥ U_t;  X = Σ (ℓ − ln 2)_+, a term's share exactly 0 where the solved test holds	step 1b's candidate comparison: each station's lock read whole against its resting sheet, the log of the whole lock over the target sheet (the classical loss at the lock's face, covector θ − q); no zero and no minimizer; its solved level, the lock's flip, certifies class and threshold by one exact rational test; read once per station at the release's decision refinement along the key-consistent prefix	executed growths a > 0 enclosed [L, U]; the rational test is authoritative over the logarithm's enclosure and is read per station, never as an aggregate; a target whose lower end is not positive refuses the face (typed), never solved, never divided by; "no zero and no minimizer" holds in unconstrained growth coordinates, not on the bounded constitution (step 1b's pin §13.2); the certificate reads the chord of the carried move where the Lean reads a differentiable line (the hinge's scope)	L:HNN/ExecutedComparison:lockFace_pos; L:HNN/ExecutedComparison:lockFace_lt_log_two_iff; L:HNN/ExecutedComparison:lockFace_strictAnti; L:HNN/ExecutedComparison:lockFace_strictMono_rivals; L:HNN/ExecutedComparison:lockFace_ge_log_two_of_rival; L:HNN/ExecutedComparison:lockFace_enclosure_sublevel; L:HNN/ExecutedComparison:class_top_is_target; L:HNN/ExecutedComparison:lockFace_covector; L:HNN/ExecutedComparison:lockFace_share_lt_one; L:HNN/ExecutedComparison:decisions_release_the_section; L:HNN/ExecutedComparison:lockTerm_eq; L:HNN/ExecutedComparison:lockTerm_mono; L:HNN/ExecutedComparison:lockTerm_line; L:HNN/ExecutedComparison:sup_upper_dini; L:HNN/ExecutedComparison:lockFace_first_order; L:HNN/ExecutedComparison:sum_upper_dini_descends; N:2026-09-30_STEP_1B_THE_CANDIDATE_COMPARISON_PINNED_BEFORE_ITS_RUNS.md; H:crates/holonics/src/hnn/executed.rs@9078f103	formal-checked	instance-of:parametron.lock-exchange-polynomial, uses:hnn.release-comparison, uses:hnn.executed-growth-covector, uses:hnn.executed-move
hnn.lock-face-periods	parametron, receiver, ratio, swing	a_x = ρ(M_x) = lim_n ‖M_xⁿ‖_P^(1/n);  P(Mⁿx) − P(x) = W_n − D_n (pump work less dissipation over n turns);  a_x² = lim_n (1 + w_n)^(1/n), κ_x = log a_x;  ℓ = log(1 + Σ e^(κ_x)) − κ_t, dℓ = −(dκ_t − ⟨dκ⟩_θ);  over n turns θ_x(n) = a_xⁿ/(1 + Σ a_yⁿ) (inverse temperature n);  n(f)_+ ≤ ℓ_n ≤ n(f)_+ + log(2 + |s|), ℓ_n/n → (f)_+	the lock face reads the members' storage growth exponents per turn, not their stored energy; its temperature is the reciprocal of the number of turns it reads (one, the release's clock), and its zero-temperature face per turn is step 1a's hinge; it is a free energy only through a thermal port with levels −k_BT κ_x, which the bank does not have	P the unpumped material's energy at the turn's opening (C, K ≻ 0); s the rivals; the composed storage law in Lean and the point-mass limit at the port owed (#62)	L:HNN/ExecutedComparison:lockFace_periods_hinge; L:HNN/ExecutedComparison:lockFace_per_period_tendsto; L:HNN/ExecutedComparison:lockFace_covector; L:HNN/Word:word_tick_balance; L:HNN/Word:field_commit_deposition; L:Physics/Information/PortWork:extracted_work_le; H:crates/holonics/src/hnn/executed.rs@9078f103; R:holonics::hnn::ring::ReceivingBank::read_turn; N:2026-10-02_THE_CODE_LENGTH_READS_STORAGE_GROWTH_AND_ITS_TEMPERATURE_IS_THE_PERIODS_IT_READS.md	proved-derived	uses:hnn.lock-face-comparison, uses:hnn.tick-power-balance, uses:parametron.passage-monodromy, uses:parametron.floquet-decision
hnn.continuing-state	constitution, deposition, epoch	S(Θ) = (every ring's learned material: q, W_passive, the contrast law, slices, the source law (E, H, X̂, r_E, r_H) and ρ, pair ports, the receiving law, the tree's standing, the population's reading, resonator gains, with every statistic; every contact's c, b, F and statistics; lattices, carried remainders, clocks, released loci, commit, Π(1 + ε));  id(Θ) = residue(Θ with S's part at its canonical founding), so id(Θ) = id(Θ₀) along every move;  continued(Θ₀, read(write(S(Θ)))) = Θ for every Θ₀ with id(release(Θ₀, released(Θ))) = id(Θ);  executed_move(continued(Θ₀, S(Θ)), batch) = executed_move(Θ, batch), over successive receptions;  with_ports(Θ₀, E) ≠ Θ (H, X̂, r, m lost)	the complete continuing state: the constitution's learned material whole, everything any move writes, and none of the declared material, which its identity covers; restored onto the declared opening (its released loci released first) it is the saved constitution exactly, whatever the opening's learned founding, and a remount of E and ρ alone is partial and labelled so	refused (typed) off a source ring, onto a moved opening, onto another declared material (another field, budget, declaration or receiving founding member), where a part has another shape than the declared one or an entry lies off its locus's lattice, and on a damaged text; its text opens with the partial remount's form (E rows, rho)	R:holonics::hnn::constitution::ContinuingState; R:holonics::hnn::constitution::Constitution::continuing_state; R:holonics::hnn::constitution::Constitution::continued; N:2026-09-30_STEP_1B_THE_CANDIDATE_COMPARISON_PINNED_BEFORE_ITS_RUNS.md; R:holonics::compression::landmark::context::TreeStanding; R:holonics::receiver::population::port::PortReading; N:2026-10-03_THE_RECEPTION_CARRIES_THE_INTERIOR_CHANGE_THE_SOURCE_PORT_IMPOSES_THE_MOMENT_AND_REST_IS_COMPLETE_ABSORPTION.md	definition	uses:hnn.executed-move
hnn.resident-passage	constitution, parametron, pair contact, receiver, deposition, epoch	restore(save(s)) keeps (Theta, carry, lift, optional moment, aeon, balance, charts, held address reader, declaring phases, handle counter, Arrived); observe(close(restore(save(s)))) = observe(close(s)) under the same declared port; heldKinds != siteKinds(Theta_now) may hold after deposition	the whole resident retains the one arrived producing ratio, targets and opening read by an admitted release, even without an open moment or when ingest reaches close before another compare; restore holds the last-refresh site kinds and declaring rank	version 2 passage, source proposal revision 3; exhausted saved handle counter refused and host allocation checked before producing work; SourceMoment cursor is zero for an empty window and strictly inside a nonempty one; unknown/unversioned passages refused rather than filling omitted operands from contemporary material; pending/staged handles, stopped deposition and multiple open moments refused; normal host library, cfg(test) host library and resident_cold_restore integration target statically checked; native regressions unexecuted; the heldKinds witness is serialization-only, not a production-deposition crossing; the displayed close equivalence remains a runtime acceptance, not a proved or executed result; constitution-only saves keep their narrower material/carry contract	R:holonics::hnn::reference::Resident::continuing_state; R:holonics::hnn::reference::Reference::mount_continued; R:holonics::hnn::pending::PendingRatio::write_saved; R:holonics::hnn::pending::PendingRatio::read_saved; R:holonics::hnn::receiving::ActiveAddress::continued; R:holonics::hnn::receiving::ReceivingPhases::read_saved	definition	uses:hnn.continuing-state, uses:hnn.restore-standing, uses:hnn.reception-carry
hnn.excess-ladder-start	deposition, ratio, receipt	X = Σ_j (term_j − level)_+;  D⁺X[δ] ≤ Σ_(term_j above its level) bound_j[δ] + Σ_(term_j at its level, undecided) max(bound_j[δ], 0), solved terms 0;  η₀ = 2^⌊log₂ min(X⁻/(−s_X⁺), ½/u)⌋ when X⁻ > 0 and s_X⁺ < 0, else ½/u (1 at u = 0)	the first trial step is the first-order zero of the comparison's excess over its solved level, read by its piecewise directional derivative on the fixed incumbent mask; a zero excess or a nonnegative slope never enters a division and nothing becomes solved by it; for the hinge the level is zero and X = F (1a's start)	u the joint unit move's largest entry change; the derivative's statement on a differentiable line and on the carried chord is owed (#62)	H:crates/holonics/src/hnn/executed.rs@9078f103; N:2026-09-30_STEP_1B_THE_CANDIDATE_COMPARISON_PINNED_BEFORE_ITS_RUNS.md	definition	uses:hnn.lock-face-comparison, uses:hnn.hinge-zero-set, face-of:hnn.executed-move
hnn.passage-weights	navigator, tube, holon, receiver	w_k = m_k / Σ_(l∈span) m_l,  m_k = ρ^(a_k), a_k the crossing's age at the span's end;  Σ w = 1;  w(c·m) = w(m) (frame-free);  ρ = 1 ⇒ w = 1/(n + v) = the one population;  ρ ≤ 1 ⇒ ρ^b ≤ ρ^a ≤ 1 for a ≤ b;  a split of one span into request and section leaves every weight;  separate populations weigh a section datum n/v times a request cell, 1 iff n = v	the request and its section are one clocked span of the receiving ring (one tube): each datum is carried to the reading frame by the source navigator's transport and read over the span's transported mass, so the weights are set by the span, not by where the request ends, and every crossing enters	ages read from the phases: exact within one turn (ticks + extent ≤ d, no re-key), else refused below ρ = 1 (AliasedAges) unless the moment carries the leaky count (hnn.leaky-count); weights read on the population chart (2^(−L_ν), nearest); read at the span's end, the station-framed law of a station no datum follows (hnn.station-framed-weights), which the bank reads from each candidate's station	R:holonics::hnn::moment::SourceMoment::phase_weights; R:holonics::hnn::moment::SourceMoment::continued; R:holonics::hnn::moment::PopulationChart::chart; R:holonics::hnn::prediction::BankPlacement; L:HNN/IndexedOpen:transportedWeight; L:HNN/IndexedOpen:transported_weight_mass; L:HNN/IndexedOpen:transported_weight_frame_invariant; L:HNN/IndexedOpen:transported_weight_unitary; L:HNN/IndexedOpen:passage_weight_split_invariant; L:HNN/IndexedOpen:decayed_weight_frame_free; L:HNN/IndexedOpen:decayed_weight_lossless; L:HNN/IndexedOpen:separate_populations_ratio; L:HNN/IndexedOpen:passage_weight_one_population; N:2026-09-30_THE_PASSAGE_LAW_THE_SECTION_CONTINUES_THE_REQUEST_AND_THE_TRANSPORT_WEIGHS_ITS_FRONTIER.md	formal-checked	uses:hnn.section-placement, uses:hnn.indexed-open, uses:hnn.transport-modulus, specializes:hnn.station-framed-weights
hnn.leaky-count	navigator, tube, holon, deposition	L_g[c] ← ρ^t L_g[c] (t the ring's ticks at the step), L_g[τ_g mod d_g] += x_k; L_g(δ) likewise;  w = L/Σ L = Σ_k ρ^(a_k)[slot_k]/Σ_k ρ^(a_k);  carried on 2^(−L_ν−m), m = ⌈log₂(1/(1 − ρ))⌉, each product nearest (ties up), ⌊(2vk + 2^s)/2^(s+1)⌋ = nearest(ρv) at ρ = k 2^(−s): over ticks and exact units (the ingest) |L̂ − L| ≤ 2^(−L_ν−m−1)/(1 − ρ) ≤ 2^(−L_ν−1) over a passage of any length, and each rounded entry (a section's datum at nearest(ρ^a)) adds 2^(−L_ν−m−1);  |L̂_s − L_s| ≤ δ on N slots ⇒ |L̂_k/Σ L̂ − w_k| ≤ (δ + w_k N δ)/Σ L̂, so the read is not within one chart unit in general (campaign 1's founding, 205 data in one phase of ring 0 and then two of its ticks, a passage the ingest takes: the newest read more than 8 chart units off, before and after the chart rounds)	the passage's counts decayed by the source navigator's transport, so a datum a ticks old weighs its transported weight over a passage of any length: the age is carried by the decay, not read from the phase, and a count below half a lattice unit leaves the record (a sufficient quotient for the transported open, not a cell list)	opened at a modulus 0 < ρ < 1 on the source port's lattice and read only at that modulus (another refused, Transport); the card and the bank's face path do not read it; campaign 1 founds ρ₀ = 10809/2^17 (October 2)	L:HNN/IndexedOpen:nearest; L:HNN/IndexedOpen:nearest_sub_le; L:HNN/IndexedOpen:leaky_tick_eq_nearest; L:HNN/IndexedOpen:carried; L:HNN/IndexedOpen:exactCount; L:HNN/IndexedOpen:leaky_count_error_le; L:HNN/IndexedOpen:leaky_count_ingest; L:HNN/IndexedOpen:leaky_lattice_le_half_chart; L:HNN/IndexedOpen:leaky_read_error; L:HNN/IndexedOpen:leaky_read_exceeds_chart_unit; R:holonics::hnn::moment::SourceMoment::open_with; R:holonics::hnn::moment::SourceMoment::normalized_counts; R:holonics::hnn::moment::SourceMoment::encode; R:holonics::hnn::moment::SourceMoment::encoder_covector; R:holonics::hnn::moment::OffsetTable::normalized; N:2026-10-02_THE_CONTACT_LOOP_THE_RETURN_REACHES_EVERY_CONTACT_AND_ITS_CHANGE_IS_RELEASED_BEFORE_THE_LATER_CUT.md	formal-checked	uses:hnn.passage-weights, uses:hnn.transport-modulus
hnn.station-framed-weights	tube, navigator, receiver, holon	w_j(k) = ρ^|τ_j − τ_k| / Σ_(l∈span) ρ^|τ_j − τ_l|;  Σ_k w_j(k) = 1 and w_j(k) > 0 (ρ > 0);  τ_l ≤ τ_j ∀l ∈ span ⇒ w_j(k) = ρ^(e − τ_k) / Σ_l ρ^(e − τ_l) for every e ≥ τ_j (the one-way law);  w_j(k) = ρ^|τ_j − τ_k| · w_j(j);  j's candidate in the span ⇒ w_j(k) ≤ ρ^|τ_j − τ_k|;  read at the end e, τ_i ≤ τ_k ⇒ w(i) = ρ^(τ_k − τ_i) w(k) (a later datum ρ^(−r) times an earlier one);  τ_a + τ_b = 2τ_j ⇒ w_j(a) = w_j(b);  a common shift of every tick and j leaves w;  ρ = 1 ⇒ w = 1/|span|;  ∂w_k/∂ρ = w_k (r_k − r̄)/ρ, r_k = |τ_j − τ_k|	a candidate at station j reads the span (the request and the placed section) as one joint field, each datum at its two-sided transport distance from j: data no later than j read as the one-way law, and a lock r ticks away on either side weighs at most ρ^r, so a far lock no longer takes the span's mass and quenches the earlier stations; every datum enters (none is cut off by its age)	0 < ρ ≤ 1 the source navigator's learned passive modulus; ticks within one turn, else refused below ρ = 1 (AliasedAges); weights on the population chart (2^(−L_ν), nearest); the readout's one anchor realizes it only where no placed datum follows an open station, else refused below ρ = 1 (UnframedAnchor); the derivative's Lean statement owed (#62)	R:holonics::hnn::prediction::BankPlacement::weights; R:holonics::hnn::prediction::BankPlacement::storage; R:holonics::hnn::prediction::BankPlacement::modulus_derivative; H:crates/holonics/src/hnn/prediction.rs@f5fd8f3b; L:HNN/IndexedOpen:framedWeight; L:HNN/IndexedOpen:framed_weight_mass; L:HNN/IndexedOpen:framed_weight_pos; L:HNN/IndexedOpen:framed_weight_one_sided; L:HNN/IndexedOpen:framed_weight_ratio; L:HNN/IndexedOpen:framed_weight_le_pow; L:HNN/IndexedOpen:oneway_later_weight_ratio; L:HNN/IndexedOpen:framed_weight_symmetric; L:HNN/IndexedOpen:framed_weight_translation; L:HNN/IndexedOpen:framed_weight_lossless; N:2026-09-30_THE_RE_ENTRY_DIAGNOSED_A_LATER_LOCK_TAKES_THE_SPANS_MASS_AND_QUENCHES_THE_EARLIER_STATIONS.md; N:2026-09-30_THE_STATION_FRAMED_PLACEMENT_PINNED_BEFORE_ITS_RUNS.md; N:2026-09-30_THE_STATION_FRAMED_PLACEMENT_MEASURED_THE_REFIT_READS_BOTH_CHAINS_AND_THE_CERTIFIED_MOVE_KEEPS_THE_MODULUS_AT_ONE.md	formal-checked	generalizes:hnn.passage-weights, uses:hnn.transport-modulus, uses:hnn.section-placement
hnn.transport-modulus	navigator, constitution, deposition	ρ_g ∈ (0, 1] a tick (energy ρ² ≤ 1, dissipation 1 − ρ² ≥ 0), on the source port's lattice, founded off one where the executed comparison reads it (hnn.transport-founding), one elsewhere;  ‖u^r g‖ = ‖g‖ at |u| = 1;  ‖(ρu)^r g‖ = ρ^r ‖g‖	the source navigator's transport is a rotation–dilation whose modulus is a learned locus: at one every crossing's term in a phase-carried face has the same modulus at every lag, so no reading marks the span's frontier; below one the term at lag r is weighed by ρ^r and the frontier is marked, every crossing still entering	the executed comparison's move carries it (hnn.executed-move); the card refuses a modulus below one (its open reads one population); the face path refuses it (FaceTransport)	R:holonics::hnn::field::ConstitutionRead::transport; R:holonics::hnn::constitution::Constitution::with_transport; L:HNN/IndexedOpen:lossless_term_modulus; L:HNN/IndexedOpen:dissipative_term_modulus; L:HNN/IndexedOpen:decayed_weight_antitone; N:2026-09-30_THE_PASSAGE_LAW_THE_SECTION_CONTINUES_THE_REQUEST_AND_THE_TRANSPORT_WEIGHS_ITS_FRONTIER.md; N:2026-09-30_THE_MODULUS_FOUNDED_OFF_ONE_PINNED_BEFORE_ITS_RUNS.md	formal-checked	uses:hnn.passage-weights
hnn.transport-founding	navigator, constitution, tube	ρ₀ = k 2^(−L_s), k = ⌊2^((L_s d − L_ν)/d)⌋ (the integer d-th root): k^d 2^(L_ν) ≤ (2^(L_s))^d < (k + 1)^d 2^(L_ν);  ρ₀^d ≤ 2^(−L_ν);  L_ν ≥ 1 ⇒ ρ₀ < 1;  L_ν ≤ L_s d ⇒ ρ₀ > 0;  τ_b + d = τ_a ≤ τ_j ⇒ w_j(b) = ρ^d w_j(a) ≤ 2^(−L_ν) w_j(a) at ρ₀;  ρ = 1 ⇒ w_j(b) = w_j(a);  d = 60, L_ν = L_s = 21 ⇒ ρ₀ = 102837/131072;  d = 5, L_ν = L_s = 18 ⇒ ρ₀ = 21618/2^18 = 10809/2^17 (campaign 1, m = 1)	the transport is founded off the lossless boundary: at the greatest lattice modulus whose one-turn transport carries a datum to one unit of the weights' chart, so the phase record, which carries an age only within one turn, reads the transport at the chart's grain; at one (the passive set's boundary) the record reads no age and the executed comparison's certified move, whose slope there points outward at the opening, never leaves it	d the ring's period, L_ν the population chart's exponent, L_s the source port's lattice exponent; applied where the executed comparison reads the transport (the bank's release); the card, the face path, the readout's one anchor and a passage over one turn keep one and refuse a modulus below it (agent-inferred, the modulus's record)	L:HNN/IndexedOpen:IsFounding; L:HNN/IndexedOpen:founded_modulus_pow_le; L:HNN/IndexedOpen:founded_modulus_greatest; L:HNN/IndexedOpen:founded_modulus_lt_one; L:HNN/IndexedOpen:founded_modulus_pos; L:HNN/IndexedOpen:founded_modulus_alias; L:HNN/IndexedOpen:founded_modulus_alias_le; L:HNN/IndexedOpen:lossless_alias; L:HNN/IndexedOpen:order_founding; L:HNN/IndexedOpen:campaign_one_founding; R:holonics::hnn::constitution::founding_modulus; R:holonics::hnn::constitution::Constitution::founding_transport; R:holonics::hnn::constitution::Constitution::founded_transport; N:2026-09-30_THE_MODULUS_FOUNDED_OFF_ONE_PINNED_BEFORE_ITS_RUNS.md	formal-checked	uses:hnn.transport-modulus, uses:hnn.station-framed-weights
hnn.landing-split	tube, navigator, receiver	z_j(S ∪ k) − z_pairs = μ (z_j(S) − z_pairs) + w_k I_k,  μ = M_j(S)/M_j(S ∪ k) ∈ (0, 1),  M_j(S) = Σ_c n(c) ρ^(r_j(c)) + Σ_(i∈S) ρ^|i − j|,  w_k = ρ^|k − j| / M_j(S ∪ k);  cells: storage_over(j, data, mass) = z_pairs + Σ_(k ∈ request ∪ data) chart(ρ^(r_j(k)) / M_j(mass)) I_k;  storage(j, S ∪ k) − storage_over(j, S, S ∪ k) = chart(ρ^|k−j|/M_j(S ∪ k)) I_k and storage_over(j, S ∪ k, S) − storage(j, S) = chart(ρ^|k−j|/M_j(S)) I_k exactly	a later lock landing on a section read from a station is two parts: the normalization (its share of the span's transported mass taken from every earlier datum alike) and the entry (its own image at its weight); loop 1c's paired counterfactual reads the four cells (neither, either alone, both)	S a section with station j's candidate placed, k ∉ S; weights on the population chart, so the split holds per cell, not across cells; a diagnostic, never a law (the release reads storage = storage_over at mass = data)	R:holonics::hnn::prediction::BankPlacement::storage_over; L:HNN/IndexedOpen:transported_weight_insert; L:HNN/IndexedOpen:transported_weight_insert_scale; N:2026-10-01_LOOP_1C_PERSISTENCE_REPRESENTATION_AND_REACH_PINNED_BEFORE_ITS_RUNS.md	formal-checked	uses:hnn.station-framed-weights, uses:hnn.passage-weights
hnn.landing-telescoping	ratio, receipt	(f11 − f01) − (f10 − f00) = (f11 − f10) − (f01 − f00) = f11 − f10 − f01 + f00;  (f10 − f00) + (f11 − f10) = (f01 − f00) + (f11 − f01) = f11 − f00;  binary: solved at (0,0), (1,0), (0,1) and not at (1,1) names the entry read second and the normalization read second	a sequential telescoping attribution of a two-part landing depends on its order by exactly the interaction, and on a binary criterion either part can be named by the order alone: both orders and the interaction are reported, neither is the cause	f the reading at the four cells of hnn.landing-split; any two-factor paired counterfactual	L:HNN/ExecutedComparison:telescoping_orders_differ_by_interaction; L:HNN/ExecutedComparison:sequential_attribution_depends_on_order; N:2026-10-01_LOOP_1C_PERSISTENCE_REPRESENTATION_AND_REACH_PINNED_BEFORE_ITS_RUNS.md	formal-checked	uses:hnn.landing-split
hnn.release-order-diagnostic	receiver, parametron, receipt	LockOrder::Gap: the eligible stations of the largest positive gap lock together (the release's law);  LockOrder::Ascending / Descending: the eligible station of least / greatest index locks alone;  eligibility (the top's flip and lock certified, gap > 0), readings, Floquet certificates and stops unchanged	the release's order read as a diagnostic factor: among the release's own eligible stations, which one a refinement locks	a diagnostic, never a law; generate_by_bank and executed::compare read Gap alone	R:holonics::hnn::prediction::LockOrder; R:holonics::hnn::prediction::bank_release_ordered; N:2026-10-01_LOOP_1C_PERSISTENCE_REPRESENTATION_AND_REACH_PINNED_BEFORE_ITS_RUNS.md	definition	uses:hnn.bank-generation
hnn.restore-standing	constitution, deposition, epoch	R(S(Θ)) = Θ on the admitted constitutions ⇒ StandingLaw(transport = the executed move on a reception, observe, retain = S, reopen r w s = observe r (transportWord w (R s)));  observe r (w · R(S Θ)) = observe r (w · Θ) for every receiver r and word w;  S Θ = S Θ′ ⇒ futureAgreement Θ Θ′	the exact replay of a complete continuing state is the native continuation on every admitted future: the state is a standing law once its restore inverts it	the hypothesis R ∘ S = id is the Rust owner's (tested, and measured by loop 1c's replay); its Lean statement on the constitution with the move's determinism owed (#62)	L:HNN/ExecutedComparison:restoreStanding; L:HNN/ExecutedComparison:restored_continuation_agrees; L:HNN/ExecutedComparison:equal_states_agree; R:holonics::hnn::constitution::ContinuingState; N:2026-10-01_LOOP_1C_PERSISTENCE_REPRESENTATION_AND_REACH_PINNED_BEFORE_ITS_RUNS.md	formal-checked	uses:hnn.continuing-state
hnn.site-gradient	receiver, parametron, ratio	∂ℓ_j/∂E = Σ_x c_x Σ_(k ∈ span) w_j(k) rot_(c_k − λ)(ĝ_x) ⊗ f_k (f_k a phase's counts or a placed class),  ∂ℓ_j/∂ρ = Σ_x c_x ⟨ĝ_x, ∂z_x/∂ρ⟩,  c = face(θ) − q;  ⟨∂ℓ_j/∂E, ΔE⟩ = Σ_x c_x ⟨ĝ_x, z_x(E + ΔE) − z_x(E)⟩ exactly at fixed ρ;  frozen sites re-read at their own constitution = its terms	each decision term's lock face pulled back to the source port and the transport modulus at the release's actual decision contexts: the representation search's linearization, a reading with no move	ĝ the leading members' storage covectors and θ the shares at their dyadic faces (64 bits); a term with an unresolved candidate has none; loop 1c's exterior fit only, never a deposition	H:crates/holonics/src/hnn/executed.rs@9078f103; N:2026-10-01_LOOP_1C_PERSISTENCE_REPRESENTATION_AND_REACH_PINNED_BEFORE_ITS_RUNS.md	definition	uses:hnn.lock-face-comparison, uses:hnn.executed-move
holon.kinetic-face-form	constitution, receiver	M_F = (A M^-1 A^T)^-1 > 0; v_h = M^-1 A^T M_F A v; A(v-v_h)=0	a positive source kinetic form induces the minimum-energy face form, retaining its null rate	finite real spaces; M positive definite; A surjective	L:Holon/Element:KineticFace.cometric_posDef; L:Holon/Element:KineticFace.horizontal_reads; L:Holon/Element:KineticFace.hidden_null	formal-checked-private	uses:holon.energy-balance
holon.kinetic-face-energy	constitution, receiver	T(v)=T_F(Av)+T(v-v_h); p=A^T*pi+M(v-v_h)	the receiving face keeps its kinetic reading and the source keeps the nonnegative hidden remainder	finite real spaces; M positive definite; A surjective for energy split	L:Holon/Element:KineticFace.energy_split; L:Holon/Element:KineticFace.momentum_split	formal-checked-private	uses:holon.kinetic-face-form
receiver.kinetic-momentum-descent	receiver, coholon	p in range(A*) iff v-v_h=0	the full source momentum descends exactly when its hidden kinetic rate vanishes	finite real spaces; M positive definite; A surjective	L:Holarchy/Hearing:source_momentum_descends_iff	formal-checked-private	uses:holon.kinetic-face-energy
receiver.kinetic-form-fibre	receiver, constitution	M_F descends through F iff F(q1)=F(q2) implies M_F(q1)=M_F(q2)	the receiving kinetic form belongs to a face alone only after source-fibre consistency	actual presented range; source-dependent forms and linear faces	L:Transport/ChangingReceiver:metric_descends_iff	formal-checked-private	uses:holon.kinetic-face-form
receiver.kinetic-clock-action	receiver, aeon	(M/r)(r v)=Mv; T_(M/r)(r v)=r T_M(v); p.(r v)-rH=pi.[A(r v)+c]-(rH+pi.c)+(Mh).(r v)	clock pullback and moving chart action retain the chart term and hidden momentum	r nonzero for kinetic clock identities; M positive definite for action decomposition; positive forward clock required to interpret M/r as positive storage	L:Holon/Element:KineticFace.clock_rescaled_momentum; L:Holon/Element:KineticFace.clock_rescaled_kinetic_energy; L:Transport/ChangingReceiver:moving_face_clock_action; L:Transport/ChangingReceiver:actual_moving_chart_clock_action	formal-checked-private	uses:holon.kinetic-face-energy
hnn.ring-kinetic-face	parametron, receiver	E_diag(K,M)(u,w)=E_K(u)+E_MF(Aw)+E_M(hidden w)	a ring's actual first-mode read consumes the positive kinetic restriction and retains the unread rate	M positive definite; A=[1 0] for the concrete two-mode consumer	L:HNN/Ring:ring_first_mode_balance; L:HNN/Ring:ring_face_energy_balance	formal-checked-private	uses:holon.kinetic-face-energy
holon.kinetic-face-minimum	constitution, receiver	E_M(v) >= E_MF(w) with Av=w; equality iff v=horizontal(w)	the horizontal rate is the unique minimum-energy lift on the full source fibre	finite real spaces; M positive definite; A surjective; declared face w	L:Holon/Element:KineticFace.unique_minimum_energy	formal-checked-private	uses:holon.kinetic-face-energy
holon.kinetic-face-rechart	constitution, receiver	M_(BA)=B^-T M_A B^-1	an invertible receiving chart carries the complete kinetic metric	finite real spaces; M positive definite; A surjective; det B a unit	L:Holon/Element:KineticFace.faceMetric_rechart	formal-checked-private	uses:holon.kinetic-face-form
hnn.ring-hidden-acceleration-return	parametron, receiver	A(-M^-1 K u)=-A M^-1 K horizontal(Au)-A M^-1 K hidden(u)	the actual ring generator returns unread displacement influence; storage splitting does not prove closed face dynamics	finite real spaces; actual ringGenerator; no positivity needed for this exact decomposition	L:HNN/Ring:projected_ring_generator_with_hidden_return	formal-checked-private	uses:hnn.ring-kinetic-face
receipt.lock-fisher-form	receipt, receiver, ratio, motion	wᵀ J_p w = Σ p w² − (Σ p w)² = Var_p(w) (Σp = 1);  G = Σ_j D_jᵀ J_θj D_j:  vᵀGv = Σ_j Var_θj(D_j v) ≥ 0,  Gᵀ = G	the locks' Fisher form on a move's plane is the sum of the variances of each lock's log readings	θ_j on the simplex	L:Holon/Law/Fisher:softmaxJacobian_quadratic; L:Holon/Law/Fisher:softmaxJacobian_quadratic_eq_variance; L:Holon/Law/Fisher:lockFisher; L:Holon/Law/Fisher:lockFisher_quadratic; L:Holon/Law/Fisher:lockFisher_quadratic_nonneg; L:Holon/Law/Fisher:lockFisher_transpose; N:2026-10-01_THE_MOVES_METRIC_IS_ITS_WITNESSS_THE_LOCKS_FISHER_FORM_ON_THE_MOVES_PLANE.md	formal-checked	uses:receipt.softmax-jacobian-power
receipt.lock-fisher-kernel-step	receipt, receiver, motion	θ_j > 0, resting sheet row zero:  Var_θ(w) = 0 ⇔ w constant;  G v = 0 ⇔ ∀j D_j v = 0;  G ≻ 0 ⇔ ∩_j ker D_j = 0;  G ≻ 0 ⇒ step = −G⁻¹g is the unique solution of G x = −g;  v ∈ ∩ ker D_j ⇒ G(x+v) = G x	the kernel of the Fisher form is the plane directions no lock reads; the step is defined exactly where none exists, and undetermined along any	positive faces; a resting sheet with zero row in each lock	L:Holon/Law/Fisher:softmaxJacobian_quadratic_eq_zero_iff; L:Holon/Law/Fisher:lockFisher_quadratic_eq_zero_iff; L:Holon/Law/Fisher:lockFisher_mulVec_eq_zero_iff; L:Holon/Law/Fisher:lockFisher_posDef_iff; L:Holon/Law/Fisher:lockStep_solves; L:Holon/Law/Fisher:lockStep_unique; L:Holon/Law/Fisher:lockStep_undetermined	formal-checked	uses:receipt.lock-fisher-form
receipt.lock-fisher-chart	receipt, receiver, motion	D_j ↦ D_j S:  G ↦ SᵀGS,  g ↦ Sᵀg,  step ↦ S⁻¹ step,  D_j S · step′ = D_j · step;  ⟨B⁻ᵀĝ, BΔz⟩ = ⟨ĝ, Δz⟩	a change of plane coordinates rescales the step inversely and leaves the move each lock reads; a storage rechart leaves every reading, hence the form and the step	S, B invertible	L:Holon/Law/Fisher:lockFisher_rechart; L:Holon/Law/Fisher:lockScore_rechart; L:Holon/Law/Fisher:lockStep_rechart; L:Holon/Law/Fisher:lockStep_reading_rechart; L:Holon/Law/Fisher:reading_rechart	formal-checked	uses:receipt.lock-fisher-kernel-step
wave.material-charge-flux-decoder	holon, constitution, receiver	x=(q,phi)=(CV,LI); decode_M(x)=(q/C,phi/L); configuration_M(decode_M(x))=x	the privately constructed native wave receiver carries its current material and admitted reader, derives each storage-only successor law and decoder, returns the same reached charges/fluxes and clock, then executes the changed next joint passage; repeated material returns retain the original source and clock identities	positive C,L; fixed incidence/leakage/tick and native reader; current and successor laws derived in production and carried privately; generic caller-declared law cannot enter the native return; midpoint joint continuation and staggered propagation are different time charts; receiver coordinate is a cumulative linear reading; no covector/descent/general inference asserted	R:holonics::physics::wave::WaveChain::configuration; R:holonics::physics::wave::WaveChain::decode_configuration; R:holonics::physics::wave::WaveReceiver::{current,law,open,interact}; T:crates/holonics/src/physics/wave/continuation.rs:repeated_wave_material_returns_preserve_charge_flux_and_continue_the_native_joint_law; R:holonics::physics::wave::WaveChain::bind_receiver; R:holonics::physics::wave::WaveChain::return_material	definition	uses:holarchy.bound-reception-continuation, uses:holon.committed-energy-bound
hnn.bound-contact-continuation	holon, contact, deposition, receiver, aeon	DeltaA=DeltaF Sigma F^T+F Sigma DeltaF^T+DeltaF Sigma DeltaF^T for C/K/D; Sigma=producing K signature or identity; C_new w_new=C_old w_old; W_dep=E_committed-E_reached; next tick dissipates h omega^T D_new omega; hop/pump phase carry	the native source Word captures actual opening support, reads blind complex faces, pulls its declared station partition back through the same solves, composes every reached C/K/D factor into one bound ContactCut Deposit, and continues the actual coupled state	source/Current/geometry/signature fixed; full observed Encoded consequence declares target clock, mask projects stations only; no caller-selected contact; existing Gauss-Newton proposal and native storage/operand/budget/held-momentum/work gates retained; full finite applied C/K/D expansion including signed K and square terms; D is subsequent dissipation, not stored energy; no full finite comparison decrease, acquired-output or global stability claim; C-only predecessor controls remain historical; complete C/K/D consumer and two scoped controls source-prepared, native pending; 127cd1612 C/K/D controls accepted by v85 with zero applied forms, original output gate failed; successor exact loaded gain source-prepared, unrun	R:holonics::hnn::word::Word::compare_contacts; R:holonics::hnn::word::Word::contact_faces; R:holonics::hnn::word::Word::open_source_exact_received; R:holonics::hnn::word::continuation::ContactCut::continue_deposited; R:holonics::hnn::word::continuation::ContactMaterialMove; R:holonics::hnn::reference::compose_contact; N:2026-10-07_THE_SOURCE_OBSERVER_READS_ONE_CARRIER_AND_RETURNS_THROUGH_ALL_REACHED_ANCHORS.md	source-prepared complete C/K/D consumer; native validation pending	uses:hnn.word-variation-exact, uses:holon.committed-energy-bound, uses:holon.square-ray-move, uses:holon.joint-step, uses:hnn.finite-loaded-contact-gain
hnn.reception-cut	holon, navigator	S_t = hop(φ(t−1), φ(t)) ∘ J_t;  run(t₀, x, a + b) = run(t₀ + a, run(t₀, x, a), b);  y = run(t₀, x, n), T = t₀ + n ⇒ run(T, y, m) = run(t₀, x, n + m), hop at (φ(T+m−1), φ(T+m)), β_(T+m) equal;  S_t = tick T ⇒ run = trajectory;  run(t₀, 0, n) = 0, run linear in x;  J_T² = id ⇒ S_T(J_T y) = hop(φ(T−1), φ(T)) y ≠ S_T y in general	a word cut at its last crossing T and continued from the change arriving there, at tick T, is the uninterrupted word from T on: its states, its pump phase at every later hop and its per-hop balances; the rest word is the case T = 0 and the pumped word opens at zero; a cut after the last junction re-scatters the crossing, which the involution undoes, so it reflects one hop	abstract: any junction J_t, hop and phase clock, and any per-hop balance reading; the linear form for a block operator per tick; the involution case on the concrete junction (HNN/Propagation.junction); the Rust owners (Word::reception_end, the carry at the last crossing, phase_at on the cumulative clock, tests/prediction.rs the_reception_carry_continues_from_the_last_crossing) landed in #298	L:HNN/Retention:clockedRun; L:HNN/Retention:pumpedStep; L:HNN/Retention:clockedRun_add; L:HNN/Retention:reception_cut_composes; L:HNN/Retention:rest_word_is_cut_at_zero; L:HNN/Retention:pumped_word_opens_at_zero; L:HNN/Retention:cut_after_junction_reflects; L:HNN/Retention:cut_after_junction_differs; L:HNN/Retention:junction_cut_reflects; N:2026-10-03_THE_RECEPTION_CARRIES_THE_INTERIOR_CHANGE_THE_SOURCE_PORT_IMPOSES_THE_MOMENT_AND_REST_IS_COMPLETE_ABSORPTION.md	formal-checked	uses:hnn.word-opens-at-zero, uses:hnn.reception-carry
hnn.resonator-hold	deposition, parametron, constitution	2C′_r w′ = 2C_r w ⇔ C′_r w′ = C_r w;  E_φ(u,w) = ½⟨w,C_r w⟩ + ½⟨u,K_φ u⟩;  C′_r w′ = C_r w ⇒ E′_φ(u,w′) − E_φ(u,w) = −½⟨w′,ΔC w′⟩ − ½⟨w−w′,C(w−w′)⟩ + ½⟨u,ΔK_φ u⟩;  ΔC = 0 ⇒ ΔE_φ = ½⟨u,ΔK_φ u⟩	a carried resonator crosses a deposit at its canonical state (u, 2C_r w), as a contact does, and its storage at the carried pump phase moves by the deposit term at that phase's stiffness pair; a stiffness or pump-strength deposit does exactly its same-state work	real inner-product spaces, C_r symmetric, C′_r, K_φ, K′_φ of any sign; φ the phase the last hop left (phase_at(T − 1)); a momentum outside range C′_r has no hold (hnn.singular-hold); the Rust owners held_resonator_rate and ReceptionCarry::crossed landed in #298	L:HNN/PumpCarry:resonator_held_momentum; L:HNN/PumpCarry:resonator_stiffness_deposit; L:HNN/DepositHold:hold_energy; N:2026-10-03_THE_RECEPTION_CARRIES_THE_INTERIOR_CHANGE_THE_SOURCE_PORT_IMPOSES_THE_MOMENT_AND_REST_IS_COMPLETE_ABSORPTION.md	formal-checked	uses:hnn.deposit-hold, uses:hnn.held-momentum
hnn.resonator-chained-balance	holon, constitution, receiver	P(crossing) = P(end) − last;  P_end = P_open − split − L + Π + (res + last) ⇒ P(crossing) = P_open − split − L + Π + res;  P_open + R_open = (P(crossing) − E_S(x)) + R_int + dep + ingest + E_S(s);  P_end + R_end ≤ interior + R_int + (dep + ingest + imp + Π) − split + b;  P_(n+1) + R_(n+1) ≤ P_0 − A_0 + R_0 + Σ_(k≤n)(dep + ingest + imp − split + Π + b)_k	the chained balance with the resonators, each word read to the crossing its reception carries: the opening is the interior plus the carried resonators' storage plus the work between the words plus the imposed storage; each reception and the chain are dissipative with respect to the declared supply, the resonators carried whole and absorbed nowhere	ordered field; the deposit and the ingest keep the source coordinates, the passage between the words reads the held resonators unchanged (proved, hnn.resonator-passage), the deposition is the contacts' and resonators' held work; the bound is the ticks' plus the last junction's, each certifying its own residual; L ≥ 0, |residual| ≤ bound, A ≥ 0 hypotheses read from their owners; WordBalance::carried and ChainedBalance's resonator fields landed in #298	L:HNN/PumpCarry:carried_reads_to_crossing; L:HNN/PumpCarry:resonator_opening_closes; L:HNN/PumpCarry:resonator_reception_dissipative; L:HNN/PumpCarry:resonator_chain_dissipative; L:HNN/ChainedBalance:chain_dissipative; N:2026-10-03_THE_RECEPTION_CARRIES_THE_INTERIOR_CHANGE_THE_SOURCE_PORT_IMPOSES_THE_MOMENT_AND_REST_IS_COMPLETE_ABSORPTION.md	formal-checked	uses:hnn.chained-balance, uses:hnn.resonator-hold, uses:hnn.reception-cut
hnn.resonator-passage	holon, constitution, receiver, deposition	passage ∈ {ingest, re-keying, re-base of a channel, collapse} ⇒ res″_g ∈ {res′_g, None};  π_r = C_r w, C′w = π ⇒ held(w, π, C′) = w ⇒ E_(res″)(crossed) = E_(res′)(held);  P_open + R_(m″)(crossed) = (P(crossing) − E_S(x)) + R_int + ((P_(m′)(x′) + R_(m′)(held)) − (P_m(x) + R_int)) + ingest + E_S(s)	between a word's commit and the next opening the constitution is moved only by the ingest and re-keying (the lift), the refining grain (the contacts) and the aeon's collapse (a resonator released to None); a slot the carry crosses has a declared resonator, hence the committed one, and the crossing holds its rate at the carried momentum exactly as the held commit does, so the next opening reads the carried resonators' storage as the committed form does, and the chained balance with resonators closes with no assumed hypothesis	the owners modelled: Passage from the exposure loop (SourceMoment::ingest, locate_keys, refine_contact_grain, Constitution::rebased and release), crossSlot from ReceptionCarry::crossed, heldSlot from PowerForm::held, slotPower from PowerForm::resonator_power, the momentum from Word::reception_end; held is any map with held(w, π, C′) = w where C′w = π (held_rate's zero target); a crossing that refuses reads no balance; record B §2.4; #62 item 3	L:HNN/PumpCarry:passRes_keeps_or_releases; L:HNN/PumpCarry:slot_crossed_reads_held; L:HNN/PumpCarry:passage_holds_resonator_storage; L:HNN/PumpCarry:resonator_opening_closes_of_passage; R:holonics::hnn::word::ReceptionCarry::crossed; R:holonics::hnn::word::PowerForm::held; R:holonics::hnn::word::PowerForm::resonator_power; R:holonics::hnn::moment::SourceMoment::ingest; R:holonics::hnn::constitution::Constitution::release; N:2026-10-03_THE_RECEPTION_CARRIES_THE_INTERIOR_CHANGE_THE_SOURCE_PORT_IMPOSES_THE_MOMENT_AND_REST_IS_COMPLETE_ABSORPTION.md	formal-checked	uses:hnn.resonator-hold, uses:hnn.resonator-chained-balance
parametron.quartic-kick-drift	parametron, constitution, port	N=C+h(D+Y⁻¹I); Nω=Cw+he−h(Ku+∇Q(u)); (u⁺,w⁺)=(u+hω,ω); Q=βΣ|u_j|⁴/4; ΔE=port−dissipation+½h²ωᵀKω+Q(u+hω)−Q(u)−h∇Q(u)·ω−½(ω−w)ᵀC(ω−w)	the loaded element and generic Holon advance consume the same actual mixed scheme and signed drift defect; no inverse capacity	C,D PSD, K symmetric, β,h,Y positive; exact law; a numerical caller bounds its equation residual separately	R:holonics::holon::parametron::LoadedParametron; R:holonics::holon::law::ReferenceHolon::advance; R:holonics::holon::law::Scheme::QuarticKickDrift; R:holonics::hnn::ring::ResonatorOperands::step; N:2026-10-05_THE_QUARTIC_STEP_NEEDS_AN_EXECUTED_DOMAIN_BEFORE_A_LOCK	proved-derived	uses:holon.nonlinear-storage-balance
parametron.quartic-balance-not-stability	parametron, storage, receipt	C=K=D=0, h=Y=β=1: u⁺=u−u³; 2→−6; E:4→324, port=−64, integration=384; 324−4=−64+384	exact signed accounting and positive quartic storage do not establish bounded discrete evolution	undriven realified node; raw exact scheme	R:holonics::hnn::tests::floquet::a_closed_quartic_balance_does_not_bound_the_executed_orbit; N:2026-10-05_THE_QUARTIC_STEP_NEEDS_AN_EXECUTED_DOMAIN_BEFORE_A_LOCK	counterexample	obstructs:parametron.quartic-kick-drift
parametron.executed-domain	parametron, constitution, receipt	J=[[I−h²XL,hXC], [−hXL,XC]], L=K+Hβ(u); G⪰gI, r²≤gε²; δ=3β(2Uε+ε²); aI⪰AᵀG_next A, A=[−h²X;−hX]; (1+s)J_cᵀG_next J_c+(1+1/s)aδ²G/g⪯λ²G; |F(c)−c_next|_G_next≤η; η+λr≤r_next; Πλ<1	a contracting cyclic domain for the actual quartic period composition, with the actual centre residual; the material phases and domain geometry are not a state tape	positive cyclic metrics; fixed C,D,β,Y,h, changing K and declared drives; exact smooth solves only; Lean lift owed #62	R:holonics::holon::parametron::PeriodicDomain::certify; R:holonics::holon::parametron::PeriodicDomain::period_map; R:holonics::hnn::ring::ResonatorOperands::nonlinear_lock; N:2026-10-05_THE_QUARTIC_STEP_NEEDS_AN_EXECUTED_DOMAIN_BEFORE_A_LOCK	proved-derived	uses:parametron.quartic-kick-drift
parametron.domain-lock	parametron, receiver, receipt	certified B_G(c,r), |c_axis|>ε: sheet=sign(c_axis), |u|² enclosed; phase class is the declared period index; Lock advances only within its certified domains	the nonlinear sheet is admitted by the actual contracting period domain, separately from the linear bank ray/threshold face	a declared displacement axis in its frame; source phase-lift class, general nonlinear interconnection and rounding-fibre envelope remain owed	R:holonics::holon::parametron::PeriodicLock::read; R:holonics::holon::parametron::PeriodicLock::advance; R:holonics::hnn::ring::ResonatorOperands::nonlinear_lock; N:2026-10-05_THE_QUARTIC_STEP_NEEDS_AN_EXECUTED_DOMAIN_BEFORE_A_LOCK	proved-derived	uses:parametron.executed-domain
parametron.mounted-cycle	parametron, constitution, cycle, receipt	F_period=F_(period−1)∘…∘F_0; lift T→T+period; ΔE=pump+port−dissipation+signed integration defect; Πλ<1 permits individual λ>1	a declared primitive forward pump cycle executes its certified exact nonlinear component and carries only the continuing point; all intermediate domains and work terms checked; whole-cycle publication is atomic	phase-zero closing boundary in the admitted ball; changing-material zero opening refused; exact smooth solves; ordinary rounded Word and whole-field mount not certified; finite-domain Lean lift owed #62	R:holonics::holon::parametron::MountedParametron; R:holonics::holon::parametron::MountedParametron::advance_cycle; R:holonics::hnn::ring::ResonatorOperands::mount_periodic; N:2026-10-05_THE_LOADED_COMPONENT_CARRIES_ITS_ADMITTED_PUMP_CYCLE	proved-derived	uses:parametron.executed-domain
parametron.bank-quadratic-admission	parametron, receiver, constitution	linear read_turn consumes state-independent tick_map; beta>0 gives L(u)=K+H_beta(u) and requires the producing state and finite-domain certificate	ReceivingBank refuses quartic material rather than reading its loaded inverse as a fictitious quadratic map; Floquet::of already refuses that nonlinear path	unpumped quadratic material, declared bank pumps, positive port and hop; nonlinear production and source phase/winding join remains owed	R:holonics::hnn::ring::ReceivingBank::new; R:holonics::hnn::ring::ReceivingBank::read_turn; R:holonics::hnn::ring::Floquet::of; R:holonics::hnn::tests::floquet::the_linear_receiving_bank_refuses_quartic_material; N:2026-10-05_THE_LOADED_COMPONENT_CARRIES_ITS_ADMITTED_PUMP_CYCLE	proved-derived	uses:parametron.executed-domain
hnn.exact-received-source	holon, contact, navigator, constitution	x_open = Pi_int crossed(x_previous) + source; E_after - E_before = imposed - absorbed	the exact Word source entrance preserves held interior motion and clock, accounts source replacement, and executes its subsequent junction/element loaded drive	declared source/section chart; exact operands; receipt after absorption and material/reference crossing; accumulated opening pulse, not per-station clamps; four fixed unit fixtures on sealed ae139650 base; current-main gate incomplete; no symbol release or full coupled-drive domain claim	R:holonics::hnn::word::Word::open_exact_received; R:holonics::hnn::word::Word::open_source_exact_received; R:holonics::hnn::word::Word::reception_end; R:holonics::hnn::word::SourceOpeningReceipt; L:HNN/ChainedBalance:power_split; L:HNN/PumpCarry:resonator_opening_closes; N:2026-10-05_THE_SOURCE_MOMENT_ENTERS_THE_CONTINUING_LOADED_FIELD_AT_ITS_PORT.md	implemented-exact	uses:navigator.source-moment, uses:hnn.reception-cut, uses:hnn.resonator-hold
hnn.physical-repair	holon, contact, navigator, receiver, tube	S = {(j, c_j) : j intact}, erasures unplaced;  m_g = the normalized phase-carried first source plus its declared intact offset pair ports (hnn.station-pair-source);  x(0) = Π_int x_prev + s(m), E_after − E_before = imposed − absorbed (one imposition);  the one word through e_0 + A junction steps;  station j ↔ crossing e_0 + j ↔ tick opened_at + e_0 + j, certified by reception_end().ticks = opened_at + e_0 + A − 1;  f_j = R · P_R^(τ_R) v_R(e_0 + j) at the grain L_R;  released ⇔ diam class(R·P·v_R[𝒟_j]) = 0 at tolerance 0, 𝒟_j the certified domain of the coupled drive; exact unit source transport: B_0 encloses every missing-class completion through actual E and the same population chart, united with the sparse point; Phi_t(B_t) subset B_(t+1) over full storage/arrivals/contact u,w/resonator u,w and actual pump ticks; |H_Q(u)| <= H_Q(|u_sparse|+r_u); scattering uses |2*w_q-delta_(q,p)|, preserving the reflected port inside its own anchor; complex receiving image enclosed; at grain F={c: upper_c >= max lower_d}, |F|=1 releases; unsupported, fibre is the encoding's classes; observed comparison after blind prediction: g_j=R_ratio^(-1)dR_ratio at selected stations; actual Word pull_back -> compose_return -> receiving-only certified normal deposition	a damaged section is repaired by the field's own motion: its intact runs enter as one sparse source moment imposed once, the one continuing word runs through the declared receiver's crossings, each station is read through the field's decoder at its grain, and a station is released only where a certified domain of the coupled drive projects to one class; the reference repair is the grader, never an input	one complete cell-free producing chart across every run and total erasure; supported D=I_A, lambda(c)=c and field class equality; every class fits each source with no advancing predecessor, certifying tau_g+1+j; located sparse conduct refuses before source/Word; native E/R shapes checked against the producing chart; comparison only after blind prediction, matched immutable material/chart, full section and supported unit source/receiver clock; only compared receiving samples deposited; carry preserved on refusal; nine chart/carry controls pass on 45fa1486; both observation controls and carry regression pass on the same sealed native source, first LLVM allocation failure preserved, debug/codegen partition changed with all caps fixed; exact finite coupled tube consumes native element/contact maps and loaded quartic Hessian; identity decoder constancy sufficient for release; infallible-GrainCell API and signed same-port junction correction accepted on source-v3: all13 affected tests pass once; blind64-cell fixture releases2 with all4 complete native images[2], proving robustness rather than reconstruction of its removed0; separate8-cell teaching/carry still holds all3 erasures; failed source-v2 gate[0,1,2,3] and compile failure preserved with full source/executable/readout pins; nonunit and rounded domains held; general decoder, cyclic whole-field Lock and formal tube lift owed #62; no withheld-truth fidelity claim; source-only observed extension holds R/internal material fixed and requires exact linear Word, nonzero source samples and full Diamond growth; actual leaky age-weighted source features consumed, rounded ages not lossless; E-control native accepted on894c5d98 and affected two freshly rechecked on18968dc9; nonunit domains still held; actual carried E alignment/move joint check before successor return; notebook physical receipt consumes held PluralDomain separately; fourteen integrated controls and four Lean selectors subsequently accepted only on36a660cd+isolated notebook PluralDomain patch; successor17 accepted on894c5d98, executable other-relation guard freshly recompiled and affected2 accepted on18968dc9; no useful erased-class accuracy; new fresh station-pair source and joint completion box consume declared intact offsets on the physical path, all24 fixed controls native-checked on518e1e3f with fresh host/CUDA linkage; useful reconstruction remains unestablished; existing no-offset law unchanged; exact linear unit-source one-hole completion now has a prepared shared signed first/pair response carrier through full native ticks and receiving GrainCells (hnn.single-hole-correlated-response-domain); native6f536ac3 accepted: all28 unique affected controls once, fresh11-target host/CUDA/example link; both fixed completion fibres2 and Released2, complex response equalities at every crossing; broad workspace and idle-card GPU gates separate; model constancy is not missing-truth fidelity	R:holonics::hnn::prediction::repair_by_field; R:holonics::hnn::prediction::DamagedSection; R:holonics::hnn::prediction::StationRead; R:holonics::hnn::prediction::RepairedCell; R:holonics::hnn::field::FieldMaterial::receiving_map; R:holonics::hnn::receiving::ReceivingPhases::read; L:HNN/ChainedBalance:power_split; L:HNN/ChainedBalance:opening_one_baseline; L:Foundation/ReceiverRelease:width_eq_zero_iff; N:2026-10-05_THE_PHYSICAL_REPAIR_RUNS_THE_DAMAGED_SECTION_THROUGH_THE_FIELD_AND_HOLDS_WHAT_NO_CERTIFIED_DOMAIN_DECIDES.md; R:holonics::hnn::prediction::predict_by_field; R:holonics::hnn::prediction::PhysicalPrediction::observe; R:holonics::hnn::reference::compose_return; R:holonics::hnn::constitution::Constitution::deposited; N:2026-10-06_THE_PHYSICAL_REPAIR_ADMITS_ONE_PRODUCING_CHART_AND_ITS_STATION_CLOCK_BEFORE_OPENING_THE_WORD.md; R:holonics::hnn::prediction::PhysicalDomainRead; R:holonics::hnn::prediction::physical_domain_forward; N:2026-10-06_THE_COUPLED_PHYSICAL_TUBE_BOUNDS_MISSING_SOURCE_CLASSES_BEFORE_READING_THE_DECODER.md; N:2026-10-06_THE_RECEIVING_OBJECTIVE_LEARNS_ONE_REACHED_DIRECTION_WHILE_THE_MEDIUM_MUST_CARRY_EXPRESSION.md; R:holonics::hnn::prediction::PhysicalPrediction::observe_source_ports; N:2026-10-06_THE_ACTUAL_SOURCE_RETURN_CHANGES_E_AT_THE_NEXT_CONTEMPORARY_OPENING.md; R:holonics::hnn::prediction::PhysicalSourceCertificate; R:holonics::hnn::moment::SourceMoment::station_section; N:2026-10-06_THE_PHYSICAL_STATION_SOURCE_CONSUMES_DECLARED_INTACT_PAIRS_WITH_A_JOINT_COMPLETION_BOX.md; R:holonics::hnn::prediction::PhysicalCompletionRead; N:2026-10-06_A_SHARED_SOURCE_LABEL_REACHES_THE_RECEIVER_WITHOUT_LOSING_ITS_SIGNED_RESPONSE.md	implemented-exact	uses:hnn.exact-received-source, uses:hnn.pair-location, uses:receipt.width
hnn.card-located-source-ingest	navigator, helix, contact, receiver	tau'_g = tau_g + a_g(c) + carry_g; carry_(g+1) = floor(tau'_g/d_g) - floor(tau_g/d_g); phase bins and offset counts read the resulting phase; a_g(c) is the admitted Encoded digit, or the declared identity lock fit; device prefix/lift equals Field::selective_step	card realization of the existing source owner: one block scans cells in tiles at u64 width, stops after the first last-ring carry, retains full integer lift and offset state across batches; a mutating failure invalidates the moment until a checked receipt, and the device port, which passes it the Encoded, discards an open whose ingest failed	d_g < 2^31, cells/threads <= 2^32-1, a_g < d_g; scan plus starting phase < 2^63; shared = 12*rings + 8*rings*threads with aligned u64 scans	R:holonics_cuda::hnn::moment::ResidentMoment::ingest; R:holonics_cuda::hnn::card::ingest_layout; crates/holonics-cuda/kernels/hnn.cu::hnn_moment_ingest; crates/holonics-cuda/tests/located_ingest.rs; R:holonics_cuda::hnn::moment::ResidentMoment::is_valid; crates/holonics-cuda/src/hnn/port_tests.rs::a_failed_ingest_leaves_no_further_reads	definition	uses:hnn.encoded-source-type, uses:compression.located-transport, uses:hnn.carry-is-section-flux
hnn.ranged-moment-capacity	navigator, compression, receiver	0 <= a_g(c) < d_g; carry <= 1; Delta tau_g <= d_g; N_b(n) has lift factor b_g*n+d_g, b_g=2 for identity, b_g=d_g for located; consumed prefix has n first counts, max(n-delta,0) offset counts; persistent profile never downgraded by an identity batch	capacity counts the admitted source carrier rather than the observed classes; total A^n is required for the pigeonhole inference	one opening, no re-key, closing source rings, fixed alphabet; leaky registers counted by hnn.leaky-moment-capacity; a continued section refuses; rekey/sibling continuation uses hnn.reframed-moment-capacity rather than this no-rekey crossover	L:HNN/RangedMoment:RangedClock.advance_range; L:HNN/RangedMoment:SourceDecl.located_moment_capacity; L:HNN/RangedMoment:SourceDecl.located_prefix_lift_range; L:HNN/RangedMoment:SourceDecl.capacityWith_persists; R:holonics::hnn::moment::capacity_located; R:holonics::hnn::moment::Capacity::check_lift; R:holonics::hnn::moment::SourceCapacity::checked_of; R:holonics::hnn::field::Field::capacity_for; crates/holonics/tests/ranged_capacity.rs; N:2026-10-06_THE_SOURCE_CAPACITY_BOUNDS_THE_ADMITTED_CLOCK_NOT_THE_OBSERVED_BATCH.md	definition	uses:hnn.moment-capacity
hnn.leaky-moment-capacity	navigator, receiver, compression, tube	nearest(rho*v)<=v for integer v>=0 and 0<=rho<=1; n injected units U bound every coordinate by n*U; S=d*A+J*d*A^2; complete source count <= N_hist,b(n)*product_g(n*U_g+1)^S_g; zero-tick drives v_n=n*U obstruct a count-uniform amplitude bound	counts future-relevant Leaky coordinates separately from the histogram, conditional on fixed opening metadata; numeric retained bound never reuses the histogram crossover as a whole-moment crossing	producer partition explicitly carried and matched; ingest-only carrier, no continuation extent; actual full lift checked; canonical declared-slot maps and constructor metadata checked	L:HNN/LeakyCapacity:tick_nonexpansive; L:HNN/LeakyCapacity:empty_carried_bound; L:HNN/LeakyCapacity:no_uniform_bound_without_ticks; L:HNN/LeakyCapacity:card_coordinateBox; L:HNN/LeakyCapacity:joint_card_bound; L:HNN/LeakyCapacity:coordinate_factor_le_pow_bits; L:HNN/LeakyCapacity:joint_card_bit_bound; R:holonics::hnn::moment::SourceCapacity::checked_of; crates/holonics/tests/ranged_capacity.rs; N:2026-10-06_THE_LEAKY_COORDINATES_ARE_BOUNDED_BY_THE_ADMITTED_DRIVE_COUNT.md	definition	uses:hnn.leaky-count, uses:hnn.ranged-moment-capacity
hnn.reframed-moment-capacity	navigator, receiver, compression, tube	M >= n; rekey keeps winding; current winding in [opened_winding,opened_winding+M]; N_reframed(n,M) <= H(n)*product_all_g[d_g*(M+1)]*product_source_g[d_g*(b_g*n+1)]; Leaky adds product_g(n*U_g+1)^S_g	a source keeps its own injection/endpoint coordinates while sharing the contemporary Current; actual external ring ticks decay its Leaky coordinates through hnn.leaky-count; every independent retained endpoint/tick and full shared lift is counted	fixed opening, partition, true profile and declared n/M; ingest carrier only; no adaptive Theta/key count or old n_star; 26 sealed native capacity/source/restore/scoped GPU controls pass; new Lean finite-box compiler failed on rewrite/binder errors; corrected source kernel acceptance pending; combined d1e1e0bf host/CUDA/notebook linkage and four exact physical/carry/sibling-aging controls pass	L:HNN/ReframedMoment:SourceDecl.card_reframedBox_le; L:HNN/ReframedMoment:SourceDecl.card_reframedBox_withCoordinates_le; L:HNN/ReframedMoment:SourceDecl.rekey_mem_windingWindow; R:holonics::hnn::moment::SourceMoment::synchronize_clock; R:holonics::hnn::moment::SourceCapacity::Reframed; crates/holonics/tests/ranged_capacity.rs; N:2026-10-06_THE_SOURCE_CAPACITY_BOUNDS_THE_ADMITTED_CLOCK_NOT_THE_OBSERVED_BATCH.md	definition	uses:hnn.ranged-moment-capacity, uses:hnn.leaky-moment-capacity, uses:hnn.leaky-count
hnn.source-placement-identifiability	navigator, receiver, tube, deposition	unit transport: M[c,a]=count{j intact:(tau+1+j) mod d=c,class(j)=a}; swapping unlike classes at j and j+d preserves the complete SourceMoment; equal moment + fixed material/current/opening implies equal native motion and receiving reads; hidden-only truth changes already preserve DamagedSection	a source quotient must preserve distinctions required by its declared future before a material-learning claim; a constant native class image alone does not identify an erased original	fresh continued section; unit source transport; same producing chart, population, extent, clocks and controls; equality concerns native Word/read/carry, not copied intact boundary cells; no claim for leaky/located ages; exact alias singleton passed on894c5d98, unchanged on18968dc9; fresh physical continued section has zero offset-pair mass, PairPort signal/return zero; fixed unit population and exact linear Word yield zero mixed two-cell logit difference; nonlinear Word and leaky chart rounding outside that affine identity	R:holonics::hnn::moment::SourceMoment::continued; R:holonics::hnn::moment::SourceMoment::open_storage; R:holonics::hnn::prediction::DamagedSection::damage; R:holonics::hnn::word::Word::open_exact_received; N:2026-10-06_SOURCE_IDENTIFIABILITY_PRECEDES_THE_NEXT_PHYSICAL_MATERIAL_DEPOSIT.md	counterexample	uses:hnn.physical-repair
hnn.physical-source-deposition	constitution, navigator, contact, deposition, ratio, receiver, tube	fixed source clock/weights and R: m_g=sum_c P_g^(-c) E_g f_c; same blind Word pull_back -> compose_return -> Sample(f_c,-P_g^(c-anchor) opening_return_g); nonzero samples only; kappa_E^2=d ||R||^2(Y_g/Y_R) entry_gain(full retained Diamond); existing certified normal deposit -> next contemporary source imposition; applied deltaE=etaD+r_pre-r_post-e_map; a_applied=sum w<descent,deltaE f>, b_applied=sum w||deltaE f||^2; m_applied>=sqrt(kappa^2*b_applied); actual JointReading: (1/2)(sum m_applied)^2<=sum a_applied	the declared post-blind comparison changes the reached source law rather than supplying an authored answer	exact linear executed Word; no lattice/solve/resonator chart residual or reached saturation; one E ray with R/internal laws/transport fixed; same commit/chart/clock/partition; existing rounded leaky features allowed without general source-injectivity claim; native/type17-control gate accepted on894c5d98, affected2 rechecked on fresh18968dc9; applied-map certificate separate from proposed normal ray, failed actual joint comparison refuses successor; matched native adjoint/gain/carry equations accepted on their exact bounded span; every other FieldMaterial relation/released locus/storage product checked unchanged, E carry not read by open_storage; participation-mean/passive/contrast/Floquet source-gain premises named, full native lift owed #62	R:holonics::hnn::prediction::PhysicalPrediction::observe_source_ports; R:holonics::hnn::reference::compose_return; R:holonics::hnn::moment::SourceMoment::encoder_covector; R:holonics::hnn::constitution::Constitution::deposited; N:2026-10-06_THE_ACTUAL_SOURCE_RETURN_CHANGES_E_AT_THE_NEXT_CONTEMPORARY_OPENING.md; R:holonics::hnn::prediction::PhysicalSourceCertificate; R:holonics::hnn::prediction::PhysicalSourceMove; R:holonics::holon::deposition::JointReading; R:holonics::hnn::prediction::physical_source_only_change	definition	uses:hnn.physical-repair, uses:hnn.source-placement-identifiability
hnn.leaky-source-completion-domain	navigator, contact, receiver, tube	fresh identity station chart: q_j=nearest(2^u rho^(N-1-j)), Z=sum q_j>0 independent of classes; f[c,a]=PopulationChart.chart(sum_(j at c,class a)q_j/Z); A monochrome missing-class source supports attain each f coordinate endpoint; signed P^(tau-c)E maps their box; radius=max(|s_lo-s_sparse|,|s_hi-s_sparse|); existing coupled tube consumes it	the physical source-completion domain uses its actual rounded leaky law, never ideal per-datum weights or expected erased truth	fresh open_with plus one continued section per source; complete common identity chart, class-independent admitted clock, fixed chart/material/modulus; no prior source or offset mass; actual carried first-map denominator required positive for nonempty completion and exactly equal across supports, otherwise domain held; coordinate correlation loss conservative; sparse extent and normalization separately included; unit branch kept sharper; located and rounded operands refused; native/type eighteen-control gate accepted on exact f9caaaba with fresh source/build/runtime binding; same learned material and carry give source-conditioned leader2 vs tie013 in the fixed16-completion control, blind two-hole product remains held; domain constancy is robustness, no task fidelity	R:holonics::hnn::prediction::physical_leaky_source_bounds; R:holonics::hnn::prediction::physical_opening_radius; R:holonics::hnn::moment::SourceMoment::continued; R:holonics::hnn::moment::SourceMoment::normalized_counts; R:holonics::hnn::moment::SourceMoment::transported_mass; R:holonics::hnn::moment::PopulationChart::chart; N:2026-10-06_THE_LEAKY_SOURCE_COMPLETION_DOMAIN_READS_ITS_ACTUAL_ROUNDED_FEATURES.md	definition	uses:hnn.physical-repair, uses:hnn.physical-source-deposition
hnn.receiving-distinct-observation-consumer	receiver, ratio, deposition, navigator, pair, tube	fresh blind Word -> declared observed Faces/ratio -> same Word adjoint -> reached R normal deposit -> next contemporary material/carry; target-free intact-run probes read matched R0/R3 under same entered interior	distinct comparisons test whether the learned receiving face separates the one-label symmetry, without a target or expected class in the probe	fixed3 synthetic two-cell observations, then3 four-cell target-free probes, initial/learned material controls;9 two-crossing Words; no forced output/rank/singleton/task-fidelity; a730d824 fresh exact selector accepted once under unchanged caps; real rows0/1/3 distinct, cue changes exact logits but all3 decisions release3; initial-R same carry holds; last-label/carry/common-tail attribution unresolved; E/internal laws fixed	R:holonics::hnn::prediction::PhysicalPrediction::observe; R:holonics::hnn::tests::prediction::physical_repair::the_retained_physical_reader_reports_distinct_observations_and_matched_source_controls; L:HNN/ReceivingReach:first_deposit_read; N:2026-10-06_DISTINCT_OBSERVATIONS_TEST_THE_RETAINED_RECEIVING_MATERIAL_WITHOUT_A_TARGET_IN_THE_PROBE.md	implemented-exact	uses:hnn.receiving-reach; uses:hnn.leaky-source-completion-domain
hnn.station-pair-source	navigator, pair, faces, tube	C_delta[c,x,y] = count{j>=delta: j,j-delta intact, c=(tau+1+j) mod d, class(j)=x,class(j-delta)=y}; n_delta=sum C_delta; sparse leaky age=e-1-j; m=sum_c P^-c(E F_c + sum_delta PairPort(T_delta,c)); F_c actual normalized first feature, T_delta actual normalized offset table	the fresh physical section consumes actual ordered pairs at the declared station separation through the existing PairPort and same native Word; holes contribute neither endpoint nor a compressed separation	fresh partition/current/unit source clock and empty per-source opening; generic continued/ingest/capacity unchanged; actual pair maps remain fixed; native-checked on518e1e3f (all24 fixed controls; fresh host/CUDA linkage) new source/alias controls; no task truth or pair-learning claim	R:holonics::hnn::moment::SourceMoment::station_section; R:holonics::hnn::moment::PairPort::apply_table; R:holonics::hnn::prediction::physical_forward; N:2026-10-06_THE_PHYSICAL_STATION_SOURCE_CONSUMES_DECLARED_INTACT_PAIRS_WITH_A_JOINT_COMPLETION_BOX.md	definition	uses:hnn.window-free-open; uses:hnn.encoder-moment-contract; uses:hnn.physical-repair; uses:hnn.source-placement-identifiability
hnn.station-pair-completion-domain	navigator, pair, receiver, tube	n_delta=max(N-delta,0); Z_delta=sum_(j>=delta) nearest(U*rho^(N-1-j)); forced matching known-known edges <= C_delta[c,x,y] <= all compatible edges; monotone chart(C/Z_delta); signed rank-combined PairPort -> producing phase lift -> first+pair opening box -> same coupled tube	every mixed-class complete station source is enclosed without candidate Words or monochrome pair surrogates; sparse point united with complete-family image	fresh unit source clock and actual dyadic Leaky entry/chart; zero table for delta>=N; shared-hole correlations discarded conservatively; unsupported denominator holds; all16 mixed feature and34 native Word oracles fixed, native-checked on518e1e3f (all24 fixed controls; fresh host/CUDA linkage); no expected class	R:holonics::hnn::moment::SourceMoment::station_pair_bounds; R:holonics::hnn::prediction::physical_pair_source_bounds; R:holonics::hnn::prediction::physical_opening_radius; N:2026-10-06_THE_PHYSICAL_STATION_SOURCE_CONSUMES_DECLARED_INTACT_PAIRS_WITH_A_JOINT_COMPLETION_BOX.md	definition	uses:hnn.station-pair-source; uses:hnn.leaky-source-completion-domain; uses:hnn.physical-repair
hnn.receiving-causal-controls	receiver, deposition, ratio, tube	fixed source/current/chart/final carry with R0,R1,R2,R3; then fixed R3/source with rest,C1,C2,C3; absent-source with rest,C3	exterior matched material/carry/source controls diagnose the actual retained reader; accumulated normal statistics and quartic interactions do not imply a last-label overwrite	twelve fixed two-crossing Words, three genuine post-blind observations; no target in probe, order/rank/output/accuracy gate or internal checkpoint tape; source/native-checked on518e1e3f (all24 fixed controls; fresh host/CUDA linkage)	R:holonics::hnn::tests::prediction::physical_repair::the_retained_reader_reports_matched_material_carry_and_absent_source_controls; N:2026-10-06_THE_PHYSICAL_STATION_SOURCE_CONSUMES_DECLARED_INTACT_PAIRS_WITH_A_JOINT_COMPLETION_BOX.md	definition	uses:hnn.receiving-distinct-observation-consumer; uses:hnn.locus-statistics
hnn.physical-pair-output-deposition	pair, constitution, deposition, receiver, tube	C_delta,c actual normalized intact-offset table; y_c=Σ_delta,rho e_delta,rho a_delta,rho^T C_delta,c b_delta,rho; fixed a,b,E,R and exact linear Word: δy_c=Σδe a^T C b; actual alignment=Σ<G,δe>, moves=Σ_c||Σ_deltaδy_delta,c||²; existing source gain and JointReading(1/2) hold on applied carried delta before successor	a post-blind declared comparison reaches actual pair-output material through the same Word adjoint and existing factor deposition, then the next source reads that learned material	same immutable material/full producing chart/comparison partition and admitted unit source clock; full Diamond Reach; fixed current/earlier reads and all other forward relations checked; default zero pair outputs, R learned by two genuine receiving observations; matched no-deposit/opposite and target-free same-phase swap controls; native-checked on4432a4b9: all26 controls in16 groups; actual later source-arrangement logits change, allsix gap fibres remain[0,2,3]; rounded/reached-quartic source Word refuses; general native gain/Word-Hessian and full read-factor ray owed #62; no reconstruction or heldout claim	R:holonics::hnn::prediction::PhysicalPrediction::observe_pair_outputs; R:holonics::hnn::prediction::physical_pair_output_certificate; R:holonics::hnn::reference::compose_return; R:holonics::hnn::constitution::Constitution::deposited; L:HNN/Encoding:whole_pair_read_counts; L:Holon/Deposition:factor_unit_step_alignment; N:2026-10-06_THE_REACHED_PAIR_OUTPUTS_LEARN_FROM_THE_SAME_BLIND_PHYSICAL_WORD.md	definition	uses:hnn.station-pair-source, uses:hnn.certified-factor-step, uses:hnn.physical-repair
hnn.physical-pair-completion-witnesses	navigator, pair, receiver, tube	C={complete sparse single-hole source at class c: c in A}; actual moments m_c and same native Word/read y_c; compare exact union of grain leaders to enclosing domain; R0=R3 complex rows on untargeted classes	exterior exhaustive four-source witness partition distinguishes source equality, read equality and conservative domain ambiguity after the unchanged blind physical learner	13Words at most3crossings, same two R and one pair observation; no target in blind probe or desired release; native2700572c accepted once: all8 complete leaders2, all12 pairwise source/full-read equalities false, old enclosing fibre013; stricter response equality selector native6f536ac3 accepted once: all8 fixed complete images match signed response at every complex coordinate/crossing, exact leader unions and both fibres2/Released2; fixed read rank14 is not a witness that a given completed-source contrast lies in its kernel	R:holonics::hnn::tests::prediction::physical_repair::the_learned_pair_gap_is_read_on_its_actual_four_completion_witnesses; N:2026-10-06_THE_REACHED_PAIR_OUTPUTS_LEARN_FROM_THE_SAME_BLIND_PHYSICAL_WORD.md; N:2026-10-06_A_SHARED_SOURCE_LABEL_REACHES_THE_RECEIVER_WITHOUT_LOSING_ITS_SIGNED_RESPONSE.md	definition	uses:hnn.physical-pair-output-deposition; uses:hnn.station-pair-completion-domain; uses:hnn.physical-repair
hnn.single-hole-correlated-response-domain	navigator, pair, receiver, tube	one hole h: s(c)=s_bar+z_c with full first population N and pair populations max(N-delta,0); x_t(c)=F_(t-1)...F_0 x_bar_0 + F_(t-1)...F_0 z_c,0; y_t(c)=R P^tau v(x_bar_t)+R P^tau v(z_c,t); F={grain leaders over the one-hot label face}; coordinate intervals separately include actual sparse point	preserve the same missing label across signed first/pair source ports and complete field response before grain support reduction; only one actual Word executes	one common admitted identity chart; exactly one erased station, unit source transport, exact no-chart/no-lattice/no-saturation Word; full normalization and current source phase/lift; fixed entered interior with zero response interior; actual pump ticks; fixed-plus-A response columns, no candidate Word or exponential completions; multiple-hole/leaky/quartic fallbacks retained; source/static review and native6f536ac3 acceptance: all28 unique affected controls in18groups once, 13Word and19Word controls first, full complex coordinate/crossing and exact leader-union equalities, shifted holes0/2/4 offsets1/2/7 nonzero lift carried tick and ties; broad workspace and idle-card GPU acceptance pending; general formal source-to-Word-to-grain induction owed #62; a singleton is model robustness, not true-label reconstruction	R:holonics::hnn::prediction::physical_completion_opening; R:holonics::hnn::prediction::physical_signed_tick; R:holonics::hnn::prediction::physical_completion_read; R:holonics::hnn::prediction::PhysicalCompletionRead; L:Mathematics/NavigatorFactorization:fixedRight_receiver_section; L:Mathematics/NavigatorFactorization:sharedFiniteAffineBilinearExpansion; N:2026-10-06_A_SHARED_SOURCE_LABEL_REACHES_THE_RECEIVER_WITHOUT_LOSING_ITS_SIGNED_RESPONSE.md	implemented-exact	uses:hnn.station-pair-source; uses:hnn.station-pair-completion-domain; uses:linalg.bilinear-factorization; uses:linalg.affine-bilinear-expansion; uses:hnn.physical-repair
hnn.retained-physical-receiver	holon, receiver, deposition, navigator, pair, tube	(Theta, source frame, carry, cell-free chart) -> blind native receipt -> optional same-Word observed partition -> (Theta_prime, same frame, receipt.carry, same chart); unobserved queries deposit nothing; comparison refusal preserves material and advances the executed carry	a continuing physical receiver consumes the contemporary medium and physical end in each later section, retaining no old Word, occurrence or response column	supported existing identity chart/source-clock/decoder admission; source and absolute pump clocks distinct; receiving/source-port/pair-output relation explicitly chosen, no coupled ray; two new native controls prepared, execution pending sole queue; notebook consumer prequential on existing KnownTruth chart, intact comparisons only and separate measured committed pin; no external raw-class identity bypass, cold-restore, unseen accuracy or useful-language claim; existing notebook source correction restores four cyclic residues without a termination row, and prepared short-section acquisition consumer observes only a predeclared withheld station after blind publication; eta/selected feature energies/applied logit movement, shared bias and same-carry source-context/grain/phase contrasts measured separately; true probe has no deposition; frozen67cd development observes receiving context response at common carry; OrderTwo completed development, Line whole-wall and Alternation controller projections failed so their overall protocols remain incomplete; useful reconstruction, untouched transfer and cold continuation unestablished; exterior cost partition8c native body complete but controller projection incomplete; saved receiving pullbacks recover two noncollinear Alternation teacher features; source-generated full-class coverage and identical-first-control reuse prepared, native checks pending; native receipts above belong to the predecessor receiver implementation; common-current successor type/runtime pending	R:holonics::hnn::physical::PhysicalReceiver; R:holonics::hnn::physical::PhysicalObservation; R:holonics::hnn::prediction::predict_by_field; R:holonics::hnn::reference::compose_return; N:2026-10-06_THE_RETAINED_PHYSICAL_RECEIVER_CONSUMES_THE_CONTEMPORARY_MEDIUM_BEFORE_OBSERVING_ITS_COMPARISON.md; R:holonics::hnn::prediction::PhysicalTeaching::feature_energy; R:holonics::hnn::physical::PhysicalPublication::feature_energy; N:2026-10-06_THE_PHYSICAL_ACQUISITION_READ_SEPARATES_CONTEXT_FROM_BIAS_AND_CARRY	definition; common-current successor pending	uses:hnn.physical-repair; uses:hnn.single-hole-correlated-response-domain; uses:hnn.reception-carry; uses:hnn.continuing-state
hnn.single-hole-loaded-grain-consumer	navigator, pair, receiver, tube	s(c)=s_fixed+z(c) from full nu(card Station) first and nu(card Station-offset_e) pair populations with per-edge F_e/Q_e; retained interior + source injection -> absolute loadedOp(openedAt+k) -> linear receiver -> explicit grain map -> maximum-certified computed singleton leader union -> holdingLaw at tolerance0	the computed shared source label reaches the full loaded word and actual mathematical release consumer without assuming the completed-word singleton	prepared source; compiler/axiom queries pending sole queue; distinct endpoints and one shared hole, linear exact loaded law; native rational/station/pair/source-injection and actual GrainCell instantiation remain explicit #62 obligations; singleton model robustness is not withheld-truth recovery	L:HNN/SingleHoleResponse/SourceExpansion:firstComplete_eq_fixed_add_response; L:HNN/SingleHoleResponse/SourceExpansion:pairComplete_eq_fixed_add_response; L:HNN/SingleHoleResponse/SourceExpansion:oneHoleSourceExpansion; L:HNN/SingleHoleResponse/SourceExpansion:populationNormalizedOneHoleSourceExpansion; L:HNN/SingleHoleResponse/LoadedWord:absoluteLoaded_response_add; L:HNN/SingleHoleResponse/NormalizedOpening:openedState_from_normalized_source; L:HNN/SingleHoleResponse/ReceivingResponse:loadedReceiving_response; L:HNN/SingleHoleResponse/GrainRelease:exactLeaderUnion_mem_iff; L:HNN/SingleHoleResponse/GrainRelease:exactLeaderUnion_sound; L:HNN/SingleHoleResponse/GrainRelease:constant_face_released_at_zero; L:HNN/SingleHoleResponse/GrainRelease:holdingLaw_releases_constant_face_at_zero; L:HNN/SingleHoleResponse/GrainRelease:singletonLeader_holdingLaw_release; L:HNN/SingleHoleResponse/ComposedConsumer:normalizedSource_loadedWord_grain_singleton_release; N:2026-10-06_THE_NORMALIZED_SHARED_LABEL_CONSUMES_THE_ABSOLUTE_LOADED_WORD_AND_GRAIN_RELEASE.md; N:2026-10-06_THE_SINGLE_HOLE_RESPONSE_OWNER_DECOMPOSITION_PRESERVES_THE_FULL_CLOSURE.md	definition	uses:hnn.single-hole-correlated-response-domain; uses:hnn.retained-physical-receiver; uses:receipt.width
hnn.source-receiver-return	navigator, coholon, pair, receiver, tube	L_j=R_j P_j A_j Phi_(j,0) I; sourceReturn=I* Phi* A_j* P_j* R_j* g_j; selected-partition pairing; normalized first/pair complete-minus-fixed response consumes actual loadedOp(openedAt+k)	the receiving covector reaches the actual source opening through its producing phase, clock and Word; the same entered interior cancels only in a source contrast	exact linear Type-0 block carrier; complete source/phase/receiving boundary maps; one shared label, distinct pair endpoints and storage-only SourceResponseShape certificate; kernel/axiom checking pending; native rational/Encoded/lattice instantiation remains owed; generic sensitivity authorizes no deposition	L:HNN/SourceReceiverReturn:wordMapAt_apply; L:HNN/SourceReceiverReturn:sourceReturnAt_pairing; L:HNN/SourceReceiverReturn:sourceReturnAt_is_dual_of_sourceRead; L:HNN/SourceReceiverReturn:sourceReturnAt_unique; L:HNN/SourceReceiverReturn:sourceReturnAt_halfTurn; L:HNN/SourceReceiverReturn:partitionReturn_pairing; L:HNN/SourceReceiverReturn:normalizedAbsoluteLoaded_sourceReturn; N:2026-10-06_THE_RECEIVING_COVECTOR_RETURNS_THROUGH_THE_SOURCE_CLOCK_AND_PRODUCING_WORD.md	definition	uses:hnn.tick-family; uses:hnn.loaded-ring-adjoint; uses:hnn.loaded-medium; uses:hnn.single-hole-loaded-grain-consumer
hnn.source-return-runtime-pairing	navigator, coholon, receiver, deposition, pair, tube	delta_s=S_Theta_prime(m,c)-S_Theta(m,c); sum_compared <g,R P^c Pi F_(opened_at+e) delta_s> = <WordReturn.opening,delta_s> = -applied JointReading.decrease; both signed defects zero	production source-only E/pair publication consumes the same producing source/clock/map/Word return before a retained receiver installs material; refusal carries the original blind physical end	same complete identity producing chart and unit station clock; same full material/commit/current/mask; fixed R/contact/element/loaded relations and pair read factors; exact zero-bound/no-adjoint-remainder/no-reached-quartic source path; one actual applied direction, not whole-operator equality or unseen fidelity; one signed response only through last compared crossing; syntax and independent source review only, new two controls and eight-selector native acceptance pending sole queue; native receipts above belong to the predecessor receiver implementation; common-current successor type/runtime pending	R:holonics::hnn::prediction::physical_source_pairing; R:holonics::hnn::prediction::PhysicalSourcePairing; R:holonics::hnn::prediction::PhysicalPrediction::observe_source_ports; R:holonics::hnn::prediction::PhysicalPrediction::observe_pair_outputs; R:holonics::hnn::physical::PhysicalReceiver::receive; R:holonics::hnn::receiving::ReceivingPhases::read; R:holonics::hnn::port::Word::pull_back; N:2026-10-06_THE_APPLIED_SOURCE_MOVE_MUST_CLOSE_ITS_RECEIVING_AND_OPENING_PAIRINGS.md	definition; common-current successor pending	uses:hnn.source-receiver-return; uses:hnn.retained-physical-receiver; uses:hnn.physical-pair-output-deposition; uses:hnn.single-hole-correlated-response-domain
hnn.physical-class-coverage	source, navigator, receiver, deposition, pair, tube	u_j^(s)=u_j+s mod |A| for s in Z/|A|; each station covers every class once; p0=p1 gives g0-g1=q0-q1; applied receiving row difference consumes same reached feature/normal chart/eta/carry	the existing cyclic terrain produces one seeded source representative and its whole class orbit before any probe result; only the post-blind observed partition teaches the native receiver	fixed source4 classes and4 teaching plus4 blind probe passages, Receiving-only; independently seeded class orbits remain correlated development, no output-based selection or independent/held claim; actual published class set and full complex zero/one row gate; source-law/native tests pending sole queue; coverage does not prove localization or reconstruction	R:holonics::holarchy::terrain::KnownTruth::cyclic_class_orbit; R:holonics::holarchy::terrain::tests::a_cyclic_source_orbit_covers_each_station_without_changing_its_law; R:hnn_physical_receive::learn; R:hnn_physical_receive::receiving_rows_equal; N:2026-10-06_THE_SOURCE_CLASS_ORBIT_COVERS_THE_RECEIVING_COMPARISON_BEFORE_ANY_PROBE.md	implemented-source	uses:hnn.encoded-source-type; uses:hnn.retained-physical-receiver; uses:hnn.receiving-reach
hnn.physical-publication-attribution	receiver, deposition, navigator, pair, tube	m_i(x,c)=Re((fixed_i+label_i[c])_2-(fixed_i+label_i[c])_3); a_i=m_i-m_(i-1); sum_i a_i=m4-m0 at one actual carry; phase channel read separately with winding/grain/fibre	each actual applied material publication is consumed by the existing native completed-source response at two fixed development contexts, with full real grain-leader union	spent Alternation seeds, original4 alternating teaching/4 blind probes plus6 intermediate controls; exterior material controls only, no Word retention/reordered material/target injection; pair-specific contrast, no population or carry-mediated causation claim; syntax checked, type/runtime/cost pending sole queue	R:hnn_physical_receive::causal_attribution; R:hnn_physical_receive::causal_read; R:hnn_physical_receive::receiving_contrast; R:holonics::hnn::prediction::PhysicalCompletionRead; N:2026-10-06_EACH_APPLIED_PUBLICATION_IS_READ_THROUGH_THE_SAME_COMPLETED_SOURCE.md	implemented-source	uses:hnn.retained-physical-receiver; uses:hnn.single-hole-correlated-response-domain; uses:hnn.reception-carry
hnn.charted-physical-reception	navigator, parametron, contact, tube, receiver, coholon, deposition, receipt	e_0 = opening_split + crossed_interior_error; e_next = native_exact_transfer_bound(e) + abs(actual_next - native_chart_tick(actual)); error(g a^T) <= abs(g) error(a)^T + error(g) abs(a)^T + error(g) error(a)^T; source_return_error = abs(returned - chart_transpose) + operator_error*abs(g) + (abs(chart_transfer)+operator_error)*error(g); actual_R_curvature <= actual_R_alignment - paired_covector_error	the actual charted sparse source and carry reach R through a coordinate error tube; the same producing return charges source and receiving covectors before its receiving-only normal successor is published	same producing encoding, source frame and station clock, contemporary linear physical material and actual absolute pump phase; warm certified charts and measured native splits; missing stations Held; declared component tolerances and actual applied receiving ray; workspace/affected link and four once-only law fixtures pass; full lift #62; exact acquisition unchanged; native receipts above belong to the predecessor receiver implementation; common-current successor type/runtime pending	R:holonics::hnn::prediction::charted::ChartedPhysicalReceiver; R:holonics::hnn::word::Word::open_charted_received; L:HNN/LatticeWord:inverse_chart_deviation; L:HNN/LatticeWord:executed_adjoint_deviation; N:2026-10-06_THE_CHARTED_PHYSICAL_RECEIVER_CHARGES_ITS_SOURCE_STATE_AND_BOTH_COVECTOR_ERRORS.md	native-checked; common-current successor pending	uses:hnn.newton-schulz-chart, uses:hnn.executed-adjoint, uses:hnn.physical-repair, uses:hnn.reception-carry, uses:hnn.certified-normal-step
hnn.matched-sparse-charted-reception	navigator, pair, receiver, coholon, deposition, tube	same Theta_k/source/chart/frame/tick: abs(xhat_k-x_k)<=e_k, abs(yhat_k-y_k)<=r_k, abs(dRhat_k-dR_k)<=g_k; saved_forward_ns=exact_sparse_forward_ns-charted_forward_with_error_ns	consume an explicit exact sparse Word/paired return beside the charted R-only word; preserve Held erasures and separate completion-domain work from matched forward cost	four spent OrderTwo class-orbit teachings/four blind probes at the existing coverage seed pair, complete identity chart, fixed one-grain coordinate tolerances before output; continuous actual and exact reference carries, exact hypothetical successor discarded, no probe deposition; new same-forward/same-return regression and matched caller source prepared, guard/type/native acceptance pending; no reconstruction, acquisition, heldout, cold restore or speedup claim; native receipts above belong to the predecessor receiver implementation; common-current successor type/runtime pending	R:holonics::hnn::prediction::predict_sparse_by_field; R:holonics::hnn::prediction::physical_forward; R:holonics::hnn::prediction::charted::ChartedPhysicalReceiver; R:hnn_physical_receive::charted_compare; N:2026-10-06_THE_CHARTED_RECEIVING_COMPARISON_MEASURES_THE_SAME_SPARSE_FORWARD.md	source-only; common-current successor pending	uses:hnn.charted-physical-reception; uses:hnn.physical-repair; uses:hnn.reception-carry; uses:hnn.certified-normal-step
hnn.charted-opening-work-balance	navigator, parametron, contact, receiver, receipt, tube	after-before+split=imposed-absorbed; split=Energy(raw)-Energy(actual); exact_only_residual=-split; source.after=word.open+word.resonator_open	consume the actual signed source-opening split together with the Word and every executed tick; a charted opening projected to its exact-only source subreceipt omits work	same producing source receipt in physical and charted readings, contemporary power form, actual opening split; all original Word/tick residual certificates kept; new nonzero-split falsifier and actual first matched balance pass in continuation-v34; matched73 balance failure and7ad comparison carrier refusal preserved; full matched protocol incomplete	R:holonics::hnn::word::ChartedSourceOpeningReceipt::closes; R:holonics::hnn::prediction::charted::ChartedPhysicalRepair::closes; R:hnn_physical_receive::charted_compare; L:HNN/ChainedBalance:opening_one_baseline; L:HNN/ChainedBalance:opening_split_eq; N:2026-10-07_THE_MATCHED_CHARTED_BALANCE_CONSUMES_ITS_OPENING_SPLIT_WORK.md	native-checked	uses:hnn.charted-physical-reception, uses:hnn.word-commit-deposition, uses:hnn.field-executed-balance
hnn.charted-source-return-representation	navigator, coholon, constitution, contact, parametron, tube, receiver	Xhat_rows=Xhat_words=Q*2^(-L); source_error=abs(returned-paired_unsplit_Xhat)+operator_error*abs(g)+(abs(unsplit_Xhat_response)+operator_error)*error(g)	the source-return certificate re-represents the producing charts and weights with exact integer rows for unsplit response coordinates, retaining certificates and absolute phase; native forward/adjoint bounded carriers remain	same producing chart values rather than exact operator inverses; unchanged source/encoding/decoder/clock, numerical tolerances and actual applied-R check; current first comparison refuses a64-bit operand; bc32 E0507 and4ce post-terminal WordEnded preserved; native guard/doctest/11link pass; owned control captures pre-terminal change and consumes legal carry/emitted receipts after ending; actual operand/publication pending; charts retained by existing owner only, transient response representation discarded	R:holonics::hnn::propagation::Operands::unsplit; R:holonics::hnn::ring::ResonatorOperands::unsplit; R:holonics::hnn::prediction::charted::source_return_error; L:HNN/LatticeWord:executed_adjoint_pairing; L:HNN/LatticeWord:executed_adjoint_unique; N:2026-10-07_THE_CHARTED_SOURCE_RETURN_RE_REPRESENTS_ITS_PRODUCING_CHART.md	source-only	uses:hnn.executed-adjoint, uses:hnn.charted-physical-reception, uses:hnn.reception-carry
hnn.charted-contact-radius-face	contact, constitution, tube, coholon, receiver, receipt	e_right=abs(B_contact)e_input; e_next=abs(U_contact)e_update; each column from the same producing native map once per borrowed Word	the actual contact coefficient face is shared by the source-return component-radius consumers without changing any bound, point or covector	immutable producing contact/step/selection/solve/shape; lazy zero-radius and typed coefficient failure semantics; fresh scope per Word; source493 exact image/reuse and affected charted controls PASS8 with fresh guards; changed matched read INCOMPLETE after2teachings/no probes; combined source4855 ten controls PASS once with fresh guards/link; no performance, scientific completion or full native formal lift credit	R:holonics::hnn::prediction::charted::linear_radius::ContactRadiusMaps; R:holonics::hnn::prediction::charted::tick_error_cached; R:holonics::hnn::prediction::physical_linear_radius; N:2026-10-07_THE_CONTACT_RADIUS_FACE_IS_SHARED_BY_THE_SAME_WORDS_SOURCE_RETURNS.md	definition	uses:hnn.charted-physical-reception, uses:hnn.charted-source-return-representation, uses:hnn.newton-schulz-chart, uses:hnn.executed-adjoint
hnn.physical-communication	holon, navigator, pair, receiver, deposition, tube	u[0:n] -> actual normalized first/pair SourceMoment -> accounted source opening + retained interior -> one sparse Word -> {R P_R^tau(j) v_R(e_0+j): n<=j<a}; boundary before q; same-Word paired return/deposition -> next contemporary Theta/carry; actual suffix Held/domain receipts and producing ReceivingPhases travel with the face; unit transport requires aperture<=source period	the continuing physical receiver communicates per-station complex faces and actual decision/domain receipts beyond an intact prefix, without asserting a joint completion or erased-class truth	0<n<a; complete identity chart and certified station clock; each unit source admits a<=period before phase/Word; necessary no-wrap bound is not source injectivity; actual normalization/age law unchanged; q preserves prefix and compares only nonempty requested partition; exact work closes; sparse future stations Held/UncertifiedDomain, actual domains None; multi-hole joint completion owed; bounded native source498341a32 accepted once: workspace/three guards/56doctests/fresh test link/four new plus one affected control; whole zero tick2 boundary then learned nonzero tick4 boundary, actual R-only publication/material-source sensitivity and blind target independence; previous source-review/Eq failures preserved; receiving consequence rather than next-cell accuracy; no universal speedup, raw codec, learned relation, autonomous route, nonlinear/cold/device claim; native formal lift owed #62; native receipts above belong to the predecessor receiver implementation; common-current successor type/runtime pending	R:holonics::hnn::physical::PhysicalReceiver::communicate; R:holonics::hnn::physical::communication::PhysicalBoundary; R:holonics::hnn::prediction::predict_sparse_by_field; R:holonics::hnn::physical::PhysicalReceiver::receive; R:holonics::hnn::prediction::PhysicalPrediction::observe; N:2026-10-07_THE_CONTINUING_PHYSICAL_RECEIVER_COMMUNICATES_ITS_REQUESTED_COMPLEX_BOUNDARY.md	definition; common-current successor pending	uses:hnn.physical-repair; uses:hnn.station-pair-source; uses:hnn.source-placement-identifiability; uses:hnn.source-receiver-return; uses:compression.kernel; uses:receipt.retention-contract
hnn.physical-one-future-communication	holon, navigator, pair, receiver, deposition, tube	a=n+1; point at nu_hat(n); y_complete(c)=fixed_logits+label_logits[c] at nu_hat(n+1), one shared c through first/pair ports and actual Word; domain intervals unite completed images and sparse point; boundary before q; same-Word R or later E return -> next contemporary source opening	one requested future station communicates its actual completion-consistency receipt beside its blind complex prediction; communication release joins completed and blind grain leaders without placing future truth	complete admitted identity/station chart; current unit-source a<=period; executing domain owner rechecks exact Word/unit transport/no saturation for signed labels; valid box remains distinct; absent certificate Held; consistency/self-echo is not future truth; communication release only restricts producer release; source0483new plus direct split/tie/agree/absent/held/box plus4affected controls PASS8 once with fresh guards/link; combined source4855 ten controls PASS once with fresh guards/link; no multistation joint fibre/product/formal lift credit; native receipts above belong to the predecessor receiver implementation; common-current successor type/runtime pending	R:holonics::hnn::physical::PhysicalReceiver::communicate_one_future; R:holonics::hnn::physical::communication::PhysicalBoundary::completion_consistency; R:holonics::hnn::prediction::predict_by_field; R:holonics::hnn::prediction::physical_completion_opening; R:holonics::hnn::prediction::physical_completion_read; R:holonics::hnn::prediction::PhysicalPrediction::observe_source_ports; N:2026-10-07_ONE_REQUESTED_FUTURE_STATION_CARRIES_COMPLETION_CONSISTENCY_BESIDE_THE_BLIND_PHYSICAL_BOUNDARY.md	definition; common-current successor pending	uses:hnn.physical-communication, uses:hnn.single-hole-correlated-response-domain, uses:hnn.single-hole-loaded-grain-consumer, uses:hnn.station-pair-source, uses:hnn.source-receiver-return, uses:receipt.retention-contract
hnn.field-causal-transition-chart	holon, navigator, receiver, contact, constitution, compression, receipt	pi_out F_gamma^u = T_gamma^u pi_in + delta_gamma; exact descent requires constant image on each admitted input fibre; actual flux retains split and coarse-storage defect	a selected causal transition is produced by the field under its receiving chart, with explicit defect rather than an assumed continuous/discrete equivalence	declared actual source, clock, ports, field, receiving charts and admitted future/action family; additive comparison only where typed; complex future form requires Hermitian chart; native transition equivalence and useful relation acquisition remain open	N:2026-10-07_THE_FIELD_PRODUCES_CAUSAL_TRANSITIONS_THROUGH_ITS_RECEIVING_CHART.md; L:Compression/Core/FaceMap:kernelClass_after_word; L:HNN/Prediction:consumer_eq; L:HNN/ModeQuotient:descended_costate; L:Transport/ChangingReceiver/Defect:passageDefect; L:Transport/ChangingReceiver/Defect:moving_receiver_rate	proved-derived	uses:compression.kernel, uses:hnn.mode-quotient-one-chart, uses:hnn.mode-quotient-learning-chart, uses:receipt.causal-chord-transfer, uses:hnn.physical-communication, specializes:receipt.changing-receiver-defect
hnn.receiving-declaration-material-face	constitution, receiver, parametron, contact, tube, receipt	O = col_c [v_R(e_j;storage=e_c,opened_at=0)]; equal actual interior/Field/lift/section operands imply equal declaring anchor rank and scope	the existing declaration is a material coefficient face before source E/pair ports and receiving R; exact equality permits its reuse without caching future reads	same borrowed immutable Field; exact Current/full receiver and all producing standing/passive/contrast/skew/contact/sign/surface/resonator material; exact equality; invalidate before original producer; no source/Word/carry/target/covector retained; E/pair/R independence falsified against actual producer; initial f09 type failure preserved; corrected8c source-matched PASS6 with fresh guards/56doctests/link and all11 stages quiescent/released; actual E/R source/carry/error consumers pass; new continuing work/caller source71 remains separately pending; no speedup or useful-context credit; native receipts above belong to the predecessor receiver implementation; common-current successor type/runtime pending	R:holonics::hnn::receiving::declaration::DeclaringFace; R:holonics::hnn::receiving::ReceivingPhases::declare; R:holonics::hnn::propagation::Operands::exact_at_cut; R:holonics::hnn::physical::PhysicalReceiver::receive; R:holonics::hnn::prediction::charted::ChartedPhysicalReceiver::receive; N:2026-10-07_THE_DECLARING_RECEIVER_FACE_IS_REUSED_ONLY_AT_EQUAL_PRODUCING_MATERIAL.md	native-checked on corrected8c; bounded dependency/consumer scope; common-current successor pending	uses:hnn.field-causal-transition-chart, uses:hnn.charted-contact-radius-face, uses:receipt.causal-chord-transfer
hnn.continuing-owner-work-receipt	receiver, receipt, constitution, navigator, coholon, tube	W_delta=W_after-W_before at named native owners; b source coordinates yield b declaring Words, b*e_max junctions and b*(e_max-1) full ticks; delta_i=b_i-a_i; mu=sum_i(delta_i)/4; acquired_i=delta_i-mu	the existing continuing sparse/charted receiving comparison charges actual declaring and control Words and separately checks a source-sensitive acquired relation before any completion claim	one calling thread, joined indexed ring/contact work; monotone constant exterior vector, overflow makes reading unavailable; successful declarations count construction/reuse/invalidation; exact and actual charted carry/error and paired covectors remain fresh; fixed four teachings/four probes at spent source orbit, one-grain component tolerance, initial relation must fail and learned common/continuing margins pass; centered real acquired response exceeds grain; complete interaction is statistical unit; source-only preparation, no scientific job or speedup/release/generalization/cold/device credit; each source orbit fixes station-target differences; distinct teaching/probe representatives break fixed neighbour shifts across their union, but final probe-only gate identifies source-dependent response rather than order-two key or retained full-product relation	R:holonics::hnn::word::work::WorkRead; R:holonics::hnn::propagation::Operands::build; R:holonics::hnn::word::Word::on_change; R:holonics::hnn::word::Word::junctions; R:holonics::hnn::word::Word::tick; R:holonics::hnn::port::reverse_core; R:hnn_physical_receive::charted_compare; N:2026-10-07_THE_CONTINUING_RECEIVING_RELATION_CHARGES_ITS_DECLARATION_AND_EVERY_EXECUTED_WORD.md; N:2026-10-07_THE_EXACT_RECEIVING_POINT_RELATION_HAS_ITS_OWN_MEASURED_EXECUTION_PARTITION.md	native-checked at 71f2e850; continuing science incomplete after two teachings/no probes	uses:hnn.receiving-declaration-material-face, uses:hnn.matched-sparse-charted-reception, uses:hnn.charted-physical-reception, uses:hnn.executed-adjoint
hnn.exact-receiving-point-relation	navigator, receiver, coholon, deposition, contact, tube	delta_i=f(Theta4,c,u_i)-f(Theta0,c,u_i); acquired_i=delta_i-sum(delta)/4; complete4+4 and every learned expected margin>1/16 and some real abs(acquired_i)>1/16 and initial fails some margin	the existing exact sparse continuing receiver publishes each blind point before teaching, then consumes the same Word return into R; common-carry controls remove source-independent bias	same spent OrderTwo class orbit/4classes/period4/station2 hole; full identity chart/unit station clock; actual carry/work closes; no probe deposition; dense initial E0, zero pair outputs unchanged by R-only learning; Held/UncertifiedDomain, no repair/key/full teaching retention/generalization/charted parity or performance; changed measured660ms roles/old10682ms whole deadline/17CPU60wall4GiB unchanged; d6ae400ea native scoped library/guards/56docs/3controls/fresh example accepted in v56; complete4Rteach4blindprobe NEGATIVE point evidence: every expected margin and centered response below1/16; actual carry ticks3..24 and4Rupdates; whole science2040834000 aggregate CPU ns/2110618015 wall ns/group87801856B; no acquired relation; exact saved mean/centered decomposition consistent with recency but cause unproved; native receipts above belong to the predecessor receiver implementation; common-current successor type/runtime pending	R:holonics::hnn::physical::PhysicalReceiver::receive_sparse; R:hnn_physical_receive::exact_relation; R:hnn_physical_receive::exact_role; N:2026-10-07_THE_EXACT_RECEIVING_POINT_RELATION_HAS_ITS_OWN_MEASURED_EXECUTION_PARTITION.md	native-verified; complete scientific gate failed; common-current successor pending	uses:hnn.retained-physical-receiver; uses:hnn.physical-repair; uses:hnn.continuing-owner-work-receipt; uses:hnn.receiving-reach; uses:hnn.station-pair-source
hnn.pair-coordinate-point-consumer	navigator, receiver, coholon, deposition, pair, tube	Theta4 -> fresh Word(u_seen,c4) -> same-Word PairOutputs return -> Theta5; R/E/a/b/interior fixed; <g,delta f_pair>=<back.opening,delta s>=-applied alignment<0; delta_i=f(Theta5,c5,u_i)-f(Theta4,c5,u_i); centered_i=delta_i-sum(delta)/4	existing lawful coordinate consumer retains actual post-blind carry and pair material, with fresh contemporary no-deposit and source-translation controls	same4R+1repeated final seen teacher+4spent OrderTwo probe translations; no output-selected observation; whole blind receipt before comparison; no-deposit complete receipt/carry equality; actual phases on equal declaring key; later common-carry controls fix source frame/chart/clock/receiver/interior; native source/joint/applied pairing certificates; strict own first-order descent and nonzero source movement; unchanged useful margins/centered real effect>1/16; compare bias/material effect/useful gate separately; zero/refused step incomplete; no key discovery/cross-section source pair/simultaneous R+e/repair/generalization/product claim; source1f8a81ee scoped library/lints/56docs/fresh libtest and current native causal regression PASS v58; strict applied descent and later nonzero/source-dependent equal-carry effect; centered max111544579975/2565097276833792 below1/16; v60 source826e3033+Pin3bf58bd3 scoped phase2/declaring-key/work controls and fresh actual example PASS; complete4R+1Pair+4probe scientific gate FAILED: unchanged common rankings and every expected margin below1/16; phase-control currentprior8I and exact sample trace<39/128; prior/carry cause underidentified; all7jobs terminal/released, no cap/deadline rise; old pumped8/3/domain stops remain incomplete/uncredited; native receipts above belong to the predecessor receiver implementation; common-current successor type/runtime pending	R:hnn_physical_receive::exact_relation; R:hnn_physical_receive::exact_pair_observation; R:holonics::hnn::physical::PhysicalReceiver::receive_sparse; R:holonics::hnn::prediction::PhysicalPrediction::observe_pair_outputs; T:hnn::tests::physical::four_station_pair_coordinate_retains_carry_and_has_a_matched_source_dependent_consequence; N:2026-10-07_A_FRESH_PAIR_COORDINATE_WORD_IS_JOINED_TO_ITS_LATER_RECEIVING_CONSEQUENCE.md; N:2026-10-07_THE_COMPLETE_PAIR_POINT_FAILS_WITH_A_PRIOR_DOMINATED_RECEIVING_MAP.md	native-verified mechanical on826e3033; complete useful scientific gate failed; common-current successor pending	uses:hnn.exact-receiving-point-relation; uses:hnn.source-receiver-return; uses:hnn.station-pair-source; uses:hnn.continuing-owner-work-receipt
hnn.current-pair-source-phase-control	navigator, pair, receiver, coholon, deposition, tube	period4 source lift2; tau+1+j has residues distinct from omitted clock offsets; Theta4 -> fresh sparse Word -> PairOutputs -> Theta5; g dot (f(Theta5,c,u)-f(Theta4,c,u))=actual producing source pairing; next actual receipt equals fresh matched same-current/material/actual-carry Word	current sparse pair consumer is tested at nonzero source lift and actual carried tick, with applied-direction and retained-carry controls	same actual quarter-turn4 field/declared observed source orbit; unit chart/source clock; R/E/internal material fixed by native guard; no-deposit whole receipt equality; own strict pair descent/nonzero move/zero defects/no adjoint remainder; expected applied logit delta is fresh native Word; hypothetical end discarded; next actual carry drives same source law; per-unit costs/exact states and already reached covector/feature/gain readings logged; no completion domain/SourcePorts/pumped8/3 credit; historical stops preserved; native826e3033 accepted once in v60 with exact finite direction/carry equality and completed10cuts26Words68junctions51ticks5returns; full states preserved; later useful scientific gate complete/failed; unchanged aggregate caps, no blind retry or deadline raise; native receipts above belong to the predecessor receiver implementation; common-current successor type/runtime pending	T:hnn::tests::physical::four_station_sparse_pair_return_at_nonzero_source_phase_matches_its_applied_direction; R:holonics::hnn::physical::PhysicalReceiver::receive_sparse; R:holonics::hnn::prediction::predict_sparse_by_field; N:2026-10-07_THE_CURRENT_PAIR_CLOCK_CONTROL_IS_A_SPARSE_PERIOD_FOUR_READ.md; N:2026-10-07_THE_COMPLETE_PAIR_POINT_FAILS_WITH_A_PRIOR_DOMINATED_RECEIVING_MAP.md	native-verified current sparse phase/control only; common-current successor pending	uses:hnn.pair-coordinate-point-consumer; uses:hnn.source-receiver-return; uses:hnn.station-pair-source; uses:hnn.reception-carry
hnn.receiving-producing-operands	receiver, coholon, deposition, pair, tube	f=P_R^lift v_R; y_before=R_before f; delta_y=(R_after-R_before)f; f*=cf,R*=R/c,H*=c²H,s*=c²s,X*=X/c² => R*f*=Rf and |f*|²/s*=|f|²/s; R4 f=R0 f+Σ(actual deltaR_k)f	opt-in transient exterior receipt reads actual compared Receiving samples and before/after normal laws, actual PriorMove/eta/releases, and cached common-carry probe features; preserves the native passage/deposition	same original4R+1Pair+4probe spent source point/fixed1/16 gate; no inferred probe teacher or source mean at mixed carry; no extra Word/return/deposit; ordinary paths disabled; exact saved unit arithmetic and source parses pass, type/native/replay pending; no prior tuning/full algorithm unit covariance/useful acquisition claim; native receipts above belong to the predecessor receiver implementation; common-current successor type/runtime pending	R:holonics::hnn::prediction::PhysicalPrediction::observe_receiving_diagnostic; R:holonics::hnn::prediction::PhysicalPrediction::receiving_feature; R:holonics::hnn::physical::PhysicalReceiver::receive_sparse_with_receiving_diagnostic; R:hnn_physical_receive::publish_receiving_operands; L:HNN/ReceivingPrior:unit_step_read_prior_scale; N:2026-10-07_THE_RECEIVING_DIAGNOSTIC_READS_ITS_ACTUAL_PRODUCING_OPERANDS.md	source-derived; native acceptance pending; common-current successor pending	uses:hnn.pair-coordinate-point-consumer; uses:hnn.receiving-prior-carry; uses:hnn.receiving-class-metric; uses:hnn.reception-carry
hnn.source-relative-observer	navigator, parametron, contact, receiver, coholon, constitution, deposition, tube, receipt	chi O=[I|0]; z_j=H_j chi v; y_j=R P_R^lift z_j; O^T chi^T sum_j H_j^T P_R^(-lift) R^T g_j=[g_source|0]	one completed-section carrier supplies blind logits, partitioned comparison, receiving prior and reached R samples with the complete matched opening adjoint	stationary three-ring identity-contact chain; four crossings at opened_at+3; pristine tagged current-source R-only law; full88 identity/adjoint and carry controls accepted16a/v66; producing-weights/forms/solve and source-covector reuse fresh library/three guards/57doctests/four exact controls accepted192/v68; source1bd four-R/four-probe point spent: centered source response acquired but all four fixed margins fail, three negative, all erasures Held; source-isolating analysis view only, mod4 gate retired as usefulness/scientific steering; actual contact reaction/continuation remains same-circuit construction anchor; no domain/context retention/product/save/device claim	R:holonics::hnn::receiving::SourceObserverView; R:holonics::hnn::receiving::SourceObserverMaterial; R:holonics::hnn::prediction::predict_by_source_observer; R:holonics::hnn::prediction::CurrentSourceReceivingReturn; R:holonics::hnn::port::Word::pull_back_joined; R:hnn_physical_receive::source_observer_relation; N:2026-10-07_THE_SOURCE_OBSERVER_READS_ONE_CARRIER_AND_RETURNS_THROUGH_ALL_REACHED_ANCHORS.md	native-verified mechanical192; spent negative classification diagnostic1bd; analysis view	uses:hnn.receiving-producing-operands
holon.native-contact-element	holon, constitution, pair contact, receiver	E=(u^T Ku+w^T Cw)/2; momentum=Cw; m=I+(G/(2h))(2C+hD+(h^2/2)K); descriptor C may be singular	the library ContactConstitution owns the contemporary contact forms; native ContactOperands caches their executed rows/chart/transpose; native boost certification and card publication share the sole library operator assembly	equal square symmetric forms; caller admits positive G/h and its executed inverse; signed K remains under native boost certification; no inverse C, assumed passivity, finite comparison-decrease or artifact claim; source migration prepared, native/device validation pending	R:holonics::holon::element::ContactConstitution; R:holonics::holon::element::contact_operator; R:holonics::hnn::propagation::ContactOperands; R:holonics_cuda::hnn::publication; L:HNN/Propagation:transit_balance; L:Holon/Element:midpoint_balance; N:2026-10-07_THE_NATIVE_CONTACT_CONSUMES_THE_HOLON_ELEMENT_RELATION.md	source-prepared; native validation pending	uses:hnn.factored-medium, uses:hnn.bound-contact-continuation
hnn.common-circuit-current	holon, receiver, navigator, tube, deposition, receipt	Resident=(Theta,Current,carry,error,codec,Charts,bounded port operands); receiving view moves this same owner; C_new w=pi, actual G(Current), producing commit before publication	exact and charted section views consume one canonical circuit current; detached candidate Arrived/Charts/ledger read precedes atomic publication	section source reanchors at live Current without advancing it; absolute crossing ticks differ from source lift; full cell-free producing chart and nonnegative error persist; unsupported exact/clock/cold actions refuse before mutation; reference ledger gets no foreign-view arrivals; bounded current Arrived retained; library/guards and fresh libtest type accepted; first contact control failed unchanged material, other controls unlaunched; descriptor arriving-wave delay-storage conformance and codec/error cold serialization owed #62	R:holonics::hnn::reference::Resident; R:holonics::hnn::physical::PhysicalReceiver; R:holonics::hnn::prediction::charted::ChartedPhysicalReceiver; R:holonics::hnn::reference::Resident::publish_reception; T:hnn::tests::physical_charted::a_shared_charted_enclosure_survives_view_changes_and_bars_unsupported_futures; T:hnn::tests::physical_communication::a_shared_execution_clock_reanchors_the_next_section_without_resetting_its_carry; N:2026-10-07_ONE_CURRENT_REACHES_THE_CONTACT_RETURN_AND_THE_RECEIVING_BOUNDARY.md	source-derived; first native contact control failed, other lifecycle controls unlaunched	uses:holon.native-contact-element; uses:hnn.reception-carry; uses:hnn.charted-physical-reception
hnn.contact-boundary-continuation	holon, contact, receiver, navigator, coholon, deposition, tube	blind full Word(source,Theta,Current,carry) -> boundary -> observed partition -> same Word contact return -> C/K/D-prime at held Cw -> HolonState(carry-prime,commit-prime) -> common Resident -> existing communicate(source-prime)	the full native contact reaction publishes its actual held current into the existing production complex boundary consumer	target-independent sparse station source entrance; actually declared Field receiver; full producing chart/source-prefix/partition admission after blind output; every reached C/K/D factor; no target opening or source reinjection; actual finite dC/dK/dD including signatures and square terms and held-state work; comparison/publication refusal retains blind current/old material; v79 whole blind boundary executed; aggregate stepped positive but F and C unchanged, first control failed; held/continued assertions not reached; six controls and callers unlaunched, no joint completion/cold/useful-artifact/acquisition credit; exact unresolved contact factor/normalization successor conservation and different-passage continuation accepted at cacb0d037/v82; actual F/C/work remain zero, original failed gate unchanged; complete C/K/D return now source-prepared, two focused field/material controls unrun; predecessor receipts do not validate this source change	R:holonics::hnn::physical::PhysicalReceiver::communicate_contact; R:holonics::hnn::word::Word::compare_contacts; R:holonics::hnn::word::continuation::ContactCut::continue_deposited; R:holonics::hnn::physical::PhysicalReceiver::communicate; T:hnn::tests::physical_communication::complete_contact_return_publishes_held_point_before_existing_communication; N:2026-10-07_ONE_CURRENT_REACHES_THE_CONTACT_RETURN_AND_THE_RECEIVING_BOUNDARY.md	source-prepared C/K/D consumer; v79 material/output gate failed; v82 predecessor conservation accepted	uses:hnn.common-circuit-current; uses:hnn.physical-communication; uses:hnn.bound-contact-continuation
hnn.contact-deposition-causal-account	contact, coholon, deposition, receiver, receipt	actual Deposit -> eta G/h_after; delta+r_old=dF+r_new+released; energy+r_scale_old=dh+r_scale_new+released_scale; F_resident=F_producing+dF; dC=dF F^T+F dF^T+dF dF^T	the transient actual comparison return joins factor/statistic carries to the finite producer reaction and common resident publication	same fixed v79 source/observation/material/partition; e3ad v80 exact causal diagnostic passed: eta=2^-25, all36 factor displacements released, no F/C/work move, normal statistic +3039/32768; original physical/output gate failed, six controls/callers unlaunched; finite Reach l2 gain and code-bits tolerance have no consumed all-future norm/unit join; no step/grain/target/gate change; current complete C/K/D transient return and finite applied-form receipt prepared with all-family normalization/split and actual next-passage dissipation controls; native pending	R:holonics::hnn::physical::contact::ContactPublication; R:holonics::hnn::constitution::BudgetedCarry; R:holonics::hnn::word::continuation::ContinuationReceipt; T:hnn::tests::physical_communication::the_fixed_v79_contact_observation_accounts_for_its_actual_material_and_remainders; N:2026-10-07_ONE_CURRENT_REACHES_THE_CONTACT_RETURN_AND_THE_RECEIVING_BOUNDARY.md	native-checked exact causal account at e3ad; original material/output gate failed	uses:hnn.contact-boundary-continuation; uses:hnn.bound-contact-continuation
hnn.contact-tolerance-gain-scope	contact, constitution, deposition, receiver, receipt	v80 eta=2^-25; gain in [2^18,2^19); b in [2^-1,1); eta*m=3892343875/281474976710656 in [2^-17,2^-16); conditional K*2^(-L-k_m-1)<=epsilon*2^-gamma(m) implies total future reading error<epsilon only with one certified future sensitivity K; saved real cells reconstruct logits exactly, min edge/current bound in [2^9,2^10)	the saved finite squared-power/logit bound joins the real exponent cell at grain16; real grain constancy is conditional on that ray bound, while arithmetic release is neither physical work nor affirmed all-future extinction	exact saved e3ad certificate/v79 same-forward boundary, no new run; epsilon=1/16 code bits per cell, realized as real exponent width; imaginary phases remain separate; common invariant chart/all-word contraction and changing F->FF^T/current/receiver sensitivity owed #62; full nonlinear score second derivatives owed; FACE retention withheld; eta not enlarged; unchanged physical/output gate remains failed	R:holonics::hnn::constitution::StepReading; R:holonics::hnn::constitution::Constitution::certify_steps; R:holonics::hnn::physical::PhysicalReceiver::communicate_contact; D:docs/ELEMENTARY_OBJECTS.md#affirming-extinction; N:2026-10-07_ONE_CURRENT_REACHES_THE_CONTACT_RETURN_AND_THE_RECEIVING_BOUNDARY.md; R:holonics::hnn::receiving::ReceivingRead::of_logits; L:HNN/Ratio:face_constant_on_fibre	exact extraction from native v80; tolerance consumer pending	uses:hnn.contact-deposition-causal-account; uses:receipt.extinction-contraction-certificate; uses:hnn.gamma-kraft
hnn.unresolved-contact-material	contact, constitution, coholon, deposition, receiver, receipt	delta+r_old=q*u+r_new; value_new=value_old+q*u; -u/2<=r_new<u/2; release=0 for Factor(0..2) and FactorScale(0..2); actual rational bits<=B_Theta else typed refusal before publication	the same Constitution retains the whole actual C/K/D direction and normalization aggregate; later admitted deposition/rebase consumes it and the existing held-current contact consumer publishes an explicit unresolved-material receipt	source cacb0d037/v82 fresh library/three guards/57doctests/libtest and three conservation/rebase/budget/different-passage controls accepted; actual factor/scale remainder payload26304 then99970bits; both F/C/work zero while realified waves/current/phase continue; rho is constitutive update residue, not an autonomous propagating wave; actual Word carries directional arrivals/storage/contact/ring state to receiver epochs; no residue-to-radiating-state decoder identified; delayed relevance is intended, no immediate-reactivity or precision redesign demanded; original output gate failed; no all-future kernel, nonlinear/useful output/cold/device credit	L:HNN/LatticeDeposit:div_rem_spec; L:HNN/LatticeDeposit:rem_bounds; R:holonics::hnn::constitution::Carry; R:holonics::hnn::constitution::DepositReading::unresolved_contact_material; R:holonics::hnn::word::continuation::ContactCut::continue_deposited; R:holonics::hnn::physical::PhysicalReceiver::communicate_contact; T:hnn::tests::constitution::unresolved_contact_direction_and_normalization_accumulate_without_release; T:hnn::tests::constitution::unresolved_contact_material_is_refused_atomically_at_the_existing_budget; T:hnn::tests::physical_communication::the_actual_unresolved_contact_return_survives_a_different_physical_passage; N:2026-10-07_ONE_CURRENT_REACHES_THE_CONTACT_RETURN_AND_THE_RECEIVING_BOUNDARY.md	native-checked conservation and continuation at cacb0d037/v82; actual physical/output response unaccepted	uses:hnn.contact-deposition-causal-account; uses:hnn.contact-boundary-continuation; uses:hnn.lattice-deposit
hnn.finite-loaded-contact-gain	holon, contact, parametron, deposition, receiver, tube	Phi_jtau=P_j T_(j-1)...T_(tau+1) S_tau; kappa_a^2=normR^2 p b_a sum_j sum_(tau<j) product_(tau<k<j) gamma_k; b_a=13/(4h^2); p=sum weights_R^2	the exact source-bound contact continuation supplies the existing joint Gauss-Newton selector with a complete finite loaded-field product bound at producing absolute phases	positive wave-chart metric: storage/arrivals, contact u/(hG),w/G, ring u/(hY),w/Y; ring/source/receiver/geometry/clock fixed; all unsigned C/K/D factor rays remain Gram; actual loaded drives/returns and simultaneous junction contrast retained; exact linear unsplit route only; whole resident held, no collapse/release theorem; charted route keeps conditional legacy gain; no eta improvement, global stability, full nonlinear decrease or acquired output claim	R:holonics::hnn::word::finite_gain::FiniteContactSpans; R:holonics::hnn::word::finite_gain::LoadedSpanReading; R:holonics::hnn::word::continuation::ContactCut::continue_deposited; R:holonics::hnn::constitution::Constitution::deposited_with_contact_spans; L:Holon/Deposition:station_tick_gain; L:Holon/Deposition:span_transport_compose; N:2026-10-07_ONE_CURRENT_REACHES_THE_CONTACT_RETURN_AND_THE_RECEIVING_BOUNDARY.md	proved-derived finite bound; source-prepared consumer, native pending	uses:hnn.loaded-ring-stage, uses:hnn.bound-contact-continuation, uses:holon.joint-step, uses:holon.square-ray-move
hnn.held-contact-material-variation	holon, constitution, contact, navigator, receiver, coholon, deposition, tube	J_next=T J+b; J_open=Pi_int J_carry; g=g_currentWord+J_open^T mu_open; C_plus dw_plus=C_minus dw_minus+dC_minus w_minus-dC_plus w_plus; J_plus=H_jet J_minus P^-1, declared realized factor translation P=I	the actual continuing receiver binds current+delayed reached covectors to its source-owned ContactCut, performs native C/K/D deposition at held canonical momentum, and retains the rebased full material differential in the common Resident for subsequent observations	bounded complete exact unsplit Words; full raw C/K/D Gram-factor columns and current/opening covectors; unchanged source/receiving/pump/reference charts; fixed prospective initial configuration and explicit realized increments held as controls; canonical momentum and full-state rebase; R-only same-crossing publication preserves all physical operators, columns and clocks; no inference/learner-policy/remainder/jump derivative; finite loaded min(triangle, actual-block Schur) transport/Gauss-Newton proposal does not certify full or historical finite score decrease; second response includes actual RHS and second opening variation and remains owed; nonidentity singular storage/parameter charts, save/release/rekey/cold/device futures need their own transport; v111 source144184680 compiled and nine controls pass, seven correlated passages complete with two R movements/three delayed comparisons/zero C/K/D movement against required at least two, operation gate FAILED; successor observer/action/loaded-block joins source prepared and unrun; no holdout/useful/acquisition credit	R:holonics::hnn::word::variation::HeldContactVariation; R:holonics::hnn::word::variation::HeldContactComparison; R:holonics::hnn::prediction::physical_signed_tick; R:holonics::hnn::propagation::transit_variation; R:holonics::hnn::port::Word::pull_back_full; R:holonics::hnn::physical::PhysicalReceiver::communicate_contact; R:holonics::hnn::reference::Resident::begin_held_contact_variation; R:holonics::hnn::reference::Resident::begin_continuing_contact_variation; R:holonics::hnn::word::variation::ReachedContactMetric; R:holonics::hnn::word::variation::HeldContactVariation::rebased; R:holonics::hnn::physical::contact::HeldContactPublication; T:hnn::tests::physical_communication::held_contact_variation_returns_the_delayed_full_state_credit; T:hnn::tests::physical_communication::held_contact_variation_refuses_untransported_future_without_clearing_it; T:hnn::tests::physical_communication::continuing_contact_comparison_deposits_and_rebases_without_resetting_delayed_credit; N:2026-10-07_ONE_CURRENT_REACHES_THE_CONTACT_RETURN_AND_THE_RECEIVING_BOUNDARY.md; R:research/notebook/hnn_design/hnn_continuing_behavior.rs:run; R:research/notebook/hnn_design/hnn_prediction.rs:executed continuing-behavior; R:holonics::hnn::word::variation::HeldContactVariation::rebound_receiving; R:holonics::hnn::reference::Resident::publish_receiving_translation; N:2026-10-08_A_PREPARED_SOURCE_PORT_MEETS_AN_ACTUAL_RECEIVER_AND_RETURNS_ITS_OBSERVED_FACE.md	v111 nine mechanical controls pass; zero actual factor displacements, original operation gate failed; successor source-prepared and native-unrun	uses:hnn.word-variation-exact; uses:hnn.reception-carry; uses:hnn.common-circuit-current; uses:hnn.bound-contact-continuation
hnn.prepared-native-action-observed-return	holon, constitution, navigator, pair, receiver, receipt, coholon, deposition, tube	y(u)=y(0)+R P A I B u; control=u0+ker L or annihilator; a=e+Y^-1 f, b=e-Y^-1 f, e.f=sum Y(a²-b²)/4; reached R return=p_tilde-q_tilde with phase -q_tilde*(phi_q-phi_p)/2	the same retained PhysicalReceiver prepares a unique whole control, interleaves native full ticks with actual two-participant Robin steps, installs each actual b at source storage before next tick, returns actual observed face through that conditional producing Word to R, and preserves both participant states	first exact unsplit quadratic identity chart, zero initial source phase frame, one nonloaded source/one future, full chart/source Arc/clock/support; actual wave boundary work=-World port work in native balances; Resident owns World law/current/clock; conditional fixed-boundary R partial only; plural fibre/obstruction holds and general alternative/probe selection open; no teacher/answer lookup/minimum-norm point; actual failed physical residue retained; HNN-only held J plus World, unsupported save/other views refuse before mutation; raw-factor station diagnostic is a separate point chart, no full coupled derivative/finite decrease; whole scientific runner World+J protocol unadmitted; v113 type/9mechanics pass; scoped quiet source-E request out of image (L4x2 rank2, augmented3),0/2encounters; goal/retained-alternative/probe-square missing	R:holonics::hnn::physical::PhysicalReceiver::prepare_action; R:holonics::hnn::physical::action::PreparedPhysicalAction::encounter; R:holonics::hnn::word::Word::prospective_port_preparation; R:holonics::hnn::word::action::ProspectiveControl; R:holonics::hnn::physical::action::BoundJointWorld; R:holonics::hnn::word::Word::return_observed_receiving; R:holonics::hnn::reference::Resident::publish_receiving_translation; R:research/notebook/hnn_design/hnn_continuing_behavior.rs; T:native_action_return::an_actual_world_face_changes_r_then_the_later_native_prospect; T:native_action_return::a_held_preimage_or_foreign_clock_changes_neither_actual_participant; N:2026-10-08_A_PREPARED_SOURCE_PORT_MEETS_AN_ACTUAL_RECEIVER_AND_RETURNS_ITS_OBSERVED_FACE.md; R:holonics::hnn::word::Word::return_source_wave; T:native_action_return::actual_prior_world_history_changes_native_carry_and_matched_later_choice	implemented-exact; v113 compile/9mechanics PASS; original scoped action obstructed, architecture/product gate open	uses:hnn.held-contact-material-variation; uses:hnn.physical-communication; uses:hnn.common-circuit-current; uses:hnn.reception-carry; uses:navigator.action-consequence; uses:release.probe-partition
hnn.paired-observed-receiving-face	ratio, receiver, face, coholon	Re covector=p_tilde-q_tilde; Im covector=-q_tilde*(phi_q-phi_p)/2; unobserved region covector=0	a producing native complex face and actual observed complex face share grain/class chart and retain their open phase, exact mass face, rational odometer mass and winding; the complete declared comparison reaches the native receiving normal law	actual same chart/clock transport belongs to the encounter owner; equal class count alone is no chart certificate; code length is the observed odometer-weighted exterior enclosure, not universal/full finite score descent; absent/zero comparison contributes no normal sample; a request/class leader is not the observed target; old categorical HolonRatio remains intact	R:holonics::hnn::ratio::ReceivingFaceRatio; R:holonics::hnn::word::action_return; T:native_action_return::paired_actual_faces_keep_mass_phase_and_unobserved_regions; N:2026-10-08_A_PREPARED_SOURCE_PORT_MEETS_AN_ACTUAL_RECEIVER_AND_RETURNS_ITS_OBSERVED_FACE.md	source-prepared; native control unrun	uses:hnn.prepared-native-action-observed-return
hnn.contact-station-response	holonic comparison, constitution, pair, receiver, coholon	A=partial(realified receiving logits)/partial(raw C/K/D factors); A^T g=current+delayed adjoint; max column norm squared<=norm(A)^2<=min(Schur,Frobenius,spectral squared)	existing held-column advancement captures actual station rows and contact comparison checks their transpose against its independently reached full covector	full current/source/material/R/clock/forcing, transient predeclared matrix budget; point coordinate chart, not physical storage or local RHS stream; no finite-ray or second-variation certificate; World future unsupported	R:holonics::hnn::word::variation::gain; R:holonics::hnn::physical::PhysicalReceiver::communicate_contact; T:forward_station_rows_match_the_full_current_and_delayed_adjoint	implemented-exact; v113 all8rows/12columns native adjoint control PASS; point chart only	uses:hnn.held-contact-material-variation
hnn.receiving-phase-family	receiver, ratio, coholon, deposition	J(V)=Σ_c (1/8)(v_cᵀS_c v_c − 2v_cᵀm_c + s_c); S_c=Σ w q_c x xᵀ, m_c=Σ w q_c t_c x, s_c=Σ w q_c t_c² (t_c=2φ̂_c lifted); F_τ={Σ_c (1/8)(v_c−v̂_c)ᵀA_c(v_c−v̂_c) ≤ τ}, A_c=S_c+2^k I, v̂_c=A_c⁻¹m_c; E(x)={y: Σ_c (y_c−ȳ_c)²/(2ℓ_c) ≤ τ}, ȳ_c=v̂_cᵀx/2, ℓ_c=xᵀA_c⁻¹x; at the same x ℓ′_c=ℓ_c/(1+w q_c ℓ_c)	the receiving law's phase comparison is exactly quadratic in its phase rows, so per-class sums are its sufficient statistic (no sample kept); the declared family at tolerance τ has an exact image at a feature and meets exactly the half-open lifted arc blocks at grain 1/L decided on squares, with two feasible witnesses	identity chart; lifted phases as compared (unreduced gap); prior ridge 2^k I a declared convention, not a deposited loss; τ=ε_bits·Σ w·#{q>0} a declared cumulative convention; inner declared family: no probability, information, truth inclusion, nesting or shrink; absorbed in the deposit's own successor (a refused deposit absorbs nothing); one station image (joint multi-station image owed); an unreached class's S_c and m_c are the exact zero and not stored (founding K+1 rationals; checkpoint writes reached classes only); queue compile pending; Lean owed (#62)	R:holonics::hnn::phase_family::PhaseStatistics; R:holonics::hnn::phase_family::PhaseFamily; R:holonics::hnn::phase_family::PhaseImage; R:holonics::hnn::constitution::NormalLaw::phase_statistics; N:2026-10-08_THE_RECEIVING_PHASE_COMPARISON_RETAINS_AN_EXACT_FAMILY_AND_ITS_PROBE_IS_A_DECLARED_LEVERAGE.md	definition	uses:hnn.paired-observed-receiving-face,uses:release.leverage-probe,uses:receipt.retention-contract
hnn.soft-face-masses	receiver, ratio, deposition	g_Re=q−p̃; carried p̃ read when a distribution over the covector's classes, else refused; uncarried p̃=e_t−g_Re (one-hot reconstruction); q=p̃+g_Re	a soft observed face carries its own odometer masses, so the class metric, the Fisher face, the located prior and the phase statistics read the face's p̃; the one-hot reconstruction is exact only for a one-hot target and misreads a soft one (p̃=(½,½), q=(⅔,⅓) read as (⅚,⅙))	the action return carries p̃ from the same ReceivingFaceRatio; the one-hot text path unchanged; Deposit::bits counts the carried masses; queue compile pending	R:holonics::hnn::constitution::Sample; R:holonics::hnn::constitution::face_masses; R:holonics::hnn::word::action_return	definition	uses:hnn.paired-observed-receiving-face,uses:receiver.fisher-certificate
hnn.receiving-certified-alignment	receiver, ratio, deposition, coholon	a=Σ_t w⟨q−p̃, Δ_t⟩, Δ_t=D f_t; |⟨p−p̃, Δ⟩| ≤ (K−1)Σ_c p̃_c|Δ_c−Δ_s| ∀s, K=2/(e ln 2)<17/16 at the grain representative; a_cert=a−(1/16)Σ_t|w_t| min_s Σ_c p̃_tc|Δ_tc−Δ_ts|; map step certified only when a_cert>0 and ηC ≤ a_cert	the receiving deposit certifies descent of the smooth score at the grain representative, whose linear term is the smooth face's; the odometer covector's misreading is taken off the alignment for any target, and an uncertified alignment refuses the map's step (Gram and chart still move) rather than advertising a descent	magnitude rows only (the phase comparison is exactly quadratic); a negative alignment keeps the certificate's existing refusal; face masses unread ⇒ refused; step sizes only shrink, regressions re-measured; the Fisher face's 119/80 is the constant at the representative (checked, unchanged); Lean composition for a soft target owed (#62); queue compile pending	R:holonics::hnn::constitution::Constitution::deposited; L:HNN/Ratio/Resolution:odometer_mismatch_le; L:HNN/Ratio/Resolution:two_rpow_ge_chord; L:HNN/Ratio/Certificate:codeLength_add_le_odometer	proved-derived	uses:receiver.fisher-certificate,uses:receiver.odometer-pairing,uses:hnn.soft-face-masses
hnn.native-ask-probe	receiver, receipt, ratio, tube, navigator	x(u)=x₀+J u at the compared station (R x₀=baseline, R J=response); admitted u∈2^(−j)ℤ^m with P(m+Bu)−P(m) ≤ E; offer argmax_u Σ_c ℓ_c(x(u)) among u whose phase image meets ≥2 blocks (ties: least u); release (within Hold, beyond Ask)	the action path asks through the existing release law for the admitted source wave whose native phase readout best distinguishes the declared phase family, executes it as one actual World encounter through the shared execution, and reads the actual face's block against the native prediction	one source, one compared station, identity chart, at-rest navigator lift; full-column-rank B; declared enumeration capacity refuses, never truncates; native readout prediction only (the World's reflected return is not modelled): a miss is falsification, never containment; no Act; queue compile pending	R:holonics::hnn::word::Word::prospective_feature; R:holonics::hnn::word::action::ProspectiveFeature; R:holonics::hnn::physical::action::AdmittedWaves; R:holonics::hnn::physical::action::PreparedPhysicalProbe; R:holonics::hnn::physical::action::PhaseDiscrepancy; N:2026-10-08_THE_RECEIVING_PHASE_COMPARISON_RETAINS_AN_EXACT_FAMILY_AND_ITS_PROBE_IS_A_DECLARED_LEVERAGE.md	definition	uses:hnn.receiving-phase-family,uses:release.leverage-probe,uses:hnn.prepared-native-action-observed-return
hnn.zero-founding-inert	constitution, deposition, ratio	∂⟨g, R E x⟩/∂E = Rᵀ g xᵀ,  ∂⟨g, R E x⟩/∂R = g (E x)ᵀ;  R = E = 0 ⇒ no covector reaches either;  R₀ = 0, E₀ ≠ 0 ⇒ R moves at the first deposit, E from the second;  a longer chain: the covector at a factor is the product of the others, so two zero factors silence every factor	a chain of maps carries a covector to every factor only when at most one factor is zero, so the all-zero founding is inert and a task-neutral nonzero port is the kickstart	linear chains; campaign one's declared founding	N:2026-10-09_A_PROVISIONAL_FOUNDING_IS_A_REVISABLE_FIRST_KEY_AND_ITS_CONSTITUENTS_MERGE_BY_A_SQUARE_AND_SPLIT_ONLY_WHERE_THE_FINER_FACE_WAS_KEPT.md; R:holonics::hnn::constitution::Constitution::initial	proved-standard	uses:info.learning-covector
hnn.world-model-filter	receiver, key, holon, receipt	ξ⁺ = F_t ξ + G_t a,  b = P_t ξ + Q_t a  (unit columns of the key's prepare_commit under the World's Robin coupling);  fibre c + N k;  (P N) h = b − P c − Q a, h ∈ h₀ + span K ⇒ c ← F(c + N h₀) + G a,  N ← F N K (rank-factorized);  no preimage ⇒ Incompatible(w): wᵀ P N = 0,  ⟨w, b − P c − Q a⟩ ≠ 0;  chart or carrier refusal ⇒ Held(last certified fibre, certified cut)	the World model keeps, for each declared key of the HNN's own kind, the exact affine fibre of states that reproduce every actual (a, b); only an exact annihilator eliminates a key, and the memory advances with every executed World step	midpoint port Holon keys without a loaded parametron, on the source ring's width and admittance and the field step; fixed keys (no learning through the model); native scoped checks passed at 0a7fa87a4	R:holonics::hnn::physical::action::WorldModel; R:holonics::hnn::physical::action::ModelKey; R:holonics::hnn::physical::action::KeyState; N:2026-10-08_THE_RECEIVING_PHASE_COMPARISON_RETAINS_AN_EXACT_FAMILY_AND_ITS_PROBE_IS_A_DECLARED_LEVERAGE.md	definition	uses:info.preimage-fibre,instance-of:key.consistent-fibre
hnn.world-model-return-image	receiver, key, holon, navigator	b_(T+j) = P_(T+j) Φ_j (c + N k) + Σ_(i<j) P_(T+j) F_(T+j−1)⋯F_(T+i+1) G_(T+i) a_(T+i) + Q_(T+j) a_(T+j),  Φ_j = F_(T+j−1)⋯F_T,  Φ_0 = 1;  constant material: the free response at the t-th future step is P F^(t−1) ξ_T	a live key's return image over a declared future incident word is its free response plus the word's forced response, one k moving every step: a correlated fibre, never a product of per-step sets	a declared word only: in an actual encounter each later incident wave depends on the returns through the native source (C2's finite forward cover owed); held and incompatible keys refused	R:holonics::hnn::physical::action::WorldModel::predict; R:holonics::hnn::physical::action::ReturnImage; N:2026-10-08_THE_RECEIVING_PHASE_COMPARISON_RETAINS_AN_EXACT_FAMILY_AND_ITS_PROBE_IS_A_DECLARED_LEVERAGE.md	definition	uses:hnn.world-model-filter,uses:hnn.joint-not-marginals
receipt.section-nonlinear-return	receipt, receiver, compression	q and p linear; s1 and s2 arbitrary sections; R arbitrary complex receiving face: R(x)=R(s1(s2(p(qx))))+defect(R,s1,x)+defect(R∘s1,s2,qx)	the lower pivot return is read through the first section at the contemporary source; it includes the mixed term	two actual sections, no receiving-face linearity	L:Foundation/SectionResidual:exact_receiver_defect; L:Foundation/SectionResidual:two_level_receiver_defects; L:Foundation/SectionResidual:linear_receiver_defect	formal-checked; exact canonical owner source and importing consumer accepted with standard axioms	uses:receipt.section-residual
receipt.positive-future-read-form	receipt, navigator, receiver, compression	W = Σᵢ LᵢᵀQᵢLᵢ, Lᵢ = CᵢΦᵢ; xᵀWx = Σᵢ(Lᵢx)ᵀQᵢ(Lᵢx); Qᵢ ≻ 0 ⇒ zero score iff every declared future read is zero; actual source future agreement iff all finite-horizon scores of its moment difference vanish	positive future reception tests the existing source quotient without releasing a currently silent future-visible mode	commutative ordered ring with trivial star, additive order compatibility, finite declared reads and positive receiver metrics; source consumer over a field; finite truncation needs existing horizon certificate	L:Foundation/CausalChord:futureReadForm_pairing; L:Foundation/CausalChord:futureReadForm_zero_iff; L:Objects/SourceHolon:matrixReader_futureAgreement_iff_zero_futureReadScore; D:research/records/2026-10-06_A_CURRENTLY_HIDDEN_MODE_CAN_REACH_A_FUTURE_RECEIVER.md	formal-checked; exact CausalChord/SourceHolon owners and independent importer accepted in terminal v26	uses:navigator.moment-minimal-iff-observable, uses:compression.finite-horizon-kernel, uses:receipt.causal-chord-transfer
hnn.paired-carrier-admission	parametron, contact, key, constitution	F∘F = id;  F(F(i)+1) = i−1 ⇔ F P F = P⁻¹ ⇔ F(i) = F(0) − i (mod d);  (B v)[2F(i)+r] = v[2i+r],  B² = I,  B P B = P⁻¹ ⇒ B Pᵏ = P⁻ᵏ B, (B Pᵏ)² = I;  σ∘σ = id, σa ≠ a on an even family (or the free swap of two disjoint roles; 1, 3 and 15 pairings on 2, 4 and 6 classes);  B E = E Σ_σ ⇔ E e_(σa) = B E e_a for every column a of the family (then E e_a = E e_b ⇒ E e_(σa) = E e_(σb))	a ring's reflector is a dihedral reflection of its rotor exactly when it is i ↦ c − i; its realified lift B then inverts the rotor on the carrier, and a typed class pairing is carried by the source port exactly where the port is equivariant, checked column by column with the first failing column named; five classes admit no pairing and the founded sign matrix is not equivariant	d ≥ 2; Ring::declare checks only F² = id and is not tightened; the pairing is an even admitted class family or two disjoint role families, never a change of the common alphabet; E_g exact over ℚ, 2d × |A|; the property is a state of the port, not of the carrier: a deposit (hnn::executed::pair_deposit) moves a located pair's consequence column only, while equivariance asks the column of its dyad image's partner to move by B of that (the slip of a reversed pair, read by the reversal law of hnn.paired-deposit), so every read re-certifies the port it reads	L:Transport/HelicalCode:dihedral_swap; L:Transport/HelicalCode:dihedral_reflection_sq; L:Transport/HelicalCode:dihedral_conj; R:holonics::hnn::paired::PairedCarrier::admit; R:holonics::hnn::paired::PairedCarrier::certify; R:holonics::hnn::paired::PairedCarrier::lift; R:holonics::hnn::paired::reflector_defect; R:holonics::hnn::paired::PairingDeclaration::resolve; D:docs/ELEMENTARY_OBJECTS.md#the-helical-code-how-holons-encode; N:2026-10-08_THE_HELICAL_CODE_IS_HOW_HOLONS_HOLARCHIES_EPOCHS_AND_AEONS_ENCODE.md	proved-derived	uses:helical.dihedral-frames, uses:helical.complement-reverse, uses:hnn.ring-clock
hnn.paired-partner-face	parametron, contact, key, navigator, receipt	phase counted after the step: letter k of a unit-tick passage opened at phase s sits at s+k+1;  M′[t][c] = M[c₀ − t][σc],  c₀ = s + s′ + n + 1 (mod d),  n′ = n,  ν̂(n′) = ν̂(n);  m̃(σ̄u) = B P^(c₀) m̃(u);  s(0)(σ̄u) = B P^(−(n−1)) s(0)(u);  (B Pᵏ)² = I	the partner strand's source moment is the dyad image of the strand's phase counts (reflect the phase, complement the class), so its face read through the actual encode and open_storage is the strand's face half-turned by B Pᵏ: a pure check at the retained quotient of this undamped carrier, with exact residual zero where the read is admitted and a typed refusal where normalization or rounding would break it (leaky counts, a transport below one, pair ports, a located or reframed moment)	unit tick certified from the field (every family class fits the source ring's lock; no earlier ring has a lock, so none carries); one source ring; modulus one; no declared pair offsets (the oriented pair port's reversal law is owed); one ingest-only passage; the current source port equivariant (re-certified per read); redundancy, not information: damping alone establishes none and B U B = Uᵀ only in a declared Euclidean carrier (no metric claim); letter-selected screws need J S_a J = S_(σa)⁻¹ (owed)	L:Transport/HelicalCode:strandFace_complementReverse_nat; L:Transport/HelicalCode:face_complementReverse; L:Transport/HelicalCode:partner_map_involutive; R:holonics::hnn::paired::PairedCarrier::partner_face; R:holonics::hnn::paired::PairedCarrier::partner_moment; R:holonics::hnn::paired::PairedCarrier::half_turn; R:holonics::hnn::moment::SourceMoment::dyad; D:docs/ELEMENTARY_OBJECTS.md#the-helical-code-how-holons-encode; N:2026-10-08_THE_HELICAL_CODE_IS_HOW_HOLONS_HOLARCHIES_EPOCHS_AND_AEONS_ENCODE.md	proved-derived	specializes:helical.partner-face, uses:hnn.paired-carrier-admission, uses:hnn.encoder-moment-contract, uses:hnn.phase-binned-moment
hnn.paired-deposit	deposition, contact, key, parametron	B E₀ = E₀ Σ,  B E = E Σ,  B P = P⁻¹ B  ⇒  B Pᵏ = P⁻ᵏ B  and  B Δ_y = P^(−δ) E₀ e_(σy) − (E − E₀) e_(σf(y)) =: Δ^R  (the pair-port reversal law);  reads (+δ, (y, f(y))) and (−δ, (σy, σf(y))), each a sample (e_x, Δ, weight 1) of one certified step;  B G = G Σ and X̂ Σ = Σ X̂ ⇒ B (G X̂) = (G X̂) Σ ⇒ B (E + η G X̂) = (E + η G X̂) Σ;  Σ² = 1 ⇒ (X̂ + Σ X̂ Σ) Σ = Σ (X̂ + Σ X̂ Σ);  Σ² = 1, Σ H = H Σ ⇒ 1 − ½(X̂ + Σ X̂ Σ) H = ½(1 − X̂ H) + ½ Σ(1 − X̂ H)Σ, so ‖Σ‖∞ ≤ 1 and ‖1 − X̂H‖∞ ≤ δ ⇒ ‖1 − ½(X̂ + Σ X̂ Σ) H‖∞ ≤ δ;  on the equivariant subspace |Δ^R| = |Δ_y|, so the paired slip is twice the forward one and the deposit descends it within the subspace;  every route on a paired source law: Π_V(G) e_a = ½(G e_a + B G e_(σa)) on the family, ΔH_s = ½(ΔH + Σ ΔH Σ), X̂_s = ½(X̂ + Σ X̂ Σ) exactly on the coarsest lattice holding the mean, D = Π_V(G) X̂_s ∈ V;  ⟨G, D⟩ = ⟨Π_V G, D⟩ and tr(D F Dᵀ) = tr(D F_s Dᵀ) for B D = D Σ;  W′H′ − (WH + W F_s + η G_s) = −η G_s(1 − X̂_s H′) + W c_H + c_W H′;  E₀ = founding_prior = the declared port completed by the law's symmetry	a located pair is learned on both strands of the duplex at once: its dyad image, read against the clock by its own law, enters the same certified step, so the source port stays equivariant and the partner face stays exact; where the located law asks a column for a content the pairing forbids, the slip that remains is the law's incompatibility with the pairing; a source law that declares the pairing projects every deposit onto the paired subspace, from the covectors that reached it with no added datum, so the port stays equivariant on every route (pair deposits, the comparison's general route), and every slip reader reads one founding prior	port and prior equivariant (certified before the deposit) and the successor re-admitted after it; located classes in the family; the slip reads the rotor alone, so P^(−δ) is exact at every modulus; the chart commutes on pair features (unit columns from H₀ = 2^k I); features with no mass outside the family (else refused, PairedOutside); a paired law is placed only at its founding and admitted whole at founding and restore (map and remainders on the subspace, Gram, remainders and chart commuting with Σ, support closed), never repaired; Π_V is the orthogonal projection of this realified Euclidean chart (another metric needs its transported adjoint); the projection keeps the port's constraint, not the carrier's other conditions or a participating world's symmetry; the card mirror declines a paired law (#76)	L:HNN/PairedDeposit:lift_pow; L:HNN/PairedDeposit:reversal_identity; L:HNN/PairedDeposit:mul_commuting_stays; L:HNN/PairedDeposit:deposit_stays_equivariant; L:HNN/PairedDeposit:symmetrized_commutes; L:HNN/PairedDeposit:symmetrized_residual; L:HNN/PairedDeposit:symmetrized_rowNorm_le; L:HNN/PairedDeposit:projection_equivariant; L:HNN/PairedDeposit:projection_pairing; L:HNN/PairedDeposit:projection_quadratic; R:holonics::hnn::paired::PairedCarrier::deposit; R:holonics::hnn::executed::pair_deposit; D:docs/ELEMENTARY_OBJECTS.md#the-helical-code-how-holons-encode; N:2026-10-08_THE_HELICAL_CODE_IS_HOW_HOLONS_HOLARCHIES_EPOCHS_AND_AEONS_ENCODE.md; R:holonics::hnn::paired::PortSymmetry; R:holonics::hnn::paired::PairedCarrier::found; R:holonics::hnn::constitution::NormalLaw::symmetry; R:holonics::hnn::constitution::founding_prior	proved-derived	uses:hnn.pair-deposit, uses:hnn.paired-carrier-admission, uses:hnn.paired-partner-face, uses:holon.certified-step
receipt.embedding-future-read-quadrance	receipt, receiver, compression, navigator	d²_N(u, u′) = (m(u) − m(u′))ᵀ W_N (m(u) − m(u′)),  W_N = Σ_(k<N) (C U^k)ᵀ Q (C U^k);  d²_N = 0 ∀N ⇔ futureAgreement(u, u′);  √(xᵀWx) a seminorm, a metric on X/ker W	an embedding's distance is how differently the admitted receivers read two encoded faces now and later; its zero set is the future kernel, so the embedding is the quotient by that kernel, never an attached vector space	Q ≻ 0; real or rational chart (trivial star); a declared finite future	N:2026-10-09_AN_EMBEDDING_IS_THE_RECEIVERS_FUTURE_READ_FORM_ON_THE_ENCODED_FACE_NOT_AN_ATTACHED_SPACE.md; L:Foundation/CausalChord:futureReadForm_zero_iff; L:Objects/SourceHolon:matrixReader_futureAgreement_iff_zero_futureReadScore	definition	uses:receipt.positive-future-read-form, uses:compression.kernel-greatest-invariant
receipt.future-read-gap-truncation	receipt, receiver, constitution	W v = λ H v, λ_1 ≥ λ_2 ≥ …, v_i H-orthonormal;  x ⊥_H span(v_1, …, v_k) ⇒ xᵀ W x ≤ λ_(k+1) · xᵀ H x	a coarse receiver that keeps the k leading future-read directions loses at most λ_(k+1) of each remaining direction's storage; a gap λ_k > λ_(k+1) is a horizon-qualified grain, not membership in the kernel	W ⪰ 0, H ≻ 0 symmetric; eigenvalues read as constraint identities with exact enclosures	N:2026-10-09_AN_EMBEDDING_IS_THE_RECEIVERS_FUTURE_READ_FORM_ON_THE_ENCODED_FACE_NOT_AN_ATTACHED_SPACE.md	proved-standard	uses:receipt.positive-future-read-form, uses:receipt.embedding-future-read-quadrance
receipt.retraversal-is-motion	receipt, deposition, aeon	a pass with no committed deposit: Θ_after = Θ_before;  the pass moves only the carried current and the clocks;  equal (Θ, current, clocks) and equal declared inputs (any supplied noise realization included) ⇒ equal admitted future faces and equal charged work	re-traversing terrain without a deposit is motion, not retention or learning; two passes that differ on equal declared state reveal a cache outside the declared state	the HNN resident: deposition is the only constitution change, no wave outlives its Word	N:2026-10-09_NOISE_BECOMES_MUSIC_BY_ONE_REFINEMENT_WHOSE_CONSTRAINT_NAMES_THE_APPLICATION_AND_RE_TRAVERSAL_IS_MOTION_OVER_TERRAIN.md; L:Foundation/Standing/Law:futureAgreement_of_retain_eq	proved-derived	uses:receipt.standing-law, uses:resolvent.cache-validity
