rh.zero-pair-lock-power	contact, landmark	P(σ,γ) = ⟨(1,1)| M_face(J(ξ_ρ, ξ_{1−ρ̄})) |(1,1)⟩ = (2σ−1)², ξ_ρ=(σ,γ,0), ξ_{1−ρ̄}=(1−σ,γ,0)	the power of the reflected zero pair, advanced together on the isotropic unit face, is the squared advance defect	σ,γ∈ℚ; isotropic unit face; algebraic locus only, locates no zero	L:RH/ZeroPairLock:reflectedPairPower_eq	formal-checked	instance-of:contact.power, uses:pair.helical-power
rh.zero-pair-lock-foster	contact, parametron, landmark	P(σ,γ)=0 ⇔ σ=½ ⇔ ∃L>0, L_Foster(ρ−½)=L	the pair locks exactly on the seam, which is exactly where the Foster tank of ρ′=ρ−½ is lossless	σ,γ∈ℚ, γ≠0	L:RH/ZeroPairLock:reflected_pair_locked_iff_on_seam; L:RH/ZeroPairLock:locked_iff_foster_inductance_positive; D:docs/ELEMENTARY_OBJECTS.md#the-targets	formal-checked	uses:rh.zero-pair-lock-power, uses:rh.foster-inductance-seam, instance-of:parametron.ising-lock
rh.foster-pair-tank	parametron, landmark	1/(z−ρ) + 1/(z−(1−ρ)) = 2(z−½)/((z−½)²−(ρ−½)²) = w·L/(w²LC+1), w=z−½, C=½, L=−2/ρ′²	a reflected zero pair is the impedance of one parallel LC tank	z≠ρ, z≠1−ρ, ρ′=ρ−½≠0	L:RH/FosterTanks:pair_eq_tank; L:RH/FosterTanks:tank_eq_parallel_LC	formal-checked	instance-of:parametron.lc-exchange
rh.foster-inductance-seam	parametron, landmark	∃L∈ℝ, L>0 ∧ L_F(ρ′) = L ⇔ Re ρ′ = 0 ∧ ρ′≠0, with L_F(ρ′) = −2/ρ′², C_F = ½	the Foster inductance of a zero tank is a positive real exactly when the zero sits on the seam	ρ′=ρ−½∈ℂ	L:RH/FosterTanks:inductance_pos_real_iff	formal-checked	instance-of:parametron.lc-exchange, uses:rh.foster-pair-tank
rh.foster-seam-resonance	parametron, landmark	ρ′=iγ ⇒ L_F = 2/γ², and (L_F·C_F)^{−1/2} = (2/γ² · ½)^{−1/2} = γ	a seam tank resonates at the zero's height	γ>0	L:RH/FosterTanks:seam_tank_resonance	formal-checked	instance-of:parametron.lc-exchange, uses:rh.foster-inductance-seam
rh.foster-paired-flux	parametron, landmark, receiver	Σ_{ρ∈Z} m_ρ/(z−ρ) = Σ_{ρ∈Z} m_ρ (z−½)/((z−½)²−(ρ−½)²)	a reflection-closed finite comb reads as a sum of tank impedances	Z finite, 1−ρ∈Z and m(1−ρ)=m(ρ) for ρ∈Z, z∉Z	L:RH/FosterTanks:flux_eq_tankSum	formal-checked	uses:rh.foster-pair-tank
rh.foster-form-finite	parametron, landmark, receiver	‖ξ′/ξ(z) − Σ_{ρ∈Z} m_ρ (z−½)/((z−½)²−(ρ−½)²)‖ ≤ 16(B_r + N_r log 2)/r on |z−½|≤r/8, with N_r ≤ log(M_r/|ξ(½)|)/log(3/2)	FT0: on every centred disc ξ′/ξ is a finite Foster tank sum plus Landau's remainder, with Jensen's count of tanks	r>0; ξ(z)≠0; unconditional	L:RH/FosterTanks:exists_paired_foster_form'; L:RH/FosterTanks:exists_paired_foster_form_fixed	formal-checked	uses:rh.foster-paired-flux, uses:rh.landau-lemma, uses:rh.jensen-counts-comb
rh.foster-class	parametron, landmark	FosterClass f A B σ :⇔ f entire, f(1−s)=f(s), f(½)≠0, ‖f(w)‖ ≤ A·exp(B‖w‖^σ), 0<σ<2	the class of symmetric entire sources of order below two on which every Foster law holds		L:RH/FosterClassLandau:FosterClass	definition	uses:rh.foster-pair-tank
rh.foster-class-finite-form	parametron, landmark, receiver	∃ symmetric factorization Z on B(½,r): count(Z) ≤ log(jensenM/‖f(½)‖)/log(3/2) ∧ ‖f′/f(z) − Σ_Z m_ρ (z−½)/((z−½)²−(ρ−½)²)‖ ≤ landau(f,A,B,σ,r)	FT0 for every member of the Foster class with the class's own constants	FosterClass f A B σ; r>0; |z−½|≤r/8; f(z)≠0	L:RH/FosterClassLandau:exists_paired_foster_form	formal-checked	generalizes:rh.foster-form-finite
rh.foster-count	landmark, receiver	N(R) ≤ K·R·log R (R≥3) for ξ; N_f(R) ≤ K₁ + K₂(½+2R)^σ for a Foster-class f	the zero count of a centred disc grows at most like R log R (order one)	unconditional	L:RH/FosterCount:count_le; L:RH/FosterClassCount:count_le	formal-checked	uses:rh.jensen-counts-comb
rh.foster-convergence-exponent	landmark	Σ_ρ m_ρ/|ρ−½|² < ∞, by dyadic shells 2^k≤|ρ−½|<2^{k+1} weighted 4^{−k} with ratio 2^{σ−2}<1	the zeros have exponent of convergence at most two, so the paired product converges	ξ, or FosterClass f with σ<2	L:RH/FosterCount:summable_inverse_square; L:RH/FosterClassCount:summable_inverse_square	formal-checked	uses:rh.foster-count
rh.foster-product	parametron, landmark	P(z) = ∏′_{i∈Idx} (1 − ((z−½)/(u_i−½))²), P entire, P(1−z)=P(z), P(z)=0 ⇔ z a zero	the paired canonical product of the zeros is entire, reflection symmetric and vanishes exactly on the zeros	Idx = zeros repeated by multiplicity	L:RH/FosterProduct:differentiable_P; L:RH/FosterProduct:P_symm; L:RH/FosterProduct:P_ne_zero; L:RH/FosterClassProduct:differentiable_P	formal-checked	uses:rh.foster-convergence-exponent
rh.foster-series	parametron, landmark	P′/P(z) = Σ′_{i∈Idx} 2(z−½)/((z−½)²−(u_i−½)²)	FT2: the log-derivative of the paired product is the convergent Foster series, each pair a tank counted from both members	z not a zero	L:RH/FosterProduct:logDeriv_P; L:RH/FosterClassProduct:logDeriv_P	formal-checked	uses:rh.foster-product, uses:rh.foster-pair-tank
rh.foster-split-defect	parametron, landmark, receiver	2ξ′/ξ − P′/P = 2g′/g − tail′/tail =: F_R, analytic on B(½,R/2), ‖F_R‖ ≤ 2·landau(R) + (R/2)·tailInvSq(R) on B(½,R/8)	FT3(i): on a disc the product splits into the half-disc polynomial and a nonvanishing tail, and the log-derivative defect is analytic and bounded	R>0	L:RH/FosterSplit:norm_F_le; L:RH/FosterClassSplit:norm_F_le	formal-checked	uses:rh.foster-series, uses:rh.landau-lemma
rh.hadamard-foster-form	parametron, landmark	ξ′/ξ(z) = Σ_u m_u (z−½)/((z−½)²−(u−½)²) and ξ(z)² = ξ(½)²·P(z)	FT3(ii): the defect G=2ξ′/ξ−P′/P has G′=0 on the connected nonzero set and is odd under z↦1−z, so G≡0; the full Foster form and Hadamard's identity hold	ξ(z)≠0 for the series; every z for the square; also every Foster-class f	L:RH/FosterHadamard:foster_form; L:RH/FosterHadamard:sq_eq_centre_mul_P; L:RH/FosterClassHadamard:foster_form; L:RH/FosterClassHadamard:sq_eq_centre_mul_P	formal-checked	uses:rh.foster-split-defect, uses:rh.foster-series
rh.comb-flux-simple-zero	landmark, contact	ξ″(z₀)/ξ′(z₀) = lim_{R→∞} 2 Σ_{u∈D(½,R), u≠z₀} m_u/(z₀−u)	FT3(iii): at a simple zero the second log-derivative is the principal-value comb flux of all other zeros	ξ(z₀)=0, ξ′(z₀)≠0; also every Foster-class member	L:RH/CombFlux:flux_riemannXi; L:RH/FosterClassFlux:flux	formal-checked	uses:rh.hadamard-foster-form, uses:rh.zero-velocity-second-logderiv
rh.xi-foster-member	parametron, landmark	FosterClass ξ (Cθ·e^{74}+1) 10 (3/2); FosterClass (heatE t ξ) ((Cθ e^{74}+1)·flowSum 10 (3/2) t) (10·2^{3/2}) (3/2)	ξ and every time-slice of its heat flow are Foster-class members, so FT0–FT3 apply along the flow	t∈ℝ	L:RH/FosterClassHeat:instFosterClassRiemannXi; L:RH/FosterClassHeatFlow:instFosterClassHeatE	formal-checked	uses:rh.xi-growth-three-halves, uses:rh.heat-kernel-phi
rh.rodgers-tao-zero-dynamics	landmark, contact, navigator	RodgersTaoZeroDynamics (t ↦ heatE t ξ): every C¹ simple-zero curve moves by ż = lim 2Σ_{u≠z} m_u/(z−u)	the Rodgers–Tao zero-dynamics port is a theorem for the flow of ξ	simple zeros	L:RH/FosterClassHeatFlow:rodgersTaoZeroDynamics_heatE; L:RH/PhaseFlowLedger:RodgersTaoZeroDynamics	formal-checked	uses:rh.comb-flux-simple-zero, uses:rh.xi-foster-member
rh.heat-flow-polynomial	navigator, landmark	heat t p = e^{−tD²}p = Σ_k (−t)^k/k!·p^{(2k)}; ∂_t heat = −∂_z² heat	the backward heat flow is the polynomial face of the de Bruijn–Newman navigator	p∈ℂ[X], t∈ℝ	L:RH/HeatFlowOfPolynomials:heat	definition	instance-of:thermal.heat-kernel
rh.polynomial-comb-flux	landmark, contact	p(z)=0, p′(z)≠0 ⇒ p″(z)/p′(z) = 2Σ_{w∈roots∖z} 1/(z−w); a C¹ simple-root curve of heat t p has ż = 2Σ_{w≠z} 1/(z−w)	a simple root is pushed by every other root with flux 2/(z−w): the comb flux	p∈ℂ[X]; simple root	L:RH/HeatFlowOfPolynomials:second_div_first_eq; L:RH/HeatFlowOfPolynomials:zero_curve_flux	formal-checked	uses:rh.heat-flow-polynomial
rh.heat-semigroup	navigator	e^{−sD²}e^{−tD²}p = e^{−(s+t)D²}p, by Σ_{j+k=l}(−s)^j/j!·(−t)^k/k! = (−(s+t))^l/l!	the heat navigator composes additively in its clock	p∈ℝ[X]; s,t∈ℝ	L:RH/HeatSemigroup:heatR_heatR	formal-checked	uses:rh.heat-flow-polynomial
rh.nonreal-count-even	landmark	nonreal(p) = deg p − #real roots ∈ 2ℕ	for a real polynomial the non-real roots come in conjugate pairs	p∈ℝ[X]	L:RH/PolyaStep:even_nonreal	formal-checked	
rh.hermite-poulain-step	landmark, navigator	nonreal(p + a p′) ≤ nonreal(p); nonreal(p − λp″) ≤ nonreal(p), 1−λD² = (1−√λD)(1+√λD)	a Hermite–Poulain step never creates a pair (Rolle on e^{ax}p plus parity)	p∈ℝ[X]; a∈ℝ; λ≥0	L:RH/PolyaStep:nonreal_step_le; L:RH/PolyaStep:nonreal_heatStep_le	formal-checked	uses:rh.nonreal-count-even
rh.hurwitz-polynomial	landmark, receiver	coeffwise q_N → p, deg ≤ n, p≠0 ⇒ eventually nonreal(p) ≤ nonreal(q_N)	the non-real root count is lower semicontinuous: pairs can only die in a limit	bounded degree	L:RH/HurwitzPolynomial:nonreal_le_of_tendsto	formal-checked	uses:rh.rectangle-argument-principle
rh.forward-preservation-polynomial	landmark, navigator	nonreal(e^{−tD²}p) ≤ nonreal(p) for t≥0; t≤t′ ⇒ nonreal(heat t′ p) ≤ nonreal(heat t p)	forward in the clock the pair population only dies	p∈ℝ[X]	L:RH/ForwardPreservation:nonreal_heatR_le; L:RH/HeatSemigroup:nonreal_heatR_antitone	formal-checked	uses:rh.hermite-poulain-step, uses:rh.hurwitz-polynomial, uses:rh.heat-semigroup
rh.dbn-polynomial-threshold	landmark, navigator	λ(p) = inf{t : nonreal(heat_t p)=0}; nonreal p ≠ 0 ⇒ λ(p) ≥ 0; nonreal p = 0 ⇔ λ(p) ≤ 0	the polynomial de Bruijn–Newman constant has exactly the shape RH ⇔ Λ ≤ 0	p∈ℝ[X]; realRootedTimes nonempty	L:RH/DeBruijnNewmanPolynomial:nonreal_eq_zero_iff_lambda_nonpos; L:RH/DeBruijnNewmanPolynomial:lambda_nonneg	formal-checked	uses:rh.forward-preservation-polynomial
rh.highest-pair-descent	landmark, contact	d/dt Im z ≤ −1/Im z for the highest pair ⇒ (Im z(T))² + 2T ≤ (Im z(0))², hence T < (Im z(0))²/2	the highest pair of a real polynomial falls to the seam in time at most (height)²/2: de Bruijn's bound at the polynomial face	q∈ℝ[X]; C¹ simple highest root with Im z>0 on [0,T]	L:RH/PairDescent:highest_pair_descent; L:RH/PairDescent:highest_pair_dead	formal-checked	uses:rh.polynomial-comb-flux
rh.comb-kirchhoff	landmark, contact	Σ_j Σ_{k≠j} 2/(x_j−x_k) = 0; Σ_j 2x_j·Σ_{k≠j} 2/(x_j−x_k) = 2N(N−1)	on a real comb the pairwise flux is antisymmetric, so the centre is conserved and the second moment grows at the configuration-independent rate 2N(N−1)	x: Fin N → ℝ injective	L:RH/PhaseFlowLedger:sum_zeroFlux; L:RH/PhaseFlowLedger:sum_mul_zeroFlux	formal-checked	instance-of:holon.stokes
rh.pair-collision-bound	landmark, contact	heightFlux(a,y,x) ≤ −1/y ⇒ y(T)² + 2T ≤ y(0)²	one conjugate pair above a real comb falls onto the seam within y₀²/2; the crowd only speeds the collision	y>0 on [0,T]	L:RH/PhaseFlowLedger:heightFlux_le; L:RH/PhaseFlowLedger:sq_add_two_mul_le	formal-checked	uses:rh.comb-kirchhoff
rh.hermite-stacked-seam	landmark, navigator	heat t (X·p) = X·heat t p − 2t·(heat t p)′; heat_{1/2}(Xⁿ) = He_n; ∫_ℝ e^{−z²/(4t)}dz = √(4πt)	the flow chains past X as X−2tD; an n-fold seam zero unfolds at t=½ into the Hermite (Stieltjes equilibrium) zeros; the kernel's length is the rotation constant	t>0 for the integral	L:RH/HeatFlowStackedSeam:heat_X_mul; L:RH/HeatFlowStackedSeam:heat_half_X_pow; L:RH/HeatFlowStackedSeam:integral_heat_kernel	formal-checked	uses:rh.heat-flow-polynomial
rh.heat-flow-binding-defect	navigator, ratio	e^{t(v−log n)²} = e^{tv²}·n^{−2tv}·w_t(n), w_t(n)=e^{t(log n)²}; w_t(mk) = w_t(m)w_t(k)·e^{2t log m log k}; defect = 1 ⇔ t=0 ∨ m=1 ∨ k=1	under the flow the event weight is not multiplicative: composites carry a binding defect that vanishes only at t=0	m,k≥1	L:RH/HeatFlowBinding:flow_factor_split; L:RH/HeatFlowBinding:flowWeight_mul; L:RH/HeatFlowBinding:bindingDefect_eq_one_iff	counterexample	obstructs:rh.flowed-integer-events
rh.entire-heat-flow	navigator, landmark	‖f(w)‖ ≤ A e^{B‖w‖^ρ}, ρ<2 ⇒ Σ_k ‖(−t)^k/k!·f^{(2k)}(z)‖ < ∞, heatE t f entire, ∂_t heatE = −∂_z² heatE, heatE t f(1−s) = heatE t f(s) if f symmetric	the heat navigator extends from polynomials to entire sources of order below two, keeping the reflection	0<ρ<2, A,B≥0	L:RH/EntireDerivativeGrowth:summable_heatTerm; L:RH/HeatFlowEntire:differentiable_heatE; L:RH/HeatEquationEntire:heat_equation; L:RH/HeatEquationEntire:heatE_one_sub	formal-checked	generalizes:rh.heat-flow-polynomial
rh.euler-iterates-converge	navigator	(1 + (λ/N)D²)^N f → heatE(−λ) f locally uniformly as N→∞	the Euler iterates reach the flow (Tannery with the entire-flow majorant)	f entire of growth ρ<2; λ≥0	L:RH/EulerIterates:tendsto_eulerIter	formal-checked	uses:rh.entire-heat-flow
rh.zero-velocity-second-logderiv	landmark, navigator	z(s) C¹, heatE s f(z(s))=0, simple at t₀ ⇒ ż(t₀) = ∂²_z H_{t₀}(z)/∂_z H_{t₀}(z)	the velocity of a simple zero of the flow is its second logarithmic derivative	f entire, growth ρ<2	L:RH/ZeroDynamicsEntire:zero_curve_velocity; L:RH/ZeroDynamicsEntire:zero_curve_velocity_riemannXi	formal-checked	uses:rh.entire-heat-flow
rh.simple-zero-persists	landmark	simple zero z₀ of H_{t₀} ⇒ ∃ continuous ζ(t), ζ(t₀)=z₀, H_t(ζ(t))=0, ζ(t) simple, unique in a square	a simple zero persists as a unique simple zero curve, by winding 2πi and local constancy of the count	t near t₀	L:RH/SimpleZeroPersists:simple_zero_persists_riemannXi; L:RH/SimpleZeroCurve:exists_zero_curve_riemannXi	formal-checked	uses:rh.rectangle-count-stable
rh.rectangle-count-stable	landmark, receiver	∮_{∂R} H_t′/H_t = 2πi·n(t), n(t)∈ℤ continuous in t while ∂R zero-free ⇒ locally constant	no zero of the flow appears or disappears inside a rectangle while its boundary is zero-free	H_{t₀} zero-free on ∂R	L:RH/RectangleCountStable:eventually_count_eq_riemannXi; L:RH/RectangleWindingContinuity:continuousAt_rectIntegral_logDeriv	formal-checked	uses:rh.rectangle-argument-principle, instance-of:aeon.pairing
rh.riemann-xi	landmark	ξ(s) = ½·s(s−1)·Λ(s) = ½·(s(s−1)Λ₀(s) + 1), Λ₀ = Λ + 1/s + 1/(1−s)	the classical entire xi installed over mathlib's additive pole-removed completion, whose zeros are not definitionally those of ζ		L:RH/RiemannXi:riemannXi	definition	
rh.xi-zeros-are-zeta-zeros	landmark	0<Re s<1 ⇒ (ξ(s)=0 ⇔ ζ(s)=0); ξ(1−s)=ξ(s)	in the open strip the xi divisor is exactly the zeta zeros, and xi carries the reflection		L:RH/RiemannXi:riemannXi_eq_zero_iff_riemannZeta_eq_zero; L:RH/RiemannXi:riemannXi_one_sub	formal-checked	uses:rh.riemann-xi
rh.critical-line-fixed-locus	landmark, swing	1 − s̄ = s ⇔ Re s = ½; the linear reflection s↦1−s fixes only ½	the critical line is the fixed locus of the anti-linear involution J s = 1−s̄ generated by the functional equation and conjugation		L:RH/RiemannXi:criticalLine_fixedLocus; L:RH/Xi:theCriticalLineIsTheFixedLocus; L:RH/Xi:theLinearReflectionFixesOnlyOnePoint	formal-checked	instance-of:swing.half-turn
rh.xi-conjugation	landmark	ξ(s̄) = conj ξ(s); off Re=½ and off ℝ the orbit {ρ, 1−ρ, ρ̄, 1−ρ̄} has four distinct members	xi commutes with conjugation, so a zero off the line is never alone		L:RH/XiConjugation:riemannXi_conj; L:RH/XiConjugation:orbitDistinct	formal-checked	uses:rh.critical-line-fixed-locus
rh.two-involutions-fuse	landmark, swing	1−s = s̄ ⇔ Re s = ½; orbit size 4 off the line, 2 on it; ½ is the unique totally fixed point	on the critical line the two symmetries collapse into one constraint, the balanced configuration		L:RH/Balance:theTwoInvolutionsCoincideExactlyOnTheCriticalLine; L:RH/Balance:theOrbitIsFourOffTheLine; L:RH/Balance:theOrbitIsTwoOnTheLine; L:RH/Balance:theCentreIsTheUniqueTotallyFixedPoint	formal-checked	uses:rh.critical-line-fixed-locus, uses:swing.compose-translation
rh.symmetric-count-mod-four	landmark, receiver	#(symmetric finite zero set) ≡ #on-line (mod 4) parity reading; off-line population ≡ 0 (mod 4)	a count mod four reads only the on-line parity; the off-line population is invisible mod four	finite set closed under both involutions	L:RH/Balance:theCountModFourReadsTheOnLineParity; L:RH/Balance:theOffLinePopulationIsInvisibleModFour; L:RH/ZeroOrbitCount:card_offLineZeros_mod_four	counterexample	uses:rh.two-involutions-fuse
rh.zero-count-parity	landmark, receiver	divisorMass(D(½,R)) = 2·leftMass + onLineMass; divisorMass ≡ onLineMass (mod 2)	the reflection splits a centred disc count into twice the left mass plus the on-line mass	centred disc; reflection only	L:RH/ZeroCountParity:divisorMass_eq_two_mul_leftMass_add_onLineMass; L:RH/ZeroCountParity:divisorMass_emod_two	formal-checked	uses:rh.xi-zeros-are-zeta-zeros
rh.left-mass-receiver	landmark, receiver	leftMass(D(½,R)) = 0 ⇔ RH on D(½,R) ⇔ divisorMass = onLineMass	the left mass is the exact receiver of RH on a centred disc	closedBall ½ R	L:RH/LeftMassReceiver:leftMass_eq_zero_iff; L:RH/LeftMassReceiver:divisorMass_eq_onLineMass_iff	formal-checked	uses:rh.zero-count-parity
rh.off-line-jensen	landmark, receiver	log 2·divisorMass ≤ J; log 2·onLineMass ≤ J; 2 log 2·leftMass ≤ J; #offLine ≤ 2·leftMass	the Jensen receiver bounds disc, on-line and left masses and the off-line count, but not their placement	centred disc; unconditional	L:RH/OffLineJensen:logTwo_mul_divisorMass_le; L:RH/OffLineJensen:two_logTwo_mul_leftMass_le; L:RH/OffLineJensen:card_offLineZeros_le	formal-checked	uses:rh.jensen-counts-comb, uses:rh.left-mass-receiver
rh.xi-strip	landmark	ξ(s)=0 ⇒ 0<Re s<1 ∧ Im s≠0, since ξ(σ) = ∫e^{(σ−½)u}Φ(u)du > 0 on ℝ	every xi zero lies in the open strip and none is real		L:RH/XiStrip:re_mem_Ioo_of_riemannXi_eq_zero; L:RH/XiStrip:im_ne_zero_of_riemannXi_eq_zero	formal-checked	uses:rh.heat-kernel-phi
rh.xi-centre-positive	landmark	0 ≤ Λ₀(¼) ≤ 4 (integrand ≤ 4e^{−x}, θ(t)−1 ≤ 4e^{−πt} for t≥1) ⇒ ξ(½) = ½ − Λ₀(½)/8 ≥ ¼ > 0	the value at the seam's centre is a positive real		L:RH/XiCentre:riemannXi_one_half_pos; L:RH/XiCentre:lambda₀_quarter_bounds	formal-checked	uses:arith.theta-jacobi
rh.trivial-zeros	landmark	Re s ≤ 0 ⇒ (ζ(s)=0 ⇔ s = −2(n+1), n∈ℕ)	left of Re s=0 the zeta zeros are exactly the trivial zeros		L:RH/TrivialZeros:riemannZeta_eq_zero_iff_of_re_nonpos	formal-checked	
rh.rh-xi-form	landmark	RiemannHypothesis ⇔ ∀ρ, ξ(ρ)=0 ⇒ Re ρ = ½ ⇔ pairPopulation = ∅	mathlib's RH is the xi form, and is the emptiness of the pair population		L:RH/TrivialZeros:riemannHypothesis_iff_xi; L:RH/TrivialZeros:riemannHypothesis_iff_pairPopulation_eq_empty	formal-checked	uses:rh.trivial-zeros, uses:rh.pair-population
rh.pair-population	landmark, swing	pairPopulation = {ρ : ξ(ρ)=0, 1−ρ̄ ≠ ρ}; on it J s=1−s̄ is a fixed-point-free involution pairing {ρ, 1−ρ̄} across the line	the zeros not fixed by the reflection come in straddling pairs		L:RH/PairPopulation:pairPopulation; L:RH/PairPopulation:pairPopulation_eq_empty_iff	definition	uses:rh.critical-line-fixed-locus
rh.rh-statement	landmark	Statement := RiemannHypothesis (mathlib), unchanged	the actual Riemann hypothesis, aliased, never a finite model		L:RH/Statement:Statement	open	
rh.route-interface	landmark	Route: RH ⇔ P for a source-side proposition P; Programme records the unresolved source proposition separately	an exact route carries both implications, and a programme names what is unproved		L:RH/Route:Route; L:RH/Route:Programme	definition	uses:rh.rh-statement
rh.heat-kernel-phi	landmark, navigator	θ(x)=Σ_{n∈ℤ}e^{−πn²x}; Ψ(x)=2x²θ″+3xθ′, Ψ(1/x)=x^{1/2}Ψ(x); Φ(u)=e^{u/2}Ψ(e^{2u}) even, >0, e^{au²+b|u|}Φ(u) ≤ C e^{−u²}; ξ(s)=∫e^{(s−½)u}Φ(u)du	xi is the two-sided Laplace transform of the positive, even, double-exponentially decaying theta kernel Φ	s∈ℂ	L:RH/HeatKernelPhi:Ψ_inv; L:RH/HeatKernelPhi:Φ_pos; L:RH/HeatKernelPhi:exp_mul_Φ_le; L:RH/HeatKernelPhi:riemannXi_eq_L	formal-checked	uses:arith.theta-jacobi
rh.flow-identity	navigator, landmark	heatE t ξ(z) = ∫ e^{−tu²} e^{(z−½)u} Φ(u) du; heatE t ξ(½) > 0 for every t	the heat navigator on xi multiplies its kernel by the Gaussian, and the centre value stays positive at every time	t∈ℝ	L:RH/HeatKernelPhi:heatE_riemannXi; L:RH/HeatKernelPhi:heatE_riemannXi_half_pos	formal-checked	uses:rh.heat-kernel-phi, uses:rh.entire-heat-flow
rh.admissible-kernel-flow	navigator	T_K(z)=∫e^{(z−½)u}K(u)du; heatE t T_K = T_{e^{−tu²}K}; heatE s (heatE t ξ) = heatE (s+t) ξ	on admissible kernels the flow acts by the Gaussian weight and is a semigroup at the entire face	e^{au²+b|u|}|K(u)| ≤ Ce^{−u²}	L:RH/KernelFlow:heatE_T; L:RH/KernelFlow:heatE_heatE_riemannXi	formal-checked	generalizes:rh.heat-semigroup
rh.xi-growth-three-halves	landmark	‖ξ(s)‖ ≤ (Cθ·e^{74}+1)·exp(10‖s‖^{3/2})	xi has growth of order below two, so its heat flow is entire at every real time	s∈ℂ	L:RH/XiGrowth:norm_riemannXi_le; L:RH/XiGrowth:hasGrowth_riemannXi	formal-checked	uses:rh.entire-heat-flow
rh.xi-conjugation-flow	landmark	H_t(conj z)=conj H_t(z); H_t(1−s̄) = conj H_t(s); pair population of H_t closed under conj, s↦1−s, J	the flow keeps both symmetries, so its off-seam zeros still come in orbits	t∈ℝ	L:RH/ConjugationEntire:heatE_riemannXi_reflect; L:RH/ConjugationEntire:pairPopulationH	formal-checked	uses:rh.xi-conjugation
rh.seam-times	landmark, navigator	seamTimes = {τ : every zero of heatE(−τ)ξ has Re=½}; Λ_DN = inf seamTimes; standard time = 4τ	the de Bruijn–Newman threshold is the infimum of the clock values at which all zeros sit on the seam	tree coordinate τ=−t	L:RH/RealZeroTimes:seamTimes; L:RH/RealZeroTimes:Λ_DN	definition	uses:rh.flow-identity
rh.seam-times-closed	landmark	0 ∈ seamTimes ⇔ RH; seamTimes closed (Hurwitz on the jointly continuous flow)	time zero is a seam time exactly under RH, and the seam times are closed		L:RH/RealZeroTimes:zero_mem_iff; L:RH/RealZeroTimes:isClosed_seamTimes	formal-checked	uses:rh.hurwitz-seam, uses:rh.seam-times
rh.hurwitz-seam	landmark, receiver	F_n → G locally uniformly, G≢0, zeros of F_n on Re=½ eventually ⇒ zeros of G on Re=½	a locally uniform limit of seam-zeroed entire functions keeps its zeros on the seam	entire F_n, G	L:RH/HurwitzLine:zeros_on_seam; L:RH/HurwitzLine:no_zero_of_eventually	formal-checked	uses:rh.rectangle-argument-principle
rh.seam-approximation	landmark	OnSeam f ⇒ P f = (Q₊ f)², f = f(½)·Q₊ f, finite subproducts f(½)∏_{i∈s}(1+a_i z) → f locally uniformly	a Foster-class member with seam zeros is the locally uniform limit of seam polynomials	FosterClass f, OnSeam f	L:RH/LineApproximation:P_eq_Qplus_sq; L:RH/LineApproximation:eq_centre_mul_Qplus; L:RH/LineApproximation:tendsto_approx	formal-checked	uses:rh.foster-product
rh.polya-seam-step	landmark, navigator	seamPoly q(z) = q(−i(z−½)); (1+(λ/N)D²)^N seamPoly q = seamPoly((heatStep(λ/N))^N q); zeros stay on Re=½	the polynomial Pólya step transported to the seam keeps seam zeros	q∈ℝ[X] real-rooted, λ≥0	L:RH/PolyaLine:eulerIter_seamPoly; L:RH/PolyaLine:eulerIter_seamPoly_re	formal-checked	uses:rh.hermite-poulain-step
rh.line-preservation	landmark, navigator	OnSeam f, λ≥0 ⇒ OnSeam(heatE(−λ)f); τ∈seamTimes, τ≤τ′ ⇒ τ′∈seamTimes; seamTimes≠∅ ⇒ (RH ⇔ Λ_DN ≤ 0)	the flow never creates a pair at the entire face: seam times are an up-set	FosterClass f	L:RH/LinePreservation:onSeam_heatE_neg; L:RH/LinePreservation:seamTimes_upset; L:RH/LinePreservation:riemannHypothesis_iff_Λ_DN_le	formal-checked	uses:rh.seam-approximation, uses:rh.polya-seam-step, uses:rh.euler-iterates-converge, uses:rh.hurwitz-seam, generalizes:rh.forward-preservation-polynomial
rh.translation-average-kernel	navigator, landmark	avg_μ f(s) = ½(f(s+μ)+f(s−μ)); avg_μ^k T_K = T_{cosh(μu)^k K}; K>0 ⇒ T_K(σ)>0 on ℝ; K real ⇒ conj-symmetric; K even ⇒ T_K(1−s)=T_K(s)	a translation average is a cosh-weighted kernel, and positivity, reality and evenness of the kernel carry to the transform	admissible kernel	L:RH/KernelAverage:T_coshPow; L:RH/KernelAverage:T_ofReal_pos; L:RH/KernelAverage:T_conj; L:RH/KernelAverage:T_one_sub	formal-checked	uses:rh.admissible-kernel-flow
rh.de-bruijn-lemma-one	landmark	b²−λ² < (x−a)²+y² ⇒ |z−iλ−r||z−iλ−r̄| < |z+iλ−r||z+iλ−r̄| (z=x+iy, y>0, r=a+ib)	each conjugate root pair is strictly nearer the lower shift than the upper one	y>0, λ>0	L:RH/TranslationAverage:pair_sq_lt	formal-checked	
rh.de-bruijn-theorem-three	landmark	roots of q in |Im|≤Δ, ξ≠0 ⇒ every root of ξ q(z+iλ) + ξ̄ q(z−iλ) has (Im z)² ≤ max(Δ²−λ², 0)	the translation average contracts the root strip of a real polynomial by λ²	q∈ℝ[X], deg>0, λ>0	L:RH/TranslationAverage:im_sq_le_of_avg_eq_zero	formal-checked	uses:rh.de-bruijn-lemma-one
rh.de-bruijn-theorem-eight	landmark	zeros of f in |Re z−½| ≤ Δ ⇒ zeros of avg_μ f in (Re−½)² ≤ max(Δ²−μ², 0)	the translation average contracts the strip of a conjugation-symmetric Foster member with no real zero	ConjSymm f, NoRealZero f, μ>0	L:RH/StripAverage:re_sq_le_of_avg_eq_zero	formal-checked	generalizes:rh.de-bruijn-theorem-three
rh.de-bruijn-iterates-on-seam	landmark, navigator	zeros of avg_μ^k ξ satisfy (Re−½)² ≤ max(¼ − kμ², 0); μ=1/(2N), k=N² ⇒ OnSeam	after N² averages with μ=1/(2N) every zero of the iterate is on the seam	N>0; FosterClass closed under avg	L:RH/DeBruijnIterate:strip_xiIter; L:RH/DeBruijnIterate:onSeam_xiIter; L:RH/DeBruijnIterate:fosterClass_avg	formal-checked	uses:rh.de-bruijn-theorem-eight, uses:rh.translation-average-kernel
rh.de-bruijn-gaussian-limit	landmark, navigator	cosh(u/(2N))^{N²} → e^{u²/8} (cosh y ≤ e^{y²/2}); avg^{N²}_{1/(2N)} ξ → heatE(−1/8) ξ locally uniformly; 1/8 ∈ seamTimes	DB4: the Gaussian limit of the averages is the flow at τ=1/8, so 1/8 is a seam time		L:RH/DeBruijnLimit:tendsto_xiIter; L:RH/DeBruijnLimit:eighth_mem_seamTimes	formal-checked	uses:rh.de-bruijn-iterates-on-seam, uses:rh.hurwitz-seam
rh.dbn-threshold-seal	landmark, navigator	Λ_DN ∈ [0, 1/8]; RH ⇔ Λ_DN = 0 ⇔ Λ_DN ≤ 0; seamTimes = [Λ_DN, ∞)	the de Bruijn–Newman threshold is pinned to [0,1/8] with no port, and RH is exactly its vanishing	unconditional	L:RH/DeBruijnSeal:Λ_DN_mem_Icc_eighth; L:RH/DeBruijnSeal:riemannHypothesis_iff_Λ_DN_eq; L:RH/DeBruijnSeal:riemannHypothesis_iff_Λ_DN_le; L:RH/DeBruijnSeal:seamTimes_eq_Ici	formal-checked	uses:rh.de-bruijn-gaussian-limit, uses:rh.rodgers-tao-nonneg, uses:rh.line-preservation, uses:rh.seam-times-closed
rh.dbn-standard-chart	landmark	H_t(z) = ⅛·heatE(−t/4) ξ(½+iz/2), Φ_std(v)=½Φ(2v); Λ_std = 4Λ_DN ∈ [0, ½]; RH ⇔ Λ_std = 0	the tree's flow is the literature's H_t through the critical chart: standard times are four times the tree's		L:RH/CriticalChart:Hstd_eq; L:RH/CriticalChart:Λstd_eq; L:RH/CriticalChart:Λstd_mem_Icc; L:RH/CriticalChart:riemannHypothesis_iff_Λstd_eq	formal-checked	uses:rh.dbn-threshold-seal
rh.threshold-return-ports	landmark	DeBruijnBound: ½∈seamTimes; RodgersTaoNonneg: 0≤Λ_DN; given DeBruijnBound: Λ_DN ∈ [0,½] and RH ⇔ Λ_DN = 0	the two literature theorems were carried as named ports and are now both discharged		L:RH/ThresholdReturn:DeBruijnBound; L:RH/ThresholdReturn:rodgersTaoNonneg; L:RH/ThresholdReturn:riemannHypothesis_iff_Λ_DN_eq_of_deBruijn	formal-checked	uses:rh.dbn-threshold-seal
rh.threshold-half-closure	landmark	HalfClosed := ∀τ∈seamTimes, τ>0 ⇒ τ/2∈seamTimes; HalfClosed ⇒ (1/8)/2ⁿ ∈ seamTimes ∀n ⇒ Λ_DN = 0 ⇒ RH	a halving closure law on the actual seam set would descend the threshold to zero; it is a conditional, not a theorem	conditional on HalfClosed	L:RH/ThresholdRefinement:HalfClosed; L:RH/ThresholdRefinement:lambda_eq_zero_of_halfClosed; L:RH/ThresholdRefinement:riemannHypothesis_of_halfClosed	open	uses:rh.dbn-threshold-seal
rh.threshold-square-closure	landmark	SquareClosed := ∀τ∈seamTimes, 0<τ<1 ⇒ τ²∈seamTimes; SquareClosed ⇔ RH (else Λ_DN ≤ Λ_DN² with 0<Λ_DN≤1/8)	square closure of the seam set on (0,1) is equivalent to RH		L:RH/ThresholdRefinement:squareClosed_iff_RH	formal-checked	uses:rh.dbn-threshold-seal
rh.threshold-quadratic-witness	landmark, navigator	q_{a,t} = X² + (a²−2t), heat t q_{a,0} = q_{a,t}; q_{½,1/8} = X²; for t = 1/16, 1/32, 1/64 the root i√(¼−2t) is off ℝ	the generic quadratic strip reaches its seam exactly at t=1/8, so 1/8 is sharp for that calculation and not an iteration rule for the threshold	a=½	L:RH/ThresholdRefinement:quadratic_half_eq_X_sq; L:RH/ThresholdRefinement:quadratic_sixtyfourth_has_offReal_root; L:RH/ThresholdRefinement:heat_quadratic_zero	counterexample	obstructs:rh.threshold-half-closure
rh.flowed-integer-events	navigator, landmark	Φ(u) = Σ_{n∈ℤ}|n|^{−1/2}φ(u+log|n|), φ(v) = e^{v/2}(2π²e^{4v} − 3πe^{2v})e^{−πe^{2v}}; t≥0, Re z>1 ⇒ Σ_n ∫flowedTerm t z n = heatE t ξ(z)	FT5: the flowed integer events sum to the flow of xi, the integer side of the flowed explicit formula	t≥0 (standard τ=−t≤0), Re z>1	L:RH/FlowedExplicitFormula:event_eq; L:RH/FlowedExplicitFormula:hasSum_flowedTerm; L:RH/FlowedExplicitFormula:foster_form_heatE	formal-checked	uses:rh.flow-identity
rh.flowed-events-not-integrable	navigator, landmark	t < 0, n≠0 ⇒ ¬Integrable(flowedTerm t z n)	on the de Bruijn side of the flow the individual integer events diverge: the event decomposition does not survive there	repository t<0	L:RH/FlowedExplicitFormula:not_integrable_flowedTerm	counterexample	obstructs:rh.flowed-integer-events
rh.flowed-gamma-shift	navigator, landmark	∫flowedTerm t z n = e^{−tL²}·e^{−zL}·Γ_t(z+2tL), L=log|n|; Γ_t(w) = (4πt)^{−1/2}∫e^{−y²/(4t)}γ(w+iy)dy, γ(s)=¼s(s−1)π^{−s/2}Γ(s/2)	every flowed event is a shift of one flowed Gamma factor, the Gaussian convolution of the Gamma factor along a vertical line	n≠0; t>0 and Re w>1 for the line form	L:RH/FlowedGamma:integral_flowedTerm_eq_shift; L:RH/FlowedGamma:Γt_eq_gaussian_line	formal-checked	uses:rh.flowed-integer-events
rh.flowed-gamma-contour	navigator	T(s)=∫e^{(s−½)u}φ(u)du = γ₁(s) = ½(s−1)π^{−s/2}Γ(s/2+1) on Re s>−2; Γ_t(w) = (4πt)^{−1/2}∫e^{(c+iy−w)²/(4t)}γ(c+iy)dy ∀c>−2	the single-event transform continues past Re s=1, so the flowed Gamma contour may pass through the saddle without Cauchy	c>−2	L:RH/FlowedGammaContour:T_eq_γ₁; L:RH/FlowedGammaContour:Γt_eq_contour	formal-checked	uses:rh.flowed-gamma-shift
rh.descent-comb-everywhere	navigator, landmark	t>0 ⇒ ‖flowedTerm‖ ≤ M e^{(|Re z−½|+1)²/(2t)}|n|^{−3/2}e^{−tu²/2}; Σ_n ∫flowedTerm t z n = heatE t ξ(z) ∀z	RT1: on the descent side the flow's Gaussian alone makes the integer events converge at every z	repository t>0 (standard τ<0)	L:RH/DescentComb:norm_flowedTerm_le; L:RH/DescentComb:hasSum_flowedTerm_of_pos	formal-checked	generalizes:rh.flowed-integer-events
rh.gamma-stirling-remainder	navigator	Γ(w) = √(2π)·exp((w−½)Log w − w − μ(w)), μ(w)=∫₀^∞P₂(x)/(w+x)²dx, P₂={x}²−{x} halved, ‖μ(w)‖ ≤ π/(4‖w‖)	RT2: Stirling with an explicit Binet–Euler–Maclaurin remainder on the sector, no logarithm of Γ taken	w∈Sector = {w≠0 : Re w≥0 ∨ |Re w|≤|Im w|}	L:RH/GammaStirling:gamma_eq; L:RH/GammaStirling:norm_μ_le; L:RH/GammaStirling:trapezoid	formal-checked	
rh.gamma-phase-segment	navigator	g(w+ζ) = g(w)·exp(ζℓ(w) + ζ²ℓ′(w)/2 + R), ‖R‖ ≤ 37‖ζ‖³/‖w‖², ℓ(s)=1/(2s)+1/(s−1)−½log π+½Log(s/2)	RT3(ii): the main part of the Gamma factor expands along a segment to second order with a cubic remainder	Re w≥2, ‖ζ‖≤‖w‖/8	L:RH/GammaPhase:g_expansion; L:RH/GammaPhase:γ_eq_g	formal-checked	uses:rh.gamma-stirling-remainder
rh.event-saddle-decomposition	navigator, landmark	∫flowedTerm t (J s) n = γ_t(s)·e^{−sL}·e^{−tL²}·(1+r), J_t(s) = s + tΛ(s), Λ(s)=Log(s/2)−log π, ‖r‖ ≤ (a(1+b)+b)(1+d)+d+e	RT3: each event at J_t(s) is its main term times 1+r, the relative defect assembled from four explicit pieces through the saddle window	window |Im z−y₀|≤Y through the saddle	L:RH/EventAssembly:event_eq_main_mul; L:RH/EventDefect:norm_rdef_le; L:RH/EventMain:event_decomp; L:RH/EventSaddle:Γt_window	formal-checked	uses:rh.gamma-phase-segment, uses:rh.flowed-gamma-contour
rh.event-gaussian-window	navigator	G = ∫e^{−Av²+iqv}dv = (π/A)^{1/2}e^{−q²/(4A)}; |(4πt)^{−1/2}G − 1| ≤ 36t/‖s‖ + 4t‖q‖²; ‖G‖ ≥ √(2πt)e^{−2t‖q‖²}	the saddle's full Gaussian in closed form, within a quantified distance of one and bounded below	A=(1+δ)/(4t), δ=2tℓ′(s)	L:RH/EventGaussian:G_eq; L:RH/EventGaussian:norm_sqrt_G_sub_one_le; L:RH/EventGaussian:norm_G_ge; L:RH/EventWindow:norm_G_sub_window_le	formal-checked	uses:rh.event-saddle-decomposition
rh.event-ranges	navigator, landmark	main range: ‖r‖ ≤ Bmaj(t,X,u) → 0, u=(Im s)^{1/3}; medium L≤y^{7/12}: ‖event‖ ≤ 12‖γ_t(s)‖e^{−Re s·L}e^{−tL²/2}; large L≥w⁷: ‖event‖ ≤ ‖γ_t(s)‖e^{−Re s·L}e^{−(c/2)L²}, c=min(t,1)/8	RT3(iii): the event population splits into main, medium and large ranges, each with its explicit majorant	|Re s|≤X, Im s large	L:RH/EventMainRange:event_main; L:RH/EventMedium:event_medium; L:RH/EventLarge:event_large; L:RH/EventMainRange:tendsto_Bmaj	formal-checked	uses:rh.event-saddle-decomposition, uses:rh.event-gaussian-window
rh.descent-approximation	navigator, landmark	heatE t ξ(J_t s) = γ_t′(s)·(F_t(s) + R_t(s)), F_t = Σ main terms absolutely convergent, ‖R_t‖ ≤ ρ(t,X,w) → 0 as Im s = w^{12} → ∞	RT4: at height the flowed xi is its Dirichlet series of main terms plus a vanishing remainder	t>0, |Re s|≤X	L:RH/DescentApproximation:descent_approximation	formal-checked	uses:rh.event-ranges
rh.bohr-zeros	landmark	t>0 ⇒ F_t has a zero; ∃X₀ ∀T₀ ∃s, Im s ≥ T₀, |Re s| ≤ X₀, F_t(s) = 0	RT5: the Dirichlet series F_t has zeros at every height in a fixed strip (Borel–Carathéodory refutes zero-freeness, Bohr almost periodicity lifts it)	t>0	L:RH/BohrZeros:exists_zero_Ft; L:RH/BohrZeros:exists_zero_Ft_above	formal-checked	uses:rh.descent-approximation
rh.rodgers-tao-nonneg	landmark, navigator	t>0 ⇒ ∃z, heatE t ξ(z) = 0 ∧ Re z ≠ ½; hence 0 ≤ Λ_DN	RT6: every descent-side time has an off-seam zero, so the de Bruijn–Newman threshold is nonnegative (Rodgers–Tao)	unconditional	L:RH/DescentZeros:exists_offSeam_zero; L:RH/DescentZeros:Λ_DN_nonneg; L:RH/ThresholdReturn:rodgersTaoNonneg	formal-checked	uses:rh.bohr-zeros, uses:rh.descent-approximation
rh.local-argument-principle	landmark, receiver, aeon	f=(z−a)ⁿg, g analytic nonvanishing on the disc ⇒ ∮_{|z−a|=R} f′/f = ∮(n/(z−a) + g′/g) = 2πi·n, with ∮g′/g = 0	the index of a zero is a turn count: the model factor winds once per unit of order and a nonvanishing analytic factor carries no winding	R>0	L:RH/Winding:theLocalArgumentPrinciple; L:RH/Winding:theAnalyticFactorCarriesNoWinding; L:RH/Winding:theIndexDependsOnlyOnTheOrder	formal-checked	instance-of:aeon.pairing, instance-of:winding.carry-cocycle
rh.rectangle-cauchy	receiver, landmark	ρ ∈ openRect(z,w), g holomorphic ⇒ ∮_{∂R} g(ζ)/(ζ−ρ) dζ = 2πi·g(ρ)	the rectangle is a receiver: Cauchy's formula on a rectangle, built from the four logarithmic primitives	z.re<w.re, z.im<w.im	L:RH/RectangleCauchy:rectIntegral_div_sub	formal-checked	instance-of:holon.stokes
rh.rectangle-argument-principle	receiver, landmark	∮_{∂R} h·f′/f = 2πi·Σ_{ρ∈Z, ρ∈R°} m_ρ h(ρ)	for a zero factorization the weighted rectangle integral returns exactly the interior weighted zero comb	R ⊂ B(z₀,r/2), ∂R zero-free, h holomorphic	L:RH/RectangleArgumentPrinciple:rectIntegral_mul_logDeriv	formal-checked	uses:rh.rectangle-cauchy, uses:rh.zero-factorization
rh.zero-factorization	landmark, receiver	f entire, f(z₀)≠0 ⇒ f = ∏_{u∈D(z₀,r/2)}(z−u)^{m_u}·g on B(z₀,r), g analytic nonvanishing on the half disc; m_u = analytic order	every entire function has a zero factorization on every disc, whose multiplicity is the analytic order and whose comb is the divisor		L:RH/ZeroFactorizationExists:exists_zeroFactorization; L:RH/FactorizationMultiplicity:analyticOrderAt_eq_mult; L:RH/FactorizationMultiplicity:divisor_eq	formal-checked	
rh.landau-lemma	landmark, receiver	‖f′/f(z) − Σ_ρ m_ρ/(z−ρ)‖ ≤ 16(M + N log 2)/r on B(z₀,r/8), 16 = 2⁴	the log-derivative is the Coulomb flux of the half-disc zero comb plus a bounded background	f = P·unit on B(z₀,r), ‖f‖ ≤ ‖f(z₀)‖e^M, f(z)≠0	L:RH/LandauLemma:norm_logDeriv_sub_flux_le; L:RH/LandauXi:exists_zeroFactorization_riemannXi	formal-checked	uses:rh.log-derivative-remainder, uses:rh.zero-factorization
rh.log-derivative-remainder	receiver	g analytic nonvanishing on B(z₀,r), ‖g‖ ≤ ‖g(z₀)‖e^M ⇒ ‖g′/g‖ ≤ 8M/r on B(z₀,r/4), 8 = 2·2·2	Landau's remainder from Borel–Carathéodory and Cauchy: one factor 2 from B–C, two from the halvings	r,M>0	L:RH/LogDerivativeRemainder:norm_logDeriv_le	formal-checked	
rh.jensen-counts-comb	landmark, receiver, globe	log‖ξ(z)‖ ≤ C(‖z‖+3)log(‖z‖+3) ⇒ Σ_{u∈D(z₀,r/2)} m_u ≤ log(M′/‖ξ(z₀)‖)/log(3/2)	Jensen reads the interior zero population off the boundary growth, so Landau's lemma for ξ carries no free count	r>0, ξ(z₀)≠0	L:RH/JensenCountsTheComb:finsum_divisor_le; L:RH/JensenCountsTheComb:exists_zeroFactorization_riemannXi_jensen	formal-checked	uses:rh.jensen-formula-xi
rh.jensen-formula-xi	landmark, receiver, globe	circleAvg(log‖Λ₀‖; c, R) = Σ_u m_u log(R/‖c−u‖) + m_c log R + log‖trailingCoeff_c Λ₀‖	the boundary average determines the interior zero population: the magnitude face of the same index the argument principle reads as a winding	R≠0	L:RH/Jensen:theJensenFormulaForXi; L:RH/Jensen:theCentreWeightIsTheOrder; L:RH/Jensen:theBoundaryLawInThreeMaterials	formal-checked	instance-of:holon.stokes, dual-of:rh.local-argument-principle
rh.growth-prop-vacuous	landmark	circleAvg(log‖Λ₀‖;c,R) ≤ C·R log R ∀c,R ⇒ (R=1) ‖Λ₀(c)‖ ≤ 1 ∀c ⇒ Λ₀ constant (Liouville)	the originally named order-one growth hypothesis was vacuous: it forces the completed zeta to be constant	hypothesis TheOrderOneGrowthOfXi	L:RH/GrowthDefect:theGrowthPropForcesABoundOfOne; L:RH/GrowthDefect:theGrowthPropForcesAConstant	counterexample	obstructs:rh.jensen-formula-xi
rh.abscissa-growth-corrected	landmark, receiver	Σ_{u∈D(c,R)} m_u log(R/‖c−u‖) ≤ C(‖c‖+R+2)log(‖c‖+R+2) − log‖Λ₀(c)‖	the corrected translated-circle growth pays for both the centre's and the radius's abscissae and gives an honest weighted Jensen count	R≥1, Λ₀(c)≠0	L:RH/AbscissaGrowth:theCorrectedWeightedZeroCount; L:RH/AbscissaGrowth:thePointwiseAbscissaGrowthHolds; L:RH/GrowthDefect:TheAbscissaGrowthOfXi	formal-checked	uses:rh.jensen-formula-xi
rh.inner-zero-count	landmark, receiver	log 2·#{zeros in D(c,R)} ≤ Σ_{u∈D(c,2R)} m_u log(2R/‖c−u‖) ≤ C(‖c‖+2R+2)log(‖c‖+2R+2) − log‖ξ(c)‖	every zero in the inner disc pays at least log 2 to the outer Jensen receiver, bounding the count but not placing the zeros	R≥1, ξ(c)≠0; unconditional	L:RH/ZeroCounting:logTwo_mul_innerZeroCount_le_weightedOuterCount; L:RH/RiemannXiZeroCounting:innerRiemannXiZeroCount_isUnconditionallyBounded	formal-checked	uses:rh.abscissa-growth-corrected
rh.mellin-horizon	ratio, receiver	‖∫₀^∞ t^{s−1}f(t)dt‖ ≤ ∫₀^∞ t^{Re s−1}‖f(t)‖dt =: W(Re s), since |t^{s−1}| = t^{Re s−1}	a Mellin magnitude sees only the real part: the height contributes phase alone (the horizon law)	f:ℝ→ℂ	L:RH/MellinHorizon:theMellinMagnitudeSeesOnlyTheRealPart	formal-checked	instance-of:ratio.log-branch
rh.completed-zeta-strip-bound	landmark	a ≤ Re s ≤ b ⇒ ‖Λ₀(s)‖ ≤ (W(a/2) + W(b/2))/2	the completed zeta is bounded on every vertical strip by its two edges, uniformly in the height		L:RH/MellinHorizon:theCompletedZetaIsBoundedOnAStrip; L:RH/MellinHorizon:theSliceBoundsArePolynomialInTheHeight	formal-checked	uses:rh.mellin-horizon
rh.weight-symmetry	landmark, swing	ker(1/x) = x^{1/2}ker(x) ⇒ W(σ) = W(½ − σ), fixed point ¼; W((1−Re s)/2) = W(Re s/2)	the functional equation is a symmetry the magnitude already had: the abscissa weight reflects about ¼, which is Re s = ½		L:RH/WeightSymmetry:theWeightIsSymmetric; L:RH/WeightSymmetry:theTwoBoundsAreOneBound	formal-checked	uses:rh.mellin-horizon, instance-of:swing.half-turn
rh.gamma-real-part-bound	ratio	Re s>0 ⇒ ‖Γ(s)‖ ≤ Γ(Re s)	Euler's integral: the magnitude of Γ is controlled by its real part (no Stirling needed)	Re s>0	L:RH/GammaBound:theGammaMagnitudeIsControlledByTheRealPart	formal-checked	instance-of:rh.mellin-horizon
rh.gamma-critical-line-exact	ratio, landmark	‖Γ(½+it)‖² = π/cosh(πt) ≤ 2π e^{−π|t|}	on the critical line the reflection formula is a conjugate pairing, giving the Gamma magnitude exactly	t∈ℝ	L:RH/GammaDecay:theGammaMagnitudeOnTheCriticalLineIsExact; L:RH/GammaDecay:theGammaDecaysExponentiallyOnTheCriticalLine	formal-checked	uses:rh.critical-line-fixed-locus
rh.gamma-reflection-lower	ratio	0<a<1 ⇒ ‖Γ(a+iy)‖ ≥ π e^{−π|y|}/Γ(1−a)	the reflection formula bounds Γ from below in the strip	0<a<1	L:RH/ArchimedeanPolynomialBound:norm_Gamma_ge	formal-checked	uses:rh.gamma-critical-line-exact
rh.completed-zeta-gamma-growth	landmark	∃W₀,C,p>0: Re s ≥ 2 ⇒ ‖Λ₀(s)‖ ≤ W₀ + C(1/p)^{Re s/2}Γ(Re s/2); Γ(b) ≤ exp(2(b+1)^{3/2}) for b≥1	order-one growth of the completed zeta with no Stirling and no maximum principle: the weight splits at one into a constant and Euler's integral		L:RH/Growth:theCompletedZetaHasGammaGrowth; L:RH/GammaGrowth:Gamma_le_exp	formal-checked	uses:rh.mellin-horizon
rh.xi-line-two-lower	landmark	|T|≥2 ⇒ log‖ξ(2+iT)‖ ≥ −(|T|+2), from |ζ(s)| ≥ 6/π² (Re s≥2), |Γ(1+iy)|² = πy/sinh(πy), |s(s−1)| ≥ 2	xi is not small on Re s = 2, linearly in the height	|T|≥2	L:RH/XiLowerBoundOnLineTwo:log_norm_riemannXi_two_add_ge	formal-checked	
rh.archimedean-line-bound	landmark	‖Γ_ℝ′/Γ_ℝ(1+δ+it)‖ ≤ C(1+|t|); ‖archimedean(1+δ+it)‖ ≤ C(1+|t|)	the archimedean part of ξ′/ξ is polynomially bounded on a vertical line, enough for the prime side against a decaying weight	0<δ<1	L:RH/ArchimedeanPolynomialBound:exists_archimedean_bound; L:RH/ArchimedeanPolynomialBound:exists_logDeriv_Gammaℝ_bound	formal-checked	uses:rh.gamma-reflection-lower
rh.zero-gap-height	landmark	S⊂ℝ finite, a∈ℝ ⇒ ∃T∈[a,a+1], ∀p∈S, |T−p| ≥ 1/(2(#S+1))	a unit interval always holds a height at controlled distance from finitely many zero heights		L:RH/ZeroGap:exists_gap	formal-checked	
rh.horizontal-edge-bound	landmark, receiver	∃T∈[T₀,T₀+1]: ξ≠0 and ‖ξ′/ξ(x±iT)‖ ≤ 16(B+N log 2)/r + 2N(2N+1) on −δ≤x≤1+δ	the horizontal edges of the explicit-formula rectangle have a polynomial-in-height log-derivative bound	T₀≥2, δ>0; growth C	L:RH/HorizontalEdgeBound:exists_good_height; L:RH/LandauAtHeight:exists_zeroFactorization_at_height	formal-checked	uses:rh.zero-gap-height, uses:rh.landau-lemma, uses:rh.xi-line-two-lower
rh.edge-integrals-vanish	landmark, receiver	‖h(x+it)‖ ≤ K/(1+|t|)⁵ ⇒ ‖∫_{−δ}^{1+δ} h·ξ′/ξ(x±iT)dx‖ ≤ K·edgeConst·(1+2δ)/(1+T₀)	under quintic decay of the weight the horizontal-edge integrals vanish with the height	T₀≥2, δ>0	L:RH/EdgeIntegralVanishes:exists_height_edges_small	formal-checked	uses:rh.horizontal-edge-bound
rh.explicit-formula-receiver	receiver, receipt, landmark	zero receiver Z_T(c,R) = Σ_{ρ∈D(c,R)} m_ρ ĥ(ρ); prime receiver P_T(N) with von Mangoldt weights at both log orientations; ports ⇒ Z_T(c,R) = polar_T − P_T(N) − archimedean + boundary	the explicit formula as a typed receiver: zero, prime, polar and contour receivers with two named ports, never postulated	WeilTestFunction T (smooth compactly supported kernel on the log line and its bilateral Laplace transform ĥ)	L:RH/ExplicitFormulaReceiver:WeilTestFunction; L:RH/ExplicitFormulaReceiver:truncatedZeroReceiver; L:RH/ExplicitFormulaReceiver:truncatedPrimeReceiver; L:RH/ExplicitFormulaReceiver:truncatedExplicitFormula_of_ports	formal-checked	instance-of:receipt.reception
rh.dirichlet-prime-receiver	receiver, landmark	Re s>1 ⇒ Σ_n Λ(n)n^{−s} = −ζ′(s)/ζ(s); Λ(n)g(n) ≥ 0 for g ≥ 0	the finite-place term is the logarithmic derivative of zeta and its local weights are nonnegative by address	Re s>1	L:RH/ExplicitFormulaReceiver:dirichletPrimeReceiver_eq_logarithmicDerivative; L:RH/Xi:theFinitePlaceTermIsTheLogarithmicDerivative; L:RH/Xi:theLocalWeightsAreNonnegative	formal-checked	instance-of:ratio.log-branch
rh.weighted-argument-principle	receiver, landmark, aeon	C(c,R) zero-free ⇒ (2πi)^{−1}∮_{C(c,R)} Φ(z)ξ′(z)/ξ(z)dz = Σ_{ξ(ρ)=0, |ρ−c|≤R} m_ρ Φ(ρ)	the first explicit-formula port is discharged on every admissible contour, returning the xi divisor with multiplicity	AdmissibleXiContour c R; every Weil test	L:RH/WeightedArgumentPrinciple:hasWeightedArgumentPrinciple; L:RH/ExplicitFormulaReceiver:hasWeightedArgumentPrinciple_iff_defect_eq_zero	formal-checked	uses:rh.local-argument-principle, uses:rh.explicit-formula-receiver
rh.archimedean-receiver	receiver	Γ-contribution = (1/2π)∫ĥ(t)Re ψ(¼+it/2)dt = −γ_E h(0) + 2∫₀^∞[e^{−2x}h(0) − e^{−x/2}(h(x)+h(−x))/2]/(1−e^{−2x})dx	the archimedean receiver of the explicit formula constructed on the logarithmic line	even kernel; Re z>0 for ψ's integral form	L:RH/ArchimedeanReceiver:archimedeanReceiver; L:RH/ArchimedeanReceiver:truncatedExplicitFormula_of_archimedeanPorts	definition	uses:rh.explicit-formula-receiver
rh.xi-edge-decomposition	receiver, landmark	Re s>1 ⇒ ξ′/ξ(s) = 1/s + 1/(s−1) + Γ_ℝ′/Γ_ℝ(s) + ζ′/ζ(s); ξ′/ξ(1−s) = −ξ′/ξ(s)	right of Re=1 the log-derivative is archimedean plus prime comb, and the reflection folds the left edge onto the right with weight h(1−s)		L:RH/XiEdgeDecomposition:logDeriv_riemannXi_eq; L:RH/XiEdgeDecomposition:logDeriv_riemannXi_one_sub; L:RH/XiEdgeDecomposition:hasSum_right_edge	formal-checked	uses:rh.dirichlet-prime-receiver
rh.prime-comb-right-edge	receiver, landmark	σ>1 ⇒ ∫_a^b h(σ+it)(−ζ′/ζ)(σ+it)dt = Σ_n ∫_a^b h(σ+it)Λ(n)n^{−σ−it}dt	the right edge of the rectangle is the prime comb, read term by term	h continuous, σ>1	L:RH/PrimeSideVertical:hasSum_integral_term	formal-checked	uses:rh.dirichlet-prime-receiver
rh.explicit-formula-finite-height	receiver, receipt, landmark	2πi Σ_{ρ∈R°} m_ρ h(ρ) = ∫_{bottom} h ξ′/ξ − ∫_{top} h ξ′/ξ + i(∫_{right} h·arch − Σ_n ∫_{right} h Λ(n)n^{−s}) + reflected left edge	on [−δ,1+δ]×[−T,T] the weighted zero comb equals the horizontal edges plus the two prime-comb edges	δ,T>0; ∂R zero-free; h entire	L:RH/ExplicitFormulaFiniteHeight:explicit_formula_finite_height	formal-checked	uses:rh.rectangle-argument-principle, uses:rh.xi-edge-decomposition, uses:rh.prime-comb-right-edge
rh.explicit-formula-limit	receiver, receipt, landmark	∃T_n∈[n+2,n+3]: 2πi·zeroSide(δ,h,T_n) − primeSide(δ,h,T_n) → 0; and 2πi·zeroSide(T_n) → primeSideLimit(δ,h)	the zero comb of xi is asymptotically the prime comb; the prime side converges (Tannery), so the explicit formula holds classically	h entire, ‖h(x+it)‖ ≤ K/(1+|t|)⁵ on the strip; 0<δ<1	L:RH/ExplicitFormulaLimit:explicit_formula_limit; L:RH/PrimeSideConverges:explicit_formula_classical	formal-checked	uses:rh.explicit-formula-finite-height, uses:rh.edge-integrals-vanish, uses:rh.archimedean-line-bound
rh.explicit-formula-weil-tests	receiver, receipt, landmark	‖ĥ(x+it)‖ ≤ K/(1+|t|)^k on every strip, ∀k; hence the explicit formula in the limit holds for every Weil test function	a Weil test's spectral kernel decays to every order on strips, discharging the decay hypothesis	WeilTestFunction T; δ>0	L:RH/SpectralKernelDecay:exists_strip_decay; L:RH/SpectralKernelDecay:explicit_formula_limit_weil; L:RH/PrimeSideConverges:explicit_formula_classical_weil	formal-checked	uses:rh.explicit-formula-limit
rh.weil-square-on-line	coholon, receiver, landmark	h = g⋆g̃ ⇒ ĥ(s) = G(s)·conj G(1−s̄); Re s = ½ ⇒ ĥ(s) = |G(s)|²	on the critical line the spectral kernel of a Weil square is a squared modulus	WeilSquare T	L:RH/WeilPositivity:WeilSquare; L:RH/WeilPositivity:spectralKernel_eq_normSq_on_line	formal-checked	uses:rh.critical-line-fixed-locus
rh.weil-positivity-under-rh	coholon, receiver, landmark	RH ⇒ Z_T(c,R) ∈ ℝ_{≥0} for every Weil square; with the Weil-criterion port, RH ⇔ ∀T square, ∀c,R, Z_T(c,R) ≥ 0	under RH the spectral Weil receiver of a square is a nonnegative real; with the port, RH is exactly that positivity	port HasWeilCriterion for the converse	L:RH/WeilPositivity:truncatedZeroReceiver_nonneg_of_RH; L:RH/WeilPositivity:riemannHypothesis_iff_weilPositivity; L:RH/WeilPositivity:HasWeilCriterion	formal-checked	uses:rh.weil-square-on-line
rh.zero-comb-diagonal-cross	coholon, receiver, landmark	Z_T(c,R) = Σ_{Re ρ=½} m_ρ|G(ρ)|² + Σ_{Re ρ≠½} m_ρ G(ρ)conj G(1−ρ̄); Z_T ≥ 0 ⇔ offLineCross ≥ −onLineDiagonal; RH ⇒ offLineCross = 0	the Weil receiver is an on-line diagonal (nonnegative unconditionally) plus an off-line cross term; positivity is exactly a bound on the cross term	WeilSquare T	L:RH/ZeroComb:truncatedZeroReceiver_eq_diagonal_add_cross; L:RH/ZeroComb:isNonnegativeReal_iff_cross; L:RH/ZeroComb:offLineCross_eq_zero_of_RH	formal-checked	uses:rh.weil-square-on-line
rh.xi-divisor-reflection	landmark	div_{D(½,R)} ξ(1−u) = div_{D(½,R)} ξ(u); Z_T(½,R) = Z_{T∘(1−·)}(½,R)	on centred discs the xi divisor and the zero receiver are reflection symmetric	centred disc	L:RH/ZeroComb:divisor_riemannXi_one_sub; L:RH/ZeroComb:truncatedZeroReceiver_eq_reflected	formal-checked	uses:rh.xi-zeros-are-zeta-zeros
rh.off-line-cross-pairs	coholon, receiver, landmark	offLineCross(½,R) = Σ_{Re u≠½} m_u (ĥ(u)+ĥ(1−u))/2; real-symmetric square: ĥ(s) = G(s)G(1−s), cross = Σ_{off} m_ρ G(ρ)G(1−ρ)	the off-line cross term is a sum over reflection pairs, each paying the symmetrized kernel	centred disc; RealWeilSquare for the product form	L:RH/ZeroCombPairing:offLineCross_eq_pairs; L:RH/ZeroCombPairing:offLineCross_eq_of_real; L:RH/ZeroCombPairing:RealWeilSquare.spectralKernel_eq	formal-checked	uses:rh.zero-comb-diagonal-cross, uses:rh.xi-divisor-reflection
rh.global-weil-finish-line	receiver, landmark	GlobalWeilFinishLine := (cofinal zero-free contours, prime/archimedean residual identity on each, convergent receivers, arithmetic positivity, an OffLineWeilSeparator for every off-line nontrivial zero) ⇒ RH.Statement	the global Weil construction target: its fields expose the missing analytic objects and do not contain RH; supplying them closes RH	named construction target, not asserted	L:RH/GlobalWeilFinishLine:GlobalWeilFinishLine; L:RH/GlobalWeilFinishLine:statement_of_globalWeilFinishLine; L:RH/GlobalWeilFinishLine:OffLineWeilSeparator	open	uses:rh.weil-positivity-under-rh, uses:rh.cofinal-xi-contours
rh.cofinal-xi-contours	landmark, receiver	choose one radius per real interval outside the finite set of bad zero radii ⇒ nested cofinal zero-free xi contours	the cofinal contour family the global finish line needs exists; it proves no positivity	entire nonzero ξ, finite zeros per disc	L:RH/CofinalXiContoursConstructed:cofinalXiContours	definition	uses:rh.zero-factorization
rh.weil-vector-evaluation	receiver, landmark	Σ_n Λ(n)·1_{2,4,8}(n) = 3 log 2 > 0; Σ_k Λ(k)·1_{k|n} = log n; ψ(n+1) − ψ(1) = H_n	one certified finite-place evaluation: the test vector at {2,4,8} returns 3 log 2 = log 8, composite addresses pay nothing, and the archimedean term returns a harmonic-number difference	n∈ℕ	L:RH/WeilVector:theWeilFunctionalOnOneTestVector; L:RH/WeilVector:theFiniteFunctionalOnADivisorVectorIsTheLogarithm; L:RH/WeilVector:theArchimedeanDifferenceIsTheHarmonicNumber	formal-checked	uses:rh.dirichlet-prime-receiver, instance-of:arith.prime-valuation
rh.positive-laplace-off-line	landmark	F(s) = 1 + (6/13)(e^{s−½} + e^{−(s−½)}): F(1−s)=F(s), three positive masses at log addresses 0, ±1, yet F(½ + log(3/2) + iπ) = 0 with ½<Re<1	positive even source weights with a reflected phase current do not force seam zeros: positivity of the source is not Weil-square positivity of the xi divisor		L:RH/PositiveLaplaceOffLineControl:positiveEvenLaplace; L:RH/PositiveLaplaceOffLineControl:positiveEvenLaplace_offLine_zero; L:RH/PositiveLaplaceOffLineControl:offLinePoint	counterexample	obstructs:rh.weil-positivity-under-rh
rh.prime-atom-not-positive	receiver, landmark	generator (1,−1): c(0)=2, c(±1)=−1; (Λ(2)/√2)(c(1)+c(−1)) < 0; completed energy ≥ 0 ∀x,y ⇔ Λ(2)/√2 ≤ d	a single prime atom is not a positive Weil-square operator; it needs a diagonal of at least its own weight	two-site autocorrelation; source-qualified, not a counterexample to the complete Weil form	L:RH/PrimeAutocorrelationObstruction:firstPrimeAtom_negative; L:RH/PrimeAutocorrelationObstruction:twoSiteCorrelation_at_one; L:RH/PrimeAutocorrelationObstruction:firstPrimeDiagonalThreshold; L:RH/PrimeAutocorrelationObstruction:completedTwoSiteEnergy_nonnegative_iff	counterexample	obstructs:rh.weil-positivity-under-rh
rh.prime-aperture-truncation	receiver, tube	g supported in |x|≤A, 2A < M log p, m ≥ M ⇒ (g⋆g̃)(±m log p) = 0	a compact test's autocorrelation vanishes beyond its aperture diameter, so the full Euler resolvent is not a pointwise sign certificate for one test	A≥0, p>1	L:RH/PrimeApertureCorrelation:primePowerContact_vanishes_beyond_aperture	formal-checked	
rh.prime-phase-partition	receiver, ratio	R(q,u) = qu/(1−qu), q=p^{−1/2}, |u|=1: Re R ≥ 0 ⇔ Re u ≥ q; Σ_i n_i/d_i ≥ 0 ⇔ Σ_i n_i ∏_{j≠i}d_j ≥ 0 (d_i>0)	one prime's repeated translations split the phase population into signed sectors by the numerator over a positive common denominator, not by the prime weight	p≥2 prime	L:RH/PrimePhasePartition:phaseResolvent; L:RH/PrimePhasePartition:prime_phase_nonneg_iff; L:RH/PrimePhasePartition:finite_common_denominator_nonneg_iff	formal-checked	instance-of:ratio.log-branch
rh.weil-aperture-no-go	receiver, tube	p≥2, m≥1 ⇒ Π_{log 2}·τ_{m log p}·Π_{log 2} = 0	a prime-power translation of at least the aperture length leaves a fixed Sonin aperture, so conjugating the base operator with fixed support cannot carry a new prime overlap	fixed aperture; does not bar a growing aperture or a changed metric	L:RH/WeilApertureNoGo:prime_power_base_aperture_zero	counterexample	obstructs:rh.global-weil-finish-line
rh.archimedean-mode-sign	receiver, parametron	σ_m(ω) = 2λ_m/(λ_m²+ω²) − 1/(m+1), λ_m = 2m+½: σ_m(0) > 0, σ_m(2(m+1)) < 0; σ_m(ω) ≥ 0 ⇔ ω² ≤ (3/2)λ_m	every paired archimedean mode has a positive low-frequency face and a negative high-frequency face; the pairing must be kept at the common denominator	m∈ℕ; no Fourier representation of the whole receiver claimed	L:RH/ArchimedeanModeSign:pairedSymbol; L:RH/ArchimedeanModeSign:pairedSymbol_changes_sign; L:RH/ArchimedeanModeSign:pairedSymbol_nonneg_iff	counterexample	obstructs:rh.weil-positivity-under-rh
rh.theta-hankel-positive	coholon, landmark	Σ_{i,j} c_i c_j θ_N(t_i+t_j) = 2Σ_{n<N}(Σ_i c_i θ_n(t_i))² ≥ 0	each finite theta section has a genuine Gram factorization: a source-derived positive face on the half-line, not the complete Weil receiver	finite S, N	L:RH/ThetaHankelPositive:finiteThetaSection_gram; L:RH/ThetaHankelPositive:finiteThetaSection_nonneg	formal-checked	uses:arith.theta-jacobi
rh.theta-mellin-source	landmark, navigator	T3(t) = evenKernel₀(t) (t>0); Re s>1 ⇒ Mellin((T3−1)/2)(s/2) = Λ(s)	the Landen theta kernel is the Mellin source of completed zeta in the half-plane of absolute convergence	Re s>1	L:RH/ThetaMellin:landenT3_eq_evenKernel_zero; L:RH/ThetaMellin:completedRiemannZeta_hasMellin_T3	formal-checked	uses:arith.theta-jacobi
rh.divisor-source-transport	receiver, contact, ratio	F(n,m) = d_n·c_m/Σ_{m′~n}c_{m′} on incident (n,m); Σ_m F(n,m) = d_n; Σ_n F(n,m) = c_m·κ_m; κ_m ≤ 1 ∀m ⇒ Σ_n d_n ≤ Σ_m c_m	the finite core of the divisor-source continuation: the proportional candidate carries each demand exactly and loads each receiver at capacity × congestion, so congestion ≤ 1 is a feasible transport	d,c ≥ 0; every source has nonzero incident capacity	L:RH/DivisorSourceTransport:proportionalFlow; L:RH/DivisorSourceTransport:proportionalFlow_row_sum; L:RH/DivisorSourceTransport:proportionalFlow_column_sum; L:RH/DivisorSourceTransport:total_demand_le_total_capacity; P:mathematics/theorems/divisor-source-transport-boundary.typ	formal-checked	uses:ratio.div-rem
rh.divisor-source-congestion-witness	receiver, contact	S sources all incident to m ⇒ Σ_{n∈S} d_n/D_n ≤ κ_m; Σ_{n∈S} d_n/D_n > 1 ⇒ κ_m > 1	a family of sources sharing one receiver lower-bounds its congestion, so an overloaded family certifies infeasibility of the proportional transport	D_n = descendant capacity ≠ 0	L:RH/DivisorSourceTransport:subset_normalized_load_le_congestion; L:RH/DivisorSourceTransport:congestion_exceeds_one_of_subset_load	counterexample	obstructs:rh.divisor-source-transport
rh.divisor-quotient-reindex	ratio, receiver	m = n·k, k>0: n/x < y ⇔ y_D·m < y_N·x·k; y < nℓ/x ≤ 1 ⇔ y_N x k < y_D m ℓ ∧ mℓ ≤ xk; c_ω(nℓ)/c_ω(n) = ℓ^ω ∏_{p|ℓ, p∤n}(1−p^{−2ω})	the quotient k = m/n is the relative axis between old divisor and receiver: seam and band tests become cross-multiplied integer tests with no quotient taken, separating geometry (s,k,ℓ) from the arithmetic coefficient	exact rational seam y = y_N/y_D	L:RH/DivisorQuotientFamily:belowSeam_iff_quotient; L:RH/DivisorQuotientFamily:positiveBand_iff_quotientBand; L:RH/DivisorQuotientFamily:descendant_through_quotient	formal-checked	uses:ratio.div-rem, uses:rh.divisor-source-transport
rh.reflected-pair-current	landmark, contact	(s + J s)/2 = ½ + i·Im s; comb′(z₀) = m_{Jz₀}/(z₀ − Jz₀) + surplus, surplus = Σ_{ρ≠z₀,Jz₀} m_ρ/(z₀−ρ)	the finite zero current at a simple zero splits into its same-height reflected partner's current and a surplus, with the reflection centre on the seam	FosterClass f, finite factorization on a disc	L:RH/TransverseCurrentBound:reflected_pair_center; L:RH/FiniteZeroCurrent:reflectedFiniteSurplus; L:RH/FiniteZeroCurrent:comb'_eq_reflected_pair_add_surplus	formal-checked	uses:rh.comb-flux-simple-zero
rh.rightmost-zero-current	landmark, contact	rightmost simple zero s, Re s−½ = d > 0, reflected partner simple ⇒ 1/d ≤ Re(2·comb′(s)); Re(−f″/f′(s)) ≤ −1/d + 4(‖s−½‖+δ/2)·tailInvSq(R)	the rightmost off-seam zero receives a nonnegative normal current from every other zero, at least its partner's 1/d, so its velocity points back toward the seam up to the Foster tail	finite Foster divisor; does not assert the global source has no off-line zeros	L:RH/ZeroNavigationReflection:rightmost_comb_normal_lower; L:RH/ZeroNavigationReflection:rightmost_zero_velocity_normal_upper	formal-checked	uses:rh.reflected-pair-current, uses:rh.foster-split-defect
rh.transverse-current-collision	landmark, contact	d′ ≤ −1/d − J + ε, d(J−ε) ≥ a ≥ 0 ⇒ d(T)² + 2(1+a)T ≤ d(0)²; so d(0)² < 2(1+a)T is impossible	with a bounded transverse current the distance to the seam falls at least as fast as the lone pair's, and no positive trajectory outlives d₀²/(2(1+a))	d>0 on [0,T]	L:RH/TransverseCurrentBound:sq_add_two_mul_le_of_current; L:RH/TransverseCurrentBound:no_positive_trajectory; D:docs/RH_CENTERED_CURRENT_UPPER_BOUND.md#the-strengthened-squared-width-law	formal-checked	generalizes:rh.pair-collision-bound
rh.reflected-quadratic-witness	landmark, navigator	q(s) = ¼ − (2s−1)², q(1−s) = q(s), q(¾) = 0 with ½ ≠ Re ¾ ∈ (0,1); q_τ = q − 8τ: q_{1/32}(½) = 0; q_{τ+h²}(s) − q_τ(s) = q_τ(s+h) − 2q_τ(s) + q_τ(s−h)	a reflection-symmetric source can have off-seam zeros; its heat quadratic meets on the seam at τ=1/32 and obeys the exact discrete heat equation		L:RH/ZeroNavigationReflection:reflectedQuadratic; L:RH/ZeroNavigationReflection:reflectedQuadratic_off_seam_zero; L:RH/ZeroNavigationReflection:reflectedHeatQuadratic_meets_on_seam; L:RH/ZeroNavigationReflection:reflectedHeatQuadratic_discrete_heat	counterexample	obstructs:rh.critical-line-fixed-locus
rh.folded-source	navigator, landmark	H_std(t,z) = ∫_{u>0} cosine integrand; Σ_{n≥1}∫_{u>0} foldedSourceTerm(t,z,n,u) = H_std(t,z) ∀t∈ℝ	with the full theta reflection applied first, the positive-index integer population reconstructs the standard xi flow at every real heat time	t∈ℝ	L:RH/FoldedKernel:Hstd_eq_integral_positiveHalfLine; L:RH/FoldedSource:hasSum_integral_foldedSourceTerm	formal-checked	uses:rh.dbn-standard-chart, dual-of:rh.flowed-events-not-integrable
rh.folded-source-tail	navigator, receiver	|t|≤T, |Im z|≤R ⇒ ‖H_std(t,z) − Σ_{n≤N}‖ ≤ remainderBound(T,R,N) → 0; partial sources → H_std locally uniformly	the omitted folded population is bounded by a Gaussian cutoff times one aperture constant, uniformly on the declared apertures	T,R ≥ 0	L:RH/FoldedSourceTail:norm_Hstd_sub_partialSource_le; L:RH/FoldedSourceTail:tendstoLocallyUniformly_partialSource	formal-checked	uses:rh.folded-source
rh.folded-source-zero-count	landmark, receiver	∂R zero-free for H_std(t) ⇒ eventually the partial folded sources have the same rectangle divisor count k	finite folded populations eventually count the flow's zeros exactly on a zero-free rectangle, placing none	t∈ℝ	L:RH/FoldedSourceZeros:eventually_rectangle_count_eq	formal-checked	uses:rh.folded-source-tail, uses:rh.rectangle-count-stable
rh.conj-index-involution	landmark, swing	f(z̄)=conj f(z) ⇒ σ: u ↦ 1−ū is an involution of the upper zero index; sym s = s ∪ σs is σ-invariant, cofinal, ∏_{sym s} F∘σ = ∏_{sym s} F; a(σi)(z) = conj a(i)(z̄)	conjugation symmetry reindexes the upper zeros so symmetric products may be averaged factor by factor	ConjSymm f	L:RH/ConjIndex:prod_sym_σ'; L:RH/ConjIndex:a_σ'	formal-checked	uses:rh.xi-conjugation
rh.heat-flow-joint-continuity	navigator	(t,z) ↦ heatE t f(z) jointly continuous; Lipschitz in t on |t|≤T, ‖z‖≤R with constant the bound of f″'s flow	the flow is jointly continuous, the input for stability of rectangle counts in the clock	f entire of growth ρ<2	L:RH/HeatFlowContinuity:continuous_heatE; L:RH/HeatFlowContinuity:norm_heatE_sub_le	formal-checked	uses:rh.entire-heat-flow
rh.zeta-right-half-plane	landmark	Re s ≥ 2 ⇒ |ζ(s)| ≤ Σ 1/n² ; Λ₀(1−s) = Λ₀(s)	zeta is bounded on Re s ≥ 2 by the real part's own series, and the functional equation halves the strip problem		L:RH/GammaBound:theZetaIsBoundedOnTheRightHalfPlane; L:RH/GammaBound:theFunctionalEquationHalvesTheStrip	formal-checked	
rh.zero-divisor-defect-population	landmark	s₀≠1: div ζ(s₀) ≠ 0 ⇔ ζ(s₀) = 0; zero set discrete; every zero carries a finite positive index; Λ₀(s)=0, s≠½ ⇒ Λ₀(1−s)=0 ∧ 1−s≠s	the zero divisor is a discrete defect population with a finite index at each zero, and an off-centre zero is never alone		L:RH/Xi:theZeroDivisorIsSupportedOnTheZeros; L:RH/Xi:theZeroSetIsDiscrete; L:RH/Xi:theIndexIsPositiveExactlyAtAZero; L:RH/Xi:theOffLineZeroIsNeverAlone	formal-checked	uses:rh.critical-line-fixed-locus
rh.event-elementary-bounds	navigator	‖s‖≥2 ⇒ ‖ε₁(s)‖ ≤ 3/‖s‖, ‖ℓ′(s)‖ ≤ 3/‖s‖, ‖Λ(s)‖ ≤ log‖s‖ + 6; |Re s|≤X ⇒ ‖γ_t(s)‖ ≥ c_g(X)‖s‖²‖s‖^{−(X+1)/2}e^{−π‖s‖/2}e^{−tπ²/4}	RT3(iii-d,g): the elementary pieces of the saddle estimate, with the main term bounded below in a strip	‖s‖≥2, t≥0	L:RH/EventBounds:norm_ε₁_le; L:RH/EventBounds:norm_Λ_le; L:RH/EventPieces:norm_g_ge; L:RH/EventPieces:norm_γt'_ge	formal-checked	uses:rh.gamma-stirling-remainder
rh.event-tails-and-horizontals	navigator	‖tails of Re z=2 beyond |y′−y|≤Y‖ ≤ 2K₀(1+|y|+4√t)√(64πt)e^{−Y²/(64t)}, K₀ = e^{(2−Re w)²/(4t)}/(2π); ‖H_±‖ ≤ 2M_H·(X+h+2)	RT3(iii-h,k): the line tails decay like a Gaussian in the window half-width and the horizontal pieces are bounded by an explicit M_H	t>0, Y ≥ 2tπ, |Im w−y| ≤ tπ	L:RH/EventTail:norm_tail_le; L:RH/EventHorizontal:norm_Hpiece_le; L:RH/EventExplicit:norm_rdef_le_explicit	formal-checked	uses:rh.event-saddle-decomposition
rh.folded-source-majorant	navigator	‖foldedSourceTerm(t,z,n,u)‖ ≤ 2π²(n+1)⁴e^{−π(n+1)²/2}·e^{Tu²+(R+9)u−πe^{4u}/2}; ∂_z ∫foldedSourceTerm = ∫∂_z foldedSourceTerm	each positive-index folded event has a separated integrable majorant and differentiates under the integral	|t|≤T, |Im z|≤R, u≥0	L:RH/FoldedSourceBounds:norm_foldedSourceTerm_le; L:RH/FoldedSourceDerivative:hasDerivAt_integral_foldedSourceTerm	formal-checked	uses:rh.folded-source
rh.riemann-xi-weighted-count	landmark, receiver	Σ_{u∈D(c,R)} m_u log(R/‖c−u‖) ≤ C(‖c‖+R+2)log(‖c‖+R+2) − log‖ξ(c)‖	the pointwise growth passes from the additive completion to the classical xi, so Jensen's weighted count is of xi's own divisor	R≥1, ξ(c)≠0; unconditional; places no zero	L:RH/RiemannXiGrowth:weightedRiemannXiCount_isUnconditionallyBounded; L:RH/RiemannXiGrowth:pointwiseRiemannXiGrowth_of_completedGrowth	formal-checked	uses:rh.abscissa-growth-corrected, uses:rh.riemann-xi
coupling.receiver-form	coholon, receiver	ReceiverForm V := self-adjoint T, B(v,w)=⟨Tv,w⟩; positive: B(v,v)≥0; definite: B(v,v)=0 ⇒ v=0; coercive: ∃Δ>0, Δ‖v‖² ≤ B(v,v)	the six Millennium rows are one question asked of a receiver form: is it positive, definite, coercive (gapped)	real inner-product space V	L:Millennium/MillenniumCoupling:ReceiverForm	definition	uses:receipt.reception
coupling.gap-free-finite-dim	coholon, receiver	dim V < ∞, F positive and definite ⇒ F coercive; V complete, T(ball) totally bounded, F coercive ⇒ dim V < ∞	the gap is free in finite dimensions and a compact form refuses a gap: the mass-gap question lives only in infinite dimension		L:Millennium/MillenniumCoupling:theGapIsFreeInFiniteDimensions; L:Millennium/MillenniumCoupling:theGapRefusesACompactForm	formal-checked	uses:coupling.receiver-form
coupling.gap-perturbation	coholon, receiver	Δ‖v‖² ≤ F(v,v), |G(v,v)| ≤ ε‖v‖², ε<Δ ⇒ F+G coercive; F + (−F) is never coercive	a gap survives any perturbation smaller than itself and closes at equality	V nontrivial for the second	L:Millennium/MillenniumCoupling:theGapSurvivesASmallPerturbation; L:Millennium/MillenniumCoupling:theGapClosesAtEquality	formal-checked	uses:coupling.receiver-form
coupling.null-cone-is-collapse	coholon, receiver, compression	F positive ⇒ (F(v,v)=0 ⇔ v collapses to 0 under F's readings); F definite ⇔ no nonzero v collapses to 0; null directions are orthogonal to everything	the null cone of a positive form is the collapsed population of its readings, so definiteness and separation are one property	F positive	L:Millennium/MillenniumCoupling:theNullConeIsTheCollapsedPopulation; L:Millennium/MillenniumCoupling:theDefinitenessIsSeparation; L:Millennium/MillenniumCoupling:theNullDirectionIsOrthogonal	formal-checked	instance-of:compression.kernel, uses:coupling.separation-empty-collapse
coupling.antisymmetric-invisible	coholon, receiver	⟨Tx,y⟩ = −⟨x,Ty⟩ ⇒ ⟨Tv,v⟩ = 0; the gap ignores the antisymmetric part; a finer graded receiver sees the rotation (⟨R(1,1), G(1,1)⟩ = −1 while ⟨R(1,1),(1,1)⟩ = 0)	an antisymmetric operator returns nothing on the diagonal; only a finer receiver sees it		L:Millennium/MillenniumCoupling:theAntisymmetricPartIsInvisible; L:Millennium/MillenniumCoupling:theGapIgnoresTheAntisymmetricPart; L:Millennium/Pivots:theFinerReceiverSeesTheRotation	formal-checked	uses:coupling.receiver-form
coupling.gap-transport	coholon, receiver	f: W→V form-preserving, c‖x‖ ≤ ‖fx‖, F coercive ⇒ G coercive; definiteness and positivity transport backward along a form-preserving injection	definiteness transports backward along a form-preserving injection, but the gap only if the embedding is bounded below	c>0	L:Millennium/MillenniumCoupling:theGapTransports; L:Millennium/MillenniumCoupling:theDefinitenessTransports	formal-checked	uses:coupling.receiver-form
coupling.realization-causes-placement	coholon, receiver, holon	G(x,y) = ⟨fx,fy⟩ with f injective ⇒ G definite; c‖x‖ ≤ ‖fx‖ ⇒ G coercive; the Euclidean anchor is coercive with gap one	a form is definite because it is the pullback of the anchor along an injective realizer: realization causes placement		L:Millennium/Pivots:theRealizedFormIsDefinite; L:Millennium/Pivots:theRealizationBoundedBelowGivesTheGap; L:Millennium/Pivots:theEuclideanFormIsCoercive	formal-checked	uses:coupling.receiver-form
coupling.positivity-is-realization	coholon, receiver, holon	G positive ⇔ ∃f, G(x,y) = ⟨fx,fy⟩; G positive definite ⇔ ∃ injective such f; G coercive ⇔ ∃ such f with c‖x‖ ≤ ‖fx‖, c>0 (f = spectral square root)	on a finite-dimensional carrier a receiver form is positive exactly when it is realized, definite exactly when realized injectively, gapped exactly when realized bounded below	finite-dimensional V	L:Millennium/PositivityIsRealization:positive_iff_realized; L:Millennium/PositivityIsRealization:positiveDefinite_iff_realized_injective; L:Millennium/PositivityIsRealization:coercive_iff_realized_boundedBelow	formal-checked	generalizes:coupling.realization-causes-placement
coupling.null-cone-realizer-kernel	coholon, receiver, compression	G = f*f ⇒ (G(v,v)=0 ⇔ fv = 0); frame form Σ|r_i⟩⟨r_i| realized injectively ⇔ readings r_i separate	the null cone and the collapsed population are the realizer's kernel; the frame operator is realized by its joint reading map	finite-dimensional V	L:Millennium/RealizationCorollaries:nullCone_iff_realizer_kernel; L:Millennium/RealizationCorollaries:collapse_iff_realizer_kernel; L:Millennium/RealizationCorollaries:frameForm_realized_injective_iff_separating	formal-checked	uses:coupling.positivity-is-realization, instance-of:compression.kernel
coupling.forms-not-realized	coholon, receiver	hyperbolic form (null cone not a subspace) not positive, not realized; Hodge form of a unit class e with ‖w‖=1, w⊥e not realized; Borromean-variant helicity form not realized; Borromean helicity table realized by 0	the hyperbolic, Hodge-index and helicity forms have no realizer; blindness (all-zero helicity on the Borromean table) is realization by nothing		L:Millennium/Pivots:theHyperbolicFormIsNotPositive; L:Millennium/PositivityIsRealization:hyperbolicForm_not_realized; L:Millennium/RealizationCorollaries:hodgeForm_not_realized; L:Millennium/PositivityIsRealization:helicityForm_not_realized; L:Millennium/RealizationCorollaries:helicityForm_borromean_realized_by_zero	counterexample	obstructs:coupling.positivity-is-realization
coupling.transfer-form	coholon, receiver, parametron	T_u = [[1,u],[u,1]]: realized ⇔ |u| ≤ 1; coercive with gap 1−|u| for |u|<1; u=1: (1,−1) in the null cone; u=2: sign moves; u_n = 1−1/(n+1) realized ∀n but no uniform lower bound c survives	the transfer coupling is realized exactly on |u|≤1, and pointwise realizations of a family need not share a gap		L:Millennium/RealizationCorollaries:transferForm_realized_iff; L:Millennium/RealizedMillenniumForms:transferForm_coercive; L:Millennium/RealizedMillenniumForms:transferForm_not_coercive_at_one; L:Millennium/RealizedMillenniumForms:transferForm_not_positive_at_two; L:Millennium/RealizationCorollaries:transferFamily_no_uniform_bound	formal-checked	uses:coupling.positivity-is-realization, uses:coupling.uniformity-bar
coupling.stokes-form-gap	coholon, constitution	S_k = diag(k_i²), k_i² ≥ 1 ⇒ coercive, gap = first mode; the Laplacian's non-harmonic part is realized bounded below	the Stokes dissipation form is coercive and its gap is the first mode	k_i² ≥ 1	L:Millennium/RealizedMillenniumForms:stokesForm_coercive; L:Millennium/RealizationCorollaries:nonharmonic_realized_boundedBelow; L:Millennium/RealizationCorollaries:stokesForm_definite_iff	formal-checked	uses:coupling.positivity-is-realization, instance-of:fluid.navier-stokes
coupling.gram-form-separation	coholon, receiver	Gram(w) definite ⇔ (w_i) linearly independent; m < n readings in ℝ^m ⇒ Gram not definite	a Gram form is definite exactly when its readings separate; too many readings for the carrier collapse	w: Fin n → ℝ^m	L:Millennium/RealizedMillenniumForms:gramForm_definite_iff_linearIndependent; L:Millennium/RealizerJoints:gramForm_not_definite_of_dim_lt	formal-checked	uses:coupling.null-cone-is-collapse
coupling.mestre-regulator-form	coholon, landmark	Q_R(x) = 3L₀² + (11/3)L₁² + (24/11)L₂² + (23/8)L₃² + (45/23)L₄² + (13/5)L₅² + (24/13)L₆² + (59/24)L₇² + (105/59)L₈² + (83/35)L₉² + (144/83)L₁₀² + (7/12)L₁₁²	the rank-12 Mestre height form is an exact sum of twelve weighted squares, hence positive, definite and coercive	x ∈ ℚ¹² chart	L:Millennium/RealizedMillenniumForms:QR_sumOfSquares; L:Millennium/RealizedMillenniumForms:mestreForm_coercive	formal-checked	uses:coupling.positivity-is-realization
coupling.height-is-hodge-complement	coholon, landmark	mestreForm(v,v) = −hodgeForm_ample(ιv, ιv), ι orthogonal embedding into the ample perp	the BSD height form is the negated Hodge-index form on the ample complement: the height is a Hodge-index complement		L:Millennium/RealizerJoints:mestreForm_eq_neg_hodge; L:Millennium/RealizerJoints:mestreForm_definite_by_realization	formal-checked	uses:coupling.mestre-regulator-form, uses:coupling.forms-not-realized
coupling.transport-chain	complex, compression	A →into→ B →outOf→ C, outOf∘into = 0; realized = im into ≤ retained = ker outOf; glues ⇔ retained ≤ realized ⇔ obstruction group (retained/realized) trivial	a coupling remainder is the homology of a transport chain: the chain glues exactly when it is exact at the middle	additive groups	L:Millennium/Coupling:TransportChain; L:Millennium/Coupling:theChainGluesIffItIsExactAtTheMiddle; L:Millennium/Coupling:theCouplingRemainderIsTheHomology	formal-checked	instance-of:compression.cokernel, instance-of:complex.boundary-squared
coupling.collapsed-supplies-nothing	complex, compression	x ∈ ker(into) ⇒ into(x) = 0 reaches nothing downstream; into onto retained ⇒ glues	what the incoming transport collapses supplies nothing, and an onto supply glues		L:Millennium/Coupling:theCollapsedPopulationSuppliesNothing; L:Millennium/Coupling:theOntoSupplyGlues	formal-checked	uses:coupling.transport-chain
coupling.sectioning-values	swing, ratio	s(n) = 2cos(2π/n): s(1)=2, s(2)=−2, s(3)=−1, s(4)=0, s(6)=1, s(5)=(√5−1)/2, s(8)=√2, s(8)² = s(1)	the sectioning of a whole turn into n parts returns the trace 2cos(2π/n): golden reciprocal at five, √2 at eight		L:Millennium/Coupling:sectionValue; L:Millennium/Coupling:theFifthSectioningIsTheGoldenReciprocal; L:Millennium/Coupling:theOctetSectioningIsTheHalfPower; L:Millennium/Coupling:theQuadrantSectioningIsFlat	formal-checked	instance-of:trace.det-one-minus-tm
coupling.compressed-positivity	coholon, compression	CompressedPositivity := (symmetric bilinear form: V→V→ℚ, cutoff K, remainder W, K ⊥ W, sign); null self-pairing on W ⇔ radical; form descends to W/N ⇔ N ⊆ radical; descended form faithful ⇔ N = radical	a positivity datum pays on its retained remainder: the null cone is the radical, and the form descends exactly through quotients inside it	N ≤ remainder	L:Millennium/Paying:CompressedPositivity; L:Millennium/Paying:theNullConeIsTheRadical; L:Millennium/Paying:theFormDescendsIffTheQuotientedIsInTheRadical; L:Millennium/Paying:theQuotientIsFaithfulIffTheRealizedIsTheWholeRadical	formal-checked	instance-of:compression.kernel
coupling.cutoff-in-perp	coholon, compression	cutoff K admissible ⇔ K ⊆ perp(W); faithful form over the full remainder admits only K = 0	a cutoff is admissible exactly when it sits in the perp of the remainder		L:Millennium/Paying:theCutoffIsAdmissibleIffInThePerp; L:Millennium/Paying:theFaithfulFormAdmitsOnlyTheZeroCutoff	formal-checked	uses:coupling.compressed-positivity
coupling.descent-finite-atlas	compression, navigator	DescentData: size descends to a bounded core; {x : size x ≤ bound} finite ⇒ ∃ finite S, ⟨S⟩ = G	descent as inductive partitioning: a finite bounded core generates the whole group	G additive group with a descent	L:Millennium/Paying:theDescentComposesAFiniteAtlas; L:Millennium/Paying:theDescentReachesEveryElement	formal-checked	uses:compression.cokernel
coupling.oriented-span-quantum	complex, ratio	span(u,v) alternating, bilinear; span ≠ 0 ⇒ |span| ≥ 1 on the integer sites	the oriented span is the pairing on two edges, and a nonzero integer span is at least one triangle	integer sites	L:Millennium/Paying:theTriangleIsTheQuantum; L:Millennium/Paying:theSpanIsAlternating	formal-checked	
coupling.reflected-positivity	coholon, swing	θ² = 1: θ form-isometry ⇔ θ self-adjoint; round trip B(θa,b) symmetric with null set = radical; fixed and anti-fixed faces are orthogonal	a reflection is the first slot of the positivity form: for an involution isometry and self-adjointness coincide	θ involution on V, form over ℚ	L:Millennium/ReflectedPositivity:theIsometryIsExactlyTheSelfAdjointness; L:Millennium/ReflectedPositivity:theRoundTripNullConeIsTheRadical; L:Millennium/ReflectedPositivity:theCrossPairingVanishes	formal-checked	instance-of:swing.half-turn, uses:coupling.compressed-positivity
coupling.reflection-choice-sign	coholon, swing	on the four-site chain: bond round trip = u² (pays), shear = −2u² − 2uv + v² (indefinite), twist = −u² (negative), all involutive and self-adjoint	three equally legal self-adjoint reflections of one chain give a square, an indefinite and a negative round trip: reflection positivity depends on the reflection chosen	half vector (0,0,u,v), u,v∈ℤ	L:Millennium/ReflectedPositivity:theBondRoundTripIsASquare; L:Millennium/ReflectedPositivity:theShearRoundTripIsIndefinite; L:Millennium/ReflectedPositivity:theTwistRoundTripIsNegative; L:Millennium/ReflectedPositivity:theExchangingReflectionsDisagree	counterexample	obstructs:coupling.reflected-positivity
coupling.reflected-positivity-open	coholon	TheHalfExchangeIsNotRequired; TheAntilinearCaseIsNotCovered; TheQuotientIsNotConstructed	the named-open slots of reflection positivity: half exchange, the antilinear case and the quotient construction	named Props with falsifiers	L:Millennium/ReflectedPositivity:TheHalfExchangeIsNotRequired; L:Millennium/ReflectedPositivity:TheAntilinearCaseIsNotCovered; L:Millennium/ReflectedPositivity:TheQuotientIsNotConstructed	open	uses:coupling.reflected-positivity
coupling.trace-form-realized	coholon, receiver	⟨vec A, vec B⟩ = tr(AᵀB); Sᵀ=−S, Aᵀ=A ⇒ SᵀA + AᵀS = AS − SA; S antisymmetric commuting with every symmetric A ⇒ S = 0	the Riemann pivot: the trace form is the Euclidean pullback along vectorization, and the graded reading of an antisymmetric operator is its commutator	real n×n matrices	L:Millennium/TraceForm:theTraceFormIsTheEuclideanPullback; L:Millennium/TraceForm:theGradedReadingIsTheCommutator; L:Millennium/TraceForm:theInvisibleAntisymmetricIsZero; L:Millennium/TraceForm:theTraceFormIsDefinite	formal-checked	instance-of:coupling.realization-causes-placement
coupling.three-names-one-subgroup	complex, compression, receiver	on the theta complex: cycles = ker ∂ = collapsed population of the boundary reading = radical of the boundary-pullback form; declared remainder ≠ retained	retained, radical and collapsed are one derived subgroup, while a declared remainder may differ from it	theta complex; hollow triangle	L:Millennium/Receiver:theCyclesAreRetainedRadicalAndCollapsed; L:Millennium/Receiver:theRemainderIsNotTheRetained; L:Millennium/Receiver:theThreeDerivedObjectsCoincide	formal-checked	uses:coupling.transport-chain, uses:coupling.compressed-positivity
coupling.hollow-triangle	complex, globe	hollow triangle: ker ∂ = ⟨(1,1,1)⟩ ≠ 0, H₁ ≠ 0, form descends, loop class pays 3; pullback radical = cycles; ⟨(2,2,2)⟩ strictly inside the radical, (1,1,1) ∉ ⟨(2,2,2)⟩	a chain with real homology on which a form descends and pays three on the loop class	three edges, no face	L:Millennium/Triangle:theHollowTriangleDoesNotGlue; L:Millennium/Triangle:theLoopClassPaysThree; L:Millennium/Triangle:thePullbackRadicalIsTheCycles; L:Millennium/Triangle:theDoubledLoopIsStrictlyInside	formal-checked	instance-of:complex.boundary-squared, uses:coupling.compressed-positivity
coupling.theta-complex	complex, globe	theta complex: d₁∘d₂ = 0, a filled cell and a surviving loop; does not glue; form descends onto H₁ but is never faithful: (0,1,−1) null and not realized	a filled cell and a surviving loop at once: the descended form cannot be faithful	theta graph with one face	L:Millennium/Theta:d1_comp_d2; L:Millennium/Theta:theThetaChainDoesNotGlue; L:Millennium/Theta:theFormDescendsOntoTheThetaHomology; L:Millennium/Theta:theDescendedFormIsNotFaithful	counterexample	instance-of:complex.boundary-squared, obstructs:coupling.compressed-positivity
coupling.gluing-obstruction	tower, compression	GluingPassage glues ⇔ ObstructionGroup trivial; reached only in multiple k ⇒ k·[c] = 0 ∧ [c] ≠ 0; paying pairing: pair(a,·) = 0 ⇒ a = 0	gluing is triviality of the obstruction group, a candidate reached only in multiple is a torsion class, and a paying pairing leaves no object invisible	additive passages	L:Millennium/Gluing:glues_iff_obstruction_subsingleton; L:Millennium/Gluing:reachedOnlyInMultiple_is_torsion_class; L:Millennium/Gluing:no_object_is_invisible	formal-checked	instance-of:tower.gluing, instance-of:compression.cokernel
coupling.obstruction-frame-relative	tower, compression	hollow and filled passages share one candidate carrier; hollow does not glue, filled glues; a PassageRebase carries one to the other	an obstruction belongs to a frame, not to a carrier: gluing does not transport under rebase		L:Millennium/Rebase:gluingDoesNotTransport; L:Millennium/Rebase:theObstructionIsNotAnInvariantOfTheCarrier	counterexample	obstructs:coupling.gluing-obstruction
coupling.form-rebase	coholon, compression	FormRebase carries radical into radical; perp and cutoff transport only when the successor's remainder is covered; (1,0,0) ∈ perp before, ∉ perp after widening; sign forced where the form ≠ 0 on the remainder, free where it vanishes	the form travels with its radical, but the perp and an admissible cutoff do not survive a widened remainder		L:Millennium/FormRebase:theRadicalTransports; L:Millennium/FormRebase:thePerpDoesNotTransport; L:Millennium/FormRebase:theCutoffDoesNotTravel; L:Millennium/FormRebase:theSignIsFreeWhereTheFormVanishes	counterexample	uses:coupling.compressed-positivity
coupling.doubling-chain-instance	complex, compression	G →2→ G → G/2G exact at the middle; no coupling remainder; DescentData ⇒ G/2G finite; transversal + core generate	one remainder exhibited as a chain position: the doubling chain is exact, so the descent owes nothing at the middle	abelian group G with descent data	L:Millennium/Instance:theDoublingChainIsExact; L:Millennium/Instance:theTargetIsFinite; L:Millennium/Instance:theTransversalAndTheCoreGenerateTheSource	formal-checked	uses:coupling.transport-chain, uses:coupling.descent-finite-atlas
coupling.aperture-pigeonhole	receiver, compression	|Y|^{|F|} < |X| ⇒ ∃a≠b collapsed by F; separating the 2^{2^n} Boolean functions on n inputs needs |F| ≥ 2^n Boolean readings	a receiver family too small for its population must collapse a pair: separating Boolean functions demands an exponential aperture	finite X, Y	L:Millennium/Aperture:theFamilyTooSmallCollapses; L:Millennium/Aperture:theBooleanPopulationDemandsAnExponentialAperture	counterexample	instance-of:compression.kernel
coupling.blind-family-no-verdict	receiver, compression	R blind to P ⇒ ¬∃ verdict, P x ⇔ verdict(R.read · x); adjoining a reading f with P a ∧ ¬P b ⇒ f a ≠ f b breaks the blindness; residue family blind to the hand	a blind receiver family carries no verdict; breaking a barrier is adding a reading		L:Millennium/Lines:blindFamilyCarriesNoVerdict; L:Millennium/Lines:adjoiningAReadingCanBreakBlindness; L:Millennium/Lines:theResidueFamilyIsBlindToTheHand	counterexample	instance-of:compression.kernel
coupling.open-lines-index	receiver	theOpenLines.length = 6; with no obstruction group: 4; every line stated as a gluing passage	six named lines are open and four of them have no obstruction group in this index		L:Millennium/Lines:theIndexCountsFourOpenLinesWithNoObstructionGroup; L:Millennium/Lines:everyLineNamesARealizer	formal-checked	uses:coupling.gluing-obstruction
coupling.separation-empty-collapse	receiver, compression	¬collapse_F(a,b) ⇔ ∃f∈F, f a ≠ f b; F ⊆ G ⇒ collapse_G ⊆ collapse_F; collapse an equivalence; rational cuts separate ℝ	separation is the empty collapse: a separator exists exactly off the collapse and a finer receiver collapses less		L:Millennium/Separation:theSeparatorExistsExactlyOffTheCollapse; L:Millennium/Separation:theFinerReceiverCollapsesLess; L:Millennium/Separation:theCollapseIsAnEquivalence; L:Millennium/Separation:theRationalCutsSeparateTheReals	formal-checked	instance-of:compression.kernel
coupling.separator-coprimality	receiver, landmark	f separable ⇔ gcd(f, f′) = 1; f split ⇒ #distinct roots + #collapsed = deg f; blade(a,b,…) = −blade(b,a,…), disc symmetric	a polynomial's separator is coprimality with its derivative: degree = distinguishable count plus collapse, and the square (discriminant) deletes the permutation hand	F field	L:Millennium/Separation:theSeparatorIsACoprimality; L:Millennium/Separation:theDegreeIsTheDistinguishableCountPlusTheCollapse; L:Millennium/Separation:theSquareDeletesThePermutationHand	formal-checked	uses:coupling.separation-empty-collapse
coupling.galois-receiver-duality	receiver, holarchy	S ⊆ polar_L(T) ⇔ T ⊆ polar_R(S) for σx = x; polars reverse inclusion; closure idempotent; collapse = polarity of agreement	every relation induces an antitone Galois connection, and the Galois correspondence is the receiver duality		L:Millennium/Separation:theGaloisCorrespondenceIsTheReceiverDuality; L:Millennium/Separation:thePolarityIsAdjoint; L:Millennium/Separation:theCollapseIsThePolarityOfAgreement	formal-checked	uses:coupling.separation-empty-collapse
coupling.softmax-ratio-gauge	ratio	softmaxRatio(x+c)_{ij} = softmaxRatio(x)_{ij}; all ratios equal ⇔ y = x + c	the softmax ratio is the chart transition: gauge-invariant, and the ratios determine everything except the origin		L:Millennium/Separation:theRatioIsGaugeInvariant; L:Millennium/Separation:theRatiosDetermineTheGaugeClass; L:Millennium/Separation:theRatioIsTheChartTransition	formal-checked	instance-of:ratio.log-branch
coupling.integration-moves	complex, ratio	by parts (FG)′ = fG + Fg is a coboundary; substitution is a chart transition carrying a Jacobian; partial fractions a local–global split; 8 mod (2+3) ≠ (8 mod 2 + 8 mod 3) mod 5	the integration moves are complex operations, and a modulus does not distribute over a sum		L:Millennium/Separation:theByPartsMoveIsACoboundary; L:Millennium/Separation:theSubstitutionMoveIsAChartTransition; L:Millennium/Separation:thePartialFractionMoveIsALocalGlobalSplit; L:Millennium/Separation:theModulusDoesNotDistributeOverTheSum	formal-checked	uses:ratio.div-rem
coupling.uniformity-bar	receiver	∃g, g(n)>0 ∀n, g→0; 1/(T−t) bounded on every [0,T′], T′<T, not on [0,T)	a positive family can have zero infimum, and a finite-horizon family need not reach its horizon: pointwise is not uniform	T>0	L:Millennium/UniformityBar:thePositiveFamilyCanHaveZeroInfimum; L:Millennium/UniformityBar:theFiniteHorizonFamilyNeedNotReachTheHorizon; L:Millennium/UniformityBar:theUniformStatementIsStrictlyStronger	counterexample	obstructs:coupling.gap-free-finite-dim
coupling.advice-bar	receiver, compression	every language has a lengthwise table; any route ∀L, LengthwiseTable L ⇒ Class L proves Class of every language; polynomial size bound ⇒ table	a lengthwise table separates nothing: the advice route cannot establish a complexity class, and the size bound is the whole difference		L:Millennium/AdviceBar:theLengthwiseTableRouteCannotEstablishAnything; L:Millennium/AdviceBar:theBoundIsTheWholeDifference	counterexample	obstructs:coupling.pvsnp-official
coupling.index-form-both-signs	coholon, landmark	I(v) = v₁² − v₂²: I(0,1) = −1 (effective generator negative); I(3,2), I(−3,2) > 0, I(0,4) < 0; image of the cycle-class map ⊆ rational Hodge classes supplies no positivity	the Hodge-index form takes both signs and its positive locus is not convex, so the easy inclusion reads no positivity	ℚ²	L:Millennium/PositiveForm:theIndexFormTakesBothSigns; L:Millennium/PositiveForm:theEffectiveGeneratorCanBeNegative; L:Millennium/PositiveForm:thePositiveLocusIsNotConvex; L:Millennium/PositiveForm:theEasyInclusionSuppliesNoPositivity	counterexample	obstructs:coupling.positivity-is-realization
coupling.rank-one-regulator	coholon, landmark	P non-torsion on E/ℚ ⇒ Reg(P) = ĥ(P) > 0; the height form is definite off the torsion	a single independent point has positive regulator: the BSD side pays	HeightDatum on E	L:Millennium/PositiveForm:theRankOneRegulatorIsPositive; L:Millennium/PositiveForm:theHeightFormIsDefiniteOffTheTorsion	formal-checked	uses:coupling.receiver-form
coupling.joint-not-axiswise	coholon, receiver	Q(x,y) = x² − 3xy + y²: Q(1,0)=Q(0,1)=1>0 but Q(1,1) = −1 < 0; balanced pinch sums to (0,0)	pulling one strand at a time says nothing: termwise positivity is not joint positivity, and Weil positivity is a joint condition	ℚ²	L:Millennium/Comb:theAxiswiseTestIsNotThePositivityTest; L:Millennium/Comb:theTermwiseResultIsNotTheJointOne; L:Millennium/Comb:theBalancedPinchSumsToNull	counterexample	obstructs:rh.weil-positivity-under-rh
coupling.comb-closes-euler	complex, globe	closed side: χ = V−E+F = 2 ≠ 0, cannot be combed; flat side χ = 0 can; {3,3}: V−E+F = 2 with excess(3,3,3) = 0	the comb is free only where nothing closes (hairy ball in Euler-characteristic form)		L:Millennium/Comb:theCombIsFreeOnlyWhereNothingCloses; L:Millennium/Comb:theFlatSideCanBeCombed; L:Millennium/Comb:theClosingSideHasNonzeroCharacteristic	formal-checked	uses:coupling.angle-excess
coupling.seam-placement-law	landmark, swing	1−s̄ = s ⇔ Re s = ½; s↦1−s fixes only ½; ζ(s) = Λ(s)/Γ_ℝ(s) (s≠0); bridge ∧ orientation-sum bound ⇒ every mode on the seam	the seam is the fixed locus of the conjugate reflection; the one factor in another chart is the archimedean Γ_ℝ; a refuted magnitude claim would have sufficed through the named bridge	bridge Prop ThePlacementAndTheOrientationAreOneStatement named, unproved	L:Millennium/Seam:theSeamIsTheFixedLocusOfTheConjugateReflection; L:Millennium/Seam:theCombIsTheCompletedCombOverItsArchimedeanFactor; L:Millennium/Seam:theRefutedMagnitudeClaimWouldHaveSufficed; L:Millennium/Seam:ThePlacementAndTheOrientationAreOneStatement	formal-checked	equiv:rh.critical-line-fixed-locus
coupling.one-involution-loci	swing, landmark	Re s = ½ fixed by s↦1−s̄; |α|² = q ⇔ α = q/ᾱ (Weil circle); q^s·q^{1−s} = q; a z²+bz+a = 0, b²<4a² ⇒ |z| = 1	three loci (critical line, Weil circle √q, unit circle of a palindromic quadratic) are fixed sets of anti-holomorphic involutions of one shape	q>0; a≠0	L:Millennium/OneInvolution:theCriticalLineIsAFixedLocus; L:Millennium/OneInvolution:theWeilCircleIsAFixedLocus; L:Millennium/OneInvolution:theComplementaryPowersMultiplyToTheBase; L:Millennium/OneInvolution:thePalindromicQuadraticPutsItsZerosOnTheCircle	formal-checked	instance-of:swing.half-turn, uses:trace.det-one-minus-tm
coupling.sign-law	landmark, globe	units of ℤ[√−2]: ±1 only; (1+√2)ⁿ unbounded; sin(k·π/k) = 0 (focus), sinh(kt) > 0 (no focus); positive excess ⇒ finite list, holonOrder(2,3,5) = 60 = 2/excess(2,3,5)	one sign, three charts: closing (definite, positive curvature, positive excess) is finite and its count a reciprocal; opening is not		L:Millennium/SignLaw:theSignLaw; L:Millennium/SignLaw:theClosingCountIsAReciprocal; L:Millennium/SignLaw:theSplitInFiveCharts	formal-checked	uses:coupling.angle-excess, uses:coupling.deviation-focus
coupling.polarisation-stokes	complex, holon, coholon	⟨dφ, c⟩₁ = ⟨φ, ∂c⟩₀; flip: ⟨g, flip c⟩ = −⟨g, c⟩, flip² = id; only the zero chain is flip-fixed; ∂(cycle) = 0	inside and outside are a polarisation: Stokes is adjointness, and the flip negates the flux while the split survives	ℚ³ chains	L:Millennium/Polarisation:theAdjointnessIsStokes; L:Millennium/Polarisation:theFlipNegatesTheFlux; L:Millennium/Polarisation:theOnlyFlipFixedChainIsZero	formal-checked	instance-of:holon.stokes
coupling.shadows-integral-span	coholon, receiver	lattice: ⟨x,x⟩ = 24, ⟨x,A⟩ = 6; x ∉ ℤA + A^⊥ but 4x = A + (−2,2,2,2); ⟨ω,ω⟩x = ⟨ω,x⟩ω + (⟨ω,ω⟩x − ⟨ω,x⟩ω); hyperbolic squeeze (1,0) ↦ 2(1,0) isometric yet stretches an isotropic ray	a class need not lie in the integral span of the ample class and its perp; the self-pairing clears the denominator; an isometry can stretch an isotropic ray	ℤ-lattice; hyperbolic plane over ℚ	L:Millennium/Shadows:theClassIsNotInTheIntegralSpan; L:Millennium/Shadows:theFourfoldIsInTheIntegralSpan; L:Millennium/Shadows:theSelfPairingClearsTheDenominator; L:Millennium/Shadows:theStretchedRayIsIsotropic	counterexample	uses:coupling.index-form-both-signs
coupling.shadow-swing-null	swing, coholon	on the conjugate line through a class the two null parameters are a Swing pair about the class; the anchor's harmonic conjugate against a symmetric pair is ∞; where the form pays on the class and fails on the perp the null parameter is a positive ratio	a shadow is a receiver projection: null parameters of a class are exchanged by a Swing	ordered ring suffices	L:Millennium/Shadows:theSwingExchangesTheNullParameters; L:Millennium/Shadows:theAnchorAndTheDirectionAreHarmonic; L:Millennium/Shadows:theNullParameterIsAPositiveRatio	formal-checked	instance-of:swing.half-turn
coupling.algebraic-gns	coholon, compression	B symmetric, B(x,x) ≥ 0 ⇒ induced form on V/ker B is positive definite, anisotropic, nondegenerate; B(Tx,Tx) ≤ B(x,x) ⇒ T(ker B) ⊆ ker B and T descends as a contraction	the algebraic GNS step: quotienting a positive semidefinite form by its null space leaves a positive definite form, and contractions descend		L:Millennium/AlgebraicGNS:theGnsFormIsPosDef; L:Millennium/AlgebraicGNS:theGnsFormIsAnisotropic; L:Millennium/AlgebraicGNS:theContractionPreservesTheNullSpace; L:Millennium/AlgebraicGNS:theDescendedMapStillContracts	formal-checked	instance-of:compression.kernel, uses:coupling.compressed-positivity
coupling.two-region-positivity	receiver	κ>0, ε>0, C≥0, 0<s<min(κ/(4(C+1)), κε/(2(C+1))): (κ/2)s³ − Cs⁴ ≤ U_near, κεs² − Cs³ ≤ U_away ⇒ U_near, U_away > 0	the scalar two-region squeeze: two complementary lower bounds with explicit threshold give positivity at small scale		L:Millennium/TwoRegionPositivity:smallScaleThreshold; L:Millennium/TwoRegionPositivity:twoRegion_scalar_positive; L:Millennium/TwoRegionPositivity:brendleHung_secondOrderCoefficient_positive	formal-checked	
coupling.brendle-hung-hinge	coholon	second variation has a ten-component symmetric bilinear expansion; the repeated-V_dd transcription ≠ the C_d term (witness 2·V(0,0,1) ≠ 2·V(0,0,0)); exchange equivariance carries V_ac to V_bc	the corrected second-variation algebra of the Brendle–Hung hinge; the printed repeated-V_dd term is not a bilinear identity	exact algebra only; no metric constructed	L:Millennium/BrendleHungHinge:theSecondVariationHasTheCorrectTenComponentExpansion; L:Millennium/BrendleHungHinge:theRepeatedVddTermCannotReplaceTheCdTerm; L:Millennium/BrendleHungHinge:vbc_vanishes_from_exactExchangeEquivariance	counterexample	
coupling.difference-atlas	ratio, receiver	criticalSeamDifference(s) = Re s − ½ = 0 ⇔ s on the seam; F coercive ⇔ ∃gap>0, ∀ unit state, gap ≤ E(state) − E(0); rank clause ⇔ finite-rank differences zero; open Hodge class ⇔ quotient difference ≠ 0	each Millennium surface reads as a returned difference whose zero fibre is the target statement; no single scalar solves them		L:Millennium/MillenniumDifferenceAtlas:criticalSeamDifference_eq_zero_iff_mem; L:Millennium/MillenniumDifferenceAtlas:gap_iff_positive_unit_energyDifferences; L:Millennium/MillenniumDifferenceAtlas:rankClause_iff_zero_finiteRankDifferences; L:Millennium/MillenniumDifferenceAtlas:mem_openHodgeClasses_iff_nonzero_quotientDifference	formal-checked	instance-of:ratio.div-rem
coupling.border-degeneration	key, receiver	det M(e) = x₀₀·perm₂(lower block) + e²·R, R = −x₀₁·perm(hand) + x₀₂·det(hand); det(scaling(e)) = −e⁴; perm₂ m = m₀₀m₁₁ + m₀₁m₁₀	at n=3, m=2 the border of the determinant reaches the padded permanent; the remainder carries both hands	ℚ[x_ij]	L:Millennium/Border:theScaledDeterminantIsThePaddedPermanentPlusASquaredRemainder; L:Millennium/Border:theScalingMatrixDeterminantIsTheNegatedFourthPower; L:Millennium/Border:theTwoByTwoPermanentIsTheUnsignedPairing; L:Millennium/Border:theRemainderCarriesBothHands	formal-checked	uses:coupling.pvsnp-official
coupling.border-exceeds-orbit	receiver, compression	padded is annihilated by ∂ along its four absent slots; det₃ is annihilated only by 0; invertible A ⇒ subst_A det₃ ≠ padded; singular scaling(0) reaches padded	the border strictly exceeds the orbit at n=3, m=2: blindness transports along invertible substitutions only, and a singular one reaches what no invertible one does	ℚ, 3×3 generic matrix	L:Millennium/Border:thePaddedPermanentIsBlindAlongTheAbsentSlot; L:Millennium/Border:theDeterminantIsAnnihilatedOnlyByTheZeroDirection; L:Millennium/ChainRule:theOrbitSeparationIsUnconditional; L:Millennium/ChainRule:theSingularSubstitutionReachesWhatNoInvertibleOneDoes; L:Millennium/ChainRule:theSingularSubstitutionDoesNotTransportBlindness	formal-checked	uses:coupling.border-degeneration, uses:coupling.chain-rule-blindness
coupling.chain-rule-blindness	receiver	∂_v(p∘A) = (∂_{Av}p)∘A; linear substitutions compose as reversed matrix products; directional blindness transports along any substitution and back along invertible ones; blind population counted exactly	the directional reading transports whole under the chain rule, so the blind population is counted exactly		L:Millennium/ChainRule:theChainRuleCarriesThePartialThroughALinearSubstitution; L:Millennium/ChainRule:theLinearSubstitutionsComposeAsTheMatrixProduct; L:Millennium/ChainRule:theBlindnessTransportsAlongTheSubstitution; L:Millennium/ChainRule:theBlindPopulationIsCountedExactly	formal-checked	
coupling.pvsnp-official	receiver	PEqualsNP ⇔ P ⊆ NP ∧ ∀L, L∈NP ⇒ L∈P (TM2 languages); P⊆NP ∧ UniformVerifierCompiler ⇒ P=NP; ConcreteSeparator ⇒ P≠NP; P≠NP ⇔ ∃L ∈ NP∖P	P versus NP posed on actual finite-TM2 decision languages, with the two constructive finish lines	P⊆NP for the equivalences; finish lines are construction targets	L:Millennium/PVersusNP:PEqualsNP; L:Millennium/PVersusNP:pEqualsNP_iff_bothInclusions; L:Millennium/PVersusNPOfficialBridge:pEqualsNP_of_uniformVerifierCompiler; L:Millennium/PVersusNPOfficialBridge:pNotEqualsNP_of_concreteSeparator; L:Millennium/PVersusNPOfficialBridge:pNotEqualsNP_iff_exists_np_not_p	open	
coupling.pvsnp-causal-length	receiver, aeon	encoding-anchored causal-length family with a uniform polynomial upper bound ⇒ decider in polynomial time; tower clock length = TM2 output steps, boundary length = encoded length; uniform encoding-anchored verifier compiler ⇒ P = NP	causal passage length bounds polynomial time only when anchored to the encoding and the literal TM2 receiver	P⊆NP for the compiler clause	L:Millennium/PVersusNPCausalLengthBridge:booleanFunctionInPolynomialTime_of_uniformCausalLengthUpperBound; L:Millennium/PVersusNPCausalLengthBridge:towerClockLength_eq_outputSteps; L:Millennium/PVersusNPCausalLengthBridge:pEqualsNP_of_uniformEncodingAnchoredVerifierCompiler	formal-checked	uses:coupling.pvsnp-official, uses:coupling.causal-length-tower
coupling.boolean-tower	tower, landmark	#Bool^{Bool^n} = 2^{2^n} (16, 256, 65536); b^c = bc (b,c≥2) ⇔ b=c=2; 2^(2^(2^2)) ≠ ((2²)²)²; 17 = 2^{2²}+1; F₅ = 2^{32}+1 = 641·6700417	2^{2^n} is the Boolean function space; the exponential tower is associative only at 2 and unambiguous only to height three; seventeen is one past it		L:Millennium/BooleanTower:theBooleanFunctionSpaceHasDoubleExponentialSize; L:Millennium/BooleanTower:theExponentialTowerIsAssociativeOnlyAtTwo; L:Millennium/BooleanTower:theTowerBreaksAtHeightFour; L:Millennium/BooleanTower:theFifthFermatNumberIsComposite	formal-checked	
coupling.fermat-constructible	tower, landmark	2^k+1 prime ⇒ k = 2^n; φ(n) = 2^k ⇒ every odd prime p|n is Fermat 2^{2^j}+1 and p²∤n; φ(2^a∏S) = 2^k for distinct Fermat primes S	the constructible moduli are exactly the Fermat products: the Fermat ladder is the Boolean ladder		L:Millennium/BooleanTower:theFermatExponentMustBeAPowerOfTwo; L:Millennium/BooleanTower:theConstructibleModuliAreFermatProducts; L:Millennium/BooleanTower:theArithmeticEquivalenceIsComplete	formal-checked	uses:coupling.boolean-tower
coupling.gauss-wantzel	tower, landmark	constructible x ⇒ [ℚ(x):ℚ] = 2^j; line∩circle costs one √d, d∈K; ζ_n constructible ⇒ odd p|n Fermat, p²∤n; ζ₉ not constructible; ζ₁₇ passes	straightedge and compass written out: a constructible point lies in a two-power tower (Gauss–Wantzel necessity)		L:Millennium/Constructible:theConstructibleDegreeIsATwoPower; L:Millennium/Constructible:theLineCircleIntersectionCostsOneRoot; L:Millennium/Constructible:theGaussWantzelNecessity; L:Millennium/Constructible:theNineGonIsRefused; L:Millennium/Constructible:theSeventeenGonPassesTheTest	formal-checked	uses:coupling.fermat-constructible, instance-of:iwasawa.tower
coupling.liouville-elementary-chart	compression, navigator	∫R e^g closes elementarily with polynomial a ⇔ a′ + a g′ = R; deg a + deg g = deg R + 1; ∫e^{−x²}: a′ − 2xa ≠ 1 ∀a; ∫e^x/x: x(a′+a) ≠ 1; odd chain never dies for g′ = sx	the elementary-chart refusal is a rank deficiency of an exact ℚ-linear system, not a failed search	a, g, R ∈ ℚ[X], deg g ≥ 1	L:Millennium/ElementaryChart:liouvilleTransport; L:Millennium/ElementaryChart:theRealizerDegreeEquation; L:Millennium/ElementaryChart:theGaussianAdmitsNoPolynomialRealizer; L:Millennium/ElementaryChart:theExponentialIntegralHasNoPolynomialRealizer; L:Millennium/ElementaryChart:theOddChainNeverDies	counterexample	instance-of:compression.cokernel
coupling.liouville-open-laws	compression	TheRationalRealizerRefusesTheSimplePole; ThePolynomialRealizerSufficesForAPolynomialCoefficient; either would refuse every rational Gaussian realizer	the two named-open Liouville laws and what they would buy	named Props	L:Millennium/ElementaryChart:TheRationalRealizerRefusesTheSimplePole; L:Millennium/ElementaryChart:ThePolynomialRealizerSufficesForAPolynomialCoefficient; L:Millennium/ElementaryChart:theOpenSufficiencyLawWouldRefuseEveryRationalGaussianRealizer	open	uses:coupling.liouville-elementary-chart
rh.prime-simplex-mertens	complex, landmark	K_N = {S ⊂ primes : ∏_{p∈S} p ≤ N}; χ̃(K_N) = −M(N), M(N) = Σ_{n≤N} μ(n)	the Mertens function is minus the reduced Euler characteristic of the prime simplex	N∈ℕ	L:Millennium/PrimeSimplex:reducedEuler_eq_neg_mertens	formal-checked	instance-of:complex.boundary-squared, uses:arith.mobius-mertens
rh.prime-simplex-octave	complex, landmark	M(N) = M_odd(N) − M_odd(N/2); M(N) = Σ_k (−1)^k·#{odd squarefree n in the top octave with Ω(n)=k}	the homology of the prime simplex lives in the top octave, graded by prime count		L:Millennium/PrimeSimplex:mertens_eq_oddSum_sub; L:Millennium/PrimeSimplex:mertens_eq_oddOctave; L:Millennium/PrimeSimplex:mertens_eq_alternating_octave	formal-checked	uses:rh.prime-simplex-mertens
rh.prime-simplex-rh-growth	complex, landmark	with port RH ⇔ MertensGrowth: RH ⇔ ∀ε>0 ∃C, |χ̃(K_N)| ≤ C N^{½+ε}	under the Mertens port RH is a growth law on the reduced Euler characteristic of the prime simplex	port HasMertensEquivalence (classical, carried as a named port)	L:Millennium/PrimeSimplex:riemannHypothesis_iff_reducedEuler_growth; L:Millennium/PrimeSimplex:HasMertensEquivalence	formal-checked	uses:rh.prime-simplex-mertens
rh.prime-simplex-peeling	complex, landmark	q prime: rough_{≥q}(N) = rough_{>q}(N) − rough_{>q}(N/q); Legendre: M(N) = Σ_{T⊆S}(−1)^{|T|}·avoiding_S(N/∏T); Σ_{T⊆S}(−1)^{|T|} = 0 (S≠∅)	the prime simplex is shifted at every vertex, and many staircases cross with polarity whose crossings fully cancel	primes S	L:Millennium/PrimeSimplexPeeling:roughFrom_eq_roughAbove_sub; L:Millennium/PrimeSimplexCrossing:legendre; L:Millennium/PrimeSimplexCrossing:crossings_cancel	formal-checked	uses:rh.prime-simplex-mertens
rh.hand-liouville	landmark, swing	hand(n) = (−1)^{Ω(n)}; hand(mn) = hand(m)hand(n); hand(p^k) = (−1)^k; hand(n²) = 1	the hand reads each irreducible as a half turn: a completely multiplicative ±1 whose squares are flat (Liouville's λ)	n≠0	L:Millennium/Hand:hand; L:Millennium/Hand:theHandComposesMultiplicatively; L:Millennium/Hand:theHandOfAnIrreduciblePowerIsItsDepth; L:Millennium/Hand:theHandOfASquareIsFlat	formal-checked	instance-of:swing.half-turn
rh.hand-cancellation-props	landmark	TheHandCancelsToSquareRoot: ∀ε>0 ∃C, |Σ_{n≤x} λ(n)| ≤ C x^{½+ε}; TheOrientationSumStaysUnderItsRoot: |Σ_{n≤x} μ(n)| < √x (Mertens, refuted classically) ⇒ square-root cancellation	the square-root cancellation of the hand (RH-equivalent) is a named open Prop; the magnitude claim is strictly stronger than the order claim	named Props	L:Millennium/Hand:TheHandCancelsToSquareRoot; L:Millennium/Hand:TheOrientationSumStaysUnderItsRoot; L:Millennium/Hand:theMagnitudeClaimIsStrictlyStronger	open	uses:rh.hand-liouville
rh.graph-trace-tetrahedron	navigator, landmark, cycle	closed non-backtracking dart walks of K₄, k ≤ 6: #walks_k = t_k(3,2) + 3·t_k(−1,2) + trivial_k; Perron root 2 of x²−3x+2 has 2² > 2; |α(−1,2)|² = 2	spectral placement on a finite graph: closed orbits equal the trace sequence, the winding roots sit on |α|² = q = 2 and the Perron root escapes the circle	tetrahedron (Ihara)	L:Millennium/GraphTrace:theTraceFormulaHoldsOnTheTetrahedron; L:Millennium/GraphTrace:thePlacementRidesOnTheWindingRoot; L:Millennium/GraphTrace:thePerronRootEscapesTheCircle	formal-checked	instance-of:navigator.zeta, uses:trace.sequence-recurrence
coupling.prime-index-gauge	landmark	P(k) = k-th prime (P 0 = 2, P 6 = 17); count(P k) = k, P(count n) = n for prime n; any reindexing enumerates the same primes	the prime index is an adjunction with the count and carries only the order: it is a gauge		L:Millennium/PrimeIndex:theIndexAndTheCountAreAdjoint; L:Millennium/PrimeIndex:theSixthPrimeIsSeventeen; L:Millennium/PrimeIndex:theAnyReindexingEnumeratesTheSamePrimes	formal-checked	
coupling.prime-tower-rungs	tower, landmark	rung(17,k) = 2^k-th powers in (ℤ/17)^×: |rung_k| = 2|rung_{k+1}| (k=0..3); 2⁸ ≡ 1, 2⁴ ≡ −1 (mod 17); p Fermat ⇔ 2 is the only prime dividing p−1; 2 ∈ rung₁ ∖ rung₂	a tower is a winding lattice: at a Fermat prime every rung has index 2, the rung of an element is its winding depth, and the quartic symbol is a new bit at seventeen	p odd prime	L:Millennium/PrimeTower:theEveryRungHasIndexTwo; L:Millennium/PrimeTower:theRungOfTwoIsItsOrder; L:Millennium/PrimeTower:theFermatPrimesAreTheMaximalTowers; L:Millennium/PrimeTower:theQuarticSymbolIsANewBitAtSeventeen	formal-checked	instance-of:iwasawa.tower, uses:coupling.boolean-tower
coupling.prime-tower-height	tower, landmark	TowerHeight(2^{2^n}+1) = 2^n; 17 has 2-tower height 2²; 7 not Fermat	a Fermat prime's 2-tower height is its Boolean arity, not a function of index parity		L:Millennium/PrimeIndex:theTowerHeightIsTheBooleanArity; L:Millennium/PrimeIndex:theSeventeenTowerHeight; L:Millennium/PrimeIndex:theTowerHeightIsNotAFunctionOfTheIndexParity	formal-checked	uses:coupling.prime-tower-rungs
coupling.prime-radix-atlas	ratio, landmark	42·10¹⁷ = 2¹⁸·3·5¹⁷·7 reads depth 17, residual 42; 34 = 2·17 reads residual 17 = P(6); 2·198000 + 11·24·1560000 = 2⁵·3²·5³·11 + 2⁹·3²·5⁴·11·13 = 2⁵·3³·5³·11·347	exact radix faces: the decimal chart returns seventeen and forty-two, and adding two coefficient faces with no 347 creates a 347 caustic	exact ℕ	L:Millennium/PrimeRadixAtlas:theDecimalChartReturnsSeventeenAndFortyTwo; L:Millennium/PrimeRadixAtlas:theBsdResidualIsTheSixthIndexedPrime; L:Millennium/PrimeRadixAtlas:theCoefficientAdditionCreatesTheThreeFortySevenCaustic; L:Millennium/PrimeRadixAtlas:theRoundedIntermediateStrictlyEnlargesTheReturn	formal-checked	instance-of:arith.prime-valuation, uses:ratio.div-rem
coupling.valuation-divisor-lift	ratio, landmark	d | v ⇔ Nonempty(NatFactorWitness d v); rational finite-place divisor of q⁻¹ = −divisor of q	an arithmetic divisor is a multiplication lift, and the finite-place divisor of a rational inverts with it		L:Millennium/ValuationDivisorLatticeAtlas:arithmeticDivisorIsAMultiplicationLift; L:Millennium/ValuationDivisorLatticeAtlas:rationalFinitePlaceDivisor_inv	formal-checked	instance-of:ratio.div-rem
coupling.twin-wheel	landmark, compression	twinSlots(Mq) = (q−2)·twinSlots(M) for odd prime q∤M; twinSlots(2·3·5) = 3; gapCount₂(∏_{p∈S}p) = ∏(p−2); ((p−2)/p)/((p−1)/p)² = p(p−2)/(p−1)²	the twin slot is a letter of the primorial wheel word: each prime cuts two letters per copy, and the Hardy–Littlewood local factor is the wheel's own ratio	odd primes coprime to M	L:Millennium/TwinWheel:theCutLawRemovesTwoLettersPerCopy; L:Millennium/TwinWheel:theWheelAtThirty; L:Millennium/TwinWheel:theTwinSlotProductOverAPrimorial; L:Millennium/TwinWheel:theSingularSeriesFactorIsTheWheelRatio	formal-checked	
coupling.twin-wheel-bar	landmark, compression	admissible twin (and k-tuple) slots survive every finite horizon, tuple slot count > 0 ⇔ pattern admissible at p; TheWheelDoesNotDecideTheConjecture := (unbounded wheel slots ⇒ TwinPrimeConjecture), discharged nowhere	no sieve horizon closes an admissible slot, yet unbounded admissibility is not the twin prime conjecture: the gap between the collapsed population and its separator	named Prop	L:Millennium/TwinWheel:theWheelAlwaysCarriesATwinSlot; L:Millennium/TwinWheel:theAdmissibleTupleSlotsSurviveEveryHorizon; L:Millennium/TwinWheel:TheWheelDoesNotDecideTheConjecture	open	uses:coupling.twin-wheel
coupling.partition-wheel	landmark, compression	(ℤ/24)^× has exponent 2; 24 | kn+1 solvable ⇔ gcd(k,24)=1 (fails at 2, 3); Ono criterion unsatisfiable at 2 and 3; residues mod 13 of p(n) surjective below n=54 and not below 53	the partition shift 24 is a radix whose radical {2,3} is where Ono's criterion goes blind; thirteen's residue table is sharp at fifty-four		L:Millennium/PartitionWheel:theShiftUnitGroupHasExponentTwo; L:Millennium/PartitionWheel:theApertureIsTheRadicalOfTheShift; L:Millennium/PartitionWheel:theCriterionIsUnsatisfiableInsideTheRadical; L:Millennium/PartitionWheel:theThirteenTableIsSharpAtFiftyFour	formal-checked	
coupling.partition-newman-thirteen	landmark	bridge (wheel carries p(n) at 13) ∧ OnoCriterion ⇒ ∀r∈ℤ/13, {n : p(n) ≡ r} infinite; distinct-partition counts ≠ Euler net (1,−1,−1,0,0,1,0,1,0,0,0,0,−1)	Newman's conjecture at thirteen follows from a named bridge and Ono's criterion; the population is not the net	conditional on the named bridge and OnoCriterion	L:Millennium/PartitionWheel:theBridgeAndTheCriterionReachNewmanAtThirteen; L:Millennium/PartitionWheel:thePopulationIsNotTheNet; L:Millennium/PartitionWheel:NewmanConjecture	formal-checked	uses:coupling.partition-wheel
coupling.transfer-trace-recurrence	navigator, cycle	Z_n = tr Tⁿ: Z_{n+2} = tr T·Z_{n+1} − det T·Z_n, Z₀=2; T² = tr T·T − det T·I	a finite two-state transfer trace obeys the Cayley–Hamilton recurrence	2×2 matrix over a commutative ring	L:Millennium/PartitionFunction:theFiniteTransferTraceObeysItsRecurrence; L:Millennium/PartitionFunction:theSquareIsTheTraceMinusTheDeterminant	formal-checked	instance-of:trace.sequence-recurrence
coupling.landmarks-and-moduli	landmark, navigator	n | 2^p − 1 ⇔ ord_n(2) | p; v_p(C(n,k)) = #carries of k + (n−k) in base p (Kummer); ∀n≥1 ∃ prime p, n < p ≤ 2n; μ(n) = (−1)^{ω(n)} on squarefree n; T_{2^k}: 2cos θ ↦ 2cos(2^kθ); |K^×| = |K|−1	primes are landmarks, an additive decomposition in a base is a path, and what survives a change of path is the modulus		L:Millennium/LandmarksAndModuli:theLeastDepthIsTheOrderOfTwo; L:Millennium/LandmarksAndModuli:theMultiplicityIsTheCarryCount; L:Millennium/LandmarksAndModuli:theNextOctaveCarriesALandmark; L:Millennium/LandmarksAndModuli:theMoebiusSignIsTheHalfTurnParity; L:Millennium/LandmarksAndModuli:theDoublingDoublesTheAngle	formal-checked	instance-of:winding.carry-cocycle, uses:arith.prime-valuation
coupling.prime-gap-conjectures	landmark	LegendreConjecture, CramerConjecture, BakerHarmanPintz, RiemannGapBound, MertensSquareRootBound, LucasCongruence	the classical prime-gap and Mertens statements named as Props beside the proved landmark laws	named Props	L:Millennium/LandmarksAndModuli:LegendreConjecture; L:Millennium/LandmarksAndModuli:CramerConjecture; L:Millennium/LandmarksAndModuli:RiemannGapBound; L:Millennium/LandmarksAndModuli:MertensSquareRootBound	open	uses:coupling.landmarks-and-moduli
coupling.convergent-determinant	navigator, landmark	h_{n+1}k_n − h_n k_{n+1} = (−1)^n; Σ_{d|n} Λ₂(d) = (log n)², Λ₂ = μ⋆log²; √p log p = log p^{√p}	consecutive convergents differ by an alternating unit fraction; the second von Mangoldt function sums to log²; both gap scales are logarithms of a tower		L:Millennium/Towers:theConvergentDeterminantAlternates; L:Millennium/Towers:theDivisorSumOfTheSecondIsTheLogSquared	formal-checked	instance-of:lock.farey-neighbour
coupling.zeta-five-acceleration	navigator, compression	ζ(5) = (25/24)Σ_n (−1)^n/(n³C(2n,n))·Σ_{k≤n}(−1)^k C(2k,k)/k²; 0 < J_n < t_n (n≥4); J_n n⁵ < n³C(2n,n); Σ_{N<n≤M} 1/n⁵ ≤ ¼(N^{−4} − M^{−4}); x = 1 − x/4 ⇔ x = 4/5	the deposited ζ(5) series: its return-word population is pinned and every finite tail is priced by an exact telescoping ratio	n≥4; N≥1	L:Millennium/Acceleration:thePopulationIsPinned; L:Millennium/Acceleration:theTermIsPricedByTheFifthPower; L:Millennium/Acceleration:theFiniteTailIsPriced; L:Millennium/Acceleration:theTelescopingMajorant; L:Millennium/Acceleration:theFixedPointIsFourFifths	formal-checked	instance-of:arith.ratio-series-block
coupling.sturm-reading	landmark, receiver	Sturm chain P₀=p, P₁=p′, P_{k+1} = −rem(P_{k−1},P_k); V(a) − V(b) = #roots in (a,b); X⁴−5X²+4: V(−3) = V(3)+4; reading invariant under positive rescaling; blind (zero) entries dropped	the sign-variation reading of the negated-remainder chain equals the realized root population on the exhibited charts	exact ℚ charts; endpoint conditions	L:Millennium/Sturm:theStarHexagonPolynomialIsTheQuarticLessFiveSquaresPlusFour; L:Millennium/Sturm:theStarHexagonReadingCountsFourPassages; L:Millennium/Sturm:theReadingIsInvariantUnderPositiveRescaling; L:Millennium/Sturm:theCommonRootDescendsTheDivisionTower	formal-checked	uses:ratio.div-rem
coupling.sturm-open-law	landmark, receiver	TheReadingEqualsThePopulation (general Sturm) is a named Prop; its hypotheses are live: X³−X has evalAt 0 = 0, so the endpoint condition can fail	general reading-equals-population is open in the tree; the exhibited endpoint failure shows the hypothesis is load-bearing	named Prop	L:Millennium/Sturm:TheReadingEqualsThePopulation; L:Millennium/Sturm:theEndpointConditionCanFail; L:Millennium/Sturm:theOpenLawHasLiveHypotheses	open	uses:coupling.sturm-reading
coupling.sign-change-root-flip	landmark, receiver	simple root r: [p, p′] has 1 variation just left of r and 0 just right; p(a)p(b)<0 ⇒ root in (a,b); probe with a double root at 1: p·p′ < 0 left, > 0 right	a simple root flips the pair (p, p′) losing exactly one variation; the flip does not detect multiplicity	p∈ℝ[X]	L:Millennium/SignChange:thePairLosesExactlyOneVariationAcrossASimpleRoot; L:Millennium/SignChange:theOppositeSignsForceARootStrictlyInside; L:Millennium/SignChange:theFlipDoesNotDetectMultiplicity	formal-checked	uses:coupling.sturm-reading
coupling.angle-excess	globe, complex	ε(p,q,r) = 1/p + 1/q + 1/r − 1; ε>0 ⇔ (2,2,r) or (2,3,3),(2,3,4),(2,3,5); {p,q}: V−E+F = 2 when 2p+2q−pq ≠ 0; five Platonic solids (4,6,4),(8,12,6),(6,12,8),(20,30,12),(12,30,20); Euclidean tilings exactly {3,6},{4,4},{6,3}; hyperbolic unbounded	conservation of faces and angles: the angle excess decides curvature, and positivity is finite (five, three, unbounded)	2≤p≤q≤r	L:Millennium/AngleExcess:thePositiveExcessTriplesAreClassified; L:Millennium/AngleExcess:theSchlafliEulerFormula; L:Millennium/AngleExcess:theFivePlatonicSolids; L:Millennium/AngleExcess:theEuclideanTilingsAreClassified; L:Millennium/AngleExcess:theTrichotomyIsFiveThreeAndUnbounded	formal-checked	uses:complex.boundary-squared
coupling.holon-orders	holon, globe	|G(p,q,r)| = 2/ε(p,q,r): 12, 24, 60 for (2,3,3),(2,3,4),(2,3,5); dihedral 2n; descartes(a,b,c,2(a+b+c)−d) = descartes(a,b,c,d); dim Isom(ℝ⁴)=10, +1 dilation = 11	three constrained infinities coupled with finitely many states: the sporadic holon orders are the reciprocal of the excess; the Apollonian successor is a reflection		L:Millennium/Holon:holonOrder; L:Millennium/Holon:theSporadicHolonOrders; L:Millennium/Holon:theApollonianSuccessorIsAReflection; L:Millennium/Holon:theSimilitudeCountIsEleven	formal-checked	uses:coupling.angle-excess, instance-of:swing.half-turn
coupling.horizon-cayley-chart	swing, ratio	c(z) = (z−1)/(z+1): Re z>0 ⇒ |c(z)|<1; c(z) − 1 = −2/(z+1); c∘c(z) = −1/z; c⁴ = id; cross-ratio swingPair invariant under translation, scales by u² under dilation	the horizon is the image of the ideal points under a Cayley chart of order 2², whose square is inversion	z ≠ 0, ±1	L:Millennium/Horizon:theDefectFromTheRim; L:Millennium/Horizon:theSquareOfTheChartIsInversion; L:Millennium/Horizon:theChartHasOrderTwoSquared; L:Millennium/Horizon:theCrossRatioSurvivesTheGenerators	formal-checked	instance-of:swing.half-turn
coupling.horizon-euler-parity	complex, globe	χ(genus g) = 2 − 2g always even (dart parity); sphere has no nontrivial connected cover; p×q torus grid χ = 0; spinor dim 2^5 at 11, 2^6 at 12	no map has an odd characteristic: the parity is forced by permutation signs, planarity chooses the value		L:Millennium/Horizon:theCharacteristicIsAlwaysEven; L:Millennium/Horizon:theDartParityForcesAnEvenCharacteristic; L:Millennium/Horizon:theSphereHasNoNontrivialCover; L:Millennium/Horizon:theSpinorCeilingIsCrossedBetweenElevenAndTwelve	formal-checked	uses:coupling.angle-excess
coupling.deviation-focus	globe, navigator	J″ + kJ = 0: k>0 ⇒ J = sin(√k t) with focus sin(k·π/k) = 0; k<0 ⇒ J = sinh(kt) > 0 for t>0, no focus; k=0 linear	the sign of the curvature is the sign in the deviation equation: positive curvature focuses, negative never does		L:Millennium/Deviation:thePositiveCaseHasAFocus; L:Millennium/Deviation:theNegativeCaseHasNoFocus; L:Millennium/Deviation:theFlatCaseIsLinear; L:Millennium/Deviation:theSideIsAGaugeButTheSplitIsNot	formal-checked	instance-of:einstein.field-equation
coupling.ellipse-swing	swing, ratio	[G] − 4[c] = −[force] (κ = 8πG/c⁴ has dimension N⁻¹); 8π = 2·(4π); r₁+r₂ = 2a ⇔ r₂ = S_a(r₁); e = (a(1+e) − a(1−e))/(a(1+e) + a(1−e))	the Einstein constant is an inverse force, the focal-sum law of the orbit is a Swing, and eccentricity is the residue over the modulus	a≠0	L:Millennium/Ellipse:theEinsteinConstantIsAnInverseForce; L:Millennium/Ellipse:theFocalSumLawIsTheSwing; L:Millennium/Ellipse:theEccentricityIsTheResidueOverTheModulus; L:Millennium/Ellipse:theEightPiFactors	formal-checked	instance-of:swing.half-turn, uses:einstein.field-equation
coupling.tesseract-unicursal	complex, cycle	|E(Q_n)| = n·2^{n−1}: 12 = 3·2², 32 = 4·2³; χ(Q₄ boundary) = 0; Gray cycle on Q₃ Hamiltonian with single-axis steps; ab = ba ⇔ aba⁻¹b⁻¹ = 1; couple moment (a−p)×F + (b−p)×(−F) = (a−b)×F	twelve is three axes times 2² parallel edges; a parallelogram closes iff its generators commute; a couple's moment is a free vector		L:Millennium/Tesseract:theCubeHasTwelveEdges; L:Millennium/Tesseract:theTesseractHasThirtyTwoEdges; L:Millennium/Tesseract:theGrayCycleIsHamiltonian; L:Millennium/Tesseract:theParallelogramClosesIffTheGeneratorsCommute; L:Millennium/Tesseract:theCoupleMomentIsIndependentOfThePoint	formal-checked	instance-of:holonomy.cell-face
coupling.standing-wave-gap	parametron, globe	sin(kL) = 0 ⇔ kL = nπ; first mode π/L > 0; L<L′ ⇒ π/L′ < π/L; density of states KL/π; the escaping side has no nodes	a boundary condition quantises the interior: the gap is the boundary's reciprocal and vanishes in the infinite-volume limit	L>0	L:Millennium/StandingWave:theNodesAreQuantisedByTheBoundary; L:Millennium/StandingWave:theGapIsThePositiveFirstMode; L:Millennium/StandingWave:theGapShrinksWithTheBox; L:Millennium/StandingWave:theDensityOfStatesIsTheBoxOverPi	formal-checked	instance-of:constitution.modes, uses:coupling.gap-free-finite-dim
coupling.sphere-packing-reflection	swing, navigator	five bends: (Σb)² − 3Σb² = 0 (Soddy–Gossett) preserved by every reflection b_i ↦ ... ; two reflection words in different order give different bends	sphere packing as a noncommuting reflection orbit: tangency is preserved, and the chronology cannot collapse to a multiset	integral bends	L:Millennium/SpherePacking:soddyGossettDefect; L:Millennium/SpherePacking:everyReflectionPreservesTangency; L:Millennium/SpherePacking:thePackingChronologyCannotCollapseToAMultiset; L:Millennium/SpherePacking:aReturnedFaceDoesNotEraseTheReflectionLineage	formal-checked	instance-of:swing.half-turn, uses:fractal.packing
coupling.swing-harmonic-conjugate	swing	harmonic conjugate of a w.r.t. (b,d) is unique; in the constraint chart the Swing is negation; affine Swing S_b a is the unique x with x−b = −(a−b); inversion preserves the swing pair projectively	the Swing, defined as harmonic conjugation (body, anchor, two constraints), is negation in the chart the constraints declare	2a−b−d ≠ 0	L:Millennium/Swing:harmonicConjugate; L:Millennium/Swing:theSwingIsNegationInTheConstraintChart; L:Millennium/SwingBridges:harmonicConjugate_unique; L:Millennium/SwingBridges:affineSwing_is_the_unique_negated_displacement; L:Millennium/SwingBridges:swingPair_inversion_projectively	formal-checked	instance-of:swing.half-turn
coupling.swing-parity-board	swing, tower	span(S_b a, b, c) = −span(a,b,c); every body keeps its ℤ² parity class; fourth corner unreachable; board passage does not glue; per-body parity does not characterize reachability; span = Paying.spanOf = WindingLedger.cross	the Swing negates the oriented span (the hand flips, magnitude stands), so the parity board has a nontrivial obstruction group	integer sites	L:Millennium/Swing:theSwingNegatesTheOrientedSpan; L:Millennium/Swing:theFourthCornerIsUnreachable; L:Millennium/Swing:theBoardDoesNotGlue; L:Millennium/SwingBridges:reachability_is_not_characterized_by_perBodyParity; L:Millennium/SwingBridges:orientedSpan_eq_paying_eq_winding	counterexample	uses:coupling.gluing-obstruction, uses:winding.ledger
coupling.swing-words	swing, navigator	S_{b₁}S_{b₂}S_{b₃} = S_{b₁−b₂+b₃}; S_{b₁}S_{b₂} a = a + 2(b₁−b₂); span after n Swings about one anchor = (−1)ⁿ span; the Swing family is not order-blind	odd Swing words are Swings about the alternating sum, even words are translations, and the hand is the parity of the word		L:Millennium/Navigation:theOddCircuitIsASwingAboutTheAlternatingSum; L:Millennium/Navigation:theEvenCircuitIsATranslation; L:Millennium/Chronology:theHandIsTheParityOfTheWord; L:Millennium/Chronology:theSwingFamilyIsNotOrderBlind	formal-checked	instance-of:swing.compose-translation
coupling.split-swing-root	swing, navigator, landmark	x ↦ T/x is an involution with fixed point √T; work(x) = x + T/x, work(x) − 2√T = (x−√T)²/x; cheapest split ⇔ fixed point of the Swing	the cheapest split of T is the fixed point of the split Swing: the balanced split is the square root	T,x>0	L:Millennium/Navigation:theFixedPointOfTheSplitSwingIsTheRoot; L:Millennium/Navigation:theWorkExcessIsASquare; L:Millennium/Navigation:theCheapestSplitIsTheFixedPointOfTheSwing; L:Millennium/Navigation:theSplitSwingIsAnInvolution	formal-checked	instance-of:swing.half-turn
coupling.riccati-passage	navigator, swing	R_h(x) = (x+hT)/(1+hx); R_h(x) − x = h(T−x²)/(1+hx); det[[1,hT],[h,1]] = 1 − h²T; fixed ⇔ x = √T; work nonincreasing	an oriented Riccati passage toward the split root: a Möbius step whose fixed point is the Swing's	x>0, h≥0	L:Millennium/Navigation:riccatiPassage; L:Millennium/Navigation:riccatiPassage_step; L:Millennium/Navigation:riccatiMatrix_det; L:Millennium/Navigation:riccatiPassage_fixed_iff_root; L:Millennium/Navigation:riccatiPassage_work_nonincreasing	formal-checked	uses:coupling.split-swing-root
coupling.weyl-cost-two-moves	swing, navigator	frequency Swing (p,q) ↦ (q−½, p+½); contraction (p,q) ↦ (p/(2p+2), (p+q+1)/(2p+2)); contraction(Swing(0,1)) = (1/6, 2/3) ≠ Swing(contraction(0,1))	the classical Weyl cost pair is one Swing then one contraction, and the two moves do not commute: a cost word is a chronology	ℚ² cost pairs	L:Millennium/Navigation:theWeylCostIsOneSwingThenOneContraction; L:Millennium/Navigation:theTwoMovesDoNotCommute; L:Millennium/Navigation:theCostAlphabetIsNotOrderBlind	formal-checked	uses:coupling.swing-words
coupling.chronology-closed-triple	navigator, cycle	chord chart shifts every rate by the mean rate (f′ − (f(b)−f(a))/(b−a)); closed triple: third = (first·second)⁻¹	ordered transport: the chord chart's flat anchor is the mean-rate anchor, and two transports of a closed triple force the third	a≠b	L:Millennium/Chronology:theChordChartShiftsTheRate; L:Millennium/Chronology:theFlatAnchorIsTheMeanRateAnchor; L:Millennium/Chronology:theThirdIsForced	formal-checked	instance-of:holonomy.cell-face
coupling.closure-return-group	cycle, receiver	signed turn sum (1−c) + (c−a−b) + (a−b) = 1 − 2b; closing verdict ⇒ alternation; classical table: 15 rows all closing; alternation as drawn does not decide closure (N=30 counterexamples); TheAlternationDecidesTheReturnGroup stated as a Prop (not proved)	two mark families taking turns under every restretching is the stated criterion for a finite return group (a Prop, unproved); alternation as drawn is strictly weaker	turn triples in ℚ	L:Millennium/Closure:theSignedTurnSumIsOneMinusTwiceTheSecondDial; L:Millennium/Closure:theClosingVerdictIsTheAlternationReading; L:Millennium/Closure:theClassicalTableComputesAsClosingOnEveryRow; L:Millennium/Closure:theDrawnAlternationDoesNotDecideClosure; L:Millennium/Closure:TheAlternationDecidesTheReturnGroup	counterexample	uses:coupling.angle-excess
coupling.sail-integer-angle	landmark, ratio	sail edge v_{n+2} − v_n = a_{n+2} v_{n+1}; integer length = a_{n+2} (even quotient), integer sine = a_{n+3} (odd quotient); pyramid empty ⇔ gcd(ξ, r) = 1	integer geometry: the convergent chain already carries the integer angle's complete invariant, and emptiness is ray primitivity	a≥1, r≥2	L:Millennium/Sail:theEdgeIsThePartialQuotientTimesTheOddConvergent; L:Millennium/Sail:theIntegerLengthIsThePartialQuotient; L:Millennium/Sail:theIntegerSineIsTheNextPartialQuotient; L:Millennium/Sail:theEmptinessIsTheRayPrimitivity	formal-checked	instance-of:lock.farey-neighbour
coupling.rigidity-self-stress	coholon, constitution	self-stress balances at every joint; stress form = factored bar-sum, ≥ 0, null cone = slot kernel = radical ⊇ gauge loads; quotient 1-dim; flipped stress fails at (1,0,0,0); stress energy 2|u₁−u₂|² + 2|u₂−u₃|² − |u₁−u₃|² > 0 on the flex	a self-stress is a supported realizer: its form's radical is the gauge, and the sign of the stress decides positivity	planar frameworks over ℚ	L:Millennium/Rigidity:theStressBalancesAtEveryJoint; L:Millennium/Rigidity:theNullConeIsTheSlotKernel; L:Millennium/Rigidity:theQuotientIsOneDimensional; L:Millennium/Rigidity:theFlippedStressFailsAtTheWitness; L:Millennium/Rigidity:theStressEnergyPaysOnTheFlex	formal-checked	uses:coupling.compressed-positivity
coupling.hinge-cocircuit	complex, holon	hingeArea(h₁,h₂,h₃) = 3×3 determinant; ≠ 0 ⇒ triangle of bodies rigid; collinear hinges flex; quadrilateral flexes; budget refuses 3 bodies in a cycle, admits 4; cocircuit = minimal basis-meeting set = minimal rank-dropping set	the body–hinge flex is a coboundary condition whose separating datum is the hinge area; the degree of redundancy is read by cocircuits	planar body–hinge	L:Millennium/Hinge:theHingeAreaIsTheThreeByThreeDeterminant; L:Millennium/Hinge:theTriangleOfBodiesIsRigidOffTheHingeArea; L:Millennium/Hinge:theCollinearTriangleOfBodiesFlexes; L:Millennium/Hinge:theBudgetRefusesThreeBodiesAndAdmitsFour; L:Millennium/Hinge:theCocircuitIsTheMinimalBasisMeetingSet	formal-checked	instance-of:complex.boundary-squared
coupling.polarity-volume-product	ratio, receiver	Hanner word h: vol(K)·vol(K°) = 4^n/n!, n = dim h; equal dims ⇒ equal products; cube and cross-polytope vertices agree ⇔ n ≤ 2; quarter turn doubles oriented area; Mahler and Hanner-uniqueness schemas can fail	the decomposition word carries what the volume product deletes: magnitude cannot separate the Hanner family, a single slot can	Hanner polytopes over ℚ	L:Millennium/Polarity:theVolumeProductIsFlatOverTheRationals; L:Millennium/Polarity:theMagnitudeCannotSeparateTheFamily; L:Millennium/Polarity:theVertexCollapseHoldsOnlyBelowThree; L:Millennium/Polarity:theQuarterTurnFactorIsTheVolumeRatio; L:Millennium/Polarity:theMahlerSchemaCanFail	counterexample	uses:coupling.blind-family-no-verdict
coupling.reflection-schur	tube, globe	boundary row after interior elimination: p u₁ − c₁ x_int = (p − c₁²/m)u₁ − (c₁c₂/m)u₂ − (c₁/m)f; exit weights c₁/Σ + c₂/Σ + k/Σ = 1, killed share k/Σ; absorbed kernel = free(a) − free(−a); reduced chain winding (1−3τ)(a−b)	integration by reflection: the interior is eliminated onto its boundary as a Schur transport plus transported source, and the absorbed kernel is built by images	m≠0; k≥0	L:Millennium/Reflection:theBoundaryRowCarriesTheTransportAndTheSource; L:Millennium/Reflection:theExitWeightsAreSubStochastic; L:Millennium/Reflection:theKernelIsBuiltByReflection; L:Millennium/Reflection:theReducedChainCarriesTheSameWindingRate; L:Millennium/Reflection:TheReflectionPrincipleHolds	formal-checked	instance-of:tube.dn-elimination
coupling.turn-calibration	ratio, swing	e^{x+2πi} = e^x; half turn = sign; a four-unit arc calibration has half turn ≠ π; 2cos(π/5) = (1+√5)/2; 2cos(π/5) − 2cos(2π/5) = 1; F_n·φ = F_{n+1} + residue_n	a whole turn is invisible to the multiplicative chart, π is a Euclidean calibration not forced by a finite arc chart, and the golden ratio is twice the cosine of a fifth half-turn		L:Millennium/Turn:theWholeTurnIsInvisibleToTheMultiplicativeChart; L:Millennium/Turn:finiteArcCalibrationDoesNotForcePi; L:Millennium/Turn:theGoldenRatioIsTwiceACosineOfTheFifthTurn; L:Millennium/Turn:thePeriodTwoValuesDifferByOne; L:Millennium/Turn:goldenClock_reconstruction	formal-checked	instance-of:ratio.log-branch, uses:coupling.sectioning-values
coupling.dependent-receiver-quotient	receiver, compression, holarchy	q(l) = q(r) ⇔ causalSignature(l) = causalSignature(r); ∃ transformer through `entering` ⇔ ∀ receiver, word, entering l = entering r ⇒ futureFace(l) = futureFace(r); otherwise a DependentReceiverHistoryInsufficiency witness	on one connected addressed realization with receiver-dependent face types, the complete quotient is the causal signature, and a projection either factors every future receiver or returns a separating receiver history	DependentRealizationCore	L:Millennium/DependentConnectedRealization:quotientEq_iff_causalSignatureEq; L:Millennium/DependentConnectedRealization:dependentReceiverHistoryTransformer_exists_iff; L:Millennium/DependentConnectedRealization:exactFactorizationOrReceiverInsufficiency	formal-checked	instance-of:compression.kernel, uses:info.standing-quotient
coupling.pullback-connected-join	holarchy, receiver	P: X→Y, Q: Y→Z pullback-connected at (x,z) ⇔ ∃ join with P.source = x, Q.target = z; the disconnected tuple has no join; exact pullbacks are admitted	two addressed passages compose only through an actual middle-boundary join; a disconnected tuple is refused	addressed passages	L:Millennium/DependentConnectedRealization:pullbackConnectedAt_iff_exists_join; L:Millennium/DependentConnectedRealization:disconnectedTupleHasNoJoin; L:Millennium/DependentConnectedRealization:exactPullbackIsAdmitted	formal-checked	instance-of:holarchy.interconnect
coupling.physical-realization-passage	receiver, holarchy, compression	realization passage P: A→B ⇒ futureFace_B(r,w,chart s) = futureFace_A(r,w,s); receiver-to-future transformer exists ⇔ entering faces determine every future face; composite defect at (g,s) comes from P at s or Q at chart(s)	a physical realization passage retains lineage, future affect, fibres and defects: every future receiver factors through the chart, and a composite defect is local to one passage	PhysicalRealizationCore	L:Millennium/PhysicalRealization:everyFutureReceiverFactors; L:Millennium/PhysicalRealization:receiverToFutureTransformer_exists_iff; L:Millennium/PhysicalRealization:compositeDefectComesFromOneLocalPassage	formal-checked	uses:coupling.dependent-receiver-quotient
coupling.lineage-not-endpoints	holarchy, receiver	single and parallel unit realization passages have equal endpoint maps yet are not passage-equivalent; static equality cannot pose as a successor-exact passage	the same endpoint map can carry different lineage: equal endpoints do not identify passages		L:Millennium/PhysicalRealization:equalEndpointsDoNotIdentifyPassages; L:Millennium/PhysicalRealization:theSameEndpointMapCanCarryDifferentLineage; L:Millennium/PhysicalRealization:staticEqualityCannotPoseAsSuccessorExact	counterexample	obstructs:coupling.physical-realization-passage
coupling.causal-length-tower	aeon, epoch, receiver	clock–ruler span: d·rulerCells(n) + phaseResidue(n) = potential₀ + num·n; clock length serial = left + right; parallel receipt clock = max(left,right), work ≤ capacity × clock; no commuting cell ⇒ no parallel receipt	receiver-indexed causal length: clock, ruler and resource lengths stay distinct, serial composition adds clocks, and parallel interchange needs an actual commuting cell	rational clock passage num/d	L:Millennium/ReceiverIndexedCausalLengthTower:denominator_mul_rulerCells_add_phase; L:Millennium/ReceiverIndexedCausalLengthTower:clockLength_serial; L:Millennium/ReceiverIndexedCausalLengthTower:clockLength_eq_max; L:Millennium/ReceiverIndexedCausalLengthTower:resourceWork_le_capacity_mul_clockLength; L:Millennium/ReceiverIndexedCausalLengthTower:no_receipt_of_no_commuting_cell	formal-checked	instance-of:aeon.pairing, uses:ratio.div-rem
coupling.causal-length-counterexamples	aeon, receiver	equal counts: boundary extent count = clock extent count but the extents differ; half-rate clock ruler: rulerCells(0) = rulerCells(1) while phaseResidue(0) ≠ phaseResidue(1); the noncommuting cell refuses interchange	an equal count does not identify an extent, and the quotient alone collides where the phase separates		L:Millennium/ReceiverIndexedCausalLengthTower:equal_count_does_not_identify_extent; L:Millennium/ReceiverIndexedCausalLengthTower:quotientOnly_collides_phaseSeparates; L:Millennium/ReceiverIndexedCausalLengthTower:noncommutingCell_refuses_interchange	counterexample	obstructs:coupling.causal-length-tower
coupling.staged-holon-tower	holon, aeon	a heterogeneous holon is a one-step causal-length tower: enacted occurrence has clock length 1; empty source preimage fibre ⇒ empty enacted fibre	a source-bearing holon with different boundary types becomes a one-step tower without identifying its coordinates		L:Millennium/HolonStagedCausalLength:oneStepTower; L:Millennium/HolonStagedCausalLength:enacted_clockLength; L:Millennium/HolonStagedCausalLength:enactedFibre_empty_of_sourceFibre_empty	formal-checked	uses:coupling.causal-length-tower, uses:info.preimage-fibre
coupling.returned-difference-rebase	ratio, receiver	DependentAdditiveConnectionSquare: rebasing a returned difference requires two charts and a commuting connection square, not a subtraction of ambient coordinates	a returned difference belongs to its target fibre and rebases only through a connection square	dependent fibres	L:Millennium/SituatedReturnedDifference:DependentAdditiveConnectionSquare; L:Millennium/SituatedReturnedDifference:dependentReturnedDifference_rebase	formal-checked	instance-of:ratio.div-rem
coupling.official-finish-lines	receiver, landmark	RH ⇐ (cofinal xi contours, global explicit-formula limits, arithmetic positivity, off-line Weil separator); BSD ⇐ universal ledger (Hasse–Weil, rank, regulator, Tamagawa, periods, finite Ш); NS ⇐ StatementB bridge (local solutions, overlap uniqueness, cofinal atlas, pressure, terminal control, globalization); YM ⇐ uniform separator + spectral reconstruction; P vs NP ⇐ compiler or concrete separator	the seven source-specific finish lines: each keeps the terminal proposition, the construction still owed, and the adapter that would return it; none is asserted	named finish-line Props, not asserted; Millennium/OfficialFinishLines and OfficialProblems are the import surfaces	L:RH/GlobalWeilFinishLine:GlobalWeilFinishLine; L:Millennium/OfficialBSDReceiver:BSDSourceConstructionFinishLine; L:Millennium/HodgeOfficialReceiver:HodgeSourceConstructionFinishLine; L:Millennium/NavierStokesOfficialBridge:PeriodicStatementBFinishLine; L:Millennium/PoincareOfficialBridge:PerelmanFinishLine; L:Millennium/PVersusNPOfficialBridge:UniformVerifierCompiler	open	uses:rh.global-weil-finish-line, uses:coupling.pvsnp-official
rh.half-centred-face	ratio, landmark, receiver	s = ½+d+iy, s† = 1−s̄ = ½−d+iy: (s+s†)/2 = ½+iy, s−s† = 2d; equal reflected multiplicities give normal face m/(2m) = ½	the half-centred face is a conserved "one per two" of the actual ξ divisor pair, while the transverse ±d and the common height can still move	m>0; actual ξ symmetry and multiplicities, not an average of arbitrary operands	L:RH/TransverseCurrentBound:reflected_pair_center; D:docs/RH_CENTERED_CURRENT_UPPER_BOUND.md#a-conserved-face-with-remaining-complex-motion	formal-checked	uses:rh.pair-population, instance-of:ratio.div-rem
rh.quartet-normal-currents	contact, landmark	d>0: 2Re(1/(s−s†)) = 1/d; 2Re(1/(s−(1−s))) = d/(d²+y²); the conjugate s̄ gives zero normal current for y≠0	the same-height reflected partner and the opposite member carry distinct normal currents; conflating 1−s with 1−s̄ inserts or deletes an imaginary separation	members distinct and in the divisor	L:RH/TransverseCurrentBound:two_re_inv_sub_reflect; L:RH/TransverseCurrentBound:two_re_inv_sub_one_sub; D:docs/RH_CENTERED_CURRENT_UPPER_BOUND.md#the-clock-and-the-full-inward-current	formal-checked	uses:rh.half-centred-face
rh.rightmost-remaining-current	contact, landmark	J_R(s) = 2Σ_{w≠s,s†} m_w (Re s − Re w)/|s−w|² ≥ 0 at a rightmost zero	at a rightmost zero every other root adds inward normal current, with multiplicity	finite divisor region; a finite-region maximum is not a global one	L:RH/TransverseCurrentBound:weightedSurplus_nonneg; D:docs/RH_CENTERED_CURRENT_UPPER_BOUND.md#the-clock-and-the-full-inward-current	formal-checked	uses:rh.quartet-normal-currents
rh.seam-clock-velocity	navigator, landmark	G_τ(s) = heatE(−τ, ξ, s), ∂_τG = +G_ss, v = −G_ss/G_s; Λ_DN ≤ 1/8 is the standard Λ_std ≤ ½	in the seam clock a simple zero moves with velocity −G_ss/G_s; the sign transports from the u = −τ residual equation	simple zero	D:docs/RH_CENTERED_CURRENT_UPPER_BOUND.md#the-clock-and-the-full-inward-current; L:RH/CriticalChart:Λstd_eq	proved-derived	uses:rh.zero-velocity-second-logderiv, uses:rh.dbn-standard-chart
rh.complex-burgers-source	navigator, landmark	G_τ = G_ss, L = G_s/G, u = −2L: L_τ = L_ss + 2LL_s, u_τ + uu_s = u_ss; near a simple zero u = −2/(s−s₀) + u_reg + O(s−s₀), pole coefficient 2(u_reg − ṡ₀) ⇒ ṡ₀ = u_reg = −G_ss(s₀)/G_s(s₀)	the logarithmic heat relation makes the seam source an exact complex Burgers flow whose poles are the zeros, moving under their regularized surrounding field	zero-free patch; holomorphic ∂_s, not the Euclidean Laplacian	D:docs/RH_CENTERED_CURRENT_UPPER_BOUND.md#riding-the-current-the-recovered-complex-burgers-source; N:2026-09-05_MFR3_THE_ORIENTED_ENTROPY_CURRENT_RETURNS_ITS_HEAT_SOURCE_AND_COMPLEX_PHASE.md	proved-derived	uses:rh.seam-clock-velocity, instance-of:fluid.navier-stokes
rh.moving-chart-burgers	navigator, receiver	q = s − b(τ), U(τ,q) = u(τ,q+b) − ḃ: U_τ + UU_q = U_qq − b̈; relative normal gap to the transported line unchanged; dilation r = Ld keeps r²/L² = d² with an L̇ term	choosing an observer simplifies the current but centring the view does not separate a zero from the transported critical line		D:docs/RH_CENTERED_CURRENT_UPPER_BOUND.md#riding-the-current-the-recovered-complex-burgers-source	proved-derived	uses:rh.complex-burgers-source
rh.burgers-quartet-control	landmark	an explicit reflected-quartet polynomial heat source obeys the same Burgers law, symmetries and initial pole velocities with off-line initial zeros	a universal existence or covariance theorem for the Burgers equation alone cannot prove RH; the bound must use the actual ξ kernel	computational witness at 13f8c734	D:docs/RH_CENTERED_CURRENT_UPPER_BOUND.md#riding-the-current-the-recovered-complex-burgers-source	counterexample	obstructs:rh.complex-burgers-source
rh.bilipschitz-dimension	receiver	a fixed nonsingular smooth frame change with bounded inverse derivative is bi-Lipschitz on the region, so it preserves Hausdorff dimension	a Lorentz boost alone cannot generate intrinsic fractality; apparent dimensions come from receivers, projections and apertures	region with bounded derivative and inverse	D:docs/RH_CENTERED_CURRENT_UPPER_BOUND.md#riding-the-current-the-recovered-complex-burgers-source	proved-derived	
rh.finite-zero-current-error	contact, landmark	f = (z−z₀)g on B(z₀,δ), |z₀−½| + δ/2 ≤ R/8 ⇒ |−f_ss(z₀)/f_s(z₀) − (−2comb′_R(z₀))| ≤ ε_R = 4(|z₀−½| + δ/2)·tailInvSq_f(R)	the finite divisor current near a simple zero carries an explicit Foster-tail error, instantiated for f = heatE(−τ, ξ)	Foster-class f, simple zero; not a uniform all-height enclosure	L:RH/FiniteZeroCurrent:heatE_norm_negative_zero_velocity_sub_comb_le; L:RH/FiniteZeroCurrent:re_negative_zero_velocity_le; L:RH/FosterClassFlux:comb'_sub_le; D:docs/RH_CENTERED_CURRENT_UPPER_BOUND.md#the-finite-source-error-already-exists	formal-checked	uses:rh.comb-flux-simple-zero, uses:rh.reflected-pair-current
rh.quartet-log-potential	landmark, navigator	x = d², x′ ≤ −2 − 2x/(x+Y²) ⇒ B_Y(x) = x/4 + (Y²/8)log(1+2x/Y²), B_Y′ = (x+Y²)/(2(2x+Y²)), dB_Y/dt ≤ −1; lifetime ≤ B_Y(x(0)) < x(0)/2; gain → 0 as Y → ∞	one quartet at bounded height shortens the positive trajectory's life below x₀/2, but gives no uniform improvement over the infinite source	members distinct, rightmost sign, |y| ≤ Y, Y>0; written, not Lean-checked	D:docs/RH_CENTERED_CURRENT_UPPER_BOUND.md#the-strengthened-squared-width-law	proved-derived	uses:rh.transverse-current-collision, uses:rh.quartet-normal-currents
rh.uniform-width-comparison	landmark	a width/current comparison for the actual ξ family across all heights, continued through changes of the extremal root and multiple-zero events, giving a source surplus or strip exclusion	the stronger global de Bruijn–Newman upper bound is owed; finite samples, assumed rightmost trajectories or one quartet cannot replace it		D:docs/RH_CENTERED_CURRENT_UPPER_BOUND.md#the-strengthened-squared-width-law	open	uses:rh.quartet-log-potential, uses:rh.finite-zero-current-error, uses:rh.folded-source-tail
rh.causal-impedance-route	constitution, receiver, landmark	F = Ξ′/Ξ; finite source complexes with L_α(z) = d_α*W_α d_α + zG_α (W,G ⪰ 0), shorted boundary responses F_α(z) = ⟨S_α(z)y_α, y_α⟩ → F locally uniformly on Re z>0 ⇒ RH; equivalently a Gram factorization of the Pick kernel (F(p)+F(q)‾)/(p+q̄)	a source-derived passive causal realization of the completed return (a positive-real impedance) would prove RH	conditional: the theta–Euler–Gamma realization is identified, not constructed	P:mathematics/corollaries/causal-impedance-rh.typ	proved-derived	uses:rh.completed-return-flux, instance-of:physics.port-hamiltonian
rh.coarea-carrier-route	coholon, receiver, landmark	Q_W(f) − Σ_S(f) = ‖C_{S,R}f‖² ∀ receivers, prime seams ‖C_{S∪p}f‖² − ‖C_S f‖² = −W_p(f⋆f♯) − κ_{S,p}(f) ⇒ Q_W ≥ 0 ⇒ RH	an exact covariant coarea carrier for every completed defect would imply RH	conditional; archimedean base carrier constructed, semilocal continuation open	P:mathematics/corollaries/coarea-carrier-rh.typ; P:mathematics/definitions/covariant-coarea-carrier.typ	proved-derived	uses:rh.completed-defect-recurrence, uses:coupling.positivity-is-realization
rh.receiver-domination-route	receiver, landmark	∀ admissible f ∃ finite receiver S_f: Q_W(f) ≥ Σ_{S_f}(f) ≥ 0 ⇒ RH; or Σ_n ≥ 0 with |Q_W − Σ_n| ≤ E_n → 0 ⇒ RH	completed receiver domination, or a noncircular squeeze by positive receivers, would imply RH through Weil's criterion	conditional on Weil's criterion and the domination/squeeze	P:mathematics/corollaries/receiver-domination-rh.typ; P:mathematics/corollaries/squeezed-positive-return-rh.typ	proved-derived	uses:rh.weil-positivity-under-rh
rh.natural-contraction-route	receiver, landmark	Q_W(f) = ‖X_j f‖² − ‖Y_j f‖²; C(X,Y) = {Γ_j : Γ_j X_j = Y_j, ‖Γ_j‖ ≤ 1, natural} convex, weak-operator closed, LMI [[1,Γ*],[Γ,1]] ⪰ 0; C(X,Y) ≠ ∅ ⇒ Q_W ≥ 0 ⇒ RH	a complete natural contraction of the zeta amplitudes implies RH; the fillers form a convex feasibility set	conditional; the coherent filler is the RH sign wall	P:mathematics/theorems/natural-contraction-feasibility.typ; P:mathematics/corollaries/natural-contraction-rh.typ; P:mathematics/corollaries/positive-skein-carrier-rh.typ	proved-derived	uses:rh.completed-defect-recurrence
rh.transported-atlas-route	receiver, landmark	transport groupoid of formulation charts, every orbit meets a base fiber with W ⪰ 0 (no RH assumed), transitions positive congruences ⇒ W ⪰ 0 ⇒ RH; W_μ(Tf,Tg) = cW_λ(f,g), c>0 ⇒ equal negative indices	an exhaustive sign-preserving formulation atlas would imply RH, and no recharting removes a genuine negative direction	T invertible, c>0	P:mathematics/corollaries/transported-positive-atlas-rh.typ; P:mathematics/theorems/weil-signature-transport.typ	proved-derived	uses:coupling.gap-transport
rh.finite-archimedean-squeeze	receiver	0 ≤ Q_∞ − Q_T ≤ B_T I, B_T → 0, Q_T + B_T I ⪰ 0 certified ⇒ Σ_T(v) = v*(Q_T+B_T I)v ≥ 0 and |v*Q_∞v − Σ_T(v)| ≤ B_T‖v‖² → 0	a certified finite archimedean tail supplies an exact bounded squeeze on one Galerkin band	finite Hermitian band	P:mathematics/corollaries/finite-archimedean-tail-squeeze.typ	proved-derived	uses:rh.receiver-domination-route
rh.archimedean-carrier-no-prime	receiver, tube	P₂U_{m log p}P₂ = 0 (p≥2, m≥1); J_p = I − p^{−1/2}U_{log p} ⇒ P₂J_pP₂ = P₂, P₂J_p*B₂J_pP₂ = B₂	a finite place cannot enter through the fixed archimedean carrier aperture: a semilocal carrier must be defined independently after aperture growth	base aperture I₂ = [−log 2/2, log 2/2]	P:mathematics/corollaries/archimedean-carrier-prime-boundary.typ; L:RH/WeilApertureNoGo:prime_power_base_aperture_zero	counterexample	obstructs:rh.coarea-carrier-route
rh.prime-active-continuation	receiver, landmark	λ(a) = inf q_a(v)/‖v‖²; λ(log 2/2) > 0 and a ↦ λ(a) continuous ⇒ ∃δ>0, λ > 0 on [a₂, a₂+δ]: Weil positivity on 2 ≤ R ≤ 2e^{2δ}	strict base positivity continues through a genuine first-prime interval containing the p=2 crossing and no p=3 crossing	published base gap and screw-function continuity; nonquantitative endpoint	P:mathematics/corollaries/prime-active-positivity-continuation.typ	proved-derived	uses:rh.archimedean-remainder-amplitude
rh.archimedean-remainder-amplitude	coholon, receiver	N₂ = −2ε′(1⁺)(I−K₂) on L²(I₂); ⟨ξ,N₂ξ⟩ ≤ γ‖(I−P₀)ξ‖² ⇒ B₂ = −P₀N₂P₀ ⪰ 0, A₂ = B₂^{1/2}	the conditioned Connes–Consani archimedean remainder has an explicit spectral amplitude defined without the Weil defect	Connes–Consani support and two vanishing conditions	P:mathematics/theorems/archimedean-remainder-amplitude.typ	proved-derived	uses:coupling.positivity-is-realization
rh.completed-defect-recurrence	receiver, deposition	D_S = Q_S − Σ_S; D_{S∪p}(f) = D_S(f) − W_p(f⋆f♯) − κ_{S,p}(f), W_p(h) = log p Σ_{m≥1}(h(p^m) + p^{−m}h(p^{−m})), κ_{S,p} = Tr(Θ_S(Π_p − P_S)Θ_S*)	admitting one prime changes the completed defect by its prime-power response and an aperture connection: receiver-covariant defect recurrence	trace-class Sonin return	P:mathematics/theorems/completed-defect-recurrence.typ	proved-derived	uses:rh.explicit-formula-receiver
rh.completed-return-flux	constitution, landmark	|ξ(s)|² = ¼K₀K_∞∏_pK_p, K₀ = |s(s−1)|², K_∞ = π^{−σ}|Γ(s/2)|², K_p = |1−p^{−s}|^{−2}; normal current 𝒱 = ∂_σ log|ξ|² = 2Re ξ′/ξ	the completed local metrics form one normal return field whose sign is the RH sign (positive-real, Stieltjes and moment forms)	σ>1 for the product	P:mathematics/theorems/completed-return-flux.typ	proved-derived	uses:rh.xi-edge-decomposition
rh.scattering-hankel-successor	receiver, tube, landmark	Θ_ω(z) = Ξ(ω+iz)/Ξ(ω−iz); −log|Θ_ω(u+iv)| = ∫_{ω−v}^{ω+v} Re F(x−iu)dx; Re F(ω−iu) = −lim_{v→0⁺} log|Θ_ω|/(2v)	the finite normal holonomy of the completed source has one exact bipolar Hankel successor; the sign stays open	0<v<ω, zero-free segment	P:mathematics/theorems/completed-scattering-hankel-successor.typ	proved-derived	uses:rh.completed-return-flux
rh.completed-source-state	navigator, holon	x_τ(r) = ∫₀^τ ψ_ω(τ+r−s)u(s)ds: ẋ = Ax + B_ωu, y = x(0) = ψ_ω⋆u; transfer Ĉ(pI−A)^{−1}B_ω = Ξ(ω−p)/Ξ(ω+p)	the completed zeta source has an exact shift-state realization with a local (KYP) storage criterion; the storage itself is open	0<ω<½	P:mathematics/theorems/completed-source-causal-storage-reduction.typ	proved-derived	uses:rh.completed-source-volterra
rh.completed-source-volterra	receiver, swing	H_{ω,τ} = R_τ V_{ω,τ}, R_τF(s) = F(τ−s), V_{ω,τ}F(r) = ∫₀^r ψ_ω(r−s)F(s)ds; ψ_ω(u) = Σ_{log n≤u} w_ω(n)φ_ω(u−log n)	the bipolar source defect is the Gram deficit of one causal action-current frame: the Hankel cut is a reflection of a Volterra transport	ω>0, τ>0; the frame bound stays RH-equivalent	P:mathematics/theorems/completed-source-volterra-frame-defect.typ; P:mathematics/theorems/completed-source-event-port-transport.typ	proved-derived	instance-of:swing.half-turn
rh.completed-source-gcd-gram	ratio, landmark	J_{2ω}(n) = n^{2ω}∏_{p|n}(1−p^{−2ω}); Σ_{d|n}J_{2ω}(d) = n^{2ω}; ⟨u_m,u_n⟩ = gcd(m,n)^{2ω}; c_ω(n) = J_{2ω}(n)/n^ω	common founding and reunion factor every source crossing: the Jordan divisor atom gives a gcd Gram	ω>0	P:mathematics/theorems/completed-source-common-founding-crossing.typ	proved-derived	uses:rh.divisor-quotient-reindex
rh.completed-seam-regularization	landmark	0<ω<½, p₀ = ½−ω: S_ω = A_ωG_ω = Ξ(p−ω)/Ξ(p+ω), A_ω = ζ(p+½−ω)/ζ(p+½+ω); Ã = A/(p−p₀), G̃ = (p−p₀)G holomorphic nonzero near p₀	the Jordan incidence diverges at the half-seam while the completed seam retains strict capacity	two-variable continuation open	P:mathematics/theorems/completed-source-seam-regularization.typ	proved-derived	uses:rh.completed-source-gcd-gram
rh.theta-phase-current-bridge	landmark, receiver	Ξ(z) = c_Φ∫Φ(t)e^{zt}dt; L_ω(p,q) = (Ξ(p+ω)Ξ(q+ω)‾ − Ξ(p−ω)Ξ(q−ω)‾)/(p+q̄) is the bilateral-Laplace pullback of a theta phase current D_ω	the shifted completed kernel is the Laplace pullback of one theta phase current; its positivity is the open RH sign	Re p, Re q > 0	P:mathematics/theorems/completed-theta-phase-current-bridge.typ; P:mathematics/theorems/theta-positive-execution-lift.typ	proved-derived	uses:rh.heat-kernel-phi
rh.theta-crossing-layers-indefinite	coholon, landmark	K_y on {s,−s}, s>y: [[0,k],[k,0]], k = Φ(y+s)Φ(y−s) > 0, eigenvalues ±k	every isolated theta crossing layer is indefinite, so the phase current cannot be proved positive layer by layer	y>0	P:mathematics/lemmas/theta-crossing-layer-indefiniteness.typ	counterexample	obstructs:rh.theta-phase-current-bridge
rh.theta-parity-execution	coholon	UKU* = (A+B) ⊕ (A−B); K ⪰ 0 ⇔ A ⪰ 0 ∧ −A ≤ B ≤ A ⇔ B = A^{1/2}TA^{1/2}, T self-adjoint contraction	the full theta coordinate executor is one bipolar contraction under the parity receiver	K(−a,−b) = K(a,b)	P:mathematics/theorems/theta-parity-execution-reduction.typ	proved-derived	uses:rh.natural-contraction-route
rh.nested-aperture-persistence	receiver	q_{R′}|_{T_R} = q_R ⇒ μ_{R′} ≤ μ_R; q_R(f) < 0 ⇒ every later error e_{R′} ≥ −q_R(f)/‖f‖² > 0	a negative compact witness survives every larger support aperture, so aperture enlargement alone cannot drive a lower error to zero	nested compatible Hermitian forms	P:mathematics/lemmas/nested-aperture-deficit-persistence.typ	counterexample	obstructs:rh.receiver-domination-route
rh.normalized-euler-resolvent	receiver, ratio	R_a = √(1−a²)(I−aU)^{−1}; R_a*R_a = I + Σ_{m≥1}a^m(U^m+U^{*m}); W_p(h) = log p(‖R_p x‖² − ‖x‖²), a = p^{−1/2}	the normalized Euler resolvent folds every prime-power return into one amplitude	U unitary, 0<a<1	P:mathematics/lemmas/normalized-euler-resolvent-return.typ	proved-derived	uses:rh.euler-successor-geometry
rh.euler-successor-geometry	receiver, ratio	J_{S,p} = θ_{S′}θ_S^{−1} = I − a_pU_p; G_p = (1+a_p²)I − a_p(U_p+U_p*), (1−a_p)²I ≤ G_p ≤ (1+a_p)²I; ∂_σ log|1−p^{−σ−it}|² = 2 log p Σ_m p^{−mσ}cos(mt log p)	one-prime Euler successor geometry: admitting p multiplies by D_p(t) = 1 − p^{−½−it}, with a two-sided metric bound; the prime-power recurrence is the normal derivative of the Euler metric	bounded Sonin intertwiners	P:mathematics/theorems/euler-successor-geometry.typ; P:mathematics/theorems/euler-metric-recurrence.typ; P:mathematics/theorems/semilocal-sonin-prime-induction.typ	proved-derived	uses:rh.prime-phase-partition
rh.semilocal-successor-contraction	receiver, landmark	D_S(f) = ‖C_{S,R}f‖² given; a semilocal successor carrier exists ⇔ an explicit cross-channel defect contraction exists	a semilocal successor carrier is exactly a cross-channel defect contraction; the arithmetic contraction remains the RH-bearing construction	bounded linear current maps	P:mathematics/theorems/semilocal-successor-defect-contraction.typ; N:2026-09-23_WEIL_SIGN_PARTITIONS_AND_THE_SEMILOCAL_POSITIVE_CARRIER.md	open	uses:rh.completed-defect-recurrence
rh.weil-support-induction	receiver, landmark	T_n = {g ∈ L²(I_n): ∫g = 0, ∫e^{σu/2}g = 0}, P(n): q_n ≥ 0 on T_n; P(2) supplied by the archimedean theorem; RH ⇔ one uniform conditioned support-successor law P(n) ⇒ P(n+1)	RH reduces to one uniform conditioned support-successor law; the source-derived successor short is open	σ² = 1	P:mathematics/theorems/weil-support-induction-reduction.typ; P:mathematics/theorems/conditioned-support-quotient-shorting.typ	open	uses:rh.conditioned-effective-tension
rh.conditioned-effective-tension	constitution, receiver	q(x+J̃y) = ⟨Ax,x⟩ + 2Re⟨Cy,x⟩ + ⟨Dy,y⟩, A ≥ λI>0: x_y = −A^{−1}Cy, S = D − C*A^{−1}C, s(y) = inf_x q(x+J̃y)	shorting returns the shell's effective tension (Schur complement) after the old body relaxes	closed Hermitian form, old gap λ>0	P:mathematics/theorems/conditioned-effective-tension.typ	proved-derived	instance-of:tube.dn-elimination
rh.dyadic-euler-cell	receiver, swing	V₄ = span{e₁..e₄}, T = compressed U_{log 2}: T² = 0; R = T + T* = R* = R^{−1}; P_± = (I±R)/2; D₂ = ℓ(B₋*B₋ − B₊*B₊); periodization Π*Π = 2P₊	the first dyadic Euler contact is the polarization of two positive boundary channels, a C₂-character signature forcing a symmetric filler	R = 4, p = 2 cell	P:mathematics/theorems/dyadic-euler-boundary-polarization.typ; P:mathematics/theorems/dyadic-character-filler-bound.typ; P:mathematics/theorems/dyadic-poisson-half-filler.typ	proved-derived	instance-of:swing.half-turn
rh.first-prime-hinge	receiver, parametron	a∈(log2/2, log3/2): T_a = V_a + V_a*, T_a² = P_L + P_R, spec T_a = {−1,0,1}; δ_a*δ_a = P_a − T_a; q̄_a = α₂δ_a*δ_a + K_a, α₂ = log 2/√2	before the third prime enters, the finite-place operator is one boundary-strip swap, and the first-prime cross is an open capacitor with an endpoint-storage debit	first cell; continuum domination open	P:mathematics/lemmas/first-prime-fixed-domain-hinge.typ; P:mathematics/lemmas/first-prime-capacitance-completion.typ	proved-derived	instance-of:parametron.lc-exchange
rh.seventh-harmonic-margin	receiver	δ₇ = 363/140 − γ − log(π log 3) − (log 3)/4 − (log 2)/√2 > 1/96 > 0	the seventh harmonic archimedean tail margin is strictly positive, by an exact rational-series certificate		P:mathematics/lemmas/seventh-harmonic-tail-series-certificate.typ	proved-derived	
rh.prime-admission-cross-shell	receiver, tube	ℓ = log p, r = log(p+1): PU_pP = 0, BU_pB = 0, (P+B)U_p(P+B) = PU_pB + BU_pP	a newly admitted prime is pure old–shell cross incidence before Mellin conditioning	p≥2, p+1 ≤ p²	P:mathematics/theorems/prime-admission-cross-shell.typ; P:mathematics/theorems/prime-power-aperture-incidence.typ	proved-derived	uses:rh.prime-aperture-truncation
rh.prime-power-hinge-cells	receiver, landmark	g_fin(t) = Σ_{m≥2}(Λ(m)/√m)(|t| − log m)₊; hinge m meets aperture R ⇔ m < R, paired triangles ξ−η > α_m(R) = log m/log R, leg log(R/m)	prime-power hinge cells of the zeta screw kernel recur, and conditioning creates their cross-axis Gram	effective-tension sign open	P:mathematics/theorems/prime-power-hinge-cell-recurrence.typ	proved-derived	uses:rh.first-prime-hinge
rh.divisor-transport-boundary	receiver, landmark	sign seam y_ω of G_ω: demands d(n) = c_ω(n)|G_ω(n/x)| below, capacities b(m) = c_ω(m)G_ω(m/x) above; divisor-supported transport vanishes unless n | m; must be diffuse and does not erase the global cut	a divisor-supported source transport must be diffuse; global congestion is open	0<ω<½, x>1/y_ω	P:mathematics/theorems/divisor-source-transport-boundary.typ	open	uses:rh.divisor-source-transport
rh.critical-seam-conjugacy	swing, landmark	J(s) = 1 − s̄, Fix J = {Re s = ½}; J_φ = φJφ^{−1}, Fix J_φ = φ(Fix J); M(f⋆f♯)(½+z) = A_f(z)·A_f(J z)‾, equal to |A_f|² exactly on Fix J	the critical line is a chart of a fixed seam, and the Mellin return is a norm square exactly there	φ biholomorphic	P:mathematics/lemmas/critical-seam-conjugacy.typ; P:mathematics/lemmas/mellin-return-seam.typ	proved-derived	equiv:rh.critical-line-fixed-locus
rh.mellin-half-density	ratio	(UF)(u) = e^{u/2}F(e^u) unitary L²(ℝ₊,dr) → L²(ℝ,du), (UF)^(t) = MF(½−it); weighted: U_β F = e^{βu/2}F(e^u), (U_βF)^(t) = MF(β/2−it)	the critical half-density is the square-root Jacobian of logarithmic transport; a weighted measure moves the midpoint to β/2		P:mathematics/lemmas/mellin-half-density-chart.typ; P:mathematics/lemmas/weighted-mellin-basis-rebase.typ	proved-standard	uses:rh.mellin-horizon
rh.centered-prime-character	ratio, landmark	s = ½+ε+it, x = ε log p, θ = t log p: A_± = e^{∓x−iθ}; C = e^{−iθ}cosh x, N = e^{−iθ}sinh x, C² − N² = e^{−2iθ}, N = 0 ⇔ ε = 0; g_± = e^{∓2x}(dx²+dθ²)	a centred prime character has circular phase, hyperbolic normal sheets and flat local transport; its normal face vanishes exactly on the seam	p prime	P:mathematics/theorems/centered-prime-character-geometry.typ	proved-derived	uses:rh.half-centred-face
rh.positive-monodromy-seam	cycle, landmark	H_y(T_γv, T_γw) = H_x(v,w) with H positive definite ⇒ holonomy H_x-unitary, spec ⊂ {|λ| = 1}; e^{tA} covariant ⇒ spec A ⊂ iℝ	a positive covariant monodromy law fixes the critical seam; RH follows only if such a law carries the zeros	independently constructed positive fibre forms	P:mathematics/theorems/positive-covariant-monodromy-seam.typ	proved-derived	uses:coupling.reflected-positivity
rh.reciprocal-monodromy-not-unit	landmark	M = [[2,1],[1,1]], MᵀΩM = Ω, det(tI−M) = t² − 3t + 1, λ± = (3±√5)/2, λ₊λ₋ = 1, λ₊ > 1	reciprocal (symplectic) monodromy does not force unit modulus: the figure-eight knot's Alexander polynomial		P:mathematics/lemmas/reciprocal-monodromy-counterexample.typ	counterexample	obstructs:rh.positive-monodromy-seam
rh.causal-parity-kirchhoff	complex, holon, aeon	q_{k+1} − q_k + Bj_k = r_k; q_n − q_m + BΣj_k = Σr_k; zero incidence not required: Bj_k carried by storage change	causal parity carries event balance, Kirchhoff duality and phase return on a finite occurrence complex	finite complex, additive currents	P:mathematics/theorems/causal-parity-kirchhoff-return.typ; P:mathematics/theorems/passive-incidence-kron-composition.typ	proved-derived	instance-of:holon.stokes, instance-of:holon.energy-balance
rh.prime-interval-wall-current	landmark, compression	[113,127]: Δ₃ = −(X₃²X₁₃ + X₃X₄₁), Δ₅ = −(X₅X₂₃ + X₅³), Δ₇ = −X₇X₁₇, Δ₁₁ = −X₁₁²; 117 = 3²·13, 123 = 3·41, 115 = 5·23, 125 = 5³, 119 = 7·17, 121 = 11²	the prime gap 14 from 113 to 127 is the augmentation of a six-occurrence arithmetic wall current		P:mathematics/theorems/prime-interval-wall-current.typ; P:mathematics/theorems/prime-cut-incidence-calculus.typ	proved-derived	uses:arith.prime-valuation
rh.prime-wheel-euler	landmark, compression	C_S = {n : gcd(n,P_S) = 1} = ⊔_k p^k C_{S∪p}; |U_{S∪p}| = (p−1)|U_S| (copy–cut)	the prime wheel, the Möbius cut and the Euler return are one transported incidence	S finite, p ∉ S	P:mathematics/theorems/prime-wheel-euler-transport.typ	proved-derived	uses:coupling.twin-wheel
rh.source-loop-separation	receiver, landmark	the Ihara function Z_{G_X} is invariant under receiver change and under source deformations preserving the incidence graph; Z_{G_r*} may change or recur at nonidentical sources	neither the source-loop nor one receiver-loop zeta determines the causal identity of a received construction	bounded counterexample	P:mathematics/theorems/source-diagram-loop-separation.typ	counterexample	obstructs:rh.graph-trace-tetrahedron
rh.weil-closure-conditions	receiver, landmark	(1) weighted argument principle on cofinal contours, (2) prime+archimedean residual identity, (3) vanishing boundary remainder, (4) identification with the classical Weil form, (5) its nonnegativity on every admitted test, (6) positivity ⇔ RH; falsifier: a negative value on an admitted test, or two spectral populations with equal complete entering receiver and different seam placement	the candidate RH closure is a six-step composite; (1)–(3) have since been returned in RH/, (4)–(6) remain the positive Weil carrier	catalog snapshot 2026-08-28; items 1–3 now WeightedArgumentPrinciple, ExplicitFormulaLimit, PrimeSideConverges	D:lean/MILLENNIUM_FORMAL_CATALOG.md#121-riemann-hypothesis; L:RH/WeightedArgumentPrinciple:hasWeightedArgumentPrinciple; L:RH/PrimeSideConverges:explicit_formula_classical_weil	open	uses:rh.explicit-formula-weil-tests, uses:rh.weil-positivity-under-rh, uses:rh.global-weil-finish-line
coupling.closure-staircase	receiver, compression, holarchy	situated occurrence → Swing/returned difference → addressed transport word → annihilator, boundary cancellation, remainder → receiver quotient with reconstruction fibre → rebase, route comparison, holonomy → scale descent → compactness/gluing → official receiver; transformer exists ⇔ (entering l = entering r ⇒ returned l = returned r)	the common local-to-global closure staircase: a pair with equal entering and unequal returned faces is the exact counterexample, and adding its separator is the next move	catalog snapshot 2026-08-28	D:lean/MILLENNIUM_FORMAL_CATALOG.md#11-holonics-is-the-source-catalog-the-common-closure-staircase; L:Millennium/PhysicalRealization:receiverToFutureTransformer_exists_iff	definition	uses:coupling.dependent-receiver-quotient, uses:coupling.separation-empty-collapse
coupling.millennium-frame-questions	receiver	RH: is the landmark field unbiased at every scale (½ the unitary seam)? Hodge: does a receiver-visible invariant subspace have enough supported realizers (obstruction = cokernel of the cycle class map)? NS: does winding amplified by the carrying flow stay bounded? YM: does a non-abelian connection's spectrum have a forbidden band? BSD: does a realizer population's rank equal a spectral order of vanishing?	each target posed as the receiver question it is for this project; the organ is where a deed starts, not evidence	canon, 2026-08-10; no deed graded by resemblance	D:docs/canon/THE_MILLENNIUM_FRAME.md#the-frame	interpretation	uses:coupling.receiver-form
coupling.lattice-gauge-bar	receiver	a finite lattice transfer spectrum with a forbidden band is not a mass gap: the problem concerns a family carrying spacing, volume and correlation-length scaling; reflection positivity is the missing precondition	no "mass gap" label without a spacing/volume/correlation scaling family	canon, 2026-08-11 correction	D:docs/canon/THE_MILLENNIUM_FRAME.md#yangmills-is-the-crystal-reading-and-it-needs-the-one-term-this-body-lacks	interpretation	uses:coupling.reflected-positivity-open
rh.spectral-relative-completeness	globe, landmark	does the relevance theorem yield relative completeness in the spectral chart? It needs a persistent frontier current	the zero field as a relatively complete region is open		D:docs/ELEMENTARY_OBJECTS.md#the-targets	open	uses:globe.relative-completeness, uses:info.relevance-kernel
hodge.hilbert-chain-energy	complex, constitution	⟨Δ_B x, x⟩ = ‖into† x‖² + ‖outOf x‖², Δ_B = into∘into† + outOf†∘outOf, outOf∘into = 0	the middle Hodge Laplacian of a two-step transport chain loses exactly the population that is closed under outOf and coclosed under into†	finite-dimensional real Hilbert A→B→C, continuous linear maps	L:Millennium/HilbertTransportChain:inner_middleLaplacian_self; L:Millennium/HilbertTransportChain:middleLaplacian_apply_eq_zero_iff; L:Millennium/HilbertTransportChain:middleLaplacian_ker	formal-checked	instance-of:complex.boundary-squared, uses:constitution.hodge-split
hodge.hilbert-chain-decomposition	complex, constitution	B = im(into) ⊕ ker Δ_B ⊕ im(outOf†), unique; harmonic = nonharmonicᗮ; outOf x=0 ⇒ x = e + h uniquely	every middle occurrence splits uniquely into exact, harmonic and coexact parts, and a closed one into exact plus harmonic	finite-dimensional Hilbert chain; not a continuum Hodge decomposition	L:Millennium/HilbertTransportChain:exists_hodge_decomposition; L:Millennium/HilbertTransportChain:hodge_decomposition_unique; L:Millennium/HilbertTransportChain:exists_exact_harmonic_of_outOf_eq_zero; L:Millennium/HilbertTransportChain:harmonic_eq_nonharmonic_orthogonal	formal-checked	instance-of:constitution.hodge-split, uses:hodge.hilbert-chain-energy
hodge.hilbert-receiver-form-null-cone	receiver, constitution, complex	nullCone(B_Δ) = harmonic; B_Δ definite ⇔ coercive ⇔ harmonic = ⊥; on nonharmonic, B_Δ is positive definite and coercive	installed as a receiver form, the Laplacian energy's null population is exactly the harmonic population, and its complement always carries a gap	finite-dimensional Hilbert chain	L:Millennium/HilbertReceiverForm:laplacianReceiverForm_nullCone; L:Millennium/HilbertReceiverForm:laplacianReceiverForm_isCoercive_iff; L:Millennium/HilbertReceiverForm:nonharmonicReceiverForm_isCoercive	formal-checked	uses:hodge.hilbert-chain-energy, uses:coupling.null-cone-is-collapse
hodge.hilbert-spectrum-finite-gap	constitution, receiver	spec(Δ_B) finite, ⊂ [0,∞); 0 ∈ spec ⇔ harmonic ≠ ⊥; harmonic ≠ ⊥ ∧ nonharmonic ≠ ⊥ ⇒ SpectrumHasMassGap(spec Δ_B)	a finite Hilbert transport chain with both populations nontrivial has an exact finite spectral gap above its harmonic zero	finite dimension only; no scale-uniform gap, continuum limit or gauge Hamiltonian	L:Millennium/HilbertTransportSpectrum:middleSpectrum_hasMassGap; L:Millennium/HilbertTransportSpectrum:zero_mem_middleSpectrum_iff; L:Millennium/HilbertTransportSpectrum:finiteSpectrum_hasMassGap	formal-checked	uses:hodge.hilbert-chain-energy, uses:ym.spectrum-has-mass-gap
hodge.hilbert-quotient-energy-gns	constitution, compression	ker(B_Δ) = harmonic; B_Δ descends to a positive-definite nondegenerate form on B / harmonic	the energy form's radical is the harmonic population, and the GNS quotient by it is definite	finite-dimensional Hilbert chain	L:Millennium/HilbertTransportSpectrum:laplacianEnergyForm_ker; L:Millennium/HilbertTransportSpectrum:quotientEnergyForm_posDef	formal-checked	instance-of:compression.kernel, uses:hodge.hilbert-chain-energy
hodge.hilbert-refinement-naturality	tower, complex, constitution	R isometric on A,B,C commuting with into, outOf and both adjoints ⇒ R(harmonic) ⊂ harmonic, R(exact) ⊂ exact, Δ_T R = R Δ_S, B_T(Rx,Ry) = B_S(x,y); new nonharmonic modes ⊥ R(nonharmonic)	a four-square refinement transports the Hodge populations, intertwines the Laplacians and preserves the energy on transported occurrences	directed scale system of finite Hilbert complexes	L:Millennium/HilbertTransportRefinement:middleLaplacian_natural; L:Millennium/HilbertTransportRefinement:laplacianEnergyForm_natural; L:Millennium/HilbertTransportRefinement:maps_harmonic; L:Millennium/HilbertTransportRefinement:inner_transported_newNonharmonicModes_eq_zero	formal-checked	instance-of:tower.gluing, uses:hodge.hilbert-chain-decomposition
hodge.hilbert-uniform-gap-dichotomy	tower, receiver	¬ HasUniformNonharmonicGap ⇔ HasUniformGapDefect; each scale is coercive; a uniform gap specializes to ∃Δ>0 at every scale	each scale always has its own finite gap, and failure of a scale-uniform gap is exactly a gap-defect sequence	directed refinement system	L:Millennium/HilbertTransportRefinement:not_hasUniformNonharmonicGap_iff; L:Millennium/HilbertTransportRefinement:eachScaleHasNonharmonicGap; L:Millennium/HilbertTransportRefinement:uniformGap_specializes	formal-checked	uses:hodge.hilbert-refinement-naturality, obstructs:ym.pointwise-gap-no-continuum
hodge.hilbert-two-scale-gap-one	tower, constitution	coarse ℝ → fine ℝ² (first coordinate), into=id, outOf=0; finrank 1 < 2; Δ = id at both scales; uniform gap constant exactly 1	a genuinely dimension-changing two-scale refinement has the exact uniform nonharmonic gap one and no gap defect	two finite scales; not a lattice gauge complex or continuum limit	L:Millennium/HilbertConcreteRefinement:twoScaleSystem_hasUniformNonharmonicGap; L:Millennium/HilbertConcreteRefinement:twoScaleSystem_uniformGapConstant_le_one; L:Millennium/HilbertConcreteRefinement:twoScaleSystem_not_hasUniformGapDefect	formal-checked	specializes:hodge.hilbert-uniform-gap-dichotomy
hodge.hilbert-unbounded-incidence-gap	tower, complex	V_n → V_n ⊕ V_n → V_n, x ↦ (x,0), (x,y) ↦ y, V_n = ℝ^(n+1); finrank middle = 2(n+1) unbounded; Δ = id; ‖x‖² ≤ B_Δ(x,x) at every n	unbounded refinement with nonzero incidence does not by itself create a vanishing-gap sequence	split exact chain; not a gauge configuration space	L:Millennium/HilbertIncidenceRefinement:incidenceScale_uniformNonharmonicGap; L:Millennium/HilbertIncidenceRefinement:incidenceScale_middle_finrank_unbounded; L:Millennium/HilbertIncidenceRefinement:incidenceScale_maps_nonzero	counterexample	obstructs:ym.pointwise-gap-no-continuum, specializes:hodge.hilbert-uniform-gap-dichotomy
hodge.barycentric-edge-halving	complex, tower	sd₁σ = σ∘e₀ + σ∘e₁ (split at the midpoint ½), ∂(sd₁σ) = sd₀(∂σ); d(e_w x, e_w y) = 2^(−|w|)·d(x,y), e_(u++v) = e_v∘e_u	edge refinement is a chain map whose shared midpoint cancels, and each half-edge word contracts the source parameter by exactly 2^(−length)	singular 1-simplices on the sphere, rational chains	L:Millennium/HodgeBarycentricEdgeSubdivision:barycentricEdgeSubdivisionMorphism_comp_boundary; L:Millennium/HodgeBarycentricEdgeSubdivision:segmentParameterDistance_edgeConeMap; L:Millennium/HodgeBarycentricEdgeCoverSmallness:segmentParameterDistance_edgeWordMap; L:Millennium/HodgeBarycentricEdgeCoverSmallness:edgeWordMap_append	formal-checked	instance-of:complex.boundary-squared, uses:fractal.packing
hodge.barycentric-triangle-contraction	complex, tower	a+b+c=0 ⇒ (a/3)² + (a/3+b/2)² + (a/3+b/2+c)² ≤ (2²/3²)(a²+b²+c²); d²(S_w x, S_w y) ≤ (2²/3²)^|w| d²(x,y)	the six-cell barycentric triangle successor contracts squared coordinate distance by 4/9 per address letter	standard 2-simplex, squared coordinate distance	L:Millennium/HodgeBarycentricTriangleSubdivision:barycentricQuadratic_contraction; L:Millennium/HodgeBarycentricTriangleSubdivision:triangleSquaredCoordinateDistance_barycentricTriangleWordMap	formal-checked	uses:hodge.barycentric-edge-halving
hodge.barycentric-triangle-seam	complex	∂(Sd₂σ) = Sd₁(∂σ): six subtriangles cone each half-edge to the barycentre (1/3,1/3,1/3); three midpoint seams and three vertex-radial seams cancel in opposite pairs	the six-cell subdivision is a chain map whose interior seams cancel and whose exterior is the subdivided boundary	singular 2-simplices on the sphere	L:Millennium/HodgeBarycentricTriangleSubdivision:boundary_barycentricTriangleSubdivision; L:Millennium/HodgeBarycentricTriangleSubdivision:barycentricTriangleSubdivisionMorphism_comp_boundary	formal-checked	instance-of:complex.boundary-squared
hodge.barycentric-tetrahedron-contraction	complex, tower	a+b+c+d=0 ⇒ (a/4)² + (a/4+b/3)² + (a/4+b/3+c/2)² + (a/4+b/3+c/2+d)² ≤ (3²/2⁴)(a²+b²+c²+d²); words contract by (3²/2⁴)^|w|	the twenty-four-cell flag refinement contracts squared coordinate distance by 9/16 per flag letter	standard 3-simplex; address Fin 4 × Fin 3 × Fin 2 = 24 = 2³·3 cells	L:Millennium/HodgeBarycentricTetrahedron:barycentricTetrahedronQuadratic_contraction; L:Millennium/HodgeBarycentricTetrahedron:tetrahedronSquaredCoordinateDistance_barycentricTetrahedronWordMap	formal-checked	generalizes:hodge.barycentric-triangle-contraction
hodge.barycentric-tetrahedron-seam	complex	∂(Sd₃σ) = Sd₂(∂σ), Sd₃ = Σ over flags tetrahedron ⊃ face ⊃ edge ⊃ vertex of affine barycentre simplices; iterated: ∂(Sd₃ⁿ c) = Sd₂ⁿ(∂c)	the twenty-four-cell refinement is a degree-three chain square whose face opposite the barycentre is the six-cell triangle refinement	singular 3-simplices on the sphere	L:Millennium/HodgeBarycentricTetrahedron:boundary_barycentricTetrahedronSubdivision; L:Millennium/HodgeBarycentricTetrahedron:barycentricTetrahedronSubdivisionMorphism_comp_boundary; L:Millennium/HodgeBarycentricTetrahedron:boundary_iteratedBarycentricTetrahedronSubdivision	formal-checked	uses:hodge.barycentric-triangle-seam
hodge.barycentric-cover-smallness	complex, tower, receiver	open cover 𝒰 of a compact simplex ⇒ ∃N ∀ words w, |w| ≥ N ⇒ image(S_w) ⊂ some U ∈ 𝒰; one synchronized depth for any finite addressed family	exact rational contraction plus a Lebesgue number gives a uniform small-simplex depth for every open cover, pulled back through each singular simplex	compact metric simplex; edge (1/2), triangle (4/9), tetrahedron (9/16) contractions	L:Millennium/HodgeBarycentricCoverSmallness:exists_scale_all_barycentric_words_subordinate; L:Millennium/HodgeBarycentricEdgeCoverSmallness:exists_scale_finite_sphereSimplex_family_edge_descendants_subordinate; L:Millennium/HodgeBarycentricTetrahedronCoverSmallness:exists_scale_finite_sphereTetrahedron_family_barycentric_descendants_subordinate; L:Millennium/HodgeBarycentricChainSupport:exists_scale_chain_support_barycentric_descendants_subordinate	formal-checked	uses:hodge.barycentric-triangle-contraction, uses:hodge.barycentric-tetrahedron-contraction
hodge.barycentric-chain-support	complex, receipt	supp(c) = {σ : c_σ ≠ 0} finite; supp(c) = ∅ ⇔ c = 0; c = Σ_(σ∈supp c) c_σ·[σ]	an actual rational singular chain carries a finite addressed support whose coefficients reconstruct it exactly	rational singular chains on the sphere	L:Millennium/HodgeBarycentricChainSupport:sphereChainSupport_eq_empty_iff; L:Millennium/HodgeBarycentricChainSupport:sum_support_sphereChainCoefficient_simplexGenerator	formal-checked	
hodge.barycentric-edge-homotopy	complex, cycle	∂H₁(σ) = sd₁σ − σ, H₁ = main sweep triangle + folded triangle + constant triangle; ∂ of the triangle homotopy defect = 0	degree-one subdivision preserves the represented class, and the orientation-reversal fibre is kept, not quotiented	singular chains on the sphere; degree one	L:Millennium/HodgeBarycentricSubdivisionHomotopy:boundary_barycentricEdgeSubdivisionHomotopy; L:Millennium/HodgeBarycentricSubdivisionHomotopy:barycentricEdgeSubdivisionHomotopyMorphism_comp_boundary; L:Millennium/HodgeBarycentricSubdivisionHomotopy:barycentricTriangleHomotopyDefectMorphism_comp_boundary	formal-checked	uses:hodge.barycentric-edge-halving
hodge.barycentric-degree-two-residual	complex, cycle	R₂ = S₂ − id − ∂P₁ satisfies ∂R₂ = 0; a comparison of the six-cell current with the coned stellar current would make the stellar 3-current the filling	the degree-two filling problem reduces to a closed residual current, with no comparison assumed	singular 2-chains on the sphere	L:Millennium/HodgeBarycentricDegreeTwoFilling:barycentricResidual_comp_boundary	formal-checked	uses:hodge.barycentric-edge-homotopy
hodge.barycentric-affine-source-current	complex, cycle	∂_source(6 barycentric cells − id − 9 edge-prism cells) = 0; cone realization: ∂(cone σ ∘ residual) = S₂σ − σ − ∂P₁σ	the barycentric filling is first a closed free rational current of source maps, coned before any receiver simplex is applied, so lineage is retained	affine maps Triangle → Triangle as free ℚ-chain	L:Millennium/HodgeBarycentricAffineSourceComplex:sourceBoundary_sourceBarycentricResidual; L:Millennium/HodgeBarycentricAffineSourceComplex:boundary_sourceTriangleConeRealization_sourceBarycentricResidual_eq_realization; L:Millennium/HodgeBarycentricAffineSourceComplex:barycentricDegreeTwoHomotopyMorphism_comp_boundary	formal-checked	uses:hodge.barycentric-degree-two-residual
hodge.cycle-class-causal-length	receiver, tower, cycle, aeon	cycle-class Swing: rational algebraic cycle ↦ rational Hodge class with clockLength = 1; tower fibre over some h = CycleLiftFibre(D,h); every nonzero fibre occupied ⇔ PrimitiveLiftable	the Hodge cycle-class map is a one-tick measured causal passage whose receiver fibres are exactly the cycle lifts	Hodge Datum; codimension kept as boundary degree	L:Millennium/HodgeCausalLengthBridge:cycleClassHistory_clockLength; L:Millennium/HodgeCausalLengthBridge:towerFibreOccupation_iff_primitiveLiftable; L:Millennium/HodgeCausalLengthBridge:detectsEveryNonzero_iff_towerFibreOccupied	formal-checked	uses:hodge.primitive-liftable, instance-of:info.preimage-fibre
hodge.cycle-class-missing-fibre	receiver, cycle	PreimageFibre(cycleClassTower upperDatum, some missingHodgeClass) = ∅	attaching a clock does not populate the missing-axis model: its Hodge class has no cycle lift	missing-axis model Datum	L:Millennium/HodgeCausalLengthBridge:missingCycleClassTowerFibre_empty	counterexample	uses:hodge.cycle-class-causal-length, obstructs:hodge.primitive-liftable
hodge.common-star-affine-carrier	complex, receiver	labels : Fin(k+1) → Fin 4, k<3 ⇒ ∃ omitted vertex; stdSimplex.map(labels) lands on ∂Δ³ and restricts face-naturally; H(t) = (1−t)·source + t·affineLabel keeps a zero coordinate, so radial return gives source ≃ affine label map	a common-star triangle is homotopic, face by face, to the affine map named by its tetrahedral labels	image of each triangle in each of its three labelled stars	L:Millennium/HodgeCommonStarAffineCarrier:exists_omitted_label; L:Millennium/HodgeCommonStarAffineCarrier:lowLabelAffineMap_face; L:Millennium/HodgeCommonStarAffineCarrier:affineLinePoint_has_zero; L:Millennium/HodgeCommonStarAffineCarrier:affineSphereHomotopy_face_congr	formal-checked	uses:hodge.barycentric-cover-smallness
hodge.common-star-reduction	complex, cycle	∂c = 0, c ∈ C₂(S²;ℚ) ⇒ ∃ K ∈ C₃, λ ∈ ℚ: ∂K = λ·[S²]_candidate − c	every rational singular 2-cycle on the sphere is homologous to a rational multiple of the fundamental candidate, through a refined common-star current	Lebesgue star label; rational coefficients	L:Millennium/HodgeCommonStarNormalization:exists_commonStarReduction_to_fundamental; L:Millennium/HodgeCommonStarNormalization:boundary_refinedCommonStarReductionCurrent	formal-checked	uses:hodge.common-star-affine-carrier, uses:hodge.two-sphere-fundamental-cycle
hodge.conjecture-statement	coholon, holon, cycle, receiver	TheHodgeConjectureIn(Official) := ∀D official, every rational Hodge class of D lies in the ℚ-span of algebraic cycle classes; ⇔ OpenHodgeClasses(Official) = ∅	the Hodge conjecture over a declared official realization family asks that no rational Hodge coholon class be left without an actual Holon cycle	typed boundary: variety, cohomology, cycle-class map are imported problem objects	L:Millennium/HodgeConjecture:TheHodgeConjectureIn; L:Millennium/HodgeConjecture:theHodgeConjecture_iff_noOpenHodgeClass	open	uses:constitution.hodge-split
hodge.cycle-lift-fibre	cycle, receiver, receipt	CycleLiftFibre(D,h) = {z ∈ ℚ-cycles : cl(z) = h}; nonempty ⇔ h ∈ algebraic span; Conclusion(D) ⇔ ∀h, CycleLiftFibre(D,h) ≠ ∅; each inhabited fibre is z₀ + ker(cl)	range membership is replaced by the complete source fibre, so rational equivalence of cycles is retained rather than inverted	Hodge Datum D	L:Millennium/HodgeConstructivePassage:CycleLiftFibre; L:Millennium/HodgeConstructivePassage:cycleLiftFibre_nonempty_iff_mem_algebraicSpan; L:Millennium/HodgeConstructivePassage:hodgeConclusion_iff_every_cycleLiftFibre_nonempty	formal-checked	instance-of:info.preimage-fibre, uses:hodge.conjecture-statement
hodge.rank-one-codim-one	cycle, receiver	rank_ℚ(Hodge carrier) = 1 ∧ nonzero algebraic generator g ⇒ ∀h, h = c(h)·cl(g) ⇒ Conclusion(D); finite Hodge basis of cycle classes ⇒ Conclusion(D)	a rank-one Hodge carrier with one nonzero algebraic generator, or any finite basis of cycle classes, closes the Hodge conclusion	RankOneCodimensionOneRealization / FiniteHodgeBasisRealization	L:Millennium/HodgeConstructivePassage:everyHodgeClass_is_smul_generator; L:Millennium/HodgeConstructivePassage:theHodgeConjectureIn_rankOneCodimensionOne; L:Millennium/HodgeConstructivePassage:reconstructedCycle_returns	formal-checked	uses:hodge.cycle-lift-fibre
hodge.primitive-liftable	cycle, receiver, tower	PrimitiveHodgeStep(lower,upper): lower.Conclusion ⇒ (upper.Conclusion ⇔ PrimitiveLiftable(step)); nonzero primitive ∉ transported lower classes; staircase: ∀p PrimitiveLiftable ⇒ ∀p Conclusion	on each primitive Lefschetz step, the upper Hodge conclusion is exactly liftability of the primitive part, and a staircase of lifts closes every codimension	transverse primitive step; induction on codimension	L:Millennium/HodgeConstructivePassage:PrimitiveLiftable; L:Millennium/HodgeConstructivePassage:hodgeConclusion_iff_primitiveLiftable_of_lower; L:Millennium/HodgeConstructivePassage:nonzero_primitive_not_mem_transportedLowerClasses; L:Millennium/HodgeConstructivePassage:primitiveHodgeStaircaseConclusion	formal-checked	uses:hodge.cycle-lift-fibre, instance-of:tower.gluing
hodge.polarized-receiver-detection	receiver, cycle	algebraicHodgeClasses(D) = ⊤ ⇔ Conclusion(D); AlgebraicallyDetected(receiver) ⇔ (algebraic classes)^⊥ = ⊥ ⇔ Conclusion(D)	with a polarized Hodge receiver, the conclusion is that no nonzero class is orthogonal to every algebraic class	PolarizedHodgeReceiver D	L:Millennium/HodgeConstructivePassage:algebraicHodgeClasses_eq_top_iff_hodgeConclusion; L:Millennium/HodgeConstructivePassage:algebraicallyDetected_iff_orthogonal_eq_bot; L:Millennium/HodgeConstructivePassage:hodgeConclusion_iff_algebraicallyDetected	formal-checked	uses:hodge.primitive-liftable
hodge.dimension-bounded-lefschetz	cycle, receiver, tower	#{lower primitive steps} = ⌊dim/2⌋, step p required iff 2(p+1) ≤ dim; upper half by surjective hard-Lefschetz reflection; H^k = 0 above dim; TheHodgeConjecture ⇔ finite LowerPrimitiveLiftable; dim < 2 ⇒ all conclusions	hard Lefschetz is injective only through the lower half, so each variety leaves exactly ⌊dim/2⌋ primitive algebraicity obligations and nothing else	DimensionBoundedLefschetzSystem R; canonical realizations	L:Millennium/HodgeDimensionBoundedLefschetz:DimensionBoundedLefschetzSystem; L:Millennium/HodgeDimensionBoundedLefschetz:lowerPrimitiveIndex_card; L:Millennium/HodgeDimensionBoundedLefschetz:theHodgeConjecture_iff_finiteLowerPrimitiveLiftable; L:Millennium/HodgeDimensionBoundedLefschetz:allConclusions_of_dimension_lt_two	formal-checked	uses:hodge.primitive-liftable
hodge.dimension-bounded-propagation	cycle, receiver	LowerPrimitiveLiftable ⇐ pointwise holonic detection ∨ one algebraic seed per irreducible monodromy block ∨ source-bearing orbit cover; never requested beyond the middle dimension	three exact constructions return the same finite lower-half primitive lift	dimension-bounded Lefschetz system	L:Millennium/HodgeDimensionBoundedPrimitivePropagation:lowerPrimitiveLiftable_of_detection; L:Millennium/HodgeDimensionBoundedPrimitivePropagation:lowerPrimitiveLiftable_of_irreducibleMonodromySeeds; L:Millennium/HodgeDimensionBoundedPrimitivePropagation:theHodgeConjecture_of_dimensionBoundedMonodromyOrbitCovers	formal-checked	uses:hodge.dimension-bounded-lefschetz, uses:hodge.monodromy-seed-propagation, uses:hodge.holonic-primitive-cut
hodge.lefschetz-one-one-passage	cycle, receiver, holon	Pic(X)⊗ℚ --c₁--> H²(X,ℤ)⊗ℚ --obstruction--> H^(0,2); exact, obstruction null on Hodge classes ⇒ every (1,1) class = c₁(L), CycleLiftFibre ≠ ∅; with dimension-bounded reflection: all codimensions for dim X ≤ 3	the Lefschetz (1,1) exponential passage returns an actual divisor for each degree-two Hodge class, and closes every codimension through complex dimension three	DivisorExponentialPassage D; dim < 4	L:Millennium/HodgeDivisorExponentialPassage:DivisorExponentialPassage; L:Millennium/HodgeDivisorExponentialPassage:firstChern_preimage; L:Millennium/HodgeDivisorExponentialPassage:cycleLiftFibre_nonempty; L:Millennium/HodgeDivisorExponentialPassage:theHodgeConjecture_of_divisorExponentialPassage_dimension_lt_four	formal-checked	uses:hodge.dimension-bounded-lefschetz
hodge.primitive-index-winding	cycle, ratio	#lower = ⌊n/2⌋ = winding of n under the 2-Euclidean Holon; n = (n mod 2) + 2·#lower; ⌈n/2⌉ = #lower + (n mod 2); #higher = ⌊n/2⌋ − 1	the count of primitive Hodge obligations is the binary division-with-remainder of the dimension	n = complex dimension; higher count needs n ≥ 2	L:Millennium/HodgeDivisorExponentialPassage:lowerPrimitiveIndex_card_eq_binaryWinding; L:Millennium/HodgeDivisorExponentialPassage:dimension_eq_parity_add_twice_lowerPrimitiveCard; L:Millennium/HodgeDivisorExponentialPassage:higherPrimitiveIndex_card	formal-checked	instance-of:ratio.div-rem, uses:hodge.dimension-bounded-lefschetz
hodge.higher-primitive-reduction	cycle, receiver	divisor passage ⇒ (LowerPrimitiveLiftable ⇔ HigherPrimitiveLiftable); HigherPrimitiveLiftable ⇔ rank complete ⇔ finite-rank primitive sources for p ≥ 1	once divisors close the first primitive step, the Hodge conjecture is exactly the higher (codimension ≥ 2) primitive rank completeness	dimension-bounded system with divisor passage	L:Millennium/HodgeDivisorExponentialPassage:lowerPrimitiveLiftable_iff_higher_of_divisors; L:Millennium/HodgeDivisorExponentialPassage:theHodgeConjecture_iff_higherPrimitiveRankComplete_of_divisors	formal-checked	uses:hodge.lefschetz-one-one-passage, uses:hodge.finite-primitive-rank
hodge.finite-primitive-rank	cycle, receiver, compression	PrimitiveLiftable(step) ⇔ finrank_ℚ(primitive algebraic classes) = finrank_ℚ(primitive carrier); FiniteRankPrimitiveSource (injective cycle source, commuting square, rank return) ⇒ primitive class map is a linear equivalence	each primitive obligation is an exact rank comparison, and a retained finite source with its commuting square turns rank equality into an explicit cycle for every class	finite-dimensional primitive carrier	L:Millennium/HodgeFinitePrimitiveRank:primitiveLiftable_iff_algebraicFinrank_eq; L:Millennium/HodgeFinitePrimitiveRank:FiniteRankPrimitiveSource; L:Millennium/HodgeFinitePrimitiveRank:primitiveClass_surjective; L:Millennium/HodgeFinitePrimitiveRank:theHodgeConjecture_iff_finiteLowerPrimitiveRankComplete	formal-checked	uses:hodge.primitive-liftable
hodge.finite-nonboundary-reduction	complex, cycle, receiver	∂W = [S²]_radial with finite support; empty fourfold star intersection ⇒ each local 4-label tuple admissible ⇒ carried boundary = 0; but fundamental face current ≠ 0; so no boundary return exists ⇒ [S²] ∉ im ∂₃	a hypothetical degree-three filling of the radial sphere cycle contradicts itself on its own finite support	finite support of one boundary witness; seam-compatible radially normalized refinement	L:Millennium/HodgeFiniteCarrier:carriedBoundary_eq_zero_of_locallyAdmissible; L:Millennium/HodgeFiniteCarrier:fundamentalFaceChain_ne_zero; L:Millennium/HodgeFiniteCarrier:boundaryReturn_isEmpty; L:Millennium/HodgeFiniteCarrier:sphereFundamentalCandidate_not_mem_boundary_range_of_finite_return	formal-checked	instance-of:complex.boundary-squared, uses:hodge.closed-star-labeling
hodge.closed-star-labeling	complex, receiver	closed-star label: image of every cell incident to v ⊂ open star(label v); then every point lies in the 4 stars of its cell's vertices; Lebesgue radius split into three legs (point→centre→shared vertex→anchor)	one global vertex population, shared by all incident cells, makes every cell's four labels admissible	addressed tetrahedral complex; exact Lebesgue constructor	L:Millennium/HodgeFiniteClosedStarLabeling:commonStarAtCell; L:Millennium/HodgeFiniteClosedStarLabeling:fourLabelsAdmissibleAtCell; L:Millennium/HodgeFiniteClosedStarLabeling:exists_starLebesgueLabel	formal-checked	uses:hodge.barycentric-cover-smallness
hodge.finite-hodge-decomposition	complex, constitution, coholon	d² = 0, δ = d†, Δ = dδ + δd: E = im d ⊕ im δ ⊕ ker Δ orthogonal; ker Δ = ker d ∩ ker δ; dx = 0 ⇒ x = h + da; ker Δ ∩ im d = 0	the receiver-visible balance Δx = 0 is exactly closed-and-coclosed, and every closed class has one balanced representative	finite-dimensional real inner-product space	L:Millennium/HodgeFiniteDecomposition:mem_harmonic_iff; L:Millennium/HodgeFiniteDecomposition:sup_eq_top; L:Millennium/HodgeFiniteDecomposition:exists_harmonic_add_exact; L:Millennium/HodgeFiniteDecomposition:harmonic_inf_range_d_eq_bot	formal-checked	instance-of:constitution.hodge-split, instance-of:complex.boundary-squared
hodge.green-operator	constitution, coholon	Δ self-adjoint, Δ(E) ⊂ (ker Δ)^⊥, Δ|_(ker Δ)^⊥ bijective; x = Hx + ΔGx with Hx harmonic, Gx ∈ (ker Δ)^⊥	the Laplacian is invertible on the harmonic complement, giving the Hodge–Green decomposition	finite-dimensional differential	L:Millennium/HodgeGreenOperator:inner_laplacian_left; L:Millennium/HodgeGreenOperator:laplacianRestrict_injective; L:Millennium/HodgeGreenOperator:exists_green; L:Millennium/HodgeGreenOperator:exists_harmonic_add_laplacian	formal-checked	uses:hodge.finite-hodge-decomposition
hodge.harmonic-representative	coholon, constitution, compression	closed = harmonic ⊕ exact; harmonic ≅ closed/exact = cohomology (linear iso); dim harmonic = dim H; each class has a unique harmonic representative	harmonic coholons are the cohomology of a finite differential, one per class	finite-dimensional differential	L:Millennium/HodgeHarmonicRepresentative:closed_eq_harmonic_sup_exact; L:Millennium/HodgeHarmonicRepresentative:harmonicEquivCohomology; L:Millennium/HodgeHarmonicRepresentative:existsUnique_harmonic_representative	formal-checked	uses:hodge.finite-hodge-decomposition, instance-of:compression.kernel
hodge.least-norm	coholon, constitution	h harmonic ⇒ ‖h + da‖² = ‖h‖² + ‖da‖², ‖h‖ ≤ ‖h + da‖, equality ⇒ da = 0	the harmonic representative is the unique least-norm member of its class	finite-dimensional differential	L:Millennium/HodgeLeastNorm:norm_sq_harmonic_add_exact; L:Millennium/HodgeLeastNorm:norm_harmonic_le; L:Millennium/HodgeLeastNorm:eq_harmonic_of_norm_eq	formal-checked	uses:hodge.harmonic-representative
hodge.holonic-primitive-cut	holon, receiver, cycle	CycleLiftFibre = PreimageFibre of the cycle-class Holon; signed-definite polarization ⇒ ⟨p,p⟩ ≠ 0 for p ≠ 0, restrictions nondegenerate; DetectsEveryNonzero ⇔ PrimitiveLiftable; Hodge ⇔ primitive detection on every step	the primitive Hodge cut is one fibre-occupation law of an actual source-bearing interaction Holon, with the Hodge–Riemann sign as a polarized axis	SignedDefinitePrimitivePolarization; injective Lefschetz steps	L:Millennium/HodgeHolonicPrimitiveCut:selfPairing_ne_zero; L:Millennium/HodgeHolonicPrimitiveCut:detectsEveryNonzero_iff_primitiveLiftable; L:Millennium/HodgeHolonicPrimitiveCut:hodge_iff_primitiveDetection	formal-checked	uses:hodge.primitive-liftable, instance-of:info.preimage-fibre
hodge.cut-falsifier	receiver, cycle	two-direction ℚ carrier, negative-definite intersection form, cycle-class Holon reaching only e₁: e₂ ≠ 0, ⟨e₂,e₂⟩ ≠ 0, CycleLiftFibre(e₂) = ∅; ¬DetectsEveryNonzero	signed definiteness, finite dimension and complete fibres alone do not manufacture an algebraic source occurrence	receiver-level linear model, not a smooth projective variety; refutes an implication, not the Hodge conjecture	L:Millennium/HodgeHolonicCutFalsifier:missingCycleLiftFibre_empty; L:Millennium/HodgeHolonicCutFalsifier:missingHolonFibre_empty; L:Millennium/HodgeHolonicCutFalsifier:signedPolarization_does_not_detect	counterexample	obstructs:hodge.holonic-primitive-cut
hodge.index-form	receiver, constitution	q_e(v) = 2⟨e,v⟩² − ‖v‖², ‖e‖=1: q_e(e) = 1; ⟨e,v⟩ = 0 ⇒ q_e(v) = −‖v‖² (the anchor, negated); signature (1, n−1); not positive when n ≥ 2	one realizer carries both halves of the Hodge index signature: plus on the ample direction, the Euclidean anchor with minus sign on its complement	real inner-product space, unit ample direction	L:Millennium/HodgeIndex:theHodgeReading; L:Millennium/HodgeIndex:theAmpleDirectionIsPositive; L:Millennium/HodgeIndex:theNegativePartIsTheAnchor; L:Millennium/HodgeIndex:theHodgeFormIsNotPositive	formal-checked	uses:coupling.realization-causes-placement, dual-of:hodge.lorentzian-reverse-inequality
hodge.iterated-barycentric-homology	complex, tower, cycle	∂c = 0 ⇒ ∂K_n(c) = Sdⁿ(c) − c for every depth n, K_n a retained lineage 3-current	refinement to any finite depth changes population and scale but preserves the singular class through an explicit lineage current	singular 2-cycles on the sphere	L:Millennium/HodgeIteratedBarycentricHomology:boundary_iteratedBarycentricDegreeTwoHomotopy; L:Millennium/HodgeIteratedBarycentricHomology:boundary_barycentricDegreeTwoHomotopyMorphism	formal-checked	uses:hodge.barycentric-affine-source-current
hodge.label-edge-cancellation	complex, receiver	Σ_cells c_σ·(edge correction of σ) = ∂(refined face current), representative-independent; for a source cycle the edge-correction seam current = 0	affine-label edge corrections cancel familywise through the ordinary refined boundary	refined affine carrier family of a sphere 2-chain	L:Millennium/HodgeLabelEdgeCancellation:refinedFaceEdgeCorrectionCurrent_eq_boundary; L:Millennium/HodgeLabelEdgeCancellation:refinedFaceEdgeCorrectionCurrent_eq_zero	formal-checked	uses:hodge.common-star-affine-carrier
hodge.label-word-contraction	complex, receiver	ordered label words (repeats and folds retained); ∂(normalization defect word) = 0; ∂(edgeCorrection(a,b)) = [a,b]-seam; realization of face words = face realization of the labelled simplex carry	the geometric receiver of the ordered-word calculus keeps every word occurrence and cancels the normalization defect exactly	words avoiding an omitted tetrahedral label	L:Millennium/HodgeLabelWordContraction:normalizationDefectWord_boundary_zero; L:Millennium/HodgeLabelWordContraction:edgeCorrectionWord_boundary; L:Millennium/HodgeLabelWordContraction:rawAffineLabelSimplexNormalizationFiller_boundary	formal-checked	uses:hodge.common-star-affine-carrier
hodge.mestre-primitive-passage	holon, receiver, cycle	12 section directions of the Mestre K3 family, Q positive definite ⇒ B(x,y) = ½(Q(x+y)−Q(x)−Q(y)), B(x,x) = Q(x) ≠ 0 for x ≠ 0; sectionHolon fibre occupied; PrimitiveComparison (injective cycle source, rank 12 = 2²·3, naturality) ⇒ PrimitiveLiftable	named sections, unlike an anonymous definite receiver, are source occurrences that detect every nonzero direction	Mestre rank-12 height form; comparison square is a hypothesis	L:Millennium/HodgeMestrePrimitivePassage:heightPairing_self_ne_zero; L:Millennium/HodgeMestrePrimitivePassage:every_nonzero_section_direction_detected; L:Millennium/HodgeMestrePrimitivePassage:primitiveLiftable	formal-checked	uses:hodge.holonic-primitive-cut, uses:bsd.mestre-height-lattice
hodge.monodromy-seed-propagation	cycle, receiver, navigator	Hodge-preserving monodromy action on primitive classes and on algebraic sources with cycle-class square: algebraic subspace is stable; irreducible ∧ one nonzero algebraic seed ⇒ algebraic = ⊤ ⇒ PrimitiveLiftable; orbit cover of sources ⇒ PrimitiveLiftable	parallel transport around family loops propagates one algebraic seed to a whole irreducible primitive block	explicitly Hodge-preserving action (Gauss–Manin need not preserve a fixed Hodge subspace)	L:Millennium/HodgeMonodromyPrimitivePropagation:algebraic_stable; L:Millennium/HodgeMonodromyPrimitivePropagation:algebraicSubrepresentation_ne_bot; L:Millennium/HodgeMonodromyPrimitivePropagation:theHodgeConjecture_of_irreducibleMonodromySeeds; L:Millennium/HodgeMonodromyPrimitivePropagation:theHodgeConjecture_of_monodromyOrbitCovers	formal-checked	uses:hodge.primitive-liftable, uses:holonomy.cell-face
hodge.official-finish-line	receiver, cycle	HodgeSourceConstructionFinishLine := ∃ ClassicalHodgeSourceConstruction (analytification, pure Hodge decomposition, fundamental classes) ∧ PrimitiveAlgebraicity; ⇒ ∃ source-determined theory with Conclusion	the Hodge finish line requires both the standard source construction and its conjectural algebraicity, kept separate	not claimed equivalent to the official statement: Mathlib lacks the classical source construction	L:Millennium/HodgeOfficialReceiver:HodgeSourceConstructionFinishLine; L:Millennium/HodgeOfficialReceiver:returns_source_and_algebraicity; L:Millennium/HodgeOfficialReceiver:to_sourceSelectedTheHodgeConjecture	open	uses:hodge.conjecture-statement, uses:hodge.dimension-bounded-lefschetz
hodge.point-carry-current	complex, receiver	point label ℓ: S² → {0,1,2,3} fixed per sphere point; carry(σ) = labelled simplex on (ℓ(σ(v₀)),…,ℓ(σ(v_k))); carry∘∂ = ∂∘carry in degrees ≤ 2; FourLabelsAdmissible(σ) ⇒ carry(∂σ) = 0 in degree 3	a label owned by the sphere point, not by a cell copy, makes the tetrahedral carry a chain map in low degree with no global admissibility hypothesis	StarPointLabeling; degree-three admissibility is a local theorem for small simplices	L:Millennium/HodgePointCarry:pointCarryMorphism_comm_low; L:Millennium/HodgePointCarry:pointCarryMorphism_boundary_two; L:Millennium/HodgePointCarry:pointCarry_boundary_three_eq_zero; L:Millennium/HodgePointCarry:exists_scale_boundary_support_words_ball	formal-checked	uses:hodge.closed-star-labeling
hodge.power-type11-periods	coholon, cycle, receiver	(ℙ¹)ⁿ ≅ (S²)ⁿ coordinatewise; analytic (1,1) period map = singular cohomology dual = divisor cycle class; rational type (1,1) = ⊤; Conclusion for every n>0	on every finite power of the projective line, periods, singular duals and coordinate-divisor classes coincide, so the degree-two Hodge conclusion holds by construction	n>0 factors; degree two	L:Millennium/HodgePowerComparison:powerType11PeriodMap_eq_singularCohomologyDual; L:Millennium/HodgePowerComparison:powerType11PeriodMap_eq_divisorCycleClass; L:Millennium/HodgePowerComparison:powerRationalType11_eq_top; L:Millennium/HodgePowerComparison:powerType11Conclusion	formal-checked	uses:hodge.sphere-power-ruling, instance-of:hodge.lefschetz-one-one-passage
hodge.power-segre-embedding	holon, receiver	Segre (ℙ¹)ⁿ ↪ ℙ(ℂ^(2ⁿ)), coordinates ≅ binary words Fin n → Fin 2; range = recursive rank-one 2×2 minor locus; injective with full source reconstruction	the 2ⁿ Segre coordinates are addressed binary factor words, and the image is exactly the vanishing locus of the recursive tensor minors	complex coefficients; any n	L:Millennium/HodgePowerSegre:tensorPairSegre_injective; L:Millennium/HodgePowerSegre:tensorPairSegre_range_eq_minorLocus; L:Millennium/HodgePowerSegre:powerSegre_range_eq_recursiveMinorLocus; L:Millennium/HodgePowerSegre:powerSegre_injective	formal-checked	uses:hodge.projective-line-segre
hodge.product-diagonal-current	complex, holarchy	Sing_k(S² × S²) ≅ {(σ,τ) : σ,τ ∈ Sing_k(S²)} (Eilenberg–Zilber diagonal occurrences), ∂ commutes with the equivalence; round-trip defect has an explicit 3-filler: ∂F(c) = defect(c)	a product-valued simplex is exactly its ordered pair of coordinate simplices, so singular chains on the product are a diagonal current	rational chains, degrees ≤ 3	L:Millennium/HodgeProductDiagonal:productChainDiagonalEquiv_boundary; L:Millennium/HodgeProductDiagonal:productChainDiagonalEquiv_boundary_three; L:Millennium/HodgeProductDiagonal:productRoundTripDefectFillerChain_boundary	formal-checked	instance-of:holarchy.interconnect
hodge.mixed-current-filling	complex, cycle	∂a = 0, ∂b = 0 in C₁(S²) ⇒ ∃F ∈ total 3-current: ∂_tot F = a ⊠ b (the Alexander–Whitney 1×1 axis); closed total 2-current reduces to its outer (0,2),(2,0) axes	the decomposable mixed 1×1 current on the sphere product is an explicit boundary, so H₁(S²)=0 is carried through the pair population, not discarded	rational currents on pair occurrences	L:Millennium/HodgeProductMixedFilling:exists_mixedCurrentFilling; L:Millennium/HodgeProductMixedFilling:coupledMiddleCorrection_reduces_to_outer; L:Millennium/HodgeProductMixedFilling:exists_closedTotalRulingReduction	formal-checked	uses:hodge.product-diagonal-current
hodge.product-ruling-decomposition	cycle, complex	∀ 2-cycle c on S² × S²: ∃(a,b) ∈ ℚ², W ∈ C₃: ∂W = c − (a·R₁ + b·R₂), R₁ = S² × pt, R₂ = pt × S²; the ruling map ℚ² → H₂ is surjective	every rational degree-two class on the sphere product is a combination of the two ruling cycles, with an explicit degree-three witness	genuine singular chains	L:Millennium/HodgeProductRulingDecomposition:exists_productDegreeTwoRulingDecomposition; L:Millennium/HodgeProductRulingDecomposition:rulingHomologyMap_surjective	formal-checked	uses:hodge.mixed-current-filling
hodge.product-cohomology-dual	coholon, cycle, receiver	evaluation(D_i, R_j) = δ_ij where D_i fixes factor i and R_j varies factor j; rulingEvaluation(D,h) = intersection(D, swap h)	the fixed-coordinate divisor meets the varying-coordinate ruling cycle transversely, so the divisor–cycle pairing is the identity and differs from the divisor–divisor intersection by a swap	ℙ¹ × ℙ¹ ≅ S² × S²	L:Millennium/HodgeProductSingularCohomologyDual:rulingEvaluation_eq_intersection_swap; L:Millennium/HodgeProductSingularCohomologyDual:singularCohomologyDual_evaluation	formal-checked	uses:hodge.product-ruling-decomposition
hodge.projective-line-scheme-points	holon, receiver	ℂ ∪ {∞} = OnePoint ℂ → closed ℂ-points of Proj ℂ[X₀,X₁]: z ↦ (first chart at z), ∞ ↦ (second chart at 0); bijective and continuous	the analytic projective line is exactly the closed complex points of the genuine Proj scheme, through the two affine charts	standard algebraic geometry, re-proved	L:Millennium/HodgeProjectiveLineAnalyticComparison:onePointToKPoint_injective; L:Millennium/HodgeProjectiveLineAnalyticComparison:onePointToKPoint_surjective; L:Millennium/HodgeProjectiveLineAnalyticComparison:analyticClosedPointEquiv_continuous	proved-standard	uses:hodge.projective-line-atlas
hodge.projective-line-atlas	complex, receiver	U_i = {[z₀:z₁] : z_i ≠ 0}, chart z ↦ z_j/z_i; U₀ ∪ U₁ = ℙ¹; transition on overlap z ↦ z⁻¹ (derivative −z⁻²), holomorphic; product charts coordinatewise	the actual projectivization carries two affine charts that cover it and glue by complex inversion	Projectivization ℂ ℂ²; not yet a Mathlib manifold instance	L:Millennium/HodgeProjectiveLineAtlas:chart_cover; L:Millennium/HodgeProjectiveLineAtlas:overlap_transition; L:Millennium/HodgeProjectiveLineHolomorphicAtlas:coordinate_transition; L:Millennium/HodgeProjectiveLineHolomorphicAtlas:transition_differentiableAt	formal-checked	instance-of:tower.gluing
hodge.projective-line-sphere	complex	ℙ¹_ℂ ≃ OnePoint ℂ ≃ₜ S², ℙ¹ × ℙ¹ ≃ₜ S² × S²; H_k(ℙ¹×ℙ¹;ℚ) ≅ H_k(S²×S²;ℚ) for every k	the projective line is the two-sphere, and singular homology of the surface transports to the sphere product	topology transported through the one-point chart	L:Millennium/HodgeProjectiveLineTopology:projectiveLineHomeomorphTwoSphere; L:Millennium/HodgeProjectiveLineTopology:surfaceHomeomorphSphereProduct; L:Millennium/HodgeProjectiveLineSingularReduction:surfaceSingularHomologyEquivSphereProduct	definition	uses:hodge.projective-line-atlas
hodge.projective-line-cell-filtration	complex, tower	{(∞,∞)} ⊂ (ℙ¹×{∞}) ∪ ({∞}×ℙ¹) ⊂ ℙ¹×ℙ¹, real cell dimensions 0, 2+2, 4; closures of the 2-cells are the ruling divisors; frontier(4-cell) = their union; even cells ⇒ both degree-two cellular coboundaries vanish, H²_cell ≅ ℚ²	the product carries an actual even cell filtration whose middle closures are the ruling divisors, so degree-two cellular cohomology is the free bidegree lattice	ℙ¹_ℂ × ℙ¹_ℂ	L:Millennium/HodgeProjectiveLineCellFiltration:frontier_fourCellOpen; L:Millennium/HodgeProjectiveLineCellFiltration:twoSkeleton_cell_decomposition; L:Millennium/HodgeProjectiveLineCellularCohomology:cellularHodgeConclusion	formal-checked	uses:hodge.projective-line-atlas
hodge.projective-line-divisors	cycle, contact	parallel projection fibres disjoint; transverse fibres meet in exactly one point with local intersection determinant 1; ruling divisors ≡ bidegree lattice ℚ²	the two actual projection-fibre divisors meet transversely once and generate the rational degree-two cycles	ℙ¹ × ℙ¹	L:Millennium/HodgeProjectiveLineDivisors:parallel_projectionFibres_disjoint; L:Millennium/HodgeProjectiveLineDivisors:transverse_projectionFibres_intersection; L:Millennium/HodgeProjectiveLineDivisors:localIntersectionDeterminant; L:Millennium/HodgeProjectiveLineDivisors:geometricHodgeConclusion	formal-checked	uses:hodge.projective-line-cell-filtration
hodge.projective-line-product-intersection	cycle, receiver	bidegree (a,b): ⟨x,y⟩ = x₀y₁ + x₁y₀ = 2(a_x a_y − p_x p_y) with ample = (1,1), primitive ⊥ ample; ⟨x,x⟩ ≤ 0 on primitive, = 0 ⇔ x = 0; intersection matrix [[0,1],[1,0]]	on ℙ¹ × ℙ¹ the ruling intersection form has signature (1,1): positive on the ample line and negative definite on its primitive complement	rank-two bidegree lattice ℚ²	L:Millennium/HodgeProjectiveLineProduct:intersection_in_ample_primitive_coordinates; L:Millennium/HodgeProjectiveLineProduct:primitive_intersection_nonpositive; L:Millennium/HodgeProjectiveLineProduct:primitive_intersection_eq_zero_iff; L:Millennium/HodgeProjectiveLineProduct:actualHodgeConclusion	formal-checked	instance-of:hodge.index-form
hodge.projective-line-holonic-primitive	holon, cycle, receiver	lower face = ample line, primitive = its intersection-orthogonal complement, Hodge–Riemann polarity = −⟨p,p⟩; every nonzero primitive occurrence is detected by its reconstructed ruling cycle ⇒ PrimitiveLiftable ⇒ Conclusion	the generic holonic primitive cut is realized on the product of two projective lines	ℙ¹ × ℙ¹ validation family	L:Millennium/HodgeProjectiveLineHolonicPrimitive:detectsEveryNonzero; L:Millennium/HodgeProjectiveLineHolonicPrimitive:hodgeConclusion_from_holonicPrimitiveCut	formal-checked	instance-of:hodge.holonic-primitive-cut, uses:hodge.projective-line-product-intersection
hodge.projective-line-geometric-admission	cycle, receiver	admission = holomorphic atlas + S²×S² realization + injective Segre with nonsingular quadric Jacobian + transverse ruling divisors + cellular datum; admitted ⇒ Conclusion; TheHodgeConjectureIn(admitted family)	a geometric admission object with no Hodge or surjectivity field still derives the conclusion from finite-basis reconstruction	ℙ¹ × ℙ¹ family	L:Millennium/HodgeProjectiveLineGeometricAdmission:conclusion_of_geometricallyAdmitted; L:Millennium/HodgeProjectiveLineGeometricAdmission:theHodgeConjectureIn_geometricallyAdmitted	formal-checked	uses:hodge.rank-one-codim-one, uses:hodge.projective-line-segre
hodge.fubini-study-type11	coholon, cycle	ω = (1+|z|²)⁻²·area(u,v); ω(Iu,Iv) = ω(u,v) (type (1,1)); dω = 0; ω glues under z ↦ z⁻¹ with derivative −z⁻²; normalized period (2πi)⁻¹∮_(|z|=1) z⁻¹ dz = 1	the Fubini–Study form is an exact smooth closed (1,1) coholon on ℙ¹ whose normalized transition winding is one	complex line, transition z ↦ z⁻¹; π is the constraint identity ∮ z⁻¹ = 2πi	L:Millennium/HodgeProjectiveLineType11Form:fsForm_isType11; L:Millennium/HodgeProjectiveLineType11Form:fsDifferentialForm_closed; L:Millennium/HodgeProjectiveLineType11Form:fsForm_transition; L:Millennium/HodgeProjectiveLineType11Form:normalizedTransitionWinding_eq_one	formal-checked	uses:winding.carry-cocycle, uses:hodge.projective-line-atlas
hodge.power-type11-currents	coholon, cycle	(ℙ¹)ⁿ: ω_i = π_i* ω_FS smooth, closed, type (1,1), overlap-compatible; rational current Σ c_i ω_i has unit-winding periods reconstructing (c_i); periods equal ⇒ coefficients equal	pulling Fubini–Study through each coordinate projection gives the analytic (1,1) source on every finite power, with an exact period reconstruction receiver	finite n; singular Künneth identification lives in HodgePowerComparison	L:Millennium/HodgeProjectiveLinePowerType11:powerType11Current_isType11; L:Millennium/HodgeProjectiveLinePowerType11:powerType11DifferentialForm_closed; L:Millennium/HodgeProjectiveLinePowerType11:powerType11Period_basis; L:Millennium/HodgeProjectiveLinePowerType11:coefficients_eq_of_periods_eq	formal-checked	uses:hodge.fubini-study-type11
hodge.projective-line-segre	holon, receiver	([u],[v]) ↦ [u_i v_j] ∈ ℙ³; image on X₀₀X₁₁ − X₀₁X₁₀ = 0, gradient nonzero on the image (smooth quadric); injective	the product of two projective lines embeds injectively as the smooth Segre quadric in ℙ³	nonzero representatives u,v ∈ ℂ²	L:Millennium/HodgeProjectiveLineSegre:segre_mem_quadric; L:Millennium/HodgeProjectiveLineSegre:segre_mem_smooth_quadric; L:Millennium/HodgeProjectiveLineSegre:segre_injective	formal-checked	specializes:hodge.power-segre-embedding
hodge.projective-line-cycle-realization	cycle, receiver	Proj compact ⇒ algebraic cycles finitely supported; coheight ≤ 1, so cycles of codimension ≥ 2 vanish; degree map rational total surjective in the relevant degrees (generic point, closed point)	genuine algebraic cycles on the scheme projective line give an integral linear current reaching every rational coefficient	scheme-theoretic ℙ¹_ℂ	L:Millennium/HodgeProjectiveLineRealization:algebraicCycle_support_finite; L:Millennium/HodgeProjectiveLineRealization:projectiveLine_coheight_le_one; L:Millennium/HodgeProjectiveLineRealization:rationalCodimensionCycles_eq_zero_of_two_le; L:Millennium/HodgeProjectiveLineRealization:rationalCycleTotal_surjective_zero	proved-standard	uses:hodge.projective-line-scheme-points
hodge.projective-scheme-charts	complex	Away(X₁) degree-zero ≅ ℂ[X], [X₀:X₁] ↦ X₀/X₁ with homogenization inverse; charts smooth, swap-symmetric, cover Proj; Proj ℂ[X₀..X_n] finite type, proper, nonempty; Proj ℂ[X] ≅ Spec ℂ	the scheme projective line is smooth and projective via explicit dehomogenization charts, on a common projective-space ambient	complex coefficients	L:Millennium/HodgeProjectiveLineScheme:awaySecondToPolynomial_surjective; L:Millennium/HodgeProjectiveLineScheme:coordinateSwap_involutive; L:Millennium/HodgeProjectiveSpaceAmbient:properProjection; L:Millennium/HodgeProjectiveZeroAmbient:toSpecZero_isIso	proved-standard	
hodge.radial-sperner-carry	complex, receiver	on the radial face opposite vertex f the omitted tetrahedral coordinate is the minimum of the four, so the face never enters star(f): carried label ≠ f; a supported edge/face carry with the right boundary equals the edge/face unit	the radial realization imposes the Sperner boundary condition: a label carried from the face opposite f is never f	radial tetrahedral sphere, closed-star labels	L:Millennium/HodgeRadialSpernerCarry:radialFace_not_mem_opposite_vertexStar; L:Millennium/HodgeRadialSpernerCarry:radial_carried_label_ne_opposite; L:Millennium/HodgeRadialSpernerCarry:faceChain_eq_faceUnit_of_supported_boundary	formal-checked	uses:hodge.tetrahedral-boundary-coordinates
hodge.radial-current-refined	complex, receiver	a point on original edge {a,b} lies on the two radial faces opposite the complementary vertices, so its label ∈ {a,b}; every refined edge current is supported on one edge with boundary (terminal − initial); likewise every refined radial face atom	point-natural labels make the radial current exact after arbitrary barycentric refinement	fixed-depth word expansion	L:Millennium/HodgeRadialCurrent:label_eq_edgeEndpoint_of_ne_missing; L:Millennium/HodgeRadialCurrent:refinedEdgeCurrent_supported; L:Millennium/HodgeRadialCurrent:refinedEdgeCurrent_boundary	formal-checked	uses:hodge.radial-sperner-carry, uses:hodge.point-carry-current
hodge.radial-sphere-not-boundary	complex, cycle	[S²]_radial ∉ im(∂₃: C₃(S²;ℚ) → C₂); hence [S²] ≠ 0 in H₂, the tetrahedral realization H₂(∂Δ³) → H₂(S²) and the ruling map ℚ² → H₂(S²×S²) are injective	refinement to a radius-third star depth makes every descendant boundary carry zero while the sphere carries to the nonzero fundamental current, so the radial sphere is not a boundary	compactness gives one exact depth; empty fourfold star intersection	L:Millennium/HodgeRefinedBoundaryObstruction:exists_scale_refined_boundary_pointCarry_zero; L:Millennium/HodgeRefinedBoundaryObstruction:sphereFundamentalCandidate_not_mem_boundary_range; L:Millennium/HodgeRefinedBoundaryObstruction:sphereFundamentalHomologyClass_ne_zero; L:Millennium/HodgeRefinedBoundaryObstruction:rulingHomologyMap_injective	formal-checked	uses:hodge.finite-nonboundary-reduction, uses:hodge.radial-current-refined
hodge.sphere-fundamental-detector	coholon, receiver, cycle	∃ ℓ: C₂(S²;ℚ) → ℚ with ℓ∘∂₃ = 0 and ℓ([S²]_radial) = 1; ℓ descends to H₂; ⇒ [S²] ≠ 0; a face-coordinate left inverse of geometric realization annihilating 3-boundaries suffices	one exact receiver that kills every three-boundary and reads the tetrahedral sphere as one detects its homology class	rational singular chains on S²	L:Millennium/HodgeSphereFundamentalDetector:onHomology; L:Millennium/HodgeSphereFundamentalDetector:homology_class_value; L:Millennium/HodgeSphereFundamentalDetector:detector	formal-checked	dual-of:hodge.radial-sphere-not-boundary
hodge.refined-cycle-finite-carrier	complex, cycle	∂c = 0 ⇒ carry(Sdⁿ c) is a cycle of the finite tetrahedral face complex ⇒ carry(Sdⁿ c) = λ·(fundamental face chain), λ = its 0-coordinate	the point current of any refined singular 2-cycle is one rational multiple of the fundamental face population	fixed depth n; star point labeling	L:Millennium/HodgeRefinedCycleCarrier:refinedCyclePointCurrent_boundary_zero; L:Millennium/HodgeRefinedCycleCarrier:refinedCyclePointCurrent_coordinates	formal-checked	uses:hodge.point-carry-current, uses:hodge.tetrahedral-chain-complex
hodge.refined-closed-star-carriers	complex, receiver	one depth + one coherent closed-star labeling on the vertex population of a singular 1- or 2-chain; each refined edge/triangle presented as a degenerate tetrahedron with an explicit section (no image lost); labels read at actual endpoints ⇒ CommonStarEdge/Triangle families with face-natural homotopies	refined edges and triangles of an actual chain carry coherent common-star affine carriers, natural under shared incidences	exact edge-word cover smallness; radius-third closed-star constructor	L:Millennium/HodgeRefinedEdgeClosedStar:exists_scale_refinedEdgeClosedStarLabeling; L:Millennium/HodgeRefinedEdgeClosedStar:refinedEdgeRealization_comp_section; L:Millennium/HodgeRefinedEdgeAffineCarrier:nonempty_refinedEdgeAffineCarrierFamily; L:Millennium/HodgeRefinedTriangleClosedStar:exists_scale_refinedTriangleClosedStarLabeling; L:Millennium/HodgeRefinedTriangleAffineCarrier:nonempty_refinedAffineCarrierFamily	formal-checked	uses:hodge.closed-star-labeling, uses:hodge.common-star-affine-carrier
hodge.refinement-words	complex, tower	word ∈ Fin scale → Address, head = newest child; ∂(Sdⁿ_edge c) = Sdⁿ_vertex(∂c), ∂(Sdⁿ_triangle c) = Sdⁿ_edge(∂c)	fixed-depth refinement addresses are finite exact words ordered for serial composition, and iterated subdivision stays a chain map	finite depth; signed occurrences retained	L:Millennium/HodgeRefinementWords:boundary_iteratedBarycentricEdgeSubdivision; L:Millennium/HodgeRefinementWords:boundary_iteratedBarycentricTriangleSubdivision	formal-checked	instance-of:tower.gluing, uses:hodge.barycentric-triangle-seam
hodge.semantics-faithfulness	receiver, coholon	rational (p,p) receiver := preimage of H^(p,p) under rational complexification = ker(middle defect); erasing the cycle-class map on a realization with nontrivial middle refutes TheHodgeConjecture(all realizations); Hodge ⇒ cycle-class erasure rigid	the Hodge receiver is derived from the complete (r, w−r) decomposition, not approved by a semantic predicate, so a zero cycle-class map is caught	realizations carrying complex Betti decomposition with conjugation	L:Millennium/HodgeSemanticsFaithfulness:realization_hodge_receiver_is_derived; L:Millennium/HodgeSemanticsFaithfulness:not_theHodgeConjecture_allRealizations_of_nontrivial_middle; L:Millennium/HodgeSemanticsFaithfulness:cycleClassErasureRigid_of_hodgeConjecture; L:Millennium/HodgeSmoothProjectiveReceiver:rationalMiddle_eq_ker_middleDefect	counterexample	obstructs:hodge.conjecture-statement
hodge.smooth-projective-receiver	receiver, cycle	projective presentation = closed immersion into Proj 𝒜 over Spec ℂ, Smooth structure morphism; codim-p cycles locally finite ⇒ finite support; Hodge(p) ⇔ rational (p,p) classes = span of irreducible cycle classes, for p ≤ dim	the genuine smooth-projective receiver uses actual algebraic cycles on an actual Mathlib scheme, and the conclusion is the span of irreducible cycle classes	FundamentalClassPoincarePassage supplied; p ≤ complex dimension	L:Millennium/HodgeSmoothProjectiveReceiver:algebraicCycle_support_finite; L:Millennium/HodgeSmoothProjectiveReceiver:hodgeConclusion_iff_irreducibleCycleClass_span; L:Millennium/HodgeSmoothProjectiveReceiver:TheHodgeConjecture	formal-checked	uses:hodge.conjecture-statement, uses:hodge.semantics-faithfulness
hodge.two-sphere-fundamental-cycle	complex, cycle	[S²]_cand = Σ_(f=0..3) (−1)^f·radial(face f of ∂Δ³), radial(x) = centered(x)/‖centered(x)‖; ∂[S²]_cand = 0 (the six radial edges cancel in pairs)	the four radially projected tetrahedral faces form an explicit rational singular 2-cycle on the sphere	unit sphere in ℝ³	L:Millennium/HodgeTwoSphereFundamentalCycle:sphereFundamentalCandidate; L:Millennium/HodgeTwoSphereFundamentalCycle:boundary_radialSingularSimplex; L:Millennium/HodgeTwoSphereFundamentalCycle:sphereFundamentalCandidate_boundary_zero	formal-checked	instance-of:complex.boundary-squared
hodge.sphere-h2-equiv-q	cycle, complex	H₂(S²;ℚ) ≅ ℚ, [S²] ↦ 1; every class = tetrahedral realization of λ·[∂Δ³]; H₀(S²;ℚ) ≅ ℚ with any two points joined by an edge	every genuine rational degree-two homology class of the sphere is one rational multiple of the finite tetrahedral top cycle	rational singular homology	L:Millennium/HodgeSphereHomologyEquivalence:tetrahedralHomologyRealization_surjective; L:Millennium/HodgeSphereHomologyEquivalence:sphereH2EquivQ_fundamental; L:Millennium/HodgeSphereLowDegreeHomology:sphere_zero_chain_difference_is_boundary	formal-checked	uses:hodge.common-star-reduction, uses:hodge.radial-sphere-not-boundary
hodge.sphere-degree-one-filling	complex, cycle	∂a = 0 for a ∈ C₁(S²;ℚ) ⇒ ∃ explicit 2-chain F with ∂F = a (refine → common-star edge prisms → finite tetrahedral edge complex → fill → transport back)	every rational singular 1-cycle on the sphere is an explicit boundary, with every intermediate chain and endpoint path retained	rational singular chains on S²	L:Millennium/HodgeSphereDegreeOneFilling:boundary_refinedEdgePrismCurrent; L:Millennium/HodgeSphereDegreeOneFilling:refinedEdgeVerticalCurrent_eq_zero_of_cycle; L:Millennium/HodgeSphereDegreeOneFilling:vertexBoundary_refinedEdgeFiniteCurrent_eq_zero_of_cycle; L:Millennium/HodgeSphereChainCurrent:sphereChainToCurrent_boundary	formal-checked	uses:hodge.refined-closed-star-carriers
hodge.ruling-projection-retractions	cycle, receiver	π_i ∘ R_i = [S²], π_j ∘ R_i = 0 at chain level (the four faces collapse to one constant simplex, alternating coefficients cancel); ⇒ [S²] ≠ 0 ⇒ ruling classes independent	coordinate projections are exact retractions of the matching ruling and annihilate the crossed one	S² × S², basepoint fixed	L:Millennium/HodgeSphereProductRulingProjections:first_projection_first_ruling_cycle; L:Millennium/HodgeSphereProductRulingProjections:first_projection_second_ruling_cycle; L:Millennium/HodgeSphereProductRulingProjections:rulingHomologyMap_injective_of_fundamentalClass_ne_zero; L:Millennium/HodgeSphereProductRulingCycles:firstRulingCycle_boundary_zero	formal-checked	uses:hodge.two-sphere-fundamental-cycle
hodge.sphere-power-ruling	cycle, complex	Fin n → ℚ ⟶ H₂((S²)ⁿ;ℚ) by coordinate rulings is injective and (n>0) surjective; cell ranks obey Pascal: rk C_(2(k+1))((S²)^(n+1)) = rk C_(2k)((S²)ⁿ) + rk C_(2(k+1))((S²)ⁿ)	every finite sphere power has its degree-two homology freely spanned by its coordinate rulings, with even cell counts binomial	n>0 factors	L:Millennium/HodgeSpherePowerRulingHomology:spherePowerRulingHomologyMap_injective; L:Millennium/HodgeSpherePowerRulingHomology:spherePowerRulingHomologyMap_surjective; L:Millennium/HodgeSpherePowerRulingHomology:spherePowerCellModule_pascal	formal-checked	generalizes:hodge.product-ruling-decomposition
hodge.sphere-power-pair-classes	cycle, receiver	CoordinatePair n = {i<j}, #CoordinatePair 4 = 6 = C(4,2); pair insertion S²×S² → (S²)ⁿ gives injective H₄ classes; crossed pairs factor through H₄(S²) = 0	the first Hodge source not supplied by divisors, codimension two in complex dimension four, has the six coordinate-pair classes as its topological shadow	finite sphere powers; degree four	L:Millennium/HodgeSpherePowerPairHomology:coordinatePair_four_card; L:Millennium/HodgeSpherePowerPairHomology:pairCoordinateHomologyMap_injective; L:Millennium/HodgeSpherePowerPairHomology:crossedPairHomologyMap_eq_zero_of_sphereH4_subsingleton; L:Millennium/HodgeSpherePowerPairHomology:coordinatePairClassMap_injective	formal-checked	uses:hodge.sphere-power-ruling, uses:hodge.higher-primitive-reduction
hodge.sphere-product-finite-complex	complex, cycle	even cellular complex ℚ → ℚ² → ℚ (degrees 0, 2, 4) with zero differentials; H₂ ≅ ℚ² with the ruling cells as coordinates; chain-homotopy comparison populations nonempty	the cellular model of the sphere product is an object in the same category as the singular complex, not a phrase	S² × S²	L:Millennium/HodgeSphereProductFiniteComplex:surfaceCellHomologyIsoModule; L:Millennium/HodgeSphereProductFiniteComplex:comparisonPopulations_nonempty; L:Millennium/HodgeSphereProductRulingHomology:rulingHomologyMap	formal-checked	uses:hodge.projective-line-cell-filtration
hodge.stellar-subdivision	complex	St(σ) = three cones from the barycentre to the oriented boundary edges; ∂St(σ) = ∂σ (interior spokes cancel in opposite pairs); ∂H(σ) = St(σ) − σ with H the coned difference; recursive S₃ with ∂S₃ = S₂∂	the star subdivision preserves the boundary and is homotopic to the identity by an explicit 3-chain	singular 2-simplices	L:Millennium/HodgeStellarSubdivision:boundary_stellarSubdivision; L:Millennium/HodgeStellarSubdivision:stellarSubdivisionMorphism_comp_boundary; L:Millennium/HodgeStellarSubdivisionHomotopy:boundary_stellarSubdivisionHomotopy; L:Millennium/HodgeStellarSubdivisionHomotopy:recursiveStellarSubdivisionMorphism_comp_boundary	formal-checked	instance-of:complex.boundary-squared
hodge.stellar-mesh-obstruction	complex, tower	cone-0 branch keeps the edge [v₁,v₂] pointwise at every depth; two-aperture open cover separating v₁,v₂: ¬∃ scale, subordinate	three-cone stellar subdivision is a chain homotopy tool but never shrinks mesh, so cover smallness needs edge refinement	standard triangle; concrete two-aperture cover	L:Millennium/HodgeStellarSubdivisionMeshObstruction:zeroConeIterate_not_subordinate; L:Millennium/HodgeStellarSubdivisionMeshObstruction:no_uniform_cover_smallness_for_three_cone_stellar	counterexample	obstructs:hodge.barycentric-cover-smallness, uses:hodge.stellar-subdivision
hodge.surface-cycle-class-periods	coholon, cycle, receiver	divisor D ↦ functional on H₂(S²×S²;ℚ) via fixed/varying pairing; cellular cycle class ≅ singular receiver (naturality square); ω_i = pr_i* ω_FS winds once on ruling i, pulls back to 0 on the crossed ruling: 2×2 period matrix = I	surface (1,1) currents and ruling divisors meet the singular dual through an identity period matrix	ℙ¹ × ℙ¹	L:Millennium/HodgeSurfaceCycleClass:divisorCycleClassNaturality; L:Millennium/HodgeSurfaceType11Period:surfaceFactorForm_crossed_zero; L:Millennium/HodgeSurfaceType11Period:surfaceType11Current_isType11	formal-checked	uses:hodge.fubini-study-type11, uses:hodge.product-cohomology-dual
hodge.tetrahedral-boundary-coordinates	complex, receiver	x ∈ S² ↦ c(x) = (x₁,x₂,x₃,−x₁−x₂−x₃), Σc = 0, min c < 0; b_i = (c_i − min c)/Σ_j(c_j − min c) ≥ 0, Σb = 1, some b_i = 0; star(v) = {b_v > 0}; radial return b ↦ x is a two-sided inverse	every sphere point has an exact address on the boundary of the tetrahedron, and common-star geometry becomes affine positivity with a retained zero coordinate	unit sphere in ℝ³	L:Millennium/HodgeTetrahedralBoundaryCoordinates:sphereTetraMinimum_neg; L:Millennium/HodgeTetrahedralBoundaryCoordinates:sphereBoundaryCoordinateValue_sum; L:Millennium/HodgeTetrahedralBoundaryCoordinates:sphereBoundaryCoordinate_has_zero; L:Millennium/HodgeTetrahedralBoundaryRadial:boundaryRadial_sphereBoundaryMap	formal-checked	uses:hodge.tetrahedral-star-cover
hodge.tetrahedral-star-cover	complex, receiver	star(v) = {x : c_v(x) > some other c_w(x)}; ⋃_v star(v) = S², ⋂_v star(v) = ∅ (a finite population has a minimum); a point in a common 4-star intersection would give admissibility	the four open tetrahedral stars cover the sphere with empty fourfold intersection, the nerve law behind every Hodge boundary carrier	radial tetrahedral sphere	L:Millennium/HodgeTetrahedralStarCover:vertexStar_cover; L:Millennium/HodgeTetrahedralStarCover:iInter_vertexStar_eq_empty; L:Millennium/HodgeTetrahedralStarCover:fourLabelsAdmissible_of_commonStarPoint	formal-checked	instance-of:complex.boundary-squared
hodge.tetrahedral-star-contraction	complex	three labels omit a fourth coordinate; their barycentre is supported on the labels; if x ∈ ⋂ of the three stars, every zero coordinate of x is absent from the word, so the segment x → barycentre keeps it; radial return preserves all three stars	a three-label common star contracts affinely to the label barycentre without leaving any named star	boundary of Δ³ and radial sphere	L:Millennium/HodgeTetrahedralStarContraction:commonStar_zero_absent; L:Millennium/HodgeTetrahedralStarContraction:triangleStarLinePoint_has_zero; L:Millennium/HodgeTetrahedralStarContraction:triangleStarSphereContraction_mem_vertexStar	formal-checked	uses:hodge.tetrahedral-boundary-coordinates
hodge.tetrahedral-chain-complex	complex	C₂ = ℚ⁴ faces → C₁ = ℚ⁶ edges (i<j) → C₀ = ℚ⁴ vertices, ∂e_ij = v_j − v_i, ∂₁∂₂ = 0; faceBoundary z = 0 ⇒ z = z₀·[∂Δ³]; H₂ ≅ ℚ	the finite tetrahedral sphere complex has top homology ℚ spanned by the alternating boundary, computed not assumed	rational coefficients	L:Millennium/HodgeTetrahedralChainComplex:vertexBoundary_faceBoundary; L:Millennium/HodgeTetrahedralChainComplex:tetrahedralDifferential_comp; L:Millennium/HodgeTetrahedralSphereComplex:cycle_coordinates; L:Millennium/HodgeTetrahedralSphereComplex:tetrahedralH2EquivQ	formal-checked	instance-of:complex.boundary-squared
hodge.tetrahedral-label-carry	complex	(a,b,c,d) ↦ oriented label chains; repeated labels cancel; FourLabelsAdmissible (some label repeated) ⇒ [bcd] − [acd] + [abd] − [abc] = 0; ∂(carried simplex) = alternating sum of carried faces	label tuples carry finite oriented simplicial currents, and an admissible four-label tetrahedron carries zero boundary	tetrahedral vertex labels; independent of any cover	L:Millennium/HodgeTetrahedralLabelCarry:alternating_orientedFaceCarry_zero_of_admissible; L:Millennium/HodgeTetrahedralLabelCarry:labelledSimplexCarry_boundary; L:Millennium/HodgeTetrahedralLabelCarry:orientedFaceCarry_cycle	formal-checked	uses:hodge.tetrahedral-chain-complex
hodge.tetrahedral-realization-reduction	complex, receiver	realization R: tetrahedral complex → Sing(S²) is a chain map (vertices, edges, faces radial); a chain map ρ back with ρ₂∘R₂ = id (face-natural carrier normalized on radial faces) ⇒ degree-two receiver annihilating 3-boundaries ⇒ [S²] ≠ 0 and ruling injectivity	a source-authentic chain retraction onto the finite tetrahedral complex returns the Hodge detector automatically, since the target has no degree-three differential	face-natural local carrier; radial normalization	L:Millennium/HodgeTetrahedralRealizationChainMap:tetrahedralRealizationChainMap; L:Millennium/HodgeTetrahedralCarrierAssembly:realization_retract; L:Millennium/HodgeTetrahedralReduction:boundary_zero_of_chain_map; L:Millennium/HodgeTetrahedralReduction:sphereFundamentalHomologyClass_ne_zero_of_reduction	formal-checked	uses:hodge.sphere-fundamental-detector
hodge.tetrahedral-stellar-subdivision	complex	four cones from the tetrahedron barycentre to the four faces; six internal triangular seams in opposite pairs; ∂St₃(σ) = Σ exterior faces = original ∂σ; chain map	the degree-three star subdivision returns exactly the exterior boundary, retaining all four cones and six pairings	singular 3-simplices	L:Millennium/HodgeTetrahedralStellarSubdivision:boundary_tetrahedralStellarSubdivision; L:Millennium/HodgeTetrahedralStellarSubdivision:tetrahedralStellarSubdivisionMorphism_comp_boundary	formal-checked	generalizes:hodge.stellar-subdivision
hodge.triangle-homotopy-prism	complex, tube	I × Δ² = three ordered tetrahedra; ∂(prism of homotopy H) = H₁ − H₀ − (side prisms over ∂), internal faces cancel only after source maps are proved equal; side faces = edge homotopy prisms; for a cycle the refined prism side currents cancel	a homotopy of singular triangles becomes a chain equality through an explicit retained prism, with no reversed or degenerate occurrence quotiented away	singular chains on S²	L:Millennium/HodgeTriangleHomotopyPrism:boundary_triangleHomotopyPrism; L:Millennium/HodgeTriangleHomotopyPrism:triangleFacePrism_eq_edgeHomotopyPrism; L:Millennium/HodgeTriangleHomotopyPrism:boundary_refinedPrismCurrent_of_cycle	formal-checked	instance-of:tube.dn-elimination, uses:hodge.common-star-affine-carrier
ym.connection-curvature	holon, complex, ratio	F_ij = ∂_i A_j − ∂_j A_i + [A_i, A_j]; F_ij = −F_ji, F_ii = 0; commuting components ⇒ F = dA; D_i F_jk + D_j F_ki + D_k F_ij = 0 (Bianchi)	curvature of a connection-valued incidence is the face of the covariant exterior derivative, and its covariant cyclic sum vanishes	A_i: ℝⁿ → 𝔤, 𝔤 normed ℝ-algebra, [X,Y]=XY−YX; A ∈ C²	L:Millennium/HolonicConnectionCurvature:curvature; L:Millennium/HolonicConnectionCurvature:curvature_antisymm; L:Millennium/HolonicConnectionCurvature:bianchi	formal-checked	instance-of:holonomy.cell-face, uses:holon.stokes
ym.gauge-face-identity	holon, ratio	A ↦ gAg⁻¹ + g∂g⁻¹: returned face curvature ↦ g·F·g⁻¹; F^g = 1 ⇔ F = 1	curvature is a tensor under rebase: a vertex gauge conjugates the returned face holonomy and cannot create or remove flatness	vertex gauge on an addressed face	L:Millennium/HolonicConnectionCurvature:gauge_face_identity; L:Millennium/HolonicConnectionCurvature:returnedCurvature_gaugeTransform; L:Millennium/HolonicConnectionCurvature:returnedCurvature_gaugeTransform_eq_one_iff	formal-checked	uses:ym.connection-curvature
ym.curvature-first-variation	holon, deposition	F(A+B)_ij = F(A)_ij + (D_A B)_ij + [B_i, B_j], (D_A B)_ij = D_i B_j − D_j B_i; D_i D_j X − D_j D_i X = [F_ij, X]	a connection perturbation moves curvature by its covariant exterior derivative at first order and its own commutator at second; curvature is the failure of covariant derivatives to commute	differentiable A, B; X ∈ C²	L:Millennium/HolonicConnectionVariation:curvature_add; L:Millennium/HolonicConnectionVariation:curvature_add_smul; L:Millennium/HolonicConnectionVariation:ricci	formal-checked	uses:ym.connection-curvature
ym.covariant-derivative-covariance	holon, ratio	F(A^g) = g·F(A)·g⁻¹; D^(A^g)(gXg⁻¹) = g(D^A X)g⁻¹; YM(A^g) = g·YM(A)·g⁻¹	the covariant derivative and the Yang–Mills direction conjugate under gauge	gauge g with inverse, differentiable section	L:Millennium/HolonicCovariantDerivativeCovariance:covariantDerivative_gaugeTransform; L:Millennium/HolonicCovariantDerivativeCovariance:yangMillsDirection_gaugeTransform; L:Millennium/HolonicGaugeCovariance:curvature_gaugeTransform	formal-checked	uses:ym.gauge-face-identity
ym.discrete-faraday	complex, holon, coholon	∮_(∂f) E = ⟨E, ∂f⟩ = −(Φ_f(t+1) − Φ_f(t)); exact nodal drop has zero circulation; ΔΦ_f ≠ 0 ⇒ emf is not an exact nodal drop; Σ_nodes div(local face current) = 0	finite Stokes: the induction grain is one time step times one oriented face, with no coil radius or π	polygonal four-torus cell complex	L:Millennium/HolonicDiscreteInduction:faceCirculation_eq_boundaryPairing; L:Millennium/HolonicDiscreteInduction:faceCirculation_exactDrop_eq_zero; L:Millennium/HolonicDiscreteInduction:InductionGrain.emf_ne_exactDrop_of_fluxDifference_ne_zero; L:Millennium/HolonicDiscreteInduction:faradayHistory_telescopes	formal-checked	instance-of:maxwell.stokes-dirac, instance-of:holon.stokes
ym.discrete-maxwell-operator	complex, constitution, holon	⟨curl e, f⟩ = ⟨e, curl* f⟩; curl*curl, curl curl* are sums of squares (≥ 0); exact drops ⊂ ker curl; positive cell Hodge ⋆_e, ⋆_f > 0 from primal/dual cells; midpoint Maxwell: E_(t+1) − E_t = −(boundary power) + source work (Poynting); source-free closed material conserves energy	cellular curl and co-curl from one signed incidence are adjoint, and the midpoint Maxwell history obeys an exact Poynting balance	finite four-torus grain, positive primal–dual cell geometry	L:Millennium/HolonicDiscreteMaxwellOperator:cellularCurl_adjoint; L:Millennium/HolonicDiscreteMaxwellOperator:faceCurlCurl_pairing_nonneg; L:Millennium/HolonicDiscreteMaxwellOperator:poynting_balance; L:Millennium/HolonicDiscreteMaxwellOperator:closed_material_sourceFree_conserves	formal-checked	instance-of:maxwell.stokes-dirac, instance-of:holon.energy-balance
ym.curved-arc-holonomy	holon, ratio, cycle	route return of two arc transports = 1 ⇔ they agree; gyration = curvature return (additive group flat); Gauss–Bonnet angle word as phase shifts: parallel transport = phaseShift(2πχ)	triangulated Gauss–Bonnet is a phase holonomy of translation by 2πχ, and gyration is a literal curvature return	typed radii, arc length, phase; triangulated Gauss–Bonnet datum	L:Millennium/HolonicCurvedArcEinstein:routeCurvatureReturn_eq_one_iff; L:Millennium/HolonicCurvedArcEinstein:additive_gyrationCurvatureReturn_is_flat; L:Millennium/HolonicCurvedArcEinstein:gaussBonnet_is_phaseHolonomy	formal-checked	instance-of:holonomy.cell-face, uses:aeon.pairing
ym.einstein-arc-ratio-falsifier	ratio	coupling ≠ 0 ⇒ ¬∀ arc, coupling = typedRefineForkCoupling(2, 0, arc, 1)	no nonzero Einstein coupling equals the depth-two arc/differential ratio universally; it holds only at a selected receiver calibration	depth-two refinement fork	L:Millennium/HolonicCurvedArcEinstein:nonzeroCoupling_is_not_universalArcRatio	counterexample	obstructs:einstein.field-equation
ym.flat-lorentz-vacuum	holon, constitution	η = diag(−1, 1) on the Lorentz plane, symmetric nondegenerate; flat vacuum dynamics conserves its quadratic	the flat Minkowski plane is a nondegenerate symmetric metric whose vacuum dynamics conserves	two-dimensional Lorentz plane	L:Millennium/HolonicCurvedArcEinstein:minkowskiMetric_nondegenerate; L:Millennium/HolonicCurvedArcEinstein:flatLorentzVacuumDynamics_conserves	formal-checked	uses:ym.curved-arc-holonomy
coupling.holonic-alternating-geometry	swing, contact, holon	Σ triangle edges = 0; ordered ray pairing returns its hand; u × v = ⋆(u ∧ v) with declared positive orientation; curl = ⋆(Jacobian exterior face); Lamb vector ω × u = ⋆(ω ∧ u); exchange-then-cross = cross-then-zero-anchored Swing	planar hand and the three-dimensional cross interaction are two typed projections of one alternating construction, reaching the Lamb term	ℝ³ with declared orientation	L:Millennium/HolonicAlternatingGeometry:triangleBoundaryEdges_sum_eq_zero; L:Millennium/HolonicAlternatingGeometry:cross_eq_positiveHodgeDual_exteriorProduct; L:Millennium/HolonicAlternatingGeometry:lambVector_eq_positiveHodgeDual_exteriorProduct; L:Millennium/HolonicAlternatingGeometry:crossExchangeSwingCell_commutes	formal-checked	instance-of:swing.half-turn, uses:ns.lamb-current
coupling.holonic-boundary-cycle-seam	compression, complex, tower	transported cycle z with coarse filler F and fine predecessor F̃: seam = ∂F̃ − z ∈ ker(middle transport); z is a boundary ⇔ seam = 0; injective middle transport ⇒ z boundary; a collapsing passage has seam = −1 ≠ 0 with coarse boundary still filled	cycle compression returns a retained reflection seam, and a coarse boundary can erase a nonzero source seam	two adjacent boundary scale passages	L:Millennium/HolonicBoundaryCycleReflection:sourceBoundary_iff_retainedSeam_eq_zero; L:Millennium/HolonicBoundaryCycleReflection:sourceBoundary_of_boundaryTransport_injective; L:Millennium/HolonicBoundaryCycleReflection:coarseBoundaryCanEraseANonzeroSourceSeam	formal-checked	instance-of:compression.cokernel, uses:coupling.holonic-granular-boundary-radiation
coupling.holonic-causal-flux-time	aeon, epoch, receiver	demand ≤ capacity · serviceRounds; totalDemand ≤ capacity · horizon; start + requiredTicks ≤ finish; observerDuration = targetTicks + phaseResidue/denominator, monotone	duration is read from apparatus resource current per oscillator crossing and transported to an observer chart with quotient and phase, never from an exterior timer	positive rational clock passage; feasible causal schedule	L:Millennium/HolonicCausalFluxTime:demand_le_capacity_mul_serviceRounds; L:Millennium/HolonicCausalFluxTime:resourceLowerBound_le_horizon; L:Millennium/HolonicCausalFluxTime:observerDuration_eq_targetTicks_add_phase; L:Millennium/HolonicCausalFluxTime:observerDuration_mono	formal-checked	instance-of:aeon.pairing, uses:coupling.holonic-clocked-pantographic-swing
coupling.holonic-clocked-pantographic-swing	swing, aeon, epoch, ratio	tick = oriented crossing of an oscillator section; rational clock p/q: q·targetTicks + phaseResidue = r₀ + p·sourceTicks, phaseResidue < q; phase potential injective, advance additive, rates compose	a clock ratio transports ticks by integer quotient and remainder, keeping the remainder as within-cycle phase, with the inner Swing fibre retained	positive rational rate p/q	L:Millennium/HolonicClockedPantographicSwing:denominator_mul_targetTicks_add_phaseResidue; L:Millennium/HolonicClockedPantographicSwing:phaseResidue_lt_denominator; L:Millennium/HolonicClockedPantographicSwing:advanceBy_add; L:Millennium/HolonicClockedPantographicSwing:rate_comp	formal-checked	instance-of:swing.pantograph, instance-of:ratio.div-rem, instance-of:aeon.pairing
coupling.holonic-swing-apparatus	swing, receiver, epoch	hardware refinement preserves addressed boundaries, receiver faces and extent; #faces ≤ #workers; preimage fibre nonempty; no finite terminal face bounds work: ∀B ∃input, B < work(input) with constant decision	CPU/GPU placement and complexity receivers stay outside the primitive Swing, and a terminal face does not bound the work behind it	apparatus realization of a shared semantic event body	L:Millennium/HolonicClockedPantographicSwingApparatus:face_card_le_worker_card; L:Millennium/HolonicClockedPantographicSwingApparatus:apparatus_receiver_agreement; L:Millennium/HolonicClockedPantographicSwingApparatus:finiteTerminalFace_does_not_bound_work	counterexample	uses:coupling.holonic-clocked-pantographic-swing
coupling.holonic-composition-words	navigator, swing, holarchy, cycle	wordPassage = iterated pullback of navigator graphs (fibre keeps every intermediate occurrence); repeated Swing word = iterate; noncommuting transport ⇒ nontrivial loop return = route return; Bool→Unit coarse return flat, fine return not flat; collapsed route returns a comparison defect	addressed transport words compare routes by holonomy while noninvertible routes keep comparison defects rather than commutators	finite words; declared connection before loop holonomy	L:Millennium/HolonicComposition:wordPassage; L:Millennium/HolonicComposition:noncommutingTransport_loop_eq_routeReturn; L:Millennium/HolonicComposition:boolToUnit_fineReturn_is_not_flat; L:Millennium/HolonicComposition:collapsedRoute_returns_comparisonDefect	formal-checked	instance-of:holonomy.cell-face, instance-of:holarchy.interconnect
coupling.holonic-cosmological-lambda	receiver, ratio	Λ = 3·Ω_Λ·H₀²/c², dim Λ = L⁻²; the receiver is not injective (scale fibre); exact rational pushforward of weighted parameter populations conserves total weight; Λ glues to a constant ⇔ all returned defects = 0	a reported cosmological constant is a nonlinear receiver of expansion parameters with a plural preimage fibre	constant-Λ expansion chart; exact decimal as radix-depth rational	L:Millennium/HolonicCosmologicalInference:lambdaReceiver_not_injective; L:Millennium/HolonicCosmologicalInference:lambdaReceiver_scale_fibre; L:Millennium/HolonicCosmologicalInference:pushforwardWeight_total; L:Millennium/HolonicCosmologicalInference:gluesToConstant_iff_all_returned_defects_zero	formal-checked	instance-of:info.preimage-fibre
coupling.holonic-difference-calculus	swing, ratio, complex	edge difference t − s, reverse = negation = Swing about the anchor = e^(iπ); Σ local differences = exterior difference (telescoping), window: interior faces cancel; a² − b² = (a−b)(a+b); modular difference = 0 ⇔ n | d; v − (e+1) + (f+1) = v − e + f	orientation precedes sign: a difference is a Swing-reversible oriented edge, and finite integration is exact telescoping to the boundary	integers, rings, ZMod n	L:Millennium/HolonicDifferenceCalculus:swingDifference_isEulerHalfTurn; L:Millennium/HolonicDifferenceCalculus:localDifferences_integrateToBoundary; L:Millennium/HolonicDifferenceCalculus:modularDifference_eq_zero_iff_dvd; L:Millennium/HolonicDifferenceCalculus:eulerReturn_survivesLocalEdgeFacePair	formal-checked	instance-of:swing.half-turn, instance-of:holon.stokes, uses:ratio.div-rem
coupling.holonic-dimension-obstruction	receiver, compression	raw deformation modes 15 = 4 translations + 6 plane rotations + 1 dilation + 4 killed (fixed-board, gauge, closure, reparameterization); rank(raw / ker successor) = 11; any 12 visible vectors are dependent	eleven is a receiver rank: the declared successor receiver sees 4 + 6 + 1 directions, so a twelfth is obstructed	declared successor receiver; not a derivation of M-theory's dimension	L:Millennium/HolonicDimensionObstruction:receiverQuotient_finrank; L:Millennium/HolonicDimensionObstruction:twelveVisibleDirections_areDependent	formal-checked	instance-of:compression.kernel
coupling.holonic-directed-passage	holon, cycle, receipt	Σ_(k<n) J(a_k, a_(k+1)) = J(a₀, a_n) + Σ composition defects; closed path current = Σ defects; state-induced currents have zero defect; null current along a filter ⇒ return	along any finite addressed path, local currents equal the exterior current plus the retained composition defects, so a loop return is exactly its defect sum	addressed currents in an additive group	L:Millennium/HolonicDirectedPassage:finitePathCurrent_eq_exterior_add_defects; L:Millennium/HolonicDirectedPassage:closedPathCurrent_eq_defects; L:Millennium/HolonicDirectedPassage:fromState_composesExactly; L:Millennium/HolonicDirectedPassage:exists_return_of_hasNullCurrentAlong	formal-checked	instance-of:holonomy.cell-face, instance-of:holon.stokes
coupling.holonic-entropy-current-balance	holon, epoch, receipt	S(k+1) − S(k) + outwardFlux(k) = production(k), telescopes; closed (outwardFlux = 0) ⇒ S monotone and ΔS = production; ΔS = 0 ⇔ production = 0	entropy is a storage/current/production balance, and closed-system monotonicity is proved only after outward flux is set to zero	ordered additive entropy line	L:Millennium/HolonicEntropyActionInduction:CurrentBalance.telescopes; L:Millennium/HolonicEntropyActionInduction:EntropyCurrentBalance.closed_monotone; L:Millennium/HolonicEntropyActionInduction:EntropyCurrentBalance.closed_difference_eq_production	formal-checked	instance-of:thermal.entropy-production, instance-of:holon.energy-balance
coupling.holonic-successor-induction	holon, navigator	successor current J(k) = x(k+1) − x(k) with source; Σ telescopes; zero source ⇒ invariant; Faraday instance: ΔΦ_face = −∮E along successor words	mathematical induction and Faraday induction are one typed successor-current passage	finite successor words	L:Millennium/HolonicEntropyActionInduction:SuccessorCurrent.telescopes; L:Millennium/HolonicEntropyActionInduction:SuccessorCurrent.invariant_of_zero_source; L:Millennium/HolonicEntropyActionInduction:faradaySuccessorCurrent_telescopes	formal-checked	uses:ym.discrete-faraday
coupling.holonic-thermal-stretch-turn	contact, constitution	∇T = stretch + turn (symmetric ⊕ antisymmetric parts); interaction production Σ g_e (s−t)(r(s)−r(t)) ≥ 0 for g ≥ 0, r monotone; = 0 ⇔ each active pair equal (strict r)	a thermal gradient splits into a stretch and a turn, and a monotone response through nonnegative conductance produces nonnegative interaction entropy	finite population; ordered ring	L:Millennium/HolonicEntropyActionInduction:thermalGradient_eq_stretch_add_turn; L:Millennium/HolonicEntropyActionInduction:interactionProduction_nonnegative; L:Millennium/HolonicEntropyActionInduction:interactionProduction_eq_zero_iff_of_strict	formal-checked	instance-of:contact.power, instance-of:thermal.entropy-production
coupling.holonic-entropy-axis-cross-current	holon, contact	entropyAxisCrossCurrent(J,K,a,b) = J_a K_b − J_b K_a = (J ∧ K)_ab, natural under rank-four transport, antisymmetric in axes and in Holons; heat instance: ∂_t X − ν∂²_x X = −2ν (∂_x J ∧ ∂_x K)_01	the oriented cross-current of two four-axis currents is their wedge, and under two heat flows it obeys a sourced heat equation whose source is the wedge of gradients	explicit heat solutions; no statistical cross-entropy identification	L:Millennium/HolonicEntropyActionInduction:entropyAxisCrossCurrent_eq_cycleWedge; L:Millennium/HolonicEntropyActionInduction:entropyAxisCrossCurrent_natural; L:Millennium/HolonicEntropyHeatCurrent:entropyHeatCrossCurrent_sourced_heat_equation	formal-checked	uses:ym.four-force-sector, instance-of:thermal.heat-kernel
coupling.holonic-field-theory-passage	holon, receiver	S_R[φ] = Σ_(x∈R) 𝓛(jet φ(x)); S_(R∪R') = S_R + S_R' (disjoint); action differences glue and every additive receiver preserves them; focusing: dust contributes ρ, vacuum contributes −Λ-type term; Λ = κρ_vac chart	a finite action is a sum of local jet readings that glues exactly over disjoint regions, and dust and vacuum enter the focusing receiver with opposite roles	finite admitted regions; pressureless dust, vacuum sector	L:Millennium/HolonicFieldTheoryPassage:LocalFieldTheory.actionOn_union; L:Millennium/HolonicFieldTheoryPassage:LocalFieldTheory.receiver_actionDifference; L:Millennium/HolonicFieldTheoryPassage:vacuumMatterChart_eq_geometricLambda; L:Millennium/HolonicFieldTheoryPassage:oppositeExchange_glues_to_total_conservation	formal-checked	instance-of:holarchy.interconnect, uses:einstein.field-equation
coupling.holonic-matter-conjugate-reading	holon, receipt	matter ⊕ conjugate: total charge = 0, total energy ≠ 0; reaction energy balance: visible defect = weak-carrier term; pair-collision departure factors	a matter–conjugate pair cancels charge but not energy, and a reaction's visible energy defect is exactly its unseen carrier	charge/energy reading pairs	L:Millennium/HolonicFieldTheoryPassage:matter_conjugate_charge_is_zero; L:Millennium/HolonicFieldTheoryPassage:matter_conjugate_energy_is_nonzero; L:Millennium/HolonicFieldTheoryPassage:ReactionEnergyLedger.visibleDefect_eq_weakCarrier	formal-checked	uses:coupling.holonic-field-theory-passage
coupling.holonic-finite-causal-aperture	navigator, receiver	N navigators: #words at depth d = N^d; #supports of arity k = C(N,k); #pair channels = C(N,2) (4 → 6, 11 → 55 = 5·11); ∀B, a nonempty finite navigator family admits B+1 particle occurrences	a finite navigator count fixes words and supports but does not bound particle occupancy	finite navigator family; particle bound needs a separate packing certificate	L:Millennium/HolonicFiniteCausalAperture:generatorWord_card; L:Millennium/HolonicFiniteCausalAperture:generatorSupport_card; L:Millennium/HolonicFiniteCausalAperture:elevenGeneratorPairChannel_card; L:Millennium/HolonicFiniteCausalAperture:finiteGenerators_do_not_bound_particlePopulation	counterexample	instance-of:navigator.initial-configuration
ym.four-force-sector	holon, complex, cycle	(x ∧ y)_ij = x_i y_j − x_j y_i on ℤ⁴ gives 6 = C(4,2) plane coefficients, alternating and natural under Λ²(T); four force sectors each with fibre and edge connection over the common base; returned face curvature = 1 ⇔ route transports agree	two rank-four cycle populations meet in six interaction planes, and each dependent force sector carries its own face curvature over them	kinematic carrier only; no dynamics	L:Millennium/HolonicFourForceSectorCarrier:cycleWedge_swap; L:Millennium/HolonicFourForceSectorCarrier:cycleWedge_natural; L:Millennium/HolonicFourForceSectorCarrier:returnedCurvature_eq_one_iff_routeTransport; L:Millennium/HolonicFourForceSectorCarrier:everySector_has_six_base_planes	formal-checked	uses:ym.connection-curvature, instance-of:holonomy.cell-face
coupling.holonic-four-torus-carrier	complex, cycle, coholon	(ℤ/n)⁴ cells: ∂₁∂₂ = 0; four axis windings closed; dual axis cuts ⟨cut_i, wind_j⟩ = δ_ij and vanish on 2-boundaries; winding not a boundary; cut readings reconstruct ℤ⁴	a finite four-torus keeps all four cycle directions alive in its cellular homology receiver	finite cyclic axes; no smooth or complex structure asserted	L:Millennium/HolonicFourTorusCarrier:boundaryOne_faceBoundary_eq_zero; L:Millennium/HolonicFourTorusCarrier:dualAxisCut_pairs_same_winding; L:Millennium/HolonicFourTorusCarrier:dualAxisCut_pairs_boundaryTwo_eq_zero; L:Millennium/HolonicFourTorusCarrier:axisCycleRealization_injective	formal-checked	instance-of:complex.boundary-squared, instance-of:holon.stokes
coupling.holonic-four-torus-parametron	parametron, complex	nodes = torus vertices, branches = axis edges, incidence = cellular ∂₁; drive action ⟨φ, B j⟩ = ⟨∂₁ j, φ⟩ (discrete integration by parts); ∂₁ j = 0 ⇒ drive action 0; four cut currents reconstruct the period lattice, monodromy covariant	the four-torus is a Complex Parametron incidence body whose drive factors through the cellular boundary	integer edge currents embedded in real branch sections	L:Millennium/HolonicFourTorusParametronRealization:driveAction_chainDrive_eq_boundaryPairing; L:Millennium/HolonicFourTorusParametronRealization:driveAction_chainDrive_eq_zero_of_boundaryOne_eq_zero; L:Millennium/HolonicFourTorusParametronRealization:fourAxisCurrentReceiver_realization	formal-checked	instance-of:parametron.lc-exchange, uses:coupling.holonic-four-torus-carrier
coupling.holonic-generated-port-moment	navigator, receiver, holon	C_(p,g) = D_p (T_g C T_gᵀ) D_p; C_next = Σ_((p,g)∈S) C_(p,g); forced step: C_next − Σ_g T_g C T_gᵀ = incoming	plural navigator actions stay addressed through membrane restriction; ordered exterior current enters the recurrence as an input term, not a stored label	quadratic moment C; port projections D_p	L:Millennium/HolonicGeneratedPortMomentPassage:selectedGeneratedPortMoment_eq_sum_quadraticMoment; L:Millennium/HolonicGeneratedPortMomentPassage:forcedMomentStep_sub_transport_eq_incoming	formal-checked	uses:info.standing-quotient
coupling.holonic-granular-boundary-radiation	complex, holon, receiver	radiation = B·(interior current), outer ∂∘B = 0 ⇒ radiated section is a cycle; ⟨φ, B j⟩ = ⟨Bᵀφ, j⟩ (reflected pullback = finite Stokes); equal port radiation ⇔ difference ∈ joint port kernel; particle = causal-signature class; coarse equality with fine separation returns the preimage fibre	granular interior current radiates through a scale-natural boundary complex, and integrating it outward equals pulling the receiver inward	finite particle population; oriented incidences composing to zero	L:Millennium/HolonicGranularBoundaryRadiation:outerReturn_eq_zero; L:Millennium/HolonicGranularBoundaryRadiation:boundaryRadiation_pairing_eq_reflected_interiorCurrent_pairing; L:Millennium/HolonicGranularBoundaryRadiation:same_portRadiation_iff_difference_mem_jointPortKernel; L:Millennium/HolonicGranularBoundaryRadiation:coarse_grain_equality_with_fine_separation_returns_preimageFibre	formal-checked	instance-of:holon.stokes, instance-of:tube.dn-elimination, uses:info.preimage-fibre
coupling.holonic-interaction-exterior	holon, constitution, cycle	Λ²(M) on (e01,e02,e03,e12,e13,e23); A₁³ = 1, A₂⁴ = 1 on bivectors, determinant preserved; cusp: vector defect N² = 0 but bivector defect N³ = 0, N² ≠ 0; e01-orbit quadratic (Δ² = 2e23, Δ³ = 0); orbit-summed storage invariant and positive for finite monodromies; no definite invariant storage for the dual cusp	torus monodromies act on flux planes; finite ones admit positive invariant storage, the cusp does not	six-sphere torus family, integral lattice	L:Millennium/HolonicInteractionExterior:cuspFluxDefect_cubicZero; L:Millennium/HolonicInteractionExterior:cuspFluxOrbit_thirdDifference; L:Millennium/HolonicInteractionExterior:A1_cyclicStorage_positive; L:Millennium/HolonicInteractionExterior:noDefiniteInvariantStorage_forDualCusp	counterexample	instance-of:constitution.modes, uses:coupling.holonic-torus-monodromy
coupling.holonic-mass-shell-face	holon, ratio	⟨P,Q⟩ = E_P E_Q − c² p_P·p_Q; ⟨P+Q,P+Q⟩ = ⟨P,P⟩ + ⟨Q,Q⟩ + 2⟨P,Q⟩; ⟨P,P⟩ = E² − c²|p|², so E² = (pc)² + (m₀c²)² on the shell	the mass shell is the Pythagorean face of the Lorentz law of cosines, the time and space faces being Lorentz-orthogonal	four-momenta, c real	L:Millennium/HolonicMassShellFace:lorentzPairing_add_add; L:Millennium/HolonicMassShellFace:lorentzPairing_self	formal-checked	uses:ym.flat-lorentz-vacuum
ym.maxwell-propagation	holon, constitution, parametron	3+1 split: six planes → (E,B); discrete Faraday + Ampère–Maxwell ⇒ Δ²E = −c²·curl*curl E, Δ²B likewise; c² = (μ ε)⁻¹, c = √((με)⁻¹) > 0 with c·c = c²; rest energy mc² from the constitutive pair	on the six-plane carrier, second time differences of either field are the curl–curl return scaled by 1/(με), with no plane wave or continuum limit	positive permeability and permittivity	L:Millennium/HolonicMaxwellPropagation:electric_secondDifference; L:Millennium/HolonicMaxwellPropagation:magnetic_secondDifference; L:Millennium/HolonicMaxwellPropagation:propagationSpeed_sq; L:Millennium/HolonicMaxwellPropagation:VacuumMaxwellPassage.restEnergy_sq_from_constitutive	formal-checked	instance-of:maxwell.stokes-dirac, instance-of:parametron.lc-exchange, uses:ym.discrete-maxwell-operator
coupling.holonic-measured-parametron	parametron, ratio	C = Δq/ΔV, L⁻¹ = ΔI/ΔΦ, ω = Δphase/Δtime as ratios of returned differences; invariant under chart zeros (V+V₀, t+t₀); measured mode relation invariant under branch reorientation; binary action face = logistic(Δaction)	parametron coefficients are ratios of returned differences whose zero points are chart choices	addressed occurrences, real fields	L:Millennium/HolonicMeasuredParametron:measuredCapacitance_add_chartZeros; L:Millennium/HolonicMeasuredParametron:measuredAngularFrequency_add_chartZeros; L:Millennium/HolonicMeasuredParametron:isMeasuredGeneralizedMode_reorient_iff; L:Millennium/HolonicMeasuredParametron:binaryActionFace_eq_logisticDifference	formal-checked	instance-of:parametron.lc-exchange, instance-of:ratio.log-branch
coupling.holonic-membrane-action	contact, receiver, ratio	membrane current = admittance(transported potential drop); rebased current preserved iff potential transport and constitutive map commute; two distinct tail emissions q₁ ≠ q₂ with H(p,q₁) = H(p,q₂); ¬∃ factor, action = factor(H-face)	a membrane's complete potential drop precedes every scalar receiver, and the finite cross-entropy face cannot determine the successor action	addressed membrane contact; finite distributions	L:Millennium/HolonicMembraneActionTransport:membraneCurrent_rebase; L:Millennium/HolonicMembraneActionTransport:distinct_sections_equal_crossEntropy; L:Millennium/HolonicMembraneActionTransport:tailCrossEntropyReceiver_no_identitySuccessorFactor; L:Millennium/HolonicMembraneActionInformationDifference:membrane_tail_scalar_does_not_determine_action	counterexample	obstructs:info.learning-covector, uses:ratio.log-branch
coupling.holonic-pantographic-swing-jets	swing, navigator	Q − O = s(P − O); pantographs compose by multiplying scales; s = −1 is the Swing; j_(n+1) = g·sⁿ·j_n ⇒ j_n = gⁿ·s^C(n,2)·j₀ (coefficients of y′(t) = g·y(st))	a pantograph keeps its anchor, its scale −1 is the Swing, and its functional-differential jet has a triangular scale exponent	anchor O, scale s	L:Millennium/HolonicPantographicSwingJets:pantographicPoint_comp; L:Millennium/HolonicPantographicSwingJets:pantographicPoint_neg_one_eq_swing; L:Millennium/HolonicPantographicSwingJets:pantographicJet_closedForm	formal-checked	instance-of:swing.pantograph, instance-of:swing.half-turn
coupling.holonic-platonic-diffraction	cycle, receiver	face orbit amplitude A·Σ_(k<n) ζᵏ = 0 for ζⁿ = 1, ζ ≠ 1; removing ray m returns −A·ζᵐ ≠ 0; hyper-lift population = faceCount·2^faceOrder	a diffraction zero is a cancellation receiver of a cyclic face orbit, and a cut aperture returns exactly the missing ray	five Platonic species; nontrivial root of unity	L:Millennium/HolonicPlatonicDiffraction:cyclicAmplitude_eq_zero; L:Millennium/HolonicPlatonicDiffraction:cutCyclicAmplitude_eq_neg_missingRay; L:Millennium/HolonicPlatonicDiffraction:platonicHyperLiftPopulationLedger	formal-checked	uses:winding.carry-cocycle
coupling.holonic-polygonal-torus	complex, cycle	major cycle × polygon: faces have zero vertex boundary; longitude and meridian close; Σ cross-section triangles has boundary = meridian; dual cross-section cut pairs to 1 with unit longitude, 0 with meridian and boundaries; longitude not a boundary; equal zero reading does not identify the carrier occurrence	a finite solid torus keeps its longitude as a surviving cycle while the meridian bounds the cross-section disk	finite major and minor cycles over ℤ	L:Millennium/HolonicPolygonalTorusCarrier:boundaryTwo_crossSectionDisk_eq_meridian; L:Millennium/HolonicPolygonalTorusCarrier:dualCrossSectionCut_pairs_longitudeWindingChain; L:Millennium/HolonicPolygonalTorusCarrier:longitudeWindingChain_isNot_boundaryTwo; L:Millennium/HolonicPolygonalTorusCarrier:equalZeroReading_doesNotIdentifyCarrierOccurrence	formal-checked	instance-of:complex.boundary-squared, uses:tube.dn-elimination
ym.yang-mills-flow-weitzenbock	holon, deposition	G_j = Σ_k D_k F_kj; (D_A G)_ij = Σ_k (D_k D_k F_ij + 2[F_ik, F_kj])	along the Yang–Mills direction the curvature defect diffuses by the covariant Laplacian and interacts with itself only through commutators of adjacent faces	C³ connection	L:Millennium/HolonicYangMillsFlow:yangMillsDirection; L:Millennium/HolonicYangMillsFlow:covariantVariation_yangMillsDirection	formal-checked	uses:ym.curvature-first-variation, uses:ym.connection-curvature
ym.yang-mills-energy-identity	holon, constitution	B ad-invariant: Σ_ij B((D_A G)_ij, F_ij) = 2Σ_ij ∂_i B(G_j, F_ij) − 2Σ_j B(G_j, G_j) pointwise; on the periodic unit box ∫ Σ B((D_A G), F) = −2∫ Σ_j B(G_j, G_j)	the Yang–Mills energy decreases along the flow exactly by twice the squared flow direction, a divergence having integrated away	B([a,x],y) + B(x,[a,y]) = 0; one-periodic C³ connection	L:Millennium/HolonicYangMillsEnergy:sum_pairing_covariantVariation_yangMillsDirection; L:Millennium/HolonicYangMillsGlobalEnergy:integral_sum_pairing_covariantVariation_yangMillsDirection	formal-checked	instance-of:holon.energy-balance, uses:ym.yang-mills-flow-weitzenbock
ym.yang-mills-descent	holon, deposition	ε ↦ E(A + εG) is a quartic polynomial; d/dε E(A + εG)|₀ = −2Σ_j∫ B(G_j,G_j) ≤ 0	the Yang–Mills direction is a descent direction of the energy for a pairing with nonnegative squares	symmetric ad-invariant pairing, B(x,x) ≥ 0; periodic C³ connection	L:Millennium/HolonicYangMillsDescent:yangMillsEnergy; L:Millennium/HolonicYangMillsDescent:deriv_yangMillsEnergy_direction_nonpos	formal-checked	uses:ym.yang-mills-energy-identity, instance-of:info.learning-covector
ym.yang-mills-hessian	holon, constitution	E(A + εB) = E + ε·δE + ε²·Hess + ε³·c₃ + ε⁴·c₄; Hess_A(B,B) = ∫ Σ_ij (B((D_A B)_ij, (D_A B)_ij) + 2B([B_i,B_j], F_ij))	the second variation of Yang–Mills energy is the linearized Weitzenböck operator paired with itself	C¹ A and B	L:Millennium/HolonicYangMillsHessian:yangMillsEnergy_add_smul; L:Millennium/HolonicYangMillsHessian:hessian; L:Millennium/HolonicYangMillsHessian:deriv_deriv_yangMillsEnergy	formal-checked	uses:ym.curvature-first-variation
ym.yang-mills-gauge-invariance	holon, ratio	B(gxg⁻¹, gyg⁻¹) = B(x,y) for associative symmetric B; E(A^g) = E(A); (A + εB)^g = A^g + εgBg⁻¹ ⇒ δE and Hess gauge invariant; δE(D_A ξ) = 0 (orbit direction)	Yang–Mills energy, its first variation and Hessian are gauge invariant, and the first variation vanishes along gauge orbits	trace-form pairing; C² gauge section	L:Millennium/HolonicYangMillsGaugeInvariance:yangMillsEnergy_gaugeTransform; L:Millennium/HolonicYangMillsVariationInvariance:firstVariation_gaugeTransform; L:Millennium/HolonicYangMillsVariationInvariance:hessian_gaugeTransform; L:Millennium/HolonicYangMillsOrbitDirection:firstVariation_orbitDirection	formal-checked	uses:ym.covariant-derivative-covariance
ym.yang-mills-abelian-heat	holon, constitution	commuting 𝔤: D = d, F = dA, (D_A G)_ij = Σ_k ∂_k∂_k F_ij, Hess = ∫ Σ B(dB, dB); fluid reading: F = vorticity, the dropped 2[F_ik,F_kj] is the gauge twin of vortex stretching	in the abelian case the Yang–Mills flow is the heat flow of the curvature	commutative algebra	L:Millennium/HolonicYangMillsAbelian:curvature_eq_differential; L:Millennium/HolonicYangMillsAbelian:covariantVariation_yangMillsDirection_eq_laplacian; L:Millennium/HolonicYangMillsAbelian:hessian_eq_free	formal-checked	specializes:ym.yang-mills-flow-weitzenbock, uses:thermal.heat-kernel, uses:ns.strain-carries-stretching-sign
coupling.holonic-polygon-gyro-winding	swing, cycle, receipt	material polygon edges sum to 0; Swing and gyro completions commute as parallel routes; flat completion commutes iff no receiver defect; two crossing populations with equal net but different crossing lists reopen at the list and the total	winding is a coarse returned face: distinct crossing populations meet at one net, and a noncommuting connection keeps unequal targets as a receiver defect	addressed polygon passages	L:Millennium/HolonicPolygonGyroWinding:materialBoundaryPassage_target_eq_zero; L:Millennium/HolonicPolygonGyroWinding:swingGyroCompletionCell_commutes; L:Millennium/HolonicPolygonGyroWinding:noncommutingCompletion_returns_receiverDefect; L:Millennium/HolonicPolygonGyroWinding:equalNetDifferentLedgerCell_reopens_at_ledger	counterexample	uses:winding.ledger, instance-of:compression.kernel
coupling.holonic-port-resolved-boundary	holon, receipt, receiver	input(k) = ΔS(k) + Σ_ports returned(port,k) (telescopes); nonnegative port returns: total = 0 ⇔ each = 0; no input ⇒ storage antitone	a boundary balance keeps which port received each current before the total is formed	finite port population; ordered receiver	L:Millennium/HolonicPortResolvedBoundaryTransport:telescopes; L:Millennium/HolonicPortResolvedBoundaryTransport:totalReturned_eq_zero_iff_each; L:Millennium/HolonicPortResolvedBoundaryTransport:storage_antitone_of_no_input	formal-checked	instance-of:holon.energy-balance, specializes:coupling.holonic-entropy-current-balance
coupling.holonic-quadratic-moment-condensation	compression, receiver, navigator	M = Σ_s w_s j_s j_sᵀ; equal M ⇒ every contracted quadratic receiver tr(R M) equal; T_g-generated moment = T_g M T_gᵀ; low-rank refactor; state-addressed faces restrict before summing	every bilinear receiver of a fixed future factors through one exact weighted second moment, which retains the source family only as its reconstruction fibre	finite local current family; receivers that factor through the contraction	L:Millennium/HolonicQuadraticMomentCondensation:equal_quadraticMoment_forces_equal_contractedReceiver; L:Millennium/HolonicQuadraticMomentCondensation:quadraticMoment_generated_eq_transportMoment; L:Millennium/HolonicStateAddressedQuadratic:stateAddressedFace_eq_lowRankMoment_restrictedTransportedFrame	formal-checked	instance-of:compression.kernel, instance-of:info.standing-quotient
coupling.holonic-rank-four-planes	complex, receiver	ℤ⁴ = ℤ³ ⊕ ℤ once a receiver declares time; C(4,2) = 6 planes = 3 spatial + 3 space–time; Q₀ plane readings (0,0,1,6,0,0); period core det; period column vector injective	rank four returns six oriented interaction planes, split three plus three by a declared temporal direction	integral period lattice of the (3,4,∞) torus family	L:Millennium/HolonicRankFourInteractionPlanes:interactionPlane_count; L:Millennium/HolonicRankFourInteractionPlanes:interactionPlane_partition; L:Millennium/HolonicRankFourInteractionPlanes:Q0_sixPlaneReadings; L:Millennium/HolonicRankFourInteractionPlanes:periodColumnVector_injective	formal-checked	uses:ym.four-force-sector
coupling.holonic-rank-four-winding	complex, cycle, receiver	two polygonal torus copies realize ℤ⁴ as (longitude, meridian) × 2; cross-section current + meridian linkage reconstruct all four coefficients; pairing monodromy-covariant; basis 1 and 3 are doubled 2-boundaries, 0 and 2 are not	the rank-four period lattice enters four finite winding populations, while the doubled solid torus kills two of them in cellular homology	doubled solid-torus carrier	L:Millennium/HolonicRankFourWindingRealization:rankFourWindingRealization_injective; L:Millennium/HolonicRankFourWindingRealization:rankFourCurrentFluxReceiver_realization; L:Millennium/HolonicRankFourWindingRealization:doubledBoundaryReceiverInsufficiency	counterexample	uses:coupling.holonic-polygonal-torus, obstructs:coupling.holonic-four-torus-carrier
coupling.holonic-sling-transport	swing, holon, navigator	Swing impulse = 2(anchor − body); release balance and serial differences retain impulse + returned medium current; gravity assist: |u+v_out|² − |u+v_in|² = 2⟨u, v_out − v_in⟩ when |v_out| = |v_in|; deterministic Markov receiver exists ⇔ receiver fibres stable under successor	a sling is a released Swing plus a typed continuation word of the medium, and a pivot's velocity pairing is the whole speed gain	additive chart into the momentum line	L:Millennium/HolonicSlingTransport:swingImpulse_eq_doubled_anchorDifference; L:Millennium/HolonicSlingTransport:receiver_serial_difference_eq_impulses; L:Millennium/HolonicSlingTransport:gravityAssist_squaredSpeed_difference; L:Millennium/HolonicSlingTransport:deterministicMarkovReceiver_exists_iff_fibre_stable	formal-checked	instance-of:swing.half-turn, instance-of:compression.kernel
coupling.holonic-snell-interaction	contact, receiver, swing	e^(iθ) weighted: tangential receiver = Im; interface current = Im(n₂e^(iθ₂) − n₁e^(iθ₁)); Snell-compatible ⇔ n₁ sin θ₁ = n₂ sin θ₂; finite interface chains preserve the tangential receiver while the normal remainder stays unresolved	Snell's law is vanishing tangential interface current, and the multiway graph keeps every normal branch	phase occurrences with weights	L:Millennium/HolonicSnellInteraction:interfaceCurrent_eq_phaseCarrierDifference_im; L:Millennium/HolonicSnellInteraction:snellCompatible_iff; L:Millennium/HolonicSnellInteraction:tangentialConservation_retainsNormalRemainder; L:Millennium/HolonicSnellInteraction:path_preserves_tangentialReceiver	formal-checked	instance-of:contact.power, uses:coupling.holonic-directed-passage
coupling.holonic-terminal-current	holon, aeon, receiver	J[s,t] = x(t) − x(s); finite partitions glue (internal faces cancel); null terminal current at T (Cauchy on the left filter) ⇔ ∃! terminal trace	in a complete separated receiver, null terminal current is exactly existence of a unique terminal value	complete T₂ uniform receiver	L:Millennium/HolonicTerminalCurrent:intervalCurrent_glue; L:Millennium/HolonicTerminalCurrent:finitePartitionCurrent_eq_exterior; L:Millennium/HolonicTerminalCurrent:hasNullTerminalCurrentAt_iff_existsUnique_terminalTrace	formal-checked	instance-of:holon.stokes, uses:coupling.holonic-directed-passage
coupling.holonic-torus-entropy-parametron	parametron, cycle, holon	ℤ⁴ ≅ realized Parametron current image (not all branch sections); realized entropy cross-currents all vanish ⇔ the two windings are rationally aligned	the torus winding Holon is exactly its realized Complex Parametron current image, and its entropy two-current vanishes exactly on aligned windings	left winding ≠ 0	L:Millennium/HolonicTorusEntropyParametronEquivalence:windingLatticeEquivRealizedParametronCurrent; L:Millennium/HolonicTorusEntropyParametronEquivalence:all_realizedEntropyAxisCrossCurrents_zero_iff_aligned	formal-checked	uses:coupling.holonic-four-torus-parametron, uses:coupling.holonic-entropy-axis-cross-current
coupling.holonic-torus-flow-triads	holon, receiver	closed frequency triads k₁+k₂+k₃ = 0 close as boundaries; parallelogram cells commute; interact-then-filter vs filter-then-interact square commutes ⇔ finite multiplier-flow commutator = 0; dyadic route difference = Σ commutators	on the genuine T³ fluid, Fourier triads are boundary passages and the filter/interaction square fails exactly by the multiplier commutator	T³ Fourier vector fields, finite aperture	L:Millennium/HolonicTorusFlow:triadBoundaryPassage_target_eq_zero; L:Millennium/HolonicTorusFlow:multiplierFlowSquare_commutes_iff; L:Millennium/HolonicTorusFlow:dyadicFlowSquare_routeDifference_eq_sum	formal-checked	uses:fluid.navier-stokes, uses:ns.triad-skew-cancellation
coupling.holonic-torus-knots	cycle, navigator	(p,q) ∈ ℤ² ↦ loop on T² with lift displacement (p,q); gcd(p,q) = 1 ⇒ slope map injective and an embedding (Bézout + compact→Hausdorff); odd m half-twist band boundary has coprime slope (2,m); slopes mod 4 do not identify the integral slope	a coprime torus knot is an embedded circle of winding (p,q), and a finite modular probe loses its integral address	geometric two-torus; no isotopy classification	L:Millennium/HolonicTorusKnots:torusSlopeLift_endpoint_displacement; L:Millennium/HolonicTorusKnots:torusSlopeMap_isEmbedding_of_coprime; L:Millennium/HolonicTorusKnots:oddHalfTwist_boundarySlope_coprime; L:Millennium/HolonicTorusKnots:finiteModuloFourProbe_does_not_identify_integralSlope	formal-checked	uses:winding.carry-cocycle, uses:lock.farey-neighbour
coupling.holonic-torus-monodromy	cycle, receiver	dualᵀ·M = 1 ⇒ ⟨dual·probe, M·cycle⟩ = ⟨probe, cycle⟩; (T₁,A₁), (T₂,A₂), (T₀,M₀) preserve the pairing and transport every receiver fibre by an explicit equivalence	torus monodromies act on cycles and inverse-transposed on dual probes, so the integer pairing and its preimage fibres are covariant	rank-four integral lattice	L:Millennium/HolonicTorusMonodromyReceiver:cyclePairing_covariant_of_inverseTranspose; L:Millennium/HolonicTorusMonodromyReceiver:cyclePairing_T0_M0; L:Millennium/HolonicTorusMonodromyReceiver:receiverFibreCovariance	formal-checked	instance-of:holon.stokes, uses:info.preimage-fibre
coupling.holonic-torus-parametron	parametron, complex, cycle	torus vertices = nodes, edges = branches, real incidence = cast of ∂₁; ⟨φ, drive(c)⟩ = ⟨∂₁c, φ⟩; closed windings pair to 0 with exact drops; cross-section current reads longitude 1, meridian 0; flux linkage of exact drops = drive action	the polygonal torus is an exact Complex Parametron incidence body with discrete integration by parts	finite polygonal solid torus	L:Millennium/HolonicTorusParametronRealization:driveAction_chainDrive_eq_boundaryPairing; L:Millennium/HolonicTorusParametronRealization:longitudeDriveAction_exactDrop_eq_zero; L:Millennium/HolonicTorusParametronRealization:crossSectionCurrent_longitudeChain_eq_one; L:Millennium/HolonicTorusParametronRealization:fluxLinkage_exactDrop_eq_driveAction	formal-checked	instance-of:parametron.lc-exchange, uses:coupling.holonic-polygonal-torus
coupling.holonic-typed-origin-dimensions	receiver, ratio	typed dims keep source-time and receiver-time: m/s² = L ⊗ T_src⁻¹ ⊗ T_rcv⁻¹; conventional receiver sums time exponents (not injective): T_src − T_rcv ∈ kernel, each fibre a kernel translate; edge Hodge weight dim = area, face Hodge weight dimensionless	conventional dimensional analysis is a non-injective receiver of typed-origin dimensions	additive dimension lattice	L:Millennium/HolonicTypedOriginDimensions:speedSquared_eq_source_add_receiver; L:Millennium/HolonicTypedOriginDimensions:timeOriginDifference_mem_kernel; L:Millennium/HolonicTypedOriginDimensions:symmetrizeDimension_not_injective; L:Millennium/HolonicTypedOriginDimensions:edgeHodgeWeightDim_eq_areaDim	formal-checked	instance-of:compression.kernel, instance-of:info.preimage-fibre
coupling.holonic-unicursal-current	complex, holon	Σ_edges (φ(target) − φ(source)) = φ(finish) − φ(start); loss = −action; closed stroke action = 0; fan boundary = stroke + (end→centre) + (centre→start); pentagram: 5 edges, closed, action 0, a fan boundary	a unicursal stroke is an addressed current whose action telescopes, and its star fan is an exact gluing	finite vertex lists	L:Millennium/HolonicUnicursalCurrent:strokeAction_eq_endpoint_sub_source; L:Millennium/HolonicUnicursalCurrent:outwardLoss_eq_neg_strokeAction; L:Millennium/HolonicUnicursalCurrent:fanBoundaryCurrent_eq_stroke_add_closure; L:Millennium/HolonicUnicursalCurrent:pentagram_is_fanBoundary	formal-checked	instance-of:holon.stokes
coupling.holonic-unknotting	swing, key	quandle pivot fixes itself; rack Swing and inverse cancel; self-distributivity interchanges crossings; transported pivot action is conjugate; faithful form: x ≠ y ⇔ ⟨x−y, x−y⟩ ≠ 0; full-turn phase e^(2πi·writhe) = 1 collapses every integer writhe	the Reidemeister coloring laws are local Swing transports, and a full-turn phase forgets the writhe	racks and quandles; no planar diagram theorem	L:Millennium/HolonicUnknotting:pivotSwing_fixesPivot; L:Millennium/HolonicUnknotting:inverseSwing_cancels; L:Millennium/HolonicUnknotting:crossingTransport_interchanges; L:Millennium/HolonicUnknotting:fullTurnPhase_collapsesEveryInteger	formal-checked	instance-of:swing.half-turn, uses:ratio.log-branch
ym.spectrum-has-mass-gap	receiver, tower	SpectrumHasMassGap(s) := ∃Δ>0 ∀μ ∈ s, μ = 0 ∨ Δ ≤ μ; ladder {0} ∪ [Δ,∞)-rungs has gap Δ; the half-line [0,∞) has no gap	a mass gap is the height of the first rung above the vacuum; a continuum has no bottom rung	real spectra	L:Millennium/YangMillsLimit:SpectrumHasMassGap; L:Millennium/CurvatureAndGap:theLadderHasAGapEqualToItsFirstRung; L:Millennium/CurvatureAndGap:theContinuumHasNoGap; L:Millennium/CurvatureAndGap:theMassIsTheHeightOfTheFirstRung	formal-checked	instance-of:tower.gluing
ym.pointwise-gap-no-continuum	receiver, tower	spectra s_n = {0, 1/(n+1)}: each has a positive gap, ¬HasUniformMassGap(s_n)	positive gaps at every finite scale do not give a positive continuum gap; any lattice-to-continuum bridge must return scale uniformity	exact falsifier family; constructs no gauge theory	L:Millennium/YangMillsLimit:theShrinkingFamilyHasNoUniformMassGap	counterexample	obstructs:ym.clay-statement, uses:ym.spectrum-has-mass-gap
ym.clay-statement	receiver, holon	TheYangMillsExistenceAndMassGap(P) := ∀ compact simple G admitted, ∃ nontrivial quantum YM theory on ℝ⁴ (axiomatic QFT) with SpectrumHasMassGap(H)	the official Yang–Mills existence and mass gap statement, with compact-simple admission and continuum realization as visible ports	no Wightman/OS reconstruction in Mathlib; nothing asserts existence	L:Millennium/YangMills:TheYangMillsExistenceAndMassGap	open	uses:ym.spectrum-has-mass-gap
ym.official-receiver	receiver, holon	gauge group carries Group, topological, compact, connected, Lie, simple-Lie-algebra structure; energy spectrum := approximate point spectrum of a densely defined symmetric Hamiltonian; 0 ∈ spectrum; gap ⇒ ∃Δ>0 separator; finite-continuum reconstruction ⇒ continuum gap	the structured Yang–Mills receiver derives its spectrum from a Hamiltonian instead of accepting a supplied set, closing the vacuous-problem aperture	the earlier Problem shape is a counterexample (arbitrary admission and spectrum)	L:Millennium/YangMillsOfficialReceiver:zero_mem_energySpectrum; L:Millennium/YangMillsOfficialReceiver:hasMassGap_returns_separator; L:Millennium/YangMillsOfficialReceiver:toContinuumMassGap	formal-checked	specializes:ym.clay-statement
ym.gap-is-sphere-infimum	receiver, constitution	F coercive ⇔ ∃Δ>0 ∀‖v‖=1, Δ ≤ F(v,v); F(e,e) = 0, e ≠ 0 ⇒ e invisible and F not coercive on the whole space; the anchor is noncompact in infinite dimensions	a receiver gap is exactly the positivity of one sphere infimum, and a vacuum refuses a global gap	real receiver forms; physical mass needs a declared operator and units	L:Millennium/MassGap:theGapIsThePositivityOfTheSphereInfimum; L:Millennium/MassGap:theVacuumIsInvisible; L:Millennium/MassGap:theVacuumRefusesAGlobalGap; L:Millennium/MassGap:theAnchorIsNonCompactInInfiniteDimensions	formal-checked	uses:coupling.null-cone-is-collapse, uses:hodge.hilbert-receiver-form-null-cone
ym.z2-lattice-net-gap	parametron, receiver, tower	Z₂ transfer net, coupling u = tanh-type weight ∈ ℚ: middle sign of the crossing congruence is 1 − u² (> 0 for |u|<1, = 0 at u = 1, < 0 for u > 1); spectrum ordered by defect count; gauged gap ratio = ((1−u)/(1+u))^L → 0, not uniform in volume L; ungauged ratio independent of L	on the smallest Z₂ gauge net the sign moves with the coupling and the physical gap ratio decays as a volume power	finite abelian Z₂, not Yang–Mills; 0 < u < 1	L:Millennium/LatticeNet:theMiddleSignMovesWithTheCoupling; L:Millennium/LatticeNet:theSpectrumIsOrderedByTheDefectCount; L:Millennium/LatticeNet:theGaugedGapRatioIsTheVolumePower; L:Millennium/LatticeNet:theGaugedGapRatioIsNotUniformInTheVolume	counterexample	obstructs:ym.pointwise-gap-no-continuum, uses:ym.spectrum-has-mass-gap
ym.curvature-commutator-gap	holon, parametron	F = dA + [A,A]: [A_i,A_j] = 0 ⇔ commuting components (abelian curvature linear), nonabelian term genuinely present; Z₂ gap ratio = −(u−1)/(u+1) (a reflection coefficient) = transfer spectral gap, strict for 0<u<1; free coupling gapless; Wilson loop decays as u^(area), 2(a+b) < ab for a,b ≥ 5; string tension −log u > 0 ⇔ u ∈ (0,1)	Einstein and Yang–Mills share one curvature formula, and the lattice gap ratio is a reflection coefficient whose logarithm is the string tension	finite Z₂ transfer matrix; rational coupling	L:Millennium/CurvatureAndGap:theCurvatureCommutatorIsTheNonabelianTerm; L:Millennium/CurvatureAndGap:theGapRatioIsAReflectionCoefficient; L:Millennium/CurvatureAndGap:theAreaBeatsThePerimeter; L:Millennium/CurvatureAndGap:theStringTensionIsPositiveExactlyInTheGapWindow	formal-checked	uses:ym.connection-curvature, uses:ratio.log-branch, uses:ym.z2-lattice-net-gap
coupling.poincare-statement	complex, globe	ThePoincareConjecture := every closed simply connected topological 3-manifold is homeomorphic to S³; PerelmanFinishLine (Ricci-flow-with-surgery trace + reconstruction) ⇒ ThePoincareConjecture	the solved Poincaré object has stable local names, and its Perelman finish line is a typed interface returning exactly that proposition	proved-standard classically; kernel proof open (no Ricci flow or surgery in Mathlib)	L:Millennium/PoincareConjecture:ThePoincareConjecture; L:Millennium/PoincareOfficialBridge:thePoincareConjecture_of_finishLine	open	
coupling.poincare-exact-ricci-grain	constitution, compression, key	three-cell circle flow ℓ ↦ ℓ + τ·Δℓ conserves Σℓ; deviations contract by exactly (1 − 3τ); ratchet an identity on its aperture; only fixed shape round; invertible (backward heat well-posed) iff 1 − 3τ ≠ 0; at τ = 1/3 all shapes collapse to the mean (deletion), e.g. (0,1,2) and (1,1,1) merge	the Perelman schema at the exact grain: a conservative flow whose contraction rate is exact and whose only information loss sits at one aperture value	combinatorial circle with three rational lengths	L:Millennium/Ricci:theFlowConservesTheTotal; L:Millennium/Ricci:theDeviationContractsAtTheWindingRate; L:Millennium/Ricci:theFlowIsInvertibleWithTestimony; L:Millennium/Ricci:theCollapseApertureDeletes; L:Millennium/Ricci:theOnlyFixedShapeIsRound	formal-checked	instance-of:compression.kernel, uses:thermal.heat-kernel
hodge.lorentzian-reverse-inequality	receiver, constitution	q symmetric, q(ω,ω) > 0: (∀x, q(ω,ω)q(x,x) ≤ q(ω,x)²) ⇔ (∀w ⊥_q ω, q(w,w) ≤ 0); Minkowski plane: reverse holds, forward Cauchy–Schwarz fails at the same pair; ample perp negative definite; compression −P₀NP₀ pays on ξ₀^⊥ with slack an exact square	the Hodge index signature and the archimedean perp estimate are one statement: the reverse Cauchy–Schwarz inequality is nonpositivity on the perp	symmetric bilinear form over an ordered field	L:Millennium/LorentzianPerp:theReverseCauchySchwarzIsNonpositivityOnThePerp; L:Millennium/LorentzianPerp:theForwardInequalityFailsOnThePlane; L:Millennium/LorentzianPerp:theAmplePerpIsNonpositive; L:Millennium/LorentzianPerp:theCompressionPaysOnThePerp	formal-checked	equiv:hodge.index-form, uses:rh.archimedean-remainder-amplitude
hodge.mestre-completed-square	navigator, cycle	p monic of degree 12 ⇒ unique monic g of degree 6 with g² ≡ p in degrees 12..6 (six downward triangular equations); deg(g² − p) ≤ 5; two symmetric sextuple conditions kill degree 5, leaving the elliptic quartic	Mestre's large surface coefficients are a receiver rendering of a triangular completed-square recurrence	ℚ[T][x]; integer tables are codec receipts	L:Millennium/MestreCompletedSquare:completedSquareRoot_natDegree_le; L:Millennium/MestreCompletedSquare:completedRemainder_natDegree_le_five; L:Millennium/MestreCompletedSquare:familyCompletedRemainder_natDegree_le_five	formal-checked	uses:arith.ratio-series-block
hodge.mestre-forced-sections	holon, cycle, contact	p_T(x) = ∏_(i<6)((x−a_i)² − T²), r = g² − p_T, surface y² = r(x,T); on x = a_i ± T: r = g², so 12 = 2²·3 polarized lines are sections; section Holon fibres occupied	the twelve polarized Mestre lines are algebraic sections because one factor of p_T vanishes on each	six rational centres; the twelfth independent direction L0+ is a separate obligation	L:Millennium/MestreForcedSectionIncidence:familyProduct_vanishes_on_forced_line; L:Millennium/MestreForcedSectionIncidence:forced_section_incidence; L:Millennium/MestreForcedSectionIncidence:forcedSectionHolon_fibre_occupied; L:Millennium/MestreForcedSectionIncidence:forcedSectionLabel_card	formal-checked	uses:hodge.mestre-completed-square, uses:hodge.mestre-primitive-passage
ym.face-holonomy-curl-translation	holon, cycle, coholon	parallelTransport(face boundary increments of E as translations) = translation by ∮_(∂f) E	the holonomy of an abelian edge connection around a face is translation by its circulation, the curl	finite four-torus grain	L:Millennium/HolonicDiscreteMaxwellOperator:faceConnectionHolonomy_eq_curlTranslation	formal-checked	instance-of:holonomy.cell-face, uses:ym.discrete-faraday
ym.eddy-current-and-axis-emf	parametron, holon, contact	conductive grain: emf = 0 ⇒ current = 0; induced axis emf = −Σ_source M(observed, source)·(I_after − I_before); reorienting an axis negates its linkage and emf	a conductive branch responds only to a nonexact emf, and mutual inductance turns current differences into induced emf	finite axis coupling matrix M	L:Millennium/HolonicDiscreteInduction:ConductiveInductionGrain.current_eq_zero_of_emf_eq_zero; L:Millennium/HolonicDiscreteInduction:inducedAxisEmf_eq_sum_currentDifferences; L:Millennium/HolonicDiscreteInduction:inducedAxisEmf_reorient	formal-checked	instance-of:parametron.lc-exchange, uses:ym.discrete-faraday
ym.period-bivector-invariance	cycle, coholon	period bivector P on (γ,u,w,δ): alternating, AᵀPA = P for A ∈ {A₁, A₂, M₀}; ⟨γ,δ⟩ = −⟨δ,γ⟩, ⟨u,w⟩ = −⟨w,u⟩	the torus period pairing is an alternating bivector invariant under all three monodromies	rank-four period lattice	L:Millennium/HolonicDiscreteInduction:periodBivector_isAlternating; L:Millennium/HolonicDiscreteInduction:periodBivector_is_A1_invariant; L:Millennium/HolonicDiscreteInduction:periodBivector_is_M0_invariant	formal-checked	uses:coupling.holonic-torus-monodromy
coupling.holonic-discrete-leibniz	ratio, swing	a₁b₁ − a₀b₀ = (a₁−a₀)b₀ + a₀(b₁−b₀) + (a₁−a₀)(b₁−b₀); (a₁−a₀)b₀ + a₁(b₁−b₀) = a₀(b₁−b₀) + (a₁−a₀)b₁; Δ²(affine path) = 0; receivers commute with iterated differences	the discrete product rule keeps its exact second-order remainder, and the two path orders interchange	commutative ring; additive group paths	L:Millennium/HolonicDifferenceCalculus:productDifference_sourceLinearizationWithRemainder; L:Millennium/HolonicDifferenceCalculus:productDifference_pathInterchange; L:Millennium/HolonicDifferenceCalculus:secondDifference_affinePath; L:Millennium/HolonicDifferenceCalculus:receiver_commutes_iteratedDifference	formal-checked	uses:coupling.holonic-difference-calculus
coupling.holonic-modular-reopen	ratio, receiver	modDiff₄(0,0) = modDiff₄(0,4) with 0 ≠ 4; slope mod 4: (0,0) ≡ (4,0)	a modular receiver reopens an integral difference: equal residues do not identify the integral address	ZMod 4 probes	L:Millennium/HolonicDifferenceCalculus:modularReceiver_reopensIntegralDifference; L:Millennium/HolonicTorusKnots:finiteModuloFourProbe_does_not_identify_integralSlope	counterexample	instance-of:ratio.div-rem, instance-of:info.preimage-fibre
coupling.holonic-particle-signature	receiver, compression, holon	particle(x) = particle(y) ⇔ signature(x) = signature(y); complete receiver-history grain: particle equality ⇔ present quotient equality; distinct particle faces return a separator	a particle is the class of its complete causal signature under a granulation, so identity is a receiver quotient	causal grain with fine index and face	L:Millennium/HolonicGranularBoundaryRadiation:particle_eq_iff_signature_eq; L:Millennium/HolonicGranularBoundaryRadiation:completeReceiverHistoryGrain_particle_eq_iff_present_quotient_eq; L:Millennium/HolonicGranularBoundaryRadiation:particleFace_ne_returns_separator	formal-checked	instance-of:compression.kernel, instance-of:info.standing-quotient
coupling.holonic-membrane-reorientation	contact, parametron, constitution	coupledResponse(reorient(selected, coupling), reorient(selected, incidence), state) = coupledResponse(coupling, incidence, state); zero coupling row ⇒ zero local mixing	incidence and the full two-index constitutive form must be reoriented together for the contact response to be invariant	finite node/branch populations	L:Millennium/HolonicMembraneActionTransport:localMembraneMixing_reorient; L:Millennium/HolonicMembraneActionTransport:localMembraneMixing_zero_of_couplingRow_zero	formal-checked	instance-of:contact.material, uses:coupling.holonic-measured-parametron
coupling.holonic-exterior-monodromy-orders	cycle, constitution	Λ²(A₁)³ = 1, Λ²(A₂)⁴ = 1 on the six planes; det A₁ = det A₂ = det M₀ = 1	the order-three and order-four torus monodromies keep finite order on flux planes and preserve oriented volume	(3,4,∞) torus family	L:Millennium/HolonicInteractionExterior:exteriorSquare_A1_orderThree; L:Millennium/HolonicInteractionExterior:exteriorSquare_A2_orderFour; L:Millennium/HolonicInteractionExterior:dualMonodromies_preserveOrientedVolume	formal-checked	uses:coupling.holonic-interaction-exterior
coupling.holonic-moment-word-transport	navigator, compression	M(generateWord(g₁…g_k) j) = T_(g_k)⋯T_(g₁) M T_(g₁)ᵀ⋯T_(g_k)ᵀ; ⟨R, M⟩ = tr(Rᵀ M); direct-sum generated moment = Σ_g T_g M T_gᵀ	a navigator word acts on the retained second moment by congruence, so its contraction with any receiver is a trace	finite cell basis	L:Millennium/HolonicQuadraticMomentCondensation:quadraticMoment_generatedWord_eq_transportMomentWord; L:Millennium/HolonicQuadraticMomentCondensation:contractMoment_eq_trace; L:Millennium/HolonicQuadraticMomentCondensation:directSumGeneratedMoment_eq_sum_transportMoment	formal-checked	uses:coupling.holonic-quadratic-moment-condensation, uses:navigator.initial-configuration
coupling.holonic-einstein-coupling-dimension	receiver, ratio	dim κ = dim(8πG/c⁴) = −dim(force); dim Λ = dim(curvature) = L⁻²; area = 2·length; face Hodge weight dimensionless	the Einstein constant is an inverse force, and the cosmological constant has curvature dimension	typed-origin dimension lattice	L:Millennium/HolonicTypedOriginDimensions:einsteinCouplingDim_eq_neg_forceDim; L:Millennium/HolonicTypedOriginDimensions:cosmologicalConstantDim; L:Millennium/HolonicTypedOriginDimensions:faceHodgeWeightDim_eq_zero	formal-checked	uses:coupling.holonic-typed-origin-dimensions, uses:einstein.field-equation
coupling.holonic-realization-word-closure	holarchy, holon	realization word cell commutes and its joined middle boundaries cancel; associator preserves the complete fibre and additive boundary	realized transport words close their circulation, and re-association keeps every retained occurrence	realization passage between addressed carriers	L:Millennium/HolonicComposition:realizationWord_circulation_closes; L:Millennium/HolonicComposition:associator_preserves_complete_fibre; L:Millennium/HolonicComposition:associator_preserves_additive_boundary	formal-checked	instance-of:holarchy.interconnect
ym.gap-survives-receiver-difference	receiver, constitution	Δ‖v‖² ≤ F(v,v), −ε‖v‖² ≤ G(v,v) − F(v,v), ε < Δ ⇒ G coercive (gap ≥ Δ − ε); family version uniform	a receiver gap transports through a controlled signed quadratic difference smaller than the gap	real receiver forms	L:Millennium/MassGap:theGapSurvivesReceiverDifference; L:Millennium/MassGap:familyGapSurvivesReceiverDifference	formal-checked	uses:ym.gap-is-sphere-infimum
ym.z2-net-sign-probe	receiver	crossingForm(u,x,y) ≥ 0 for −1 < u < 1 and all rational x,y; crossingForm(2,1,−1) = −2 < 0	the net pays its round trip exactly inside the coupling window and refuses outside it at an exhibited probe	Z₂ crossing form over ℚ	L:Millennium/LatticeNet:theNetPaysInsideTheCoupling; L:Millennium/LatticeNet:theNetRefusesOutsideTheCoupling	counterexample	uses:ym.z2-lattice-net-gap
ym.z2-local-net	receiver, holarchy	localNet(R₁) ⊓ localNet(R₂) = localNet(R₁ ∩ R₂); empty region carries the vacuum line; disjoint regions meet only in it; region reflection is an involution carrying the net onto the reflected region	the smallest local net is isotone and meets exactly in intersections, with reflection as its first slot	finite Z₂ lattice regions	L:Millennium/LatticeNet:theLocalNetsMeetInTheirIntersection; L:Millennium/LatticeNet:theDisjointRegionsMeetInTheVacuumLine; L:Millennium/LatticeNet:theReflectionCarriesTheNetOntoTheReflectedRegion	formal-checked	uses:coupling.reflected-positivity
ym.z2-cycle-constant-sector	cycle, complex	f: ZMod n → ZMod 2 a circle cycle ⇒ f constant, for n = 3, 4, 5 (by exhaustion)	the cycle space of a short Z₂ link circle is only the constant sector	n ∈ {3,4,5}	L:Millennium/LatticeNet:theCycleSpaceOfTheThreeCircleIsTheConstantSector; L:Millennium/LatticeNet:theCycleSpaceOfTheFourCircleIsTheConstantSector; L:Millennium/LatticeNet:theCycleSpaceOfTheFiveCircleIsTheConstantSector	formal-checked	instance-of:complex.boundary-squared
ym.plaquette-gap-invariant	receiver, ratio	(x − y)²/(xy) = gapInvariant(x + y, xy) (no root extracted); the invariant determines the ratio x/y and rises with the magnetic parameter; plaquette spectrum irrational: ¬∃x ∈ ℚ, x² = 6481/2⁸ (6481 prime); transfer D·C self-adjoint in metric D⁻¹	the gap of a two-level transfer is read through trace and determinant without square roots, and the magnetic coupling is not spectrally inert	rational 2×2 plaquette transfer	L:Millennium/LatticeNet:theGapInvariantIsTheSquaredSplittingOverTheProduct; L:Millennium/LatticeNet:theMagneticCouplingIsNotSpectrallyInert; L:Millennium/LatticeNet:thePlaquetteSpectrumLeavesTheRationals; L:Millennium/LatticeNet:theRationalTransferIsSelfAdjointInTheDeclaredMetric	formal-checked	uses:ym.z2-lattice-net-gap, uses:navigator.trace-faces
ym.fixed-lattice-no-continuum	receiver, tower	g > 0 fixed, any spacing sequence, any Δ: ¬AScalingFamilyRelatesTheGapToASpacing((·) ↦ g, spacing, Δ)	a fixed-coupling lattice gap figure is not a physical gap awaiting a conversion factor; without a coupling–spacing family there is nothing to converge to	rational coupling; no scaling family supplied	L:Millennium/LatticeNet:theFixedLatticeGapAdmitsNoContinuumLimit	counterexample	obstructs:ym.clay-statement, uses:ym.pointwise-gap-no-continuum
coupling.poincare-ricci-ratchet-aperture	constitution, key	W(flow_τ ℓ) = (1−3τ)²·W(ℓ); monotone on the aperture; at τ = 1: W quadruples, (0,1,2): 2 → 8; square: alternating mode contracts at 1 − 4τ, quarter-turn modes at 1 − 2τ	the entropy-like ratchet belongs to its aperture, not to the structure, and the fastest-dying winding selects the limiting shape	three- and four-cell rational circles	L:Millennium/Ricci:theReadingObeysItsExactRate; L:Millennium/Ricci:theRatchetFailsPastItsAperture; L:Millennium/Ricci:theWindingsSeparateOnTheSquare	counterexample	uses:coupling.poincare-exact-ricci-grain
coupling.poincare-condensation-reconstructs	compression, deposition	ℓ = mean(ℓ)·(1,1,1) + (ℓ − mean ℓ); round class closed with zero reading; extent does not collapse on the aperture	the quotient onto the round representative carries its fibre, so condensation deposits nothing unexhibited	three-cell rational circle	L:Millennium/Ricci:theCondensationReconstructs; L:Millennium/Ricci:theRoundClassIsClosed; L:Millennium/Ricci:theExtentDoesNotCollapse	formal-checked	instance-of:compression.kernel, uses:coupling.poincare-exact-ricci-grain
hodge.projective-zero-conclusion	cycle, receiver	Proj ℂ[X] = one closed point, coheight 0; positive-codimension cycles vanish; H₀(pt;ℚ) = ℚ, positive even Betti = 0; point cycle class surjective and Hodge ⇒ TheHodgeConjecture(ProjectiveZeroCanonical)	the official Hodge receiver is inhabited and closed on the genuine complex point realization	nonempty canonical family of one point	L:Millennium/HodgeProjectiveZeroAmbient:analyticPointCycleClass_surjective; L:Millennium/HodgeProjectiveZeroAmbient:realization_hodgeConclusion; L:Millennium/HodgeProjectiveZeroAmbient:projectiveZeroTheHodgeConjecture	proved-standard	uses:hodge.smooth-projective-receiver
hodge.fundamental-class-range	cycle, receiver	range(hodgeFundamentalClass_p) = span of irreducible cycle classes ⊂ rational (p,p); for p ≤ dim, range(cycleClass p) = span(irreducibleCycleClass)	the fundamental class passage lands in the rational middle component and its range is the algebraic span	FundamentalClassPoincarePassage, p ≤ dim	L:Millennium/HodgeSmoothProjectiveReceiver:hodgeFundamentalClass_range; L:Millennium/HodgeSmoothProjectiveReceiver:cycleClass_range_of_le; L:Millennium/HodgeSmoothProjectiveReceiver:mem_rationalMiddle_iff_middleDefect_eq_zero	formal-checked	uses:hodge.smooth-projective-receiver
hodge.hilbert-exact-coexact-orthogonal	complex, coholon	⟨into a, outOf† c⟩ = 0; ⟨into a, h⟩ = 0 = ⟨outOf† c, h⟩ for h harmonic; closed ∧ coexact ⇒ 0	exact, coexact and harmonic populations are mutually orthogonal because outOf∘into = 0	finite Hilbert transport chain	L:Millennium/HilbertTransportChain:inner_into_outgoingAdjoint_eq_zero; L:Millennium/HilbertTransportChain:inner_into_harmonic_eq_zero; L:Millennium/HilbertTransportChain:eq_zero_of_mem_coexact_of_outOf_eq_zero	formal-checked	uses:hodge.hilbert-chain-decomposition
hodge.sphere-power-cell-pascal	complex, tower	rk C_(2(k+1))((S²)^(n+1)) = rk C_(2k)((S²)ⁿ) + rk C_(2(k+1))((S²)ⁿ), so rk C_(2k)((S²)ⁿ) = C(n,k)	even cell ranks of sphere powers obey Pascal's rule, one new factor contributing its point or its top cell	finite sphere powers, even cellular model	L:Millennium/HodgeSpherePowerRulingHomology:spherePowerCellModule_pascal	formal-checked	uses:hodge.sphere-power-ruling
ym.maxwell-three-plus-three	holon, receiver	six-plane section ≅ E ⊕ B (3 + 3) bijectively once a receiver declares time; electric and magnetic curls commute with the receiver fold; wave equations preserved	a declared 3+1 receiver splits the six interaction planes into electric and magnetic coordinates without loss	rank-four period carrier	L:Millennium/HolonicMaxwellPropagation:fieldStrengthThreePlusThreeEquiv_isBijective; L:Millennium/HolonicMaxwellPropagation:electricWave_preserved; L:Millennium/HolonicMaxwellPropagation:magneticWave_preserved	formal-checked	uses:coupling.holonic-rank-four-planes, uses:ym.maxwell-propagation
ym.positive-cell-hodge	constitution, complex	⋆_e = |dual edge| / |primal edge| > 0, ⋆_f = |dual face| / |primal face| > 0; primal and dual quantities have distinct origins; edge/face pairings positive definite	the discrete Hodge star is an exact rational ratio of dual to primal cell measures	positive primal–dual cell geometry	L:Millennium/HolonicDiscreteMaxwellOperator:edgeHodgeWeight; L:Millennium/HolonicDiscreteMaxwellOperator:edgeHodgeWeight_pos; L:Millennium/HolonicDiscreteMaxwellOperator:primalEdgeQuantity_origin_ne_dualEdgeQuantity_origin; L:Millennium/HolonicDiscreteMaxwellOperator:edgePairing_self_eq_zero_iff	formal-checked	instance-of:constitution.modes, instance-of:ratio.div-rem
ym.wilson-area-law	cycle, receiver	strong-coupling Wilson loop W(a×b) = u^(ab); gap ratio powers strictly decrease for 0 < u < 1; free coupling u = 0 has gap ratio 1 (gapless)	a large loop is suppressed by what it encloses: the area exponent beats the perimeter	rational u ∈ (0,1); side ≥ 5 for area > perimeter	L:Millennium/CurvatureAndGap:theWilsonExponentIsTheArea; L:Millennium/CurvatureAndGap:theDecayIsStrictlyDecreasing; L:Millennium/CurvatureAndGap:theFreeCouplingIsGapless	formal-checked	uses:ym.curvature-commutator-gap
ym.gyration-curvature	ratio, cycle	gyr[a,b]x ≠ x ⇒ curvature return of (a,b) ≠ 1; additive group ⇒ return = 1	a gyrogroup gyration that moves any point is a nontrivial curvature return; a group is flat	gyrogroup	L:Millennium/HolonicCurvedArcEinstein:gyrationCurvatureReturn_nontrivial_of_moves; L:Millennium/HolonicCurvedArcEinstein:additive_gyrationCurvatureReturn_is_flat	formal-checked	uses:ym.curved-arc-holonomy
coupling.holonic-focusing-sectors	holon, receiver	expansion contribution: dust −(κ/2)ρ, vacuum +κρ; Λ = κρ_vac ⇒ vacuum contribution = Λ	pressureless dust focuses a timelike congruence while vacuum density defocuses it, one chart for the cosmological constant	rational κ, ρ; no dark-sector identification	L:Millennium/HolonicFieldTheoryPassage:dust_expansionContribution; L:Millennium/HolonicFieldTheoryPassage:vacuum_expansionContribution; L:Millennium/HolonicFieldTheoryPassage:vacuumMatterChart_eq_geometricLambda	formal-checked	uses:coupling.holonic-field-theory-passage, uses:einstein.field-equation
coupling.holonic-lambda-difference	ratio, receiver	Λ(H₁,Ω₁) − Λ(H₀,Ω₀) = (3/c²)(Ω₁(H₁² − H₀²) + (Ω₁ − Ω₀)H₀²)	a change in the inferred cosmological constant splits exactly into an expansion-rate term and a density-fraction term	exact rationals	L:Millennium/HolonicCosmologicalInference:lambdaDifference_decomposition; L:Millennium/HolonicCosmologicalInference:lambdaDifference_decomposition_reversed	formal-checked	uses:coupling.holonic-cosmological-lambda, uses:coupling.holonic-discrete-leibniz
coupling.holonic-coarse-receiver-no-factor	receiver, compression	coarse(x) = coarse(y) ∧ surface(x) ≠ surface(y) ⇒ ¬∃f, surface = f∘coarse	a surface reading that separates two sources equal to a coarse receiver cannot factor through that receiver	any types	L:Millennium/HolonicGranularBoundaryRadiation:separated_surface_cannot_factor_through_coarse_receiver; L:Millennium/HolonicComposition:richerReceiver_reopens_firstCoordinateFibre	counterexample	instance-of:compression.kernel, obstructs:info.standing-quotient
coupling.holonic-invariant-storage-nilpotent	constitution	B additive, N² = 0, B(x+Nx, y+Ny) = B(x,y) ⇒ B(Nx,Nx) = 0	an invariant storage form makes a square-zero monodromy defect null, so definite invariant storage forbids a nonzero square-zero defect	additive groups	L:Millennium/HolonicInteractionExterior:invariantStorage_makesSquareZeroDefectNull	formal-checked	uses:coupling.holonic-interaction-exterior
coupling.holonic-strict-response-production	contact	r strictly monotone ⇒ 0 < (t − s)(r(t) − r(s)) ⇔ t ≠ s	a strictly monotone response produces strictly positive interaction entropy exactly on an actual difference	strictly ordered ring	L:Millennium/HolonicEntropyActionInduction:strictMonotoneDifference_product_pos_iff; L:Millennium/HolonicEntropyActionInduction:interactionProduction_eq_zero_iff_of_strict	formal-checked	uses:coupling.holonic-thermal-stretch-turn
coupling.holonic-force-jet-dimension	receiver, navigator	dim(d^k F / dt^k) = mass + lengthJet([t_src, t_rcv] ++ tail); time words concatenate additively in dimension	a force derivative's typed dimension is mass plus the length jet over its full time word	typed-origin time axes	L:Millennium/HolonicPantographicSwingJets:forceDerivativeDimension_eq_mass_add_lengthJetDimension; L:Millennium/HolonicPantographicSwingJets:timeWordDimension_append	formal-checked	uses:coupling.holonic-typed-origin-dimensions
bsd.central-value-theta-normalization	ratio, receiver	Γ_∞(p)·L_W(1) = ∫₀^∞ θ_p(t) dt; hence 2L_W(1) = c²·Ω_p ⇔ 2∫₀^∞θ_p = c²·Γ_∞(p)·Ω_p	the completed central value of the family witness is the plain theta integral, so the central ratio L(1):Ω is a theta-integral identity	p odd prime, c∈ℤ, W = family witness at p	L:Millennium/FamilyCentralRatio:theWitnessCentralValueHasExactThetaNormalization; L:Millennium/FamilyCentralRatio:centralRatio_iff_exactThetaIdentity	formal-checked	uses:bsd.family-theta-fe
bsd.central-theta-fold-at-one	ratio, landmark	p≡3 (mod 8): w_p=+1, ∫₀^∞θ_p = 2∫₁^∞θ_p = 2·S_p, Γ_∞(p)·L(1) = 2·S_p with S_p the explicit Gaussian lattice class sum	on the positive-sign branch the central integral folds at the scale fixed point t=1 into twice an explicit lattice sum	p prime, p≡3 mod 8	L:Millennium/FamilyCentralRatio:theRootNumberIsPositiveOnTheThreeModEightBranch; L:Millennium/FamilyCentralRatio:theCentralThetaIntegralIsTwiceTheTail; L:Millennium/FamilyCentralRatio:theWitnessCentralValueHasExactLatticeSumNormalization	formal-checked	uses:bsd.central-value-theta-normalization, uses:bsd.theta-reflection-fixed-point
bsd.waldspurger-tunnell-lattice-gate	ratio, receiver	2L(1) = c²·Ω_p ⇔ 4·S_p = c²·Γ_∞(p)·Ω_p (one explicit Gaussian lattice identity)	the Waldspurger–Tunnell central-ratio gate on the branch is exactly one explicit lattice identity; the Waldspurger input itself is not postulated	p prime, p≡3 mod 8, c∈ℤ	L:Millennium/FamilyCentralRatio:centralRatio_iff_explicitLatticeIdentity	formal-checked	uses:bsd.central-theta-fold-at-one, uses:bsd.waldspurger-defect-theta-gate
bsd.class-pigeonhole	compression, receiver	#α > (4n+1)² ⇒ ∀f:α→E_n(ℚ), ∃a≠b, f(a)−f(b) ∈ 2E_n(ℚ)	the descent face image lives in a (4n+1)²-cell square-class box, so any larger population collides modulo doubles	E_n: y²=x³−n²x, n≥1	L:Millennium/FamilyCollision:theClassesCollideAtEveryModulus	formal-checked	uses:bsd.face-homomorphism, uses:bsd.two-descent-exact, uses:bsd.slot-support-discriminant
bsd.torsion-trio-separated	receiver, landmark	0, (0,0), (n,0) are pairwise ≢ mod 2E_n(ℚ); refusals carried by sgn(−n²), 2∉(ℚ*)² against 2n², and sgn(−n³)	the three half-turn landmarks are pairwise separated by the descent face at every modulus	n≥1	L:Millennium/FamilyCollision:theTorsionTrioDoesNotCollideAtEveryModulus	formal-checked	uses:bsd.face-homomorphism
bsd.divisor-count-rank-bound	compression, receiver	4·τ(2n)² < 3·2^r ⇒ rank E_n(ℚ) < r; n odd squarefree ⇒ rank ≤ 2ω(n)+2; n odd prime ⇒ rank ≤ 4	slot classes live on the signed divisors of 2n, so the rank is bounded by the divisor count of the modulus	n≥1; squarefree/odd where stated	L:Millennium/FamilyDivisorRank:theAlgebraicRankIsBoundedByTheDivisorCount; L:Millennium/FamilyDivisorRank:theRankIsBoundedByTheOmegaOfASquarefreeModulus; L:Millennium/FamilyDivisorRank:theRankIsAtMostFourAtAnyOddPrime	formal-checked	uses:bsd.class-pigeonhole, uses:bsd.slot-support-discriminant
bsd.family-duplication-identity	navigator, tower	Σ_{e<p,d<2p} w_p(e,d)·sinK_{(4e+1)/4p}(y)·cosK_{d/2p}(y) = 32p²·χ_p(2)·Σ w_p(e,d)·oddK_{(4e+1)/4p}(32p²y)·evenK_{d/2p}(32p²y)	the theta transformation of the congruent-number family is finite arithmetic: the lattice fold rescales y by 32p² and deposits the family sign χ_p(2)	p odd prime, y>0	L:Millennium/FamilyDuplication:theFamilyDuplicationIdentity	formal-checked	uses:bsd.family-phase-collapse, uses:arith.theta-jacobi
bsd.face-homomorphism	receiver, compression	φ(P)=(x, x−n) mod (ℚ*)², φ((0,0))=(−n², ·), φ((n,0))=(·, 2n²); φ(P+Q) ~ φ(P)·φ(Q) slotwise	the two-descent face is a homomorphism from the whole point group into square classes, family-wise	y²=x³−n²x, n≠0 (FamilyFace) / n>0 (FamilyHom)	L:Millennium/FamilyFace:theFaceIsAHomomorphismOnEveryTwist; L:Millennium/FamilyHom:theFaceIsAHomomorphismAtEveryModulus	formal-checked	instance-of:compression.kernel, generalizes:bsd.face-homomorphism-route-curves
bsd.doubling-slots-are-squares	receiver	x(2Q)·4y² = (x²+n²)², (x(2Q)−n)·4y² = (x²−2nx−n²)²; x(2Q) ∉ {0, n, −n}	both descent slots of a doubled point are literal rational squares, and a double is never a half-turn (else 2 would be a square)	y²=x³−n²x, y≠0, n≠0	L:Millennium/FamilyFace:theDoubledSlotsClearOnEveryTwist; L:Millennium/FamilyFace:theDoubledPointIsNeverAHalfTurnOnEveryTwist; L:Millennium/FamilyImage:theDoublesLandInTheKernelAtEveryModulus	formal-checked	uses:bsd.face-homomorphism
bsd.half-turn-translations	swing, receiver	x(P+(0,0)) = −n²/x, x(P+(n,0)) = n(x+n)/(x−n), x(P+(−n,0)) = n(n−x)/(x+n); the face law closes on each	translation by a 2-torsion point is an explicit Möbius half-turn of the abscissa and respects the square-class face	y²=x³−n²x, y≠0, n≠0	L:Millennium/FamilyFace:theTranslationsOnEveryTwist; L:Millennium/FamilyFace:theTranslationClosesTheFaceOnEveryTwist; L:Millennium/FamilyFace:theTranslatedPointIsNeverAHalfTurnOnEveryTwist	formal-checked	uses:swing.half-turn
bsd.thirty-four-two-directions	landmark, receiver	on y²=x³−34²x (34=2·17): P₁=(−2,48) ↦ (−2,−36), P₂=(−16,120) ↦ (−16,−50); P₁, P₂, P₁+P₂ ∉ T+2E(ℚ) for T∈E[2]	two free directions and their sum escape every torsion coset of the doubles: rank ≥ 2 in descent form at thirty-four	n=34	L:Millennium/FamilyFace:theFirstDirectionEscapes; L:Millennium/FamilyFace:theSecondDirectionEscapes; L:Millennium/FamilyFace:theSumDirectionEscapes	formal-checked	uses:bsd.face-homomorphism, uses:bsd.thirty-four-rank-two
bsd.five-mod-eight-collapse	compression, receiver	p≡5 (mod 8): χ_p(−1)=1, χ_p(2)=χ_p(−2)=−1; the 64 descent cells collapse to 8 (4 torsion cells + 1 coset); 3·2^r ≤ 8 ⇒ rank E_p ∈ {0,1}	on the five-mod-eight branch the residue reads alone squeeze the rank to at most one	p prime, p≡5 mod 8	L:Millennium/FamilyFiveDescent:theSlotClassesCollapseOnTheFiveModEightBranch; L:Millennium/FamilyFiveDescent:theRankIsAtMostOneAtEveryFiveModEightPrime; L:Millennium/FamilyFiveDescent:theRankIsZeroOrOneAtEveryFiveModEightPrime	formal-checked	uses:bsd.class-pigeonhole, uses:bsd.residue-read
bsd.split-chart-rotation	navigator, receiver	Σ_{r,s∈F} χ(r²−s²)·ψ(ξr+ηs) = χ(ξ²−η²)·g(χ,ψ)²; at F=ℤ/p, p≡1 mod 4: g²=p	one rotation (r,s)↦(r+s,r−s) of the split chart factors the double character sum into two twisted Gauss sums	F finite, char F ≠ 2, χ nontrivial quadratic, ψ additive (primitive at ℤ/p)	L:Millennium/FamilyGauss:theSplitChartRotationAtEveryModulus; L:Millennium/FamilyGauss:theFamilyEigenIdentityOnTheSplitResidues	formal-checked	uses:swing.compose-translation
bsd.sum-of-squares-eigenidentity	navigator, receiver	Σ_r ψ(tr²+ξr) = ψ(−ξ²/4t)·χ(t)·g(χ,ψ); Σ_{r,s} χ(r²+s²)·ψ(ξr+ηs) = p·χ(ξ²+η²)	completing the square removes the split-residue wall: the sum-of-squares eigenidentity holds at every odd prime, split or inert	p odd prime, ψ primitive, t≠0	L:Millennium/FamilyOddGauss:theSquareCompletedSum; L:Millennium/FamilyOddGauss:theSumOfSquaresEigenIdentityAtEveryOddPrime	formal-checked	generalizes:bsd.split-chart-rotation
bsd.residue-read	receiver	χRead_p(z) = χ_p(num z·den z); z ~ d mod squares ⇒ χRead_p(z) = χ_p(d); v_p(z−z')>0 ⇒ χRead_p(z)=χRead_p(z')	the quadratic character read through the residue field sees square classes and is constant on residue classes	p odd prime, v_p(z)=0, p∤d	L:Millennium/FamilyGenocchi:chiRead_of_sqcls; L:Millennium/FamilyGenocchi:chiRead_congr	formal-checked	
bsd.genocchi-three-mod-eight	compression, receiver, landmark	p≡3 (mod 8): χ_p(−1)=χ_p(2)=−1; the coset cell (−2,−2) is refused at two; ∀P ∃Q,T: 2T=0 ∧ P=2Q+T; rank E_p(ℚ)=0	Genocchi's law family-wise: on the three-mod-eight branch every point is a double plus a half-turn, so the rank vanishes	p prime, p≡3 mod 8	L:Millennium/FamilyGenocchi:theCosetCellIsRefusedAtTwo; L:Millennium/FamilyGenocchi:theDescentStepOnTheThreeModEightBranch; L:Millennium/FamilyGenocchi:theGenocchiLawHoldsOnTheThreeModEightBranch	formal-checked	uses:bsd.residue-read, uses:bsd.two-descent-exact
bsd.halving-certificate	ratio	s²=r²−n, t²=r²+n, u=(r+s)(r−t), v=u(s−t) ⇒ v²=u³−n²u, (3u²−n²)² = (r²+2u)(2v)², and r+s, r−t, s−t ≠ 0 when n≠0	a point with square slots is halved by an explicit assembly; the tangent double of the half point returns abscissa r²	n,r,s,t∈ℚ	L:Millennium/FamilyHalving:theHalfPointLiesOnTheCurveAtEveryModulus; L:Millennium/FamilyHalving:theTangentSquareLawAtEveryModulus; L:Millennium/FamilyHalving:theHalfPointFactorsDoNotVanishAtEveryModulus; L:Millennium/FamilyHalving:theTangentOrdinateLawAtEveryModulus	formal-checked	uses:ratio.inversion-fibre
bsd.two-descent-exact	compression, receiver	(φ₁(P)~1 ∧ φ₂(P)~1) ⇔ ∃Q, 2Q=P, i.e. ker φ = 2E_n(ℚ)	the kernel of the descent face is exactly the doubles, family-wise	y²=x³−n²x, n>0	L:Millennium/FamilyImage:theTwoDescentIsExactAtEveryModulus; L:Millennium/FamilyKernel:theKernelIsTheDoublesAtEveryModulus	formal-checked	instance-of:compression.kernel, uses:bsd.halving-certificate, uses:bsd.doubling-slots-are-squares
bsd.duplication-height-growth	ratio	hgt(u)⁴ ≤ 16n⁶·hgt((u²+n²)²/(4u(u²−n²))), from (16n²q²−12p²)q·A + (5n²pq²+3p³)·B = 16n⁶·q⁷	duplication grows the naive height quartically, with cancellation only at the bad primes (dividing 16n⁶)	n≥1, u=p/q≠0, u²≠n²	L:Millennium/FamilyHeight:theDuplicationGrowsTheHeightAtEveryModulus	formal-checked	
bsd.chord-root-height-bound	ratio	hgt(x(P+R)) ≤ 2L²·hgt(x(P))², L = |α|+n²β, x_R = α/β	translation by a fixed representative grows the height only quadratically; quartic against quadratic is the descent contraction	n≥1, β>0, x≠x_R	L:Millennium/FamilyHeight:theChordRootIsBoundedAtEveryModulus	formal-checked	uses:bsd.duplication-height-growth
bsd.log-rank-bound	compression	(4n+1)² < 3·2^r ⇒ rank E_n(ℚ) < r, so rank E_n(ℚ) = O(log n)	the 2^r sign vectors of r free directions times the torsion trio exceed the class box: the family rank is logarithmic in the modulus	n≥1	L:Millennium/FamilyLogRank:theAlgebraicRankIsLogarithmicallyBoundedAtEveryModulus	formal-checked	uses:bsd.class-pigeonhole, uses:bsd.torsion-trio-separated
bsd.mordell-weil-every-modulus	compression, holarchy	E_n(ℚ) is finitely generated; descent threshold hgt > 16n⁶·C + 4n + H₀ contracts the half below the point	the family Mordell–Weil theorem: finite face image + exact kernel + height contraction generate the group from finitely many bounded-height points	n≥1	L:Millennium/FamilyMordell:theMordellWeilTheoremAtEveryModulus	formal-checked	uses:bsd.slot-support-discriminant, uses:bsd.face-homomorphism, uses:bsd.two-descent-exact, uses:bsd.duplication-height-growth, uses:bsd.chord-root-height-bound
bsd.odd-prime-sixteen-cells	compression, receiver	p odd prime: slot classes collapse to 16 cells (valuation parity at p, uniform two-adic kill, archimedean sign); 3·2^r ≤ 16 ⇒ rank E_p ≤ 2	the character-free collapse is exactly the generic 2-Selmer bound: rank at most two at every odd prime	p odd prime	L:Millennium/FamilyOddDescent:theSlotClassesCollapseAtEveryOddPrime; L:Millennium/FamilyOddDescent:theRankIsAtMostTwoAtEveryOddPrime	formal-checked	uses:bsd.class-pigeonhole
bsd.rank-clause-forces-branches	receiver, ratio	TheRankClause ⇒ (p≡3 mod 8 ⇒ ord_{s=1}L = 0) ∧ (p≡5,7 mod 8 ⇒ rank E_p ≥ 1 ∧ rank = ord = 1)	the posed rank clause pins the analytic side where the algebraic side is proved, and demands a point of infinite order where the analytic side is proved	p prime; conditional on TheRankClause for the family witness	L:Millennium/FamilyPairing:theConjectureForcesAnalyticRankZeroOnTheThreeModEightBranch; L:Millennium/FamilyPairing:theConjectureForcesAPointOfInfiniteOrderOnTheOddSignBranches; L:Millennium/FamilyPairing:theConjectureIsSqueezedToASinglePointOnTheOddSignLocus	formal-checked	uses:bsd.rank-clause, uses:bsd.genocchi-three-mod-eight, uses:bsd.odd-sign-central-vanishing
bsd.unconditional-rank-dial	compression, landmark	p odd prime: p≡1 (8) ⇒ rank ≤ 2; p≡3 ⇒ rank = 0; p≡5 ⇒ rank ≤ 1; p≡7 ⇒ rank ≤ 1	the residue of p mod 8 is a dial that sets the unconditional rank ceiling of y²=x³−p²x	p odd prime	L:Millennium/FamilyPairing:theUnconditionalRankDial	formal-checked	uses:bsd.odd-prime-sixteen-cells, uses:bsd.genocchi-three-mod-eight, uses:bsd.five-mod-eight-collapse, uses:bsd.seven-mod-eight-collapse
bsd.parity-three-mod-eight	landmark	p≡3 (mod 8): rank E_p = 0 ∧ (−1)⁰ = w_p = +1	the parity conjecture holds on the three-mod-eight branch; the odd-sign branches reduce exactly to the congruent-number question (rank 1 ⇔ rank ≥ 1)	p prime	L:Millennium/FamilyPairing:theParityConjectureHoldsOnTheThreeModEightBranch; L:Millennium/FamilyPairing:theOddSignBranchesReduceToASinglePoint; L:Millennium/FamilyPairing:theRootNumberIsPlusOneOnTheThreeModEightBranch	formal-checked	uses:bsd.sign-law
bsd.real-period-beta	ratio, landmark	Ω₁ = 2∫₁^∞ dx/√(x³−x) = B(¼,½); Γ(¼)Γ(½) = Γ(¾)·Ω₁; 2π·Ω₁² = Γ(¼)⁴; Γ(¼)Γ(¾) = π√2; Ω_n = Ω₁/√n ≠ 0	the real period of y²=x³−x is Euler's Beta value, a constraint identity in the Gamma currency, and scales as n^{−1/2} across the family	n≥1	L:Millennium/FamilyPeriod:theRealPeriodIsTheBetaValue; L:Millennium/FamilyPeriod:theRealPeriodGammaRelation; L:Millennium/FamilyPeriod:theRealClosedForm; L:Millennium/FamilyPeriod:theQuarterReflection; L:Millennium/FamilyPeriod:theRealPeriodScalesByTheInverseRoot	formal-checked	
bsd.prime-modulus-rank-four	compression	n prime: slot classes ∈ {±1,±2,±n,±2n}, face image ≤ 64 = 2⁶ cells; 64 < 3·2^r ⇒ rank < r; rank E_n ≤ 4	at a prime modulus the divisor lattice has four rungs and the rank is uniformly at most four	n prime	L:Millennium/FamilyPrimeRank:theClassesCollideAtEveryPrimeModulus; L:Millennium/FamilyPrimeRank:theRankIsAtMostFourAtEveryPrimeModulus	formal-checked	specializes:bsd.divisor-count-rank-bound
bsd.binary-quadratic-projective-zeros	swing, receiver	#{[x:y]∈P¹(𝔽_p): Ax²+Bxy+Cy²=0} = 1 + χ_p(B²−4AC)	the projective zero population of a binary quadratic form is one plus the character of its discriminant, via the exact swing t ↦ 2Ct+B	p odd prime, (A,B,C)≠0	L:Millennium/FamilyProjectiveBinaryQuadratic:binaryProjectiveZeros_card_cast	formal-checked	uses:swing.half-turn
bsd.rank-bounded-every-modulus	compression	rank E_n(ℚ) < (4n+1)²	the rank side is a finite, effectively bounded quantity at every modulus	n≥1	L:Millennium/FamilyRank:theAlgebraicRankIsBoundedAtEveryModulus	formal-checked	uses:bsd.mordell-weil-every-modulus, uses:bsd.class-pigeonhole
bsd.rank-clause-is-one-nonvanishing	ratio, receiver	p≡3 (mod 8): TheRankClause(p, W_p) ⇔ L_p(1) ≠ 0; LatticeCountDatum: L(1):Ω = c²:2 with c odd ⇒ L(1) ≠ 0	on the three-mod-eight branch the whole rank clause is one nonvanishing, and a ratio to the curve's own period that is the square of an odd lattice count decides it	p prime, p≡3 mod 8	L:Millennium/FamilyRatio:theRankClauseOnTheThreeModEightBranchIsExactlyTheNonvanishing; L:Millennium/FamilyRatio:theCentralRatioIsTheSquareOfALatticeCount; L:Millennium/FamilyRatio:theRankClauseHoldsOnTheThreeModEightBranch	formal-checked	uses:bsd.genocchi-three-mod-eight, instance-of:ratio.div-rem
bsd.tail-integral-lattice-sum	ratio	∫₁^∞ θ_p = Σ_{q: q₁+q₂≡1 (4), 2|q₂} q₁·χ_p(q₁²+q₂²)·e^{−α_p|q|²}/(α_p|q|²); each class contributes ∫₁^∞e^{−ct}dt = e^{−c}/c	the theta tail integrates class by class to exponential quotients, with a lawful sum–integral interchange	p odd prime	L:Millennium/FamilyRatio:theTailIntegralIsTheLatticeSum; L:Millennium/FamilyRatio:theClassContributesItsExponentialQuotient; L:Millennium/FamilyRatio:theInterchangeIsLawful	formal-checked	uses:bsd.central-theta-fold-at-one
bsd.rank-clause-needs-only-ratio	ratio	p≡3 (mod 8), SF(p,B) = 4c, 2L(1) = c²·Ω_p ⇒ TheRankClause	the rank clause on the branch needs only the ratio identity with the finite signed census	p prime, p ≤ B	L:Millennium/FamilyRatio:theRankClauseNeedsOnlyTheRatio	formal-checked	uses:bsd.rank-clause-is-one-nonvanishing
bsd.seven-mod-eight-collapse	compression, receiver	p≡7 (mod 8): χ_p(−1)=−1, χ_p(2)=1, χ_p(−2)=−1; v₂ parity kill: the first slot never carries 2; cells (1,1),(1,2),(−1,−p),(−1,−2p),(p,1),(p,2),(−p,−p),(−p,−2p); rank ∈ {0,1}	on the other odd-sign branch the uniform two-adic kill collapses the descent to eight cells: rank at most one	p prime, p≡7 mod 8	L:Millennium/FamilySevenDescent:theSlotClassesCollapseOnTheSevenModEightBranch; L:Millennium/FamilySevenDescent:theFirstSlotIsOddAtEveryOddPrime; L:Millennium/FamilySevenDescent:theRankIsZeroOrOneAtEverySevenModEightPrime	formal-checked	uses:bsd.class-pigeonhole
bsd.slot-support-discriminant	receiver, compression	∀P ∃d₁,d₂∈ℤ∖0: |dᵢ| ∣ 2n ∧ φᵢ(P) ~ dᵢ mod (ℚ*)²	off the primes of 2n the root differences n, −n, 2n are units, so both slot valuations are even and the face image is a finite box computable from the modulus	n≥1	L:Millennium/FamilySupport:theSlotClassesAreSupportedAtEveryModulus	formal-checked	uses:bsd.face-homomorphism
bsd.family-theta-fe	navigator, tower	θ_p(1/x) = χ_p(2)·x²·θ_p(x) (p≡1 mod 4); at every odd prime θ_p(1/x) = (−1)^{(p−1)/2}·χ_p(2)·x²·θ_p(x); χ_p(2) = +1 iff p≡±1 mod 8	the family theta is a weight-two, level-32p² theta whose reflection sign is the second supplement of reciprocity	p odd prime, x>0	L:Millennium/FamilyThetaFE:theFamilyThetaFunctionalEquation; L:Millennium/FamilyThetaFE:theFamilyThetaFunctionalEquationAtEveryOddPrime; L:Millennium/FamilyThetaFE:theFamilySignIsTheSecondSupplement	formal-checked	uses:bsd.family-duplication-identity, uses:arith.theta-jacobi
bsd.completed-l-entire-fe	navigator, tower	Λ_p = Mellin(θ_p) entire, Λ_p(2−s) = (−1)^{(p−1)/2}·χ_p(2)·Λ_p(s)	the completed L-function of y²=x³−p²x is entire with the classical root number, built from the theta reflection	p odd prime	L:Millennium/FamilyThetaFE:theCompletedLFunctionIsEntireAtEveryOddPrime; L:Millennium/FamilyThetaFE:theCompletedFunctionalEquationAtEveryOddPrime; L:Millennium/FamilyThetaFE:theCompletedFunctionalEquationAtEverySplitPrime	formal-checked	uses:bsd.family-theta-fe
bsd.odd-sign-central-vanishing	landmark	p≡5,7 (mod 8) ⇒ w_p = −1 ⇒ Λ_p(1) = 0	the odd hand forces the central value to vanish on the whole odd-sign locus	p prime	L:Millennium/FamilyThetaFE:theOddHandForcesTheCentralVanishingOnTheOddSignBranches; L:Millennium/FamilyThetaFE:theOddHandForcesTheCentralVanishingOnTheFiveModEightFamily	formal-checked	uses:bsd.completed-l-entire-fe, uses:bsd.sign-law
bsd.family-phase-collapse	navigator, receiver	Σ_{e<p,d<2p} phase_p(n,m,e,d) = 2p·i^{pn}·[m odd]·χ_p(n²+m²)	the 2p² dual-side phases of the p×2p grid collapse through the eigenidentity; on the inert branch the conjugate quarter-turn flips the sign to −χ_p(2)	p odd prime (i^{pn}=i^n on p≡1 mod 4)	L:Millennium/FamilyThetaOdd:theFamilyPhaseCollapseAtEveryOddPrime; L:Millennium/FamilyTheta:theFamilyPhaseCollapseAtEverySplitPrime	formal-checked	uses:bsd.sum-of-squares-eigenidentity, uses:bsd.split-chart-rotation
bsd.waldspurger-defect-theta-gate	ratio, receiver	signedTernary(p) = 2·thick − thin = tunnellThetaCoef(p) for 2x²+y²+8z²=p; waldspurgerTunnellDefect(p)=0 ⇔ 2∫₀^∞θ_p = Γ_∞(p)·(coefficient)²·(period)	the signed ternary census is the Tunnell theta coefficient, and the remaining Waldspurger port is one Poisson-theta/coefficient identity, characterized not proved	p prime, p≡3 mod 8	L:Millennium/FamilyThetaWaldspurgerBridge:canonicalSignedTernaryCount_eq_tunnellThetaCoefficient; L:Millennium/FamilyThetaWaldspurgerBridge:waldspurgerTunnellDefect_eq_zero_iff_theta_coefficient_identity	formal-checked	uses:bsd.central-value-theta-normalization
bsd.tunnell-admissible-order	receiver	R = ℤ[i] + 4·O_B (O_B Hurwitz); q=(a,b,c,d) ∈ R ⇔ ∃r,u∈ℤ: d = 2r ∧ c = 2r + 4u; R is closed under quaternion multiplication; R^× = {±1, ±i}, #R^× = 4 = 2²	the admissible Hamilton order behind the Tunnell–Brandt action at the class [−1] is an explicit noncommutative subring with four units	integral Hamilton quaternions	L:Millennium/FamilyTunnellAdmissibleOrder:inTunnellOrder_iff_coordinates; L:Millennium/FamilyTunnellAdmissibleOrder:mem_tunnellAdmissibleOrder_iff; L:Millennium/FamilyTunnellAdmissibleOrderUnits:admissibleOrder_unit_card	formal-checked	
bsd.brandt-two-class-test-vector	receiver, landmark	Q₁ = 2x²+y²+32z², Q₂ = 2x²+4y²+4yz+9z² = 2x²+(2y+z)²+8z²; fullTunnellCoef(n) = tunnell(n) − 2·thick(n) + thin(n) = #{Q₁=n} − #{Q₂=n}	the complete integral Tunnell coefficient is the difference of two same-genus lattice populations: the Brandt test vector	n∈ℕ	L:Millennium/FamilyTunnellBrandtTwoClassInterchange:fullTunnellThetaCoefficient_eq_classDifference; L:Millennium/FamilyTunnellBrandtTestVector:fullTunnellThetaCoefficient_eq_brandtDifference; L:Millennium/FamilyTunnellThetaCarrier:fullTunnellThetaCoefficient	formal-checked	uses:bsd.tunnell-theta-carrier
bsd.two-class-interchange	receiver	2×2 integer neighbor action with common row aperture: off-diagonals interchange, diagonals agree, and A(r₁,r₂)_diff = λ·(r₁−r₂), λ = diagonal − off-diagonal	on two retained classes the signed class difference is an eigen-current of any aperture-balanced neighbor action	typed interface; no Brandt matrix or Hecke law asserted	L:Millennium/FamilyTunnellBrandtTwoClassInterchange:TwoClassNeighborAction.differenceReturn_eq_calibration_mul; L:Millennium/FamilyTunnellBrandtTwoClassInterchange:TwoClassNeighborAction.matrix_offDiagonal_interchange	formal-checked	
bsd.calibrated-interchange-hecke	receiver, landmark	aperture = p+1 ∧ #normOne = 2·diag₁ ∧ (∀n: oddReturn_p(n) = C.diff(#{Q₁=n}, #{Q₂=n})) ⇒ ∀n: oddReturn_p(n) = a_p · fullTunnellCoef(n)	the proved Jacobi/Huard source forces the Brandt calibration to be the Hecke coefficient a_p; only the geometric source return stays a hypothesis	p odd prime; conditional on the classified source return	L:Millennium/FamilyTunnellBrandtCalibratedInterchange:oddTunnellNeighborReturn_eq_heckeCoeff_mul_of_classified_source; L:Millennium/FamilyTunnellBrandtCalibratedInterchange:normOneSignedCalibration_of_classified_census	formal-checked	uses:bsd.two-class-interchange, uses:bsd.jacobi-huard-closure
bsd.brandt-prime-residual	receiver, landmark	signedCensus_p = #prim{Q₁(m)=p²} + 2(χ_p(−1)+1) − (p+1) = #normOneNeighbors_p − (p+1); signedCensus_p = a_p ⇔ #prim{Q₁=p²} = p+1+a_p − 2(χ_p(−1)+1); eigenDefect_p = 0 ⇔ primitiveTraceDefect_p = 0	the odd-prime Brandt eigenlaw is exactly one primitive prime-square census, with a_p replaced by the Frobenius trace of y²=x³−x; the defect is retained until its census closes	p odd prime; reduction step (the census identity is closed in FamilyTunnellJacobiHuardClosure)	L:Millennium/FamilyTunnellBrandtPrimeResidual:brandtPrimeSignedCensus_eq_primitive_character; L:Millennium/FamilyTunnellBrandtPrimeResidual:brandtPrimeSignedCensus_eq_neighbor_population_sub_aperture; L:Millennium/FamilyTunnellBrandtPrimeResidual:brandtPrimeSignedCensus_eq_heckeCoeff_iff; L:Millennium/FamilyTunnellBrandtPrimeResidual:brandtPrimeEigenDefect_eq_zero_iff	formal-checked	uses:bsd.middle-zero-directions, instance-of:compression.cokernel, uses:bsd.brandt-eigendefect-vanishes
bsd.brandt-neighbor-aperture	tube, receiver	#{projective isotropic directions of Q_i mod p} = p+1 per class; #BrandtNeighborOccurrence = 2(p+1); each direction lifts to v with p² | Q(v), neighbor norms integral	the complete odd-prime neighbor world tube has aperture p+1 per class	p odd prime	L:Millennium/FamilyTunnellBrandtNeighborWorldTube:brandtNeighborOccurrence_card; L:Millennium/FamilyTunnellBrandtKneserReverse:firstNeighborPopulation_card; L:Millennium/FamilyTunnellBrandtNeighbors:brandtSecondProjectiveDirection_card; L:Millennium/FamilyTunnellBrandtNeighbors:prime_dvd_baseBrandtSecondDirectionLift_norm	formal-checked	uses:bsd.binary-quadratic-projective-zeros
bsd.brandt-second-thin-chart	receiver, swing	Y = 2y+z: Q₂(x,y,z) ↦ 2x²+Y²+8z²; det 2, so invertible over every odd residue field but not an integral rebase at 2	the cross-term lattice has the same complete odd-prime neighbor aperture as the thin diagonal lattice, with the two-adic distinction retained	p odd prime	L:Millennium/FamilyTunnellBrandtNeighbors:reducedTunnellQuadratic_brandtSecondToThinMod; L:Millennium/FamilyTunnellBrandtNeighbors:brandtSecondToThinMod_thinToBrandtSecondMod	formal-checked	
bsd.brandt-destination-insufficiency	receiver	Q₃ = x²+y²+64z²: det(½-polar) = 64 = 2⁶, det(full polar) = 512 = 2⁹, positive definite, yet ≇ Q₁, Q₂ (norm-one fibres 4, 2, 0); positive diagonal det-64 faces a≤b≤c are exactly (1,1,64),(1,2,32),(1,4,16),(1,8,8),(2,2,16),(2,4,8),(4,4,4)	determinant, rank, integrality and positivity do not classify a returned neighbor into the two Brandt classes	integral ternary forms	L:Millennium/FamilyTunnellBrandtDestinationReduction:determinant_positive_destination_insufficiency; L:Millennium/FamilyTunnellBrandtDestinationReduction:ordered_positive_diagonal_det64_partition	counterexample	obstructs:bsd.jones-pall-reduction
bsd.brandt-local-global-separation	receiver, tower	∀v mod p: Q₂(φ_p v) = Q₁(v), yet ¬∃e∈GL₃(ℤ): Q₂∘e = Q₁ (Q₁ represents 1 at (0,±1,0), Q₂ never represents 1)	the two Brandt classes are equivalent at every odd prime but globally separated: a local chart cannot identify them	p odd prime	L:Millennium/FamilyTunnellBrandtGlobalSeparation:oddPrime_local_equivalence_global_separation; L:Millennium/FamilyTunnellBrandtGlobalSeparation:no_integral_receiver_equivalence; L:Millennium/FamilyTunnellBrandtMinkowskiBounds:brandtFirst_minkowski_level_one_classification; L:Millennium/FamilyTunnellBrandtMinkowskiBounds:brandtSecond_minkowski_level_one_classification	counterexample	instance-of:tower.gluing
bsd.brandt-genus-invariants	receiver	det Gram(Q₁) = det Gram(Q₂) = 64 = 2⁶; Q₁, Q₂ positive definite; the odd-prime chart is an additive quadratic isometry	the two Tunnell–Brandt receivers share determinant and positivity, the necessary inputs of a determinant-64 ternary reduction	integral ternary forms	L:Millennium/FamilyTunnellBrandtGenusInvariants:brandtGram_determinants_agree; L:Millennium/FamilyTunnellBrandtGenusInvariants:oddPrime_additive_local_isometry_and_global_separation	formal-checked	
bsd.brandt-mod-four-receiver	receiver	∃m: Q₁(m) ≡ 3, ∃m: Q₂(m) ≡ 3, ∀m: Q₃(m) ≢ 3 (mod 4); every odd-prime neighbor L' has exactly the source representation profile mod 4 and mod 16 (p² ≡ 1 mod 4, p⁴ ≡ 1 mod 16)	a two-adic residue receiver transported by the neighbor construction separates the third determinant-64 form without any destination label	p odd prime	L:Millennium/FamilyTunnellBrandtModFourReceiver:target_mod_four_separator; L:Millennium/FamilyTunnellBrandtModFourReceiver:source_neighbor_mod_four_profile_equivalence; L:Millennium/FamilyTunnellBrandtModFourReceiver:source_neighbor_mod_sixteen_profile_equivalence	formal-checked	uses:bsd.brandt-destination-insufficiency
bsd.jones-pall-reduction	receiver	every actual odd-prime neighbor is an integral positive-definite rank-3 receiver with full-polar det 512 = 2⁹ and is not equivalent to x²+y²+64z²	the neighbor carries all source-independent Jones–Pall input; which of the two genus classes it lands in remains the open destination edge	p odd prime	L:Millennium/FamilyTunnellBrandtJonesPallReduction:occurrence_not_brandtThird_receiver_equivalent; L:Millennium/FamilyTunnellBrandtJonesPallReduction:occurrence_jonesPall_input_packet	formal-checked	uses:bsd.brandt-mod-four-receiver, uses:bsd.brandt-neighbor-discriminant
bsd.jones-pall-normal-form	receiver	(a,b,c,r,s,t) ↔ ax²+by²+cz²+2ryz+2sxz+2txy; companion (2,4,9,−2,0,0) ≅ Q₂ by a proper unimodular sign change; Mᵀ·Gram(source)·M = Gram(companion) with det M = 1 over ℚ, denominator prime to 2·64	the Jones–Pall genus criterion is carried by explicit rational transport data; Eisenstein reduction is a decidable coefficient predicate	rational transports	L:Millennium/FamilyTunnellBrandtJonesPallNormalForm:sourceToCompanion_carries; L:Millennium/FamilyTunnellBrandtJonesPallNormalForm:sourceToCompanion_det_one; L:Millennium/FamilyTunnellBrandtJonesPallNormalForm:companion_isEisensteinReduced	formal-checked	
bsd.brandt-neighbor-rank-three	tower, receiver	pL ⊆ L' ⊆ p⁻¹L; L' ≅ ℤ⁴/ℤg (one retained relation g); L' free of rank exactly 3; L[1/p] = L'[1/p]	a Brandt neighbor is one p-turn from its source, a rank-three lattice presented as the quotient by one relation, equal to the source after inverting p	p odd prime	L:Millennium/FamilyTunnellBrandtNeighborRankThree:BrandtNeighborOccurrence.finite_free_rank_three; L:Millennium/FamilyTunnellBrandtNeighborQuotient:BrandtNeighborOccurrence.relationQuotientEquivNeighbor_exists; L:Millennium/FamilyTunnellBrandtLocalizeAtPrime:prime_smul_source_mem_neighbor; L:Millennium/FamilyTunnellBrandtLocalizeAtPrime:primePowerSaturation_source_iff_neighbor	formal-checked	
bsd.brandt-neighbor-coordinates	receiver, ratio	kernel normal form (p·q + c_Y·y + c_Z·z, y, z) (or (x, p·q + c_Z·z, z)) plus one fractional coordinate: ℤ⁴ ↠ L'; zero fibre ⇒ p | 4th coordinate; ker = ℤ·(−direction, +one p-turn)	every actual neighbor has an exact four-integer coordinate reduction whose only redundancy is one relation	p odd prime, pivot coefficient invertible mod p	L:Millennium/FamilyTunnellBrandtDestinationClassification:BrandtNeighborOccurrence.mem_neighbor_iff_coordinates; L:Millennium/FamilyTunnellBrandtDestinationClassification:brandtNeighborCoordinateHom_zero_fourthCoordinate_dvd; L:Millennium/FamilyTunnellBrandtRelationKernel:BrandtNeighborOccurrence.relationGenerator_exists	formal-checked	uses:ratio.div-rem
bsd.brandt-neighbor-discriminant	receiver	det FullGram(L') = 512·det(C)², |det C| = 1, hence det FullGram(L') = 512 = 2⁹	the neighbor discriminant equals the source discriminant through the covolume-square pullback, without classifying the neighbor	p odd prime	L:Millennium/FamilyTunnellBrandtNeighborDiscriminant:occurrenceFullGram_det_eq_source_det_mul_covolume_sq; L:Millennium/FamilyTunnellBrandtNeighborCommonIndex:occurrenceBasisCoordinateMatrix_det_sq_eq_one; L:Millennium/FamilyTunnellBrandtNeighborCommonIndex:occurrenceFullGram_det_eq_512	formal-checked	
bsd.brandt-common-index	receiver	[L : L∩L'] = [L' : L∩L'] = p; the polar residue functional L → ℤ/p is onto	source and neighbor meet in the retained polar kernel with index p on both sides	p odd prime	L:Millennium/FamilyTunnellBrandtNeighborCommonIndex:occurrencePolarResidueKernel_index; L:Millennium/FamilyTunnellBrandtNeighborCommonIndex:neighborPolarCore_index; L:Millennium/FamilyTunnellBrandtNeighborCommonIndex:occurrencePolarResidueHom_surjective	formal-checked	
bsd.brandt-distinct-directions	receiver	N(d) = N(e) ⇔ d = e for normalized projective directions; the reverse incidence of the outgoing population is unique	the Kneser neighbor map is injective because the fractional generator is retained	p odd prime	L:Millennium/FamilyTunnellBrandtDistinctNeighbors:integralNeighbor_eq_iff_projectiveDirection_eq; L:Millennium/FamilyTunnellBrandtKneserReverse:firstNeighborIncidence_reverse_unique	formal-checked	
bsd.polar-reflection	swing, receiver	τ_h(x) = x − (2B(h,x)/B(h,h))·h: τ_h² = id, B(τ_h x, τ_h y) = B(x,y); for h = v + p·w with p² | Q(v), B(v,w) a p-unit, the denominator carries exactly one p	the local reflection behind a neighbor is an involution preserving the polar form, with exactly one p in its denominator	B symmetric, B(h,h) ≠ 0; p odd prime	L:Millennium/FamilyTunnellBrandtLocalReflection:polarReflection_involutive; L:Millennium/FamilyTunnellBrandtLocalReflection:polarReflection_preserves_form; L:Millennium/FamilyTunnellBrandtLocalReflection:neighbor_reflection_denominator_has_exactly_one_p	formal-checked	uses:swing.half-turn
bsd.hensel-turn	tower	p·q + b·X + p·c·X² = 0 with p ∤ b has an exact root X ∈ ℤ_p; e = v + p·s·w is exactly isotropic and e ≡ v (mod p)	one scalar correction current lifts an isotropic direction mod p to an exact isotropic line over ℤ_p	p odd prime, B(v,w) ≡ 1 mod p	L:Millennium/FamilyTunnellBrandtPadicHensel:exists_exact_correction; L:Millennium/FamilyTunnellBrandtPadicIsotropicLift:occurrenceExactIsotropicLift_quadratic_eq_zero	formal-checked	instance-of:tower.gluing
bsd.padic-hyperbolic-scaling	swing, receiver	(e,f) hyperbolic with B(e,f) a p-adic unit; g: e ↦ p⁻¹e, f ↦ p·f, identity on ⟨e,f⟩^⊥ preserves B	at the defining prime the neighbor is the image of an explicit reciprocal hyperbolic scaling of the source	p odd prime, over ℚ_p³	L:Millennium/FamilyTunnellBrandtPadicHyperbolicPair:occurrenceDefiningPrimeIsometry_preserves_form; L:Millennium/FamilyTunnellBrandtLocalReflection:hyperbolicScale_preserves_form	formal-checked	uses:swing.pantograph
bsd.padic-polar-kernel-base-change	receiver, tower	ℤ_p·ker_ℤ(x ↦ B(x,v) mod p) = {x ∈ ℤ_p³ : p | B(x,v)}, generated by b·e_i − B(e_i,v)·w and p·w (b = B(v,w) a unit)	the integral polar kernel's p-adic span is exactly the completed kernel, reconstructed constructively	p odd prime	L:Millennium/FamilyTunnellBrandtPadicPolarKernelBaseChange:integralPolarKernelPadicSpan_eq_completedOriginalPolarKernel; L:Millennium/FamilyTunnellBrandtPadicCarrierImage:completedOccurrenceNeighborPresentation_carrier_eq; L:Millennium/FamilyTunnellBrandtPadicIntegralRepresentatives:integralPairingCoefficient_isUnit	formal-checked	
bsd.finite-depth-local-receiver	receiver, tower	red_n: L' → (ℤ/pⁿ)³ with red_n = red_{n,m}∘red_m for n ≤ m, and Q transported at every depth; fibres kept as reconstruction fibres	finite-depth local receivers at the defining prime are compatible; the local isometry at p and genus membership stay an explicit open passage	p odd prime, n ≤ m	L:Millennium/FamilyTunnellBrandtFiniteDepthLocal:finiteDepthRestriction_reduce; L:Millennium/FamilyTunnellBrandtFiniteDepthLocal:finiteDepthQuadratic_restriction	formal-checked	uses:info.preimage-fibre
bsd.brandt-unit-weights	receiver	#Aut-transports(Q₁) = #Aut-transports(Q₂) = 8 = 2³, exhaustively classified	both Brandt representatives carry an explicit eight-element integral unit transport fibre: equal weights	integral isometries	L:Millennium/FamilyTunnellBrandtUnitWeights:q₁UnitTransports_card; L:Millennium/FamilyTunnellBrandtUnitWeights:q₂UnitTransports_card; L:Millennium/FamilyTunnellBrandtUnitWeights:equal_explicit_unit_weights; L:Millennium/FamilyTunnellBrandtUnitWeights:exhaustive_unit_classification	formal-checked	
bsd.stabilizer-weight-interchange	receiver	unitWeight₁ = #Aut(q₁), unitWeight₂ = #Aut(q₂) ⇒ offDiagonal₁ = offDiagonal₂ (weighted interchange)	equal classified automorphism weights reduce weighted Brandt self-adjointness to literal two-class interchange; identification with right-order stabilizers is a typed source obligation	conditional on the classified card calibration	L:Millennium/FamilyTunnellBrandtStabilizerWeights:weighted_interchange_of_classified_card_calibration; L:Millennium/FamilyTunnellBrandtStabilizerWeights:q₁_q₂_transport_card_equal	formal-checked	uses:bsd.brandt-unit-weights, uses:bsd.two-class-interchange
bsd.lipschitz-unit-obstruction	receiver	#Lipschitz units = 8; population equivalences exist, but no action-compatible Brandt passage is supplied by the current quaternion owners	equal cardinality of unit and automorphism populations does not identify the Brandt unit groups	integral quaternions	L:Millennium/FamilyTunnellBrandtRightOrderBridge:lipschitzUnitPopulation_card; L:Millennium/FamilyTunnellBrandtRightOrderBridge:firstPopulationEquiv_card	counterexample	obstructs:bsd.stabilizer-weight-interchange
bsd.brandt-quotient-gram	receiver	Q: ℤ⁴/ℤg → ℤ integral; B(x,y) = Q(x+y) − Q(x) − Q(y) symmetric, B(x,x) = 2Q(x), B even so ½B integral; Q(x) = 0 ⇔ x = 0	the cyclic quotient carries an integral positive-definite quadratic receiver with its full polar kept, avoiding an unjustified division by two	p odd prime	L:Millennium/FamilyTunnellBrandtNeighborGram:occurrenceQuotientFullGram_diagonal; L:Millennium/FamilyTunnellBrandtNeighborQuadraticQuotient:occurrenceQuotientQuadratic_eq_zero_iff; L:Millennium/FamilyTunnellBrandtJonesPallNormalForm:occurrenceQuotientFullPolar_even	formal-checked	
bsd.brandt-eigendefect-vanishes	receiver, landmark	∀ odd prime p: brandtPrimeEigenDefect_p = 0, i.e. #prim{2x²+y²+32z² = p²} = p+1+a_p − 2(χ_p(−1)+1)	the odd-prime Brandt eigenlaw of the Tunnell test vector holds unconditionally: Huard–Ou–Spearman–Williams ⇒ level-two divisor convolution ⇒ Jacobi four-square ⇒ primitive census	p odd prime	L:Millennium/FamilyTunnellJacobiHuardClosure:brandtPrimeEigenDefect_eq_zero_proved; L:Millennium/FamilyTunnellPrimeThetaBalance:brandtPrimeEigenDefect_eq_zero_of_jacobi_four_square	formal-checked	uses:bsd.jacobi-four-square, uses:bsd.hopf-theta-balance, uses:bsd.brandt-prime-residual
bsd.jacobi-four-square	landmark, navigator	∀n>0: #{(a,b,c,d)∈ℤ⁴ : a²+b²+c²+d² = n} = 8·Σ_{d|n, 4∤d} d; θ(q)⁴ = completed Lambert series; at an odd prime #{norm-p Hamilton integers} = 8(p+1)	Jacobi's four-square theorem is proved coefficientwise on the complete shell populations, from the Huard level-two source	n ≥ 1	L:Millennium/FamilyTunnellJacobiHuardClosure:totalShellDivisorLaw_proved; L:Millennium/FamilyTunnellJacobiHuardClosure:fullFourSquareTheta_eq_completedLambert_proved; L:Millennium/FamilyTunnellJacobiFourSquareLambert:coeff_jacobiFourSquareLambertSeries_prime	formal-checked	uses:bsd.jacobi-huard-closure, instance-of:arith.theta-jacobi
bsd.jacobi-huard-closure	compression, receiver	HuardOuSpearmanWilliamsFiniteSource (cleared lemma, parity reindexing, off-diagonal cancellation) ⇒ DoubledDivisorConvolutionFormula ⇒ JacobiDivisorConnectionRecurrence ⇒ four-square law ⇒ Brandt defect 0	the serial composition from the finite level-two divisor source to the prime Brandt receiver, each source proposition now proved	finite divisor carriers	L:Millennium/FamilyTunnellJacobiHuardClosure:huardOuSpearmanWilliamsFiniteSource_proved; L:Millennium/FamilyTunnellJacobiHuardClosure:doubledDivisorConvolutionFormula_proved; L:Millennium/FamilyTunnellJacobiHuardLevelTwoSource:doubledDivisorConvolutionFormula_of_finiteSource; L:Millennium/FamilyTunnellJacobiDivisorConvolutionReduction:jacobiDivisorConnectionRecurrence_of_doubled	formal-checked	uses:bsd.huard-level-two-source
bsd.huard-level-two-source	receiver	carrier (a,x,b,y) with m = ax, n−m = by, x ≡ y (mod 2): parity fibres split into even quotients at m/2 and odd ones; the off-diagonal terms cancel by an involution; the oriented six-term evaluation clears a common factor 3	the Huard–Ou–Spearman–Williams equation (4.4) is a finite, summand-preserving reindexing of factorization populations, with no floor division	m < n, positive factorizations	L:Millennium/FamilyTunnellJacobiHuardLevelTwoSource:huardOffDiagonalCancellation_proved; L:Millennium/FamilyTunnellJacobiHuardParityReindexing:huardParityReindexing; L:Millennium/FamilyTunnellJacobiHuardEvaluation:huardLemmaOneCleared_proved; L:Millennium/FamilyTunnellJacobiHuardCarrierBridges:qScaleCarrier_eq_scaledDivisorConvolution	formal-checked	
bsd.huard-divisibility-specialization	receiver	G = divisibility indicator (integer-valued, antisymmetric under the flip); the oriented return expands to six affine transport faces; boundary rows reflect and 6·Σ_{k<N}k² = (N−1)N(2N−1)	the Huard source instantiated at a divisibility indicator returns a finite six-term divisor boundary	finite sums	L:Millennium/FamilyTunnellJacobiHuardSpecialization:specializedG_antisymmetric; L:Millennium/FamilyTunnellJacobiHuardSpecialization:specializedSixTerm_eq_transport_faces; L:Millennium/FamilyTunnellJacobiHuardBoundaryEvaluation:six_mul_sum_range_sq	formal-checked	uses:bsd.huard-level-two-source
bsd.jacobi-divisor-connection	navigator	θ-connection coefficient series = σ − 5·σ(q²) + 4·σ(q⁴) (σ the ordinary divisor series); thetaQuarticConnection = 20·C₂ − 8·C₁ − 8·C₄ (C_k = Euler scale connection)	the logarithmic derivative of the four-square theta is a fixed combination of dilated divisor currents	formal power series over ℤ	L:Millennium/FamilyTunnellJacobiDivisorConvolutionReduction:thetaConnectionCoeffSeries_eq; L:Millennium/FamilyTunnellJacobiFiniteEulerConnection:thetaQuarticConnection_eq_scaleDifference	formal-checked	instance-of:ratio.log-branch
bsd.euler-connection	navigator, ratio	E(f) = Σ n·f_n·Xⁿ (Euler current), E(fg) = E(f)g + fE(g); E(1−X^d) = −d·X^d; HasEulerConnection c f :⇔ E(f) = c·f; finite products add connections; E(f)=E(g) ∧ f₀=g₀ ⇒ f = g	the Euler current is a derivation whose connection (logarithmic derivative) composes additively over products and reconstructs the series from its constant face	formal power series over ℤ	L:Millennium/FamilyTunnellJacobiFourSquareEulerReturn:powerSeriesEulerCurrent_mul; L:Millennium/FamilyTunnellJacobiFourSquareEulerReturn:HasEulerConnection.eq_of_constantCoeff_eq; L:Millennium/FamilyTunnellJacobiFiniteEulerConnection:powerSeriesEulerCurrent_finiteEulerFactor; L:Millennium/FamilyTunnellJacobiFiniteEulerConnection:hasEulerConnection_qPoch_X_pow	formal-checked	instance-of:ratio.log-branch
bsd.completed-euler-body	navigator, tower	coeff_d(∏_{i≥0}(1−X^{k(i+1)})) = coeff_d(∏_{i≤N}(1−X^{k(i+1)})) for d < k(N+1); (q;q)_∞^{(k)} = (odd part)·(q^{2k};q^{2k})_∞; odd⁺·(q;q)_∞·(q⁴;q⁴)_∞ = (q²;q²)_∞²	the completed q-Pochhammer body is reached by exact coefficient stabilization, with parity gluing and the eta crossing proved without division	k ≠ 0	L:Millennium/FamilyTunnellJacobiCompletedEulerConnection:coeff_completedEulerBody_eq_finite; L:Millennium/FamilyTunnellJacobiCompletedEulerConnection:completedEulerBody_paritySplit; L:Millennium/FamilyTunnellJacobiCompletedEulerConnection:completedPositiveOddEulerBody_etaCross; L:Millennium/FamilyTunnellJacobiCompletedEulerConnection:hasEulerConnection_fullFourSquareTheta	formal-checked	uses:bsd.euler-connection
bsd.jacobi-regrading	navigator, receiver	t ↔ k: 4t+1 = (−1)^k(2k+1), (4t+1)² = 1 + 8T_k; weightedQuarterSquareTheta₁ = oriented Jacobi stream = shifted triangular theta; affine regrade n = 1+4d of the Jacobi product diagonal d = k²+k	the quarter-residue theta current is Jacobi's triangular identity after an exact integer↔natural regrading	formal power series over ℤ	L:Millennium/FamilyTunnellJacobiRegrading:jacobiOrientedTheta_eq_shiftedJacobiTriangularTheta; L:Millennium/FamilyTunnellJacobiOrientation:jacobiOrientedTheta_eq_weightedQuarterSquareTheta; L:Millennium/FamilyTunnellJacobiProductReceiver:affineFourRegrade_jacobiProductDiagonalTheta; L:Millennium/FamilyTunnellJacobiEulerCube:jacobiProductDiagonalTheta_eq_infiniteEvenEulerCube	formal-checked	uses:arith.theta-jacobi
bsd.gauss-triangular-factor	navigator	Gauss: Σ_k q^{T_k} = ∏ (1−q^{2n})/(1−q^{2n−1}); Euler distinct/odd cancellation ∏(1+qⁿ)(1−q^{2n−1}) = 1; hopfHeckeThetaCurrent = 8·Σ a_m q^m	the positive Jacobi diagonal returns Gauss's triangular product and the missing quarter-square factor, closing the Hopf–Hecke current law unconditionally	formal power series over ℤ	L:Millennium/FamilyTunnellJacobiGaussFactor:gaussTriangularProduct_eq_theta; L:Millennium/FamilyTunnellJacobiGaussFactor:infiniteDistinctOddCancellation_eq_one; L:Millennium/FamilyTunnellJacobiGaussFactor:hopfHeckeThetaCurrent_eq_eight_mul_heckeCoefficientSeries	formal-checked	uses:bsd.jacobi-regrading, uses:bsd.hopf-theta-census
bsd.four-square-shell-reconstruction	receiver	coeff_n(∏_{i<4} θ_{r_i}) = #{(a,b,c,d): a²+b²+c²+d² = n, residues r_i mod 4}; ambient odd theta coefficient = #{norm-n Hamilton integers} (n odd)	a Cauchy coefficient of four square streams is returned to its complete ordered lattice shell, never left as a nested count	n odd for the ambient face	L:Millennium/FamilyTunnellFourSquareThetaReceiver:coeff_fourQuarterSquareTheta_eq_residueShell_card; L:Millennium/FamilyTunnellFourSquarePrimeCensus:coeff_ambientOddFourSquareTheta_eq_ambientHamiltonPopulation_card; L:Millennium/FamilyTunnellJacobiFourSquareSource:coeff_ambientOddFourSquareTheta_eq_fullFourSquareTheta_of_odd	formal-checked	
bsd.hopf-theta-census	receiver, swing	mod-4 Hopf body = 8B(A+C)(A²+C²+2B²); odd four-square body = 8B(A+C)((A+C)²+4B²); 2·source − ambient = 8B(A+C)(A−C)²; lifted: 2·Θ_Hopf − Θ_ambient = hopfHeckeThetaCurrent	a finite 256-cell residue theorem cuts the norm-p Hopf source out of the four-square shell and lifts exactly to the theta body	A,B,C the residue stream variables	L:Millennium/FamilyTunnellHopfThetaCensus:hopfSourceResiduePolynomial_eq; L:Millennium/FamilyTunnellHopfThetaCensus:hopfResidueDifference_eq; L:Millennium/FamilyTunnellHopfThetaLift:hopfResidueTheta_difference	formal-checked	
bsd.hopf-pivot-return	swing, navigator	α i ᾱ = (a²+b²−c²−d²)i + 2(ad+bc)j + 2(bd−ac)k, N(α i ᾱ) = N(α)²; x = (ad+bc)+(bd−ac), y = a²+b²−c²−d², z = ((ad+bc)−(bd−ac))/4 gives 2x²+y²+32z² = N(α)²	conjugating the pivot i by an integral quaternion is a Hopf Swing onto the first Brandt prime-square sphere	α ∈ ℤ⟨1,i,j,k⟩ on the slice (ad+bc) ≡ (bd−ac) mod 4	L:Millennium/FamilyTunnellQuaternionHopf:normSq_hopfPivotReturn; L:Millennium/FamilyTunnellQuaternionHopf:source_eq_phase_of_same_primitive_return	formal-checked	uses:swing.half-turn
bsd.hopf-phase-fibre	swing, receiver	primitive fibre over m with Q₁(m) = p² is exactly the orbit {α, αi, αi², αi³} (period 4); coprime Gaussian descent: U²+V² = AC, gcd(A,C) = 1 ⇒ spinor factorization exists	each primitive Brandt point has exactly four phase sources, so source counts divide by four without losing the reconstruction fibre	p odd prime	L:Millennium/FamilyTunnellHopfSourceCensus:primitiveHopfSourceFibre_eq_phaseOrbit; L:Millennium/FamilyTunnellHopfSourceCensus:gaussianSpinorFactorization_nonempty_of_coprime; L:Millennium/FamilyTunnellHopfSourceCensus:hopfReconstructionComplete	formal-checked	uses:bsd.hopf-pivot-return, uses:info.preimage-fibre
bsd.hopf-imprimitive-gaussian	receiver, landmark	imprimitive Hopf source = two Gaussian norm-p sheets at (0,±p,0); #{a²+b² = p} = 8 = 2³ if p≡1 (4), 0 if p≡3 (4); the zero-residue prime-square fibre is exactly {(0,p,0),(0,−p,0)}	the imprimitive boundary of the Hopf return is two Gaussian prime shells	p odd prime	L:Millennium/FamilyTunnellHopfImprimitiveCensus:imprimitiveFirstHopfSourcePopulation_eq_gaussian_union; L:Millennium/FamilyTunnellTwoSquarePrimeCensus:twoSquarePrimePopulation_card_of_mod_four_one; L:Millennium/FamilyTunnellPrimeSquareCensus:imprimitiveFirstPrimeSquarePopulation_eq_pair	formal-checked	
bsd.hopf-theta-balance	receiver	Θ_HopfHecke = 8·Σ a_m q^m ∧ #{N(α)=p} = 8(p+1) ⇒ #prim{Q₁ = p²} = p+1+a_p − 2(χ_p(−1)+1)	two theta source laws plus the four-phase fibre and the Gaussian boundary force the primitive Brandt census	p odd prime	L:Millennium/FamilyTunnellPrimeThetaBalance:primitiveFirstPrimeSquarePopulation_card_of_theta_balances	formal-checked	uses:bsd.hopf-phase-fibre, uses:bsd.hopf-imprimitive-gaussian, uses:bsd.gauss-triangular-factor
bsd.hecke-theta-factor-shell	receiver, swing	Σ_{q∈shell(m)} w(q) = a_m, where q = (x,y), x ≡ 1 (4), y even, sign by y mod 4; coeff_n(θ₁^w·(θ₀ − θ₂)) = a_n	reflecting the first coordinate when y ≡ 2 mod 4 returns the quartic Hecke shell: the surviving Hopf factor is the Hecke coefficient stream	m ∈ ℕ	L:Millennium/FamilyTunnellHeckeThetaFactor:sum_heckeFactorWeight_eq_heckeCoeff; L:Millennium/FamilyTunnellHeckeThetaFactor:coeff_weighted_mul_evenDifference_eq_heckeCoeff	formal-checked	uses:bsd.hecke-coefficients
bsd.cubic-residue-census	receiver, landmark	t³−t has exactly the zeros 0, ±1; Σ_t χ_p(t³−t) = p − 3 − 2·#{t : χ_p(t³−t) = −1}; a_p(y²=x³−x) = 2·#N_p + 3 − p; eigenDefect = 0 ⇔ #prim{Q₁=p²} = 2#N_p + 2(1−χ_p(−1))	the Frobenius side of the Brandt residual is two oriented copies of an explicit nonresidue population	p odd prime	L:Millennium/FamilyTunnellCubicResidueCensus:cubicCharacterSum_eq_nonresidue_card; L:Millennium/FamilyTunnellCubicResidueCensus:traceOfFrobenius_eq_cubicNonresidue_card; L:Millennium/FamilyTunnellCubicResidueCensus:brandtPrimeEigenDefect_eq_zero_iff_cubic_census	formal-checked	uses:bsd.gauss-coefficient-jacobsthal
bsd.middle-zero-directions	receiver	directions (1,0,z) of Q₁ = 2x²+y²+32z² isotropic mod p ⇔ z² = −1/16; #{such} = 1 + χ_p(−1)	the middle-zero boundary of the first neighbor conic has signed cardinality 1+χ(−1), derived through the square (1/4)²	p odd prime	L:Millennium/FamilyTunnellMiddleZeroDirections:middleZeroDirections_card_cast	formal-checked	
bsd.norm-one-neighbor-return	receiver	x = m + (a/p)v ∈ L', u = pm + av ⇒ Q(u) = p²·Q(x); Q(x) = 1 ⇒ Q(u) = p², u ≡ a·v mod p on the same direction	every norm-one occurrence in a neighbor returns an integral representation of p² on its projective direction	p odd prime	L:Millennium/FamilyTunnellNormOneReturn:normOneNeighborCoordinate_returns_prime_sq	formal-checked	
bsd.projective-conic-aperture	receiver, swing	Q_c = 2x²+y²+cz², c ≠ 0 mod p: #isotropic directions in charts (1,y,z), (0,1,z) = p+1; nonzero isotropic vectors ≃ directions × 𝔽_p^×; (x,y) ↔ (x−y, x+y) swaps a difference-of-squares fibre with a hyperbola	a nondegenerate ternary conic has p+1 addressed directions, derived by an explicit Swing rather than a packaged conic theorem	p odd prime, c ≠ 0	L:Millennium/FamilyTunnellProjectiveNeighbors:projectiveConicDirections_card; L:Millennium/FamilyTunnellProjectiveNeighbors:nonzeroIsotropicVectorEquivDirectionScalar	formal-checked	uses:swing.compose-translation
bsd.orthogonal-incidence	receiver	#{isotropic directions ⊥ m mod p} = 1 + χ_p(−2c·Q_c(m)); binary discriminant −8c·m_z²·Q_c(m) = (2m_z)²(−2cQ_c(m)); at c = 8, 32 (2c a square) the middle term is χ_p(−Q_c(m))	the middle Hecke layer is projective incidence: directions orthogonal to a residue vector count 1+χ of its norm	p odd prime, c ≠ 0, m ≠ 0 mod p	L:Millennium/FamilyTunnellOrthogonalIncidence:orthogonalProjectiveDirections_card_of_ne_zero	formal-checked	uses:bsd.binary-quadratic-projective-zeros
bsd.hecke-double-count	receiver	#numerator(n) = r(p²n) + χ_p(−n)·r(n) + p·[p²|n]·r(n/p²) for r = thin, thick populations; oddReturn_p(n) = F(p²n) + χ_p(−n)F(n) + p[p²|n]F(n/p²) (F full Tunnell coefficient)	the p-neighbor coefficient double count is exactly the three-term half-integral T(p²) coefficient, built from source populations without an eigenform assumption	p odd prime, n ∈ ℕ	L:Millennium/FamilyTunnellHeckeDoubleCount:thinNeighborNumeratorPopulation_card; L:Millennium/FamilyTunnellHeckeDoubleCount:thickNeighborNumeratorPopulation_card; L:Millennium/FamilyTunnellOddHeckeDoubleCount:oddTunnellNeighborReturn_eq_threeTerm; L:Millennium/FamilyTunnellHeckeIncidence:thin_incidence_defect	formal-checked	uses:bsd.orthogonal-incidence
bsd.hecke-correspondence-carrier	receiver, swing	signed carrier over thick(+2), thin(−1), level-4 thick(−2), level-4 thin(+1) layers × T(p²) layers × Gaussian norm-p shell; total = integral Hecke defect = 2·(half-integral defect); a fixed-point-free weight-reversing involutive Swing on it ⇒ T(p²)-eigenlaw with eigenvalue a_p	the Tunnell eigenlaw is expanded into one finite signed occurrence population whose cancelling Swing proves it	p, n ∈ ℕ; conditional on the cancelling Swings	L:Millennium/FamilyTunnellHeckeCorrespondence:tunnellHeckeCarrier_total; L:Millennium/FamilyTunnellHeckeCorrespondence:two_mul_tunnellHalfIntegralHeckeDefect; L:Millennium/FamilyTunnellHeckeCorrespondence:tunnellEigen_of_cancellingSwings; L:Millennium/FamilyTunnellHeckeCorrespondence:CancellingSwing.total_eq_zero	formal-checked	uses:swing.half-turn
bsd.shimura-local-recurrence	navigator, tower	T(p²)a(n) = a(p²n) + (−n/p)a(n) + p·a(n/p²); along the square orbit 1, p², p⁴, …: A(p^{e+2}) = λ_p·A(p^{e+1}) − p·A(p^e)	the half-integral Hecke current transports a T(p²) eigen-orbit to the weight-two T(p) recurrence on every prime-power layer	PrimeSquareOrbitLaw hypothesis	L:Millennium/FamilyTunnellHeckeIntertwining:localShimuraRecurrence	formal-checked	uses:trace.sequence-recurrence
bsd.shimura-lift-coefficients	navigator	A_t(m) = Σ_{d|m} χ_t(d)·a(t(m/d)²), χ_t(d) = (−t/d), 0 on even d; lift of ½·Tunnell at t=1 has A(1) = 1 and A(m) = a_m(Hecke) for 1 ≤ m ≤ 8	the coefficient-level Shimura lift of the Tunnell carrier agrees with the Hecke stream through the Sturm aperture; equality beyond it is characterized, not asserted	weight 3/2, t squarefree	L:Millennium/FamilyTunnellShimuraLift:shimuraCoefficient; L:Millennium/FamilyTunnellShimuraLift:coeff_one_tunnellShimuraLift; L:Millennium/FamilyTunnellShimuraLift:shimuraHeckeDifference_zero_through_sturm_aperture; L:Millennium/FamilyTunnellShimuraLift:shimuraHeckeDifference_eq_zero_iff	formal-checked	uses:bsd.shimura-local-recurrence
bsd.tunnell-theta-carrier	navigator, receiver	Q_thin = 2x²+y²+8z², Q_thick = 2x²+y²+32z²; odd receiver 2Θ_thick − Θ_thin; full level-128 carrier Θ = (2Θ_thick − Θ_thin) − 2Θ_thick^{(4)} + Θ_thin^{(4)}; canonicalBranchCount(n) = coeff_n/4 (n odd); coeff_p ≠ 0 for p≡3 (8)	the half-integral Tunnell theta has an analytic and an exact q-expansion receiver founded on the same two ternary forms	n odd where stated	L:Millennium/FamilyTunnellThetaCarrier:tunnellThetaQExpansion_eq_level_corrected; L:Millennium/FamilyTunnellThetaCarrier:oddTunnellThetaQExpansion_eq_two_mul_thick_sub_thin; L:Millennium/FamilyTunnellThetaCarrier:canonicalBranchCount_eq_tunnellQCoefficient_div_four; L:Millennium/FamilyTunnellThetaCarrier:tunnellQCoefficient_ne_zero	formal-checked	uses:bsd.tunnell-odd-test-vector
bsd.tunnell-odd-test-vector	receiver	fullTunnellCoef(n) = 2·#{Q_thick = n, y odd} − #{Q_thin = n, y odd}; level-4 terms are the even-y slices under (a,b,z) ↦ (b,2a,z)	the complete Tunnell source is one two-adic odd-coordinate test vector on two ternary lattices	n ∈ ℕ	L:Millennium/FamilyTunnellOddTestVector:fullTunnellThetaCoefficient_eq_oddSecond_testVector	formal-checked	
bsd.theta-dilation	navigator, tower	X ↦ X⁴ carries the two Jacobi unit specializations to A+C and A−C; (q⁸;q⁸)_∞·(q⁴;q⁸)_∞² = θ₀ − θ₂ (quarter-residue streams)	the scale change x ↦ 2x is a bijection of root populations, transporting unit theta specializations to the even quarter-residue faces	formal power series over ℤ	L:Millennium/FamilyTunnellThetaDilation:evenDifference_eq_scaleEightJacobiProduct; L:Millennium/FamilyTunnellThetaDilation:evenSum_eq_scaleEightJacobiProduct; L:Millennium/FamilyTunnellThetaDilation:fourDilate_unitSquareTheta_one	formal-checked	instance-of:swing.pantograph
bsd.quaternionic-brandt-lattices	receiver	L₁ = ℤi + ℤ(j+k) + ℤ·4(j−k), L₂ = ℤ(i+j) + ℤ·2k + ℤ(2i−2j+k) ⊂ trace-zero Hamilton quaternions; N|_{L₁} = 2x²+y²+32z², N|_{L₂} = 2x²+4y²+4yz+9z²	the two Brandt forms are Hamilton norms on explicit trace-zero lattices of the quaternion algebra ramified at 2 and ∞	integral quaternions	L:Millennium/FamilyTunnellQuaternionicBridge:normSq_firstBrandtQuaternion; L:Millennium/FamilyTunnellQuaternionicBridge:normSq_secondBrandtQuaternion; L:Millennium/FamilyTunnellQuaternionicBridge:firstBrandtEmbedding_injective	formal-checked	
bsd.integral-neighbor-lift	receiver, swing	v₀ with Q(v₀) = pk corrected by p·t, k+4t ≡ 0 (affine chart) or k+2t ≡ 0 (infinity chart) ⇒ p² | Q(v); N = {m + a·v/p : m∈ℤ³, B(m,v) ≡ 0 mod p, a∈ℤ} has integral norms	each projective direction lifts to a p²-isotropic integral vector by the local Swing along the chart pivot, and its rational neighbor lattice is integral	p odd prime	L:Millennium/FamilyTunnellIntegralNeighbors:prime_sq_dvd_adjustedDirectionLift_norm; L:Millennium/FamilyTunnellIntegralNeighbors:integralNeighbor_norm_is_integer	formal-checked	
bsd.waldspurger-gate-count	ratio, receiver	canonical branch count c_p = (2A_p − B_p)/4 (A: 32z², B: 8z²) on the tight box; c_p odd for p≡3 (8); defect_p := 2L(1) − c_p²·Ω (complex) and its real dimensionless form 2L(1)/Ω − c_p², orientation-invariant; defect_p = 0 ⇒ TheRankClause	the remaining Waldspurger–Tunnell input is one exact real scalar defect whose zero fibre closes the rank clause on the three-mod-eight branch	p prime, p≡3 mod 8; the vanishing itself is open	L:Millennium/FamilyWaldspurgerGate:canonicalBranchCount_odd; L:Millennium/FamilyWaldspurgerGate:rankClause_of_waldspurgerTunnellDefect_eq_zero; L:Millennium/FamilyWaldspurgerGate:centralRatio_iff_waldspurgerTunnellDefect_eq_zero; L:Millennium/FamilyWaldspurgerRealDifference:realCentralRatioDifference_eq_forCanonicalCount	formal-checked	uses:bsd.rank-clause-is-one-nonvanishing, uses:bsd.waldspurger-defect-theta-gate
bsd.trace-twist-law	navigator, receiver	a_q(E_n) = (n|q)·a_q(E₁) for q ∤ 2n, a_q = q − #E^aff(𝔽_q)	the Frobenius trace of every quadratic twist is the character times the trace at one: one substitution inside the character sum, no modularity input	q odd prime, q ∤ n	L:Millennium/FamilyWitness:theTraceTwistLawAtEveryModulus	formal-checked	uses:trace.det-one-minus-tm, generalizes:bsd.five-twist
bsd.family-witness	navigator, receiver	c^p_m = χ_p(m)·c_m; c^p_q = a_q(E_p) (q ≠ 2,p); L_p entire, L_p(s) = Σ c^p_m m^{−s} (Re s > 3), completed_{32p²}(L_p) = Λ_p; LDatum p inhabited	the posed conjecture has a kernel-checked analytic witness at every odd prime, welded from the Gaussian-integer Euler laws and the family theta	p odd prime	L:Millennium/FamilyWitness:theWitnessAtEveryOddPrime; L:Millennium/FamilyWitness:pCoeff_prime_odd; L:Millennium/FamilyWitness:theLFunctionAgreesWithItsDirichletSeriesAtEveryOddPrime; L:Millennium/FamilyWitness:theCompletedProductFormulaHoldsAtEveryOddPrime; L:Millennium/FamilyWitness:theWitnessExistsAtEveryOddPrime	formal-checked	uses:bsd.trace-twist-law, uses:bsd.completed-l-entire-fe, uses:bsd.hecke-coefficients
bsd.odd-sign-analytic-rank-positive	landmark	p≡5,7 (mod 8): L_p(1) = 0 and analyticRank(W_p) ≠ 0	on the odd-sign locus the family witness has positive analytic rank unconditionally	p prime	L:Millennium/FamilyWitness:theAnalyticRankIsPositiveOnTheOddSignBranches; L:Millennium/FamilyWitness:theCentralValueVanishesOnTheFiveModEightBranch	formal-checked	uses:bsd.odd-sign-central-vanishing
bsd.alternating-even-dimension	coholon, receiver	B alternating nondegenerate on finite-dim V over any field K ⇒ dim_K V even; over 𝔽₂: dim Ш[2] even, |Ш[2]| a square	a nondegenerate alternating pairing forces even dimension: the collapsed population pairs off with a hand, none fixed	finite-dimensional V	L:Millennium/AlternatingParity:theAlternatingNondegenerateSpaceHasEvenDimension	formal-checked	uses:bsd.sha-collapsed-population
bsd.analytic-parity	landmark, swing	Λ(2−s) = w·Λ(s): w = +1 ⇒ Λ′(1) = 0, and (w=+1 ∧ L(1)=0) ⇒ L′(1) = 0; ord_{s=1}Λ = ord_{s=1}L = r ⇒ (−1)^r = w; ord ≠ 1 at w = +1	the reflection about s=1 is a half-turn Swing, so the sign fixes the parity of the analytic rank; an even sign forbids rank one	LDatumOn W M	L:Millennium/AnalyticParity:theCompletedDerivativeVanishesAtAnEvenSign; L:Millennium/AnalyticParity:theAnalyticRankHasTheParityOfTheSign; L:Millennium/AnalyticParity:theAnalyticRankIsNeverOneAtAnEvenSign; L:Millennium/AnalyticParity:theCompletedAndTheLFunctionShareTheOrder	formal-checked	specializes:bsd.sign-law, uses:swing.half-turn
bsd.analytic-parity-dial	landmark	ord_{s=1}L(E_p) = r ⇒ (p≡1,3 mod 8 ⇒ r even) ∧ (p≡5,7 mod 8 ⇒ r odd); under the rank conjecture p≡1 (8) ⇒ rank ∈ {0, 2}	the residue of p mod 8 dials the parity of the analytic rank of the congruent-number twist	p odd prime	L:Millennium/AnalyticParity:theAnalyticParityDialOfTheFamily; L:Millennium/AnalyticParity:theAnalyticRankIsNeverOneOnTheEvenBranches; L:Millennium/AnalyticParity:theConjectureForcesEvenRankOnTheOneModEightBranch	formal-checked	uses:bsd.analytic-parity, uses:bsd.family-witness
bsd.three-powers-of-two	receiver, landmark	|E_n[2]| = 2²; ord_{𝔽₁₇^×}(2) = 2³ (2⁴ ≡ −1, 2⁸ ≡ 1 mod 17); 2³ = 2·2² so 2³ ~ 2 in ℚ^×/(ℚ^×)²; ⟨2⟩ = squares of 𝔽₁₇^×; |(ℤ/8)^×| = 2², u² = 1	the three powers of two in the seventeen descent are three objects: Klein action, order of 2 mod 17, and a first return (2⁸ is not an object)	17 = 2^(2²)+1	L:Millennium/AreaQuartic:theSquareClassCollapsesTheOddPowersOfTwo; L:Millennium/AreaQuartic:theOrderOfTwoIsTwoCubed; L:Millennium/AreaQuartic:theEighthPowerIsTheFirstReturn; L:Millennium/AreaQuartic:thePowersOfTwoAreTheSquares; L:Millennium/AreaQuartic:theTwoAdicUnitsAreSquareClassesModEight	formal-checked	uses:bsd.seventeen-obstruction
bsd.seventeen-area-partition	landmark	17 = 1² + 4² = 3² + 2³; 2 is a square but not a fourth power mod 17; Gauss: 2 is a quartic residue mod p = a²+b² (b even) ⇔ 8 | b; 8 ∤ 4	the area partition 17 = 1²+4² reads the quartic character of 2 that carries the global obstruction	p = 17; general criterion posed as GaussQuarticCriterion	L:Millennium/AreaQuartic:theAreaPartitionOfSeventeen; L:Millennium/AreaQuartic:theTwoIsNotAFourthPowerModSeventeen; L:Millennium/AreaQuartic:theCriterionHoldsAtSeventeen; L:Millennium/AreaQuartic:theQuarticCharacterIsReadFromTheAreaPartition	formal-checked	uses:bsd.seventeen-quartic
bsd.sign-law	landmark, swing	f analytic at c, f(2c−s) = ε·f(s), ord_c f = m ⇒ ε = (−1)^m; for an LDatum: w = (−1)^{analyticRank}	reflection reads parity: the functional-equation sign is the parity of the central order	analytic f; LDatum n	L:Millennium/BirchSwinnertonDyerSignLaw:sign_eq_neg_one_pow_of_reflection; L:Millennium/BirchSwinnertonDyerSignLaw:sign_eq_neg_one_pow_centralOrder; L:Millennium/BirchSwinnertonDyerSignLaw:theSignIsTheParityOfTheAnalyticRank	formal-checked	uses:swing.half-turn
bsd.algebraic-parity	landmark	TheRankClause ∧ rank = r ⇒ w = (−1)^r; w = +1 ⇔ r even	under the rank clause the sign is the parity of the algebraic rank: the full parity conjecture of the pose	conditional on TheRankClause	L:Millennium/BirchSwinnertonDyerAlgebraicParity:sign_eq_neg_one_pow_algebraicRank; L:Millennium/BirchSwinnertonDyerAlgebraicParity:sign_one_iff_even_algebraicRank	formal-checked	uses:bsd.sign-law, uses:bsd.rank-clause
bsd.finite-analytic-rank	landmark	analyticRank W = ⊤ ⇔ L ≡ 0; ∃s: L(s) ≠ 0 ⇒ ∃m∈ℕ: analyticRank = m ∧ w = (−1)^m	one nonvanishing value makes the analytic rank finite (identity theorem), and the sign law then needs no order hypothesis	LDatum n	L:Millennium/BirchSwinnertonDyerFiniteRank:analyticRank_eq_top_iff; L:Millennium/BirchSwinnertonDyerFiniteRank:exists_analyticRank_eq_and_sign	formal-checked	uses:bsd.sign-law
bsd.rank-clause	receiver, landmark	LDatum n = (L entire, L = Σ a_m m^{−s} on the convergence half-plane, Λ(s) = (√N/2π)^s Γ(s) L(s), Λ(2−s) = w·Λ(s)); analyticRank W = ord_{s=1}L; TheRankClause n W :⇔ ∀r: analyticRank W = r ⇔ AlgebraicRankIs n r (on y²=x³−n²x)	the conjecture posed directly on the congruent-number family, with literal point-count coefficients a_p = p − #E^aff(𝔽_p) and a declared analytic receiver	n ≥ 1; open as a statement	L:Millennium/BirchSwinnertonDyer:LDatum; L:Millennium/BirchSwinnertonDyer:analyticRank; L:Millennium/BirchSwinnertonDyer:TheRankClause	open	
bsd.ledger-clause	ratio, receiver	TheLedgerClause n W c t :⇔ (rank 0 ⇒ ∃ sha>0 square: L(1) = sha·c/t²·Ω_n); TheBirchSwinnertonDyerConjecture = rank clause ∧ ledger clause; at n=1: L(1) = Ω₁/8 ⇒ ledger clause with Tamagawa 2, torsion 4	the rank-zero leading-coefficient clause is a ratio identity of the central value to the period; at one it closes granted the classical central value	n=1 conditional on L(1) = Ω₁/2³	L:Millennium/BirchSwinnertonDyer:TheLedgerClause; L:Millennium/BirchSwinnertonDyer:TheBirchSwinnertonDyerConjecture; L:Millennium/BirchSwinnertonDyer:theLedgerClauseHoldsAtOneGivenTheCentralValue	open	uses:bsd.rank-clause
bsd.blind-frames	receiver	p ≡ 3 (mod 4) ⇒ a_p(E_n) = 0 for every n	on the inert frames the Frobenius coefficient of every congruent-number twist vanishes	p prime	L:Millennium/BirchSwinnertonDyer:theCoefficientVanishesOnTheBlindFrames	formal-checked	
bsd.odd-sign-central-vanishing-pose	landmark	w = −1 ⇒ L(1) = 0 ⇒ analyticRank ≥ 1; analyticRank = 0 ⇔ L(1) ≠ 0; under the rank clause: rank 0 ⇒ w = +1, w = −1 ⇒ rank ≥ 1, hence w = +1 ∨ rank ≥ 1	the parity face of the pose: odd sign forces central vanishing and, through the rank clause, a point of infinite order	LDatum n; rank-clause statements conditional	L:Millennium/BirchSwinnertonDyer:theOddSignForcesCentralVanishing; L:Millennium/BirchSwinnertonDyerParity:theOddSignForcesAnalyticRankAtLeastOne; L:Millennium/BirchSwinnertonDyerParity:analyticRank_eq_zero_iff; L:Millennium/BirchSwinnertonDyerParity:theParityLaw	formal-checked	uses:bsd.sign-law
bsd.analytic-rank-winding	landmark, cycle	∮_{∂R} L′/L = 2πi·analyticRank for any rectangle R ∋ 1 whose closure holds no other zero; a small square of half the isolation radius always exists	the analytic rank is the winding of L′/L around the centre: a comb multiplicity read by a contour	LDatum n, analyticRank = m finite	L:Millennium/BirchSwinnertonDyerWinding:rectIntegral_logDeriv_eq; L:Millennium/BirchSwinnertonDyerWindingIsolated:exists_square_winding	formal-checked	instance-of:ratio.log-branch, uses:aeon.pairing
bsd.tate-telescoping-height	ratio, tower	|h(Dy) − 4h(y)| ≤ C ∀y ⇒ lim_n h(Dⁿx)/4ⁿ =: ĥ(x) exists, and ĥ(Dx) = 4ĥ(x)	Tate's canonical height is an analytic limit forced by a quasi-quadratic bound: successive terms differ geometrically with ratio 1/4	any self-map D, real height h	L:Millennium/CanonicalHeight:theCanonicalHeightExists; L:Millennium/CanonicalHeight:theLimitIsExactlyQuadratic	formal-checked	uses:bsd.general-height-growth
bsd.duplication-quartic-bound	ratio	|(m² − ab·n²)²| ≤ K·max(|m|,|n|)⁴, |4mn(m−an)(m−bn)| ≤ K·max(|m|,|n|)⁴; a binary quartic is ≤ (Σ|a_i|)·max(|m|,|n|)⁴	the doubled abscissa on y²=x(x−a)(x−b) has numerator and denominator bounded above by the fourth power of the height	a,b,m,n ∈ ℤ	L:Millennium/CanonicalHeight:theDuplicationIsBoundedAbove; L:Millennium/CanonicalHeight:theQuarticFormIsBoundedByTheFourthPower	formal-checked	
bsd.chord-vieta-squares	receiver, contact	line y = λx + ν through (x₁,y₁),(x₂,y₂) meets y²=x³−n²x again at x₃ = λ²−x₁−x₂, and (x₁−e)(x₂−e)(x₃−e) = (λe+ν)² for e ∈ {0, n, −n}	one Vieta evaluation makes the three slot products literal squares: the chord closes the descent face for every twist	y_i² = x_i³ − n²x_i, x₁ ≠ x₂	L:Millennium/ChordFace:theChordClosesTheSlots; L:Millennium/ChordFace:theChordClosesTheFaceGenerically	formal-checked	uses:bsd.face-homomorphism
bsd.thirty-four-rank-two	landmark	on y² = x³ − 34²x: (−2,48), (−16,120), chord slope −36/7, x(P₁+P₂) = 2178/49 ~ (−2)(−16), and 512/49 ~ (−36)(−50); faces (−2,−1), … and the seven classes are pairwise separated; 17, 34 ∉ (ℚ^×)²	the rank-two twist's chord anatomy is exact: the product class is realized at the sum and seven square classes separate	n = 34 = 2·17	L:Millennium/ChordFace:theRankTwoTwistData; L:Millennium/ChordFace:theProductClassIsRealizedAtTheSum; L:Millennium/ChordFace:theSevenClassesAreSeparated	formal-checked	uses:bsd.chord-vieta-squares
bsd.cokernel-calculus	compression, holarchy	ReachableOnlyInMultiple S α m :⇔ m≠0 ∧ m·α ∈ ⟨S⟩ ∧ α ∉ ⟨S⟩ ⇒ [α] is m-torsion and nonzero in V/⟨S⟩; m·α ∈ ⟨S⟩ ⇒ α ∈ span_ℚ S; α ∉ span_ℚ S ⇒ m·α ∉ ⟨S⟩ ∀m≠0	an obstruction reachable only in a multiple is torsion in the cokernel and rationally reachable: an integral phenomenon, never a rational counterexample	V abelian group, ℚ-module where stated	L:Millennium/CokernelCalculus:ReachableOnlyInMultiple; L:Millennium/CokernelCalculus:theMultipleReachableClassIsTorsionInTheCokernel; L:Millennium/CokernelCalculus:theMultipleReachableClassIsRationallyReachable; L:Millennium/CokernelCalculus:theRationalObstructionRefusesEveryMultiple	formal-checked	instance-of:compression.cokernel
coupling.bsd-hodge-one-cokernel-species	compression	E(ℚ)/2E(ℚ) is 2-torsion; m·α ∈ ⟨S⟩ (m≠0) ⇒ α ∈ span_ℚ S; the integral Hodge obstruction (Kollár: p·α algebraic, α not) lies in the algebraic ℚ-span and cannot witness the rational statement; a genuine Hodge counterexample refuses every multiple	the descent obstruction and the integral Hodge obstruction are one cokernel species, and neither can witness its Millennium statement	D a Hodge datum with cycle-class map; full 2-torsion curves	L:Millennium/CokernelCalculus:theTwoObstructionsAreOneSpecies; L:Millennium/CokernelCalculus:theDescentObstructionIsEntirelyTorsion; L:Millennium/CokernelCalculus:theIntegralHodgeObstructionIsNotAMillenniumObstruction; L:Millennium/CokernelCalculus:theGenuineHodgeCounterexampleRefusesEveryMultiple	counterexample	instance-of:compression.cokernel, uses:bsd.cokernel-calculus
bsd.seventeen-is-congruent-question	landmark, compression	X² = 34u²+1 ∧ X²+1 = 2v² ⇒ v²−17u² = 1, X² = v²+17u², X² + (17u²)² = (v²)², u even ⇒ ∃ coprime k,l, w≠0: kl(k−l)(k+l) = 17w²; conversely 17 non-congruent ⇒ u = 0 ⇒ X² = 1	five separate frontier entries of the seventeen obstruction are one object: two Pythagorean descents map the last branch onto the congruent-number criterion for 17	X,u,v ∈ ℤ	L:Millennium/CongruentSeventeen:thePellRelation; L:Millennium/CongruentSeventeen:theBranchIsPythagorean; L:Millennium/CongruentSeventeen:theSeventeenBranchGivesACongruentWitness; L:Millennium/CongruentSeventeen:theBranchIsRefusedIfSeventeenIsNotCongruent; L:Millennium/CongruentSeventeen:theTrivialSolutionIsAllThatSurvives	formal-checked	uses:bsd.seventeen-quartic
bsd.genocchi-congruum	landmark, compression	p ≡ 3 (mod 8): (−1|p) = (2|p) = −1; p | c²+d² ⇒ p | c, d; p | d²−2a² ⇒ p | a, d; no u₁²−u₂² = u₃²−u₁² = p·e² (e≠0); no rational right triangle ab = 2p, a²+b² = c²	Genocchi 1855 by one infinite descent: no congruum p·e² forms, so no prime p ≡ 3 mod 8 is congruent (3, 11, 19, …)	p prime, p≡3 mod 8	L:Millennium/Congruum:theCongruumNeverForms; L:Millennium/Congruum:theHalfTurnPrimesAreNotCongruent; L:Millennium/Congruum:theSumOfSquaresDescendsToTheFrame; L:Millennium/Congruum:theDoubledSquareDescendsToTheFrame; L:Millennium/Congruum:theFirstThreeMembers	formal-checked	equiv:bsd.genocchi-three-mod-eight
bsd.route-curve-one	receiver, swing	on y² = x³ − x: (0,0), (1,0), (−1,0) are half-turns (2T = 0), each chord through two lands on the third; faces 0 ↦ (1,1), (0,0) ↦ (−1,−1), (1,0) ↦ (1,2), (−1,0) ↦ (−1,−2); the face separates the four points	the transport chain's realized population, Selmer group and Ш[2] land on the congruent-number curve for one through mathlib's group law	n = 1	L:Millennium/Descent:theThreePointsAreHalfTurns; L:Millennium/Descent:theChordThroughTwoLandsOnTheThird; L:Millennium/Descent:theFourFaceValues; L:Millennium/Descent:theFaceSeparatesTheFourPoints	formal-checked	uses:swing.half-turn
bsd.face-homomorphism-route-curves	receiver, compression	Descent.TheFaceIsAHomomorphismEverywhere (y²=x³−x), RankOne.TheFaceIsAHomomorphismEverywhere (y²=x³−25x), FaithfulFace.TheGeneralChordClosesTheFace: all discharged; chord landings on 0 and on n: x₃=0 or x₃=n cases closed	the route's blocking named-open face-homomorphism propositions are discharged by assembling chord, doubling and half-turn laws	n = 1, 5	L:Millennium/FaceHomomorphism:theDescentFaceIsAHomomorphismEverywhereHolds; L:Millennium/FaceHomomorphism:theRankOneFaceIsAHomomorphismEverywhereHolds; L:Millennium/FaceHomomorphism:theGeneralChordClosesTheFaceHolds; L:Millennium/Descent:TheFaceIsAHomomorphismEverywhere	formal-checked	specializes:bsd.face-homomorphism, uses:bsd.chord-vieta-squares
bsd.five-point-escapes	landmark	P = (−4, 6) on y² = x³ − 25x: P ≠ T + 2Q for every torsion T and every Q	the rank-one direction at five escapes every torsion translate of a double	n = 5	L:Millennium/FaceHomomorphism:theNewPointEscapesTheTorsionAndTheDoubles; L:Millennium/FaceHomomorphism:theNewPointEscapesEveryTorsionTranslateOfADouble	formal-checked	uses:bsd.face-homomorphism-route-curves
bsd.five-torsion-klein	landmark, cycle	E₅(ℚ)_tors ≅ (ℤ/2)²: no point of prime order p ≥ 5 (some multiple enters the kernel at exact level K ≥ 1; chord and tangent estimates deepen the level until (p−1)R closes contradictorily); P has infinite order	the distant prime windings never close: the torsion of y²=x³−25x is the Klein four-group, closing the winding census	y² = x³ − 5²x	L:Millennium/DistantWindings:theDistantPrimeWindingsNeverCloseHolds; L:Millennium/DistantWindings:theTorsionIsTheKleinGroupHolds; L:Millennium/DistantWindings:thePointHasInfiniteOrderHolds	formal-checked	uses:bsd.winding-census-five, uses:bsd.frame-descent-depth
bsd.z-sqrt-two-euclidean	ratio	∀α, β≠0 in ℤ[√2] ∃γ: 2·|N(α − γβ)| ≤ |N(β)|; ℤ[√2] is a PID and UFD; ab = c², gcd(a,b) unit ⇒ a ~ d²; 17 = (5+2√2)(5−2√2)	ℤ[√2] divides with remainder with constant one half, because the error coordinates satisfy |r|,|s| ≤ N/2 and the 2 in √2 halves the square	ℤ[√2]	L:Millennium/EuclideanSqrtTwo:theNormEuclideanBound; L:Millennium/EuclideanSqrtTwo:theEuclideanStep; L:Millennium/EuclideanSqrtTwo:theZSqrtTwoIsAUniqueFactorisationMonoid; L:Millennium/EuclideanSqrtTwo:theCoprimeFactorIsAssociatedToASquare	formal-checked	instance-of:ratio.div-rem
bsd.z-sqrt-d-euclidean-small	ratio	−2 ≤ d ≤ 3, d ≠ 0: ∃m,n: 4|N(α − (m+n√d)β)| ≤ 3|N(β)|; units of ℤ[√−2] are ±1 (orbit twofold), while (1+√2)ⁿ grows unboundedly	ℤ[√d] is norm-Euclidean for −2 ≤ d ≤ 3; the sign of d decides whether a descent's unit orbit is finite and can terminate	integers d	L:Millennium/EuclideanSqrtTwo:theNormEuclideanBoundAtSmallDiscriminant; L:Millennium/EuclideanSqrtTwo:theUnitsOfZSqrtMinusTwoAreExactlyPlusMinusOne; L:Millennium/EuclideanSqrtTwo:theSignDecidesTheOrbitSize; L:Millennium/EuclideanSqrtTwo:thePowersOfTheSilverUnitGrow	formal-checked	generalizes:bsd.z-sqrt-two-euclidean, instance-of:ratio.div-rem
bsd.face-image-five	compression, receiver	on y² = x³ − 25x: slot classes on ±2^a·5^b, equal signs, three canonical cosets (1,2),(2,2),(2,1) refused mod 8; image φ(E₅(ℚ)) = exactly the 8 = 2³ realized classes (4 torsion + the coset of (−4,6))	the two-descent of the five-curve is complete: Ш(E₅)[2] = 0 in descent form	n = 5	L:Millennium/FaceImageFive:theFaceImageAtFiveIsTheRealizedEight; L:Millennium/FaceImageFive:theRealizedEightAreInTheImage; L:Millennium/FaceImageFive:theFirstCanonicalCosetIsRefusedAtFive; L:Millennium/FaceImageFive:theSignsAgreeAcrossTheFaceAtFive	formal-checked	uses:bsd.face-homomorphism, instance-of:compression.cokernel
bsd.face-image-thirty-four	compression, receiver	on y² = x³ − 34²x (34² = 1156): slot classes on ±2^a·17^b (ℓ ∉ {2,17} divides at most one factor of x(x−34)(x+34)); equal signs (real curve on x>34 or −34<x<0) kill 32 of 64; canonical coset (1,2) refused; image = exactly the 16 = 2⁴ realized classes	the two-descent of the thirty-four twist is complete: rank exactly two in descent form	n = 34 = 2·17	L:Millennium/FaceImage:theFaceImageIsTheRealizedSixteen; L:Millennium/FaceImage:theRealizedSixteenAreInTheImage; L:Millennium/FaceImage:theSlotClassesAreSupportedOnTheDiscriminant; L:Millennium/FaceImage:theSignsAgreeAcrossTheFace; L:Millennium/FaceImage:theCanonicalCosetIsRefused	formal-checked	uses:bsd.thirty-four-two-directions, instance-of:compression.cokernel
bsd.faithful-face-field-identities	receiver	addX(x, e, slope) = translatedX(x,y,e); tangent slope (3x²−n²)/(2y); doubledX(x,y,−n²) = mathlib addX at the tangent; x²+1, x²∓2x−1, x²+25, x²∓10x−25 never vanish over ℚ	the face law is closed by general field identities in two free rational variables, replacing a per-point table	y ≠ 0 on y² = x³ − n²x, n ∈ {1, 5}	L:Millennium/FaithfulFace:theChordCoordinateIsMathlibsAddX; L:Millennium/FaithfulFace:theTangentCoordinateIsMathlibsAddX; L:Millennium/FaithfulFace:theDoublingNumeratorsNeverVanish	formal-checked	uses:bsd.doubling-slots-are-squares
bsd.route-curve-one-half-turn-closure	swing, receiver	on y² = x³ − x: x(P+(0,0)) = −1/x, x(P+(1,0)) = (x+1)/(x−1), x(P+(−1,0)) = (1−x)/(x+1); x(2P) = ((x²+1)/2y)², x(2P)−1 = ((x²−2x−1)/2y)², x(2P)+1 = ((x²+2x−1)/2y)²; slot products close as explicit squares	on the route curve every half-turn translation and every doubling closes the face with an exhibited square root	y ≠ 0	L:Millennium/FaithfulFace:theDoubledSlotsAreSquares; L:Millennium/FaithfulFace:theHalfTurnAtZeroTranslates; L:Millennium/FaithfulFace:theHalfTurnAtOneClosesBothSlots; L:Millennium/FaithfulFace:theFaceLawClosesOnEveryHalfTurnTranslation; L:Millennium/FaithfulFace:theTranslationIsTheGroupSum	formal-checked	specializes:bsd.half-turn-translations
bsd.five-derivative-moment	landmark, swing	Λ₅′(1) = 2·∫₁^∞ θ₅(t)·log t dt	the derivative of the odd completed L-function at the centre is twice the logarithmic first moment of the theta over the fundamental half-line, via the t ↦ 1/t fold	y² = x³ − 5²x; no Gross–Zagier input	L:Millennium/FiveDerivative:theDerivativeIsTheOddSectorFirstMoment	formal-checked	uses:bsd.five-theta-fe, uses:swing.half-turn
bsd.five-mordell-weil	compression, holarchy	every X with pheight X > 163000 = 2³·5³·163 is Q+Q+R with pheight R ≤ 45 and pheight Q < pheight X; {pheight ≤ 163000} generates and is finite; E₅(ℚ) finitely generated	a fully formal Mordell–Weil instance at five: face image eight, exact kernel, quartic-versus-quadratic height contraction	y² = x³ − 25x	L:Millennium/FiveDescent:theDescentStep; L:Millennium/FiveDescent:theBoundedHeightsGenerate; L:Millennium/FiveDescent:theMordellWeilGroupIsFinitelyGenerated	formal-checked	specializes:bsd.mordell-weil-every-modulus
bsd.five-halving	ratio, compression	s² = r²−5, t² = r²+5, x₀ = r², y₀ = −rst ⇒ u = (r+s)(r−t), v = u(s−t) has 2(u,v) = (x₀,y₀); ker φ₅ = 2E₅(ℚ)	the halving converse at five closes the named-open of FaceHomomorphism: a point with square slots is a double	y² = x³ − 25x	L:Millennium/FiveHalving:theKernelIsTheDoublesAtFive	formal-checked	specializes:bsd.two-descent-exact
bsd.five-height-growth	ratio	hgt(u)⁴ ≤ 250000·hgt((u²+25)²/(4u(u²−25))), 250000 = 2⁴·5⁶, via (400q²−12p²)q·A + (125pq²+3p³)·B = 250000·q⁷	duplication grows the height quartically at five, with cancellation dividing 2⁴·5⁶	u ≠ 0, u² ≠ 25	L:Millennium/FiveHeight:theDuplicationGrowsTheHeight	formal-checked	specializes:bsd.duplication-height-growth
bsd.five-positivity	landmark	0 < ∫₁^∞ θ₅(t)·log t dt, hence Λ₅′(1) ≠ 0; founding class contributes ≥ e^{−3α}/α, tail dominated with rational (1+x/64)^64 exponential certificates	the odd sector's first moment is strictly positive by certified exact arithmetic, so the analytic order at five is exactly one	y² = x³ − 25x	L:Millennium/FivePositivity:theOddMomentIsPositive; L:Millennium/FivePositivity:theDerivativeDoesNotVanishAtFive	formal-checked	uses:bsd.five-derivative-moment
bsd.five-rank-clause	landmark, compression	rank E₅(ℚ) = 1 (nine = 3·3 points collide in 8 classes, so n ≤ 1); analyticRank(W₅) = 1; TheRankClause 5 W₅ and TheBirchSwinnertonDyerConjecture 5 W₅ c t hold	the posed rank clause holds whole at the rank-one instance five, every ingredient in the tree	y² = x³ − 5²x; ledger clause vacuous at rank one	L:Millennium/FiveRank:theAlgebraicRankIsOneAtFive; L:Millennium/FiveRank:theTwoSidedRankOneInstanceAtFive; L:Millennium/FiveRank:theRankClauseHoldsWholeAtFive; L:Millennium/FiveRank:theBirchSwinnertonDyerConjectureHoldsAtFive	formal-checked	uses:bsd.five-mordell-weil, uses:bsd.face-image-five, uses:bsd.five-positivity
bsd.five-theta-fe	navigator, tower	θ₅(x) = Σ_{a≡1 (4), t} a(−1)^t χ₅(a²+4t²) e^{−π(a²+4t²)√2x/20}, conductor 800 = 2⁵·5²; Σ_{r,s<5} χ₅(r²−s²)ζ₅^{ξr+ηs} = 5χ₅(ξ²−η²); θ₅(1/x) = −x²θ₅(x); Λ₅(2−s) = −Λ₅(s), Λ₅(1) = 0	the sign-minus-one theta of the five-curve is fifty shifted Hurwitz-kernel products whose phases collapse through the Gauss sum mod five	x > 0	L:Millennium/FiveTheta:theGaussEigenIdentity; L:Millennium/FiveTheta:theFiveDuplicationIdentity; L:Millennium/FiveTheta:theFiveThetaFunctionalEquation; L:Millennium/FiveTheta:theCompletedLFunctionalEquationAtFive; L:Millennium/FiveTheta:theOddHandForcesTheCentralVanishingAtFive	formal-checked	generalizes:bsd.family-theta-fe
bsd.five-chord-root	ratio	z² − σz + π = 0, σ = 2(x+x_R)(x·x_R−25)/(x−x_R)², π = (x·x_R+25)²/(x−x_R)²; hgt z ≤ 2L²·hgt(x)², L = |α|+25β	translation by a fixed representative moves the abscissa to a root of an explicit quadratic: quadratic height growth	x ≠ x_R = α/β, β>0	L:Millennium/FiveTranslation:theChordRootIsBounded	formal-checked	specializes:bsd.chord-root-height-bound
bsd.five-twist	navigator, receiver	a_p(E₅) = χ_p(5)·a_p(E₁) for p ∤ 10; a₁₃(E₅) = −6, a₃(E₅) = 0, a₁₇(E₅) = −2	the five-curve's point counts are the character twist of those at one, by the bijection x ↦ 5x	p prime, p ≠ 2, 5	L:Millennium/FiveTwist:theTraceTwistLaw; L:Millennium/FiveTwist:theTwistInstanceAtThirteen; L:Millennium/FiveTwist:theTwistInstanceAtSeventeen	formal-checked	specializes:bsd.trace-twist-law
bsd.five-witness	navigator, landmark	c⁵_m = χ₅(m)c_m; c⁵_p = a_p(E₅); completed_800(L₅) = Λ₅; analyticRank(W₅) = 1; rank ≥ 1	the analytic datum at five is kernel-checked and its analytic rank is exactly one: the rank-one coincidence	p ≠ 2, 5	L:Millennium/FiveWitness:theWitnessAtFive; L:Millennium/FiveWitness:fiveCoeff_prime; L:Millennium/FiveWitness:theAnalyticRankAtFiveIsOne; L:Millennium/FiveWitness:theRankOneCoincidenceAtFive	formal-checked	uses:bsd.five-twist, uses:bsd.five-theta-fe
bsd.frame-descent-depth	tower, receiver	Sharp i q ∧ Deep j r ∧ i < j ⇒ Sharp i (q+r); v₃(x) ≥ 0 ⇒ v₃(x³−x) ≥ 1; on y² = x³−25x with v₃(x) < 0: ∃k ≥ 1, v₃(x) = −2k, v₃(y) = −3k; chart 1/y = (x/y)³ − 25(x/y)(1/y)²	the three-adic depth calculus of the compact frame: a sharp summand carries the sum, and kernel points sit at exact levels (−2k, −3k)	3-adic valuation	L:Millennium/FrameDescent:Sharp.add_deep; L:Millennium/FrameDescent:theFermatCubeIsDeep; L:Millennium/FrameDescent:theKernelLevelIsClassified; L:Millennium/FrameDescent:theChartEquation	formal-checked	instance-of:tower.gluing
bsd.frame-chord-law	tower, contact	(s₂−s₁)(1 + 25t₁(s₁+s₂)) = (t₂−t₁)(t₁² + t₁t₂ + t₂² − 25s₂²) in the chart s = t³ − 25ts²; the line s = αt+β cuts it in (1−25α²)t³ − 50αβt² − (25β²+α)t − β = 0	in the kernel chart the chord slope is carried by a unit, giving the first-order law that deepens transport coordinates	t = x/y, s = 1/y	L:Millennium/FrameDescent:theChordSlopeIsCarriedByAUnit; L:Millennium/FrameDescent:theLineCutsTheCubic; L:Millennium/FrameDescent:theTangentLineHasADoubleRoot	formal-checked	uses:bsd.frame-descent-depth
bsd.fe-reflection-parity	swing, landmark	ω − s = s ⇔ s = ω/2; Λ(ω−s) = εΛ(s), Λ ≢ 0 ⇒ ε² = 1; Λ entire ⇒ (−1)^{ord_{ω/2}Λ} = ε; 1 − s̄ = s ⇔ Re s = ½; q/z̄ = z ⇔ |z| = √q	a functional equation is one reflection: its centre is the fixed point, its sign an involution fixing the parity of the central order; the critical line and the Weil circle are fixed loci of antilinear reflections	Λ entire, any ω; q > 0, z ≠ 0	L:Millennium/FunctionalEquationParity:theCenterIsTheFixedPointOfTheReflection; L:Millennium/FunctionalEquationParity:theSignIsAnInvolution; L:Millennium/FunctionalEquationParity:theOrderAtTheCenterHasTheParityOfTheSign; L:Millennium/FunctionalEquationParity:theCriticalLineIsTheFixedLocusOfTheAntilinearReflection; L:Millennium/FunctionalEquationParity:theWeilCircleIsTheFixedLocusOfTheNormReflection	formal-checked	generalizes:bsd.sign-law, instance-of:swing.half-turn
coupling.bsd-rh-one-reflection	swing, landmark	s ↦ ω − s (BSD centre s=1), s ↦ 1 − s̄ (RH critical line Re s = ½), z ↦ q/z̄ (Weil circle |z| = √q) are one fixed-locus mechanism	the BSD centre, the RH critical line and the Weil circle are the fixed loci of one reflection law	ω ∈ ℂ, q > 0	L:Millennium/FunctionalEquationParity:theCriticalLineIsTheFixedLocusOfTheAntilinearReflection; L:Millennium/FunctionalEquationParity:theWeilCircleIsTheFixedLocusOfTheNormReflection	formal-checked	uses:bsd.fe-reflection-parity
bsd.gauss-coefficient-jacobsthal	receiver, landmark	a_p(y²=x³−x) = −Σ_x χ_p(x³−x) = −jac_p(−1); jac(t²D) = χ(t)·jac(D); Σ_D χ((D+a)(D+b)) = −1 (a≠b); Σ_D jac(D)² = 2p(p−1); jac(1)² + jac(r)² = 4p (χ(r) = −1); jac(1) ≡ −2 (mod 8); Hecke coefficient a_p = 2A for A²+B²=p, A+B≡1 (4), B even, and heckeCoeff p = a_p at every odd prime	the point count of y²=x³−x is a Jacobsthal sum whose square ledger carries the two-squares decomposition of p: Gauss's coefficient theorem	p odd prime (p≡1 mod 4 for the ledger)	L:Millennium/GaussCoefficient:jac_sq_ledger; L:Millennium/GaussCoefficient:jac_one_mod_eight; L:Millennium/GaussCoefficient:theGaussCoefficientTheorem; L:Millennium/GaussCoefficient:theCoefficientsAgreeAtEveryOddPrime	formal-checked	uses:bsd.hecke-coefficients
bsd.general-duplication-certificate	ratio	((a−b)² + 2(a+b)X − 3X²)(X²−ab)² + (3X³ + (a+b)X² − 5abX − 2ab(a+b))·X(X−a)(X−b) = (ab)²(a−b)²; x(2P) = (x²−ab)²/(4x(x−a)(x−b)); gcd cancellation divides 2²(ab)²(a−b)²	the duplication cancellation on y²=x(x−a)(x−b) is bounded by an explicit resultant Bézout identity: only bad primes cancel	any commutative ring; coprime p/q	L:Millennium/GeneralCertificate:theDuplicationCertificate; L:Millennium/GeneralCertificate:theDoubledAbscissaIsTheCertifiedQuotient; L:Millennium/GeneralCertificate:theCancellationIsExactlyBounded	formal-checked	generalizes:bsd.duplication-height-growth
bsd.square-class-coordinates	receiver, ratio	ℚ^×/(ℚ^×)² ≅ 𝔽₂^{sign} ⊕ ⊕_p 𝔽₂: signCoord, primeCoord_p = v_p mod 2; square-invariant and additive: coord(de) = coord(d) + coord(e), coord(c²) = 0	square classes are an 𝔽₂-vector of a sign bit and one valuation-parity bit per prime, the form every descent receiver speaks	d, e ∈ ℤ∖0	L:Millennium/GeneralClassCoordinates:theSignCoordinateIsSquareInvariant; L:Millennium/GeneralClassCoordinates:thePrimeCoordinateIsSquareInvariant; L:Millennium/GeneralClassCoordinates:theCoordinatesArePresentTheClassGroupOverTwo	formal-checked	uses:arith.prime-valuation
bsd.general-weak-mordell-weil	compression	#E_{a,b}(ℚ)/2E_{a,b}(ℚ) ≤ 4·τ(|ab(a−b)|)²; same class ⇒ difference is a double	weak Mordell–Weil with an explicit cardinal bound on every curve with full rational two-torsion	a,b ∈ ℤ, a ≠ 0, b ≠ 0, a ≠ b	L:Millennium/GeneralCollision:theWeakMordellWeilTheoremOnEveryFullTwoTorsionCurve; L:Millennium/GeneralCollision:theClassesCollideOnEveryFullTwoTorsionCurve; L:Millennium/GeneralCollision:sameClassDouble; L:Millennium/GeneralQuotientCardinality:theWeakMordellWeilCardBoundOnEveryIntegralSplitFullTwoTorsionCurve	formal-checked	instance-of:compression.cokernel, generalizes:bsd.class-pigeonhole
bsd.general-face	receiver	E_{a,b}: y² = x(x−a)(x−b); φ(P) = (x, x−a) mod squares, (0,0) ↦ (ab, ·), (a,0) ↦ (·, a(a−b)); (3x² − 2(a+b)x + ab)² + ((a+b) − 2x)(2y)² = (x²−ab)² and its shifted forms; doubles land in the kernel	the descent face carried onto the two-parameter family of all curves with full rational two-torsion; b = −a recovers the congruent conventions −a², 2a²	a ≠ 0, b ≠ 0, a ≠ b	L:Millennium/GeneralFace:theDoublingIdentities; L:Millennium/GeneralFace:theDoublesLandInTheKernelOnEveryFullTwoTorsionCurve	formal-checked	generalizes:bsd.face-homomorphism
bsd.general-halving	ratio, compression	x = u², x−a = v², x−b = w², y = uvw ⇒ a = u²−v², b = u²−w², Q = ((u+v)(u+w), (u+v)(u+w)(v+w)) with 2Q = P; X − a = (u+v)(v+w), X² − ab = 2uY (tangent slope u)	the half point is the pairwise composition of the three slot roots: halving is total, with no case analysis, and the two-descent is exact	a ≠ 0, b ≠ 0, a ≠ b	L:Millennium/GeneralHalving:theHalvingIdentities; L:Millennium/GeneralHalving:theHalfPointDoublesBack; L:Millennium/GeneralHalving:theKernelIsTheDoublesOnEveryFullTwoTorsionCurve; L:Millennium/GeneralHalving:theTwoDescentIsExactOnEveryFullTwoTorsionCurve	formal-checked	generalizes:bsd.two-descent-exact, instance-of:compression.kernel
bsd.general-height-growth	ratio	hgt(x)⁴ ≤ 2⁷·D¹⁰·hgt(x(2P)), D = sizeOf(a,b); chord root satisfies an explicit quadratic with hgt(z) ≤ C·hgt(x)²	duplication grows the height quartically and translation quadratically on every full-two-torsion curve, constants kept factored	a,b ∈ ℤ, a ≠ 0, b ≠ 0, a ≠ b	L:Millennium/GeneralHeight:theDuplicationGrowsTheHeightOnEveryFullTwoTorsionCurve; L:Millennium/GeneralHeight:theChordRootIsBoundedOnEveryFullTwoTorsionCurve; L:Millennium/GeneralHeight:theQuarticPairDominates	formal-checked	generalizes:bsd.duplication-height-growth, uses:bsd.general-duplication-certificate
bsd.general-chord-products	receiver, contact	f(x) − (λx+ν)² = (x−x₁)(x−x₂)(x−x₃) ⇒ x₁x₂x₃ = ν² and (x₁−a)(x₂−a)(x₃−a) = (λa+ν)²; chord through the origin: x₂·x₃ = ab; through (a,0): (x₂−a)(x₃−a) = a(a−b)	both slot products along any chord are squares, so the face is a homomorphism with no case analysis on the two-parameter family	y_i² = x_i(x_i−a)(x_i−b)	L:Millennium/GeneralHom:theChordProductIsASquare; L:Millennium/GeneralHom:theShiftedChordProductIsASquare; L:Millennium/GeneralHom:theVerticalChordProducts; L:Millennium/GeneralHom:theFaceIsAHomomorphismOnEveryFullTwoTorsionCurve	formal-checked	generalizes:bsd.chord-vieta-squares
bsd.general-mordell-weil	compression, holarchy	above threshold(a,b): X = 2Q + R with pheight R ≤ H₀, pheight Q < pheight X; E_{a,b}(ℚ) finitely generated; 4τ(|ab(a−b)|)² < 2^r ⇒ rank < r	the Mordell–Weil theorem assembled on every curve with full rational two-torsion, with an explicit rank bound	a,b ∈ ℤ, a ≠ 0, b ≠ 0, a ≠ b	L:Millennium/GeneralMordell:theContraction; L:Millennium/GeneralMordell:theDescentStep; L:Millennium/GeneralMordell:theMordellWeilTheoremOnEveryFullTwoTorsionCurve; L:Millennium/GeneralMordell:theRankIsBoundedOnEveryFullTwoTorsionCurve	formal-checked	generalizes:bsd.mordell-weil-every-modulus
bsd.odd-bad-place-receiver	receiver	p odd, p | a, p ∤ b ⇒ v_p(x) + v_p(x−a) even; hence p | d₁ ⇔ p | d₂	the receiver at an odd bad prime couples the two class components by a valuation parity, with no ℚ_p-point computation	y ≠ 0, x ∉ {0,a,b}	L:Millennium/GeneralOddPlace:theOddBadPlaceCouplesTheSlotParities	formal-checked	uses:bsd.square-class-coordinates
bsd.real-place-receiver	receiver	y² = x(x−a)(x−b) ⇒ x(x−a)(x−b) ≥ 0; 0 < a < b ⇒ x > 0 off the two-torsion, so every class with d₁ < 0 is refused; good primes ℓ ∤ ab(a−b) admit only ℓ-units	the archimedean receiver is the sign of the slot product; with the good places the receiver family is complete away from the discriminant	0 < a < b	L:Millennium/GeneralRealPlace:theArchimedeanCondition; L:Millennium/GeneralRealPlace:theRealPlaceRefusesEveryNegativeFirstClass; L:Millennium/GeneralRealPlace:theGoodPlaceReceiverAdmitsTheDescentImage; L:Millennium/GeneralRealPlace:theReceiverFamilyIsCompleteAwayFromTheDiscriminant	formal-checked	uses:bsd.selmer-calculus
bsd.general-selmer-map	receiver, compression	P ↦ (coord(d₁(P)), coord(d₂(P))) ∈ 𝔽₂^{1+#primes} ⊕ 𝔽₂^{1+#primes} is additive: coord(class(P+Q)) = coord(class P) + coord(class Q)	the descent is an honest group homomorphism into an 𝔽₂-vector space	a ≠ 0, b ≠ 0, a ≠ b	L:Millennium/GeneralSelmer:theClassCoordinatesAreAdditive; L:Millennium/GeneralSelmer:theFirstClassIsMultiplicative; L:Millennium/GeneralSelmer:theCoordinatesAreBlindToTheSquareClass	formal-checked	uses:bsd.square-class-coordinates, uses:bsd.general-chord-products
bsd.general-support	receiver	ℓ ∤ ab(a−b) ⇒ at most one of v_ℓ(x), v_ℓ(x−a), v_ℓ(x−b) is positive and all are even; v(x) < 0 ⇒ all three equal with 3v(x) = 2v(y); so |d_i| divides |ab(a−b)|	the slot classes are supported on the primes of bad reduction and no others, 2 included	integral model, y ≠ 0	L:Millennium/GeneralSupport:theSlotValuationsAreEvenOffTheDiscriminant; L:Millennium/GeneralSupport:theSlotClassesAreSupportedOnEveryFullTwoTorsionCurve	formal-checked	generalizes:bsd.slot-support-discriminant
bsd.two-adic-receiver	receiver	odd squares agree mod 8; x ~ d and x−a ~ d with v₂(x) = v₂(x−a) = 0 ⇒ v₂(a) ≥ 3; so v₂(a) < 3 refuses the diagonal class (d,d)	the receiver at two is a congruence on rationals: when 8 ∤ a it cuts the diagonal of the class square	a ≠ 0, d ≠ 0	L:Millennium/GeneralTwoAdic:theTwoAdicReceiverSeparatesEqualClasses; L:Millennium/GeneralTwoAdic:theTwoAdicReceiverRefusesTheDiagonal	formal-checked	
bsd.two-torsion-halving-torsor	ratio, swing	P + P = 0 ⇔ P = O ∨ y(P) = 0; E_{a,b}[2](ℚ) = {O, (0,0), (a,0), (b,0)}; a nonempty halving fibre is an E[2]-torsor, so a double is a double in exactly four ways	the two-torsion is entirely rational and the halving fibre is a torsor of four half-turns	a ≠ 0, b ≠ 0, a ≠ b	L:Millennium/GeneralTwoTorsion:theTwoTorsionIsTheVanishingOrdinate; L:Millennium/GeneralTwoTorsion:theTwoTorsionIsExactlyTheFourPoints; L:Millennium/GeneralTwoTorsion:theHalvingFibreIsATorsor	formal-checked	instance-of:ratio.inversion-fibre, uses:swing.half-turn
bsd.general-rank-well-posed	compression	∃r: RankIsOn(E_{a,b}, r) ∧ 2^r ≤ 4·τ(|ab(a−b)|)²; under the rank conjecture every LDatumOn has finite analytic order equal to such r	on every full-two-torsion curve the rank exists and is bounded by the divisor count; the conjecture transports that bound to the analytic rank	a,b ∈ ℤ, a ≠ 0, b ≠ 0, a ≠ b; second clause conditional on TheBirchSwinnertonDyerRankConjecture	L:Millennium/GeneralTwoTorsion:theRankClauseIsWellPosedOnEveryFullTwoTorsionCurve; L:Millennium/GeneralTwoTorsion:theConjectureBoundsTheAnalyticRankByTheDivisorCount; L:Millennium/GeneralTwoTorsion:theHalvesAreExactlyTheTranslates	formal-checked	uses:bsd.general-mordell-weil
bsd.hecke-coefficients	navigator, receiver	shell class re+im ≡ 1 (4), im even, rigid under ℤ[i]^×; N(gcd(z,m)) = m for N(z) = mn, gcd(m,n)=1 (Bézout alone); unique class factorization; a_{mn} = a_m a_n (coprime); a_{p^{k+2}} = a_p a_{p^{k+1}} − p·a_{p^k}; inert: a_{p^{k+2}} = −p·a_{p^k}	the Hecke coefficient stream of the Gaussian character is multiplicative with the Euler recursion, proved by Gaussian-integer shell arithmetic	p odd prime	L:Millennium/HeckeEuler:inClass_rigid; L:Millennium/HeckeEuler:norm_gcd_eq; L:Millennium/HeckeEuler:heckeCoeff_mul; L:Millennium/HeckeEuler:heckeCoeff_prime_pow_recursion; L:Millennium/HeckeEuler:heckeCoeff_prime_pow_inert	formal-checked	instance-of:arith.hecke-euler, uses:trace.sequence-recurrence
bsd.hecke-theta-one	navigator, tower	f(x) = Σ_{a odd, b even, a+b≡1 (4)} (a+bi)e^{−2π(a²+b²)x/√32} = 4·oddK_{1/4}(4√2x)·cosK_{1/2}(√2x); sinK(d)evenK(4d) = 16·oddK(32d)cosK(8d); f(1/x) = x²f(x); Λ(2−s) = Λ(s); f > 0 on (0,∞) ⇒ Λ(1) > 0	the theta of y²=x³−x is a product of two Hurwitz kernels with a weight-two transformation law and positive central value	x > 0	L:Millennium/HeckeTheta:theDuplicationIdentity; L:Millennium/HeckeTheta:theHeckeThetaFunctionalEquation; L:Millennium/HeckeTheta:theCompletedLFunctionalEquation; L:Millennium/HeckeTheta:theHeckeThetaIsPositive; L:Millennium/HeckeTheta:theCentralValueDoesNotVanish; L:Millennium/HeckeTheta:theHeckeThetaIsItsDirichletSeries	formal-checked	uses:arith.theta-jacobi
bsd.rank-clause-at-one	landmark	L(s) = (√32/2π)^{−s}Γ(s)⁻¹Λ(s) entire; completed_32(L) = Λ; L(1) = (2π/√32)Λ(1) > 0; analyticRank = 0 = algebraic rank; TheRankClause 1 W holds	the posed rank clause holds whole at y²=x³−x: both sides zero	n = 1	L:Millennium/HeckeWitness:theLFunctionDoesNotVanishAtOne; L:Millennium/HeckeWitness:theTwoSidedRankZeroInstance; L:Millennium/HeckeWitness:theRankClauseHoldsAtOne; L:Millennium/HeckeWitness:theWitness	formal-checked	uses:bsd.hecke-theta-one, uses:bsd.rank-zero-at-one
bsd.e8-height-form	receiver, constitution	Q = 2L₀² + (3/2)L₁² + (4/3)L₂² + (5/4)L₃² + (4/5)L₄² + (3/4)L₅² + (2/3)L₆² + (1/2)L₇²; pivot product 1; Q ≥ 0, Q = 0 ⇔ x = 0; on U: Q_U(1,0) = Q_U(0,1) = 0, Q_U(1,1) = 2	the Mordell–Weil height form of a rational elliptic surface is E₈: it pays on the remainder and the cutoff hyperbolic plane is isotropic	NS = U ⊕ E₈(−1), x ∈ ℚ⁸	L:Millennium/HeightLattice:theHeightFormIsASumOfSquares; L:Millennium/HeightLattice:thePivotProductIsOne; L:Millennium/HeightLattice:theHeightFormIsAnisotropic; L:Millennium/HeightLattice:theCutoffDirectionIsIsotropic	formal-checked	uses:coupling.bsd-hodge-index-perp
coupling.bsd-hodge-index-perp	receiver, constitution	height pairing = −(intersection form) on the complement of the hyperbolic pair ⟨zero section, fibre⟩: definite on the perp, isotropic on the cutoff	the BSD height form is the Hodge-index shape: positivity on the orthogonal complement of one distinguished class	rational elliptic surfaces	L:Millennium/HeightLattice:theCutoffDirectionIsIsotropic; L:Millennium/HeightLattice:theHeightFormPays	formal-checked	uses:bsd.e8-height-form
bsd.landen-lattice-mean-step	tower, swing	θ₃(t)² + θ₄(t)² = 2θ₃(2t)²; θ₃(t)² − θ₄(t)² = 2θ₂(2t)²; θ₃(t)θ₄(t) = θ₄(2t)²; so t ↦ 2t is one AGM step on (θ₃², θ₄²)	the parity cell division of ℤ² is the arithmetic–geometric mean step: even cell rotated at double scale, odd cell shifted, the signed cell cancelling under (m,n) ↦ (n,m)	t > 0	L:Millennium/LandenLattice:theSumFaceIsTheDoubledEvenCell; L:Millennium/LandenLattice:theDifferenceFaceIsTheDoubledOddCell; L:Millennium/LandenLattice:theProductFaceIsTheDoubledSignedCell; L:Millennium/LandenLattice:theDoublingChartIsTheMeanStep	formal-checked	instance-of:swing.pantograph, uses:arith.theta-jacobi
bsd.landen-flow-agm	tower, landmark	|θ₃(t) − 1|, |θ₄(t) − 1| ≤ 2q/(1−q), q = e^{−πt} (t ≥ 1); θ₃(2^k t)², θ₄(2^k t)² → 1: AGM(θ₃(t)², θ₄(t)²) = 1	riding the doubling flow to its fixed point: Gauss's theta–AGM theorem, convergent half	t > 0	L:Millennium/LandenFlow:theThetaLegsApproachOne; L:Millennium/LandenFlow:theDoublingFlowConvergesToOne	formal-checked	uses:bsd.landen-lattice-mean-step
bsd.lattice-count-parity	receiver, landmark	SF(p) = Σ_{2x²+y²+8z²=p} (−1)^z; z ↦ −z preserves form and sign; 4 | SF(p); p≡5,7 (8) ⇒ no representation, SF = 0; p≡3 (8) ⇒ x odd and SF(p) = 2² + 2³k (the count c_p = SF/4 is odd); 2x²+y²+2⁵z² = 2x²+y²+2³(2z)²	the central-ratio count is a signed lattice count whose parity is forced by two involutions: odd at every p ≡ 3 mod 8	p prime, box B ≥ p (or ≥ ⌊√p⌋)	L:Millennium/LatticeCount:theSignRidesTheReflection; L:Millennium/LatticeCount:theSignOrbitsHaveSizeDivisibleByFour; L:Millennium/LatticeCount:theCountVanishesOnTheOddSignBranches; L:Millennium/LatticeCount:theCountIsOddWithTheFactorsExplicit; L:Millennium/LatticeCount:theTightBoxSuffices	formal-checked	uses:bsd.involution-halves-sum
bsd.involution-halves-sum	swing, compression	g² = id, f∘g = f, g fixed-point-free on s ⇒ 2 | Σ_s f; if P a ⇔ ¬P(g a) then Σ_s f = 2·Σ_{s∩P} f	a fixed-point-free involution preserving the summand halves the sum exactly: the parity engine of signed lattice counts	finite s closed under g	L:Millennium/LatticeCount:two_dvd_sum_of_freeInvolution; L:Millennium/LatticeCount:sum_eq_two_mul_filter	formal-checked	uses:swing.half-turn
bsd.binary-form-2x2-y2	receiver, landmark	p ≡ 1, 3 (mod 8) prime ⇒ ∃! (a,b) ∈ ℕ₊²: 2a² + b² = p; (ad−bc)(ad+bc) = p(a²−c²); Thue: ∃(x,y) ≠ 0, |x|,|y| ≤ ⌊√p⌋, x·r ≡ y (mod p)	the binary form 2a²+b² represents each such prime exactly once, existence by Thue's pigeonhole and uniqueness by the cross difference	p prime	L:Millennium/LatticeCount:theBinaryRepresentationIsUniqueAndExists; L:Millennium/LatticeCount:theCrossDifferenceCarriesTheModulus; L:Millennium/LatticeCount:theThuePigeonhole; L:Millennium/LatticeCount:theRepresentationIsUnique	formal-checked	
bsd.local-frame-sha	receiver, compression	S = Σ_i |r_i⟩⟨r_i|; ⟨x|S|y⟩ = Σ_i ⟨r_i|x⟩⟨r_i|y⟩ ≥ 0; S definite ⇔ ⋂_i ker⟨r_i| = 0; collapse(v) ⇔ ∀i ⟨r_i|v⟩ = 0; S ≠ id in general (two copies of e give 2e)	the local-to-global row is a frame operator of local readings: always positive, definite exactly when the family separates; Ш is the common kernel, a separation failure	finite family r : ι → V, real inner product space	L:Millennium/LocalFrame:theFrameFormIsPositive; L:Millennium/LocalFrame:theFrameFormIsDefiniteIffSeparating; L:Millennium/LocalFrame:theCollapseIsTheCommonKernel; L:Millennium/LocalFrame:theFrameOperatorIsNotTheIdentity	formal-checked	instance-of:compression.kernel, uses:bsd.sha-collapsed-population
bsd.mestre-height-lattice	receiver, constitution	rank-12 Shioda height form Q on the Mestre K3 family (χ = 2, fibre I₄ at ∞, twenty I₁) is Σ of twelve positive pivot squares (3, 11/3, 24/11, 23/8, 45/23, 13/5, 24/13, 59/24, 105/59, 83/35, 144/83, 7/12); pivot product = regulator = 6804 = 2²·3⁵·7; Q anisotropic	the rank-12 height form of the Mestre family is realized exactly and is definite	twelve independent sections over ℚ[T]	L:Millennium/MestreHeightLattice:theHeightFormIsASumOfSquares; L:Millennium/MestreHeightLattice:thePivotProductIsTheRegulator; L:Millennium/MestreHeightLattice:theHeightFormIsAnisotropic	formal-checked	uses:bsd.e8-height-form
bsd.millennium-instance-one	landmark	Λ(1) ≠ 0 ⇒ ord_{s=1}L = 0 for every LDatumOn; TheRankClauseOn(familyModel 1, 2, W₁) holds; ∃ integral Weierstrass W, M, D with TheRankClauseOn W M D; at one the complete statement reduces to the ledger clause	the universal Millennium rank clause is posed, consistent and satisfied at an instance	integral Weierstrass models over ℤ	L:Millennium/MillenniumInstance:theNonvanishingCentralValueForcesAnalyticRankZero; L:Millennium/MillenniumInstance:theMillenniumRankClauseIsProvedAtOne; L:Millennium/MillenniumInstance:theUniversalRankClauseIsSatisfiedSomewhere; L:Millennium/MillenniumInstance:theCompleteMillenniumStatementAtOneReducesToTheLedger	formal-checked	uses:bsd.rank-clause-at-one, uses:bsd.universal-bsd-pose
bsd.fermat-minus-fourth	compression, landmark	a⁴ − b⁴ ≠ c² for b, c ≠ 0; odd² ≡ 1, even⁴ ≡ 0, odd⁴ ≡ 1 (mod 8); the even lead fails; rs(r−s)(r+s) = e² with coprime opposite-parity r,s returns j⁴−k⁴ = w² with a smaller realizer	Fermat's own infinite descent on the minus form: one is not a congruent number, so the four half-turns are the whole population of y²=x³−x	a,b,c ∈ ℤ	L:Millennium/MinusFourth:theMinusFourthHasNoSolution; L:Millennium/MinusFourth:theDescentClosesOnCoprimeSolutions; L:Millennium/MinusFourth:theFourSquaresCore; L:Millennium/MinusFourth:theEvenLeadFails	formal-checked	uses:bsd.rank-zero-at-one
bsd.mod-two-programme-fixtures	receiver	at five: 2x²+y²+32z² ≠ 5 ≠ 2x²+y²+8z² and face image = realized eight; at one: #thick ≠ #thin/2 and no rational triangle of area 1; 17 ≡ 1 (8) with 2 a square mod 17; 5 ≡ 5 (8) with 2 a non-square mod 5	adjudication fixtures of the mod-two programme: the complete parity instance at five, the agreement instance at one, and the character data at the two certificate twists	n ∈ {1, 5, 17}	L:Millennium/ModTwoLedger:theParityInstanceAtFiveHasBothSidesComplete; L:Millennium/ModTwoLedger:theParityInstanceAtOneStands; L:Millennium/ModTwoLedger:theCharacterDataAtTheTwoCertificates	formal-checked	uses:bsd.face-image-five, uses:bsd.theta-census-tunnell
bsd.cyclotomic-norm-relation	navigator, ratio	∏_{j<l}(1 − ξη^j) = 1 − ξ^l (η primitive l-th root, domain); unramified: (1−ξ)·∏_{1≤j<l}(1−ξη^j) = 1 − ξ^l, Euler factor present; ramified: whole orbit, no Euler factor; coprime layers compose to one level	the Euler-system norm relation for cyclotomic units is one product identity; which sub-product occurs is arithmetic (the relative Galois orbit), never algebraic	0 < l, IsPrimitiveRoot η l, integral domain	L:Millennium/NormRelation:theWholeOrbitProductIsOneMinusTheLevelPower; L:Millennium/NormRelation:theHigherUnitDescendsThroughTheEulerFactor; L:Millennium/NormRelation:theTwoLayerDescentComposesToOneLevel	formal-checked	uses:trace.det-one-minus-tm
bsd.norm-relation-falsifiers	navigator	in ℤ/19: 7 primitive cube root, 4³ = 7, ∏_{j<3}(1 − 4·7^j) = 1 − 7 while (∏)(1 − 7) ≠ 1 − 7³; in ℤ/5 at even level the identity needs no oddness; Maillet D₅ = −5, D₇ = 49 = 7²; TheRelativeOrbitFillsTheCoprimeLevel is named open	the ramified and unramified layers are separated by an exhibited model, and the coprime-level orbit filling is the named open	finite models	L:Millennium/NormRelation:theRamifiedCaseIsNotTheUnramifiedOne; L:Millennium/NormRelation:theEvenLevelNeedsNoOddnessHypothesis; L:Millennium/NormRelation:theMailletDeterminantAtFive; L:Millennium/NormRelation:theMailletDeterminantAtSeven; L:Millennium/NormRelation:TheRelativeOrbitFillsTheCoprimeLevel	counterexample	uses:bsd.cyclotomic-norm-relation
bsd.official-bsd-receiver	receiver, holarchy	SourceTheory: for each actually elliptic Weierstrass E/ℚ, an analytic continuation of Mathlib's Hasse–Weil L-series, the actual E(ℚ), torsion, Ш := ker(H¹(ℚ,E) → ∏_v H¹(ℚ_v,E)), height datum, regulator, leading coefficient; BSDSourceConstructionFinishLine :⇔ ∃T ∀E: Ш finite ∧ rank = ord ∧ leading coefficient = ledger	a parameter-free BSD finish line: an empty analytic-data family cannot inhabit it, and Ш finiteness is concluded, not declared	rational elliptic curves; open	L:Millennium/OfficialBSDReceiver:SourceTheory; L:Millennium/OfficialBSDReceiver:BSDSourceConstructionFinishLine; L:Millennium/OfficialBSDReceiver:CurveConclusion; L:Millennium/OfficialBSDReceiver:familyRankClause_of_finishLine	open	uses:bsd.universal-bsd-pose
bsd.pell-chain-no-congruence-separator	cycle, compression	∀ Pell solution a (d fixed), ∀ m ≥ 1 ∃ n > 0: aⁿ ≡ (1, 0) mod m	no modulus separates a Pell chain from its own identity, so a branch through the trivial solution is refused by no congruence	d ∈ ℤ, m ≠ 0	L:Millennium/QuarticSeventeen:theChainReturnsToTheIdentityAtEveryModulus; L:Millennium/QuarticSeventeen:theCongruenceCannotSeparateTheTrivialSolution	counterexample	obstructs:bsd.seventeen-quartic
bsd.seventeen-quartic	compression, landmark	X⁴ = 1 + 17Y² splits: X even refused; X odd ⇒ branch A (X² = 2u²+1, X²+1 = 34v²) or branch B (X² = 34u²+1, X²+1 = 2v²); A forces X² ≡ −1 (mod 17) (roots 4, 13), missed by the d=2 Pell orbit ⇒ A refused mod 17; the quartic rests on B alone, which reduces to v² − 17u² = 1, X² = 2v² − 1	Ш(E₁₇)[2] rests on one Diophantine statement; congruences refuse branch A but provably cannot refuse branch B	X, Y ∈ ℕ, X ≥ 2	L:Millennium/QuarticSeventeen:theQuarticReducesToTheTwoBranches; L:Millennium/QuarticSeventeen:theEvenBranchIsRefused; L:Millennium/QuarticSeventeen:theFirstBranchIsRefusedModSeventeen; L:Millennium/QuarticSeventeen:theQuarticReducesToTheSecondBranch; L:Millennium/QuarticSeventeen:theSecondBranchIsATwoChainMeeting	formal-checked	uses:bsd.pell-chain-no-congruence-separator
bsd.seventeen-archimedean-descent-open	compression, landmark	TheArchimedeanDescentRefusesTheSecondBranch :⇔ ∀X,u,v: X² = 34u²+1 ∧ X²+1 = 2v² ⇒ X = 1; it implies X⁴ = 1+17Y² ⇒ X ≤ 1	the seventeen quartic closes given one named archimedean descent of branch B	named open Prop	L:Millennium/QuarticSeventeen:TheArchimedeanDescentRefusesTheSecondBranch; L:Millennium/QuarticSeventeen:theQuarticIsRefusedGivenTheDescent	open	uses:bsd.seventeen-quartic, equiv:bsd.seventeen-is-congruent-question
bsd.seventeen-descended-quartics	ratio, landmark	f⁴ = e⁴ + 17M² (coprime, e<f) splits into four branches; descended: s⁴ + 6s²t² + t⁴ = 17b², s⁴ − 6s²t² + t⁴ = 17a²; N(s²∓3t² + 2t²√2) = s⁴ ∓ 6s²t² + t⁴; 17 = N(5+2√2) = (5+2√2)(5−2√2); units of ℤ[√2] = solutions of x² − 2y² = ±1 (generated by 1+√2, 3+2√2)	the homogeneous seventeen descent lands on two quartics that are norm forms from ℤ[√2], the same ring whose unit refused branch A; their refusal is a named open	coprime e < f; TheDescendedQuarticsAreRefused named open	L:Millennium/QuarticSeventeen:theHomogeneousDescentSplits; L:Millennium/QuarticSeventeen:theDescendedQuarticIsANormFromZSqrtTwo; L:Millennium/QuarticSeventeen:theSeventeenSplitsInZSqrtTwo; L:Millennium/QuarticSeventeen:theUnitsOfZSqrtTwoAreThePellSolutions; L:Millennium/QuarticSeventeen:TheDescendedQuarticsAreRefused	formal-checked	uses:bsd.z-sqrt-two-euclidean
bsd.seventeen-lift-obstruction	compression, landmark	(5+2√2)(x+y√2)² has √2-part 2(x² + 5xy + 2y²); 4(x²+5xy+2y²) = (2x+5y)² − 17y²; level soluble (9² − 8² = 17·1², 4² = 2² + 5·2 + 2) but (5+2√2)(2+√2)² = 46+32√2 demands s² = 94, impossible	the descent reproduces its own shape one degree down; the obstruction is in the lift, not the level	x,y ∈ ℤ	L:Millennium/QuarticSeventeen:theConicCompletesToADifferenceOfSquares; L:Millennium/QuarticSeventeen:theDescentReproducesItsOwnShape; L:Millennium/QuarticSeventeen:theLiftGivesFortySixAndThirtyTwo; L:Millennium/QuarticSeventeen:theObstructionIsInTheLiftNotTheLevel	counterexample	uses:bsd.seventeen-descended-quartics
bsd.seventeen-principal-form	compression, cycle	x²+5xy+2y² = P(x+2y, y), 8x²+23xy+16y² = P(3x+4y, x+y) with P the principal form of disc 17; both squares with x odd ⇒ y ≡ 8 (mod 16); automorph (X,Y) ↦ (25X+64Y, 16X+41Y), det 1, from 33² − 17·8² = 1; relating matrix [[3,−2],[1,−1]] has char poly λ² − 2λ − 1 (eigenvalues 1±√2)	the seventeen obstruction is one principal form of discriminant 17 read at two points one silver-unit matrix apart; solutions come in infinite automorph orbits	x,y ∈ ℤ; ThePrincipalFormIsNeverSquareAtBothPoints named open	L:Millennium/QuarticSeventeen:theFirstFormIsPrincipal; L:Millennium/QuarticSeventeen:theSecondFormIsPrincipal; L:Millennium/QuarticSeventeen:theTwoAdicConstraintPinsTheValuation; L:Millennium/QuarticSeventeen:theAutomorphComesFromThePellUnit; L:Millennium/QuarticSeventeen:theRelatingMatrixHasTheSilverEigenvalues; L:Millennium/QuarticSeventeen:theReductionToOneFormIsFaithful	formal-checked	uses:bsd.seventeen-lift-obstruction
bsd.seventeen-sophie-germain	compression, landmark	both-odd branches are Pythagorean: (u²)² + (ef)² = (17v²)²; u² + 2n² = 17v² in ℤ[√−2] where 17 = N(3+2√−2) and units are ±1; b⁴ + 4a⁴ = 17v² = (b²−2ab+2a²)(b²+2ab+2a²) = ((b−a)²+a²)((b+a)²+a²); 17 = 1²+4²; mod 8 the split forces 4 | a, 5 being neither a square nor 17·square	the both-odd seventeen branch crosses into the terminating ring ℤ[√−2] and splits by Sophie Germain into two Gaussian norms	coprime a, b, b odd; TheDescendedQuarticIsRefused named open	L:Millennium/QuarticSeventeen:theFirstBothOddBranchIsPythagorean; L:Millennium/QuarticSeventeen:theBranchCrossesIntoTheTerminatingRing; L:Millennium/QuarticSeventeen:theSophieGermainFactorisation; L:Millennium/QuarticSeventeen:theSophieGermainSplitForcesFourDividesA; L:Millennium/QuarticSeventeen:theBranchFollowsFromTheDescendedQuartic	formal-checked	uses:bsd.z-sqrt-d-euclidean-small
bsd.seventeen-torsor	holarchy, key	f⁴ − e⁴ = 17M² is homogeneous (scales by l, l²M); dehomogenising needs a point e ≠ 0; an AddTorsor with a chosen point p is ≃ its group, and changing the point is a gauge	"homogeneous" and "no congruence refuses it" are the two halves of an everywhere locally soluble torsor: a group that has forgotten its identity, restored by a basepoint (a key)	e ≠ 0	L:Millennium/QuarticSeventeen:theEquationIsHomogeneous; L:Millennium/QuarticSeventeen:theDehomogenisationNeedsAPoint; L:Millennium/QuarticSeventeen:IsAnEverywhereLocallySolubleTorsor; L:Millennium/QuarticSeventeen:theBasepointTrivialisesTheTorsor; L:Millennium/QuarticSeventeen:theIdentificationIsAGauge	formal-checked	uses:bsd.sha-collapsed-population, uses:navigator.initial-configuration
bsd.rank-one-five-point	landmark, swing	on y² = x³ − 25x: P = (−4,6), 2P = (1681/144, −62279/1728); faces T0 ↦ (−25,−5), T5 ↦ (5,50), T−5 ↦ (−5,−10), P ↦ (−4,−9), 2P ↦ (1681/144, 961/144) = (41²/12², 31²/12²); P separated from every torsion image; five is congruent via (3/2, 20/3, 41/6)	the descent face meets a point of infinite order at five; the double reads trivial as the homomorphism predicts	n = 5	L:Millennium/RankOne:theDoubleIsComputed; L:Millennium/RankOne:theFaceValues; L:Millennium/RankOne:theFaceSeparatesTheNewPoint; L:Millennium/RankOne:theDoubledSlotsAreSquares	formal-checked	uses:bsd.face-homomorphism
bsd.rank-one-named-opens	landmark	RankOne.ThePointHasInfiniteOrder, RankOne.TheTorsionIsTheKleinGroup, RankOne.TheFaceIsAHomomorphismEverywhere, Descent.TheKernelIsTheDoubledPopulation, Descent.TheFourHalfTurnsAreTheWholePopulation (all since discharged elsewhere)	the named-open Props of the BSD route chart, each posed where first met and discharged by a later file	y² = x³ − x, y² = x³ − 25x	L:Millennium/RankOne:ThePointHasInfiniteOrder; L:Millennium/RankOne:TheTorsionIsTheKleinGroup; L:Millennium/Descent:TheKernelIsTheDoubledPopulation; L:Millennium/Descent:TheFourHalfTurnsAreTheWholePopulation	definition	uses:bsd.five-torsion-klein, uses:bsd.rank-zero-at-one, uses:bsd.face-homomorphism-route-curves
bsd.rank-zero-at-one	landmark, compression	(x,y) on y² = x³ − x, y ≠ 0 ↦ X = (x²+1)/(2y), Y = (x⁴−6x²+1)/(4y²) with X⁴ − 1 = Y²; (x²+1)⁴ − 16y⁴ = (x⁴−6x²+1)²; x⁴ − 6x² + 1 ≠ 0 over ℚ; so E₁(ℚ) = {O, (0,0), (±1,0)} ≅ (ℤ/2)² and no rational right triangle has area 1	the first complete rank computation: the four half-turns are the whole population and one is not a congruent number	n = 1	L:Millennium/RankZero:theClearedBridgeIdentity; L:Millennium/RankZero:theCurveHasNoPointOffTheHalfTurns; L:Millennium/RankZero:theFourHalfTurnsAreTheWholePopulationHolds; L:Millennium/RankZero:theOneIsNotACongruentNumber	formal-checked	uses:bsd.fermat-minus-fourth
bsd.reflection-census	receiver, swing	p ≡ 3 (mod 4): −1 non-square; Σ_x #{y : y² = x³+ax} = p for every a (x ↦ −x makes the summand odd); #E(𝔽₁₃)ᵃᶠᶠ = 7, #E(𝔽₁₇) = 15, #E(𝔽₂₉) = 39 for y²=x³−x with (13−7)² = 4·3², 3²+2² = 13, (17−15)² = 4·1², 1²+4² = 17; the twist by 5 flips the sign at 13 (count 19)	half-turn primes are blind frames whose census the reflection integrates to p; sighted primes read the Gaussian winding a_p² = 4A²	p odd prime	L:Millennium/ReflectionCensus:theReflectionIntegratesTheCensus; L:Millennium/ReflectionCensus:theQuarterTurnIsInvisible; L:Millennium/ReflectionCensus:theSightedFrameReadsTheWinding; L:Millennium/ReflectionCensus:theWindingAgreesAtTheControls; L:Millennium/ReflectionCensus:theTwistFlipsTheSign	formal-checked	uses:swing.half-turn, uses:bsd.blind-frames
bsd.selmer-calculus	receiver, compression	Sel = ⋂_i r_i⁻¹(L_i); local admission of φ ⇒ im φ ≤ Sel; Sel ≤ im φ ⇔ every everywhere-locally-admitted α is realized; ∃ blind receiver families with im φ ⊊ Sel	the Selmer group is what every receiver admits; the obstruction Sel/im φ is exactly the population no receiver can see, and a receiver family can be blind	abelian groups, receiver family r_i : A → T_i, L_i ≤ T_i	L:Millennium/SelmerCalculus:selmer; L:Millennium/SelmerCalculus:theImageSitsInsideTheSelmerGroup; L:Millennium/SelmerCalculus:theObstructionVanishesExactlyWhenEveryLocalClassIsGlobal; L:Millennium/SelmerCalculus:theReceiverFamilyCanBeBlind; L:Millennium/SelmerCalculus:theFourSlotsOfTheDemand	formal-checked	instance-of:compression.cokernel, uses:bsd.cokernel-calculus
bsd.selmer-landing	receiver	(2) is the only height-one prime of ℤ containing 2; cls(a) = cls(b) ⇔ a = c²b; cls(±1), cls(±2) ∈ ℚ⟮{(2)},2⟯ (IsDedekindDomain.selmerGroup) and cls(2) ∉ the empty-aperture Selmer group; the four classes are pairwise distinct, closed under product, exponent two	the four computed descent classes of y²=x³−x land in mathlib's own Selmer group, and the bespoke square-class relation is the library quotient	R = ℤ, K = ℚ, n = 2, S = {(2)}	L:Millennium/SelmerLanding:theOnlyPrimeContainingTwoIsThePrimeTwo; L:Millennium/SelmerLanding:theClassEqualityIsASquareFactor; L:Millennium/SelmerLanding:theFourClassesLieInTheSelmerGroup; L:Millennium/SelmerLanding:theTwoClassIsRefusedWhenThePrimeTwoIsRemoved; L:Millennium/SelmerLanding:theSquareClassRelationIsQuotientEquality; L:Millennium/SelmerLanding:theFaceClassGroupHasExponentTwo	formal-checked	uses:bsd.route-curve-one
bsd.sha-two-at-one	receiver, compression	descent image of y² = x³ − x = {(1,1), (−1,−1), (1,2), (−1,−2)} = ⟨cls(−1), cls(2)⟩-pairs ⊊ Sel_{(2)} × Sel_{(2)}; (cls 2, cls 1) is Selmer but not realized; ShaTwoOfTheCongruentCurveVanishes(L) :⇔ L ≤ Sel² ∧ L = image	Ш[2] = 0 at one holds for the computed image and fails for the whole Selmer pair group: the local admissibility must be declared, not taken as the full Selmer group	n = 1, aperture {(2)}	L:Millennium/SelmerLanding:theDescentImageIsTheFourFacePairs; L:Millennium/SelmerLanding:theDescentImageIsProperInTheSelmerPairGroup; L:Millennium/SelmerLanding:theTwoOnePairIsOutsideTheDescentImage; L:Millennium/SelmerLanding:theShaStatementIsSatisfiedByTheComputedImage; L:Millennium/SelmerLanding:theShaStatementFailsForTheWholeSelmerPairGroup	counterexample	uses:bsd.selmer-landing
bsd.seventeen-obstruction	receiver, compression, landmark	on y² = x³ − 17²x (17 ≡ 1 mod 8, −1 and 2 squares mod 17): face ∈ SelmerSixteen (32 die in the real frame, 16 at the frame of eight); realized four: (1,1), (−1,−17), (17,2), (−17,−34); the twelve other classes (three cosets) pass every 2^k- and 17^k-adic frame; their global refusal is the named open TheInvisibleCosetsAreGloballyRefused	seventeen exhibits the first Ш phenomenon: twelve locally invisible descent classes that no congruence at any depth refuses	n = 17, all k ∈ ℕ	L:Millennium/SeventeenObstruction:theSeventeenFaceLiesInTheSelmerSixteen; L:Millennium/SeventeenObstruction:theRealizedFourAreInTheImageAtSeventeen; L:Millennium/SeventeenObstruction:theInvisibleCosetsPassEveryTwoAdicFrame; L:Millennium/SeventeenObstruction:theInvisibleCosetsPassEverySeventeenAdicFrame; L:Millennium/SeventeenObstruction:theObstructionIsExhibited	formal-checked	uses:bsd.face-homomorphism, instance-of:compression.cokernel
bsd.seventeen-global-refusal-open	compression, landmark	TheInvisibleCosetsAreGloballyRefused :⇔ no P ∈ E₁₇(ℚ) has face (1,2) or the other two invisible cosets; TheQuarticIsRefused :⇔ ∀E,F,M: F⁴ − E⁴ = 17M² ⇒ E² = F²	the global refusal of the three invisible cosets is one named open Diophantine statement	named open Props	L:Millennium/SeventeenObstruction:TheInvisibleCosetsAreGloballyRefused; L:Millennium/SeventeenSeparator:TheQuarticIsRefused	open	uses:bsd.seventeen-obstruction, equiv:bsd.seventeen-archimedean-descent-open
bsd.sha-collapsed-population	receiver, compression	every 2-adic reading is true on all four cosets; collapseOf(localFrames, c, d) for all cosets c, d; ¬∃f ∈ localFrames: f c ≠ f d; each coset system reduces to F⁴ − E⁴ = 17·M² (M = NC, 2Nc, Nc)	Ш is a collapsed population of the local receiver family: a separator for the invisible classes lies outside every local frame, so no congruence argument can close the gap	n = 17	L:Millennium/SeventeenSeparator:theFramesReadTrueEverywhere; L:Millennium/SeventeenSeparator:theLocalFramesCollapseTheInvisibleCosets; L:Millennium/SeventeenSeparator:theSeparatorLiesOutsideEveryLocalFrame; L:Millennium/SeventeenSeparator:theFirstCosetReducesToTheQuartic	counterexample	instance-of:compression.kernel, uses:bsd.seventeen-obstruction
bsd.stratum-descent	receiver, compression	p ≡ 3 (mod 8): governanceMatrix(p) = diag([−1 non-square], [2 non-square]) = I over 𝔽₂; face image of y² = x³ − p²x is exactly {(1,1), (−1,−p), (p,2), (−p,−2p)}	the completed descent for every prime in the three-mod-eight class: corank zero, infinitely many Ш[2]-vanishing certificates in one theorem	p prime, p ≡ 3 mod 8	L:Millennium/StratumDescent:theStratumDescentIsComplete; L:Millennium/StratumDescent:theRealizedFourAreInTheImageOnTheStratum; L:Millennium/StratumDescent:theGovernanceCorankLawOnTheStratum; L:Millennium/StratumDescent:governanceMatrix	formal-checked	uses:bsd.genocchi-three-mod-eight, instance-of:compression.cokernel
bsd.tate-ledger-at-one	receiver, ratio	y² = x³ − x at 2: Δ = 64 = 2⁶, c₄ = 48 = 2⁴·3, one singular point (1,0) mod 2, ladder stops at type III (2 | b₂ = 12, 4 | a₆ = 0, 8 ∤ −4); the twist by 5 stops at the same rung; at 5: Δ = 5⁶·2⁶, cubic splits; |E(ℚ)_tors| = 4; L(1)/Ω = 1/8 = 2·1·1/4²	the BSD formula at one is a remainder ledger: Tamagawa numbers read by Tate's depth ladder, and the ledger balances at 1/2³	n = 1 (and 5 at two)	L:Millennium/TateLedger:theSingularPointOfTheFrameAtTwo; L:Millennium/TateLedger:theTypeThreeBranchAtTwo; L:Millennium/TateLedger:theTypeThreeBranchAtTwoTwisted; L:Millennium/TateLedger:theLedgerBalancesAtOne; L:Millennium/TateLedger:theLedgerAtOne	formal-checked	uses:bsd.ledger-clause, uses:trace.place-ledger
bsd.theta-census-tunnell	receiver, landmark	#{2x²+y²+32z² = 1} = #{2x²+y²+8z² = 1} = 2 (both {(0,±1,0)}); 2 ≠ 2/2, so L(E₁,1) ≠ 0 and 1 is not congruent; at 3 both censuses are {(±1,±1,0)}, 4 ≠ 4/2; at 5 both are empty and P has infinite order	Tunnell's comparison is a finite theta census: at one the two sides of the question agree	n ∈ {1, 3, 5}	L:Millennium/ThetaCensus:theTunnellComparisonRefusesEquality; L:Millennium/ThetaCensus:theAnalyticAndRealizedSidesAgreeAtOne; L:Millennium/ThetaCensus:theCensusesDifferAtThree; L:Millennium/ThetaCensus:theVanishingCensusMeetsTheInfiniteChainAtFive	formal-checked	uses:bsd.tunnell-theta-carrier, uses:bsd.rank-zero-at-one
bsd.jacobi-quartic	tower, landmark	θ₂(t)² = 2θ₂(2t)θ₃(2t); θ₃(t)⁴ = θ₂(t)⁴ + θ₄(t)⁴	the fourth cell-division law and its corollary, Jacobi's quartic identity, from one linear combination of the four cell laws	t > 0	L:Millennium/ThetaQuartic:theShiftedProductFace; L:Millennium/ThetaQuartic:theJacobiQuartic	formal-checked	uses:bsd.landen-lattice-mean-step, uses:arith.theta-jacobi
bsd.theta-reflection-fixed-point	swing, landmark	θ₃(t) = ϑ(it); θ₃(1/t) = √t·θ₃(t); θ₂(1/t) = √t·θ₄(t); at the fixed point t = 1: θ₂(1) = θ₄(1), θ₃(1)⁴ = 2θ₄(1)⁴	the plain theta leg reflects about the scale fixed point t=1, where the lemniscatic values live: the √2 of the AGM	t > 0	L:Millennium/ThetaReflection:theThetaLegReflects; L:Millennium/ThetaReflection:theShiftedLegReflects; L:Millennium/ThetaReflection:theLemniscaticPoint	formal-checked	uses:bsd.jacobi-quartic, instance-of:swing.half-turn
bsd.universal-bsd-pose	receiver, landmark	LDatumOn W M: a_p = traces of Frobenius at good p, Euler recursion, entire continuation agreeing with the Dirichlet series, conductor, sign, Λ(2−s) = wΛ(s); TheRankClauseOn W M D :⇔ ord_{s=1}L = rank W(ℚ); TheBirchSwinnertonDyerRankConjecture :⇔ ∀W,M,D: TheRankClauseOn W M D	the rank conjecture posed for every integral Weierstrass model over ℤ, with the congruent family pose as an instance	open as a statement	L:Millennium/UniversalBSD:LDatumOn; L:Millennium/UniversalBSD:TheRankClauseOn; L:Millennium/UniversalBSD:TheBirchSwinnertonDyerRankConjecture; L:Millennium/UniversalBSD:ofFamilyDatum	open	generalizes:bsd.rank-clause
bsd.universal-conjecture-consequences	landmark	under TheBirchSwinnertonDyerRankConjecture: family pose holds; p ≡ 5, 7 (mod 8) ⇒ rank E_p = 1 (p congruent); p ≡ 3 (mod 8) ⇒ analytic rank 0 for every datum	the universal conjecture makes every odd-sign prime a congruent number and pins the dial on the congruent family	p prime; conditional on the universal rank conjecture	L:Millennium/UniversalBSD:theFamilyPoseIsAnInstance; L:Millennium/UniversalBSD:theUniversalConjectureMakesEveryOddSignPrimeCongruent; L:Millennium/UniversalBSD:theUniversalDialOnTheCongruentFamily	formal-checked	uses:bsd.universal-bsd-pose, uses:bsd.unconditional-rank-dial
bsd.universal-ledger-clause	receiver, ratio	lim_{s→1} L(E,s)/(s−1)^r = Ω·Reg·∏_v c_v·|Ш| / |E(ℚ)_tors|²; HeightDatum: ĥ ≥ 0, ĥ(nP) = n²ĥ(P), parallelogram law, ĥ = 0 ⇔ torsion; Reg = det of the height Gram on a basis mod torsion; complete conjecture ⇒ rank conjecture; rank 0 ⇒ every point torsion and the ledger is the central value	the complete Millennium statement carries the leading-coefficient ledger with declared height and arithmetic data	integral Weierstrass models; open as a statement	L:Millennium/UniversalBSDLedger:HeightDatum; L:Millennium/UniversalBSDLedger:regulator; L:Millennium/UniversalBSDLedger:TheLedgerClauseOn; L:Millennium/UniversalBSDLedger:TheBirchSwinnertonDyerConjecture; L:Millennium/UniversalBSDLedger:theCompleteConjectureImpliesTheRankConjecture; L:Millennium/UniversalBSDLedger:theRankZeroForcesAllTorsion	open	uses:bsd.universal-bsd-pose, uses:bsd.tate-telescoping-height
bsd.winding-census-five	cycle, receiver	on y² = x³ − 25x: (3x²−25)² − 8xy² = (x²+25)²; 2Q = 0 ⇔ Q ∈ {O, T0, T5, T−5}; 2Q ∉ {T0, T5, T−5}; 4Q = 0 ⇒ 2Q = 0; Q ≠ 0 ⇒ 3Q ≠ 0; n ≤ 4 ∧ nQ = 0 ⇒ Q ∈ Klein; torsion = Klein ⇐ TheDistantPrimeWindingsNeverClose	the torsion classification as a census of closed windings, read receiver by receiver; everything hangs on the distant prime windings	n = 5	L:Millennium/WindingCensus:theSecondWindingClosesExactlyOnTheTable; L:Millennium/WindingCensus:theDoubledRouteAvoidsTheTable; L:Millennium/WindingCensus:theThirdWindingNeverCloses; L:Millennium/WindingCensus:theCensusBelowTheFifthWinding; L:Millennium/WindingCensus:theCensusReducesToTheDistantPrimeWindings	formal-checked	uses:winding.ledger, uses:aeon.pairing
bsd.prime-axes	receiver, compression	ℚ^×/(ℚ^×)² free 𝔽₂-space on sign + primes; face coordinates vanish off the axes of ab(a−b); coordinates determine the square class (square class = collapse of the prime-axis receiver); #E(ℚ)/2E(ℚ) ≤ 2^{2(ω+1)}; rank ≤ 2(ω(ab(a−b)) + 1)	the primes are the axes and the rank is a dimension: the descent image lives in a 2(ω+1)-dimensional 𝔽₂-space	a ≠ 0, b ≠ 0, a ≠ b	L:Millennium/PrimeAxes:theFaceIsSupportedOnThePrimeAxes; L:Millennium/PrimeAxes:theCoordinateVectorDeterminesTheSquareClass; L:Millennium/PrimeAxes:theQuotientIsBoundedByThePrimeAxisDimension; L:Millennium/PrimeAxes:theRankIsBoundedByTheOccupiedPrimeAxes; L:Millennium/PrimeAxes:theSquareClassIsTheCollapseOfThePrimeAxisReceiver	formal-checked	uses:bsd.square-class-coordinates, instance-of:compression.kernel
bsd.shioda-tate-budget	compression, holarchy	ρ = 2 + Σ_v(m_v − 1) + rank MW; K3: ρ ≤ 20 ⇒ rank ≤ 18, and rank 18 ⇒ ρ = 20 with every fibre irreducible; rational surface ledger (ρ = 10) gives 8, Elkies K3 (ρ = 19) gives 17	the rank records are a lattice budget: a reducible fibre spends a realizer the rank then cannot have	elliptic fibrations; TheEighteenBudgetIsUnattainableOverTheRationals named open	L:Millennium/RealizerSupply:theReducibleFibreSpendsARealizer; L:Millennium/RealizerSupply:theBudgetCapsAtEighteen; L:Millennium/RealizerSupply:theTopOfTheBudgetForcesEveryFibreIrreducible; L:Millennium/RealizerSupply:TheEighteenBudgetIsUnattainableOverTheRationals	formal-checked	
bsd.rank-ceiling	ratio	rankCeiling(η, κ) = 2 + (3/2 + κ)/η; (1/12, 1/12) ↦ 21; (1/12, 3/4) ↦ 29; (19/336, 1/12) ↦ 30; strictly decreasing in η	the rank ceiling is a rational function of the height and regulator exponents; the 2026 rank-30 record exceeds the calibrated ceiling and demands η = 19/336	η > 0, κ ≥ 0; calibration named open	L:Millennium/RealizerSupply:rankCeiling; L:Millennium/RealizerSupply:theCalibratedCeilingIsTwentyOne; L:Millennium/RealizerSupply:theRecordDemandsASmallerHeightExponent; L:Millennium/RealizerSupply:theCeilingFallsAsTheHeightExponentGrows; L:Millennium/RealizerSupply:TheHeightExponentIsCalibratedAtOneTwelfth	formal-checked	
bsd.four-square-shell-divisor-gate	receiver	coeff_n θ⁴ = #totalFourSquareShell(n); coeff_n θ⁴ − coeff_n Lambert = shell-divisor defect; at an odd prime: coeff_p θ⁴ = coeff_p Lambert ⇔ #{N(α) = p} = 8(p+1); coeff_1 agrees	before its proof, the Jacobi four-square passage was isolated as one shell/divisor count at each address, never a whole-series equality (the Lambert receiver has nonzero even coefficients)	n ∈ ℕ; p odd prime	L:Millennium/FamilyTunnellJacobiQuarticProduct:coeff_fullFourSquareTheta_eq_totalFourSquareShell_card; L:Millennium/FamilyTunnellJacobiFourSquareClosure:coeff_fullFourSquareTheta_sub_lambert_eq_shellDivisorDefect; L:Millennium/FamilyTunnellJacobiFourSquareClosure:coeff_fullFourSquareTheta_eq_lambert_iff_oddPrimeHamiltonLaw; L:Millennium/FamilyTunnellJacobiQuarticProduct:coeff_fullFourSquareTheta_eq_lambert_one	formal-checked	uses:bsd.four-square-shell-reconstruction, specializes:bsd.jacobi-four-square
bsd.jacobi-unit-theta-receiver	receiver, swing	coeff_n θ_ε = Σ_{m² = n} ε^m (m ∈ ℤ); θ₊₁ = θ₀ + 2θ₁ + θ₂ (quarter-residue streams, opposite odd residues folded by m ↦ −m); θ₋₁ has the signed fold; the Jacobi positive/negative unit products equal the folded quarter-square thetas	the Laurent unit receiver reopens into its complete integral square-root population before any residue fold	ε ∈ {±1}	L:Millennium/FamilyTunnellJacobiUnitThetaReceiver:coeff_unitSquareTheta_eq_squareRootCurrent; L:Millennium/FamilyTunnellJacobiUnitThetaReceiver:unitSquareTheta_one_eq_foldedQuarterSquareTheta; L:Millennium/FamilyTunnellJacobiUnitThetaReceiver:unitSquareTheta_neg_one_eq_foldedQuarterSquareTheta; L:Millennium/FamilyTunnellJacobiUnitThetaReceiver:jacobiPositiveUnitProduct_eq_foldedQuarterSquareTheta	formal-checked	uses:swing.half-turn
ns.official-alternatives	coholon, holon	TheOfficialNavierStokesProblem := A ∨ B ∨ C ∨ D; A: ∀ν>0 ∀u₀ (div u₀=0, C^∞, rapid decay) ∃(u,p) global smooth ℝ³ solution with uniformly bounded ∫‖u‖²; B: ∀ν>0 ∀u₀ (div-free, C^∞, 1-periodic) ∃(u,p) global smooth periodic solution, f=0; C, D: admitted (u₀,f) with no such solution	the Clay target accepts any one of four alternatives, each posed as a Prop and none selected	ℝ³ or unit 3-torus chart; periodic pressure in B, D (Clay erratum)	L:Millennium/NavierStokes:TheOfficialNavierStokesProblem; L:Millennium/NavierStokes:StatementB	open	instance-of:fluid.navier-stokes
ns.smooth-solution-law	coholon, holon, constitution	∂ₜu + (Du)u = νΔu − ∇p + f, div u = tr Du = 0, u(·,0)=u₀, u and p C^∞ on ℝ³×[0,∞)	the momentum law with divergence read as the trace of the velocity differential	t ≥ 0	L:Millennium/NavierStokes:SmoothSolution; L:Millennium/NavierStokes:divergence	definition	instance-of:fluid.navier-stokes
ns.adaptive-shell-windows	epoch, receiver	W_j = [b − (b−a)·4^{−j}, b] ⊆ [a,b], |W_j| = (b−a)·4^{−j}; rectangle L¹ = adaptive off-diagonal fibre + matched diagonal	shell j is read on its own reciprocal parabolic epoch of the addressed interval, and the scale–time rectangle splits into the matched diagonal plus the earlier-history reconstruction fibre	a ≤ b; no unit exterior time	L:Millennium/NavierStokesAdaptiveClockMatchedPacking:adaptiveSmoothDyadicTerminalWindow_length; L:Millennium/NavierStokesAdaptiveClockMatchedPacking:compactOpenSmoothDyadicFiniteScaleTimeRectangleL1_eq_adaptiveOffDiagonal_add_matched	formal-checked	uses:aeon.pairing
ns.adaptive-matched-cofinal	coholon, receiver, receipt	Σ_j (∫_{W_j} ‖ω_j‖_∞)² ≤ C·(b−a)·|Re ∫_a^b W_cofinal|, W_cofinal = complete cofinal linear multiplier work (scale-zero stretching and Hermitian transport boundaries retained)	the infinite adaptive matched diagonal is paid by the exact cofinal signed physical-work integral, not by an envelope	open periodic solution, f=0, 0<a≤b<T; no off-diagonal or terminal claim	L:Millennium/NavierStokesAdaptiveMatchedCofinalDiagonal:tsum_compactOpenSmoothDyadicAdaptiveMatchedBandL1_sq_le_cofinalWork; L:Millennium/NavierStokesAdaptiveMatchedPhysicalService:compactAdaptiveMatchedCofinalSquareService_eq_endpointEnstrophy; L:Millennium/NavierStokesAdaptiveClockPhysicalPhaseLedger:openPeriodicSolutionOn_adaptiveMatchedL1Prefix_sq_le_physicalPhase	formal-checked	uses:ns.adaptive-shell-windows, uses:ns.cofinal-work-enstrophy
ns.adaptive-rectangle-h3	coholon, receiver, tower	‖rectangle_N‖_{L¹} ≤ restart payment + (Σ_j ρ_j)·∫_a^b ‖ω‖²_{H³_w} + |Re ∫_a^b W_cofinal|, Σ_j ρ_j < ∞ independent of depth N	finite dyadic depth leaves the right side: the off-diagonal history is paid by the reciprocal-clock density times the native weighted H³ square current, the diagonal by its cofinal receiver	compact interior interval; terminal exhaustion still needs an endpoint-uniform bound	L:Millennium/NavierStokesAdaptiveRectangleH3Service:compactOpenSmoothDyadicFiniteScaleTimeRectangleL1_le_H3Service; L:Millennium/NavierStokesAdaptiveRectanglePhysicalService:compactOpenSmoothDyadicFiniteScaleTimeRectangleL1_le_physicalH3Service; L:Millennium/NavierStokesAdaptiveRectanglePhysicalService:openPeriodicVorticityTerminalSmoothDyadicPacking_le_of_uniformPhysicalH3Service	formal-checked	uses:ns.adaptive-matched-cofinal, uses:ns.reciprocal-clock-triangle
ns.order-three-single-frequency-bar	coholon, receiver	¬∃C ∀n, ‖e_{k(n)}‖²_{H³} ≤ C·‖e_{k(n)}‖²_{H¹} on single axial-frequency populations	order-three Sobolev mass is not paid by order-one mass on one Fourier occurrence	k(n) = n·e₂	L:Millennium/NavierStokesAdaptiveNonlinearSourceSquareOwner:no_uniform_orderOne_bound_for_orderThree_singleFrequencyPopulations	counterexample	obstructs:ns.adaptive-rectangle-h3
ns.clocked-order-three-bar	coholon, receiver, epoch	¬∃C ∀n, ∫_{clock aperture, |I_n| = 1/‖e_n‖²_{H²}} ‖e_n‖²_{H³} ≤ C·(energy + enstrophy + dissipation budget of e_n)	the temporal face ∫‖·‖²_{H³} of the square owner is not paid by the unconditional energy/enstrophy currents, even on a reciprocal clock aperture	one Fourier occurrence per n	L:Millennium/NavierStokesAdaptiveNonlinearSourceTemporalPayment:no_uniform_mixed_lower_current_bound_for_clocked_orderThree	counterexample	obstructs:ns.adaptive-rectangle-h3
ns.orthogonal-output-separator	receiver, coholon	¬ (‖J·r⊥‖_{L¹} ≤ C·|⟨r⊥, S r⊥⟩|) for the orthogonal separator Jacobian and receiver	a scalar signed stretching reading cannot pay the absolute orthogonal-output direction remainder	explicit 3×3 witness, every C	L:Millennium/NavierStokesAdaptiveNonlinearTriangleService:no_scalar_signedStretching_bound_for_absoluteOrthogonalOutput	counterexample	obstructs:ns.aligned-strain-budget
ns.reciprocal-clock-triangle	coholon, epoch, tube	a ≤ s ≤ t ≤ t_j: ∫_{s}^{t_j} e^{−ν|k|²(t−s)} dt ≤ 1/(ν|k|²) ~ 4^{−j}/ν for k in shell j; the Duhamel triangle is served mode by mode with no depth multiplier	integrating the heat multiplier in target time first pays every mode by the reciprocal clock of its dyadic shell, keeping chronology	adaptive off-diagonal Duhamel triangle; nonlinear vorticity-mode population retained	L:Millennium/NavierStokesAdaptiveNonlinearTriangleService:compactAdaptiveOffDiagonalScaleCriticalNonlinearSourceContribution_le_reciprocalClockSource; L:Millennium/NavierStokesAdaptiveOffDiagonalMildHeatTransport:compactOpenSmoothDyadicAdaptiveOffDiagonalFiber_le_restartPayment_add_nonlinearSourcePrefix	formal-checked	uses:thermal.heat-kernel
ns.algebraic-axis-no-pressure	coholon, holon	profile F(z)=(1+z²)^{−p/2} with its constructed strain: ¬∃ p∈C², residual_axial + ∇p = 0	the positive algebraic axial lift has no pressure completion, so it is not a Navier–Stokes profile	p > 0, all α, β	L:Millennium/NavierStokesAlgebraicAxis:algebraicAxialLift_has_no_pressure_completion	counterexample	uses:ns.axial-lift-compatibility
ns.aligned-strain-budget	coholon, constitution	⟨(ω·∇)u, ω⟩ = ⟨Sω, ω⟩, S = sym Du; ‖ω(x,t)‖ ≤ ω_crit(t₀)·exp(A(t)), A(t) = accumulated aligned-strain budget on [t₀,t)	only extension along the vorticity's own frame is a source; a time budget for the aligned strain on a terminal tail bounds the vorticity and returns compatible extension	ν ≥ 0, periodic, t ∈ [t₀,T)	L:Millennium/NavierStokesAlignedStrainBudget:norm_vorticity_le	formal-checked	uses:ns.vorticity-equation
ns.critical-dilation-gap	ratio	|n − m/7| ≥ 1/7 for 7n ≠ m; (n − m/7)·ã_n = a_n − resonance_n; ‖ã_n‖ ≤ 7‖a_n‖; (z∂_z − m/7)(Σ ã_n zⁿ) = Σ a_n zⁿ − resonant monomial	the critical swirl dilation inverts by coefficient division on the source ball, keeping the resonant coefficient as a residual	m,n ∈ ℕ; Σ‖a_n‖Rⁿ < ∞; compatible source admits the resonant monomial fibre	L:Millennium/NavierStokesAnalyticDilationInverse:critical_divisor_gap; L:Millennium/NavierStokesAnalyticDilationInverse:inverseCoefficient_bound; L:Millennium/NavierStokesAnalyticDilationInverse:inverseSeries_returns_residual; L:Millennium/NavierStokesAnalyticDilationInverse:inverseSeries_solves_compatible_source	formal-checked	uses:ratio.div-rem
ns.anisotropic-frame	holon, coholon	D(r,z)=diag(r,r,z), det D = r²·z, D* = D, D D* = D(r²,z²), metric M(r,z)=diag(r⁻²,r⁻²,z⁻²), kinetic metric ⟨U,U⟩_(r,z) = ‖D U‖², grid rate D⁻¹Ḋ = diag(ṙ/r,ṙ/r,ż/z)	the two-length anisotropic chart keeps every inverse, metric and rate with its nonzero-factor hypothesis	r ≠ 0, z ≠ 0	L:Millennium/NavierStokesAnisotropicFrame:diagonalFrame_det; L:Millennium/NavierStokesAnisotropicFrame:kineticMetric_eq_norm_sq; L:Millennium/NavierStokesAnisotropicFrame:gridRate_apply; L:Millennium/NavierStokesAnisotropicDynamics:OpenPeriodicSolutionOn.anisotropic_energy_hasDerivAt	formal-checked	
ns.radial-viscous-clock	aeon, constitution	clock rate b = r²/k: r²/b = k, radial viscosity ν·b/r² = ν/k, axial viscosity ν·b/z² = (ν/k)(r/z)²; exponential clock rate for r = r₀e^{βt}	a radial viscous clock fixes the angular reconstruction and carries the aspect-ratio source in the axial viscosity and reduced pressure	k ≠ 0, r ≠ 0, z ≠ 0; chart choice, not a profile theorem	L:Millennium/NavierStokesAnisotropicViscousClock:angular_reconstruction_fixed; L:Millennium/NavierStokesAnisotropicViscousClock:viscosities; L:Millennium/NavierStokesAnisotropicViscousClock:reduced_diffusion	formal-checked	uses:ns.anisotropic-frame
ns.anisotropic-pressure-mean	coholon, receiver	aspect·⟨(r/K)² p⟩_cell + ⟨((b/z)·u_z)²⟩_cell is the joined pressure–vertical-square mean; d/dt of the pressure mean = −d/dt of the vertical-square mean	after diagonal transport the pressure mean and the vertical-velocity-square mean move as one quantity on the moving cell	open periodic solution, f=0; r, z, K ≠ 0	L:Millennium/NavierStokesAnisotropicPressureMean:anisotropic_pressure_mean_add_vertical_square_mean_eq; L:Millennium/NavierStokesAnisotropicPressureMean:anisotropic_pressure_mean_deriv_eq_neg_vertical_square_mean_deriv	formal-checked	uses:ns.anisotropic-frame
ns.quartic-pressure-current	coholon, holon	−diag(1,1,ε)·∇P_ε(x) = regular cubic current J_ε(x), div J_ε = 0, J_ε(0)=0, DJ_ε(0)=0, including ε = 0; J_ε = J_0 + ε·(axial frame current)	the metric gradient of the anisotropic quartic pressure is a regular divergence-free cubic current through the degenerate aspect	ε ∈ ℝ	L:Millennium/NavierStokesAnisotropicQuarticCurrent:neg_diagonalMetric_gradient_eq_current; L:Millennium/NavierStokesAnisotropicQuarticCurrent:divergence_anisotropicQuarticCurrent; L:Millennium/NavierStokesAnisotropicQuarticCurrent:fullQuarticPressureForce_eq_negative_gradient	formal-checked	
ns.affine-angular-residual	coholon, constitution	u = u₀ + μ(t)u₁ with μ' = −(α−β)μ: the normalization current of the first response cancels its time derivative; the leading angular current remains; c₀/2 ≤ poly when 2μ(|c₁|+|c₂|) ≤ c₀	the complete Cartesian residual of an affine viscosity response keeps both quadratic products and the vector Laplacian	0 ≤ μ ≤ 1	L:Millennium/NavierStokesAffineAngularResidual:affineVelocity_angular_residual; L:Millennium/NavierStokesAffineAngularResidual:polynomial_lower_bound	formal-checked	
ns.annular-four-corner	receiver, tower	Δ²_{0-pad} V_r(i) is supported at four corners with values ±1/(r+1); Σ_i |Δ² V_r(i)| = 4/(r+1)	the zero-padded second difference of the centered de la Vallée Poussin profile has reciprocal-scale total curvature	r ∈ ℕ, padded length 4r+3	L:Millennium/NavierStokesAnnularHodgeCoefficientVariation:zeroPaddedSecondDifference_centeredValleePoussinProfile; L:Millennium/NavierStokesAnnularHodgeCoefficientVariation:sum_norm_zeroPaddedSecondDifference_centeredValleePoussinProfile	formal-checked	
ns.annular-hodge-linear-mass	receiver, constitution	Σ_i ‖c^{Hodge}_{r}(i)‖ ≤ #centered frequencies at outer radius (linear in r); k ∉ cube(r+1) ⇒ (r+2)² ≤ |k|²	the reindexed Hodge coefficient slice has linear-in-radius mass, and leaving the inner cube costs at least the next squared radius	r ∈ ℕ, axis, component, coordinate, input ∈ Fin 3	L:Millennium/NavierStokesAnnularHodgeCoefficientVariation:sum_norm_annularHodgeCoefficientSlice_le_count; L:Millennium/NavierStokesAnnularHodgeLocalizedVariation:radius_add_two_sq_le_frequencySquared_of_not_mem_inner	formal-checked	uses:constitution.hodge-split
ns.annular-hodge-one-axis-1937	receiver, constitution	Σ_{i<4r+9} ‖Δ²_{0-pad} c^{Hodge}_{r,axis,base}(i)‖ ≤ 1937/(r+1); wholly inner stencils cancel exactly; the active inner-boundary stencils are only i ∈ {r+2, r+3, 3r+5, 3r+6}	the one-coordinate second variation of the annular Hodge coefficient is reciprocal in the scale, with boundary stencils bounded by their curvature, never their count	base in the outer cube	L:Millennium/NavierStokesAnnularHodgeInnerStencilSum:sum_norm_zeroPaddedSecondDifference_annularHodgeCoefficientSlice_le_1937; L:Millennium/NavierStokesAnnularHodgeInnerStencilSum:zeroPaddedSecondDifference_annularHodgeCoefficientSlice_eq_zero_of_inner_stencil; L:Millennium/NavierStokesAnnularHodgeStencilSum:sum_norm_zeroPaddedSecondDifference_annularHodgeCoefficientSlice_le_of_transverse	formal-checked	uses:ns.annular-four-corner
ns.annular-hodge-kernel-abel	receiver, constitution	‖(1 − e(q₀))²·K^{Hodge}_r(q)‖ ≤ (1937/(r+1))·(4r+7)²; each Hodge Jacobian multiplier entry is a degree-zero ratio after cancelling the two Fourier derivative constants and vanishes outside the outer cube	one Abel passage turns the adjacent Hodge kernel into an explicit pointwise bound; the radius-independent physical L¹ bound stays open	q ∈ 𝕋³; r ∈ ℕ	L:Millennium/NavierStokesAnnularHodgeMixedVariation:norm_adjacentHodgeJacobianKernelEntry_firstAbel_le; L:Millennium/NavierStokesAnnularHodgeKernelDifference:adjacentHodgeJacobianMultiplierEntry_eq_zero_of_not_mem_outer; L:Millennium/NavierStokesAnnularHodgeMixedVariation:adjacentHodgeJacobianKernelEntry_eq_centeredSynthesis	formal-checked	uses:ns.annular-hodge-one-axis-1937, uses:ratio.div-rem
ns.annular-hodge-mixed-variation	receiver, constitution	order-four mixed forward differences Δ_a²Δ_b² of the rational Hodge entry (a ≠ b) and every lower pair (0,0)…(2,1) are bounded by rational stencil/numerator/reciprocal identities; three-coordinate Abel/Fubini: Δ²_all of a finite character synthesis is the synthesis of Δ² with aperture residues retained	the two- and three-coordinate Hodge mass advances only through identities derived from the actual coefficient cube	distinct axes; frequency off the lower bound	L:Millennium/NavierStokesAnnularHodgeHigherMixedVariation:norm_hodgeJacobianMultiplierEntry_mixedForwardDifference_two_two_le; L:Millennium/NavierStokesAnnularHodgeLowerMixedVariation:norm_hodgeJacobianMultiplierEntry_mixedForwardDifference_one_one_le; L:Millennium/NavierStokesAnnularHodgeMixedFubini:finiteCharacterSynthesisThree_secondDifferenceAll; L:Millennium/NavierStokesAnnularTensorCoefficientVariation:sum_norm_adjacentTensorCubeSecondDifferenceAll_le	formal-checked	uses:ns.annular-hodge-one-axis-1937
ns.annular-hodge-scale-chain	tower, constitution	LowPass_{r+1} = LowPass_r + Band_r; LowPass_R = Base + Σ_{r<R} Band_r; Jacobian slice = Base + Σ_{r<R} Band_r + scale fibre_R	the smooth Hodge low pass is a telescoping ordered word of annular passages, with the complete reconstruction fibre kept	open periodic solution, t ∈ (0,T)	L:Millennium/NavierStokesAnnularHodgeScaleChain:openPeriodicSmoothHodgeJacobianLowPass_succ; L:Millennium/NavierStokesAnnularHodgeScaleChain:openPeriodicSmoothHodgeJacobianLowPass_eq_base_add_sum_bands; L:Millennium/NavierStokesAnnularHodgeScaleChain:openPeriodicTorusJacobianArraySlice_eq_base_add_sum_bands_add_scaleFiber	formal-checked	instance-of:tower.gluing, uses:constitution.hodge-split
ns.axisymmetric-chart	coholon, holon	meridional address (x₀²+x₁², x₂); u = (x₀V − x₁Ω, x₁V + x₀Ω, W); vorticity and normalized momentum from the coefficient jets; rotating carrier = 0 ⇔ Ω-part vanishes	the Cartesian axisymmetric chart retains the axis: no division by the radius	V, Ω, W smooth coefficient functions	L:Millennium/NavierStokesAxisymmetricChart:normalizedMomentum_axisymmetricVelocity; L:Millennium/NavierStokesAxisymmetricChart:vorticityAt_axisymmetricVelocity; L:Millennium/NavierStokesAxisymmetricChart:rotatingCarrier_eq_zero_iff	formal-checked	
ns.axial-lift-compatibility	coholon	affine-radial Cartesian lift: div, normalized momentum and curl of the lift; vorticity of the axial residual = 0 ⇐ pressure balance ⇒ compatibility of the scalar coefficients; primitives W, H with H(0) regularized by dslope quotient	a pressure exists only when the axial coefficients satisfy the curl compatibility, and the axis quotient is regularized by derivative ratios	local profile; no periodicity or finite energy	L:Millennium/NavierStokesAxialLift:pressure_balance_implies_compatibility; L:Millennium/NavierStokesAxialPrimitive:axialH_pressure_compatibility_identity; L:Millennium/NavierStokesAxisRegularization:regularizedIntegralRatio_zero_eq_ratio_of_derivatives; L:Millennium/NavierStokesAxisFirstJet:hasDerivAt_axialH_zero	formal-checked	
ns.axial-strain-pressure	coholon, constitution	at a stagnation point u(x,t)=0 with ∂_{e₂}u = a·e₂: d/dt(∂₂u₂) = target ⇔ ∂²₂₂p = ν·(axial viscous strain) − a² − target	the axial strain rate is fixed by the actual pressure curvature, the square of the eigenvalue and the viscous strain	open periodic solution, f=0, t ∈ (0,T)	L:Millennium/NavierStokesAxialStrainSource:axialStrain_rate_iff_pressure_curvature	formal-checked	
ns.axial-pressure-mode	coholon, receiver	k = (0,0,k₂), k₂ ≠ 0: p̂(k) = −(u₂²)^(k); the vertical advective mode is the Fourier coefficient of u₂²	the vertical pressure mode is minus the vertical-velocity-square mode; the zero mode stays free	open periodic solution, f=0	L:Millennium/NavierStokesAxialPressureMode:axial_pressure_scalar_mode_eq_neg_vertical_velocity_square_mode; L:Millennium/NavierStokesAxialPressureMode:openActualAdvectionMode_component_two_eq_vertical_square	formal-checked	uses:ns.anisotropic-pressure-mean
ns.axis-jet-perturbation	coholon	F̃ = F_{5/2} + ε·z³⁰/(1+2z²)¹⁶: iteratedDeriv n F̃ 0 = iteratedDeriv n F_{5/2} 0 for n < 30, positive for the declared ε, 30th jet changed	a positive axial perturbation changes exactly one jet order and leaves every lower jet	n < 30; declared negative ε bounds	L:Millennium/NavierStokesAxisJetPerturbation:resonanceRepairedAxis_low_jets; L:Millennium/NavierStokesAxisJetPerturbation:resonanceRepairedAxis_positive; L:Millennium/NavierStokesAxisJetPerturbation:resonanceRepairedAxis_thirtieth_jet	formal-checked	uses:ns.algebraic-axis-no-pressure
ns.band-comb-expansion	contact, receiver	‖Σ_p z_p‖² = Σ_p ‖z_p‖² + Σ_p Σ_{q≠p} ⟨z_p, z_q⟩_ℝ; bandFeed = diagonal + cross term; cross ≤ 0 ⇒ ‖bandFeed‖ paid by the diagonal alone	the band feed at a tail mode is a comb of triad teeth: its power is the diagonal plus the pairwise grips, and a nonpositive grip sum removes the count (2N+1)³	k ∉ cube(2N), ν ≥ 0	L:Millennium/NavierStokesBandCoherence:norm_bandFeed_sq_eq; L:Millennium/NavierStokesBandCoherence:norm_bandFeed_le_of_crossTerm_nonpos	formal-checked	uses:ns.feed-term
ns.band-barycenter	contact, receiver	Σ‖z_p − z̄‖² = Σ‖z_p‖² − n‖z̄‖²; Σ_p Σ_{q≠p}⟨z_p,z_q⟩ = n(n−1)‖z̄‖² − spread; bandFeed = n·z̄, n = (2N+1)³; cross ≤ 0 ⇔ n(n−1)‖z̄‖² ≤ spread	the cross term is barycentric: the half power holds exactly when the teeth surround the origin (the pin) more than they cluster away from it	finite nonempty comb	L:Millennium/NavierStokesBandBarycenter:sum_norm_sub_mean_sq; L:Millennium/NavierStokesBandBarycenter:cross_eq_pairs_mul_mean_sq_sub_spread; L:Millennium/NavierStokesBandBarycenter:bandFeed_eq_count_mul_barycenter; L:Millennium/NavierStokesBandBarycenter:bandCrossTerm_nonpos_iff	formal-checked	uses:ns.band-comb-expansion
ns.comb-barycenter-defect	contact, receiver	‖Σz‖² = n²‖m‖²; ‖Σz‖² ≤ (1+κ)Σ‖z‖² ⇔ n(n−1−κ)‖m‖² ≤ (1+κ)·Σ‖z−m‖²; barycentric control on every cube ⇒ coherence defect at the receiver ⇒ StatementB	the coherence defect of a comb is the count times the barycentric fraction of the diagonal, and cube-wise barycentric control closes the periodic alternative	Σ eleventhMoment summable; BarycentricTailControl	L:Millennium/NavierStokesCombBarycenterDefect:norm_sum_sq_le_iff_barycenter; L:Millennium/NavierStokesCombBarycenterDefect:coherenceDefectAt_of_barycenter; L:Millennium/NavierStokesCombBarycenterDefect:statementB_of_barycentric	formal-checked	uses:ns.band-barycenter, uses:ns.coherence-defect
ns.comb-participation	contact, receiver	‖Σ' z‖² ≤ (Σ'‖z‖)²; 1 + κ_k ≤ P_k := (Σ'_p ‖feed_{k,p}‖)² / Σ'_p ‖feed_{k,p}‖²; ParticipationTailControl ⇒ StatementB	the coherence defect is at most the participation number minus one, so a blow-up needs feed combs whose effective tooth count diverges	Σ‖z‖ < ∞	L:Millennium/NavierStokesCombParticipation:norm_tsum_sq_le_of_participation; L:Millennium/NavierStokesCombParticipation:coherenceDefectAt_of_participation; L:Millennium/NavierStokesCombParticipation:statementB_of_participation	formal-checked	uses:ns.coherence-defect
ns.band-limited-defect	contact, receiver	supp û ⊆ cube N ⇒ P_k ≤ (2N+1)³ and κ_k ≤ (2N+1)³ − 1; BandLimitedTailControl ⇒ StatementB	a band-limited tail satisfies the coherence-defect closure outright: the defect can diverge only if the effective band diverges	band-limited slice	L:Millennium/NavierStokesBandLimitedDefect:participationAt_of_bandLimited; L:Millennium/NavierStokesBandLimitedDefect:coherenceDefectAt_of_bandLimited; L:Millennium/NavierStokesBandLimitedDefect:statementB_of_bandLimitedTail	formal-checked	uses:ns.comb-participation
ns.band-limited-relevance	compression, receiver, contact	supp û ⊆ cube N ⇒ feed_{k,p} = 0 for k ∉ cube 2N; Σ'_{k∉cube 2N} transfer_k = 0; Σ_{k∈cube 2N} transfer_k = 0; d/dt E_{cube 2N} = −2νD_{cube 2N}	nothing feeds the far tail but the tail itself: a band-limited slice carries no transfer current beyond twice its band	band-limited slice at time t	L:Millennium/NavierStokesBandLimitedRelevance:feedTerm_eq_zero_of_bandLimited; L:Millennium/NavierStokesBandLimitedRelevance:tsum_compl_transfer_eq_zero; L:Millennium/NavierStokesBandLimitedRelevance:sum_transfer_cube_eq_zero; L:Millennium/NavierStokesBandLimitedRelevance:hasDerivAt_bandMass_of_bandLimited	formal-checked	instance-of:info.relevance-kernel, uses:ns.fourier-kirchhoff
ns.band-energy-budget	holon, coholon, constitution	d/dt ‖û_k‖² = −2νλ_k‖û_k‖² − 2·transfer_k; Σ_c ⟨û_k, (∇p)^_k⟩ = 0; d/dt E_F = −2νD_F + 2Σ'_{k∉F} transfer_k	each mode dissipates and exchanges, the pressure does no modal work, and a band exchanges with its complement exactly the transfer current into the complement	open periodic solution; F finite	L:Millennium/NavierStokesBandEnergyBudget:hasDerivAt_modeMass; L:Millennium/NavierStokesBandEnergyBudget:sum_inner_pressureGradientMode_eq_zero; L:Millennium/NavierStokesBandEnergyBudget:hasDerivAt_bandMass_kirchhoff	formal-checked	instance-of:holon.energy-balance, uses:ns.fourier-kirchhoff
ns.calibrated-triadic-face	contact, cycle	triadic face decoded from an arc/radial turn carrier with derivative current fullTurn·i; ‖face(k_adv, k_tr; û_a, û_t, û_r)‖ ≤ ‖k_tr‖·‖û_a‖·‖û_t‖·‖û_r‖ (pointwise trilinear L¹)	one Fourier triad is read through an intrinsic full-turn calibration before any circle coordinate is chosen	nonnegative arc population, positive radial scale	L:Millennium/NavierStokesCalibratedTriadicFaceBound:norm_calibratedTriadicEnergyFace_le	formal-checked	uses:ratio.log-branch
ns.cell-kirchhoff	complex, holon, coholon	∫_{[0,1]³} div u = Σ_i (∫_{x_i=1} u_i − ∫_{x_i=0} u_i); div u = 0 ⇒ Σ_i (∫_{x_i=1} u_i − ∫_{x_i=0} u_i) = 0	divergence-freeness is Kirchhoff's current law on the cell: the oriented flux through the six faces balances, without periodicity	u ∈ C¹	L:Millennium/NavierStokesCellCurrentLaw:integral_divergence_unitCube_eq_faceBalance; L:Millennium/NavierStokesCellCurrentLaw:faceBalance_eq_zero_of_divergenceFree; L:Millennium/NavierStokesCellLinearReceiver:hasDerivAt_cellComponentIntegral_of_contDiffOn_openSlab	formal-checked	instance-of:holon.stokes
ns.enstrophy-integral	coholon, constitution	∫_0^T ‖ω(t)‖²_{L²} dt ≤ E(0)/ν, E = periodic kinetic energy	the open energy identity pays the enstrophy's time integral globally	open periodic solution, f=0, ν>0	L:Millennium/NavierStokesClockedBandDensity:openPeriodicSolutionOn_periodicEnstrophy_integrableOn_and_integral_le	formal-checked	instance-of:holon.energy-balance
ns.cube-vs-parabolic-bar	receiver, tower	¬∃ρ ∀N, (2N+1)³ ≤ ρ·N²; critical vorticity ≤ density·enstrophy ∨ high-frequency branch	a cube's mode population outgrows the parabolic amplitude, so the low/high alternative pays only when the cube radius is of order M^{1/3}	N ∈ ℕ	L:Millennium/NavierStokesClockedBandDensity:no_uniform_cubeModePopulation_le_density_mul_parabolicAmplitude; L:Millennium/NavierStokesClockedBandDensity:exists_criticalVorticityRate_le_modeDensity_mul_enstrophy_or_high	counterexample	uses:ns.enstrophy-integral
ns.accumulated-control-not-extension	tube, receipt	f = terminal spike force on [0,T): OpenAccumulatedJacobianControl T ν f 0 (T/2) holds while the extension source fibre is empty	interior accumulated Jacobian control does not occupy the extension fibre: a future force can refuse continuation	T > 0, ν ≥ 0	L:Millennium/NavierStokesClockedOfficialBridge:accumulatedInteriorControl_does_not_imply_extensionFibreOccupation	counterexample	obstructs:ns.official-terminal-control
ns.clocked-extension-tower	tube, tower, holarchy	strict extension occurrence = (source, longer target, lifespan increase, velocity and ∇p agreement); condense(left∘right) has the same source, target and real span as the serial pair but a distinct clock length	serial contact of extensions retains its intermediate solution; condensation forgets it and changes the clocked length	ExtensionTowerMeasurements declared	L:Millennium/NavierStokesClockedExtensionTower:serial_and_condensed_have_same_exterior_but_distinct_clockLength; L:Millennium/NavierStokesClockedExtensionTower:clockedExtensionTower_two_extension_clockLength	formal-checked	instance-of:holarchy.interconnect
ns.pantographic-source-swing	swing, epoch	s_j = t − r/2^j; N(t) − N(s_0) = Σ_{j<m}(N(s_j) − N(s_{j+1})) + residual_m, residual_m = N(s_m) − N(t) → 0 in H²; partial chain → increment	the signed source swings telescope before any norm is taken, with one retained reconstruction fibre that vanishes by compact-interior H³ continuity	0 < r < t < T, f=0	L:Millennium/NavierStokesClockedPantographicSourceSwing:openSharpPantographicFiniteReconstruction; L:Millennium/NavierStokesClockedPantographicSourceSwing:tendsto_openSharpPantographicResidual_zero; L:Millennium/NavierStokesClockedPantographicSourceSwing:tendsto_openSharpPantographicPartialChain_increment	formal-checked	instance-of:swing.pantograph
ns.clock-weighted-bernstein	receiver, epoch	Σ_{j<N} 2^{−j}‖ω_j‖_∞ ≤ √(Σ_j card_j/16^j)·√(Σ_j 4^j M_j); card_j ≤ 2⁹·8^j so card_j/16^j ≤ 2⁹/2^j; unweighted prefix = clock-weighted prefix + reconstruction fibre	localized Bernstein pairs the 2^{−j}-weighted band supremum with the parabolic clock 4^j M_j at a summable conjugate density	open periodic solution, f=0; finite depth	L:Millennium/NavierStokesClockWeightedSpatialBandPacking:openSmoothDyadicClockWeightedSpatialPrefix_le_sqrtDensity_mul_sqrtClockedMass; L:Millennium/NavierStokesClockWeightedSpatialBandPacking:openSmoothDyadicUnweightedSpatialPrefix_eq_clockWeighted_add_reconstructionFiber; L:Millennium/NavierStokesClockWeightedSpatialBandPacking:openPeriodicSolutionOn_integral_clockWeightedSpatialPrefix_sq_le_linearBoundaryWork	formal-checked	
ns.compact-time-packing	receiver, epoch	(∫_a^b P)² ≤ (b−a)·∫_a^b P²; shell j on [b − 4^{−j}, b]: (∫‖ω_j‖_∞)² ≤ (card_j/16^j)·clock mass_j; matched prefix² ≤ linear boundary work; phase-first packing through the physical decomposition at every finite radius	the clock-weighted prefix has compact-time L¹ passages, both uniform and scale-matched, paid by one copy of the linear boundary work	a < b ≤ T	L:Millennium/NavierStokesClockWeightedCompactTimePacking:compactOpenSmoothDyadicMatchedTerminalBandL1_sq_le_density_mul_clockMass; L:Millennium/NavierStokesClockWeightedCompactTimePacking:openPeriodicSolutionOn_matchedTerminalL1Prefix_sq_le_linearBoundaryWork; L:Millennium/NavierStokesClockWeightedPhysicalPhaseLedger:openPeriodicSolutionOn_integral_clockWeightedSpatialPrefix_sq_le_physicalPhase	formal-checked	uses:ns.clock-weighted-bernstein
ns.clocked-localized-service	receiver, receipt	a clocked dyadic localized service receipt (heat-transported restart coefficients + clocked nonlinear-source history per shell) ⇒ tail dyadic shell packing < ∞	a source-side receipt suffices for terminal dyadic vorticity packing; its finiteness is the recorded analytic obligation	s > 0; receipt supplied	L:Millennium/NavierStokesClockedDyadicLocalizedService:openPeriodicVorticityTailDyadicShellPacking_lt_top_of_clockedLocalizedService	formal-checked	
ns.cofinal-construction	tube, holarchy	uniqueness ∧ positive compatible extension law ⇒ normalized lifetimes are not bounded above; a selected union supplies every finite open slab of a CofinalPeriodicAtlas; PeriodicGlobalizationLaw holds	origin-normalized solutions agree on overlaps, so a finite lifetime supremum would contradict the extension law; globalization adds no PDE hypothesis	conditional on PeriodicOpenUniqueness and PositivePeriodicCompatibleExtensionLaw; ν > 0	L:Millennium/NavierStokesCofinalConstruction:normalizedPeriodicLifetimes_not_bddAbove; L:Millennium/NavierStokesCofinalGlobalization:periodicGlobalizationLaw	formal-checked	instance-of:tower.gluing
ns.cofinal-output-parseval	receiver, coholon	∫_{𝕋³} (finite-depth dyadic Hodge strain reading) = complete strain-filtered work (Parseval); high-output stretching population → 0 as depth → ∞	removing the interaction aperture keeps the output aperture, whose tail vanishes by smooth coefficient summability, and the physical/Fourier join is exact	open periodic solution, f=0, fixed t	L:Millennium/NavierStokesCofinalOutputReceiverParsevalJoin:integral_finiteDepthDyadicHodgeStrainReading_eq_completeStrainFilteredWork; L:Millennium/NavierStokesCofinalOutputReceiverParsevalJoin:spatialIntegratedCofinalOutputReceiverJoin; L:Millennium/NavierStokesCofinalOutputReceiverClosure:tendsto_cofinalStrainHighOutputPopulation_zero	formal-checked	
ns.cofinal-work-enstrophy	coholon, constitution, receipt	Re W_cofinal(t) = ∫⟨(ω·∇)u, ω⟩ − B_stretch,0 − B_Herm,0; ∫_a^b Re W_cofinal = ½(‖ω(b)‖² − ‖ω(a)‖²) + ν∫_a^b ‖∇ω‖² − ∫_a^b (B_stretch,0 + B_Herm,0)	the cofinal linear work is physical vortex stretching minus exactly two scale-zero faces, and over a compact interval it is endpoint enstrophy plus viscous dissipation	open periodic solution, f=0, 0<a≤b<T	L:Millennium/NavierStokesCofinalWorkEnstrophyJoin:completeCofinalLinearMultiplierWork_re_eq_physical_sub_scaleZero; L:Millennium/NavierStokesCofinalWorkEnstrophyJoin:compactCofinalLinearMultiplierWorkRealIntegral_eq_endpointEnstrophy; L:Millennium/NavierStokesCofinalWorkEnstrophyJoin:integral_openPeriodicFullStrainReading_eq_completeFullStretchingPopulation	formal-checked	instance-of:holon.energy-balance, uses:ns.cofinal-output-parseval
ns.coherent-triad-witness	contact, receiver	k₁ = e₀, k₂ = e₁, amplitudes (0,1,1), (1,0,1); output k = e₀+e₁; after Leray projection ‖feed₁ + feed₂‖² = 2(‖feed₁‖² + ‖feed₂‖²); ‖adv̂(k)₂‖² ≤ (1+κ)·diag ⇔ 1 ≤ κ	a concrete noncollinear coherent triad has coherence defect exactly one: the incoherent bound fails for every κ < 1	finite algebraic witness; reconstructed as a real C^∞ 1-periodic divergence-free field	L:Millennium/NavierStokesCoherentTriadWitness:projectedFeedSum_norm_sq_eq_twice_diagonal_feed_norm_sq; L:Millennium/NavierStokesCoherentTriadReconstruction:actualAdvectionField_coefficient_inequality_iff; L:Millennium/NavierStokesCoherentTriadReconstruction:witness_local_solution_has_nonzero_projected_source	counterexample	obstructs:ns.coherence-defect, uses:ns.band-comb-expansion
ns.compact-angular-obstruction	coholon, holon	positive compact axisymmetric leading angular momentum Ω has a critical circle; pressure has zero torque somewhere on it; first and second responses bounded there ⇒ the leading normalization source survives μ → 0 (momentum residual ≠ 0)	a compact leading circulation leaves a nonvanishing momentum residual whatever the pressure	u₀, u₁ ∈ C^∞; Ω ∈ C², compact positive; arbitrary pressure; nonaxisymmetric first response allowed	L:Millennium/NavierStokesCompactAngularObstruction:compact_leading_circulation_not_exact; L:Millennium/NavierStokesCompactMaximum:exists_positive_compact_angularMomentum_max; L:Millennium/NavierStokesCompactPeriodicObstruction:periodic_finite_core_eventually_positive_residual	counterexample	uses:ns.axisymmetric-chart
ns.triad-sector-partition	contact, tower	each lattice frequency has a least dyadic cube grade (grade 0 = unit cube, grade n+1 = sharp shell n); the three pins of a closed triad partition into four disjoint sectors: advecting-low, transported-low, receiver-low, comparable; transport exchange swaps transported-low ↔ receiver-low	the physical H² triad population splits exactly by which pin carries the unique minimum grade	addressed closed Fourier triads	L:Millennium/NavierStokesCompleteDyadicTriadSectorPartition:advectingLow_not_comparable; L:Millennium/NavierStokesCompleteDyadicTriadSectorPartition:completeTransportExchange_transportedLow_iff_receiverLow; L:Millennium/NavierStokesCompleteDyadicTriadSectorPartition:completeTransportExchange_comparable_iff	formal-checked	
ns.cofinal-boundary-weight	receiver, tower	cumulative Hodge boundary weight V_N − V_0 → 1 − V_0 frequencywise; lim_N W_N(t) = complete stretching − scale-zero boundary (Tannery); linear work W_N = complete stretching − transport; transport cancels cofinally to −(low-pass transport boundary)	the depth limit of the fixed-time linear multiplier work keeps the scale-zero boundary instead of an unqualified weight one	open periodic solution, f=0, fixed t; absolute summability of the transport face proved	L:Millennium/NavierStokesCompleteLinearWorkCofinalLimit:tendsto_actualLinearMultiplierCoefficientWork_atTop; L:Millennium/NavierStokesCompleteStretchingReceiverWorkJoin:linearMultiplierCoefficientWork_eq_completeStretching_sub_transport; L:Millennium/NavierStokesCompleteTransportCofinalCancellation:tendsto_completeCumulativeTransportContribution_atTop; L:Millennium/NavierStokesCompleteTransportCofinalCancellation:summable_norm_completeOpenVorticityTransportFace	formal-checked	uses:ns.cofinal-work-enstrophy
ns.transport-exchange-involution	contact, receiver	exchange of transported and receiving pins is an involution on the complete ordered transport population; the pair-compatible receiver work = −Hermitian symmetrization of the cumulative transport contribution	the symmetric Hermitian receiver and the closing-face transport are distinct charts related by Fourier reality and one sign	complete absolutely summable population	L:Millennium/NavierStokesCompleteTransportReceiverWorkJoin:tendsto_finitePairCompatibleReceiverTransportWork_atTop; L:Millennium/NavierStokesCompleteTransportCofinalCancellation:tendsto_completeCumulativeTransportContribution_atTop	formal-checked	uses:ns.cofinal-boundary-weight
ns.compact-linear-work-l1	receiver, coholon	|W_N(t)| ≤ C·‖u(t)‖³_{H³_w} uniformly in depth N; ∫_a^b |W_N − W_∞| → 0	one cubic weighted-H³ service dominates the depth work, so the cofinal passage is strong in compact time	0<a≤b<T	L:Millennium/NavierStokesCompleteLinearWorkCompactL1:tendsto_integral_norm_compactLinearWorkError_zero	formal-checked	uses:ns.cofinal-boundary-weight
ns.coordinate-production-laws	coholon, holon, constitution	d/dt Σ_{|α|=n}‖∂^α u‖²/2 = −ν Σ_{|α|=n}‖∇∂^α u‖² + (stretching commutators), n = 1 (3 words), 2 (9 words), 3 (27 words); top transport and mixed pressure work cancel on the periodic cube	exact coordinate H¹, H², H³ production identities for the unforced periodic flow, with no norm estimate	open periodic solution, f=0	L:Millennium/NavierStokesCoordinateH1Production:openPeriodicSolutionOn_unforced_coordinateH1TimeWork_eq_production; L:Millennium/NavierStokesCoordinateH2Production:openPeriodicSolutionOn_unforced_coordinateH2TimeWork_eq_production; L:Millennium/NavierStokesCoordinateH3Production:openPeriodicSolutionOn_unforced_coordinateH3OrderTimeWork_eq_production	formal-checked	instance-of:holon.energy-balance
ns.coordinate-h3-estimate	coholon, constitution	coordinateH3TimeWork(t) ≤ 10986·sup_cube‖Du(t)‖·coordinateLogH3Receiver(t), 10986 = 240 + 540 + 10206 (1+3+9+27 faces)	the forty-face coordinate H³ production is linear in the cube Jacobian supremum, a logarithmic high-order law	open periodic solution, f=0, ν ≥ 0	L:Millennium/NavierStokesCoordinateH3FullEstimate:openPeriodicSolutionOn_unforced_coordinateH3TimeWork_le_logReceiver; L:Millennium/NavierStokesCoordinateLowerEnergyEstimate:openPeriodicSolutionOn_unforced_coordinateLowerTimeWork_le_logReceiver; L:Millennium/NavierStokesCoordinateJacobianReceiver:openPeriodicSolutionOn_unforced_coordinateH3TimeWork_le_actualJacobian; L:Millennium/NavierStokesCompactSlabBound:exists_compact_slab_fderiv_bound	formal-checked	uses:ns.coordinate-production-laws, uses:ns.middle-hexagon-young
ns.middle-hexagon-young	coholon	abc ≤ a⁴/(4M) + b⁴/(4M) + M c²/2 (M>0; M=0 fibre separate); the three D²-D²-D³ middle faces of every third word are bounded linearly in sup‖Du‖	the hexagonal middle population closes by trilinear redistribution through the periodic cubic-flux fourth-power estimate	open periodic solution; no ℓ¹ receiver	L:Millennium/NavierStokesCoordinateH3MiddleRedistribution:openPeriodicSolutionOn_abs_coordinateH3OrderMiddleWork_le; L:Millennium/NavierStokesCoordinateH3Estimate:openPeriodicSolutionOn_abs_inner_thirdCoordinateMiddleCommutator_le	formal-checked	
ns.coordinate-frequency-comb	receiver, tower	‖Du‖ ≤ low + middle + high balanced bands ≤ C·log(coordinateLogH3Receiver); d/dt H ≤ K·H·log H on the differentiated coordinate receiver	the low/middle/high comb is rebased on the receiver that is actually differentiated, without a norm-equivalence bridge	OpenCoordinateH3FrequencyComb supplied	L:Millennium/NavierStokesCoordinateH3FrequencyComb:OpenCoordinateH3FrequencyComb.coordinateH3TimeWork_le_logarithmic; L:Millennium/NavierStokesCoordinateH3FrequencyComb:OpenCoordinateH3FrequencyComb.jacobian_le_logarithmicH3	formal-checked	uses:ns.coordinate-h3-estimate
ns.log-gronwall-continuation	coholon, tube	H' ≤ K·H·log H on [a,T), ∫_a^t K ≤ M ⇒ H(t) ≤ exp(log H(a)·e^M); ∃t₀ ∈ [a,T) with T < t₀ + radius	a logarithmic high-order law with a finite accumulated rate gives a uniform bound, and a common restart radius crosses the terminal face	H > 0 on the tail; local existence interface supplied	L:Millennium/NavierStokesCriticalContinuation:LifespanLogarithmicHighOrderLaw.uniformOpenHighOrderBound; L:Millennium/NavierStokesCriticalContinuation:exists_tail_restart_crossing	formal-checked	
ns.bkm-continuation	coholon, tube, receiver	ω_crit(t) = ‖ω(t)‖_{C(𝕋³)}; ∫_a^T ω_crit < ∞ ⇒ uniform open high-order bound ⇒ compatible extension	the genuine torus L∞ vorticity receiver drives Beale–Kato–Majda continuation through the logarithmic law	0 < a < T; continuity only on (0,T)	L:Millennium/NavierStokesCriticalVorticityRate:uniformOpenHighOrderBound_of_accumulatedCriticalVorticity; L:Millennium/NavierStokesCriticalVorticityRate:criticalVorticityRate_le_iff; L:Millennium/NavierStokesCriticalVorticityIntegral:compatibleOpenPeriodicExtension_of_intervalIntegrableCriticalVorticity; L:Millennium/NavierStokesH3Continuation:scaledAugmentedCriticalVorticityContinuationFactorization_withConstructedSeam; L:Millennium/NavierStokesCoordinateH3Continuation:compatibleOpenPeriodicExtension_of_coordinateH3FrequencyComb_intervalIntegrable; L:Millennium/NavierStokesDyadicHodgeContinuation:intervalIntegrable_criticalVorticity_halfTail; L:Millennium/NavierStokesDyadicHodgeHaarContinuation:compatibleOpenPeriodicExtension_of_subsetMassReturn_intervalIntegrable	formal-checked	uses:ns.log-gronwall-continuation
ns.critical-official-passage	coholon, tube, receipt	CriticalVorticityTerminalControl ⇒ PositivePeriodicCompatibleExtensionLaw ⇒ StatementB ⇒ TheOfficialNavierStokesProblem	terminal integrability of the critical vorticity rate is the one displayed analytic obligation between the construction and alternative B	conditional on CriticalVorticityTerminalControl (open)	L:Millennium/NavierStokesCriticalOfficialPassage:statementB_of_criticalVorticityTerminalControl; L:Millennium/NavierStokesCriticalOfficialPassage:officialProblem_of_criticalVorticityTerminalControl; L:Millennium/NavierStokesCriticalOfficialPassage:positivePeriodicCompatibleExtensionLaw_of_criticalVorticityTerminalControl	formal-checked	uses:ns.bkm-continuation, uses:ns.cofinal-construction
ns.jacobian-fourier-reconstruction	coholon, receiver	Du(t) = Σ_k (ik ⊗ û_k) e^{2πik·x} uniformly on 𝕋³; ‖D‖_op ≤ 9·‖matrix(D)‖; complete tail mass outside cube R ≤ C·(R+1)^{−1/6}·H³ receiver; R = 2^{6⌈log₂ H⌉} pays √(tail·H) by a constant	the torus Jacobian is its absolutely convergent Fourier series, entrywise faces return the operator receiver, and the reconstruction fibre decays at an explicit dyadic rate	strict interior smooth slice; exponent 7/12 per coordinate	L:Millennium/NavierStokesCoordinateJacobianFourierReconstruction:hasSum_openPeriodicJacobianFourierSeries; L:Millennium/NavierStokesCoordinateJacobianMatrixBridge:coordinateJacobianReceiver_le_nine_mul_arraySliceNorm; L:Millennium/NavierStokesCoordinateJacobianTailDecay:openPeriodicJacobianCoefficientTailMass_frequencyCube_le_logReceiver; L:Millennium/NavierStokesCoordinateJacobianTailBalance:openPeriodicJacobianCoefficientTailMass_balanced_le	formal-checked	uses:ns.annular-hodge-scale-chain
ns.coordinate-restart-cap	coholon, tube	‖u(t)‖²_{native H³} ≤ 240·coordinateLogH3Receiver(t); a uniform receiver bound gives one native cap, one radius and one common viscous time aperture > 0 for every interior restart; native mild fixed-point restarts are real and modewise divergence-free	the differentiated coordinate receiver supplies a uniform native restart family, short of smooth spatial reconstruction	uniform coordinate receiver bound on the tail	L:Millennium/NavierStokesCoordinateWeightedRestartCap:tailSlice_nativeCap_and_commonTime; L:Millennium/NavierStokesCoordinateNativeMildRestart:nativeMildRestartOfUniformCoordinateBound_commonTime_pos	formal-checked	uses:ns.coordinate-h3-estimate
ns.core-vector-potential	coholon, complex	div(curl A) = 0 via second-jet symmetry; meridional potential keeps the squared-radius factor and the axis; periodized core curl is 1-periodic	incompressible fields are realized as actual curls, with d∘d = 0 as the second-jet symmetry square	A ∈ C²	L:Millennium/NavierStokesCoreVectorPotential:divergence_coreCurl_eq_zero; L:Millennium/NavierStokesCoreVectorPotential:vorticity_meridionalVectorPotential	formal-checked	instance-of:complex.boundary-squared
ns.cancellation-absolute-mass-bar	contact, parametron, receiver	exchanged divergence-free triad pair and half-turn phase pair: oriented return = 0, absolute mass = 2‖face‖; ¬∃C ∀face, absMass ≤ C‖return‖; Σ_j (critical dyadic phase absolute mass) diverges	cancellation cannot be recovered after taking absolute coefficient mass: a pointwise-zero oriented shell return can carry non-summable absolute mass	one nonzero opposite-phase pair per dyadic address	L:Millennium/NavierStokesCriticalCancellationObstruction:no_absoluteMass_factorization_through_oppositePhaseReturn; L:Millennium/NavierStokesCriticalCancellationObstruction:not_summable_criticalDyadicPhaseAbsoluteMass	counterexample	instance-of:parametron.ising-lock
ns.energy-critical-square-bar	receiver, coholon	weights: ‖u‖_{L²} −1/2, ‖∇u‖_{L²} +1/2, product 0 (= vorticity at order −1/2); energy-paid frozen square has weight −1 ≠ 0; ¬∃C: shell absolute mass ≤ C·(energy-critical square) nor ≤ C·(energy-paid frozen square)	the strongest scale-critical square suggested by the energy current cannot pay shell absolute mass	critical energy shell sections at every level	L:Millennium/NavierStokesCriticalEnergySquareSeparator:no_uniform_absoluteMass_factorization_through_energyCriticalSquare; L:Millennium/NavierStokesCriticalEnergySquareSeparator:integratedEnergyPaidFrozenSquare_is_energyWeighted_not_terminalCritical	counterexample	obstructs:ns.bkm-continuation
ns.phase-alignment-bar	receiver, landmark	constant unit shell section at the zero chart has point value R³ while its energy-critical −1/2 square stays bounded: ¬∃C, sup|ω_shell| ≤ C·‖shell‖_{crit}, likewise for the unit-clock terminal work	one admissible phase population aligns at one spatial receiver, so signed coefficients alone cannot remove the shell loss	every shell level	L:Millennium/NavierStokesCriticalPhaseAlignmentSeparator:no_uniform_spatialSup_factorization_through_energyCriticalSquare; L:Millennium/NavierStokesCriticalPhaseAlignmentSeparator:no_uniform_unitClockTerminalWork_factorization_through_energyCriticalSquare	counterexample	obstructs:ns.bkm-continuation
ns.critical-mild-receiver	coholon, tube, receiver	Σ_{k∈F}|ω̂_k(t)| ≤ Σ_{k∈F}|e^{−νλ_k(t−s)}ω̂_k(s)| + ∫_s^t (clocked source-history mass)(τ) dτ; each positive-elapsed face ≤ K_clock(t−τ)·‖u(τ)‖²_{H³_w}, K_clock locally integrable (order 1/4)	the critical vorticity coefficient mass is carried by the clocked mild passage with a six-occurrence curl history	open periodic solution, 0<s<t<T	L:Millennium/NavierStokesCriticalMildReceiver:finiteOpenPeriodicVorticityCoefficientMass_le_clockedMildHistory; L:Millennium/NavierStokesCriticalMildReceiver:ofReal_openPeriodicFullVorticityCoefficientMass_le_completeClockedMildHistory	formal-checked	uses:thermal.heat-kernel
ns.mild-service-scaling	receiver	parabolic weights: quadratic H³ terminal service 3/2, ∫‖ω‖_∞ 0, energy+dissipation −1; clock kernel order 1/4 leaves moment 3/4; ¬∃ order s: kernel singularity(s) < 1 ∧ service weight(s) = 0; H¹ heat curl kernel not locally integrable	no direct Sobolev heat service is both locally integrable and scale-critical: the mild route is sufficient but supercritical	three spatial dimensions	L:Millennium/NavierStokesCriticalMildServiceScaling:no_critical_locallyIntegrable_directSobolevHeatService; L:Millennium/NavierStokesCriticalMildServiceScaling:quadraticH3ClockService_not_critical; L:Millennium/NavierStokesCriticalMildServiceScaling:energyH1HeatCurlKernel_not_locallyIntegrableOrder	counterexample	obstructs:ns.critical-mild-receiver
ns.source-clock-moments	coholon, epoch	N' = B(u_t,u) + B(u,u_t); N'' = B(u_tt,u) + 2B(u_t,u_t) + B(u,u_tt); e^{νΔ r}N(t−r) = N(t) − M₁(r); M₁(r) = r·N'(t) − M₂(r), ‖M₁‖ ≤ C r, ‖M₂‖ ≤ C r²; ‖N'‖_{H²} ≤ 2·23328·c_emb·‖u‖_{H³}‖u_t‖_{H³}	the nonlinear source is Taylor-reflected on its local clock before any norm, each moment gaining one power of the aperture	coherent smooth restart tower; compact interior; no terminal-uniform claim	L:Millennium/NavierStokesCriticalSourceTimeJet:CoherentWeightedSmoothPathTower.hasDerivAt_sharpNonlinearSource; L:Millennium/NavierStokesCriticalSourceClockMoment:heatTransported_reflectedSharpSource_eq_frozen_sub_firstClockMoment; L:Millennium/NavierStokesCriticalSourceSecondClockMoment:nativeSharpSourceFirstClockMoment_eq_elapsed_smul_sub_secondClockMoment; L:Millennium/NavierStokesCriticalSourceTimeJetBound:norm_nativeSharpSourceTimeJet_le_velocity_mul_timeJet	formal-checked	uses:ns.critical-mild-receiver
ns.critical-time-reflection	coholon, epoch	heat-transported source at s = (N(s) − N(t)) + N(t): clocked mode = reflected increment + frozen target source; Dini fibre ∫ ‖N(t−r) − N(t)‖_{H²}/r dr retained (may be +∞)	the earlier source splits, before any norm, into a signed difference and the frozen target source, and the linear heat clock preserves the split	compact interior mild identity	L:Millennium/NavierStokesCriticalTimeReflection:heatTransportedOpenSharpSource_eq_increment_add_frozen; L:Millennium/NavierStokesCriticalTimeReflection:compactStokesTransportedVorticityNonlinearMode_eq_reflected_add_frozen; L:Millennium/NavierStokesCriticalSourceTimeJet:nativeSharpSourceDiniFiber_ne_top	formal-checked	uses:ns.source-clock-moments
ns.cross-current-calculus	coholon, contact	Δ(a × b) = Δa × b + 2Σ_i ∂_i a × ∂_i b + a × Δb; cross is bilinear with both mixed terms retained	the oriented fluid cross-current differentiates with both mixed terms before the Laplacian	a, b ∈ C²	L:Millennium/NavierStokesCrossCurrentCalculus:laplacian_cross; L:Millennium/NavierStokesCrossCurrentCalculus:secondFDeriv_cross_diagonal	formal-checked	uses:ns.lamb-current
ns.cubic-polarization	coholon	6·T(x,y,z) = Σ of seven diagonal evaluations (cubic polarization); mixed third velocity derivative = seven directional strokes of iteratedDeriv 3 along affine lines	seven diagonal strokes recover the symmetric trilinear face, so the one-direction third-order identity transports to mixed coordinate words	u ∈ C^∞	L:Millennium/NavierStokesCubicPolarization:mixedThirdVelocityComponent_eq_sevenDirectionalStrokes; L:Millennium/NavierStokesCubicPolarization:mixedThirdFDeriv_eq_seven_affineLineStrokes	formal-checked	
ns.curl-commutation-enstrophy	coholon, constitution	curl ∂ₜu = ∂ₜ curl u; curl Δu = Δ curl u (C³ symmetry); curl ∇p = 0 ⇒ pointwise vorticity balance ∂ₜω + (u·∇)ω = (ω·∇)u + νΔω + curl f; d/dt‖ω‖²/2 = ⟨(ω·∇)u,ω⟩ − ν‖∇ω‖² (+force)	curl commutes with the time derivative and the Laplacian, removing pressure and closing the periodic enstrophy balance	official smooth periodic solution	L:Millennium/NavierStokesCurlCommutation:smoothSolution_hasPointwiseVorticityBalanceAt; L:Millennium/NavierStokesCurlCommutation:periodicSolution_hasDerivAt_periodicEnstrophy_fromMomentum; L:Millennium/NavierStokesCurlCommutation:periodicSolution_deriv_periodicEnstrophy_nonpos_iff_fromMomentum	formal-checked	uses:ns.vorticity-equation, instance-of:holon.energy-balance
ns.kelvin-polygon	coholon, cycle, complex	Γ(∂P) = ∮_{∂P} u·dl; pressure cancels around a closed material polygon; zero viscous and forcing return ⇒ d/dt Γ = 0	conditional polygonal Kelvin constancy: circulation is a holonomy pairing of the velocity coholon on a material cycle	MaterialCirculationBalance certificate	L:Millennium/NavierStokesCurvedTransport:MaterialCirculationBalance.kelvin	formal-checked	instance-of:holonomy.cell-face, uses:holon.stokes
ns.polygon-gauss-bonnet	complex, cycle	angle excess = Σ_c curvature_c; Σ bulk curvature + Σ boundary turns = 2π·χ from local triangle budgets and Euler incidence	finite Gauss–Bonnet on the fluid polygon, derived from face budgets	finite triangulation	L:Millennium/NavierStokesCurvedTransport:PolygonGaussBonnet.angleExcess_eq_sum_curvature; L:Millennium/NavierStokesCurvedTransport:TriangulatedGaussBonnetLedger.gaussBonnet	formal-checked	uses:holonomy.cell-face
coupling.ns-einstein-fluid	holon, receiver	covariant divergence of the stress-energy vanishes (conservation transported from Einstein to the fluid); receiver equation at the holonic depth-two coupling (four arc over differential)	receiver-indexed Einstein coupling on the fluid polygon, stated as a conditional interface	EinsteinFluidDynamics structure supplied	L:Millennium/NavierStokesCurvedTransport:EinsteinFluidDynamics.stressEnergy_conserved; L:Millennium/NavierStokesCurvedTransport:EinsteinFluidDynamics.receiverEquation_fourArcOverDifferential	formal-checked	uses:einstein.field-equation
ns.vallee-poussin-tensor	receiver, tower	outer radius 2N+1; 2F_{2N+1} − F_N has multiplier 1 on |k| ≤ N+1; tensor multiplier = 1 on cube(N+1), 0 outside cube(2N+1); ∫_𝕋 |hat kernel| = 1; ∫_{𝕋³} |V_N| ≤ 27 = 3³; ‖V_N * f‖ ≤ 27‖f‖, adjacent band ‖·‖ ≤ 54‖f‖	the exact tensor de la Vallée Poussin chart is a radius-uniform physical low pass	N ∈ ℕ including N = 0	L:Millennium/NavierStokesDeLaValleePoussin:mFourierCoeff_tensorValleePoussinKernel; L:Millennium/NavierStokesDeLaValleePoussin:integral_norm_tensorValleePoussinKernel_le; L:Millennium/NavierStokesDeLaValleePoussin:norm_adjacentValleePoussinConvolution_le; L:Millennium/NavierStokesDeLaValleePoussin:integral_norm_coordinateHatKernel	formal-checked	uses:ns.fejer-kernel
ns.dilation-resonance	ratio	(q∂_q − γ)(c qⁿ) = (n − γ)c qⁿ; at resonance n = γ the source jet must vanish; nonresonant monomials invert by 1/(n − γ)	the regular-singular dilation transport shifts its scalar per jet order, and a zero multiplier is never inverted	γ ∈ ℂ, n ∈ ℕ	L:Millennium/NavierStokesDilationResonance:resonant_monomial_preserves_source; L:Millennium/NavierStokesDilationResonance:nonresonant_monomial_inverse	formal-checked	uses:ns.critical-dilation-gap, uses:ratio.div-rem
ns.balanced-direction-current	receiver, tower	high/high moment decays like 2^{−j/2}, low-endpoint moment bounded ⇒ balanced geometric mean decays like 2^{−j/4}, summable; |∫(ω·∇)u·ω| and full spatial cross-coherence mass ≤ canonical balanced scale current; time section × fixed summable 2^{−j/4} population, interval-integrable on compact interior times	the balanced direction current is summable across Hodge scales and factors the spatial cross-coherence receiver	strict interior times; does not cross the maximal time	L:Millennium/NavierStokesDirectionBalancedScale:summable_canonicalBalancedScaleCurrent; L:Millennium/NavierStokesDirectionBalancedScaleClosure:abs_openPeriodicPhysicalVortexStretchingAt_le_canonicalBalancedScaleCurrent; L:Millennium/NavierStokesDirectionBalancedTime:largeScaleBalancedDirectionCurrentRate_intervalIntegrable	formal-checked	uses:ns.vorticity-direction
ns.vorticity-direction	coholon, swing	ω = m·ξ, ‖ξ‖=1: ⟨ξ, Dξ·v⟩ = 0; D(mξ) = m·Dξ + Dm ⊗ ξ; ⟨ξ, D(mξ)v⟩ = Dm·v; ⟨ξ, ξ''⟩ = −‖ξ'‖²; ⟨ξ, (mξ)''⟩ = m'' − m‖ξ'‖²; ṁ = α m + ν(Δm − m·|∇ξ|²) with α = ⟨ξ, Sξ⟩	the magnitude is carried by the phase: the direction's variation is orthogonal to it, the magnitude receiver is blind to the turning, and the direction's curvature damps the magnitude	ω ≠ 0 region; unit direction field differentiable	L:Millennium/NavierStokesDirection:theDirectionsVariationIsOrthogonal; L:Millennium/NavierStokesDirection:theMagnitudeIsCarriedByThePhase; L:Millennium/NavierStokesDirection:theDirectionsCurvatureDampsTheMagnitude; L:Millennium/NavierStokesDirection:theMagnitudeEquationCarriesTheDampingTerm; L:Millennium/NavierStokesDirection:theVorticityMagnitudeIsBlindToItsTurning	formal-checked	uses:ns.aligned-strain-budget, uses:ratio.log-branch
ns.polar-split-collapse	receiver, coholon	v ≠ 0: ‖v/‖v‖‖ = 1 and ‖v‖·(v/‖v‖) = v; ‖u‖ = ‖v‖ ⇒ the magnitude receiver collapses u and v	the polar split loses nothing, while the magnitude receiver's collapse is exactly the equal-norm fibre	v ≠ 0	L:Millennium/NavierStokesDirection:thePolarSplitLosesNothing; L:Millennium/NavierStokesDirection:theMagnitudeReceiverCollapsesEqualNorms	formal-checked	instance-of:info.preimage-fibre
ns.direction-phase-fibre-bar	coholon, receiver	¬∃C ∀(field with linear direction coherence K) ∀source, ‖receiver-orthogonal direction remainder‖_{L¹} ≤ C·(spatial direction coherence) (constant coherent separator field)	spatial direction coherence cannot pay the H² production phase fibre: the orthogonal fibre needs its own receipt	constant coherent separator field witness	L:Millennium/NavierStokesDirectionDepletedH2Production:no_spatialDirectionCoherence_bound_for_H2ProductionPhaseFibre	counterexample	obstructs:ns.vorticity-direction
ns.direction-threshold-balance	receiver	a/m + m·b − 2√a√b = (√a − m√b)²/m; threshold m* = √a/√b; dyadic spatial cross-coherence mass ≤ 18·√(2L·highMoment·lowMoment) (balanced)	the high/low direction partition is balanced exactly at the square-completion threshold, not by a heuristic cutoff	a, b > 0 moment populations; L = canonical vorticity Lipschitz constant > 0	L:Millennium/NavierStokesDirectionThresholdBalance:openPeriodicDyadicSpatialCrossCoherenceMass_le_canonicalBalanced; L:Millennium/NavierStokesDirectionDepletionModulus:openPeriodicDyadicSpatialCrossCoherenceMass_le_directionMoment	formal-checked	uses:ns.balanced-direction-current
ns.dissipation-hodge-absorption	coholon, constitution, receiver	Young with parameter ε>0 splits the physical Hodge interaction into ν‖∇ω‖² (dissipation) + C_ε‖ω‖⁴_{L⁴}; Σ_j (dyadic Hodge stretching mass) ≤ absorbed form; d/dt‖ω‖²/2 ≤ −(ν/2)‖∇ω‖² + C‖ω‖⁴_{L⁴} + energy-paid scale-zero term	dissipation enters the Hodge interaction before pointwise collapse, leaving only the spatial fourth-power vorticity mass as nonlinear remainder	ν > 0, open periodic solution	L:Millennium/NavierStokesDissipationHodgeInteraction:tsum_openPeriodicDyadicDissipationHodgeStretchingMass_le_absorbed; L:Millennium/NavierStokesDissipationHodgeEnstrophy:periodicVortexStretching_le_absorbedHodge; L:Millennium/NavierStokesDissipationHodgeEnstrophy:periodicEnstrophyRate_le_absorbedHodge	formal-checked	uses:ns.curl-commutation-enstrophy
ns.duhamel-kernel-integrable	tube, constitution	‖e^{νΔτ}‖_{H^{s}→H^{s+1}} ≤ √(1 + (2ντ)^{−1}) ≤ 1 + (2ντ)^{−1/2}; ∫_0^T ≤ T + 2√(T/(2ν)); 2·load·(kernel integral) < 1 on an explicit aperture	the one-derivative heat singularity is τ^{−1/2}, integrable at the Duhamel endpoint, so a quadratic contraction has a positive restart time	ν > 0, T > 0	L:Millennium/NavierStokesDuhamelKernelIntegral:intervalIntegral_duhamelHeatKernelMajorant_le; L:Millennium/NavierStokesDuhamelRestartTime:two_load_mul_integral_duhamelHeatKernel_lt_one	formal-checked	uses:thermal.heat-kernel
ns.flow-commutator	contact, receiver	([P, u·∇]v)^(k) = Σ_{p∈A} (m(k) − m(k−p))·(û(p)·i(k−p)) v̂(k−p)	the finite multiplier–interaction square defect is exactly the multiplier difference on each advective contact	finite aperture A; no norm or convergence	L:Millennium/NavierStokesDyadicFlowCommutator:finiteMultiplierFlowCommutatorCoefficient_eq_sum_difference; L:Millennium/NavierStokesDyadicFlowCommutator:finiteDyadicFlowCommutatorCoefficient_eq_sum_difference	formal-checked	uses:ns.feed-term
ns.dyadic-hodge-scale-chain	tower, constitution	scale s: V-P parameter 2^s − 1, multiplier 1 on cube(2^s), supported in cube(2^{s+1} − 1); Band_s = LowPass_{s+1} − LowPass_s ∈ [0,1]; Jacobian = Base + Σ_{s<S} Band_s + fibre_S; kernel convolution = finite Fourier synthesis	the Hodge scale chain rebased dyadically, with positive direct bands and the reconstruction fibre kept	open periodic solution	L:Millennium/NavierStokesDyadicHodgeScaleChain:openPeriodicDyadicHodgeJacobianLowPass_eq_base_add_sum_bands; L:Millennium/NavierStokesDyadicHodgeScaleChain:openPeriodicTorusJacobianArraySlice_eq_base_add_sum_dyadicBands_add_fiber; L:Millennium/NavierStokesDyadicHodgeBandPositivity:dyadicHodgeBandWeight_mem_unitInterval; L:Millennium/NavierStokesDyadicHodgeScaleChain:dyadicHodgeJacobianKernelConvolution_eq_finiteFourierSynthesis	formal-checked	specializes:ns.annular-hodge-scale-chain
ns.dyadic-hodge-low-scales	receiver	‖K_s‖_{L¹} ≤ 27·N_s³, N_s = 2^{s+3} − 1 ∈ {7, 15, 31} for s ≤ 2; so ‖K_s‖_{L¹} ≤ 27·31³ = 3³·31³ = 93³ = 804357	the three exceptional dyadic Hodge scales are bounded by the pointwise triangle count	s ≤ 2; Haar-normalized torus	L:Millennium/NavierStokesDyadicHodgeLowScale:dyadicHodgeJacobianKernelL1_le_804357_of_scale_le_two; L:Millennium/NavierStokesDyadicHodgeLowScale:dyadicHodgeApertureCounts_zero_one_two	formal-checked	uses:ns.dyadic-hodge-scale-chain
ns.dyadic-hodge-subset-abel	receiver, complex	for each of the 8 coordinate faces F ⊆ {0,1,2}: gap_F(q)·K_s(q) = synthesis of Δ²_F of the zero-padded coefficient cube (no division by a character gap); ‖K_s entry‖_{L¹} ≤ 8·(subset masses); ‖K_s‖_{L¹} ≤ 216·C	the eight near/far Abel identities hold on singular subtori and reduce the uniform kernel bound to a typed subset-mass return	every scale s	L:Millennium/NavierStokesDyadicHodgeSubsetReceivers:dyadicHodgeJacobianKernelEntry_subsetAbel; L:Millennium/NavierStokesDyadicHodgeHaarReceiver:integral_norm_dyadicHodgeJacobianKernelEntry_le_eight_mul; L:Millennium/NavierStokesDyadicHodgeHaarReceiver:uniformDyadicHodgeJacobianKernelBound_of_subsetMassReturn; L:Millennium/NavierStokesDyadicHodgeKernelVariation:norm_dyadicHodgeJacobianKernelEntry_tripleAbel_le_directMixedMass	formal-checked	uses:ns.dyadic-hodge-scale-chain
ns.dyadic-hodge-three-axis-mass	receiver, constitution	64 chronological Leibniz occurrences condense to the 3×3×3 allocation; faces (0,0,0), (1,1,1), residual 110/100, slabs with a scalar order two each ≤ numerator/(dyadic radius)³ (e.g. 12416369280072, 23095748198400000); full face ≤ 4119133228099520072/(radius)³	the complete twenty-seven-face dyadic Hodge mass has the common inverse-cubic radial scale, with multiplicities kept and no mode count	scale ≥ 3	L:Millennium/NavierStokesDyadicHodgeThreeAxisFullMass:dyadicHodgeSubsetMass_univ_le_fullFaceRadial; L:Millennium/NavierStokesDyadicHodgeThreeAxisOneFace:directDyadicHodgeThreeAxisNaturalAllocationFaceMass_one_one_one_le; L:Millennium/NavierStokesDyadicHodgeThreeAxisResidualFaces:directDyadicHodgeThreeAxisStrictResidualAllocationMass_le; L:Millennium/NavierStokesDyadicHodgeThreeAxisThirdTwoSlice:directDyadicHodgeThreeAxisThirdTwoAllocationSlabMass_le; L:Millennium/NavierStokesDyadicHodgeThreeAxisCornerMass:directDyadicHodgeThreeAxisCornerAllocationMass_le; L:Millennium/NavierStokesDyadicHodgeThreeAxisAllocation:dyadicHodgeSubsetMass_univ_eq_allocationReturnMass; L:Millennium/NavierStokesDyadicHodgeTwoAxisMass:dyadicHodgeGlobalProductFaceMass_two_two_le; L:Millennium/NavierStokesDyadicHodgeThreeAxisOtherTwoSlices:directDyadicHodgeThreeAxisFirstTwoAllocationSlabMass_le; L:Millennium/NavierStokesDyadicHodgeProductFaces:norm_complementaryHodge_zero_zero_le_of_scalar_two_two_ne_zero; L:Millennium/NavierStokesDyadicHodgeSupportStencil:directDyadicScalar_support_controls_complementaryHodgeStencil; L:Millennium/NavierStokesDyadicHodgeEnvelopeScaling:hodgeJacobianEntryMixedTwoTwoEnvelope_dyadic_le	formal-checked	uses:ns.dyadic-hodge-subset-abel
ns.dyadic-tensor-band-variation	receiver	Σ‖Δ_{1}Δ²_{2} band‖, Σ‖Δ²_{1}Δ_{2} band‖ ≤ 192; Σ‖Δ²_{1}Δ²_{2} band‖ ≤ 160/(radius); all 27 scalar allocations commute with the padded lattice chart	the scalar half of the direct Hodge mixed mass: every coordinate-subset variation of the direct dyadic tensor band is bounded with its boundary stencils kept	common aperture; scale ≥ 3 where stated	L:Millennium/NavierStokesDyadicTensorBandSubsetVariation:sum_norm_dyadicTensorBandSubsetVariation_two_two_le_160_div; L:Millennium/NavierStokesDyadicTensorBandSubsetVariation:sum_norm_dyadicTensorBandSubsetVariation_one_two_le_192; L:Millennium/NavierStokesDyadicHodgeThreeAxisScalarChart:threeAxisMixedForwardDifference_directDyadicScalarCoefficient_subsetPadded_eq; L:Millennium/NavierStokesDyadicTensorBandVariation:sum_norm_dyadicTensorBandSecondDifferenceFirstSecond_le_160_div	formal-checked	uses:ns.dyadic-hodge-three-axis-mass
ns.uniform-dyadic-kernel-bound	receiver, constitution	UniformLargeScaleDyadicHodgeSubsetMassReturn C is inhabited; UniformDyadicHodgeJacobianKernelBound (804357 + 216·C) is inhabited; ∀s, ‖K_s‖_{L¹} ≤ 804357 + 216·C	the scale-uniform physical L¹ bound on the dyadic Hodge Jacobian kernel is constructed, not assumed	all scales; C = dyadicHodgeUniformSubsetMassConstant	L:Millennium/NavierStokesDyadicHodgeRemainingSubsetMasses:uniformDyadicHodgeJacobianKernelBound_inhabited; L:Millennium/NavierStokesDyadicHodgeRemainingSubsetMasses:uniformLargeScaleDyadicHodgeSubsetMassReturn_inhabited; L:Millennium/NavierStokesDyadicHodgeCompletedKernelPassage:hasUniformDyadicHodgeJacobianKernelBound_inhabited	formal-checked	uses:ns.dyadic-hodge-low-scales, uses:ns.dyadic-hodge-three-axis-mass
ns.dyadic-hodge-bkm-log	coholon, receiver	‖Du(t)‖_{C(𝕋³)} ≤ C_log·ω̃_crit(t)·log(e + E_{H³,coord}(t)), C_log = 9·(81 + slope·C_kernel + C_tail), ω̃_crit = augmented critical vorticity rate (periodic Beale–Kato–Majda logarithmic Jacobian law)	the literal logarithmic Jacobian estimate holds, and continuation then needs only critical-vorticity integrability and restart supply	open periodic solution; kernel receipt now inhabited	L:Millennium/NavierStokesDyadicHodgeCompletedKernelPassage:coordinateJacobianReceiver_le_completedDyadicHodge_logarithmic; L:Millennium/NavierStokesDyadicHodgeLogarithmicEstimate:coordinateJacobianReceiver_le_dyadicHodge_logarithmic	formal-checked	uses:ns.uniform-dyadic-kernel-bound, uses:ns.jacobian-fourier-reconstruction, uses:ns.bkm-continuation
ns.dyadic-shell-projectors	receiver, tower	finite synthesis has Fourier coefficient 1_{modes}(n)·coeff(n); outer cube = low + middle + high bands through a declared outer dyadic aperture; ‖projector‖ ≤ Σ‖coeff‖	actual finite dyadic aperture projectors on 𝕋³ replace placeholder low/middle/high populations	finite apertures only	L:Millennium/NavierStokesDyadicShellProjectors:mFourierCoeff_finiteFourierSynthesis; L:Millennium/NavierStokesDyadicShellProjectors:openPeriodicJacobianOuterCube_eq_threeBands	formal-checked	
ns.dyadic-spectral-clock	epoch, receiver	∫_0^∞ e^{−ν|k|²τ} dτ = 1/(ν|k|²) ≤ shell clock budget ≤ 1/(ν·4^j) for k in shell j	a dyadic shell's heat-clock service budget decays with the reciprocal parabolic scale 4^{−j}	k ≠ 0 in shell j	L:Millennium/NavierStokesDyadicSpectralClockService:intervalIntegral_heatStokesMultiplier_le_dyadicParabolicClockBudget; L:Millennium/NavierStokesDyadicSpectralClockService:dyadicShellClockBudget_le_parabolic	formal-checked	uses:thermal.heat-kernel
ns.vorticity-flux-convolution	contact, coholon	with a p ↦ k−p paired aperture, −curl(finite advective coefficient)(k) = stretching − transport; localized flux = −P_j(u·∇ω) + P_j((ω·∇)u) = projected source + transport; parabolic clock of 2^j is 4^j	the curl of the quadratic interaction is transport minus stretching only when both decompositions p+q = k and q+p = k are kept together	finite paired aperture; divergence-free modes	L:Millennium/NavierStokesDyadicVorticityFluxConvolutionBridge:neg_frequencyCurlMultiplier_finiteAdvectiveCoefficient_eq; L:Millennium/NavierStokesDyadicVorticityFluxReceiver:finiteOpenVorticityFluxCoefficient_eq_neg_transport_add_stretching; L:Millennium/NavierStokesDyadicVorticityFluxReceiver:terminalDyadicShellPackingReceipt_of_carlesonClockService	formal-checked	uses:ns.vorticity-equation
ns.dynamic-rescaling	coholon, aeon	U(y,s) = A(s)·u(c(s) + ℓ(s)y, τ(s)), P(y,s) = A(s)²·p(c(s) + ℓ(s)y, τ(s)); A(s)⁻¹·U(ℓ(s)⁻¹(x − c(s)), s) = u(x, τ(s)); the time jet carries the spatial drift ċ and the physical clock τ̇; rescaled pressure keeps its period	dynamic rescaling composes spatial scaling with an actual moving spacetime path, deriving the time jet from joint differentiability	no profile equation or endpoint regularity assumed	L:Millennium/NavierStokesDynamicRescaling:rescaledVelocity_reconstruct; L:Millennium/NavierStokesDynamicRescaling:OpenPeriodicSolutionOn.rescaled_pressure_period; L:Millennium/NavierStokesRescalingSpace:velocitySpatialPullback_isPeriodic	formal-checked	uses:aeon.pairing
ns.eleventh-moment	coholon, receiver	Σ_q sup(q)^{11}‖ω̂_q‖² ≤ (2π)^{−12}·Σ_q λ_q⁷‖û_q‖² < ∞ at every t; bounded on every compact [s,τ] ⊂ (0,T); CoherenceDefectTailControl' ⇒ TheOfficialNavierStokesProblem	the eleventh vorticity moment follows from smoothness alone, so the coherence-defect route reduces the official problem to the defect bound on a terminal tail	open periodic solution	L:Millennium/NavierStokesEleventhMomentFromSmoothness:summable_eleventhMoment; L:Millennium/NavierStokesEleventhMomentFromSmoothness:officialProblem_of_defect; L:Millennium/NavierStokesEleventhMomentCompactBound:exists_compact_bound; L:Millennium/NavierStokesEleventhMomentCompactBound:officialProblem_of_coherenceDefectOnly	formal-checked	uses:ns.coherence-defect
ns.enstrophy-terminal-current	coholon, constitution, tube	[‖ω‖²/2]_a^b + ν∫_a^b‖∇ω‖² = ∫_a^b⟨(ω·∇)u, ω⟩ + ∫_a^b⟨curl f, ω⟩; terminal enstrophy trace exists ⇔ the three strand currents return terminal traces	spatial transport cancels but the time current survives as a signed exterior strand, kept unabsolved	open periodic solution; 0 < base < T	L:Millennium/NavierStokesEnstrophyTerminalCurrent:enstrophyIntervalHolon_constitutive; L:Millennium/NavierStokesEnstrophyTerminalCurrent:terminalEnstrophyTrace_of_strandReturns; L:Millennium/NavierStokesEnstrophyTerminalCurrent:hasNullTerminalEnstrophyCurrentAt_of_strandReturns	formal-checked	instance-of:holon.energy-balance
ns.exterior-face-generator	receiver, tower	|exterior_N(q)| ≤ 2π·G(N)·‖u(t)‖_{L²}·L¹(ω(q))², G(N) = Σ_{k∈cube N}|k|₁ = 3(2N+1)²·N(N+1); aligned strain ≤ exterior_N + interior_N	the exterior face of the aligned strain is a circle multiplier 2π times an integer generator of the cube	N ∈ ℕ; open periodic solution, ν ≥ 0	L:Millennium/NavierStokesExteriorFaceGenerator:alignedStrain_le_exterior_add_interior; L:Millennium/NavierStokesExteriorFaceGenerator:exteriorFaceMass_eq	formal-checked	uses:ns.aligned-strain-budget
ns.exterior-torque	coholon	d/dt (angular field) retains ∂_θ p (pressure torque) and the axial vorticity term from differentiating the position carrier; physical reconstruction factor with torque	angular momentum retains the exterior pressure torque; no rotational symmetry or radius division is imposed	arbitrary Cartesian pressure	L:Millennium/NavierStokesExteriorTorque:hasDerivAt_angularField_of_momentum; L:Millennium/NavierStokesExteriorTorque:physical_factor_with_torque	formal-checked	uses:ns.compact-angular-obstruction
ns.fejer-kernel	receiver	#{(a,b) ∈ [0,N]²: b − a = k} = N+1−|k|; hat(k) = ∏_i (N+1−|k_i|)/(N+1); tensor hat kernel = normalized |Dirichlet|² ≥ 0; ∫|F_N| = ∫F_N = 1; ‖F_N * f‖ ≤ ‖f‖ uniformly in N	the tensor Fejér kernel is a positive unit-mass physical average, identified exactly with the closed hat multiplier by an ordered-difference count	N ∈ ℕ, 𝕋³ Haar-normalized	L:Millennium/NavierStokesFejerDifferenceBridge:card_coordinateDifferencePairs; L:Millennium/NavierStokesFejerDifferenceBridge:tensorHatKernel_eq_averagedTensorFejerKernel; L:Millennium/NavierStokesFejerDifferenceBridge:integral_norm_tensorHatKernel; L:Millennium/NavierStokesFejerKernelConvolution:norm_averagedTensorFejerConvolution_le; L:Millennium/NavierStokesFejerMultiplier:mFourierCoeff_tensorHatSynthesis	formal-checked	
ns.finite-fourier-heat	constitution, tube	m_t(k) = exp(−ν t (2π)²|k|²) ∈ [0,1]; on a finite divergence-free population the diagonal heat action is the finite Stokes transport; finite energy evolves by m_t² and is nonincreasing	exact diagonal heat transport on a declared finite frequency set, with no series or Galerkin limit	ν ≥ 0, t ≥ 0, finite support	L:Millennium/NavierStokesFiniteFourierHeat:heatStokesMultiplier_mem_unitInterval; L:Millennium/NavierStokesFiniteFourierHeat:finiteFourierEnergy_evolution_le	formal-checked	uses:thermal.heat-kernel
ns.finite-galerkin-picard	tube, navigator	on the cumulative ancestry cone (finite, zero-extended), u̇ = −ν(2π)²|k|²u + P_Leray B(u,u) is a finite autonomous ODE; coordinate-atom costs give quadratic and Lipschitz bounds on a ball, a symmetric clock τ, and a Picard fixed point path(t) with path(t₀) = u₀ on [t₀−τ, t₀+τ]	a finite Galerkin local Picard solver on the ancestry cone, with an explicit short clock	finite aperture and terminal set, horizon n, radius > 0	L:Millennium/NavierStokesFiniteGalerkinLocalPicard:exists_finiteHorizonAncestryLocalPicardSolution; L:Millennium/NavierStokesFiniteGalerkinLocalPicard:exists_finiteGalerkinPicardFixedPoint	formal-checked	uses:ns.finite-scale-ancestry
ns.finite-scale-ancestry	tower, contact	supp a ⊆ cube r, supp b ⊆ cube s ⇒ supp B(a,b) ⊆ cube(r+s); seed below dyadic level J ⇒ Picard word of depth n below level J+n; one heat-seeded generation advances support by at most one dyadic level; full chronology = low-seed chronology + marked high-seed fibre	a quadratic interaction cannot create a remote output: the spatial ancestry half of the clocked pantographic Swing	finite populations; heat changes amplitudes, never addresses	L:Millennium/NavierStokesFiniteScaleAncestry:finiteAdvectiveCoefficient_supportedInFrequencyCube_add; L:Millennium/NavierStokesFiniteScaleAncestry:finiteQuadraticPicardWord_supported; L:Millennium/NavierStokesFinitePicardChronology:finiteHeatSeededPicardGeneration_supported	formal-checked	uses:ns.frequency-reach, instance-of:swing.pantograph
ns.picard-marked-volterra	tube, receiver	M_{n+1}(t) ≤ M_restart + ∫ (‖B(m,ℓ)‖ + ‖B(ℓ,m)‖ + ‖B(m,m)‖) over the unoriented time interval (marked–low, low–marked, marked–marked); ancestry receiver monotone in horizon; closed finite-horizon marked recurrence	the marked-high fibre of the heat-seeded Picard chronology obeys a finite Volterra law with three retained occurrences	forward clock, ν ≥ 0; finite apertures	L:Millennium/NavierStokesFinitePicardVolterraMass:finiteHeatSeededPicardMarkedHighMass_succ_le; L:Millennium/NavierStokesFinitePicardAncestryService:finiteHeatSeededPicardMarkedHighMass_ancestry_succ_le; L:Millennium/NavierStokesFinitePicardAncestryService:finiteHorizonAncestryReceiver_mono_step	formal-checked	uses:ns.finite-scale-ancestry
ns.finite-picard-native-join	tube, coholon	finite-support population ↦ Σ weighted singleton modes ∈ native weighted H³; heat-seeded finite Picard chronology = iterates of the weighted mild restart map; finite projected advective coefficient = physical mode of the native weighted Leray quadratic when the aperture contains the support cube	the finite chronology is a genuine continuous native path and meets the native Duhamel coefficient exactly	finite support, finite generation; ν > 0	L:Millennium/NavierStokesFinitePicardNativePathJoin:finiteHeatSeededPicardNativePath_eq_weightedMildRestartMap_iterate; L:Millennium/NavierStokesFiniteNativeQuadraticCoefficientBridge:finiteProjectedAdvectiveCoefficient_eq_weightedLerayQuadratic_physicalMode; L:Millennium/NavierStokesFiniteFourierSmoothReconstruction:reconstructedVelocity_component_eq_finiteNativeFourierSum	formal-checked	uses:ns.finite-scale-ancestry
ns.finite-linear-work-decomposition	receiver, coholon	W_{N,R} = physical direction face + output-frequency fibre + 3 multiplier-crossing faces + interaction-radius tail (one signed phase population, real chart taken last); ∫_a^b |radius tail| → 0 as R → ∞; |∫ W| ≤ ‖∫ phase‖ + ‖∫ tail‖	the finite linear boundary work is decomposed phase-first; interaction radius removes only the cofinal source tail, never the output defect	compact interior [a,b], fixed finite depth	L:Millennium/NavierStokesFiniteLinearTimePhaseLedger:compactLinearBoundaryWork_eq_physicalBoundaryPhase_add_radiusTail; L:Millennium/NavierStokesFiniteLinearRadiusTailPassage:tendsto_integral_abs_compactFiniteLinearInteractionRadiusTailRate_zero; L:Millennium/NavierStokesFiniteLinearSignedWorkTailLedger:enorm_integral_compactLinearBoundaryWork_le_signedWorkTailLedger; L:Millennium/NavierStokesFiniteLinearWorkDecomposition:finitePairCompatibleBoundaryNonlinearWork_eq_direction_plus_boundaries	formal-checked	uses:ns.cofinal-output-parseval
ns.finite-work-parseval-join	receiver, coholon	pair-compatible strain-filtered stretching work = ∫ receiver-truncated physical reading (Hermitian Parseval on a common finite population); transport exchange population bounded by boundary faces uniformly in depth; stretching work = direction integral + shortest obstruction defect	the work-side Fourier/physical join holds without suppressing either aperture, exposing the genuine fixed-depth output tail	finite depth, open periodic solution	L:Millennium/NavierStokesFiniteLinearWorkPhysicalJoin:finitePairCompatibleStrainFilteredStretchingWork_eq_integral_receiverTruncated; L:Millennium/NavierStokesFiniteLinearWorkPhysicalJoin:norm_finiteDepthOpenTransportExchangePopulation_le_boundaryFaces; L:Millennium/NavierStokesFiniteLinearWorkDecomposition:finitePairCompatibleStrainFilteredStretchingWork_eq_directionIntegral_add_defect	formal-checked	uses:ns.finite-linear-work-decomposition
ns.finite-time-carriers	tube, holon	SmoothSolutionOn on [0,T] with within-derivatives at the endpoint; global solutions restrict to slabs and restriction is functorial (restrict_trans); a restriction of a global solution can extend past T	a bounded slab carrier lets continuation be studied without assuming global existence	T > 0	L:Millennium/NavierStokesFiniteTime:SmoothSolution.restrict_trans; L:Millennium/NavierStokesFiniteTime:SmoothSolution.globalRestriction_canExtendPast	formal-checked	instance-of:tower.gluing
ns.finite-time-vorticity	coholon, tube	on the slab [0,T], at each 0 < t < T: ∂ₜω + (u·∇)ω = (ω·∇)u + νΔω + curl f; ∫⟨vorticity time work⟩ = enstrophy rate; enstrophy ≤ exponential under nonpositive forcing and interior control; extension ∨ controlled terminal obstruction	the pointwise vorticity equation and enstrophy balance belong to the finite carrier, and the continuation alternative is kept separate from the estimate	PeriodicSolutionOn T; InteriorVorticityControl K F	L:Millennium/NavierStokesFiniteTimeVorticity:smoothSolutionOn_hasPointwiseVorticityBalanceAt; L:Millennium/NavierStokesFiniteTimeEnstrophy:periodicSolutionOn_hasDerivAt_periodicEnstrophy_fromMomentum; L:Millennium/NavierStokesFiniteTimeContinuation:extension_or_controlledTerminalObstruction; L:Millennium/NavierStokesFiniteTimeContinuation:periodicSolutionOn_enstrophy_le_exponential_of_nonpositive_forcing	formal-checked	uses:ns.vorticity-equation
ns.future-force-obstruction	tube, receipt	f = 0 on [0,T), f(·,T) = discontinuous singleton spike; u = p = 0 on [0,T): OpenAccumulatedJacobianControl holds, yet no compatible extension exists (it would make the spike C²)	an interior critical-control receipt cannot imply extension for an arbitrary fixed force, since the open lifespan does not constrain the force at T	T > 0, ν ≥ 0	L:Millennium/NavierStokesForceObstruction:finiteInteriorControl_does_not_imply_extension; L:Millennium/NavierStokesForceObstruction:spatialSpike_not_contDiff_two	counterexample	obstructs:ns.bkm-continuation
ns.fourier-kirchhoff	coholon, complex, receiver	transfer_k = Re⟨adv̂_k, û_k⟩; Σ'_k transfer_k = 0 (from ∫⟨(u·∇)u, u⟩ = 0); Σ_{k∈F} transfer_k + Σ'_{k∉F} transfer_k = 0	the Fourier Kirchhoff law: the transfer currents into every finite family and its complement cancel, so the tail can only be fed at the expense of the band	open periodic solution, incompressible, periodic	L:Millennium/NavierStokesFourierKirchhoff:hasSum_transfer; L:Millennium/NavierStokesFourierKirchhoff:sum_transfer_add_tsum_compl; L:Millennium/NavierStokesFourierKirchhoff:hasSum_re_conj_mul_smoothSliceFourierL2	formal-checked	instance-of:holon.stokes, uses:ns.cell-kirchhoff
ns.triad-skew-cancellation	contact, cycle	closed triad p + q + k = 0, p·û(p) = 0 ⇒ face(p; q → k) + face(p; k → q) = 0	the exchanged coefficient faces of one closed triad cancel exactly: the smallest closed polygon carries the skew energy conservation	finite algebraic carrier; no convolution sum	L:Millennium/NavierStokesFourierTriads:exchanged_triadicEnergyFace_cancel	formal-checked	uses:contact.dq
ns.fourth-moment-riccati	coholon, constitution	M_j = Σ_{k∈F} |k|_∞^j·E_k; M₄' ≤ −ν(2π)²M₆ + (3⁵/ν)·Σ_{k∈F} |k|_∞⁴·incoherentCost(⌊(|k|_∞−1)/2⌋)²	dissipation acts at weight six while the drive is the weighted sum of squared incoherent half-radius costs, with no count of modes	ν > 0; family of nonzero modes, |k|_∞ ≥ 1	L:Millennium/NavierStokesFourthMomentRiccati:momentEnergy_riccati; L:Millennium/NavierStokesFourthMomentRiccati:modalEnergy_riccati_incoherent	formal-checked	uses:ns.incoherent-source
ns.framed-horizontal-mean	holon, receiver	⟨f⟩_{r,c}(ζ) over the moving affine cell c + D(r)·[0,1]² keeps endpoint orientation; affine transport of the mean and its time derivative hold for either sign of r	the horizontal average is transported over the actual moving cell	r ≠ 0	L:Millennium/NavierStokesFramedHorizontalMean:framedHorizontalMean_affine_transport; L:Millennium/NavierStokesFramedHorizontalMean:framedHorizontalMean_affine_transport_hasDerivAt	formal-checked	uses:ns.anisotropic-frame
ns.frequency-reach	contact, tower, compression	p + q + k = 0, p ∈ cube a, q ∈ cube b ⇒ k ∈ cube(a+b); k ∉ cube 2N ⇒ p ∉ cube N ∨ q ∉ cube N; reach(N, m) ⊆ cube(2^m·N)	relevance reaches the tail only shell by shell: m interactions from a band reach at most radius 2^m N	closed triads; algebraic support	L:Millennium/NavierStokesFrequencyReach:receiver_mem_frequencyCube_of_closed; L:Millennium/NavierStokesFrequencyReach:tail_fed_only_through_tail; L:Millennium/NavierStokesFrequencyReach:reach_subset_frequencyCube	formal-checked	instance-of:info.relevance-kernel
ns.frontier-transfer	contact, receiver, compression	k ∉ cube 2N ⇒ p ∉ cube N ∨ k−p ∉ cube N; ‖adv̂_k‖ ≤ ‖û‖_{ℓ¹(cube N)}·(Jacobian mass beyond N) + ‖û‖_{ℓ¹(ext)}·(total Jacobian mass) = frontier(N); |transfer_k| ≤ frontier(N)·‖û_k‖_{ℓ¹}; |dE_{cube 2N}/dt + 2νD_{cube 2N}| ≤ 2·frontier(N)·exteriorMass(2N)	a receiver beyond twice the band is fed only through the exterior, so the band's net current is bounded by the frontier product	open periodic solution, fixed t	L:Millennium/NavierStokesFrontierFeed:feed_participant_exterior; L:Millennium/NavierStokesFrontierFeed:norm_advectionMode_le_frontier; L:Millennium/NavierStokesFrontierTransfer:abs_sum_transfer_cube_le; L:Millennium/NavierStokesFrontierTransfer:abs_deriv_bandMass_add_dissipation_le	formal-checked	uses:ns.fourier-kirchhoff, uses:ns.frequency-reach
ns.frontier-vanishing	compression, receiver	exteriorMass(M) → 0, JacobianTail(N) → 0, frontier(N) → 0, frontier(N)·exteriorMass(2N) → 0; dE_{cube 2N}/dt + 2νD_{cube 2N} → 0	as the band grows the frontier defect vanishes and the band budgets converge to exact dissipation	fixed t; summable coefficient tails	L:Millennium/NavierStokesFrontierVanishing:tendsto_frontierBound; L:Millennium/NavierStokesFrontierVanishing:tendsto_frontier_defect; L:Millennium/NavierStokesFrontierVanishing:tendsto_bandBudget	formal-checked	uses:ns.frontier-transfer
ns.frozen-source-boundary	tube, constitution	∫_0^h e^{νΔr} curl N(t) dr = (I − S_h)·(νΔ)^{−1} curl N(t) on nonzero modes (zero mode vanishes through the curl); boundary mass ≤ direct spectral service; clock budget ~ h^{3/4} → 0 as h → 0⁺	freezing the sharp source makes its heat-transported curl a finite semigroup boundary action, squeezed to zero on a shrinking clock aperture	ν > 0, h ≥ 0, 2νh ≤ 1 for the uniform bound	L:Millennium/NavierStokesFrozenSharpSourceBoundary:openFrozenSharpSourceCurlBoundaryAction_eq_elapsedIntegral; L:Millennium/NavierStokesFrozenSharpSourceBoundary:finiteFrozenH2SourceCurlBoundaryMass_le_integral_service; L:Millennium/NavierStokesFrozenSharpSourceBoundaryScale:tendsto_openFrozenSharpSourceCurlBoundaryMass_zero	formal-checked	uses:ns.critical-time-reflection
ns.gaussian-circulation	coholon, cycle	Γ_q(s) = Γ·(1 − e^{−q s}), s = r², solves the stationary radial balance (constraint identity e^{−qs}); Γ(s) ≠ 0 for all s > 0 (not compactly supported); the Gaussian core velocity is smooth, divergence-free, with exact circulation, and not 1-periodic	an exact noncompact circulation profile with a regular Cartesian core, barred from the periodic chart	Γ, q > 0; a ≠ 0 for the core	L:Millennium/NavierStokesGaussianCirculation:gaussianCirculation_not_compact_support; L:Millennium/NavierStokesGaussianCore:gaussianCoreVelocity_not_periodic	counterexample	
ns.h2-triad-multiplier-swing	contact, swing	H² multiplier 1 + λ(k): on an exchanged divergence-free triad the storage 1 cancels and transfer = c_Stokes·(⟨p,k⟩ − ⟨p,q⟩)·face(p; q → k); |q|² = |k|² ⇒ transfer = 0	the H² multiplier crosses an exchanged triad as a local pantographic Swing: only the difference of the two Stokes eigenvalue coordinates survives	closed triad p+q+k = 0, p·û(p) = 0; Stokes scale from a full-turn calibration	L:Millennium/NavierStokesH2TriadMultiplierSwing:h2ExchangedTriadTransfer_eq_advectingPairingSwing_mul; L:Millennium/NavierStokesH2TriadMultiplierSwing:h2ExchangedTriadTransfer_eq_zero_of_equal_frequencySquared	formal-checked	instance-of:swing.pantograph, uses:ns.triad-skew-cancellation
ns.h2-dyadic-product-rule	contact, swing, receiver	(H² weight × smooth band) across an exchanged triad = H² Swing × transported band weight + band boundary flux × receiver H² weight; on two adjacent bands covering one sharp shell the transported weights sum to 1 and the boundary fluxes cancel	the discrete multiplier product rule through a smooth dyadic boundary	noninitial sharp shell	L:Millennium/NavierStokesH2DyadicMultiplierProductSwing:h2SmoothDyadicExchangedTriadTransfer_eq_h2Swing_add_boundaryFlux	formal-checked	uses:ns.h2-triad-multiplier-swing
ns.h2-separation-kernel	contact, tower	advecting in shell ℓ, transported and receiver in shell h ≥ ℓ+1: ‖transfer‖ ≤ c_Stokes·6·(R_ℓ/R_h)·R_{h+1}²·|face|; R_ℓ/R_h a half-power per level; finite separated populations bounded by ratio-weighted face mass; comparable/higher population reconstructed separately	the high–high–low H² lever retains the low/high length ratio, summable uniformly in the high level	strictly separated shells only	L:Millennium/NavierStokesH2DyadicSeparationKernel:norm_h2ExchangedTriadTransfer_le_ratio_mul_high_sq; L:Millennium/NavierStokesH2SeparatedTriadPopulationBound:norm_separatedH2TriadPopulationCurrent_le_of_shellFaceMassBound; L:Millennium/NavierStokesH2SeparatedTriadPopulationBound:comparableAndHigherTriadPopulationFiber_reconstruct	formal-checked	uses:ns.h2-triad-multiplier-swing
ns.h2-advecting-low-grade	contact, receiver, tower	advecting-low closed triads reindexed by (least advecting grade, max high grade) with full multiplicity; the two high grades are equal or adjacent; |H² transfer| ≤ (grade-length ratio)·(common high aperture)²·|face|; face mass ≤ calibrated Cauchy–Schwarz over equal/adjacent patterns	the complete advecting-low H² sector is bounded grade by grade without collapsing address multiplicity	open periodic solution; pointwise in t	L:Millennium/NavierStokesH2AdvectingLowGradePopulation:completePhysicalH2AdvectingLowExchangedTransportCurrent_eq_gradeFiber; L:Millennium/NavierStokesH2AdvectingLowGradeLeverBound:norm_completePhysicalH2ExchangedTransportFace_le_advectingLowGradeRatio; L:Millennium/NavierStokesH2AdvectingLowGradeFaceMass:completePhysicalH2AdvectingLowGradeFaceMass_le_calibrated_cauchy_patterns	formal-checked	uses:ns.triad-sector-partition, uses:ns.h2-separation-kernel
ns.h2-low-velocity-kernel	receiver, tower	‖û‖_{ℓ¹(shell g)} ≤ √(#shell)·√(H³ mass on shell) = O(R_g^{−3/2}); R_g·‖û‖_{ℓ¹(shell g+1)} ≤ kernel_g ~ R_g^{−1/2}; Σ_g kernel_g ≤ explicit rational geometric service	the positive-grade low pin contributes a summable R^{−1/2} grade kernel against the sharp reciprocal H³ service	positive grades; terminal-independent	L:Millennium/NavierStokesH2LowVelocitySliceConversion:openPeriodicVelocityL1MassOn_gradeSucc_le_explicit; L:Millennium/NavierStokesH2LowVelocityGradeKernel:sum_radius_mul_openPeriodicVelocityL1MassOn_gradeSucc_le_service	formal-checked	uses:ns.h2-advecting-low-grade
ns.h2-production-test-bar	receiver, coholon	|⟨test, source⟩_H| ≤ ‖test‖_{L¹}·(phase + aligned source mass); ¬∃C ∀(receiver, source, test), |⟨test, source⟩| ≤ C·(‖phase remainder‖_{L¹} + ‖aligned‖_{L¹}) without the test receiver	the polar split alone does not bound a signed H² production reading: the derivative-weighted velocity test must be paid	finite-dimensional incidence; scaling separator	L:Millennium/NavierStokesH2ProductionPhaseTestBound:no_uniform_sourcePolarMass_bound_for_productionTests	counterexample	obstructs:ns.vorticity-direction
ns.h2-storage-payment	coholon, constitution	E₂(t) ≤ E₀(0) + ½D₃(t) (lower faces are halves of the order-0/1 viscous populations); ∫_a^b ‖u‖²_{H³_w} ≤ 240·((b−a)·E_kin(0) + (3/2)ν^{−1}·(E₂(a) + production budget))	the coordinate H² storage is paid by initial kinetic energy and dissipation, so the H³ square current reduces to a production budget	ν > 0, 0 < a ≤ b < T, f = 0; no Poincaré hypothesis	L:Millennium/NavierStokesH2StorageDissipationPayment:openPeriodicSolutionOn_integral_coordinateH2Energy_le_initialKinetic_add_half_H3Dissipation; L:Millennium/NavierStokesH2StorageDissipationPayment:integral_compactOpenVelocityWeightedH3SquareCurrent_le_of_productionBudget_without_storageDebt	formal-checked	uses:ns.coordinate-production-laws
ns.h2-to-h3-heat	constitution, tube	E₃(e^{νtΔ}f) ≤ (1 + (2νt)^{−1})·E₂(f)	one heat step recovers exactly one derivative from H² to H³	ν t > 0, periodic	L:Millennium/NavierStokesH2ToH3HeatSmoothing:periodicSobolevThreeSquaredEnergy_heatTwoIntoThree_le	formal-checked	uses:ns.duhamel-kernel-integrable
ns.axial-forced-primitive	coholon	for F > 0: correction = F·∫(S/F²) solves the forced axial equation; zero-axis anchor selects the representative of the homogeneous cF fibre; the first viscous axis response includes the forced term	the changing axis carries its time and viscous source; the instantaneous Euler axis relation is not silently preserved	F > 0	L:Millennium/NavierStokesForcedAxialPrimitive:linearAxisResponse_returns_source; L:Millennium/NavierStokesForcedAxialPrimitive:firstViscousAxisResponse; L:Millennium/NavierStokesFirstRadialLift:radialDerivative_swirlMomentum_firstRadial_axis	formal-checked	uses:ns.axial-lift-compatibility
ns.feed-term	contact, receiver	feed_{k,p}(o) = Σ_c û_c(p)·(Du)^_{o,c}(k − p); adv̂_k(o) = Σ'_p feed_{k,p}(o) = ((u·∇)u)^(k)_o	the advection mode at a receiver k is the comb of feed teeth, one per sender p, each a velocity–Jacobian contact	open periodic solution at t	L:Millennium/NavierStokesShellStepCost:feedTerm	definition	uses:ns.triad-skew-cancellation
ns.coherence-defect	contact, receiver	CoherenceDefectAt κ k :⇔ ∀o, ‖adv̂_k(o)‖² ≤ (1+κ)·Σ'_p ‖feed_{k,p}(o)‖²	incoherence at a receiver: the advection mode is at most (1+κ) times the diagonal of its feeds	κ ≥ 0, k ≠ 0	L:Millennium/NavierStokesIncoherentSource:CoherenceDefectAt	definition	uses:ns.feed-term
ns.incoherent-source	contact, receiver, constitution	M_w(F)' ≤ −2ν(2π)²M_{w+2}(F) + 2√(3M_w(F))·√(Σ_F |k|^w ℓ¹(N_k)²); |k|^w ℓ¹(N_k)² ≤ 3³(2π)²|k|^{w+2} Σ_o ‖adv̂_k(o)‖²; Σ_o ‖feed_{k,p}(o)‖² ≤ 3·V(p)·E_{k−p}	each feed is paid by the sender's velocity mass and the carrier's modal energy, so on incoherent receivers the advection source is paid by moments	ν > 0; family F of nonzero modes; eleventh moment summable	L:Millennium/NavierStokesIncoherentSource:momentEnergy_riccati_gen; L:Millennium/NavierStokesIncoherentSource:sum_sq_feedTerm_le; L:Millennium/NavierStokesIncoherentSource:sum_pow_four_adv_sq_le_of_defect	formal-checked	uses:ns.coherence-defect
ns.incoherent-closure	constitution, receiver	W₂² ≤ W₀W₄, W₀² ≤ 3(2π)²V·W₂; M₂(F)' ≤ −2ν(2π)²M₄ + (3/2)ν(2π)²W₄ + (3cV/(ν(2π)²))M₂ + (18cV/(ν(2π)²))W₂, c = 3³(2π)²·3·2³; W₂(τ) ≤ W₂(s)·exp(21cV₀(τ−s)/(ν(2π)²)); CoherenceDefectControl ⇒ StatementB	on incoherent feeds with bounded velocity mass the weight-two Riccati closes linearly and returns the periodic alternative	conditional on CoherenceDefectControl (bounded κ, V₀ on a terminal tail)	L:Millennium/NavierStokesIncoherentClosure:momentEnergy_riccati_incoherent; L:Millennium/NavierStokesIncoherentClosure:moment_two_le; L:Millennium/NavierStokesIncoherentClosure:statementB_of_coherenceDefect; L:Millennium/NavierStokesIncoherentClosure:moment_zero_sq_le	formal-checked	uses:ns.incoherent-source, uses:ns.eleventh-moment
ns.incoherent-band-mass	receiver, compression	Σ_{p≠0} |p|_∞^{−4} ≤ 52 = 2²·13; bandMass(N) ≤ ℓ¹(û(0)) + √52·√(Σ_{p∈cube N, p≠0} |p|_∞⁴ ℓ¹(û(p))²) ≤ ℓ¹(û(0)) + √(52·3/(2π)²)·√(Σ |p|_∞² E_p)	the lattice weight removes the count (2N+1)³ from the band mass: the band is paid by its own second moment of vorticity energy	open periodic solution at t	L:Millennium/NavierStokesIncoherentBandMass:bandMass_le_incoherent; L:Millennium/NavierStokesIncoherentBandMass:bandMass_le_secondMoment; L:Millennium/NavierStokesIncoherentBandMass:norm_bandFeed_le_secondMoment	formal-checked	uses:ns.l1-moment-ladder
ns.l1-moment-ladder	receiver	#{k: |k|_∞ = n} ≤ 26n²; Σ_{k≠0} |k|_∞^{−4} ≤ 26·ζ(2); |k|^s‖û_k‖ ≤ ½(|k|^{−4} + |k|^{2s+4}‖û_k‖²) ⇒ energy moment of order 2s+2 gives finite ℓ¹ velocity moment of order s	one rung of the moment ladder: the ℓ¹ moment of order s follows from the vorticity energy moment of order 2s+2	s ∈ ℕ; ω̂ = 2πi k × û	L:Millennium/NavierStokesL1MomentLadder:summable_inv_sup_pow_four; L:Millennium/NavierStokesL1MomentLadder:summable_l1MomentTerm	formal-checked	
ns.h2-lever-equal-radius	contact, swing	|q|² = |k|² ⇒ λ(k) − λ(q) = 0 ⇒ the H² advecting pairing Swing vanishes; cube-local lever: high–high–low costs one low length times the high aperture	the H² multiplier lever is scale-local and vanishes on equal-radius exchanges	closed divergence-free triad	L:Millennium/NavierStokesH2TriadShellLeverBound:advectingPairingSwing_eq_zero_of_equal_frequencySquared; L:Millennium/NavierStokesH2TriadShellLeverBound:torusStokesEigenvalue_difference_eq_zero_of_equal_frequencySquared; L:Millennium/NavierStokesH2TriadMultiplierSwing:calibratedH2ExchangedTriadTransfer_eq_stokesDifference_mul	formal-checked	uses:ns.h2-triad-multiplier-swing
ns.h2-vorticity-shell-dissipation	receiver, constitution	finite shell (Σ‖ω̂‖_{ℓ¹})² ≤ Stokes-weighted velocity square population ≤ native H³ mass; curl scale from the primitive torus character	vorticity shell squares left by the H² triad estimates are paid in the native H³ dissipation chart, without mode count	finite shells	L:Millennium/NavierStokesH2VorticityShellDissipationBridge:openPeriodicH2WeightedVorticityL1SquareMassOn_le_nativeH3; L:Millennium/NavierStokesH2VorticityShellDissipationBridge:finite_velocityH3SquareMass_le_native	formal-checked	uses:ns.h2-advecting-low-grade
ns.h3-leray-bilinear	contact, coholon	Σ_k (1+|k|²)^{−3} < ∞ (reciprocal H³ weight on ℤ³); ‖fg‖_{H³} ≤ 16·‖f‖_{H³}‖g‖_{H³}; (u,v) ↦ (Σ_j ∂_j(u_j v_a))_a : H³×H³ → H²; ‖P_Leray w_k‖² ≤ 12·Σ‖w_k,i‖²; ‖P_Leray div(u⊗v)‖_{H²} ≤ 2592·c_emb·‖u‖_{H³}‖v‖_{H³}, 2592 = 2⁵·3⁴	the complete periodic Leray-projected bilinear passage H³×H³→H² with an explicit constant and exact divergence annihilation	complete ℤ³ coefficient carrier; no cutoff	L:Millennium/NavierStokesH3LerayBilinearNorm:periodicVectorH2CoefficientNorm_lerayProjectedH3DivergenceConvolution_le; L:Millennium/NavierStokesH3LerayBilinear:lerayProjectedH3DivergenceConvolution_divergenceFree; L:Millennium/NavierStokesH3BilinearNorm:periodicH3CoefficientNorm_scalarH3Product_le; L:Millennium/NavierStokesH3Bilinear:norm_sobolevThreeAmplitude_mul_scalarH3ProductConvolution_le_envelope; L:Millennium/NavierStokesH3DivergenceBilinear:hasPeriodicSobolevCoefficients_finset_sum	formal-checked	uses:ns.mild-fourier-nonlinearity
ns.infinite-fourier-heat	constitution, tube	e^{νtΔ} on ℓ²(ℤ³) ≅ L²(𝕋³) is a nonexpanding semigroup; ‖·‖²_{H¹} ≤ (1 + (2νt)^{−1})‖·‖²_{L²}; three equal passages: ‖e^{νtΔ}f‖²_{H³} ≤ (1 + (2ν t/3)^{−1})³‖f‖²_{L²}; strongly continuous at t = 0 on ℓ²; preserves modewise divergence-freeness	the infinite Fourier heat semigroup on the genuine Hilbert carrier with its t^{−3} H³ squeeze	ν ≥ 0, t > 0 for smoothing	L:Millennium/NavierStokesInfiniteFourierHeat:tsum_periodicSobolevWeight_one_infiniteHeat_le; L:Millennium/NavierStokesInfiniteFourierHeatH3:infiniteVectorHeatCoefficientEvolution_hasPeriodicSobolev_three; L:Millennium/NavierStokesInfiniteFourierHeatRestart:tendsto_infinitePeriodicHeatEvolution_zero_time	formal-checked	uses:thermal.heat-kernel
ns.mild-fourier-nonlinearity	contact, coholon	translation on ℓ²(ℤ³) and discrete Young ℓ¹ * ℓ² → ℓ² with norm-one constant; derivative multiplier 2πik on H³ into ℓ²; P_Leray(0) = 0, k·P_Leray w_k = 0	the infinite Fourier nonlinearity is built without cutoffs before the mild fixed point	complete coefficient populations	L:Millennium/NavierStokesMildFourierNonlinearity:complexDot_lerayProjectMode_eq_zero; L:Millennium/NavierStokesMildFourierNonlinearity:lerayProjectedH3AdvectiveCoefficient_divergenceFree	formal-checked	
ns.invariant-quadratic-contraction	tube, receiver	QuadraticContractionData Φ with closed S ∋ 0, Φ(S) ⊆ S ⇒ ∃u ∈ S, ‖u‖ ≤ R, Φu = u	the mild fixed point returns inside a closed constitutive fibre (e.g. Fourier reality) together with its norm receipt	X complete; S closed and invariant	L:Millennium/NavierStokesInvariantQuadraticContraction:exists_fixedPoint_mem_restartBall_and_invariant	formal-checked	
ns.half-radius-reach	receiver, compression	|k|_∞ ≥ 1 ⇒ k ∉ cube(2⌊(|k|_∞−1)/2⌋); λ_k ≥ (2π)²|k|_∞²; modal Riccati at the half radius with cost decaying in k	every tail mode is paid at half its radius, so its cost decays with the mode as a tail sum needs	|k|_∞ ≥ 1, ν > 0	L:Millennium/NavierStokesHalfRadiusReach:not_mem_frequencyCube_two_mul_halfRadius; L:Millennium/NavierStokesHalfRadiusReach:modalEnergy_riccati_halfRadius	formal-checked	uses:ns.frequency-reach, uses:ns.modal-riccati
ns.high-frequency-heat-decay	constitution, receiver	k ∉ cube N ⇒ (N+1)² ≤ |k|²; ∃ axis: λ(boundary generator e_axis·(N+1)) ≤ λ(k); any spectral clock action transports k no more than the boundary generator; heat multiplier ≤ e^{−ν t (2π)²(N+1)²}	leaving a frequency cube is dominated by one addressed boundary-generator mode, using only the zero/serial/order laws of a spectral clock	ν, t ≥ 0	L:Millennium/NavierStokesHighFrequencyHeatDecay:radius_add_one_sq_le_frequencySquared_of_not_mem_frequencyCube; L:Millennium/NavierStokesHighFrequencyHeatDecay:exists_transport_le_boundaryGenerator; L:Millennium/NavierStokesHighFrequencyHeatDecay:exists_heatTransport_le_boundaryGenerator	formal-checked	uses:ns.dyadic-spectral-clock
ns.high-vorticity-direction	coholon, swing	|ω| ≥ m > 0 on a region, ‖ω(x) − ω(y)‖ ≤ L|x−y| ⇒ ‖ξ(x) − ξ(y)‖ ≤ 2m^{−1}L|x−y|; weights: numerator 3, denominator 2, quotient 1; receiver cross-difference ≤ high part + low part (symmetric gluing)	high-vorticity amplitude returns a weight-one direction law; normalization is singular only at the zero chart	addressed high-vorticity region	L:Millennium/NavierStokesHighVorticityDirection:openPeriodic_receiverCrossDifference_le_symmetricHighLow; L:Millennium/NavierStokesHighVorticityDirection:openPeriodic_receiverCrossDifference_le_highLow	formal-checked	uses:ns.vorticity-direction
ns.hodge-band-reconstruction	constitution, coholon	(Du)^(k) = Hodge ascent of ω̂(k) for every k (zero mode included); every finite Jacobian band = synthesis of reconstructed vorticity pins	the velocity Jacobian is reconstructed modewise from vorticity: the coexact velocity is recovered from its curl	incompressible open periodic slice	L:Millennium/NavierStokesHodgeBandReconstruction:hodgeJacobianMode_openPeriodicVorticityFourierMode; L:Millennium/NavierStokesHodgeBandReconstruction:openPeriodicHodgeJacobianBandProjector_eq_actual	formal-checked	instance-of:constitution.hodge-split
ns.hodge-entry-scale-descent	receiver, constitution	an addressed word annihilating the numerator forces the strict predecessor recurrence for the quotient; 112 envelope ≤ 34505600000/R_s⁴, 122 envelope ≤ 7483641600000/R_s⁵	strict scale descent lifts the checked 11 and 111 Hodge faces to the 112 and 122 faces without an analytic hypothesis	scale ≥ 3	L:Millennium/NavierStokesHodgeEntryScaleDescent:hodgeJacobianEntryThreeAxis112DescentEnvelope_dyadic_le; L:Millennium/NavierStokesHodgeEntryScaleDescent:hodgeJacobianEntryThreeAxis122DescentEnvelope_dyadic_le	formal-checked	uses:ns.dyadic-hodge-three-axis-mass
ns.local-hodge-faces	coholon, complex	Du = sym + skew; the symmetric face is the full local kernel of curl, the skew face is reconstructed from ω and carries the entire curl; pressure part = d p (exact one-form) = ∇p♭; d(dp) = 0	velocity is a coholon whose exact part is pressure: the local Hodge faces of Navier–Stokes, with the de Rham and metric presentations agreeing	p ∈ C² at x	L:Millennium/NavierStokesHodge:pressureExactOneForm_closed; L:Millennium/NavierStokesHodge:pressureExactOneForm_eq_loweredGradient	formal-checked	instance-of:constitution.hodge-split, uses:complex.boundary-squared
ns.horizontal-mean	receiver	⟨f⟩(z) = ∫_{[0,1]²} f(x₀,x₁,z); additive; differentiable in z under compact-slab domination	the horizontal mean is taken over the literal square with the complete population differentiated	f jointly smooth	L:Millennium/NavierStokesHorizontalMean:horizontalMean_hasDerivAt; L:Millennium/NavierStokesHorizontalMean:horizontalMean_eq_squareMean	formal-checked	
ns.initial-critical-vorticity	coholon, tube	∫_0^s ω_crit < ∞ for every s < T (uniform Jacobian bound on closed interior slabs); pantographic terminal receipt ⇒ ∫_s^T ω_crit < ∞ ⇒ ∫_0^T ω_crit < ∞	the initial face of the critical vorticity receiver is paid unconditionally; only the terminal tail needs a receipt	open periodic solution; conditional on the pantographic terminal receipt for the tail	L:Millennium/NavierStokesInitialCriticalVorticityIntegrability:intervalIntegrable_criticalVorticityRate_initial; L:Millennium/NavierStokesInitialCriticalVorticityIntegrability:intervalIntegrable_criticalVorticityRate_of_pantographic	formal-checked	uses:ns.bkm-continuation
ns.initial-left-trace	coholon, tube	full vorticity coefficient mass ≤ fixed weighted-H³ service on every smooth slice; the source-detached native mild restart from u(0) equals the solution on a positive interval; left terminal exhaustion uniformly bounded	the initial-side terminal exhaustion is uniformly controlled by open-slab uniqueness	ν > 0	L:Millennium/NavierStokesInitialLeftTraceUniformity:exists_uniform_smoothTerminalExhaustionLeft_fullMass_bound; L:Millennium/NavierStokesInitialLeftTraceUniformity:exists_uniform_smoothTerminalExhaustionLeft_restartPayment_bound	formal-checked	uses:ns.coordinate-restart-cap
ns.integral-enstrophy	coholon, constitution	‖ω(t)‖² ≤ ‖ω(a)‖²·exp(∫_a^t 2K) + forcing term, K(t) Jacobian envelope, F(t) curl-forcing envelope; bounded under an integral Jacobian budget	the enstrophy integrating factor carries the time morphology of the Jacobian envelope, restricted to 0 < a ≤ t ≤ b < T	PeriodicSolutionOn; continuous envelopes	L:Millennium/NavierStokesIntegralEnstrophy:periodicSolutionOn_enstrophy_le_exp_integral_jacobian; L:Millennium/NavierStokesIntegralEnstrophy:periodicSolutionOn_enstrophy_le_of_integral_jacobian_budget	formal-checked	uses:ns.finite-time-vorticity
ns.kelvin-curve	coholon, cycle	Γ(t) = ∮_{γ_t} ⟨u, dγ⟩; CurveCirculationBalance: Γ' = source; source = 0 on [0,∞) ⇒ Γ(s) = Γ(t)	Kelvin constancy on genuine closed paths as the zero-source fibre of a circulation balance	t ≥ 0; source derivation from the momentum law owed	L:Millennium/NavierStokesKelvin:CurveCirculationBalance.kelvin; L:Millennium/NavierStokesKelvin:KelvinCertificate.eq_of_nonnegative	formal-checked	instance-of:holonomy.cell-face, uses:ns.kelvin-polygon
ns.lamb-current	coholon, contact, ratio	C = u × curl u (= −Lamb ω×u); C₂ = Im(conj z_u · z_ω), z = complex plane face of the fluid current axes; C₂ = entropy-axis cross current of (u, ω); ∂ₜC evolves with pressure, stretching, forcing and mixed diffusion as oriented sources	the Lamb term is the velocity–vorticity cross-current, the imaginary (slip) face of one complex pairing	finite-lifespan smooth solution	L:Millennium/NavierStokesLambCurrentEvolution:velocityVorticityCurrent_complex_receiver; L:Millennium/NavierStokesLambCurrentEvolution:velocityVorticityCurrent_entropy_receiver; L:Millennium/NavierStokesLambCurrentEvolution:velocityVorticityCurrent_add	formal-checked	uses:ratio.log-branch, uses:contact.dq
ns.lamb-cell-balance	coholon, complex, holon	d/dt ∫_cell C = six-face boundary current + sources; two cells sharing a face glue with opposite orientation; periodicity cancels the boundary	the nonlinear cross-current obeys a cell storage/current/source balance	smooth solution on the slab	L:Millennium/NavierStokesLambCurrentCell:smoothSolutionOn_cellCurrent_balance; L:Millennium/NavierStokesLambCurrentCell:smoothSolutionOn_twoCell_sharedFace_gluing; L:Millennium/NavierStokesLambCurrentCell:openPeriodicSolutionOn_cellCurrent_balance	formal-checked	uses:ns.lamb-current, uses:ns.cell-kirchhoff
ns.linear-frame-transport	holon, coholon	x = c(t) + A(t)y: velocity pullback U = A^{−1}(u − ċ − ȦA^{−1}(x−c)); momentum retains centre motion, grid deformation, pressure and force; kinetic energy over the inverse image of the cell keeps metric A^TA and det A separately; pullbacks stay periodic	a moving anisotropic linear frame carries the complete physical time jet and does not carry the Euclidean norm unchanged	A invertible	L:Millennium/NavierStokesLinearFrameDynamics:OpenSmoothSolutionOn.linearFrame_momentum; L:Millennium/NavierStokesLinearFrameEnergy:frameKineticEnergy_eq; L:Millennium/NavierStokesLinearFrameSpace:velocityPullback_reconstruct	formal-checked	uses:ns.anisotropic-frame
ns.local-energy-flux	holon, coholon, globe	∂ₜ(|u|²/2) + div((|u|²/2 + p)u − ν∇|u|²/2) = −ν|∇u|² + f·u; the moving frame adds dilation and centre-transport flux; cutoff energy balance retains the spatial flux on a concentrating core	local kinetic energy keeps pressure, viscous and moving-frame flux: global cancellation cannot be reused on a local core	open smooth solution; rescaled chart	L:Millennium/NavierStokesLocalEnergyFlux:OpenSmoothSolutionOn.rescaled_localEnergyBalance; L:Millennium/NavierStokesLocalEnergyFlux:OpenSmoothSolutionOn.rescaled_cutoffEnergyBalance	formal-checked	instance-of:holon.energy-balance
ns.log-gronwall	ratio	H > 0, H' ≤ K·H·log H + F·H ⇔ (log H)' ≤ K log H + F; homogeneous: H(t) ≤ exp(log H(a)·exp(∫_a^t K))	the logarithmic chart turns the Osgood rate into ordinary Grönwall: the double exponential of logarithmic continuation	H > 0	L:Millennium/NavierStokesLogarithmicGronwall:le_exp_log_mul_exp_integral_of_deriv_le_mul_log; L:Millennium/NavierStokesLogarithmicGronwall:le_logarithmicTimeDependentGronwallBound	formal-checked	uses:ratio.log-branch
ns.matched-endpoint-payment	coholon, receipt	adaptive matched cofinal square service ≤ coordinate H² storage at both endpoints + ν∫‖∇ω‖² + scale-zero reconstruction fibre	the matched cofinal physical endpoint is paid without a compact-time H³ supremum; the only nonlinear debt is the literal scale-zero fibre	0 < a ≤ b < T	L:Millennium/NavierStokesMatchedPhysicalEndpointPayment:compactAdaptiveMatchedCofinalSquareService_le_coordinateEndpointService	formal-checked	uses:ns.adaptive-matched-cofinal, uses:ns.h2-storage-payment
ns.material-polygon	complex, cycle, coholon	Σ_i edge_i = 0; Σ_i (pressure increment)_i = 0; moving-edge return cancels; Σ interior angles = (n−2)·π from local incidence and one returned winding; d/dt(v_i) = ∂ₜu + (u·∇)u = νΔu − ∇p + f along a vertex; dΓ/dt = viscous + pressure + forcing returns, kept distinct	a material polygon is an exact finite receiver on the fluid: its circulation derivative splits into the three momentum returns	≥ 3 vertices; t > 0	L:Millennium/NavierStokesMaterialPolygon:sum_edges_eq_zero; L:Millennium/NavierStokesMaterialPolygon:MaterialPolygon.sum_pressureIncrementAt_eq_zero; L:Millennium/NavierStokesMaterialPolygon:PolygonTurnLedger.sum_interior; L:Millennium/NavierStokesMaterialDerivative:solutionMaterialPolygon_deriv_symmetricVelocityCirculation_eq_threeReturns	formal-checked	uses:ns.kelvin-polygon, uses:complex.boundary-squared
ns.mixed-h3-production	coholon	for any triple of directions, the seven-stroke polarization of the unforced momentum identity gives the mixed third-order production identity (time, Laplacian, pressure as mixed third derivatives; top transport and commutators separate)	all 27 ordered coordinate words of the third-order production law, pointwise	open periodic solution, f=0	L:Millennium/NavierStokesMixedH3Production:openPeriodicSolutionOn_unforced_mixedThirdProductionIdentity; L:Millennium/NavierStokesH3Production:openPeriodicSolutionOn_unforced_thirdDirectionalProductionIdentity	formal-checked	uses:ns.cubic-polarization
ns.operator-norm-not-differentiable	coholon, receiver	‖D³u‖²_op is not a differentiable quadratic form (operator norm ≠ Hilbert–Schmidt); the third-directional production defect along an affine line is bounded instead	the order-three operator-norm receiver has no energy identity; the coordinate–Frobenius receiver replaces it	finite dimension	L:Millennium/NavierStokesH3Production:norm_openPeriodicSolutionOn_unforced_thirdDirectionalProductionDefect_le	interpretation	uses:ns.coordinate-production-laws
ns.modal-arc	coholon, cycle, ratio	E_k' = 2Re⟨ω̂_k, ω̂_k'⟩ (grip), areal velocity = Im⟨ω̂_k, ω̂_k'⟩ (slip); Stokes term −νλ_kω̂_k is real ⇒ areal velocity = Σ_c Im(conj ω̂_{k,c}·N_{k,c})	dissipation shrinks a mode's arc but draws no area: only the nonlinear source turns it	open periodic solution, any k	L:Millennium/NavierStokesModalArc:arealVelocity_eq_nonlinear	formal-checked	uses:ratio.log-branch, uses:contact.dq
ns.modal-riccati	coholon, constitution	d/dt ω̂_k = −νλ_kω̂_k + N_k, λ_k = (2π)²|k|²; k ∉ cube 2N: E_k' ≤ −2νλ_kE_k + 2ℓ¹(ω̂_k)·3²√λ_k·B_N, ℓ¹² ≤ 3E_k, B_N = (2N+1)³·3√(2E(0))·tailJ(N) + velTail(N)·totalJ; AM–GM form E_k' ≤ −νλ_kE_k + 3⁵B_N²/ν; bounded cost M on [s,T) ⇒ E_k ≤ max(E_k(s), 3⁵M²/(ν²λ_k))	a tail mode's energy is driven only by the tail, and a bounded shell-step cost holds every tail mode near an equilibrium decaying with its eigenvalue	ν > 0 (≥ 0 for the Riccati); k outside cube 2N	L:Millennium/NavierStokesModalRiccati:modalEnergy_riccati; L:Millennium/NavierStokesModalRiccati:complexVectorL1_vorticityNonlinearMode_le; L:Millennium/NavierStokesModalGronwall:modalEnergy_riccati_amgm; L:Millennium/NavierStokesModalGronwall:modalEnergy_le_of_feedBound_le	formal-checked	uses:ns.frontier-transfer
ns.official-terminal-control	tube, receipt	CanonicalTerminalControl(u) :⇔ ∫_0^T |canonical vorticity-derivative rate| < ∞; PeriodicStatementBFinishLine = cofinal atlas ∧ overlap uniqueness ∧ CanonicalTerminalControl for every admitted solution ∧ terminal extension law ∧ globalization; finish line ⇒ compatible extension ⇒ StatementB ⇒ official problem	the periodic finish line names the construction targets between half-open lifespans and alternative B; only terminal control stays open	ν > 0, admitted periodic data	L:Millennium/NavierStokesOfficialBridge:CanonicalTerminalControl; L:Millennium/NavierStokesOfficialBridge:PeriodicStatementBFinishLine; L:Millennium/NavierStokesOfficialBridge:statementB_of_finishLine	open	uses:ns.cofinal-construction, uses:ns.official-alternatives
ns.official-analytic-discharges	tube, receipt	CanonicalTerminalExtensionLaw, PeriodicOpenUniqueness and PeriodicGlobalizationLaw are proved; the cofinal construction's input and the terminal derivative estimate remain	three of the five finish-line fields are already discharged by analytic owners	ν ≥ 0 for uniqueness	L:Millennium/NavierStokesOfficialAnalyticDischarges:canonicalTerminalExtensionLaw; L:Millennium/NavierStokesOfficialAnalyticDischarges:periodicOpenUniqueness; L:Millennium/NavierStokesOfficialAnalyticDischarges:periodicGlobalization	formal-checked	uses:ns.official-terminal-control
ns.overlap-uniqueness	tube, constitution	two open periodic solutions with the same data agree (velocity and ∇p) before min(T₁,T₂): d/dt‖w‖²/2 ≤ K‖w‖² for the difference w, periodic transport and pressure cancel, ν ≥ 0 dissipates	uniqueness on overlapping open lifespans by the L² energy of the difference	ν ≥ 0; compact spatial-Jacobian bound	L:Millennium/NavierStokesOverlapUniqueness:openPeriodicOverlapUniqueness_of_nonnegativeViscosity; L:Millennium/NavierStokesOverlapUniqueness:openPeriodicSolutionOn_velocity_eq_before	formal-checked	instance-of:tower.gluing
ns.open-lifespan	tube, holarchy	OpenPeriodicSolutionOn T on Ico 0 T (terminal face absent); compatible extension indexed by the whole old velocity and ∇p (pressure gauge quotient); extensions compose; every closed interior slab restricts to PeriodicSolutionOn	the half-open carrier is the honest maximal-lifespan chart, with extension read modulo the pressure gauge	T > 0	L:Millennium/NavierStokesOpenLifespan:CompatibleOpenPeriodicExtension.canExtendCompatibly_comp; L:Millennium/NavierStokesOpenLifespan:OpenPeriodicSolutionOn.restriction_canExtendCompatibly	formal-checked	uses:ns.finite-time-carriers
ns.open-energy-spacetime	holon, constitution	d/dt E(t) = −ν‖∇u(t)‖²; E(b) + ν∫_a^b‖∇u‖² = E(a); ∫_0^T ‖∇u‖² ≤ E(0)/ν; ∫_0^T (vorticity second moment) bounded	the unforced kinetic energy law on the genuine open lifespan, using no terminal value	f = 0; 0 < a ≤ b < T	L:Millennium/NavierStokesOpenEnergySpacetime:openPeriodicSolutionOn_periodicKineticEnergy_add_integral_dissipation_eq; L:Millennium/NavierStokesOpenEnergySpacetime:openPeriodicSolutionOn_coordinateH0Dissipation_integrableOn_and_integral_le; L:Millennium/NavierStokesPeriodicEnergy:periodicSolution_hasDerivAt_periodicKineticEnergy	formal-checked	instance-of:holon.energy-balance
ns.periodic-energy-work	holon, coholon	div(p u) = ⟨∇p, u⟩ + p div u; ∫_{cube}⟨∇p,u⟩ = 0; div(|u|²/2·u) = ⟨(Du)u, u⟩ + |u|²/2·div u; ∫⟨(Du)u, u⟩ = 0; ∫Δf·f = −∫|∇f|²; viscous contribution ≤ 0	periodic pressure and advection do no net kinetic-energy work: both are divergences, annihilated by the paired faces	1-periodic, div u = 0, C¹/C², ν ≥ 0	L:Millennium/NavierStokesPeriodicEnergy:integral_pressureWork_unitCube_eq_zero; L:Millennium/NavierStokesPeriodicEnergy:integral_advectionWork_unitCube_eq_zero; L:Millennium/NavierStokesPeriodicEnergy:integral_laplacian_mul_eq_neg_integral_norm_gradient_sq; L:Millennium/NavierStokesPeriodicEnergy:viscousEnergyContribution_nonpositive	formal-checked	instance-of:holon.stokes, uses:ns.cell-kirchhoff
ns.open-h2-h3-balance	holon, constitution	E₂(b) + ν∫_a^b D₃ = E₂(a) + ∫_a^b (nonlinear H² production); lower storage produces derivative orders 1–3; mean mode kept as storage, not dissipation	the literal inhomogeneous H² storage balances against the H³ viscous current and the nonlinear production	f = 0; 0 < a ≤ b < T	L:Millennium/NavierStokesOpenH2EnergyH3Dissipation:openPeriodicSolutionOn_coordinateH2Energy_add_H3Dissipation_eq; L:Millennium/NavierStokesOpenH2EnergyH3Dissipation:openPeriodicSolutionOn_unforced_coordinateH2TotalTimeWork_eq_production	formal-checked	instance-of:holon.energy-balance, uses:ns.h2-storage-payment
ns.open-enstrophy-uniform	coholon, receipt	OpenAccumulatedJacobianControl (continuous Jacobian envelope with bounded ∫, nonpositive curl-forcing work) ⇒ ∃C ∀t < T, ‖ω(t)‖² ≤ C	one accumulated-control receipt bounds the enstrophy uniformly over the open lifespan	OpenPeriodicSolutionOn; closed interior slabs	L:Millennium/NavierStokesOpenEnstrophy:OpenAccumulatedJacobianControl.uniformOpenEnstrophyBound; L:Millennium/NavierStokesOpenEnstrophy:OpenPeriodicSolutionOn.enstrophy_le_of_integral_jacobian_budget	formal-checked	uses:ns.integral-enstrophy
ns.open-fourier-mode-ode	coholon, constitution	d/dt û_k = −ν(2π)²|k|²û_k − P_k((u·∇)u)^_k (+ f̂_k); Δ̂ = −(2π)²|k|², ∇̂p = 2πik p̂; pressure-free vorticity ODE d/dt ω̂_k = −νλ_kω̂_k + N_k; mild identity ω̂_k(t) = e^{−νλ_k(t−s)}ω̂_k(s) + ∫_s^t e^{−νλ_k(t−τ)}N_k(τ)dτ	each genuine-torus mode obeys a diagonal Stokes ODE with the nonlinear source, derived from the pointwise momentum law	strict interior times; compact [s,t] ⊂ (0,T)	L:Millennium/NavierStokesOpenFourierModeEvolution:openPeriodicSolutionOn_hasDerivAt_velocityModeComponent_unforced; L:Millennium/NavierStokesOpenFourierSpatialSymbols:openPeriodicSolutionOn_hasDerivAt_vorticityMode_pressureFree; L:Millennium/NavierStokesOpenFourierMildIdentity:openPeriodicSolutionOn_vorticityMode_mild_identity; L:Millennium/NavierStokesOpenFourierSpatialSymbols:vectorSpatialFourierCoeff_laplacian_eq_stokes	formal-checked	uses:ns.vorticity-equation
ns.open-exterior-mild-bound	coholon, receiver	‖ω̂_k(t)‖ ≤ heat(k,t−s)‖ω̂_k(s)‖ + ∫_s^t heat(k,t−τ)‖N_k(τ)‖dτ; for k ∉ cube N every heat factor is replaced by that of one boundary generator	exterior modes are served by the transport of one addressed boundary generator at the initial face and every source-time face	ν ≥ 0, 0 < s ≤ t < T	L:Millennium/NavierStokesOpenFourierExteriorMildBound:norm_vorticityMode_le_heat_initial_add_history; L:Millennium/NavierStokesOpenFourierExteriorMildBound:exists_boundaryGenerator_norm_vorticityMode_le	formal-checked	uses:ns.high-frequency-heat-decay
ns.open-advection-convolution	contact, coholon	((u·∇)u)^(k) = complete infinite H³ advective convolution; N_k = curl of the Leray-projected coefficient = curl of the unweighted sharpNonlinearSource coefficient; finite pair-compatible apertures A_R(k) = cube_R ∪ (k − cube_R) converge coefficientwise	the actual open advection is exactly the complete infinite H³ convolution, and finite exchange-stable apertures converge to it	smooth periodic slice	L:Millennium/NavierStokesOpenAdvectionConvolutionBridge:openActualAdvectionMode_eq_h3AdvectiveConvolution; L:Millennium/NavierStokesOpenAdvectionCarrierIntegration:vorticityNonlinearMode_eq_lerayProjectedH3AdvectiveCoefficient; L:Millennium/NavierStokesOpenSharpNonlinearSourceIntegration:vorticityNonlinearMode_eq_unweightedSharpNonlinearSourceCoefficient; L:Millennium/NavierStokesPairCompatibleApertureConvergence:tendsto_finiteOpenProjectedVorticityNonlinearCoefficient_pairCompatible	formal-checked	uses:ns.h3-leray-bilinear, uses:ns.vorticity-flux-convolution
ns.open-native-path	coholon, tube	actual open solution ↦ continuous native weighted H³ path on every compact interior [a,b] (forty derivative faces kept); it is a fixed point of the native mild map; one coherent all-order weighted smooth tower on [0, b−a]; reconstructed velocity = homogeneous heat − weighted Duhamel return	an actual open solution enters the native weighted path circulation and is identified with its restart	ν > 0, f = 0	L:Millennium/NavierStokesOpenWeightedPathPassage:actualOpenWeightedH3Path_isFixedPt; L:Millennium/NavierStokesOpenCompactWeightedPath:compactOpenVelocityWeightedH3Path_isFixedPt; L:Millennium/NavierStokesOpenCompactWeightedTower:exists_compactOpenCoherentWeightedSmoothPathTower; L:Millennium/NavierStokesOpenMildFieldReconstruction:weightedClassicalRestartVelocity_secondDerivative_eq_sharpHeat_sub_sharpDuhamel	formal-checked	uses:ns.open-fourier-mode-ode
ns.open-source-dini	coholon, epoch	on each closed subaperture of the uniqueness overlap, native source-increment fibre = openSharpSourceDiniReconstructionFiber (with restart clock shift); hence the Dini fibre is finite locally	the native source Dini fibre returns to the actual open solution, locally to one restart aperture	one admitted restart aperture	L:Millennium/NavierStokesOpenSourceDiniPassage:openSharpSourceDiniReconstructionFiber_eq_native; L:Millennium/NavierStokesOpenSourceDiniPassage:openSharpSourceDiniReconstructionFiber_ne_top_of_nativeOverlap	formal-checked	uses:ns.critical-time-reflection
ns.ordered-chronology-factorial	tube, aeon	V₀ = 1, V_{n+1}(t) = K∫_{(s,t]} V_n ⇒ V_n(t) = (K|t−s|)ⁿ/n!	the ordered-time simplex gives exact factorial suppression of the n-fold Volterra return	K ∈ ℝ, s ≤ t	L:Millennium/NavierStokesOrderedChronologyFactorial:orderedVolterraReturn_eq_factorialWeight	formal-checked	uses:ns.picard-marked-volterra
ns.packed-hodge-summability	receiver, tower	Σ_{j<J} (dyadic squared-amplitude mass of |ω| ∈ [2^j, 2^{j+1})) ≤ C·(second moment) on each compact spacetime cell (geometric layer cake); crossed with the 2^{−j/4} Hodge tail the double-scale population is summable	dyadic amplitude packing crossed with the Hodge tail is unconditionally summable — a packing theorem, not terminal regularity	compact spacetime cell inside the lifespan	L:Millennium/NavierStokesPackedHodgeTerminalSummability:summable_packedHodgeAmplitudeCellMass; L:Millennium/NavierStokesPackedHodgeTerminalSummability:sum_range_periodicSpacetimeDyadicAmplitudeMass_le_secondMoment	formal-checked	uses:ns.balanced-direction-current
ns.pantographic-terminal-equivalence	swing, receiver, tube	(finite Swing chain + residual + frozen boundary) band = −(actual nonlinear mild Duhamel band), independent of depth; terminal shell density ≤ restart heat face + pantographic population; pantographic terminal packing < ∞ ⇔ actual terminal dyadic shell packing < ∞	the terminal shell obstruction is exactly the signed pantographic population; finite Swing depth cannot regularize	ν > 0; one earlier interior face s	L:Millennium/NavierStokesPantographicMildSourcePacking:compactPantographicTerminalShellPacking_eq_mildSource; L:Millennium/NavierStokesPantographicTerminalPackingEquivalence:compactPantographicTerminalShellPacking_lt_top_iff_actual; L:Millennium/NavierStokesPantographicTerminalShellReduction:openPeriodicVorticityTerminalDyadicShellDensity_le_restart_add_pantographic; L:Millennium/NavierStokesPantographicPhaseLocalShell:openPeriodicVorticityDyadicShellSpatialSup_le_initialHeat_add_combinedPantographicPopulation; L:Millennium/NavierStokesTransportedPantographicSwingBand:compactMildSourceIntegratedBand_eq_neg_chain_add_residual_add_boundary; L:Millennium/NavierStokesTransportedPantographicSwingChain:intervalIntegral_compactStokesTransportedVorticityNonlinearMode_eq_neg_chain_add_residual_add_boundary	formal-checked	uses:ns.pantographic-source-swing
ns.parabolic-rebase	coholon, holon, ratio	u_λ(x,t) = λu(λx,λ²t), p_λ = λ²p(λx,λ²t), f_λ = λ³f(λx,λ²t), u₀λ = λu₀(λx): every momentum term carries weight λ³, so (u_λ,p_λ) solves with (u₀λ,f_λ); ω weight λ², Dω weight λ³, enstrophy on λ⁻¹·cube weight λ	the parabolic rebase is an exact constitutive transport of the whole momentum law, not exponent bookkeeping	λ ≠ 0 (λ > 0 for cells)	L:Millennium/NavierStokesParabolicRebase:SmoothSolution.parabolicVelocity_momentum_positiveTime; L:Millennium/NavierStokesParabolicVorticityCurrent:scaleTwoVorticityCoefficientOn_parabolicCell; L:Millennium/NavierStokesParabolicVorticityCurrent:vorticityFourthPower_le_dissipation_parabolic_iff	formal-checked	uses:ns.scaling-weights
ns.bkm-parabolic-invariance	coholon, aeon	cover degree n: ω_crit of the image on [0,T) = n²·ω_crit of the source at n²t; ∫_0^T ω_crit(image) = ∫_0^{n²T} ω_crit(source); normalized direction ξ has weight 0 and its seam is invariant	the BKM current is scale-critical (invariant under every parabolic cover), while the direction current is subcritical	n ∈ ℕ, n ≥ 1	L:Millennium/NavierStokesParabolicCriticalCurrent:integral_criticalVorticityRate_parabolicCover; L:Millennium/NavierStokesParabolicDirectionCurrent:normalizedDirectionSeam_vorticityField_parabolicVelocity; L:Millennium/NavierStokesParabolicDirectionCurrent:integral_parabolicDirectionRate	formal-checked	uses:ns.parabolic-rebase, uses:ns.bkm-continuation
ns.periodic-core-completion	coholon	integer translates of a core of radius < ½ are locally separated; periodized cutoff potential ↦ curl is divergence-free, 1-periodic, and equals the original germ on the inner ball; normalized moving field has period ℓ^{−1}	a local potential is completed to smooth periodic initial data that keeps its complete local germ	core radius < ½	L:Millennium/NavierStokesPeriodicCore:completedVelocity_eq_on_core; L:Millennium/NavierStokesPeriodicCore:completedVelocity_periodic_local_existence; L:Millennium/NavierStokesMovingPeriodicCore:movingNormalizedVelocity_momentumResidual_eq_affine; L:Millennium/NavierStokesRadialCoreCutoff:periodicCutVelocity_eq_local; L:Millennium/NavierStokesPeriodicStrainPotential:periodicStrainVelocity_local_existence	formal-checked	uses:ns.core-vector-potential
ns.periodic-cube-interpolation	coholon	g = ∂_i f, h = ∂_i g on a coordinate circle: ∫g⁴ = −3∫f g² h; |f| ≤ M ⇒ ∫g⁴ ≤ 9M²∫h²; ‖·‖⁴ ≤ 3Σ components⁴	periodic integration by parts interpolates the fourth power of a second jet between the Jacobian supremum and the third jet	periodic, sup |f| ≤ M on the cube	L:Millennium/NavierStokesPeriodicCubeInterpolation:integral_secondSpatialCoordinateJet_component_fourth_le; L:Millennium/NavierStokesPeriodicCubeInterpolation:integral_norm_secondSpatialCoordinateJet_fourth_le	formal-checked	uses:ns.middle-hexagon-young
ns.moving-loop-pressure	coholon, cycle	∫_γ ⟨∇p, dγ⟩ = p(γ(b)) − p(γ(a)); = 0 on closed curves (curveIntegral with integrability kept); d/dt Γ(moving material loop) = ∮ momentum return	pressure is exact: its loop period vanishes, and moving-loop circulation differentiates through the momentum law	differentiable p and curve; integrability hypothesis explicit	L:Millennium/NavierStokesMovingLoop:curveIntegral_pressureGradient_eq_endpointDifference; L:Millennium/NavierStokesMovingLoop:hasDerivAt_movingCirculation_eq_momentum	formal-checked	instance-of:holon.stokes, uses:ns.kelvin-curve
ns.moving-swirl-circulation	coholon, cycle	time-dependent meridional chart: joint derivative = time port + meridional trajectory port; d/dt(s·Ω along the moving chart) = swirl residual source identity, axis factor s kept	angular momentum circulation lifted to a moving chart without radius division	smooth meridional coefficients	L:Millennium/NavierStokesMovingSwirlCirculation:hasDerivAt_movingAngularMomentum; L:Millennium/NavierStokesMovingSwirlCirculation:movingSwirlResidual_source_identity	formal-checked	uses:ns.axisymmetric-chart
ns.next-resonance-sensitivity	coholon, ratio	explicit degree-13 sensitivity polynomial > 0 on the amplitude-root bracket; the next affine resonant row has a unique axial coefficient	the retained axial coefficient changes the next finite resonant row	prior amplitude-root interval; attachment to C28[z⁴] open	L:Millennium/NavierStokesNextResonanceSensitivity:nextResonanceSlope_positive_on_bracket; L:Millennium/NavierStokesNextResonanceSensitivity:next_affine_row_has_unique_axial_coefficient	formal-checked	uses:ns.dilation-resonance
ns.moment-gap	constitution, receiver	momentCost ≤ 2(ℓ¹(û(0)) + √(52·3/(2π)²)√W₂)²·52·26·2⁷·W₁₁ + 2·52·W₄·52·(3/(2π)²)·26·2⁷·W₉; Σ_k |k|_∞⁴ tailJ(⌊(|k|_∞−1)/2⌋)² ≤ 52·26·2⁷·W₁₁, 11 = 4 + 7; weighted count of feedable modes ≤ 26·2⁷·s⁷	the fourth-moment Riccati is driven by the eleventh moment: controlled weight 4, dissipation weight 6, drive 11, a ladder gap of five	finite families of nonzero modes; eleventh moment summable	L:Millennium/NavierStokesMomentGap:momentEnergy_riccati_moments; L:Millennium/NavierStokesMomentGap:momentCost_le; L:Millennium/NavierStokesMomentSwap:sum_pow_four_tailJ_sq_le; L:Millennium/NavierStokesMomentSwap:sum_pow_four_filter_le	formal-checked	uses:ns.fourth-moment-riccati
ns.moment-interpolation	receiver	W₄² ≤ W₂·W₆; (Σ'_p A_p b_{k−p})² ≤ (Σ'b)·Σ'_p A_p² b_{k−p}; Young ℓ² * ℓ¹ → ℓ²; |k|_∞³ ≤ 2²(|p|_∞³ + |k−p|_∞³)	three exact facts let the fourth-moment drive close without a higher moment	nonnegative summable populations	L:Millennium/NavierStokesMomentInterpolation:moment_four_sq_le; L:Millennium/NavierStokesMomentInterpolation:young_l2_l1; L:Millennium/NavierStokesMomentInterpolation:conv_sq_le'	formal-checked	uses:ns.moment-gap
ns.moment-closure	constitution, tube	f' ≤ bf + G on [s,τ] ⇒ f(τ) ≤ (f(s) + G(τ−s))e^{b(τ−s)}; M₄(F_N)' ≤ (3K/(ν(2π)²))M₄ + ν(2π)²W₁₁/(N+1)⁵; N → ∞: W₄(τ) ≤ W₄(s)e^{b(τ−s)}; ClosureDriveControl ⇒ WeightedTailEnergyControl ⇒ StatementB	the terminal-tail closure: a bounded closure drive bounds the fourth moment by its value at the start of the tail	conditional on ClosureDriveControl; eleventh moment finite on [s,τ]	L:Millennium/NavierStokesMomentClosure:le_exp_of_hasDerivAt_le; L:Millennium/NavierStokesMomentClosure:moment_four_le; L:Millennium/NavierStokesMomentClosure:statementB_of_closureDrive	formal-checked	uses:ns.moment-gap
ns.moment-tail-relevance	compression, receiver	k ∉ cube M ⇒ |k|_∞ ≥ M+1; (M+1)^s·exteriorMass(M) ≤ ℓ¹-moment_s; ‖(Du)^_k‖ ≤ 2π|k|_∞‖û_k‖_{ℓ¹}; (N+1)^s·JacTail(N) ≤ 2π·moment_{s+1}; frontier defect·(N+1)^s(2N+1)^s ≤ moment constant	moment-ladder tail relevance: the frontier defect pays a power of the radius	moments of order s, s+1 summable	L:Millennium/NavierStokesMomentTailRelevance:pow_mul_exteriorMass_le; L:Millennium/NavierStokesMomentTailRelevance:pow_mul_jacobianTailMass_le; L:Millennium/NavierStokesMomentTailRelevance:pow_mul_abs_bandBudget_le	formal-checked	uses:ns.frontier-transfer, instance-of:info.relevance-kernel
ns.mode-lagrange	coholon, receiver	k·v = 0 ⇒ |k×v|² = |k|²|v|²; ‖(2πi k_j v_i)_{ij}‖²_F = (2π)²|k|²|v|² = ‖ω̂_k‖²; every Jacobian entry ≤ √(modal vorticity energy)	Lagrange on a divergence-free mode: the Jacobian mode's Frobenius norm is the vorticity mode's energy	k ∈ ℤ³, k·v = 0	L:Millennium/NavierStokesModeLagrange:sum_norm_sq_complexCross_of_dot_eq_zero; L:Millennium/NavierStokesModeLagrange:norm_fourierJacobianMode_sq_le	formal-checked	
ns.off-diagonal-mild-transport	tube, receiver	earlier-history cell [a, b − 4^{−j}]: sup|ω_j(t)| ≤ initial heat face + ∫_{a≤s≤t} heat·|N(s)|; off-diagonal fibre ≤ restart payment + nonlinear source prefix; rectangle ≤ mild heat + clock payment + separator	the off-diagonal scale–time fibre is transported through the actual mild identity into two explicitly caused populations	0 < a ≤ b < T, f = 0	L:Millennium/NavierStokesOffDiagonalMildHeatTransport:compactOpenSmoothDyadicOffDiagonalBandIntegral_le_initialHeat_add_nonlinearSource; L:Millennium/NavierStokesOffDiagonalMildHeatTransport:compactOpenSmoothDyadicFiniteScaleTimeRectangleL1_le_mildHeat_clockLedger_add_separator	formal-checked	specializes:ns.reciprocal-clock-triangle
ns.physical-h2-curl-swing	contact, swing	physical H² exchanged transfer = (λ(q) − λ(k))·(1 + λ(q) + λ(k))·face(p; q → k); derivative-weighted curl work = homogeneous orders λ + λ² = λ(1+λ)	the completed physical H² multiplier Swing factors into the pantographic Stokes difference and the symmetric curl scale	closed divergence-free triad p + q + k = 0	L:Millennium/NavierStokesPhysicalH2CurlMultiplierSwing:physicalH2ExchangedTriadTransfer_eq_factorized; L:Millennium/NavierStokesPhysicalFourierH2ProductionBridge:compactFiniteH2CurlCompleteAt_eq_projectedOrderOne_add_orderTwo	formal-checked	specializes:ns.h2-triad-multiplier-swing
ns.physical-fourier-h2-bridge	receiver, coholon	Σ_k λ_k⟨f̂_k, ĝ_k⟩ = ∫⟨∇f, ∇g⟩ (order-one cross Parseval), Σ_k λ_k²⟨f̂_k, ĝ_k⟩ = ∫⟨∇²f, ∇²g⟩; derivative-weighted curl test = projected order-one + order-two Leray work; cofinal H² curl work = coordinate H² nonlinear production current	the physical/Fourier bridge: the H² production test is exactly homogeneous order-one-plus-order-two Leray work at every mode	smooth periodic fields; compact interior chart	L:Millennium/NavierStokesPhysicalFourierH2ProductionBridge:hasSum_stokes_complexHermitianWork_eq_firstDerivativePairing; L:Millennium/NavierStokesPhysicalFourierH2ProductionBridge:hasSum_stokes_sq_complexHermitianWork_eq_secondDerivativePairing; L:Millennium/NavierStokesPhysicalFourierH2ProductionBridge:compactCofinalH2CurlCompleteAt_eq_coordinateH2NonlinearProductionCurrent; L:Millennium/NavierStokesPhysicalH2ProductionCurrentJoin:completePhysicalH2VelocityCurrent_eq_coordinateH2NonlinearProductionCurrent	formal-checked	uses:ns.physical-h2-curl-swing
ns.bilinear-direction-not-energy-orthogonal	receiver, coholon	for complex vorticity modes the bilinear direction remainder is not orthogonal for the Hermitian H² energy receiver (explicit witness); the Hermitian mode projection's phase fibre is killed by the one-mode H² test	the real-vorticity direction projection is the wrong projection for complex Fourier modes; the Hermitian receiver must be used	explicit complex witness	L:Millennium/NavierStokesPhysicalFourierH2ProductionBridge:bilinearDirectionRemainder_not_energyOrthogonal; L:Millennium/NavierStokesPhysicalH2ModeReceiverRebase:modeReceiverRebaseWitness_outerAdvectingPhase_eq_neg_one	counterexample	obstructs:ns.vorticity-direction
ns.physical-h2-current-triad-join	contact, receiver	complete physical H² current = weighted stretching + ½·Re(exchanged transport Swing); = complete homogeneous H³ velocity work (curl–curl gives the leading λ, the test gives 1+λ; Leray invisible to the transverse Hermitian receiver); finite receiver-weighted current = −½·exchanged current	the derivative-weighted vorticity production is one current in stretching/transport and velocity charts	joint (1+λ)-weighted summability of both populations	L:Millennium/NavierStokesPhysicalH2CurrentTriadJoin:completePhysicalH2Current_eq_weightedStretching_add_half_exchangedTransport; L:Millennium/NavierStokesPhysicalH2VelocityCurrentJoin:completePhysicalH2Current_eq_velocityCurrent; L:Millennium/NavierStokesPhysicalH2VelocityTriadJoin:finiteReceiverWeightedPhysicalH2VelocityAdvectionCurrent_eq_neg_half_exchanged; L:Millennium/NavierStokesPhysicalH2JointWeightedSummability:summable_one_add_torusStokesEigenvalue_mul_norm_completeOpenVorticityTransportFace	formal-checked	uses:ns.physical-h2-curl-swing
ns.physical-h2-sector-join	contact, tower	complete physical H² current = Σ over the unique-low sectors (advecting, transported, receiver) + comparable residue; transported-low transport current = receiver-low current by pin exchange; eight/seven-sector presentations	the physical H² current splits exactly by dyadic sector before any norm, with exchange symmetry merging two sectors	absolutely summable closed-triad charts	L:Millennium/NavierStokesPhysicalH2CurrentSectorJoin:completePhysicalH2Current_eq_sevenSectorCurrents; L:Millennium/NavierStokesPhysicalH2CurrentSectorJoin:completePhysicalH2TransportedLowExchangedTransportCurrent_eq_receiverLow	formal-checked	uses:ns.triad-sector-partition
ns.physical-h2-cyclic-coboundary	contact, cycle	Σ_{cyclic pins} m(pin)·(exchanged face) = cyclic multiplier coboundary: each pin multiplier paired with the difference of its two adjacent oriented faces; a common additive shift of m cancels; explicit triad with cyclic physical Swing ≠ 0	the three cyclic choices of advecting pin do not cancel under the physical H² multiplier; what survives is an exact cyclic coboundary	all three modes divergence-free	L:Millennium/NavierStokesPhysicalH2CyclicSectorSwing:cyclicWeightedExchangedTriadTransfer_eq_coboundary; L:Millennium/NavierStokesPhysicalH2CyclicSectorSwing:cyclicNoncancellation_physicalSwing_ne_zero; L:Millennium/NavierStokesPhysicalH2CyclicLowPinReorientation:cyclicPhysicalH2ExchangedTriadTransfer_eq_reoriented_firstPin	formal-checked	uses:complex.boundary-squared
ns.physical-h2-unique-low-rotation	contact, tower, receiver	‖finite physical H² current‖ ≤ Σ_{3 rotations} (grade-ratio populations) + comparable residue; primary and rotated majorants are cofinal-uniform; comparable residue ≤ complete velocity H³ kernel (grade 0,1 boundary receivers, grade ℓ+2 geometric kernel)	the unique-low orbit and comparable residue are each paid by radius-independent receivers	calibrated Euclidean circle; open periodic solution at t	L:Millennium/NavierStokesPhysicalH2UniqueLowRotationPopulation:norm_finitePhysicalH2VelocityExchangedTriadCurrent_le_threeGradeRatioPopulations_add_comparable; L:Millennium/NavierStokesPhysicalH2PrimaryMajorantCofinalBound:finiteAdvectingLowPrimaryGradeRatioPopulation_le_cofinalUniform; L:Millennium/NavierStokesPhysicalH2RotatedMajorantCofinalBound:finiteOpenAdvectingLowSecondGradeRatioPopulation_le_cofinalUniform; L:Millennium/NavierStokesPhysicalH2ComparableQuantitativeBound:norm_finiteOpenPhysicalH2ComparableCurrent_le_completeVelocityH3Service; L:Millennium/NavierStokesPhysicalH2ComparableResidueBound:norm_finiteOpenPhysicalH2ComparableCurrent_le_completeKernel; L:Millennium/NavierStokesPhysicalH2RotatedMajorantBound:finiteOpenAdvectingLowThirdGradeRatioPopulationAt_gradeZero_le_uniformH3; L:Millennium/NavierStokesPhysicalH2VelocityGradeLeverBound:norm_openPhysicalH2VelocityExchangedTriadFace_le_advectingLowGradeRatio	formal-checked	uses:ns.physical-h2-sector-join, uses:ns.h2-low-velocity-kernel
ns.physical-h2-cofinal-majorant	receiver, coholon	|coordinate H² nonlinear production(t)| ≤ ½·(quantitative cofinal majorant) and ≤ ½·(complete exchanged-modulus population); unique-low services contain a cubic native-H³ face	the absolute-value route closes pointwise on the literal H² production current, with a cubic H³ face left inside	open periodic solution at t	L:Millennium/NavierStokesPhysicalH2CofinalAbsoluteMajorant:abs_coordinateH2NonlinearProductionCurrent_le_half_quantitativeCofinalMajorant; L:Millennium/NavierStokesPhysicalH2CofinalExchangedModulusPopulation:abs_coordinateH2NonlinearProductionCurrent_le_half_cofinalExchangedModulusPopulation; L:Millennium/NavierStokesPhysicalH2VelocityCubeExhaustion:tendsto_half_re_finiteOpenPhysicalH2VelocityExchangedTriadCurrent	formal-checked	uses:ns.physical-h2-unique-low-rotation
ns.physical-h2-modulus-occupation	receiver, receipt	if the totalized complete modulus population M(t) is interval-integrable (e.g. a summable uniform address envelope), ∫_a^b H² production ≤ ½∫_a^b M and ∫_a^b‖u‖²_{H³_w} ≤ 240((b−a)E_kin(0) + (3/2)ν^{−1}(E₂(a) + ½∫M))	a compact-time modulus envelope pays the weighted H³ occupation without storage debt	conditional on interval-integrability of the modulus population	L:Millennium/NavierStokesPhysicalH2CofinalModulusH3Occupation:integral_compactOpenVelocityWeightedH3SquareCurrent_le_of_compactCofinalModulus; L:Millennium/NavierStokesPhysicalH2CompactCofinalModulusEnvelope:integral_compactOpenVelocityWeightedH3SquareCurrent_le_of_compactCofinalEnvelope	formal-checked	uses:ns.h2-storage-payment, uses:ns.physical-h2-cofinal-majorant
ns.physical-h2-clocked-normal-form	contact, swing, tube	pressure-free velocity-mode ODE û_k' = −νλ_kû_k + P_k N_k; d/dt F_address = −ν(λ_p + λ_q + λ_k)·F + (three source insertions); ∫_s^t F = Ω^{−1}·(∫ sources − [F]_s^t), Ω = ν(λ_p+λ_q+λ_k) at address ≠ (0,0); Ω ≥ 2ν·c_Stokes for nontrivial addresses; the (0,0) address has Ω = 0 and zero face	one physical H² triad face is a clocked pantographic Swing: its time integral is the reciprocal three-pin Stokes clock times source minus endpoints	ν > 0, 0 < s ≤ t < T	L:Millennium/NavierStokesPhysicalH2ClockedTriadNormalForm:openPeriodicSolutionOn_hasDerivAt_physicalH2VelocityExchangedTriadFace; L:Millennium/NavierStokesPhysicalH2ClockedTriadNormalForm:intervalIntegral_physicalH2VelocityExchangedTriadFace_eq_invClock_mul_source_sub_endpoint; L:Millennium/NavierStokesPhysicalH2TriadClockLowerBound:two_mul_viscosity_mul_primitiveTorusStokesScale_le_physicalH2TriadStokesClock; L:Millennium/NavierStokesPhysicalH2ClockedTriadNormalForm:openPeriodicSolutionOn_hasDerivAt_velocityMode_stokesLeray	formal-checked	instance-of:swing.pantograph, uses:ns.physical-h2-curl-swing
ns.physical-h2-reciprocal-renormalization	tube, receiver	∫ finite exchanged H² current = Σ_address Ω^{−1}(∫ source − endpoints), (0,0) kept with reciprocal clock 0; face = anchored heat return + ordered Volterra history; ∫ cubic current = future-blind anchor transport difference + reciprocal-clock Volterra residue (target face removed)	dividing by the three-pin clock before summing gives a signed normal form with no hidden zero divisor	finite common cube; compact interior interval	L:Millennium/NavierStokesPhysicalH2ReciprocalClockRenormalization:intervalIntegral_finitePhysicalH2VelocityExchangedTriadCurrent_eq_reciprocalClockNormalForm; L:Millennium/NavierStokesPhysicalH2ReciprocalClockRenormalization:physicalH2VelocityExchangedTriadFace_eq_anchoredHeatVolterra; L:Millennium/NavierStokesPhysicalH2AnchoredVolterraProductionNormalForm:intervalIntegral_finitePhysicalH2VelocityExchangedTriadCurrent_eq_anchor_add_volterraResidue	formal-checked	uses:ns.physical-h2-clocked-normal-form
ns.physical-h2-modulus-payment	receiver, constitution	smooth modulus √(|F|² + ε²) gives Kato's inequality d/dt|F| ≤ −Ω|F| + |S| at zero crossings; Ω·∫|F| ≤ |F(s)| + ∫|S| per address; finite demand Σ Ω∫|F| ≤ running service Σ(|F(s)| + ∫|S|) with an exact shell recurrence	each physical H² triad's modulus is paid by its initial face and its three-leg source insertion	ν > 0; compact interval	L:Millennium/NavierStokesPhysicalH2TriadModulusPayment:openPeriodicSolutionOn_physicalH2VelocityExchangedTriad_modulus_payment; L:Millennium/NavierStokesPhysicalH2FiniteRunningServiceShell:finitePhysicalH2ExchangedModulusDemand_le_runningService; L:Millennium/NavierStokesPhysicalH2FiniteRunningServiceShell:finitePhysicalH2RunningService_succ_eq_add_successorShell	formal-checked	uses:ns.physical-h2-clocked-normal-form
ns.physical-h2-quartic-principal-symbol	contact, ratio	quartic occurrence = degree-two remainder + principal symbol; normalized principal symbol is homogeneous of net degree four under k ↦ c·k (multiplier 4, Leray 0, clock −2, derivative pins); witness value 3/4 ≠ 0; not homogeneous of degree three; full cyclic/exchange/reality orbit (24 slots) sums to 3	the clocked quartic source insertion has a noncancelling degree-four principal symbol, even over its full finite orbit	nonzero address; explicit divergence-free Fourier-real witness	L:Millennium/NavierStokesPhysicalH2ClockedQuarticPrincipalSymbol:normalizedClockedPhysicalH2QuarticPrincipalSymbol_dilate; L:Millennium/NavierStokesPhysicalH2ClockedQuarticPrincipalSymbol:principalWitness_symbol_eq_three_fourths; L:Millennium/NavierStokesPhysicalH2ClockedQuarticPrincipalSymbol:principalWitness_not_homogeneous_degree_three; L:Millennium/NavierStokesPhysicalH2ClockedQuarticFullOrbitWitness:fullOrbitCyclicExchangeRealityPopulation_eq_three	counterexample	obstructs:ns.physical-h2-reciprocal-renormalization
ns.physical-h2-quartic-pullback	contact, holarchy	finite clocked quartic interaction pullback = outer closed triad with one insertion leg k_leg, inner α + β = k_leg through Leray, times the outer exchanged H² multiplier and reciprocal clock; curl-phase join: aligned + orthogonal curl fibres transported back by Hodge reconstruction (zero output killed by divergence)	the two-vertex Fourier population carried by the reciprocal-clock source current, retained before any norm	finite outer and inner radii	L:Millennium/NavierStokesPhysicalH2ClockedQuarticInteractionPullback:finiteClockedPhysicalH2QuarticInteractionPullback_eq_sourceInsertion; L:Millennium/NavierStokesPhysicalH2ClockedQuarticCurlPhaseJoin:finiteClockedPhysicalH2QuarticCurlPhasePullbackOn_add_aligned; L:Millennium/NavierStokesPhysicalH2QuarticSourceEnvelope:CoherentWeightedSmoothPathTower.norm_baseLeraySourceCoefficient_le_weightNine	formal-checked	uses:ns.physical-h2-reciprocal-renormalization
ns.projective-clock	coholon, ratio, cycle	Hermitian connection a(Ω, Ω') = ⟨Ω, Ω'⟩/⟨Ω, Ω⟩; w' = −a·w ⇒ (wΩ)' = w·H (horizontal jet); gauge g: a ↦ a + g'/g, H ↦ g·H; ‖wΩ‖² constant; own-mode phase of N_k = phase of the time jet (Stokes current parallel to Ω)	a nonzero complex vorticity mode carries a projective clock: its Hermitian connection removes the radial jet, leaving a covariant horizontal phase current	nonzero mode for the connection; zero mode kept as fibre	L:Millennium/NavierStokesPhysicalH2OwnModeProjectiveClock:vorticityNonlinearMode_ownModeHermitianPhase_eq_actualTimeJet; L:Millennium/NavierStokesPhysicalH2ProjectiveTransportLength:ProjectiveTransportPreimageFibre.target_eq_zero_of_transport_eq_zero	formal-checked	uses:ratio.log-branch, uses:ns.modal-arc
ns.projective-outer-clock	coholon, constitution	B' = H + N − Ω_outer·B (outer covector × transported Hodge carrier); outer-test' = nonlinear remainder − Ω_outer·outer-test; Ω_outer + Ω_inserted = three-pin clock; E = ½|B|²: E' + Ω_outer|B|² = P_horizontal + P_nonlinear; ∃(B, F): Ω|B|² < ⟨B, F⟩ (damping cannot bound arbitrary signed forcing)	the combined projective outer clock has an exact length balance, but positive damping alone does not bound signed forcing	ν ≥ 0; Ω_outer > 0 at nonzero address	L:Millennium/NavierStokesPhysicalH2CombinedProjectiveOuterClock:openPeriodicSolutionOn_hasDerivAt_combinedProjectiveOuterBoundary; L:Millennium/NavierStokesPhysicalH2CombinedProjectiveOuterLengthBalance:openPeriodicSolutionOn_hasDerivAt_combinedProjectiveOuterHalfLengthSquare; L:Millennium/NavierStokesPhysicalH2CombinedProjectiveOuterLengthBalance:positive_damping_does_not_bound_arbitrary_signed_forcing; L:Millennium/NavierStokesPhysicalH2OuterTestProjectiveClock:openPeriodicSolutionOn_hasDerivAt_outerInsertionLegFace_fixedCarrier	formal-checked	uses:ns.projective-clock
ns.projective-clock-bars	coholon, receiver	¬∃c ∈ ℂ: outer curl covector = c·(own-mode H² covector); ¬∃ payment from initial curl alone of the outer Hodge endpoint; at a zero crossing ‖outer Hodge horizontal current‖ ≤ ν·0 fails; ¬∃ reading of the source polar faces determining all production tests	the own-mode Hermitian covector kills the source phase but the outer triad covector reopens it; no scalar, endpoint-only or subviscous payment exists	explicit witnesses	L:Millennium/NavierStokesPhysicalH2ClockedQuarticSignedPayment:no_scalar_multiplier_transports_ownModeH2Covector_to_outerCovector; L:Millennium/NavierStokesPhysicalH2ProjectiveClockPayment:no_initialCurl_only_outerHodge_endpoint_payment; L:Millennium/NavierStokesPhysicalH2ProjectiveClockPayment:zeroCrossing_outerHodgeHorizontalCurrent_not_subViscous; L:Millennium/NavierStokesPhaseCurrentH2ProductionJoin:no_sourcePolarFaces_determine_all_productionTests	counterexample	obstructs:ns.projective-clock
ns.projective-zero-set	coholon, epoch	a differentiable path has zero derivative at every non-right-isolated point of each value fibre ⇒ zero-mode points with nonzero source are countable and Lebesgue-null; N_k = 0 a.e. on {ω̂_k = 0}	the zero-set chronology of the own-mode clock is null, without analyticity or unique continuation	differentiable path ℝ → normed space	L:Millennium/NavierStokesPhysicalH2ProjectiveClockZeroSet:zeroOwnMode_nonzeroCompactSource_countable; L:Millennium/NavierStokesPhysicalH2ProjectiveClockZeroSet:compactVorticityNonlinearMode_eq_zero_ae_on_zeroOwnMode	formal-checked	uses:ns.projective-clock
ns.low-output-kinetic-payment	coholon, receiver	u_p·(k − p) = u_p·k (incompressibility moves the derivative to the fixed output); ‖P N_k‖_{ℓ¹} ≤ c·|k|·E_kin(0)	a fixed low output of the projected source is paid by kinetic energy of the admitted initial trace	open periodic solution, f = 0	L:Millennium/NavierStokesPhysicalH2ProjectedSourceLowOutputBound:complexVectorL1_openProjectedVelocityNonlinearMode_le_outputFrequency_mul_initialKinetic	formal-checked	uses:ns.open-energy-spacetime
ns.translation-dissipation	coholon, constitution	Σ_k |e^{2πik·h} − 1|²|ω̂_k|² = ‖ω(·+h) − ω‖²_{L²} ≤ C|h|²‖∇ω‖²	physical vorticity translation differences are controlled by the dissipation through Parseval	open periodic solution at t	L:Millennium/NavierStokesPhysicalTranslationDissipation:openPeriodicVorticityTranslationSquareMass_le_dissipation; L:Millennium/NavierStokesTranslationDissipation:fourierTranslationDifferenceMass_le_stokesDissipationMass	formal-checked	uses:ns.open-energy-spacetime
ns.zero-vorticity-potential	coholon, complex	curl u(·,t) = 0 on ℝ³ ⇒ ∃φ: dφ = u♭ (Poincaré lemma on the contractible carrier)	on the zero-vorticity fibre the velocity coholon is exact	differentiable u on ℝ³; not claimed on 𝕋³	L:Millennium/NavierStokesPotential:exists_potential_of_vorticityAt_eq_zero	formal-checked	instance-of:constitution.hodge-split
ns.periodic-flux-cancellation	complex, holon	∫_{cube} div F = Σ oriented face integrals; F 1-periodic ⇒ opposite faces pair pointwise ⇒ ∫_{cube} div F = 0; div F = Σ_i ∂_iF_i = tr DF	the complete divergence period of a periodic field is zero	F ∈ C¹, 1-periodic	L:Millennium/NavierStokesPeriodicFlux:integral_divergence_unitCube_eq_zero_of_onePeriodic; L:Millennium/NavierStokesPeriodicFlux:integral_divergence_unitCube_eq_boundaryFlux	formal-checked	instance-of:holon.stokes
ns.periodic-local-existence	tube, coholon	∀ν > 0, ∀u₀ smooth, div-free, 1-periodic: ∃T > 0 and an unforced OpenPeriodicSolutionOn T with initial datum u₀	unconditional periodic local existence via the native mild fixed point, all-order persistence and smoothness upgrade	ν > 0	L:Millennium/NavierStokesPeriodicLocalExistence:periodicLocalExistence	formal-checked	uses:ns.invariant-quadratic-contraction, uses:ns.open-native-path
ns.periodic-enstrophy-transport	coholon, constitution	∫_{cube}⟨(u·∇)ω, ω⟩ = 0 for periodic incompressible u; with a typed pointwise vorticity balance: d/dt‖ω‖²/2 = ∫⟨(ω·∇)u, ω⟩ − ν‖∇ω‖² + ∫⟨curl f, ω⟩	periodic incompressible transport does no enstrophy work; the forced enstrophy equality follows from the pointwise balance	positive time; balance supplied (discharged by CurlCommutation)	L:Millennium/NavierStokesPeriodicEnstrophy:integral_transportWork_unitCube_eq_zero; L:Millennium/NavierStokesPeriodicEnstrophy:periodicSolution_hasDerivAt_periodicEnstrophy	formal-checked	uses:ns.periodic-flux-cancellation
ns.periodic-pressure-rigidity	coholon	p smooth and 1-periodic with ∇p ≡ c constant ⇒ c = 0 (any nonzero period); stationary balance with constant velocity ⇒ velocity = 0	a periodic pressure cannot carry a nonzero constant gradient	1-periodic or fixed nonzero period	L:Millennium/NavierStokesPeriodicPressureRigidity:constant_gradient_eq_zero_of_isOnePeriodic; L:Millennium/NavierStokesPeriodicPressureRigidity:constant_velocity_eq_zero_of_stationary_pressure_balance	formal-checked	uses:ns.periodic-energy-work
ns.pressure-mean-balance	coholon, receiver	nonconstant axial pressure modes are fixed by the horizontal mean of u₃²: ⟨p⟩_h + ⟨u₃²⟩_h = const in z; ∂_z⟨p⟩_h = −∂_z⟨u₃²⟩_h; the periodic mean is the physical unit-square integral; only the constant pressure gauge is free; pressure anchoring is an exact gauge rebase	the unforced periodic momentum law ties the axial pressure mean to the vertical-velocity-square mean	open periodic solution, f = 0	L:Millennium/NavierStokesPressureMean:pressure_mean_add_vertical_square_mean_eq; L:Millennium/NavierStokesPressureMean:horizontalMean_pressure_axialDerivative_eq_neg_vertical_square_axialDerivative; L:Millennium/NavierStokesPressureNormalization:OpenPeriodicSolutionOn.normalizePressure_pressureNormalized; L:Millennium/NavierStokesPeriodicHorizontalMean:horizontalMean_eq_of_axial_modes_zero	formal-checked	uses:ns.axial-pressure-mode
ns.pressure-circle-torque	coholon, cycle	p ∈ C¹ restricted to a closed horizontal circle has a point with ∂_θp = 0 (Rolle)	pressure exerts zero torque somewhere on every Cartesian circle	arbitrary C¹ pressure; no symmetry	L:Millennium/NavierStokesPressureCircle:exists_pressureTorque_eq_zero_on_circle	formal-checked	uses:ns.compact-angular-obstruction
ns.pressure-jet-receivers	coholon, receiver	native pressure p = elliptic map of the two-sided quadratic source; ∂ₜp keeps both Leibniz terms; ordered spatial derivative ∘ Fourier reconstruction ∘ point evaluation is one bounded linear receiver crossing the time evolution	scale-indexed native pressure evolves by differentiating its actual quadratic source	half-open native aperture	L:Millennium/NavierStokesPressureEvolution:hasDerivAt_nativePressureExtensionAtOrder; L:Millennium/NavierStokesPressureJetReceivers:pressureWordReceiver_hasDerivAt	formal-checked	
ns.quartic-pressure-modulation	coholon	five Taylor coefficients = 2 Poisson-source + 3 harmonic force coefficients; negative gradients of homogeneous quartic harmonic pressures are cubic currents vanishing to first order at 0; coefficient time derivatives follow the actual pressure source with the physical clock	quartic pressure modulation follows the actual source	declared symmetry family for reconstruction	L:Millennium/NavierStokesQuarticPressureModulation:modulatedPressureCoefficient_hasDerivAt; L:Millennium/NavierStokesQuarticPressureCurrent:quarticPressureCurrent_fderiv_zero	formal-checked	uses:ns.quartic-pressure-current
ns.projected-dyadic-shell-evolution	coholon, receiver	finite projected source = −finite transport of the projected vorticity + (−commutator + stretching); d/dt(P_jω̂) = −νλP_jω̂ + finite shell flux + cofinal reconstruction residual	the projected dyadic vorticity mode evolves by viscosity, finite transported-shell flux and one explicit residual	finite advecting aperture	L:Millennium/NavierStokesProjectedDyadicShellEvolution:finiteOpenProjectedVorticityNonlinearCoefficient_eq; L:Millennium/NavierStokesProjectedDyadicShellEvolution:openPeriodicSolutionOn_hasDerivAt_filteredVorticityMode	formal-checked	uses:ns.flow-commutator
ns.quadratic-contraction	tube	Φ(u) = linear + quadratic Volterra correction; ‖Φu‖ ≤ R and ‖Φu − Φv‖ ≤ θ‖u − v‖ (θ<1) on the closed R-ball ⇒ ∃u, ‖u‖ ≤ R, Φu = u	the metric part of the local restart: an actual fixed point by Banach	X complete	L:Millennium/NavierStokesQuadraticContraction:QuadraticContractionData.exists_fixedPoint_mem_restartBall	formal-checked	uses:ns.duhamel-kernel-integrable
ns.quadratic-hodge-annihilator	receiver, ratio	Hodge multiplier = quadratic numerator × reciprocal of |k|²; |k|² has zero cross differences, same-axis second difference 2 and third difference 0; the six-occurrence HD0 remainder's 63 raw faces prune to those where the quadratic denominator receives one difference or two in one coordinate; ‖remainder‖ ≤ 9·(active faces); order-six reciprocal recurrence on the seven-point window	the quadratic Hodge denominator annihilates most of the reciprocal difference faces	local seven-point window; zero frequency not inverted	L:Millennium/NavierStokesQuadraticAnnihilatorLedger:norm_hodgeQuadraticRemainder_le_nine_mul; L:Millennium/NavierStokesReciprocalDifferenceRecurrence:frequencySquared_sameAxis_thirdDifference_eq_zero; L:Millennium/NavierStokesReciprocalDifferenceRecurrence:frequencySquared_crossDifference_eq_zero	formal-checked	uses:ns.hodge-entry-scale-descent
ns.coordinate-h3-energy	coholon, receiver	E_{H³,coord} = Σ_{n=0}^{3} Σ_{w: Fin n → Fin 3} ∫_{cube} |∂_w u|², 1 + 3 + 9 + 27 = 40 words; transport of every coordinate jet integrates to 0; diagonal third coordinate production pairing	the coordinate–Frobenius H³ receiver is a genuine quadratic Hilbert quantity, unlike the operator norm	open periodic solution	L:Millennium/NavierStokesQuadraticH3Energy:openPeriodicSolutionOn_integral_coordinateJetTransport_eq_zero; L:Millennium/NavierStokesQuadraticH3Energy:openPeriodicSolutionOn_unforced_diagonalThirdCoordinateProductionPairing	formal-checked	dual-of:ns.operator-norm-not-differentiable
ns.relevance-budget	compression, receiver	C_F(τ) = (E_F(τ) − E_F(s))/2 + ν∫_s^τ D_F is the antiderivative of Σ'_{k∉F} transfer_k; −C_F(τ) ≤ E_F(s)/2 ≤ 3E_kin(s)	the cumulative current out of a band is paid by the band's initial mass: the tail is fed only by the band, which has finite mass to give	ν ≥ 0; continuity of mode masses only	L:Millennium/NavierStokesRelevanceBudget:hasDerivAt_cumulativeCurrent; L:Millennium/NavierStokesRelevanceBudget:neg_cumulativeCurrent_le_kineticEnergy	formal-checked	instance-of:info.relevance-kernel, uses:ns.fourier-kirchhoff
ns.rescaling-clock	aeon, epoch	t(s) = t₀ + (B/k)(1 − e^{−ks}), t'(s) > 0, (t₀ + B/k) − t(s) = (B/k)e^{−ks}; a continuous path read through a clock converging to T has norm not → ∞; a scaled receiver eventually nonzero with q → 0 forbids continuity at the endpoint	a finite physical clock for a moving frame; continuity at the finite endpoint rules out an atTop blowup reading	B, k > 0	L:Millennium/NavierStokesRescalingClock:continuousPath_pullback_norm_not_tendsto_atTop; L:Millennium/NavierStokesRescalingClock:scaledReceiver_eventually_nonzero_implies_not_continuousAt	formal-checked	uses:aeon.pairing
ns.rescaling-endpoint-maximality	tube, receiver	sampled point → finite point, clock → T from inside, vanishing normalization with nonzero value or spatial derivative ⇒ the open solution is maximal (no compatible extension)	a retained rescaled receiver obstructs physical continuation	scale and lower-bound hypotheses exposed; no initial datum constructed	L:Millennium/NavierStokesRescalingEndpoint:OpenPeriodicSolutionOn.isMaximal_of_rescaled_value; L:Millennium/NavierStokesRescalingEndpoint:OpenPeriodicSolutionOn.isMaximal_of_rescaled_spatialDerivative	formal-checked	uses:ns.rescaling-clock
ns.rescaling-period-bar	holon	a fixed global profile with every sufficiently large coordinate period (a ray of periods) is constant; so an expanding periodic chart cannot carry one nonconstant stationary rescaled profile	a global stationary rescaled ansatz on the unit torus is excluded	period range filling a ray; modulated or discrete families not excluded	L:Millennium/NavierStokesRescalingPeriodObstruction:OpenPeriodicSolutionOn.stationaryProfile_constant_exponential	counterexample	obstructs:ns.dynamic-rescaling
ns.rescaled-energy-exponent	coholon	the transported L² receiver over the preimage cell c + ℓy ∈ cube: actual rescaled energy bounded ⇒ exponent condition on (amplitude, length); unit-cube energy ≤ initial energy	the moving chart changes the integration population, which forces an exponent relation for any bounded rescaled energy	open periodic solution	L:Millennium/NavierStokesRescaledEnergy:exponent_condition_of_openPeriodicSolutionOn; L:Millennium/NavierStokesRescaledEnergy:openPeriodicSolutionOn_unitCube_energy_le_initial	formal-checked	uses:ns.dynamic-rescaling
ns.restart-seam	tube, holarchy	time-translated old solution and a local restart agree (velocity, ∇p) on every strict common lifespan by overlap uniqueness; the piecewise splice satisfies the momentum law on the common and later intervals	the interior restart seam glues an open solution to a restarted patch	ν ≥ 0	L:Millennium/NavierStokesRestartSeam:InteriorPeriodicRestart.restartSplice_momentum	formal-checked	instance-of:tower.gluing, uses:ns.overlap-uniqueness
ns.restart-shell-payment-bar	receiver	restart payment = complete dyadic shell population + one-step tail ≤ 2·(complete shell mass); ¬∃C: critical restart shell payment ≤ C·(energy-paid frozen square)	the restart/matched endpoint trace has no hidden multiplicity, but its critical shell payment is not paid by the energy square	all shell levels	L:Millennium/NavierStokesRestartMatchedEndpointTrace:no_uniform_criticalRestartShellPayment_factorization_through_energyPaidFrozenSquare	counterexample	obstructs:ns.energy-critical-square-bar
ns.resonance-amplitude	ratio	explicit 15-coefficient rational polynomial has endpoint signs and a positive interior amplitude root; second resonance: selected axial coefficient positive on the bracket and repairs the affine row	the finite radial compatibility polynomial has a positive amplitude root and a positive axial repair	kernel-checked rational coefficients; PDE attachment separate	L:Millennium/NavierStokesResonanceAmplitude:resonancePolynomial_has_positive_amplitude; L:Millennium/NavierStokesSecondResonanceRepair:second_resonance_affine_repair	formal-checked	uses:ns.next-resonance-sensitivity
ns.scalar-heat-volterra	tube, aeon	V(t) = ∫^t e^{−rate(t−s)}source(s)ds ⇒ V'(t) = source(t) − rate·V(t)	the heat Volterra passage carries its ordered time word as an exact differential law	continuous source	L:Millennium/NavierStokesScalarHeatVolterra:hasDerivAt_scalarHeatVolterra	formal-checked	uses:thermal.heat-kernel
ns.scaling-weights	ratio, receiver	weights in dimension d under u_λ = λu(λx,λ²t): energy 1 − d/2, enstrophy 2 − d/2, helicity 3 − d, Lᵖ 1 − d/p, Ḣˢ 1 + s − d/2; energy critical ⇔ d = 2; helicity critical ⇔ d = 3; Lᵖ critical ⇔ p = d; Ḣˢ critical ⇔ s = d/2 − 1; d = 3: (−½, ½, 0, L³ 0, Ḣ^{1/2} 0)	the exact rational weight table that separates two dimensions from three	d, s, p ∈ ℚ; bookkeeping, derived in ParabolicRebase	L:Millennium/NavierStokesScaling:theScalingWeightLedger; L:Millennium/NavierStokesScaling:theEnergyIsCriticalExactlyInDimensionTwo; L:Millennium/NavierStokesScaling:theHelicityIsCriticalExactlyInDimensionThree; L:Millennium/NavierStokesScaling:theSobolevIsCriticalExactlyAtHalfTheDimensionMinusOne	formal-checked	
ns.sharp-dyadic-h3-tail	receiver, tower	shell at 2^j has O(2^{3j}) modes, reciprocal derivative square weight O(2^{−4j}) ⇒ shell mass O(2^{−j}); coefficient tail O(2^{−j/2})·‖u‖_{H³}; high branch O(N^{−1/2})‖u‖_{H³}; parabolic clock M = (N+1)²: N(N+1)⁴ ≤ C‖u‖²_{H³}, i.e. ‖u‖_{H³} ≳ N^{5/2} ≈ M^{5/4}	the isotropic dyadic H³ tail, and its consequence in the clocked low/high alternative	interior slice; instantaneous	L:Millennium/NavierStokesSharpDyadicH3Tail:norm_coordinateReciprocalSobolevThreeSqrtTail_dyadic_le; L:Millennium/NavierStokesSharpClockedBandAlternative:parabolicSharpHighBranch_forces_dyadic_fifthPower_H3; L:Millennium/NavierStokesSharpClockedBandAlternative:parabolicDyadicFrequencyLength_le_enstrophy_or_fifthPower_H3	formal-checked	uses:ns.cube-vs-parabolic-bar
ns.sharp-duhamel-second-derivative	tube, coholon	D²(weighted Duhamel return) = ∫ D²(H² → H⁵ heat slice of the Leray–divergence source) with kernel ‖·‖ ≤ C(ν(t−s))^{−3/4}; dominated differentiation twice under the integral is proved (full Hessian operator majorant)	the sharp physical second-derivative Duhamel chart is identified with the existing reconstruction	continuous native H³ path	L:Millennium/NavierStokesSharpDuhamelDerivativeInterchange:hasSharpDuhamelSecondDerivativeIdentification; L:Millennium/NavierStokesSharpDuhamelDerivativeIdentification:reconstructedVelocity_weightedDuhamelReturn_eq_integral_sharpScalar; L:Millennium/NavierStokesSharpDuhamelSecondDerivative:weightedDuhamelReturn_secondDerivativeMode_eq_sharpPopulation	formal-checked	uses:ns.duhamel-kernel-integrable
ns.phase-local-dini	receiver, tower	ω_crit(t) ≤ sup|low face| + Σ_j sup|signed shell_j| (B⁰_{∞,1} population); low face ∈ L¹(0,T) unconditionally (sup ≤ √(second moment)); coherent family with energy-paid square Σ 1/R_j² < ∞ but shell sup = 1 at every scale: not summable	the critical rate is bounded by a phase-local Dini population whose low face is paid, while energy-square summability cannot pay its shells	ν > 0, f = 0 for integrability	L:Millennium/NavierStokesPhaseLocalDyadicTerminalBridge:criticalVorticityRate_le_phaseLocalDiniPopulationOn; L:Millennium/NavierStokesPhaseLocalLowFaceIntegrability:openPeriodicSolutionOn_lowSpatialSupRate_integrableOn; L:Millennium/NavierStokesPhaseLocalDiniSeparator:energyPaidSquareSummable_not_enough_for_phaseLocalSpatialDini	counterexample	obstructs:ns.bkm-continuation
ns.sharp-heat-derivative	constitution, tube	Σ_k λ_k² e^{−2aλ_k}/(1+λ_k)³ = O(a^{−1/2}), Σ_k λ_k² e^{−2aλ_k}/(1+λ_k)² = O(a^{−3/2}); ‖D²e^{aΔ}u‖ ≤ C_{H³}(2a)^{−1/4}‖u‖_{H³}, ≤ C_{H²}(2a)^{−3/4}‖f‖_{H²}; one derivative of an H² source: (2a)^{−1/4}; transported vorticity source mass ≤ 6·C·(ν dt)^{−1/4}‖u‖²_{H³}	sharp periodic heat control of the second derivative and of the nonlinear vorticity source, with locally integrable kernels	0 < a, 2a ≤ 1	L:Millennium/NavierStokesSharpHeatDerivative:heatSecondDerivativeCoefficientMass_from_weightedH3_le; L:Millennium/NavierStokesSharpHeatDerivative:heatSecondDerivativeCoefficientMass_from_weightedH2_le; L:Millennium/NavierStokesSharpVorticitySourceHeatBound:heatFirstDerivativeH2CoefficientMass_le; L:Millennium/NavierStokesSharpVorticitySourceHeatBound:heatTransportedSharpNonlinearVorticitySourceCoefficientMass_le; L:Millennium/NavierStokesSharpNonlinearSource:norm_sharpNonlinearSource_le; L:Millennium/NavierStokesSharpHeatDerivativeReconstruction:norm_reconstructedHeatH2SecondDerivativeChart_sharp	formal-checked	uses:thermal.heat-kernel
ns.shear-coherence-zero	coholon, receiver	u = A(t) sin(2πx₀)e₁: div u = 0, Du(u) = 0, A' = −ν(2π)²A gives a complete unforced PeriodicSolution with coherence defect 0 at every receiver	a source-backed periodic shear has no nonlinear Fourier source, instantiating the coherence-defect route trivially	ν ≥ 0	L:Millennium/NavierStokesShearAnsatz:decayingShearSolution; L:Millennium/NavierStokesShearAnsatz:decayingShear_coherenceDefect_zero	formal-checked	uses:ns.coherence-defect
ns.shell-budget	holon, receiver	F ⊆ G: d/dt(E_G − E_F) = −2ν(D_G − D_F) + 2Σ'_{k∉G}transfer − 2Σ'_{k∉F}transfer; shell cumulative current = difference of band currents	a shell between nested bands dissipates and exchanges through its two frontiers	finite nested bands	L:Millennium/NavierStokesShellBudget:hasDerivAt_shellMass_kirchhoff; L:Millennium/NavierStokesShellBudget:hasDerivAt_shellMass	formal-checked	uses:ns.band-energy-budget
ns.shell-step-cost	contact, receiver, compression	adv̂_k = Σ'_p feed_{k,p}; k ∉ cube 2N: ‖adv̂_k‖ ≤ (2N+1)³·3√(2E(0))·JacTail(N) + velTail(N)·JacTail(∅); bandMass(N) ≤ (2N+1)³·3√(2E(0))	a tail mode is fed only in proportion to the tail: the band feeds it only through the Jacobian tail	ν ≥ 0; open periodic solution	L:Millennium/NavierStokesShellStepCost:norm_openActualAdvectionMode_le; L:Millennium/NavierStokesShellStepCost:openActualAdvectionMode_eq_tsum_feedTerm; L:Millennium/NavierStokesShellStepCost:norm_bandFeed_le; L:Millennium/NavierStokesShellStepCost:bandMass_le_count_mul_energy	formal-checked	uses:ns.feed-term, uses:ns.frequency-reach
ns.sixth-young	receiver	Σ_{k∈F} |k|_∞⁶‖adv̂_k‖² ≤ 2⁵·(3/(2π)²)·52·W₄² + 2⁵·(Σ'_p ℓ¹(û_p))²·W₆	the weight-six Young places the curl weight on the paid leg, so the modal source is paid in moments	eleventh moment summable	L:Millennium/NavierStokesSixthYoung:sum_pow_six_norm_adv_sq_le; L:Millennium/NavierStokesSixthYoung:sum_rootEnergy_le	formal-checked	uses:ns.moment-interpolation
ns.smooth-band-energy	coholon, constitution	d/dt E_j = −2ν·(band dissipation) + Re(−filtered transport + (−commutator + stretching) + cofinal residual); two-shell support gives 4^j·M_j ≤ C·dissipation_j; integrated compact balance	each smooth dyadic vorticity band has an exact energy law with parabolic coercivity at rate 4^j	open periodic solution, f = 0; ν > 0 for the estimate	L:Millennium/NavierStokesSmoothDyadicBandEnergyEvolution:openPeriodicSolutionOn_hasDerivAt_openSmoothDyadicBandCoefficientEnergy; L:Millennium/NavierStokesSmoothDyadicBandEnergyEvolution:dyadicShellClockCost_mul_openSmoothDyadicBandCoefficientMass_le_dissipation; L:Millennium/NavierStokesSmoothDyadicBandIntegratedBalance:openPeriodicSolutionOn_openSmoothDyadicBand_integrated_balance	formal-checked	instance-of:holon.energy-balance
ns.smooth-linear-phase-band	receiver, tower	linear-multiplier presentation: adjacent smooth-band transport works cancel on a shared sharp shell; Σ_{j<J} linear transport triad work = low-pass boundary flux; Σ_j two-copy band energies ≤ (Σ_k |ω̂_k|)² uniformly in depth	with the multiplier attached once, finite band sums commute with the dyadic partition and the scale population is paid by one positive boundary storage	finite depth; depth-uniform bound	L:Millennium/NavierStokesSmoothDyadicLinearPhaseBand:sum_smoothDyadicLinearTransportTriadWork_eq_lowPass_boundary_flux; L:Millennium/NavierStokesSmoothDyadicLinearPhaseBand:adjacent_smoothDyadicLinearTransportTriadWorks_cancel; L:Millennium/NavierStokesSmoothDyadicLinearUniformBoundary:tsum_openSmoothDyadicBandRealEnergy_le_fullCoefficientMass_sq; L:Millennium/NavierStokesSmoothDyadicLinearScaleBoundary:openPeriodicSolutionOn_openSmoothDyadicLinearFiniteScale_integrated_balance	formal-checked	uses:ns.dyadic-hodge-scale-chain
ns.smooth-mild-packing	tube, receiver	smooth band_j(t) = P_j(heat restart) + P_j(∫ mild source); restart face has finite scale–time packing; smooth mild-source terminal packing < ∞ ⇔ actual terminal packing < ∞; per-scale clock payment 4^{−j} × source envelope; chronology-preserving source history	the phase-bearing smooth dyadic packing reduces exactly to the mild nonlinear source packing	ν > 0, one earlier face s	L:Millennium/NavierStokesSmoothDyadicMildPackingEquivalence:openPeriodicSmoothDyadicVorticityBand_eq_initialHeat_add_mildSource; L:Millennium/NavierStokesSmoothDyadicMildPackingEquivalence:compactSmoothMildSourceTerminalPacking_lt_top_iff_actual; L:Millennium/NavierStokesSmoothMildSourceClockBound:compactSmoothMildSourceIntegratedBandSpatialSup_le_parabolicClockBudget_mul_sourceEnvelope; L:Millennium/NavierStokesSmoothMildSourceChronology:compactSmoothMildSourceIntegratedBandSpatialSup_le_integral_clockedSourceHistory	formal-checked	uses:ns.pantographic-terminal-equivalence
ns.smooth-scale-time-payment	receiver, receipt	∫_a^b Σ_{j<J} 4^j M_j ≤ C·(Σ_k|ω̂_k(a)|)² + |∫_a^b combined signed work| uniformly in J; ≤ linear boundary work (phase-preserving)	summing the band laws before any absolute value gives a depth-uniform scale–time payment by one combined signed work	0 < a ≤ b < T, ν > 0	L:Millennium/NavierStokesSmoothDyadicScaleTimeLedger:openPeriodicSolutionOn_integral_prefixClockedCoefficientMass_le; L:Millennium/NavierStokesSmoothDyadicScaleTimeLedger:openPeriodicSolutionOn_integral_prefixClockedCoefficientMass_le_linearBoundaryWork	formal-checked	uses:ns.smooth-band-energy
ns.smooth-triad-flux-cancellation	contact, tower	Band_{j+1}(k) ≠ 0 ⇒ p ∉ cube(2^j) ∨ k − p ∉ cube(2^j) (no spontaneous high band); weighted exchanged transfer = (m(q) − m(k))·face; adjacent smooth transfers on one sharp shell cancel; smooth Band_j lives on sharp shells j, j+1 and two adjacent bands sum to 1 there	high-band current has an explicit causal ancestor, and exchanged triads survive a multiplier only through its difference	closed divergence-free triads	L:Millennium/NavierStokesSmoothDyadicTriadFluxCancellation:dyadicHodgeBandWeight_succ_ne_zero_forces_parent_outside; L:Millennium/NavierStokesSmoothDyadicTriadFluxCancellation:weightedExchangedTriadTransfer_eq_difference_mul; L:Millennium/NavierStokesSmoothDyadicTriadFluxCancellation:adjacent_smoothDyadicExchangedTriadTransfers_cancel_of_same_sharpShell; L:Millennium/NavierStokesSmoothSharpDyadicShellComparison:finiteFourierSynthesis_dyadicHodgeBand_eq_twoSharpShells	formal-checked	uses:ns.frequency-reach, uses:ns.triad-skew-cancellation
ns.smooth-hodge-jacobian-band	constitution, receiver	adjacent Hodge Jacobian multiplier = adjacent scalar chart × Hodge Jacobian mode; every physical kernel entry has it as Fourier coefficient (zero outside support); physical convolution = finite Fourier synthesis	the Hodge ascent inserted into the smooth adjacent-band chart, exact at multiplier, kernel and action level	all lattice frequencies	L:Millennium/NavierStokesSmoothHodgeJacobianBand:adjacentHodgeJacobianKernelConvolution_eq_finiteFourierSynthesis; L:Millennium/NavierStokesSmoothHodgeJacobianBand:adjacentHodgeJacobianMode_eq_zero_of_not_mem_outer	formal-checked	uses:ns.hodge-band-reconstruction
ns.smooth-slice-sobolev-tower	coholon, tower	Σ_{|w|=n} ‖∂_w u‖² = Σ_k ((2π)²|k|²)ⁿ|û_k|² (every ordered word); weight (1+λ)^m ≤ 2^m(1 + λ^m); a smooth periodic slice lies in every native weighted order m, the orders restrict coherently to H³, and reconstruction returns the field	one smooth periodic slice supplies one coherent native Sobolev tower	smooth 1-periodic slice; no uniform-in-m estimate	L:Millennium/NavierStokesSmoothSliceWeightedAllOrders:sum_norm_sq_smoothSliceFourierL2_spatialCoordinateWordJet; L:Millennium/NavierStokesSmoothSliceWeightedAllOrders:hasPeriodicSobolevCoefficients_smoothSlice; L:Millennium/NavierStokesSmoothSliceWeightedTower:restrict_smoothSliceVectorWeighted_to_three; L:Millennium/NavierStokesSmoothSliceWeightedH3:openPeriodicSolutionOn_norm_sq_smoothSliceVectorWeightedH3_le	formal-checked	instance-of:tower.gluing
ns.stationary-rescaling-exclusion	holon	changing period ⇒ fixed normalized profile is spatially constant; rescaled momentum ⇒ ∇p = c·profile; periodic pressure rigidity ⇒ c = 0 ⇒ profile = 0 where the amplitude normalizer changes	the source momentum excludes a growing global stationary profile on the torus	exact global ansatz; local or time-dependent profiles outside scope	L:Millennium/NavierStokesStationaryRescalingExclusion:OpenPeriodicSolutionOn.stationaryProfile_eq_zero; L:Millennium/NavierStokesStationaryRescalingExclusion:OpenPeriodicSolutionOn.exponential_stationaryProfile_eq_zero	counterexample	uses:ns.rescaling-period-bar, uses:ns.periodic-pressure-rigidity
ns.swirl-circulation	coholon, cycle	ℓ = s·Ω (s = r²): meridional drift transports ℓ; Δ(s·Ω) keeps the axis jet; L' = source − (α−β)L; stationary off-axis swirl forces α = β; compact exact history with smaller bounded source forces zero circulation	axisymmetric angular momentum circulation without radius division, and a backward-history bar	meridional chart; bounded complete past	L:Millennium/NavierStokesSwirlCirculation:stationary_off_axis_swirl_forces_alpha_eq_beta; L:Millennium/NavierStokesSwirlDiffusion:cartesian_laplacian_angularMomentum; L:Millennium/NavierStokesSwirlHistory:nonzero_circulation_excludes_compact_exact_history; L:Millennium/NavierStokesSwirlHistory:compact_history_source_threshold	formal-checked	uses:ns.axisymmetric-chart
ns.swirl-dilation-transport	coholon, ratio	I' = 1/F, Γ = (α + 2β)F·I; swirl carrier K = F^{m+1}L(I) returns the singular dilation operator with coefficient m(α−β)/(α+2β); critical mode 15 axial homogeneous solution	the source swirl carrier becomes a dilation transport in the reciprocal axial coordinate	F > 0, α + 2β ≠ 0	L:Millennium/NavierStokesSwirlDilationTransport:axial_linear_transport; L:Millennium/NavierStokesSwirlDilationTransport:critical_mode15_axial_homogeneous	formal-checked	uses:ns.dilation-resonance
ns.tail-control-routes	coholon, receipt	TailBoundedControl (JacTail(N) ≤ M on [s,T)) ⇒ aligned strain budget 3²·(2π·G(N)·3√(2E(0)) + M) ⇒ StatementB; TailRelevanceControl (integrable tail at fixed radius) ⇒ aligned-strain terminal control ⇒ StatementB ⇒ official problem; at fixed t the tail bound → 0 as the band grows	bounded or integrable Jacobian tail mass on a terminal tail returns the periodic alternative	conditional on TailBoundedControl / TailRelevanceControl (open)	L:Millennium/NavierStokesTailBoundedControl:statementB_of_tailBounded; L:Millennium/NavierStokesTailRelevance:statementB_of_tailRelevance; L:Millennium/NavierStokesTailRelevance:officialProblem_of_tailRelevance	formal-checked	uses:ns.exterior-face-generator, uses:ns.aligned-strain-budget
ns.tail-gronwall	constitution, receiver	modes with |k|_∞ ≥ m: tailEnergy_m' ≤ −ν(2π)²m²·tailEnergy + (3⁵/ν)·tailCost; tailCost ≤ M on [s,T) ⇒ tailEnergy_m(τ) ≤ max(tailEnergy_m(s), 3⁵M/(ν²(2π)²m²))	the tail energy is bounded by the total half-radius cost	ν > 0, m ≥ 1	L:Millennium/NavierStokesTailGronwall:tailEnergy_le_of_tailCost_le; L:Millennium/NavierStokesTailGronwall:familyEnergy_riccati	formal-checked	uses:ns.half-radius-reach, uses:ns.modal-riccati
ns.terminal-energy-separation	coholon, receiver	∀C ∃n: C·‖e_n‖²_{L²} < ‖e_n‖²_{H²}; ¬∃C ∀n: ‖e_n‖²_{H²} ≤ C‖e_n‖²_{L²}	kinetic energy alone does not control the terminal derivative receiver: dissipation or an oriented coherence law is needed	single axial Fourier occurrences	L:Millennium/NavierStokesTerminalEnergySeparation:exists_singleFrequencyPopulation_separating_energy_from_orderTwo; L:Millennium/NavierStokesTerminalEnergySeparation:no_uniform_energy_bound_for_orderTwo_singleFrequencyPopulations	counterexample	obstructs:ns.official-terminal-control
ns.terminal-accumulated-mass	coholon, tube	A(t) = ∫_{base}^t ω_crit is monotone; with OpenAccumulatedCriticalVorticityBudget it is bounded above ⇒ ∃! terminal accumulated mass, null terminal current	the critical-vorticity accumulation has a unique finite terminal value under its budget; no terminal velocity is reconstructed	OpenAccumulatedCriticalVorticityBudget	L:Millennium/NavierStokesTerminalCurrent:existsUnique_terminalAccumulatedCriticalVorticityMass; L:Millennium/NavierStokesTerminalCurrent:hasNullTerminalCurrentAt_accumulatedCriticalVorticityMass	formal-checked	uses:ns.bkm-continuation
ns.terminal-shell-packing	receiver, tube	P = ∫^{lin}_{(0,T)} Σ_j sup|signed shell_j(t)| ∈ [0,∞] (Tonelli = Σ_j ∫^{lin}); P < ∞ ⇒ phase-local Dini receipt; smooth terminal packing < ∞ ⇒ CriticalVorticityTerminalControl ⇒ official problem; one real bound uniform in a → 0, b → T and depth bounds P; dyadic half-open terminal shells cover (0,T) and a summable shell majorant gives CanonicalTerminalControl	terminal spacetime packing of actual dyadic vorticity shells is the ENNReal receiver whose finiteness closes the official problem	conditional on finite packing (open)	L:Millennium/NavierStokesTerminalDyadicShellPacking:openPeriodicVorticityTerminalDyadicShellPacking_eq_tsum_lintegral; L:Millennium/NavierStokesTerminalDyadicShellPacking:phaseLocalDiniReceipt_of_terminalDyadicShellPacking; L:Millennium/NavierStokesTerminalSmoothDyadicVorticityPacking:officialProblem_of_terminalSmoothDyadicPacking; L:Millennium/NavierStokesTerminalCompactEndpointExhaustion:openPeriodicVorticityTerminalSmoothDyadicPacking_le_of_uniformExhaustionRectangle; L:Millennium/NavierStokesTerminalShellControl:canonicalTerminalControl_of_terminalShellMajorant	formal-checked	uses:ns.phase-local-dini, uses:ns.critical-official-passage
ns.terminal-trace	coholon, tube	uniform Lipschitz tail control in C(𝕋³) ⇒ velocity slices are Cauchy ⇒ C⁰ terminal trace, 1-periodic; Fourier incompressibility k·û_T(k) = 0 survives the C⁰ completion	a terminal velocity trace from uniform tail transport, carrying only derivative-free Fourier consequences	conditional on UniformTorusVelocityTailControl; no C¹ or restart	L:Millennium/NavierStokesTerminalTrace:UniformTorusVelocityTailControl.cauchySeq_velocitySlices; L:Millennium/NavierStokesTerminalFourier:TerminalTorusVelocityTrace.complexDot_terminalFourierCoeff_eq_zero	formal-checked	
ns.three-axis-hodge-inverse-cube	receiver, constitution	recursive reciprocal orders scale R⁻⁵, R⁻⁶, R⁻⁷, R⁻⁸; with the quadratic numerator weights restored every surviving allocation scales as R⁻⁶ = q⁻³ (q = |k|²); the typed axis moving by ≤ 2 gives the (2^s − 3)² denominator for the three-axis complementary stencil	the three-axis Hodge mass is inverse cube in the squared frequency	scale ≥ 3	L:Millennium/NavierStokesThreeAxisHodgeDyadicMass:hodgeJacobianEntryThreeAxisFullMixedEnvelope_dyadic_inverseCube_le; L:Millennium/NavierStokesThreeAxisDyadicHodgeSupportStencil:directDyadicScalar_threeAxis_support_controls_complementaryHodgeStencil	formal-checked	uses:ns.dyadic-hodge-three-axis-mass
ns.three-axis-hodge-descent	receiver, constitution	HD1 six-letter word (0,0,1,1,2,2) keeps 9 nonzero occurrence faces ⇒ six-term recurrence; well-founded descent 11 → 111 → 112 → 122 → 222; (1,1,1) product: 8 Leibniz faces reduce to 7 (three differences annihilate the quadratic numerator); envelope 3B²E₁₁₁ + 3(2B+1)E₁₁ + 6E₁ ≤ 226·10⁶/R³; 27 allocations with binomial multiplicities from 64 = 2⁶ occurrences; scalar (2,2,2) mass ≤ 72/R³	the three-axis Hodge reciprocal descends through a well-founded mixed-order ladder to the full (2,2,2) mass	dyadic scales s ≥ 3	L:Millennium/NavierStokesThreeAxisHodgeScaleDescent:norm_hodgeReciprocal_secondEachAxis_le_of_controlled; L:Millennium/NavierStokesThreeAxisHodgeSubsetEnvelope:hodgeJacobianEntryThreeAxis112Envelope_dyadic_le; L:Millennium/NavierStokesThreeAxisHodgeProductMass:norm_hodgeJacobianMultiplierEntry_threeAxisMixedForwardDifference_two_two_two_le; L:Millennium/NavierStokesThreeAxisScalarSubsetVariation:sum_norm_dyadicTensorBandThreeAxisVariation_two_two_two_le	formal-checked	uses:ns.three-axis-hodge-inverse-cube
ns.torus-fourier-curl	coholon, complex	∂_j ↦ 2πik_j on 𝕋³ coefficients; curl(Jacobian mode) = 2πi k × û_k; ω̂_k = 2πi k × û_k; k ≠ 0, k·v = 0 ⇒ Hodge reconstruction(2πi k × v) = v	curl descent and nonzero-mode Hodge ascent on the genuine three-torus	k ≠ 0 for ascent; divergence-free slice	L:Millennium/NavierStokesTorusFourier:complexCurl_fourierJacobianMode; L:Millennium/NavierStokesTorusFourier:nonzeroModeHodgeReconstruction_frequencyCurlMultiplier; L:Millennium/NavierStokesTorusFourier:openPeriodicSolutionOn_vorticityFourierMode_eq_frequencyCurlMultiplier; L:Millennium/NavierStokesTorusFourier:torusSpatialFourierCoeff_coordinateDerivative	formal-checked	instance-of:constitution.hodge-split
ns.torus-cube-chart	complex, receiver	∫_{[0,1]³} f(π(x)) dx = ∫_{𝕋³} f (measure-preserving, boundary null); horizontal torus mean has the vertical Fourier coefficients; all nonconstant axial coefficients zero ⇒ mean constant; torus vorticity world-tube is jointly continuous and ‖ω(t)‖_{C(𝕋³)} ≤ c ⇔ ∀x |ω(x,t)| ≤ c	the unit cube and the quotient torus are two receiver charts of one spatial period	continuous periodic fields	L:Millennium/NavierStokesTorusCubeIntegral:integral_euclideanToSpatialTorus_unitCube; L:Millennium/NavierStokesTorusHorizontalMean:horizontalMeanTorus_eq_constant; L:Millennium/NavierStokesTorusVorticity:norm_torusVorticityEvolution_le_iff	formal-checked	
ns.uniform-restart-gluing	tube, holarchy	UniformInteriorRestartSupply (fresh local solution from every interior trace with shifted force, common radius) + splice law + overlap uniqueness ⇒ the open solution extends compatibly; ∃ interior restart crossing past T	finite-time continuation factors into restart supply, splice and uniqueness	conditional on UniformInteriorRestartSupply and OpenPeriodicRestartSpliceLaw	L:Millennium/NavierStokesUniformRestart:OpenPeriodicSolutionOn.canExtendCompatibly_of_uniformRestart_splice_overlapUnique; L:Millennium/NavierStokesUniformRestart:exists_interior_restart_crossing	formal-checked	uses:ns.restart-seam
ns.viscous-axis-shape	coholon	first viscous swirl correction fixes constant and quadratic axis diffusion receivers; varying only swirl amplitude cannot pay both when amplitude and viscosity are positive; a separate shape current can (two axis currents repair); tail-preserving smooth positive shape family with jets below 28 fixed	the first viscous axis receivers require a shape current, not an amplitude change	amplitude, ν > 0	L:Millennium/NavierStokesViscousAxisJets:two_axis_currents_repair; L:Millennium/NavierStokesViscousAxisJets:two_axis_current_signs; L:Millennium/NavierStokesViscousAxisShape:eta_jets_below_28; L:Millennium/NavierStokesViscousResponseParameters:finite_viscosity_axis_remainder_nonzero	formal-checked	uses:ns.axis-jet-perturbation
ns.viscous-inner-chart	coholon, aeon	s = μ·ξ regular chart: squared radius and rescaled viscosity share the leading contraction rate; radial diffusion at unit strength; physical radial scale² = ν·length·normalizer; angular-momentum carrier reconstructs with factor ν; moving swirl law has physical factor length/normalizer	the viscous inner chart carries the physical angular momentum with its actual Cartesian viscosity	μ ≠ 0 (μ = 0 inverse not asserted)	L:Millennium/NavierStokesViscousInnerChart:physical_inner_circulation; L:Millennium/NavierStokesViscousInnerChart:exponential_inner_radius_squared; L:Millennium/NavierStokesViscousSwirlBalance:hasDerivAt_reconstructed_viscous_circulation	formal-checked	uses:ns.swirl-circulation
ns.vorticity-equation	coholon, contact, constitution	Du u = (Du)ᵀu + ω × u (pointwise Lamb identity); curl ∇p = 0; curl((Du)u) = (u·∇)ω − (ω·∇)u (at a second jet with mixed symmetry and div u = 0); ∂ₜω + (u·∇)ω = (ω·∇)u + νΔω + curl f	the local vorticity passage: pressure is curl-free and the nonlinearity becomes transport minus stretching	positive time, smooth solution	L:Millennium/NavierStokesVorticity:lambIdentity; L:Millennium/NavierStokesVorticity:curl_gradient_eq_zero; L:Millennium/NavierStokesVorticity:curl_advectionJacobian; L:Millennium/NavierStokesVorticity:smoothSolution_vorticityAt_advection; L:Millennium/NavierStokesVorticity:localVorticityBalance	formal-checked	uses:ns.lamb-current, uses:complex.boundary-squared
ns.strain-carries-stretching-sign	coholon, receiver	two divergence-free jets with equal curl and divergence: stretching readings +1 and −1; the skew chart reconstructed from ω annihilates ω, so stretching lives on the symmetric strain fibre	a curl/magnitude receiver discards the sign-bearing strain difference the continuation problem needs	explicit 3×3 jets	L:Millennium/NavierStokesVorticityStrainDifference:same_curl_divergence_opposite_stretching	counterexample	obstructs:ns.bkm-continuation
ns.vorticity-three-strands	coholon, constitution	periodic: transport strand ∫⟨(u·∇)ω,ω⟩ = 0; diffusion strand = −ν‖∇ω‖² ≤ 0; unforced: d/dt‖ω‖² ≤ 0 ⇔ stretching ∫⟨(ω·∇)u,ω⟩ ≤ ν‖∇ω‖²	of the three vorticity strands, stretching is the only term that can oppose viscous decay: the exact unforced sign obstruction	PeriodicSolutionOn, f = 0	L:Millennium/NavierStokesVorticityThreeStrands:periodicSolutionOn_unforced_deriv_enstrophy_nonpos_iff_stretching_absorbed	formal-checked	uses:ns.curl-commutation-enstrophy
ns.vorticity-control-gronwall	coholon, receipt	|Du| ≤ K pointwise and curl-forcing work ≤ F ⇒ ‖ω(t)‖² ≤ Grönwall bound (exponential under nonpositive forcing)	conditional control: a uniform Jacobian bound buys enstrophy control	conditional on interior Jacobian and forcing bounds	L:Millennium/NavierStokesVorticityControl:periodicEnstrophy_le_gronwallBound; L:Millennium/NavierStokesVorticityControl:periodicEnstrophy_le_exponential_of_nonpositive_forcing	formal-checked	uses:ns.vorticity-three-strands
ns.vorticity-stretching-comb	coholon, receiver	with an OpenH3FrequencyComb: d/dt‖ω‖² ≤ C·‖Du‖·‖ω‖² with ‖Du‖ ≤ log-H³; H³ rate ≤ K H log H	the stretching strand joins the logarithmic frequency comb through an augmented order-three receiver	comb supplied	L:Millennium/NavierStokesVorticityStretchingComb:OpenH3FrequencyComb.unforced_deriv_enstrophy_le_logarithmicH3; L:Millennium/NavierStokesVorticityStretchingComb:OpenH3FrequencyComb.h3Rate_le_logarithmic	formal-checked	uses:ns.coordinate-frequency-comb
ns.vorticity-superlevel-packing	receiver	λ²·|{x ∈ cube: |ω(x,t)| ≥ λ}| ≤ 2·enstrophy(t); spacetime version ≤ second moment	an unconditional fixed-time packing bound for vorticity superlevel sets	open-lifespan slice	L:Millennium/NavierStokesVorticitySuperlevelPacking:level_sq_mul_periodicVorticityAmplitudeSuperlevelMeasure_le_two_mul_enstrophy; L:Millennium/NavierStokesVorticitySuperlevelPacking:level_sq_mul_periodicSpacetimeVorticityAmplitudeSuperlevelMeasure_le_secondMoment	formal-checked	
ns.fourth-power-amplitude-bar	coholon, receiver	along the amplitude ray a·u: quartic face a⁴Q, quadratic/cubic faces a²B, a³C; ¬∃(c₂,c₃) ∀a ≥ 0: a⁴Q ≤ c₂a²B + c₃a³C when Q > 0	the fourth-power vorticity population cannot be absorbed uniformly by faces growing only quadratically or cubically along the same amplitude direction	actual slice with positive fourth-power mass	L:Millennium/NavierStokesVorticityFourthPowerAmplitude:no_uniform_absorption_of_openPeriodicVorticityFourthPowerMass; L:Millennium/NavierStokesVorticityFourthPowerAmplitude:no_uniform_absorption_along_amplitudeScaledVelocity; L:Millennium/NavierStokesVorticityFourthPowerAmplitude:VorticityAmplitudeProfile.no_uniform_quadratic_cubic_absorption	counterexample	obstructs:ns.dissipation-hodge-absorption
ns.vorticity-band-bernstein	receiver	|Σ_{k∈F} ĉ_k e_k(q)| ≤ √#F·√(Σ|ĉ_k|²); Σ_k|ω̂_k|² = 2·enstrophy; sup ω attained; ω_crit/2 ≤ band ∨ ω_crit/2 ≤ remainder; ω_crit² ≤ #cube·enstrophy ∨ high tail ≤ H³ tail	finite-band Bernstein gives an exact low/high amplitude alternative at the critical supremum	open periodic solution at t	L:Millennium/NavierStokesVorticityBandBernsteinAlternative:norm_finiteFourierSynthesis_le_sqrt_card_mul_sqrt_sum_sq; L:Millennium/NavierStokesVorticityBandBernsteinAlternative:exists_criticalVorticityRate_sq_le_cubeCount_mul_enstrophy_or_H3Tail; L:Millennium/NavierStokesVorticityBandBernsteinAlternative:openPeriodicVorticityCoefficientSquareMass_eq_two_enstrophy	formal-checked	uses:ns.cube-vs-parabolic-bar
ns.canonical-vorticity-derivative	coholon, receiver	ω_crit(t) ≤ (3/2)·canonical vorticity derivative rate (zero mode of periodic vorticity vanishes); |stretching density| ≤ canonical enstrophy density; canonical norm continuous on (0,T); ∃ f ≥ 0 continuous on (0,1) not integrable on [0,1]	the critical receiver factors through the canonical compact-chart derivative norm, but interior continuity does not give terminal integrability	radius-three compact chart	L:Millennium/NavierStokesVorticityCanonicalCriticalBridge:criticalVorticityRate_le_three_halves_mul_canonicalDerivativeRate; L:Millennium/NavierStokesVorticityCanonicalModulus:abs_openPeriodicPhysicalVortexStretchingAt_le_canonicalEnstrophyDensity; L:Millennium/NavierStokesVorticityCanonicalTime:strictInteriorContinuousNonnegative_not_sufficient_for_terminalIntegrability	formal-checked	uses:ns.official-terminal-control
ns.cross-seam-clock	coholon, contact	ω_receiver × N_k (aligned face killed) = ω_receiver × (ω̂_k)' + νλ_k·(ω_receiver × ω̂_k); local physical numerator law with no division by |ω|	the receiver-orthogonal source fibre has an exact division-free clock law before the direction quotient is opened	open periodic solution; compact interior	L:Millennium/NavierStokesVorticityCrossSeamClock:compactH2ProductionPhaseCrossSeam_eq_timeJet_add_stokes; L:Millennium/NavierStokesVorticityCrossSeamClock:smoothSolutionOn_pointwiseVorticityPhaseCrossSeamClock	formal-checked	uses:ns.projective-clock
ns.direction-scalar-triple	coholon, contact	k ≠ 0: Hodge strain reading(k; receiver ω, source s) = −(ω·k)·(ω·(k × s))/|k|² (scalar triple product); reading(source − a·ω) = reading(source); |reading| ≤ 3‖ω‖²_{ℓ¹}‖remainder‖_{ℓ¹} (degree zero, |k|₁² ≤ 3|k|₂²)	a source aligned with the receiving vorticity contributes no stretching, so stretching sees only the canonical direction remainder, with a frequency-independent constant	finite Hodge population; real-vorticity receiver	L:Millennium/NavierStokesVorticityDirectionCancellation:hodgeStrainModeReading_eq_scalarTriple; L:Millennium/NavierStokesVorticityDirectionCancellation:hodgeStrainModeReading_sub_aligned; L:Millennium/NavierStokesVorticityDirectionRemainderBound:norm_hodgeStrainModeReading_le_directionRemainder; L:Millennium/NavierStokesVorticityDirectionProjection:openPeriodicFiniteHodgeStrainReading_eq_projectedDirectionRemainder	formal-checked	uses:ns.vorticity-direction
ns.direction-cross-reconstruction	coholon, receiver	ω × s kills the aligned face; ω × (s × ω)/⟨ω,ω⟩ reconstructs the orthogonal remainder; stretching ≤ cross-direction mass; the finite Hodge strain reading = symmetric strain of the actual finite Jacobian band; direction-depleted Fourier reading = physical vortex-stretching integrand	the cross difference is a lossless chart for exactly the direction population seen by stretching	⟨ω,ω⟩ ≠ 0	L:Millennium/NavierStokesVorticityDirectionCrossReconstruction:abs_openPeriodicPhysicalVortexStretchingAt_frequencyCube_le_crossDirection; L:Millennium/NavierStokesVorticityDirectionFiniteBandBridge:openPeriodicFiniteHodgeStrainReading_eq_symmetricActualJacobianBand; L:Millennium/NavierStokesVorticityDirectionPhysicalBridge:openPeriodicFullStrainReading_eq_physical	formal-checked	uses:ns.direction-scalar-triple
ns.direction-coherence-field	coholon, receiver	ω(x) × ω̂_k = Fourier coefficient of y ↦ ω(x) × ω(y); Σ_k |ω(x) × ω̂_k| ≤ full ℓ¹ mass of the two-point coherence field (absolutely summable); |stretching at x| ≤ full coherence mass	the cross-direction population is the Fourier chart of a two-point coherence field, removing any mode-count constant	strict interior slice	L:Millennium/NavierStokesVorticityDirectionCoherenceFourier:receiverCrossDifference_vectorSpatialFourierCoeff; L:Millennium/NavierStokesVorticityDirectionCoherenceFourier:openPeriodicFiniteCrossDirectionMass_eq_coherenceCoefficientMass; L:Millennium/NavierStokesVorticityDirectionCoherenceSummability:abs_openPeriodicPhysicalVortexStretchingAt_le_fullCoherence	formal-checked	uses:ns.direction-cross-reconstruction
ns.direction-kernel-cancellation	coholon, receiver	dyadic strain reading = ∫ K_j(y)·(direction remainder of ω(x−y) against ω(x)) dy; full strain = base + Σ_j dyadic direction words + fibre; ‖strain‖ ≤ Σ_j ∫|K_j(y)|·|ω(x) × ω(x−y)|/|ω(x)|; full strain = finite depleted return + Fourier tail	through the Hodge kernel, stretching acts on point-to-point direction differences, not raw magnitude	open periodic solution at t	L:Millennium/NavierStokesVorticityDirectionKernelCancellation:openPeriodicDyadicHodgeStrainReading_eq_spatialDirectionRemainder; L:Millennium/NavierStokesVorticityDirectionKernelScaleAssembly:openPeriodicFullStrainReading_eq_dyadicSpatialDirectionWord_add_fiber; L:Millennium/NavierStokesVorticityDirectionKernelScaleLimit:norm_openPeriodicFullStrainReading_le_fullSpatialCrossCoherence; L:Millennium/NavierStokesVorticityDirectionFullStrain:norm_openPeriodicFullStrainReading_frequencyCube_le	formal-checked	uses:ns.direction-coherence-field, uses:ns.dyadic-hodge-scale-chain
ns.direction-kernel-moments	receiver, tower	first distance moment ∫|K_j(y)|·d(y) ≲ 2^{−j/2} (Haar penalty on 8 Abel faces), summable over j; |ω(x) × ω(x−y)| ≤ |ω(x)|·L·d(y) (compact-ball Lipschitz); ⇒ summable dyadic cross coherence, |stretching| ≤ constructed coherence; ∃ mass ∈ [0,1] per scale not summable (uniform scale bound alone is insufficient)	kernel distance-moment decay and the source distance modulus compose into the spatial constitutive law; a uniform kernel L¹ bound could not	strict interior slice; L = compact-chart vorticity Lipschitz constant	L:Millennium/NavierStokesVorticityDirectionKernelMomentDecay:summableDyadicHodgeJacobianKernelDistanceMoments_inhabited; L:Millennium/NavierStokesVorticityDirectionSourceModulus:openPeriodic_receiverCrossDifference_le_distance; L:Millennium/NavierStokesVorticityDirectionSourceModulus:abs_openPeriodicPhysicalVortexStretchingAt_le_constructedSpatialCoherence; L:Millennium/NavierStokesVorticityDirectionKernelMoment:uniform_nonnegative_scale_bound_does_not_imply_summable	formal-checked	uses:ns.direction-kernel-cancellation
ns.direction-enstrophy-closure	coholon, constitution	∫ stretching ≤ C(t)·(enstrophy) with C(t) = coherence coefficient finite at every strict-interior time (reciprocal receiver cancels two of four vorticity powers); d/dt enstrophy ≤ direction coefficient × enstrophy; scale-zero Jacobian paid by lower-order velocity energy (27 unit-cube frequencies)	the constructed spatial coherence closes into the enstrophy receiver; only terminal control of the vorticity Lipschitz constant remains	ν ≥ 0; strict interior	L:Millennium/NavierStokesVorticityDirectionEnstrophyClosure:openPeriodicEnstrophyRate_le_directionCoefficient; L:Millennium/NavierStokesVorticityDirectionEnstrophyClosure:openPeriodicVortexStretching_le_enstrophyCoefficient; L:Millennium/NavierStokesVorticityDirectionBaseEnergy:norm_openPeriodicDyadicBaseStrainReading_le_baseEnergy	formal-checked	uses:ns.direction-kernel-moments
ns.weighted-sobolev-carrier	coholon, tower	native state = ℓ² population (√w_n(k)·ĉ_k); weight/unweight inverse; w_n monotone in n, high-to-low restriction nonexpanding; C([0,T], H³_w) complete; Fourier reality ĉ_{−k} = conj ĉ_k preserved by heat and Leray–Duhamel	the complete weighted Sobolev realization is an ordinary Hilbert ℓ² carrier with exact reality and incompressibility fibres	order n ∈ ℕ	L:Millennium/NavierStokesWeightedSobolevHilbert:norm_coefficientWeightedRealization_sq_eq; L:Millennium/NavierStokesWeightedOrderRestriction:norm_periodicWeightedSobolevRestrict_le; L:Millennium/NavierStokesWeightedReality:isWeightedFourierReal_weightedDuhamelIntegrand; L:Millennium/NavierStokesWeightedPathInvariants:isWeightedDivergenceFreePath_weightedDuhamelPath; L:Millennium/NavierStokesWeightedPathSpace:norm_weightedPathExtension_sub_le	formal-checked	
ns.weighted-heat-scale	constitution, tube	‖e^{νtΔ}f‖²_{H^{n+1}} ≤ (1 + (2νt)^{−1})‖f‖²_{H^n} for every n; heat word of length s: constant (1 + (2νt/s)^{−1})^{s/2}; same-order contraction; linear heat path ‖·‖ ≤ ‖u₀‖	one viscous passage crosses every adjacent weighted Sobolev scale	ν t > 0	L:Millennium/NavierStokesWeightedHeatScale:norm_periodicWeightedHeatSucc_sq_le; L:Millennium/NavierStokesWeightedHeatScaleWord:norm_periodicWeightedHeatScaleWord_le; L:Millennium/NavierStokesWeightedHeatSemigroup:norm_periodicWeightedHeatTwoToThree_sq_le; L:Millennium/NavierStokesWeightedLinearPath:norm_weightedLinearHeatPath_le	formal-checked	uses:ns.h2-to-h3-heat
ns.weighted-leray-bilinear	contact, coholon	‖P div(u ⊗ v)‖_{H²_w} ≤ 23328·c_emb·‖u‖_{H³_w}‖v‖_{H³_w}, 23328 = 2592·3·3 = 2⁵·3⁶; tame higher order: ‖·‖_{H^{m−1}} ≤ C(‖u‖_{H^m}‖v‖_{H³} + ‖u‖_{H³}‖v‖_{H^m}) for m ≥ 3; bundled as H^m →L (H^m →L H^{m−1})	the Leray bilinear passage on the complete weighted carrier, and its tame higher-order form	m ≥ 3	L:Millennium/NavierStokesWeightedLerayBilinear:norm_weightedLerayDivergenceConvolutionContinuous_le; L:Millennium/NavierStokesWeightedHigherOrderTame:norm_periodicVectorWeightedLerayDivergenceConvolution_le; L:Millennium/NavierStokesWeightedHigherOrderBilinear:norm_periodicVectorWeightedLerayDivergenceConvolutionContinuous_le	formal-checked	uses:ns.h3-leray-bilinear
ns.weighted-duhamel	tube, coholon	D(u)(t) = ∫_0^t e^{νΔ(t−s)}P div(u⊗u)(s) ds (endpoint totalized); B(u,u) − B(v,v) = B(u−v,u) + B(v,u−v); ‖D(u) − D(v)‖ ≤ load·(R_u + R_v)·sup‖u−v‖·∫ kernel; continuous in terminal time (heat-semigroup/Volterra split); measurable; divergence-free	the positive-time weighted Duhamel passage with one- and two-path estimates	ν > 0; continuous H³ path	L:Millennium/NavierStokesWeightedDuhamelDifference:norm_intervalIntegral_weightedDuhamelIntegrand_sub_le; L:Millennium/NavierStokesWeightedDuhamelReturnContinuity:norm_weightedDuhamelPath_sub_le; L:Millennium/NavierStokesWeightedDuhamelMeasurability:aestronglyMeasurable_weightedDuhamelIntegrand; L:Millennium/NavierStokesWeightedDivergenceFree:weightedDuhamelPath_divergenceFree; L:Millennium/NavierStokesWeightedDuhamelBound:norm_intervalIntegral_weightedDuhamelIntegrand_le	formal-checked	uses:ns.weighted-leray-bilinear, uses:ns.duhamel-kernel-integrable
ns.weighted-mild-restart	tube, coholon	Φ(u) = e^{νtΔ}u₀ − D(u); R = 2(1 + ‖u₀‖), load (23328·c_emb)·R, positive time from duhamelRestartTime ⇒ ∃ fixed path, ‖u‖ ≤ R; Fourier-real and incompressible fixed point from real divergence-free data; every fixed point satisfies the scalar variation-of-constants identity and modal ODE per mode	the actual unforced weighted mild restart returns a fixed path at an explicit native aperture	ν > 0, ‖u₀‖ ≤ cap	L:Millennium/NavierStokesWeightedMildRestart:exists_weightedMildRestart_fixedPoint; L:Millennium/NavierStokesWeightedRestartAperture:exists_fixedPoint_of_weightedRestart_estimates; L:Millennium/NavierStokesWeightedMildInvariantRestart:exists_weightedMildInvariantRestart_fixedPoint; L:Millennium/NavierStokesWeightedMildCoefficientEquation:fixedPoint_weightedMildMap_physicalCoefficient_hasDerivAt	formal-checked	uses:ns.weighted-duhamel, uses:ns.invariant-quadratic-contraction
ns.weighted-higher-order-persistence	tube, tower	∀ base ≥ 2: ∃ arbitrary-order mild fixed point in H^{base+1}; restriction intertwines the high and H³ mild maps; common-aperture uniqueness; fractional Volterra: on blocks chosen from ν, order and native bound the high norm at most doubles (no-Zeno uniform width); finite-aperture persistence gives one higher-order path over the complete native H³ aperture	higher Sobolev order persists along the whole native H³ aperture, by finite noncircular shifted steps	ν > 0; finite native aperture	L:Millennium/NavierStokesWeightedHigherOrderMildRestart:exists_higherOrderMildRestart_fixedPoint; L:Millennium/NavierStokesWeightedFiniteApertureHigherOrderPersistence:exists_higherOrderPersistence_on_finite_nativeAperture; L:Millennium/NavierStokesWeightedFractionalVolterraPersistence:norm_higherOrderFixedPath_le_finiteApertureBound; L:Millennium/NavierStokesWeightedCommonApertureUniqueness:exists_compatible_higherOrder_and_weightedMildRestart; L:Millennium/NavierStokesWeightedShiftedHigherOrderPersistence:exists_shiftedHigherOrderPersistenceStep; L:Millennium/NavierStokesWeightedHigherOrderDuhamelLift:higherOrderDuhamelReturn_exists_with_tame_bound; L:Millennium/NavierStokesWeightedHigherOrderPersistence:exists_higherOrderPersistence_on_full_nativeH3RestartAperture	formal-checked	uses:ns.weighted-mild-restart, uses:ns.ordered-chronology-factorial
ns.weighted-reconstruction	coholon, receiver	native H³ ↦ absolutely summable coefficients ↦ real 1-periodic C¹ velocity with exact coefficients and Σ_k|k_j||û_k| < ∞; modewise div-free ⇒ pointwise div = 0; product convolution reconstructs as pointwise multiplication; smooth slice reconstructs exactly; continuous native path ⇒ jointly continuous spacetime field	full Fourier reconstruction from the native weighted carrier to physical fields	native weighted states; Fourier reality for realness	L:Millennium/NavierStokesWeightedFourierReconstruction:vectorSpatialFourierCoeff_reconstructedVelocity; L:Millennium/NavierStokesWeightedFourierDivergenceReconstruction:reconstructedVelocity_c1_onePeriodic_divergenceFree; L:Millennium/NavierStokesWeightedProductReconstruction:reconstructedUnprojectedDivergenceComponent_eq_advection; L:Millennium/NavierStokesWeightedSmoothSliceReconstruction:reconstructedVelocity_smoothSliceVectorWeightedH3; L:Millennium/NavierStokesWeightedSpacetimeReconstruction:complexifySpace_joint_reconstructedTorusReal; L:Millennium/NavierStokesWeightedReconstructionContinuity:reconstructedTorusComplexComponent_add; L:Millennium/NavierStokesWeightedFiniteOrderFourierReconstruction:reconstructedHigherOrderVelocity_eq_reconstructedVelocity_restrict; L:Millennium/NavierStokesInitialSpatialContinuity:initialVelocityMode_eq_openPeriodicVelocityFourierMode	formal-checked	uses:ns.weighted-sobolev-carrier
ns.weighted-pressure	coholon, constitution	nonzero mode: unique scalar p̂_k with (unprojected − Leray)(k) = 2πik·p̂_k, p̂_0 = 0 (gauge); pressure multiplier gains one order H^{m+2} → H^{m+3} with constant independent of m (weight ratio √(1+λ_k)); real C¹ periodic pressure reconstruction with exact gradient coefficients; unprojected Fourier momentum identity; time-smooth pressure tower	the exact modal pressure carried by the mild fixed point, as the exact complement of the Leray face	Fourier-real weighted path	L:Millennium/NavierStokesWeightedPressureCoefficient:fixedPoint_weightedMildMap_unprojectedMomentum_hasDerivAt; L:Millennium/NavierStokesWeightedPressureReconstruction:scalarSpatialFourierCoeff_weightedReconstructedPressureGradient; L:Millennium/NavierStokesWeightedPressureScale:restrict_nativePressureAtOrder; L:Millennium/NavierStokesWeightedPressureSmoothTower:nativePressurePathAtOrder_zero_eq_weighted; L:Millennium/NavierStokesWeightedPressureTimeSmoothness:nativePressureExtensionAtOrder_of_mem; L:Millennium/NavierStokesWeightedUnprojectedPressureScalePath:CoherentWeightedSmoothPathTower.restrict_nativePressurePathAtOrder	formal-checked	instance-of:constitution.hodge-split
ns.weighted-classical-momentum	coholon, holon	coherent smooth path tower: Σ_k (−νλ_k)û_k e_k = νΔu; Σ_k P(B)_k e_k = (u·∇)u + ∇p; ∂ₜu = νΔu − (u·∇)u − ∇p pointwise; jointly C¹ then C^∞ on the half-open restart slab; OpenPeriodicSolutionOn ⇔ joint spacetime smoothness upgrade of the classical restart carrier	the weighted smooth mild tower returns the pointwise classical periodic momentum law and joint spacetime regularity	ν > 0; Fourier-real fixed path with coherent tower	L:Millennium/NavierStokesWeightedSmoothClassicalMomentum:CoherentWeightedSmoothPathTower.fixedPoint_hasDerivAt_classicalMomentum_advection; L:Millennium/NavierStokesWeightedSmoothClassicalMomentum:viscousFourierSeries_eq_laplacian; L:Millennium/NavierStokesWeightedJointSmoothnessBootstrap:CoherentWeightedSmoothPathTower.contDiffOn_one_joint_reconstructedVelocity; L:Millennium/NavierStokesWeightedJointSmoothnessScale:contDiffOn_smoothTowerLiftExtension_Ico_allFiniteOrders; L:Millennium/NavierStokesWeightedClassicalRestartCarrier:openPeriodicSolutionOn_iff_jointSpacetimeSmoothnessUpgrade; L:Millennium/NavierStokesWeightedMildSpacetimeMomentum:exists_weightedMildSpacetimeMomentumReturn; L:Millennium/NavierStokesWeightedSmoothPathTower:CoherentWeightedSmoothPathTower.hasDerivAt_reconstructedVelocity_component; L:Millennium/NavierStokesWeightedMildPhysicalSource:physicalUnprojectedQuadraticComponent_eq_advection; L:Millennium/NavierStokesWeightedJointFourierFiniteSmoothness:reconstructedHighOrderComplexEvaluationFDeriv_eq_adjacent; L:Millennium/NavierStokesWeightedJointFourierSmoothnessBridge:norm_highOrderFourierEvaluationModeFDeriv_le; L:Millennium/NavierStokesWeightedClassicalRestartSupply:weightedClassicalRestartInitial_interiorSliceWeightedH3	formal-checked	uses:ns.weighted-higher-order-persistence, uses:ns.weighted-pressure
ns.weighted-tail-energy-finish	coholon, receiver	Σ_{q≠0,q∈F} |q|_∞^{−4} ≤ 52 (shell count (2j+1)³ − (2j−1)³ ≤ 26j², Σj^{−2} ≤ 2); |(Du)^_q|² ≤ E_q; Σ_{q∈F}|(Du)^_q| ≤ √52·√(Σ|q|_∞⁴E_q); WeightedTailEnergyControl (W₄ tail bounded on [s,T)) ⇒ StatementB	a bounded fourth-moment tail energy returns the periodic official alternative	conditional on WeightedTailEnergyControl	L:Millennium/NavierStokesWeightedTailEnergy:sum_inv_pow_four_le; L:Millennium/NavierStokesWeightedTailEnergy:norm_jacobianMode_sq_le_modalEnergy; L:Millennium/NavierStokesWeightedTailEnergy:statementB_of_weightedTailEnergy	formal-checked	uses:ns.mode-lagrange, uses:ns.moment-closure
ns.weighted-young	receiver	|k|_∞² ≤ 2(|p|_∞² + |k−p|_∞²); Σ_{k∈F}|k|_∞⁴‖adv̂_k‖² ≤ 2³(Σ'_p|p|_∞²ℓ¹(û_p))²·W₀ + 2³(Σ'_pℓ¹(û_p))²·W₄; Young ℓ¹ * ℓ² → ℓ²: Σ_{k∈F}(Σ'_p a_p b_{k−p})² ≤ (Σ'a)²·Σ'b²; band feed: Σ_k|k|_∞^w‖bandFeed_k‖² ≤ 2^w·bandMass(N)²·Σ'_{q∉cube N}|q|_∞^wE_q	Young's inequality pays the whole feed at once, with the receiver weight shared between legs and no count of receivers	nonnegative summable populations; w ≤ 11 for band feed	L:Millennium/NavierStokesWeightedYoung:sum_pow_four_norm_adv_sq_le; L:Millennium/NavierStokesYoungTsum:young_l1_l2; L:Millennium/NavierStokesYoungFeed:sum_pow_bandFeed_sq_le	formal-checked	uses:ns.moment-interpolation
ns.young-riccati-closure	constitution, receiver	M₄' ≤ −2ν(2π)²M₆ + 2√(3M₄)·√(3³(2π)²·3·[2⁵(3/(2π)²)·52·W₄² + 2⁵(Σ'ℓ¹)²W₆]); source ≤ K(t)·W₆, K(t) = 3³(2π)²·3·2⁵·[(3/(2π)²)·52·W₂ + (ℓ¹(û(0)) + √(52·3/(2π)²)√W₂)²]; closure form M₄' ≤ −2ν(2π)²M₆(F) + ν(2π)²W₆ + (3K(t)/(ν(2π)²))·M₄(F)	dissipation at weight six against a drive at weight six times K(t), which carries only the second moment and the zero mode	ν > 0; nonzero-mode families	L:Millennium/NavierStokesYoungRiccati:momentEnergy_riccati_young; L:Millennium/NavierStokesYoungClosure:momentEnergy_riccati_closure; L:Millennium/NavierStokesYoungClosure:sourceBound_le	formal-checked	uses:ns.weighted-young, uses:ns.sixth-young
ns.word-jet-iterated-derivative	coholon	coordinate word jet ∂_{w} u = D^{|w|}u(e_{w₁},…,e_{w_n}); ‖∂_w u‖ ≤ ‖D^{|w|}u‖_op	the coordinate word jet is the iterated derivative on basis vectors, bounded by its operator norm	u smooth	L:Millennium/NavierStokesWordJetIsIteratedDerivative:norm_spatialCoordinateWordJet_le	formal-checked	uses:ns.coordinate-h3-energy
ns.velocity-mass-energy	coholon, receiver	V(t) = Σ_c∫u_c² ≤ 3·2·E_kin(t) ≤ 6E_kin(s) for t ≥ s; ⇒ velocity-mass premise discharged; CoherenceDefectTailControl ⇒ StatementB	the velocity mass is paid by kinetic energy at the start of the tail, so incoherence and interior finiteness alone return the periodic alternative	ν ≥ 0; conditional on CoherenceDefectTailControl	L:Millennium/NavierStokesVelocityMassEnergy:velocityMass_le_of_le; L:Millennium/NavierStokesVelocityMassEnergy:statementB_of_coherenceDefectTail	formal-checked	uses:ns.incoherent-closure
ns.velocity-second-time-jet	coholon	native projected vector field differentiated on the half-open native aperture: Stokes term receives the order-(m+2) jet, Leray bilinear term both ordered order-(m+1) jets	the second time jet of the native projected velocity field	half-open native aperture	L:Millennium/NavierStokesVelocitySecondTimeJet:hasDerivAt_nativeProjectedVectorFieldExtensionAtOrder	formal-checked	uses:ns.weighted-classical-momentum
ns.h3-coordinate-dissipation-bridge	coholon, constitution	9 order-two words × 3 gradients ≅ 27 order-three words (Fin.consEquiv); ‖u‖²_{H³_w} ≤ E₂^{coord} + D₃^{coord} pointwise; ∫_a^b‖u‖²_{H³_w} ≤ exact H² balance terms	the native weighted H³ square is paid by coordinate H² storage plus the H³ viscous current	open periodic solution	L:Millennium/NavierStokesWeightedH3CoordinateDissipationBridge:integral_compactOpenVelocityWeightedH3SquareCurrent_le_of_exact_H2_balance; L:Millennium/NavierStokesWeightedH3CoordinateDissipationBridge:integral_compactOpenVelocityWeightedH3SquareCurrent_le_of_productionBudget	formal-checked	uses:ns.open-h2-h3-balance
ns.helicity-linking-form	cycle, receiver	H(p, Γ) = Σ_{i,j} linkingNet(p,i,j)Γ_iΓ_j; H(c :: p) = H(p) + sign(c)·Σ_{i,j} [meets c i j]Γ_iΓ_j; reconnection jump formula; H(Borromean) = 0; same-hand variant form: B(parallel) = 4, B(opposed) = −4, not positive	a circulation-weighted receiver on addressed crossing populations; its identification with physical helicity needs fields, normalization and framing	finite crossing populations	L:Millennium/HelicityAsLinking:helicity_cons; L:Millennium/HelicityAsLinking:helicity_reconnect_single; L:Millennium/HelicityAsLinking:helicity_borromean; L:Millennium/HelicityAsLinking:helicityForm_not_positive	formal-checked	uses:ns.crossings-net
ns.crossings-lagrange-faces	coholon, ratio	(u·ω)² + |u × ω|² = |u|²|ω|² (helicity density² + |Lamb|² ); Beltrami witness (1,2,3): u × u = 0, u·u = 14 = 2·7; the helicity-density family is blind to the sine face ⇒ no verdict on the nonlinearity	helicity reads the cosine face of the velocity–vorticity pairing; the Lamb vector (the nonlinearity) is the sine face it cannot see	over any commutative ring (ℚ here)	L:Millennium/Crossings:theTwoFacesAreComplementary; L:Millennium/Crossings:theBeltramiWitnessKillsTheSineFace; L:Millennium/Crossings:theHelicityDensityCarriesNoVerdictAboutTheSineFace	counterexample	uses:ns.lamb-current, uses:ratio.log-branch
ns.crossings-stretching-commutator	coholon	B(Ax) − A(Bx) = (BA − AB)x; commuting fields carry no bracket; planar Du (column 2 zero) gives stretching(Du, (0,0,c)) = 0; spatial witness E₀₂ stretches (0,0,1); helicity weight 0, energy weight −1	vortex stretching is the matrix commutator, absent exactly in the planar case	3×3 over ℚ	L:Millennium/Crossings:theStretchingIsTheMatrixCommutator; L:Millennium/Crossings:thePlanarCaseHasNoStretching; L:Millennium/Crossings:theSpatialWitnessStretches; L:Millennium/Crossings:theHelicityWeightIsZeroAndTheEnergyWeightIsMinusOne	formal-checked	uses:ns.scaling-weights
ns.crossings-net	cycle, receiver, compression	net = |with arm| − |against arm|, total = sum of arms, |net| ≤ total with equality ⇔ one arm empty; Borromean table: every pairwise linking 0 yet 6 crossings; reconnection keeps total and net with its remainder; ratchet 6 → 4 → 2 → 0 while readings stand still; inserting a cancelling pair adds 2 crossings and changes no reading	the net is not the population: no function of net or pairwise linking decides whether anything crossed	finite crossing populations	L:Millennium/Crossings:theNetNeverExceedsThePopulation; L:Millennium/Crossings:theLinkingReadingsVanishWhileSixCrossingsStand; L:Millennium/Crossings:theLinkingCarriesNoVerdictAboutWhetherAnythingCrossed; L:Millennium/Crossings:thePopulationRatchetsWhileEveryReadingStandsStill; L:Millennium/Crossings:theInsertedPairMovesThePopulationAndNoReading	counterexample	instance-of:compression.kernel, uses:winding.ledger
ns.dissipation-gap-bridge	holon, constitution	E' = −νD + W and λE ≤ D ⇒ E' ≤ −νλE + W; unforced: E decays, E(t) ≤ E(a)e^{−νλ(t−a)}; ν, λ > 0, E(t) > 0, W(t) = 0 ⇒ E'(t) ≠ 0 (no positive unforced stationary occurrence)	an energy balance with a dissipation gap forbids a positive unforced stationary state; whether one λ survives every refinement stays open	EnergyBalanceOn, DissipationGapOn on S	L:Millennium/DissipationGapBridge:no_positive_unforced_stationary_occurrence	formal-checked	instance-of:holon.energy-balance, uses:ns.open-energy-spacetime
ns.caloric-carrier	constitution, tube	heat polynomials h_n: ∂_t h_n = ∂_x²h_n, ∂_x h_{n+1} = (n+1)h_n (Appell), h_2 = x² + 2t, h_3 = x³ + 6xt, h_4 = x⁴ + 12x²t + 12t²; h_n(x, −½) = Hermite H_n; h_n(λx, λ²t) = λⁿh_n; flow_σ ∘ flow_τ = flow_{σ+τ}; truncated E_N(−τ)E_N(τ)p = p for deg p ≤ N; (E_N τ − 1)^{N+1} = 0 on the window	the exact heat carrier over ℚ: backward heat flow has no aperture on polynomials, so the aperture belongs to the carrier, not the operator	τ ∈ ℚ, deg ≤ N	L:Millennium/Caloric:theCaloricRecurrenceSolvesTheHeatEquation; L:Millennium/Caloric:theAppellTimeReversalIsTheHermitePolynomial; L:Millennium/Caloric:theBackwardFlowHasNoAperture; L:Millennium/Caloric:theDifferenceIsNilpotentOnTheWindow; L:Millennium/Caloric:theTwoCarriersDisagreeAboutTheAperture	formal-checked	uses:thermal.heat-kernel
ns.periodic-box-divergence	complex, holon	∫_{[0,1]^{n+1}} Σ_i ∂_i f_i = 0 for C¹ one-periodic f on ℝ^{n+1}	the periodic box divergence law in every dimension, stated on the connection base for the gauge line	n ∈ ℕ	L:Millennium/HolonicPeriodicBoxDivergence:integral_divergence_unitBox_eq_zero	formal-checked	instance-of:holon.stokes, generalizes:ns.periodic-flux-cancellation
ns.balanced-frequency-comb	receiver, tower	depth J = ⌈log₂ H⌉: total ≤ low + (log₂H + 1)·critical + 1 when middle pays once per shell and the high tail decays as H/2^J ≤ 1	choosing the shell depth as the base-two logarithm balances middle and high bands: the exact source of the logarithmic loss in BKM	H ≥ 1; the three shell estimates must be supplied	L:Millennium/NavierStokesFrequencyComb:ThreeBandCombBound.logarithmic_bound; L:Millennium/NavierStokesFrequencyComb:le_two_rpow_shellDepth	formal-checked	uses:ratio.log-branch
ns.transported-scalar-maximum	constitution, receiver	∂ₜθ + (u·∇)θ = νΔθ, ν ≥ 0, periodic: θ(·,0) ≤ M ⇒ θ ≤ M; |θ(·,0)| ≤ M ⇒ |θ| ≤ M; weighted version with a multiplicative source A(t) from any initial face	the parabolic maximum principle for a transported scalar needs no incompressibility and no bound on u	C² on the open slab; 1-periodic	L:Millennium/NavierStokesTransportedScalarMaximumPrinciple:abs_transportedScalar_le_of_abs_initial_le; L:Millennium/NavierStokesTransportedScalarMaximumPrinciple:transportedSubsolution_mul_weight_le_of_initial_le	formal-checked	uses:thermal.heat-kernel
rh.dbn-last-caustic	cycle, landmark, aeon	RH ⇔ Λ_DN ≤ 0; Rogers–Tao Λ_DN ≥ 0 ⇒ RH ⇔ Λ_DN = 0;  under the heat clock off-line pairs collide into a double real zero (fold caustic) and separate; Λ_DN is the last collision	ξ sits exactly at the last caustic of its heat-clock aeon: the aeon t ≥ 0 has no epoch tick	de Bruijn–Newman flow	N:2026-09-24_THE_NULL_CONE_IS_THE_CONSTITUTIONS_LOCK_AND_CLOSURE_IS_A_RECEIVER_READING.md	interpretation	uses:rh.zero-pair-lock-foster
rh.primes-primitive-cycles	cycle, navigator, landmark	ζ(s) = ∏_p (1 − p^(−s))⁻¹ = dynamical zeta over primitive orbits of length log p (Connes scaling flow);  explicit formula: zeros ↔ prime cycles, weights log p / p^(k/2);  RH ⇔ ψ(x) = x + O(x^(½+ε)), Littlewood: ψ(x)−x = Ω±(x^(½) log log log x)	primes are the primitive cycles of an Euler-product machine; the primes fluctuate exactly on the √x boundary	classical analytic number theory	N:2026-09-24_THE_NULL_CONE_IS_THE_CONSTITUTIONS_LOCK_AND_CLOSURE_IS_A_RECEIVER_READING.md	proved-standard	uses:navigator.zeta, uses:trace.det-one-minus-tm
bsd.hasse-site-rotation	navigator, cycle	1 − a_pT + pT²: |a_p| ≤ 2√p ⇔ a_p = 2√p cos θ_p ⇔ roots on |T| = p^(−½); Sato–Tate density (2/π) sin²θ	every prime site of an elliptic curve's L-function is a rotation (local RH), never a boost	elliptic curves over ℚ, good reduction	N:2026-09-24_THE_NULL_CONE_IS_THE_CONSTITUTIONS_LOCK_AND_CLOSURE_IS_A_RECEIVER_READING.md	proved-standard	uses:trace.site-classification
